model_id,chunk_tokens,op_type,op_name,sm_ai_partition,timed_iteration,duration_us,baseline_vram_bytes,peak_vram_bytes,dynamic_workspace_bytes,output_bytes,max_input_tokens,telemetry_ts,telemetry_tier,telemetry_provider,telemetry_status,gpu_util,gpu_mem_used_mb,sm_clock_mhz,mem_clock_mhz,power_w,pt_step_ms,pt_mem_alloc_mb,pt_mem_reserved_mb,pt_workspace_mb,nvml_available,sampling_error,acu_pct,gbu_pct,smu_pct,microscopic_telemetry_status,microscopic_error,point_id,public_status,failure_kind,failure_cause,raw_output_path
facebook/opt-6.7b,64,gemm,q_proj,8,0,143.36000382900238,416489472,417013760,524288,524288,1024,2026-04-14T11:52:51Z,baseline_nvml_pt,nvidia-smi,ok,7.0,5.0,1695.0,7601.0,67.08,0.30720001459121704,399.1953125,399.1953125,2.0,True,,,,,unavailable,,prefill-facebook-opt-6-7b-chunk-64-sm-8,success,,,/mnt/data/dheeraj/dicertation/inference-profile/runs/revised-full-20260414-g6-opt67b-c64-256/raw/points/prefill/prefill-facebook-opt-6-7b-chunk-64-sm-8.csv
facebook/opt-6.7b,64,gemm,k_proj,8,0,105.40799796581268,416489472,417013760,524288,524288,1024,2026-04-14T11:52:51Z,baseline_nvml_pt,nvidia-smi,ok,7.0,5.0,1695.0,7601.0,67.08,0.30720001459121704,399.1953125,399.1953125,2.0,True,,,,,unavailable,,prefill-facebook-opt-6-7b-chunk-64-sm-8,success,,,/mnt/data/dheeraj/dicertation/inference-profile/runs/revised-full-20260414-g6-opt67b-c64-256/raw/points/prefill/prefill-facebook-opt-6-7b-chunk-64-sm-8.csv
facebook/opt-6.7b,64,gemm,v_proj,8,0,96.25600278377533,416489472,417013760,524288,524288,1024,2026-04-14T11:52:51Z,baseline_nvml_pt,nvidia-smi,ok,7.0,5.0,1695.0,7601.0,67.08,0.30720001459121704,399.1953125,399.1953125,2.0,True,,,,,unavailable,,prefill-facebook-opt-6-7b-chunk-64-sm-8,success,,,/mnt/data/dheeraj/dicertation/inference-profile/runs/revised-full-20260414-g6-opt67b-c64-256/raw/points/prefill/prefill-facebook-opt-6-7b-chunk-64-sm-8.csv
facebook/opt-6.7b,64,gemm,out_proj,8,0,95.23200243711472,416489472,417013760,524288,524288,1024,2026-04-14T11:52:51Z,baseline_nvml_pt,nvidia-smi,ok,7.0,5.0,1695.0,7601.0,67.08,0.30720001459121704,399.1953125,399.1953125,2.0,True,,,,,unavailable,,prefill-facebook-opt-6-7b-chunk-64-sm-8,success,,,/mnt/data/dheeraj/dicertation/inference-profile/runs/revised-full-20260414-g6-opt67b-c64-256/raw/points/prefill/prefill-facebook-opt-6-7b-chunk-64-sm-8.csv
facebook/opt-6.7b,64,gemm,fc1,8,0,247.80799448490143,416489472,418586624,2097152,2097152,1024,2026-04-14T11:52:51Z,baseline_nvml_pt,nvidia-smi,ok,7.0,5.0,1695.0,7601.0,67.08,0.30720001459121704,399.1953125,399.1953125,2.0,True,,,,,unavailable,,prefill-facebook-opt-6-7b-chunk-64-sm-8,success,,,/mnt/data/dheeraj/dicertation/inference-profile/runs/revised-full-20260414-g6-opt67b-c64-256/raw/points/prefill/prefill-facebook-opt-6-7b-chunk-64-sm-8.csv
facebook/opt-6.7b,64,gemm,fc2,8,0,273.4079957008362,416489472,417013760,524288,524288,1024,2026-04-14T11:52:51Z,baseline_nvml_pt,nvidia-smi,ok,7.0,5.0,1695.0,7601.0,67.08,0.30720001459121704,399.1953125,399.1953125,2.0,True,,,,,unavailable,,prefill-facebook-opt-6-7b-chunk-64-sm-8,success,,,/mnt/data/dheeraj/dicertation/inference-profile/runs/revised-full-20260414-g6-opt67b-c64-256/raw/points/prefill/prefill-facebook-opt-6-7b-chunk-64-sm-8.csv
facebook/opt-6.7b,64,attention,attention,8,0,60.47999858856201,416489472,417022976,533504,524288,1024,2026-04-14T11:52:51Z,baseline_nvml_pt,nvidia-smi,ok,7.0,5.0,1695.0,7601.0,67.08,0.30720001459121704,399.1953125,399.1953125,2.0,True,,,,,unavailable,,prefill-facebook-opt-6-7b-chunk-64-sm-8,success,,,/mnt/data/dheeraj/dicertation/inference-profile/runs/revised-full-20260414-g6-opt67b-c64-256/raw/points/prefill/prefill-facebook-opt-6-7b-chunk-64-sm-8.csv
facebook/opt-6.7b,64,gemm,q_proj,8,1,98.30400347709656,416489472,417013760,524288,524288,1024,2026-04-14T11:52:51Z,baseline_nvml_pt,nvidia-smi,ok,7.0,5.0,1695.0,7601.0,67.08,0.30720001459121704,399.1953125,399.1953125,2.0,True,,,,,unavailable,,prefill-facebook-opt-6-7b-chunk-64-sm-8,success,,,/mnt/data/dheeraj/dicertation/inference-profile/runs/revised-full-20260414-g6-opt67b-c64-256/raw/points/prefill/prefill-facebook-opt-6-7b-chunk-64-sm-8.csv
facebook/opt-6.7b,64,gemm,k_proj,8,1,95.2640026807785,416489472,417013760,524288,524288,1024,2026-04-14T11:52:51Z,baseline_nvml_pt,nvidia-smi,ok,7.0,5.0,1695.0,7601.0,67.08,0.30720001459121704,399.1953125,399.1953125,2.0,True,,,,,unavailable,,prefill-facebook-opt-6-7b-chunk-64-sm-8,success,,,/mnt/data/dheeraj/dicertation/inference-profile/runs/revised-full-20260414-g6-opt67b-c64-256/raw/points/prefill/prefill-facebook-opt-6-7b-chunk-64-sm-8.csv
facebook/opt-6.7b,64,gemm,v_proj,8,1,92.16000139713287,416489472,417013760,524288,524288,1024,2026-04-14T11:52:51Z,baseline_nvml_pt,nvidia-smi,ok,7.0,5.0,1695.0,7601.0,67.08,0.30720001459121704,399.1953125,399.1953125,2.0,True,,,,,unavailable,,prefill-facebook-opt-6-7b-chunk-64-sm-8,success,,,/mnt/data/dheeraj/dicertation/inference-profile/runs/revised-full-20260414-g6-opt67b-c64-256/raw/points/prefill/prefill-facebook-opt-6-7b-chunk-64-sm-8.csv
facebook/opt-6.7b,64,gemm,out_proj,8,1,91.13600105047226,416489472,417013760,524288,524288,1024,2026-04-14T11:52:51Z,baseline_nvml_pt,nvidia-smi,ok,7.0,5.0,1695.0,7601.0,67.08,0.30720001459121704,399.1953125,399.1953125,2.0,True,,,,,unavailable,,prefill-facebook-opt-6-7b-chunk-64-sm-8,success,,,/mnt/data/dheeraj/dicertation/inference-profile/runs/revised-full-20260414-g6-opt67b-c64-256/raw/points/prefill/prefill-facebook-opt-6-7b-chunk-64-sm-8.csv
facebook/opt-6.7b,64,gemm,fc1,8,1,247.51999974250793,416489472,418586624,2097152,2097152,1024,2026-04-14T11:52:51Z,baseline_nvml_pt,nvidia-smi,ok,7.0,5.0,1695.0,7601.0,67.08,0.30720001459121704,399.1953125,399.1953125,2.0,True,,,,,unavailable,,prefill-facebook-opt-6-7b-chunk-64-sm-8,success,,,/mnt/data/dheeraj/dicertation/inference-profile/runs/revised-full-20260414-g6-opt67b-c64-256/raw/points/prefill/prefill-facebook-opt-6-7b-chunk-64-sm-8.csv
facebook/opt-6.7b,64,gemm,fc2,8,1,268.15998554229736,416489472,417013760,524288,524288,1024,2026-04-14T11:52:51Z,baseline_nvml_pt,nvidia-smi,ok,7.0,5.0,1695.0,7601.0,67.08,0.30720001459121704,399.1953125,399.1953125,2.0,True,,,,,unavailable,,prefill-facebook-opt-6-7b-chunk-64-sm-8,success,,,/mnt/data/dheeraj/dicertation/inference-profile/runs/revised-full-20260414-g6-opt67b-c64-256/raw/points/prefill/prefill-facebook-opt-6-7b-chunk-64-sm-8.csv
facebook/opt-6.7b,64,attention,attention,8,1,57.34400078654289,416489472,417022976,533504,524288,1024,2026-04-14T11:52:51Z,baseline_nvml_pt,nvidia-smi,ok,7.0,5.0,1695.0,7601.0,67.08,0.30720001459121704,399.1953125,399.1953125,2.0,True,,,,,unavailable,,prefill-facebook-opt-6-7b-chunk-64-sm-8,success,,,/mnt/data/dheeraj/dicertation/inference-profile/runs/revised-full-20260414-g6-opt67b-c64-256/raw/points/prefill/prefill-facebook-opt-6-7b-chunk-64-sm-8.csv
facebook/opt-6.7b,64,gemm,q_proj,8,2,96.00000083446503,416489472,417013760,524288,524288,1024,2026-04-14T11:52:51Z,baseline_nvml_pt,nvidia-smi,ok,7.0,5.0,1695.0,7601.0,67.08,0.30720001459121704,399.1953125,399.1953125,2.0,True,,,,,unavailable,,prefill-facebook-opt-6-7b-chunk-64-sm-8,success,,,/mnt/data/dheeraj/dicertation/inference-profile/runs/revised-full-20260414-g6-opt67b-c64-256/raw/points/prefill/prefill-facebook-opt-6-7b-chunk-64-sm-8.csv
facebook/opt-6.7b,64,gemm,k_proj,8,2,92.16000139713287,416489472,417013760,524288,524288,1024,2026-04-14T11:52:51Z,baseline_nvml_pt,nvidia-smi,ok,7.0,5.0,1695.0,7601.0,67.08,0.30720001459121704,399.1953125,399.1953125,2.0,True,,,,,unavailable,,prefill-facebook-opt-6-7b-chunk-64-sm-8,success,,,/mnt/data/dheeraj/dicertation/inference-profile/runs/revised-full-20260414-g6-opt67b-c64-256/raw/points/prefill/prefill-facebook-opt-6-7b-chunk-64-sm-8.csv
facebook/opt-6.7b,64,gemm,v_proj,8,2,104.44799810647964,416489472,417013760,524288,524288,1024,2026-04-14T11:52:51Z,baseline_nvml_pt,nvidia-smi,ok,7.0,5.0,1695.0,7601.0,67.08,0.30720001459121704,399.1953125,399.1953125,2.0,True,,,,,unavailable,,prefill-facebook-opt-6-7b-chunk-64-sm-8,success,,,/mnt/data/dheeraj/dicertation/inference-profile/runs/revised-full-20260414-g6-opt67b-c64-256/raw/points/prefill/prefill-facebook-opt-6-7b-chunk-64-sm-8.csv
facebook/opt-6.7b,64,gemm,out_proj,8,2,93.18400174379349,416489472,417013760,524288,524288,1024,2026-04-14T11:52:51Z,baseline_nvml_pt,nvidia-smi,ok,7.0,5.0,1695.0,7601.0,67.08,0.30720001459121704,399.1953125,399.1953125,2.0,True,,,,,unavailable,,prefill-facebook-opt-6-7b-chunk-64-sm-8,success,,,/mnt/data/dheeraj/dicertation/inference-profile/runs/revised-full-20260414-g6-opt67b-c64-256/raw/points/prefill/prefill-facebook-opt-6-7b-chunk-64-sm-8.csv
facebook/opt-6.7b,64,gemm,fc1,8,2,247.80799448490143,416489472,418586624,2097152,2097152,1024,2026-04-14T11:52:51Z,baseline_nvml_pt,nvidia-smi,ok,7.0,5.0,1695.0,7601.0,67.08,0.30720001459121704,399.1953125,399.1953125,2.0,True,,,,,unavailable,,prefill-facebook-opt-6-7b-chunk-64-sm-8,success,,,/mnt/data/dheeraj/dicertation/inference-profile/runs/revised-full-20260414-g6-opt67b-c64-256/raw/points/prefill/prefill-facebook-opt-6-7b-chunk-64-sm-8.csv
facebook/opt-6.7b,64,gemm,fc2,8,2,307.20001459121704,416489472,417013760,524288,524288,1024,2026-04-14T11:52:51Z,baseline_nvml_pt,nvidia-smi,ok,7.0,5.0,1695.0,7601.0,67.08,0.30720001459121704,399.1953125,399.1953125,2.0,True,,,,,unavailable,,prefill-facebook-opt-6-7b-chunk-64-sm-8,success,,,/mnt/data/dheeraj/dicertation/inference-profile/runs/revised-full-20260414-g6-opt67b-c64-256/raw/points/prefill/prefill-facebook-opt-6-7b-chunk-64-sm-8.csv
facebook/opt-6.7b,64,attention,attention,8,2,60.416001826524734,416489472,417022976,533504,524288,1024,2026-04-14T11:52:51Z,baseline_nvml_pt,nvidia-smi,ok,7.0,5.0,1695.0,7601.0,67.08,0.30720001459121704,399.1953125,399.1953125,2.0,True,,,,,unavailable,,prefill-facebook-opt-6-7b-chunk-64-sm-8,success,,,/mnt/data/dheeraj/dicertation/inference-profile/runs/revised-full-20260414-g6-opt67b-c64-256/raw/points/prefill/prefill-facebook-opt-6-7b-chunk-64-sm-8.csv
facebook/opt-6.7b,64,gemm,q_proj,8,3,94.2080020904541,416489472,417013760,524288,524288,1024,2026-04-14T11:52:51Z,baseline_nvml_pt,nvidia-smi,ok,7.0,5.0,1695.0,7601.0,67.08,0.30720001459121704,399.1953125,399.1953125,2.0,True,,,,,unavailable,,prefill-facebook-opt-6-7b-chunk-64-sm-8,success,,,/mnt/data/dheeraj/dicertation/inference-profile/runs/revised-full-20260414-g6-opt67b-c64-256/raw/points/prefill/prefill-facebook-opt-6-7b-chunk-64-sm-8.csv
facebook/opt-6.7b,64,gemm,k_proj,8,3,92.8959995508194,416489472,417013760,524288,524288,1024,2026-04-14T11:52:51Z,baseline_nvml_pt,nvidia-smi,ok,7.0,5.0,1695.0,7601.0,67.08,0.30720001459121704,399.1953125,399.1953125,2.0,True,,,,,unavailable,,prefill-facebook-opt-6-7b-chunk-64-sm-8,success,,,/mnt/data/dheeraj/dicertation/inference-profile/runs/revised-full-20260414-g6-opt67b-c64-256/raw/points/prefill/prefill-facebook-opt-6-7b-chunk-64-sm-8.csv
facebook/opt-6.7b,64,gemm,v_proj,8,3,92.03200042247772,416489472,417013760,524288,524288,1024,2026-04-14T11:52:51Z,baseline_nvml_pt,nvidia-smi,ok,7.0,5.0,1695.0,7601.0,67.08,0.30720001459121704,399.1953125,399.1953125,2.0,True,,,,,unavailable,,prefill-facebook-opt-6-7b-chunk-64-sm-8,success,,,/mnt/data/dheeraj/dicertation/inference-profile/runs/revised-full-20260414-g6-opt67b-c64-256/raw/points/prefill/prefill-facebook-opt-6-7b-chunk-64-sm-8.csv
facebook/opt-6.7b,64,gemm,out_proj,8,3,91.13600105047226,416489472,417013760,524288,524288,1024,2026-04-14T11:52:51Z,baseline_nvml_pt,nvidia-smi,ok,7.0,5.0,1695.0,7601.0,67.08,0.30720001459121704,399.1953125,399.1953125,2.0,True,,,,,unavailable,,prefill-facebook-opt-6-7b-chunk-64-sm-8,success,,,/mnt/data/dheeraj/dicertation/inference-profile/runs/revised-full-20260414-g6-opt67b-c64-256/raw/points/prefill/prefill-facebook-opt-6-7b-chunk-64-sm-8.csv
facebook/opt-6.7b,64,gemm,fc1,8,3,251.80798768997192,416489472,418586624,2097152,2097152,1024,2026-04-14T11:52:51Z,baseline_nvml_pt,nvidia-smi,ok,7.0,5.0,1695.0,7601.0,67.08,0.30720001459121704,399.1953125,399.1953125,2.0,True,,,,,unavailable,,prefill-facebook-opt-6-7b-chunk-64-sm-8,success,,,/mnt/data/dheeraj/dicertation/inference-profile/runs/revised-full-20260414-g6-opt67b-c64-256/raw/points/prefill/prefill-facebook-opt-6-7b-chunk-64-sm-8.csv
facebook/opt-6.7b,64,gemm,fc2,8,3,270.24000883102417,416489472,417013760,524288,524288,1024,2026-04-14T11:52:51Z,baseline_nvml_pt,nvidia-smi,ok,7.0,5.0,1695.0,7601.0,67.08,0.30720001459121704,399.1953125,399.1953125,2.0,True,,,,,unavailable,,prefill-facebook-opt-6-7b-chunk-64-sm-8,success,,,/mnt/data/dheeraj/dicertation/inference-profile/runs/revised-full-20260414-g6-opt67b-c64-256/raw/points/prefill/prefill-facebook-opt-6-7b-chunk-64-sm-8.csv
facebook/opt-6.7b,64,attention,attention,8,3,55.32800033688545,416489472,417022976,533504,524288,1024,2026-04-14T11:52:51Z,baseline_nvml_pt,nvidia-smi,ok,7.0,5.0,1695.0,7601.0,67.08,0.30720001459121704,399.1953125,399.1953125,2.0,True,,,,,unavailable,,prefill-facebook-opt-6-7b-chunk-64-sm-8,success,,,/mnt/data/dheeraj/dicertation/inference-profile/runs/revised-full-20260414-g6-opt67b-c64-256/raw/points/prefill/prefill-facebook-opt-6-7b-chunk-64-sm-8.csv
facebook/opt-6.7b,64,gemm,q_proj,8,4,93.18400174379349,416489472,417013760,524288,524288,1024,2026-04-14T11:52:51Z,baseline_nvml_pt,nvidia-smi,ok,7.0,5.0,1695.0,7601.0,67.08,0.30720001459121704,399.1953125,399.1953125,2.0,True,,,,,unavailable,,prefill-facebook-opt-6-7b-chunk-64-sm-8,success,,,/mnt/data/dheeraj/dicertation/inference-profile/runs/revised-full-20260414-g6-opt67b-c64-256/raw/points/prefill/prefill-facebook-opt-6-7b-chunk-64-sm-8.csv
facebook/opt-6.7b,64,gemm,k_proj,8,4,91.0400003194809,416489472,417013760,524288,524288,1024,2026-04-14T11:52:51Z,baseline_nvml_pt,nvidia-smi,ok,7.0,5.0,1695.0,7601.0,67.08,0.30720001459121704,399.1953125,399.1953125,2.0,True,,,,,unavailable,,prefill-facebook-opt-6-7b-chunk-64-sm-8,success,,,/mnt/data/dheeraj/dicertation/inference-profile/runs/revised-full-20260414-g6-opt67b-c64-256/raw/points/prefill/prefill-facebook-opt-6-7b-chunk-64-sm-8.csv
facebook/opt-6.7b,64,gemm,v_proj,8,4,90.11200070381165,416489472,417013760,524288,524288,1024,2026-04-14T11:52:51Z,baseline_nvml_pt,nvidia-smi,ok,7.0,5.0,1695.0,7601.0,67.08,0.30720001459121704,399.1953125,399.1953125,2.0,True,,,,,unavailable,,prefill-facebook-opt-6-7b-chunk-64-sm-8,success,,,/mnt/data/dheeraj/dicertation/inference-profile/runs/revised-full-20260414-g6-opt67b-c64-256/raw/points/prefill/prefill-facebook-opt-6-7b-chunk-64-sm-8.csv
facebook/opt-6.7b,64,gemm,out_proj,8,4,93.05600076913834,416489472,417013760,524288,524288,1024,2026-04-14T11:52:51Z,baseline_nvml_pt,nvidia-smi,ok,7.0,5.0,1695.0,7601.0,67.08,0.30720001459121704,399.1953125,399.1953125,2.0,True,,,,,unavailable,,prefill-facebook-opt-6-7b-chunk-64-sm-8,success,,,/mnt/data/dheeraj/dicertation/inference-profile/runs/revised-full-20260414-g6-opt67b-c64-256/raw/points/prefill/prefill-facebook-opt-6-7b-chunk-64-sm-8.csv
facebook/opt-6.7b,64,gemm,fc1,8,4,243.71199309825897,416489472,418586624,2097152,2097152,1024,2026-04-14T11:52:51Z,baseline_nvml_pt,nvidia-smi,ok,7.0,5.0,1695.0,7601.0,67.08,0.30720001459121704,399.1953125,399.1953125,2.0,True,,,,,unavailable,,prefill-facebook-opt-6-7b-chunk-64-sm-8,success,,,/mnt/data/dheeraj/dicertation/inference-profile/runs/revised-full-20260414-g6-opt67b-c64-256/raw/points/prefill/prefill-facebook-opt-6-7b-chunk-64-sm-8.csv
facebook/opt-6.7b,64,gemm,fc2,8,4,270.33600211143494,416489472,417013760,524288,524288,1024,2026-04-14T11:52:51Z,baseline_nvml_pt,nvidia-smi,ok,7.0,5.0,1695.0,7601.0,67.08,0.30720001459121704,399.1953125,399.1953125,2.0,True,,,,,unavailable,,prefill-facebook-opt-6-7b-chunk-64-sm-8,success,,,/mnt/data/dheeraj/dicertation/inference-profile/runs/revised-full-20260414-g6-opt67b-c64-256/raw/points/prefill/prefill-facebook-opt-6-7b-chunk-64-sm-8.csv
facebook/opt-6.7b,64,attention,attention,8,4,54.27199974656105,416489472,417022976,533504,524288,1024,2026-04-14T11:52:51Z,baseline_nvml_pt,nvidia-smi,ok,7.0,5.0,1695.0,7601.0,67.08,0.30720001459121704,399.1953125,399.1953125,2.0,True,,,,,unavailable,,prefill-facebook-opt-6-7b-chunk-64-sm-8,success,,,/mnt/data/dheeraj/dicertation/inference-profile/runs/revised-full-20260414-g6-opt67b-c64-256/raw/points/prefill/prefill-facebook-opt-6-7b-chunk-64-sm-8.csv
facebook/opt-6.7b,64,gemm,q_proj,16,0,111.61600053310394,416489472,417013760,524288,524288,1024,2026-04-14T11:52:58Z,baseline_nvml_pt,nvidia-smi,ok,6.0,5.0,1695.0,7601.0,68.14,0.27033600211143494,399.1953125,399.1953125,2.0,True,,,,,unavailable,,prefill-facebook-opt-6-7b-chunk-64-sm-16,success,,,/mnt/data/dheeraj/dicertation/inference-profile/runs/revised-full-20260414-g6-opt67b-c64-256/raw/points/prefill/prefill-facebook-opt-6-7b-chunk-64-sm-16.csv
facebook/opt-6.7b,64,gemm,k_proj,16,0,100.12800246477127,416489472,417013760,524288,524288,1024,2026-04-14T11:52:58Z,baseline_nvml_pt,nvidia-smi,ok,6.0,5.0,1695.0,7601.0,68.14,0.27033600211143494,399.1953125,399.1953125,2.0,True,,,,,unavailable,,prefill-facebook-opt-6-7b-chunk-64-sm-16,success,,,/mnt/data/dheeraj/dicertation/inference-profile/runs/revised-full-20260414-g6-opt67b-c64-256/raw/points/prefill/prefill-facebook-opt-6-7b-chunk-64-sm-16.csv
facebook/opt-6.7b,64,gemm,v_proj,16,0,94.2080020904541,416489472,417013760,524288,524288,1024,2026-04-14T11:52:58Z,baseline_nvml_pt,nvidia-smi,ok,6.0,5.0,1695.0,7601.0,68.14,0.27033600211143494,399.1953125,399.1953125,2.0,True,,,,,unavailable,,prefill-facebook-opt-6-7b-chunk-64-sm-16,success,,,/mnt/data/dheeraj/dicertation/inference-profile/runs/revised-full-20260414-g6-opt67b-c64-256/raw/points/prefill/prefill-facebook-opt-6-7b-chunk-64-sm-16.csv
facebook/opt-6.7b,64,gemm,out_proj,16,0,94.2080020904541,416489472,417013760,524288,524288,1024,2026-04-14T11:52:58Z,baseline_nvml_pt,nvidia-smi,ok,6.0,5.0,1695.0,7601.0,68.14,0.27033600211143494,399.1953125,399.1953125,2.0,True,,,,,unavailable,,prefill-facebook-opt-6-7b-chunk-64-sm-16,success,,,/mnt/data/dheeraj/dicertation/inference-profile/runs/revised-full-20260414-g6-opt67b-c64-256/raw/points/prefill/prefill-facebook-opt-6-7b-chunk-64-sm-16.csv
facebook/opt-6.7b,64,gemm,fc1,16,0,244.73600089550018,416489472,418586624,2097152,2097152,1024,2026-04-14T11:52:58Z,baseline_nvml_pt,nvidia-smi,ok,6.0,5.0,1695.0,7601.0,68.14,0.27033600211143494,399.1953125,399.1953125,2.0,True,,,,,unavailable,,prefill-facebook-opt-6-7b-chunk-64-sm-16,success,,,/mnt/data/dheeraj/dicertation/inference-profile/runs/revised-full-20260414-g6-opt67b-c64-256/raw/points/prefill/prefill-facebook-opt-6-7b-chunk-64-sm-16.csv
facebook/opt-6.7b,64,gemm,fc2,16,0,269.3440020084381,416489472,417013760,524288,524288,1024,2026-04-14T11:52:58Z,baseline_nvml_pt,nvidia-smi,ok,6.0,5.0,1695.0,7601.0,68.14,0.27033600211143494,399.1953125,399.1953125,2.0,True,,,,,unavailable,,prefill-facebook-opt-6-7b-chunk-64-sm-16,success,,,/mnt/data/dheeraj/dicertation/inference-profile/runs/revised-full-20260414-g6-opt67b-c64-256/raw/points/prefill/prefill-facebook-opt-6-7b-chunk-64-sm-16.csv
facebook/opt-6.7b,64,attention,attention,16,0,56.352000683546066,416489472,417022976,533504,524288,1024,2026-04-14T11:52:58Z,baseline_nvml_pt,nvidia-smi,ok,6.0,5.0,1695.0,7601.0,68.14,0.27033600211143494,399.1953125,399.1953125,2.0,True,,,,,unavailable,,prefill-facebook-opt-6-7b-chunk-64-sm-16,success,,,/mnt/data/dheeraj/dicertation/inference-profile/runs/revised-full-20260414-g6-opt67b-c64-256/raw/points/prefill/prefill-facebook-opt-6-7b-chunk-64-sm-16.csv
facebook/opt-6.7b,64,gemm,q_proj,16,1,94.94400024414062,416489472,417013760,524288,524288,1024,2026-04-14T11:52:58Z,baseline_nvml_pt,nvidia-smi,ok,6.0,5.0,1695.0,7601.0,68.14,0.27033600211143494,399.1953125,399.1953125,2.0,True,,,,,unavailable,,prefill-facebook-opt-6-7b-chunk-64-sm-16,success,,,/mnt/data/dheeraj/dicertation/inference-profile/runs/revised-full-20260414-g6-opt67b-c64-256/raw/points/prefill/prefill-facebook-opt-6-7b-chunk-64-sm-16.csv
facebook/opt-6.7b,64,gemm,k_proj,16,1,94.2080020904541,416489472,417013760,524288,524288,1024,2026-04-14T11:52:58Z,baseline_nvml_pt,nvidia-smi,ok,6.0,5.0,1695.0,7601.0,68.14,0.27033600211143494,399.1953125,399.1953125,2.0,True,,,,,unavailable,,prefill-facebook-opt-6-7b-chunk-64-sm-16,success,,,/mnt/data/dheeraj/dicertation/inference-profile/runs/revised-full-20260414-g6-opt67b-c64-256/raw/points/prefill/prefill-facebook-opt-6-7b-chunk-64-sm-16.csv
facebook/opt-6.7b,64,gemm,v_proj,16,1,89.08800035715103,416489472,417013760,524288,524288,1024,2026-04-14T11:52:58Z,baseline_nvml_pt,nvidia-smi,ok,6.0,5.0,1695.0,7601.0,68.14,0.27033600211143494,399.1953125,399.1953125,2.0,True,,,,,unavailable,,prefill-facebook-opt-6-7b-chunk-64-sm-16,success,,,/mnt/data/dheeraj/dicertation/inference-profile/runs/revised-full-20260414-g6-opt67b-c64-256/raw/points/prefill/prefill-facebook-opt-6-7b-chunk-64-sm-16.csv
facebook/opt-6.7b,64,gemm,out_proj,16,1,89.08800035715103,416489472,417013760,524288,524288,1024,2026-04-14T11:52:58Z,baseline_nvml_pt,nvidia-smi,ok,6.0,5.0,1695.0,7601.0,68.14,0.27033600211143494,399.1953125,399.1953125,2.0,True,,,,,unavailable,,prefill-facebook-opt-6-7b-chunk-64-sm-16,success,,,/mnt/data/dheeraj/dicertation/inference-profile/runs/revised-full-20260414-g6-opt67b-c64-256/raw/points/prefill/prefill-facebook-opt-6-7b-chunk-64-sm-16.csv
facebook/opt-6.7b,64,gemm,fc1,16,1,243.71199309825897,416489472,418586624,2097152,2097152,1024,2026-04-14T11:52:58Z,baseline_nvml_pt,nvidia-smi,ok,6.0,5.0,1695.0,7601.0,68.14,0.27033600211143494,399.1953125,399.1953125,2.0,True,,,,,unavailable,,prefill-facebook-opt-6-7b-chunk-64-sm-16,success,,,/mnt/data/dheeraj/dicertation/inference-profile/runs/revised-full-20260414-g6-opt67b-c64-256/raw/points/prefill/prefill-facebook-opt-6-7b-chunk-64-sm-16.csv
facebook/opt-6.7b,64,gemm,fc2,16,1,265.21599292755127,416489472,417013760,524288,524288,1024,2026-04-14T11:52:58Z,baseline_nvml_pt,nvidia-smi,ok,6.0,5.0,1695.0,7601.0,68.14,0.27033600211143494,399.1953125,399.1953125,2.0,True,,,,,unavailable,,prefill-facebook-opt-6-7b-chunk-64-sm-16,success,,,/mnt/data/dheeraj/dicertation/inference-profile/runs/revised-full-20260414-g6-opt67b-c64-256/raw/points/prefill/prefill-facebook-opt-6-7b-chunk-64-sm-16.csv
facebook/opt-6.7b,64,attention,attention,16,1,53.18399891257286,416489472,417022976,533504,524288,1024,2026-04-14T11:52:58Z,baseline_nvml_pt,nvidia-smi,ok,6.0,5.0,1695.0,7601.0,68.14,0.27033600211143494,399.1953125,399.1953125,2.0,True,,,,,unavailable,,prefill-facebook-opt-6-7b-chunk-64-sm-16,success,,,/mnt/data/dheeraj/dicertation/inference-profile/runs/revised-full-20260414-g6-opt67b-c64-256/raw/points/prefill/prefill-facebook-opt-6-7b-chunk-64-sm-16.csv
facebook/opt-6.7b,64,gemm,q_proj,16,2,94.04800087213516,416489472,417013760,524288,524288,1024,2026-04-14T11:52:58Z,baseline_nvml_pt,nvidia-smi,ok,6.0,5.0,1695.0,7601.0,68.14,0.27033600211143494,399.1953125,399.1953125,2.0,True,,,,,unavailable,,prefill-facebook-opt-6-7b-chunk-64-sm-16,success,,,/mnt/data/dheeraj/dicertation/inference-profile/runs/revised-full-20260414-g6-opt67b-c64-256/raw/points/prefill/prefill-facebook-opt-6-7b-chunk-64-sm-16.csv
facebook/opt-6.7b,64,gemm,k_proj,16,2,91.13600105047226,416489472,417013760,524288,524288,1024,2026-04-14T11:52:58Z,baseline_nvml_pt,nvidia-smi,ok,6.0,5.0,1695.0,7601.0,68.14,0.27033600211143494,399.1953125,399.1953125,2.0,True,,,,,unavailable,,prefill-facebook-opt-6-7b-chunk-64-sm-16,success,,,/mnt/data/dheeraj/dicertation/inference-profile/runs/revised-full-20260414-g6-opt67b-c64-256/raw/points/prefill/prefill-facebook-opt-6-7b-chunk-64-sm-16.csv
facebook/opt-6.7b,64,gemm,v_proj,16,2,97.28000313043594,416489472,417013760,524288,524288,1024,2026-04-14T11:52:58Z,baseline_nvml_pt,nvidia-smi,ok,6.0,5.0,1695.0,7601.0,68.14,0.27033600211143494,399.1953125,399.1953125,2.0,True,,,,,unavailable,,prefill-facebook-opt-6-7b-chunk-64-sm-16,success,,,/mnt/data/dheeraj/dicertation/inference-profile/runs/revised-full-20260414-g6-opt67b-c64-256/raw/points/prefill/prefill-facebook-opt-6-7b-chunk-64-sm-16.csv
facebook/opt-6.7b,64,gemm,out_proj,16,2,89.08800035715103,416489472,417013760,524288,524288,1024,2026-04-14T11:52:58Z,baseline_nvml_pt,nvidia-smi,ok,6.0,5.0,1695.0,7601.0,68.14,0.27033600211143494,399.1953125,399.1953125,2.0,True,,,,,unavailable,,prefill-facebook-opt-6-7b-chunk-64-sm-16,success,,,/mnt/data/dheeraj/dicertation/inference-profile/runs/revised-full-20260414-g6-opt67b-c64-256/raw/points/prefill/prefill-facebook-opt-6-7b-chunk-64-sm-16.csv
facebook/opt-6.7b,64,gemm,fc1,16,2,246.7840015888214,416489472,418586624,2097152,2097152,1024,2026-04-14T11:52:58Z,baseline_nvml_pt,nvidia-smi,ok,6.0,5.0,1695.0,7601.0,68.14,0.27033600211143494,399.1953125,399.1953125,2.0,True,,,,,unavailable,,prefill-facebook-opt-6-7b-chunk-64-sm-16,success,,,/mnt/data/dheeraj/dicertation/inference-profile/runs/revised-full-20260414-g6-opt67b-c64-256/raw/points/prefill/prefill-facebook-opt-6-7b-chunk-64-sm-16.csv
facebook/opt-6.7b,64,gemm,fc2,16,2,264.0959918498993,416489472,417013760,524288,524288,1024,2026-04-14T11:52:58Z,baseline_nvml_pt,nvidia-smi,ok,6.0,5.0,1695.0,7601.0,68.14,0.27033600211143494,399.1953125,399.1953125,2.0,True,,,,,unavailable,,prefill-facebook-opt-6-7b-chunk-64-sm-16,success,,,/mnt/data/dheeraj/dicertation/inference-profile/runs/revised-full-20260414-g6-opt67b-c64-256/raw/points/prefill/prefill-facebook-opt-6-7b-chunk-64-sm-16.csv
facebook/opt-6.7b,64,attention,attention,16,2,60.15999987721443,416489472,417022976,533504,524288,1024,2026-04-14T11:52:58Z,baseline_nvml_pt,nvidia-smi,ok,6.0,5.0,1695.0,7601.0,68.14,0.27033600211143494,399.1953125,399.1953125,2.0,True,,,,,unavailable,,prefill-facebook-opt-6-7b-chunk-64-sm-16,success,,,/mnt/data/dheeraj/dicertation/inference-profile/runs/revised-full-20260414-g6-opt67b-c64-256/raw/points/prefill/prefill-facebook-opt-6-7b-chunk-64-sm-16.csv
facebook/opt-6.7b,64,gemm,q_proj,16,3,93.91999989748001,416489472,417013760,524288,524288,1024,2026-04-14T11:52:58Z,baseline_nvml_pt,nvidia-smi,ok,6.0,5.0,1695.0,7601.0,68.14,0.27033600211143494,399.1953125,399.1953125,2.0,True,,,,,unavailable,,prefill-facebook-opt-6-7b-chunk-64-sm-16,success,,,/mnt/data/dheeraj/dicertation/inference-profile/runs/revised-full-20260414-g6-opt67b-c64-256/raw/points/prefill/prefill-facebook-opt-6-7b-chunk-64-sm-16.csv
facebook/opt-6.7b,64,gemm,k_proj,16,3,88.86399865150452,416489472,417013760,524288,524288,1024,2026-04-14T11:52:58Z,baseline_nvml_pt,nvidia-smi,ok,6.0,5.0,1695.0,7601.0,68.14,0.27033600211143494,399.1953125,399.1953125,2.0,True,,,,,unavailable,,prefill-facebook-opt-6-7b-chunk-64-sm-16,success,,,/mnt/data/dheeraj/dicertation/inference-profile/runs/revised-full-20260414-g6-opt67b-c64-256/raw/points/prefill/prefill-facebook-opt-6-7b-chunk-64-sm-16.csv
facebook/opt-6.7b,64,gemm,v_proj,16,3,89.08800035715103,416489472,417013760,524288,524288,1024,2026-04-14T11:52:58Z,baseline_nvml_pt,nvidia-smi,ok,6.0,5.0,1695.0,7601.0,68.14,0.27033600211143494,399.1953125,399.1953125,2.0,True,,,,,unavailable,,prefill-facebook-opt-6-7b-chunk-64-sm-16,success,,,/mnt/data/dheeraj/dicertation/inference-profile/runs/revised-full-20260414-g6-opt67b-c64-256/raw/points/prefill/prefill-facebook-opt-6-7b-chunk-64-sm-16.csv
facebook/opt-6.7b,64,gemm,out_proj,16,3,92.16000139713287,416489472,417013760,524288,524288,1024,2026-04-14T11:52:58Z,baseline_nvml_pt,nvidia-smi,ok,6.0,5.0,1695.0,7601.0,68.14,0.27033600211143494,399.1953125,399.1953125,2.0,True,,,,,unavailable,,prefill-facebook-opt-6-7b-chunk-64-sm-16,success,,,/mnt/data/dheeraj/dicertation/inference-profile/runs/revised-full-20260414-g6-opt67b-c64-256/raw/points/prefill/prefill-facebook-opt-6-7b-chunk-64-sm-16.csv
facebook/opt-6.7b,64,gemm,fc1,16,3,243.71199309825897,416489472,418586624,2097152,2097152,1024,2026-04-14T11:52:58Z,baseline_nvml_pt,nvidia-smi,ok,6.0,5.0,1695.0,7601.0,68.14,0.27033600211143494,399.1953125,399.1953125,2.0,True,,,,,unavailable,,prefill-facebook-opt-6-7b-chunk-64-sm-16,success,,,/mnt/data/dheeraj/dicertation/inference-profile/runs/revised-full-20260414-g6-opt67b-c64-256/raw/points/prefill/prefill-facebook-opt-6-7b-chunk-64-sm-16.csv
facebook/opt-6.7b,64,gemm,fc2,16,3,270.33600211143494,416489472,417013760,524288,524288,1024,2026-04-14T11:52:58Z,baseline_nvml_pt,nvidia-smi,ok,6.0,5.0,1695.0,7601.0,68.14,0.27033600211143494,399.1953125,399.1953125,2.0,True,,,,,unavailable,,prefill-facebook-opt-6-7b-chunk-64-sm-16,success,,,/mnt/data/dheeraj/dicertation/inference-profile/runs/revised-full-20260414-g6-opt67b-c64-256/raw/points/prefill/prefill-facebook-opt-6-7b-chunk-64-sm-16.csv
facebook/opt-6.7b,64,attention,attention,16,3,52.000001072883606,416489472,417022976,533504,524288,1024,2026-04-14T11:52:58Z,baseline_nvml_pt,nvidia-smi,ok,6.0,5.0,1695.0,7601.0,68.14,0.27033600211143494,399.1953125,399.1953125,2.0,True,,,,,unavailable,,prefill-facebook-opt-6-7b-chunk-64-sm-16,success,,,/mnt/data/dheeraj/dicertation/inference-profile/runs/revised-full-20260414-g6-opt67b-c64-256/raw/points/prefill/prefill-facebook-opt-6-7b-chunk-64-sm-16.csv
facebook/opt-6.7b,64,gemm,q_proj,16,4,92.16000139713287,416489472,417013760,524288,524288,1024,2026-04-14T11:52:58Z,baseline_nvml_pt,nvidia-smi,ok,6.0,5.0,1695.0,7601.0,68.14,0.27033600211143494,399.1953125,399.1953125,2.0,True,,,,,unavailable,,prefill-facebook-opt-6-7b-chunk-64-sm-16,success,,,/mnt/data/dheeraj/dicertation/inference-profile/runs/revised-full-20260414-g6-opt67b-c64-256/raw/points/prefill/prefill-facebook-opt-6-7b-chunk-64-sm-16.csv
facebook/opt-6.7b,64,gemm,k_proj,16,4,90.11200070381165,416489472,417013760,524288,524288,1024,2026-04-14T11:52:58Z,baseline_nvml_pt,nvidia-smi,ok,6.0,5.0,1695.0,7601.0,68.14,0.27033600211143494,399.1953125,399.1953125,2.0,True,,,,,unavailable,,prefill-facebook-opt-6-7b-chunk-64-sm-16,success,,,/mnt/data/dheeraj/dicertation/inference-profile/runs/revised-full-20260414-g6-opt67b-c64-256/raw/points/prefill/prefill-facebook-opt-6-7b-chunk-64-sm-16.csv
facebook/opt-6.7b,64,gemm,v_proj,16,4,91.13600105047226,416489472,417013760,524288,524288,1024,2026-04-14T11:52:58Z,baseline_nvml_pt,nvidia-smi,ok,6.0,5.0,1695.0,7601.0,68.14,0.27033600211143494,399.1953125,399.1953125,2.0,True,,,,,unavailable,,prefill-facebook-opt-6-7b-chunk-64-sm-16,success,,,/mnt/data/dheeraj/dicertation/inference-profile/runs/revised-full-20260414-g6-opt67b-c64-256/raw/points/prefill/prefill-facebook-opt-6-7b-chunk-64-sm-16.csv
facebook/opt-6.7b,64,gemm,out_proj,16,4,89.88799899816513,416489472,417013760,524288,524288,1024,2026-04-14T11:52:58Z,baseline_nvml_pt,nvidia-smi,ok,6.0,5.0,1695.0,7601.0,68.14,0.27033600211143494,399.1953125,399.1953125,2.0,True,,,,,unavailable,,prefill-facebook-opt-6-7b-chunk-64-sm-16,success,,,/mnt/data/dheeraj/dicertation/inference-profile/runs/revised-full-20260414-g6-opt67b-c64-256/raw/points/prefill/prefill-facebook-opt-6-7b-chunk-64-sm-16.csv
facebook/opt-6.7b,64,gemm,fc1,16,4,242.46400594711304,416489472,418586624,2097152,2097152,1024,2026-04-14T11:52:58Z,baseline_nvml_pt,nvidia-smi,ok,6.0,5.0,1695.0,7601.0,68.14,0.27033600211143494,399.1953125,399.1953125,2.0,True,,,,,unavailable,,prefill-facebook-opt-6-7b-chunk-64-sm-16,success,,,/mnt/data/dheeraj/dicertation/inference-profile/runs/revised-full-20260414-g6-opt67b-c64-256/raw/points/prefill/prefill-facebook-opt-6-7b-chunk-64-sm-16.csv
facebook/opt-6.7b,64,gemm,fc2,16,4,262.14399933815,416489472,417013760,524288,524288,1024,2026-04-14T11:52:58Z,baseline_nvml_pt,nvidia-smi,ok,6.0,5.0,1695.0,7601.0,68.14,0.27033600211143494,399.1953125,399.1953125,2.0,True,,,,,unavailable,,prefill-facebook-opt-6-7b-chunk-64-sm-16,success,,,/mnt/data/dheeraj/dicertation/inference-profile/runs/revised-full-20260414-g6-opt67b-c64-256/raw/points/prefill/prefill-facebook-opt-6-7b-chunk-64-sm-16.csv
facebook/opt-6.7b,64,attention,attention,16,4,51.19999870657921,416489472,417022976,533504,524288,1024,2026-04-14T11:52:58Z,baseline_nvml_pt,nvidia-smi,ok,6.0,5.0,1695.0,7601.0,68.14,0.27033600211143494,399.1953125,399.1953125,2.0,True,,,,,unavailable,,prefill-facebook-opt-6-7b-chunk-64-sm-16,success,,,/mnt/data/dheeraj/dicertation/inference-profile/runs/revised-full-20260414-g6-opt67b-c64-256/raw/points/prefill/prefill-facebook-opt-6-7b-chunk-64-sm-16.csv
facebook/opt-6.7b,64,gemm,q_proj,24,0,110.59200018644333,416489472,417013760,524288,524288,1024,2026-04-14T11:53:04Z,baseline_nvml_pt,nvidia-smi,ok,5.0,5.0,1695.0,7601.0,68.4,0.27024000883102417,399.1953125,399.1953125,2.0,True,,,,,unavailable,,prefill-facebook-opt-6-7b-chunk-64-sm-24,success,,,/mnt/data/dheeraj/dicertation/inference-profile/runs/revised-full-20260414-g6-opt67b-c64-256/raw/points/prefill/prefill-facebook-opt-6-7b-chunk-64-sm-24.csv
facebook/opt-6.7b,64,gemm,k_proj,24,0,101.21600329875946,416489472,417013760,524288,524288,1024,2026-04-14T11:53:04Z,baseline_nvml_pt,nvidia-smi,ok,5.0,5.0,1695.0,7601.0,68.4,0.27024000883102417,399.1953125,399.1953125,2.0,True,,,,,unavailable,,prefill-facebook-opt-6-7b-chunk-64-sm-24,success,,,/mnt/data/dheeraj/dicertation/inference-profile/runs/revised-full-20260414-g6-opt67b-c64-256/raw/points/prefill/prefill-facebook-opt-6-7b-chunk-64-sm-24.csv
facebook/opt-6.7b,64,gemm,v_proj,24,0,93.18400174379349,416489472,417013760,524288,524288,1024,2026-04-14T11:53:04Z,baseline_nvml_pt,nvidia-smi,ok,5.0,5.0,1695.0,7601.0,68.4,0.27024000883102417,399.1953125,399.1953125,2.0,True,,,,,unavailable,,prefill-facebook-opt-6-7b-chunk-64-sm-24,success,,,/mnt/data/dheeraj/dicertation/inference-profile/runs/revised-full-20260414-g6-opt67b-c64-256/raw/points/prefill/prefill-facebook-opt-6-7b-chunk-64-sm-24.csv
facebook/opt-6.7b,64,gemm,out_proj,24,0,100.35199671983719,416489472,417013760,524288,524288,1024,2026-04-14T11:53:04Z,baseline_nvml_pt,nvidia-smi,ok,5.0,5.0,1695.0,7601.0,68.4,0.27024000883102417,399.1953125,399.1953125,2.0,True,,,,,unavailable,,prefill-facebook-opt-6-7b-chunk-64-sm-24,success,,,/mnt/data/dheeraj/dicertation/inference-profile/runs/revised-full-20260414-g6-opt67b-c64-256/raw/points/prefill/prefill-facebook-opt-6-7b-chunk-64-sm-24.csv
facebook/opt-6.7b,64,gemm,fc1,24,0,248.83200228214264,416489472,418586624,2097152,2097152,1024,2026-04-14T11:53:04Z,baseline_nvml_pt,nvidia-smi,ok,5.0,5.0,1695.0,7601.0,68.4,0.27024000883102417,399.1953125,399.1953125,2.0,True,,,,,unavailable,,prefill-facebook-opt-6-7b-chunk-64-sm-24,success,,,/mnt/data/dheeraj/dicertation/inference-profile/runs/revised-full-20260414-g6-opt67b-c64-256/raw/points/prefill/prefill-facebook-opt-6-7b-chunk-64-sm-24.csv
facebook/opt-6.7b,64,gemm,fc2,24,0,270.24000883102417,416489472,417013760,524288,524288,1024,2026-04-14T11:53:04Z,baseline_nvml_pt,nvidia-smi,ok,5.0,5.0,1695.0,7601.0,68.4,0.27024000883102417,399.1953125,399.1953125,2.0,True,,,,,unavailable,,prefill-facebook-opt-6-7b-chunk-64-sm-24,success,,,/mnt/data/dheeraj/dicertation/inference-profile/runs/revised-full-20260414-g6-opt67b-c64-256/raw/points/prefill/prefill-facebook-opt-6-7b-chunk-64-sm-24.csv
facebook/opt-6.7b,64,attention,attention,24,0,57.34400078654289,416489472,417022976,533504,524288,1024,2026-04-14T11:53:04Z,baseline_nvml_pt,nvidia-smi,ok,5.0,5.0,1695.0,7601.0,68.4,0.27024000883102417,399.1953125,399.1953125,2.0,True,,,,,unavailable,,prefill-facebook-opt-6-7b-chunk-64-sm-24,success,,,/mnt/data/dheeraj/dicertation/inference-profile/runs/revised-full-20260414-g6-opt67b-c64-256/raw/points/prefill/prefill-facebook-opt-6-7b-chunk-64-sm-24.csv
facebook/opt-6.7b,64,gemm,q_proj,24,1,95.23200243711472,416489472,417013760,524288,524288,1024,2026-04-14T11:53:04Z,baseline_nvml_pt,nvidia-smi,ok,5.0,5.0,1695.0,7601.0,68.4,0.27024000883102417,399.1953125,399.1953125,2.0,True,,,,,unavailable,,prefill-facebook-opt-6-7b-chunk-64-sm-24,success,,,/mnt/data/dheeraj/dicertation/inference-profile/runs/revised-full-20260414-g6-opt67b-c64-256/raw/points/prefill/prefill-facebook-opt-6-7b-chunk-64-sm-24.csv
facebook/opt-6.7b,64,gemm,k_proj,24,1,100.35199671983719,416489472,417013760,524288,524288,1024,2026-04-14T11:53:04Z,baseline_nvml_pt,nvidia-smi,ok,5.0,5.0,1695.0,7601.0,68.4,0.27024000883102417,399.1953125,399.1953125,2.0,True,,,,,unavailable,,prefill-facebook-opt-6-7b-chunk-64-sm-24,success,,,/mnt/data/dheeraj/dicertation/inference-profile/runs/revised-full-20260414-g6-opt67b-c64-256/raw/points/prefill/prefill-facebook-opt-6-7b-chunk-64-sm-24.csv
facebook/opt-6.7b,64,gemm,v_proj,24,1,93.18400174379349,416489472,417013760,524288,524288,1024,2026-04-14T11:53:04Z,baseline_nvml_pt,nvidia-smi,ok,5.0,5.0,1695.0,7601.0,68.4,0.27024000883102417,399.1953125,399.1953125,2.0,True,,,,,unavailable,,prefill-facebook-opt-6-7b-chunk-64-sm-24,success,,,/mnt/data/dheeraj/dicertation/inference-profile/runs/revised-full-20260414-g6-opt67b-c64-256/raw/points/prefill/prefill-facebook-opt-6-7b-chunk-64-sm-24.csv
facebook/opt-6.7b,64,gemm,out_proj,24,1,91.00800007581711,416489472,417013760,524288,524288,1024,2026-04-14T11:53:04Z,baseline_nvml_pt,nvidia-smi,ok,5.0,5.0,1695.0,7601.0,68.4,0.27024000883102417,399.1953125,399.1953125,2.0,True,,,,,unavailable,,prefill-facebook-opt-6-7b-chunk-64-sm-24,success,,,/mnt/data/dheeraj/dicertation/inference-profile/runs/revised-full-20260414-g6-opt67b-c64-256/raw/points/prefill/prefill-facebook-opt-6-7b-chunk-64-sm-24.csv
facebook/opt-6.7b,64,gemm,fc1,24,1,242.68800020217896,416489472,418586624,2097152,2097152,1024,2026-04-14T11:53:04Z,baseline_nvml_pt,nvidia-smi,ok,5.0,5.0,1695.0,7601.0,68.4,0.27024000883102417,399.1953125,399.1953125,2.0,True,,,,,unavailable,,prefill-facebook-opt-6-7b-chunk-64-sm-24,success,,,/mnt/data/dheeraj/dicertation/inference-profile/runs/revised-full-20260414-g6-opt67b-c64-256/raw/points/prefill/prefill-facebook-opt-6-7b-chunk-64-sm-24.csv
facebook/opt-6.7b,64,gemm,fc2,24,1,268.2879865169525,416489472,417013760,524288,524288,1024,2026-04-14T11:53:04Z,baseline_nvml_pt,nvidia-smi,ok,5.0,5.0,1695.0,7601.0,68.4,0.27024000883102417,399.1953125,399.1953125,2.0,True,,,,,unavailable,,prefill-facebook-opt-6-7b-chunk-64-sm-24,success,,,/mnt/data/dheeraj/dicertation/inference-profile/runs/revised-full-20260414-g6-opt67b-c64-256/raw/points/prefill/prefill-facebook-opt-6-7b-chunk-64-sm-24.csv
facebook/opt-6.7b,64,attention,attention,24,1,56.32000043988228,416489472,417022976,533504,524288,1024,2026-04-14T11:53:04Z,baseline_nvml_pt,nvidia-smi,ok,5.0,5.0,1695.0,7601.0,68.4,0.27024000883102417,399.1953125,399.1953125,2.0,True,,,,,unavailable,,prefill-facebook-opt-6-7b-chunk-64-sm-24,success,,,/mnt/data/dheeraj/dicertation/inference-profile/runs/revised-full-20260414-g6-opt67b-c64-256/raw/points/prefill/prefill-facebook-opt-6-7b-chunk-64-sm-24.csv
facebook/opt-6.7b,64,gemm,q_proj,24,2,96.25600278377533,416489472,417013760,524288,524288,1024,2026-04-14T11:53:04Z,baseline_nvml_pt,nvidia-smi,ok,5.0,5.0,1695.0,7601.0,68.4,0.27024000883102417,399.1953125,399.1953125,2.0,True,,,,,unavailable,,prefill-facebook-opt-6-7b-chunk-64-sm-24,success,,,/mnt/data/dheeraj/dicertation/inference-profile/runs/revised-full-20260414-g6-opt67b-c64-256/raw/points/prefill/prefill-facebook-opt-6-7b-chunk-64-sm-24.csv
facebook/opt-6.7b,64,gemm,k_proj,24,2,92.16000139713287,416489472,417013760,524288,524288,1024,2026-04-14T11:53:04Z,baseline_nvml_pt,nvidia-smi,ok,5.0,5.0,1695.0,7601.0,68.4,0.27024000883102417,399.1953125,399.1953125,2.0,True,,,,,unavailable,,prefill-facebook-opt-6-7b-chunk-64-sm-24,success,,,/mnt/data/dheeraj/dicertation/inference-profile/runs/revised-full-20260414-g6-opt67b-c64-256/raw/points/prefill/prefill-facebook-opt-6-7b-chunk-64-sm-24.csv
facebook/opt-6.7b,64,gemm,v_proj,24,2,100.35199671983719,416489472,417013760,524288,524288,1024,2026-04-14T11:53:04Z,baseline_nvml_pt,nvidia-smi,ok,5.0,5.0,1695.0,7601.0,68.4,0.27024000883102417,399.1953125,399.1953125,2.0,True,,,,,unavailable,,prefill-facebook-opt-6-7b-chunk-64-sm-24,success,,,/mnt/data/dheeraj/dicertation/inference-profile/runs/revised-full-20260414-g6-opt67b-c64-256/raw/points/prefill/prefill-facebook-opt-6-7b-chunk-64-sm-24.csv
facebook/opt-6.7b,64,gemm,out_proj,24,2,92.16000139713287,416489472,417013760,524288,524288,1024,2026-04-14T11:53:04Z,baseline_nvml_pt,nvidia-smi,ok,5.0,5.0,1695.0,7601.0,68.4,0.27024000883102417,399.1953125,399.1953125,2.0,True,,,,,unavailable,,prefill-facebook-opt-6-7b-chunk-64-sm-24,success,,,/mnt/data/dheeraj/dicertation/inference-profile/runs/revised-full-20260414-g6-opt67b-c64-256/raw/points/prefill/prefill-facebook-opt-6-7b-chunk-64-sm-24.csv
facebook/opt-6.7b,64,gemm,fc1,24,2,246.7840015888214,416489472,418586624,2097152,2097152,1024,2026-04-14T11:53:04Z,baseline_nvml_pt,nvidia-smi,ok,5.0,5.0,1695.0,7601.0,68.4,0.27024000883102417,399.1953125,399.1953125,2.0,True,,,,,unavailable,,prefill-facebook-opt-6-7b-chunk-64-sm-24,success,,,/mnt/data/dheeraj/dicertation/inference-profile/runs/revised-full-20260414-g6-opt67b-c64-256/raw/points/prefill/prefill-facebook-opt-6-7b-chunk-64-sm-24.csv
facebook/opt-6.7b,64,gemm,fc2,24,2,268.2879865169525,416489472,417013760,524288,524288,1024,2026-04-14T11:53:04Z,baseline_nvml_pt,nvidia-smi,ok,5.0,5.0,1695.0,7601.0,68.4,0.27024000883102417,399.1953125,399.1953125,2.0,True,,,,,unavailable,,prefill-facebook-opt-6-7b-chunk-64-sm-24,success,,,/mnt/data/dheeraj/dicertation/inference-profile/runs/revised-full-20260414-g6-opt67b-c64-256/raw/points/prefill/prefill-facebook-opt-6-7b-chunk-64-sm-24.csv
facebook/opt-6.7b,64,attention,attention,24,2,61.43999844789505,416489472,417022976,533504,524288,1024,2026-04-14T11:53:04Z,baseline_nvml_pt,nvidia-smi,ok,5.0,5.0,1695.0,7601.0,68.4,0.27024000883102417,399.1953125,399.1953125,2.0,True,,,,,unavailable,,prefill-facebook-opt-6-7b-chunk-64-sm-24,success,,,/mnt/data/dheeraj/dicertation/inference-profile/runs/revised-full-20260414-g6-opt67b-c64-256/raw/points/prefill/prefill-facebook-opt-6-7b-chunk-64-sm-24.csv
facebook/opt-6.7b,64,gemm,q_proj,24,3,93.98400038480759,416489472,417013760,524288,524288,1024,2026-04-14T11:53:04Z,baseline_nvml_pt,nvidia-smi,ok,5.0,5.0,1695.0,7601.0,68.4,0.27024000883102417,399.1953125,399.1953125,2.0,True,,,,,unavailable,,prefill-facebook-opt-6-7b-chunk-64-sm-24,success,,,/mnt/data/dheeraj/dicertation/inference-profile/runs/revised-full-20260414-g6-opt67b-c64-256/raw/points/prefill/prefill-facebook-opt-6-7b-chunk-64-sm-24.csv
facebook/opt-6.7b,64,gemm,k_proj,24,3,93.05600076913834,416489472,417013760,524288,524288,1024,2026-04-14T11:53:04Z,baseline_nvml_pt,nvidia-smi,ok,5.0,5.0,1695.0,7601.0,68.4,0.27024000883102417,399.1953125,399.1953125,2.0,True,,,,,unavailable,,prefill-facebook-opt-6-7b-chunk-64-sm-24,success,,,/mnt/data/dheeraj/dicertation/inference-profile/runs/revised-full-20260414-g6-opt67b-c64-256/raw/points/prefill/prefill-facebook-opt-6-7b-chunk-64-sm-24.csv
facebook/opt-6.7b,64,gemm,v_proj,24,3,92.16000139713287,416489472,417013760,524288,524288,1024,2026-04-14T11:53:04Z,baseline_nvml_pt,nvidia-smi,ok,5.0,5.0,1695.0,7601.0,68.4,0.27024000883102417,399.1953125,399.1953125,2.0,True,,,,,unavailable,,prefill-facebook-opt-6-7b-chunk-64-sm-24,success,,,/mnt/data/dheeraj/dicertation/inference-profile/runs/revised-full-20260414-g6-opt67b-c64-256/raw/points/prefill/prefill-facebook-opt-6-7b-chunk-64-sm-24.csv
facebook/opt-6.7b,64,gemm,out_proj,24,3,93.18400174379349,416489472,417013760,524288,524288,1024,2026-04-14T11:53:04Z,baseline_nvml_pt,nvidia-smi,ok,5.0,5.0,1695.0,7601.0,68.4,0.27024000883102417,399.1953125,399.1953125,2.0,True,,,,,unavailable,,prefill-facebook-opt-6-7b-chunk-64-sm-24,success,,,/mnt/data/dheeraj/dicertation/inference-profile/runs/revised-full-20260414-g6-opt67b-c64-256/raw/points/prefill/prefill-facebook-opt-6-7b-chunk-64-sm-24.csv
facebook/opt-6.7b,64,gemm,fc1,24,3,247.80799448490143,416489472,418586624,2097152,2097152,1024,2026-04-14T11:53:04Z,baseline_nvml_pt,nvidia-smi,ok,5.0,5.0,1695.0,7601.0,68.4,0.27024000883102417,399.1953125,399.1953125,2.0,True,,,,,unavailable,,prefill-facebook-opt-6-7b-chunk-64-sm-24,success,,,/mnt/data/dheeraj/dicertation/inference-profile/runs/revised-full-20260414-g6-opt67b-c64-256/raw/points/prefill/prefill-facebook-opt-6-7b-chunk-64-sm-24.csv
facebook/opt-6.7b,64,gemm,fc2,24,3,267.2320008277893,416489472,417013760,524288,524288,1024,2026-04-14T11:53:04Z,baseline_nvml_pt,nvidia-smi,ok,5.0,5.0,1695.0,7601.0,68.4,0.27024000883102417,399.1953125,399.1953125,2.0,True,,,,,unavailable,,prefill-facebook-opt-6-7b-chunk-64-sm-24,success,,,/mnt/data/dheeraj/dicertation/inference-profile/runs/revised-full-20260414-g6-opt67b-c64-256/raw/points/prefill/prefill-facebook-opt-6-7b-chunk-64-sm-24.csv
facebook/opt-6.7b,64,attention,attention,24,3,63.48799914121628,416489472,417022976,533504,524288,1024,2026-04-14T11:53:04Z,baseline_nvml_pt,nvidia-smi,ok,5.0,5.0,1695.0,7601.0,68.4,0.27024000883102417,399.1953125,399.1953125,2.0,True,,,,,unavailable,,prefill-facebook-opt-6-7b-chunk-64-sm-24,success,,,/mnt/data/dheeraj/dicertation/inference-profile/runs/revised-full-20260414-g6-opt67b-c64-256/raw/points/prefill/prefill-facebook-opt-6-7b-chunk-64-sm-24.csv
facebook/opt-6.7b,64,gemm,q_proj,24,4,94.40000355243683,416489472,417013760,524288,524288,1024,2026-04-14T11:53:04Z,baseline_nvml_pt,nvidia-smi,ok,5.0,5.0,1695.0,7601.0,68.4,0.27024000883102417,399.1953125,399.1953125,2.0,True,,,,,unavailable,,prefill-facebook-opt-6-7b-chunk-64-sm-24,success,,,/mnt/data/dheeraj/dicertation/inference-profile/runs/revised-full-20260414-g6-opt67b-c64-256/raw/points/prefill/prefill-facebook-opt-6-7b-chunk-64-sm-24.csv
facebook/opt-6.7b,64,gemm,k_proj,24,4,91.13600105047226,416489472,417013760,524288,524288,1024,2026-04-14T11:53:04Z,baseline_nvml_pt,nvidia-smi,ok,5.0,5.0,1695.0,7601.0,68.4,0.27024000883102417,399.1953125,399.1953125,2.0,True,,,,,unavailable,,prefill-facebook-opt-6-7b-chunk-64-sm-24,success,,,/mnt/data/dheeraj/dicertation/inference-profile/runs/revised-full-20260414-g6-opt67b-c64-256/raw/points/prefill/prefill-facebook-opt-6-7b-chunk-64-sm-24.csv
facebook/opt-6.7b,64,gemm,v_proj,24,4,92.16000139713287,416489472,417013760,524288,524288,1024,2026-04-14T11:53:04Z,baseline_nvml_pt,nvidia-smi,ok,5.0,5.0,1695.0,7601.0,68.4,0.27024000883102417,399.1953125,399.1953125,2.0,True,,,,,unavailable,,prefill-facebook-opt-6-7b-chunk-64-sm-24,success,,,/mnt/data/dheeraj/dicertation/inference-profile/runs/revised-full-20260414-g6-opt67b-c64-256/raw/points/prefill/prefill-facebook-opt-6-7b-chunk-64-sm-24.csv
facebook/opt-6.7b,64,gemm,out_proj,24,4,91.93599969148636,416489472,417013760,524288,524288,1024,2026-04-14T11:53:04Z,baseline_nvml_pt,nvidia-smi,ok,5.0,5.0,1695.0,7601.0,68.4,0.27024000883102417,399.1953125,399.1953125,2.0,True,,,,,unavailable,,prefill-facebook-opt-6-7b-chunk-64-sm-24,success,,,/mnt/data/dheeraj/dicertation/inference-profile/runs/revised-full-20260414-g6-opt67b-c64-256/raw/points/prefill/prefill-facebook-opt-6-7b-chunk-64-sm-24.csv
facebook/opt-6.7b,64,gemm,fc1,24,4,244.54399943351746,416489472,418586624,2097152,2097152,1024,2026-04-14T11:53:04Z,baseline_nvml_pt,nvidia-smi,ok,5.0,5.0,1695.0,7601.0,68.4,0.27024000883102417,399.1953125,399.1953125,2.0,True,,,,,unavailable,,prefill-facebook-opt-6-7b-chunk-64-sm-24,success,,,/mnt/data/dheeraj/dicertation/inference-profile/runs/revised-full-20260414-g6-opt67b-c64-256/raw/points/prefill/prefill-facebook-opt-6-7b-chunk-64-sm-24.csv
facebook/opt-6.7b,64,gemm,fc2,24,4,266.2400007247925,416489472,417013760,524288,524288,1024,2026-04-14T11:53:04Z,baseline_nvml_pt,nvidia-smi,ok,5.0,5.0,1695.0,7601.0,68.4,0.27024000883102417,399.1953125,399.1953125,2.0,True,,,,,unavailable,,prefill-facebook-opt-6-7b-chunk-64-sm-24,success,,,/mnt/data/dheeraj/dicertation/inference-profile/runs/revised-full-20260414-g6-opt67b-c64-256/raw/points/prefill/prefill-facebook-opt-6-7b-chunk-64-sm-24.csv
facebook/opt-6.7b,64,attention,attention,24,4,56.19199946522713,416489472,417022976,533504,524288,1024,2026-04-14T11:53:04Z,baseline_nvml_pt,nvidia-smi,ok,5.0,5.0,1695.0,7601.0,68.4,0.27024000883102417,399.1953125,399.1953125,2.0,True,,,,,unavailable,,prefill-facebook-opt-6-7b-chunk-64-sm-24,success,,,/mnt/data/dheeraj/dicertation/inference-profile/runs/revised-full-20260414-g6-opt67b-c64-256/raw/points/prefill/prefill-facebook-opt-6-7b-chunk-64-sm-24.csv
facebook/opt-6.7b,64,gemm,q_proj,32,0,106.49599879980087,416489472,417013760,524288,524288,1024,2026-04-14T11:53:09Z,baseline_nvml_pt,nvidia-smi,ok,0.0,5.0,1695.0,7601.0,68.59,0.27136000990867615,399.1953125,399.1953125,2.0,True,,,,,unavailable,,prefill-facebook-opt-6-7b-chunk-64-sm-32,success,,,/mnt/data/dheeraj/dicertation/inference-profile/runs/revised-full-20260414-g6-opt67b-c64-256/raw/points/prefill/prefill-facebook-opt-6-7b-chunk-64-sm-32.csv
facebook/opt-6.7b,64,gemm,k_proj,32,0,100.35199671983719,416489472,417013760,524288,524288,1024,2026-04-14T11:53:09Z,baseline_nvml_pt,nvidia-smi,ok,0.0,5.0,1695.0,7601.0,68.59,0.27136000990867615,399.1953125,399.1953125,2.0,True,,,,,unavailable,,prefill-facebook-opt-6-7b-chunk-64-sm-32,success,,,/mnt/data/dheeraj/dicertation/inference-profile/runs/revised-full-20260414-g6-opt67b-c64-256/raw/points/prefill/prefill-facebook-opt-6-7b-chunk-64-sm-32.csv
facebook/opt-6.7b,64,gemm,v_proj,32,0,94.2080020904541,416489472,417013760,524288,524288,1024,2026-04-14T11:53:09Z,baseline_nvml_pt,nvidia-smi,ok,0.0,5.0,1695.0,7601.0,68.59,0.27136000990867615,399.1953125,399.1953125,2.0,True,,,,,unavailable,,prefill-facebook-opt-6-7b-chunk-64-sm-32,success,,,/mnt/data/dheeraj/dicertation/inference-profile/runs/revised-full-20260414-g6-opt67b-c64-256/raw/points/prefill/prefill-facebook-opt-6-7b-chunk-64-sm-32.csv
facebook/opt-6.7b,64,gemm,out_proj,32,0,92.99200028181076,416489472,417013760,524288,524288,1024,2026-04-14T11:53:09Z,baseline_nvml_pt,nvidia-smi,ok,0.0,5.0,1695.0,7601.0,68.59,0.27136000990867615,399.1953125,399.1953125,2.0,True,,,,,unavailable,,prefill-facebook-opt-6-7b-chunk-64-sm-32,success,,,/mnt/data/dheeraj/dicertation/inference-profile/runs/revised-full-20260414-g6-opt67b-c64-256/raw/points/prefill/prefill-facebook-opt-6-7b-chunk-64-sm-32.csv
facebook/opt-6.7b,64,gemm,fc1,32,0,247.80799448490143,416489472,418586624,2097152,2097152,1024,2026-04-14T11:53:09Z,baseline_nvml_pt,nvidia-smi,ok,0.0,5.0,1695.0,7601.0,68.59,0.27136000990867615,399.1953125,399.1953125,2.0,True,,,,,unavailable,,prefill-facebook-opt-6-7b-chunk-64-sm-32,success,,,/mnt/data/dheeraj/dicertation/inference-profile/runs/revised-full-20260414-g6-opt67b-c64-256/raw/points/prefill/prefill-facebook-opt-6-7b-chunk-64-sm-32.csv
facebook/opt-6.7b,64,gemm,fc2,32,0,268.2879865169525,416489472,417013760,524288,524288,1024,2026-04-14T11:53:09Z,baseline_nvml_pt,nvidia-smi,ok,0.0,5.0,1695.0,7601.0,68.59,0.27136000990867615,399.1953125,399.1953125,2.0,True,,,,,unavailable,,prefill-facebook-opt-6-7b-chunk-64-sm-32,success,,,/mnt/data/dheeraj/dicertation/inference-profile/runs/revised-full-20260414-g6-opt67b-c64-256/raw/points/prefill/prefill-facebook-opt-6-7b-chunk-64-sm-32.csv
facebook/opt-6.7b,64,attention,attention,32,0,58.36800113320351,416489472,417022976,533504,524288,1024,2026-04-14T11:53:09Z,baseline_nvml_pt,nvidia-smi,ok,0.0,5.0,1695.0,7601.0,68.59,0.27136000990867615,399.1953125,399.1953125,2.0,True,,,,,unavailable,,prefill-facebook-opt-6-7b-chunk-64-sm-32,success,,,/mnt/data/dheeraj/dicertation/inference-profile/runs/revised-full-20260414-g6-opt67b-c64-256/raw/points/prefill/prefill-facebook-opt-6-7b-chunk-64-sm-32.csv
facebook/opt-6.7b,64,gemm,q_proj,32,1,96.09600156545639,416489472,417013760,524288,524288,1024,2026-04-14T11:53:09Z,baseline_nvml_pt,nvidia-smi,ok,0.0,5.0,1695.0,7601.0,68.59,0.27136000990867615,399.1953125,399.1953125,2.0,True,,,,,unavailable,,prefill-facebook-opt-6-7b-chunk-64-sm-32,success,,,/mnt/data/dheeraj/dicertation/inference-profile/runs/revised-full-20260414-g6-opt67b-c64-256/raw/points/prefill/prefill-facebook-opt-6-7b-chunk-64-sm-32.csv
facebook/opt-6.7b,64,gemm,k_proj,32,1,92.16000139713287,416489472,417013760,524288,524288,1024,2026-04-14T11:53:09Z,baseline_nvml_pt,nvidia-smi,ok,0.0,5.0,1695.0,7601.0,68.59,0.27136000990867615,399.1953125,399.1953125,2.0,True,,,,,unavailable,,prefill-facebook-opt-6-7b-chunk-64-sm-32,success,,,/mnt/data/dheeraj/dicertation/inference-profile/runs/revised-full-20260414-g6-opt67b-c64-256/raw/points/prefill/prefill-facebook-opt-6-7b-chunk-64-sm-32.csv
facebook/opt-6.7b,64,gemm,v_proj,32,1,92.06400066614151,416489472,417013760,524288,524288,1024,2026-04-14T11:53:09Z,baseline_nvml_pt,nvidia-smi,ok,0.0,5.0,1695.0,7601.0,68.59,0.27136000990867615,399.1953125,399.1953125,2.0,True,,,,,unavailable,,prefill-facebook-opt-6-7b-chunk-64-sm-32,success,,,/mnt/data/dheeraj/dicertation/inference-profile/runs/revised-full-20260414-g6-opt67b-c64-256/raw/points/prefill/prefill-facebook-opt-6-7b-chunk-64-sm-32.csv
facebook/opt-6.7b,64,gemm,out_proj,32,1,90.11200070381165,416489472,417013760,524288,524288,1024,2026-04-14T11:53:09Z,baseline_nvml_pt,nvidia-smi,ok,0.0,5.0,1695.0,7601.0,68.59,0.27136000990867615,399.1953125,399.1953125,2.0,True,,,,,unavailable,,prefill-facebook-opt-6-7b-chunk-64-sm-32,success,,,/mnt/data/dheeraj/dicertation/inference-profile/runs/revised-full-20260414-g6-opt67b-c64-256/raw/points/prefill/prefill-facebook-opt-6-7b-chunk-64-sm-32.csv
facebook/opt-6.7b,64,gemm,fc1,32,1,241.66400730609894,416489472,418586624,2097152,2097152,1024,2026-04-14T11:53:09Z,baseline_nvml_pt,nvidia-smi,ok,0.0,5.0,1695.0,7601.0,68.59,0.27136000990867615,399.1953125,399.1953125,2.0,True,,,,,unavailable,,prefill-facebook-opt-6-7b-chunk-64-sm-32,success,,,/mnt/data/dheeraj/dicertation/inference-profile/runs/revised-full-20260414-g6-opt67b-c64-256/raw/points/prefill/prefill-facebook-opt-6-7b-chunk-64-sm-32.csv
facebook/opt-6.7b,64,gemm,fc2,32,1,264.0320062637329,416489472,417013760,524288,524288,1024,2026-04-14T11:53:09Z,baseline_nvml_pt,nvidia-smi,ok,0.0,5.0,1695.0,7601.0,68.59,0.27136000990867615,399.1953125,399.1953125,2.0,True,,,,,unavailable,,prefill-facebook-opt-6-7b-chunk-64-sm-32,success,,,/mnt/data/dheeraj/dicertation/inference-profile/runs/revised-full-20260414-g6-opt67b-c64-256/raw/points/prefill/prefill-facebook-opt-6-7b-chunk-64-sm-32.csv
facebook/opt-6.7b,64,attention,attention,32,1,55.26399984955788,416489472,417022976,533504,524288,1024,2026-04-14T11:53:09Z,baseline_nvml_pt,nvidia-smi,ok,0.0,5.0,1695.0,7601.0,68.59,0.27136000990867615,399.1953125,399.1953125,2.0,True,,,,,unavailable,,prefill-facebook-opt-6-7b-chunk-64-sm-32,success,,,/mnt/data/dheeraj/dicertation/inference-profile/runs/revised-full-20260414-g6-opt67b-c64-256/raw/points/prefill/prefill-facebook-opt-6-7b-chunk-64-sm-32.csv
facebook/opt-6.7b,64,gemm,q_proj,32,2,94.2080020904541,416489472,417013760,524288,524288,1024,2026-04-14T11:53:09Z,baseline_nvml_pt,nvidia-smi,ok,0.0,5.0,1695.0,7601.0,68.59,0.27136000990867615,399.1953125,399.1953125,2.0,True,,,,,unavailable,,prefill-facebook-opt-6-7b-chunk-64-sm-32,success,,,/mnt/data/dheeraj/dicertation/inference-profile/runs/revised-full-20260414-g6-opt67b-c64-256/raw/points/prefill/prefill-facebook-opt-6-7b-chunk-64-sm-32.csv
facebook/opt-6.7b,64,gemm,k_proj,32,2,92.16000139713287,416489472,417013760,524288,524288,1024,2026-04-14T11:53:09Z,baseline_nvml_pt,nvidia-smi,ok,0.0,5.0,1695.0,7601.0,68.59,0.27136000990867615,399.1953125,399.1953125,2.0,True,,,,,unavailable,,prefill-facebook-opt-6-7b-chunk-64-sm-32,success,,,/mnt/data/dheeraj/dicertation/inference-profile/runs/revised-full-20260414-g6-opt67b-c64-256/raw/points/prefill/prefill-facebook-opt-6-7b-chunk-64-sm-32.csv
facebook/opt-6.7b,64,gemm,v_proj,32,2,98.2080027461052,416489472,417013760,524288,524288,1024,2026-04-14T11:53:09Z,baseline_nvml_pt,nvidia-smi,ok,0.0,5.0,1695.0,7601.0,68.59,0.27136000990867615,399.1953125,399.1953125,2.0,True,,,,,unavailable,,prefill-facebook-opt-6-7b-chunk-64-sm-32,success,,,/mnt/data/dheeraj/dicertation/inference-profile/runs/revised-full-20260414-g6-opt67b-c64-256/raw/points/prefill/prefill-facebook-opt-6-7b-chunk-64-sm-32.csv
facebook/opt-6.7b,64,gemm,out_proj,32,2,92.16000139713287,416489472,417013760,524288,524288,1024,2026-04-14T11:53:09Z,baseline_nvml_pt,nvidia-smi,ok,0.0,5.0,1695.0,7601.0,68.59,0.27136000990867615,399.1953125,399.1953125,2.0,True,,,,,unavailable,,prefill-facebook-opt-6-7b-chunk-64-sm-32,success,,,/mnt/data/dheeraj/dicertation/inference-profile/runs/revised-full-20260414-g6-opt67b-c64-256/raw/points/prefill/prefill-facebook-opt-6-7b-chunk-64-sm-32.csv
facebook/opt-6.7b,64,gemm,fc1,32,2,245.728000998497,416489472,418586624,2097152,2097152,1024,2026-04-14T11:53:09Z,baseline_nvml_pt,nvidia-smi,ok,0.0,5.0,1695.0,7601.0,68.59,0.27136000990867615,399.1953125,399.1953125,2.0,True,,,,,unavailable,,prefill-facebook-opt-6-7b-chunk-64-sm-32,success,,,/mnt/data/dheeraj/dicertation/inference-profile/runs/revised-full-20260414-g6-opt67b-c64-256/raw/points/prefill/prefill-facebook-opt-6-7b-chunk-64-sm-32.csv
facebook/opt-6.7b,64,gemm,fc2,32,2,271.36000990867615,416489472,417013760,524288,524288,1024,2026-04-14T11:53:09Z,baseline_nvml_pt,nvidia-smi,ok,0.0,5.0,1695.0,7601.0,68.59,0.27136000990867615,399.1953125,399.1953125,2.0,True,,,,,unavailable,,prefill-facebook-opt-6-7b-chunk-64-sm-32,success,,,/mnt/data/dheeraj/dicertation/inference-profile/runs/revised-full-20260414-g6-opt67b-c64-256/raw/points/prefill/prefill-facebook-opt-6-7b-chunk-64-sm-32.csv
facebook/opt-6.7b,64,attention,attention,32,2,56.32000043988228,416489472,417022976,533504,524288,1024,2026-04-14T11:53:09Z,baseline_nvml_pt,nvidia-smi,ok,0.0,5.0,1695.0,7601.0,68.59,0.27136000990867615,399.1953125,399.1953125,2.0,True,,,,,unavailable,,prefill-facebook-opt-6-7b-chunk-64-sm-32,success,,,/mnt/data/dheeraj/dicertation/inference-profile/runs/revised-full-20260414-g6-opt67b-c64-256/raw/points/prefill/prefill-facebook-opt-6-7b-chunk-64-sm-32.csv
facebook/opt-6.7b,64,gemm,q_proj,32,3,94.2080020904541,416489472,417013760,524288,524288,1024,2026-04-14T11:53:09Z,baseline_nvml_pt,nvidia-smi,ok,0.0,5.0,1695.0,7601.0,68.59,0.27136000990867615,399.1953125,399.1953125,2.0,True,,,,,unavailable,,prefill-facebook-opt-6-7b-chunk-64-sm-32,success,,,/mnt/data/dheeraj/dicertation/inference-profile/runs/revised-full-20260414-g6-opt67b-c64-256/raw/points/prefill/prefill-facebook-opt-6-7b-chunk-64-sm-32.csv
facebook/opt-6.7b,64,gemm,k_proj,32,3,96.25600278377533,416489472,417013760,524288,524288,1024,2026-04-14T11:53:09Z,baseline_nvml_pt,nvidia-smi,ok,0.0,5.0,1695.0,7601.0,68.59,0.27136000990867615,399.1953125,399.1953125,2.0,True,,,,,unavailable,,prefill-facebook-opt-6-7b-chunk-64-sm-32,success,,,/mnt/data/dheeraj/dicertation/inference-profile/runs/revised-full-20260414-g6-opt67b-c64-256/raw/points/prefill/prefill-facebook-opt-6-7b-chunk-64-sm-32.csv
facebook/opt-6.7b,64,gemm,v_proj,32,3,89.31200206279755,416489472,417013760,524288,524288,1024,2026-04-14T11:53:09Z,baseline_nvml_pt,nvidia-smi,ok,0.0,5.0,1695.0,7601.0,68.59,0.27136000990867615,399.1953125,399.1953125,2.0,True,,,,,unavailable,,prefill-facebook-opt-6-7b-chunk-64-sm-32,success,,,/mnt/data/dheeraj/dicertation/inference-profile/runs/revised-full-20260414-g6-opt67b-c64-256/raw/points/prefill/prefill-facebook-opt-6-7b-chunk-64-sm-32.csv
facebook/opt-6.7b,64,gemm,out_proj,32,3,91.13600105047226,416489472,417013760,524288,524288,1024,2026-04-14T11:53:09Z,baseline_nvml_pt,nvidia-smi,ok,0.0,5.0,1695.0,7601.0,68.59,0.27136000990867615,399.1953125,399.1953125,2.0,True,,,,,unavailable,,prefill-facebook-opt-6-7b-chunk-64-sm-32,success,,,/mnt/data/dheeraj/dicertation/inference-profile/runs/revised-full-20260414-g6-opt67b-c64-256/raw/points/prefill/prefill-facebook-opt-6-7b-chunk-64-sm-32.csv
facebook/opt-6.7b,64,gemm,fc1,32,3,243.71199309825897,416489472,418586624,2097152,2097152,1024,2026-04-14T11:53:09Z,baseline_nvml_pt,nvidia-smi,ok,0.0,5.0,1695.0,7601.0,68.59,0.27136000990867615,399.1953125,399.1953125,2.0,True,,,,,unavailable,,prefill-facebook-opt-6-7b-chunk-64-sm-32,success,,,/mnt/data/dheeraj/dicertation/inference-profile/runs/revised-full-20260414-g6-opt67b-c64-256/raw/points/prefill/prefill-facebook-opt-6-7b-chunk-64-sm-32.csv
facebook/opt-6.7b,64,gemm,fc2,32,3,266.1759853363037,416489472,417013760,524288,524288,1024,2026-04-14T11:53:09Z,baseline_nvml_pt,nvidia-smi,ok,0.0,5.0,1695.0,7601.0,68.59,0.27136000990867615,399.1953125,399.1953125,2.0,True,,,,,unavailable,,prefill-facebook-opt-6-7b-chunk-64-sm-32,success,,,/mnt/data/dheeraj/dicertation/inference-profile/runs/revised-full-20260414-g6-opt67b-c64-256/raw/points/prefill/prefill-facebook-opt-6-7b-chunk-64-sm-32.csv
facebook/opt-6.7b,64,attention,attention,32,3,62.463998794555664,416489472,417022976,533504,524288,1024,2026-04-14T11:53:09Z,baseline_nvml_pt,nvidia-smi,ok,0.0,5.0,1695.0,7601.0,68.59,0.27136000990867615,399.1953125,399.1953125,2.0,True,,,,,unavailable,,prefill-facebook-opt-6-7b-chunk-64-sm-32,success,,,/mnt/data/dheeraj/dicertation/inference-profile/runs/revised-full-20260414-g6-opt67b-c64-256/raw/points/prefill/prefill-facebook-opt-6-7b-chunk-64-sm-32.csv
facebook/opt-6.7b,64,gemm,q_proj,32,4,94.30400282144547,416489472,417013760,524288,524288,1024,2026-04-14T11:53:09Z,baseline_nvml_pt,nvidia-smi,ok,0.0,5.0,1695.0,7601.0,68.59,0.27136000990867615,399.1953125,399.1953125,2.0,True,,,,,unavailable,,prefill-facebook-opt-6-7b-chunk-64-sm-32,success,,,/mnt/data/dheeraj/dicertation/inference-profile/runs/revised-full-20260414-g6-opt67b-c64-256/raw/points/prefill/prefill-facebook-opt-6-7b-chunk-64-sm-32.csv
facebook/opt-6.7b,64,gemm,k_proj,32,4,91.10400080680847,416489472,417013760,524288,524288,1024,2026-04-14T11:53:09Z,baseline_nvml_pt,nvidia-smi,ok,0.0,5.0,1695.0,7601.0,68.59,0.27136000990867615,399.1953125,399.1953125,2.0,True,,,,,unavailable,,prefill-facebook-opt-6-7b-chunk-64-sm-32,success,,,/mnt/data/dheeraj/dicertation/inference-profile/runs/revised-full-20260414-g6-opt67b-c64-256/raw/points/prefill/prefill-facebook-opt-6-7b-chunk-64-sm-32.csv
facebook/opt-6.7b,64,gemm,v_proj,32,4,90.11200070381165,416489472,417013760,524288,524288,1024,2026-04-14T11:53:09Z,baseline_nvml_pt,nvidia-smi,ok,0.0,5.0,1695.0,7601.0,68.59,0.27136000990867615,399.1953125,399.1953125,2.0,True,,,,,unavailable,,prefill-facebook-opt-6-7b-chunk-64-sm-32,success,,,/mnt/data/dheeraj/dicertation/inference-profile/runs/revised-full-20260414-g6-opt67b-c64-256/raw/points/prefill/prefill-facebook-opt-6-7b-chunk-64-sm-32.csv
facebook/opt-6.7b,64,gemm,out_proj,32,4,92.16000139713287,416489472,417013760,524288,524288,1024,2026-04-14T11:53:09Z,baseline_nvml_pt,nvidia-smi,ok,0.0,5.0,1695.0,7601.0,68.59,0.27136000990867615,399.1953125,399.1953125,2.0,True,,,,,unavailable,,prefill-facebook-opt-6-7b-chunk-64-sm-32,success,,,/mnt/data/dheeraj/dicertation/inference-profile/runs/revised-full-20260414-g6-opt67b-c64-256/raw/points/prefill/prefill-facebook-opt-6-7b-chunk-64-sm-32.csv
facebook/opt-6.7b,64,gemm,fc1,32,4,243.42399835586548,416489472,418586624,2097152,2097152,1024,2026-04-14T11:53:09Z,baseline_nvml_pt,nvidia-smi,ok,0.0,5.0,1695.0,7601.0,68.59,0.27136000990867615,399.1953125,399.1953125,2.0,True,,,,,unavailable,,prefill-facebook-opt-6-7b-chunk-64-sm-32,success,,,/mnt/data/dheeraj/dicertation/inference-profile/runs/revised-full-20260414-g6-opt67b-c64-256/raw/points/prefill/prefill-facebook-opt-6-7b-chunk-64-sm-32.csv
facebook/opt-6.7b,64,gemm,fc2,32,4,266.2079930305481,416489472,417013760,524288,524288,1024,2026-04-14T11:53:09Z,baseline_nvml_pt,nvidia-smi,ok,0.0,5.0,1695.0,7601.0,68.59,0.27136000990867615,399.1953125,399.1953125,2.0,True,,,,,unavailable,,prefill-facebook-opt-6-7b-chunk-64-sm-32,success,,,/mnt/data/dheeraj/dicertation/inference-profile/runs/revised-full-20260414-g6-opt67b-c64-256/raw/points/prefill/prefill-facebook-opt-6-7b-chunk-64-sm-32.csv
facebook/opt-6.7b,64,attention,attention,32,4,53.50400134921074,416489472,417022976,533504,524288,1024,2026-04-14T11:53:09Z,baseline_nvml_pt,nvidia-smi,ok,0.0,5.0,1695.0,7601.0,68.59,0.27136000990867615,399.1953125,399.1953125,2.0,True,,,,,unavailable,,prefill-facebook-opt-6-7b-chunk-64-sm-32,success,,,/mnt/data/dheeraj/dicertation/inference-profile/runs/revised-full-20260414-g6-opt67b-c64-256/raw/points/prefill/prefill-facebook-opt-6-7b-chunk-64-sm-32.csv
facebook/opt-6.7b,128,gemm,q_proj,8,0,123.90399724245071,420683776,421732352,1048576,1048576,1024,2026-04-14T11:53:15Z,baseline_nvml_pt,nvidia-smi,ok,0.0,5.0,1695.0,8001.0,69.77,0.2969599962234497,405.1953125,405.1953125,4.0,True,,,,,unavailable,,prefill-facebook-opt-6-7b-chunk-128-sm-8,success,,,/mnt/data/dheeraj/dicertation/inference-profile/runs/revised-full-20260414-g6-opt67b-c64-256/raw/points/prefill/prefill-facebook-opt-6-7b-chunk-128-sm-8.csv
facebook/opt-6.7b,128,gemm,k_proj,8,0,108.5439994931221,420683776,421732352,1048576,1048576,1024,2026-04-14T11:53:15Z,baseline_nvml_pt,nvidia-smi,ok,0.0,5.0,1695.0,8001.0,69.77,0.2969599962234497,405.1953125,405.1953125,4.0,True,,,,,unavailable,,prefill-facebook-opt-6-7b-chunk-128-sm-8,success,,,/mnt/data/dheeraj/dicertation/inference-profile/runs/revised-full-20260414-g6-opt67b-c64-256/raw/points/prefill/prefill-facebook-opt-6-7b-chunk-128-sm-8.csv
facebook/opt-6.7b,128,gemm,v_proj,8,0,103.45599800348282,420683776,421732352,1048576,1048576,1024,2026-04-14T11:53:15Z,baseline_nvml_pt,nvidia-smi,ok,0.0,5.0,1695.0,8001.0,69.77,0.2969599962234497,405.1953125,405.1953125,4.0,True,,,,,unavailable,,prefill-facebook-opt-6-7b-chunk-128-sm-8,success,,,/mnt/data/dheeraj/dicertation/inference-profile/runs/revised-full-20260414-g6-opt67b-c64-256/raw/points/prefill/prefill-facebook-opt-6-7b-chunk-128-sm-8.csv
facebook/opt-6.7b,128,gemm,out_proj,8,0,104.38399761915207,420683776,421732352,1048576,1048576,1024,2026-04-14T11:53:15Z,baseline_nvml_pt,nvidia-smi,ok,0.0,5.0,1695.0,8001.0,69.77,0.2969599962234497,405.1953125,405.1953125,4.0,True,,,,,unavailable,,prefill-facebook-opt-6-7b-chunk-128-sm-8,success,,,/mnt/data/dheeraj/dicertation/inference-profile/runs/revised-full-20260414-g6-opt67b-c64-256/raw/points/prefill/prefill-facebook-opt-6-7b-chunk-128-sm-8.csv
facebook/opt-6.7b,128,gemm,fc1,8,0,269.3119943141937,420683776,424878080,4194304,4194304,1024,2026-04-14T11:53:15Z,baseline_nvml_pt,nvidia-smi,ok,0.0,5.0,1695.0,8001.0,69.77,0.2969599962234497,405.1953125,405.1953125,4.0,True,,,,,unavailable,,prefill-facebook-opt-6-7b-chunk-128-sm-8,success,,,/mnt/data/dheeraj/dicertation/inference-profile/runs/revised-full-20260414-g6-opt67b-c64-256/raw/points/prefill/prefill-facebook-opt-6-7b-chunk-128-sm-8.csv
facebook/opt-6.7b,128,gemm,fc2,8,0,296.9599962234497,420683776,421732352,1048576,1048576,1024,2026-04-14T11:53:15Z,baseline_nvml_pt,nvidia-smi,ok,0.0,5.0,1695.0,8001.0,69.77,0.2969599962234497,405.1953125,405.1953125,4.0,True,,,,,unavailable,,prefill-facebook-opt-6-7b-chunk-128-sm-8,success,,,/mnt/data/dheeraj/dicertation/inference-profile/runs/revised-full-20260414-g6-opt67b-c64-256/raw/points/prefill/prefill-facebook-opt-6-7b-chunk-128-sm-8.csv
facebook/opt-6.7b,128,attention,attention,8,0,56.32000043988228,420683776,421749760,1065984,1048576,1024,2026-04-14T11:53:15Z,baseline_nvml_pt,nvidia-smi,ok,0.0,5.0,1695.0,8001.0,69.77,0.2969599962234497,405.1953125,405.1953125,4.0,True,,,,,unavailable,,prefill-facebook-opt-6-7b-chunk-128-sm-8,success,,,/mnt/data/dheeraj/dicertation/inference-profile/runs/revised-full-20260414-g6-opt67b-c64-256/raw/points/prefill/prefill-facebook-opt-6-7b-chunk-128-sm-8.csv
facebook/opt-6.7b,128,gemm,q_proj,8,1,106.20799660682678,420683776,421732352,1048576,1048576,1024,2026-04-14T11:53:15Z,baseline_nvml_pt,nvidia-smi,ok,0.0,5.0,1695.0,8001.0,69.77,0.2969599962234497,405.1953125,405.1953125,4.0,True,,,,,unavailable,,prefill-facebook-opt-6-7b-chunk-128-sm-8,success,,,/mnt/data/dheeraj/dicertation/inference-profile/runs/revised-full-20260414-g6-opt67b-c64-256/raw/points/prefill/prefill-facebook-opt-6-7b-chunk-128-sm-8.csv
facebook/opt-6.7b,128,gemm,k_proj,8,1,102.39999741315842,420683776,421732352,1048576,1048576,1024,2026-04-14T11:53:15Z,baseline_nvml_pt,nvidia-smi,ok,0.0,5.0,1695.0,8001.0,69.77,0.2969599962234497,405.1953125,405.1953125,4.0,True,,,,,unavailable,,prefill-facebook-opt-6-7b-chunk-128-sm-8,success,,,/mnt/data/dheeraj/dicertation/inference-profile/runs/revised-full-20260414-g6-opt67b-c64-256/raw/points/prefill/prefill-facebook-opt-6-7b-chunk-128-sm-8.csv
facebook/opt-6.7b,128,gemm,v_proj,8,1,101.3759970664978,420683776,421732352,1048576,1048576,1024,2026-04-14T11:53:15Z,baseline_nvml_pt,nvidia-smi,ok,0.0,5.0,1695.0,8001.0,69.77,0.2969599962234497,405.1953125,405.1953125,4.0,True,,,,,unavailable,,prefill-facebook-opt-6-7b-chunk-128-sm-8,success,,,/mnt/data/dheeraj/dicertation/inference-profile/runs/revised-full-20260414-g6-opt67b-c64-256/raw/points/prefill/prefill-facebook-opt-6-7b-chunk-128-sm-8.csv
facebook/opt-6.7b,128,gemm,out_proj,8,1,100.35199671983719,420683776,421732352,1048576,1048576,1024,2026-04-14T11:53:15Z,baseline_nvml_pt,nvidia-smi,ok,0.0,5.0,1695.0,8001.0,69.77,0.2969599962234497,405.1953125,405.1953125,4.0,True,,,,,unavailable,,prefill-facebook-opt-6-7b-chunk-128-sm-8,success,,,/mnt/data/dheeraj/dicertation/inference-profile/runs/revised-full-20260414-g6-opt67b-c64-256/raw/points/prefill/prefill-facebook-opt-6-7b-chunk-128-sm-8.csv
facebook/opt-6.7b,128,gemm,fc1,8,1,268.2879865169525,420683776,424878080,4194304,4194304,1024,2026-04-14T11:53:15Z,baseline_nvml_pt,nvidia-smi,ok,0.0,5.0,1695.0,8001.0,69.77,0.2969599962234497,405.1953125,405.1953125,4.0,True,,,,,unavailable,,prefill-facebook-opt-6-7b-chunk-128-sm-8,success,,,/mnt/data/dheeraj/dicertation/inference-profile/runs/revised-full-20260414-g6-opt67b-c64-256/raw/points/prefill/prefill-facebook-opt-6-7b-chunk-128-sm-8.csv
facebook/opt-6.7b,128,gemm,fc2,8,1,289.792001247406,420683776,421732352,1048576,1048576,1024,2026-04-14T11:53:15Z,baseline_nvml_pt,nvidia-smi,ok,0.0,5.0,1695.0,8001.0,69.77,0.2969599962234497,405.1953125,405.1953125,4.0,True,,,,,unavailable,,prefill-facebook-opt-6-7b-chunk-128-sm-8,success,,,/mnt/data/dheeraj/dicertation/inference-profile/runs/revised-full-20260414-g6-opt67b-c64-256/raw/points/prefill/prefill-facebook-opt-6-7b-chunk-128-sm-8.csv
facebook/opt-6.7b,128,attention,attention,8,1,54.27199974656105,420683776,421749760,1065984,1048576,1024,2026-04-14T11:53:15Z,baseline_nvml_pt,nvidia-smi,ok,0.0,5.0,1695.0,8001.0,69.77,0.2969599962234497,405.1953125,405.1953125,4.0,True,,,,,unavailable,,prefill-facebook-opt-6-7b-chunk-128-sm-8,success,,,/mnt/data/dheeraj/dicertation/inference-profile/runs/revised-full-20260414-g6-opt67b-c64-256/raw/points/prefill/prefill-facebook-opt-6-7b-chunk-128-sm-8.csv
facebook/opt-6.7b,128,gemm,q_proj,8,2,106.4319983124733,420683776,421732352,1048576,1048576,1024,2026-04-14T11:53:15Z,baseline_nvml_pt,nvidia-smi,ok,0.0,5.0,1695.0,8001.0,69.77,0.2969599962234497,405.1953125,405.1953125,4.0,True,,,,,unavailable,,prefill-facebook-opt-6-7b-chunk-128-sm-8,success,,,/mnt/data/dheeraj/dicertation/inference-profile/runs/revised-full-20260414-g6-opt67b-c64-256/raw/points/prefill/prefill-facebook-opt-6-7b-chunk-128-sm-8.csv
facebook/opt-6.7b,128,gemm,k_proj,8,2,101.3759970664978,420683776,421732352,1048576,1048576,1024,2026-04-14T11:53:15Z,baseline_nvml_pt,nvidia-smi,ok,0.0,5.0,1695.0,8001.0,69.77,0.2969599962234497,405.1953125,405.1953125,4.0,True,,,,,unavailable,,prefill-facebook-opt-6-7b-chunk-128-sm-8,success,,,/mnt/data/dheeraj/dicertation/inference-profile/runs/revised-full-20260414-g6-opt67b-c64-256/raw/points/prefill/prefill-facebook-opt-6-7b-chunk-128-sm-8.csv
facebook/opt-6.7b,128,gemm,v_proj,8,2,107.51999914646149,420683776,421732352,1048576,1048576,1024,2026-04-14T11:53:15Z,baseline_nvml_pt,nvidia-smi,ok,0.0,5.0,1695.0,8001.0,69.77,0.2969599962234497,405.1953125,405.1953125,4.0,True,,,,,unavailable,,prefill-facebook-opt-6-7b-chunk-128-sm-8,success,,,/mnt/data/dheeraj/dicertation/inference-profile/runs/revised-full-20260414-g6-opt67b-c64-256/raw/points/prefill/prefill-facebook-opt-6-7b-chunk-128-sm-8.csv
facebook/opt-6.7b,128,gemm,out_proj,8,2,101.21600329875946,420683776,421732352,1048576,1048576,1024,2026-04-14T11:53:15Z,baseline_nvml_pt,nvidia-smi,ok,0.0,5.0,1695.0,8001.0,69.77,0.2969599962234497,405.1953125,405.1953125,4.0,True,,,,,unavailable,,prefill-facebook-opt-6-7b-chunk-128-sm-8,success,,,/mnt/data/dheeraj/dicertation/inference-profile/runs/revised-full-20260414-g6-opt67b-c64-256/raw/points/prefill/prefill-facebook-opt-6-7b-chunk-128-sm-8.csv
facebook/opt-6.7b,128,gemm,fc1,8,2,275.4560112953186,420683776,424878080,4194304,4194304,1024,2026-04-14T11:53:15Z,baseline_nvml_pt,nvidia-smi,ok,0.0,5.0,1695.0,8001.0,69.77,0.2969599962234497,405.1953125,405.1953125,4.0,True,,,,,unavailable,,prefill-facebook-opt-6-7b-chunk-128-sm-8,success,,,/mnt/data/dheeraj/dicertation/inference-profile/runs/revised-full-20260414-g6-opt67b-c64-256/raw/points/prefill/prefill-facebook-opt-6-7b-chunk-128-sm-8.csv
facebook/opt-6.7b,128,gemm,fc2,8,2,294.9120104312897,420683776,421732352,1048576,1048576,1024,2026-04-14T11:53:15Z,baseline_nvml_pt,nvidia-smi,ok,0.0,5.0,1695.0,8001.0,69.77,0.2969599962234497,405.1953125,405.1953125,4.0,True,,,,,unavailable,,prefill-facebook-opt-6-7b-chunk-128-sm-8,success,,,/mnt/data/dheeraj/dicertation/inference-profile/runs/revised-full-20260414-g6-opt67b-c64-256/raw/points/prefill/prefill-facebook-opt-6-7b-chunk-128-sm-8.csv
facebook/opt-6.7b,128,attention,attention,8,2,61.43999844789505,420683776,421749760,1065984,1048576,1024,2026-04-14T11:53:15Z,baseline_nvml_pt,nvidia-smi,ok,0.0,5.0,1695.0,8001.0,69.77,0.2969599962234497,405.1953125,405.1953125,4.0,True,,,,,unavailable,,prefill-facebook-opt-6-7b-chunk-128-sm-8,success,,,/mnt/data/dheeraj/dicertation/inference-profile/runs/revised-full-20260414-g6-opt67b-c64-256/raw/points/prefill/prefill-facebook-opt-6-7b-chunk-128-sm-8.csv
facebook/opt-6.7b,128,gemm,q_proj,8,3,106.33599758148193,420683776,421732352,1048576,1048576,1024,2026-04-14T11:53:15Z,baseline_nvml_pt,nvidia-smi,ok,0.0,5.0,1695.0,8001.0,69.77,0.2969599962234497,405.1953125,405.1953125,4.0,True,,,,,unavailable,,prefill-facebook-opt-6-7b-chunk-128-sm-8,success,,,/mnt/data/dheeraj/dicertation/inference-profile/runs/revised-full-20260414-g6-opt67b-c64-256/raw/points/prefill/prefill-facebook-opt-6-7b-chunk-128-sm-8.csv
facebook/opt-6.7b,128,gemm,k_proj,8,3,99.32799637317657,420683776,421732352,1048576,1048576,1024,2026-04-14T11:53:15Z,baseline_nvml_pt,nvidia-smi,ok,0.0,5.0,1695.0,8001.0,69.77,0.2969599962234497,405.1953125,405.1953125,4.0,True,,,,,unavailable,,prefill-facebook-opt-6-7b-chunk-128-sm-8,success,,,/mnt/data/dheeraj/dicertation/inference-profile/runs/revised-full-20260414-g6-opt67b-c64-256/raw/points/prefill/prefill-facebook-opt-6-7b-chunk-128-sm-8.csv
facebook/opt-6.7b,128,gemm,v_proj,8,3,101.3759970664978,420683776,421732352,1048576,1048576,1024,2026-04-14T11:53:15Z,baseline_nvml_pt,nvidia-smi,ok,0.0,5.0,1695.0,8001.0,69.77,0.2969599962234497,405.1953125,405.1953125,4.0,True,,,,,unavailable,,prefill-facebook-opt-6-7b-chunk-128-sm-8,success,,,/mnt/data/dheeraj/dicertation/inference-profile/runs/revised-full-20260414-g6-opt67b-c64-256/raw/points/prefill/prefill-facebook-opt-6-7b-chunk-128-sm-8.csv
facebook/opt-6.7b,128,gemm,out_proj,8,3,103.39199751615524,420683776,421732352,1048576,1048576,1024,2026-04-14T11:53:15Z,baseline_nvml_pt,nvidia-smi,ok,0.0,5.0,1695.0,8001.0,69.77,0.2969599962234497,405.1953125,405.1953125,4.0,True,,,,,unavailable,,prefill-facebook-opt-6-7b-chunk-128-sm-8,success,,,/mnt/data/dheeraj/dicertation/inference-profile/runs/revised-full-20260414-g6-opt67b-c64-256/raw/points/prefill/prefill-facebook-opt-6-7b-chunk-128-sm-8.csv
facebook/opt-6.7b,128,gemm,fc1,8,3,267.2640085220337,420683776,424878080,4194304,4194304,1024,2026-04-14T11:53:15Z,baseline_nvml_pt,nvidia-smi,ok,0.0,5.0,1695.0,8001.0,69.77,0.2969599962234497,405.1953125,405.1953125,4.0,True,,,,,unavailable,,prefill-facebook-opt-6-7b-chunk-128-sm-8,success,,,/mnt/data/dheeraj/dicertation/inference-profile/runs/revised-full-20260414-g6-opt67b-c64-256/raw/points/prefill/prefill-facebook-opt-6-7b-chunk-128-sm-8.csv
facebook/opt-6.7b,128,gemm,fc2,8,3,294.9120104312897,420683776,421732352,1048576,1048576,1024,2026-04-14T11:53:15Z,baseline_nvml_pt,nvidia-smi,ok,0.0,5.0,1695.0,8001.0,69.77,0.2969599962234497,405.1953125,405.1953125,4.0,True,,,,,unavailable,,prefill-facebook-opt-6-7b-chunk-128-sm-8,success,,,/mnt/data/dheeraj/dicertation/inference-profile/runs/revised-full-20260414-g6-opt67b-c64-256/raw/points/prefill/prefill-facebook-opt-6-7b-chunk-128-sm-8.csv
facebook/opt-6.7b,128,attention,attention,8,3,53.247999399900436,420683776,421749760,1065984,1048576,1024,2026-04-14T11:53:15Z,baseline_nvml_pt,nvidia-smi,ok,0.0,5.0,1695.0,8001.0,69.77,0.2969599962234497,405.1953125,405.1953125,4.0,True,,,,,unavailable,,prefill-facebook-opt-6-7b-chunk-128-sm-8,success,,,/mnt/data/dheeraj/dicertation/inference-profile/runs/revised-full-20260414-g6-opt67b-c64-256/raw/points/prefill/prefill-facebook-opt-6-7b-chunk-128-sm-8.csv
facebook/opt-6.7b,128,gemm,q_proj,8,4,103.42399775981903,420683776,421732352,1048576,1048576,1024,2026-04-14T11:53:15Z,baseline_nvml_pt,nvidia-smi,ok,0.0,5.0,1695.0,8001.0,69.77,0.2969599962234497,405.1953125,405.1953125,4.0,True,,,,,unavailable,,prefill-facebook-opt-6-7b-chunk-128-sm-8,success,,,/mnt/data/dheeraj/dicertation/inference-profile/runs/revised-full-20260414-g6-opt67b-c64-256/raw/points/prefill/prefill-facebook-opt-6-7b-chunk-128-sm-8.csv
facebook/opt-6.7b,128,gemm,k_proj,8,4,100.35199671983719,420683776,421732352,1048576,1048576,1024,2026-04-14T11:53:15Z,baseline_nvml_pt,nvidia-smi,ok,0.0,5.0,1695.0,8001.0,69.77,0.2969599962234497,405.1953125,405.1953125,4.0,True,,,,,unavailable,,prefill-facebook-opt-6-7b-chunk-128-sm-8,success,,,/mnt/data/dheeraj/dicertation/inference-profile/runs/revised-full-20260414-g6-opt67b-c64-256/raw/points/prefill/prefill-facebook-opt-6-7b-chunk-128-sm-8.csv
facebook/opt-6.7b,128,gemm,v_proj,8,4,100.35199671983719,420683776,421732352,1048576,1048576,1024,2026-04-14T11:53:15Z,baseline_nvml_pt,nvidia-smi,ok,0.0,5.0,1695.0,8001.0,69.77,0.2969599962234497,405.1953125,405.1953125,4.0,True,,,,,unavailable,,prefill-facebook-opt-6-7b-chunk-128-sm-8,success,,,/mnt/data/dheeraj/dicertation/inference-profile/runs/revised-full-20260414-g6-opt67b-c64-256/raw/points/prefill/prefill-facebook-opt-6-7b-chunk-128-sm-8.csv
facebook/opt-6.7b,128,gemm,out_proj,8,4,99.32799637317657,420683776,421732352,1048576,1048576,1024,2026-04-14T11:53:15Z,baseline_nvml_pt,nvidia-smi,ok,0.0,5.0,1695.0,8001.0,69.77,0.2969599962234497,405.1953125,405.1953125,4.0,True,,,,,unavailable,,prefill-facebook-opt-6-7b-chunk-128-sm-8,success,,,/mnt/data/dheeraj/dicertation/inference-profile/runs/revised-full-20260414-g6-opt67b-c64-256/raw/points/prefill/prefill-facebook-opt-6-7b-chunk-128-sm-8.csv
facebook/opt-6.7b,128,gemm,fc1,8,4,267.520010471344,420683776,424878080,4194304,4194304,1024,2026-04-14T11:53:15Z,baseline_nvml_pt,nvidia-smi,ok,0.0,5.0,1695.0,8001.0,69.77,0.2969599962234497,405.1953125,405.1953125,4.0,True,,,,,unavailable,,prefill-facebook-opt-6-7b-chunk-128-sm-8,success,,,/mnt/data/dheeraj/dicertation/inference-profile/runs/revised-full-20260414-g6-opt67b-c64-256/raw/points/prefill/prefill-facebook-opt-6-7b-chunk-128-sm-8.csv
facebook/opt-6.7b,128,gemm,fc2,8,4,291.83998703956604,420683776,421732352,1048576,1048576,1024,2026-04-14T11:53:15Z,baseline_nvml_pt,nvidia-smi,ok,0.0,5.0,1695.0,8001.0,69.77,0.2969599962234497,405.1953125,405.1953125,4.0,True,,,,,unavailable,,prefill-facebook-opt-6-7b-chunk-128-sm-8,success,,,/mnt/data/dheeraj/dicertation/inference-profile/runs/revised-full-20260414-g6-opt67b-c64-256/raw/points/prefill/prefill-facebook-opt-6-7b-chunk-128-sm-8.csv
facebook/opt-6.7b,128,attention,attention,8,4,61.40799820423126,420683776,421749760,1065984,1048576,1024,2026-04-14T11:53:15Z,baseline_nvml_pt,nvidia-smi,ok,0.0,5.0,1695.0,8001.0,69.77,0.2969599962234497,405.1953125,405.1953125,4.0,True,,,,,unavailable,,prefill-facebook-opt-6-7b-chunk-128-sm-8,success,,,/mnt/data/dheeraj/dicertation/inference-profile/runs/revised-full-20260414-g6-opt67b-c64-256/raw/points/prefill/prefill-facebook-opt-6-7b-chunk-128-sm-8.csv
facebook/opt-6.7b,128,gemm,q_proj,16,0,125.88800489902496,420683776,421732352,1048576,1048576,1024,2026-04-14T11:53:20Z,baseline_nvml_pt,nvidia-smi,ok,0.0,5.0,1695.0,8001.0,70.02,0.2979840040206909,405.1953125,405.1953125,4.0,True,,,,,unavailable,,prefill-facebook-opt-6-7b-chunk-128-sm-16,success,,,/mnt/data/dheeraj/dicertation/inference-profile/runs/revised-full-20260414-g6-opt67b-c64-256/raw/points/prefill/prefill-facebook-opt-6-7b-chunk-128-sm-16.csv
facebook/opt-6.7b,128,gemm,k_proj,16,0,113.47199976444244,420683776,421732352,1048576,1048576,1024,2026-04-14T11:53:20Z,baseline_nvml_pt,nvidia-smi,ok,0.0,5.0,1695.0,8001.0,70.02,0.2979840040206909,405.1953125,405.1953125,4.0,True,,,,,unavailable,,prefill-facebook-opt-6-7b-chunk-128-sm-16,success,,,/mnt/data/dheeraj/dicertation/inference-profile/runs/revised-full-20260414-g6-opt67b-c64-256/raw/points/prefill/prefill-facebook-opt-6-7b-chunk-128-sm-16.csv
facebook/opt-6.7b,128,gemm,v_proj,16,0,104.44799810647964,420683776,421732352,1048576,1048576,1024,2026-04-14T11:53:20Z,baseline_nvml_pt,nvidia-smi,ok,0.0,5.0,1695.0,8001.0,70.02,0.2979840040206909,405.1953125,405.1953125,4.0,True,,,,,unavailable,,prefill-facebook-opt-6-7b-chunk-128-sm-16,success,,,/mnt/data/dheeraj/dicertation/inference-profile/runs/revised-full-20260414-g6-opt67b-c64-256/raw/points/prefill/prefill-facebook-opt-6-7b-chunk-128-sm-16.csv
facebook/opt-6.7b,128,gemm,out_proj,16,0,105.47199845314026,420683776,421732352,1048576,1048576,1024,2026-04-14T11:53:20Z,baseline_nvml_pt,nvidia-smi,ok,0.0,5.0,1695.0,8001.0,70.02,0.2979840040206909,405.1953125,405.1953125,4.0,True,,,,,unavailable,,prefill-facebook-opt-6-7b-chunk-128-sm-16,success,,,/mnt/data/dheeraj/dicertation/inference-profile/runs/revised-full-20260414-g6-opt67b-c64-256/raw/points/prefill/prefill-facebook-opt-6-7b-chunk-128-sm-16.csv
facebook/opt-6.7b,128,gemm,fc1,16,0,274.59201216697693,420683776,424878080,4194304,4194304,1024,2026-04-14T11:53:20Z,baseline_nvml_pt,nvidia-smi,ok,0.0,5.0,1695.0,8001.0,70.02,0.2979840040206909,405.1953125,405.1953125,4.0,True,,,,,unavailable,,prefill-facebook-opt-6-7b-chunk-128-sm-16,success,,,/mnt/data/dheeraj/dicertation/inference-profile/runs/revised-full-20260414-g6-opt67b-c64-256/raw/points/prefill/prefill-facebook-opt-6-7b-chunk-128-sm-16.csv
facebook/opt-6.7b,128,gemm,fc2,16,0,297.9840040206909,420683776,421732352,1048576,1048576,1024,2026-04-14T11:53:20Z,baseline_nvml_pt,nvidia-smi,ok,0.0,5.0,1695.0,8001.0,70.02,0.2979840040206909,405.1953125,405.1953125,4.0,True,,,,,unavailable,,prefill-facebook-opt-6-7b-chunk-128-sm-16,success,,,/mnt/data/dheeraj/dicertation/inference-profile/runs/revised-full-20260414-g6-opt67b-c64-256/raw/points/prefill/prefill-facebook-opt-6-7b-chunk-128-sm-16.csv
facebook/opt-6.7b,128,attention,attention,16,0,60.32000109553337,420683776,421749760,1065984,1048576,1024,2026-04-14T11:53:20Z,baseline_nvml_pt,nvidia-smi,ok,0.0,5.0,1695.0,8001.0,70.02,0.2979840040206909,405.1953125,405.1953125,4.0,True,,,,,unavailable,,prefill-facebook-opt-6-7b-chunk-128-sm-16,success,,,/mnt/data/dheeraj/dicertation/inference-profile/runs/revised-full-20260414-g6-opt67b-c64-256/raw/points/prefill/prefill-facebook-opt-6-7b-chunk-128-sm-16.csv
facebook/opt-6.7b,128,gemm,q_proj,16,1,112.73600161075592,420683776,421732352,1048576,1048576,1024,2026-04-14T11:53:20Z,baseline_nvml_pt,nvidia-smi,ok,0.0,5.0,1695.0,8001.0,70.02,0.2979840040206909,405.1953125,405.1953125,4.0,True,,,,,unavailable,,prefill-facebook-opt-6-7b-chunk-128-sm-16,success,,,/mnt/data/dheeraj/dicertation/inference-profile/runs/revised-full-20260414-g6-opt67b-c64-256/raw/points/prefill/prefill-facebook-opt-6-7b-chunk-128-sm-16.csv
facebook/opt-6.7b,128,gemm,k_proj,16,1,104.44799810647964,420683776,421732352,1048576,1048576,1024,2026-04-14T11:53:20Z,baseline_nvml_pt,nvidia-smi,ok,0.0,5.0,1695.0,8001.0,70.02,0.2979840040206909,405.1953125,405.1953125,4.0,True,,,,,unavailable,,prefill-facebook-opt-6-7b-chunk-128-sm-16,success,,,/mnt/data/dheeraj/dicertation/inference-profile/runs/revised-full-20260414-g6-opt67b-c64-256/raw/points/prefill/prefill-facebook-opt-6-7b-chunk-128-sm-16.csv
facebook/opt-6.7b,128,gemm,v_proj,16,1,101.3759970664978,420683776,421732352,1048576,1048576,1024,2026-04-14T11:53:20Z,baseline_nvml_pt,nvidia-smi,ok,0.0,5.0,1695.0,8001.0,70.02,0.2979840040206909,405.1953125,405.1953125,4.0,True,,,,,unavailable,,prefill-facebook-opt-6-7b-chunk-128-sm-16,success,,,/mnt/data/dheeraj/dicertation/inference-profile/runs/revised-full-20260414-g6-opt67b-c64-256/raw/points/prefill/prefill-facebook-opt-6-7b-chunk-128-sm-16.csv
facebook/opt-6.7b,128,gemm,out_proj,16,1,101.3759970664978,420683776,421732352,1048576,1048576,1024,2026-04-14T11:53:20Z,baseline_nvml_pt,nvidia-smi,ok,0.0,5.0,1695.0,8001.0,70.02,0.2979840040206909,405.1953125,405.1953125,4.0,True,,,,,unavailable,,prefill-facebook-opt-6-7b-chunk-128-sm-16,success,,,/mnt/data/dheeraj/dicertation/inference-profile/runs/revised-full-20260414-g6-opt67b-c64-256/raw/points/prefill/prefill-facebook-opt-6-7b-chunk-128-sm-16.csv
facebook/opt-6.7b,128,gemm,fc1,16,1,269.0880000591278,420683776,424878080,4194304,4194304,1024,2026-04-14T11:53:20Z,baseline_nvml_pt,nvidia-smi,ok,0.0,5.0,1695.0,8001.0,70.02,0.2979840040206909,405.1953125,405.1953125,4.0,True,,,,,unavailable,,prefill-facebook-opt-6-7b-chunk-128-sm-16,success,,,/mnt/data/dheeraj/dicertation/inference-profile/runs/revised-full-20260414-g6-opt67b-c64-256/raw/points/prefill/prefill-facebook-opt-6-7b-chunk-128-sm-16.csv
facebook/opt-6.7b,128,gemm,fc2,16,1,293.88800263404846,420683776,421732352,1048576,1048576,1024,2026-04-14T11:53:20Z,baseline_nvml_pt,nvidia-smi,ok,0.0,5.0,1695.0,8001.0,70.02,0.2979840040206909,405.1953125,405.1953125,4.0,True,,,,,unavailable,,prefill-facebook-opt-6-7b-chunk-128-sm-16,success,,,/mnt/data/dheeraj/dicertation/inference-profile/runs/revised-full-20260414-g6-opt67b-c64-256/raw/points/prefill/prefill-facebook-opt-6-7b-chunk-128-sm-16.csv
facebook/opt-6.7b,128,attention,attention,16,1,55.58399856090546,420683776,421749760,1065984,1048576,1024,2026-04-14T11:53:20Z,baseline_nvml_pt,nvidia-smi,ok,0.0,5.0,1695.0,8001.0,70.02,0.2979840040206909,405.1953125,405.1953125,4.0,True,,,,,unavailable,,prefill-facebook-opt-6-7b-chunk-128-sm-16,success,,,/mnt/data/dheeraj/dicertation/inference-profile/runs/revised-full-20260414-g6-opt67b-c64-256/raw/points/prefill/prefill-facebook-opt-6-7b-chunk-128-sm-16.csv
facebook/opt-6.7b,128,gemm,q_proj,16,2,107.51999914646149,420683776,421732352,1048576,1048576,1024,2026-04-14T11:53:20Z,baseline_nvml_pt,nvidia-smi,ok,0.0,5.0,1695.0,8001.0,70.02,0.2979840040206909,405.1953125,405.1953125,4.0,True,,,,,unavailable,,prefill-facebook-opt-6-7b-chunk-128-sm-16,success,,,/mnt/data/dheeraj/dicertation/inference-profile/runs/revised-full-20260414-g6-opt67b-c64-256/raw/points/prefill/prefill-facebook-opt-6-7b-chunk-128-sm-16.csv
facebook/opt-6.7b,128,gemm,k_proj,16,2,102.39999741315842,420683776,421732352,1048576,1048576,1024,2026-04-14T11:53:20Z,baseline_nvml_pt,nvidia-smi,ok,0.0,5.0,1695.0,8001.0,70.02,0.2979840040206909,405.1953125,405.1953125,4.0,True,,,,,unavailable,,prefill-facebook-opt-6-7b-chunk-128-sm-16,success,,,/mnt/data/dheeraj/dicertation/inference-profile/runs/revised-full-20260414-g6-opt67b-c64-256/raw/points/prefill/prefill-facebook-opt-6-7b-chunk-128-sm-16.csv
facebook/opt-6.7b,128,gemm,v_proj,16,2,109.56799983978271,420683776,421732352,1048576,1048576,1024,2026-04-14T11:53:20Z,baseline_nvml_pt,nvidia-smi,ok,0.0,5.0,1695.0,8001.0,70.02,0.2979840040206909,405.1953125,405.1953125,4.0,True,,,,,unavailable,,prefill-facebook-opt-6-7b-chunk-128-sm-16,success,,,/mnt/data/dheeraj/dicertation/inference-profile/runs/revised-full-20260414-g6-opt67b-c64-256/raw/points/prefill/prefill-facebook-opt-6-7b-chunk-128-sm-16.csv
facebook/opt-6.7b,128,gemm,out_proj,16,2,101.3759970664978,420683776,421732352,1048576,1048576,1024,2026-04-14T11:53:20Z,baseline_nvml_pt,nvidia-smi,ok,0.0,5.0,1695.0,8001.0,70.02,0.2979840040206909,405.1953125,405.1953125,4.0,True,,,,,unavailable,,prefill-facebook-opt-6-7b-chunk-128-sm-16,success,,,/mnt/data/dheeraj/dicertation/inference-profile/runs/revised-full-20260414-g6-opt67b-c64-256/raw/points/prefill/prefill-facebook-opt-6-7b-chunk-128-sm-16.csv
facebook/opt-6.7b,128,gemm,fc1,16,2,270.27198672294617,420683776,424878080,4194304,4194304,1024,2026-04-14T11:53:20Z,baseline_nvml_pt,nvidia-smi,ok,0.0,5.0,1695.0,8001.0,70.02,0.2979840040206909,405.1953125,405.1953125,4.0,True,,,,,unavailable,,prefill-facebook-opt-6-7b-chunk-128-sm-16,success,,,/mnt/data/dheeraj/dicertation/inference-profile/runs/revised-full-20260414-g6-opt67b-c64-256/raw/points/prefill/prefill-facebook-opt-6-7b-chunk-128-sm-16.csv
facebook/opt-6.7b,128,gemm,fc2,16,2,295.9359884262085,420683776,421732352,1048576,1048576,1024,2026-04-14T11:53:20Z,baseline_nvml_pt,nvidia-smi,ok,0.0,5.0,1695.0,8001.0,70.02,0.2979840040206909,405.1953125,405.1953125,4.0,True,,,,,unavailable,,prefill-facebook-opt-6-7b-chunk-128-sm-16,success,,,/mnt/data/dheeraj/dicertation/inference-profile/runs/revised-full-20260414-g6-opt67b-c64-256/raw/points/prefill/prefill-facebook-opt-6-7b-chunk-128-sm-16.csv
facebook/opt-6.7b,128,attention,attention,16,2,57.11999908089638,420683776,421749760,1065984,1048576,1024,2026-04-14T11:53:20Z,baseline_nvml_pt,nvidia-smi,ok,0.0,5.0,1695.0,8001.0,70.02,0.2979840040206909,405.1953125,405.1953125,4.0,True,,,,,unavailable,,prefill-facebook-opt-6-7b-chunk-128-sm-16,success,,,/mnt/data/dheeraj/dicertation/inference-profile/runs/revised-full-20260414-g6-opt67b-c64-256/raw/points/prefill/prefill-facebook-opt-6-7b-chunk-128-sm-16.csv
facebook/opt-6.7b,128,gemm,q_proj,16,3,106.30399733781815,420683776,421732352,1048576,1048576,1024,2026-04-14T11:53:20Z,baseline_nvml_pt,nvidia-smi,ok,0.0,5.0,1695.0,8001.0,70.02,0.2979840040206909,405.1953125,405.1953125,4.0,True,,,,,unavailable,,prefill-facebook-opt-6-7b-chunk-128-sm-16,success,,,/mnt/data/dheeraj/dicertation/inference-profile/runs/revised-full-20260414-g6-opt67b-c64-256/raw/points/prefill/prefill-facebook-opt-6-7b-chunk-128-sm-16.csv
facebook/opt-6.7b,128,gemm,k_proj,16,3,99.32799637317657,420683776,421732352,1048576,1048576,1024,2026-04-14T11:53:20Z,baseline_nvml_pt,nvidia-smi,ok,0.0,5.0,1695.0,8001.0,70.02,0.2979840040206909,405.1953125,405.1953125,4.0,True,,,,,unavailable,,prefill-facebook-opt-6-7b-chunk-128-sm-16,success,,,/mnt/data/dheeraj/dicertation/inference-profile/runs/revised-full-20260414-g6-opt67b-c64-256/raw/points/prefill/prefill-facebook-opt-6-7b-chunk-128-sm-16.csv
facebook/opt-6.7b,128,gemm,v_proj,16,3,106.75200074911118,420683776,421732352,1048576,1048576,1024,2026-04-14T11:53:20Z,baseline_nvml_pt,nvidia-smi,ok,0.0,5.0,1695.0,8001.0,70.02,0.2979840040206909,405.1953125,405.1953125,4.0,True,,,,,unavailable,,prefill-facebook-opt-6-7b-chunk-128-sm-16,success,,,/mnt/data/dheeraj/dicertation/inference-profile/runs/revised-full-20260414-g6-opt67b-c64-256/raw/points/prefill/prefill-facebook-opt-6-7b-chunk-128-sm-16.csv
facebook/opt-6.7b,128,gemm,out_proj,16,3,102.39999741315842,420683776,421732352,1048576,1048576,1024,2026-04-14T11:53:20Z,baseline_nvml_pt,nvidia-smi,ok,0.0,5.0,1695.0,8001.0,70.02,0.2979840040206909,405.1953125,405.1953125,4.0,True,,,,,unavailable,,prefill-facebook-opt-6-7b-chunk-128-sm-16,success,,,/mnt/data/dheeraj/dicertation/inference-profile/runs/revised-full-20260414-g6-opt67b-c64-256/raw/points/prefill/prefill-facebook-opt-6-7b-chunk-128-sm-16.csv
facebook/opt-6.7b,128,gemm,fc1,16,3,269.3119943141937,420683776,424878080,4194304,4194304,1024,2026-04-14T11:53:20Z,baseline_nvml_pt,nvidia-smi,ok,0.0,5.0,1695.0,8001.0,70.02,0.2979840040206909,405.1953125,405.1953125,4.0,True,,,,,unavailable,,prefill-facebook-opt-6-7b-chunk-128-sm-16,success,,,/mnt/data/dheeraj/dicertation/inference-profile/runs/revised-full-20260414-g6-opt67b-c64-256/raw/points/prefill/prefill-facebook-opt-6-7b-chunk-128-sm-16.csv
facebook/opt-6.7b,128,gemm,fc2,16,3,295.9359884262085,420683776,421732352,1048576,1048576,1024,2026-04-14T11:53:20Z,baseline_nvml_pt,nvidia-smi,ok,0.0,5.0,1695.0,8001.0,70.02,0.2979840040206909,405.1953125,405.1953125,4.0,True,,,,,unavailable,,prefill-facebook-opt-6-7b-chunk-128-sm-16,success,,,/mnt/data/dheeraj/dicertation/inference-profile/runs/revised-full-20260414-g6-opt67b-c64-256/raw/points/prefill/prefill-facebook-opt-6-7b-chunk-128-sm-16.csv
facebook/opt-6.7b,128,attention,attention,16,3,54.27199974656105,420683776,421749760,1065984,1048576,1024,2026-04-14T11:53:20Z,baseline_nvml_pt,nvidia-smi,ok,0.0,5.0,1695.0,8001.0,70.02,0.2979840040206909,405.1953125,405.1953125,4.0,True,,,,,unavailable,,prefill-facebook-opt-6-7b-chunk-128-sm-16,success,,,/mnt/data/dheeraj/dicertation/inference-profile/runs/revised-full-20260414-g6-opt67b-c64-256/raw/points/prefill/prefill-facebook-opt-6-7b-chunk-128-sm-16.csv
facebook/opt-6.7b,128,gemm,q_proj,16,4,106.49599879980087,420683776,421732352,1048576,1048576,1024,2026-04-14T11:53:20Z,baseline_nvml_pt,nvidia-smi,ok,0.0,5.0,1695.0,8001.0,70.02,0.2979840040206909,405.1953125,405.1953125,4.0,True,,,,,unavailable,,prefill-facebook-opt-6-7b-chunk-128-sm-16,success,,,/mnt/data/dheeraj/dicertation/inference-profile/runs/revised-full-20260414-g6-opt67b-c64-256/raw/points/prefill/prefill-facebook-opt-6-7b-chunk-128-sm-16.csv
facebook/opt-6.7b,128,gemm,k_proj,16,4,100.35199671983719,420683776,421732352,1048576,1048576,1024,2026-04-14T11:53:20Z,baseline_nvml_pt,nvidia-smi,ok,0.0,5.0,1695.0,8001.0,70.02,0.2979840040206909,405.1953125,405.1953125,4.0,True,,,,,unavailable,,prefill-facebook-opt-6-7b-chunk-128-sm-16,success,,,/mnt/data/dheeraj/dicertation/inference-profile/runs/revised-full-20260414-g6-opt67b-c64-256/raw/points/prefill/prefill-facebook-opt-6-7b-chunk-128-sm-16.csv
facebook/opt-6.7b,128,gemm,v_proj,16,4,100.35199671983719,420683776,421732352,1048576,1048576,1024,2026-04-14T11:53:20Z,baseline_nvml_pt,nvidia-smi,ok,0.0,5.0,1695.0,8001.0,70.02,0.2979840040206909,405.1953125,405.1953125,4.0,True,,,,,unavailable,,prefill-facebook-opt-6-7b-chunk-128-sm-16,success,,,/mnt/data/dheeraj/dicertation/inference-profile/runs/revised-full-20260414-g6-opt67b-c64-256/raw/points/prefill/prefill-facebook-opt-6-7b-chunk-128-sm-16.csv
facebook/opt-6.7b,128,gemm,out_proj,16,4,108.51199924945831,420683776,421732352,1048576,1048576,1024,2026-04-14T11:53:20Z,baseline_nvml_pt,nvidia-smi,ok,0.0,5.0,1695.0,8001.0,70.02,0.2979840040206909,405.1953125,405.1953125,4.0,True,,,,,unavailable,,prefill-facebook-opt-6-7b-chunk-128-sm-16,success,,,/mnt/data/dheeraj/dicertation/inference-profile/runs/revised-full-20260414-g6-opt67b-c64-256/raw/points/prefill/prefill-facebook-opt-6-7b-chunk-128-sm-16.csv
facebook/opt-6.7b,128,gemm,fc1,16,4,268.0320143699646,420683776,424878080,4194304,4194304,1024,2026-04-14T11:53:20Z,baseline_nvml_pt,nvidia-smi,ok,0.0,5.0,1695.0,8001.0,70.02,0.2979840040206909,405.1953125,405.1953125,4.0,True,,,,,unavailable,,prefill-facebook-opt-6-7b-chunk-128-sm-16,success,,,/mnt/data/dheeraj/dicertation/inference-profile/runs/revised-full-20260414-g6-opt67b-c64-256/raw/points/prefill/prefill-facebook-opt-6-7b-chunk-128-sm-16.csv
facebook/opt-6.7b,128,gemm,fc2,16,4,293.88800263404846,420683776,421732352,1048576,1048576,1024,2026-04-14T11:53:20Z,baseline_nvml_pt,nvidia-smi,ok,0.0,5.0,1695.0,8001.0,70.02,0.2979840040206909,405.1953125,405.1953125,4.0,True,,,,,unavailable,,prefill-facebook-opt-6-7b-chunk-128-sm-16,success,,,/mnt/data/dheeraj/dicertation/inference-profile/runs/revised-full-20260414-g6-opt67b-c64-256/raw/points/prefill/prefill-facebook-opt-6-7b-chunk-128-sm-16.csv
facebook/opt-6.7b,128,attention,attention,16,4,54.46400120854378,420683776,421749760,1065984,1048576,1024,2026-04-14T11:53:20Z,baseline_nvml_pt,nvidia-smi,ok,0.0,5.0,1695.0,8001.0,70.02,0.2979840040206909,405.1953125,405.1953125,4.0,True,,,,,unavailable,,prefill-facebook-opt-6-7b-chunk-128-sm-16,success,,,/mnt/data/dheeraj/dicertation/inference-profile/runs/revised-full-20260414-g6-opt67b-c64-256/raw/points/prefill/prefill-facebook-opt-6-7b-chunk-128-sm-16.csv
facebook/opt-6.7b,128,gemm,q_proj,24,0,131.071999669075,420683776,421732352,1048576,1048576,1024,2026-04-14T11:53:25Z,baseline_nvml_pt,nvidia-smi,ok,0.0,5.0,1695.0,7601.0,69.85,0.2969599962234497,405.1953125,405.1953125,4.0,True,,,,,unavailable,,prefill-facebook-opt-6-7b-chunk-128-sm-24,success,,,/mnt/data/dheeraj/dicertation/inference-profile/runs/revised-full-20260414-g6-opt67b-c64-256/raw/points/prefill/prefill-facebook-opt-6-7b-chunk-128-sm-24.csv
facebook/opt-6.7b,128,gemm,k_proj,24,0,110.59200018644333,420683776,421732352,1048576,1048576,1024,2026-04-14T11:53:25Z,baseline_nvml_pt,nvidia-smi,ok,0.0,5.0,1695.0,7601.0,69.85,0.2969599962234497,405.1953125,405.1953125,4.0,True,,,,,unavailable,,prefill-facebook-opt-6-7b-chunk-128-sm-24,success,,,/mnt/data/dheeraj/dicertation/inference-profile/runs/revised-full-20260414-g6-opt67b-c64-256/raw/points/prefill/prefill-facebook-opt-6-7b-chunk-128-sm-24.csv
facebook/opt-6.7b,128,gemm,v_proj,24,0,104.44799810647964,420683776,421732352,1048576,1048576,1024,2026-04-14T11:53:25Z,baseline_nvml_pt,nvidia-smi,ok,0.0,5.0,1695.0,7601.0,69.85,0.2969599962234497,405.1953125,405.1953125,4.0,True,,,,,unavailable,,prefill-facebook-opt-6-7b-chunk-128-sm-24,success,,,/mnt/data/dheeraj/dicertation/inference-profile/runs/revised-full-20260414-g6-opt67b-c64-256/raw/points/prefill/prefill-facebook-opt-6-7b-chunk-128-sm-24.csv
facebook/opt-6.7b,128,gemm,out_proj,24,0,102.39999741315842,420683776,421732352,1048576,1048576,1024,2026-04-14T11:53:25Z,baseline_nvml_pt,nvidia-smi,ok,0.0,5.0,1695.0,7601.0,69.85,0.2969599962234497,405.1953125,405.1953125,4.0,True,,,,,unavailable,,prefill-facebook-opt-6-7b-chunk-128-sm-24,success,,,/mnt/data/dheeraj/dicertation/inference-profile/runs/revised-full-20260414-g6-opt67b-c64-256/raw/points/prefill/prefill-facebook-opt-6-7b-chunk-128-sm-24.csv
facebook/opt-6.7b,128,gemm,fc1,24,0,269.3119943141937,420683776,424878080,4194304,4194304,1024,2026-04-14T11:53:25Z,baseline_nvml_pt,nvidia-smi,ok,0.0,5.0,1695.0,7601.0,69.85,0.2969599962234497,405.1953125,405.1953125,4.0,True,,,,,unavailable,,prefill-facebook-opt-6-7b-chunk-128-sm-24,success,,,/mnt/data/dheeraj/dicertation/inference-profile/runs/revised-full-20260414-g6-opt67b-c64-256/raw/points/prefill/prefill-facebook-opt-6-7b-chunk-128-sm-24.csv
facebook/opt-6.7b,128,gemm,fc2,24,0,296.9599962234497,420683776,421732352,1048576,1048576,1024,2026-04-14T11:53:25Z,baseline_nvml_pt,nvidia-smi,ok,0.0,5.0,1695.0,7601.0,69.85,0.2969599962234497,405.1953125,405.1953125,4.0,True,,,,,unavailable,,prefill-facebook-opt-6-7b-chunk-128-sm-24,success,,,/mnt/data/dheeraj/dicertation/inference-profile/runs/revised-full-20260414-g6-opt67b-c64-256/raw/points/prefill/prefill-facebook-opt-6-7b-chunk-128-sm-24.csv
facebook/opt-6.7b,128,attention,attention,24,0,57.34400078654289,420683776,421749760,1065984,1048576,1024,2026-04-14T11:53:25Z,baseline_nvml_pt,nvidia-smi,ok,0.0,5.0,1695.0,7601.0,69.85,0.2969599962234497,405.1953125,405.1953125,4.0,True,,,,,unavailable,,prefill-facebook-opt-6-7b-chunk-128-sm-24,success,,,/mnt/data/dheeraj/dicertation/inference-profile/runs/revised-full-20260414-g6-opt67b-c64-256/raw/points/prefill/prefill-facebook-opt-6-7b-chunk-128-sm-24.csv
facebook/opt-6.7b,128,gemm,q_proj,24,1,106.49599879980087,420683776,421732352,1048576,1048576,1024,2026-04-14T11:53:25Z,baseline_nvml_pt,nvidia-smi,ok,0.0,5.0,1695.0,7601.0,69.85,0.2969599962234497,405.1953125,405.1953125,4.0,True,,,,,unavailable,,prefill-facebook-opt-6-7b-chunk-128-sm-24,success,,,/mnt/data/dheeraj/dicertation/inference-profile/runs/revised-full-20260414-g6-opt67b-c64-256/raw/points/prefill/prefill-facebook-opt-6-7b-chunk-128-sm-24.csv
facebook/opt-6.7b,128,gemm,k_proj,24,1,101.3759970664978,420683776,421732352,1048576,1048576,1024,2026-04-14T11:53:25Z,baseline_nvml_pt,nvidia-smi,ok,0.0,5.0,1695.0,7601.0,69.85,0.2969599962234497,405.1953125,405.1953125,4.0,True,,,,,unavailable,,prefill-facebook-opt-6-7b-chunk-128-sm-24,success,,,/mnt/data/dheeraj/dicertation/inference-profile/runs/revised-full-20260414-g6-opt67b-c64-256/raw/points/prefill/prefill-facebook-opt-6-7b-chunk-128-sm-24.csv
facebook/opt-6.7b,128,gemm,v_proj,24,1,101.3759970664978,420683776,421732352,1048576,1048576,1024,2026-04-14T11:53:25Z,baseline_nvml_pt,nvidia-smi,ok,0.0,5.0,1695.0,7601.0,69.85,0.2969599962234497,405.1953125,405.1953125,4.0,True,,,,,unavailable,,prefill-facebook-opt-6-7b-chunk-128-sm-24,success,,,/mnt/data/dheeraj/dicertation/inference-profile/runs/revised-full-20260414-g6-opt67b-c64-256/raw/points/prefill/prefill-facebook-opt-6-7b-chunk-128-sm-24.csv
facebook/opt-6.7b,128,gemm,out_proj,24,1,101.3759970664978,420683776,421732352,1048576,1048576,1024,2026-04-14T11:53:25Z,baseline_nvml_pt,nvidia-smi,ok,0.0,5.0,1695.0,7601.0,69.85,0.2969599962234497,405.1953125,405.1953125,4.0,True,,,,,unavailable,,prefill-facebook-opt-6-7b-chunk-128-sm-24,success,,,/mnt/data/dheeraj/dicertation/inference-profile/runs/revised-full-20260414-g6-opt67b-c64-256/raw/points/prefill/prefill-facebook-opt-6-7b-chunk-128-sm-24.csv
facebook/opt-6.7b,128,gemm,fc1,24,1,265.21599292755127,420683776,424878080,4194304,4194304,1024,2026-04-14T11:53:25Z,baseline_nvml_pt,nvidia-smi,ok,0.0,5.0,1695.0,7601.0,69.85,0.2969599962234497,405.1953125,405.1953125,4.0,True,,,,,unavailable,,prefill-facebook-opt-6-7b-chunk-128-sm-24,success,,,/mnt/data/dheeraj/dicertation/inference-profile/runs/revised-full-20260414-g6-opt67b-c64-256/raw/points/prefill/prefill-facebook-opt-6-7b-chunk-128-sm-24.csv
facebook/opt-6.7b,128,gemm,fc2,24,1,293.7920093536377,420683776,421732352,1048576,1048576,1024,2026-04-14T11:53:25Z,baseline_nvml_pt,nvidia-smi,ok,0.0,5.0,1695.0,7601.0,69.85,0.2969599962234497,405.1953125,405.1953125,4.0,True,,,,,unavailable,,prefill-facebook-opt-6-7b-chunk-128-sm-24,success,,,/mnt/data/dheeraj/dicertation/inference-profile/runs/revised-full-20260414-g6-opt67b-c64-256/raw/points/prefill/prefill-facebook-opt-6-7b-chunk-128-sm-24.csv
facebook/opt-6.7b,128,attention,attention,24,1,54.27199974656105,420683776,421749760,1065984,1048576,1024,2026-04-14T11:53:25Z,baseline_nvml_pt,nvidia-smi,ok,0.0,5.0,1695.0,7601.0,69.85,0.2969599962234497,405.1953125,405.1953125,4.0,True,,,,,unavailable,,prefill-facebook-opt-6-7b-chunk-128-sm-24,success,,,/mnt/data/dheeraj/dicertation/inference-profile/runs/revised-full-20260414-g6-opt67b-c64-256/raw/points/prefill/prefill-facebook-opt-6-7b-chunk-128-sm-24.csv
facebook/opt-6.7b,128,gemm,q_proj,24,2,105.47199845314026,420683776,421732352,1048576,1048576,1024,2026-04-14T11:53:25Z,baseline_nvml_pt,nvidia-smi,ok,0.0,5.0,1695.0,7601.0,69.85,0.2969599962234497,405.1953125,405.1953125,4.0,True,,,,,unavailable,,prefill-facebook-opt-6-7b-chunk-128-sm-24,success,,,/mnt/data/dheeraj/dicertation/inference-profile/runs/revised-full-20260414-g6-opt67b-c64-256/raw/points/prefill/prefill-facebook-opt-6-7b-chunk-128-sm-24.csv
facebook/opt-6.7b,128,gemm,k_proj,24,2,101.3759970664978,420683776,421732352,1048576,1048576,1024,2026-04-14T11:53:25Z,baseline_nvml_pt,nvidia-smi,ok,0.0,5.0,1695.0,7601.0,69.85,0.2969599962234497,405.1953125,405.1953125,4.0,True,,,,,unavailable,,prefill-facebook-opt-6-7b-chunk-128-sm-24,success,,,/mnt/data/dheeraj/dicertation/inference-profile/runs/revised-full-20260414-g6-opt67b-c64-256/raw/points/prefill/prefill-facebook-opt-6-7b-chunk-128-sm-24.csv
facebook/opt-6.7b,128,gemm,v_proj,24,2,107.51999914646149,420683776,421732352,1048576,1048576,1024,2026-04-14T11:53:25Z,baseline_nvml_pt,nvidia-smi,ok,0.0,5.0,1695.0,7601.0,69.85,0.2969599962234497,405.1953125,405.1953125,4.0,True,,,,,unavailable,,prefill-facebook-opt-6-7b-chunk-128-sm-24,success,,,/mnt/data/dheeraj/dicertation/inference-profile/runs/revised-full-20260414-g6-opt67b-c64-256/raw/points/prefill/prefill-facebook-opt-6-7b-chunk-128-sm-24.csv
facebook/opt-6.7b,128,gemm,out_proj,24,2,102.20800340175629,420683776,421732352,1048576,1048576,1024,2026-04-14T11:53:25Z,baseline_nvml_pt,nvidia-smi,ok,0.0,5.0,1695.0,7601.0,69.85,0.2969599962234497,405.1953125,405.1953125,4.0,True,,,,,unavailable,,prefill-facebook-opt-6-7b-chunk-128-sm-24,success,,,/mnt/data/dheeraj/dicertation/inference-profile/runs/revised-full-20260414-g6-opt67b-c64-256/raw/points/prefill/prefill-facebook-opt-6-7b-chunk-128-sm-24.csv
facebook/opt-6.7b,128,gemm,fc1,24,2,269.3119943141937,420683776,424878080,4194304,4194304,1024,2026-04-14T11:53:25Z,baseline_nvml_pt,nvidia-smi,ok,0.0,5.0,1695.0,7601.0,69.85,0.2969599962234497,405.1953125,405.1953125,4.0,True,,,,,unavailable,,prefill-facebook-opt-6-7b-chunk-128-sm-24,success,,,/mnt/data/dheeraj/dicertation/inference-profile/runs/revised-full-20260414-g6-opt67b-c64-256/raw/points/prefill/prefill-facebook-opt-6-7b-chunk-128-sm-24.csv
facebook/opt-6.7b,128,gemm,fc2,24,2,293.7600016593933,420683776,421732352,1048576,1048576,1024,2026-04-14T11:53:25Z,baseline_nvml_pt,nvidia-smi,ok,0.0,5.0,1695.0,7601.0,69.85,0.2969599962234497,405.1953125,405.1953125,4.0,True,,,,,unavailable,,prefill-facebook-opt-6-7b-chunk-128-sm-24,success,,,/mnt/data/dheeraj/dicertation/inference-profile/runs/revised-full-20260414-g6-opt67b-c64-256/raw/points/prefill/prefill-facebook-opt-6-7b-chunk-128-sm-24.csv
facebook/opt-6.7b,128,attention,attention,24,2,56.2559999525547,420683776,421749760,1065984,1048576,1024,2026-04-14T11:53:25Z,baseline_nvml_pt,nvidia-smi,ok,0.0,5.0,1695.0,7601.0,69.85,0.2969599962234497,405.1953125,405.1953125,4.0,True,,,,,unavailable,,prefill-facebook-opt-6-7b-chunk-128-sm-24,success,,,/mnt/data/dheeraj/dicertation/inference-profile/runs/revised-full-20260414-g6-opt67b-c64-256/raw/points/prefill/prefill-facebook-opt-6-7b-chunk-128-sm-24.csv
facebook/opt-6.7b,128,gemm,q_proj,24,3,104.44799810647964,420683776,421732352,1048576,1048576,1024,2026-04-14T11:53:25Z,baseline_nvml_pt,nvidia-smi,ok,0.0,5.0,1695.0,7601.0,69.85,0.2969599962234497,405.1953125,405.1953125,4.0,True,,,,,unavailable,,prefill-facebook-opt-6-7b-chunk-128-sm-24,success,,,/mnt/data/dheeraj/dicertation/inference-profile/runs/revised-full-20260414-g6-opt67b-c64-256/raw/points/prefill/prefill-facebook-opt-6-7b-chunk-128-sm-24.csv
facebook/opt-6.7b,128,gemm,k_proj,24,3,100.16000270843506,420683776,421732352,1048576,1048576,1024,2026-04-14T11:53:25Z,baseline_nvml_pt,nvidia-smi,ok,0.0,5.0,1695.0,7601.0,69.85,0.2969599962234497,405.1953125,405.1953125,4.0,True,,,,,unavailable,,prefill-facebook-opt-6-7b-chunk-128-sm-24,success,,,/mnt/data/dheeraj/dicertation/inference-profile/runs/revised-full-20260414-g6-opt67b-c64-256/raw/points/prefill/prefill-facebook-opt-6-7b-chunk-128-sm-24.csv
facebook/opt-6.7b,128,gemm,v_proj,24,3,102.39999741315842,420683776,421732352,1048576,1048576,1024,2026-04-14T11:53:25Z,baseline_nvml_pt,nvidia-smi,ok,0.0,5.0,1695.0,7601.0,69.85,0.2969599962234497,405.1953125,405.1953125,4.0,True,,,,,unavailable,,prefill-facebook-opt-6-7b-chunk-128-sm-24,success,,,/mnt/data/dheeraj/dicertation/inference-profile/runs/revised-full-20260414-g6-opt67b-c64-256/raw/points/prefill/prefill-facebook-opt-6-7b-chunk-128-sm-24.csv
facebook/opt-6.7b,128,gemm,out_proj,24,3,100.12800246477127,420683776,421732352,1048576,1048576,1024,2026-04-14T11:53:25Z,baseline_nvml_pt,nvidia-smi,ok,0.0,5.0,1695.0,7601.0,69.85,0.2969599962234497,405.1953125,405.1953125,4.0,True,,,,,unavailable,,prefill-facebook-opt-6-7b-chunk-128-sm-24,success,,,/mnt/data/dheeraj/dicertation/inference-profile/runs/revised-full-20260414-g6-opt67b-c64-256/raw/points/prefill/prefill-facebook-opt-6-7b-chunk-128-sm-24.csv
facebook/opt-6.7b,128,gemm,fc1,24,3,266.2400007247925,420683776,424878080,4194304,4194304,1024,2026-04-14T11:53:25Z,baseline_nvml_pt,nvidia-smi,ok,0.0,5.0,1695.0,7601.0,69.85,0.2969599962234497,405.1953125,405.1953125,4.0,True,,,,,unavailable,,prefill-facebook-opt-6-7b-chunk-128-sm-24,success,,,/mnt/data/dheeraj/dicertation/inference-profile/runs/revised-full-20260414-g6-opt67b-c64-256/raw/points/prefill/prefill-facebook-opt-6-7b-chunk-128-sm-24.csv
facebook/opt-6.7b,128,gemm,fc2,24,3,295.9359884262085,420683776,421732352,1048576,1048576,1024,2026-04-14T11:53:25Z,baseline_nvml_pt,nvidia-smi,ok,0.0,5.0,1695.0,7601.0,69.85,0.2969599962234497,405.1953125,405.1953125,4.0,True,,,,,unavailable,,prefill-facebook-opt-6-7b-chunk-128-sm-24,success,,,/mnt/data/dheeraj/dicertation/inference-profile/runs/revised-full-20260414-g6-opt67b-c64-256/raw/points/prefill/prefill-facebook-opt-6-7b-chunk-128-sm-24.csv
facebook/opt-6.7b,128,attention,attention,24,3,55.296000093221664,420683776,421749760,1065984,1048576,1024,2026-04-14T11:53:25Z,baseline_nvml_pt,nvidia-smi,ok,0.0,5.0,1695.0,7601.0,69.85,0.2969599962234497,405.1953125,405.1953125,4.0,True,,,,,unavailable,,prefill-facebook-opt-6-7b-chunk-128-sm-24,success,,,/mnt/data/dheeraj/dicertation/inference-profile/runs/revised-full-20260414-g6-opt67b-c64-256/raw/points/prefill/prefill-facebook-opt-6-7b-chunk-128-sm-24.csv
facebook/opt-6.7b,128,gemm,q_proj,24,4,104.19200360774994,420683776,421732352,1048576,1048576,1024,2026-04-14T11:53:25Z,baseline_nvml_pt,nvidia-smi,ok,0.0,5.0,1695.0,7601.0,69.85,0.2969599962234497,405.1953125,405.1953125,4.0,True,,,,,unavailable,,prefill-facebook-opt-6-7b-chunk-128-sm-24,success,,,/mnt/data/dheeraj/dicertation/inference-profile/runs/revised-full-20260414-g6-opt67b-c64-256/raw/points/prefill/prefill-facebook-opt-6-7b-chunk-128-sm-24.csv
facebook/opt-6.7b,128,gemm,k_proj,24,4,99.32799637317657,420683776,421732352,1048576,1048576,1024,2026-04-14T11:53:25Z,baseline_nvml_pt,nvidia-smi,ok,0.0,5.0,1695.0,7601.0,69.85,0.2969599962234497,405.1953125,405.1953125,4.0,True,,,,,unavailable,,prefill-facebook-opt-6-7b-chunk-128-sm-24,success,,,/mnt/data/dheeraj/dicertation/inference-profile/runs/revised-full-20260414-g6-opt67b-c64-256/raw/points/prefill/prefill-facebook-opt-6-7b-chunk-128-sm-24.csv
facebook/opt-6.7b,128,gemm,v_proj,24,4,99.32799637317657,420683776,421732352,1048576,1048576,1024,2026-04-14T11:53:25Z,baseline_nvml_pt,nvidia-smi,ok,0.0,5.0,1695.0,7601.0,69.85,0.2969599962234497,405.1953125,405.1953125,4.0,True,,,,,unavailable,,prefill-facebook-opt-6-7b-chunk-128-sm-24,success,,,/mnt/data/dheeraj/dicertation/inference-profile/runs/revised-full-20260414-g6-opt67b-c64-256/raw/points/prefill/prefill-facebook-opt-6-7b-chunk-128-sm-24.csv
facebook/opt-6.7b,128,gemm,out_proj,24,4,101.3759970664978,420683776,421732352,1048576,1048576,1024,2026-04-14T11:53:25Z,baseline_nvml_pt,nvidia-smi,ok,0.0,5.0,1695.0,7601.0,69.85,0.2969599962234497,405.1953125,405.1953125,4.0,True,,,,,unavailable,,prefill-facebook-opt-6-7b-chunk-128-sm-24,success,,,/mnt/data/dheeraj/dicertation/inference-profile/runs/revised-full-20260414-g6-opt67b-c64-256/raw/points/prefill/prefill-facebook-opt-6-7b-chunk-128-sm-24.csv
facebook/opt-6.7b,128,gemm,fc1,24,4,265.21599292755127,420683776,424878080,4194304,4194304,1024,2026-04-14T11:53:25Z,baseline_nvml_pt,nvidia-smi,ok,0.0,5.0,1695.0,7601.0,69.85,0.2969599962234497,405.1953125,405.1953125,4.0,True,,,,,unavailable,,prefill-facebook-opt-6-7b-chunk-128-sm-24,success,,,/mnt/data/dheeraj/dicertation/inference-profile/runs/revised-full-20260414-g6-opt67b-c64-256/raw/points/prefill/prefill-facebook-opt-6-7b-chunk-128-sm-24.csv
facebook/opt-6.7b,128,gemm,fc2,24,4,290.8160090446472,420683776,421732352,1048576,1048576,1024,2026-04-14T11:53:25Z,baseline_nvml_pt,nvidia-smi,ok,0.0,5.0,1695.0,7601.0,69.85,0.2969599962234497,405.1953125,405.1953125,4.0,True,,,,,unavailable,,prefill-facebook-opt-6-7b-chunk-128-sm-24,success,,,/mnt/data/dheeraj/dicertation/inference-profile/runs/revised-full-20260414-g6-opt67b-c64-256/raw/points/prefill/prefill-facebook-opt-6-7b-chunk-128-sm-24.csv
facebook/opt-6.7b,128,attention,attention,24,4,53.247999399900436,420683776,421749760,1065984,1048576,1024,2026-04-14T11:53:25Z,baseline_nvml_pt,nvidia-smi,ok,0.0,5.0,1695.0,7601.0,69.85,0.2969599962234497,405.1953125,405.1953125,4.0,True,,,,,unavailable,,prefill-facebook-opt-6-7b-chunk-128-sm-24,success,,,/mnt/data/dheeraj/dicertation/inference-profile/runs/revised-full-20260414-g6-opt67b-c64-256/raw/points/prefill/prefill-facebook-opt-6-7b-chunk-128-sm-24.csv
facebook/opt-6.7b,128,gemm,q_proj,32,0,112.64000087976456,420683776,421732352,1048576,1048576,1024,2026-04-14T11:53:30Z,baseline_nvml_pt,nvidia-smi,ok,4.0,5.0,1695.0,8001.0,70.45,0.3041279911994934,405.1953125,405.1953125,4.0,True,,,,,unavailable,,prefill-facebook-opt-6-7b-chunk-128-sm-32,success,,,/mnt/data/dheeraj/dicertation/inference-profile/runs/revised-full-20260414-g6-opt67b-c64-256/raw/points/prefill/prefill-facebook-opt-6-7b-chunk-128-sm-32.csv
facebook/opt-6.7b,128,gemm,k_proj,32,0,108.5439994931221,420683776,421732352,1048576,1048576,1024,2026-04-14T11:53:30Z,baseline_nvml_pt,nvidia-smi,ok,4.0,5.0,1695.0,8001.0,70.45,0.3041279911994934,405.1953125,405.1953125,4.0,True,,,,,unavailable,,prefill-facebook-opt-6-7b-chunk-128-sm-32,success,,,/mnt/data/dheeraj/dicertation/inference-profile/runs/revised-full-20260414-g6-opt67b-c64-256/raw/points/prefill/prefill-facebook-opt-6-7b-chunk-128-sm-32.csv
facebook/opt-6.7b,128,gemm,v_proj,32,0,104.44799810647964,420683776,421732352,1048576,1048576,1024,2026-04-14T11:53:30Z,baseline_nvml_pt,nvidia-smi,ok,4.0,5.0,1695.0,8001.0,70.45,0.3041279911994934,405.1953125,405.1953125,4.0,True,,,,,unavailable,,prefill-facebook-opt-6-7b-chunk-128-sm-32,success,,,/mnt/data/dheeraj/dicertation/inference-profile/runs/revised-full-20260414-g6-opt67b-c64-256/raw/points/prefill/prefill-facebook-opt-6-7b-chunk-128-sm-32.csv
facebook/opt-6.7b,128,gemm,out_proj,32,0,104.44799810647964,420683776,421732352,1048576,1048576,1024,2026-04-14T11:53:30Z,baseline_nvml_pt,nvidia-smi,ok,4.0,5.0,1695.0,8001.0,70.45,0.3041279911994934,405.1953125,405.1953125,4.0,True,,,,,unavailable,,prefill-facebook-opt-6-7b-chunk-128-sm-32,success,,,/mnt/data/dheeraj/dicertation/inference-profile/runs/revised-full-20260414-g6-opt67b-c64-256/raw/points/prefill/prefill-facebook-opt-6-7b-chunk-128-sm-32.csv
facebook/opt-6.7b,128,gemm,fc1,32,0,267.2640085220337,420683776,424878080,4194304,4194304,1024,2026-04-14T11:53:30Z,baseline_nvml_pt,nvidia-smi,ok,4.0,5.0,1695.0,8001.0,70.45,0.3041279911994934,405.1953125,405.1953125,4.0,True,,,,,unavailable,,prefill-facebook-opt-6-7b-chunk-128-sm-32,success,,,/mnt/data/dheeraj/dicertation/inference-profile/runs/revised-full-20260414-g6-opt67b-c64-256/raw/points/prefill/prefill-facebook-opt-6-7b-chunk-128-sm-32.csv
facebook/opt-6.7b,128,gemm,fc2,32,0,296.9599962234497,420683776,421732352,1048576,1048576,1024,2026-04-14T11:53:30Z,baseline_nvml_pt,nvidia-smi,ok,4.0,5.0,1695.0,8001.0,70.45,0.3041279911994934,405.1953125,405.1953125,4.0,True,,,,,unavailable,,prefill-facebook-opt-6-7b-chunk-128-sm-32,success,,,/mnt/data/dheeraj/dicertation/inference-profile/runs/revised-full-20260414-g6-opt67b-c64-256/raw/points/prefill/prefill-facebook-opt-6-7b-chunk-128-sm-32.csv
facebook/opt-6.7b,128,attention,attention,32,0,59.39200147986412,420683776,421749760,1065984,1048576,1024,2026-04-14T11:53:30Z,baseline_nvml_pt,nvidia-smi,ok,4.0,5.0,1695.0,8001.0,70.45,0.3041279911994934,405.1953125,405.1953125,4.0,True,,,,,unavailable,,prefill-facebook-opt-6-7b-chunk-128-sm-32,success,,,/mnt/data/dheeraj/dicertation/inference-profile/runs/revised-full-20260414-g6-opt67b-c64-256/raw/points/prefill/prefill-facebook-opt-6-7b-chunk-128-sm-32.csv
facebook/opt-6.7b,128,gemm,q_proj,32,1,106.49599879980087,420683776,421732352,1048576,1048576,1024,2026-04-14T11:53:30Z,baseline_nvml_pt,nvidia-smi,ok,4.0,5.0,1695.0,8001.0,70.45,0.3041279911994934,405.1953125,405.1953125,4.0,True,,,,,unavailable,,prefill-facebook-opt-6-7b-chunk-128-sm-32,success,,,/mnt/data/dheeraj/dicertation/inference-profile/runs/revised-full-20260414-g6-opt67b-c64-256/raw/points/prefill/prefill-facebook-opt-6-7b-chunk-128-sm-32.csv
facebook/opt-6.7b,128,gemm,k_proj,32,1,102.39999741315842,420683776,421732352,1048576,1048576,1024,2026-04-14T11:53:30Z,baseline_nvml_pt,nvidia-smi,ok,4.0,5.0,1695.0,8001.0,70.45,0.3041279911994934,405.1953125,405.1953125,4.0,True,,,,,unavailable,,prefill-facebook-opt-6-7b-chunk-128-sm-32,success,,,/mnt/data/dheeraj/dicertation/inference-profile/runs/revised-full-20260414-g6-opt67b-c64-256/raw/points/prefill/prefill-facebook-opt-6-7b-chunk-128-sm-32.csv
facebook/opt-6.7b,128,gemm,v_proj,32,1,100.35199671983719,420683776,421732352,1048576,1048576,1024,2026-04-14T11:53:30Z,baseline_nvml_pt,nvidia-smi,ok,4.0,5.0,1695.0,8001.0,70.45,0.3041279911994934,405.1953125,405.1953125,4.0,True,,,,,unavailable,,prefill-facebook-opt-6-7b-chunk-128-sm-32,success,,,/mnt/data/dheeraj/dicertation/inference-profile/runs/revised-full-20260414-g6-opt67b-c64-256/raw/points/prefill/prefill-facebook-opt-6-7b-chunk-128-sm-32.csv
facebook/opt-6.7b,128,gemm,out_proj,32,1,101.3759970664978,420683776,421732352,1048576,1048576,1024,2026-04-14T11:53:30Z,baseline_nvml_pt,nvidia-smi,ok,4.0,5.0,1695.0,8001.0,70.45,0.3041279911994934,405.1953125,405.1953125,4.0,True,,,,,unavailable,,prefill-facebook-opt-6-7b-chunk-128-sm-32,success,,,/mnt/data/dheeraj/dicertation/inference-profile/runs/revised-full-20260414-g6-opt67b-c64-256/raw/points/prefill/prefill-facebook-opt-6-7b-chunk-128-sm-32.csv
facebook/opt-6.7b,128,gemm,fc1,32,1,266.2400007247925,420683776,424878080,4194304,4194304,1024,2026-04-14T11:53:30Z,baseline_nvml_pt,nvidia-smi,ok,4.0,5.0,1695.0,8001.0,70.45,0.3041279911994934,405.1953125,405.1953125,4.0,True,,,,,unavailable,,prefill-facebook-opt-6-7b-chunk-128-sm-32,success,,,/mnt/data/dheeraj/dicertation/inference-profile/runs/revised-full-20260414-g6-opt67b-c64-256/raw/points/prefill/prefill-facebook-opt-6-7b-chunk-128-sm-32.csv
facebook/opt-6.7b,128,gemm,fc2,32,1,304.1279911994934,420683776,421732352,1048576,1048576,1024,2026-04-14T11:53:30Z,baseline_nvml_pt,nvidia-smi,ok,4.0,5.0,1695.0,8001.0,70.45,0.3041279911994934,405.1953125,405.1953125,4.0,True,,,,,unavailable,,prefill-facebook-opt-6-7b-chunk-128-sm-32,success,,,/mnt/data/dheeraj/dicertation/inference-profile/runs/revised-full-20260414-g6-opt67b-c64-256/raw/points/prefill/prefill-facebook-opt-6-7b-chunk-128-sm-32.csv
facebook/opt-6.7b,128,attention,attention,32,1,53.3440001308918,420683776,421749760,1065984,1048576,1024,2026-04-14T11:53:30Z,baseline_nvml_pt,nvidia-smi,ok,4.0,5.0,1695.0,8001.0,70.45,0.3041279911994934,405.1953125,405.1953125,4.0,True,,,,,unavailable,,prefill-facebook-opt-6-7b-chunk-128-sm-32,success,,,/mnt/data/dheeraj/dicertation/inference-profile/runs/revised-full-20260414-g6-opt67b-c64-256/raw/points/prefill/prefill-facebook-opt-6-7b-chunk-128-sm-32.csv
facebook/opt-6.7b,128,gemm,q_proj,32,2,106.49599879980087,420683776,421732352,1048576,1048576,1024,2026-04-14T11:53:30Z,baseline_nvml_pt,nvidia-smi,ok,4.0,5.0,1695.0,8001.0,70.45,0.3041279911994934,405.1953125,405.1953125,4.0,True,,,,,unavailable,,prefill-facebook-opt-6-7b-chunk-128-sm-32,success,,,/mnt/data/dheeraj/dicertation/inference-profile/runs/revised-full-20260414-g6-opt67b-c64-256/raw/points/prefill/prefill-facebook-opt-6-7b-chunk-128-sm-32.csv
facebook/opt-6.7b,128,gemm,k_proj,32,2,102.27199643850327,420683776,421732352,1048576,1048576,1024,2026-04-14T11:53:30Z,baseline_nvml_pt,nvidia-smi,ok,4.0,5.0,1695.0,8001.0,70.45,0.3041279911994934,405.1953125,405.1953125,4.0,True,,,,,unavailable,,prefill-facebook-opt-6-7b-chunk-128-sm-32,success,,,/mnt/data/dheeraj/dicertation/inference-profile/runs/revised-full-20260414-g6-opt67b-c64-256/raw/points/prefill/prefill-facebook-opt-6-7b-chunk-128-sm-32.csv
facebook/opt-6.7b,128,gemm,v_proj,32,2,105.47199845314026,420683776,421732352,1048576,1048576,1024,2026-04-14T11:53:30Z,baseline_nvml_pt,nvidia-smi,ok,4.0,5.0,1695.0,8001.0,70.45,0.3041279911994934,405.1953125,405.1953125,4.0,True,,,,,unavailable,,prefill-facebook-opt-6-7b-chunk-128-sm-32,success,,,/mnt/data/dheeraj/dicertation/inference-profile/runs/revised-full-20260414-g6-opt67b-c64-256/raw/points/prefill/prefill-facebook-opt-6-7b-chunk-128-sm-32.csv
facebook/opt-6.7b,128,gemm,out_proj,32,2,101.3759970664978,420683776,421732352,1048576,1048576,1024,2026-04-14T11:53:30Z,baseline_nvml_pt,nvidia-smi,ok,4.0,5.0,1695.0,8001.0,70.45,0.3041279911994934,405.1953125,405.1953125,4.0,True,,,,,unavailable,,prefill-facebook-opt-6-7b-chunk-128-sm-32,success,,,/mnt/data/dheeraj/dicertation/inference-profile/runs/revised-full-20260414-g6-opt67b-c64-256/raw/points/prefill/prefill-facebook-opt-6-7b-chunk-128-sm-32.csv
facebook/opt-6.7b,128,gemm,fc1,32,2,267.2320008277893,420683776,424878080,4194304,4194304,1024,2026-04-14T11:53:30Z,baseline_nvml_pt,nvidia-smi,ok,4.0,5.0,1695.0,8001.0,70.45,0.3041279911994934,405.1953125,405.1953125,4.0,True,,,,,unavailable,,prefill-facebook-opt-6-7b-chunk-128-sm-32,success,,,/mnt/data/dheeraj/dicertation/inference-profile/runs/revised-full-20260414-g6-opt67b-c64-256/raw/points/prefill/prefill-facebook-opt-6-7b-chunk-128-sm-32.csv
facebook/opt-6.7b,128,gemm,fc2,32,2,293.88800263404846,420683776,421732352,1048576,1048576,1024,2026-04-14T11:53:30Z,baseline_nvml_pt,nvidia-smi,ok,4.0,5.0,1695.0,8001.0,70.45,0.3041279911994934,405.1953125,405.1953125,4.0,True,,,,,unavailable,,prefill-facebook-opt-6-7b-chunk-128-sm-32,success,,,/mnt/data/dheeraj/dicertation/inference-profile/runs/revised-full-20260414-g6-opt67b-c64-256/raw/points/prefill/prefill-facebook-opt-6-7b-chunk-128-sm-32.csv
facebook/opt-6.7b,128,attention,attention,32,2,54.46400120854378,420683776,421749760,1065984,1048576,1024,2026-04-14T11:53:30Z,baseline_nvml_pt,nvidia-smi,ok,4.0,5.0,1695.0,8001.0,70.45,0.3041279911994934,405.1953125,405.1953125,4.0,True,,,,,unavailable,,prefill-facebook-opt-6-7b-chunk-128-sm-32,success,,,/mnt/data/dheeraj/dicertation/inference-profile/runs/revised-full-20260414-g6-opt67b-c64-256/raw/points/prefill/prefill-facebook-opt-6-7b-chunk-128-sm-32.csv
facebook/opt-6.7b,128,gemm,q_proj,32,3,104.44799810647964,420683776,421732352,1048576,1048576,1024,2026-04-14T11:53:30Z,baseline_nvml_pt,nvidia-smi,ok,4.0,5.0,1695.0,8001.0,70.45,0.3041279911994934,405.1953125,405.1953125,4.0,True,,,,,unavailable,,prefill-facebook-opt-6-7b-chunk-128-sm-32,success,,,/mnt/data/dheeraj/dicertation/inference-profile/runs/revised-full-20260414-g6-opt67b-c64-256/raw/points/prefill/prefill-facebook-opt-6-7b-chunk-128-sm-32.csv
facebook/opt-6.7b,128,gemm,k_proj,32,3,99.23200309276581,420683776,421732352,1048576,1048576,1024,2026-04-14T11:53:30Z,baseline_nvml_pt,nvidia-smi,ok,4.0,5.0,1695.0,8001.0,70.45,0.3041279911994934,405.1953125,405.1953125,4.0,True,,,,,unavailable,,prefill-facebook-opt-6-7b-chunk-128-sm-32,success,,,/mnt/data/dheeraj/dicertation/inference-profile/runs/revised-full-20260414-g6-opt67b-c64-256/raw/points/prefill/prefill-facebook-opt-6-7b-chunk-128-sm-32.csv
facebook/opt-6.7b,128,gemm,v_proj,32,3,107.32799768447876,420683776,421732352,1048576,1048576,1024,2026-04-14T11:53:30Z,baseline_nvml_pt,nvidia-smi,ok,4.0,5.0,1695.0,8001.0,70.45,0.3041279911994934,405.1953125,405.1953125,4.0,True,,,,,unavailable,,prefill-facebook-opt-6-7b-chunk-128-sm-32,success,,,/mnt/data/dheeraj/dicertation/inference-profile/runs/revised-full-20260414-g6-opt67b-c64-256/raw/points/prefill/prefill-facebook-opt-6-7b-chunk-128-sm-32.csv
facebook/opt-6.7b,128,gemm,out_proj,32,3,102.39999741315842,420683776,421732352,1048576,1048576,1024,2026-04-14T11:53:30Z,baseline_nvml_pt,nvidia-smi,ok,4.0,5.0,1695.0,8001.0,70.45,0.3041279911994934,405.1953125,405.1953125,4.0,True,,,,,unavailable,,prefill-facebook-opt-6-7b-chunk-128-sm-32,success,,,/mnt/data/dheeraj/dicertation/inference-profile/runs/revised-full-20260414-g6-opt67b-c64-256/raw/points/prefill/prefill-facebook-opt-6-7b-chunk-128-sm-32.csv
facebook/opt-6.7b,128,gemm,fc1,32,3,267.2640085220337,420683776,424878080,4194304,4194304,1024,2026-04-14T11:53:30Z,baseline_nvml_pt,nvidia-smi,ok,4.0,5.0,1695.0,8001.0,70.45,0.3041279911994934,405.1953125,405.1953125,4.0,True,,,,,unavailable,,prefill-facebook-opt-6-7b-chunk-128-sm-32,success,,,/mnt/data/dheeraj/dicertation/inference-profile/runs/revised-full-20260414-g6-opt67b-c64-256/raw/points/prefill/prefill-facebook-opt-6-7b-chunk-128-sm-32.csv
facebook/opt-6.7b,128,gemm,fc2,32,3,294.9120104312897,420683776,421732352,1048576,1048576,1024,2026-04-14T11:53:30Z,baseline_nvml_pt,nvidia-smi,ok,4.0,5.0,1695.0,8001.0,70.45,0.3041279911994934,405.1953125,405.1953125,4.0,True,,,,,unavailable,,prefill-facebook-opt-6-7b-chunk-128-sm-32,success,,,/mnt/data/dheeraj/dicertation/inference-profile/runs/revised-full-20260414-g6-opt67b-c64-256/raw/points/prefill/prefill-facebook-opt-6-7b-chunk-128-sm-32.csv
facebook/opt-6.7b,128,attention,attention,32,3,53.247999399900436,420683776,421749760,1065984,1048576,1024,2026-04-14T11:53:30Z,baseline_nvml_pt,nvidia-smi,ok,4.0,5.0,1695.0,8001.0,70.45,0.3041279911994934,405.1953125,405.1953125,4.0,True,,,,,unavailable,,prefill-facebook-opt-6-7b-chunk-128-sm-32,success,,,/mnt/data/dheeraj/dicertation/inference-profile/runs/revised-full-20260414-g6-opt67b-c64-256/raw/points/prefill/prefill-facebook-opt-6-7b-chunk-128-sm-32.csv
facebook/opt-6.7b,128,gemm,q_proj,32,4,105.47199845314026,420683776,421732352,1048576,1048576,1024,2026-04-14T11:53:30Z,baseline_nvml_pt,nvidia-smi,ok,4.0,5.0,1695.0,8001.0,70.45,0.3041279911994934,405.1953125,405.1953125,4.0,True,,,,,unavailable,,prefill-facebook-opt-6-7b-chunk-128-sm-32,success,,,/mnt/data/dheeraj/dicertation/inference-profile/runs/revised-full-20260414-g6-opt67b-c64-256/raw/points/prefill/prefill-facebook-opt-6-7b-chunk-128-sm-32.csv
facebook/opt-6.7b,128,gemm,k_proj,32,4,100.3199964761734,420683776,421732352,1048576,1048576,1024,2026-04-14T11:53:30Z,baseline_nvml_pt,nvidia-smi,ok,4.0,5.0,1695.0,8001.0,70.45,0.3041279911994934,405.1953125,405.1953125,4.0,True,,,,,unavailable,,prefill-facebook-opt-6-7b-chunk-128-sm-32,success,,,/mnt/data/dheeraj/dicertation/inference-profile/runs/revised-full-20260414-g6-opt67b-c64-256/raw/points/prefill/prefill-facebook-opt-6-7b-chunk-128-sm-32.csv
facebook/opt-6.7b,128,gemm,v_proj,32,4,98.30400347709656,420683776,421732352,1048576,1048576,1024,2026-04-14T11:53:30Z,baseline_nvml_pt,nvidia-smi,ok,4.0,5.0,1695.0,8001.0,70.45,0.3041279911994934,405.1953125,405.1953125,4.0,True,,,,,unavailable,,prefill-facebook-opt-6-7b-chunk-128-sm-32,success,,,/mnt/data/dheeraj/dicertation/inference-profile/runs/revised-full-20260414-g6-opt67b-c64-256/raw/points/prefill/prefill-facebook-opt-6-7b-chunk-128-sm-32.csv
facebook/opt-6.7b,128,gemm,out_proj,32,4,107.51999914646149,420683776,421732352,1048576,1048576,1024,2026-04-14T11:53:30Z,baseline_nvml_pt,nvidia-smi,ok,4.0,5.0,1695.0,8001.0,70.45,0.3041279911994934,405.1953125,405.1953125,4.0,True,,,,,unavailable,,prefill-facebook-opt-6-7b-chunk-128-sm-32,success,,,/mnt/data/dheeraj/dicertation/inference-profile/runs/revised-full-20260414-g6-opt67b-c64-256/raw/points/prefill/prefill-facebook-opt-6-7b-chunk-128-sm-32.csv
facebook/opt-6.7b,128,gemm,fc1,32,4,267.2640085220337,420683776,424878080,4194304,4194304,1024,2026-04-14T11:53:30Z,baseline_nvml_pt,nvidia-smi,ok,4.0,5.0,1695.0,8001.0,70.45,0.3041279911994934,405.1953125,405.1953125,4.0,True,,,,,unavailable,,prefill-facebook-opt-6-7b-chunk-128-sm-32,success,,,/mnt/data/dheeraj/dicertation/inference-profile/runs/revised-full-20260414-g6-opt67b-c64-256/raw/points/prefill/prefill-facebook-opt-6-7b-chunk-128-sm-32.csv
facebook/opt-6.7b,128,gemm,fc2,32,4,291.0720109939575,420683776,421732352,1048576,1048576,1024,2026-04-14T11:53:30Z,baseline_nvml_pt,nvidia-smi,ok,4.0,5.0,1695.0,8001.0,70.45,0.3041279911994934,405.1953125,405.1953125,4.0,True,,,,,unavailable,,prefill-facebook-opt-6-7b-chunk-128-sm-32,success,,,/mnt/data/dheeraj/dicertation/inference-profile/runs/revised-full-20260414-g6-opt67b-c64-256/raw/points/prefill/prefill-facebook-opt-6-7b-chunk-128-sm-32.csv
facebook/opt-6.7b,128,attention,attention,32,4,53.247999399900436,420683776,421749760,1065984,1048576,1024,2026-04-14T11:53:30Z,baseline_nvml_pt,nvidia-smi,ok,4.0,5.0,1695.0,8001.0,70.45,0.3041279911994934,405.1953125,405.1953125,4.0,True,,,,,unavailable,,prefill-facebook-opt-6-7b-chunk-128-sm-32,success,,,/mnt/data/dheeraj/dicertation/inference-profile/runs/revised-full-20260414-g6-opt67b-c64-256/raw/points/prefill/prefill-facebook-opt-6-7b-chunk-128-sm-32.csv
facebook/opt-6.7b,256,gemm,q_proj,8,0,164.76799547672272,429072384,431169536,2097152,2097152,1024,2026-04-14T11:53:34Z,baseline_nvml_pt,nvidia-smi,ok,0.0,5.0,1695.0,8001.0,71.7,0.5478399991989136,417.1953125,417.1953125,8.0,True,,,,,unavailable,,prefill-facebook-opt-6-7b-chunk-256-sm-8,success,,,/mnt/data/dheeraj/dicertation/inference-profile/runs/revised-full-20260414-g6-opt67b-c64-256/raw/points/prefill/prefill-facebook-opt-6-7b-chunk-256-sm-8.csv
facebook/opt-6.7b,256,gemm,k_proj,8,0,155.64799308776855,429072384,431169536,2097152,2097152,1024,2026-04-14T11:53:34Z,baseline_nvml_pt,nvidia-smi,ok,0.0,5.0,1695.0,8001.0,71.7,0.5478399991989136,417.1953125,417.1953125,8.0,True,,,,,unavailable,,prefill-facebook-opt-6-7b-chunk-256-sm-8,success,,,/mnt/data/dheeraj/dicertation/inference-profile/runs/revised-full-20260414-g6-opt67b-c64-256/raw/points/prefill/prefill-facebook-opt-6-7b-chunk-256-sm-8.csv
facebook/opt-6.7b,256,gemm,v_proj,8,0,150.52799880504608,429072384,431169536,2097152,2097152,1024,2026-04-14T11:53:34Z,baseline_nvml_pt,nvidia-smi,ok,0.0,5.0,1695.0,8001.0,71.7,0.5478399991989136,417.1953125,417.1953125,8.0,True,,,,,unavailable,,prefill-facebook-opt-6-7b-chunk-256-sm-8,success,,,/mnt/data/dheeraj/dicertation/inference-profile/runs/revised-full-20260414-g6-opt67b-c64-256/raw/points/prefill/prefill-facebook-opt-6-7b-chunk-256-sm-8.csv
facebook/opt-6.7b,256,gemm,out_proj,8,0,147.61599898338318,429072384,431169536,2097152,2097152,1024,2026-04-14T11:53:34Z,baseline_nvml_pt,nvidia-smi,ok,0.0,5.0,1695.0,8001.0,71.7,0.5478399991989136,417.1953125,417.1953125,8.0,True,,,,,unavailable,,prefill-facebook-opt-6-7b-chunk-256-sm-8,success,,,/mnt/data/dheeraj/dicertation/inference-profile/runs/revised-full-20260414-g6-opt67b-c64-256/raw/points/prefill/prefill-facebook-opt-6-7b-chunk-256-sm-8.csv
facebook/opt-6.7b,256,gemm,fc1,8,0,547.8399991989136,429072384,437460992,8388608,8388608,1024,2026-04-14T11:53:34Z,baseline_nvml_pt,nvidia-smi,ok,0.0,5.0,1695.0,8001.0,71.7,0.5478399991989136,417.1953125,417.1953125,8.0,True,,,,,unavailable,,prefill-facebook-opt-6-7b-chunk-256-sm-8,success,,,/mnt/data/dheeraj/dicertation/inference-profile/runs/revised-full-20260414-g6-opt67b-c64-256/raw/points/prefill/prefill-facebook-opt-6-7b-chunk-256-sm-8.csv
facebook/opt-6.7b,256,gemm,fc2,8,0,389.1200125217438,429072384,431169536,2097152,2097152,1024,2026-04-14T11:53:34Z,baseline_nvml_pt,nvidia-smi,ok,0.0,5.0,1695.0,8001.0,71.7,0.5478399991989136,417.1953125,417.1953125,8.0,True,,,,,unavailable,,prefill-facebook-opt-6-7b-chunk-256-sm-8,success,,,/mnt/data/dheeraj/dicertation/inference-profile/runs/revised-full-20260414-g6-opt67b-c64-256/raw/points/prefill/prefill-facebook-opt-6-7b-chunk-256-sm-8.csv
facebook/opt-6.7b,256,attention,attention,8,0,58.36800113320351,429072384,431203328,2130944,2097152,1024,2026-04-14T11:53:34Z,baseline_nvml_pt,nvidia-smi,ok,0.0,5.0,1695.0,8001.0,71.7,0.5478399991989136,417.1953125,417.1953125,8.0,True,,,,,unavailable,,prefill-facebook-opt-6-7b-chunk-256-sm-8,success,,,/mnt/data/dheeraj/dicertation/inference-profile/runs/revised-full-20260414-g6-opt67b-c64-256/raw/points/prefill/prefill-facebook-opt-6-7b-chunk-256-sm-8.csv
facebook/opt-6.7b,256,gemm,q_proj,8,1,149.50400590896606,429072384,431169536,2097152,2097152,1024,2026-04-14T11:53:34Z,baseline_nvml_pt,nvidia-smi,ok,0.0,5.0,1695.0,8001.0,71.7,0.5478399991989136,417.1953125,417.1953125,8.0,True,,,,,unavailable,,prefill-facebook-opt-6-7b-chunk-256-sm-8,success,,,/mnt/data/dheeraj/dicertation/inference-profile/runs/revised-full-20260414-g6-opt67b-c64-256/raw/points/prefill/prefill-facebook-opt-6-7b-chunk-256-sm-8.csv
facebook/opt-6.7b,256,gemm,k_proj,8,1,148.47999811172485,429072384,431169536,2097152,2097152,1024,2026-04-14T11:53:34Z,baseline_nvml_pt,nvidia-smi,ok,0.0,5.0,1695.0,8001.0,71.7,0.5478399991989136,417.1953125,417.1953125,8.0,True,,,,,unavailable,,prefill-facebook-opt-6-7b-chunk-256-sm-8,success,,,/mnt/data/dheeraj/dicertation/inference-profile/runs/revised-full-20260414-g6-opt67b-c64-256/raw/points/prefill/prefill-facebook-opt-6-7b-chunk-256-sm-8.csv
facebook/opt-6.7b,256,gemm,v_proj,8,1,144.3839967250824,429072384,431169536,2097152,2097152,1024,2026-04-14T11:53:34Z,baseline_nvml_pt,nvidia-smi,ok,0.0,5.0,1695.0,8001.0,71.7,0.5478399991989136,417.1953125,417.1953125,8.0,True,,,,,unavailable,,prefill-facebook-opt-6-7b-chunk-256-sm-8,success,,,/mnt/data/dheeraj/dicertation/inference-profile/runs/revised-full-20260414-g6-opt67b-c64-256/raw/points/prefill/prefill-facebook-opt-6-7b-chunk-256-sm-8.csv
facebook/opt-6.7b,256,gemm,out_proj,8,1,146.30399644374847,429072384,431169536,2097152,2097152,1024,2026-04-14T11:53:34Z,baseline_nvml_pt,nvidia-smi,ok,0.0,5.0,1695.0,8001.0,71.7,0.5478399991989136,417.1953125,417.1953125,8.0,True,,,,,unavailable,,prefill-facebook-opt-6-7b-chunk-256-sm-8,success,,,/mnt/data/dheeraj/dicertation/inference-profile/runs/revised-full-20260414-g6-opt67b-c64-256/raw/points/prefill/prefill-facebook-opt-6-7b-chunk-256-sm-8.csv
facebook/opt-6.7b,256,gemm,fc1,8,1,540.5120253562927,429072384,437460992,8388608,8388608,1024,2026-04-14T11:53:34Z,baseline_nvml_pt,nvidia-smi,ok,0.0,5.0,1695.0,8001.0,71.7,0.5478399991989136,417.1953125,417.1953125,8.0,True,,,,,unavailable,,prefill-facebook-opt-6-7b-chunk-256-sm-8,success,,,/mnt/data/dheeraj/dicertation/inference-profile/runs/revised-full-20260414-g6-opt67b-c64-256/raw/points/prefill/prefill-facebook-opt-6-7b-chunk-256-sm-8.csv
facebook/opt-6.7b,256,gemm,fc2,8,1,387.03998923301697,429072384,431169536,2097152,2097152,1024,2026-04-14T11:53:34Z,baseline_nvml_pt,nvidia-smi,ok,0.0,5.0,1695.0,8001.0,71.7,0.5478399991989136,417.1953125,417.1953125,8.0,True,,,,,unavailable,,prefill-facebook-opt-6-7b-chunk-256-sm-8,success,,,/mnt/data/dheeraj/dicertation/inference-profile/runs/revised-full-20260414-g6-opt67b-c64-256/raw/points/prefill/prefill-facebook-opt-6-7b-chunk-256-sm-8.csv
facebook/opt-6.7b,256,attention,attention,8,1,56.03199824690819,429072384,431203328,2130944,2097152,1024,2026-04-14T11:53:34Z,baseline_nvml_pt,nvidia-smi,ok,0.0,5.0,1695.0,8001.0,71.7,0.5478399991989136,417.1953125,417.1953125,8.0,True,,,,,unavailable,,prefill-facebook-opt-6-7b-chunk-256-sm-8,success,,,/mnt/data/dheeraj/dicertation/inference-profile/runs/revised-full-20260414-g6-opt67b-c64-256/raw/points/prefill/prefill-facebook-opt-6-7b-chunk-256-sm-8.csv
facebook/opt-6.7b,256,gemm,q_proj,8,2,150.52799880504608,429072384,431169536,2097152,2097152,1024,2026-04-14T11:53:34Z,baseline_nvml_pt,nvidia-smi,ok,0.0,5.0,1695.0,8001.0,71.7,0.5478399991989136,417.1953125,417.1953125,8.0,True,,,,,unavailable,,prefill-facebook-opt-6-7b-chunk-256-sm-8,success,,,/mnt/data/dheeraj/dicertation/inference-profile/runs/revised-full-20260414-g6-opt67b-c64-256/raw/points/prefill/prefill-facebook-opt-6-7b-chunk-256-sm-8.csv
facebook/opt-6.7b,256,gemm,k_proj,8,2,148.28799664974213,429072384,431169536,2097152,2097152,1024,2026-04-14T11:53:34Z,baseline_nvml_pt,nvidia-smi,ok,0.0,5.0,1695.0,8001.0,71.7,0.5478399991989136,417.1953125,417.1953125,8.0,True,,,,,unavailable,,prefill-facebook-opt-6-7b-chunk-256-sm-8,success,,,/mnt/data/dheeraj/dicertation/inference-profile/runs/revised-full-20260414-g6-opt67b-c64-256/raw/points/prefill/prefill-facebook-opt-6-7b-chunk-256-sm-8.csv
facebook/opt-6.7b,256,gemm,v_proj,8,2,156.67200088500977,429072384,431169536,2097152,2097152,1024,2026-04-14T11:53:34Z,baseline_nvml_pt,nvidia-smi,ok,0.0,5.0,1695.0,8001.0,71.7,0.5478399991989136,417.1953125,417.1953125,8.0,True,,,,,unavailable,,prefill-facebook-opt-6-7b-chunk-256-sm-8,success,,,/mnt/data/dheeraj/dicertation/inference-profile/runs/revised-full-20260414-g6-opt67b-c64-256/raw/points/prefill/prefill-facebook-opt-6-7b-chunk-256-sm-8.csv
facebook/opt-6.7b,256,gemm,out_proj,8,2,145.4080045223236,429072384,431169536,2097152,2097152,1024,2026-04-14T11:53:34Z,baseline_nvml_pt,nvidia-smi,ok,0.0,5.0,1695.0,8001.0,71.7,0.5478399991989136,417.1953125,417.1953125,8.0,True,,,,,unavailable,,prefill-facebook-opt-6-7b-chunk-256-sm-8,success,,,/mnt/data/dheeraj/dicertation/inference-profile/runs/revised-full-20260414-g6-opt67b-c64-256/raw/points/prefill/prefill-facebook-opt-6-7b-chunk-256-sm-8.csv
facebook/opt-6.7b,256,gemm,fc1,8,2,540.6720042228699,429072384,437460992,8388608,8388608,1024,2026-04-14T11:53:34Z,baseline_nvml_pt,nvidia-smi,ok,0.0,5.0,1695.0,8001.0,71.7,0.5478399991989136,417.1953125,417.1953125,8.0,True,,,,,unavailable,,prefill-facebook-opt-6-7b-chunk-256-sm-8,success,,,/mnt/data/dheeraj/dicertation/inference-profile/runs/revised-full-20260414-g6-opt67b-c64-256/raw/points/prefill/prefill-facebook-opt-6-7b-chunk-256-sm-8.csv
facebook/opt-6.7b,256,gemm,fc2,8,2,388.09600472450256,429072384,431169536,2097152,2097152,1024,2026-04-14T11:53:34Z,baseline_nvml_pt,nvidia-smi,ok,0.0,5.0,1695.0,8001.0,71.7,0.5478399991989136,417.1953125,417.1953125,8.0,True,,,,,unavailable,,prefill-facebook-opt-6-7b-chunk-256-sm-8,success,,,/mnt/data/dheeraj/dicertation/inference-profile/runs/revised-full-20260414-g6-opt67b-c64-256/raw/points/prefill/prefill-facebook-opt-6-7b-chunk-256-sm-8.csv
facebook/opt-6.7b,256,attention,attention,8,2,60.256000608205795,429072384,431203328,2130944,2097152,1024,2026-04-14T11:53:34Z,baseline_nvml_pt,nvidia-smi,ok,0.0,5.0,1695.0,8001.0,71.7,0.5478399991989136,417.1953125,417.1953125,8.0,True,,,,,unavailable,,prefill-facebook-opt-6-7b-chunk-256-sm-8,success,,,/mnt/data/dheeraj/dicertation/inference-profile/runs/revised-full-20260414-g6-opt67b-c64-256/raw/points/prefill/prefill-facebook-opt-6-7b-chunk-256-sm-8.csv
facebook/opt-6.7b,256,gemm,q_proj,8,3,148.47999811172485,429072384,431169536,2097152,2097152,1024,2026-04-14T11:53:34Z,baseline_nvml_pt,nvidia-smi,ok,0.0,5.0,1695.0,8001.0,71.7,0.5478399991989136,417.1953125,417.1953125,8.0,True,,,,,unavailable,,prefill-facebook-opt-6-7b-chunk-256-sm-8,success,,,/mnt/data/dheeraj/dicertation/inference-profile/runs/revised-full-20260414-g6-opt67b-c64-256/raw/points/prefill/prefill-facebook-opt-6-7b-chunk-256-sm-8.csv
facebook/opt-6.7b,256,gemm,k_proj,8,3,145.34400403499603,429072384,431169536,2097152,2097152,1024,2026-04-14T11:53:34Z,baseline_nvml_pt,nvidia-smi,ok,0.0,5.0,1695.0,8001.0,71.7,0.5478399991989136,417.1953125,417.1953125,8.0,True,,,,,unavailable,,prefill-facebook-opt-6-7b-chunk-256-sm-8,success,,,/mnt/data/dheeraj/dicertation/inference-profile/runs/revised-full-20260414-g6-opt67b-c64-256/raw/points/prefill/prefill-facebook-opt-6-7b-chunk-256-sm-8.csv
facebook/opt-6.7b,256,gemm,v_proj,8,3,152.63999998569489,429072384,431169536,2097152,2097152,1024,2026-04-14T11:53:34Z,baseline_nvml_pt,nvidia-smi,ok,0.0,5.0,1695.0,8001.0,71.7,0.5478399991989136,417.1953125,417.1953125,8.0,True,,,,,unavailable,,prefill-facebook-opt-6-7b-chunk-256-sm-8,success,,,/mnt/data/dheeraj/dicertation/inference-profile/runs/revised-full-20260414-g6-opt67b-c64-256/raw/points/prefill/prefill-facebook-opt-6-7b-chunk-256-sm-8.csv
facebook/opt-6.7b,256,gemm,out_proj,8,3,146.43199741840363,429072384,431169536,2097152,2097152,1024,2026-04-14T11:53:34Z,baseline_nvml_pt,nvidia-smi,ok,0.0,5.0,1695.0,8001.0,71.7,0.5478399991989136,417.1953125,417.1953125,8.0,True,,,,,unavailable,,prefill-facebook-opt-6-7b-chunk-256-sm-8,success,,,/mnt/data/dheeraj/dicertation/inference-profile/runs/revised-full-20260414-g6-opt67b-c64-256/raw/points/prefill/prefill-facebook-opt-6-7b-chunk-256-sm-8.csv
facebook/opt-6.7b,256,gemm,fc1,8,3,538.6239886283875,429072384,437460992,8388608,8388608,1024,2026-04-14T11:53:34Z,baseline_nvml_pt,nvidia-smi,ok,0.0,5.0,1695.0,8001.0,71.7,0.5478399991989136,417.1953125,417.1953125,8.0,True,,,,,unavailable,,prefill-facebook-opt-6-7b-chunk-256-sm-8,success,,,/mnt/data/dheeraj/dicertation/inference-profile/runs/revised-full-20260414-g6-opt67b-c64-256/raw/points/prefill/prefill-facebook-opt-6-7b-chunk-256-sm-8.csv
facebook/opt-6.7b,256,gemm,fc2,8,3,388.09600472450256,429072384,431169536,2097152,2097152,1024,2026-04-14T11:53:34Z,baseline_nvml_pt,nvidia-smi,ok,0.0,5.0,1695.0,8001.0,71.7,0.5478399991989136,417.1953125,417.1953125,8.0,True,,,,,unavailable,,prefill-facebook-opt-6-7b-chunk-256-sm-8,success,,,/mnt/data/dheeraj/dicertation/inference-profile/runs/revised-full-20260414-g6-opt67b-c64-256/raw/points/prefill/prefill-facebook-opt-6-7b-chunk-256-sm-8.csv
facebook/opt-6.7b,256,attention,attention,8,3,56.223999708890915,429072384,431203328,2130944,2097152,1024,2026-04-14T11:53:34Z,baseline_nvml_pt,nvidia-smi,ok,0.0,5.0,1695.0,8001.0,71.7,0.5478399991989136,417.1953125,417.1953125,8.0,True,,,,,unavailable,,prefill-facebook-opt-6-7b-chunk-256-sm-8,success,,,/mnt/data/dheeraj/dicertation/inference-profile/runs/revised-full-20260414-g6-opt67b-c64-256/raw/points/prefill/prefill-facebook-opt-6-7b-chunk-256-sm-8.csv
facebook/opt-6.7b,256,gemm,q_proj,8,4,147.45600521564484,429072384,431169536,2097152,2097152,1024,2026-04-14T11:53:34Z,baseline_nvml_pt,nvidia-smi,ok,0.0,5.0,1695.0,8001.0,71.7,0.5478399991989136,417.1953125,417.1953125,8.0,True,,,,,unavailable,,prefill-facebook-opt-6-7b-chunk-256-sm-8,success,,,/mnt/data/dheeraj/dicertation/inference-profile/runs/revised-full-20260414-g6-opt67b-c64-256/raw/points/prefill/prefill-facebook-opt-6-7b-chunk-256-sm-8.csv
facebook/opt-6.7b,256,gemm,k_proj,8,4,144.51199769973755,429072384,431169536,2097152,2097152,1024,2026-04-14T11:53:34Z,baseline_nvml_pt,nvidia-smi,ok,0.0,5.0,1695.0,8001.0,71.7,0.5478399991989136,417.1953125,417.1953125,8.0,True,,,,,unavailable,,prefill-facebook-opt-6-7b-chunk-256-sm-8,success,,,/mnt/data/dheeraj/dicertation/inference-profile/runs/revised-full-20260414-g6-opt67b-c64-256/raw/points/prefill/prefill-facebook-opt-6-7b-chunk-256-sm-8.csv
facebook/opt-6.7b,256,gemm,v_proj,8,4,145.4080045223236,429072384,431169536,2097152,2097152,1024,2026-04-14T11:53:34Z,baseline_nvml_pt,nvidia-smi,ok,0.0,5.0,1695.0,8001.0,71.7,0.5478399991989136,417.1953125,417.1953125,8.0,True,,,,,unavailable,,prefill-facebook-opt-6-7b-chunk-256-sm-8,success,,,/mnt/data/dheeraj/dicertation/inference-profile/runs/revised-full-20260414-g6-opt67b-c64-256/raw/points/prefill/prefill-facebook-opt-6-7b-chunk-256-sm-8.csv
facebook/opt-6.7b,256,gemm,out_proj,8,4,145.4080045223236,429072384,431169536,2097152,2097152,1024,2026-04-14T11:53:34Z,baseline_nvml_pt,nvidia-smi,ok,0.0,5.0,1695.0,8001.0,71.7,0.5478399991989136,417.1953125,417.1953125,8.0,True,,,,,unavailable,,prefill-facebook-opt-6-7b-chunk-256-sm-8,success,,,/mnt/data/dheeraj/dicertation/inference-profile/runs/revised-full-20260414-g6-opt67b-c64-256/raw/points/prefill/prefill-facebook-opt-6-7b-chunk-256-sm-8.csv
facebook/opt-6.7b,256,gemm,fc1,8,4,537.5999808311462,429072384,437460992,8388608,8388608,1024,2026-04-14T11:53:34Z,baseline_nvml_pt,nvidia-smi,ok,0.0,5.0,1695.0,8001.0,71.7,0.5478399991989136,417.1953125,417.1953125,8.0,True,,,,,unavailable,,prefill-facebook-opt-6-7b-chunk-256-sm-8,success,,,/mnt/data/dheeraj/dicertation/inference-profile/runs/revised-full-20260414-g6-opt67b-c64-256/raw/points/prefill/prefill-facebook-opt-6-7b-chunk-256-sm-8.csv
facebook/opt-6.7b,256,gemm,fc2,8,4,387.07199692726135,429072384,431169536,2097152,2097152,1024,2026-04-14T11:53:34Z,baseline_nvml_pt,nvidia-smi,ok,0.0,5.0,1695.0,8001.0,71.7,0.5478399991989136,417.1953125,417.1953125,8.0,True,,,,,unavailable,,prefill-facebook-opt-6-7b-chunk-256-sm-8,success,,,/mnt/data/dheeraj/dicertation/inference-profile/runs/revised-full-20260414-g6-opt67b-c64-256/raw/points/prefill/prefill-facebook-opt-6-7b-chunk-256-sm-8.csv
facebook/opt-6.7b,256,attention,attention,8,4,54.27199974656105,429072384,431203328,2130944,2097152,1024,2026-04-14T11:53:34Z,baseline_nvml_pt,nvidia-smi,ok,0.0,5.0,1695.0,8001.0,71.7,0.5478399991989136,417.1953125,417.1953125,8.0,True,,,,,unavailable,,prefill-facebook-opt-6-7b-chunk-256-sm-8,success,,,/mnt/data/dheeraj/dicertation/inference-profile/runs/revised-full-20260414-g6-opt67b-c64-256/raw/points/prefill/prefill-facebook-opt-6-7b-chunk-256-sm-8.csv
facebook/opt-6.7b,256,gemm,q_proj,16,0,159.743994474411,429072384,431169536,2097152,2097152,1024,2026-04-14T11:53:40Z,baseline_nvml_pt,nvidia-smi,ok,0.0,5.0,1695.0,7601.0,71.46,0.5469120144844055,417.1953125,417.1953125,8.0,True,,,,,unavailable,,prefill-facebook-opt-6-7b-chunk-256-sm-16,success,,,/mnt/data/dheeraj/dicertation/inference-profile/runs/revised-full-20260414-g6-opt67b-c64-256/raw/points/prefill/prefill-facebook-opt-6-7b-chunk-256-sm-16.csv
facebook/opt-6.7b,256,gemm,k_proj,16,0,156.67200088500977,429072384,431169536,2097152,2097152,1024,2026-04-14T11:53:40Z,baseline_nvml_pt,nvidia-smi,ok,0.0,5.0,1695.0,7601.0,71.46,0.5469120144844055,417.1953125,417.1953125,8.0,True,,,,,unavailable,,prefill-facebook-opt-6-7b-chunk-256-sm-16,success,,,/mnt/data/dheeraj/dicertation/inference-profile/runs/revised-full-20260414-g6-opt67b-c64-256/raw/points/prefill/prefill-facebook-opt-6-7b-chunk-256-sm-16.csv
facebook/opt-6.7b,256,gemm,v_proj,16,0,149.50400590896606,429072384,431169536,2097152,2097152,1024,2026-04-14T11:53:40Z,baseline_nvml_pt,nvidia-smi,ok,0.0,5.0,1695.0,7601.0,71.46,0.5469120144844055,417.1953125,417.1953125,8.0,True,,,,,unavailable,,prefill-facebook-opt-6-7b-chunk-256-sm-16,success,,,/mnt/data/dheeraj/dicertation/inference-profile/runs/revised-full-20260414-g6-opt67b-c64-256/raw/points/prefill/prefill-facebook-opt-6-7b-chunk-256-sm-16.csv
facebook/opt-6.7b,256,gemm,out_proj,16,0,148.47999811172485,429072384,431169536,2097152,2097152,1024,2026-04-14T11:53:40Z,baseline_nvml_pt,nvidia-smi,ok,0.0,5.0,1695.0,7601.0,71.46,0.5469120144844055,417.1953125,417.1953125,8.0,True,,,,,unavailable,,prefill-facebook-opt-6-7b-chunk-256-sm-16,success,,,/mnt/data/dheeraj/dicertation/inference-profile/runs/revised-full-20260414-g6-opt67b-c64-256/raw/points/prefill/prefill-facebook-opt-6-7b-chunk-256-sm-16.csv
facebook/opt-6.7b,256,gemm,fc1,16,0,543.7440276145935,429072384,437460992,8388608,8388608,1024,2026-04-14T11:53:40Z,baseline_nvml_pt,nvidia-smi,ok,0.0,5.0,1695.0,7601.0,71.46,0.5469120144844055,417.1953125,417.1953125,8.0,True,,,,,unavailable,,prefill-facebook-opt-6-7b-chunk-256-sm-16,success,,,/mnt/data/dheeraj/dicertation/inference-profile/runs/revised-full-20260414-g6-opt67b-c64-256/raw/points/prefill/prefill-facebook-opt-6-7b-chunk-256-sm-16.csv
facebook/opt-6.7b,256,gemm,fc2,16,0,389.1200125217438,429072384,431169536,2097152,2097152,1024,2026-04-14T11:53:40Z,baseline_nvml_pt,nvidia-smi,ok,0.0,5.0,1695.0,7601.0,71.46,0.5469120144844055,417.1953125,417.1953125,8.0,True,,,,,unavailable,,prefill-facebook-opt-6-7b-chunk-256-sm-16,success,,,/mnt/data/dheeraj/dicertation/inference-profile/runs/revised-full-20260414-g6-opt67b-c64-256/raw/points/prefill/prefill-facebook-opt-6-7b-chunk-256-sm-16.csv
facebook/opt-6.7b,256,attention,attention,16,0,58.36800113320351,429072384,431203328,2130944,2097152,1024,2026-04-14T11:53:40Z,baseline_nvml_pt,nvidia-smi,ok,0.0,5.0,1695.0,7601.0,71.46,0.5469120144844055,417.1953125,417.1953125,8.0,True,,,,,unavailable,,prefill-facebook-opt-6-7b-chunk-256-sm-16,success,,,/mnt/data/dheeraj/dicertation/inference-profile/runs/revised-full-20260414-g6-opt67b-c64-256/raw/points/prefill/prefill-facebook-opt-6-7b-chunk-256-sm-16.csv
facebook/opt-6.7b,256,gemm,q_proj,16,1,159.5200002193451,429072384,431169536,2097152,2097152,1024,2026-04-14T11:53:40Z,baseline_nvml_pt,nvidia-smi,ok,0.0,5.0,1695.0,7601.0,71.46,0.5469120144844055,417.1953125,417.1953125,8.0,True,,,,,unavailable,,prefill-facebook-opt-6-7b-chunk-256-sm-16,success,,,/mnt/data/dheeraj/dicertation/inference-profile/runs/revised-full-20260414-g6-opt67b-c64-256/raw/points/prefill/prefill-facebook-opt-6-7b-chunk-256-sm-16.csv
facebook/opt-6.7b,256,gemm,k_proj,16,1,149.50400590896606,429072384,431169536,2097152,2097152,1024,2026-04-14T11:53:40Z,baseline_nvml_pt,nvidia-smi,ok,0.0,5.0,1695.0,7601.0,71.46,0.5469120144844055,417.1953125,417.1953125,8.0,True,,,,,unavailable,,prefill-facebook-opt-6-7b-chunk-256-sm-16,success,,,/mnt/data/dheeraj/dicertation/inference-profile/runs/revised-full-20260414-g6-opt67b-c64-256/raw/points/prefill/prefill-facebook-opt-6-7b-chunk-256-sm-16.csv
facebook/opt-6.7b,256,gemm,v_proj,16,1,146.17599546909332,429072384,431169536,2097152,2097152,1024,2026-04-14T11:53:40Z,baseline_nvml_pt,nvidia-smi,ok,0.0,5.0,1695.0,7601.0,71.46,0.5469120144844055,417.1953125,417.1953125,8.0,True,,,,,unavailable,,prefill-facebook-opt-6-7b-chunk-256-sm-16,success,,,/mnt/data/dheeraj/dicertation/inference-profile/runs/revised-full-20260414-g6-opt67b-c64-256/raw/points/prefill/prefill-facebook-opt-6-7b-chunk-256-sm-16.csv
facebook/opt-6.7b,256,gemm,out_proj,16,1,147.45600521564484,429072384,431169536,2097152,2097152,1024,2026-04-14T11:53:40Z,baseline_nvml_pt,nvidia-smi,ok,0.0,5.0,1695.0,7601.0,71.46,0.5469120144844055,417.1953125,417.1953125,8.0,True,,,,,unavailable,,prefill-facebook-opt-6-7b-chunk-256-sm-16,success,,,/mnt/data/dheeraj/dicertation/inference-profile/runs/revised-full-20260414-g6-opt67b-c64-256/raw/points/prefill/prefill-facebook-opt-6-7b-chunk-256-sm-16.csv
facebook/opt-6.7b,256,gemm,fc1,16,1,538.4320020675659,429072384,437460992,8388608,8388608,1024,2026-04-14T11:53:40Z,baseline_nvml_pt,nvidia-smi,ok,0.0,5.0,1695.0,7601.0,71.46,0.5469120144844055,417.1953125,417.1953125,8.0,True,,,,,unavailable,,prefill-facebook-opt-6-7b-chunk-256-sm-16,success,,,/mnt/data/dheeraj/dicertation/inference-profile/runs/revised-full-20260414-g6-opt67b-c64-256/raw/points/prefill/prefill-facebook-opt-6-7b-chunk-256-sm-16.csv
facebook/opt-6.7b,256,gemm,fc2,16,1,386.04798913002014,429072384,431169536,2097152,2097152,1024,2026-04-14T11:53:40Z,baseline_nvml_pt,nvidia-smi,ok,0.0,5.0,1695.0,7601.0,71.46,0.5469120144844055,417.1953125,417.1953125,8.0,True,,,,,unavailable,,prefill-facebook-opt-6-7b-chunk-256-sm-16,success,,,/mnt/data/dheeraj/dicertation/inference-profile/runs/revised-full-20260414-g6-opt67b-c64-256/raw/points/prefill/prefill-facebook-opt-6-7b-chunk-256-sm-16.csv
facebook/opt-6.7b,256,attention,attention,16,1,55.23199960589409,429072384,431203328,2130944,2097152,1024,2026-04-14T11:53:40Z,baseline_nvml_pt,nvidia-smi,ok,0.0,5.0,1695.0,7601.0,71.46,0.5469120144844055,417.1953125,417.1953125,8.0,True,,,,,unavailable,,prefill-facebook-opt-6-7b-chunk-256-sm-16,success,,,/mnt/data/dheeraj/dicertation/inference-profile/runs/revised-full-20260414-g6-opt67b-c64-256/raw/points/prefill/prefill-facebook-opt-6-7b-chunk-256-sm-16.csv
facebook/opt-6.7b,256,gemm,q_proj,16,2,151.61600708961487,429072384,431169536,2097152,2097152,1024,2026-04-14T11:53:40Z,baseline_nvml_pt,nvidia-smi,ok,0.0,5.0,1695.0,7601.0,71.46,0.5469120144844055,417.1953125,417.1953125,8.0,True,,,,,unavailable,,prefill-facebook-opt-6-7b-chunk-256-sm-16,success,,,/mnt/data/dheeraj/dicertation/inference-profile/runs/revised-full-20260414-g6-opt67b-c64-256/raw/points/prefill/prefill-facebook-opt-6-7b-chunk-256-sm-16.csv
facebook/opt-6.7b,256,gemm,k_proj,16,2,146.43199741840363,429072384,431169536,2097152,2097152,1024,2026-04-14T11:53:40Z,baseline_nvml_pt,nvidia-smi,ok,0.0,5.0,1695.0,7601.0,71.46,0.5469120144844055,417.1953125,417.1953125,8.0,True,,,,,unavailable,,prefill-facebook-opt-6-7b-chunk-256-sm-16,success,,,/mnt/data/dheeraj/dicertation/inference-profile/runs/revised-full-20260414-g6-opt67b-c64-256/raw/points/prefill/prefill-facebook-opt-6-7b-chunk-256-sm-16.csv
facebook/opt-6.7b,256,gemm,v_proj,16,2,153.60000729560852,429072384,431169536,2097152,2097152,1024,2026-04-14T11:53:40Z,baseline_nvml_pt,nvidia-smi,ok,0.0,5.0,1695.0,7601.0,71.46,0.5469120144844055,417.1953125,417.1953125,8.0,True,,,,,unavailable,,prefill-facebook-opt-6-7b-chunk-256-sm-16,success,,,/mnt/data/dheeraj/dicertation/inference-profile/runs/revised-full-20260414-g6-opt67b-c64-256/raw/points/prefill/prefill-facebook-opt-6-7b-chunk-256-sm-16.csv
facebook/opt-6.7b,256,gemm,out_proj,16,2,146.43199741840363,429072384,431169536,2097152,2097152,1024,2026-04-14T11:53:40Z,baseline_nvml_pt,nvidia-smi,ok,0.0,5.0,1695.0,7601.0,71.46,0.5469120144844055,417.1953125,417.1953125,8.0,True,,,,,unavailable,,prefill-facebook-opt-6-7b-chunk-256-sm-16,success,,,/mnt/data/dheeraj/dicertation/inference-profile/runs/revised-full-20260414-g6-opt67b-c64-256/raw/points/prefill/prefill-facebook-opt-6-7b-chunk-256-sm-16.csv
facebook/opt-6.7b,256,gemm,fc1,16,2,546.9120144844055,429072384,437460992,8388608,8388608,1024,2026-04-14T11:53:40Z,baseline_nvml_pt,nvidia-smi,ok,0.0,5.0,1695.0,7601.0,71.46,0.5469120144844055,417.1953125,417.1953125,8.0,True,,,,,unavailable,,prefill-facebook-opt-6-7b-chunk-256-sm-16,success,,,/mnt/data/dheeraj/dicertation/inference-profile/runs/revised-full-20260414-g6-opt67b-c64-256/raw/points/prefill/prefill-facebook-opt-6-7b-chunk-256-sm-16.csv
facebook/opt-6.7b,256,gemm,fc2,16,2,388.09600472450256,429072384,431169536,2097152,2097152,1024,2026-04-14T11:53:40Z,baseline_nvml_pt,nvidia-smi,ok,0.0,5.0,1695.0,7601.0,71.46,0.5469120144844055,417.1953125,417.1953125,8.0,True,,,,,unavailable,,prefill-facebook-opt-6-7b-chunk-256-sm-16,success,,,/mnt/data/dheeraj/dicertation/inference-profile/runs/revised-full-20260414-g6-opt67b-c64-256/raw/points/prefill/prefill-facebook-opt-6-7b-chunk-256-sm-16.csv
facebook/opt-6.7b,256,attention,attention,16,2,56.32000043988228,429072384,431203328,2130944,2097152,1024,2026-04-14T11:53:40Z,baseline_nvml_pt,nvidia-smi,ok,0.0,5.0,1695.0,7601.0,71.46,0.5469120144844055,417.1953125,417.1953125,8.0,True,,,,,unavailable,,prefill-facebook-opt-6-7b-chunk-256-sm-16,success,,,/mnt/data/dheeraj/dicertation/inference-profile/runs/revised-full-20260414-g6-opt67b-c64-256/raw/points/prefill/prefill-facebook-opt-6-7b-chunk-256-sm-16.csv
facebook/opt-6.7b,256,gemm,q_proj,16,3,148.47999811172485,429072384,431169536,2097152,2097152,1024,2026-04-14T11:53:40Z,baseline_nvml_pt,nvidia-smi,ok,0.0,5.0,1695.0,7601.0,71.46,0.5469120144844055,417.1953125,417.1953125,8.0,True,,,,,unavailable,,prefill-facebook-opt-6-7b-chunk-256-sm-16,success,,,/mnt/data/dheeraj/dicertation/inference-profile/runs/revised-full-20260414-g6-opt67b-c64-256/raw/points/prefill/prefill-facebook-opt-6-7b-chunk-256-sm-16.csv
facebook/opt-6.7b,256,gemm,k_proj,16,3,145.4080045223236,429072384,431169536,2097152,2097152,1024,2026-04-14T11:53:40Z,baseline_nvml_pt,nvidia-smi,ok,0.0,5.0,1695.0,7601.0,71.46,0.5469120144844055,417.1953125,417.1953125,8.0,True,,,,,unavailable,,prefill-facebook-opt-6-7b-chunk-256-sm-16,success,,,/mnt/data/dheeraj/dicertation/inference-profile/runs/revised-full-20260414-g6-opt67b-c64-256/raw/points/prefill/prefill-facebook-opt-6-7b-chunk-256-sm-16.csv
facebook/opt-6.7b,256,gemm,v_proj,16,3,147.23199605941772,429072384,431169536,2097152,2097152,1024,2026-04-14T11:53:40Z,baseline_nvml_pt,nvidia-smi,ok,0.0,5.0,1695.0,7601.0,71.46,0.5469120144844055,417.1953125,417.1953125,8.0,True,,,,,unavailable,,prefill-facebook-opt-6-7b-chunk-256-sm-16,success,,,/mnt/data/dheeraj/dicertation/inference-profile/runs/revised-full-20260414-g6-opt67b-c64-256/raw/points/prefill/prefill-facebook-opt-6-7b-chunk-256-sm-16.csv
facebook/opt-6.7b,256,gemm,out_proj,16,3,146.43199741840363,429072384,431169536,2097152,2097152,1024,2026-04-14T11:53:40Z,baseline_nvml_pt,nvidia-smi,ok,0.0,5.0,1695.0,7601.0,71.46,0.5469120144844055,417.1953125,417.1953125,8.0,True,,,,,unavailable,,prefill-facebook-opt-6-7b-chunk-256-sm-16,success,,,/mnt/data/dheeraj/dicertation/inference-profile/runs/revised-full-20260414-g6-opt67b-c64-256/raw/points/prefill/prefill-facebook-opt-6-7b-chunk-256-sm-16.csv
facebook/opt-6.7b,256,gemm,fc1,16,3,542.4960255622864,429072384,437460992,8388608,8388608,1024,2026-04-14T11:53:40Z,baseline_nvml_pt,nvidia-smi,ok,0.0,5.0,1695.0,7601.0,71.46,0.5469120144844055,417.1953125,417.1953125,8.0,True,,,,,unavailable,,prefill-facebook-opt-6-7b-chunk-256-sm-16,success,,,/mnt/data/dheeraj/dicertation/inference-profile/runs/revised-full-20260414-g6-opt67b-c64-256/raw/points/prefill/prefill-facebook-opt-6-7b-chunk-256-sm-16.csv
facebook/opt-6.7b,256,gemm,fc2,16,3,387.10400462150574,429072384,431169536,2097152,2097152,1024,2026-04-14T11:53:40Z,baseline_nvml_pt,nvidia-smi,ok,0.0,5.0,1695.0,7601.0,71.46,0.5469120144844055,417.1953125,417.1953125,8.0,True,,,,,unavailable,,prefill-facebook-opt-6-7b-chunk-256-sm-16,success,,,/mnt/data/dheeraj/dicertation/inference-profile/runs/revised-full-20260414-g6-opt67b-c64-256/raw/points/prefill/prefill-facebook-opt-6-7b-chunk-256-sm-16.csv
facebook/opt-6.7b,256,attention,attention,16,3,54.368000477552414,429072384,431203328,2130944,2097152,1024,2026-04-14T11:53:40Z,baseline_nvml_pt,nvidia-smi,ok,0.0,5.0,1695.0,7601.0,71.46,0.5469120144844055,417.1953125,417.1953125,8.0,True,,,,,unavailable,,prefill-facebook-opt-6-7b-chunk-256-sm-16,success,,,/mnt/data/dheeraj/dicertation/inference-profile/runs/revised-full-20260414-g6-opt67b-c64-256/raw/points/prefill/prefill-facebook-opt-6-7b-chunk-256-sm-16.csv
facebook/opt-6.7b,256,gemm,q_proj,16,4,148.47999811172485,429072384,431169536,2097152,2097152,1024,2026-04-14T11:53:40Z,baseline_nvml_pt,nvidia-smi,ok,0.0,5.0,1695.0,7601.0,71.46,0.5469120144844055,417.1953125,417.1953125,8.0,True,,,,,unavailable,,prefill-facebook-opt-6-7b-chunk-256-sm-16,success,,,/mnt/data/dheeraj/dicertation/inference-profile/runs/revised-full-20260414-g6-opt67b-c64-256/raw/points/prefill/prefill-facebook-opt-6-7b-chunk-256-sm-16.csv
facebook/opt-6.7b,256,gemm,k_proj,16,4,147.45600521564484,429072384,431169536,2097152,2097152,1024,2026-04-14T11:53:40Z,baseline_nvml_pt,nvidia-smi,ok,0.0,5.0,1695.0,7601.0,71.46,0.5469120144844055,417.1953125,417.1953125,8.0,True,,,,,unavailable,,prefill-facebook-opt-6-7b-chunk-256-sm-16,success,,,/mnt/data/dheeraj/dicertation/inference-profile/runs/revised-full-20260414-g6-opt67b-c64-256/raw/points/prefill/prefill-facebook-opt-6-7b-chunk-256-sm-16.csv
facebook/opt-6.7b,256,gemm,v_proj,16,4,145.4080045223236,429072384,431169536,2097152,2097152,1024,2026-04-14T11:53:40Z,baseline_nvml_pt,nvidia-smi,ok,0.0,5.0,1695.0,7601.0,71.46,0.5469120144844055,417.1953125,417.1953125,8.0,True,,,,,unavailable,,prefill-facebook-opt-6-7b-chunk-256-sm-16,success,,,/mnt/data/dheeraj/dicertation/inference-profile/runs/revised-full-20260414-g6-opt67b-c64-256/raw/points/prefill/prefill-facebook-opt-6-7b-chunk-256-sm-16.csv
facebook/opt-6.7b,256,gemm,out_proj,16,4,145.4080045223236,429072384,431169536,2097152,2097152,1024,2026-04-14T11:53:40Z,baseline_nvml_pt,nvidia-smi,ok,0.0,5.0,1695.0,7601.0,71.46,0.5469120144844055,417.1953125,417.1953125,8.0,True,,,,,unavailable,,prefill-facebook-opt-6-7b-chunk-256-sm-16,success,,,/mnt/data/dheeraj/dicertation/inference-profile/runs/revised-full-20260414-g6-opt67b-c64-256/raw/points/prefill/prefill-facebook-opt-6-7b-chunk-256-sm-16.csv
facebook/opt-6.7b,256,gemm,fc1,16,4,540.6720042228699,429072384,437460992,8388608,8388608,1024,2026-04-14T11:53:40Z,baseline_nvml_pt,nvidia-smi,ok,0.0,5.0,1695.0,7601.0,71.46,0.5469120144844055,417.1953125,417.1953125,8.0,True,,,,,unavailable,,prefill-facebook-opt-6-7b-chunk-256-sm-16,success,,,/mnt/data/dheeraj/dicertation/inference-profile/runs/revised-full-20260414-g6-opt67b-c64-256/raw/points/prefill/prefill-facebook-opt-6-7b-chunk-256-sm-16.csv
facebook/opt-6.7b,256,gemm,fc2,16,4,385.0240111351013,429072384,431169536,2097152,2097152,1024,2026-04-14T11:53:40Z,baseline_nvml_pt,nvidia-smi,ok,0.0,5.0,1695.0,7601.0,71.46,0.5469120144844055,417.1953125,417.1953125,8.0,True,,,,,unavailable,,prefill-facebook-opt-6-7b-chunk-256-sm-16,success,,,/mnt/data/dheeraj/dicertation/inference-profile/runs/revised-full-20260414-g6-opt67b-c64-256/raw/points/prefill/prefill-facebook-opt-6-7b-chunk-256-sm-16.csv
facebook/opt-6.7b,256,attention,attention,16,4,55.55199831724167,429072384,431203328,2130944,2097152,1024,2026-04-14T11:53:40Z,baseline_nvml_pt,nvidia-smi,ok,0.0,5.0,1695.0,7601.0,71.46,0.5469120144844055,417.1953125,417.1953125,8.0,True,,,,,unavailable,,prefill-facebook-opt-6-7b-chunk-256-sm-16,success,,,/mnt/data/dheeraj/dicertation/inference-profile/runs/revised-full-20260414-g6-opt67b-c64-256/raw/points/prefill/prefill-facebook-opt-6-7b-chunk-256-sm-16.csv
facebook/opt-6.7b,256,gemm,q_proj,24,0,161.79199516773224,429072384,431169536,2097152,2097152,1024,2026-04-14T11:53:45Z,baseline_nvml_pt,nvidia-smi,ok,23.0,5.0,1695.0,7601.0,71.62,0.5457919836044312,417.1953125,417.1953125,8.0,True,,,,,unavailable,,prefill-facebook-opt-6-7b-chunk-256-sm-24,success,,,/mnt/data/dheeraj/dicertation/inference-profile/runs/revised-full-20260414-g6-opt67b-c64-256/raw/points/prefill/prefill-facebook-opt-6-7b-chunk-256-sm-24.csv
facebook/opt-6.7b,256,gemm,k_proj,24,0,160.76800227165222,429072384,431169536,2097152,2097152,1024,2026-04-14T11:53:45Z,baseline_nvml_pt,nvidia-smi,ok,23.0,5.0,1695.0,7601.0,71.62,0.5457919836044312,417.1953125,417.1953125,8.0,True,,,,,unavailable,,prefill-facebook-opt-6-7b-chunk-256-sm-24,success,,,/mnt/data/dheeraj/dicertation/inference-profile/runs/revised-full-20260414-g6-opt67b-c64-256/raw/points/prefill/prefill-facebook-opt-6-7b-chunk-256-sm-24.csv
facebook/opt-6.7b,256,gemm,v_proj,24,0,149.4079977273941,429072384,431169536,2097152,2097152,1024,2026-04-14T11:53:45Z,baseline_nvml_pt,nvidia-smi,ok,23.0,5.0,1695.0,7601.0,71.62,0.5457919836044312,417.1953125,417.1953125,8.0,True,,,,,unavailable,,prefill-facebook-opt-6-7b-chunk-256-sm-24,success,,,/mnt/data/dheeraj/dicertation/inference-profile/runs/revised-full-20260414-g6-opt67b-c64-256/raw/points/prefill/prefill-facebook-opt-6-7b-chunk-256-sm-24.csv
facebook/opt-6.7b,256,gemm,out_proj,24,0,147.45600521564484,429072384,431169536,2097152,2097152,1024,2026-04-14T11:53:45Z,baseline_nvml_pt,nvidia-smi,ok,23.0,5.0,1695.0,7601.0,71.62,0.5457919836044312,417.1953125,417.1953125,8.0,True,,,,,unavailable,,prefill-facebook-opt-6-7b-chunk-256-sm-24,success,,,/mnt/data/dheeraj/dicertation/inference-profile/runs/revised-full-20260414-g6-opt67b-c64-256/raw/points/prefill/prefill-facebook-opt-6-7b-chunk-256-sm-24.csv
facebook/opt-6.7b,256,gemm,fc1,24,0,545.7919836044312,429072384,437460992,8388608,8388608,1024,2026-04-14T11:53:45Z,baseline_nvml_pt,nvidia-smi,ok,23.0,5.0,1695.0,7601.0,71.62,0.5457919836044312,417.1953125,417.1953125,8.0,True,,,,,unavailable,,prefill-facebook-opt-6-7b-chunk-256-sm-24,success,,,/mnt/data/dheeraj/dicertation/inference-profile/runs/revised-full-20260414-g6-opt67b-c64-256/raw/points/prefill/prefill-facebook-opt-6-7b-chunk-256-sm-24.csv
facebook/opt-6.7b,256,gemm,fc2,24,0,388.09600472450256,429072384,431169536,2097152,2097152,1024,2026-04-14T11:53:45Z,baseline_nvml_pt,nvidia-smi,ok,23.0,5.0,1695.0,7601.0,71.62,0.5457919836044312,417.1953125,417.1953125,8.0,True,,,,,unavailable,,prefill-facebook-opt-6-7b-chunk-256-sm-24,success,,,/mnt/data/dheeraj/dicertation/inference-profile/runs/revised-full-20260414-g6-opt67b-c64-256/raw/points/prefill/prefill-facebook-opt-6-7b-chunk-256-sm-24.csv
facebook/opt-6.7b,256,attention,attention,24,0,58.59199911355972,429072384,431203328,2130944,2097152,1024,2026-04-14T11:53:45Z,baseline_nvml_pt,nvidia-smi,ok,23.0,5.0,1695.0,7601.0,71.62,0.5457919836044312,417.1953125,417.1953125,8.0,True,,,,,unavailable,,prefill-facebook-opt-6-7b-chunk-256-sm-24,success,,,/mnt/data/dheeraj/dicertation/inference-profile/runs/revised-full-20260414-g6-opt67b-c64-256/raw/points/prefill/prefill-facebook-opt-6-7b-chunk-256-sm-24.csv
facebook/opt-6.7b,256,gemm,q_proj,24,1,150.36800503730774,429072384,431169536,2097152,2097152,1024,2026-04-14T11:53:45Z,baseline_nvml_pt,nvidia-smi,ok,23.0,5.0,1695.0,7601.0,71.62,0.5457919836044312,417.1953125,417.1953125,8.0,True,,,,,unavailable,,prefill-facebook-opt-6-7b-chunk-256-sm-24,success,,,/mnt/data/dheeraj/dicertation/inference-profile/runs/revised-full-20260414-g6-opt67b-c64-256/raw/points/prefill/prefill-facebook-opt-6-7b-chunk-256-sm-24.csv
facebook/opt-6.7b,256,gemm,k_proj,24,1,149.4400054216385,429072384,431169536,2097152,2097152,1024,2026-04-14T11:53:45Z,baseline_nvml_pt,nvidia-smi,ok,23.0,5.0,1695.0,7601.0,71.62,0.5457919836044312,417.1953125,417.1953125,8.0,True,,,,,unavailable,,prefill-facebook-opt-6-7b-chunk-256-sm-24,success,,,/mnt/data/dheeraj/dicertation/inference-profile/runs/revised-full-20260414-g6-opt67b-c64-256/raw/points/prefill/prefill-facebook-opt-6-7b-chunk-256-sm-24.csv
facebook/opt-6.7b,256,gemm,v_proj,24,1,146.43199741840363,429072384,431169536,2097152,2097152,1024,2026-04-14T11:53:45Z,baseline_nvml_pt,nvidia-smi,ok,23.0,5.0,1695.0,7601.0,71.62,0.5457919836044312,417.1953125,417.1953125,8.0,True,,,,,unavailable,,prefill-facebook-opt-6-7b-chunk-256-sm-24,success,,,/mnt/data/dheeraj/dicertation/inference-profile/runs/revised-full-20260414-g6-opt67b-c64-256/raw/points/prefill/prefill-facebook-opt-6-7b-chunk-256-sm-24.csv
facebook/opt-6.7b,256,gemm,out_proj,24,1,146.43199741840363,429072384,431169536,2097152,2097152,1024,2026-04-14T11:53:45Z,baseline_nvml_pt,nvidia-smi,ok,23.0,5.0,1695.0,7601.0,71.62,0.5457919836044312,417.1953125,417.1953125,8.0,True,,,,,unavailable,,prefill-facebook-opt-6-7b-chunk-256-sm-24,success,,,/mnt/data/dheeraj/dicertation/inference-profile/runs/revised-full-20260414-g6-opt67b-c64-256/raw/points/prefill/prefill-facebook-opt-6-7b-chunk-256-sm-24.csv
facebook/opt-6.7b,256,gemm,fc1,24,1,539.6159887313843,429072384,437460992,8388608,8388608,1024,2026-04-14T11:53:45Z,baseline_nvml_pt,nvidia-smi,ok,23.0,5.0,1695.0,7601.0,71.62,0.5457919836044312,417.1953125,417.1953125,8.0,True,,,,,unavailable,,prefill-facebook-opt-6-7b-chunk-256-sm-24,success,,,/mnt/data/dheeraj/dicertation/inference-profile/runs/revised-full-20260414-g6-opt67b-c64-256/raw/points/prefill/prefill-facebook-opt-6-7b-chunk-256-sm-24.csv
facebook/opt-6.7b,256,gemm,fc2,24,1,386.84800267219543,429072384,431169536,2097152,2097152,1024,2026-04-14T11:53:45Z,baseline_nvml_pt,nvidia-smi,ok,23.0,5.0,1695.0,7601.0,71.62,0.5457919836044312,417.1953125,417.1953125,8.0,True,,,,,unavailable,,prefill-facebook-opt-6-7b-chunk-256-sm-24,success,,,/mnt/data/dheeraj/dicertation/inference-profile/runs/revised-full-20260414-g6-opt67b-c64-256/raw/points/prefill/prefill-facebook-opt-6-7b-chunk-256-sm-24.csv
facebook/opt-6.7b,256,attention,attention,24,1,55.424001067876816,429072384,431203328,2130944,2097152,1024,2026-04-14T11:53:45Z,baseline_nvml_pt,nvidia-smi,ok,23.0,5.0,1695.0,7601.0,71.62,0.5457919836044312,417.1953125,417.1953125,8.0,True,,,,,unavailable,,prefill-facebook-opt-6-7b-chunk-256-sm-24,success,,,/mnt/data/dheeraj/dicertation/inference-profile/runs/revised-full-20260414-g6-opt67b-c64-256/raw/points/prefill/prefill-facebook-opt-6-7b-chunk-256-sm-24.csv
facebook/opt-6.7b,256,gemm,q_proj,24,2,151.39199793338776,429072384,431169536,2097152,2097152,1024,2026-04-14T11:53:45Z,baseline_nvml_pt,nvidia-smi,ok,23.0,5.0,1695.0,7601.0,71.62,0.5457919836044312,417.1953125,417.1953125,8.0,True,,,,,unavailable,,prefill-facebook-opt-6-7b-chunk-256-sm-24,success,,,/mnt/data/dheeraj/dicertation/inference-profile/runs/revised-full-20260414-g6-opt67b-c64-256/raw/points/prefill/prefill-facebook-opt-6-7b-chunk-256-sm-24.csv
facebook/opt-6.7b,256,gemm,k_proj,24,2,147.45600521564484,429072384,431169536,2097152,2097152,1024,2026-04-14T11:53:45Z,baseline_nvml_pt,nvidia-smi,ok,23.0,5.0,1695.0,7601.0,71.62,0.5457919836044312,417.1953125,417.1953125,8.0,True,,,,,unavailable,,prefill-facebook-opt-6-7b-chunk-256-sm-24,success,,,/mnt/data/dheeraj/dicertation/inference-profile/runs/revised-full-20260414-g6-opt67b-c64-256/raw/points/prefill/prefill-facebook-opt-6-7b-chunk-256-sm-24.csv
facebook/opt-6.7b,256,gemm,v_proj,24,2,152.5759994983673,429072384,431169536,2097152,2097152,1024,2026-04-14T11:53:45Z,baseline_nvml_pt,nvidia-smi,ok,23.0,5.0,1695.0,7601.0,71.62,0.5457919836044312,417.1953125,417.1953125,8.0,True,,,,,unavailable,,prefill-facebook-opt-6-7b-chunk-256-sm-24,success,,,/mnt/data/dheeraj/dicertation/inference-profile/runs/revised-full-20260414-g6-opt67b-c64-256/raw/points/prefill/prefill-facebook-opt-6-7b-chunk-256-sm-24.csv
facebook/opt-6.7b,256,gemm,out_proj,24,2,146.30399644374847,429072384,431169536,2097152,2097152,1024,2026-04-14T11:53:45Z,baseline_nvml_pt,nvidia-smi,ok,23.0,5.0,1695.0,7601.0,71.62,0.5457919836044312,417.1953125,417.1953125,8.0,True,,,,,unavailable,,prefill-facebook-opt-6-7b-chunk-256-sm-24,success,,,/mnt/data/dheeraj/dicertation/inference-profile/runs/revised-full-20260414-g6-opt67b-c64-256/raw/points/prefill/prefill-facebook-opt-6-7b-chunk-256-sm-24.csv
facebook/opt-6.7b,256,gemm,fc1,24,2,539.6479964256287,429072384,437460992,8388608,8388608,1024,2026-04-14T11:53:45Z,baseline_nvml_pt,nvidia-smi,ok,23.0,5.0,1695.0,7601.0,71.62,0.5457919836044312,417.1953125,417.1953125,8.0,True,,,,,unavailable,,prefill-facebook-opt-6-7b-chunk-256-sm-24,success,,,/mnt/data/dheeraj/dicertation/inference-profile/runs/revised-full-20260414-g6-opt67b-c64-256/raw/points/prefill/prefill-facebook-opt-6-7b-chunk-256-sm-24.csv
facebook/opt-6.7b,256,gemm,fc2,24,2,386.9760036468506,429072384,431169536,2097152,2097152,1024,2026-04-14T11:53:45Z,baseline_nvml_pt,nvidia-smi,ok,23.0,5.0,1695.0,7601.0,71.62,0.5457919836044312,417.1953125,417.1953125,8.0,True,,,,,unavailable,,prefill-facebook-opt-6-7b-chunk-256-sm-24,success,,,/mnt/data/dheeraj/dicertation/inference-profile/runs/revised-full-20260414-g6-opt67b-c64-256/raw/points/prefill/prefill-facebook-opt-6-7b-chunk-256-sm-24.csv
facebook/opt-6.7b,256,attention,attention,24,2,55.39200082421303,429072384,431203328,2130944,2097152,1024,2026-04-14T11:53:45Z,baseline_nvml_pt,nvidia-smi,ok,23.0,5.0,1695.0,7601.0,71.62,0.5457919836044312,417.1953125,417.1953125,8.0,True,,,,,unavailable,,prefill-facebook-opt-6-7b-chunk-256-sm-24,success,,,/mnt/data/dheeraj/dicertation/inference-profile/runs/revised-full-20260414-g6-opt67b-c64-256/raw/points/prefill/prefill-facebook-opt-6-7b-chunk-256-sm-24.csv
facebook/opt-6.7b,256,gemm,q_proj,24,3,148.47999811172485,429072384,431169536,2097152,2097152,1024,2026-04-14T11:53:45Z,baseline_nvml_pt,nvidia-smi,ok,23.0,5.0,1695.0,7601.0,71.62,0.5457919836044312,417.1953125,417.1953125,8.0,True,,,,,unavailable,,prefill-facebook-opt-6-7b-chunk-256-sm-24,success,,,/mnt/data/dheeraj/dicertation/inference-profile/runs/revised-full-20260414-g6-opt67b-c64-256/raw/points/prefill/prefill-facebook-opt-6-7b-chunk-256-sm-24.csv
facebook/opt-6.7b,256,gemm,k_proj,24,3,145.4080045223236,429072384,431169536,2097152,2097152,1024,2026-04-14T11:53:45Z,baseline_nvml_pt,nvidia-smi,ok,23.0,5.0,1695.0,7601.0,71.62,0.5457919836044312,417.1953125,417.1953125,8.0,True,,,,,unavailable,,prefill-facebook-opt-6-7b-chunk-256-sm-24,success,,,/mnt/data/dheeraj/dicertation/inference-profile/runs/revised-full-20260414-g6-opt67b-c64-256/raw/points/prefill/prefill-facebook-opt-6-7b-chunk-256-sm-24.csv
facebook/opt-6.7b,256,gemm,v_proj,24,3,147.45600521564484,429072384,431169536,2097152,2097152,1024,2026-04-14T11:53:45Z,baseline_nvml_pt,nvidia-smi,ok,23.0,5.0,1695.0,7601.0,71.62,0.5457919836044312,417.1953125,417.1953125,8.0,True,,,,,unavailable,,prefill-facebook-opt-6-7b-chunk-256-sm-24,success,,,/mnt/data/dheeraj/dicertation/inference-profile/runs/revised-full-20260414-g6-opt67b-c64-256/raw/points/prefill/prefill-facebook-opt-6-7b-chunk-256-sm-24.csv
facebook/opt-6.7b,256,gemm,out_proj,24,3,145.4080045223236,429072384,431169536,2097152,2097152,1024,2026-04-14T11:53:45Z,baseline_nvml_pt,nvidia-smi,ok,23.0,5.0,1695.0,7601.0,71.62,0.5457919836044312,417.1953125,417.1953125,8.0,True,,,,,unavailable,,prefill-facebook-opt-6-7b-chunk-256-sm-24,success,,,/mnt/data/dheeraj/dicertation/inference-profile/runs/revised-full-20260414-g6-opt67b-c64-256/raw/points/prefill/prefill-facebook-opt-6-7b-chunk-256-sm-24.csv
facebook/opt-6.7b,256,gemm,fc1,24,3,539.6479964256287,429072384,437460992,8388608,8388608,1024,2026-04-14T11:53:45Z,baseline_nvml_pt,nvidia-smi,ok,23.0,5.0,1695.0,7601.0,71.62,0.5457919836044312,417.1953125,417.1953125,8.0,True,,,,,unavailable,,prefill-facebook-opt-6-7b-chunk-256-sm-24,success,,,/mnt/data/dheeraj/dicertation/inference-profile/runs/revised-full-20260414-g6-opt67b-c64-256/raw/points/prefill/prefill-facebook-opt-6-7b-chunk-256-sm-24.csv
facebook/opt-6.7b,256,gemm,fc2,24,3,388.09600472450256,429072384,431169536,2097152,2097152,1024,2026-04-14T11:53:45Z,baseline_nvml_pt,nvidia-smi,ok,23.0,5.0,1695.0,7601.0,71.62,0.5457919836044312,417.1953125,417.1953125,8.0,True,,,,,unavailable,,prefill-facebook-opt-6-7b-chunk-256-sm-24,success,,,/mnt/data/dheeraj/dicertation/inference-profile/runs/revised-full-20260414-g6-opt67b-c64-256/raw/points/prefill/prefill-facebook-opt-6-7b-chunk-256-sm-24.csv
facebook/opt-6.7b,256,attention,attention,24,3,55.296000093221664,429072384,431203328,2130944,2097152,1024,2026-04-14T11:53:45Z,baseline_nvml_pt,nvidia-smi,ok,23.0,5.0,1695.0,7601.0,71.62,0.5457919836044312,417.1953125,417.1953125,8.0,True,,,,,unavailable,,prefill-facebook-opt-6-7b-chunk-256-sm-24,success,,,/mnt/data/dheeraj/dicertation/inference-profile/runs/revised-full-20260414-g6-opt67b-c64-256/raw/points/prefill/prefill-facebook-opt-6-7b-chunk-256-sm-24.csv
facebook/opt-6.7b,256,gemm,q_proj,24,4,148.47999811172485,429072384,431169536,2097152,2097152,1024,2026-04-14T11:53:45Z,baseline_nvml_pt,nvidia-smi,ok,23.0,5.0,1695.0,7601.0,71.62,0.5457919836044312,417.1953125,417.1953125,8.0,True,,,,,unavailable,,prefill-facebook-opt-6-7b-chunk-256-sm-24,success,,,/mnt/data/dheeraj/dicertation/inference-profile/runs/revised-full-20260414-g6-opt67b-c64-256/raw/points/prefill/prefill-facebook-opt-6-7b-chunk-256-sm-24.csv
facebook/opt-6.7b,256,gemm,k_proj,24,4,150.52799880504608,429072384,431169536,2097152,2097152,1024,2026-04-14T11:53:45Z,baseline_nvml_pt,nvidia-smi,ok,23.0,5.0,1695.0,7601.0,71.62,0.5457919836044312,417.1953125,417.1953125,8.0,True,,,,,unavailable,,prefill-facebook-opt-6-7b-chunk-256-sm-24,success,,,/mnt/data/dheeraj/dicertation/inference-profile/runs/revised-full-20260414-g6-opt67b-c64-256/raw/points/prefill/prefill-facebook-opt-6-7b-chunk-256-sm-24.csv
facebook/opt-6.7b,256,gemm,v_proj,24,4,146.17599546909332,429072384,431169536,2097152,2097152,1024,2026-04-14T11:53:45Z,baseline_nvml_pt,nvidia-smi,ok,23.0,5.0,1695.0,7601.0,71.62,0.5457919836044312,417.1953125,417.1953125,8.0,True,,,,,unavailable,,prefill-facebook-opt-6-7b-chunk-256-sm-24,success,,,/mnt/data/dheeraj/dicertation/inference-profile/runs/revised-full-20260414-g6-opt67b-c64-256/raw/points/prefill/prefill-facebook-opt-6-7b-chunk-256-sm-24.csv
facebook/opt-6.7b,256,gemm,out_proj,24,4,144.3839967250824,429072384,431169536,2097152,2097152,1024,2026-04-14T11:53:45Z,baseline_nvml_pt,nvidia-smi,ok,23.0,5.0,1695.0,7601.0,71.62,0.5457919836044312,417.1953125,417.1953125,8.0,True,,,,,unavailable,,prefill-facebook-opt-6-7b-chunk-256-sm-24,success,,,/mnt/data/dheeraj/dicertation/inference-profile/runs/revised-full-20260414-g6-opt67b-c64-256/raw/points/prefill/prefill-facebook-opt-6-7b-chunk-256-sm-24.csv
facebook/opt-6.7b,256,gemm,fc1,24,4,539.359986782074,429072384,437460992,8388608,8388608,1024,2026-04-14T11:53:45Z,baseline_nvml_pt,nvidia-smi,ok,23.0,5.0,1695.0,7601.0,71.62,0.5457919836044312,417.1953125,417.1953125,8.0,True,,,,,unavailable,,prefill-facebook-opt-6-7b-chunk-256-sm-24,success,,,/mnt/data/dheeraj/dicertation/inference-profile/runs/revised-full-20260414-g6-opt67b-c64-256/raw/points/prefill/prefill-facebook-opt-6-7b-chunk-256-sm-24.csv
facebook/opt-6.7b,256,gemm,fc2,24,4,385.0240111351013,429072384,431169536,2097152,2097152,1024,2026-04-14T11:53:45Z,baseline_nvml_pt,nvidia-smi,ok,23.0,5.0,1695.0,7601.0,71.62,0.5457919836044312,417.1953125,417.1953125,8.0,True,,,,,unavailable,,prefill-facebook-opt-6-7b-chunk-256-sm-24,success,,,/mnt/data/dheeraj/dicertation/inference-profile/runs/revised-full-20260414-g6-opt67b-c64-256/raw/points/prefill/prefill-facebook-opt-6-7b-chunk-256-sm-24.csv
facebook/opt-6.7b,256,attention,attention,24,4,55.36000058054924,429072384,431203328,2130944,2097152,1024,2026-04-14T11:53:45Z,baseline_nvml_pt,nvidia-smi,ok,23.0,5.0,1695.0,7601.0,71.62,0.5457919836044312,417.1953125,417.1953125,8.0,True,,,,,unavailable,,prefill-facebook-opt-6-7b-chunk-256-sm-24,success,,,/mnt/data/dheeraj/dicertation/inference-profile/runs/revised-full-20260414-g6-opt67b-c64-256/raw/points/prefill/prefill-facebook-opt-6-7b-chunk-256-sm-24.csv
facebook/opt-6.7b,256,gemm,q_proj,32,0,166.87999665737152,429072384,431169536,2097152,2097152,1024,2026-04-14T11:53:52Z,baseline_nvml_pt,nvidia-smi,ok,1.0,5.0,1695.0,7601.0,71.59,0.546783983707428,417.1953125,417.1953125,8.0,True,,,,,unavailable,,prefill-facebook-opt-6-7b-chunk-256-sm-32,success,,,/mnt/data/dheeraj/dicertation/inference-profile/runs/revised-full-20260414-g6-opt67b-c64-256/raw/points/prefill/prefill-facebook-opt-6-7b-chunk-256-sm-32.csv
facebook/opt-6.7b,256,gemm,k_proj,32,0,156.67200088500977,429072384,431169536,2097152,2097152,1024,2026-04-14T11:53:52Z,baseline_nvml_pt,nvidia-smi,ok,1.0,5.0,1695.0,7601.0,71.59,0.546783983707428,417.1953125,417.1953125,8.0,True,,,,,unavailable,,prefill-facebook-opt-6-7b-chunk-256-sm-32,success,,,/mnt/data/dheeraj/dicertation/inference-profile/runs/revised-full-20260414-g6-opt67b-c64-256/raw/points/prefill/prefill-facebook-opt-6-7b-chunk-256-sm-32.csv
facebook/opt-6.7b,256,gemm,v_proj,32,0,150.4960060119629,429072384,431169536,2097152,2097152,1024,2026-04-14T11:53:52Z,baseline_nvml_pt,nvidia-smi,ok,1.0,5.0,1695.0,7601.0,71.59,0.546783983707428,417.1953125,417.1953125,8.0,True,,,,,unavailable,,prefill-facebook-opt-6-7b-chunk-256-sm-32,success,,,/mnt/data/dheeraj/dicertation/inference-profile/runs/revised-full-20260414-g6-opt67b-c64-256/raw/points/prefill/prefill-facebook-opt-6-7b-chunk-256-sm-32.csv
facebook/opt-6.7b,256,gemm,out_proj,32,0,150.52799880504608,429072384,431169536,2097152,2097152,1024,2026-04-14T11:53:52Z,baseline_nvml_pt,nvidia-smi,ok,1.0,5.0,1695.0,7601.0,71.59,0.546783983707428,417.1953125,417.1953125,8.0,True,,,,,unavailable,,prefill-facebook-opt-6-7b-chunk-256-sm-32,success,,,/mnt/data/dheeraj/dicertation/inference-profile/runs/revised-full-20260414-g6-opt67b-c64-256/raw/points/prefill/prefill-facebook-opt-6-7b-chunk-256-sm-32.csv
facebook/opt-6.7b,256,gemm,fc1,32,0,546.783983707428,429072384,437460992,8388608,8388608,1024,2026-04-14T11:53:52Z,baseline_nvml_pt,nvidia-smi,ok,1.0,5.0,1695.0,7601.0,71.59,0.546783983707428,417.1953125,417.1953125,8.0,True,,,,,unavailable,,prefill-facebook-opt-6-7b-chunk-256-sm-32,success,,,/mnt/data/dheeraj/dicertation/inference-profile/runs/revised-full-20260414-g6-opt67b-c64-256/raw/points/prefill/prefill-facebook-opt-6-7b-chunk-256-sm-32.csv
facebook/opt-6.7b,256,gemm,fc2,32,0,390.1439905166626,429072384,431169536,2097152,2097152,1024,2026-04-14T11:53:52Z,baseline_nvml_pt,nvidia-smi,ok,1.0,5.0,1695.0,7601.0,71.59,0.546783983707428,417.1953125,417.1953125,8.0,True,,,,,unavailable,,prefill-facebook-opt-6-7b-chunk-256-sm-32,success,,,/mnt/data/dheeraj/dicertation/inference-profile/runs/revised-full-20260414-g6-opt67b-c64-256/raw/points/prefill/prefill-facebook-opt-6-7b-chunk-256-sm-32.csv
facebook/opt-6.7b,256,attention,attention,32,0,66.30399823188782,429072384,431203328,2130944,2097152,1024,2026-04-14T11:53:52Z,baseline_nvml_pt,nvidia-smi,ok,1.0,5.0,1695.0,7601.0,71.59,0.546783983707428,417.1953125,417.1953125,8.0,True,,,,,unavailable,,prefill-facebook-opt-6-7b-chunk-256-sm-32,success,,,/mnt/data/dheeraj/dicertation/inference-profile/runs/revised-full-20260414-g6-opt67b-c64-256/raw/points/prefill/prefill-facebook-opt-6-7b-chunk-256-sm-32.csv
facebook/opt-6.7b,256,gemm,q_proj,32,1,150.52799880504608,429072384,431169536,2097152,2097152,1024,2026-04-14T11:53:52Z,baseline_nvml_pt,nvidia-smi,ok,1.0,5.0,1695.0,7601.0,71.59,0.546783983707428,417.1953125,417.1953125,8.0,True,,,,,unavailable,,prefill-facebook-opt-6-7b-chunk-256-sm-32,success,,,/mnt/data/dheeraj/dicertation/inference-profile/runs/revised-full-20260414-g6-opt67b-c64-256/raw/points/prefill/prefill-facebook-opt-6-7b-chunk-256-sm-32.csv
facebook/opt-6.7b,256,gemm,k_proj,32,1,147.45600521564484,429072384,431169536,2097152,2097152,1024,2026-04-14T11:53:52Z,baseline_nvml_pt,nvidia-smi,ok,1.0,5.0,1695.0,7601.0,71.59,0.546783983707428,417.1953125,417.1953125,8.0,True,,,,,unavailable,,prefill-facebook-opt-6-7b-chunk-256-sm-32,success,,,/mnt/data/dheeraj/dicertation/inference-profile/runs/revised-full-20260414-g6-opt67b-c64-256/raw/points/prefill/prefill-facebook-opt-6-7b-chunk-256-sm-32.csv
facebook/opt-6.7b,256,gemm,v_proj,32,1,145.4080045223236,429072384,431169536,2097152,2097152,1024,2026-04-14T11:53:52Z,baseline_nvml_pt,nvidia-smi,ok,1.0,5.0,1695.0,7601.0,71.59,0.546783983707428,417.1953125,417.1953125,8.0,True,,,,,unavailable,,prefill-facebook-opt-6-7b-chunk-256-sm-32,success,,,/mnt/data/dheeraj/dicertation/inference-profile/runs/revised-full-20260414-g6-opt67b-c64-256/raw/points/prefill/prefill-facebook-opt-6-7b-chunk-256-sm-32.csv
facebook/opt-6.7b,256,gemm,out_proj,32,1,145.4080045223236,429072384,431169536,2097152,2097152,1024,2026-04-14T11:53:52Z,baseline_nvml_pt,nvidia-smi,ok,1.0,5.0,1695.0,7601.0,71.59,0.546783983707428,417.1953125,417.1953125,8.0,True,,,,,unavailable,,prefill-facebook-opt-6-7b-chunk-256-sm-32,success,,,/mnt/data/dheeraj/dicertation/inference-profile/runs/revised-full-20260414-g6-opt67b-c64-256/raw/points/prefill/prefill-facebook-opt-6-7b-chunk-256-sm-32.csv
facebook/opt-6.7b,256,gemm,fc1,32,1,539.6479964256287,429072384,437460992,8388608,8388608,1024,2026-04-14T11:53:52Z,baseline_nvml_pt,nvidia-smi,ok,1.0,5.0,1695.0,7601.0,71.59,0.546783983707428,417.1953125,417.1953125,8.0,True,,,,,unavailable,,prefill-facebook-opt-6-7b-chunk-256-sm-32,success,,,/mnt/data/dheeraj/dicertation/inference-profile/runs/revised-full-20260414-g6-opt67b-c64-256/raw/points/prefill/prefill-facebook-opt-6-7b-chunk-256-sm-32.csv
facebook/opt-6.7b,256,gemm,fc2,32,1,386.84800267219543,429072384,431169536,2097152,2097152,1024,2026-04-14T11:53:52Z,baseline_nvml_pt,nvidia-smi,ok,1.0,5.0,1695.0,7601.0,71.59,0.546783983707428,417.1953125,417.1953125,8.0,True,,,,,unavailable,,prefill-facebook-opt-6-7b-chunk-256-sm-32,success,,,/mnt/data/dheeraj/dicertation/inference-profile/runs/revised-full-20260414-g6-opt67b-c64-256/raw/points/prefill/prefill-facebook-opt-6-7b-chunk-256-sm-32.csv
facebook/opt-6.7b,256,attention,attention,32,1,56.32000043988228,429072384,431203328,2130944,2097152,1024,2026-04-14T11:53:52Z,baseline_nvml_pt,nvidia-smi,ok,1.0,5.0,1695.0,7601.0,71.59,0.546783983707428,417.1953125,417.1953125,8.0,True,,,,,unavailable,,prefill-facebook-opt-6-7b-chunk-256-sm-32,success,,,/mnt/data/dheeraj/dicertation/inference-profile/runs/revised-full-20260414-g6-opt67b-c64-256/raw/points/prefill/prefill-facebook-opt-6-7b-chunk-256-sm-32.csv
facebook/opt-6.7b,256,gemm,q_proj,32,2,150.52799880504608,429072384,431169536,2097152,2097152,1024,2026-04-14T11:53:52Z,baseline_nvml_pt,nvidia-smi,ok,1.0,5.0,1695.0,7601.0,71.59,0.546783983707428,417.1953125,417.1953125,8.0,True,,,,,unavailable,,prefill-facebook-opt-6-7b-chunk-256-sm-32,success,,,/mnt/data/dheeraj/dicertation/inference-profile/runs/revised-full-20260414-g6-opt67b-c64-256/raw/points/prefill/prefill-facebook-opt-6-7b-chunk-256-sm-32.csv
facebook/opt-6.7b,256,gemm,k_proj,32,2,147.45600521564484,429072384,431169536,2097152,2097152,1024,2026-04-14T11:53:52Z,baseline_nvml_pt,nvidia-smi,ok,1.0,5.0,1695.0,7601.0,71.59,0.546783983707428,417.1953125,417.1953125,8.0,True,,,,,unavailable,,prefill-facebook-opt-6-7b-chunk-256-sm-32,success,,,/mnt/data/dheeraj/dicertation/inference-profile/runs/revised-full-20260414-g6-opt67b-c64-256/raw/points/prefill/prefill-facebook-opt-6-7b-chunk-256-sm-32.csv
facebook/opt-6.7b,256,gemm,v_proj,32,2,153.60000729560852,429072384,431169536,2097152,2097152,1024,2026-04-14T11:53:52Z,baseline_nvml_pt,nvidia-smi,ok,1.0,5.0,1695.0,7601.0,71.59,0.546783983707428,417.1953125,417.1953125,8.0,True,,,,,unavailable,,prefill-facebook-opt-6-7b-chunk-256-sm-32,success,,,/mnt/data/dheeraj/dicertation/inference-profile/runs/revised-full-20260414-g6-opt67b-c64-256/raw/points/prefill/prefill-facebook-opt-6-7b-chunk-256-sm-32.csv
facebook/opt-6.7b,256,gemm,out_proj,32,2,145.4080045223236,429072384,431169536,2097152,2097152,1024,2026-04-14T11:53:52Z,baseline_nvml_pt,nvidia-smi,ok,1.0,5.0,1695.0,7601.0,71.59,0.546783983707428,417.1953125,417.1953125,8.0,True,,,,,unavailable,,prefill-facebook-opt-6-7b-chunk-256-sm-32,success,,,/mnt/data/dheeraj/dicertation/inference-profile/runs/revised-full-20260414-g6-opt67b-c64-256/raw/points/prefill/prefill-facebook-opt-6-7b-chunk-256-sm-32.csv
facebook/opt-6.7b,256,gemm,fc1,32,2,541.6960120201111,429072384,437460992,8388608,8388608,1024,2026-04-14T11:53:52Z,baseline_nvml_pt,nvidia-smi,ok,1.0,5.0,1695.0,7601.0,71.59,0.546783983707428,417.1953125,417.1953125,8.0,True,,,,,unavailable,,prefill-facebook-opt-6-7b-chunk-256-sm-32,success,,,/mnt/data/dheeraj/dicertation/inference-profile/runs/revised-full-20260414-g6-opt67b-c64-256/raw/points/prefill/prefill-facebook-opt-6-7b-chunk-256-sm-32.csv
facebook/opt-6.7b,256,gemm,fc2,32,2,386.04798913002014,429072384,431169536,2097152,2097152,1024,2026-04-14T11:53:52Z,baseline_nvml_pt,nvidia-smi,ok,1.0,5.0,1695.0,7601.0,71.59,0.546783983707428,417.1953125,417.1953125,8.0,True,,,,,unavailable,,prefill-facebook-opt-6-7b-chunk-256-sm-32,success,,,/mnt/data/dheeraj/dicertation/inference-profile/runs/revised-full-20260414-g6-opt67b-c64-256/raw/points/prefill/prefill-facebook-opt-6-7b-chunk-256-sm-32.csv
facebook/opt-6.7b,256,attention,attention,32,2,58.27200040221214,429072384,431203328,2130944,2097152,1024,2026-04-14T11:53:52Z,baseline_nvml_pt,nvidia-smi,ok,1.0,5.0,1695.0,7601.0,71.59,0.546783983707428,417.1953125,417.1953125,8.0,True,,,,,unavailable,,prefill-facebook-opt-6-7b-chunk-256-sm-32,success,,,/mnt/data/dheeraj/dicertation/inference-profile/runs/revised-full-20260414-g6-opt67b-c64-256/raw/points/prefill/prefill-facebook-opt-6-7b-chunk-256-sm-32.csv
facebook/opt-6.7b,256,gemm,q_proj,32,3,149.50400590896606,429072384,431169536,2097152,2097152,1024,2026-04-14T11:53:52Z,baseline_nvml_pt,nvidia-smi,ok,1.0,5.0,1695.0,7601.0,71.59,0.546783983707428,417.1953125,417.1953125,8.0,True,,,,,unavailable,,prefill-facebook-opt-6-7b-chunk-256-sm-32,success,,,/mnt/data/dheeraj/dicertation/inference-profile/runs/revised-full-20260414-g6-opt67b-c64-256/raw/points/prefill/prefill-facebook-opt-6-7b-chunk-256-sm-32.csv
facebook/opt-6.7b,256,gemm,k_proj,32,3,146.43199741840363,429072384,431169536,2097152,2097152,1024,2026-04-14T11:53:52Z,baseline_nvml_pt,nvidia-smi,ok,1.0,5.0,1695.0,7601.0,71.59,0.546783983707428,417.1953125,417.1953125,8.0,True,,,,,unavailable,,prefill-facebook-opt-6-7b-chunk-256-sm-32,success,,,/mnt/data/dheeraj/dicertation/inference-profile/runs/revised-full-20260414-g6-opt67b-c64-256/raw/points/prefill/prefill-facebook-opt-6-7b-chunk-256-sm-32.csv
facebook/opt-6.7b,256,gemm,v_proj,32,3,145.4080045223236,429072384,431169536,2097152,2097152,1024,2026-04-14T11:53:52Z,baseline_nvml_pt,nvidia-smi,ok,1.0,5.0,1695.0,7601.0,71.59,0.546783983707428,417.1953125,417.1953125,8.0,True,,,,,unavailable,,prefill-facebook-opt-6-7b-chunk-256-sm-32,success,,,/mnt/data/dheeraj/dicertation/inference-profile/runs/revised-full-20260414-g6-opt67b-c64-256/raw/points/prefill/prefill-facebook-opt-6-7b-chunk-256-sm-32.csv
facebook/opt-6.7b,256,gemm,out_proj,32,3,146.30399644374847,429072384,431169536,2097152,2097152,1024,2026-04-14T11:53:52Z,baseline_nvml_pt,nvidia-smi,ok,1.0,5.0,1695.0,7601.0,71.59,0.546783983707428,417.1953125,417.1953125,8.0,True,,,,,unavailable,,prefill-facebook-opt-6-7b-chunk-256-sm-32,success,,,/mnt/data/dheeraj/dicertation/inference-profile/runs/revised-full-20260414-g6-opt67b-c64-256/raw/points/prefill/prefill-facebook-opt-6-7b-chunk-256-sm-32.csv
facebook/opt-6.7b,256,gemm,fc1,32,3,540.6720042228699,429072384,437460992,8388608,8388608,1024,2026-04-14T11:53:52Z,baseline_nvml_pt,nvidia-smi,ok,1.0,5.0,1695.0,7601.0,71.59,0.546783983707428,417.1953125,417.1953125,8.0,True,,,,,unavailable,,prefill-facebook-opt-6-7b-chunk-256-sm-32,success,,,/mnt/data/dheeraj/dicertation/inference-profile/runs/revised-full-20260414-g6-opt67b-c64-256/raw/points/prefill/prefill-facebook-opt-6-7b-chunk-256-sm-32.csv
facebook/opt-6.7b,256,gemm,fc2,32,3,388.0319893360138,429072384,431169536,2097152,2097152,1024,2026-04-14T11:53:52Z,baseline_nvml_pt,nvidia-smi,ok,1.0,5.0,1695.0,7601.0,71.59,0.546783983707428,417.1953125,417.1953125,8.0,True,,,,,unavailable,,prefill-facebook-opt-6-7b-chunk-256-sm-32,success,,,/mnt/data/dheeraj/dicertation/inference-profile/runs/revised-full-20260414-g6-opt67b-c64-256/raw/points/prefill/prefill-facebook-opt-6-7b-chunk-256-sm-32.csv
facebook/opt-6.7b,256,attention,attention,32,3,56.063998490571976,429072384,431203328,2130944,2097152,1024,2026-04-14T11:53:52Z,baseline_nvml_pt,nvidia-smi,ok,1.0,5.0,1695.0,7601.0,71.59,0.546783983707428,417.1953125,417.1953125,8.0,True,,,,,unavailable,,prefill-facebook-opt-6-7b-chunk-256-sm-32,success,,,/mnt/data/dheeraj/dicertation/inference-profile/runs/revised-full-20260414-g6-opt67b-c64-256/raw/points/prefill/prefill-facebook-opt-6-7b-chunk-256-sm-32.csv
facebook/opt-6.7b,256,gemm,q_proj,32,4,153.60000729560852,429072384,431169536,2097152,2097152,1024,2026-04-14T11:53:52Z,baseline_nvml_pt,nvidia-smi,ok,1.0,5.0,1695.0,7601.0,71.59,0.546783983707428,417.1953125,417.1953125,8.0,True,,,,,unavailable,,prefill-facebook-opt-6-7b-chunk-256-sm-32,success,,,/mnt/data/dheeraj/dicertation/inference-profile/runs/revised-full-20260414-g6-opt67b-c64-256/raw/points/prefill/prefill-facebook-opt-6-7b-chunk-256-sm-32.csv
facebook/opt-6.7b,256,gemm,k_proj,32,4,145.63199877738953,429072384,431169536,2097152,2097152,1024,2026-04-14T11:53:52Z,baseline_nvml_pt,nvidia-smi,ok,1.0,5.0,1695.0,7601.0,71.59,0.546783983707428,417.1953125,417.1953125,8.0,True,,,,,unavailable,,prefill-facebook-opt-6-7b-chunk-256-sm-32,success,,,/mnt/data/dheeraj/dicertation/inference-profile/runs/revised-full-20260414-g6-opt67b-c64-256/raw/points/prefill/prefill-facebook-opt-6-7b-chunk-256-sm-32.csv
facebook/opt-6.7b,256,gemm,v_proj,32,4,145.4080045223236,429072384,431169536,2097152,2097152,1024,2026-04-14T11:53:52Z,baseline_nvml_pt,nvidia-smi,ok,1.0,5.0,1695.0,7601.0,71.59,0.546783983707428,417.1953125,417.1953125,8.0,True,,,,,unavailable,,prefill-facebook-opt-6-7b-chunk-256-sm-32,success,,,/mnt/data/dheeraj/dicertation/inference-profile/runs/revised-full-20260414-g6-opt67b-c64-256/raw/points/prefill/prefill-facebook-opt-6-7b-chunk-256-sm-32.csv
facebook/opt-6.7b,256,gemm,out_proj,32,4,146.43199741840363,429072384,431169536,2097152,2097152,1024,2026-04-14T11:53:52Z,baseline_nvml_pt,nvidia-smi,ok,1.0,5.0,1695.0,7601.0,71.59,0.546783983707428,417.1953125,417.1953125,8.0,True,,,,,unavailable,,prefill-facebook-opt-6-7b-chunk-256-sm-32,success,,,/mnt/data/dheeraj/dicertation/inference-profile/runs/revised-full-20260414-g6-opt67b-c64-256/raw/points/prefill/prefill-facebook-opt-6-7b-chunk-256-sm-32.csv
facebook/opt-6.7b,256,gemm,fc1,32,4,538.6239886283875,429072384,437460992,8388608,8388608,1024,2026-04-14T11:53:52Z,baseline_nvml_pt,nvidia-smi,ok,1.0,5.0,1695.0,7601.0,71.59,0.546783983707428,417.1953125,417.1953125,8.0,True,,,,,unavailable,,prefill-facebook-opt-6-7b-chunk-256-sm-32,success,,,/mnt/data/dheeraj/dicertation/inference-profile/runs/revised-full-20260414-g6-opt67b-c64-256/raw/points/prefill/prefill-facebook-opt-6-7b-chunk-256-sm-32.csv
facebook/opt-6.7b,256,gemm,fc2,32,4,387.07199692726135,429072384,431169536,2097152,2097152,1024,2026-04-14T11:53:52Z,baseline_nvml_pt,nvidia-smi,ok,1.0,5.0,1695.0,7601.0,71.59,0.546783983707428,417.1953125,417.1953125,8.0,True,,,,,unavailable,,prefill-facebook-opt-6-7b-chunk-256-sm-32,success,,,/mnt/data/dheeraj/dicertation/inference-profile/runs/revised-full-20260414-g6-opt67b-c64-256/raw/points/prefill/prefill-facebook-opt-6-7b-chunk-256-sm-32.csv
facebook/opt-6.7b,256,attention,attention,32,4,54.30399999022484,429072384,431203328,2130944,2097152,1024,2026-04-14T11:53:52Z,baseline_nvml_pt,nvidia-smi,ok,1.0,5.0,1695.0,7601.0,71.59,0.546783983707428,417.1953125,417.1953125,8.0,True,,,,,unavailable,,prefill-facebook-opt-6-7b-chunk-256-sm-32,success,,,/mnt/data/dheeraj/dicertation/inference-profile/runs/revised-full-20260414-g6-opt67b-c64-256/raw/points/prefill/prefill-facebook-opt-6-7b-chunk-256-sm-32.csv
