model_id,chunk_tokens,op_type,op_name,sm_ai_partition,timed_iteration,duration_us,baseline_vram_bytes,peak_vram_bytes,dynamic_workspace_bytes,output_bytes,max_input_tokens,telemetry_ts,telemetry_tier,telemetry_provider,telemetry_status,gpu_util,gpu_mem_used_mb,sm_clock_mhz,mem_clock_mhz,power_w,pt_step_ms,pt_mem_alloc_mb,pt_mem_reserved_mb,pt_workspace_mb,nvml_available,sampling_error,acu_pct,gbu_pct,smu_pct,microscopic_telemetry_status,microscopic_error,point_id,public_status,failure_kind,failure_cause,raw_output_path
facebook/opt-2.7b,512,gemm,q_proj,8,0,146.2399959564209,187872256,190493696,2621440,2621440,1024,2026-04-15T01:04:15Z,baseline_nvml_pt,nvidia-smi,ok,0.0,2518.0,1695.0,7601.0,61.46,0.3665919899940491,189.1689453125,189.1689453125,10.0,True,,79.0,62.5,67.5,estimated,,prefill-facebook-opt-2-7b-chunk-512-sm-8,success,,,/mnt/data/dheeraj/dicertation/inference-profile/runs/revised-rerun-20260415-020401-g5-opt27b-c512-1024/raw/points/prefill/prefill-facebook-opt-2-7b-chunk-512-sm-8.csv
facebook/opt-2.7b,512,gemm,k_proj,8,0,142.33599603176117,187872256,190493696,2621440,2621440,1024,2026-04-15T01:04:15Z,baseline_nvml_pt,nvidia-smi,ok,0.0,2518.0,1695.0,7601.0,61.46,0.3665919899940491,189.1689453125,189.1689453125,10.0,True,,79.0,62.5,67.5,estimated,,prefill-facebook-opt-2-7b-chunk-512-sm-8,success,,,/mnt/data/dheeraj/dicertation/inference-profile/runs/revised-rerun-20260415-020401-g5-opt27b-c512-1024/raw/points/prefill/prefill-facebook-opt-2-7b-chunk-512-sm-8.csv
facebook/opt-2.7b,512,gemm,v_proj,8,0,142.04800128936768,187872256,190493696,2621440,2621440,1024,2026-04-15T01:04:15Z,baseline_nvml_pt,nvidia-smi,ok,0.0,2518.0,1695.0,7601.0,61.46,0.3665919899940491,189.1689453125,189.1689453125,10.0,True,,79.0,62.5,67.5,estimated,,prefill-facebook-opt-2-7b-chunk-512-sm-8,success,,,/mnt/data/dheeraj/dicertation/inference-profile/runs/revised-rerun-20260415-020401-g5-opt27b-c512-1024/raw/points/prefill/prefill-facebook-opt-2-7b-chunk-512-sm-8.csv
facebook/opt-2.7b,512,gemm,out_proj,8,0,134.11200046539307,187872256,190493696,2621440,2621440,1024,2026-04-15T01:04:15Z,baseline_nvml_pt,nvidia-smi,ok,0.0,2518.0,1695.0,7601.0,61.46,0.3665919899940491,189.1689453125,189.1689453125,10.0,True,,79.0,62.5,67.5,estimated,,prefill-facebook-opt-2-7b-chunk-512-sm-8,success,,,/mnt/data/dheeraj/dicertation/inference-profile/runs/revised-rerun-20260415-020401-g5-opt27b-c512-1024/raw/points/prefill/prefill-facebook-opt-2-7b-chunk-512-sm-8.csv
facebook/opt-2.7b,512,gemm,fc1,8,0,366.5919899940491,187872256,198358016,10485760,10485760,1024,2026-04-15T01:04:15Z,baseline_nvml_pt,nvidia-smi,ok,0.0,2518.0,1695.0,7601.0,61.46,0.3665919899940491,189.1689453125,189.1689453125,10.0,True,,79.0,62.5,67.5,estimated,,prefill-facebook-opt-2-7b-chunk-512-sm-8,success,,,/mnt/data/dheeraj/dicertation/inference-profile/runs/revised-rerun-20260415-020401-g5-opt27b-c512-1024/raw/points/prefill/prefill-facebook-opt-2-7b-chunk-512-sm-8.csv
facebook/opt-2.7b,512,gemm,fc2,8,0,347.135990858078,187872256,190493696,2621440,2621440,1024,2026-04-15T01:04:15Z,baseline_nvml_pt,nvidia-smi,ok,0.0,2518.0,1695.0,7601.0,61.46,0.3665919899940491,189.1689453125,189.1689453125,10.0,True,,79.0,62.5,67.5,estimated,,prefill-facebook-opt-2-7b-chunk-512-sm-8,success,,,/mnt/data/dheeraj/dicertation/inference-profile/runs/revised-rerun-20260415-020401-g5-opt27b-c512-1024/raw/points/prefill/prefill-facebook-opt-2-7b-chunk-512-sm-8.csv
facebook/opt-2.7b,512,attention,attention,8,0,85.85599809885025,187872256,190560256,2688000,2621440,1024,2026-04-15T01:04:15Z,baseline_nvml_pt,nvidia-smi,ok,0.0,2518.0,1695.0,7601.0,61.46,0.3665919899940491,189.1689453125,189.1689453125,10.0,True,,79.0,62.5,67.5,estimated,,prefill-facebook-opt-2-7b-chunk-512-sm-8,success,,,/mnt/data/dheeraj/dicertation/inference-profile/runs/revised-rerun-20260415-020401-g5-opt27b-c512-1024/raw/points/prefill/prefill-facebook-opt-2-7b-chunk-512-sm-8.csv
facebook/opt-2.7b,512,gemm,q_proj,8,1,137.2160017490387,187872256,190493696,2621440,2621440,1024,2026-04-15T01:04:15Z,baseline_nvml_pt,nvidia-smi,ok,0.0,2518.0,1695.0,7601.0,61.46,0.3665919899940491,189.1689453125,189.1689453125,10.0,True,,79.0,62.5,67.5,estimated,,prefill-facebook-opt-2-7b-chunk-512-sm-8,success,,,/mnt/data/dheeraj/dicertation/inference-profile/runs/revised-rerun-20260415-020401-g5-opt27b-c512-1024/raw/points/prefill/prefill-facebook-opt-2-7b-chunk-512-sm-8.csv
facebook/opt-2.7b,512,gemm,k_proj,8,1,134.14399325847626,187872256,190493696,2621440,2621440,1024,2026-04-15T01:04:15Z,baseline_nvml_pt,nvidia-smi,ok,0.0,2518.0,1695.0,7601.0,61.46,0.3665919899940491,189.1689453125,189.1689453125,10.0,True,,79.0,62.5,67.5,estimated,,prefill-facebook-opt-2-7b-chunk-512-sm-8,success,,,/mnt/data/dheeraj/dicertation/inference-profile/runs/revised-rerun-20260415-020401-g5-opt27b-c512-1024/raw/points/prefill/prefill-facebook-opt-2-7b-chunk-512-sm-8.csv
facebook/opt-2.7b,512,gemm,v_proj,8,1,133.95200669765472,187872256,190493696,2621440,2621440,1024,2026-04-15T01:04:15Z,baseline_nvml_pt,nvidia-smi,ok,0.0,2518.0,1695.0,7601.0,61.46,0.3665919899940491,189.1689453125,189.1689453125,10.0,True,,79.0,62.5,67.5,estimated,,prefill-facebook-opt-2-7b-chunk-512-sm-8,success,,,/mnt/data/dheeraj/dicertation/inference-profile/runs/revised-rerun-20260415-020401-g5-opt27b-c512-1024/raw/points/prefill/prefill-facebook-opt-2-7b-chunk-512-sm-8.csv
facebook/opt-2.7b,512,gemm,out_proj,8,1,133.12000036239624,187872256,190493696,2621440,2621440,1024,2026-04-15T01:04:15Z,baseline_nvml_pt,nvidia-smi,ok,0.0,2518.0,1695.0,7601.0,61.46,0.3665919899940491,189.1689453125,189.1689453125,10.0,True,,79.0,62.5,67.5,estimated,,prefill-facebook-opt-2-7b-chunk-512-sm-8,success,,,/mnt/data/dheeraj/dicertation/inference-profile/runs/revised-rerun-20260415-020401-g5-opt27b-c512-1024/raw/points/prefill/prefill-facebook-opt-2-7b-chunk-512-sm-8.csv
facebook/opt-2.7b,512,gemm,fc1,8,1,364.54400420188904,187872256,198358016,10485760,10485760,1024,2026-04-15T01:04:15Z,baseline_nvml_pt,nvidia-smi,ok,0.0,2518.0,1695.0,7601.0,61.46,0.3665919899940491,189.1689453125,189.1689453125,10.0,True,,79.0,62.5,67.5,estimated,,prefill-facebook-opt-2-7b-chunk-512-sm-8,success,,,/mnt/data/dheeraj/dicertation/inference-profile/runs/revised-rerun-20260415-020401-g5-opt27b-c512-1024/raw/points/prefill/prefill-facebook-opt-2-7b-chunk-512-sm-8.csv
facebook/opt-2.7b,512,gemm,fc2,8,1,344.06399726867676,187872256,190493696,2621440,2621440,1024,2026-04-15T01:04:15Z,baseline_nvml_pt,nvidia-smi,ok,0.0,2518.0,1695.0,7601.0,61.46,0.3665919899940491,189.1689453125,189.1689453125,10.0,True,,79.0,62.5,67.5,estimated,,prefill-facebook-opt-2-7b-chunk-512-sm-8,success,,,/mnt/data/dheeraj/dicertation/inference-profile/runs/revised-rerun-20260415-020401-g5-opt27b-c512-1024/raw/points/prefill/prefill-facebook-opt-2-7b-chunk-512-sm-8.csv
facebook/opt-2.7b,512,attention,attention,8,1,84.09599959850311,187872256,190560256,2688000,2621440,1024,2026-04-15T01:04:15Z,baseline_nvml_pt,nvidia-smi,ok,0.0,2518.0,1695.0,7601.0,61.46,0.3665919899940491,189.1689453125,189.1689453125,10.0,True,,79.0,62.5,67.5,estimated,,prefill-facebook-opt-2-7b-chunk-512-sm-8,success,,,/mnt/data/dheeraj/dicertation/inference-profile/runs/revised-rerun-20260415-020401-g5-opt27b-c512-1024/raw/points/prefill/prefill-facebook-opt-2-7b-chunk-512-sm-8.csv
facebook/opt-2.7b,512,gemm,q_proj,8,2,136.19199395179749,187872256,190493696,2621440,2621440,1024,2026-04-15T01:04:15Z,baseline_nvml_pt,nvidia-smi,ok,0.0,2518.0,1695.0,7601.0,61.46,0.3665919899940491,189.1689453125,189.1689453125,10.0,True,,79.0,62.5,67.5,estimated,,prefill-facebook-opt-2-7b-chunk-512-sm-8,success,,,/mnt/data/dheeraj/dicertation/inference-profile/runs/revised-rerun-20260415-020401-g5-opt27b-c512-1024/raw/points/prefill/prefill-facebook-opt-2-7b-chunk-512-sm-8.csv
facebook/opt-2.7b,512,gemm,k_proj,8,2,137.34400272369385,187872256,190493696,2621440,2621440,1024,2026-04-15T01:04:15Z,baseline_nvml_pt,nvidia-smi,ok,0.0,2518.0,1695.0,7601.0,61.46,0.3665919899940491,189.1689453125,189.1689453125,10.0,True,,79.0,62.5,67.5,estimated,,prefill-facebook-opt-2-7b-chunk-512-sm-8,success,,,/mnt/data/dheeraj/dicertation/inference-profile/runs/revised-rerun-20260415-020401-g5-opt27b-c512-1024/raw/points/prefill/prefill-facebook-opt-2-7b-chunk-512-sm-8.csv
facebook/opt-2.7b,512,gemm,v_proj,8,2,133.12000036239624,187872256,190493696,2621440,2621440,1024,2026-04-15T01:04:15Z,baseline_nvml_pt,nvidia-smi,ok,0.0,2518.0,1695.0,7601.0,61.46,0.3665919899940491,189.1689453125,189.1689453125,10.0,True,,79.0,62.5,67.5,estimated,,prefill-facebook-opt-2-7b-chunk-512-sm-8,success,,,/mnt/data/dheeraj/dicertation/inference-profile/runs/revised-rerun-20260415-020401-g5-opt27b-c512-1024/raw/points/prefill/prefill-facebook-opt-2-7b-chunk-512-sm-8.csv
facebook/opt-2.7b,512,gemm,out_proj,8,2,132.9279989004135,187872256,190493696,2621440,2621440,1024,2026-04-15T01:04:15Z,baseline_nvml_pt,nvidia-smi,ok,0.0,2518.0,1695.0,7601.0,61.46,0.3665919899940491,189.1689453125,189.1689453125,10.0,True,,79.0,62.5,67.5,estimated,,prefill-facebook-opt-2-7b-chunk-512-sm-8,success,,,/mnt/data/dheeraj/dicertation/inference-profile/runs/revised-rerun-20260415-020401-g5-opt27b-c512-1024/raw/points/prefill/prefill-facebook-opt-2-7b-chunk-512-sm-8.csv
facebook/opt-2.7b,512,gemm,fc1,8,2,363.5199964046478,187872256,198358016,10485760,10485760,1024,2026-04-15T01:04:15Z,baseline_nvml_pt,nvidia-smi,ok,0.0,2518.0,1695.0,7601.0,61.46,0.3665919899940491,189.1689453125,189.1689453125,10.0,True,,79.0,62.5,67.5,estimated,,prefill-facebook-opt-2-7b-chunk-512-sm-8,success,,,/mnt/data/dheeraj/dicertation/inference-profile/runs/revised-rerun-20260415-020401-g5-opt27b-c512-1024/raw/points/prefill/prefill-facebook-opt-2-7b-chunk-512-sm-8.csv
facebook/opt-2.7b,512,gemm,fc2,8,2,345.08800506591797,187872256,190493696,2621440,2621440,1024,2026-04-15T01:04:15Z,baseline_nvml_pt,nvidia-smi,ok,0.0,2518.0,1695.0,7601.0,61.46,0.3665919899940491,189.1689453125,189.1689453125,10.0,True,,79.0,62.5,67.5,estimated,,prefill-facebook-opt-2-7b-chunk-512-sm-8,success,,,/mnt/data/dheeraj/dicertation/inference-profile/runs/revised-rerun-20260415-020401-g5-opt27b-c512-1024/raw/points/prefill/prefill-facebook-opt-2-7b-chunk-512-sm-8.csv
facebook/opt-2.7b,512,attention,attention,8,2,86.97599917650223,187872256,190560256,2688000,2621440,1024,2026-04-15T01:04:15Z,baseline_nvml_pt,nvidia-smi,ok,0.0,2518.0,1695.0,7601.0,61.46,0.3665919899940491,189.1689453125,189.1689453125,10.0,True,,79.0,62.5,67.5,estimated,,prefill-facebook-opt-2-7b-chunk-512-sm-8,success,,,/mnt/data/dheeraj/dicertation/inference-profile/runs/revised-rerun-20260415-020401-g5-opt27b-c512-1024/raw/points/prefill/prefill-facebook-opt-2-7b-chunk-512-sm-8.csv
facebook/opt-2.7b,512,gemm,q_proj,8,3,137.2160017490387,187872256,190493696,2621440,2621440,1024,2026-04-15T01:04:15Z,baseline_nvml_pt,nvidia-smi,ok,0.0,2518.0,1695.0,7601.0,61.46,0.3665919899940491,189.1689453125,189.1689453125,10.0,True,,79.0,62.5,67.5,estimated,,prefill-facebook-opt-2-7b-chunk-512-sm-8,success,,,/mnt/data/dheeraj/dicertation/inference-profile/runs/revised-rerun-20260415-020401-g5-opt27b-c512-1024/raw/points/prefill/prefill-facebook-opt-2-7b-chunk-512-sm-8.csv
facebook/opt-2.7b,512,gemm,k_proj,8,3,132.09599256515503,187872256,190493696,2621440,2621440,1024,2026-04-15T01:04:15Z,baseline_nvml_pt,nvidia-smi,ok,0.0,2518.0,1695.0,7601.0,61.46,0.3665919899940491,189.1689453125,189.1689453125,10.0,True,,79.0,62.5,67.5,estimated,,prefill-facebook-opt-2-7b-chunk-512-sm-8,success,,,/mnt/data/dheeraj/dicertation/inference-profile/runs/revised-rerun-20260415-020401-g5-opt27b-c512-1024/raw/points/prefill/prefill-facebook-opt-2-7b-chunk-512-sm-8.csv
facebook/opt-2.7b,512,gemm,v_proj,8,3,139.26400244235992,187872256,190493696,2621440,2621440,1024,2026-04-15T01:04:15Z,baseline_nvml_pt,nvidia-smi,ok,0.0,2518.0,1695.0,7601.0,61.46,0.3665919899940491,189.1689453125,189.1689453125,10.0,True,,79.0,62.5,67.5,estimated,,prefill-facebook-opt-2-7b-chunk-512-sm-8,success,,,/mnt/data/dheeraj/dicertation/inference-profile/runs/revised-rerun-20260415-020401-g5-opt27b-c512-1024/raw/points/prefill/prefill-facebook-opt-2-7b-chunk-512-sm-8.csv
facebook/opt-2.7b,512,gemm,out_proj,8,3,133.12000036239624,187872256,190493696,2621440,2621440,1024,2026-04-15T01:04:15Z,baseline_nvml_pt,nvidia-smi,ok,0.0,2518.0,1695.0,7601.0,61.46,0.3665919899940491,189.1689453125,189.1689453125,10.0,True,,79.0,62.5,67.5,estimated,,prefill-facebook-opt-2-7b-chunk-512-sm-8,success,,,/mnt/data/dheeraj/dicertation/inference-profile/runs/revised-rerun-20260415-020401-g5-opt27b-c512-1024/raw/points/prefill/prefill-facebook-opt-2-7b-chunk-512-sm-8.csv
facebook/opt-2.7b,512,gemm,fc1,8,3,366.5919899940491,187872256,198358016,10485760,10485760,1024,2026-04-15T01:04:15Z,baseline_nvml_pt,nvidia-smi,ok,0.0,2518.0,1695.0,7601.0,61.46,0.3665919899940491,189.1689453125,189.1689453125,10.0,True,,79.0,62.5,67.5,estimated,,prefill-facebook-opt-2-7b-chunk-512-sm-8,success,,,/mnt/data/dheeraj/dicertation/inference-profile/runs/revised-rerun-20260415-020401-g5-opt27b-c512-1024/raw/points/prefill/prefill-facebook-opt-2-7b-chunk-512-sm-8.csv
facebook/opt-2.7b,512,gemm,fc2,8,3,344.06399726867676,187872256,190493696,2621440,2621440,1024,2026-04-15T01:04:15Z,baseline_nvml_pt,nvidia-smi,ok,0.0,2518.0,1695.0,7601.0,61.46,0.3665919899940491,189.1689453125,189.1689453125,10.0,True,,79.0,62.5,67.5,estimated,,prefill-facebook-opt-2-7b-chunk-512-sm-8,success,,,/mnt/data/dheeraj/dicertation/inference-profile/runs/revised-rerun-20260415-020401-g5-opt27b-c512-1024/raw/points/prefill/prefill-facebook-opt-2-7b-chunk-512-sm-8.csv
facebook/opt-2.7b,512,attention,attention,8,3,84.99199897050858,187872256,190560256,2688000,2621440,1024,2026-04-15T01:04:15Z,baseline_nvml_pt,nvidia-smi,ok,0.0,2518.0,1695.0,7601.0,61.46,0.3665919899940491,189.1689453125,189.1689453125,10.0,True,,79.0,62.5,67.5,estimated,,prefill-facebook-opt-2-7b-chunk-512-sm-8,success,,,/mnt/data/dheeraj/dicertation/inference-profile/runs/revised-rerun-20260415-020401-g5-opt27b-c512-1024/raw/points/prefill/prefill-facebook-opt-2-7b-chunk-512-sm-8.csv
facebook/opt-2.7b,512,gemm,q_proj,8,4,136.03200018405914,187872256,190493696,2621440,2621440,1024,2026-04-15T01:04:15Z,baseline_nvml_pt,nvidia-smi,ok,0.0,2518.0,1695.0,7601.0,61.46,0.3665919899940491,189.1689453125,189.1689453125,10.0,True,,79.0,62.5,67.5,estimated,,prefill-facebook-opt-2-7b-chunk-512-sm-8,success,,,/mnt/data/dheeraj/dicertation/inference-profile/runs/revised-rerun-20260415-020401-g5-opt27b-c512-1024/raw/points/prefill/prefill-facebook-opt-2-7b-chunk-512-sm-8.csv
facebook/opt-2.7b,512,gemm,k_proj,8,4,132.09599256515503,187872256,190493696,2621440,2621440,1024,2026-04-15T01:04:15Z,baseline_nvml_pt,nvidia-smi,ok,0.0,2518.0,1695.0,7601.0,61.46,0.3665919899940491,189.1689453125,189.1689453125,10.0,True,,79.0,62.5,67.5,estimated,,prefill-facebook-opt-2-7b-chunk-512-sm-8,success,,,/mnt/data/dheeraj/dicertation/inference-profile/runs/revised-rerun-20260415-020401-g5-opt27b-c512-1024/raw/points/prefill/prefill-facebook-opt-2-7b-chunk-512-sm-8.csv
facebook/opt-2.7b,512,gemm,v_proj,8,4,131.071999669075,187872256,190493696,2621440,2621440,1024,2026-04-15T01:04:15Z,baseline_nvml_pt,nvidia-smi,ok,0.0,2518.0,1695.0,7601.0,61.46,0.3665919899940491,189.1689453125,189.1689453125,10.0,True,,79.0,62.5,67.5,estimated,,prefill-facebook-opt-2-7b-chunk-512-sm-8,success,,,/mnt/data/dheeraj/dicertation/inference-profile/runs/revised-rerun-20260415-020401-g5-opt27b-c512-1024/raw/points/prefill/prefill-facebook-opt-2-7b-chunk-512-sm-8.csv
facebook/opt-2.7b,512,gemm,out_proj,8,4,132.09599256515503,187872256,190493696,2621440,2621440,1024,2026-04-15T01:04:15Z,baseline_nvml_pt,nvidia-smi,ok,0.0,2518.0,1695.0,7601.0,61.46,0.3665919899940491,189.1689453125,189.1689453125,10.0,True,,79.0,62.5,67.5,estimated,,prefill-facebook-opt-2-7b-chunk-512-sm-8,success,,,/mnt/data/dheeraj/dicertation/inference-profile/runs/revised-rerun-20260415-020401-g5-opt27b-c512-1024/raw/points/prefill/prefill-facebook-opt-2-7b-chunk-512-sm-8.csv
facebook/opt-2.7b,512,gemm,fc1,8,4,363.48798871040344,187872256,198358016,10485760,10485760,1024,2026-04-15T01:04:15Z,baseline_nvml_pt,nvidia-smi,ok,0.0,2518.0,1695.0,7601.0,61.46,0.3665919899940491,189.1689453125,189.1689453125,10.0,True,,79.0,62.5,67.5,estimated,,prefill-facebook-opt-2-7b-chunk-512-sm-8,success,,,/mnt/data/dheeraj/dicertation/inference-profile/runs/revised-rerun-20260415-020401-g5-opt27b-c512-1024/raw/points/prefill/prefill-facebook-opt-2-7b-chunk-512-sm-8.csv
facebook/opt-2.7b,512,gemm,fc2,8,4,343.03998947143555,187872256,190493696,2621440,2621440,1024,2026-04-15T01:04:15Z,baseline_nvml_pt,nvidia-smi,ok,0.0,2518.0,1695.0,7601.0,61.46,0.3665919899940491,189.1689453125,189.1689453125,10.0,True,,79.0,62.5,67.5,estimated,,prefill-facebook-opt-2-7b-chunk-512-sm-8,success,,,/mnt/data/dheeraj/dicertation/inference-profile/runs/revised-rerun-20260415-020401-g5-opt27b-c512-1024/raw/points/prefill/prefill-facebook-opt-2-7b-chunk-512-sm-8.csv
facebook/opt-2.7b,512,attention,attention,8,4,83.13599973917007,187872256,190560256,2688000,2621440,1024,2026-04-15T01:04:15Z,baseline_nvml_pt,nvidia-smi,ok,0.0,2518.0,1695.0,7601.0,61.46,0.3665919899940491,189.1689453125,189.1689453125,10.0,True,,79.0,62.5,67.5,estimated,,prefill-facebook-opt-2-7b-chunk-512-sm-8,success,,,/mnt/data/dheeraj/dicertation/inference-profile/runs/revised-rerun-20260415-020401-g5-opt27b-c512-1024/raw/points/prefill/prefill-facebook-opt-2-7b-chunk-512-sm-8.csv
facebook/opt-2.7b,512,gemm,q_proj,16,0,172.8000044822693,187872256,190493696,2621440,2621440,1024,2026-04-15T01:04:21Z,baseline_nvml_pt,nvidia-smi,ok,1.0,2518.0,1695.0,7601.0,61.7,0.3665919899940491,189.1689453125,189.1689453125,10.0,True,,86.0,57.00000000000001,75.0,estimated,,prefill-facebook-opt-2-7b-chunk-512-sm-16,success,,,/mnt/data/dheeraj/dicertation/inference-profile/runs/revised-rerun-20260415-020401-g5-opt27b-c512-1024/raw/points/prefill/prefill-facebook-opt-2-7b-chunk-512-sm-16.csv
facebook/opt-2.7b,512,gemm,k_proj,16,0,142.33599603176117,187872256,190493696,2621440,2621440,1024,2026-04-15T01:04:21Z,baseline_nvml_pt,nvidia-smi,ok,1.0,2518.0,1695.0,7601.0,61.7,0.3665919899940491,189.1689453125,189.1689453125,10.0,True,,86.0,57.00000000000001,75.0,estimated,,prefill-facebook-opt-2-7b-chunk-512-sm-16,success,,,/mnt/data/dheeraj/dicertation/inference-profile/runs/revised-rerun-20260415-020401-g5-opt27b-c512-1024/raw/points/prefill/prefill-facebook-opt-2-7b-chunk-512-sm-16.csv
facebook/opt-2.7b,512,gemm,v_proj,16,0,134.97599959373474,187872256,190493696,2621440,2621440,1024,2026-04-15T01:04:21Z,baseline_nvml_pt,nvidia-smi,ok,1.0,2518.0,1695.0,7601.0,61.7,0.3665919899940491,189.1689453125,189.1689453125,10.0,True,,86.0,57.00000000000001,75.0,estimated,,prefill-facebook-opt-2-7b-chunk-512-sm-16,success,,,/mnt/data/dheeraj/dicertation/inference-profile/runs/revised-rerun-20260415-020401-g5-opt27b-c512-1024/raw/points/prefill/prefill-facebook-opt-2-7b-chunk-512-sm-16.csv
facebook/opt-2.7b,512,gemm,out_proj,16,0,134.2719942331314,187872256,190493696,2621440,2621440,1024,2026-04-15T01:04:21Z,baseline_nvml_pt,nvidia-smi,ok,1.0,2518.0,1695.0,7601.0,61.7,0.3665919899940491,189.1689453125,189.1689453125,10.0,True,,86.0,57.00000000000001,75.0,estimated,,prefill-facebook-opt-2-7b-chunk-512-sm-16,success,,,/mnt/data/dheeraj/dicertation/inference-profile/runs/revised-rerun-20260415-020401-g5-opt27b-c512-1024/raw/points/prefill/prefill-facebook-opt-2-7b-chunk-512-sm-16.csv
facebook/opt-2.7b,512,gemm,fc1,16,0,366.5919899940491,187872256,198358016,10485760,10485760,1024,2026-04-15T01:04:21Z,baseline_nvml_pt,nvidia-smi,ok,1.0,2518.0,1695.0,7601.0,61.7,0.3665919899940491,189.1689453125,189.1689453125,10.0,True,,86.0,57.00000000000001,75.0,estimated,,prefill-facebook-opt-2-7b-chunk-512-sm-16,success,,,/mnt/data/dheeraj/dicertation/inference-profile/runs/revised-rerun-20260415-020401-g5-opt27b-c512-1024/raw/points/prefill/prefill-facebook-opt-2-7b-chunk-512-sm-16.csv
facebook/opt-2.7b,512,gemm,fc2,16,0,352.25600004196167,187872256,190493696,2621440,2621440,1024,2026-04-15T01:04:21Z,baseline_nvml_pt,nvidia-smi,ok,1.0,2518.0,1695.0,7601.0,61.7,0.3665919899940491,189.1689453125,189.1689453125,10.0,True,,86.0,57.00000000000001,75.0,estimated,,prefill-facebook-opt-2-7b-chunk-512-sm-16,success,,,/mnt/data/dheeraj/dicertation/inference-profile/runs/revised-rerun-20260415-020401-g5-opt27b-c512-1024/raw/points/prefill/prefill-facebook-opt-2-7b-chunk-512-sm-16.csv
facebook/opt-2.7b,512,attention,attention,16,0,90.11200070381165,187872256,190560256,2688000,2621440,1024,2026-04-15T01:04:21Z,baseline_nvml_pt,nvidia-smi,ok,1.0,2518.0,1695.0,7601.0,61.7,0.3665919899940491,189.1689453125,189.1689453125,10.0,True,,86.0,57.00000000000001,75.0,estimated,,prefill-facebook-opt-2-7b-chunk-512-sm-16,success,,,/mnt/data/dheeraj/dicertation/inference-profile/runs/revised-rerun-20260415-020401-g5-opt27b-c512-1024/raw/points/prefill/prefill-facebook-opt-2-7b-chunk-512-sm-16.csv
facebook/opt-2.7b,512,gemm,q_proj,16,1,137.1839940547943,187872256,190493696,2621440,2621440,1024,2026-04-15T01:04:21Z,baseline_nvml_pt,nvidia-smi,ok,1.0,2518.0,1695.0,7601.0,61.7,0.3665919899940491,189.1689453125,189.1689453125,10.0,True,,86.0,57.00000000000001,75.0,estimated,,prefill-facebook-opt-2-7b-chunk-512-sm-16,success,,,/mnt/data/dheeraj/dicertation/inference-profile/runs/revised-rerun-20260415-020401-g5-opt27b-c512-1024/raw/points/prefill/prefill-facebook-opt-2-7b-chunk-512-sm-16.csv
facebook/opt-2.7b,512,gemm,k_proj,16,1,133.12000036239624,187872256,190493696,2621440,2621440,1024,2026-04-15T01:04:21Z,baseline_nvml_pt,nvidia-smi,ok,1.0,2518.0,1695.0,7601.0,61.7,0.3665919899940491,189.1689453125,189.1689453125,10.0,True,,86.0,57.00000000000001,75.0,estimated,,prefill-facebook-opt-2-7b-chunk-512-sm-16,success,,,/mnt/data/dheeraj/dicertation/inference-profile/runs/revised-rerun-20260415-020401-g5-opt27b-c512-1024/raw/points/prefill/prefill-facebook-opt-2-7b-chunk-512-sm-16.csv
facebook/opt-2.7b,512,gemm,v_proj,16,1,131.071999669075,187872256,190493696,2621440,2621440,1024,2026-04-15T01:04:21Z,baseline_nvml_pt,nvidia-smi,ok,1.0,2518.0,1695.0,7601.0,61.7,0.3665919899940491,189.1689453125,189.1689453125,10.0,True,,86.0,57.00000000000001,75.0,estimated,,prefill-facebook-opt-2-7b-chunk-512-sm-16,success,,,/mnt/data/dheeraj/dicertation/inference-profile/runs/revised-rerun-20260415-020401-g5-opt27b-c512-1024/raw/points/prefill/prefill-facebook-opt-2-7b-chunk-512-sm-16.csv
facebook/opt-2.7b,512,gemm,out_proj,16,1,132.09599256515503,187872256,190493696,2621440,2621440,1024,2026-04-15T01:04:21Z,baseline_nvml_pt,nvidia-smi,ok,1.0,2518.0,1695.0,7601.0,61.7,0.3665919899940491,189.1689453125,189.1689453125,10.0,True,,86.0,57.00000000000001,75.0,estimated,,prefill-facebook-opt-2-7b-chunk-512-sm-16,success,,,/mnt/data/dheeraj/dicertation/inference-profile/runs/revised-rerun-20260415-020401-g5-opt27b-c512-1024/raw/points/prefill/prefill-facebook-opt-2-7b-chunk-512-sm-16.csv
facebook/opt-2.7b,512,gemm,fc1,16,1,363.5199964046478,187872256,198358016,10485760,10485760,1024,2026-04-15T01:04:21Z,baseline_nvml_pt,nvidia-smi,ok,1.0,2518.0,1695.0,7601.0,61.7,0.3665919899940491,189.1689453125,189.1689453125,10.0,True,,86.0,57.00000000000001,75.0,estimated,,prefill-facebook-opt-2-7b-chunk-512-sm-16,success,,,/mnt/data/dheeraj/dicertation/inference-profile/runs/revised-rerun-20260415-020401-g5-opt27b-c512-1024/raw/points/prefill/prefill-facebook-opt-2-7b-chunk-512-sm-16.csv
facebook/opt-2.7b,512,gemm,fc2,16,1,345.8240032196045,187872256,190493696,2621440,2621440,1024,2026-04-15T01:04:21Z,baseline_nvml_pt,nvidia-smi,ok,1.0,2518.0,1695.0,7601.0,61.7,0.3665919899940491,189.1689453125,189.1689453125,10.0,True,,86.0,57.00000000000001,75.0,estimated,,prefill-facebook-opt-2-7b-chunk-512-sm-16,success,,,/mnt/data/dheeraj/dicertation/inference-profile/runs/revised-rerun-20260415-020401-g5-opt27b-c512-1024/raw/points/prefill/prefill-facebook-opt-2-7b-chunk-512-sm-16.csv
facebook/opt-2.7b,512,attention,attention,16,1,84.89599823951721,187872256,190560256,2688000,2621440,1024,2026-04-15T01:04:21Z,baseline_nvml_pt,nvidia-smi,ok,1.0,2518.0,1695.0,7601.0,61.7,0.3665919899940491,189.1689453125,189.1689453125,10.0,True,,86.0,57.00000000000001,75.0,estimated,,prefill-facebook-opt-2-7b-chunk-512-sm-16,success,,,/mnt/data/dheeraj/dicertation/inference-profile/runs/revised-rerun-20260415-020401-g5-opt27b-c512-1024/raw/points/prefill/prefill-facebook-opt-2-7b-chunk-512-sm-16.csv
facebook/opt-2.7b,512,gemm,q_proj,16,2,143.36000382900238,187872256,190493696,2621440,2621440,1024,2026-04-15T01:04:21Z,baseline_nvml_pt,nvidia-smi,ok,1.0,2518.0,1695.0,7601.0,61.7,0.3665919899940491,189.1689453125,189.1689453125,10.0,True,,86.0,57.00000000000001,75.0,estimated,,prefill-facebook-opt-2-7b-chunk-512-sm-16,success,,,/mnt/data/dheeraj/dicertation/inference-profile/runs/revised-rerun-20260415-020401-g5-opt27b-c512-1024/raw/points/prefill/prefill-facebook-opt-2-7b-chunk-512-sm-16.csv
facebook/opt-2.7b,512,gemm,k_proj,16,2,138.2399946451187,187872256,190493696,2621440,2621440,1024,2026-04-15T01:04:21Z,baseline_nvml_pt,nvidia-smi,ok,1.0,2518.0,1695.0,7601.0,61.7,0.3665919899940491,189.1689453125,189.1689453125,10.0,True,,86.0,57.00000000000001,75.0,estimated,,prefill-facebook-opt-2-7b-chunk-512-sm-16,success,,,/mnt/data/dheeraj/dicertation/inference-profile/runs/revised-rerun-20260415-020401-g5-opt27b-c512-1024/raw/points/prefill/prefill-facebook-opt-2-7b-chunk-512-sm-16.csv
facebook/opt-2.7b,512,gemm,v_proj,16,2,139.26400244235992,187872256,190493696,2621440,2621440,1024,2026-04-15T01:04:21Z,baseline_nvml_pt,nvidia-smi,ok,1.0,2518.0,1695.0,7601.0,61.7,0.3665919899940491,189.1689453125,189.1689453125,10.0,True,,86.0,57.00000000000001,75.0,estimated,,prefill-facebook-opt-2-7b-chunk-512-sm-16,success,,,/mnt/data/dheeraj/dicertation/inference-profile/runs/revised-rerun-20260415-020401-g5-opt27b-c512-1024/raw/points/prefill/prefill-facebook-opt-2-7b-chunk-512-sm-16.csv
facebook/opt-2.7b,512,gemm,out_proj,16,2,132.09599256515503,187872256,190493696,2621440,2621440,1024,2026-04-15T01:04:21Z,baseline_nvml_pt,nvidia-smi,ok,1.0,2518.0,1695.0,7601.0,61.7,0.3665919899940491,189.1689453125,189.1689453125,10.0,True,,86.0,57.00000000000001,75.0,estimated,,prefill-facebook-opt-2-7b-chunk-512-sm-16,success,,,/mnt/data/dheeraj/dicertation/inference-profile/runs/revised-rerun-20260415-020401-g5-opt27b-c512-1024/raw/points/prefill/prefill-facebook-opt-2-7b-chunk-512-sm-16.csv
facebook/opt-2.7b,512,gemm,fc1,16,2,363.42400312423706,187872256,198358016,10485760,10485760,1024,2026-04-15T01:04:21Z,baseline_nvml_pt,nvidia-smi,ok,1.0,2518.0,1695.0,7601.0,61.7,0.3665919899940491,189.1689453125,189.1689453125,10.0,True,,86.0,57.00000000000001,75.0,estimated,,prefill-facebook-opt-2-7b-chunk-512-sm-16,success,,,/mnt/data/dheeraj/dicertation/inference-profile/runs/revised-rerun-20260415-020401-g5-opt27b-c512-1024/raw/points/prefill/prefill-facebook-opt-2-7b-chunk-512-sm-16.csv
facebook/opt-2.7b,512,gemm,fc2,16,2,345.8879888057709,187872256,190493696,2621440,2621440,1024,2026-04-15T01:04:21Z,baseline_nvml_pt,nvidia-smi,ok,1.0,2518.0,1695.0,7601.0,61.7,0.3665919899940491,189.1689453125,189.1689453125,10.0,True,,86.0,57.00000000000001,75.0,estimated,,prefill-facebook-opt-2-7b-chunk-512-sm-16,success,,,/mnt/data/dheeraj/dicertation/inference-profile/runs/revised-rerun-20260415-020401-g5-opt27b-c512-1024/raw/points/prefill/prefill-facebook-opt-2-7b-chunk-512-sm-16.csv
facebook/opt-2.7b,512,attention,attention,16,2,88.8959988951683,187872256,190560256,2688000,2621440,1024,2026-04-15T01:04:21Z,baseline_nvml_pt,nvidia-smi,ok,1.0,2518.0,1695.0,7601.0,61.7,0.3665919899940491,189.1689453125,189.1689453125,10.0,True,,86.0,57.00000000000001,75.0,estimated,,prefill-facebook-opt-2-7b-chunk-512-sm-16,success,,,/mnt/data/dheeraj/dicertation/inference-profile/runs/revised-rerun-20260415-020401-g5-opt27b-c512-1024/raw/points/prefill/prefill-facebook-opt-2-7b-chunk-512-sm-16.csv
facebook/opt-2.7b,512,gemm,q_proj,16,3,136.03200018405914,187872256,190493696,2621440,2621440,1024,2026-04-15T01:04:21Z,baseline_nvml_pt,nvidia-smi,ok,1.0,2518.0,1695.0,7601.0,61.7,0.3665919899940491,189.1689453125,189.1689453125,10.0,True,,86.0,57.00000000000001,75.0,estimated,,prefill-facebook-opt-2-7b-chunk-512-sm-16,success,,,/mnt/data/dheeraj/dicertation/inference-profile/runs/revised-rerun-20260415-020401-g5-opt27b-c512-1024/raw/points/prefill/prefill-facebook-opt-2-7b-chunk-512-sm-16.csv
facebook/opt-2.7b,512,gemm,k_proj,16,3,131.23199343681335,187872256,190493696,2621440,2621440,1024,2026-04-15T01:04:21Z,baseline_nvml_pt,nvidia-smi,ok,1.0,2518.0,1695.0,7601.0,61.7,0.3665919899940491,189.1689453125,189.1689453125,10.0,True,,86.0,57.00000000000001,75.0,estimated,,prefill-facebook-opt-2-7b-chunk-512-sm-16,success,,,/mnt/data/dheeraj/dicertation/inference-profile/runs/revised-rerun-20260415-020401-g5-opt27b-c512-1024/raw/points/prefill/prefill-facebook-opt-2-7b-chunk-512-sm-16.csv
facebook/opt-2.7b,512,gemm,v_proj,16,3,131.1040073633194,187872256,190493696,2621440,2621440,1024,2026-04-15T01:04:21Z,baseline_nvml_pt,nvidia-smi,ok,1.0,2518.0,1695.0,7601.0,61.7,0.3665919899940491,189.1689453125,189.1689453125,10.0,True,,86.0,57.00000000000001,75.0,estimated,,prefill-facebook-opt-2-7b-chunk-512-sm-16,success,,,/mnt/data/dheeraj/dicertation/inference-profile/runs/revised-rerun-20260415-020401-g5-opt27b-c512-1024/raw/points/prefill/prefill-facebook-opt-2-7b-chunk-512-sm-16.csv
facebook/opt-2.7b,512,gemm,out_proj,16,3,132.9919993877411,187872256,190493696,2621440,2621440,1024,2026-04-15T01:04:21Z,baseline_nvml_pt,nvidia-smi,ok,1.0,2518.0,1695.0,7601.0,61.7,0.3665919899940491,189.1689453125,189.1689453125,10.0,True,,86.0,57.00000000000001,75.0,estimated,,prefill-facebook-opt-2-7b-chunk-512-sm-16,success,,,/mnt/data/dheeraj/dicertation/inference-profile/runs/revised-rerun-20260415-020401-g5-opt27b-c512-1024/raw/points/prefill/prefill-facebook-opt-2-7b-chunk-512-sm-16.csv
facebook/opt-2.7b,512,gemm,fc1,16,3,364.54400420188904,187872256,198358016,10485760,10485760,1024,2026-04-15T01:04:21Z,baseline_nvml_pt,nvidia-smi,ok,1.0,2518.0,1695.0,7601.0,61.7,0.3665919899940491,189.1689453125,189.1689453125,10.0,True,,86.0,57.00000000000001,75.0,estimated,,prefill-facebook-opt-2-7b-chunk-512-sm-16,success,,,/mnt/data/dheeraj/dicertation/inference-profile/runs/revised-rerun-20260415-020401-g5-opt27b-c512-1024/raw/points/prefill/prefill-facebook-opt-2-7b-chunk-512-sm-16.csv
facebook/opt-2.7b,512,gemm,fc2,16,3,342.303991317749,187872256,190493696,2621440,2621440,1024,2026-04-15T01:04:21Z,baseline_nvml_pt,nvidia-smi,ok,1.0,2518.0,1695.0,7601.0,61.7,0.3665919899940491,189.1689453125,189.1689453125,10.0,True,,86.0,57.00000000000001,75.0,estimated,,prefill-facebook-opt-2-7b-chunk-512-sm-16,success,,,/mnt/data/dheeraj/dicertation/inference-profile/runs/revised-rerun-20260415-020401-g5-opt27b-c512-1024/raw/points/prefill/prefill-facebook-opt-2-7b-chunk-512-sm-16.csv
facebook/opt-2.7b,512,attention,attention,16,3,84.99199897050858,187872256,190560256,2688000,2621440,1024,2026-04-15T01:04:21Z,baseline_nvml_pt,nvidia-smi,ok,1.0,2518.0,1695.0,7601.0,61.7,0.3665919899940491,189.1689453125,189.1689453125,10.0,True,,86.0,57.00000000000001,75.0,estimated,,prefill-facebook-opt-2-7b-chunk-512-sm-16,success,,,/mnt/data/dheeraj/dicertation/inference-profile/runs/revised-rerun-20260415-020401-g5-opt27b-c512-1024/raw/points/prefill/prefill-facebook-opt-2-7b-chunk-512-sm-16.csv
facebook/opt-2.7b,512,gemm,q_proj,16,4,134.24000144004822,187872256,190493696,2621440,2621440,1024,2026-04-15T01:04:21Z,baseline_nvml_pt,nvidia-smi,ok,1.0,2518.0,1695.0,7601.0,61.7,0.3665919899940491,189.1689453125,189.1689453125,10.0,True,,86.0,57.00000000000001,75.0,estimated,,prefill-facebook-opt-2-7b-chunk-512-sm-16,success,,,/mnt/data/dheeraj/dicertation/inference-profile/runs/revised-rerun-20260415-020401-g5-opt27b-c512-1024/raw/points/prefill/prefill-facebook-opt-2-7b-chunk-512-sm-16.csv
facebook/opt-2.7b,512,gemm,k_proj,16,4,130.97600638866425,187872256,190493696,2621440,2621440,1024,2026-04-15T01:04:21Z,baseline_nvml_pt,nvidia-smi,ok,1.0,2518.0,1695.0,7601.0,61.7,0.3665919899940491,189.1689453125,189.1689453125,10.0,True,,86.0,57.00000000000001,75.0,estimated,,prefill-facebook-opt-2-7b-chunk-512-sm-16,success,,,/mnt/data/dheeraj/dicertation/inference-profile/runs/revised-rerun-20260415-020401-g5-opt27b-c512-1024/raw/points/prefill/prefill-facebook-opt-2-7b-chunk-512-sm-16.csv
facebook/opt-2.7b,512,gemm,v_proj,16,4,129.7599971294403,187872256,190493696,2621440,2621440,1024,2026-04-15T01:04:21Z,baseline_nvml_pt,nvidia-smi,ok,1.0,2518.0,1695.0,7601.0,61.7,0.3665919899940491,189.1689453125,189.1689453125,10.0,True,,86.0,57.00000000000001,75.0,estimated,,prefill-facebook-opt-2-7b-chunk-512-sm-16,success,,,/mnt/data/dheeraj/dicertation/inference-profile/runs/revised-rerun-20260415-020401-g5-opt27b-c512-1024/raw/points/prefill/prefill-facebook-opt-2-7b-chunk-512-sm-16.csv
facebook/opt-2.7b,512,gemm,out_proj,16,4,130.17599284648895,187872256,190493696,2621440,2621440,1024,2026-04-15T01:04:21Z,baseline_nvml_pt,nvidia-smi,ok,1.0,2518.0,1695.0,7601.0,61.7,0.3665919899940491,189.1689453125,189.1689453125,10.0,True,,86.0,57.00000000000001,75.0,estimated,,prefill-facebook-opt-2-7b-chunk-512-sm-16,success,,,/mnt/data/dheeraj/dicertation/inference-profile/runs/revised-rerun-20260415-020401-g5-opt27b-c512-1024/raw/points/prefill/prefill-facebook-opt-2-7b-chunk-512-sm-16.csv
facebook/opt-2.7b,512,gemm,fc1,16,4,362.4959886074066,187872256,198358016,10485760,10485760,1024,2026-04-15T01:04:21Z,baseline_nvml_pt,nvidia-smi,ok,1.0,2518.0,1695.0,7601.0,61.7,0.3665919899940491,189.1689453125,189.1689453125,10.0,True,,86.0,57.00000000000001,75.0,estimated,,prefill-facebook-opt-2-7b-chunk-512-sm-16,success,,,/mnt/data/dheeraj/dicertation/inference-profile/runs/revised-rerun-20260415-020401-g5-opt27b-c512-1024/raw/points/prefill/prefill-facebook-opt-2-7b-chunk-512-sm-16.csv
facebook/opt-2.7b,512,gemm,fc2,16,4,343.80799531936646,187872256,190493696,2621440,2621440,1024,2026-04-15T01:04:21Z,baseline_nvml_pt,nvidia-smi,ok,1.0,2518.0,1695.0,7601.0,61.7,0.3665919899940491,189.1689453125,189.1689453125,10.0,True,,86.0,57.00000000000001,75.0,estimated,,prefill-facebook-opt-2-7b-chunk-512-sm-16,success,,,/mnt/data/dheeraj/dicertation/inference-profile/runs/revised-rerun-20260415-020401-g5-opt27b-c512-1024/raw/points/prefill/prefill-facebook-opt-2-7b-chunk-512-sm-16.csv
facebook/opt-2.7b,512,attention,attention,16,4,89.31200206279755,187872256,190560256,2688000,2621440,1024,2026-04-15T01:04:21Z,baseline_nvml_pt,nvidia-smi,ok,1.0,2518.0,1695.0,7601.0,61.7,0.3665919899940491,189.1689453125,189.1689453125,10.0,True,,86.0,57.00000000000001,75.0,estimated,,prefill-facebook-opt-2-7b-chunk-512-sm-16,success,,,/mnt/data/dheeraj/dicertation/inference-profile/runs/revised-rerun-20260415-020401-g5-opt27b-c512-1024/raw/points/prefill/prefill-facebook-opt-2-7b-chunk-512-sm-16.csv
facebook/opt-2.7b,512,gemm,q_proj,24,0,147.45600521564484,187872256,190493696,2621440,2621440,1024,2026-04-15T01:04:26Z,baseline_nvml_pt,nvidia-smi,ok,0.0,2516.0,1695.0,7601.0,62.38,0.36454400420188904,189.1689453125,189.1689453125,10.0,True,,93.0,51.5,82.5,estimated,,prefill-facebook-opt-2-7b-chunk-512-sm-24,success,,,/mnt/data/dheeraj/dicertation/inference-profile/runs/revised-rerun-20260415-020401-g5-opt27b-c512-1024/raw/points/prefill/prefill-facebook-opt-2-7b-chunk-512-sm-24.csv
facebook/opt-2.7b,512,gemm,k_proj,24,0,139.0720009803772,187872256,190493696,2621440,2621440,1024,2026-04-15T01:04:26Z,baseline_nvml_pt,nvidia-smi,ok,0.0,2516.0,1695.0,7601.0,62.38,0.36454400420188904,189.1689453125,189.1689453125,10.0,True,,93.0,51.5,82.5,estimated,,prefill-facebook-opt-2-7b-chunk-512-sm-24,success,,,/mnt/data/dheeraj/dicertation/inference-profile/runs/revised-rerun-20260415-020401-g5-opt27b-c512-1024/raw/points/prefill/prefill-facebook-opt-2-7b-chunk-512-sm-24.csv
facebook/opt-2.7b,512,gemm,v_proj,24,0,141.31200313568115,187872256,190493696,2621440,2621440,1024,2026-04-15T01:04:26Z,baseline_nvml_pt,nvidia-smi,ok,0.0,2516.0,1695.0,7601.0,62.38,0.36454400420188904,189.1689453125,189.1689453125,10.0,True,,93.0,51.5,82.5,estimated,,prefill-facebook-opt-2-7b-chunk-512-sm-24,success,,,/mnt/data/dheeraj/dicertation/inference-profile/runs/revised-rerun-20260415-020401-g5-opt27b-c512-1024/raw/points/prefill/prefill-facebook-opt-2-7b-chunk-512-sm-24.csv
facebook/opt-2.7b,512,gemm,out_proj,24,0,133.12000036239624,187872256,190493696,2621440,2621440,1024,2026-04-15T01:04:26Z,baseline_nvml_pt,nvidia-smi,ok,0.0,2516.0,1695.0,7601.0,62.38,0.36454400420188904,189.1689453125,189.1689453125,10.0,True,,93.0,51.5,82.5,estimated,,prefill-facebook-opt-2-7b-chunk-512-sm-24,success,,,/mnt/data/dheeraj/dicertation/inference-profile/runs/revised-rerun-20260415-020401-g5-opt27b-c512-1024/raw/points/prefill/prefill-facebook-opt-2-7b-chunk-512-sm-24.csv
facebook/opt-2.7b,512,gemm,fc1,24,0,364.54400420188904,187872256,198358016,10485760,10485760,1024,2026-04-15T01:04:26Z,baseline_nvml_pt,nvidia-smi,ok,0.0,2516.0,1695.0,7601.0,62.38,0.36454400420188904,189.1689453125,189.1689453125,10.0,True,,93.0,51.5,82.5,estimated,,prefill-facebook-opt-2-7b-chunk-512-sm-24,success,,,/mnt/data/dheeraj/dicertation/inference-profile/runs/revised-rerun-20260415-020401-g5-opt27b-c512-1024/raw/points/prefill/prefill-facebook-opt-2-7b-chunk-512-sm-24.csv
facebook/opt-2.7b,512,gemm,fc2,24,0,348.1599986553192,187872256,190493696,2621440,2621440,1024,2026-04-15T01:04:26Z,baseline_nvml_pt,nvidia-smi,ok,0.0,2516.0,1695.0,7601.0,62.38,0.36454400420188904,189.1689453125,189.1689453125,10.0,True,,93.0,51.5,82.5,estimated,,prefill-facebook-opt-2-7b-chunk-512-sm-24,success,,,/mnt/data/dheeraj/dicertation/inference-profile/runs/revised-rerun-20260415-020401-g5-opt27b-c512-1024/raw/points/prefill/prefill-facebook-opt-2-7b-chunk-512-sm-24.csv
facebook/opt-2.7b,512,attention,attention,24,0,93.05600076913834,187872256,190560256,2688000,2621440,1024,2026-04-15T01:04:26Z,baseline_nvml_pt,nvidia-smi,ok,0.0,2516.0,1695.0,7601.0,62.38,0.36454400420188904,189.1689453125,189.1689453125,10.0,True,,93.0,51.5,82.5,estimated,,prefill-facebook-opt-2-7b-chunk-512-sm-24,success,,,/mnt/data/dheeraj/dicertation/inference-profile/runs/revised-rerun-20260415-020401-g5-opt27b-c512-1024/raw/points/prefill/prefill-facebook-opt-2-7b-chunk-512-sm-24.csv
facebook/opt-2.7b,512,gemm,q_proj,24,1,138.14400136470795,187872256,190493696,2621440,2621440,1024,2026-04-15T01:04:26Z,baseline_nvml_pt,nvidia-smi,ok,0.0,2516.0,1695.0,7601.0,62.38,0.36454400420188904,189.1689453125,189.1689453125,10.0,True,,93.0,51.5,82.5,estimated,,prefill-facebook-opt-2-7b-chunk-512-sm-24,success,,,/mnt/data/dheeraj/dicertation/inference-profile/runs/revised-rerun-20260415-020401-g5-opt27b-c512-1024/raw/points/prefill/prefill-facebook-opt-2-7b-chunk-512-sm-24.csv
facebook/opt-2.7b,512,gemm,k_proj,24,1,134.14399325847626,187872256,190493696,2621440,2621440,1024,2026-04-15T01:04:26Z,baseline_nvml_pt,nvidia-smi,ok,0.0,2516.0,1695.0,7601.0,62.38,0.36454400420188904,189.1689453125,189.1689453125,10.0,True,,93.0,51.5,82.5,estimated,,prefill-facebook-opt-2-7b-chunk-512-sm-24,success,,,/mnt/data/dheeraj/dicertation/inference-profile/runs/revised-rerun-20260415-020401-g5-opt27b-c512-1024/raw/points/prefill/prefill-facebook-opt-2-7b-chunk-512-sm-24.csv
facebook/opt-2.7b,512,gemm,v_proj,24,1,131.071999669075,187872256,190493696,2621440,2621440,1024,2026-04-15T01:04:26Z,baseline_nvml_pt,nvidia-smi,ok,0.0,2516.0,1695.0,7601.0,62.38,0.36454400420188904,189.1689453125,189.1689453125,10.0,True,,93.0,51.5,82.5,estimated,,prefill-facebook-opt-2-7b-chunk-512-sm-24,success,,,/mnt/data/dheeraj/dicertation/inference-profile/runs/revised-rerun-20260415-020401-g5-opt27b-c512-1024/raw/points/prefill/prefill-facebook-opt-2-7b-chunk-512-sm-24.csv
facebook/opt-2.7b,512,gemm,out_proj,24,1,131.071999669075,187872256,190493696,2621440,2621440,1024,2026-04-15T01:04:26Z,baseline_nvml_pt,nvidia-smi,ok,0.0,2516.0,1695.0,7601.0,62.38,0.36454400420188904,189.1689453125,189.1689453125,10.0,True,,93.0,51.5,82.5,estimated,,prefill-facebook-opt-2-7b-chunk-512-sm-24,success,,,/mnt/data/dheeraj/dicertation/inference-profile/runs/revised-rerun-20260415-020401-g5-opt27b-c512-1024/raw/points/prefill/prefill-facebook-opt-2-7b-chunk-512-sm-24.csv
facebook/opt-2.7b,512,gemm,fc1,24,1,362.4640107154846,187872256,198358016,10485760,10485760,1024,2026-04-15T01:04:26Z,baseline_nvml_pt,nvidia-smi,ok,0.0,2516.0,1695.0,7601.0,62.38,0.36454400420188904,189.1689453125,189.1689453125,10.0,True,,93.0,51.5,82.5,estimated,,prefill-facebook-opt-2-7b-chunk-512-sm-24,success,,,/mnt/data/dheeraj/dicertation/inference-profile/runs/revised-rerun-20260415-020401-g5-opt27b-c512-1024/raw/points/prefill/prefill-facebook-opt-2-7b-chunk-512-sm-24.csv
facebook/opt-2.7b,512,gemm,fc2,24,1,344.06399726867676,187872256,190493696,2621440,2621440,1024,2026-04-15T01:04:26Z,baseline_nvml_pt,nvidia-smi,ok,0.0,2516.0,1695.0,7601.0,62.38,0.36454400420188904,189.1689453125,189.1689453125,10.0,True,,93.0,51.5,82.5,estimated,,prefill-facebook-opt-2-7b-chunk-512-sm-24,success,,,/mnt/data/dheeraj/dicertation/inference-profile/runs/revised-rerun-20260415-020401-g5-opt27b-c512-1024/raw/points/prefill/prefill-facebook-opt-2-7b-chunk-512-sm-24.csv
facebook/opt-2.7b,512,attention,attention,24,1,84.99199897050858,187872256,190560256,2688000,2621440,1024,2026-04-15T01:04:26Z,baseline_nvml_pt,nvidia-smi,ok,0.0,2516.0,1695.0,7601.0,62.38,0.36454400420188904,189.1689453125,189.1689453125,10.0,True,,93.0,51.5,82.5,estimated,,prefill-facebook-opt-2-7b-chunk-512-sm-24,success,,,/mnt/data/dheeraj/dicertation/inference-profile/runs/revised-rerun-20260415-020401-g5-opt27b-c512-1024/raw/points/prefill/prefill-facebook-opt-2-7b-chunk-512-sm-24.csv
facebook/opt-2.7b,512,gemm,q_proj,24,2,135.16800105571747,187872256,190493696,2621440,2621440,1024,2026-04-15T01:04:26Z,baseline_nvml_pt,nvidia-smi,ok,0.0,2516.0,1695.0,7601.0,62.38,0.36454400420188904,189.1689453125,189.1689453125,10.0,True,,93.0,51.5,82.5,estimated,,prefill-facebook-opt-2-7b-chunk-512-sm-24,success,,,/mnt/data/dheeraj/dicertation/inference-profile/runs/revised-rerun-20260415-020401-g5-opt27b-c512-1024/raw/points/prefill/prefill-facebook-opt-2-7b-chunk-512-sm-24.csv
facebook/opt-2.7b,512,gemm,k_proj,24,2,136.19199395179749,187872256,190493696,2621440,2621440,1024,2026-04-15T01:04:26Z,baseline_nvml_pt,nvidia-smi,ok,0.0,2516.0,1695.0,7601.0,62.38,0.36454400420188904,189.1689453125,189.1689453125,10.0,True,,93.0,51.5,82.5,estimated,,prefill-facebook-opt-2-7b-chunk-512-sm-24,success,,,/mnt/data/dheeraj/dicertation/inference-profile/runs/revised-rerun-20260415-020401-g5-opt27b-c512-1024/raw/points/prefill/prefill-facebook-opt-2-7b-chunk-512-sm-24.csv
facebook/opt-2.7b,512,gemm,v_proj,24,2,132.09599256515503,187872256,190493696,2621440,2621440,1024,2026-04-15T01:04:26Z,baseline_nvml_pt,nvidia-smi,ok,0.0,2516.0,1695.0,7601.0,62.38,0.36454400420188904,189.1689453125,189.1689453125,10.0,True,,93.0,51.5,82.5,estimated,,prefill-facebook-opt-2-7b-chunk-512-sm-24,success,,,/mnt/data/dheeraj/dicertation/inference-profile/runs/revised-rerun-20260415-020401-g5-opt27b-c512-1024/raw/points/prefill/prefill-facebook-opt-2-7b-chunk-512-sm-24.csv
facebook/opt-2.7b,512,gemm,out_proj,24,2,131.071999669075,187872256,190493696,2621440,2621440,1024,2026-04-15T01:04:26Z,baseline_nvml_pt,nvidia-smi,ok,0.0,2516.0,1695.0,7601.0,62.38,0.36454400420188904,189.1689453125,189.1689453125,10.0,True,,93.0,51.5,82.5,estimated,,prefill-facebook-opt-2-7b-chunk-512-sm-24,success,,,/mnt/data/dheeraj/dicertation/inference-profile/runs/revised-rerun-20260415-020401-g5-opt27b-c512-1024/raw/points/prefill/prefill-facebook-opt-2-7b-chunk-512-sm-24.csv
facebook/opt-2.7b,512,gemm,fc1,24,2,362.4959886074066,187872256,198358016,10485760,10485760,1024,2026-04-15T01:04:26Z,baseline_nvml_pt,nvidia-smi,ok,0.0,2516.0,1695.0,7601.0,62.38,0.36454400420188904,189.1689453125,189.1689453125,10.0,True,,93.0,51.5,82.5,estimated,,prefill-facebook-opt-2-7b-chunk-512-sm-24,success,,,/mnt/data/dheeraj/dicertation/inference-profile/runs/revised-rerun-20260415-020401-g5-opt27b-c512-1024/raw/points/prefill/prefill-facebook-opt-2-7b-chunk-512-sm-24.csv
facebook/opt-2.7b,512,gemm,fc2,24,2,343.03998947143555,187872256,190493696,2621440,2621440,1024,2026-04-15T01:04:26Z,baseline_nvml_pt,nvidia-smi,ok,0.0,2516.0,1695.0,7601.0,62.38,0.36454400420188904,189.1689453125,189.1689453125,10.0,True,,93.0,51.5,82.5,estimated,,prefill-facebook-opt-2-7b-chunk-512-sm-24,success,,,/mnt/data/dheeraj/dicertation/inference-profile/runs/revised-rerun-20260415-020401-g5-opt27b-c512-1024/raw/points/prefill/prefill-facebook-opt-2-7b-chunk-512-sm-24.csv
facebook/opt-2.7b,512,attention,attention,24,2,89.08800035715103,187872256,190560256,2688000,2621440,1024,2026-04-15T01:04:26Z,baseline_nvml_pt,nvidia-smi,ok,0.0,2516.0,1695.0,7601.0,62.38,0.36454400420188904,189.1689453125,189.1689453125,10.0,True,,93.0,51.5,82.5,estimated,,prefill-facebook-opt-2-7b-chunk-512-sm-24,success,,,/mnt/data/dheeraj/dicertation/inference-profile/runs/revised-rerun-20260415-020401-g5-opt27b-c512-1024/raw/points/prefill/prefill-facebook-opt-2-7b-chunk-512-sm-24.csv
facebook/opt-2.7b,512,gemm,q_proj,24,3,133.12000036239624,187872256,190493696,2621440,2621440,1024,2026-04-15T01:04:26Z,baseline_nvml_pt,nvidia-smi,ok,0.0,2516.0,1695.0,7601.0,62.38,0.36454400420188904,189.1689453125,189.1689453125,10.0,True,,93.0,51.5,82.5,estimated,,prefill-facebook-opt-2-7b-chunk-512-sm-24,success,,,/mnt/data/dheeraj/dicertation/inference-profile/runs/revised-rerun-20260415-020401-g5-opt27b-c512-1024/raw/points/prefill/prefill-facebook-opt-2-7b-chunk-512-sm-24.csv
facebook/opt-2.7b,512,gemm,k_proj,24,3,129.85600531101227,187872256,190493696,2621440,2621440,1024,2026-04-15T01:04:26Z,baseline_nvml_pt,nvidia-smi,ok,0.0,2516.0,1695.0,7601.0,62.38,0.36454400420188904,189.1689453125,189.1689453125,10.0,True,,93.0,51.5,82.5,estimated,,prefill-facebook-opt-2-7b-chunk-512-sm-24,success,,,/mnt/data/dheeraj/dicertation/inference-profile/runs/revised-rerun-20260415-020401-g5-opt27b-c512-1024/raw/points/prefill/prefill-facebook-opt-2-7b-chunk-512-sm-24.csv
facebook/opt-2.7b,512,gemm,v_proj,24,3,136.1600011587143,187872256,190493696,2621440,2621440,1024,2026-04-15T01:04:26Z,baseline_nvml_pt,nvidia-smi,ok,0.0,2516.0,1695.0,7601.0,62.38,0.36454400420188904,189.1689453125,189.1689453125,10.0,True,,93.0,51.5,82.5,estimated,,prefill-facebook-opt-2-7b-chunk-512-sm-24,success,,,/mnt/data/dheeraj/dicertation/inference-profile/runs/revised-rerun-20260415-020401-g5-opt27b-c512-1024/raw/points/prefill/prefill-facebook-opt-2-7b-chunk-512-sm-24.csv
facebook/opt-2.7b,512,gemm,out_proj,24,3,131.99999928474426,187872256,190493696,2621440,2621440,1024,2026-04-15T01:04:26Z,baseline_nvml_pt,nvidia-smi,ok,0.0,2516.0,1695.0,7601.0,62.38,0.36454400420188904,189.1689453125,189.1689453125,10.0,True,,93.0,51.5,82.5,estimated,,prefill-facebook-opt-2-7b-chunk-512-sm-24,success,,,/mnt/data/dheeraj/dicertation/inference-profile/runs/revised-rerun-20260415-020401-g5-opt27b-c512-1024/raw/points/prefill/prefill-facebook-opt-2-7b-chunk-512-sm-24.csv
facebook/opt-2.7b,512,gemm,fc1,24,3,363.6159896850586,187872256,198358016,10485760,10485760,1024,2026-04-15T01:04:26Z,baseline_nvml_pt,nvidia-smi,ok,0.0,2516.0,1695.0,7601.0,62.38,0.36454400420188904,189.1689453125,189.1689453125,10.0,True,,93.0,51.5,82.5,estimated,,prefill-facebook-opt-2-7b-chunk-512-sm-24,success,,,/mnt/data/dheeraj/dicertation/inference-profile/runs/revised-rerun-20260415-020401-g5-opt27b-c512-1024/raw/points/prefill/prefill-facebook-opt-2-7b-chunk-512-sm-24.csv
facebook/opt-2.7b,512,gemm,fc2,24,3,343.03998947143555,187872256,190493696,2621440,2621440,1024,2026-04-15T01:04:26Z,baseline_nvml_pt,nvidia-smi,ok,0.0,2516.0,1695.0,7601.0,62.38,0.36454400420188904,189.1689453125,189.1689453125,10.0,True,,93.0,51.5,82.5,estimated,,prefill-facebook-opt-2-7b-chunk-512-sm-24,success,,,/mnt/data/dheeraj/dicertation/inference-profile/runs/revised-rerun-20260415-020401-g5-opt27b-c512-1024/raw/points/prefill/prefill-facebook-opt-2-7b-chunk-512-sm-24.csv
facebook/opt-2.7b,512,attention,attention,24,3,82.68799632787704,187872256,190560256,2688000,2621440,1024,2026-04-15T01:04:26Z,baseline_nvml_pt,nvidia-smi,ok,0.0,2516.0,1695.0,7601.0,62.38,0.36454400420188904,189.1689453125,189.1689453125,10.0,True,,93.0,51.5,82.5,estimated,,prefill-facebook-opt-2-7b-chunk-512-sm-24,success,,,/mnt/data/dheeraj/dicertation/inference-profile/runs/revised-rerun-20260415-020401-g5-opt27b-c512-1024/raw/points/prefill/prefill-facebook-opt-2-7b-chunk-512-sm-24.csv
facebook/opt-2.7b,512,gemm,q_proj,24,4,133.12000036239624,187872256,190493696,2621440,2621440,1024,2026-04-15T01:04:26Z,baseline_nvml_pt,nvidia-smi,ok,0.0,2516.0,1695.0,7601.0,62.38,0.36454400420188904,189.1689453125,189.1689453125,10.0,True,,93.0,51.5,82.5,estimated,,prefill-facebook-opt-2-7b-chunk-512-sm-24,success,,,/mnt/data/dheeraj/dicertation/inference-profile/runs/revised-rerun-20260415-020401-g5-opt27b-c512-1024/raw/points/prefill/prefill-facebook-opt-2-7b-chunk-512-sm-24.csv
facebook/opt-2.7b,512,gemm,k_proj,24,4,130.048006772995,187872256,190493696,2621440,2621440,1024,2026-04-15T01:04:26Z,baseline_nvml_pt,nvidia-smi,ok,0.0,2516.0,1695.0,7601.0,62.38,0.36454400420188904,189.1689453125,189.1689453125,10.0,True,,93.0,51.5,82.5,estimated,,prefill-facebook-opt-2-7b-chunk-512-sm-24,success,,,/mnt/data/dheeraj/dicertation/inference-profile/runs/revised-rerun-20260415-020401-g5-opt27b-c512-1024/raw/points/prefill/prefill-facebook-opt-2-7b-chunk-512-sm-24.csv
facebook/opt-2.7b,512,gemm,v_proj,24,4,129.02399897575378,187872256,190493696,2621440,2621440,1024,2026-04-15T01:04:26Z,baseline_nvml_pt,nvidia-smi,ok,0.0,2516.0,1695.0,7601.0,62.38,0.36454400420188904,189.1689453125,189.1689453125,10.0,True,,93.0,51.5,82.5,estimated,,prefill-facebook-opt-2-7b-chunk-512-sm-24,success,,,/mnt/data/dheeraj/dicertation/inference-profile/runs/revised-rerun-20260415-020401-g5-opt27b-c512-1024/raw/points/prefill/prefill-facebook-opt-2-7b-chunk-512-sm-24.csv
facebook/opt-2.7b,512,gemm,out_proj,24,4,130.94399869441986,187872256,190493696,2621440,2621440,1024,2026-04-15T01:04:26Z,baseline_nvml_pt,nvidia-smi,ok,0.0,2516.0,1695.0,7601.0,62.38,0.36454400420188904,189.1689453125,189.1689453125,10.0,True,,93.0,51.5,82.5,estimated,,prefill-facebook-opt-2-7b-chunk-512-sm-24,success,,,/mnt/data/dheeraj/dicertation/inference-profile/runs/revised-rerun-20260415-020401-g5-opt27b-c512-1024/raw/points/prefill/prefill-facebook-opt-2-7b-chunk-512-sm-24.csv
facebook/opt-2.7b,512,gemm,fc1,24,4,361.6639971733093,187872256,198358016,10485760,10485760,1024,2026-04-15T01:04:26Z,baseline_nvml_pt,nvidia-smi,ok,0.0,2516.0,1695.0,7601.0,62.38,0.36454400420188904,189.1689453125,189.1689453125,10.0,True,,93.0,51.5,82.5,estimated,,prefill-facebook-opt-2-7b-chunk-512-sm-24,success,,,/mnt/data/dheeraj/dicertation/inference-profile/runs/revised-rerun-20260415-020401-g5-opt27b-c512-1024/raw/points/prefill/prefill-facebook-opt-2-7b-chunk-512-sm-24.csv
facebook/opt-2.7b,512,gemm,fc2,24,4,343.00801157951355,187872256,190493696,2621440,2621440,1024,2026-04-15T01:04:26Z,baseline_nvml_pt,nvidia-smi,ok,0.0,2516.0,1695.0,7601.0,62.38,0.36454400420188904,189.1689453125,189.1689453125,10.0,True,,93.0,51.5,82.5,estimated,,prefill-facebook-opt-2-7b-chunk-512-sm-24,success,,,/mnt/data/dheeraj/dicertation/inference-profile/runs/revised-rerun-20260415-020401-g5-opt27b-c512-1024/raw/points/prefill/prefill-facebook-opt-2-7b-chunk-512-sm-24.csv
facebook/opt-2.7b,512,attention,attention,24,4,82.94399827718735,187872256,190560256,2688000,2621440,1024,2026-04-15T01:04:26Z,baseline_nvml_pt,nvidia-smi,ok,0.0,2516.0,1695.0,7601.0,62.38,0.36454400420188904,189.1689453125,189.1689453125,10.0,True,,93.0,51.5,82.5,estimated,,prefill-facebook-opt-2-7b-chunk-512-sm-24,success,,,/mnt/data/dheeraj/dicertation/inference-profile/runs/revised-rerun-20260415-020401-g5-opt27b-c512-1024/raw/points/prefill/prefill-facebook-opt-2-7b-chunk-512-sm-24.csv
facebook/opt-2.7b,512,gemm,q_proj,32,0,167.93599724769592,187872256,190493696,2621440,2621440,1024,2026-04-15T01:04:30Z,baseline_nvml_pt,nvidia-smi,ok,2.0,2516.0,1695.0,7601.0,62.15,0.36556801199913025,189.1689453125,189.1689453125,10.0,True,,100.0,46.0,89.99999999999999,estimated,,prefill-facebook-opt-2-7b-chunk-512-sm-32,success,,,/mnt/data/dheeraj/dicertation/inference-profile/runs/revised-rerun-20260415-020401-g5-opt27b-c512-1024/raw/points/prefill/prefill-facebook-opt-2-7b-chunk-512-sm-32.csv
facebook/opt-2.7b,512,gemm,k_proj,32,0,141.184002161026,187872256,190493696,2621440,2621440,1024,2026-04-15T01:04:30Z,baseline_nvml_pt,nvidia-smi,ok,2.0,2516.0,1695.0,7601.0,62.15,0.36556801199913025,189.1689453125,189.1689453125,10.0,True,,100.0,46.0,89.99999999999999,estimated,,prefill-facebook-opt-2-7b-chunk-512-sm-32,success,,,/mnt/data/dheeraj/dicertation/inference-profile/runs/revised-rerun-20260415-020401-g5-opt27b-c512-1024/raw/points/prefill/prefill-facebook-opt-2-7b-chunk-512-sm-32.csv
facebook/opt-2.7b,512,gemm,v_proj,32,0,136.19199395179749,187872256,190493696,2621440,2621440,1024,2026-04-15T01:04:30Z,baseline_nvml_pt,nvidia-smi,ok,2.0,2516.0,1695.0,7601.0,62.15,0.36556801199913025,189.1689453125,189.1689453125,10.0,True,,100.0,46.0,89.99999999999999,estimated,,prefill-facebook-opt-2-7b-chunk-512-sm-32,success,,,/mnt/data/dheeraj/dicertation/inference-profile/runs/revised-rerun-20260415-020401-g5-opt27b-c512-1024/raw/points/prefill/prefill-facebook-opt-2-7b-chunk-512-sm-32.csv
facebook/opt-2.7b,512,gemm,out_proj,32,0,133.12000036239624,187872256,190493696,2621440,2621440,1024,2026-04-15T01:04:30Z,baseline_nvml_pt,nvidia-smi,ok,2.0,2516.0,1695.0,7601.0,62.15,0.36556801199913025,189.1689453125,189.1689453125,10.0,True,,100.0,46.0,89.99999999999999,estimated,,prefill-facebook-opt-2-7b-chunk-512-sm-32,success,,,/mnt/data/dheeraj/dicertation/inference-profile/runs/revised-rerun-20260415-020401-g5-opt27b-c512-1024/raw/points/prefill/prefill-facebook-opt-2-7b-chunk-512-sm-32.csv
facebook/opt-2.7b,512,gemm,fc1,32,0,365.56801199913025,187872256,198358016,10485760,10485760,1024,2026-04-15T01:04:30Z,baseline_nvml_pt,nvidia-smi,ok,2.0,2516.0,1695.0,7601.0,62.15,0.36556801199913025,189.1689453125,189.1689453125,10.0,True,,100.0,46.0,89.99999999999999,estimated,,prefill-facebook-opt-2-7b-chunk-512-sm-32,success,,,/mnt/data/dheeraj/dicertation/inference-profile/runs/revised-rerun-20260415-020401-g5-opt27b-c512-1024/raw/points/prefill/prefill-facebook-opt-2-7b-chunk-512-sm-32.csv
facebook/opt-2.7b,512,gemm,fc2,32,0,350.94401240348816,187872256,190493696,2621440,2621440,1024,2026-04-15T01:04:30Z,baseline_nvml_pt,nvidia-smi,ok,2.0,2516.0,1695.0,7601.0,62.15,0.36556801199913025,189.1689453125,189.1689453125,10.0,True,,100.0,46.0,89.99999999999999,estimated,,prefill-facebook-opt-2-7b-chunk-512-sm-32,success,,,/mnt/data/dheeraj/dicertation/inference-profile/runs/revised-rerun-20260415-020401-g5-opt27b-c512-1024/raw/points/prefill/prefill-facebook-opt-2-7b-chunk-512-sm-32.csv
facebook/opt-2.7b,512,attention,attention,32,0,96.25600278377533,187872256,190560256,2688000,2621440,1024,2026-04-15T01:04:30Z,baseline_nvml_pt,nvidia-smi,ok,2.0,2516.0,1695.0,7601.0,62.15,0.36556801199913025,189.1689453125,189.1689453125,10.0,True,,100.0,46.0,89.99999999999999,estimated,,prefill-facebook-opt-2-7b-chunk-512-sm-32,success,,,/mnt/data/dheeraj/dicertation/inference-profile/runs/revised-rerun-20260415-020401-g5-opt27b-c512-1024/raw/points/prefill/prefill-facebook-opt-2-7b-chunk-512-sm-32.csv
facebook/opt-2.7b,512,gemm,q_proj,32,1,136.48000359535217,187872256,190493696,2621440,2621440,1024,2026-04-15T01:04:30Z,baseline_nvml_pt,nvidia-smi,ok,2.0,2516.0,1695.0,7601.0,62.15,0.36556801199913025,189.1689453125,189.1689453125,10.0,True,,100.0,46.0,89.99999999999999,estimated,,prefill-facebook-opt-2-7b-chunk-512-sm-32,success,,,/mnt/data/dheeraj/dicertation/inference-profile/runs/revised-rerun-20260415-020401-g5-opt27b-c512-1024/raw/points/prefill/prefill-facebook-opt-2-7b-chunk-512-sm-32.csv
facebook/opt-2.7b,512,gemm,k_proj,32,1,133.12000036239624,187872256,190493696,2621440,2621440,1024,2026-04-15T01:04:30Z,baseline_nvml_pt,nvidia-smi,ok,2.0,2516.0,1695.0,7601.0,62.15,0.36556801199913025,189.1689453125,189.1689453125,10.0,True,,100.0,46.0,89.99999999999999,estimated,,prefill-facebook-opt-2-7b-chunk-512-sm-32,success,,,/mnt/data/dheeraj/dicertation/inference-profile/runs/revised-rerun-20260415-020401-g5-opt27b-c512-1024/raw/points/prefill/prefill-facebook-opt-2-7b-chunk-512-sm-32.csv
facebook/opt-2.7b,512,gemm,v_proj,32,1,132.09599256515503,187872256,190493696,2621440,2621440,1024,2026-04-15T01:04:30Z,baseline_nvml_pt,nvidia-smi,ok,2.0,2516.0,1695.0,7601.0,62.15,0.36556801199913025,189.1689453125,189.1689453125,10.0,True,,100.0,46.0,89.99999999999999,estimated,,prefill-facebook-opt-2-7b-chunk-512-sm-32,success,,,/mnt/data/dheeraj/dicertation/inference-profile/runs/revised-rerun-20260415-020401-g5-opt27b-c512-1024/raw/points/prefill/prefill-facebook-opt-2-7b-chunk-512-sm-32.csv
facebook/opt-2.7b,512,gemm,out_proj,32,1,132.09599256515503,187872256,190493696,2621440,2621440,1024,2026-04-15T01:04:30Z,baseline_nvml_pt,nvidia-smi,ok,2.0,2516.0,1695.0,7601.0,62.15,0.36556801199913025,189.1689453125,189.1689453125,10.0,True,,100.0,46.0,89.99999999999999,estimated,,prefill-facebook-opt-2-7b-chunk-512-sm-32,success,,,/mnt/data/dheeraj/dicertation/inference-profile/runs/revised-rerun-20260415-020401-g5-opt27b-c512-1024/raw/points/prefill/prefill-facebook-opt-2-7b-chunk-512-sm-32.csv
facebook/opt-2.7b,512,gemm,fc1,32,1,365.5039966106415,187872256,198358016,10485760,10485760,1024,2026-04-15T01:04:30Z,baseline_nvml_pt,nvidia-smi,ok,2.0,2516.0,1695.0,7601.0,62.15,0.36556801199913025,189.1689453125,189.1689453125,10.0,True,,100.0,46.0,89.99999999999999,estimated,,prefill-facebook-opt-2-7b-chunk-512-sm-32,success,,,/mnt/data/dheeraj/dicertation/inference-profile/runs/revised-rerun-20260415-020401-g5-opt27b-c512-1024/raw/points/prefill/prefill-facebook-opt-2-7b-chunk-512-sm-32.csv
facebook/opt-2.7b,512,gemm,fc2,32,1,347.104012966156,187872256,190493696,2621440,2621440,1024,2026-04-15T01:04:30Z,baseline_nvml_pt,nvidia-smi,ok,2.0,2516.0,1695.0,7601.0,62.15,0.36556801199913025,189.1689453125,189.1689453125,10.0,True,,100.0,46.0,89.99999999999999,estimated,,prefill-facebook-opt-2-7b-chunk-512-sm-32,success,,,/mnt/data/dheeraj/dicertation/inference-profile/runs/revised-rerun-20260415-020401-g5-opt27b-c512-1024/raw/points/prefill/prefill-facebook-opt-2-7b-chunk-512-sm-32.csv
facebook/opt-2.7b,512,attention,attention,32,1,88.06400001049042,187872256,190560256,2688000,2621440,1024,2026-04-15T01:04:30Z,baseline_nvml_pt,nvidia-smi,ok,2.0,2516.0,1695.0,7601.0,62.15,0.36556801199913025,189.1689453125,189.1689453125,10.0,True,,100.0,46.0,89.99999999999999,estimated,,prefill-facebook-opt-2-7b-chunk-512-sm-32,success,,,/mnt/data/dheeraj/dicertation/inference-profile/runs/revised-rerun-20260415-020401-g5-opt27b-c512-1024/raw/points/prefill/prefill-facebook-opt-2-7b-chunk-512-sm-32.csv
facebook/opt-2.7b,512,gemm,q_proj,32,2,135.16800105571747,187872256,190493696,2621440,2621440,1024,2026-04-15T01:04:30Z,baseline_nvml_pt,nvidia-smi,ok,2.0,2516.0,1695.0,7601.0,62.15,0.36556801199913025,189.1689453125,189.1689453125,10.0,True,,100.0,46.0,89.99999999999999,estimated,,prefill-facebook-opt-2-7b-chunk-512-sm-32,success,,,/mnt/data/dheeraj/dicertation/inference-profile/runs/revised-rerun-20260415-020401-g5-opt27b-c512-1024/raw/points/prefill/prefill-facebook-opt-2-7b-chunk-512-sm-32.csv
facebook/opt-2.7b,512,gemm,k_proj,32,2,140.35199582576752,187872256,190493696,2621440,2621440,1024,2026-04-15T01:04:30Z,baseline_nvml_pt,nvidia-smi,ok,2.0,2516.0,1695.0,7601.0,62.15,0.36556801199913025,189.1689453125,189.1689453125,10.0,True,,100.0,46.0,89.99999999999999,estimated,,prefill-facebook-opt-2-7b-chunk-512-sm-32,success,,,/mnt/data/dheeraj/dicertation/inference-profile/runs/revised-rerun-20260415-020401-g5-opt27b-c512-1024/raw/points/prefill/prefill-facebook-opt-2-7b-chunk-512-sm-32.csv
facebook/opt-2.7b,512,gemm,v_proj,32,2,132.09599256515503,187872256,190493696,2621440,2621440,1024,2026-04-15T01:04:30Z,baseline_nvml_pt,nvidia-smi,ok,2.0,2516.0,1695.0,7601.0,62.15,0.36556801199913025,189.1689453125,189.1689453125,10.0,True,,100.0,46.0,89.99999999999999,estimated,,prefill-facebook-opt-2-7b-chunk-512-sm-32,success,,,/mnt/data/dheeraj/dicertation/inference-profile/runs/revised-rerun-20260415-020401-g5-opt27b-c512-1024/raw/points/prefill/prefill-facebook-opt-2-7b-chunk-512-sm-32.csv
facebook/opt-2.7b,512,gemm,out_proj,32,2,131.96800649166107,187872256,190493696,2621440,2621440,1024,2026-04-15T01:04:30Z,baseline_nvml_pt,nvidia-smi,ok,2.0,2516.0,1695.0,7601.0,62.15,0.36556801199913025,189.1689453125,189.1689453125,10.0,True,,100.0,46.0,89.99999999999999,estimated,,prefill-facebook-opt-2-7b-chunk-512-sm-32,success,,,/mnt/data/dheeraj/dicertation/inference-profile/runs/revised-rerun-20260415-020401-g5-opt27b-c512-1024/raw/points/prefill/prefill-facebook-opt-2-7b-chunk-512-sm-32.csv
facebook/opt-2.7b,512,gemm,fc1,32,2,365.56801199913025,187872256,198358016,10485760,10485760,1024,2026-04-15T01:04:30Z,baseline_nvml_pt,nvidia-smi,ok,2.0,2516.0,1695.0,7601.0,62.15,0.36556801199913025,189.1689453125,189.1689453125,10.0,True,,100.0,46.0,89.99999999999999,estimated,,prefill-facebook-opt-2-7b-chunk-512-sm-32,success,,,/mnt/data/dheeraj/dicertation/inference-profile/runs/revised-rerun-20260415-020401-g5-opt27b-c512-1024/raw/points/prefill/prefill-facebook-opt-2-7b-chunk-512-sm-32.csv
facebook/opt-2.7b,512,gemm,fc2,32,2,345.08800506591797,187872256,190493696,2621440,2621440,1024,2026-04-15T01:04:30Z,baseline_nvml_pt,nvidia-smi,ok,2.0,2516.0,1695.0,7601.0,62.15,0.36556801199913025,189.1689453125,189.1689453125,10.0,True,,100.0,46.0,89.99999999999999,estimated,,prefill-facebook-opt-2-7b-chunk-512-sm-32,success,,,/mnt/data/dheeraj/dicertation/inference-profile/runs/revised-rerun-20260415-020401-g5-opt27b-c512-1024/raw/points/prefill/prefill-facebook-opt-2-7b-chunk-512-sm-32.csv
facebook/opt-2.7b,512,attention,attention,32,2,87.90399879217148,187872256,190560256,2688000,2621440,1024,2026-04-15T01:04:30Z,baseline_nvml_pt,nvidia-smi,ok,2.0,2516.0,1695.0,7601.0,62.15,0.36556801199913025,189.1689453125,189.1689453125,10.0,True,,100.0,46.0,89.99999999999999,estimated,,prefill-facebook-opt-2-7b-chunk-512-sm-32,success,,,/mnt/data/dheeraj/dicertation/inference-profile/runs/revised-rerun-20260415-020401-g5-opt27b-c512-1024/raw/points/prefill/prefill-facebook-opt-2-7b-chunk-512-sm-32.csv
facebook/opt-2.7b,512,gemm,q_proj,32,3,134.14399325847626,187872256,190493696,2621440,2621440,1024,2026-04-15T01:04:30Z,baseline_nvml_pt,nvidia-smi,ok,2.0,2516.0,1695.0,7601.0,62.15,0.36556801199913025,189.1689453125,189.1689453125,10.0,True,,100.0,46.0,89.99999999999999,estimated,,prefill-facebook-opt-2-7b-chunk-512-sm-32,success,,,/mnt/data/dheeraj/dicertation/inference-profile/runs/revised-rerun-20260415-020401-g5-opt27b-c512-1024/raw/points/prefill/prefill-facebook-opt-2-7b-chunk-512-sm-32.csv
facebook/opt-2.7b,512,gemm,k_proj,32,3,131.99999928474426,187872256,190493696,2621440,2621440,1024,2026-04-15T01:04:30Z,baseline_nvml_pt,nvidia-smi,ok,2.0,2516.0,1695.0,7601.0,62.15,0.36556801199913025,189.1689453125,189.1689453125,10.0,True,,100.0,46.0,89.99999999999999,estimated,,prefill-facebook-opt-2-7b-chunk-512-sm-32,success,,,/mnt/data/dheeraj/dicertation/inference-profile/runs/revised-rerun-20260415-020401-g5-opt27b-c512-1024/raw/points/prefill/prefill-facebook-opt-2-7b-chunk-512-sm-32.csv
facebook/opt-2.7b,512,gemm,v_proj,32,3,134.07999277114868,187872256,190493696,2621440,2621440,1024,2026-04-15T01:04:30Z,baseline_nvml_pt,nvidia-smi,ok,2.0,2516.0,1695.0,7601.0,62.15,0.36556801199913025,189.1689453125,189.1689453125,10.0,True,,100.0,46.0,89.99999999999999,estimated,,prefill-facebook-opt-2-7b-chunk-512-sm-32,success,,,/mnt/data/dheeraj/dicertation/inference-profile/runs/revised-rerun-20260415-020401-g5-opt27b-c512-1024/raw/points/prefill/prefill-facebook-opt-2-7b-chunk-512-sm-32.csv
facebook/opt-2.7b,512,gemm,out_proj,32,3,131.071999669075,187872256,190493696,2621440,2621440,1024,2026-04-15T01:04:30Z,baseline_nvml_pt,nvidia-smi,ok,2.0,2516.0,1695.0,7601.0,62.15,0.36556801199913025,189.1689453125,189.1689453125,10.0,True,,100.0,46.0,89.99999999999999,estimated,,prefill-facebook-opt-2-7b-chunk-512-sm-32,success,,,/mnt/data/dheeraj/dicertation/inference-profile/runs/revised-rerun-20260415-020401-g5-opt27b-c512-1024/raw/points/prefill/prefill-facebook-opt-2-7b-chunk-512-sm-32.csv
facebook/opt-2.7b,512,gemm,fc1,32,3,364.54400420188904,187872256,198358016,10485760,10485760,1024,2026-04-15T01:04:30Z,baseline_nvml_pt,nvidia-smi,ok,2.0,2516.0,1695.0,7601.0,62.15,0.36556801199913025,189.1689453125,189.1689453125,10.0,True,,100.0,46.0,89.99999999999999,estimated,,prefill-facebook-opt-2-7b-chunk-512-sm-32,success,,,/mnt/data/dheeraj/dicertation/inference-profile/runs/revised-rerun-20260415-020401-g5-opt27b-c512-1024/raw/points/prefill/prefill-facebook-opt-2-7b-chunk-512-sm-32.csv
facebook/opt-2.7b,512,gemm,fc2,32,3,342.0799970626831,187872256,190493696,2621440,2621440,1024,2026-04-15T01:04:30Z,baseline_nvml_pt,nvidia-smi,ok,2.0,2516.0,1695.0,7601.0,62.15,0.36556801199913025,189.1689453125,189.1689453125,10.0,True,,100.0,46.0,89.99999999999999,estimated,,prefill-facebook-opt-2-7b-chunk-512-sm-32,success,,,/mnt/data/dheeraj/dicertation/inference-profile/runs/revised-rerun-20260415-020401-g5-opt27b-c512-1024/raw/points/prefill/prefill-facebook-opt-2-7b-chunk-512-sm-32.csv
facebook/opt-2.7b,512,attention,attention,32,3,84.99199897050858,187872256,190560256,2688000,2621440,1024,2026-04-15T01:04:30Z,baseline_nvml_pt,nvidia-smi,ok,2.0,2516.0,1695.0,7601.0,62.15,0.36556801199913025,189.1689453125,189.1689453125,10.0,True,,100.0,46.0,89.99999999999999,estimated,,prefill-facebook-opt-2-7b-chunk-512-sm-32,success,,,/mnt/data/dheeraj/dicertation/inference-profile/runs/revised-rerun-20260415-020401-g5-opt27b-c512-1024/raw/points/prefill/prefill-facebook-opt-2-7b-chunk-512-sm-32.csv
facebook/opt-2.7b,512,gemm,q_proj,32,4,133.12000036239624,187872256,190493696,2621440,2621440,1024,2026-04-15T01:04:30Z,baseline_nvml_pt,nvidia-smi,ok,2.0,2516.0,1695.0,7601.0,62.15,0.36556801199913025,189.1689453125,189.1689453125,10.0,True,,100.0,46.0,89.99999999999999,estimated,,prefill-facebook-opt-2-7b-chunk-512-sm-32,success,,,/mnt/data/dheeraj/dicertation/inference-profile/runs/revised-rerun-20260415-020401-g5-opt27b-c512-1024/raw/points/prefill/prefill-facebook-opt-2-7b-chunk-512-sm-32.csv
facebook/opt-2.7b,512,gemm,k_proj,32,4,131.071999669075,187872256,190493696,2621440,2621440,1024,2026-04-15T01:04:30Z,baseline_nvml_pt,nvidia-smi,ok,2.0,2516.0,1695.0,7601.0,62.15,0.36556801199913025,189.1689453125,189.1689453125,10.0,True,,100.0,46.0,89.99999999999999,estimated,,prefill-facebook-opt-2-7b-chunk-512-sm-32,success,,,/mnt/data/dheeraj/dicertation/inference-profile/runs/revised-rerun-20260415-020401-g5-opt27b-c512-1024/raw/points/prefill/prefill-facebook-opt-2-7b-chunk-512-sm-32.csv
facebook/opt-2.7b,512,gemm,v_proj,32,4,133.12000036239624,187872256,190493696,2621440,2621440,1024,2026-04-15T01:04:30Z,baseline_nvml_pt,nvidia-smi,ok,2.0,2516.0,1695.0,7601.0,62.15,0.36556801199913025,189.1689453125,189.1689453125,10.0,True,,100.0,46.0,89.99999999999999,estimated,,prefill-facebook-opt-2-7b-chunk-512-sm-32,success,,,/mnt/data/dheeraj/dicertation/inference-profile/runs/revised-rerun-20260415-020401-g5-opt27b-c512-1024/raw/points/prefill/prefill-facebook-opt-2-7b-chunk-512-sm-32.csv
facebook/opt-2.7b,512,gemm,out_proj,32,4,130.048006772995,187872256,190493696,2621440,2621440,1024,2026-04-15T01:04:30Z,baseline_nvml_pt,nvidia-smi,ok,2.0,2516.0,1695.0,7601.0,62.15,0.36556801199913025,189.1689453125,189.1689453125,10.0,True,,100.0,46.0,89.99999999999999,estimated,,prefill-facebook-opt-2-7b-chunk-512-sm-32,success,,,/mnt/data/dheeraj/dicertation/inference-profile/runs/revised-rerun-20260415-020401-g5-opt27b-c512-1024/raw/points/prefill/prefill-facebook-opt-2-7b-chunk-512-sm-32.csv
facebook/opt-2.7b,512,gemm,fc1,32,4,362.33600974082947,187872256,198358016,10485760,10485760,1024,2026-04-15T01:04:30Z,baseline_nvml_pt,nvidia-smi,ok,2.0,2516.0,1695.0,7601.0,62.15,0.36556801199913025,189.1689453125,189.1689453125,10.0,True,,100.0,46.0,89.99999999999999,estimated,,prefill-facebook-opt-2-7b-chunk-512-sm-32,success,,,/mnt/data/dheeraj/dicertation/inference-profile/runs/revised-rerun-20260415-020401-g5-opt27b-c512-1024/raw/points/prefill/prefill-facebook-opt-2-7b-chunk-512-sm-32.csv
facebook/opt-2.7b,512,gemm,fc2,32,4,344.06399726867676,187872256,190493696,2621440,2621440,1024,2026-04-15T01:04:30Z,baseline_nvml_pt,nvidia-smi,ok,2.0,2516.0,1695.0,7601.0,62.15,0.36556801199913025,189.1689453125,189.1689453125,10.0,True,,100.0,46.0,89.99999999999999,estimated,,prefill-facebook-opt-2-7b-chunk-512-sm-32,success,,,/mnt/data/dheeraj/dicertation/inference-profile/runs/revised-rerun-20260415-020401-g5-opt27b-c512-1024/raw/points/prefill/prefill-facebook-opt-2-7b-chunk-512-sm-32.csv
facebook/opt-2.7b,512,attention,attention,32,4,84.927998483181,187872256,190560256,2688000,2621440,1024,2026-04-15T01:04:30Z,baseline_nvml_pt,nvidia-smi,ok,2.0,2516.0,1695.0,7601.0,62.15,0.36556801199913025,189.1689453125,189.1689453125,10.0,True,,100.0,46.0,89.99999999999999,estimated,,prefill-facebook-opt-2-7b-chunk-512-sm-32,success,,,/mnt/data/dheeraj/dicertation/inference-profile/runs/revised-rerun-20260415-020401-g5-opt27b-c512-1024/raw/points/prefill/prefill-facebook-opt-2-7b-chunk-512-sm-32.csv
facebook/opt-2.7b,1024,gemm,q_proj,8,0,269.3119943141937,208843776,214086656,5242880,5242880,1024,2026-04-15T01:04:35Z,baseline_nvml_pt,nvidia-smi,ok,1.0,2518.0,1695.0,7601.0,63.65,0.6840320229530334,219.1689453125,219.1689453125,20.0,True,,79.0,62.5,67.5,estimated,,prefill-facebook-opt-2-7b-chunk-1024-sm-8,success,,,/mnt/data/dheeraj/dicertation/inference-profile/runs/revised-rerun-20260415-020401-g5-opt27b-c512-1024/raw/points/prefill/prefill-facebook-opt-2-7b-chunk-1024-sm-8.csv
facebook/opt-2.7b,1024,gemm,k_proj,8,0,236.54399812221527,208843776,214086656,5242880,5242880,1024,2026-04-15T01:04:35Z,baseline_nvml_pt,nvidia-smi,ok,1.0,2518.0,1695.0,7601.0,63.65,0.6840320229530334,219.1689453125,219.1689453125,20.0,True,,79.0,62.5,67.5,estimated,,prefill-facebook-opt-2-7b-chunk-1024-sm-8,success,,,/mnt/data/dheeraj/dicertation/inference-profile/runs/revised-rerun-20260415-020401-g5-opt27b-c512-1024/raw/points/prefill/prefill-facebook-opt-2-7b-chunk-1024-sm-8.csv
facebook/opt-2.7b,1024,gemm,v_proj,8,0,227.29599475860596,208843776,214086656,5242880,5242880,1024,2026-04-15T01:04:35Z,baseline_nvml_pt,nvidia-smi,ok,1.0,2518.0,1695.0,7601.0,63.65,0.6840320229530334,219.1689453125,219.1689453125,20.0,True,,79.0,62.5,67.5,estimated,,prefill-facebook-opt-2-7b-chunk-1024-sm-8,success,,,/mnt/data/dheeraj/dicertation/inference-profile/runs/revised-rerun-20260415-020401-g5-opt27b-c512-1024/raw/points/prefill/prefill-facebook-opt-2-7b-chunk-1024-sm-8.csv
facebook/opt-2.7b,1024,gemm,out_proj,8,0,222.20799326896667,208843776,214086656,5242880,5242880,1024,2026-04-15T01:04:35Z,baseline_nvml_pt,nvidia-smi,ok,1.0,2518.0,1695.0,7601.0,63.65,0.6840320229530334,219.1689453125,219.1689453125,20.0,True,,79.0,62.5,67.5,estimated,,prefill-facebook-opt-2-7b-chunk-1024-sm-8,success,,,/mnt/data/dheeraj/dicertation/inference-profile/runs/revised-rerun-20260415-020401-g5-opt27b-c512-1024/raw/points/prefill/prefill-facebook-opt-2-7b-chunk-1024-sm-8.csv
facebook/opt-2.7b,1024,gemm,fc1,8,0,674.8160123825073,208843776,229815296,20971520,20971520,1024,2026-04-15T01:04:35Z,baseline_nvml_pt,nvidia-smi,ok,1.0,2518.0,1695.0,7601.0,63.65,0.6840320229530334,219.1689453125,219.1689453125,20.0,True,,79.0,62.5,67.5,estimated,,prefill-facebook-opt-2-7b-chunk-1024-sm-8,success,,,/mnt/data/dheeraj/dicertation/inference-profile/runs/revised-rerun-20260415-020401-g5-opt27b-c512-1024/raw/points/prefill/prefill-facebook-opt-2-7b-chunk-1024-sm-8.csv
facebook/opt-2.7b,1024,gemm,fc2,8,0,684.0320229530334,208843776,214086656,5242880,5242880,1024,2026-04-15T01:04:35Z,baseline_nvml_pt,nvidia-smi,ok,1.0,2518.0,1695.0,7601.0,63.65,0.6840320229530334,219.1689453125,219.1689453125,20.0,True,,79.0,62.5,67.5,estimated,,prefill-facebook-opt-2-7b-chunk-1024-sm-8,success,,,/mnt/data/dheeraj/dicertation/inference-profile/runs/revised-rerun-20260415-020401-g5-opt27b-c512-1024/raw/points/prefill/prefill-facebook-opt-2-7b-chunk-1024-sm-8.csv
facebook/opt-2.7b,1024,attention,attention,8,0,225.2800017595291,208843776,214218752,5374976,5242880,1024,2026-04-15T01:04:35Z,baseline_nvml_pt,nvidia-smi,ok,1.0,2518.0,1695.0,7601.0,63.65,0.6840320229530334,219.1689453125,219.1689453125,20.0,True,,79.0,62.5,67.5,estimated,,prefill-facebook-opt-2-7b-chunk-1024-sm-8,success,,,/mnt/data/dheeraj/dicertation/inference-profile/runs/revised-rerun-20260415-020401-g5-opt27b-c512-1024/raw/points/prefill/prefill-facebook-opt-2-7b-chunk-1024-sm-8.csv
facebook/opt-2.7b,1024,gemm,q_proj,8,1,231.4240038394928,208843776,214086656,5242880,5242880,1024,2026-04-15T01:04:35Z,baseline_nvml_pt,nvidia-smi,ok,1.0,2518.0,1695.0,7601.0,63.65,0.6840320229530334,219.1689453125,219.1689453125,20.0,True,,79.0,62.5,67.5,estimated,,prefill-facebook-opt-2-7b-chunk-1024-sm-8,success,,,/mnt/data/dheeraj/dicertation/inference-profile/runs/revised-rerun-20260415-020401-g5-opt27b-c512-1024/raw/points/prefill/prefill-facebook-opt-2-7b-chunk-1024-sm-8.csv
facebook/opt-2.7b,1024,gemm,k_proj,8,1,225.2800017595291,208843776,214086656,5242880,5242880,1024,2026-04-15T01:04:35Z,baseline_nvml_pt,nvidia-smi,ok,1.0,2518.0,1695.0,7601.0,63.65,0.6840320229530334,219.1689453125,219.1689453125,20.0,True,,79.0,62.5,67.5,estimated,,prefill-facebook-opt-2-7b-chunk-1024-sm-8,success,,,/mnt/data/dheeraj/dicertation/inference-profile/runs/revised-rerun-20260415-020401-g5-opt27b-c512-1024/raw/points/prefill/prefill-facebook-opt-2-7b-chunk-1024-sm-8.csv
facebook/opt-2.7b,1024,gemm,v_proj,8,1,223.23200106620789,208843776,214086656,5242880,5242880,1024,2026-04-15T01:04:35Z,baseline_nvml_pt,nvidia-smi,ok,1.0,2518.0,1695.0,7601.0,63.65,0.6840320229530334,219.1689453125,219.1689453125,20.0,True,,79.0,62.5,67.5,estimated,,prefill-facebook-opt-2-7b-chunk-1024-sm-8,success,,,/mnt/data/dheeraj/dicertation/inference-profile/runs/revised-rerun-20260415-020401-g5-opt27b-c512-1024/raw/points/prefill/prefill-facebook-opt-2-7b-chunk-1024-sm-8.csv
facebook/opt-2.7b,1024,gemm,out_proj,8,1,222.20799326896667,208843776,214086656,5242880,5242880,1024,2026-04-15T01:04:35Z,baseline_nvml_pt,nvidia-smi,ok,1.0,2518.0,1695.0,7601.0,63.65,0.6840320229530334,219.1689453125,219.1689453125,20.0,True,,79.0,62.5,67.5,estimated,,prefill-facebook-opt-2-7b-chunk-1024-sm-8,success,,,/mnt/data/dheeraj/dicertation/inference-profile/runs/revised-rerun-20260415-020401-g5-opt27b-c512-1024/raw/points/prefill/prefill-facebook-opt-2-7b-chunk-1024-sm-8.csv
facebook/opt-2.7b,1024,gemm,fc1,8,1,649.2159962654114,208843776,229815296,20971520,20971520,1024,2026-04-15T01:04:35Z,baseline_nvml_pt,nvidia-smi,ok,1.0,2518.0,1695.0,7601.0,63.65,0.6840320229530334,219.1689453125,219.1689453125,20.0,True,,79.0,62.5,67.5,estimated,,prefill-facebook-opt-2-7b-chunk-1024-sm-8,success,,,/mnt/data/dheeraj/dicertation/inference-profile/runs/revised-rerun-20260415-020401-g5-opt27b-c512-1024/raw/points/prefill/prefill-facebook-opt-2-7b-chunk-1024-sm-8.csv
facebook/opt-2.7b,1024,gemm,fc2,8,1,678.9119839668274,208843776,214086656,5242880,5242880,1024,2026-04-15T01:04:35Z,baseline_nvml_pt,nvidia-smi,ok,1.0,2518.0,1695.0,7601.0,63.65,0.6840320229530334,219.1689453125,219.1689453125,20.0,True,,79.0,62.5,67.5,estimated,,prefill-facebook-opt-2-7b-chunk-1024-sm-8,success,,,/mnt/data/dheeraj/dicertation/inference-profile/runs/revised-rerun-20260415-020401-g5-opt27b-c512-1024/raw/points/prefill/prefill-facebook-opt-2-7b-chunk-1024-sm-8.csv
facebook/opt-2.7b,1024,attention,attention,8,1,202.7519941329956,208843776,214218752,5374976,5242880,1024,2026-04-15T01:04:35Z,baseline_nvml_pt,nvidia-smi,ok,1.0,2518.0,1695.0,7601.0,63.65,0.6840320229530334,219.1689453125,219.1689453125,20.0,True,,79.0,62.5,67.5,estimated,,prefill-facebook-opt-2-7b-chunk-1024-sm-8,success,,,/mnt/data/dheeraj/dicertation/inference-profile/runs/revised-rerun-20260415-020401-g5-opt27b-c512-1024/raw/points/prefill/prefill-facebook-opt-2-7b-chunk-1024-sm-8.csv
facebook/opt-2.7b,1024,gemm,q_proj,8,2,228.19200158119202,208843776,214086656,5242880,5242880,1024,2026-04-15T01:04:35Z,baseline_nvml_pt,nvidia-smi,ok,1.0,2518.0,1695.0,7601.0,63.65,0.6840320229530334,219.1689453125,219.1689453125,20.0,True,,79.0,62.5,67.5,estimated,,prefill-facebook-opt-2-7b-chunk-1024-sm-8,success,,,/mnt/data/dheeraj/dicertation/inference-profile/runs/revised-rerun-20260415-020401-g5-opt27b-c512-1024/raw/points/prefill/prefill-facebook-opt-2-7b-chunk-1024-sm-8.csv
facebook/opt-2.7b,1024,gemm,k_proj,8,2,234.49599742889404,208843776,214086656,5242880,5242880,1024,2026-04-15T01:04:35Z,baseline_nvml_pt,nvidia-smi,ok,1.0,2518.0,1695.0,7601.0,63.65,0.6840320229530334,219.1689453125,219.1689453125,20.0,True,,79.0,62.5,67.5,estimated,,prefill-facebook-opt-2-7b-chunk-1024-sm-8,success,,,/mnt/data/dheeraj/dicertation/inference-profile/runs/revised-rerun-20260415-020401-g5-opt27b-c512-1024/raw/points/prefill/prefill-facebook-opt-2-7b-chunk-1024-sm-8.csv
facebook/opt-2.7b,1024,gemm,v_proj,8,2,222.20799326896667,208843776,214086656,5242880,5242880,1024,2026-04-15T01:04:35Z,baseline_nvml_pt,nvidia-smi,ok,1.0,2518.0,1695.0,7601.0,63.65,0.6840320229530334,219.1689453125,219.1689453125,20.0,True,,79.0,62.5,67.5,estimated,,prefill-facebook-opt-2-7b-chunk-1024-sm-8,success,,,/mnt/data/dheeraj/dicertation/inference-profile/runs/revised-rerun-20260415-020401-g5-opt27b-c512-1024/raw/points/prefill/prefill-facebook-opt-2-7b-chunk-1024-sm-8.csv
facebook/opt-2.7b,1024,gemm,out_proj,8,2,223.23200106620789,208843776,214086656,5242880,5242880,1024,2026-04-15T01:04:35Z,baseline_nvml_pt,nvidia-smi,ok,1.0,2518.0,1695.0,7601.0,63.65,0.6840320229530334,219.1689453125,219.1689453125,20.0,True,,79.0,62.5,67.5,estimated,,prefill-facebook-opt-2-7b-chunk-1024-sm-8,success,,,/mnt/data/dheeraj/dicertation/inference-profile/runs/revised-rerun-20260415-020401-g5-opt27b-c512-1024/raw/points/prefill/prefill-facebook-opt-2-7b-chunk-1024-sm-8.csv
facebook/opt-2.7b,1024,gemm,fc1,8,2,653.3120274543762,208843776,229815296,20971520,20971520,1024,2026-04-15T01:04:35Z,baseline_nvml_pt,nvidia-smi,ok,1.0,2518.0,1695.0,7601.0,63.65,0.6840320229530334,219.1689453125,219.1689453125,20.0,True,,79.0,62.5,67.5,estimated,,prefill-facebook-opt-2-7b-chunk-1024-sm-8,success,,,/mnt/data/dheeraj/dicertation/inference-profile/runs/revised-rerun-20260415-020401-g5-opt27b-c512-1024/raw/points/prefill/prefill-facebook-opt-2-7b-chunk-1024-sm-8.csv
facebook/opt-2.7b,1024,gemm,fc2,8,2,679.8080205917358,208843776,214086656,5242880,5242880,1024,2026-04-15T01:04:35Z,baseline_nvml_pt,nvidia-smi,ok,1.0,2518.0,1695.0,7601.0,63.65,0.6840320229530334,219.1689453125,219.1689453125,20.0,True,,79.0,62.5,67.5,estimated,,prefill-facebook-opt-2-7b-chunk-1024-sm-8,success,,,/mnt/data/dheeraj/dicertation/inference-profile/runs/revised-rerun-20260415-020401-g5-opt27b-c512-1024/raw/points/prefill/prefill-facebook-opt-2-7b-chunk-1024-sm-8.csv
facebook/opt-2.7b,1024,attention,attention,8,2,209.1200053691864,208843776,214218752,5374976,5242880,1024,2026-04-15T01:04:35Z,baseline_nvml_pt,nvidia-smi,ok,1.0,2518.0,1695.0,7601.0,63.65,0.6840320229530334,219.1689453125,219.1689453125,20.0,True,,79.0,62.5,67.5,estimated,,prefill-facebook-opt-2-7b-chunk-1024-sm-8,success,,,/mnt/data/dheeraj/dicertation/inference-profile/runs/revised-rerun-20260415-020401-g5-opt27b-c512-1024/raw/points/prefill/prefill-facebook-opt-2-7b-chunk-1024-sm-8.csv
facebook/opt-2.7b,1024,gemm,q_proj,8,3,226.30399465560913,208843776,214086656,5242880,5242880,1024,2026-04-15T01:04:35Z,baseline_nvml_pt,nvidia-smi,ok,1.0,2518.0,1695.0,7601.0,63.65,0.6840320229530334,219.1689453125,219.1689453125,20.0,True,,79.0,62.5,67.5,estimated,,prefill-facebook-opt-2-7b-chunk-1024-sm-8,success,,,/mnt/data/dheeraj/dicertation/inference-profile/runs/revised-rerun-20260415-020401-g5-opt27b-c512-1024/raw/points/prefill/prefill-facebook-opt-2-7b-chunk-1024-sm-8.csv
facebook/opt-2.7b,1024,gemm,k_proj,8,3,224.12799298763275,208843776,214086656,5242880,5242880,1024,2026-04-15T01:04:35Z,baseline_nvml_pt,nvidia-smi,ok,1.0,2518.0,1695.0,7601.0,63.65,0.6840320229530334,219.1689453125,219.1689453125,20.0,True,,79.0,62.5,67.5,estimated,,prefill-facebook-opt-2-7b-chunk-1024-sm-8,success,,,/mnt/data/dheeraj/dicertation/inference-profile/runs/revised-rerun-20260415-020401-g5-opt27b-c512-1024/raw/points/prefill/prefill-facebook-opt-2-7b-chunk-1024-sm-8.csv
facebook/opt-2.7b,1024,gemm,v_proj,8,3,222.20799326896667,208843776,214086656,5242880,5242880,1024,2026-04-15T01:04:35Z,baseline_nvml_pt,nvidia-smi,ok,1.0,2518.0,1695.0,7601.0,63.65,0.6840320229530334,219.1689453125,219.1689453125,20.0,True,,79.0,62.5,67.5,estimated,,prefill-facebook-opt-2-7b-chunk-1024-sm-8,success,,,/mnt/data/dheeraj/dicertation/inference-profile/runs/revised-rerun-20260415-020401-g5-opt27b-c512-1024/raw/points/prefill/prefill-facebook-opt-2-7b-chunk-1024-sm-8.csv
facebook/opt-2.7b,1024,gemm,out_proj,8,3,223.23200106620789,208843776,214086656,5242880,5242880,1024,2026-04-15T01:04:35Z,baseline_nvml_pt,nvidia-smi,ok,1.0,2518.0,1695.0,7601.0,63.65,0.6840320229530334,219.1689453125,219.1689453125,20.0,True,,79.0,62.5,67.5,estimated,,prefill-facebook-opt-2-7b-chunk-1024-sm-8,success,,,/mnt/data/dheeraj/dicertation/inference-profile/runs/revised-rerun-20260415-020401-g5-opt27b-c512-1024/raw/points/prefill/prefill-facebook-opt-2-7b-chunk-1024-sm-8.csv
facebook/opt-2.7b,1024,gemm,fc1,8,3,646.8799710273743,208843776,229815296,20971520,20971520,1024,2026-04-15T01:04:35Z,baseline_nvml_pt,nvidia-smi,ok,1.0,2518.0,1695.0,7601.0,63.65,0.6840320229530334,219.1689453125,219.1689453125,20.0,True,,79.0,62.5,67.5,estimated,,prefill-facebook-opt-2-7b-chunk-1024-sm-8,success,,,/mnt/data/dheeraj/dicertation/inference-profile/runs/revised-rerun-20260415-020401-g5-opt27b-c512-1024/raw/points/prefill/prefill-facebook-opt-2-7b-chunk-1024-sm-8.csv
facebook/opt-2.7b,1024,gemm,fc2,8,3,678.9119839668274,208843776,214086656,5242880,5242880,1024,2026-04-15T01:04:35Z,baseline_nvml_pt,nvidia-smi,ok,1.0,2518.0,1695.0,7601.0,63.65,0.6840320229530334,219.1689453125,219.1689453125,20.0,True,,79.0,62.5,67.5,estimated,,prefill-facebook-opt-2-7b-chunk-1024-sm-8,success,,,/mnt/data/dheeraj/dicertation/inference-profile/runs/revised-rerun-20260415-020401-g5-opt27b-c512-1024/raw/points/prefill/prefill-facebook-opt-2-7b-chunk-1024-sm-8.csv
facebook/opt-2.7b,1024,attention,attention,8,3,207.8080028295517,208843776,214218752,5374976,5242880,1024,2026-04-15T01:04:35Z,baseline_nvml_pt,nvidia-smi,ok,1.0,2518.0,1695.0,7601.0,63.65,0.6840320229530334,219.1689453125,219.1689453125,20.0,True,,79.0,62.5,67.5,estimated,,prefill-facebook-opt-2-7b-chunk-1024-sm-8,success,,,/mnt/data/dheeraj/dicertation/inference-profile/runs/revised-rerun-20260415-020401-g5-opt27b-c512-1024/raw/points/prefill/prefill-facebook-opt-2-7b-chunk-1024-sm-8.csv
facebook/opt-2.7b,1024,gemm,q_proj,8,4,229.37600314617157,208843776,214086656,5242880,5242880,1024,2026-04-15T01:04:35Z,baseline_nvml_pt,nvidia-smi,ok,1.0,2518.0,1695.0,7601.0,63.65,0.6840320229530334,219.1689453125,219.1689453125,20.0,True,,79.0,62.5,67.5,estimated,,prefill-facebook-opt-2-7b-chunk-1024-sm-8,success,,,/mnt/data/dheeraj/dicertation/inference-profile/runs/revised-rerun-20260415-020401-g5-opt27b-c512-1024/raw/points/prefill/prefill-facebook-opt-2-7b-chunk-1024-sm-8.csv
facebook/opt-2.7b,1024,gemm,k_proj,8,4,224.2559939622879,208843776,214086656,5242880,5242880,1024,2026-04-15T01:04:35Z,baseline_nvml_pt,nvidia-smi,ok,1.0,2518.0,1695.0,7601.0,63.65,0.6840320229530334,219.1689453125,219.1689453125,20.0,True,,79.0,62.5,67.5,estimated,,prefill-facebook-opt-2-7b-chunk-1024-sm-8,success,,,/mnt/data/dheeraj/dicertation/inference-profile/runs/revised-rerun-20260415-020401-g5-opt27b-c512-1024/raw/points/prefill/prefill-facebook-opt-2-7b-chunk-1024-sm-8.csv
facebook/opt-2.7b,1024,gemm,v_proj,8,4,223.23200106620789,208843776,214086656,5242880,5242880,1024,2026-04-15T01:04:35Z,baseline_nvml_pt,nvidia-smi,ok,1.0,2518.0,1695.0,7601.0,63.65,0.6840320229530334,219.1689453125,219.1689453125,20.0,True,,79.0,62.5,67.5,estimated,,prefill-facebook-opt-2-7b-chunk-1024-sm-8,success,,,/mnt/data/dheeraj/dicertation/inference-profile/runs/revised-rerun-20260415-020401-g5-opt27b-c512-1024/raw/points/prefill/prefill-facebook-opt-2-7b-chunk-1024-sm-8.csv
facebook/opt-2.7b,1024,gemm,out_proj,8,4,223.07200729846954,208843776,214086656,5242880,5242880,1024,2026-04-15T01:04:35Z,baseline_nvml_pt,nvidia-smi,ok,1.0,2518.0,1695.0,7601.0,63.65,0.6840320229530334,219.1689453125,219.1689453125,20.0,True,,79.0,62.5,67.5,estimated,,prefill-facebook-opt-2-7b-chunk-1024-sm-8,success,,,/mnt/data/dheeraj/dicertation/inference-profile/runs/revised-rerun-20260415-020401-g5-opt27b-c512-1024/raw/points/prefill/prefill-facebook-opt-2-7b-chunk-1024-sm-8.csv
facebook/opt-2.7b,1024,gemm,fc1,8,4,653.3120274543762,208843776,229815296,20971520,20971520,1024,2026-04-15T01:04:35Z,baseline_nvml_pt,nvidia-smi,ok,1.0,2518.0,1695.0,7601.0,63.65,0.6840320229530334,219.1689453125,219.1689453125,20.0,True,,79.0,62.5,67.5,estimated,,prefill-facebook-opt-2-7b-chunk-1024-sm-8,success,,,/mnt/data/dheeraj/dicertation/inference-profile/runs/revised-rerun-20260415-020401-g5-opt27b-c512-1024/raw/points/prefill/prefill-facebook-opt-2-7b-chunk-1024-sm-8.csv
facebook/opt-2.7b,1024,gemm,fc2,8,4,679.8400282859802,208843776,214086656,5242880,5242880,1024,2026-04-15T01:04:35Z,baseline_nvml_pt,nvidia-smi,ok,1.0,2518.0,1695.0,7601.0,63.65,0.6840320229530334,219.1689453125,219.1689453125,20.0,True,,79.0,62.5,67.5,estimated,,prefill-facebook-opt-2-7b-chunk-1024-sm-8,success,,,/mnt/data/dheeraj/dicertation/inference-profile/runs/revised-rerun-20260415-020401-g5-opt27b-c512-1024/raw/points/prefill/prefill-facebook-opt-2-7b-chunk-1024-sm-8.csv
facebook/opt-2.7b,1024,attention,attention,8,4,206.84799551963806,208843776,214218752,5374976,5242880,1024,2026-04-15T01:04:35Z,baseline_nvml_pt,nvidia-smi,ok,1.0,2518.0,1695.0,7601.0,63.65,0.6840320229530334,219.1689453125,219.1689453125,20.0,True,,79.0,62.5,67.5,estimated,,prefill-facebook-opt-2-7b-chunk-1024-sm-8,success,,,/mnt/data/dheeraj/dicertation/inference-profile/runs/revised-rerun-20260415-020401-g5-opt27b-c512-1024/raw/points/prefill/prefill-facebook-opt-2-7b-chunk-1024-sm-8.csv
facebook/opt-2.7b,1024,gemm,q_proj,16,0,246.7840015888214,208843776,214086656,5242880,5242880,1024,2026-04-15T01:04:41Z,baseline_nvml_pt,nvidia-smi,ok,0.0,2518.0,1695.0,7601.0,64.19,0.6839359998703003,219.1689453125,219.1689453125,20.0,True,,86.0,57.00000000000001,75.0,estimated,,prefill-facebook-opt-2-7b-chunk-1024-sm-16,success,,,/mnt/data/dheeraj/dicertation/inference-profile/runs/revised-rerun-20260415-020401-g5-opt27b-c512-1024/raw/points/prefill/prefill-facebook-opt-2-7b-chunk-1024-sm-16.csv
facebook/opt-2.7b,1024,gemm,k_proj,16,0,231.4240038394928,208843776,214086656,5242880,5242880,1024,2026-04-15T01:04:41Z,baseline_nvml_pt,nvidia-smi,ok,0.0,2518.0,1695.0,7601.0,64.19,0.6839359998703003,219.1689453125,219.1689453125,20.0,True,,86.0,57.00000000000001,75.0,estimated,,prefill-facebook-opt-2-7b-chunk-1024-sm-16,success,,,/mnt/data/dheeraj/dicertation/inference-profile/runs/revised-rerun-20260415-020401-g5-opt27b-c512-1024/raw/points/prefill/prefill-facebook-opt-2-7b-chunk-1024-sm-16.csv
facebook/opt-2.7b,1024,gemm,v_proj,16,0,226.04799270629883,208843776,214086656,5242880,5242880,1024,2026-04-15T01:04:41Z,baseline_nvml_pt,nvidia-smi,ok,0.0,2518.0,1695.0,7601.0,64.19,0.6839359998703003,219.1689453125,219.1689453125,20.0,True,,86.0,57.00000000000001,75.0,estimated,,prefill-facebook-opt-2-7b-chunk-1024-sm-16,success,,,/mnt/data/dheeraj/dicertation/inference-profile/runs/revised-rerun-20260415-020401-g5-opt27b-c512-1024/raw/points/prefill/prefill-facebook-opt-2-7b-chunk-1024-sm-16.csv
facebook/opt-2.7b,1024,gemm,out_proj,16,0,223.23200106620789,208843776,214086656,5242880,5242880,1024,2026-04-15T01:04:41Z,baseline_nvml_pt,nvidia-smi,ok,0.0,2518.0,1695.0,7601.0,64.19,0.6839359998703003,219.1689453125,219.1689453125,20.0,True,,86.0,57.00000000000001,75.0,estimated,,prefill-facebook-opt-2-7b-chunk-1024-sm-16,success,,,/mnt/data/dheeraj/dicertation/inference-profile/runs/revised-rerun-20260415-020401-g5-opt27b-c512-1024/raw/points/prefill/prefill-facebook-opt-2-7b-chunk-1024-sm-16.csv
facebook/opt-2.7b,1024,gemm,fc1,16,0,654.3359756469727,208843776,229815296,20971520,20971520,1024,2026-04-15T01:04:41Z,baseline_nvml_pt,nvidia-smi,ok,0.0,2518.0,1695.0,7601.0,64.19,0.6839359998703003,219.1689453125,219.1689453125,20.0,True,,86.0,57.00000000000001,75.0,estimated,,prefill-facebook-opt-2-7b-chunk-1024-sm-16,success,,,/mnt/data/dheeraj/dicertation/inference-profile/runs/revised-rerun-20260415-020401-g5-opt27b-c512-1024/raw/points/prefill/prefill-facebook-opt-2-7b-chunk-1024-sm-16.csv
facebook/opt-2.7b,1024,gemm,fc2,16,0,678.9119839668274,208843776,214086656,5242880,5242880,1024,2026-04-15T01:04:41Z,baseline_nvml_pt,nvidia-smi,ok,0.0,2518.0,1695.0,7601.0,64.19,0.6839359998703003,219.1689453125,219.1689453125,20.0,True,,86.0,57.00000000000001,75.0,estimated,,prefill-facebook-opt-2-7b-chunk-1024-sm-16,success,,,/mnt/data/dheeraj/dicertation/inference-profile/runs/revised-rerun-20260415-020401-g5-opt27b-c512-1024/raw/points/prefill/prefill-facebook-opt-2-7b-chunk-1024-sm-16.csv
facebook/opt-2.7b,1024,attention,attention,16,0,202.7519941329956,208843776,214218752,5374976,5242880,1024,2026-04-15T01:04:41Z,baseline_nvml_pt,nvidia-smi,ok,0.0,2518.0,1695.0,7601.0,64.19,0.6839359998703003,219.1689453125,219.1689453125,20.0,True,,86.0,57.00000000000001,75.0,estimated,,prefill-facebook-opt-2-7b-chunk-1024-sm-16,success,,,/mnt/data/dheeraj/dicertation/inference-profile/runs/revised-rerun-20260415-020401-g5-opt27b-c512-1024/raw/points/prefill/prefill-facebook-opt-2-7b-chunk-1024-sm-16.csv
facebook/opt-2.7b,1024,gemm,q_proj,16,1,227.32800245285034,208843776,214086656,5242880,5242880,1024,2026-04-15T01:04:41Z,baseline_nvml_pt,nvidia-smi,ok,0.0,2518.0,1695.0,7601.0,64.19,0.6839359998703003,219.1689453125,219.1689453125,20.0,True,,86.0,57.00000000000001,75.0,estimated,,prefill-facebook-opt-2-7b-chunk-1024-sm-16,success,,,/mnt/data/dheeraj/dicertation/inference-profile/runs/revised-rerun-20260415-020401-g5-opt27b-c512-1024/raw/points/prefill/prefill-facebook-opt-2-7b-chunk-1024-sm-16.csv
facebook/opt-2.7b,1024,gemm,k_proj,16,1,224.2240011692047,208843776,214086656,5242880,5242880,1024,2026-04-15T01:04:41Z,baseline_nvml_pt,nvidia-smi,ok,0.0,2518.0,1695.0,7601.0,64.19,0.6839359998703003,219.1689453125,219.1689453125,20.0,True,,86.0,57.00000000000001,75.0,estimated,,prefill-facebook-opt-2-7b-chunk-1024-sm-16,success,,,/mnt/data/dheeraj/dicertation/inference-profile/runs/revised-rerun-20260415-020401-g5-opt27b-c512-1024/raw/points/prefill/prefill-facebook-opt-2-7b-chunk-1024-sm-16.csv
facebook/opt-2.7b,1024,gemm,v_proj,16,1,221.18400037288666,208843776,214086656,5242880,5242880,1024,2026-04-15T01:04:41Z,baseline_nvml_pt,nvidia-smi,ok,0.0,2518.0,1695.0,7601.0,64.19,0.6839359998703003,219.1689453125,219.1689453125,20.0,True,,86.0,57.00000000000001,75.0,estimated,,prefill-facebook-opt-2-7b-chunk-1024-sm-16,success,,,/mnt/data/dheeraj/dicertation/inference-profile/runs/revised-rerun-20260415-020401-g5-opt27b-c512-1024/raw/points/prefill/prefill-facebook-opt-2-7b-chunk-1024-sm-16.csv
facebook/opt-2.7b,1024,gemm,out_proj,16,1,222.20799326896667,208843776,214086656,5242880,5242880,1024,2026-04-15T01:04:41Z,baseline_nvml_pt,nvidia-smi,ok,0.0,2518.0,1695.0,7601.0,64.19,0.6839359998703003,219.1689453125,219.1689453125,20.0,True,,86.0,57.00000000000001,75.0,estimated,,prefill-facebook-opt-2-7b-chunk-1024-sm-16,success,,,/mnt/data/dheeraj/dicertation/inference-profile/runs/revised-rerun-20260415-020401-g5-opt27b-c512-1024/raw/points/prefill/prefill-facebook-opt-2-7b-chunk-1024-sm-16.csv
facebook/opt-2.7b,1024,gemm,fc1,16,1,646.1759805679321,208843776,229815296,20971520,20971520,1024,2026-04-15T01:04:41Z,baseline_nvml_pt,nvidia-smi,ok,0.0,2518.0,1695.0,7601.0,64.19,0.6839359998703003,219.1689453125,219.1689453125,20.0,True,,86.0,57.00000000000001,75.0,estimated,,prefill-facebook-opt-2-7b-chunk-1024-sm-16,success,,,/mnt/data/dheeraj/dicertation/inference-profile/runs/revised-rerun-20260415-020401-g5-opt27b-c512-1024/raw/points/prefill/prefill-facebook-opt-2-7b-chunk-1024-sm-16.csv
facebook/opt-2.7b,1024,gemm,fc2,16,1,678.9119839668274,208843776,214086656,5242880,5242880,1024,2026-04-15T01:04:41Z,baseline_nvml_pt,nvidia-smi,ok,0.0,2518.0,1695.0,7601.0,64.19,0.6839359998703003,219.1689453125,219.1689453125,20.0,True,,86.0,57.00000000000001,75.0,estimated,,prefill-facebook-opt-2-7b-chunk-1024-sm-16,success,,,/mnt/data/dheeraj/dicertation/inference-profile/runs/revised-rerun-20260415-020401-g5-opt27b-c512-1024/raw/points/prefill/prefill-facebook-opt-2-7b-chunk-1024-sm-16.csv
facebook/opt-2.7b,1024,attention,attention,16,1,200.70399343967438,208843776,214218752,5374976,5242880,1024,2026-04-15T01:04:41Z,baseline_nvml_pt,nvidia-smi,ok,0.0,2518.0,1695.0,7601.0,64.19,0.6839359998703003,219.1689453125,219.1689453125,20.0,True,,86.0,57.00000000000001,75.0,estimated,,prefill-facebook-opt-2-7b-chunk-1024-sm-16,success,,,/mnt/data/dheeraj/dicertation/inference-profile/runs/revised-rerun-20260415-020401-g5-opt27b-c512-1024/raw/points/prefill/prefill-facebook-opt-2-7b-chunk-1024-sm-16.csv
facebook/opt-2.7b,1024,gemm,q_proj,16,2,227.1679937839508,208843776,214086656,5242880,5242880,1024,2026-04-15T01:04:41Z,baseline_nvml_pt,nvidia-smi,ok,0.0,2518.0,1695.0,7601.0,64.19,0.6839359998703003,219.1689453125,219.1689453125,20.0,True,,86.0,57.00000000000001,75.0,estimated,,prefill-facebook-opt-2-7b-chunk-1024-sm-16,success,,,/mnt/data/dheeraj/dicertation/inference-profile/runs/revised-rerun-20260415-020401-g5-opt27b-c512-1024/raw/points/prefill/prefill-facebook-opt-2-7b-chunk-1024-sm-16.csv
facebook/opt-2.7b,1024,gemm,k_proj,16,2,229.37600314617157,208843776,214086656,5242880,5242880,1024,2026-04-15T01:04:41Z,baseline_nvml_pt,nvidia-smi,ok,0.0,2518.0,1695.0,7601.0,64.19,0.6839359998703003,219.1689453125,219.1689453125,20.0,True,,86.0,57.00000000000001,75.0,estimated,,prefill-facebook-opt-2-7b-chunk-1024-sm-16,success,,,/mnt/data/dheeraj/dicertation/inference-profile/runs/revised-rerun-20260415-020401-g5-opt27b-c512-1024/raw/points/prefill/prefill-facebook-opt-2-7b-chunk-1024-sm-16.csv
facebook/opt-2.7b,1024,gemm,v_proj,16,2,234.49599742889404,208843776,214086656,5242880,5242880,1024,2026-04-15T01:04:41Z,baseline_nvml_pt,nvidia-smi,ok,0.0,2518.0,1695.0,7601.0,64.19,0.6839359998703003,219.1689453125,219.1689453125,20.0,True,,86.0,57.00000000000001,75.0,estimated,,prefill-facebook-opt-2-7b-chunk-1024-sm-16,success,,,/mnt/data/dheeraj/dicertation/inference-profile/runs/revised-rerun-20260415-020401-g5-opt27b-c512-1024/raw/points/prefill/prefill-facebook-opt-2-7b-chunk-1024-sm-16.csv
facebook/opt-2.7b,1024,gemm,out_proj,16,2,220.89600563049316,208843776,214086656,5242880,5242880,1024,2026-04-15T01:04:41Z,baseline_nvml_pt,nvidia-smi,ok,0.0,2518.0,1695.0,7601.0,64.19,0.6839359998703003,219.1689453125,219.1689453125,20.0,True,,86.0,57.00000000000001,75.0,estimated,,prefill-facebook-opt-2-7b-chunk-1024-sm-16,success,,,/mnt/data/dheeraj/dicertation/inference-profile/runs/revised-rerun-20260415-020401-g5-opt27b-c512-1024/raw/points/prefill/prefill-facebook-opt-2-7b-chunk-1024-sm-16.csv
facebook/opt-2.7b,1024,gemm,fc1,16,2,648.1919884681702,208843776,229815296,20971520,20971520,1024,2026-04-15T01:04:41Z,baseline_nvml_pt,nvidia-smi,ok,0.0,2518.0,1695.0,7601.0,64.19,0.6839359998703003,219.1689453125,219.1689453125,20.0,True,,86.0,57.00000000000001,75.0,estimated,,prefill-facebook-opt-2-7b-chunk-1024-sm-16,success,,,/mnt/data/dheeraj/dicertation/inference-profile/runs/revised-rerun-20260415-020401-g5-opt27b-c512-1024/raw/points/prefill/prefill-facebook-opt-2-7b-chunk-1024-sm-16.csv
facebook/opt-2.7b,1024,gemm,fc2,16,2,683.9359998703003,208843776,214086656,5242880,5242880,1024,2026-04-15T01:04:41Z,baseline_nvml_pt,nvidia-smi,ok,0.0,2518.0,1695.0,7601.0,64.19,0.6839359998703003,219.1689453125,219.1689453125,20.0,True,,86.0,57.00000000000001,75.0,estimated,,prefill-facebook-opt-2-7b-chunk-1024-sm-16,success,,,/mnt/data/dheeraj/dicertation/inference-profile/runs/revised-rerun-20260415-020401-g5-opt27b-c512-1024/raw/points/prefill/prefill-facebook-opt-2-7b-chunk-1024-sm-16.csv
facebook/opt-2.7b,1024,attention,attention,16,2,200.57600736618042,208843776,214218752,5374976,5242880,1024,2026-04-15T01:04:41Z,baseline_nvml_pt,nvidia-smi,ok,0.0,2518.0,1695.0,7601.0,64.19,0.6839359998703003,219.1689453125,219.1689453125,20.0,True,,86.0,57.00000000000001,75.0,estimated,,prefill-facebook-opt-2-7b-chunk-1024-sm-16,success,,,/mnt/data/dheeraj/dicertation/inference-profile/runs/revised-rerun-20260415-020401-g5-opt27b-c512-1024/raw/points/prefill/prefill-facebook-opt-2-7b-chunk-1024-sm-16.csv
facebook/opt-2.7b,1024,gemm,q_proj,16,3,226.30399465560913,208843776,214086656,5242880,5242880,1024,2026-04-15T01:04:41Z,baseline_nvml_pt,nvidia-smi,ok,0.0,2518.0,1695.0,7601.0,64.19,0.6839359998703003,219.1689453125,219.1689453125,20.0,True,,86.0,57.00000000000001,75.0,estimated,,prefill-facebook-opt-2-7b-chunk-1024-sm-16,success,,,/mnt/data/dheeraj/dicertation/inference-profile/runs/revised-rerun-20260415-020401-g5-opt27b-c512-1024/raw/points/prefill/prefill-facebook-opt-2-7b-chunk-1024-sm-16.csv
facebook/opt-2.7b,1024,gemm,k_proj,16,3,222.20799326896667,208843776,214086656,5242880,5242880,1024,2026-04-15T01:04:41Z,baseline_nvml_pt,nvidia-smi,ok,0.0,2518.0,1695.0,7601.0,64.19,0.6839359998703003,219.1689453125,219.1689453125,20.0,True,,86.0,57.00000000000001,75.0,estimated,,prefill-facebook-opt-2-7b-chunk-1024-sm-16,success,,,/mnt/data/dheeraj/dicertation/inference-profile/runs/revised-rerun-20260415-020401-g5-opt27b-c512-1024/raw/points/prefill/prefill-facebook-opt-2-7b-chunk-1024-sm-16.csv
facebook/opt-2.7b,1024,gemm,v_proj,16,3,223.23200106620789,208843776,214086656,5242880,5242880,1024,2026-04-15T01:04:41Z,baseline_nvml_pt,nvidia-smi,ok,0.0,2518.0,1695.0,7601.0,64.19,0.6839359998703003,219.1689453125,219.1689453125,20.0,True,,86.0,57.00000000000001,75.0,estimated,,prefill-facebook-opt-2-7b-chunk-1024-sm-16,success,,,/mnt/data/dheeraj/dicertation/inference-profile/runs/revised-rerun-20260415-020401-g5-opt27b-c512-1024/raw/points/prefill/prefill-facebook-opt-2-7b-chunk-1024-sm-16.csv
facebook/opt-2.7b,1024,gemm,out_proj,16,3,221.18400037288666,208843776,214086656,5242880,5242880,1024,2026-04-15T01:04:41Z,baseline_nvml_pt,nvidia-smi,ok,0.0,2518.0,1695.0,7601.0,64.19,0.6839359998703003,219.1689453125,219.1689453125,20.0,True,,86.0,57.00000000000001,75.0,estimated,,prefill-facebook-opt-2-7b-chunk-1024-sm-16,success,,,/mnt/data/dheeraj/dicertation/inference-profile/runs/revised-rerun-20260415-020401-g5-opt27b-c512-1024/raw/points/prefill/prefill-facebook-opt-2-7b-chunk-1024-sm-16.csv
facebook/opt-2.7b,1024,gemm,fc1,16,3,646.1439728736877,208843776,229815296,20971520,20971520,1024,2026-04-15T01:04:41Z,baseline_nvml_pt,nvidia-smi,ok,0.0,2518.0,1695.0,7601.0,64.19,0.6839359998703003,219.1689453125,219.1689453125,20.0,True,,86.0,57.00000000000001,75.0,estimated,,prefill-facebook-opt-2-7b-chunk-1024-sm-16,success,,,/mnt/data/dheeraj/dicertation/inference-profile/runs/revised-rerun-20260415-020401-g5-opt27b-c512-1024/raw/points/prefill/prefill-facebook-opt-2-7b-chunk-1024-sm-16.csv
facebook/opt-2.7b,1024,gemm,fc2,16,3,677.8879761695862,208843776,214086656,5242880,5242880,1024,2026-04-15T01:04:41Z,baseline_nvml_pt,nvidia-smi,ok,0.0,2518.0,1695.0,7601.0,64.19,0.6839359998703003,219.1689453125,219.1689453125,20.0,True,,86.0,57.00000000000001,75.0,estimated,,prefill-facebook-opt-2-7b-chunk-1024-sm-16,success,,,/mnt/data/dheeraj/dicertation/inference-profile/runs/revised-rerun-20260415-020401-g5-opt27b-c512-1024/raw/points/prefill/prefill-facebook-opt-2-7b-chunk-1024-sm-16.csv
facebook/opt-2.7b,1024,attention,attention,16,3,199.48799908161163,208843776,214218752,5374976,5242880,1024,2026-04-15T01:04:41Z,baseline_nvml_pt,nvidia-smi,ok,0.0,2518.0,1695.0,7601.0,64.19,0.6839359998703003,219.1689453125,219.1689453125,20.0,True,,86.0,57.00000000000001,75.0,estimated,,prefill-facebook-opt-2-7b-chunk-1024-sm-16,success,,,/mnt/data/dheeraj/dicertation/inference-profile/runs/revised-rerun-20260415-020401-g5-opt27b-c512-1024/raw/points/prefill/prefill-facebook-opt-2-7b-chunk-1024-sm-16.csv
facebook/opt-2.7b,1024,gemm,q_proj,16,4,226.30399465560913,208843776,214086656,5242880,5242880,1024,2026-04-15T01:04:41Z,baseline_nvml_pt,nvidia-smi,ok,0.0,2518.0,1695.0,7601.0,64.19,0.6839359998703003,219.1689453125,219.1689453125,20.0,True,,86.0,57.00000000000001,75.0,estimated,,prefill-facebook-opt-2-7b-chunk-1024-sm-16,success,,,/mnt/data/dheeraj/dicertation/inference-profile/runs/revised-rerun-20260415-020401-g5-opt27b-c512-1024/raw/points/prefill/prefill-facebook-opt-2-7b-chunk-1024-sm-16.csv
facebook/opt-2.7b,1024,gemm,k_proj,16,4,221.18400037288666,208843776,214086656,5242880,5242880,1024,2026-04-15T01:04:41Z,baseline_nvml_pt,nvidia-smi,ok,0.0,2518.0,1695.0,7601.0,64.19,0.6839359998703003,219.1689453125,219.1689453125,20.0,True,,86.0,57.00000000000001,75.0,estimated,,prefill-facebook-opt-2-7b-chunk-1024-sm-16,success,,,/mnt/data/dheeraj/dicertation/inference-profile/runs/revised-rerun-20260415-020401-g5-opt27b-c512-1024/raw/points/prefill/prefill-facebook-opt-2-7b-chunk-1024-sm-16.csv
facebook/opt-2.7b,1024,gemm,v_proj,16,4,221.18400037288666,208843776,214086656,5242880,5242880,1024,2026-04-15T01:04:41Z,baseline_nvml_pt,nvidia-smi,ok,0.0,2518.0,1695.0,7601.0,64.19,0.6839359998703003,219.1689453125,219.1689453125,20.0,True,,86.0,57.00000000000001,75.0,estimated,,prefill-facebook-opt-2-7b-chunk-1024-sm-16,success,,,/mnt/data/dheeraj/dicertation/inference-profile/runs/revised-rerun-20260415-020401-g5-opt27b-c512-1024/raw/points/prefill/prefill-facebook-opt-2-7b-chunk-1024-sm-16.csv
facebook/opt-2.7b,1024,gemm,out_proj,16,4,220.32000124454498,208843776,214086656,5242880,5242880,1024,2026-04-15T01:04:41Z,baseline_nvml_pt,nvidia-smi,ok,0.0,2518.0,1695.0,7601.0,64.19,0.6839359998703003,219.1689453125,219.1689453125,20.0,True,,86.0,57.00000000000001,75.0,estimated,,prefill-facebook-opt-2-7b-chunk-1024-sm-16,success,,,/mnt/data/dheeraj/dicertation/inference-profile/runs/revised-rerun-20260415-020401-g5-opt27b-c512-1024/raw/points/prefill/prefill-facebook-opt-2-7b-chunk-1024-sm-16.csv
facebook/opt-2.7b,1024,gemm,fc1,16,4,646.1439728736877,208843776,229815296,20971520,20971520,1024,2026-04-15T01:04:41Z,baseline_nvml_pt,nvidia-smi,ok,0.0,2518.0,1695.0,7601.0,64.19,0.6839359998703003,219.1689453125,219.1689453125,20.0,True,,86.0,57.00000000000001,75.0,estimated,,prefill-facebook-opt-2-7b-chunk-1024-sm-16,success,,,/mnt/data/dheeraj/dicertation/inference-profile/runs/revised-rerun-20260415-020401-g5-opt27b-c512-1024/raw/points/prefill/prefill-facebook-opt-2-7b-chunk-1024-sm-16.csv
facebook/opt-2.7b,1024,gemm,fc2,16,4,677.7600049972534,208843776,214086656,5242880,5242880,1024,2026-04-15T01:04:41Z,baseline_nvml_pt,nvidia-smi,ok,0.0,2518.0,1695.0,7601.0,64.19,0.6839359998703003,219.1689453125,219.1689453125,20.0,True,,86.0,57.00000000000001,75.0,estimated,,prefill-facebook-opt-2-7b-chunk-1024-sm-16,success,,,/mnt/data/dheeraj/dicertation/inference-profile/runs/revised-rerun-20260415-020401-g5-opt27b-c512-1024/raw/points/prefill/prefill-facebook-opt-2-7b-chunk-1024-sm-16.csv
facebook/opt-2.7b,1024,attention,attention,16,4,200.6399929523468,208843776,214218752,5374976,5242880,1024,2026-04-15T01:04:41Z,baseline_nvml_pt,nvidia-smi,ok,0.0,2518.0,1695.0,7601.0,64.19,0.6839359998703003,219.1689453125,219.1689453125,20.0,True,,86.0,57.00000000000001,75.0,estimated,,prefill-facebook-opt-2-7b-chunk-1024-sm-16,success,,,/mnt/data/dheeraj/dicertation/inference-profile/runs/revised-rerun-20260415-020401-g5-opt27b-c512-1024/raw/points/prefill/prefill-facebook-opt-2-7b-chunk-1024-sm-16.csv
facebook/opt-2.7b,1024,gemm,q_proj,24,0,249.85599517822266,208843776,214086656,5242880,5242880,1024,2026-04-15T01:04:46Z,baseline_nvml_pt,nvidia-smi,ok,0.0,2518.0,1695.0,7601.0,64.16,0.6809599995613098,219.1689453125,219.1689453125,20.0,True,,93.0,51.5,82.5,estimated,,prefill-facebook-opt-2-7b-chunk-1024-sm-24,success,,,/mnt/data/dheeraj/dicertation/inference-profile/runs/revised-rerun-20260415-020401-g5-opt27b-c512-1024/raw/points/prefill/prefill-facebook-opt-2-7b-chunk-1024-sm-24.csv
facebook/opt-2.7b,1024,gemm,k_proj,24,0,231.4240038394928,208843776,214086656,5242880,5242880,1024,2026-04-15T01:04:46Z,baseline_nvml_pt,nvidia-smi,ok,0.0,2518.0,1695.0,7601.0,64.16,0.6809599995613098,219.1689453125,219.1689453125,20.0,True,,93.0,51.5,82.5,estimated,,prefill-facebook-opt-2-7b-chunk-1024-sm-24,success,,,/mnt/data/dheeraj/dicertation/inference-profile/runs/revised-rerun-20260415-020401-g5-opt27b-c512-1024/raw/points/prefill/prefill-facebook-opt-2-7b-chunk-1024-sm-24.csv
facebook/opt-2.7b,1024,gemm,v_proj,24,0,227.32800245285034,208843776,214086656,5242880,5242880,1024,2026-04-15T01:04:46Z,baseline_nvml_pt,nvidia-smi,ok,0.0,2518.0,1695.0,7601.0,64.16,0.6809599995613098,219.1689453125,219.1689453125,20.0,True,,93.0,51.5,82.5,estimated,,prefill-facebook-opt-2-7b-chunk-1024-sm-24,success,,,/mnt/data/dheeraj/dicertation/inference-profile/runs/revised-rerun-20260415-020401-g5-opt27b-c512-1024/raw/points/prefill/prefill-facebook-opt-2-7b-chunk-1024-sm-24.csv
facebook/opt-2.7b,1024,gemm,out_proj,24,0,232.44799673557281,208843776,214086656,5242880,5242880,1024,2026-04-15T01:04:46Z,baseline_nvml_pt,nvidia-smi,ok,0.0,2518.0,1695.0,7601.0,64.16,0.6809599995613098,219.1689453125,219.1689453125,20.0,True,,93.0,51.5,82.5,estimated,,prefill-facebook-opt-2-7b-chunk-1024-sm-24,success,,,/mnt/data/dheeraj/dicertation/inference-profile/runs/revised-rerun-20260415-020401-g5-opt27b-c512-1024/raw/points/prefill/prefill-facebook-opt-2-7b-chunk-1024-sm-24.csv
facebook/opt-2.7b,1024,gemm,fc1,24,0,653.3120274543762,208843776,229815296,20971520,20971520,1024,2026-04-15T01:04:46Z,baseline_nvml_pt,nvidia-smi,ok,0.0,2518.0,1695.0,7601.0,64.16,0.6809599995613098,219.1689453125,219.1689453125,20.0,True,,93.0,51.5,82.5,estimated,,prefill-facebook-opt-2-7b-chunk-1024-sm-24,success,,,/mnt/data/dheeraj/dicertation/inference-profile/runs/revised-rerun-20260415-020401-g5-opt27b-c512-1024/raw/points/prefill/prefill-facebook-opt-2-7b-chunk-1024-sm-24.csv
facebook/opt-2.7b,1024,gemm,fc2,24,0,680.9599995613098,208843776,214086656,5242880,5242880,1024,2026-04-15T01:04:46Z,baseline_nvml_pt,nvidia-smi,ok,0.0,2518.0,1695.0,7601.0,64.16,0.6809599995613098,219.1689453125,219.1689453125,20.0,True,,93.0,51.5,82.5,estimated,,prefill-facebook-opt-2-7b-chunk-1024-sm-24,success,,,/mnt/data/dheeraj/dicertation/inference-profile/runs/revised-rerun-20260415-020401-g5-opt27b-c512-1024/raw/points/prefill/prefill-facebook-opt-2-7b-chunk-1024-sm-24.csv
facebook/opt-2.7b,1024,attention,attention,24,0,202.7519941329956,208843776,214218752,5374976,5242880,1024,2026-04-15T01:04:46Z,baseline_nvml_pt,nvidia-smi,ok,0.0,2518.0,1695.0,7601.0,64.16,0.6809599995613098,219.1689453125,219.1689453125,20.0,True,,93.0,51.5,82.5,estimated,,prefill-facebook-opt-2-7b-chunk-1024-sm-24,success,,,/mnt/data/dheeraj/dicertation/inference-profile/runs/revised-rerun-20260415-020401-g5-opt27b-c512-1024/raw/points/prefill/prefill-facebook-opt-2-7b-chunk-1024-sm-24.csv
facebook/opt-2.7b,1024,gemm,q_proj,24,1,229.34399545192719,208843776,214086656,5242880,5242880,1024,2026-04-15T01:04:46Z,baseline_nvml_pt,nvidia-smi,ok,0.0,2518.0,1695.0,7601.0,64.16,0.6809599995613098,219.1689453125,219.1689453125,20.0,True,,93.0,51.5,82.5,estimated,,prefill-facebook-opt-2-7b-chunk-1024-sm-24,success,,,/mnt/data/dheeraj/dicertation/inference-profile/runs/revised-rerun-20260415-020401-g5-opt27b-c512-1024/raw/points/prefill/prefill-facebook-opt-2-7b-chunk-1024-sm-24.csv
facebook/opt-2.7b,1024,gemm,k_proj,24,1,224.5440036058426,208843776,214086656,5242880,5242880,1024,2026-04-15T01:04:46Z,baseline_nvml_pt,nvidia-smi,ok,0.0,2518.0,1695.0,7601.0,64.16,0.6809599995613098,219.1689453125,219.1689453125,20.0,True,,93.0,51.5,82.5,estimated,,prefill-facebook-opt-2-7b-chunk-1024-sm-24,success,,,/mnt/data/dheeraj/dicertation/inference-profile/runs/revised-rerun-20260415-020401-g5-opt27b-c512-1024/raw/points/prefill/prefill-facebook-opt-2-7b-chunk-1024-sm-24.csv
facebook/opt-2.7b,1024,gemm,v_proj,24,1,224.16000068187714,208843776,214086656,5242880,5242880,1024,2026-04-15T01:04:46Z,baseline_nvml_pt,nvidia-smi,ok,0.0,2518.0,1695.0,7601.0,64.16,0.6809599995613098,219.1689453125,219.1689453125,20.0,True,,93.0,51.5,82.5,estimated,,prefill-facebook-opt-2-7b-chunk-1024-sm-24,success,,,/mnt/data/dheeraj/dicertation/inference-profile/runs/revised-rerun-20260415-020401-g5-opt27b-c512-1024/raw/points/prefill/prefill-facebook-opt-2-7b-chunk-1024-sm-24.csv
facebook/opt-2.7b,1024,gemm,out_proj,24,1,222.20799326896667,208843776,214086656,5242880,5242880,1024,2026-04-15T01:04:46Z,baseline_nvml_pt,nvidia-smi,ok,0.0,2518.0,1695.0,7601.0,64.16,0.6809599995613098,219.1689453125,219.1689453125,20.0,True,,93.0,51.5,82.5,estimated,,prefill-facebook-opt-2-7b-chunk-1024-sm-24,success,,,/mnt/data/dheeraj/dicertation/inference-profile/runs/revised-rerun-20260415-020401-g5-opt27b-c512-1024/raw/points/prefill/prefill-facebook-opt-2-7b-chunk-1024-sm-24.csv
facebook/opt-2.7b,1024,gemm,fc1,24,1,650.2400040626526,208843776,229815296,20971520,20971520,1024,2026-04-15T01:04:46Z,baseline_nvml_pt,nvidia-smi,ok,0.0,2518.0,1695.0,7601.0,64.16,0.6809599995613098,219.1689453125,219.1689453125,20.0,True,,93.0,51.5,82.5,estimated,,prefill-facebook-opt-2-7b-chunk-1024-sm-24,success,,,/mnt/data/dheeraj/dicertation/inference-profile/runs/revised-rerun-20260415-020401-g5-opt27b-c512-1024/raw/points/prefill/prefill-facebook-opt-2-7b-chunk-1024-sm-24.csv
facebook/opt-2.7b,1024,gemm,fc2,24,1,678.6239743232727,208843776,214086656,5242880,5242880,1024,2026-04-15T01:04:46Z,baseline_nvml_pt,nvidia-smi,ok,0.0,2518.0,1695.0,7601.0,64.16,0.6809599995613098,219.1689453125,219.1689453125,20.0,True,,93.0,51.5,82.5,estimated,,prefill-facebook-opt-2-7b-chunk-1024-sm-24,success,,,/mnt/data/dheeraj/dicertation/inference-profile/runs/revised-rerun-20260415-020401-g5-opt27b-c512-1024/raw/points/prefill/prefill-facebook-opt-2-7b-chunk-1024-sm-24.csv
facebook/opt-2.7b,1024,attention,attention,24,1,200.6080001592636,208843776,214218752,5374976,5242880,1024,2026-04-15T01:04:46Z,baseline_nvml_pt,nvidia-smi,ok,0.0,2518.0,1695.0,7601.0,64.16,0.6809599995613098,219.1689453125,219.1689453125,20.0,True,,93.0,51.5,82.5,estimated,,prefill-facebook-opt-2-7b-chunk-1024-sm-24,success,,,/mnt/data/dheeraj/dicertation/inference-profile/runs/revised-rerun-20260415-020401-g5-opt27b-c512-1024/raw/points/prefill/prefill-facebook-opt-2-7b-chunk-1024-sm-24.csv
facebook/opt-2.7b,1024,gemm,q_proj,24,2,228.19200158119202,208843776,214086656,5242880,5242880,1024,2026-04-15T01:04:46Z,baseline_nvml_pt,nvidia-smi,ok,0.0,2518.0,1695.0,7601.0,64.16,0.6809599995613098,219.1689453125,219.1689453125,20.0,True,,93.0,51.5,82.5,estimated,,prefill-facebook-opt-2-7b-chunk-1024-sm-24,success,,,/mnt/data/dheeraj/dicertation/inference-profile/runs/revised-rerun-20260415-020401-g5-opt27b-c512-1024/raw/points/prefill/prefill-facebook-opt-2-7b-chunk-1024-sm-24.csv
facebook/opt-2.7b,1024,gemm,k_proj,24,2,229.37600314617157,208843776,214086656,5242880,5242880,1024,2026-04-15T01:04:46Z,baseline_nvml_pt,nvidia-smi,ok,0.0,2518.0,1695.0,7601.0,64.16,0.6809599995613098,219.1689453125,219.1689453125,20.0,True,,93.0,51.5,82.5,estimated,,prefill-facebook-opt-2-7b-chunk-1024-sm-24,success,,,/mnt/data/dheeraj/dicertation/inference-profile/runs/revised-rerun-20260415-020401-g5-opt27b-c512-1024/raw/points/prefill/prefill-facebook-opt-2-7b-chunk-1024-sm-24.csv
facebook/opt-2.7b,1024,gemm,v_proj,24,2,222.20799326896667,208843776,214086656,5242880,5242880,1024,2026-04-15T01:04:46Z,baseline_nvml_pt,nvidia-smi,ok,0.0,2518.0,1695.0,7601.0,64.16,0.6809599995613098,219.1689453125,219.1689453125,20.0,True,,93.0,51.5,82.5,estimated,,prefill-facebook-opt-2-7b-chunk-1024-sm-24,success,,,/mnt/data/dheeraj/dicertation/inference-profile/runs/revised-rerun-20260415-020401-g5-opt27b-c512-1024/raw/points/prefill/prefill-facebook-opt-2-7b-chunk-1024-sm-24.csv
facebook/opt-2.7b,1024,gemm,out_proj,24,2,222.20799326896667,208843776,214086656,5242880,5242880,1024,2026-04-15T01:04:46Z,baseline_nvml_pt,nvidia-smi,ok,0.0,2518.0,1695.0,7601.0,64.16,0.6809599995613098,219.1689453125,219.1689453125,20.0,True,,93.0,51.5,82.5,estimated,,prefill-facebook-opt-2-7b-chunk-1024-sm-24,success,,,/mnt/data/dheeraj/dicertation/inference-profile/runs/revised-rerun-20260415-020401-g5-opt27b-c512-1024/raw/points/prefill/prefill-facebook-opt-2-7b-chunk-1024-sm-24.csv
facebook/opt-2.7b,1024,gemm,fc1,24,2,647.167980670929,208843776,229815296,20971520,20971520,1024,2026-04-15T01:04:46Z,baseline_nvml_pt,nvidia-smi,ok,0.0,2518.0,1695.0,7601.0,64.16,0.6809599995613098,219.1689453125,219.1689453125,20.0,True,,93.0,51.5,82.5,estimated,,prefill-facebook-opt-2-7b-chunk-1024-sm-24,success,,,/mnt/data/dheeraj/dicertation/inference-profile/runs/revised-rerun-20260415-020401-g5-opt27b-c512-1024/raw/points/prefill/prefill-facebook-opt-2-7b-chunk-1024-sm-24.csv
facebook/opt-2.7b,1024,gemm,fc2,24,2,678.9119839668274,208843776,214086656,5242880,5242880,1024,2026-04-15T01:04:46Z,baseline_nvml_pt,nvidia-smi,ok,0.0,2518.0,1695.0,7601.0,64.16,0.6809599995613098,219.1689453125,219.1689453125,20.0,True,,93.0,51.5,82.5,estimated,,prefill-facebook-opt-2-7b-chunk-1024-sm-24,success,,,/mnt/data/dheeraj/dicertation/inference-profile/runs/revised-rerun-20260415-020401-g5-opt27b-c512-1024/raw/points/prefill/prefill-facebook-opt-2-7b-chunk-1024-sm-24.csv
facebook/opt-2.7b,1024,attention,attention,24,2,199.77599382400513,208843776,214218752,5374976,5242880,1024,2026-04-15T01:04:46Z,baseline_nvml_pt,nvidia-smi,ok,0.0,2518.0,1695.0,7601.0,64.16,0.6809599995613098,219.1689453125,219.1689453125,20.0,True,,93.0,51.5,82.5,estimated,,prefill-facebook-opt-2-7b-chunk-1024-sm-24,success,,,/mnt/data/dheeraj/dicertation/inference-profile/runs/revised-rerun-20260415-020401-g5-opt27b-c512-1024/raw/points/prefill/prefill-facebook-opt-2-7b-chunk-1024-sm-24.csv
facebook/opt-2.7b,1024,gemm,q_proj,24,3,226.30399465560913,208843776,214086656,5242880,5242880,1024,2026-04-15T01:04:46Z,baseline_nvml_pt,nvidia-smi,ok,0.0,2518.0,1695.0,7601.0,64.16,0.6809599995613098,219.1689453125,219.1689453125,20.0,True,,93.0,51.5,82.5,estimated,,prefill-facebook-opt-2-7b-chunk-1024-sm-24,success,,,/mnt/data/dheeraj/dicertation/inference-profile/runs/revised-rerun-20260415-020401-g5-opt27b-c512-1024/raw/points/prefill/prefill-facebook-opt-2-7b-chunk-1024-sm-24.csv
facebook/opt-2.7b,1024,gemm,k_proj,24,3,224.99200701713562,208843776,214086656,5242880,5242880,1024,2026-04-15T01:04:46Z,baseline_nvml_pt,nvidia-smi,ok,0.0,2518.0,1695.0,7601.0,64.16,0.6809599995613098,219.1689453125,219.1689453125,20.0,True,,93.0,51.5,82.5,estimated,,prefill-facebook-opt-2-7b-chunk-1024-sm-24,success,,,/mnt/data/dheeraj/dicertation/inference-profile/runs/revised-rerun-20260415-020401-g5-opt27b-c512-1024/raw/points/prefill/prefill-facebook-opt-2-7b-chunk-1024-sm-24.csv
facebook/opt-2.7b,1024,gemm,v_proj,24,3,223.03999960422516,208843776,214086656,5242880,5242880,1024,2026-04-15T01:04:46Z,baseline_nvml_pt,nvidia-smi,ok,0.0,2518.0,1695.0,7601.0,64.16,0.6809599995613098,219.1689453125,219.1689453125,20.0,True,,93.0,51.5,82.5,estimated,,prefill-facebook-opt-2-7b-chunk-1024-sm-24,success,,,/mnt/data/dheeraj/dicertation/inference-profile/runs/revised-rerun-20260415-020401-g5-opt27b-c512-1024/raw/points/prefill/prefill-facebook-opt-2-7b-chunk-1024-sm-24.csv
facebook/opt-2.7b,1024,gemm,out_proj,24,3,224.2559939622879,208843776,214086656,5242880,5242880,1024,2026-04-15T01:04:46Z,baseline_nvml_pt,nvidia-smi,ok,0.0,2518.0,1695.0,7601.0,64.16,0.6809599995613098,219.1689453125,219.1689453125,20.0,True,,93.0,51.5,82.5,estimated,,prefill-facebook-opt-2-7b-chunk-1024-sm-24,success,,,/mnt/data/dheeraj/dicertation/inference-profile/runs/revised-rerun-20260415-020401-g5-opt27b-c512-1024/raw/points/prefill/prefill-facebook-opt-2-7b-chunk-1024-sm-24.csv
facebook/opt-2.7b,1024,gemm,fc1,24,3,649.2159962654114,208843776,229815296,20971520,20971520,1024,2026-04-15T01:04:46Z,baseline_nvml_pt,nvidia-smi,ok,0.0,2518.0,1695.0,7601.0,64.16,0.6809599995613098,219.1689453125,219.1689453125,20.0,True,,93.0,51.5,82.5,estimated,,prefill-facebook-opt-2-7b-chunk-1024-sm-24,success,,,/mnt/data/dheeraj/dicertation/inference-profile/runs/revised-rerun-20260415-020401-g5-opt27b-c512-1024/raw/points/prefill/prefill-facebook-opt-2-7b-chunk-1024-sm-24.csv
facebook/opt-2.7b,1024,gemm,fc2,24,3,678.9119839668274,208843776,214086656,5242880,5242880,1024,2026-04-15T01:04:46Z,baseline_nvml_pt,nvidia-smi,ok,0.0,2518.0,1695.0,7601.0,64.16,0.6809599995613098,219.1689453125,219.1689453125,20.0,True,,93.0,51.5,82.5,estimated,,prefill-facebook-opt-2-7b-chunk-1024-sm-24,success,,,/mnt/data/dheeraj/dicertation/inference-profile/runs/revised-rerun-20260415-020401-g5-opt27b-c512-1024/raw/points/prefill/prefill-facebook-opt-2-7b-chunk-1024-sm-24.csv
facebook/opt-2.7b,1024,attention,attention,24,3,199.68000054359436,208843776,214218752,5374976,5242880,1024,2026-04-15T01:04:46Z,baseline_nvml_pt,nvidia-smi,ok,0.0,2518.0,1695.0,7601.0,64.16,0.6809599995613098,219.1689453125,219.1689453125,20.0,True,,93.0,51.5,82.5,estimated,,prefill-facebook-opt-2-7b-chunk-1024-sm-24,success,,,/mnt/data/dheeraj/dicertation/inference-profile/runs/revised-rerun-20260415-020401-g5-opt27b-c512-1024/raw/points/prefill/prefill-facebook-opt-2-7b-chunk-1024-sm-24.csv
facebook/opt-2.7b,1024,gemm,q_proj,24,4,232.44799673557281,208843776,214086656,5242880,5242880,1024,2026-04-15T01:04:46Z,baseline_nvml_pt,nvidia-smi,ok,0.0,2518.0,1695.0,7601.0,64.16,0.6809599995613098,219.1689453125,219.1689453125,20.0,True,,93.0,51.5,82.5,estimated,,prefill-facebook-opt-2-7b-chunk-1024-sm-24,success,,,/mnt/data/dheeraj/dicertation/inference-profile/runs/revised-rerun-20260415-020401-g5-opt27b-c512-1024/raw/points/prefill/prefill-facebook-opt-2-7b-chunk-1024-sm-24.csv
facebook/opt-2.7b,1024,gemm,k_proj,24,4,222.20799326896667,208843776,214086656,5242880,5242880,1024,2026-04-15T01:04:46Z,baseline_nvml_pt,nvidia-smi,ok,0.0,2518.0,1695.0,7601.0,64.16,0.6809599995613098,219.1689453125,219.1689453125,20.0,True,,93.0,51.5,82.5,estimated,,prefill-facebook-opt-2-7b-chunk-1024-sm-24,success,,,/mnt/data/dheeraj/dicertation/inference-profile/runs/revised-rerun-20260415-020401-g5-opt27b-c512-1024/raw/points/prefill/prefill-facebook-opt-2-7b-chunk-1024-sm-24.csv
facebook/opt-2.7b,1024,gemm,v_proj,24,4,222.20799326896667,208843776,214086656,5242880,5242880,1024,2026-04-15T01:04:46Z,baseline_nvml_pt,nvidia-smi,ok,0.0,2518.0,1695.0,7601.0,64.16,0.6809599995613098,219.1689453125,219.1689453125,20.0,True,,93.0,51.5,82.5,estimated,,prefill-facebook-opt-2-7b-chunk-1024-sm-24,success,,,/mnt/data/dheeraj/dicertation/inference-profile/runs/revised-rerun-20260415-020401-g5-opt27b-c512-1024/raw/points/prefill/prefill-facebook-opt-2-7b-chunk-1024-sm-24.csv
facebook/opt-2.7b,1024,gemm,out_proj,24,4,223.07200729846954,208843776,214086656,5242880,5242880,1024,2026-04-15T01:04:46Z,baseline_nvml_pt,nvidia-smi,ok,0.0,2518.0,1695.0,7601.0,64.16,0.6809599995613098,219.1689453125,219.1689453125,20.0,True,,93.0,51.5,82.5,estimated,,prefill-facebook-opt-2-7b-chunk-1024-sm-24,success,,,/mnt/data/dheeraj/dicertation/inference-profile/runs/revised-rerun-20260415-020401-g5-opt27b-c512-1024/raw/points/prefill/prefill-facebook-opt-2-7b-chunk-1024-sm-24.csv
facebook/opt-2.7b,1024,gemm,fc1,24,4,646.1439728736877,208843776,229815296,20971520,20971520,1024,2026-04-15T01:04:46Z,baseline_nvml_pt,nvidia-smi,ok,0.0,2518.0,1695.0,7601.0,64.16,0.6809599995613098,219.1689453125,219.1689453125,20.0,True,,93.0,51.5,82.5,estimated,,prefill-facebook-opt-2-7b-chunk-1024-sm-24,success,,,/mnt/data/dheeraj/dicertation/inference-profile/runs/revised-rerun-20260415-020401-g5-opt27b-c512-1024/raw/points/prefill/prefill-facebook-opt-2-7b-chunk-1024-sm-24.csv
facebook/opt-2.7b,1024,gemm,fc2,24,4,679.0400147438049,208843776,214086656,5242880,5242880,1024,2026-04-15T01:04:46Z,baseline_nvml_pt,nvidia-smi,ok,0.0,2518.0,1695.0,7601.0,64.16,0.6809599995613098,219.1689453125,219.1689453125,20.0,True,,93.0,51.5,82.5,estimated,,prefill-facebook-opt-2-7b-chunk-1024-sm-24,success,,,/mnt/data/dheeraj/dicertation/inference-profile/runs/revised-rerun-20260415-020401-g5-opt27b-c512-1024/raw/points/prefill/prefill-facebook-opt-2-7b-chunk-1024-sm-24.csv
facebook/opt-2.7b,1024,attention,attention,24,4,199.68000054359436,208843776,214218752,5374976,5242880,1024,2026-04-15T01:04:46Z,baseline_nvml_pt,nvidia-smi,ok,0.0,2518.0,1695.0,7601.0,64.16,0.6809599995613098,219.1689453125,219.1689453125,20.0,True,,93.0,51.5,82.5,estimated,,prefill-facebook-opt-2-7b-chunk-1024-sm-24,success,,,/mnt/data/dheeraj/dicertation/inference-profile/runs/revised-rerun-20260415-020401-g5-opt27b-c512-1024/raw/points/prefill/prefill-facebook-opt-2-7b-chunk-1024-sm-24.csv
facebook/opt-2.7b,1024,gemm,q_proj,32,0,248.83200228214264,208843776,214086656,5242880,5242880,1024,2026-04-15T01:04:51Z,baseline_nvml_pt,nvidia-smi,ok,7.0,2518.0,1695.0,7601.0,64.63,0.6809599995613098,219.1689453125,219.1689453125,20.0,True,,100.0,46.0,89.99999999999999,estimated,,prefill-facebook-opt-2-7b-chunk-1024-sm-32,success,,,/mnt/data/dheeraj/dicertation/inference-profile/runs/revised-rerun-20260415-020401-g5-opt27b-c512-1024/raw/points/prefill/prefill-facebook-opt-2-7b-chunk-1024-sm-32.csv
facebook/opt-2.7b,1024,gemm,k_proj,32,0,232.44799673557281,208843776,214086656,5242880,5242880,1024,2026-04-15T01:04:51Z,baseline_nvml_pt,nvidia-smi,ok,7.0,2518.0,1695.0,7601.0,64.63,0.6809599995613098,219.1689453125,219.1689453125,20.0,True,,100.0,46.0,89.99999999999999,estimated,,prefill-facebook-opt-2-7b-chunk-1024-sm-32,success,,,/mnt/data/dheeraj/dicertation/inference-profile/runs/revised-rerun-20260415-020401-g5-opt27b-c512-1024/raw/points/prefill/prefill-facebook-opt-2-7b-chunk-1024-sm-32.csv
facebook/opt-2.7b,1024,gemm,v_proj,32,0,225.2800017595291,208843776,214086656,5242880,5242880,1024,2026-04-15T01:04:51Z,baseline_nvml_pt,nvidia-smi,ok,7.0,2518.0,1695.0,7601.0,64.63,0.6809599995613098,219.1689453125,219.1689453125,20.0,True,,100.0,46.0,89.99999999999999,estimated,,prefill-facebook-opt-2-7b-chunk-1024-sm-32,success,,,/mnt/data/dheeraj/dicertation/inference-profile/runs/revised-rerun-20260415-020401-g5-opt27b-c512-1024/raw/points/prefill/prefill-facebook-opt-2-7b-chunk-1024-sm-32.csv
facebook/opt-2.7b,1024,gemm,out_proj,32,0,226.30399465560913,208843776,214086656,5242880,5242880,1024,2026-04-15T01:04:51Z,baseline_nvml_pt,nvidia-smi,ok,7.0,2518.0,1695.0,7601.0,64.63,0.6809599995613098,219.1689453125,219.1689453125,20.0,True,,100.0,46.0,89.99999999999999,estimated,,prefill-facebook-opt-2-7b-chunk-1024-sm-32,success,,,/mnt/data/dheeraj/dicertation/inference-profile/runs/revised-rerun-20260415-020401-g5-opt27b-c512-1024/raw/points/prefill/prefill-facebook-opt-2-7b-chunk-1024-sm-32.csv
facebook/opt-2.7b,1024,gemm,fc1,32,0,651.2640118598938,208843776,229815296,20971520,20971520,1024,2026-04-15T01:04:51Z,baseline_nvml_pt,nvidia-smi,ok,7.0,2518.0,1695.0,7601.0,64.63,0.6809599995613098,219.1689453125,219.1689453125,20.0,True,,100.0,46.0,89.99999999999999,estimated,,prefill-facebook-opt-2-7b-chunk-1024-sm-32,success,,,/mnt/data/dheeraj/dicertation/inference-profile/runs/revised-rerun-20260415-020401-g5-opt27b-c512-1024/raw/points/prefill/prefill-facebook-opt-2-7b-chunk-1024-sm-32.csv
facebook/opt-2.7b,1024,gemm,fc2,32,0,680.9599995613098,208843776,214086656,5242880,5242880,1024,2026-04-15T01:04:51Z,baseline_nvml_pt,nvidia-smi,ok,7.0,2518.0,1695.0,7601.0,64.63,0.6809599995613098,219.1689453125,219.1689453125,20.0,True,,100.0,46.0,89.99999999999999,estimated,,prefill-facebook-opt-2-7b-chunk-1024-sm-32,success,,,/mnt/data/dheeraj/dicertation/inference-profile/runs/revised-rerun-20260415-020401-g5-opt27b-c512-1024/raw/points/prefill/prefill-facebook-opt-2-7b-chunk-1024-sm-32.csv
facebook/opt-2.7b,1024,attention,attention,32,0,202.01599597930908,208843776,214218752,5374976,5242880,1024,2026-04-15T01:04:51Z,baseline_nvml_pt,nvidia-smi,ok,7.0,2518.0,1695.0,7601.0,64.63,0.6809599995613098,219.1689453125,219.1689453125,20.0,True,,100.0,46.0,89.99999999999999,estimated,,prefill-facebook-opt-2-7b-chunk-1024-sm-32,success,,,/mnt/data/dheeraj/dicertation/inference-profile/runs/revised-rerun-20260415-020401-g5-opt27b-c512-1024/raw/points/prefill/prefill-facebook-opt-2-7b-chunk-1024-sm-32.csv
facebook/opt-2.7b,1024,gemm,q_proj,32,1,229.37600314617157,208843776,214086656,5242880,5242880,1024,2026-04-15T01:04:51Z,baseline_nvml_pt,nvidia-smi,ok,7.0,2518.0,1695.0,7601.0,64.63,0.6809599995613098,219.1689453125,219.1689453125,20.0,True,,100.0,46.0,89.99999999999999,estimated,,prefill-facebook-opt-2-7b-chunk-1024-sm-32,success,,,/mnt/data/dheeraj/dicertation/inference-profile/runs/revised-rerun-20260415-020401-g5-opt27b-c512-1024/raw/points/prefill/prefill-facebook-opt-2-7b-chunk-1024-sm-32.csv
facebook/opt-2.7b,1024,gemm,k_proj,32,1,224.2559939622879,208843776,214086656,5242880,5242880,1024,2026-04-15T01:04:51Z,baseline_nvml_pt,nvidia-smi,ok,7.0,2518.0,1695.0,7601.0,64.63,0.6809599995613098,219.1689453125,219.1689453125,20.0,True,,100.0,46.0,89.99999999999999,estimated,,prefill-facebook-opt-2-7b-chunk-1024-sm-32,success,,,/mnt/data/dheeraj/dicertation/inference-profile/runs/revised-rerun-20260415-020401-g5-opt27b-c512-1024/raw/points/prefill/prefill-facebook-opt-2-7b-chunk-1024-sm-32.csv
facebook/opt-2.7b,1024,gemm,v_proj,32,1,223.23200106620789,208843776,214086656,5242880,5242880,1024,2026-04-15T01:04:51Z,baseline_nvml_pt,nvidia-smi,ok,7.0,2518.0,1695.0,7601.0,64.63,0.6809599995613098,219.1689453125,219.1689453125,20.0,True,,100.0,46.0,89.99999999999999,estimated,,prefill-facebook-opt-2-7b-chunk-1024-sm-32,success,,,/mnt/data/dheeraj/dicertation/inference-profile/runs/revised-rerun-20260415-020401-g5-opt27b-c512-1024/raw/points/prefill/prefill-facebook-opt-2-7b-chunk-1024-sm-32.csv
facebook/opt-2.7b,1024,gemm,out_proj,32,1,222.9440063238144,208843776,214086656,5242880,5242880,1024,2026-04-15T01:04:51Z,baseline_nvml_pt,nvidia-smi,ok,7.0,2518.0,1695.0,7601.0,64.63,0.6809599995613098,219.1689453125,219.1689453125,20.0,True,,100.0,46.0,89.99999999999999,estimated,,prefill-facebook-opt-2-7b-chunk-1024-sm-32,success,,,/mnt/data/dheeraj/dicertation/inference-profile/runs/revised-rerun-20260415-020401-g5-opt27b-c512-1024/raw/points/prefill/prefill-facebook-opt-2-7b-chunk-1024-sm-32.csv
facebook/opt-2.7b,1024,gemm,fc1,32,1,648.1919884681702,208843776,229815296,20971520,20971520,1024,2026-04-15T01:04:51Z,baseline_nvml_pt,nvidia-smi,ok,7.0,2518.0,1695.0,7601.0,64.63,0.6809599995613098,219.1689453125,219.1689453125,20.0,True,,100.0,46.0,89.99999999999999,estimated,,prefill-facebook-opt-2-7b-chunk-1024-sm-32,success,,,/mnt/data/dheeraj/dicertation/inference-profile/runs/revised-rerun-20260415-020401-g5-opt27b-c512-1024/raw/points/prefill/prefill-facebook-opt-2-7b-chunk-1024-sm-32.csv
facebook/opt-2.7b,1024,gemm,fc2,32,1,679.9359917640686,208843776,214086656,5242880,5242880,1024,2026-04-15T01:04:51Z,baseline_nvml_pt,nvidia-smi,ok,7.0,2518.0,1695.0,7601.0,64.63,0.6809599995613098,219.1689453125,219.1689453125,20.0,True,,100.0,46.0,89.99999999999999,estimated,,prefill-facebook-opt-2-7b-chunk-1024-sm-32,success,,,/mnt/data/dheeraj/dicertation/inference-profile/runs/revised-rerun-20260415-020401-g5-opt27b-c512-1024/raw/points/prefill/prefill-facebook-opt-2-7b-chunk-1024-sm-32.csv
facebook/opt-2.7b,1024,attention,attention,32,1,200.44800639152527,208843776,214218752,5374976,5242880,1024,2026-04-15T01:04:51Z,baseline_nvml_pt,nvidia-smi,ok,7.0,2518.0,1695.0,7601.0,64.63,0.6809599995613098,219.1689453125,219.1689453125,20.0,True,,100.0,46.0,89.99999999999999,estimated,,prefill-facebook-opt-2-7b-chunk-1024-sm-32,success,,,/mnt/data/dheeraj/dicertation/inference-profile/runs/revised-rerun-20260415-020401-g5-opt27b-c512-1024/raw/points/prefill/prefill-facebook-opt-2-7b-chunk-1024-sm-32.csv
facebook/opt-2.7b,1024,gemm,q_proj,32,2,229.37600314617157,208843776,214086656,5242880,5242880,1024,2026-04-15T01:04:51Z,baseline_nvml_pt,nvidia-smi,ok,7.0,2518.0,1695.0,7601.0,64.63,0.6809599995613098,219.1689453125,219.1689453125,20.0,True,,100.0,46.0,89.99999999999999,estimated,,prefill-facebook-opt-2-7b-chunk-1024-sm-32,success,,,/mnt/data/dheeraj/dicertation/inference-profile/runs/revised-rerun-20260415-020401-g5-opt27b-c512-1024/raw/points/prefill/prefill-facebook-opt-2-7b-chunk-1024-sm-32.csv
facebook/opt-2.7b,1024,gemm,k_proj,32,2,234.49599742889404,208843776,214086656,5242880,5242880,1024,2026-04-15T01:04:51Z,baseline_nvml_pt,nvidia-smi,ok,7.0,2518.0,1695.0,7601.0,64.63,0.6809599995613098,219.1689453125,219.1689453125,20.0,True,,100.0,46.0,89.99999999999999,estimated,,prefill-facebook-opt-2-7b-chunk-1024-sm-32,success,,,/mnt/data/dheeraj/dicertation/inference-profile/runs/revised-rerun-20260415-020401-g5-opt27b-c512-1024/raw/points/prefill/prefill-facebook-opt-2-7b-chunk-1024-sm-32.csv
facebook/opt-2.7b,1024,gemm,v_proj,32,2,223.23200106620789,208843776,214086656,5242880,5242880,1024,2026-04-15T01:04:51Z,baseline_nvml_pt,nvidia-smi,ok,7.0,2518.0,1695.0,7601.0,64.63,0.6809599995613098,219.1689453125,219.1689453125,20.0,True,,100.0,46.0,89.99999999999999,estimated,,prefill-facebook-opt-2-7b-chunk-1024-sm-32,success,,,/mnt/data/dheeraj/dicertation/inference-profile/runs/revised-rerun-20260415-020401-g5-opt27b-c512-1024/raw/points/prefill/prefill-facebook-opt-2-7b-chunk-1024-sm-32.csv
facebook/opt-2.7b,1024,gemm,out_proj,32,2,222.20799326896667,208843776,214086656,5242880,5242880,1024,2026-04-15T01:04:51Z,baseline_nvml_pt,nvidia-smi,ok,7.0,2518.0,1695.0,7601.0,64.63,0.6809599995613098,219.1689453125,219.1689453125,20.0,True,,100.0,46.0,89.99999999999999,estimated,,prefill-facebook-opt-2-7b-chunk-1024-sm-32,success,,,/mnt/data/dheeraj/dicertation/inference-profile/runs/revised-rerun-20260415-020401-g5-opt27b-c512-1024/raw/points/prefill/prefill-facebook-opt-2-7b-chunk-1024-sm-32.csv
facebook/opt-2.7b,1024,gemm,fc1,32,2,648.1919884681702,208843776,229815296,20971520,20971520,1024,2026-04-15T01:04:51Z,baseline_nvml_pt,nvidia-smi,ok,7.0,2518.0,1695.0,7601.0,64.63,0.6809599995613098,219.1689453125,219.1689453125,20.0,True,,100.0,46.0,89.99999999999999,estimated,,prefill-facebook-opt-2-7b-chunk-1024-sm-32,success,,,/mnt/data/dheeraj/dicertation/inference-profile/runs/revised-rerun-20260415-020401-g5-opt27b-c512-1024/raw/points/prefill/prefill-facebook-opt-2-7b-chunk-1024-sm-32.csv
facebook/opt-2.7b,1024,gemm,fc2,32,2,677.8879761695862,208843776,214086656,5242880,5242880,1024,2026-04-15T01:04:51Z,baseline_nvml_pt,nvidia-smi,ok,7.0,2518.0,1695.0,7601.0,64.63,0.6809599995613098,219.1689453125,219.1689453125,20.0,True,,100.0,46.0,89.99999999999999,estimated,,prefill-facebook-opt-2-7b-chunk-1024-sm-32,success,,,/mnt/data/dheeraj/dicertation/inference-profile/runs/revised-rerun-20260415-020401-g5-opt27b-c512-1024/raw/points/prefill/prefill-facebook-opt-2-7b-chunk-1024-sm-32.csv
facebook/opt-2.7b,1024,attention,attention,32,2,199.68000054359436,208843776,214218752,5374976,5242880,1024,2026-04-15T01:04:51Z,baseline_nvml_pt,nvidia-smi,ok,7.0,2518.0,1695.0,7601.0,64.63,0.6809599995613098,219.1689453125,219.1689453125,20.0,True,,100.0,46.0,89.99999999999999,estimated,,prefill-facebook-opt-2-7b-chunk-1024-sm-32,success,,,/mnt/data/dheeraj/dicertation/inference-profile/runs/revised-rerun-20260415-020401-g5-opt27b-c512-1024/raw/points/prefill/prefill-facebook-opt-2-7b-chunk-1024-sm-32.csv
facebook/opt-2.7b,1024,gemm,q_proj,32,3,227.32800245285034,208843776,214086656,5242880,5242880,1024,2026-04-15T01:04:51Z,baseline_nvml_pt,nvidia-smi,ok,7.0,2518.0,1695.0,7601.0,64.63,0.6809599995613098,219.1689453125,219.1689453125,20.0,True,,100.0,46.0,89.99999999999999,estimated,,prefill-facebook-opt-2-7b-chunk-1024-sm-32,success,,,/mnt/data/dheeraj/dicertation/inference-profile/runs/revised-rerun-20260415-020401-g5-opt27b-c512-1024/raw/points/prefill/prefill-facebook-opt-2-7b-chunk-1024-sm-32.csv
facebook/opt-2.7b,1024,gemm,k_proj,32,3,222.20799326896667,208843776,214086656,5242880,5242880,1024,2026-04-15T01:04:51Z,baseline_nvml_pt,nvidia-smi,ok,7.0,2518.0,1695.0,7601.0,64.63,0.6809599995613098,219.1689453125,219.1689453125,20.0,True,,100.0,46.0,89.99999999999999,estimated,,prefill-facebook-opt-2-7b-chunk-1024-sm-32,success,,,/mnt/data/dheeraj/dicertation/inference-profile/runs/revised-rerun-20260415-020401-g5-opt27b-c512-1024/raw/points/prefill/prefill-facebook-opt-2-7b-chunk-1024-sm-32.csv
facebook/opt-2.7b,1024,gemm,v_proj,32,3,224.2559939622879,208843776,214086656,5242880,5242880,1024,2026-04-15T01:04:51Z,baseline_nvml_pt,nvidia-smi,ok,7.0,2518.0,1695.0,7601.0,64.63,0.6809599995613098,219.1689453125,219.1689453125,20.0,True,,100.0,46.0,89.99999999999999,estimated,,prefill-facebook-opt-2-7b-chunk-1024-sm-32,success,,,/mnt/data/dheeraj/dicertation/inference-profile/runs/revised-rerun-20260415-020401-g5-opt27b-c512-1024/raw/points/prefill/prefill-facebook-opt-2-7b-chunk-1024-sm-32.csv
facebook/opt-2.7b,1024,gemm,out_proj,32,3,221.18400037288666,208843776,214086656,5242880,5242880,1024,2026-04-15T01:04:51Z,baseline_nvml_pt,nvidia-smi,ok,7.0,2518.0,1695.0,7601.0,64.63,0.6809599995613098,219.1689453125,219.1689453125,20.0,True,,100.0,46.0,89.99999999999999,estimated,,prefill-facebook-opt-2-7b-chunk-1024-sm-32,success,,,/mnt/data/dheeraj/dicertation/inference-profile/runs/revised-rerun-20260415-020401-g5-opt27b-c512-1024/raw/points/prefill/prefill-facebook-opt-2-7b-chunk-1024-sm-32.csv
facebook/opt-2.7b,1024,gemm,fc1,32,3,647.9679942131042,208843776,229815296,20971520,20971520,1024,2026-04-15T01:04:51Z,baseline_nvml_pt,nvidia-smi,ok,7.0,2518.0,1695.0,7601.0,64.63,0.6809599995613098,219.1689453125,219.1689453125,20.0,True,,100.0,46.0,89.99999999999999,estimated,,prefill-facebook-opt-2-7b-chunk-1024-sm-32,success,,,/mnt/data/dheeraj/dicertation/inference-profile/runs/revised-rerun-20260415-020401-g5-opt27b-c512-1024/raw/points/prefill/prefill-facebook-opt-2-7b-chunk-1024-sm-32.csv
facebook/opt-2.7b,1024,gemm,fc2,32,3,679.8080205917358,208843776,214086656,5242880,5242880,1024,2026-04-15T01:04:51Z,baseline_nvml_pt,nvidia-smi,ok,7.0,2518.0,1695.0,7601.0,64.63,0.6809599995613098,219.1689453125,219.1689453125,20.0,True,,100.0,46.0,89.99999999999999,estimated,,prefill-facebook-opt-2-7b-chunk-1024-sm-32,success,,,/mnt/data/dheeraj/dicertation/inference-profile/runs/revised-rerun-20260415-020401-g5-opt27b-c512-1024/raw/points/prefill/prefill-facebook-opt-2-7b-chunk-1024-sm-32.csv
facebook/opt-2.7b,1024,attention,attention,32,3,199.68000054359436,208843776,214218752,5374976,5242880,1024,2026-04-15T01:04:51Z,baseline_nvml_pt,nvidia-smi,ok,7.0,2518.0,1695.0,7601.0,64.63,0.6809599995613098,219.1689453125,219.1689453125,20.0,True,,100.0,46.0,89.99999999999999,estimated,,prefill-facebook-opt-2-7b-chunk-1024-sm-32,success,,,/mnt/data/dheeraj/dicertation/inference-profile/runs/revised-rerun-20260415-020401-g5-opt27b-c512-1024/raw/points/prefill/prefill-facebook-opt-2-7b-chunk-1024-sm-32.csv
facebook/opt-2.7b,1024,gemm,q_proj,32,4,225.0880002975464,208843776,214086656,5242880,5242880,1024,2026-04-15T01:04:51Z,baseline_nvml_pt,nvidia-smi,ok,7.0,2518.0,1695.0,7601.0,64.63,0.6809599995613098,219.1689453125,219.1689453125,20.0,True,,100.0,46.0,89.99999999999999,estimated,,prefill-facebook-opt-2-7b-chunk-1024-sm-32,success,,,/mnt/data/dheeraj/dicertation/inference-profile/runs/revised-rerun-20260415-020401-g5-opt27b-c512-1024/raw/points/prefill/prefill-facebook-opt-2-7b-chunk-1024-sm-32.csv
facebook/opt-2.7b,1024,gemm,k_proj,32,4,223.23200106620789,208843776,214086656,5242880,5242880,1024,2026-04-15T01:04:51Z,baseline_nvml_pt,nvidia-smi,ok,7.0,2518.0,1695.0,7601.0,64.63,0.6809599995613098,219.1689453125,219.1689453125,20.0,True,,100.0,46.0,89.99999999999999,estimated,,prefill-facebook-opt-2-7b-chunk-1024-sm-32,success,,,/mnt/data/dheeraj/dicertation/inference-profile/runs/revised-rerun-20260415-020401-g5-opt27b-c512-1024/raw/points/prefill/prefill-facebook-opt-2-7b-chunk-1024-sm-32.csv
facebook/opt-2.7b,1024,gemm,v_proj,32,4,221.18400037288666,208843776,214086656,5242880,5242880,1024,2026-04-15T01:04:51Z,baseline_nvml_pt,nvidia-smi,ok,7.0,2518.0,1695.0,7601.0,64.63,0.6809599995613098,219.1689453125,219.1689453125,20.0,True,,100.0,46.0,89.99999999999999,estimated,,prefill-facebook-opt-2-7b-chunk-1024-sm-32,success,,,/mnt/data/dheeraj/dicertation/inference-profile/runs/revised-rerun-20260415-020401-g5-opt27b-c512-1024/raw/points/prefill/prefill-facebook-opt-2-7b-chunk-1024-sm-32.csv
facebook/opt-2.7b,1024,gemm,out_proj,32,4,220.15999257564545,208843776,214086656,5242880,5242880,1024,2026-04-15T01:04:51Z,baseline_nvml_pt,nvidia-smi,ok,7.0,2518.0,1695.0,7601.0,64.63,0.6809599995613098,219.1689453125,219.1689453125,20.0,True,,100.0,46.0,89.99999999999999,estimated,,prefill-facebook-opt-2-7b-chunk-1024-sm-32,success,,,/mnt/data/dheeraj/dicertation/inference-profile/runs/revised-rerun-20260415-020401-g5-opt27b-c512-1024/raw/points/prefill/prefill-facebook-opt-2-7b-chunk-1024-sm-32.csv
facebook/opt-2.7b,1024,gemm,fc1,32,4,646.1439728736877,208843776,229815296,20971520,20971520,1024,2026-04-15T01:04:51Z,baseline_nvml_pt,nvidia-smi,ok,7.0,2518.0,1695.0,7601.0,64.63,0.6809599995613098,219.1689453125,219.1689453125,20.0,True,,100.0,46.0,89.99999999999999,estimated,,prefill-facebook-opt-2-7b-chunk-1024-sm-32,success,,,/mnt/data/dheeraj/dicertation/inference-profile/runs/revised-rerun-20260415-020401-g5-opt27b-c512-1024/raw/points/prefill/prefill-facebook-opt-2-7b-chunk-1024-sm-32.csv
facebook/opt-2.7b,1024,gemm,fc2,32,4,679.9359917640686,208843776,214086656,5242880,5242880,1024,2026-04-15T01:04:51Z,baseline_nvml_pt,nvidia-smi,ok,7.0,2518.0,1695.0,7601.0,64.63,0.6809599995613098,219.1689453125,219.1689453125,20.0,True,,100.0,46.0,89.99999999999999,estimated,,prefill-facebook-opt-2-7b-chunk-1024-sm-32,success,,,/mnt/data/dheeraj/dicertation/inference-profile/runs/revised-rerun-20260415-020401-g5-opt27b-c512-1024/raw/points/prefill/prefill-facebook-opt-2-7b-chunk-1024-sm-32.csv
facebook/opt-2.7b,1024,attention,attention,32,4,198.65599274635315,208843776,214218752,5374976,5242880,1024,2026-04-15T01:04:51Z,baseline_nvml_pt,nvidia-smi,ok,7.0,2518.0,1695.0,7601.0,64.63,0.6809599995613098,219.1689453125,219.1689453125,20.0,True,,100.0,46.0,89.99999999999999,estimated,,prefill-facebook-opt-2-7b-chunk-1024-sm-32,success,,,/mnt/data/dheeraj/dicertation/inference-profile/runs/revised-rerun-20260415-020401-g5-opt27b-c512-1024/raw/points/prefill/prefill-facebook-opt-2-7b-chunk-1024-sm-32.csv
