model_id,chunk_tokens,op_type,op_name,sm_ai_partition,timed_iteration,duration_us,baseline_vram_bytes,peak_vram_bytes,dynamic_workspace_bytes,output_bytes,max_input_tokens,telemetry_ts,telemetry_tier,telemetry_provider,telemetry_status,gpu_util,gpu_mem_used_mb,sm_clock_mhz,mem_clock_mhz,power_w,pt_step_ms,pt_mem_alloc_mb,pt_mem_reserved_mb,pt_workspace_mb,nvml_available,sampling_error,acu_pct,gbu_pct,smu_pct,microscopic_telemetry_status,microscopic_error,point_id,public_status,failure_kind,failure_cause,raw_output_path
facebook/opt-1.3b,512,gemm,q_proj,8,0,106.49599879980087,127045632,129142784,2097152,2097152,1024,2026-04-15T13:51:20Z,baseline_nvml_pt,nvidia-smi,ok,0.0,93.0,1695.0,7601.0,64.47,0.2519040107727051,129.16015625,129.16015625,8.0,True,,82.95000000000002,58.74999999999999,70.19999999999999,estimated,,prefill-facebook-opt-1-3b-chunk-512-sm-8,success,,,/mnt/data/dheeraj/dicertation/inference-profile/runs/revised-rerun-20260415-145100-g3-opt13b-c512-1024/raw/points/prefill/prefill-facebook-opt-1-3b-chunk-512-sm-8.csv
facebook/opt-1.3b,512,gemm,k_proj,8,0,101.3759970664978,127045632,129142784,2097152,2097152,1024,2026-04-15T13:51:20Z,baseline_nvml_pt,nvidia-smi,ok,0.0,93.0,1695.0,7601.0,64.47,0.2519040107727051,129.16015625,129.16015625,8.0,True,,82.95000000000002,58.74999999999999,70.19999999999999,estimated,,prefill-facebook-opt-1-3b-chunk-512-sm-8,success,,,/mnt/data/dheeraj/dicertation/inference-profile/runs/revised-rerun-20260415-145100-g3-opt13b-c512-1024/raw/points/prefill/prefill-facebook-opt-1-3b-chunk-512-sm-8.csv
facebook/opt-1.3b,512,gemm,v_proj,8,0,93.18400174379349,127045632,129142784,2097152,2097152,1024,2026-04-15T13:51:20Z,baseline_nvml_pt,nvidia-smi,ok,0.0,93.0,1695.0,7601.0,64.47,0.2519040107727051,129.16015625,129.16015625,8.0,True,,82.95000000000002,58.74999999999999,70.19999999999999,estimated,,prefill-facebook-opt-1-3b-chunk-512-sm-8,success,,,/mnt/data/dheeraj/dicertation/inference-profile/runs/revised-rerun-20260415-145100-g3-opt13b-c512-1024/raw/points/prefill/prefill-facebook-opt-1-3b-chunk-512-sm-8.csv
facebook/opt-1.3b,512,gemm,out_proj,8,0,93.9520001411438,127045632,129142784,2097152,2097152,1024,2026-04-15T13:51:20Z,baseline_nvml_pt,nvidia-smi,ok,0.0,93.0,1695.0,7601.0,64.47,0.2519040107727051,129.16015625,129.16015625,8.0,True,,82.95000000000002,58.74999999999999,70.19999999999999,estimated,,prefill-facebook-opt-1-3b-chunk-512-sm-8,success,,,/mnt/data/dheeraj/dicertation/inference-profile/runs/revised-rerun-20260415-145100-g3-opt13b-c512-1024/raw/points/prefill/prefill-facebook-opt-1-3b-chunk-512-sm-8.csv
facebook/opt-1.3b,512,gemm,fc1,8,0,251.90401077270508,127045632,135434240,8388608,8388608,1024,2026-04-15T13:51:20Z,baseline_nvml_pt,nvidia-smi,ok,0.0,93.0,1695.0,7601.0,64.47,0.2519040107727051,129.16015625,129.16015625,8.0,True,,82.95000000000002,58.74999999999999,70.19999999999999,estimated,,prefill-facebook-opt-1-3b-chunk-512-sm-8,success,,,/mnt/data/dheeraj/dicertation/inference-profile/runs/revised-rerun-20260415-145100-g3-opt13b-c512-1024/raw/points/prefill/prefill-facebook-opt-1-3b-chunk-512-sm-8.csv
facebook/opt-1.3b,512,gemm,fc2,8,0,226.30399465560913,127045632,129142784,2097152,2097152,1024,2026-04-15T13:51:20Z,baseline_nvml_pt,nvidia-smi,ok,0.0,93.0,1695.0,7601.0,64.47,0.2519040107727051,129.16015625,129.16015625,8.0,True,,82.95000000000002,58.74999999999999,70.19999999999999,estimated,,prefill-facebook-opt-1-3b-chunk-512-sm-8,success,,,/mnt/data/dheeraj/dicertation/inference-profile/runs/revised-rerun-20260415-145100-g3-opt13b-c512-1024/raw/points/prefill/prefill-facebook-opt-1-3b-chunk-512-sm-8.csv
facebook/opt-1.3b,512,attention,attention,8,0,74.75200295448303,127045632,129209344,2163712,2097152,1024,2026-04-15T13:51:20Z,baseline_nvml_pt,nvidia-smi,ok,0.0,93.0,1695.0,7601.0,64.47,0.2519040107727051,129.16015625,129.16015625,8.0,True,,82.95000000000002,58.74999999999999,70.19999999999999,estimated,,prefill-facebook-opt-1-3b-chunk-512-sm-8,success,,,/mnt/data/dheeraj/dicertation/inference-profile/runs/revised-rerun-20260415-145100-g3-opt13b-c512-1024/raw/points/prefill/prefill-facebook-opt-1-3b-chunk-512-sm-8.csv
facebook/opt-1.3b,512,gemm,q_proj,8,1,97.05600142478943,127045632,129142784,2097152,2097152,1024,2026-04-15T13:51:20Z,baseline_nvml_pt,nvidia-smi,ok,0.0,93.0,1695.0,7601.0,64.47,0.2519040107727051,129.16015625,129.16015625,8.0,True,,82.95000000000002,58.74999999999999,70.19999999999999,estimated,,prefill-facebook-opt-1-3b-chunk-512-sm-8,success,,,/mnt/data/dheeraj/dicertation/inference-profile/runs/revised-rerun-20260415-145100-g3-opt13b-c512-1024/raw/points/prefill/prefill-facebook-opt-1-3b-chunk-512-sm-8.csv
facebook/opt-1.3b,512,gemm,k_proj,8,1,94.2080020904541,127045632,129142784,2097152,2097152,1024,2026-04-15T13:51:20Z,baseline_nvml_pt,nvidia-smi,ok,0.0,93.0,1695.0,7601.0,64.47,0.2519040107727051,129.16015625,129.16015625,8.0,True,,82.95000000000002,58.74999999999999,70.19999999999999,estimated,,prefill-facebook-opt-1-3b-chunk-512-sm-8,success,,,/mnt/data/dheeraj/dicertation/inference-profile/runs/revised-rerun-20260415-145100-g3-opt13b-c512-1024/raw/points/prefill/prefill-facebook-opt-1-3b-chunk-512-sm-8.csv
facebook/opt-1.3b,512,gemm,v_proj,8,1,90.11200070381165,127045632,129142784,2097152,2097152,1024,2026-04-15T13:51:20Z,baseline_nvml_pt,nvidia-smi,ok,0.0,93.0,1695.0,7601.0,64.47,0.2519040107727051,129.16015625,129.16015625,8.0,True,,82.95000000000002,58.74999999999999,70.19999999999999,estimated,,prefill-facebook-opt-1-3b-chunk-512-sm-8,success,,,/mnt/data/dheeraj/dicertation/inference-profile/runs/revised-rerun-20260415-145100-g3-opt13b-c512-1024/raw/points/prefill/prefill-facebook-opt-1-3b-chunk-512-sm-8.csv
facebook/opt-1.3b,512,gemm,out_proj,8,1,90.11200070381165,127045632,129142784,2097152,2097152,1024,2026-04-15T13:51:20Z,baseline_nvml_pt,nvidia-smi,ok,0.0,93.0,1695.0,7601.0,64.47,0.2519040107727051,129.16015625,129.16015625,8.0,True,,82.95000000000002,58.74999999999999,70.19999999999999,estimated,,prefill-facebook-opt-1-3b-chunk-512-sm-8,success,,,/mnt/data/dheeraj/dicertation/inference-profile/runs/revised-rerun-20260415-145100-g3-opt13b-c512-1024/raw/points/prefill/prefill-facebook-opt-1-3b-chunk-512-sm-8.csv
facebook/opt-1.3b,512,gemm,fc1,8,1,250.88000297546387,127045632,135434240,8388608,8388608,1024,2026-04-15T13:51:20Z,baseline_nvml_pt,nvidia-smi,ok,0.0,93.0,1695.0,7601.0,64.47,0.2519040107727051,129.16015625,129.16015625,8.0,True,,82.95000000000002,58.74999999999999,70.19999999999999,estimated,,prefill-facebook-opt-1-3b-chunk-512-sm-8,success,,,/mnt/data/dheeraj/dicertation/inference-profile/runs/revised-rerun-20260415-145100-g3-opt13b-c512-1024/raw/points/prefill/prefill-facebook-opt-1-3b-chunk-512-sm-8.csv
facebook/opt-1.3b,512,gemm,fc2,8,1,223.23200106620789,127045632,129142784,2097152,2097152,1024,2026-04-15T13:51:20Z,baseline_nvml_pt,nvidia-smi,ok,0.0,93.0,1695.0,7601.0,64.47,0.2519040107727051,129.16015625,129.16015625,8.0,True,,82.95000000000002,58.74999999999999,70.19999999999999,estimated,,prefill-facebook-opt-1-3b-chunk-512-sm-8,success,,,/mnt/data/dheeraj/dicertation/inference-profile/runs/revised-rerun-20260415-145100-g3-opt13b-c512-1024/raw/points/prefill/prefill-facebook-opt-1-3b-chunk-512-sm-8.csv
facebook/opt-1.3b,512,attention,attention,8,1,71.52000069618225,127045632,129209344,2163712,2097152,1024,2026-04-15T13:51:20Z,baseline_nvml_pt,nvidia-smi,ok,0.0,93.0,1695.0,7601.0,64.47,0.2519040107727051,129.16015625,129.16015625,8.0,True,,82.95000000000002,58.74999999999999,70.19999999999999,estimated,,prefill-facebook-opt-1-3b-chunk-512-sm-8,success,,,/mnt/data/dheeraj/dicertation/inference-profile/runs/revised-rerun-20260415-145100-g3-opt13b-c512-1024/raw/points/prefill/prefill-facebook-opt-1-3b-chunk-512-sm-8.csv
facebook/opt-1.3b,512,gemm,q_proj,8,2,96.12800180912018,127045632,129142784,2097152,2097152,1024,2026-04-15T13:51:20Z,baseline_nvml_pt,nvidia-smi,ok,0.0,93.0,1695.0,7601.0,64.47,0.2519040107727051,129.16015625,129.16015625,8.0,True,,82.95000000000002,58.74999999999999,70.19999999999999,estimated,,prefill-facebook-opt-1-3b-chunk-512-sm-8,success,,,/mnt/data/dheeraj/dicertation/inference-profile/runs/revised-rerun-20260415-145100-g3-opt13b-c512-1024/raw/points/prefill/prefill-facebook-opt-1-3b-chunk-512-sm-8.csv
facebook/opt-1.3b,512,gemm,k_proj,8,2,98.30400347709656,127045632,129142784,2097152,2097152,1024,2026-04-15T13:51:20Z,baseline_nvml_pt,nvidia-smi,ok,0.0,93.0,1695.0,7601.0,64.47,0.2519040107727051,129.16015625,129.16015625,8.0,True,,82.95000000000002,58.74999999999999,70.19999999999999,estimated,,prefill-facebook-opt-1-3b-chunk-512-sm-8,success,,,/mnt/data/dheeraj/dicertation/inference-profile/runs/revised-rerun-20260415-145100-g3-opt13b-c512-1024/raw/points/prefill/prefill-facebook-opt-1-3b-chunk-512-sm-8.csv
facebook/opt-1.3b,512,gemm,v_proj,8,2,90.11200070381165,127045632,129142784,2097152,2097152,1024,2026-04-15T13:51:20Z,baseline_nvml_pt,nvidia-smi,ok,0.0,93.0,1695.0,7601.0,64.47,0.2519040107727051,129.16015625,129.16015625,8.0,True,,82.95000000000002,58.74999999999999,70.19999999999999,estimated,,prefill-facebook-opt-1-3b-chunk-512-sm-8,success,,,/mnt/data/dheeraj/dicertation/inference-profile/runs/revised-rerun-20260415-145100-g3-opt13b-c512-1024/raw/points/prefill/prefill-facebook-opt-1-3b-chunk-512-sm-8.csv
facebook/opt-1.3b,512,gemm,out_proj,8,2,91.13600105047226,127045632,129142784,2097152,2097152,1024,2026-04-15T13:51:20Z,baseline_nvml_pt,nvidia-smi,ok,0.0,93.0,1695.0,7601.0,64.47,0.2519040107727051,129.16015625,129.16015625,8.0,True,,82.95000000000002,58.74999999999999,70.19999999999999,estimated,,prefill-facebook-opt-1-3b-chunk-512-sm-8,success,,,/mnt/data/dheeraj/dicertation/inference-profile/runs/revised-rerun-20260415-145100-g3-opt13b-c512-1024/raw/points/prefill/prefill-facebook-opt-1-3b-chunk-512-sm-8.csv
facebook/opt-1.3b,512,gemm,fc1,8,2,250.88000297546387,127045632,135434240,8388608,8388608,1024,2026-04-15T13:51:20Z,baseline_nvml_pt,nvidia-smi,ok,0.0,93.0,1695.0,7601.0,64.47,0.2519040107727051,129.16015625,129.16015625,8.0,True,,82.95000000000002,58.74999999999999,70.19999999999999,estimated,,prefill-facebook-opt-1-3b-chunk-512-sm-8,success,,,/mnt/data/dheeraj/dicertation/inference-profile/runs/revised-rerun-20260415-145100-g3-opt13b-c512-1024/raw/points/prefill/prefill-facebook-opt-1-3b-chunk-512-sm-8.csv
facebook/opt-1.3b,512,gemm,fc2,8,2,223.1680005788803,127045632,129142784,2097152,2097152,1024,2026-04-15T13:51:20Z,baseline_nvml_pt,nvidia-smi,ok,0.0,93.0,1695.0,7601.0,64.47,0.2519040107727051,129.16015625,129.16015625,8.0,True,,82.95000000000002,58.74999999999999,70.19999999999999,estimated,,prefill-facebook-opt-1-3b-chunk-512-sm-8,success,,,/mnt/data/dheeraj/dicertation/inference-profile/runs/revised-rerun-20260415-145100-g3-opt13b-c512-1024/raw/points/prefill/prefill-facebook-opt-1-3b-chunk-512-sm-8.csv
facebook/opt-1.3b,512,attention,attention,8,2,71.68000191450119,127045632,129209344,2163712,2097152,1024,2026-04-15T13:51:20Z,baseline_nvml_pt,nvidia-smi,ok,0.0,93.0,1695.0,7601.0,64.47,0.2519040107727051,129.16015625,129.16015625,8.0,True,,82.95000000000002,58.74999999999999,70.19999999999999,estimated,,prefill-facebook-opt-1-3b-chunk-512-sm-8,success,,,/mnt/data/dheeraj/dicertation/inference-profile/runs/revised-rerun-20260415-145100-g3-opt13b-c512-1024/raw/points/prefill/prefill-facebook-opt-1-3b-chunk-512-sm-8.csv
facebook/opt-1.3b,512,gemm,q_proj,8,3,94.2080020904541,127045632,129142784,2097152,2097152,1024,2026-04-15T13:51:20Z,baseline_nvml_pt,nvidia-smi,ok,0.0,93.0,1695.0,7601.0,64.47,0.2519040107727051,129.16015625,129.16015625,8.0,True,,82.95000000000002,58.74999999999999,70.19999999999999,estimated,,prefill-facebook-opt-1-3b-chunk-512-sm-8,success,,,/mnt/data/dheeraj/dicertation/inference-profile/runs/revised-rerun-20260415-145100-g3-opt13b-c512-1024/raw/points/prefill/prefill-facebook-opt-1-3b-chunk-512-sm-8.csv
facebook/opt-1.3b,512,gemm,k_proj,8,3,91.0400003194809,127045632,129142784,2097152,2097152,1024,2026-04-15T13:51:20Z,baseline_nvml_pt,nvidia-smi,ok,0.0,93.0,1695.0,7601.0,64.47,0.2519040107727051,129.16015625,129.16015625,8.0,True,,82.95000000000002,58.74999999999999,70.19999999999999,estimated,,prefill-facebook-opt-1-3b-chunk-512-sm-8,success,,,/mnt/data/dheeraj/dicertation/inference-profile/runs/revised-rerun-20260415-145100-g3-opt13b-c512-1024/raw/points/prefill/prefill-facebook-opt-1-3b-chunk-512-sm-8.csv
facebook/opt-1.3b,512,gemm,v_proj,8,3,112.64000087976456,127045632,129142784,2097152,2097152,1024,2026-04-15T13:51:20Z,baseline_nvml_pt,nvidia-smi,ok,0.0,93.0,1695.0,7601.0,64.47,0.2519040107727051,129.16015625,129.16015625,8.0,True,,82.95000000000002,58.74999999999999,70.19999999999999,estimated,,prefill-facebook-opt-1-3b-chunk-512-sm-8,success,,,/mnt/data/dheeraj/dicertation/inference-profile/runs/revised-rerun-20260415-145100-g3-opt13b-c512-1024/raw/points/prefill/prefill-facebook-opt-1-3b-chunk-512-sm-8.csv
facebook/opt-1.3b,512,gemm,out_proj,8,3,91.16800129413605,127045632,129142784,2097152,2097152,1024,2026-04-15T13:51:20Z,baseline_nvml_pt,nvidia-smi,ok,0.0,93.0,1695.0,7601.0,64.47,0.2519040107727051,129.16015625,129.16015625,8.0,True,,82.95000000000002,58.74999999999999,70.19999999999999,estimated,,prefill-facebook-opt-1-3b-chunk-512-sm-8,success,,,/mnt/data/dheeraj/dicertation/inference-profile/runs/revised-rerun-20260415-145100-g3-opt13b-c512-1024/raw/points/prefill/prefill-facebook-opt-1-3b-chunk-512-sm-8.csv
facebook/opt-1.3b,512,gemm,fc1,8,3,248.79999458789825,127045632,135434240,8388608,8388608,1024,2026-04-15T13:51:20Z,baseline_nvml_pt,nvidia-smi,ok,0.0,93.0,1695.0,7601.0,64.47,0.2519040107727051,129.16015625,129.16015625,8.0,True,,82.95000000000002,58.74999999999999,70.19999999999999,estimated,,prefill-facebook-opt-1-3b-chunk-512-sm-8,success,,,/mnt/data/dheeraj/dicertation/inference-profile/runs/revised-rerun-20260415-145100-g3-opt13b-c512-1024/raw/points/prefill/prefill-facebook-opt-1-3b-chunk-512-sm-8.csv
facebook/opt-1.3b,512,gemm,fc2,8,3,222.27199375629425,127045632,129142784,2097152,2097152,1024,2026-04-15T13:51:20Z,baseline_nvml_pt,nvidia-smi,ok,0.0,93.0,1695.0,7601.0,64.47,0.2519040107727051,129.16015625,129.16015625,8.0,True,,82.95000000000002,58.74999999999999,70.19999999999999,estimated,,prefill-facebook-opt-1-3b-chunk-512-sm-8,success,,,/mnt/data/dheeraj/dicertation/inference-profile/runs/revised-rerun-20260415-145100-g3-opt13b-c512-1024/raw/points/prefill/prefill-facebook-opt-1-3b-chunk-512-sm-8.csv
facebook/opt-1.3b,512,attention,attention,8,3,68.70400160551071,127045632,129209344,2163712,2097152,1024,2026-04-15T13:51:20Z,baseline_nvml_pt,nvidia-smi,ok,0.0,93.0,1695.0,7601.0,64.47,0.2519040107727051,129.16015625,129.16015625,8.0,True,,82.95000000000002,58.74999999999999,70.19999999999999,estimated,,prefill-facebook-opt-1-3b-chunk-512-sm-8,success,,,/mnt/data/dheeraj/dicertation/inference-profile/runs/revised-rerun-20260415-145100-g3-opt13b-c512-1024/raw/points/prefill/prefill-facebook-opt-1-3b-chunk-512-sm-8.csv
facebook/opt-1.3b,512,gemm,q_proj,8,4,101.3759970664978,127045632,129142784,2097152,2097152,1024,2026-04-15T13:51:20Z,baseline_nvml_pt,nvidia-smi,ok,0.0,93.0,1695.0,7601.0,64.47,0.2519040107727051,129.16015625,129.16015625,8.0,True,,82.95000000000002,58.74999999999999,70.19999999999999,estimated,,prefill-facebook-opt-1-3b-chunk-512-sm-8,success,,,/mnt/data/dheeraj/dicertation/inference-profile/runs/revised-rerun-20260415-145100-g3-opt13b-c512-1024/raw/points/prefill/prefill-facebook-opt-1-3b-chunk-512-sm-8.csv
facebook/opt-1.3b,512,gemm,k_proj,8,4,91.13600105047226,127045632,129142784,2097152,2097152,1024,2026-04-15T13:51:20Z,baseline_nvml_pt,nvidia-smi,ok,0.0,93.0,1695.0,7601.0,64.47,0.2519040107727051,129.16015625,129.16015625,8.0,True,,82.95000000000002,58.74999999999999,70.19999999999999,estimated,,prefill-facebook-opt-1-3b-chunk-512-sm-8,success,,,/mnt/data/dheeraj/dicertation/inference-profile/runs/revised-rerun-20260415-145100-g3-opt13b-c512-1024/raw/points/prefill/prefill-facebook-opt-1-3b-chunk-512-sm-8.csv
facebook/opt-1.3b,512,gemm,v_proj,8,4,89.82399851083755,127045632,129142784,2097152,2097152,1024,2026-04-15T13:51:20Z,baseline_nvml_pt,nvidia-smi,ok,0.0,93.0,1695.0,7601.0,64.47,0.2519040107727051,129.16015625,129.16015625,8.0,True,,82.95000000000002,58.74999999999999,70.19999999999999,estimated,,prefill-facebook-opt-1-3b-chunk-512-sm-8,success,,,/mnt/data/dheeraj/dicertation/inference-profile/runs/revised-rerun-20260415-145100-g3-opt13b-c512-1024/raw/points/prefill/prefill-facebook-opt-1-3b-chunk-512-sm-8.csv
facebook/opt-1.3b,512,gemm,out_proj,8,4,88.06400001049042,127045632,129142784,2097152,2097152,1024,2026-04-15T13:51:20Z,baseline_nvml_pt,nvidia-smi,ok,0.0,93.0,1695.0,7601.0,64.47,0.2519040107727051,129.16015625,129.16015625,8.0,True,,82.95000000000002,58.74999999999999,70.19999999999999,estimated,,prefill-facebook-opt-1-3b-chunk-512-sm-8,success,,,/mnt/data/dheeraj/dicertation/inference-profile/runs/revised-rerun-20260415-145100-g3-opt13b-c512-1024/raw/points/prefill/prefill-facebook-opt-1-3b-chunk-512-sm-8.csv
facebook/opt-1.3b,512,gemm,fc1,8,4,248.83200228214264,127045632,135434240,8388608,8388608,1024,2026-04-15T13:51:20Z,baseline_nvml_pt,nvidia-smi,ok,0.0,93.0,1695.0,7601.0,64.47,0.2519040107727051,129.16015625,129.16015625,8.0,True,,82.95000000000002,58.74999999999999,70.19999999999999,estimated,,prefill-facebook-opt-1-3b-chunk-512-sm-8,success,,,/mnt/data/dheeraj/dicertation/inference-profile/runs/revised-rerun-20260415-145100-g3-opt13b-c512-1024/raw/points/prefill/prefill-facebook-opt-1-3b-chunk-512-sm-8.csv
facebook/opt-1.3b,512,gemm,fc2,8,4,222.20799326896667,127045632,129142784,2097152,2097152,1024,2026-04-15T13:51:20Z,baseline_nvml_pt,nvidia-smi,ok,0.0,93.0,1695.0,7601.0,64.47,0.2519040107727051,129.16015625,129.16015625,8.0,True,,82.95000000000002,58.74999999999999,70.19999999999999,estimated,,prefill-facebook-opt-1-3b-chunk-512-sm-8,success,,,/mnt/data/dheeraj/dicertation/inference-profile/runs/revised-rerun-20260415-145100-g3-opt13b-c512-1024/raw/points/prefill/prefill-facebook-opt-1-3b-chunk-512-sm-8.csv
facebook/opt-1.3b,512,attention,attention,8,4,68.60800087451935,127045632,129209344,2163712,2097152,1024,2026-04-15T13:51:20Z,baseline_nvml_pt,nvidia-smi,ok,0.0,93.0,1695.0,7601.0,64.47,0.2519040107727051,129.16015625,129.16015625,8.0,True,,82.95000000000002,58.74999999999999,70.19999999999999,estimated,,prefill-facebook-opt-1-3b-chunk-512-sm-8,success,,,/mnt/data/dheeraj/dicertation/inference-profile/runs/revised-rerun-20260415-145100-g3-opt13b-c512-1024/raw/points/prefill/prefill-facebook-opt-1-3b-chunk-512-sm-8.csv
facebook/opt-1.3b,512,gemm,q_proj,16,0,113.66400122642517,127045632,129142784,2097152,2097152,1024,2026-04-15T13:51:28Z,baseline_nvml_pt,nvidia-smi,ok,6.0,93.0,1695.0,7601.0,65.54,0.9482240080833435,129.16015625,129.16015625,8.0,True,,90.3,53.580000000000005,78.0,estimated,,prefill-facebook-opt-1-3b-chunk-512-sm-16,success,,,/mnt/data/dheeraj/dicertation/inference-profile/runs/revised-rerun-20260415-145100-g3-opt13b-c512-1024/raw/points/prefill/prefill-facebook-opt-1-3b-chunk-512-sm-16.csv
facebook/opt-1.3b,512,gemm,k_proj,16,0,103.42399775981903,127045632,129142784,2097152,2097152,1024,2026-04-15T13:51:28Z,baseline_nvml_pt,nvidia-smi,ok,6.0,93.0,1695.0,7601.0,65.54,0.9482240080833435,129.16015625,129.16015625,8.0,True,,90.3,53.580000000000005,78.0,estimated,,prefill-facebook-opt-1-3b-chunk-512-sm-16,success,,,/mnt/data/dheeraj/dicertation/inference-profile/runs/revised-rerun-20260415-145100-g3-opt13b-c512-1024/raw/points/prefill/prefill-facebook-opt-1-3b-chunk-512-sm-16.csv
facebook/opt-1.3b,512,gemm,v_proj,16,0,96.25600278377533,127045632,129142784,2097152,2097152,1024,2026-04-15T13:51:28Z,baseline_nvml_pt,nvidia-smi,ok,6.0,93.0,1695.0,7601.0,65.54,0.9482240080833435,129.16015625,129.16015625,8.0,True,,90.3,53.580000000000005,78.0,estimated,,prefill-facebook-opt-1-3b-chunk-512-sm-16,success,,,/mnt/data/dheeraj/dicertation/inference-profile/runs/revised-rerun-20260415-145100-g3-opt13b-c512-1024/raw/points/prefill/prefill-facebook-opt-1-3b-chunk-512-sm-16.csv
facebook/opt-1.3b,512,gemm,out_proj,16,0,93.18400174379349,127045632,129142784,2097152,2097152,1024,2026-04-15T13:51:28Z,baseline_nvml_pt,nvidia-smi,ok,6.0,93.0,1695.0,7601.0,65.54,0.9482240080833435,129.16015625,129.16015625,8.0,True,,90.3,53.580000000000005,78.0,estimated,,prefill-facebook-opt-1-3b-chunk-512-sm-16,success,,,/mnt/data/dheeraj/dicertation/inference-profile/runs/revised-rerun-20260415-145100-g3-opt13b-c512-1024/raw/points/prefill/prefill-facebook-opt-1-3b-chunk-512-sm-16.csv
facebook/opt-1.3b,512,gemm,fc1,16,0,257.02399015426636,127045632,135434240,8388608,8388608,1024,2026-04-15T13:51:28Z,baseline_nvml_pt,nvidia-smi,ok,6.0,93.0,1695.0,7601.0,65.54,0.9482240080833435,129.16015625,129.16015625,8.0,True,,90.3,53.580000000000005,78.0,estimated,,prefill-facebook-opt-1-3b-chunk-512-sm-16,success,,,/mnt/data/dheeraj/dicertation/inference-profile/runs/revised-rerun-20260415-145100-g3-opt13b-c512-1024/raw/points/prefill/prefill-facebook-opt-1-3b-chunk-512-sm-16.csv
facebook/opt-1.3b,512,gemm,fc2,16,0,227.1679937839508,127045632,129142784,2097152,2097152,1024,2026-04-15T13:51:28Z,baseline_nvml_pt,nvidia-smi,ok,6.0,93.0,1695.0,7601.0,65.54,0.9482240080833435,129.16015625,129.16015625,8.0,True,,90.3,53.580000000000005,78.0,estimated,,prefill-facebook-opt-1-3b-chunk-512-sm-16,success,,,/mnt/data/dheeraj/dicertation/inference-profile/runs/revised-rerun-20260415-145100-g3-opt13b-c512-1024/raw/points/prefill/prefill-facebook-opt-1-3b-chunk-512-sm-16.csv
facebook/opt-1.3b,512,attention,attention,16,0,74.68800246715546,127045632,129209344,2163712,2097152,1024,2026-04-15T13:51:28Z,baseline_nvml_pt,nvidia-smi,ok,6.0,93.0,1695.0,7601.0,65.54,0.9482240080833435,129.16015625,129.16015625,8.0,True,,90.3,53.580000000000005,78.0,estimated,,prefill-facebook-opt-1-3b-chunk-512-sm-16,success,,,/mnt/data/dheeraj/dicertation/inference-profile/runs/revised-rerun-20260415-145100-g3-opt13b-c512-1024/raw/points/prefill/prefill-facebook-opt-1-3b-chunk-512-sm-16.csv
facebook/opt-1.3b,512,gemm,q_proj,16,1,99.32799637317657,127045632,129142784,2097152,2097152,1024,2026-04-15T13:51:28Z,baseline_nvml_pt,nvidia-smi,ok,6.0,93.0,1695.0,7601.0,65.54,0.9482240080833435,129.16015625,129.16015625,8.0,True,,90.3,53.580000000000005,78.0,estimated,,prefill-facebook-opt-1-3b-chunk-512-sm-16,success,,,/mnt/data/dheeraj/dicertation/inference-profile/runs/revised-rerun-20260415-145100-g3-opt13b-c512-1024/raw/points/prefill/prefill-facebook-opt-1-3b-chunk-512-sm-16.csv
facebook/opt-1.3b,512,gemm,k_proj,16,1,93.18400174379349,127045632,129142784,2097152,2097152,1024,2026-04-15T13:51:28Z,baseline_nvml_pt,nvidia-smi,ok,6.0,93.0,1695.0,7601.0,65.54,0.9482240080833435,129.16015625,129.16015625,8.0,True,,90.3,53.580000000000005,78.0,estimated,,prefill-facebook-opt-1-3b-chunk-512-sm-16,success,,,/mnt/data/dheeraj/dicertation/inference-profile/runs/revised-rerun-20260415-145100-g3-opt13b-c512-1024/raw/points/prefill/prefill-facebook-opt-1-3b-chunk-512-sm-16.csv
facebook/opt-1.3b,512,gemm,v_proj,16,1,93.18400174379349,127045632,129142784,2097152,2097152,1024,2026-04-15T13:51:28Z,baseline_nvml_pt,nvidia-smi,ok,6.0,93.0,1695.0,7601.0,65.54,0.9482240080833435,129.16015625,129.16015625,8.0,True,,90.3,53.580000000000005,78.0,estimated,,prefill-facebook-opt-1-3b-chunk-512-sm-16,success,,,/mnt/data/dheeraj/dicertation/inference-profile/runs/revised-rerun-20260415-145100-g3-opt13b-c512-1024/raw/points/prefill/prefill-facebook-opt-1-3b-chunk-512-sm-16.csv
facebook/opt-1.3b,512,gemm,out_proj,16,1,90.30400216579437,127045632,129142784,2097152,2097152,1024,2026-04-15T13:51:28Z,baseline_nvml_pt,nvidia-smi,ok,6.0,93.0,1695.0,7601.0,65.54,0.9482240080833435,129.16015625,129.16015625,8.0,True,,90.3,53.580000000000005,78.0,estimated,,prefill-facebook-opt-1-3b-chunk-512-sm-16,success,,,/mnt/data/dheeraj/dicertation/inference-profile/runs/revised-rerun-20260415-145100-g3-opt13b-c512-1024/raw/points/prefill/prefill-facebook-opt-1-3b-chunk-512-sm-16.csv
facebook/opt-1.3b,512,gemm,fc1,16,1,252.9279887676239,127045632,135434240,8388608,8388608,1024,2026-04-15T13:51:28Z,baseline_nvml_pt,nvidia-smi,ok,6.0,93.0,1695.0,7601.0,65.54,0.9482240080833435,129.16015625,129.16015625,8.0,True,,90.3,53.580000000000005,78.0,estimated,,prefill-facebook-opt-1-3b-chunk-512-sm-16,success,,,/mnt/data/dheeraj/dicertation/inference-profile/runs/revised-rerun-20260415-145100-g3-opt13b-c512-1024/raw/points/prefill/prefill-facebook-opt-1-3b-chunk-512-sm-16.csv
facebook/opt-1.3b,512,gemm,fc2,16,1,224.2559939622879,127045632,129142784,2097152,2097152,1024,2026-04-15T13:51:28Z,baseline_nvml_pt,nvidia-smi,ok,6.0,93.0,1695.0,7601.0,65.54,0.9482240080833435,129.16015625,129.16015625,8.0,True,,90.3,53.580000000000005,78.0,estimated,,prefill-facebook-opt-1-3b-chunk-512-sm-16,success,,,/mnt/data/dheeraj/dicertation/inference-profile/runs/revised-rerun-20260415-145100-g3-opt13b-c512-1024/raw/points/prefill/prefill-facebook-opt-1-3b-chunk-512-sm-16.csv
facebook/opt-1.3b,512,attention,attention,16,1,69.63200122117996,127045632,129209344,2163712,2097152,1024,2026-04-15T13:51:28Z,baseline_nvml_pt,nvidia-smi,ok,6.0,93.0,1695.0,7601.0,65.54,0.9482240080833435,129.16015625,129.16015625,8.0,True,,90.3,53.580000000000005,78.0,estimated,,prefill-facebook-opt-1-3b-chunk-512-sm-16,success,,,/mnt/data/dheeraj/dicertation/inference-profile/runs/revised-rerun-20260415-145100-g3-opt13b-c512-1024/raw/points/prefill/prefill-facebook-opt-1-3b-chunk-512-sm-16.csv
facebook/opt-1.3b,512,gemm,q_proj,16,2,97.120001912117,127045632,129142784,2097152,2097152,1024,2026-04-15T13:51:28Z,baseline_nvml_pt,nvidia-smi,ok,6.0,93.0,1695.0,7601.0,65.54,0.9482240080833435,129.16015625,129.16015625,8.0,True,,90.3,53.580000000000005,78.0,estimated,,prefill-facebook-opt-1-3b-chunk-512-sm-16,success,,,/mnt/data/dheeraj/dicertation/inference-profile/runs/revised-rerun-20260415-145100-g3-opt13b-c512-1024/raw/points/prefill/prefill-facebook-opt-1-3b-chunk-512-sm-16.csv
facebook/opt-1.3b,512,gemm,k_proj,16,2,100.35199671983719,127045632,129142784,2097152,2097152,1024,2026-04-15T13:51:28Z,baseline_nvml_pt,nvidia-smi,ok,6.0,93.0,1695.0,7601.0,65.54,0.9482240080833435,129.16015625,129.16015625,8.0,True,,90.3,53.580000000000005,78.0,estimated,,prefill-facebook-opt-1-3b-chunk-512-sm-16,success,,,/mnt/data/dheeraj/dicertation/inference-profile/runs/revised-rerun-20260415-145100-g3-opt13b-c512-1024/raw/points/prefill/prefill-facebook-opt-1-3b-chunk-512-sm-16.csv
facebook/opt-1.3b,512,gemm,v_proj,16,2,948.2240080833435,127045632,129142784,2097152,2097152,1024,2026-04-15T13:51:28Z,baseline_nvml_pt,nvidia-smi,ok,6.0,93.0,1695.0,7601.0,65.54,0.9482240080833435,129.16015625,129.16015625,8.0,True,,90.3,53.580000000000005,78.0,estimated,,prefill-facebook-opt-1-3b-chunk-512-sm-16,success,,,/mnt/data/dheeraj/dicertation/inference-profile/runs/revised-rerun-20260415-145100-g3-opt13b-c512-1024/raw/points/prefill/prefill-facebook-opt-1-3b-chunk-512-sm-16.csv
facebook/opt-1.3b,512,gemm,out_proj,16,2,92.16000139713287,127045632,129142784,2097152,2097152,1024,2026-04-15T13:51:28Z,baseline_nvml_pt,nvidia-smi,ok,6.0,93.0,1695.0,7601.0,65.54,0.9482240080833435,129.16015625,129.16015625,8.0,True,,90.3,53.580000000000005,78.0,estimated,,prefill-facebook-opt-1-3b-chunk-512-sm-16,success,,,/mnt/data/dheeraj/dicertation/inference-profile/runs/revised-rerun-20260415-145100-g3-opt13b-c512-1024/raw/points/prefill/prefill-facebook-opt-1-3b-chunk-512-sm-16.csv
facebook/opt-1.3b,512,gemm,fc1,16,2,256.00001215934753,127045632,135434240,8388608,8388608,1024,2026-04-15T13:51:28Z,baseline_nvml_pt,nvidia-smi,ok,6.0,93.0,1695.0,7601.0,65.54,0.9482240080833435,129.16015625,129.16015625,8.0,True,,90.3,53.580000000000005,78.0,estimated,,prefill-facebook-opt-1-3b-chunk-512-sm-16,success,,,/mnt/data/dheeraj/dicertation/inference-profile/runs/revised-rerun-20260415-145100-g3-opt13b-c512-1024/raw/points/prefill/prefill-facebook-opt-1-3b-chunk-512-sm-16.csv
facebook/opt-1.3b,512,gemm,fc2,16,2,224.2559939622879,127045632,129142784,2097152,2097152,1024,2026-04-15T13:51:28Z,baseline_nvml_pt,nvidia-smi,ok,6.0,93.0,1695.0,7601.0,65.54,0.9482240080833435,129.16015625,129.16015625,8.0,True,,90.3,53.580000000000005,78.0,estimated,,prefill-facebook-opt-1-3b-chunk-512-sm-16,success,,,/mnt/data/dheeraj/dicertation/inference-profile/runs/revised-rerun-20260415-145100-g3-opt13b-c512-1024/raw/points/prefill/prefill-facebook-opt-1-3b-chunk-512-sm-16.csv
facebook/opt-1.3b,512,attention,attention,16,2,73.7600028514862,127045632,129209344,2163712,2097152,1024,2026-04-15T13:51:28Z,baseline_nvml_pt,nvidia-smi,ok,6.0,93.0,1695.0,7601.0,65.54,0.9482240080833435,129.16015625,129.16015625,8.0,True,,90.3,53.580000000000005,78.0,estimated,,prefill-facebook-opt-1-3b-chunk-512-sm-16,success,,,/mnt/data/dheeraj/dicertation/inference-profile/runs/revised-rerun-20260415-145100-g3-opt13b-c512-1024/raw/points/prefill/prefill-facebook-opt-1-3b-chunk-512-sm-16.csv
facebook/opt-1.3b,512,gemm,q_proj,16,3,96.25600278377533,127045632,129142784,2097152,2097152,1024,2026-04-15T13:51:28Z,baseline_nvml_pt,nvidia-smi,ok,6.0,93.0,1695.0,7601.0,65.54,0.9482240080833435,129.16015625,129.16015625,8.0,True,,90.3,53.580000000000005,78.0,estimated,,prefill-facebook-opt-1-3b-chunk-512-sm-16,success,,,/mnt/data/dheeraj/dicertation/inference-profile/runs/revised-rerun-20260415-145100-g3-opt13b-c512-1024/raw/points/prefill/prefill-facebook-opt-1-3b-chunk-512-sm-16.csv
facebook/opt-1.3b,512,gemm,k_proj,16,3,90.01599997282028,127045632,129142784,2097152,2097152,1024,2026-04-15T13:51:28Z,baseline_nvml_pt,nvidia-smi,ok,6.0,93.0,1695.0,7601.0,65.54,0.9482240080833435,129.16015625,129.16015625,8.0,True,,90.3,53.580000000000005,78.0,estimated,,prefill-facebook-opt-1-3b-chunk-512-sm-16,success,,,/mnt/data/dheeraj/dicertation/inference-profile/runs/revised-rerun-20260415-145100-g3-opt13b-c512-1024/raw/points/prefill/prefill-facebook-opt-1-3b-chunk-512-sm-16.csv
facebook/opt-1.3b,512,gemm,v_proj,16,3,97.28000313043594,127045632,129142784,2097152,2097152,1024,2026-04-15T13:51:28Z,baseline_nvml_pt,nvidia-smi,ok,6.0,93.0,1695.0,7601.0,65.54,0.9482240080833435,129.16015625,129.16015625,8.0,True,,90.3,53.580000000000005,78.0,estimated,,prefill-facebook-opt-1-3b-chunk-512-sm-16,success,,,/mnt/data/dheeraj/dicertation/inference-profile/runs/revised-rerun-20260415-145100-g3-opt13b-c512-1024/raw/points/prefill/prefill-facebook-opt-1-3b-chunk-512-sm-16.csv
facebook/opt-1.3b,512,gemm,out_proj,16,3,92.12800115346909,127045632,129142784,2097152,2097152,1024,2026-04-15T13:51:28Z,baseline_nvml_pt,nvidia-smi,ok,6.0,93.0,1695.0,7601.0,65.54,0.9482240080833435,129.16015625,129.16015625,8.0,True,,90.3,53.580000000000005,78.0,estimated,,prefill-facebook-opt-1-3b-chunk-512-sm-16,success,,,/mnt/data/dheeraj/dicertation/inference-profile/runs/revised-rerun-20260415-145100-g3-opt13b-c512-1024/raw/points/prefill/prefill-facebook-opt-1-3b-chunk-512-sm-16.csv
facebook/opt-1.3b,512,gemm,fc1,16,3,249.85599517822266,127045632,135434240,8388608,8388608,1024,2026-04-15T13:51:28Z,baseline_nvml_pt,nvidia-smi,ok,6.0,93.0,1695.0,7601.0,65.54,0.9482240080833435,129.16015625,129.16015625,8.0,True,,90.3,53.580000000000005,78.0,estimated,,prefill-facebook-opt-1-3b-chunk-512-sm-16,success,,,/mnt/data/dheeraj/dicertation/inference-profile/runs/revised-rerun-20260415-145100-g3-opt13b-c512-1024/raw/points/prefill/prefill-facebook-opt-1-3b-chunk-512-sm-16.csv
facebook/opt-1.3b,512,gemm,fc2,16,3,230.3999960422516,127045632,129142784,2097152,2097152,1024,2026-04-15T13:51:28Z,baseline_nvml_pt,nvidia-smi,ok,6.0,93.0,1695.0,7601.0,65.54,0.9482240080833435,129.16015625,129.16015625,8.0,True,,90.3,53.580000000000005,78.0,estimated,,prefill-facebook-opt-1-3b-chunk-512-sm-16,success,,,/mnt/data/dheeraj/dicertation/inference-profile/runs/revised-rerun-20260415-145100-g3-opt13b-c512-1024/raw/points/prefill/prefill-facebook-opt-1-3b-chunk-512-sm-16.csv
facebook/opt-1.3b,512,attention,attention,16,3,69.63200122117996,127045632,129209344,2163712,2097152,1024,2026-04-15T13:51:28Z,baseline_nvml_pt,nvidia-smi,ok,6.0,93.0,1695.0,7601.0,65.54,0.9482240080833435,129.16015625,129.16015625,8.0,True,,90.3,53.580000000000005,78.0,estimated,,prefill-facebook-opt-1-3b-chunk-512-sm-16,success,,,/mnt/data/dheeraj/dicertation/inference-profile/runs/revised-rerun-20260415-145100-g3-opt13b-c512-1024/raw/points/prefill/prefill-facebook-opt-1-3b-chunk-512-sm-16.csv
facebook/opt-1.3b,512,gemm,q_proj,16,4,105.47199845314026,127045632,129142784,2097152,2097152,1024,2026-04-15T13:51:28Z,baseline_nvml_pt,nvidia-smi,ok,6.0,93.0,1695.0,7601.0,65.54,0.9482240080833435,129.16015625,129.16015625,8.0,True,,90.3,53.580000000000005,78.0,estimated,,prefill-facebook-opt-1-3b-chunk-512-sm-16,success,,,/mnt/data/dheeraj/dicertation/inference-profile/runs/revised-rerun-20260415-145100-g3-opt13b-c512-1024/raw/points/prefill/prefill-facebook-opt-1-3b-chunk-512-sm-16.csv
facebook/opt-1.3b,512,gemm,k_proj,16,4,92.16000139713287,127045632,129142784,2097152,2097152,1024,2026-04-15T13:51:28Z,baseline_nvml_pt,nvidia-smi,ok,6.0,93.0,1695.0,7601.0,65.54,0.9482240080833435,129.16015625,129.16015625,8.0,True,,90.3,53.580000000000005,78.0,estimated,,prefill-facebook-opt-1-3b-chunk-512-sm-16,success,,,/mnt/data/dheeraj/dicertation/inference-profile/runs/revised-rerun-20260415-145100-g3-opt13b-c512-1024/raw/points/prefill/prefill-facebook-opt-1-3b-chunk-512-sm-16.csv
facebook/opt-1.3b,512,gemm,v_proj,16,4,90.01599997282028,127045632,129142784,2097152,2097152,1024,2026-04-15T13:51:28Z,baseline_nvml_pt,nvidia-smi,ok,6.0,93.0,1695.0,7601.0,65.54,0.9482240080833435,129.16015625,129.16015625,8.0,True,,90.3,53.580000000000005,78.0,estimated,,prefill-facebook-opt-1-3b-chunk-512-sm-16,success,,,/mnt/data/dheeraj/dicertation/inference-profile/runs/revised-rerun-20260415-145100-g3-opt13b-c512-1024/raw/points/prefill/prefill-facebook-opt-1-3b-chunk-512-sm-16.csv
facebook/opt-1.3b,512,gemm,out_proj,16,4,88.99199962615967,127045632,129142784,2097152,2097152,1024,2026-04-15T13:51:28Z,baseline_nvml_pt,nvidia-smi,ok,6.0,93.0,1695.0,7601.0,65.54,0.9482240080833435,129.16015625,129.16015625,8.0,True,,90.3,53.580000000000005,78.0,estimated,,prefill-facebook-opt-1-3b-chunk-512-sm-16,success,,,/mnt/data/dheeraj/dicertation/inference-profile/runs/revised-rerun-20260415-145100-g3-opt13b-c512-1024/raw/points/prefill/prefill-facebook-opt-1-3b-chunk-512-sm-16.csv
facebook/opt-1.3b,512,gemm,fc1,16,4,250.88000297546387,127045632,135434240,8388608,8388608,1024,2026-04-15T13:51:28Z,baseline_nvml_pt,nvidia-smi,ok,6.0,93.0,1695.0,7601.0,65.54,0.9482240080833435,129.16015625,129.16015625,8.0,True,,90.3,53.580000000000005,78.0,estimated,,prefill-facebook-opt-1-3b-chunk-512-sm-16,success,,,/mnt/data/dheeraj/dicertation/inference-profile/runs/revised-rerun-20260415-145100-g3-opt13b-c512-1024/raw/points/prefill/prefill-facebook-opt-1-3b-chunk-512-sm-16.csv
facebook/opt-1.3b,512,gemm,fc2,16,4,222.1119999885559,127045632,129142784,2097152,2097152,1024,2026-04-15T13:51:28Z,baseline_nvml_pt,nvidia-smi,ok,6.0,93.0,1695.0,7601.0,65.54,0.9482240080833435,129.16015625,129.16015625,8.0,True,,90.3,53.580000000000005,78.0,estimated,,prefill-facebook-opt-1-3b-chunk-512-sm-16,success,,,/mnt/data/dheeraj/dicertation/inference-profile/runs/revised-rerun-20260415-145100-g3-opt13b-c512-1024/raw/points/prefill/prefill-facebook-opt-1-3b-chunk-512-sm-16.csv
facebook/opt-1.3b,512,attention,attention,16,4,95.23200243711472,127045632,129209344,2163712,2097152,1024,2026-04-15T13:51:28Z,baseline_nvml_pt,nvidia-smi,ok,6.0,93.0,1695.0,7601.0,65.54,0.9482240080833435,129.16015625,129.16015625,8.0,True,,90.3,53.580000000000005,78.0,estimated,,prefill-facebook-opt-1-3b-chunk-512-sm-16,success,,,/mnt/data/dheeraj/dicertation/inference-profile/runs/revised-rerun-20260415-145100-g3-opt13b-c512-1024/raw/points/prefill/prefill-facebook-opt-1-3b-chunk-512-sm-16.csv
facebook/opt-1.3b,512,gemm,q_proj,24,0,111.51999980211258,127045632,129142784,2097152,2097152,1024,2026-04-15T13:51:34Z,baseline_nvml_pt,nvidia-smi,ok,0.0,93.0,1695.0,8001.0,65.48,0.26521599292755127,129.16015625,129.16015625,8.0,True,,97.64999999999999,48.41,85.8,estimated,,prefill-facebook-opt-1-3b-chunk-512-sm-24,success,,,/mnt/data/dheeraj/dicertation/inference-profile/runs/revised-rerun-20260415-145100-g3-opt13b-c512-1024/raw/points/prefill/prefill-facebook-opt-1-3b-chunk-512-sm-24.csv
facebook/opt-1.3b,512,gemm,k_proj,24,0,118.49600076675415,127045632,129142784,2097152,2097152,1024,2026-04-15T13:51:34Z,baseline_nvml_pt,nvidia-smi,ok,0.0,93.0,1695.0,8001.0,65.48,0.26521599292755127,129.16015625,129.16015625,8.0,True,,97.64999999999999,48.41,85.8,estimated,,prefill-facebook-opt-1-3b-chunk-512-sm-24,success,,,/mnt/data/dheeraj/dicertation/inference-profile/runs/revised-rerun-20260415-145100-g3-opt13b-c512-1024/raw/points/prefill/prefill-facebook-opt-1-3b-chunk-512-sm-24.csv
facebook/opt-1.3b,512,gemm,v_proj,24,0,133.12000036239624,127045632,129142784,2097152,2097152,1024,2026-04-15T13:51:34Z,baseline_nvml_pt,nvidia-smi,ok,0.0,93.0,1695.0,8001.0,65.48,0.26521599292755127,129.16015625,129.16015625,8.0,True,,97.64999999999999,48.41,85.8,estimated,,prefill-facebook-opt-1-3b-chunk-512-sm-24,success,,,/mnt/data/dheeraj/dicertation/inference-profile/runs/revised-rerun-20260415-145100-g3-opt13b-c512-1024/raw/points/prefill/prefill-facebook-opt-1-3b-chunk-512-sm-24.csv
facebook/opt-1.3b,512,gemm,out_proj,24,0,92.16000139713287,127045632,129142784,2097152,2097152,1024,2026-04-15T13:51:34Z,baseline_nvml_pt,nvidia-smi,ok,0.0,93.0,1695.0,8001.0,65.48,0.26521599292755127,129.16015625,129.16015625,8.0,True,,97.64999999999999,48.41,85.8,estimated,,prefill-facebook-opt-1-3b-chunk-512-sm-24,success,,,/mnt/data/dheeraj/dicertation/inference-profile/runs/revised-rerun-20260415-145100-g3-opt13b-c512-1024/raw/points/prefill/prefill-facebook-opt-1-3b-chunk-512-sm-24.csv
facebook/opt-1.3b,512,gemm,fc1,24,0,254.01601195335388,127045632,135434240,8388608,8388608,1024,2026-04-15T13:51:34Z,baseline_nvml_pt,nvidia-smi,ok,0.0,93.0,1695.0,8001.0,65.48,0.26521599292755127,129.16015625,129.16015625,8.0,True,,97.64999999999999,48.41,85.8,estimated,,prefill-facebook-opt-1-3b-chunk-512-sm-24,success,,,/mnt/data/dheeraj/dicertation/inference-profile/runs/revised-rerun-20260415-145100-g3-opt13b-c512-1024/raw/points/prefill/prefill-facebook-opt-1-3b-chunk-512-sm-24.csv
facebook/opt-1.3b,512,gemm,fc2,24,0,226.1440008878708,127045632,129142784,2097152,2097152,1024,2026-04-15T13:51:34Z,baseline_nvml_pt,nvidia-smi,ok,0.0,93.0,1695.0,8001.0,65.48,0.26521599292755127,129.16015625,129.16015625,8.0,True,,97.64999999999999,48.41,85.8,estimated,,prefill-facebook-opt-1-3b-chunk-512-sm-24,success,,,/mnt/data/dheeraj/dicertation/inference-profile/runs/revised-rerun-20260415-145100-g3-opt13b-c512-1024/raw/points/prefill/prefill-facebook-opt-1-3b-chunk-512-sm-24.csv
facebook/opt-1.3b,512,attention,attention,24,0,68.60800087451935,127045632,129209344,2163712,2097152,1024,2026-04-15T13:51:34Z,baseline_nvml_pt,nvidia-smi,ok,0.0,93.0,1695.0,8001.0,65.48,0.26521599292755127,129.16015625,129.16015625,8.0,True,,97.64999999999999,48.41,85.8,estimated,,prefill-facebook-opt-1-3b-chunk-512-sm-24,success,,,/mnt/data/dheeraj/dicertation/inference-profile/runs/revised-rerun-20260415-145100-g3-opt13b-c512-1024/raw/points/prefill/prefill-facebook-opt-1-3b-chunk-512-sm-24.csv
facebook/opt-1.3b,512,gemm,q_proj,24,1,97.28000313043594,127045632,129142784,2097152,2097152,1024,2026-04-15T13:51:34Z,baseline_nvml_pt,nvidia-smi,ok,0.0,93.0,1695.0,8001.0,65.48,0.26521599292755127,129.16015625,129.16015625,8.0,True,,97.64999999999999,48.41,85.8,estimated,,prefill-facebook-opt-1-3b-chunk-512-sm-24,success,,,/mnt/data/dheeraj/dicertation/inference-profile/runs/revised-rerun-20260415-145100-g3-opt13b-c512-1024/raw/points/prefill/prefill-facebook-opt-1-3b-chunk-512-sm-24.csv
facebook/opt-1.3b,512,gemm,k_proj,24,1,94.2080020904541,127045632,129142784,2097152,2097152,1024,2026-04-15T13:51:34Z,baseline_nvml_pt,nvidia-smi,ok,0.0,93.0,1695.0,8001.0,65.48,0.26521599292755127,129.16015625,129.16015625,8.0,True,,97.64999999999999,48.41,85.8,estimated,,prefill-facebook-opt-1-3b-chunk-512-sm-24,success,,,/mnt/data/dheeraj/dicertation/inference-profile/runs/revised-rerun-20260415-145100-g3-opt13b-c512-1024/raw/points/prefill/prefill-facebook-opt-1-3b-chunk-512-sm-24.csv
facebook/opt-1.3b,512,gemm,v_proj,24,1,112.38399893045425,127045632,129142784,2097152,2097152,1024,2026-04-15T13:51:34Z,baseline_nvml_pt,nvidia-smi,ok,0.0,93.0,1695.0,8001.0,65.48,0.26521599292755127,129.16015625,129.16015625,8.0,True,,97.64999999999999,48.41,85.8,estimated,,prefill-facebook-opt-1-3b-chunk-512-sm-24,success,,,/mnt/data/dheeraj/dicertation/inference-profile/runs/revised-rerun-20260415-145100-g3-opt13b-c512-1024/raw/points/prefill/prefill-facebook-opt-1-3b-chunk-512-sm-24.csv
facebook/opt-1.3b,512,gemm,out_proj,24,1,92.16000139713287,127045632,129142784,2097152,2097152,1024,2026-04-15T13:51:34Z,baseline_nvml_pt,nvidia-smi,ok,0.0,93.0,1695.0,8001.0,65.48,0.26521599292755127,129.16015625,129.16015625,8.0,True,,97.64999999999999,48.41,85.8,estimated,,prefill-facebook-opt-1-3b-chunk-512-sm-24,success,,,/mnt/data/dheeraj/dicertation/inference-profile/runs/revised-rerun-20260415-145100-g3-opt13b-c512-1024/raw/points/prefill/prefill-facebook-opt-1-3b-chunk-512-sm-24.csv
facebook/opt-1.3b,512,gemm,fc1,24,1,248.83200228214264,127045632,135434240,8388608,8388608,1024,2026-04-15T13:51:34Z,baseline_nvml_pt,nvidia-smi,ok,0.0,93.0,1695.0,8001.0,65.48,0.26521599292755127,129.16015625,129.16015625,8.0,True,,97.64999999999999,48.41,85.8,estimated,,prefill-facebook-opt-1-3b-chunk-512-sm-24,success,,,/mnt/data/dheeraj/dicertation/inference-profile/runs/revised-rerun-20260415-145100-g3-opt13b-c512-1024/raw/points/prefill/prefill-facebook-opt-1-3b-chunk-512-sm-24.csv
facebook/opt-1.3b,512,gemm,fc2,24,1,225.2800017595291,127045632,129142784,2097152,2097152,1024,2026-04-15T13:51:34Z,baseline_nvml_pt,nvidia-smi,ok,0.0,93.0,1695.0,8001.0,65.48,0.26521599292755127,129.16015625,129.16015625,8.0,True,,97.64999999999999,48.41,85.8,estimated,,prefill-facebook-opt-1-3b-chunk-512-sm-24,success,,,/mnt/data/dheeraj/dicertation/inference-profile/runs/revised-rerun-20260415-145100-g3-opt13b-c512-1024/raw/points/prefill/prefill-facebook-opt-1-3b-chunk-512-sm-24.csv
facebook/opt-1.3b,512,attention,attention,24,1,68.60800087451935,127045632,129209344,2163712,2097152,1024,2026-04-15T13:51:34Z,baseline_nvml_pt,nvidia-smi,ok,0.0,93.0,1695.0,8001.0,65.48,0.26521599292755127,129.16015625,129.16015625,8.0,True,,97.64999999999999,48.41,85.8,estimated,,prefill-facebook-opt-1-3b-chunk-512-sm-24,success,,,/mnt/data/dheeraj/dicertation/inference-profile/runs/revised-rerun-20260415-145100-g3-opt13b-c512-1024/raw/points/prefill/prefill-facebook-opt-1-3b-chunk-512-sm-24.csv
facebook/opt-1.3b,512,gemm,q_proj,24,2,101.3759970664978,127045632,129142784,2097152,2097152,1024,2026-04-15T13:51:34Z,baseline_nvml_pt,nvidia-smi,ok,0.0,93.0,1695.0,8001.0,65.48,0.26521599292755127,129.16015625,129.16015625,8.0,True,,97.64999999999999,48.41,85.8,estimated,,prefill-facebook-opt-1-3b-chunk-512-sm-24,success,,,/mnt/data/dheeraj/dicertation/inference-profile/runs/revised-rerun-20260415-145100-g3-opt13b-c512-1024/raw/points/prefill/prefill-facebook-opt-1-3b-chunk-512-sm-24.csv
facebook/opt-1.3b,512,gemm,k_proj,24,2,135.19999384880066,127045632,129142784,2097152,2097152,1024,2026-04-15T13:51:34Z,baseline_nvml_pt,nvidia-smi,ok,0.0,93.0,1695.0,8001.0,65.48,0.26521599292755127,129.16015625,129.16015625,8.0,True,,97.64999999999999,48.41,85.8,estimated,,prefill-facebook-opt-1-3b-chunk-512-sm-24,success,,,/mnt/data/dheeraj/dicertation/inference-profile/runs/revised-rerun-20260415-145100-g3-opt13b-c512-1024/raw/points/prefill/prefill-facebook-opt-1-3b-chunk-512-sm-24.csv
facebook/opt-1.3b,512,gemm,v_proj,24,2,91.13600105047226,127045632,129142784,2097152,2097152,1024,2026-04-15T13:51:34Z,baseline_nvml_pt,nvidia-smi,ok,0.0,93.0,1695.0,8001.0,65.48,0.26521599292755127,129.16015625,129.16015625,8.0,True,,97.64999999999999,48.41,85.8,estimated,,prefill-facebook-opt-1-3b-chunk-512-sm-24,success,,,/mnt/data/dheeraj/dicertation/inference-profile/runs/revised-rerun-20260415-145100-g3-opt13b-c512-1024/raw/points/prefill/prefill-facebook-opt-1-3b-chunk-512-sm-24.csv
facebook/opt-1.3b,512,gemm,out_proj,24,2,98.39999675750732,127045632,129142784,2097152,2097152,1024,2026-04-15T13:51:34Z,baseline_nvml_pt,nvidia-smi,ok,0.0,93.0,1695.0,8001.0,65.48,0.26521599292755127,129.16015625,129.16015625,8.0,True,,97.64999999999999,48.41,85.8,estimated,,prefill-facebook-opt-1-3b-chunk-512-sm-24,success,,,/mnt/data/dheeraj/dicertation/inference-profile/runs/revised-rerun-20260415-145100-g3-opt13b-c512-1024/raw/points/prefill/prefill-facebook-opt-1-3b-chunk-512-sm-24.csv
facebook/opt-1.3b,512,gemm,fc1,24,2,260.09601354599,127045632,135434240,8388608,8388608,1024,2026-04-15T13:51:34Z,baseline_nvml_pt,nvidia-smi,ok,0.0,93.0,1695.0,8001.0,65.48,0.26521599292755127,129.16015625,129.16015625,8.0,True,,97.64999999999999,48.41,85.8,estimated,,prefill-facebook-opt-1-3b-chunk-512-sm-24,success,,,/mnt/data/dheeraj/dicertation/inference-profile/runs/revised-rerun-20260415-145100-g3-opt13b-c512-1024/raw/points/prefill/prefill-facebook-opt-1-3b-chunk-512-sm-24.csv
facebook/opt-1.3b,512,gemm,fc2,24,2,223.23200106620789,127045632,129142784,2097152,2097152,1024,2026-04-15T13:51:34Z,baseline_nvml_pt,nvidia-smi,ok,0.0,93.0,1695.0,8001.0,65.48,0.26521599292755127,129.16015625,129.16015625,8.0,True,,97.64999999999999,48.41,85.8,estimated,,prefill-facebook-opt-1-3b-chunk-512-sm-24,success,,,/mnt/data/dheeraj/dicertation/inference-profile/runs/revised-rerun-20260415-145100-g3-opt13b-c512-1024/raw/points/prefill/prefill-facebook-opt-1-3b-chunk-512-sm-24.csv
facebook/opt-1.3b,512,attention,attention,24,2,70.43199986219406,127045632,129209344,2163712,2097152,1024,2026-04-15T13:51:34Z,baseline_nvml_pt,nvidia-smi,ok,0.0,93.0,1695.0,8001.0,65.48,0.26521599292755127,129.16015625,129.16015625,8.0,True,,97.64999999999999,48.41,85.8,estimated,,prefill-facebook-opt-1-3b-chunk-512-sm-24,success,,,/mnt/data/dheeraj/dicertation/inference-profile/runs/revised-rerun-20260415-145100-g3-opt13b-c512-1024/raw/points/prefill/prefill-facebook-opt-1-3b-chunk-512-sm-24.csv
facebook/opt-1.3b,512,gemm,q_proj,24,3,95.23200243711472,127045632,129142784,2097152,2097152,1024,2026-04-15T13:51:34Z,baseline_nvml_pt,nvidia-smi,ok,0.0,93.0,1695.0,8001.0,65.48,0.26521599292755127,129.16015625,129.16015625,8.0,True,,97.64999999999999,48.41,85.8,estimated,,prefill-facebook-opt-1-3b-chunk-512-sm-24,success,,,/mnt/data/dheeraj/dicertation/inference-profile/runs/revised-rerun-20260415-145100-g3-opt13b-c512-1024/raw/points/prefill/prefill-facebook-opt-1-3b-chunk-512-sm-24.csv
facebook/opt-1.3b,512,gemm,k_proj,24,3,89.9519994854927,127045632,129142784,2097152,2097152,1024,2026-04-15T13:51:34Z,baseline_nvml_pt,nvidia-smi,ok,0.0,93.0,1695.0,8001.0,65.48,0.26521599292755127,129.16015625,129.16015625,8.0,True,,97.64999999999999,48.41,85.8,estimated,,prefill-facebook-opt-1-3b-chunk-512-sm-24,success,,,/mnt/data/dheeraj/dicertation/inference-profile/runs/revised-rerun-20260415-145100-g3-opt13b-c512-1024/raw/points/prefill/prefill-facebook-opt-1-3b-chunk-512-sm-24.csv
facebook/opt-1.3b,512,gemm,v_proj,24,3,90.11200070381165,127045632,129142784,2097152,2097152,1024,2026-04-15T13:51:34Z,baseline_nvml_pt,nvidia-smi,ok,0.0,93.0,1695.0,8001.0,65.48,0.26521599292755127,129.16015625,129.16015625,8.0,True,,97.64999999999999,48.41,85.8,estimated,,prefill-facebook-opt-1-3b-chunk-512-sm-24,success,,,/mnt/data/dheeraj/dicertation/inference-profile/runs/revised-rerun-20260415-145100-g3-opt13b-c512-1024/raw/points/prefill/prefill-facebook-opt-1-3b-chunk-512-sm-24.csv
facebook/opt-1.3b,512,gemm,out_proj,24,3,92.16000139713287,127045632,129142784,2097152,2097152,1024,2026-04-15T13:51:34Z,baseline_nvml_pt,nvidia-smi,ok,0.0,93.0,1695.0,8001.0,65.48,0.26521599292755127,129.16015625,129.16015625,8.0,True,,97.64999999999999,48.41,85.8,estimated,,prefill-facebook-opt-1-3b-chunk-512-sm-24,success,,,/mnt/data/dheeraj/dicertation/inference-profile/runs/revised-rerun-20260415-145100-g3-opt13b-c512-1024/raw/points/prefill/prefill-facebook-opt-1-3b-chunk-512-sm-24.csv
facebook/opt-1.3b,512,gemm,fc1,24,3,249.63200092315674,127045632,135434240,8388608,8388608,1024,2026-04-15T13:51:34Z,baseline_nvml_pt,nvidia-smi,ok,0.0,93.0,1695.0,8001.0,65.48,0.26521599292755127,129.16015625,129.16015625,8.0,True,,97.64999999999999,48.41,85.8,estimated,,prefill-facebook-opt-1-3b-chunk-512-sm-24,success,,,/mnt/data/dheeraj/dicertation/inference-profile/runs/revised-rerun-20260415-145100-g3-opt13b-c512-1024/raw/points/prefill/prefill-facebook-opt-1-3b-chunk-512-sm-24.csv
facebook/opt-1.3b,512,gemm,fc2,24,3,222.20799326896667,127045632,129142784,2097152,2097152,1024,2026-04-15T13:51:34Z,baseline_nvml_pt,nvidia-smi,ok,0.0,93.0,1695.0,8001.0,65.48,0.26521599292755127,129.16015625,129.16015625,8.0,True,,97.64999999999999,48.41,85.8,estimated,,prefill-facebook-opt-1-3b-chunk-512-sm-24,success,,,/mnt/data/dheeraj/dicertation/inference-profile/runs/revised-rerun-20260415-145100-g3-opt13b-c512-1024/raw/points/prefill/prefill-facebook-opt-1-3b-chunk-512-sm-24.csv
facebook/opt-1.3b,512,attention,attention,24,3,67.58400052785873,127045632,129209344,2163712,2097152,1024,2026-04-15T13:51:34Z,baseline_nvml_pt,nvidia-smi,ok,0.0,93.0,1695.0,8001.0,65.48,0.26521599292755127,129.16015625,129.16015625,8.0,True,,97.64999999999999,48.41,85.8,estimated,,prefill-facebook-opt-1-3b-chunk-512-sm-24,success,,,/mnt/data/dheeraj/dicertation/inference-profile/runs/revised-rerun-20260415-145100-g3-opt13b-c512-1024/raw/points/prefill/prefill-facebook-opt-1-3b-chunk-512-sm-24.csv
facebook/opt-1.3b,512,gemm,q_proj,24,4,93.98400038480759,127045632,129142784,2097152,2097152,1024,2026-04-15T13:51:34Z,baseline_nvml_pt,nvidia-smi,ok,0.0,93.0,1695.0,8001.0,65.48,0.26521599292755127,129.16015625,129.16015625,8.0,True,,97.64999999999999,48.41,85.8,estimated,,prefill-facebook-opt-1-3b-chunk-512-sm-24,success,,,/mnt/data/dheeraj/dicertation/inference-profile/runs/revised-rerun-20260415-145100-g3-opt13b-c512-1024/raw/points/prefill/prefill-facebook-opt-1-3b-chunk-512-sm-24.csv
facebook/opt-1.3b,512,gemm,k_proj,24,4,112.70400136709213,127045632,129142784,2097152,2097152,1024,2026-04-15T13:51:34Z,baseline_nvml_pt,nvidia-smi,ok,0.0,93.0,1695.0,8001.0,65.48,0.26521599292755127,129.16015625,129.16015625,8.0,True,,97.64999999999999,48.41,85.8,estimated,,prefill-facebook-opt-1-3b-chunk-512-sm-24,success,,,/mnt/data/dheeraj/dicertation/inference-profile/runs/revised-rerun-20260415-145100-g3-opt13b-c512-1024/raw/points/prefill/prefill-facebook-opt-1-3b-chunk-512-sm-24.csv
facebook/opt-1.3b,512,gemm,v_proj,24,4,88.8959988951683,127045632,129142784,2097152,2097152,1024,2026-04-15T13:51:34Z,baseline_nvml_pt,nvidia-smi,ok,0.0,93.0,1695.0,8001.0,65.48,0.26521599292755127,129.16015625,129.16015625,8.0,True,,97.64999999999999,48.41,85.8,estimated,,prefill-facebook-opt-1-3b-chunk-512-sm-24,success,,,/mnt/data/dheeraj/dicertation/inference-profile/runs/revised-rerun-20260415-145100-g3-opt13b-c512-1024/raw/points/prefill/prefill-facebook-opt-1-3b-chunk-512-sm-24.csv
facebook/opt-1.3b,512,gemm,out_proj,24,4,88.06400001049042,127045632,129142784,2097152,2097152,1024,2026-04-15T13:51:34Z,baseline_nvml_pt,nvidia-smi,ok,0.0,93.0,1695.0,8001.0,65.48,0.26521599292755127,129.16015625,129.16015625,8.0,True,,97.64999999999999,48.41,85.8,estimated,,prefill-facebook-opt-1-3b-chunk-512-sm-24,success,,,/mnt/data/dheeraj/dicertation/inference-profile/runs/revised-rerun-20260415-145100-g3-opt13b-c512-1024/raw/points/prefill/prefill-facebook-opt-1-3b-chunk-512-sm-24.csv
facebook/opt-1.3b,512,gemm,fc1,24,4,248.60799312591553,127045632,135434240,8388608,8388608,1024,2026-04-15T13:51:34Z,baseline_nvml_pt,nvidia-smi,ok,0.0,93.0,1695.0,8001.0,65.48,0.26521599292755127,129.16015625,129.16015625,8.0,True,,97.64999999999999,48.41,85.8,estimated,,prefill-facebook-opt-1-3b-chunk-512-sm-24,success,,,/mnt/data/dheeraj/dicertation/inference-profile/runs/revised-rerun-20260415-145100-g3-opt13b-c512-1024/raw/points/prefill/prefill-facebook-opt-1-3b-chunk-512-sm-24.csv
facebook/opt-1.3b,512,gemm,fc2,24,4,265.21599292755127,127045632,129142784,2097152,2097152,1024,2026-04-15T13:51:34Z,baseline_nvml_pt,nvidia-smi,ok,0.0,93.0,1695.0,8001.0,65.48,0.26521599292755127,129.16015625,129.16015625,8.0,True,,97.64999999999999,48.41,85.8,estimated,,prefill-facebook-opt-1-3b-chunk-512-sm-24,success,,,/mnt/data/dheeraj/dicertation/inference-profile/runs/revised-rerun-20260415-145100-g3-opt13b-c512-1024/raw/points/prefill/prefill-facebook-opt-1-3b-chunk-512-sm-24.csv
facebook/opt-1.3b,512,attention,attention,24,4,80.89599758386612,127045632,129209344,2163712,2097152,1024,2026-04-15T13:51:34Z,baseline_nvml_pt,nvidia-smi,ok,0.0,93.0,1695.0,8001.0,65.48,0.26521599292755127,129.16015625,129.16015625,8.0,True,,97.64999999999999,48.41,85.8,estimated,,prefill-facebook-opt-1-3b-chunk-512-sm-24,success,,,/mnt/data/dheeraj/dicertation/inference-profile/runs/revised-rerun-20260415-145100-g3-opt13b-c512-1024/raw/points/prefill/prefill-facebook-opt-1-3b-chunk-512-sm-24.csv
facebook/opt-1.3b,512,gemm,q_proj,32,0,114.68800157308578,127045632,129142784,2097152,2097152,1024,2026-04-15T13:51:40Z,baseline_nvml_pt,nvidia-smi,ok,0.0,93.0,1695.0,7601.0,65.74,0.2682879865169525,129.16015625,129.16015625,8.0,True,,100.0,43.24,93.6,estimated,,prefill-facebook-opt-1-3b-chunk-512-sm-32,success,,,/mnt/data/dheeraj/dicertation/inference-profile/runs/revised-rerun-20260415-145100-g3-opt13b-c512-1024/raw/points/prefill/prefill-facebook-opt-1-3b-chunk-512-sm-32.csv
facebook/opt-1.3b,512,gemm,k_proj,32,0,105.47199845314026,127045632,129142784,2097152,2097152,1024,2026-04-15T13:51:40Z,baseline_nvml_pt,nvidia-smi,ok,0.0,93.0,1695.0,7601.0,65.74,0.2682879865169525,129.16015625,129.16015625,8.0,True,,100.0,43.24,93.6,estimated,,prefill-facebook-opt-1-3b-chunk-512-sm-32,success,,,/mnt/data/dheeraj/dicertation/inference-profile/runs/revised-rerun-20260415-145100-g3-opt13b-c512-1024/raw/points/prefill/prefill-facebook-opt-1-3b-chunk-512-sm-32.csv
facebook/opt-1.3b,512,gemm,v_proj,32,0,97.21600264310837,127045632,129142784,2097152,2097152,1024,2026-04-15T13:51:40Z,baseline_nvml_pt,nvidia-smi,ok,0.0,93.0,1695.0,7601.0,65.74,0.2682879865169525,129.16015625,129.16015625,8.0,True,,100.0,43.24,93.6,estimated,,prefill-facebook-opt-1-3b-chunk-512-sm-32,success,,,/mnt/data/dheeraj/dicertation/inference-profile/runs/revised-rerun-20260415-145100-g3-opt13b-c512-1024/raw/points/prefill/prefill-facebook-opt-1-3b-chunk-512-sm-32.csv
facebook/opt-1.3b,512,gemm,out_proj,32,0,96.25600278377533,127045632,129142784,2097152,2097152,1024,2026-04-15T13:51:40Z,baseline_nvml_pt,nvidia-smi,ok,0.0,93.0,1695.0,7601.0,65.74,0.2682879865169525,129.16015625,129.16015625,8.0,True,,100.0,43.24,93.6,estimated,,prefill-facebook-opt-1-3b-chunk-512-sm-32,success,,,/mnt/data/dheeraj/dicertation/inference-profile/runs/revised-rerun-20260415-145100-g3-opt13b-c512-1024/raw/points/prefill/prefill-facebook-opt-1-3b-chunk-512-sm-32.csv
facebook/opt-1.3b,512,gemm,fc1,32,0,261.1199915409088,127045632,135434240,8388608,8388608,1024,2026-04-15T13:51:40Z,baseline_nvml_pt,nvidia-smi,ok,0.0,93.0,1695.0,7601.0,65.74,0.2682879865169525,129.16015625,129.16015625,8.0,True,,100.0,43.24,93.6,estimated,,prefill-facebook-opt-1-3b-chunk-512-sm-32,success,,,/mnt/data/dheeraj/dicertation/inference-profile/runs/revised-rerun-20260415-145100-g3-opt13b-c512-1024/raw/points/prefill/prefill-facebook-opt-1-3b-chunk-512-sm-32.csv
facebook/opt-1.3b,512,gemm,fc2,32,0,231.4240038394928,127045632,129142784,2097152,2097152,1024,2026-04-15T13:51:40Z,baseline_nvml_pt,nvidia-smi,ok,0.0,93.0,1695.0,7601.0,65.74,0.2682879865169525,129.16015625,129.16015625,8.0,True,,100.0,43.24,93.6,estimated,,prefill-facebook-opt-1-3b-chunk-512-sm-32,success,,,/mnt/data/dheeraj/dicertation/inference-profile/runs/revised-rerun-20260415-145100-g3-opt13b-c512-1024/raw/points/prefill/prefill-facebook-opt-1-3b-chunk-512-sm-32.csv
facebook/opt-1.3b,512,attention,attention,32,0,73.72800260782242,127045632,129209344,2163712,2097152,1024,2026-04-15T13:51:40Z,baseline_nvml_pt,nvidia-smi,ok,0.0,93.0,1695.0,7601.0,65.74,0.2682879865169525,129.16015625,129.16015625,8.0,True,,100.0,43.24,93.6,estimated,,prefill-facebook-opt-1-3b-chunk-512-sm-32,success,,,/mnt/data/dheeraj/dicertation/inference-profile/runs/revised-rerun-20260415-145100-g3-opt13b-c512-1024/raw/points/prefill/prefill-facebook-opt-1-3b-chunk-512-sm-32.csv
facebook/opt-1.3b,512,gemm,q_proj,32,1,97.28000313043594,127045632,129142784,2097152,2097152,1024,2026-04-15T13:51:40Z,baseline_nvml_pt,nvidia-smi,ok,0.0,93.0,1695.0,7601.0,65.74,0.2682879865169525,129.16015625,129.16015625,8.0,True,,100.0,43.24,93.6,estimated,,prefill-facebook-opt-1-3b-chunk-512-sm-32,success,,,/mnt/data/dheeraj/dicertation/inference-profile/runs/revised-rerun-20260415-145100-g3-opt13b-c512-1024/raw/points/prefill/prefill-facebook-opt-1-3b-chunk-512-sm-32.csv
facebook/opt-1.3b,512,gemm,k_proj,32,1,96.19200229644775,127045632,129142784,2097152,2097152,1024,2026-04-15T13:51:40Z,baseline_nvml_pt,nvidia-smi,ok,0.0,93.0,1695.0,7601.0,65.74,0.2682879865169525,129.16015625,129.16015625,8.0,True,,100.0,43.24,93.6,estimated,,prefill-facebook-opt-1-3b-chunk-512-sm-32,success,,,/mnt/data/dheeraj/dicertation/inference-profile/runs/revised-rerun-20260415-145100-g3-opt13b-c512-1024/raw/points/prefill/prefill-facebook-opt-1-3b-chunk-512-sm-32.csv
facebook/opt-1.3b,512,gemm,v_proj,32,1,91.13600105047226,127045632,129142784,2097152,2097152,1024,2026-04-15T13:51:40Z,baseline_nvml_pt,nvidia-smi,ok,0.0,93.0,1695.0,7601.0,65.74,0.2682879865169525,129.16015625,129.16015625,8.0,True,,100.0,43.24,93.6,estimated,,prefill-facebook-opt-1-3b-chunk-512-sm-32,success,,,/mnt/data/dheeraj/dicertation/inference-profile/runs/revised-rerun-20260415-145100-g3-opt13b-c512-1024/raw/points/prefill/prefill-facebook-opt-1-3b-chunk-512-sm-32.csv
facebook/opt-1.3b,512,gemm,out_proj,32,1,92.16000139713287,127045632,129142784,2097152,2097152,1024,2026-04-15T13:51:40Z,baseline_nvml_pt,nvidia-smi,ok,0.0,93.0,1695.0,7601.0,65.74,0.2682879865169525,129.16015625,129.16015625,8.0,True,,100.0,43.24,93.6,estimated,,prefill-facebook-opt-1-3b-chunk-512-sm-32,success,,,/mnt/data/dheeraj/dicertation/inference-profile/runs/revised-rerun-20260415-145100-g3-opt13b-c512-1024/raw/points/prefill/prefill-facebook-opt-1-3b-chunk-512-sm-32.csv
facebook/opt-1.3b,512,gemm,fc1,32,1,253.9519965648651,127045632,135434240,8388608,8388608,1024,2026-04-15T13:51:40Z,baseline_nvml_pt,nvidia-smi,ok,0.0,93.0,1695.0,7601.0,65.74,0.2682879865169525,129.16015625,129.16015625,8.0,True,,100.0,43.24,93.6,estimated,,prefill-facebook-opt-1-3b-chunk-512-sm-32,success,,,/mnt/data/dheeraj/dicertation/inference-profile/runs/revised-rerun-20260415-145100-g3-opt13b-c512-1024/raw/points/prefill/prefill-facebook-opt-1-3b-chunk-512-sm-32.csv
facebook/opt-1.3b,512,gemm,fc2,32,1,225.2800017595291,127045632,129142784,2097152,2097152,1024,2026-04-15T13:51:40Z,baseline_nvml_pt,nvidia-smi,ok,0.0,93.0,1695.0,7601.0,65.74,0.2682879865169525,129.16015625,129.16015625,8.0,True,,100.0,43.24,93.6,estimated,,prefill-facebook-opt-1-3b-chunk-512-sm-32,success,,,/mnt/data/dheeraj/dicertation/inference-profile/runs/revised-rerun-20260415-145100-g3-opt13b-c512-1024/raw/points/prefill/prefill-facebook-opt-1-3b-chunk-512-sm-32.csv
facebook/opt-1.3b,512,attention,attention,32,1,70.8480030298233,127045632,129209344,2163712,2097152,1024,2026-04-15T13:51:40Z,baseline_nvml_pt,nvidia-smi,ok,0.0,93.0,1695.0,7601.0,65.74,0.2682879865169525,129.16015625,129.16015625,8.0,True,,100.0,43.24,93.6,estimated,,prefill-facebook-opt-1-3b-chunk-512-sm-32,success,,,/mnt/data/dheeraj/dicertation/inference-profile/runs/revised-rerun-20260415-145100-g3-opt13b-c512-1024/raw/points/prefill/prefill-facebook-opt-1-3b-chunk-512-sm-32.csv
facebook/opt-1.3b,512,gemm,q_proj,32,2,97.28000313043594,127045632,129142784,2097152,2097152,1024,2026-04-15T13:51:40Z,baseline_nvml_pt,nvidia-smi,ok,0.0,93.0,1695.0,7601.0,65.74,0.2682879865169525,129.16015625,129.16015625,8.0,True,,100.0,43.24,93.6,estimated,,prefill-facebook-opt-1-3b-chunk-512-sm-32,success,,,/mnt/data/dheeraj/dicertation/inference-profile/runs/revised-rerun-20260415-145100-g3-opt13b-c512-1024/raw/points/prefill/prefill-facebook-opt-1-3b-chunk-512-sm-32.csv
facebook/opt-1.3b,512,gemm,k_proj,32,2,99.32799637317657,127045632,129142784,2097152,2097152,1024,2026-04-15T13:51:40Z,baseline_nvml_pt,nvidia-smi,ok,0.0,93.0,1695.0,7601.0,65.74,0.2682879865169525,129.16015625,129.16015625,8.0,True,,100.0,43.24,93.6,estimated,,prefill-facebook-opt-1-3b-chunk-512-sm-32,success,,,/mnt/data/dheeraj/dicertation/inference-profile/runs/revised-rerun-20260415-145100-g3-opt13b-c512-1024/raw/points/prefill/prefill-facebook-opt-1-3b-chunk-512-sm-32.csv
facebook/opt-1.3b,512,gemm,v_proj,32,2,90.11200070381165,127045632,129142784,2097152,2097152,1024,2026-04-15T13:51:40Z,baseline_nvml_pt,nvidia-smi,ok,0.0,93.0,1695.0,7601.0,65.74,0.2682879865169525,129.16015625,129.16015625,8.0,True,,100.0,43.24,93.6,estimated,,prefill-facebook-opt-1-3b-chunk-512-sm-32,success,,,/mnt/data/dheeraj/dicertation/inference-profile/runs/revised-rerun-20260415-145100-g3-opt13b-c512-1024/raw/points/prefill/prefill-facebook-opt-1-3b-chunk-512-sm-32.csv
facebook/opt-1.3b,512,gemm,out_proj,32,2,92.16000139713287,127045632,129142784,2097152,2097152,1024,2026-04-15T13:51:40Z,baseline_nvml_pt,nvidia-smi,ok,0.0,93.0,1695.0,7601.0,65.74,0.2682879865169525,129.16015625,129.16015625,8.0,True,,100.0,43.24,93.6,estimated,,prefill-facebook-opt-1-3b-chunk-512-sm-32,success,,,/mnt/data/dheeraj/dicertation/inference-profile/runs/revised-rerun-20260415-145100-g3-opt13b-c512-1024/raw/points/prefill/prefill-facebook-opt-1-3b-chunk-512-sm-32.csv
facebook/opt-1.3b,512,gemm,fc1,32,2,254.97600436210632,127045632,135434240,8388608,8388608,1024,2026-04-15T13:51:40Z,baseline_nvml_pt,nvidia-smi,ok,0.0,93.0,1695.0,7601.0,65.74,0.2682879865169525,129.16015625,129.16015625,8.0,True,,100.0,43.24,93.6,estimated,,prefill-facebook-opt-1-3b-chunk-512-sm-32,success,,,/mnt/data/dheeraj/dicertation/inference-profile/runs/revised-rerun-20260415-145100-g3-opt13b-c512-1024/raw/points/prefill/prefill-facebook-opt-1-3b-chunk-512-sm-32.csv
facebook/opt-1.3b,512,gemm,fc2,32,2,231.4240038394928,127045632,129142784,2097152,2097152,1024,2026-04-15T13:51:40Z,baseline_nvml_pt,nvidia-smi,ok,0.0,93.0,1695.0,7601.0,65.74,0.2682879865169525,129.16015625,129.16015625,8.0,True,,100.0,43.24,93.6,estimated,,prefill-facebook-opt-1-3b-chunk-512-sm-32,success,,,/mnt/data/dheeraj/dicertation/inference-profile/runs/revised-rerun-20260415-145100-g3-opt13b-c512-1024/raw/points/prefill/prefill-facebook-opt-1-3b-chunk-512-sm-32.csv
facebook/opt-1.3b,512,attention,attention,32,2,102.39999741315842,127045632,129209344,2163712,2097152,1024,2026-04-15T13:51:40Z,baseline_nvml_pt,nvidia-smi,ok,0.0,93.0,1695.0,7601.0,65.74,0.2682879865169525,129.16015625,129.16015625,8.0,True,,100.0,43.24,93.6,estimated,,prefill-facebook-opt-1-3b-chunk-512-sm-32,success,,,/mnt/data/dheeraj/dicertation/inference-profile/runs/revised-rerun-20260415-145100-g3-opt13b-c512-1024/raw/points/prefill/prefill-facebook-opt-1-3b-chunk-512-sm-32.csv
facebook/opt-1.3b,512,gemm,q_proj,32,3,124.92799758911133,127045632,129142784,2097152,2097152,1024,2026-04-15T13:51:40Z,baseline_nvml_pt,nvidia-smi,ok,0.0,93.0,1695.0,7601.0,65.74,0.2682879865169525,129.16015625,129.16015625,8.0,True,,100.0,43.24,93.6,estimated,,prefill-facebook-opt-1-3b-chunk-512-sm-32,success,,,/mnt/data/dheeraj/dicertation/inference-profile/runs/revised-rerun-20260415-145100-g3-opt13b-c512-1024/raw/points/prefill/prefill-facebook-opt-1-3b-chunk-512-sm-32.csv
facebook/opt-1.3b,512,gemm,k_proj,32,3,102.39999741315842,127045632,129142784,2097152,2097152,1024,2026-04-15T13:51:40Z,baseline_nvml_pt,nvidia-smi,ok,0.0,93.0,1695.0,7601.0,65.74,0.2682879865169525,129.16015625,129.16015625,8.0,True,,100.0,43.24,93.6,estimated,,prefill-facebook-opt-1-3b-chunk-512-sm-32,success,,,/mnt/data/dheeraj/dicertation/inference-profile/runs/revised-rerun-20260415-145100-g3-opt13b-c512-1024/raw/points/prefill/prefill-facebook-opt-1-3b-chunk-512-sm-32.csv
facebook/opt-1.3b,512,gemm,v_proj,32,3,98.24000298976898,127045632,129142784,2097152,2097152,1024,2026-04-15T13:51:40Z,baseline_nvml_pt,nvidia-smi,ok,0.0,93.0,1695.0,7601.0,65.74,0.2682879865169525,129.16015625,129.16015625,8.0,True,,100.0,43.24,93.6,estimated,,prefill-facebook-opt-1-3b-chunk-512-sm-32,success,,,/mnt/data/dheeraj/dicertation/inference-profile/runs/revised-rerun-20260415-145100-g3-opt13b-c512-1024/raw/points/prefill/prefill-facebook-opt-1-3b-chunk-512-sm-32.csv
facebook/opt-1.3b,512,gemm,out_proj,32,3,95.23200243711472,127045632,129142784,2097152,2097152,1024,2026-04-15T13:51:40Z,baseline_nvml_pt,nvidia-smi,ok,0.0,93.0,1695.0,7601.0,65.74,0.2682879865169525,129.16015625,129.16015625,8.0,True,,100.0,43.24,93.6,estimated,,prefill-facebook-opt-1-3b-chunk-512-sm-32,success,,,/mnt/data/dheeraj/dicertation/inference-profile/runs/revised-rerun-20260415-145100-g3-opt13b-c512-1024/raw/points/prefill/prefill-facebook-opt-1-3b-chunk-512-sm-32.csv
facebook/opt-1.3b,512,gemm,fc1,32,3,268.2879865169525,127045632,135434240,8388608,8388608,1024,2026-04-15T13:51:40Z,baseline_nvml_pt,nvidia-smi,ok,0.0,93.0,1695.0,7601.0,65.74,0.2682879865169525,129.16015625,129.16015625,8.0,True,,100.0,43.24,93.6,estimated,,prefill-facebook-opt-1-3b-chunk-512-sm-32,success,,,/mnt/data/dheeraj/dicertation/inference-profile/runs/revised-rerun-20260415-145100-g3-opt13b-c512-1024/raw/points/prefill/prefill-facebook-opt-1-3b-chunk-512-sm-32.csv
facebook/opt-1.3b,512,gemm,fc2,32,3,238.52799832820892,127045632,129142784,2097152,2097152,1024,2026-04-15T13:51:40Z,baseline_nvml_pt,nvidia-smi,ok,0.0,93.0,1695.0,7601.0,65.74,0.2682879865169525,129.16015625,129.16015625,8.0,True,,100.0,43.24,93.6,estimated,,prefill-facebook-opt-1-3b-chunk-512-sm-32,success,,,/mnt/data/dheeraj/dicertation/inference-profile/runs/revised-rerun-20260415-145100-g3-opt13b-c512-1024/raw/points/prefill/prefill-facebook-opt-1-3b-chunk-512-sm-32.csv
facebook/opt-1.3b,512,attention,attention,32,3,75.52000135183334,127045632,129209344,2163712,2097152,1024,2026-04-15T13:51:40Z,baseline_nvml_pt,nvidia-smi,ok,0.0,93.0,1695.0,7601.0,65.74,0.2682879865169525,129.16015625,129.16015625,8.0,True,,100.0,43.24,93.6,estimated,,prefill-facebook-opt-1-3b-chunk-512-sm-32,success,,,/mnt/data/dheeraj/dicertation/inference-profile/runs/revised-rerun-20260415-145100-g3-opt13b-c512-1024/raw/points/prefill/prefill-facebook-opt-1-3b-chunk-512-sm-32.csv
facebook/opt-1.3b,512,gemm,q_proj,32,4,103.42399775981903,127045632,129142784,2097152,2097152,1024,2026-04-15T13:51:40Z,baseline_nvml_pt,nvidia-smi,ok,0.0,93.0,1695.0,7601.0,65.74,0.2682879865169525,129.16015625,129.16015625,8.0,True,,100.0,43.24,93.6,estimated,,prefill-facebook-opt-1-3b-chunk-512-sm-32,success,,,/mnt/data/dheeraj/dicertation/inference-profile/runs/revised-rerun-20260415-145100-g3-opt13b-c512-1024/raw/points/prefill/prefill-facebook-opt-1-3b-chunk-512-sm-32.csv
facebook/opt-1.3b,512,gemm,k_proj,32,4,94.04800087213516,127045632,129142784,2097152,2097152,1024,2026-04-15T13:51:40Z,baseline_nvml_pt,nvidia-smi,ok,0.0,93.0,1695.0,7601.0,65.74,0.2682879865169525,129.16015625,129.16015625,8.0,True,,100.0,43.24,93.6,estimated,,prefill-facebook-opt-1-3b-chunk-512-sm-32,success,,,/mnt/data/dheeraj/dicertation/inference-profile/runs/revised-rerun-20260415-145100-g3-opt13b-c512-1024/raw/points/prefill/prefill-facebook-opt-1-3b-chunk-512-sm-32.csv
facebook/opt-1.3b,512,gemm,v_proj,32,4,91.13600105047226,127045632,129142784,2097152,2097152,1024,2026-04-15T13:51:40Z,baseline_nvml_pt,nvidia-smi,ok,0.0,93.0,1695.0,7601.0,65.74,0.2682879865169525,129.16015625,129.16015625,8.0,True,,100.0,43.24,93.6,estimated,,prefill-facebook-opt-1-3b-chunk-512-sm-32,success,,,/mnt/data/dheeraj/dicertation/inference-profile/runs/revised-rerun-20260415-145100-g3-opt13b-c512-1024/raw/points/prefill/prefill-facebook-opt-1-3b-chunk-512-sm-32.csv
facebook/opt-1.3b,512,gemm,out_proj,32,4,90.08000046014786,127045632,129142784,2097152,2097152,1024,2026-04-15T13:51:40Z,baseline_nvml_pt,nvidia-smi,ok,0.0,93.0,1695.0,7601.0,65.74,0.2682879865169525,129.16015625,129.16015625,8.0,True,,100.0,43.24,93.6,estimated,,prefill-facebook-opt-1-3b-chunk-512-sm-32,success,,,/mnt/data/dheeraj/dicertation/inference-profile/runs/revised-rerun-20260415-145100-g3-opt13b-c512-1024/raw/points/prefill/prefill-facebook-opt-1-3b-chunk-512-sm-32.csv
facebook/opt-1.3b,512,gemm,fc1,32,4,256.9600045681,127045632,135434240,8388608,8388608,1024,2026-04-15T13:51:40Z,baseline_nvml_pt,nvidia-smi,ok,0.0,93.0,1695.0,7601.0,65.74,0.2682879865169525,129.16015625,129.16015625,8.0,True,,100.0,43.24,93.6,estimated,,prefill-facebook-opt-1-3b-chunk-512-sm-32,success,,,/mnt/data/dheeraj/dicertation/inference-profile/runs/revised-rerun-20260415-145100-g3-opt13b-c512-1024/raw/points/prefill/prefill-facebook-opt-1-3b-chunk-512-sm-32.csv
facebook/opt-1.3b,512,gemm,fc2,32,4,227.32800245285034,127045632,129142784,2097152,2097152,1024,2026-04-15T13:51:40Z,baseline_nvml_pt,nvidia-smi,ok,0.0,93.0,1695.0,7601.0,65.74,0.2682879865169525,129.16015625,129.16015625,8.0,True,,100.0,43.24,93.6,estimated,,prefill-facebook-opt-1-3b-chunk-512-sm-32,success,,,/mnt/data/dheeraj/dicertation/inference-profile/runs/revised-rerun-20260415-145100-g3-opt13b-c512-1024/raw/points/prefill/prefill-facebook-opt-1-3b-chunk-512-sm-32.csv
facebook/opt-1.3b,512,attention,attention,32,4,74.75200295448303,127045632,129209344,2163712,2097152,1024,2026-04-15T13:51:40Z,baseline_nvml_pt,nvidia-smi,ok,0.0,93.0,1695.0,7601.0,65.74,0.2682879865169525,129.16015625,129.16015625,8.0,True,,100.0,43.24,93.6,estimated,,prefill-facebook-opt-1-3b-chunk-512-sm-32,success,,,/mnt/data/dheeraj/dicertation/inference-profile/runs/revised-rerun-20260415-145100-g3-opt13b-c512-1024/raw/points/prefill/prefill-facebook-opt-1-3b-chunk-512-sm-32.csv
facebook/opt-1.3b,1024,gemm,q_proj,8,0,248.7040013074875,143822848,148017152,4194304,4194304,1024,2026-04-15T13:51:46Z,baseline_nvml_pt,nvidia-smi,ok,0.0,93.0,1695.0,7601.0,67.53,0.43827199935913086,153.16015625,153.16015625,16.0,True,,86.9,55.00000000000001,72.89999999999999,estimated,,prefill-facebook-opt-1-3b-chunk-1024-sm-8,success,,,/mnt/data/dheeraj/dicertation/inference-profile/runs/revised-rerun-20260415-145100-g3-opt13b-c512-1024/raw/points/prefill/prefill-facebook-opt-1-3b-chunk-1024-sm-8.csv
facebook/opt-1.3b,1024,gemm,k_proj,8,0,187.42400407791138,143822848,148017152,4194304,4194304,1024,2026-04-15T13:51:46Z,baseline_nvml_pt,nvidia-smi,ok,0.0,93.0,1695.0,7601.0,67.53,0.43827199935913086,153.16015625,153.16015625,16.0,True,,86.9,55.00000000000001,72.89999999999999,estimated,,prefill-facebook-opt-1-3b-chunk-1024-sm-8,success,,,/mnt/data/dheeraj/dicertation/inference-profile/runs/revised-rerun-20260415-145100-g3-opt13b-c512-1024/raw/points/prefill/prefill-facebook-opt-1-3b-chunk-1024-sm-8.csv
facebook/opt-1.3b,1024,gemm,v_proj,8,0,165.8879965543747,143822848,148017152,4194304,4194304,1024,2026-04-15T13:51:46Z,baseline_nvml_pt,nvidia-smi,ok,0.0,93.0,1695.0,7601.0,67.53,0.43827199935913086,153.16015625,153.16015625,16.0,True,,86.9,55.00000000000001,72.89999999999999,estimated,,prefill-facebook-opt-1-3b-chunk-1024-sm-8,success,,,/mnt/data/dheeraj/dicertation/inference-profile/runs/revised-rerun-20260415-145100-g3-opt13b-c512-1024/raw/points/prefill/prefill-facebook-opt-1-3b-chunk-1024-sm-8.csv
facebook/opt-1.3b,1024,gemm,out_proj,8,0,160.76800227165222,143822848,148017152,4194304,4194304,1024,2026-04-15T13:51:46Z,baseline_nvml_pt,nvidia-smi,ok,0.0,93.0,1695.0,7601.0,67.53,0.43827199935913086,153.16015625,153.16015625,16.0,True,,86.9,55.00000000000001,72.89999999999999,estimated,,prefill-facebook-opt-1-3b-chunk-1024-sm-8,success,,,/mnt/data/dheeraj/dicertation/inference-profile/runs/revised-rerun-20260415-145100-g3-opt13b-c512-1024/raw/points/prefill/prefill-facebook-opt-1-3b-chunk-1024-sm-8.csv
facebook/opt-1.3b,1024,gemm,fc1,8,0,438.27199935913086,143822848,160600064,16777216,16777216,1024,2026-04-15T13:51:46Z,baseline_nvml_pt,nvidia-smi,ok,0.0,93.0,1695.0,7601.0,67.53,0.43827199935913086,153.16015625,153.16015625,16.0,True,,86.9,55.00000000000001,72.89999999999999,estimated,,prefill-facebook-opt-1-3b-chunk-1024-sm-8,success,,,/mnt/data/dheeraj/dicertation/inference-profile/runs/revised-rerun-20260415-145100-g3-opt13b-c512-1024/raw/points/prefill/prefill-facebook-opt-1-3b-chunk-1024-sm-8.csv
facebook/opt-1.3b,1024,gemm,fc2,8,0,398.3359932899475,143822848,148017152,4194304,4194304,1024,2026-04-15T13:51:46Z,baseline_nvml_pt,nvidia-smi,ok,0.0,93.0,1695.0,7601.0,67.53,0.43827199935913086,153.16015625,153.16015625,16.0,True,,86.9,55.00000000000001,72.89999999999999,estimated,,prefill-facebook-opt-1-3b-chunk-1024-sm-8,success,,,/mnt/data/dheeraj/dicertation/inference-profile/runs/revised-rerun-20260415-145100-g3-opt13b-c512-1024/raw/points/prefill/prefill-facebook-opt-1-3b-chunk-1024-sm-8.csv
facebook/opt-1.3b,1024,attention,attention,8,0,159.71200168132782,143822848,148149248,4326400,4194304,1024,2026-04-15T13:51:46Z,baseline_nvml_pt,nvidia-smi,ok,0.0,93.0,1695.0,7601.0,67.53,0.43827199935913086,153.16015625,153.16015625,16.0,True,,86.9,55.00000000000001,72.89999999999999,estimated,,prefill-facebook-opt-1-3b-chunk-1024-sm-8,success,,,/mnt/data/dheeraj/dicertation/inference-profile/runs/revised-rerun-20260415-145100-g3-opt13b-c512-1024/raw/points/prefill/prefill-facebook-opt-1-3b-chunk-1024-sm-8.csv
facebook/opt-1.3b,1024,gemm,q_proj,8,1,172.03199863433838,143822848,148017152,4194304,4194304,1024,2026-04-15T13:51:46Z,baseline_nvml_pt,nvidia-smi,ok,0.0,93.0,1695.0,7601.0,67.53,0.43827199935913086,153.16015625,153.16015625,16.0,True,,86.9,55.00000000000001,72.89999999999999,estimated,,prefill-facebook-opt-1-3b-chunk-1024-sm-8,success,,,/mnt/data/dheeraj/dicertation/inference-profile/runs/revised-rerun-20260415-145100-g3-opt13b-c512-1024/raw/points/prefill/prefill-facebook-opt-1-3b-chunk-1024-sm-8.csv
facebook/opt-1.3b,1024,gemm,k_proj,8,1,157.6319932937622,143822848,148017152,4194304,4194304,1024,2026-04-15T13:51:46Z,baseline_nvml_pt,nvidia-smi,ok,0.0,93.0,1695.0,7601.0,67.53,0.43827199935913086,153.16015625,153.16015625,16.0,True,,86.9,55.00000000000001,72.89999999999999,estimated,,prefill-facebook-opt-1-3b-chunk-1024-sm-8,success,,,/mnt/data/dheeraj/dicertation/inference-profile/runs/revised-rerun-20260415-145100-g3-opt13b-c512-1024/raw/points/prefill/prefill-facebook-opt-1-3b-chunk-1024-sm-8.csv
facebook/opt-1.3b,1024,gemm,v_proj,8,1,159.4880074262619,143822848,148017152,4194304,4194304,1024,2026-04-15T13:51:46Z,baseline_nvml_pt,nvidia-smi,ok,0.0,93.0,1695.0,7601.0,67.53,0.43827199935913086,153.16015625,153.16015625,16.0,True,,86.9,55.00000000000001,72.89999999999999,estimated,,prefill-facebook-opt-1-3b-chunk-1024-sm-8,success,,,/mnt/data/dheeraj/dicertation/inference-profile/runs/revised-rerun-20260415-145100-g3-opt13b-c512-1024/raw/points/prefill/prefill-facebook-opt-1-3b-chunk-1024-sm-8.csv
facebook/opt-1.3b,1024,gemm,out_proj,8,1,171.00800573825836,143822848,148017152,4194304,4194304,1024,2026-04-15T13:51:46Z,baseline_nvml_pt,nvidia-smi,ok,0.0,93.0,1695.0,7601.0,67.53,0.43827199935913086,153.16015625,153.16015625,16.0,True,,86.9,55.00000000000001,72.89999999999999,estimated,,prefill-facebook-opt-1-3b-chunk-1024-sm-8,success,,,/mnt/data/dheeraj/dicertation/inference-profile/runs/revised-rerun-20260415-145100-g3-opt13b-c512-1024/raw/points/prefill/prefill-facebook-opt-1-3b-chunk-1024-sm-8.csv
facebook/opt-1.3b,1024,gemm,fc1,8,1,434.1759979724884,143822848,160600064,16777216,16777216,1024,2026-04-15T13:51:46Z,baseline_nvml_pt,nvidia-smi,ok,0.0,93.0,1695.0,7601.0,67.53,0.43827199935913086,153.16015625,153.16015625,16.0,True,,86.9,55.00000000000001,72.89999999999999,estimated,,prefill-facebook-opt-1-3b-chunk-1024-sm-8,success,,,/mnt/data/dheeraj/dicertation/inference-profile/runs/revised-rerun-20260415-145100-g3-opt13b-c512-1024/raw/points/prefill/prefill-facebook-opt-1-3b-chunk-1024-sm-8.csv
facebook/opt-1.3b,1024,gemm,fc2,8,1,377.85598635673523,143822848,148017152,4194304,4194304,1024,2026-04-15T13:51:46Z,baseline_nvml_pt,nvidia-smi,ok,0.0,93.0,1695.0,7601.0,67.53,0.43827199935913086,153.16015625,153.16015625,16.0,True,,86.9,55.00000000000001,72.89999999999999,estimated,,prefill-facebook-opt-1-3b-chunk-1024-sm-8,success,,,/mnt/data/dheeraj/dicertation/inference-profile/runs/revised-rerun-20260415-145100-g3-opt13b-c512-1024/raw/points/prefill/prefill-facebook-opt-1-3b-chunk-1024-sm-8.csv
facebook/opt-1.3b,1024,attention,attention,8,1,151.5520066022873,143822848,148149248,4326400,4194304,1024,2026-04-15T13:51:46Z,baseline_nvml_pt,nvidia-smi,ok,0.0,93.0,1695.0,7601.0,67.53,0.43827199935913086,153.16015625,153.16015625,16.0,True,,86.9,55.00000000000001,72.89999999999999,estimated,,prefill-facebook-opt-1-3b-chunk-1024-sm-8,success,,,/mnt/data/dheeraj/dicertation/inference-profile/runs/revised-rerun-20260415-145100-g3-opt13b-c512-1024/raw/points/prefill/prefill-facebook-opt-1-3b-chunk-1024-sm-8.csv
facebook/opt-1.3b,1024,gemm,q_proj,8,2,160.0320041179657,143822848,148017152,4194304,4194304,1024,2026-04-15T13:51:46Z,baseline_nvml_pt,nvidia-smi,ok,0.0,93.0,1695.0,7601.0,67.53,0.43827199935913086,153.16015625,153.16015625,16.0,True,,86.9,55.00000000000001,72.89999999999999,estimated,,prefill-facebook-opt-1-3b-chunk-1024-sm-8,success,,,/mnt/data/dheeraj/dicertation/inference-profile/runs/revised-rerun-20260415-145100-g3-opt13b-c512-1024/raw/points/prefill/prefill-facebook-opt-1-3b-chunk-1024-sm-8.csv
facebook/opt-1.3b,1024,gemm,k_proj,8,2,162.81600296497345,143822848,148017152,4194304,4194304,1024,2026-04-15T13:51:46Z,baseline_nvml_pt,nvidia-smi,ok,0.0,93.0,1695.0,7601.0,67.53,0.43827199935913086,153.16015625,153.16015625,16.0,True,,86.9,55.00000000000001,72.89999999999999,estimated,,prefill-facebook-opt-1-3b-chunk-1024-sm-8,success,,,/mnt/data/dheeraj/dicertation/inference-profile/runs/revised-rerun-20260415-145100-g3-opt13b-c512-1024/raw/points/prefill/prefill-facebook-opt-1-3b-chunk-1024-sm-8.csv
facebook/opt-1.3b,1024,gemm,v_proj,8,2,154.62400019168854,143822848,148017152,4194304,4194304,1024,2026-04-15T13:51:46Z,baseline_nvml_pt,nvidia-smi,ok,0.0,93.0,1695.0,7601.0,67.53,0.43827199935913086,153.16015625,153.16015625,16.0,True,,86.9,55.00000000000001,72.89999999999999,estimated,,prefill-facebook-opt-1-3b-chunk-1024-sm-8,success,,,/mnt/data/dheeraj/dicertation/inference-profile/runs/revised-rerun-20260415-145100-g3-opt13b-c512-1024/raw/points/prefill/prefill-facebook-opt-1-3b-chunk-1024-sm-8.csv
facebook/opt-1.3b,1024,gemm,out_proj,8,2,162.88000345230103,143822848,148017152,4194304,4194304,1024,2026-04-15T13:51:46Z,baseline_nvml_pt,nvidia-smi,ok,0.0,93.0,1695.0,7601.0,67.53,0.43827199935913086,153.16015625,153.16015625,16.0,True,,86.9,55.00000000000001,72.89999999999999,estimated,,prefill-facebook-opt-1-3b-chunk-1024-sm-8,success,,,/mnt/data/dheeraj/dicertation/inference-profile/runs/revised-rerun-20260415-145100-g3-opt13b-c512-1024/raw/points/prefill/prefill-facebook-opt-1-3b-chunk-1024-sm-8.csv
facebook/opt-1.3b,1024,gemm,fc1,8,2,432.2560131549835,143822848,160600064,16777216,16777216,1024,2026-04-15T13:51:46Z,baseline_nvml_pt,nvidia-smi,ok,0.0,93.0,1695.0,7601.0,67.53,0.43827199935913086,153.16015625,153.16015625,16.0,True,,86.9,55.00000000000001,72.89999999999999,estimated,,prefill-facebook-opt-1-3b-chunk-1024-sm-8,success,,,/mnt/data/dheeraj/dicertation/inference-profile/runs/revised-rerun-20260415-145100-g3-opt13b-c512-1024/raw/points/prefill/prefill-facebook-opt-1-3b-chunk-1024-sm-8.csv
facebook/opt-1.3b,1024,gemm,fc2,8,2,379.61599230766296,143822848,148017152,4194304,4194304,1024,2026-04-15T13:51:46Z,baseline_nvml_pt,nvidia-smi,ok,0.0,93.0,1695.0,7601.0,67.53,0.43827199935913086,153.16015625,153.16015625,16.0,True,,86.9,55.00000000000001,72.89999999999999,estimated,,prefill-facebook-opt-1-3b-chunk-1024-sm-8,success,,,/mnt/data/dheeraj/dicertation/inference-profile/runs/revised-rerun-20260415-145100-g3-opt13b-c512-1024/raw/points/prefill/prefill-facebook-opt-1-3b-chunk-1024-sm-8.csv
facebook/opt-1.3b,1024,attention,attention,8,2,154.4640064239502,143822848,148149248,4326400,4194304,1024,2026-04-15T13:51:46Z,baseline_nvml_pt,nvidia-smi,ok,0.0,93.0,1695.0,7601.0,67.53,0.43827199935913086,153.16015625,153.16015625,16.0,True,,86.9,55.00000000000001,72.89999999999999,estimated,,prefill-facebook-opt-1-3b-chunk-1024-sm-8,success,,,/mnt/data/dheeraj/dicertation/inference-profile/runs/revised-rerun-20260415-145100-g3-opt13b-c512-1024/raw/points/prefill/prefill-facebook-opt-1-3b-chunk-1024-sm-8.csv
facebook/opt-1.3b,1024,gemm,q_proj,8,3,158.720001578331,143822848,148017152,4194304,4194304,1024,2026-04-15T13:51:46Z,baseline_nvml_pt,nvidia-smi,ok,0.0,93.0,1695.0,7601.0,67.53,0.43827199935913086,153.16015625,153.16015625,16.0,True,,86.9,55.00000000000001,72.89999999999999,estimated,,prefill-facebook-opt-1-3b-chunk-1024-sm-8,success,,,/mnt/data/dheeraj/dicertation/inference-profile/runs/revised-rerun-20260415-145100-g3-opt13b-c512-1024/raw/points/prefill/prefill-facebook-opt-1-3b-chunk-1024-sm-8.csv
facebook/opt-1.3b,1024,gemm,k_proj,8,3,153.56799960136414,143822848,148017152,4194304,4194304,1024,2026-04-15T13:51:46Z,baseline_nvml_pt,nvidia-smi,ok,0.0,93.0,1695.0,7601.0,67.53,0.43827199935913086,153.16015625,153.16015625,16.0,True,,86.9,55.00000000000001,72.89999999999999,estimated,,prefill-facebook-opt-1-3b-chunk-1024-sm-8,success,,,/mnt/data/dheeraj/dicertation/inference-profile/runs/revised-rerun-20260415-145100-g3-opt13b-c512-1024/raw/points/prefill/prefill-facebook-opt-1-3b-chunk-1024-sm-8.csv
facebook/opt-1.3b,1024,gemm,v_proj,8,3,154.62400019168854,143822848,148017152,4194304,4194304,1024,2026-04-15T13:51:46Z,baseline_nvml_pt,nvidia-smi,ok,0.0,93.0,1695.0,7601.0,67.53,0.43827199935913086,153.16015625,153.16015625,16.0,True,,86.9,55.00000000000001,72.89999999999999,estimated,,prefill-facebook-opt-1-3b-chunk-1024-sm-8,success,,,/mnt/data/dheeraj/dicertation/inference-profile/runs/revised-rerun-20260415-145100-g3-opt13b-c512-1024/raw/points/prefill/prefill-facebook-opt-1-3b-chunk-1024-sm-8.csv
facebook/opt-1.3b,1024,gemm,out_proj,8,3,154.4640064239502,143822848,148017152,4194304,4194304,1024,2026-04-15T13:51:46Z,baseline_nvml_pt,nvidia-smi,ok,0.0,93.0,1695.0,7601.0,67.53,0.43827199935913086,153.16015625,153.16015625,16.0,True,,86.9,55.00000000000001,72.89999999999999,estimated,,prefill-facebook-opt-1-3b-chunk-1024-sm-8,success,,,/mnt/data/dheeraj/dicertation/inference-profile/runs/revised-rerun-20260415-145100-g3-opt13b-c512-1024/raw/points/prefill/prefill-facebook-opt-1-3b-chunk-1024-sm-8.csv
facebook/opt-1.3b,1024,gemm,fc1,8,3,433.1519901752472,143822848,160600064,16777216,16777216,1024,2026-04-15T13:51:46Z,baseline_nvml_pt,nvidia-smi,ok,0.0,93.0,1695.0,7601.0,67.53,0.43827199935913086,153.16015625,153.16015625,16.0,True,,86.9,55.00000000000001,72.89999999999999,estimated,,prefill-facebook-opt-1-3b-chunk-1024-sm-8,success,,,/mnt/data/dheeraj/dicertation/inference-profile/runs/revised-rerun-20260415-145100-g3-opt13b-c512-1024/raw/points/prefill/prefill-facebook-opt-1-3b-chunk-1024-sm-8.csv
facebook/opt-1.3b,1024,gemm,fc2,8,3,375.8080005645752,143822848,148017152,4194304,4194304,1024,2026-04-15T13:51:46Z,baseline_nvml_pt,nvidia-smi,ok,0.0,93.0,1695.0,7601.0,67.53,0.43827199935913086,153.16015625,153.16015625,16.0,True,,86.9,55.00000000000001,72.89999999999999,estimated,,prefill-facebook-opt-1-3b-chunk-1024-sm-8,success,,,/mnt/data/dheeraj/dicertation/inference-profile/runs/revised-rerun-20260415-145100-g3-opt13b-c512-1024/raw/points/prefill/prefill-facebook-opt-1-3b-chunk-1024-sm-8.csv
facebook/opt-1.3b,1024,attention,attention,8,3,151.5520066022873,143822848,148149248,4326400,4194304,1024,2026-04-15T13:51:46Z,baseline_nvml_pt,nvidia-smi,ok,0.0,93.0,1695.0,7601.0,67.53,0.43827199935913086,153.16015625,153.16015625,16.0,True,,86.9,55.00000000000001,72.89999999999999,estimated,,prefill-facebook-opt-1-3b-chunk-1024-sm-8,success,,,/mnt/data/dheeraj/dicertation/inference-profile/runs/revised-rerun-20260415-145100-g3-opt13b-c512-1024/raw/points/prefill/prefill-facebook-opt-1-3b-chunk-1024-sm-8.csv
facebook/opt-1.3b,1024,gemm,q_proj,8,4,157.50400722026825,143822848,148017152,4194304,4194304,1024,2026-04-15T13:51:46Z,baseline_nvml_pt,nvidia-smi,ok,0.0,93.0,1695.0,7601.0,67.53,0.43827199935913086,153.16015625,153.16015625,16.0,True,,86.9,55.00000000000001,72.89999999999999,estimated,,prefill-facebook-opt-1-3b-chunk-1024-sm-8,success,,,/mnt/data/dheeraj/dicertation/inference-profile/runs/revised-rerun-20260415-145100-g3-opt13b-c512-1024/raw/points/prefill/prefill-facebook-opt-1-3b-chunk-1024-sm-8.csv
facebook/opt-1.3b,1024,gemm,k_proj,8,4,172.03199863433838,143822848,148017152,4194304,4194304,1024,2026-04-15T13:51:46Z,baseline_nvml_pt,nvidia-smi,ok,0.0,93.0,1695.0,7601.0,67.53,0.43827199935913086,153.16015625,153.16015625,16.0,True,,86.9,55.00000000000001,72.89999999999999,estimated,,prefill-facebook-opt-1-3b-chunk-1024-sm-8,success,,,/mnt/data/dheeraj/dicertation/inference-profile/runs/revised-rerun-20260415-145100-g3-opt13b-c512-1024/raw/points/prefill/prefill-facebook-opt-1-3b-chunk-1024-sm-8.csv
facebook/opt-1.3b,1024,gemm,v_proj,8,4,154.40000593662262,143822848,148017152,4194304,4194304,1024,2026-04-15T13:51:46Z,baseline_nvml_pt,nvidia-smi,ok,0.0,93.0,1695.0,7601.0,67.53,0.43827199935913086,153.16015625,153.16015625,16.0,True,,86.9,55.00000000000001,72.89999999999999,estimated,,prefill-facebook-opt-1-3b-chunk-1024-sm-8,success,,,/mnt/data/dheeraj/dicertation/inference-profile/runs/revised-rerun-20260415-145100-g3-opt13b-c512-1024/raw/points/prefill/prefill-facebook-opt-1-3b-chunk-1024-sm-8.csv
facebook/opt-1.3b,1024,gemm,out_proj,8,4,151.5520066022873,143822848,148017152,4194304,4194304,1024,2026-04-15T13:51:46Z,baseline_nvml_pt,nvidia-smi,ok,0.0,93.0,1695.0,7601.0,67.53,0.43827199935913086,153.16015625,153.16015625,16.0,True,,86.9,55.00000000000001,72.89999999999999,estimated,,prefill-facebook-opt-1-3b-chunk-1024-sm-8,success,,,/mnt/data/dheeraj/dicertation/inference-profile/runs/revised-rerun-20260415-145100-g3-opt13b-c512-1024/raw/points/prefill/prefill-facebook-opt-1-3b-chunk-1024-sm-8.csv
facebook/opt-1.3b,1024,gemm,fc1,8,4,431.10400438308716,143822848,160600064,16777216,16777216,1024,2026-04-15T13:51:46Z,baseline_nvml_pt,nvidia-smi,ok,0.0,93.0,1695.0,7601.0,67.53,0.43827199935913086,153.16015625,153.16015625,16.0,True,,86.9,55.00000000000001,72.89999999999999,estimated,,prefill-facebook-opt-1-3b-chunk-1024-sm-8,success,,,/mnt/data/dheeraj/dicertation/inference-profile/runs/revised-rerun-20260415-145100-g3-opt13b-c512-1024/raw/points/prefill/prefill-facebook-opt-1-3b-chunk-1024-sm-8.csv
facebook/opt-1.3b,1024,gemm,fc2,8,4,373.76001477241516,143822848,148017152,4194304,4194304,1024,2026-04-15T13:51:46Z,baseline_nvml_pt,nvidia-smi,ok,0.0,93.0,1695.0,7601.0,67.53,0.43827199935913086,153.16015625,153.16015625,16.0,True,,86.9,55.00000000000001,72.89999999999999,estimated,,prefill-facebook-opt-1-3b-chunk-1024-sm-8,success,,,/mnt/data/dheeraj/dicertation/inference-profile/runs/revised-rerun-20260415-145100-g3-opt13b-c512-1024/raw/points/prefill/prefill-facebook-opt-1-3b-chunk-1024-sm-8.csv
facebook/opt-1.3b,1024,attention,attention,8,4,151.5520066022873,143822848,148149248,4326400,4194304,1024,2026-04-15T13:51:46Z,baseline_nvml_pt,nvidia-smi,ok,0.0,93.0,1695.0,7601.0,67.53,0.43827199935913086,153.16015625,153.16015625,16.0,True,,86.9,55.00000000000001,72.89999999999999,estimated,,prefill-facebook-opt-1-3b-chunk-1024-sm-8,success,,,/mnt/data/dheeraj/dicertation/inference-profile/runs/revised-rerun-20260415-145100-g3-opt13b-c512-1024/raw/points/prefill/prefill-facebook-opt-1-3b-chunk-1024-sm-8.csv
facebook/opt-1.3b,1024,gemm,q_proj,16,0,169.98399794101715,143822848,148017152,4194304,4194304,1024,2026-04-15T13:51:53Z,baseline_nvml_pt,nvidia-smi,ok,0.0,93.0,1695.0,7601.0,66.37,3.250976085662842,153.16015625,153.16015625,16.0,True,,94.60000000000001,50.160000000000004,81.0,estimated,,prefill-facebook-opt-1-3b-chunk-1024-sm-16,success,,,/mnt/data/dheeraj/dicertation/inference-profile/runs/revised-rerun-20260415-145100-g3-opt13b-c512-1024/raw/points/prefill/prefill-facebook-opt-1-3b-chunk-1024-sm-16.csv
facebook/opt-1.3b,1024,gemm,k_proj,16,0,161.79199516773224,143822848,148017152,4194304,4194304,1024,2026-04-15T13:51:53Z,baseline_nvml_pt,nvidia-smi,ok,0.0,93.0,1695.0,7601.0,66.37,3.250976085662842,153.16015625,153.16015625,16.0,True,,94.60000000000001,50.160000000000004,81.0,estimated,,prefill-facebook-opt-1-3b-chunk-1024-sm-16,success,,,/mnt/data/dheeraj/dicertation/inference-profile/runs/revised-rerun-20260415-145100-g3-opt13b-c512-1024/raw/points/prefill/prefill-facebook-opt-1-3b-chunk-1024-sm-16.csv
facebook/opt-1.3b,1024,gemm,v_proj,16,0,156.67200088500977,143822848,148017152,4194304,4194304,1024,2026-04-15T13:51:53Z,baseline_nvml_pt,nvidia-smi,ok,0.0,93.0,1695.0,7601.0,66.37,3.250976085662842,153.16015625,153.16015625,16.0,True,,94.60000000000001,50.160000000000004,81.0,estimated,,prefill-facebook-opt-1-3b-chunk-1024-sm-16,success,,,/mnt/data/dheeraj/dicertation/inference-profile/runs/revised-rerun-20260415-145100-g3-opt13b-c512-1024/raw/points/prefill/prefill-facebook-opt-1-3b-chunk-1024-sm-16.csv
facebook/opt-1.3b,1024,gemm,out_proj,16,0,155.42399883270264,143822848,148017152,4194304,4194304,1024,2026-04-15T13:51:53Z,baseline_nvml_pt,nvidia-smi,ok,0.0,93.0,1695.0,7601.0,66.37,3.250976085662842,153.16015625,153.16015625,16.0,True,,94.60000000000001,50.160000000000004,81.0,estimated,,prefill-facebook-opt-1-3b-chunk-1024-sm-16,success,,,/mnt/data/dheeraj/dicertation/inference-profile/runs/revised-rerun-20260415-145100-g3-opt13b-c512-1024/raw/points/prefill/prefill-facebook-opt-1-3b-chunk-1024-sm-16.csv
facebook/opt-1.3b,1024,gemm,fc1,16,0,436.12799048423767,143822848,160600064,16777216,16777216,1024,2026-04-15T13:51:53Z,baseline_nvml_pt,nvidia-smi,ok,0.0,93.0,1695.0,7601.0,66.37,3.250976085662842,153.16015625,153.16015625,16.0,True,,94.60000000000001,50.160000000000004,81.0,estimated,,prefill-facebook-opt-1-3b-chunk-1024-sm-16,success,,,/mnt/data/dheeraj/dicertation/inference-profile/runs/revised-rerun-20260415-145100-g3-opt13b-c512-1024/raw/points/prefill/prefill-facebook-opt-1-3b-chunk-1024-sm-16.csv
facebook/opt-1.3b,1024,gemm,fc2,16,0,374.783992767334,143822848,148017152,4194304,4194304,1024,2026-04-15T13:51:53Z,baseline_nvml_pt,nvidia-smi,ok,0.0,93.0,1695.0,7601.0,66.37,3.250976085662842,153.16015625,153.16015625,16.0,True,,94.60000000000001,50.160000000000004,81.0,estimated,,prefill-facebook-opt-1-3b-chunk-1024-sm-16,success,,,/mnt/data/dheeraj/dicertation/inference-profile/runs/revised-rerun-20260415-145100-g3-opt13b-c512-1024/raw/points/prefill/prefill-facebook-opt-1-3b-chunk-1024-sm-16.csv
facebook/opt-1.3b,1024,attention,attention,16,0,150.2400040626526,143822848,148149248,4326400,4194304,1024,2026-04-15T13:51:53Z,baseline_nvml_pt,nvidia-smi,ok,0.0,93.0,1695.0,7601.0,66.37,3.250976085662842,153.16015625,153.16015625,16.0,True,,94.60000000000001,50.160000000000004,81.0,estimated,,prefill-facebook-opt-1-3b-chunk-1024-sm-16,success,,,/mnt/data/dheeraj/dicertation/inference-profile/runs/revised-rerun-20260415-145100-g3-opt13b-c512-1024/raw/points/prefill/prefill-facebook-opt-1-3b-chunk-1024-sm-16.csv
facebook/opt-1.3b,1024,gemm,q_proj,16,1,158.49600732326508,143822848,148017152,4194304,4194304,1024,2026-04-15T13:51:53Z,baseline_nvml_pt,nvidia-smi,ok,0.0,93.0,1695.0,7601.0,66.37,3.250976085662842,153.16015625,153.16015625,16.0,True,,94.60000000000001,50.160000000000004,81.0,estimated,,prefill-facebook-opt-1-3b-chunk-1024-sm-16,success,,,/mnt/data/dheeraj/dicertation/inference-profile/runs/revised-rerun-20260415-145100-g3-opt13b-c512-1024/raw/points/prefill/prefill-facebook-opt-1-3b-chunk-1024-sm-16.csv
facebook/opt-1.3b,1024,gemm,k_proj,16,1,157.69599378108978,143822848,148017152,4194304,4194304,1024,2026-04-15T13:51:53Z,baseline_nvml_pt,nvidia-smi,ok,0.0,93.0,1695.0,7601.0,66.37,3.250976085662842,153.16015625,153.16015625,16.0,True,,94.60000000000001,50.160000000000004,81.0,estimated,,prefill-facebook-opt-1-3b-chunk-1024-sm-16,success,,,/mnt/data/dheeraj/dicertation/inference-profile/runs/revised-rerun-20260415-145100-g3-opt13b-c512-1024/raw/points/prefill/prefill-facebook-opt-1-3b-chunk-1024-sm-16.csv
facebook/opt-1.3b,1024,gemm,v_proj,16,1,152.5759994983673,143822848,148017152,4194304,4194304,1024,2026-04-15T13:51:53Z,baseline_nvml_pt,nvidia-smi,ok,0.0,93.0,1695.0,7601.0,66.37,3.250976085662842,153.16015625,153.16015625,16.0,True,,94.60000000000001,50.160000000000004,81.0,estimated,,prefill-facebook-opt-1-3b-chunk-1024-sm-16,success,,,/mnt/data/dheeraj/dicertation/inference-profile/runs/revised-rerun-20260415-145100-g3-opt13b-c512-1024/raw/points/prefill/prefill-facebook-opt-1-3b-chunk-1024-sm-16.csv
facebook/opt-1.3b,1024,gemm,out_proj,16,1,153.34400534629822,143822848,148017152,4194304,4194304,1024,2026-04-15T13:51:53Z,baseline_nvml_pt,nvidia-smi,ok,0.0,93.0,1695.0,7601.0,66.37,3.250976085662842,153.16015625,153.16015625,16.0,True,,94.60000000000001,50.160000000000004,81.0,estimated,,prefill-facebook-opt-1-3b-chunk-1024-sm-16,success,,,/mnt/data/dheeraj/dicertation/inference-profile/runs/revised-rerun-20260415-145100-g3-opt13b-c512-1024/raw/points/prefill/prefill-facebook-opt-1-3b-chunk-1024-sm-16.csv
facebook/opt-1.3b,1024,gemm,fc1,16,1,435.2000057697296,143822848,160600064,16777216,16777216,1024,2026-04-15T13:51:53Z,baseline_nvml_pt,nvidia-smi,ok,0.0,93.0,1695.0,7601.0,66.37,3.250976085662842,153.16015625,153.16015625,16.0,True,,94.60000000000001,50.160000000000004,81.0,estimated,,prefill-facebook-opt-1-3b-chunk-1024-sm-16,success,,,/mnt/data/dheeraj/dicertation/inference-profile/runs/revised-rerun-20260415-145100-g3-opt13b-c512-1024/raw/points/prefill/prefill-facebook-opt-1-3b-chunk-1024-sm-16.csv
facebook/opt-1.3b,1024,gemm,fc2,16,1,377.85598635673523,143822848,148017152,4194304,4194304,1024,2026-04-15T13:51:53Z,baseline_nvml_pt,nvidia-smi,ok,0.0,93.0,1695.0,7601.0,66.37,3.250976085662842,153.16015625,153.16015625,16.0,True,,94.60000000000001,50.160000000000004,81.0,estimated,,prefill-facebook-opt-1-3b-chunk-1024-sm-16,success,,,/mnt/data/dheeraj/dicertation/inference-profile/runs/revised-rerun-20260415-145100-g3-opt13b-c512-1024/raw/points/prefill/prefill-facebook-opt-1-3b-chunk-1024-sm-16.csv
facebook/opt-1.3b,1024,attention,attention,16,1,149.50400590896606,143822848,148149248,4326400,4194304,1024,2026-04-15T13:51:53Z,baseline_nvml_pt,nvidia-smi,ok,0.0,93.0,1695.0,7601.0,66.37,3.250976085662842,153.16015625,153.16015625,16.0,True,,94.60000000000001,50.160000000000004,81.0,estimated,,prefill-facebook-opt-1-3b-chunk-1024-sm-16,success,,,/mnt/data/dheeraj/dicertation/inference-profile/runs/revised-rerun-20260415-145100-g3-opt13b-c512-1024/raw/points/prefill/prefill-facebook-opt-1-3b-chunk-1024-sm-16.csv
facebook/opt-1.3b,1024,gemm,q_proj,16,2,163.64799439907074,143822848,148017152,4194304,4194304,1024,2026-04-15T13:51:53Z,baseline_nvml_pt,nvidia-smi,ok,0.0,93.0,1695.0,7601.0,66.37,3.250976085662842,153.16015625,153.16015625,16.0,True,,94.60000000000001,50.160000000000004,81.0,estimated,,prefill-facebook-opt-1-3b-chunk-1024-sm-16,success,,,/mnt/data/dheeraj/dicertation/inference-profile/runs/revised-rerun-20260415-145100-g3-opt13b-c512-1024/raw/points/prefill/prefill-facebook-opt-1-3b-chunk-1024-sm-16.csv
facebook/opt-1.3b,1024,gemm,k_proj,16,2,162.62400150299072,143822848,148017152,4194304,4194304,1024,2026-04-15T13:51:53Z,baseline_nvml_pt,nvidia-smi,ok,0.0,93.0,1695.0,7601.0,66.37,3.250976085662842,153.16015625,153.16015625,16.0,True,,94.60000000000001,50.160000000000004,81.0,estimated,,prefill-facebook-opt-1-3b-chunk-1024-sm-16,success,,,/mnt/data/dheeraj/dicertation/inference-profile/runs/revised-rerun-20260415-145100-g3-opt13b-c512-1024/raw/points/prefill/prefill-facebook-opt-1-3b-chunk-1024-sm-16.csv
facebook/opt-1.3b,1024,gemm,v_proj,16,2,162.81600296497345,143822848,148017152,4194304,4194304,1024,2026-04-15T13:51:53Z,baseline_nvml_pt,nvidia-smi,ok,0.0,93.0,1695.0,7601.0,66.37,3.250976085662842,153.16015625,153.16015625,16.0,True,,94.60000000000001,50.160000000000004,81.0,estimated,,prefill-facebook-opt-1-3b-chunk-1024-sm-16,success,,,/mnt/data/dheeraj/dicertation/inference-profile/runs/revised-rerun-20260415-145100-g3-opt13b-c512-1024/raw/points/prefill/prefill-facebook-opt-1-3b-chunk-1024-sm-16.csv
facebook/opt-1.3b,1024,gemm,out_proj,16,2,153.60000729560852,143822848,148017152,4194304,4194304,1024,2026-04-15T13:51:53Z,baseline_nvml_pt,nvidia-smi,ok,0.0,93.0,1695.0,7601.0,66.37,3.250976085662842,153.16015625,153.16015625,16.0,True,,94.60000000000001,50.160000000000004,81.0,estimated,,prefill-facebook-opt-1-3b-chunk-1024-sm-16,success,,,/mnt/data/dheeraj/dicertation/inference-profile/runs/revised-rerun-20260415-145100-g3-opt13b-c512-1024/raw/points/prefill/prefill-facebook-opt-1-3b-chunk-1024-sm-16.csv
facebook/opt-1.3b,1024,gemm,fc1,16,2,432.12801218032837,143822848,160600064,16777216,16777216,1024,2026-04-15T13:51:53Z,baseline_nvml_pt,nvidia-smi,ok,0.0,93.0,1695.0,7601.0,66.37,3.250976085662842,153.16015625,153.16015625,16.0,True,,94.60000000000001,50.160000000000004,81.0,estimated,,prefill-facebook-opt-1-3b-chunk-1024-sm-16,success,,,/mnt/data/dheeraj/dicertation/inference-profile/runs/revised-rerun-20260415-145100-g3-opt13b-c512-1024/raw/points/prefill/prefill-facebook-opt-1-3b-chunk-1024-sm-16.csv
facebook/opt-1.3b,1024,gemm,fc2,16,2,371.71199917793274,143822848,148017152,4194304,4194304,1024,2026-04-15T13:51:53Z,baseline_nvml_pt,nvidia-smi,ok,0.0,93.0,1695.0,7601.0,66.37,3.250976085662842,153.16015625,153.16015625,16.0,True,,94.60000000000001,50.160000000000004,81.0,estimated,,prefill-facebook-opt-1-3b-chunk-1024-sm-16,success,,,/mnt/data/dheeraj/dicertation/inference-profile/runs/revised-rerun-20260415-145100-g3-opt13b-c512-1024/raw/points/prefill/prefill-facebook-opt-1-3b-chunk-1024-sm-16.csv
facebook/opt-1.3b,1024,attention,attention,16,2,3250.976085662842,143822848,148149248,4326400,4194304,1024,2026-04-15T13:51:53Z,baseline_nvml_pt,nvidia-smi,ok,0.0,93.0,1695.0,7601.0,66.37,3.250976085662842,153.16015625,153.16015625,16.0,True,,94.60000000000001,50.160000000000004,81.0,estimated,,prefill-facebook-opt-1-3b-chunk-1024-sm-16,success,,,/mnt/data/dheeraj/dicertation/inference-profile/runs/revised-rerun-20260415-145100-g3-opt13b-c512-1024/raw/points/prefill/prefill-facebook-opt-1-3b-chunk-1024-sm-16.csv
facebook/opt-1.3b,1024,gemm,q_proj,16,3,157.47199952602386,143822848,148017152,4194304,4194304,1024,2026-04-15T13:51:53Z,baseline_nvml_pt,nvidia-smi,ok,0.0,93.0,1695.0,7601.0,66.37,3.250976085662842,153.16015625,153.16015625,16.0,True,,94.60000000000001,50.160000000000004,81.0,estimated,,prefill-facebook-opt-1-3b-chunk-1024-sm-16,success,,,/mnt/data/dheeraj/dicertation/inference-profile/runs/revised-rerun-20260415-145100-g3-opt13b-c512-1024/raw/points/prefill/prefill-facebook-opt-1-3b-chunk-1024-sm-16.csv
facebook/opt-1.3b,1024,gemm,k_proj,16,3,155.5519998073578,143822848,148017152,4194304,4194304,1024,2026-04-15T13:51:53Z,baseline_nvml_pt,nvidia-smi,ok,0.0,93.0,1695.0,7601.0,66.37,3.250976085662842,153.16015625,153.16015625,16.0,True,,94.60000000000001,50.160000000000004,81.0,estimated,,prefill-facebook-opt-1-3b-chunk-1024-sm-16,success,,,/mnt/data/dheeraj/dicertation/inference-profile/runs/revised-rerun-20260415-145100-g3-opt13b-c512-1024/raw/points/prefill/prefill-facebook-opt-1-3b-chunk-1024-sm-16.csv
facebook/opt-1.3b,1024,gemm,v_proj,16,3,153.60000729560852,143822848,148017152,4194304,4194304,1024,2026-04-15T13:51:53Z,baseline_nvml_pt,nvidia-smi,ok,0.0,93.0,1695.0,7601.0,66.37,3.250976085662842,153.16015625,153.16015625,16.0,True,,94.60000000000001,50.160000000000004,81.0,estimated,,prefill-facebook-opt-1-3b-chunk-1024-sm-16,success,,,/mnt/data/dheeraj/dicertation/inference-profile/runs/revised-rerun-20260415-145100-g3-opt13b-c512-1024/raw/points/prefill/prefill-facebook-opt-1-3b-chunk-1024-sm-16.csv
facebook/opt-1.3b,1024,gemm,out_proj,16,3,152.6080071926117,143822848,148017152,4194304,4194304,1024,2026-04-15T13:51:53Z,baseline_nvml_pt,nvidia-smi,ok,0.0,93.0,1695.0,7601.0,66.37,3.250976085662842,153.16015625,153.16015625,16.0,True,,94.60000000000001,50.160000000000004,81.0,estimated,,prefill-facebook-opt-1-3b-chunk-1024-sm-16,success,,,/mnt/data/dheeraj/dicertation/inference-profile/runs/revised-rerun-20260415-145100-g3-opt13b-c512-1024/raw/points/prefill/prefill-facebook-opt-1-3b-chunk-1024-sm-16.csv
facebook/opt-1.3b,1024,gemm,fc1,16,3,435.36001443862915,143822848,160600064,16777216,16777216,1024,2026-04-15T13:51:53Z,baseline_nvml_pt,nvidia-smi,ok,0.0,93.0,1695.0,7601.0,66.37,3.250976085662842,153.16015625,153.16015625,16.0,True,,94.60000000000001,50.160000000000004,81.0,estimated,,prefill-facebook-opt-1-3b-chunk-1024-sm-16,success,,,/mnt/data/dheeraj/dicertation/inference-profile/runs/revised-rerun-20260415-145100-g3-opt13b-c512-1024/raw/points/prefill/prefill-facebook-opt-1-3b-chunk-1024-sm-16.csv
facebook/opt-1.3b,1024,gemm,fc2,16,3,372.44799733161926,143822848,148017152,4194304,4194304,1024,2026-04-15T13:51:53Z,baseline_nvml_pt,nvidia-smi,ok,0.0,93.0,1695.0,7601.0,66.37,3.250976085662842,153.16015625,153.16015625,16.0,True,,94.60000000000001,50.160000000000004,81.0,estimated,,prefill-facebook-opt-1-3b-chunk-1024-sm-16,success,,,/mnt/data/dheeraj/dicertation/inference-profile/runs/revised-rerun-20260415-145100-g3-opt13b-c512-1024/raw/points/prefill/prefill-facebook-opt-1-3b-chunk-1024-sm-16.csv
facebook/opt-1.3b,1024,attention,attention,16,3,148.76799285411835,143822848,148149248,4326400,4194304,1024,2026-04-15T13:51:53Z,baseline_nvml_pt,nvidia-smi,ok,0.0,93.0,1695.0,7601.0,66.37,3.250976085662842,153.16015625,153.16015625,16.0,True,,94.60000000000001,50.160000000000004,81.0,estimated,,prefill-facebook-opt-1-3b-chunk-1024-sm-16,success,,,/mnt/data/dheeraj/dicertation/inference-profile/runs/revised-rerun-20260415-145100-g3-opt13b-c512-1024/raw/points/prefill/prefill-facebook-opt-1-3b-chunk-1024-sm-16.csv
facebook/opt-1.3b,1024,gemm,q_proj,16,4,155.64799308776855,143822848,148017152,4194304,4194304,1024,2026-04-15T13:51:53Z,baseline_nvml_pt,nvidia-smi,ok,0.0,93.0,1695.0,7601.0,66.37,3.250976085662842,153.16015625,153.16015625,16.0,True,,94.60000000000001,50.160000000000004,81.0,estimated,,prefill-facebook-opt-1-3b-chunk-1024-sm-16,success,,,/mnt/data/dheeraj/dicertation/inference-profile/runs/revised-rerun-20260415-145100-g3-opt13b-c512-1024/raw/points/prefill/prefill-facebook-opt-1-3b-chunk-1024-sm-16.csv
facebook/opt-1.3b,1024,gemm,k_proj,16,4,153.60000729560852,143822848,148017152,4194304,4194304,1024,2026-04-15T13:51:53Z,baseline_nvml_pt,nvidia-smi,ok,0.0,93.0,1695.0,7601.0,66.37,3.250976085662842,153.16015625,153.16015625,16.0,True,,94.60000000000001,50.160000000000004,81.0,estimated,,prefill-facebook-opt-1-3b-chunk-1024-sm-16,success,,,/mnt/data/dheeraj/dicertation/inference-profile/runs/revised-rerun-20260415-145100-g3-opt13b-c512-1024/raw/points/prefill/prefill-facebook-opt-1-3b-chunk-1024-sm-16.csv
facebook/opt-1.3b,1024,gemm,v_proj,16,4,151.5520066022873,143822848,148017152,4194304,4194304,1024,2026-04-15T13:51:53Z,baseline_nvml_pt,nvidia-smi,ok,0.0,93.0,1695.0,7601.0,66.37,3.250976085662842,153.16015625,153.16015625,16.0,True,,94.60000000000001,50.160000000000004,81.0,estimated,,prefill-facebook-opt-1-3b-chunk-1024-sm-16,success,,,/mnt/data/dheeraj/dicertation/inference-profile/runs/revised-rerun-20260415-145100-g3-opt13b-c512-1024/raw/points/prefill/prefill-facebook-opt-1-3b-chunk-1024-sm-16.csv
facebook/opt-1.3b,1024,gemm,out_proj,16,4,152.41600573062897,143822848,148017152,4194304,4194304,1024,2026-04-15T13:51:53Z,baseline_nvml_pt,nvidia-smi,ok,0.0,93.0,1695.0,7601.0,66.37,3.250976085662842,153.16015625,153.16015625,16.0,True,,94.60000000000001,50.160000000000004,81.0,estimated,,prefill-facebook-opt-1-3b-chunk-1024-sm-16,success,,,/mnt/data/dheeraj/dicertation/inference-profile/runs/revised-rerun-20260415-145100-g3-opt13b-c512-1024/raw/points/prefill/prefill-facebook-opt-1-3b-chunk-1024-sm-16.csv
facebook/opt-1.3b,1024,gemm,fc1,16,4,431.10400438308716,143822848,160600064,16777216,16777216,1024,2026-04-15T13:51:53Z,baseline_nvml_pt,nvidia-smi,ok,0.0,93.0,1695.0,7601.0,66.37,3.250976085662842,153.16015625,153.16015625,16.0,True,,94.60000000000001,50.160000000000004,81.0,estimated,,prefill-facebook-opt-1-3b-chunk-1024-sm-16,success,,,/mnt/data/dheeraj/dicertation/inference-profile/runs/revised-rerun-20260415-145100-g3-opt13b-c512-1024/raw/points/prefill/prefill-facebook-opt-1-3b-chunk-1024-sm-16.csv
facebook/opt-1.3b,1024,gemm,fc2,16,4,372.73600697517395,143822848,148017152,4194304,4194304,1024,2026-04-15T13:51:53Z,baseline_nvml_pt,nvidia-smi,ok,0.0,93.0,1695.0,7601.0,66.37,3.250976085662842,153.16015625,153.16015625,16.0,True,,94.60000000000001,50.160000000000004,81.0,estimated,,prefill-facebook-opt-1-3b-chunk-1024-sm-16,success,,,/mnt/data/dheeraj/dicertation/inference-profile/runs/revised-rerun-20260415-145100-g3-opt13b-c512-1024/raw/points/prefill/prefill-facebook-opt-1-3b-chunk-1024-sm-16.csv
facebook/opt-1.3b,1024,attention,attention,16,4,147.45600521564484,143822848,148149248,4326400,4194304,1024,2026-04-15T13:51:53Z,baseline_nvml_pt,nvidia-smi,ok,0.0,93.0,1695.0,7601.0,66.37,3.250976085662842,153.16015625,153.16015625,16.0,True,,94.60000000000001,50.160000000000004,81.0,estimated,,prefill-facebook-opt-1-3b-chunk-1024-sm-16,success,,,/mnt/data/dheeraj/dicertation/inference-profile/runs/revised-rerun-20260415-145100-g3-opt13b-c512-1024/raw/points/prefill/prefill-facebook-opt-1-3b-chunk-1024-sm-16.csv
facebook/opt-1.3b,1024,gemm,q_proj,24,0,217.056006193161,143822848,148017152,4194304,4194304,1024,2026-04-15T13:52:01Z,baseline_nvml_pt,nvidia-smi,ok,0.0,93.0,1695.0,7601.0,67.5,3.732640027999878,153.16015625,153.16015625,16.0,True,,100.0,45.32,89.1,estimated,,prefill-facebook-opt-1-3b-chunk-1024-sm-24,success,,,/mnt/data/dheeraj/dicertation/inference-profile/runs/revised-rerun-20260415-145100-g3-opt13b-c512-1024/raw/points/prefill/prefill-facebook-opt-1-3b-chunk-1024-sm-24.csv
facebook/opt-1.3b,1024,gemm,k_proj,24,0,187.391996383667,143822848,148017152,4194304,4194304,1024,2026-04-15T13:52:01Z,baseline_nvml_pt,nvidia-smi,ok,0.0,93.0,1695.0,7601.0,67.5,3.732640027999878,153.16015625,153.16015625,16.0,True,,100.0,45.32,89.1,estimated,,prefill-facebook-opt-1-3b-chunk-1024-sm-24,success,,,/mnt/data/dheeraj/dicertation/inference-profile/runs/revised-rerun-20260415-145100-g3-opt13b-c512-1024/raw/points/prefill/prefill-facebook-opt-1-3b-chunk-1024-sm-24.csv
facebook/opt-1.3b,1024,gemm,v_proj,24,0,170.9440052509308,143822848,148017152,4194304,4194304,1024,2026-04-15T13:52:01Z,baseline_nvml_pt,nvidia-smi,ok,0.0,93.0,1695.0,7601.0,67.5,3.732640027999878,153.16015625,153.16015625,16.0,True,,100.0,45.32,89.1,estimated,,prefill-facebook-opt-1-3b-chunk-1024-sm-24,success,,,/mnt/data/dheeraj/dicertation/inference-profile/runs/revised-rerun-20260415-145100-g3-opt13b-c512-1024/raw/points/prefill/prefill-facebook-opt-1-3b-chunk-1024-sm-24.csv
facebook/opt-1.3b,1024,gemm,out_proj,24,0,163.83999586105347,143822848,148017152,4194304,4194304,1024,2026-04-15T13:52:01Z,baseline_nvml_pt,nvidia-smi,ok,0.0,93.0,1695.0,7601.0,67.5,3.732640027999878,153.16015625,153.16015625,16.0,True,,100.0,45.32,89.1,estimated,,prefill-facebook-opt-1-3b-chunk-1024-sm-24,success,,,/mnt/data/dheeraj/dicertation/inference-profile/runs/revised-rerun-20260415-145100-g3-opt13b-c512-1024/raw/points/prefill/prefill-facebook-opt-1-3b-chunk-1024-sm-24.csv
facebook/opt-1.3b,1024,gemm,fc1,24,0,509.95200872421265,143822848,160600064,16777216,16777216,1024,2026-04-15T13:52:01Z,baseline_nvml_pt,nvidia-smi,ok,0.0,93.0,1695.0,7601.0,67.5,3.732640027999878,153.16015625,153.16015625,16.0,True,,100.0,45.32,89.1,estimated,,prefill-facebook-opt-1-3b-chunk-1024-sm-24,success,,,/mnt/data/dheeraj/dicertation/inference-profile/runs/revised-rerun-20260415-145100-g3-opt13b-c512-1024/raw/points/prefill/prefill-facebook-opt-1-3b-chunk-1024-sm-24.csv
facebook/opt-1.3b,1024,gemm,fc2,24,0,395.07201313972473,143822848,148017152,4194304,4194304,1024,2026-04-15T13:52:01Z,baseline_nvml_pt,nvidia-smi,ok,0.0,93.0,1695.0,7601.0,67.5,3.732640027999878,153.16015625,153.16015625,16.0,True,,100.0,45.32,89.1,estimated,,prefill-facebook-opt-1-3b-chunk-1024-sm-24,success,,,/mnt/data/dheeraj/dicertation/inference-profile/runs/revised-rerun-20260415-145100-g3-opt13b-c512-1024/raw/points/prefill/prefill-facebook-opt-1-3b-chunk-1024-sm-24.csv
facebook/opt-1.3b,1024,attention,attention,24,0,177.15199291706085,143822848,148149248,4326400,4194304,1024,2026-04-15T13:52:01Z,baseline_nvml_pt,nvidia-smi,ok,0.0,93.0,1695.0,7601.0,67.5,3.732640027999878,153.16015625,153.16015625,16.0,True,,100.0,45.32,89.1,estimated,,prefill-facebook-opt-1-3b-chunk-1024-sm-24,success,,,/mnt/data/dheeraj/dicertation/inference-profile/runs/revised-rerun-20260415-145100-g3-opt13b-c512-1024/raw/points/prefill/prefill-facebook-opt-1-3b-chunk-1024-sm-24.csv
facebook/opt-1.3b,1024,gemm,q_proj,24,1,173.0560064315796,143822848,148017152,4194304,4194304,1024,2026-04-15T13:52:01Z,baseline_nvml_pt,nvidia-smi,ok,0.0,93.0,1695.0,7601.0,67.5,3.732640027999878,153.16015625,153.16015625,16.0,True,,100.0,45.32,89.1,estimated,,prefill-facebook-opt-1-3b-chunk-1024-sm-24,success,,,/mnt/data/dheeraj/dicertation/inference-profile/runs/revised-rerun-20260415-145100-g3-opt13b-c512-1024/raw/points/prefill/prefill-facebook-opt-1-3b-chunk-1024-sm-24.csv
facebook/opt-1.3b,1024,gemm,k_proj,24,1,161.72799468040466,143822848,148017152,4194304,4194304,1024,2026-04-15T13:52:01Z,baseline_nvml_pt,nvidia-smi,ok,0.0,93.0,1695.0,7601.0,67.5,3.732640027999878,153.16015625,153.16015625,16.0,True,,100.0,45.32,89.1,estimated,,prefill-facebook-opt-1-3b-chunk-1024-sm-24,success,,,/mnt/data/dheeraj/dicertation/inference-profile/runs/revised-rerun-20260415-145100-g3-opt13b-c512-1024/raw/points/prefill/prefill-facebook-opt-1-3b-chunk-1024-sm-24.csv
facebook/opt-1.3b,1024,gemm,v_proj,24,1,156.67200088500977,143822848,148017152,4194304,4194304,1024,2026-04-15T13:52:01Z,baseline_nvml_pt,nvidia-smi,ok,0.0,93.0,1695.0,7601.0,67.5,3.732640027999878,153.16015625,153.16015625,16.0,True,,100.0,45.32,89.1,estimated,,prefill-facebook-opt-1-3b-chunk-1024-sm-24,success,,,/mnt/data/dheeraj/dicertation/inference-profile/runs/revised-rerun-20260415-145100-g3-opt13b-c512-1024/raw/points/prefill/prefill-facebook-opt-1-3b-chunk-1024-sm-24.csv
facebook/opt-1.3b,1024,gemm,out_proj,24,1,156.67200088500977,143822848,148017152,4194304,4194304,1024,2026-04-15T13:52:01Z,baseline_nvml_pt,nvidia-smi,ok,0.0,93.0,1695.0,7601.0,67.5,3.732640027999878,153.16015625,153.16015625,16.0,True,,100.0,45.32,89.1,estimated,,prefill-facebook-opt-1-3b-chunk-1024-sm-24,success,,,/mnt/data/dheeraj/dicertation/inference-profile/runs/revised-rerun-20260415-145100-g3-opt13b-c512-1024/raw/points/prefill/prefill-facebook-opt-1-3b-chunk-1024-sm-24.csv
facebook/opt-1.3b,1024,gemm,fc1,24,1,436.2240135669708,143822848,160600064,16777216,16777216,1024,2026-04-15T13:52:01Z,baseline_nvml_pt,nvidia-smi,ok,0.0,93.0,1695.0,7601.0,67.5,3.732640027999878,153.16015625,153.16015625,16.0,True,,100.0,45.32,89.1,estimated,,prefill-facebook-opt-1-3b-chunk-1024-sm-24,success,,,/mnt/data/dheeraj/dicertation/inference-profile/runs/revised-rerun-20260415-145100-g3-opt13b-c512-1024/raw/points/prefill/prefill-facebook-opt-1-3b-chunk-1024-sm-24.csv
facebook/opt-1.3b,1024,gemm,fc2,24,1,384.0000033378601,143822848,148017152,4194304,4194304,1024,2026-04-15T13:52:01Z,baseline_nvml_pt,nvidia-smi,ok,0.0,93.0,1695.0,7601.0,67.5,3.732640027999878,153.16015625,153.16015625,16.0,True,,100.0,45.32,89.1,estimated,,prefill-facebook-opt-1-3b-chunk-1024-sm-24,success,,,/mnt/data/dheeraj/dicertation/inference-profile/runs/revised-rerun-20260415-145100-g3-opt13b-c512-1024/raw/points/prefill/prefill-facebook-opt-1-3b-chunk-1024-sm-24.csv
facebook/opt-1.3b,1024,attention,attention,24,1,157.69599378108978,143822848,148149248,4326400,4194304,1024,2026-04-15T13:52:01Z,baseline_nvml_pt,nvidia-smi,ok,0.0,93.0,1695.0,7601.0,67.5,3.732640027999878,153.16015625,153.16015625,16.0,True,,100.0,45.32,89.1,estimated,,prefill-facebook-opt-1-3b-chunk-1024-sm-24,success,,,/mnt/data/dheeraj/dicertation/inference-profile/runs/revised-rerun-20260415-145100-g3-opt13b-c512-1024/raw/points/prefill/prefill-facebook-opt-1-3b-chunk-1024-sm-24.csv
facebook/opt-1.3b,1024,gemm,q_proj,24,2,161.79199516773224,143822848,148017152,4194304,4194304,1024,2026-04-15T13:52:01Z,baseline_nvml_pt,nvidia-smi,ok,0.0,93.0,1695.0,7601.0,67.5,3.732640027999878,153.16015625,153.16015625,16.0,True,,100.0,45.32,89.1,estimated,,prefill-facebook-opt-1-3b-chunk-1024-sm-24,success,,,/mnt/data/dheeraj/dicertation/inference-profile/runs/revised-rerun-20260415-145100-g3-opt13b-c512-1024/raw/points/prefill/prefill-facebook-opt-1-3b-chunk-1024-sm-24.csv
facebook/opt-1.3b,1024,gemm,k_proj,24,2,164.86400365829468,143822848,148017152,4194304,4194304,1024,2026-04-15T13:52:01Z,baseline_nvml_pt,nvidia-smi,ok,0.0,93.0,1695.0,7601.0,67.5,3.732640027999878,153.16015625,153.16015625,16.0,True,,100.0,45.32,89.1,estimated,,prefill-facebook-opt-1-3b-chunk-1024-sm-24,success,,,/mnt/data/dheeraj/dicertation/inference-profile/runs/revised-rerun-20260415-145100-g3-opt13b-c512-1024/raw/points/prefill/prefill-facebook-opt-1-3b-chunk-1024-sm-24.csv
facebook/opt-1.3b,1024,gemm,v_proj,24,2,159.71200168132782,143822848,148017152,4194304,4194304,1024,2026-04-15T13:52:01Z,baseline_nvml_pt,nvidia-smi,ok,0.0,93.0,1695.0,7601.0,67.5,3.732640027999878,153.16015625,153.16015625,16.0,True,,100.0,45.32,89.1,estimated,,prefill-facebook-opt-1-3b-chunk-1024-sm-24,success,,,/mnt/data/dheeraj/dicertation/inference-profile/runs/revised-rerun-20260415-145100-g3-opt13b-c512-1024/raw/points/prefill/prefill-facebook-opt-1-3b-chunk-1024-sm-24.csv
facebook/opt-1.3b,1024,gemm,out_proj,24,2,156.92800283432007,143822848,148017152,4194304,4194304,1024,2026-04-15T13:52:01Z,baseline_nvml_pt,nvidia-smi,ok,0.0,93.0,1695.0,7601.0,67.5,3.732640027999878,153.16015625,153.16015625,16.0,True,,100.0,45.32,89.1,estimated,,prefill-facebook-opt-1-3b-chunk-1024-sm-24,success,,,/mnt/data/dheeraj/dicertation/inference-profile/runs/revised-rerun-20260415-145100-g3-opt13b-c512-1024/raw/points/prefill/prefill-facebook-opt-1-3b-chunk-1024-sm-24.csv
facebook/opt-1.3b,1024,gemm,fc1,24,2,435.0079894065857,143822848,160600064,16777216,16777216,1024,2026-04-15T13:52:01Z,baseline_nvml_pt,nvidia-smi,ok,0.0,93.0,1695.0,7601.0,67.5,3.732640027999878,153.16015625,153.16015625,16.0,True,,100.0,45.32,89.1,estimated,,prefill-facebook-opt-1-3b-chunk-1024-sm-24,success,,,/mnt/data/dheeraj/dicertation/inference-profile/runs/revised-rerun-20260415-145100-g3-opt13b-c512-1024/raw/points/prefill/prefill-facebook-opt-1-3b-chunk-1024-sm-24.csv
facebook/opt-1.3b,1024,gemm,fc2,24,2,378.62399220466614,143822848,148017152,4194304,4194304,1024,2026-04-15T13:52:01Z,baseline_nvml_pt,nvidia-smi,ok,0.0,93.0,1695.0,7601.0,67.5,3.732640027999878,153.16015625,153.16015625,16.0,True,,100.0,45.32,89.1,estimated,,prefill-facebook-opt-1-3b-chunk-1024-sm-24,success,,,/mnt/data/dheeraj/dicertation/inference-profile/runs/revised-rerun-20260415-145100-g3-opt13b-c512-1024/raw/points/prefill/prefill-facebook-opt-1-3b-chunk-1024-sm-24.csv
facebook/opt-1.3b,1024,attention,attention,24,2,154.62400019168854,143822848,148149248,4326400,4194304,1024,2026-04-15T13:52:01Z,baseline_nvml_pt,nvidia-smi,ok,0.0,93.0,1695.0,7601.0,67.5,3.732640027999878,153.16015625,153.16015625,16.0,True,,100.0,45.32,89.1,estimated,,prefill-facebook-opt-1-3b-chunk-1024-sm-24,success,,,/mnt/data/dheeraj/dicertation/inference-profile/runs/revised-rerun-20260415-145100-g3-opt13b-c512-1024/raw/points/prefill/prefill-facebook-opt-1-3b-chunk-1024-sm-24.csv
facebook/opt-1.3b,1024,gemm,q_proj,24,3,157.69599378108978,143822848,148017152,4194304,4194304,1024,2026-04-15T13:52:01Z,baseline_nvml_pt,nvidia-smi,ok,0.0,93.0,1695.0,7601.0,67.5,3.732640027999878,153.16015625,153.16015625,16.0,True,,100.0,45.32,89.1,estimated,,prefill-facebook-opt-1-3b-chunk-1024-sm-24,success,,,/mnt/data/dheeraj/dicertation/inference-profile/runs/revised-rerun-20260415-145100-g3-opt13b-c512-1024/raw/points/prefill/prefill-facebook-opt-1-3b-chunk-1024-sm-24.csv
facebook/opt-1.3b,1024,gemm,k_proj,24,3,154.62400019168854,143822848,148017152,4194304,4194304,1024,2026-04-15T13:52:01Z,baseline_nvml_pt,nvidia-smi,ok,0.0,93.0,1695.0,7601.0,67.5,3.732640027999878,153.16015625,153.16015625,16.0,True,,100.0,45.32,89.1,estimated,,prefill-facebook-opt-1-3b-chunk-1024-sm-24,success,,,/mnt/data/dheeraj/dicertation/inference-profile/runs/revised-rerun-20260415-145100-g3-opt13b-c512-1024/raw/points/prefill/prefill-facebook-opt-1-3b-chunk-1024-sm-24.csv
facebook/opt-1.3b,1024,gemm,v_proj,24,3,154.36799824237823,143822848,148017152,4194304,4194304,1024,2026-04-15T13:52:01Z,baseline_nvml_pt,nvidia-smi,ok,0.0,93.0,1695.0,7601.0,67.5,3.732640027999878,153.16015625,153.16015625,16.0,True,,100.0,45.32,89.1,estimated,,prefill-facebook-opt-1-3b-chunk-1024-sm-24,success,,,/mnt/data/dheeraj/dicertation/inference-profile/runs/revised-rerun-20260415-145100-g3-opt13b-c512-1024/raw/points/prefill/prefill-facebook-opt-1-3b-chunk-1024-sm-24.csv
facebook/opt-1.3b,1024,gemm,out_proj,24,3,156.67200088500977,143822848,148017152,4194304,4194304,1024,2026-04-15T13:52:01Z,baseline_nvml_pt,nvidia-smi,ok,0.0,93.0,1695.0,7601.0,67.5,3.732640027999878,153.16015625,153.16015625,16.0,True,,100.0,45.32,89.1,estimated,,prefill-facebook-opt-1-3b-chunk-1024-sm-24,success,,,/mnt/data/dheeraj/dicertation/inference-profile/runs/revised-rerun-20260415-145100-g3-opt13b-c512-1024/raw/points/prefill/prefill-facebook-opt-1-3b-chunk-1024-sm-24.csv
facebook/opt-1.3b,1024,gemm,fc1,24,3,435.2000057697296,143822848,160600064,16777216,16777216,1024,2026-04-15T13:52:01Z,baseline_nvml_pt,nvidia-smi,ok,0.0,93.0,1695.0,7601.0,67.5,3.732640027999878,153.16015625,153.16015625,16.0,True,,100.0,45.32,89.1,estimated,,prefill-facebook-opt-1-3b-chunk-1024-sm-24,success,,,/mnt/data/dheeraj/dicertation/inference-profile/runs/revised-rerun-20260415-145100-g3-opt13b-c512-1024/raw/points/prefill/prefill-facebook-opt-1-3b-chunk-1024-sm-24.csv
facebook/opt-1.3b,1024,gemm,fc2,24,3,375.8080005645752,143822848,148017152,4194304,4194304,1024,2026-04-15T13:52:01Z,baseline_nvml_pt,nvidia-smi,ok,0.0,93.0,1695.0,7601.0,67.5,3.732640027999878,153.16015625,153.16015625,16.0,True,,100.0,45.32,89.1,estimated,,prefill-facebook-opt-1-3b-chunk-1024-sm-24,success,,,/mnt/data/dheeraj/dicertation/inference-profile/runs/revised-rerun-20260415-145100-g3-opt13b-c512-1024/raw/points/prefill/prefill-facebook-opt-1-3b-chunk-1024-sm-24.csv
facebook/opt-1.3b,1024,attention,attention,24,3,153.60000729560852,143822848,148149248,4326400,4194304,1024,2026-04-15T13:52:01Z,baseline_nvml_pt,nvidia-smi,ok,0.0,93.0,1695.0,7601.0,67.5,3.732640027999878,153.16015625,153.16015625,16.0,True,,100.0,45.32,89.1,estimated,,prefill-facebook-opt-1-3b-chunk-1024-sm-24,success,,,/mnt/data/dheeraj/dicertation/inference-profile/runs/revised-rerun-20260415-145100-g3-opt13b-c512-1024/raw/points/prefill/prefill-facebook-opt-1-3b-chunk-1024-sm-24.csv
facebook/opt-1.3b,1024,gemm,q_proj,24,4,157.69599378108978,143822848,148017152,4194304,4194304,1024,2026-04-15T13:52:01Z,baseline_nvml_pt,nvidia-smi,ok,0.0,93.0,1695.0,7601.0,67.5,3.732640027999878,153.16015625,153.16015625,16.0,True,,100.0,45.32,89.1,estimated,,prefill-facebook-opt-1-3b-chunk-1024-sm-24,success,,,/mnt/data/dheeraj/dicertation/inference-profile/runs/revised-rerun-20260415-145100-g3-opt13b-c512-1024/raw/points/prefill/prefill-facebook-opt-1-3b-chunk-1024-sm-24.csv
facebook/opt-1.3b,1024,gemm,k_proj,24,4,154.62400019168854,143822848,148017152,4194304,4194304,1024,2026-04-15T13:52:01Z,baseline_nvml_pt,nvidia-smi,ok,0.0,93.0,1695.0,7601.0,67.5,3.732640027999878,153.16015625,153.16015625,16.0,True,,100.0,45.32,89.1,estimated,,prefill-facebook-opt-1-3b-chunk-1024-sm-24,success,,,/mnt/data/dheeraj/dicertation/inference-profile/runs/revised-rerun-20260415-145100-g3-opt13b-c512-1024/raw/points/prefill/prefill-facebook-opt-1-3b-chunk-1024-sm-24.csv
facebook/opt-1.3b,1024,gemm,v_proj,24,4,152.5759994983673,143822848,148017152,4194304,4194304,1024,2026-04-15T13:52:01Z,baseline_nvml_pt,nvidia-smi,ok,0.0,93.0,1695.0,7601.0,67.5,3.732640027999878,153.16015625,153.16015625,16.0,True,,100.0,45.32,89.1,estimated,,prefill-facebook-opt-1-3b-chunk-1024-sm-24,success,,,/mnt/data/dheeraj/dicertation/inference-profile/runs/revised-rerun-20260415-145100-g3-opt13b-c512-1024/raw/points/prefill/prefill-facebook-opt-1-3b-chunk-1024-sm-24.csv
facebook/opt-1.3b,1024,gemm,out_proj,24,4,3732.640027999878,143822848,148017152,4194304,4194304,1024,2026-04-15T13:52:01Z,baseline_nvml_pt,nvidia-smi,ok,0.0,93.0,1695.0,7601.0,67.5,3.732640027999878,153.16015625,153.16015625,16.0,True,,100.0,45.32,89.1,estimated,,prefill-facebook-opt-1-3b-chunk-1024-sm-24,success,,,/mnt/data/dheeraj/dicertation/inference-profile/runs/revised-rerun-20260415-145100-g3-opt13b-c512-1024/raw/points/prefill/prefill-facebook-opt-1-3b-chunk-1024-sm-24.csv
facebook/opt-1.3b,1024,gemm,fc1,24,4,438.27199935913086,143822848,160600064,16777216,16777216,1024,2026-04-15T13:52:01Z,baseline_nvml_pt,nvidia-smi,ok,0.0,93.0,1695.0,7601.0,67.5,3.732640027999878,153.16015625,153.16015625,16.0,True,,100.0,45.32,89.1,estimated,,prefill-facebook-opt-1-3b-chunk-1024-sm-24,success,,,/mnt/data/dheeraj/dicertation/inference-profile/runs/revised-rerun-20260415-145100-g3-opt13b-c512-1024/raw/points/prefill/prefill-facebook-opt-1-3b-chunk-1024-sm-24.csv
facebook/opt-1.3b,1024,gemm,fc2,24,4,377.9520094394684,143822848,148017152,4194304,4194304,1024,2026-04-15T13:52:01Z,baseline_nvml_pt,nvidia-smi,ok,0.0,93.0,1695.0,7601.0,67.5,3.732640027999878,153.16015625,153.16015625,16.0,True,,100.0,45.32,89.1,estimated,,prefill-facebook-opt-1-3b-chunk-1024-sm-24,success,,,/mnt/data/dheeraj/dicertation/inference-profile/runs/revised-rerun-20260415-145100-g3-opt13b-c512-1024/raw/points/prefill/prefill-facebook-opt-1-3b-chunk-1024-sm-24.csv
facebook/opt-1.3b,1024,attention,attention,24,4,154.62400019168854,143822848,148149248,4326400,4194304,1024,2026-04-15T13:52:01Z,baseline_nvml_pt,nvidia-smi,ok,0.0,93.0,1695.0,7601.0,67.5,3.732640027999878,153.16015625,153.16015625,16.0,True,,100.0,45.32,89.1,estimated,,prefill-facebook-opt-1-3b-chunk-1024-sm-24,success,,,/mnt/data/dheeraj/dicertation/inference-profile/runs/revised-rerun-20260415-145100-g3-opt13b-c512-1024/raw/points/prefill/prefill-facebook-opt-1-3b-chunk-1024-sm-24.csv
facebook/opt-1.3b,1024,gemm,q_proj,32,0,184.06400084495544,143822848,148017152,4194304,4194304,1024,2026-04-15T13:52:08Z,baseline_nvml_pt,nvidia-smi,ok,0.0,93.0,1695.0,7601.0,67.98,0.4352000057697296,153.16015625,153.16015625,16.0,True,,100.0,40.48,97.2,estimated,,prefill-facebook-opt-1-3b-chunk-1024-sm-32,success,,,/mnt/data/dheeraj/dicertation/inference-profile/runs/revised-rerun-20260415-145100-g3-opt13b-c512-1024/raw/points/prefill/prefill-facebook-opt-1-3b-chunk-1024-sm-32.csv
facebook/opt-1.3b,1024,gemm,k_proj,32,0,162.81600296497345,143822848,148017152,4194304,4194304,1024,2026-04-15T13:52:08Z,baseline_nvml_pt,nvidia-smi,ok,0.0,93.0,1695.0,7601.0,67.98,0.4352000057697296,153.16015625,153.16015625,16.0,True,,100.0,40.48,97.2,estimated,,prefill-facebook-opt-1-3b-chunk-1024-sm-32,success,,,/mnt/data/dheeraj/dicertation/inference-profile/runs/revised-rerun-20260415-145100-g3-opt13b-c512-1024/raw/points/prefill/prefill-facebook-opt-1-3b-chunk-1024-sm-32.csv
facebook/opt-1.3b,1024,gemm,v_proj,32,0,157.69599378108978,143822848,148017152,4194304,4194304,1024,2026-04-15T13:52:08Z,baseline_nvml_pt,nvidia-smi,ok,0.0,93.0,1695.0,7601.0,67.98,0.4352000057697296,153.16015625,153.16015625,16.0,True,,100.0,40.48,97.2,estimated,,prefill-facebook-opt-1-3b-chunk-1024-sm-32,success,,,/mnt/data/dheeraj/dicertation/inference-profile/runs/revised-rerun-20260415-145100-g3-opt13b-c512-1024/raw/points/prefill/prefill-facebook-opt-1-3b-chunk-1024-sm-32.csv
facebook/opt-1.3b,1024,gemm,out_proj,32,0,157.53600001335144,143822848,148017152,4194304,4194304,1024,2026-04-15T13:52:08Z,baseline_nvml_pt,nvidia-smi,ok,0.0,93.0,1695.0,7601.0,67.98,0.4352000057697296,153.16015625,153.16015625,16.0,True,,100.0,40.48,97.2,estimated,,prefill-facebook-opt-1-3b-chunk-1024-sm-32,success,,,/mnt/data/dheeraj/dicertation/inference-profile/runs/revised-rerun-20260415-145100-g3-opt13b-c512-1024/raw/points/prefill/prefill-facebook-opt-1-3b-chunk-1024-sm-32.csv
facebook/opt-1.3b,1024,gemm,fc1,32,0,434.1759979724884,143822848,160600064,16777216,16777216,1024,2026-04-15T13:52:08Z,baseline_nvml_pt,nvidia-smi,ok,0.0,93.0,1695.0,7601.0,67.98,0.4352000057697296,153.16015625,153.16015625,16.0,True,,100.0,40.48,97.2,estimated,,prefill-facebook-opt-1-3b-chunk-1024-sm-32,success,,,/mnt/data/dheeraj/dicertation/inference-profile/runs/revised-rerun-20260415-145100-g3-opt13b-c512-1024/raw/points/prefill/prefill-facebook-opt-1-3b-chunk-1024-sm-32.csv
facebook/opt-1.3b,1024,gemm,fc2,32,0,377.85598635673523,143822848,148017152,4194304,4194304,1024,2026-04-15T13:52:08Z,baseline_nvml_pt,nvidia-smi,ok,0.0,93.0,1695.0,7601.0,67.98,0.4352000057697296,153.16015625,153.16015625,16.0,True,,100.0,40.48,97.2,estimated,,prefill-facebook-opt-1-3b-chunk-1024-sm-32,success,,,/mnt/data/dheeraj/dicertation/inference-profile/runs/revised-rerun-20260415-145100-g3-opt13b-c512-1024/raw/points/prefill/prefill-facebook-opt-1-3b-chunk-1024-sm-32.csv
facebook/opt-1.3b,1024,attention,attention,32,0,151.296004652977,143822848,148149248,4326400,4194304,1024,2026-04-15T13:52:08Z,baseline_nvml_pt,nvidia-smi,ok,0.0,93.0,1695.0,7601.0,67.98,0.4352000057697296,153.16015625,153.16015625,16.0,True,,100.0,40.48,97.2,estimated,,prefill-facebook-opt-1-3b-chunk-1024-sm-32,success,,,/mnt/data/dheeraj/dicertation/inference-profile/runs/revised-rerun-20260415-145100-g3-opt13b-c512-1024/raw/points/prefill/prefill-facebook-opt-1-3b-chunk-1024-sm-32.csv
facebook/opt-1.3b,1024,gemm,q_proj,32,1,159.743994474411,143822848,148017152,4194304,4194304,1024,2026-04-15T13:52:08Z,baseline_nvml_pt,nvidia-smi,ok,0.0,93.0,1695.0,7601.0,67.98,0.4352000057697296,153.16015625,153.16015625,16.0,True,,100.0,40.48,97.2,estimated,,prefill-facebook-opt-1-3b-chunk-1024-sm-32,success,,,/mnt/data/dheeraj/dicertation/inference-profile/runs/revised-rerun-20260415-145100-g3-opt13b-c512-1024/raw/points/prefill/prefill-facebook-opt-1-3b-chunk-1024-sm-32.csv
facebook/opt-1.3b,1024,gemm,k_proj,32,1,155.64799308776855,143822848,148017152,4194304,4194304,1024,2026-04-15T13:52:08Z,baseline_nvml_pt,nvidia-smi,ok,0.0,93.0,1695.0,7601.0,67.98,0.4352000057697296,153.16015625,153.16015625,16.0,True,,100.0,40.48,97.2,estimated,,prefill-facebook-opt-1-3b-chunk-1024-sm-32,success,,,/mnt/data/dheeraj/dicertation/inference-profile/runs/revised-rerun-20260415-145100-g3-opt13b-c512-1024/raw/points/prefill/prefill-facebook-opt-1-3b-chunk-1024-sm-32.csv
facebook/opt-1.3b,1024,gemm,v_proj,32,1,155.71199357509613,143822848,148017152,4194304,4194304,1024,2026-04-15T13:52:08Z,baseline_nvml_pt,nvidia-smi,ok,0.0,93.0,1695.0,7601.0,67.98,0.4352000057697296,153.16015625,153.16015625,16.0,True,,100.0,40.48,97.2,estimated,,prefill-facebook-opt-1-3b-chunk-1024-sm-32,success,,,/mnt/data/dheeraj/dicertation/inference-profile/runs/revised-rerun-20260415-145100-g3-opt13b-c512-1024/raw/points/prefill/prefill-facebook-opt-1-3b-chunk-1024-sm-32.csv
facebook/opt-1.3b,1024,gemm,out_proj,32,1,154.40000593662262,143822848,148017152,4194304,4194304,1024,2026-04-15T13:52:08Z,baseline_nvml_pt,nvidia-smi,ok,0.0,93.0,1695.0,7601.0,67.98,0.4352000057697296,153.16015625,153.16015625,16.0,True,,100.0,40.48,97.2,estimated,,prefill-facebook-opt-1-3b-chunk-1024-sm-32,success,,,/mnt/data/dheeraj/dicertation/inference-profile/runs/revised-rerun-20260415-145100-g3-opt13b-c512-1024/raw/points/prefill/prefill-facebook-opt-1-3b-chunk-1024-sm-32.csv
facebook/opt-1.3b,1024,gemm,fc1,32,1,433.1519901752472,143822848,160600064,16777216,16777216,1024,2026-04-15T13:52:08Z,baseline_nvml_pt,nvidia-smi,ok,0.0,93.0,1695.0,7601.0,67.98,0.4352000057697296,153.16015625,153.16015625,16.0,True,,100.0,40.48,97.2,estimated,,prefill-facebook-opt-1-3b-chunk-1024-sm-32,success,,,/mnt/data/dheeraj/dicertation/inference-profile/runs/revised-rerun-20260415-145100-g3-opt13b-c512-1024/raw/points/prefill/prefill-facebook-opt-1-3b-chunk-1024-sm-32.csv
facebook/opt-1.3b,1024,gemm,fc2,32,1,380.73599338531494,143822848,148017152,4194304,4194304,1024,2026-04-15T13:52:08Z,baseline_nvml_pt,nvidia-smi,ok,0.0,93.0,1695.0,7601.0,67.98,0.4352000057697296,153.16015625,153.16015625,16.0,True,,100.0,40.48,97.2,estimated,,prefill-facebook-opt-1-3b-chunk-1024-sm-32,success,,,/mnt/data/dheeraj/dicertation/inference-profile/runs/revised-rerun-20260415-145100-g3-opt13b-c512-1024/raw/points/prefill/prefill-facebook-opt-1-3b-chunk-1024-sm-32.csv
facebook/opt-1.3b,1024,attention,attention,32,1,151.5520066022873,143822848,148149248,4326400,4194304,1024,2026-04-15T13:52:08Z,baseline_nvml_pt,nvidia-smi,ok,0.0,93.0,1695.0,7601.0,67.98,0.4352000057697296,153.16015625,153.16015625,16.0,True,,100.0,40.48,97.2,estimated,,prefill-facebook-opt-1-3b-chunk-1024-sm-32,success,,,/mnt/data/dheeraj/dicertation/inference-profile/runs/revised-rerun-20260415-145100-g3-opt13b-c512-1024/raw/points/prefill/prefill-facebook-opt-1-3b-chunk-1024-sm-32.csv
facebook/opt-1.3b,1024,gemm,q_proj,32,2,163.87200355529785,143822848,148017152,4194304,4194304,1024,2026-04-15T13:52:08Z,baseline_nvml_pt,nvidia-smi,ok,0.0,93.0,1695.0,7601.0,67.98,0.4352000057697296,153.16015625,153.16015625,16.0,True,,100.0,40.48,97.2,estimated,,prefill-facebook-opt-1-3b-chunk-1024-sm-32,success,,,/mnt/data/dheeraj/dicertation/inference-profile/runs/revised-rerun-20260415-145100-g3-opt13b-c512-1024/raw/points/prefill/prefill-facebook-opt-1-3b-chunk-1024-sm-32.csv
facebook/opt-1.3b,1024,gemm,k_proj,32,2,232.7360063791275,143822848,148017152,4194304,4194304,1024,2026-04-15T13:52:08Z,baseline_nvml_pt,nvidia-smi,ok,0.0,93.0,1695.0,7601.0,67.98,0.4352000057697296,153.16015625,153.16015625,16.0,True,,100.0,40.48,97.2,estimated,,prefill-facebook-opt-1-3b-chunk-1024-sm-32,success,,,/mnt/data/dheeraj/dicertation/inference-profile/runs/revised-rerun-20260415-145100-g3-opt13b-c512-1024/raw/points/prefill/prefill-facebook-opt-1-3b-chunk-1024-sm-32.csv
facebook/opt-1.3b,1024,gemm,v_proj,32,2,157.69599378108978,143822848,148017152,4194304,4194304,1024,2026-04-15T13:52:08Z,baseline_nvml_pt,nvidia-smi,ok,0.0,93.0,1695.0,7601.0,67.98,0.4352000057697296,153.16015625,153.16015625,16.0,True,,100.0,40.48,97.2,estimated,,prefill-facebook-opt-1-3b-chunk-1024-sm-32,success,,,/mnt/data/dheeraj/dicertation/inference-profile/runs/revised-rerun-20260415-145100-g3-opt13b-c512-1024/raw/points/prefill/prefill-facebook-opt-1-3b-chunk-1024-sm-32.csv
facebook/opt-1.3b,1024,gemm,out_proj,32,2,155.64799308776855,143822848,148017152,4194304,4194304,1024,2026-04-15T13:52:08Z,baseline_nvml_pt,nvidia-smi,ok,0.0,93.0,1695.0,7601.0,67.98,0.4352000057697296,153.16015625,153.16015625,16.0,True,,100.0,40.48,97.2,estimated,,prefill-facebook-opt-1-3b-chunk-1024-sm-32,success,,,/mnt/data/dheeraj/dicertation/inference-profile/runs/revised-rerun-20260415-145100-g3-opt13b-c512-1024/raw/points/prefill/prefill-facebook-opt-1-3b-chunk-1024-sm-32.csv
facebook/opt-1.3b,1024,gemm,fc1,32,2,434.9440038204193,143822848,160600064,16777216,16777216,1024,2026-04-15T13:52:08Z,baseline_nvml_pt,nvidia-smi,ok,0.0,93.0,1695.0,7601.0,67.98,0.4352000057697296,153.16015625,153.16015625,16.0,True,,100.0,40.48,97.2,estimated,,prefill-facebook-opt-1-3b-chunk-1024-sm-32,success,,,/mnt/data/dheeraj/dicertation/inference-profile/runs/revised-rerun-20260415-145100-g3-opt13b-c512-1024/raw/points/prefill/prefill-facebook-opt-1-3b-chunk-1024-sm-32.csv
facebook/opt-1.3b,1024,gemm,fc2,32,2,380.92800974845886,143822848,148017152,4194304,4194304,1024,2026-04-15T13:52:08Z,baseline_nvml_pt,nvidia-smi,ok,0.0,93.0,1695.0,7601.0,67.98,0.4352000057697296,153.16015625,153.16015625,16.0,True,,100.0,40.48,97.2,estimated,,prefill-facebook-opt-1-3b-chunk-1024-sm-32,success,,,/mnt/data/dheeraj/dicertation/inference-profile/runs/revised-rerun-20260415-145100-g3-opt13b-c512-1024/raw/points/prefill/prefill-facebook-opt-1-3b-chunk-1024-sm-32.csv
facebook/opt-1.3b,1024,attention,attention,32,2,169.21600699424744,143822848,148149248,4326400,4194304,1024,2026-04-15T13:52:08Z,baseline_nvml_pt,nvidia-smi,ok,0.0,93.0,1695.0,7601.0,67.98,0.4352000057697296,153.16015625,153.16015625,16.0,True,,100.0,40.48,97.2,estimated,,prefill-facebook-opt-1-3b-chunk-1024-sm-32,success,,,/mnt/data/dheeraj/dicertation/inference-profile/runs/revised-rerun-20260415-145100-g3-opt13b-c512-1024/raw/points/prefill/prefill-facebook-opt-1-3b-chunk-1024-sm-32.csv
facebook/opt-1.3b,1024,gemm,q_proj,32,3,157.69599378108978,143822848,148017152,4194304,4194304,1024,2026-04-15T13:52:08Z,baseline_nvml_pt,nvidia-smi,ok,0.0,93.0,1695.0,7601.0,67.98,0.4352000057697296,153.16015625,153.16015625,16.0,True,,100.0,40.48,97.2,estimated,,prefill-facebook-opt-1-3b-chunk-1024-sm-32,success,,,/mnt/data/dheeraj/dicertation/inference-profile/runs/revised-rerun-20260415-145100-g3-opt13b-c512-1024/raw/points/prefill/prefill-facebook-opt-1-3b-chunk-1024-sm-32.csv
facebook/opt-1.3b,1024,gemm,k_proj,32,3,154.52800691127777,143822848,148017152,4194304,4194304,1024,2026-04-15T13:52:08Z,baseline_nvml_pt,nvidia-smi,ok,0.0,93.0,1695.0,7601.0,67.98,0.4352000057697296,153.16015625,153.16015625,16.0,True,,100.0,40.48,97.2,estimated,,prefill-facebook-opt-1-3b-chunk-1024-sm-32,success,,,/mnt/data/dheeraj/dicertation/inference-profile/runs/revised-rerun-20260415-145100-g3-opt13b-c512-1024/raw/points/prefill/prefill-facebook-opt-1-3b-chunk-1024-sm-32.csv
facebook/opt-1.3b,1024,gemm,v_proj,32,3,155.64799308776855,143822848,148017152,4194304,4194304,1024,2026-04-15T13:52:08Z,baseline_nvml_pt,nvidia-smi,ok,0.0,93.0,1695.0,7601.0,67.98,0.4352000057697296,153.16015625,153.16015625,16.0,True,,100.0,40.48,97.2,estimated,,prefill-facebook-opt-1-3b-chunk-1024-sm-32,success,,,/mnt/data/dheeraj/dicertation/inference-profile/runs/revised-rerun-20260415-145100-g3-opt13b-c512-1024/raw/points/prefill/prefill-facebook-opt-1-3b-chunk-1024-sm-32.csv
facebook/opt-1.3b,1024,gemm,out_proj,32,3,154.7199934720993,143822848,148017152,4194304,4194304,1024,2026-04-15T13:52:08Z,baseline_nvml_pt,nvidia-smi,ok,0.0,93.0,1695.0,7601.0,67.98,0.4352000057697296,153.16015625,153.16015625,16.0,True,,100.0,40.48,97.2,estimated,,prefill-facebook-opt-1-3b-chunk-1024-sm-32,success,,,/mnt/data/dheeraj/dicertation/inference-profile/runs/revised-rerun-20260415-145100-g3-opt13b-c512-1024/raw/points/prefill/prefill-facebook-opt-1-3b-chunk-1024-sm-32.csv
facebook/opt-1.3b,1024,gemm,fc1,32,3,435.2000057697296,143822848,160600064,16777216,16777216,1024,2026-04-15T13:52:08Z,baseline_nvml_pt,nvidia-smi,ok,0.0,93.0,1695.0,7601.0,67.98,0.4352000057697296,153.16015625,153.16015625,16.0,True,,100.0,40.48,97.2,estimated,,prefill-facebook-opt-1-3b-chunk-1024-sm-32,success,,,/mnt/data/dheeraj/dicertation/inference-profile/runs/revised-rerun-20260415-145100-g3-opt13b-c512-1024/raw/points/prefill/prefill-facebook-opt-1-3b-chunk-1024-sm-32.csv
facebook/opt-1.3b,1024,gemm,fc2,32,3,371.71199917793274,143822848,148017152,4194304,4194304,1024,2026-04-15T13:52:08Z,baseline_nvml_pt,nvidia-smi,ok,0.0,93.0,1695.0,7601.0,67.98,0.4352000057697296,153.16015625,153.16015625,16.0,True,,100.0,40.48,97.2,estimated,,prefill-facebook-opt-1-3b-chunk-1024-sm-32,success,,,/mnt/data/dheeraj/dicertation/inference-profile/runs/revised-rerun-20260415-145100-g3-opt13b-c512-1024/raw/points/prefill/prefill-facebook-opt-1-3b-chunk-1024-sm-32.csv
facebook/opt-1.3b,1024,attention,attention,32,3,148.47999811172485,143822848,148149248,4326400,4194304,1024,2026-04-15T13:52:08Z,baseline_nvml_pt,nvidia-smi,ok,0.0,93.0,1695.0,7601.0,67.98,0.4352000057697296,153.16015625,153.16015625,16.0,True,,100.0,40.48,97.2,estimated,,prefill-facebook-opt-1-3b-chunk-1024-sm-32,success,,,/mnt/data/dheeraj/dicertation/inference-profile/runs/revised-rerun-20260415-145100-g3-opt13b-c512-1024/raw/points/prefill/prefill-facebook-opt-1-3b-chunk-1024-sm-32.csv
facebook/opt-1.3b,1024,gemm,q_proj,32,4,156.67200088500977,143822848,148017152,4194304,4194304,1024,2026-04-15T13:52:08Z,baseline_nvml_pt,nvidia-smi,ok,0.0,93.0,1695.0,7601.0,67.98,0.4352000057697296,153.16015625,153.16015625,16.0,True,,100.0,40.48,97.2,estimated,,prefill-facebook-opt-1-3b-chunk-1024-sm-32,success,,,/mnt/data/dheeraj/dicertation/inference-profile/runs/revised-rerun-20260415-145100-g3-opt13b-c512-1024/raw/points/prefill/prefill-facebook-opt-1-3b-chunk-1024-sm-32.csv
facebook/opt-1.3b,1024,gemm,k_proj,32,4,155.45600652694702,143822848,148017152,4194304,4194304,1024,2026-04-15T13:52:08Z,baseline_nvml_pt,nvidia-smi,ok,0.0,93.0,1695.0,7601.0,67.98,0.4352000057697296,153.16015625,153.16015625,16.0,True,,100.0,40.48,97.2,estimated,,prefill-facebook-opt-1-3b-chunk-1024-sm-32,success,,,/mnt/data/dheeraj/dicertation/inference-profile/runs/revised-rerun-20260415-145100-g3-opt13b-c512-1024/raw/points/prefill/prefill-facebook-opt-1-3b-chunk-1024-sm-32.csv
facebook/opt-1.3b,1024,gemm,v_proj,32,4,153.60000729560852,143822848,148017152,4194304,4194304,1024,2026-04-15T13:52:08Z,baseline_nvml_pt,nvidia-smi,ok,0.0,93.0,1695.0,7601.0,67.98,0.4352000057697296,153.16015625,153.16015625,16.0,True,,100.0,40.48,97.2,estimated,,prefill-facebook-opt-1-3b-chunk-1024-sm-32,success,,,/mnt/data/dheeraj/dicertation/inference-profile/runs/revised-rerun-20260415-145100-g3-opt13b-c512-1024/raw/points/prefill/prefill-facebook-opt-1-3b-chunk-1024-sm-32.csv
facebook/opt-1.3b,1024,gemm,out_proj,32,4,152.5759994983673,143822848,148017152,4194304,4194304,1024,2026-04-15T13:52:08Z,baseline_nvml_pt,nvidia-smi,ok,0.0,93.0,1695.0,7601.0,67.98,0.4352000057697296,153.16015625,153.16015625,16.0,True,,100.0,40.48,97.2,estimated,,prefill-facebook-opt-1-3b-chunk-1024-sm-32,success,,,/mnt/data/dheeraj/dicertation/inference-profile/runs/revised-rerun-20260415-145100-g3-opt13b-c512-1024/raw/points/prefill/prefill-facebook-opt-1-3b-chunk-1024-sm-32.csv
facebook/opt-1.3b,1024,gemm,fc1,32,4,432.12801218032837,143822848,160600064,16777216,16777216,1024,2026-04-15T13:52:08Z,baseline_nvml_pt,nvidia-smi,ok,0.0,93.0,1695.0,7601.0,67.98,0.4352000057697296,153.16015625,153.16015625,16.0,True,,100.0,40.48,97.2,estimated,,prefill-facebook-opt-1-3b-chunk-1024-sm-32,success,,,/mnt/data/dheeraj/dicertation/inference-profile/runs/revised-rerun-20260415-145100-g3-opt13b-c512-1024/raw/points/prefill/prefill-facebook-opt-1-3b-chunk-1024-sm-32.csv
facebook/opt-1.3b,1024,gemm,fc2,32,4,372.73600697517395,143822848,148017152,4194304,4194304,1024,2026-04-15T13:52:08Z,baseline_nvml_pt,nvidia-smi,ok,0.0,93.0,1695.0,7601.0,67.98,0.4352000057697296,153.16015625,153.16015625,16.0,True,,100.0,40.48,97.2,estimated,,prefill-facebook-opt-1-3b-chunk-1024-sm-32,success,,,/mnt/data/dheeraj/dicertation/inference-profile/runs/revised-rerun-20260415-145100-g3-opt13b-c512-1024/raw/points/prefill/prefill-facebook-opt-1-3b-chunk-1024-sm-32.csv
facebook/opt-1.3b,1024,attention,attention,32,4,149.50400590896606,143822848,148149248,4326400,4194304,1024,2026-04-15T13:52:08Z,baseline_nvml_pt,nvidia-smi,ok,0.0,93.0,1695.0,7601.0,67.98,0.4352000057697296,153.16015625,153.16015625,16.0,True,,100.0,40.48,97.2,estimated,,prefill-facebook-opt-1-3b-chunk-1024-sm-32,success,,,/mnt/data/dheeraj/dicertation/inference-profile/runs/revised-rerun-20260415-145100-g3-opt13b-c512-1024/raw/points/prefill/prefill-facebook-opt-1-3b-chunk-1024-sm-32.csv
