model_id,chunk_tokens,op_type,op_name,sm_ai_partition,timed_iteration,duration_us,baseline_vram_bytes,peak_vram_bytes,dynamic_workspace_bytes,output_bytes,max_input_tokens,telemetry_ts,telemetry_tier,telemetry_provider,telemetry_status,gpu_util,gpu_mem_used_mb,sm_clock_mhz,mem_clock_mhz,power_w,pt_step_ms,pt_mem_alloc_mb,pt_mem_reserved_mb,pt_workspace_mb,nvml_available,sampling_error,acu_pct,gbu_pct,smu_pct,microscopic_telemetry_status,microscopic_error,point_id,public_status,failure_kind,failure_cause,raw_output_path
facebook/opt-2.7b,512,gemm,q_proj,8,0,207.68000185489655,187872256,190493696,2621440,2621440,1024,2026-04-15T13:55:08Z,baseline_nvml_pt,nvidia-smi,ok,0.0,55.0,1695.0,7601.0,61.95,0.3891200125217438,189.1689453125,189.1689453125,10.0,True,,82.95000000000002,58.74999999999999,70.19999999999999,estimated,,prefill-facebook-opt-2-7b-chunk-512-sm-8,success,,,/mnt/data/dheeraj/dicertation/inference-profile/runs/revised-rerun-20260415-145452-g5-opt27b-c512-1024/raw/points/prefill/prefill-facebook-opt-2-7b-chunk-512-sm-8.csv
facebook/opt-2.7b,512,gemm,k_proj,8,0,189.43999707698822,187872256,190493696,2621440,2621440,1024,2026-04-15T13:55:08Z,baseline_nvml_pt,nvidia-smi,ok,0.0,55.0,1695.0,7601.0,61.95,0.3891200125217438,189.1689453125,189.1689453125,10.0,True,,82.95000000000002,58.74999999999999,70.19999999999999,estimated,,prefill-facebook-opt-2-7b-chunk-512-sm-8,success,,,/mnt/data/dheeraj/dicertation/inference-profile/runs/revised-rerun-20260415-145452-g5-opt27b-c512-1024/raw/points/prefill/prefill-facebook-opt-2-7b-chunk-512-sm-8.csv
facebook/opt-2.7b,512,gemm,v_proj,8,0,147.23199605941772,187872256,190493696,2621440,2621440,1024,2026-04-15T13:55:08Z,baseline_nvml_pt,nvidia-smi,ok,0.0,55.0,1695.0,7601.0,61.95,0.3891200125217438,189.1689453125,189.1689453125,10.0,True,,82.95000000000002,58.74999999999999,70.19999999999999,estimated,,prefill-facebook-opt-2-7b-chunk-512-sm-8,success,,,/mnt/data/dheeraj/dicertation/inference-profile/runs/revised-rerun-20260415-145452-g5-opt27b-c512-1024/raw/points/prefill/prefill-facebook-opt-2-7b-chunk-512-sm-8.csv
facebook/opt-2.7b,512,gemm,out_proj,8,0,151.58399939537048,187872256,190493696,2621440,2621440,1024,2026-04-15T13:55:08Z,baseline_nvml_pt,nvidia-smi,ok,0.0,55.0,1695.0,7601.0,61.95,0.3891200125217438,189.1689453125,189.1689453125,10.0,True,,82.95000000000002,58.74999999999999,70.19999999999999,estimated,,prefill-facebook-opt-2-7b-chunk-512-sm-8,success,,,/mnt/data/dheeraj/dicertation/inference-profile/runs/revised-rerun-20260415-145452-g5-opt27b-c512-1024/raw/points/prefill/prefill-facebook-opt-2-7b-chunk-512-sm-8.csv
facebook/opt-2.7b,512,gemm,fc1,8,0,374.783992767334,187872256,198358016,10485760,10485760,1024,2026-04-15T13:55:08Z,baseline_nvml_pt,nvidia-smi,ok,0.0,55.0,1695.0,7601.0,61.95,0.3891200125217438,189.1689453125,189.1689453125,10.0,True,,82.95000000000002,58.74999999999999,70.19999999999999,estimated,,prefill-facebook-opt-2-7b-chunk-512-sm-8,success,,,/mnt/data/dheeraj/dicertation/inference-profile/runs/revised-rerun-20260415-145452-g5-opt27b-c512-1024/raw/points/prefill/prefill-facebook-opt-2-7b-chunk-512-sm-8.csv
facebook/opt-2.7b,512,gemm,fc2,8,0,369.6640133857727,187872256,190493696,2621440,2621440,1024,2026-04-15T13:55:08Z,baseline_nvml_pt,nvidia-smi,ok,0.0,55.0,1695.0,7601.0,61.95,0.3891200125217438,189.1689453125,189.1689453125,10.0,True,,82.95000000000002,58.74999999999999,70.19999999999999,estimated,,prefill-facebook-opt-2-7b-chunk-512-sm-8,success,,,/mnt/data/dheeraj/dicertation/inference-profile/runs/revised-rerun-20260415-145452-g5-opt27b-c512-1024/raw/points/prefill/prefill-facebook-opt-2-7b-chunk-512-sm-8.csv
facebook/opt-2.7b,512,attention,attention,8,0,109.56799983978271,187872256,190560256,2688000,2621440,1024,2026-04-15T13:55:08Z,baseline_nvml_pt,nvidia-smi,ok,0.0,55.0,1695.0,7601.0,61.95,0.3891200125217438,189.1689453125,189.1689453125,10.0,True,,82.95000000000002,58.74999999999999,70.19999999999999,estimated,,prefill-facebook-opt-2-7b-chunk-512-sm-8,success,,,/mnt/data/dheeraj/dicertation/inference-profile/runs/revised-rerun-20260415-145452-g5-opt27b-c512-1024/raw/points/prefill/prefill-facebook-opt-2-7b-chunk-512-sm-8.csv
facebook/opt-2.7b,512,gemm,q_proj,8,1,156.67200088500977,187872256,190493696,2621440,2621440,1024,2026-04-15T13:55:08Z,baseline_nvml_pt,nvidia-smi,ok,0.0,55.0,1695.0,7601.0,61.95,0.3891200125217438,189.1689453125,189.1689453125,10.0,True,,82.95000000000002,58.74999999999999,70.19999999999999,estimated,,prefill-facebook-opt-2-7b-chunk-512-sm-8,success,,,/mnt/data/dheeraj/dicertation/inference-profile/runs/revised-rerun-20260415-145452-g5-opt27b-c512-1024/raw/points/prefill/prefill-facebook-opt-2-7b-chunk-512-sm-8.csv
facebook/opt-2.7b,512,gemm,k_proj,8,1,139.26400244235992,187872256,190493696,2621440,2621440,1024,2026-04-15T13:55:08Z,baseline_nvml_pt,nvidia-smi,ok,0.0,55.0,1695.0,7601.0,61.95,0.3891200125217438,189.1689453125,189.1689453125,10.0,True,,82.95000000000002,58.74999999999999,70.19999999999999,estimated,,prefill-facebook-opt-2-7b-chunk-512-sm-8,success,,,/mnt/data/dheeraj/dicertation/inference-profile/runs/revised-rerun-20260415-145452-g5-opt27b-c512-1024/raw/points/prefill/prefill-facebook-opt-2-7b-chunk-512-sm-8.csv
facebook/opt-2.7b,512,gemm,v_proj,8,1,134.14399325847626,187872256,190493696,2621440,2621440,1024,2026-04-15T13:55:08Z,baseline_nvml_pt,nvidia-smi,ok,0.0,55.0,1695.0,7601.0,61.95,0.3891200125217438,189.1689453125,189.1689453125,10.0,True,,82.95000000000002,58.74999999999999,70.19999999999999,estimated,,prefill-facebook-opt-2-7b-chunk-512-sm-8,success,,,/mnt/data/dheeraj/dicertation/inference-profile/runs/revised-rerun-20260415-145452-g5-opt27b-c512-1024/raw/points/prefill/prefill-facebook-opt-2-7b-chunk-512-sm-8.csv
facebook/opt-2.7b,512,gemm,out_proj,8,1,135.16800105571747,187872256,190493696,2621440,2621440,1024,2026-04-15T13:55:08Z,baseline_nvml_pt,nvidia-smi,ok,0.0,55.0,1695.0,7601.0,61.95,0.3891200125217438,189.1689453125,189.1689453125,10.0,True,,82.95000000000002,58.74999999999999,70.19999999999999,estimated,,prefill-facebook-opt-2-7b-chunk-512-sm-8,success,,,/mnt/data/dheeraj/dicertation/inference-profile/runs/revised-rerun-20260415-145452-g5-opt27b-c512-1024/raw/points/prefill/prefill-facebook-opt-2-7b-chunk-512-sm-8.csv
facebook/opt-2.7b,512,gemm,fc1,8,1,367.74399876594543,187872256,198358016,10485760,10485760,1024,2026-04-15T13:55:08Z,baseline_nvml_pt,nvidia-smi,ok,0.0,55.0,1695.0,7601.0,61.95,0.3891200125217438,189.1689453125,189.1689453125,10.0,True,,82.95000000000002,58.74999999999999,70.19999999999999,estimated,,prefill-facebook-opt-2-7b-chunk-512-sm-8,success,,,/mnt/data/dheeraj/dicertation/inference-profile/runs/revised-rerun-20260415-145452-g5-opt27b-c512-1024/raw/points/prefill/prefill-facebook-opt-2-7b-chunk-512-sm-8.csv
facebook/opt-2.7b,512,gemm,fc2,8,1,356.3520014286041,187872256,190493696,2621440,2621440,1024,2026-04-15T13:55:08Z,baseline_nvml_pt,nvidia-smi,ok,0.0,55.0,1695.0,7601.0,61.95,0.3891200125217438,189.1689453125,189.1689453125,10.0,True,,82.95000000000002,58.74999999999999,70.19999999999999,estimated,,prefill-facebook-opt-2-7b-chunk-512-sm-8,success,,,/mnt/data/dheeraj/dicertation/inference-profile/runs/revised-rerun-20260415-145452-g5-opt27b-c512-1024/raw/points/prefill/prefill-facebook-opt-2-7b-chunk-512-sm-8.csv
facebook/opt-2.7b,512,attention,attention,8,1,103.35999727249146,187872256,190560256,2688000,2621440,1024,2026-04-15T13:55:08Z,baseline_nvml_pt,nvidia-smi,ok,0.0,55.0,1695.0,7601.0,61.95,0.3891200125217438,189.1689453125,189.1689453125,10.0,True,,82.95000000000002,58.74999999999999,70.19999999999999,estimated,,prefill-facebook-opt-2-7b-chunk-512-sm-8,success,,,/mnt/data/dheeraj/dicertation/inference-profile/runs/revised-rerun-20260415-145452-g5-opt27b-c512-1024/raw/points/prefill/prefill-facebook-opt-2-7b-chunk-512-sm-8.csv
facebook/opt-2.7b,512,gemm,q_proj,8,2,140.28799533843994,187872256,190493696,2621440,2621440,1024,2026-04-15T13:55:08Z,baseline_nvml_pt,nvidia-smi,ok,0.0,55.0,1695.0,7601.0,61.95,0.3891200125217438,189.1689453125,189.1689453125,10.0,True,,82.95000000000002,58.74999999999999,70.19999999999999,estimated,,prefill-facebook-opt-2-7b-chunk-512-sm-8,success,,,/mnt/data/dheeraj/dicertation/inference-profile/runs/revised-rerun-20260415-145452-g5-opt27b-c512-1024/raw/points/prefill/prefill-facebook-opt-2-7b-chunk-512-sm-8.csv
facebook/opt-2.7b,512,gemm,k_proj,8,2,167.93599724769592,187872256,190493696,2621440,2621440,1024,2026-04-15T13:55:08Z,baseline_nvml_pt,nvidia-smi,ok,0.0,55.0,1695.0,7601.0,61.95,0.3891200125217438,189.1689453125,189.1689453125,10.0,True,,82.95000000000002,58.74999999999999,70.19999999999999,estimated,,prefill-facebook-opt-2-7b-chunk-512-sm-8,success,,,/mnt/data/dheeraj/dicertation/inference-profile/runs/revised-rerun-20260415-145452-g5-opt27b-c512-1024/raw/points/prefill/prefill-facebook-opt-2-7b-chunk-512-sm-8.csv
facebook/opt-2.7b,512,gemm,v_proj,8,2,137.11999356746674,187872256,190493696,2621440,2621440,1024,2026-04-15T13:55:08Z,baseline_nvml_pt,nvidia-smi,ok,0.0,55.0,1695.0,7601.0,61.95,0.3891200125217438,189.1689453125,189.1689453125,10.0,True,,82.95000000000002,58.74999999999999,70.19999999999999,estimated,,prefill-facebook-opt-2-7b-chunk-512-sm-8,success,,,/mnt/data/dheeraj/dicertation/inference-profile/runs/revised-rerun-20260415-145452-g5-opt27b-c512-1024/raw/points/prefill/prefill-facebook-opt-2-7b-chunk-512-sm-8.csv
facebook/opt-2.7b,512,gemm,out_proj,8,2,150.52799880504608,187872256,190493696,2621440,2621440,1024,2026-04-15T13:55:08Z,baseline_nvml_pt,nvidia-smi,ok,0.0,55.0,1695.0,7601.0,61.95,0.3891200125217438,189.1689453125,189.1689453125,10.0,True,,82.95000000000002,58.74999999999999,70.19999999999999,estimated,,prefill-facebook-opt-2-7b-chunk-512-sm-8,success,,,/mnt/data/dheeraj/dicertation/inference-profile/runs/revised-rerun-20260415-145452-g5-opt27b-c512-1024/raw/points/prefill/prefill-facebook-opt-2-7b-chunk-512-sm-8.csv
facebook/opt-2.7b,512,gemm,fc1,8,2,368.6400055885315,187872256,198358016,10485760,10485760,1024,2026-04-15T13:55:08Z,baseline_nvml_pt,nvidia-smi,ok,0.0,55.0,1695.0,7601.0,61.95,0.3891200125217438,189.1689453125,189.1689453125,10.0,True,,82.95000000000002,58.74999999999999,70.19999999999999,estimated,,prefill-facebook-opt-2-7b-chunk-512-sm-8,success,,,/mnt/data/dheeraj/dicertation/inference-profile/runs/revised-rerun-20260415-145452-g5-opt27b-c512-1024/raw/points/prefill/prefill-facebook-opt-2-7b-chunk-512-sm-8.csv
facebook/opt-2.7b,512,gemm,fc2,8,2,389.1200125217438,187872256,190493696,2621440,2621440,1024,2026-04-15T13:55:08Z,baseline_nvml_pt,nvidia-smi,ok,0.0,55.0,1695.0,7601.0,61.95,0.3891200125217438,189.1689453125,189.1689453125,10.0,True,,82.95000000000002,58.74999999999999,70.19999999999999,estimated,,prefill-facebook-opt-2-7b-chunk-512-sm-8,success,,,/mnt/data/dheeraj/dicertation/inference-profile/runs/revised-rerun-20260415-145452-g5-opt27b-c512-1024/raw/points/prefill/prefill-facebook-opt-2-7b-chunk-512-sm-8.csv
facebook/opt-2.7b,512,attention,attention,8,2,120.83200365304947,187872256,190560256,2688000,2621440,1024,2026-04-15T13:55:08Z,baseline_nvml_pt,nvidia-smi,ok,0.0,55.0,1695.0,7601.0,61.95,0.3891200125217438,189.1689453125,189.1689453125,10.0,True,,82.95000000000002,58.74999999999999,70.19999999999999,estimated,,prefill-facebook-opt-2-7b-chunk-512-sm-8,success,,,/mnt/data/dheeraj/dicertation/inference-profile/runs/revised-rerun-20260415-145452-g5-opt27b-c512-1024/raw/points/prefill/prefill-facebook-opt-2-7b-chunk-512-sm-8.csv
facebook/opt-2.7b,512,gemm,q_proj,8,3,140.28799533843994,187872256,190493696,2621440,2621440,1024,2026-04-15T13:55:08Z,baseline_nvml_pt,nvidia-smi,ok,0.0,55.0,1695.0,7601.0,61.95,0.3891200125217438,189.1689453125,189.1689453125,10.0,True,,82.95000000000002,58.74999999999999,70.19999999999999,estimated,,prefill-facebook-opt-2-7b-chunk-512-sm-8,success,,,/mnt/data/dheeraj/dicertation/inference-profile/runs/revised-rerun-20260415-145452-g5-opt27b-c512-1024/raw/points/prefill/prefill-facebook-opt-2-7b-chunk-512-sm-8.csv
facebook/opt-2.7b,512,gemm,k_proj,8,3,136.99199259281158,187872256,190493696,2621440,2621440,1024,2026-04-15T13:55:08Z,baseline_nvml_pt,nvidia-smi,ok,0.0,55.0,1695.0,7601.0,61.95,0.3891200125217438,189.1689453125,189.1689453125,10.0,True,,82.95000000000002,58.74999999999999,70.19999999999999,estimated,,prefill-facebook-opt-2-7b-chunk-512-sm-8,success,,,/mnt/data/dheeraj/dicertation/inference-profile/runs/revised-rerun-20260415-145452-g5-opt27b-c512-1024/raw/points/prefill/prefill-facebook-opt-2-7b-chunk-512-sm-8.csv
facebook/opt-2.7b,512,gemm,v_proj,8,3,133.31200182437897,187872256,190493696,2621440,2621440,1024,2026-04-15T13:55:08Z,baseline_nvml_pt,nvidia-smi,ok,0.0,55.0,1695.0,7601.0,61.95,0.3891200125217438,189.1689453125,189.1689453125,10.0,True,,82.95000000000002,58.74999999999999,70.19999999999999,estimated,,prefill-facebook-opt-2-7b-chunk-512-sm-8,success,,,/mnt/data/dheeraj/dicertation/inference-profile/runs/revised-rerun-20260415-145452-g5-opt27b-c512-1024/raw/points/prefill/prefill-facebook-opt-2-7b-chunk-512-sm-8.csv
facebook/opt-2.7b,512,gemm,out_proj,8,3,133.12000036239624,187872256,190493696,2621440,2621440,1024,2026-04-15T13:55:08Z,baseline_nvml_pt,nvidia-smi,ok,0.0,55.0,1695.0,7601.0,61.95,0.3891200125217438,189.1689453125,189.1689453125,10.0,True,,82.95000000000002,58.74999999999999,70.19999999999999,estimated,,prefill-facebook-opt-2-7b-chunk-512-sm-8,success,,,/mnt/data/dheeraj/dicertation/inference-profile/runs/revised-rerun-20260415-145452-g5-opt27b-c512-1024/raw/points/prefill/prefill-facebook-opt-2-7b-chunk-512-sm-8.csv
facebook/opt-2.7b,512,gemm,fc1,8,3,368.6400055885315,187872256,198358016,10485760,10485760,1024,2026-04-15T13:55:08Z,baseline_nvml_pt,nvidia-smi,ok,0.0,55.0,1695.0,7601.0,61.95,0.3891200125217438,189.1689453125,189.1689453125,10.0,True,,82.95000000000002,58.74999999999999,70.19999999999999,estimated,,prefill-facebook-opt-2-7b-chunk-512-sm-8,success,,,/mnt/data/dheeraj/dicertation/inference-profile/runs/revised-rerun-20260415-145452-g5-opt27b-c512-1024/raw/points/prefill/prefill-facebook-opt-2-7b-chunk-512-sm-8.csv
facebook/opt-2.7b,512,gemm,fc2,8,3,351.1039912700653,187872256,190493696,2621440,2621440,1024,2026-04-15T13:55:08Z,baseline_nvml_pt,nvidia-smi,ok,0.0,55.0,1695.0,7601.0,61.95,0.3891200125217438,189.1689453125,189.1689453125,10.0,True,,82.95000000000002,58.74999999999999,70.19999999999999,estimated,,prefill-facebook-opt-2-7b-chunk-512-sm-8,success,,,/mnt/data/dheeraj/dicertation/inference-profile/runs/revised-rerun-20260415-145452-g5-opt27b-c512-1024/raw/points/prefill/prefill-facebook-opt-2-7b-chunk-512-sm-8.csv
facebook/opt-2.7b,512,attention,attention,8,3,95.23200243711472,187872256,190560256,2688000,2621440,1024,2026-04-15T13:55:08Z,baseline_nvml_pt,nvidia-smi,ok,0.0,55.0,1695.0,7601.0,61.95,0.3891200125217438,189.1689453125,189.1689453125,10.0,True,,82.95000000000002,58.74999999999999,70.19999999999999,estimated,,prefill-facebook-opt-2-7b-chunk-512-sm-8,success,,,/mnt/data/dheeraj/dicertation/inference-profile/runs/revised-rerun-20260415-145452-g5-opt27b-c512-1024/raw/points/prefill/prefill-facebook-opt-2-7b-chunk-512-sm-8.csv
facebook/opt-2.7b,512,gemm,q_proj,8,4,135.16800105571747,187872256,190493696,2621440,2621440,1024,2026-04-15T13:55:08Z,baseline_nvml_pt,nvidia-smi,ok,0.0,55.0,1695.0,7601.0,61.95,0.3891200125217438,189.1689453125,189.1689453125,10.0,True,,82.95000000000002,58.74999999999999,70.19999999999999,estimated,,prefill-facebook-opt-2-7b-chunk-512-sm-8,success,,,/mnt/data/dheeraj/dicertation/inference-profile/runs/revised-rerun-20260415-145452-g5-opt27b-c512-1024/raw/points/prefill/prefill-facebook-opt-2-7b-chunk-512-sm-8.csv
facebook/opt-2.7b,512,gemm,k_proj,8,4,133.12000036239624,187872256,190493696,2621440,2621440,1024,2026-04-15T13:55:08Z,baseline_nvml_pt,nvidia-smi,ok,0.0,55.0,1695.0,7601.0,61.95,0.3891200125217438,189.1689453125,189.1689453125,10.0,True,,82.95000000000002,58.74999999999999,70.19999999999999,estimated,,prefill-facebook-opt-2-7b-chunk-512-sm-8,success,,,/mnt/data/dheeraj/dicertation/inference-profile/runs/revised-rerun-20260415-145452-g5-opt27b-c512-1024/raw/points/prefill/prefill-facebook-opt-2-7b-chunk-512-sm-8.csv
facebook/opt-2.7b,512,gemm,v_proj,8,4,132.89600610733032,187872256,190493696,2621440,2621440,1024,2026-04-15T13:55:08Z,baseline_nvml_pt,nvidia-smi,ok,0.0,55.0,1695.0,7601.0,61.95,0.3891200125217438,189.1689453125,189.1689453125,10.0,True,,82.95000000000002,58.74999999999999,70.19999999999999,estimated,,prefill-facebook-opt-2-7b-chunk-512-sm-8,success,,,/mnt/data/dheeraj/dicertation/inference-profile/runs/revised-rerun-20260415-145452-g5-opt27b-c512-1024/raw/points/prefill/prefill-facebook-opt-2-7b-chunk-512-sm-8.csv
facebook/opt-2.7b,512,gemm,out_proj,8,4,133.12000036239624,187872256,190493696,2621440,2621440,1024,2026-04-15T13:55:08Z,baseline_nvml_pt,nvidia-smi,ok,0.0,55.0,1695.0,7601.0,61.95,0.3891200125217438,189.1689453125,189.1689453125,10.0,True,,82.95000000000002,58.74999999999999,70.19999999999999,estimated,,prefill-facebook-opt-2-7b-chunk-512-sm-8,success,,,/mnt/data/dheeraj/dicertation/inference-profile/runs/revised-rerun-20260415-145452-g5-opt27b-c512-1024/raw/points/prefill/prefill-facebook-opt-2-7b-chunk-512-sm-8.csv
facebook/opt-2.7b,512,gemm,fc1,8,4,364.54400420188904,187872256,198358016,10485760,10485760,1024,2026-04-15T13:55:08Z,baseline_nvml_pt,nvidia-smi,ok,0.0,55.0,1695.0,7601.0,61.95,0.3891200125217438,189.1689453125,189.1689453125,10.0,True,,82.95000000000002,58.74999999999999,70.19999999999999,estimated,,prefill-facebook-opt-2-7b-chunk-512-sm-8,success,,,/mnt/data/dheeraj/dicertation/inference-profile/runs/revised-rerun-20260415-145452-g5-opt27b-c512-1024/raw/points/prefill/prefill-facebook-opt-2-7b-chunk-512-sm-8.csv
facebook/opt-2.7b,512,gemm,fc2,8,4,350.20801424980164,187872256,190493696,2621440,2621440,1024,2026-04-15T13:55:08Z,baseline_nvml_pt,nvidia-smi,ok,0.0,55.0,1695.0,7601.0,61.95,0.3891200125217438,189.1689453125,189.1689453125,10.0,True,,82.95000000000002,58.74999999999999,70.19999999999999,estimated,,prefill-facebook-opt-2-7b-chunk-512-sm-8,success,,,/mnt/data/dheeraj/dicertation/inference-profile/runs/revised-rerun-20260415-145452-g5-opt27b-c512-1024/raw/points/prefill/prefill-facebook-opt-2-7b-chunk-512-sm-8.csv
facebook/opt-2.7b,512,attention,attention,8,4,92.16000139713287,187872256,190560256,2688000,2621440,1024,2026-04-15T13:55:08Z,baseline_nvml_pt,nvidia-smi,ok,0.0,55.0,1695.0,7601.0,61.95,0.3891200125217438,189.1689453125,189.1689453125,10.0,True,,82.95000000000002,58.74999999999999,70.19999999999999,estimated,,prefill-facebook-opt-2-7b-chunk-512-sm-8,success,,,/mnt/data/dheeraj/dicertation/inference-profile/runs/revised-rerun-20260415-145452-g5-opt27b-c512-1024/raw/points/prefill/prefill-facebook-opt-2-7b-chunk-512-sm-8.csv
facebook/opt-2.7b,512,gemm,q_proj,16,0,149.50400590896606,187872256,190493696,2621440,2621440,1024,2026-04-15T13:55:15Z,baseline_nvml_pt,nvidia-smi,ok,0.0,55.0,1695.0,7601.0,62.21,0.37376001477241516,189.1689453125,189.1689453125,10.0,True,,90.3,53.580000000000005,78.0,estimated,,prefill-facebook-opt-2-7b-chunk-512-sm-16,success,,,/mnt/data/dheeraj/dicertation/inference-profile/runs/revised-rerun-20260415-145452-g5-opt27b-c512-1024/raw/points/prefill/prefill-facebook-opt-2-7b-chunk-512-sm-16.csv
facebook/opt-2.7b,512,gemm,k_proj,16,0,144.3839967250824,187872256,190493696,2621440,2621440,1024,2026-04-15T13:55:15Z,baseline_nvml_pt,nvidia-smi,ok,0.0,55.0,1695.0,7601.0,62.21,0.37376001477241516,189.1689453125,189.1689453125,10.0,True,,90.3,53.580000000000005,78.0,estimated,,prefill-facebook-opt-2-7b-chunk-512-sm-16,success,,,/mnt/data/dheeraj/dicertation/inference-profile/runs/revised-rerun-20260415-145452-g5-opt27b-c512-1024/raw/points/prefill/prefill-facebook-opt-2-7b-chunk-512-sm-16.csv
facebook/opt-2.7b,512,gemm,v_proj,16,0,138.14400136470795,187872256,190493696,2621440,2621440,1024,2026-04-15T13:55:15Z,baseline_nvml_pt,nvidia-smi,ok,0.0,55.0,1695.0,7601.0,62.21,0.37376001477241516,189.1689453125,189.1689453125,10.0,True,,90.3,53.580000000000005,78.0,estimated,,prefill-facebook-opt-2-7b-chunk-512-sm-16,success,,,/mnt/data/dheeraj/dicertation/inference-profile/runs/revised-rerun-20260415-145452-g5-opt27b-c512-1024/raw/points/prefill/prefill-facebook-opt-2-7b-chunk-512-sm-16.csv
facebook/opt-2.7b,512,gemm,out_proj,16,0,138.2399946451187,187872256,190493696,2621440,2621440,1024,2026-04-15T13:55:15Z,baseline_nvml_pt,nvidia-smi,ok,0.0,55.0,1695.0,7601.0,62.21,0.37376001477241516,189.1689453125,189.1689453125,10.0,True,,90.3,53.580000000000005,78.0,estimated,,prefill-facebook-opt-2-7b-chunk-512-sm-16,success,,,/mnt/data/dheeraj/dicertation/inference-profile/runs/revised-rerun-20260415-145452-g5-opt27b-c512-1024/raw/points/prefill/prefill-facebook-opt-2-7b-chunk-512-sm-16.csv
facebook/opt-2.7b,512,gemm,fc1,16,0,370.49600481987,187872256,198358016,10485760,10485760,1024,2026-04-15T13:55:15Z,baseline_nvml_pt,nvidia-smi,ok,0.0,55.0,1695.0,7601.0,62.21,0.37376001477241516,189.1689453125,189.1689453125,10.0,True,,90.3,53.580000000000005,78.0,estimated,,prefill-facebook-opt-2-7b-chunk-512-sm-16,success,,,/mnt/data/dheeraj/dicertation/inference-profile/runs/revised-rerun-20260415-145452-g5-opt27b-c512-1024/raw/points/prefill/prefill-facebook-opt-2-7b-chunk-512-sm-16.csv
facebook/opt-2.7b,512,gemm,fc2,16,0,351.23199224472046,187872256,190493696,2621440,2621440,1024,2026-04-15T13:55:15Z,baseline_nvml_pt,nvidia-smi,ok,0.0,55.0,1695.0,7601.0,62.21,0.37376001477241516,189.1689453125,189.1689453125,10.0,True,,90.3,53.580000000000005,78.0,estimated,,prefill-facebook-opt-2-7b-chunk-512-sm-16,success,,,/mnt/data/dheeraj/dicertation/inference-profile/runs/revised-rerun-20260415-145452-g5-opt27b-c512-1024/raw/points/prefill/prefill-facebook-opt-2-7b-chunk-512-sm-16.csv
facebook/opt-2.7b,512,attention,attention,16,0,87.0399996638298,187872256,190560256,2688000,2621440,1024,2026-04-15T13:55:15Z,baseline_nvml_pt,nvidia-smi,ok,0.0,55.0,1695.0,7601.0,62.21,0.37376001477241516,189.1689453125,189.1689453125,10.0,True,,90.3,53.580000000000005,78.0,estimated,,prefill-facebook-opt-2-7b-chunk-512-sm-16,success,,,/mnt/data/dheeraj/dicertation/inference-profile/runs/revised-rerun-20260415-145452-g5-opt27b-c512-1024/raw/points/prefill/prefill-facebook-opt-2-7b-chunk-512-sm-16.csv
facebook/opt-2.7b,512,gemm,q_proj,16,1,140.22399485111237,187872256,190493696,2621440,2621440,1024,2026-04-15T13:55:15Z,baseline_nvml_pt,nvidia-smi,ok,0.0,55.0,1695.0,7601.0,62.21,0.37376001477241516,189.1689453125,189.1689453125,10.0,True,,90.3,53.580000000000005,78.0,estimated,,prefill-facebook-opt-2-7b-chunk-512-sm-16,success,,,/mnt/data/dheeraj/dicertation/inference-profile/runs/revised-rerun-20260415-145452-g5-opt27b-c512-1024/raw/points/prefill/prefill-facebook-opt-2-7b-chunk-512-sm-16.csv
facebook/opt-2.7b,512,gemm,k_proj,16,1,137.05599308013916,187872256,190493696,2621440,2621440,1024,2026-04-15T13:55:15Z,baseline_nvml_pt,nvidia-smi,ok,0.0,55.0,1695.0,7601.0,62.21,0.37376001477241516,189.1689453125,189.1689453125,10.0,True,,90.3,53.580000000000005,78.0,estimated,,prefill-facebook-opt-2-7b-chunk-512-sm-16,success,,,/mnt/data/dheeraj/dicertation/inference-profile/runs/revised-rerun-20260415-145452-g5-opt27b-c512-1024/raw/points/prefill/prefill-facebook-opt-2-7b-chunk-512-sm-16.csv
facebook/opt-2.7b,512,gemm,v_proj,16,1,134.97599959373474,187872256,190493696,2621440,2621440,1024,2026-04-15T13:55:15Z,baseline_nvml_pt,nvidia-smi,ok,0.0,55.0,1695.0,7601.0,62.21,0.37376001477241516,189.1689453125,189.1689453125,10.0,True,,90.3,53.580000000000005,78.0,estimated,,prefill-facebook-opt-2-7b-chunk-512-sm-16,success,,,/mnt/data/dheeraj/dicertation/inference-profile/runs/revised-rerun-20260415-145452-g5-opt27b-c512-1024/raw/points/prefill/prefill-facebook-opt-2-7b-chunk-512-sm-16.csv
facebook/opt-2.7b,512,gemm,out_proj,16,1,135.16800105571747,187872256,190493696,2621440,2621440,1024,2026-04-15T13:55:15Z,baseline_nvml_pt,nvidia-smi,ok,0.0,55.0,1695.0,7601.0,62.21,0.37376001477241516,189.1689453125,189.1689453125,10.0,True,,90.3,53.580000000000005,78.0,estimated,,prefill-facebook-opt-2-7b-chunk-512-sm-16,success,,,/mnt/data/dheeraj/dicertation/inference-profile/runs/revised-rerun-20260415-145452-g5-opt27b-c512-1024/raw/points/prefill/prefill-facebook-opt-2-7b-chunk-512-sm-16.csv
facebook/opt-2.7b,512,gemm,fc1,16,1,368.6400055885315,187872256,198358016,10485760,10485760,1024,2026-04-15T13:55:15Z,baseline_nvml_pt,nvidia-smi,ok,0.0,55.0,1695.0,7601.0,62.21,0.37376001477241516,189.1689453125,189.1689453125,10.0,True,,90.3,53.580000000000005,78.0,estimated,,prefill-facebook-opt-2-7b-chunk-512-sm-16,success,,,/mnt/data/dheeraj/dicertation/inference-profile/runs/revised-rerun-20260415-145452-g5-opt27b-c512-1024/raw/points/prefill/prefill-facebook-opt-2-7b-chunk-512-sm-16.csv
facebook/opt-2.7b,512,gemm,fc2,16,1,348.1599986553192,187872256,190493696,2621440,2621440,1024,2026-04-15T13:55:15Z,baseline_nvml_pt,nvidia-smi,ok,0.0,55.0,1695.0,7601.0,62.21,0.37376001477241516,189.1689453125,189.1689453125,10.0,True,,90.3,53.580000000000005,78.0,estimated,,prefill-facebook-opt-2-7b-chunk-512-sm-16,success,,,/mnt/data/dheeraj/dicertation/inference-profile/runs/revised-rerun-20260415-145452-g5-opt27b-c512-1024/raw/points/prefill/prefill-facebook-opt-2-7b-chunk-512-sm-16.csv
facebook/opt-2.7b,512,attention,attention,16,1,86.01599931716919,187872256,190560256,2688000,2621440,1024,2026-04-15T13:55:15Z,baseline_nvml_pt,nvidia-smi,ok,0.0,55.0,1695.0,7601.0,62.21,0.37376001477241516,189.1689453125,189.1689453125,10.0,True,,90.3,53.580000000000005,78.0,estimated,,prefill-facebook-opt-2-7b-chunk-512-sm-16,success,,,/mnt/data/dheeraj/dicertation/inference-profile/runs/revised-rerun-20260415-145452-g5-opt27b-c512-1024/raw/points/prefill/prefill-facebook-opt-2-7b-chunk-512-sm-16.csv
facebook/opt-2.7b,512,gemm,q_proj,16,2,140.09599387645721,187872256,190493696,2621440,2621440,1024,2026-04-15T13:55:15Z,baseline_nvml_pt,nvidia-smi,ok,0.0,55.0,1695.0,7601.0,62.21,0.37376001477241516,189.1689453125,189.1689453125,10.0,True,,90.3,53.580000000000005,78.0,estimated,,prefill-facebook-opt-2-7b-chunk-512-sm-16,success,,,/mnt/data/dheeraj/dicertation/inference-profile/runs/revised-rerun-20260415-145452-g5-opt27b-c512-1024/raw/points/prefill/prefill-facebook-opt-2-7b-chunk-512-sm-16.csv
facebook/opt-2.7b,512,gemm,k_proj,16,2,141.37600362300873,187872256,190493696,2621440,2621440,1024,2026-04-15T13:55:15Z,baseline_nvml_pt,nvidia-smi,ok,0.0,55.0,1695.0,7601.0,62.21,0.37376001477241516,189.1689453125,189.1689453125,10.0,True,,90.3,53.580000000000005,78.0,estimated,,prefill-facebook-opt-2-7b-chunk-512-sm-16,success,,,/mnt/data/dheeraj/dicertation/inference-profile/runs/revised-rerun-20260415-145452-g5-opt27b-c512-1024/raw/points/prefill/prefill-facebook-opt-2-7b-chunk-512-sm-16.csv
facebook/opt-2.7b,512,gemm,v_proj,16,2,136.22400164604187,187872256,190493696,2621440,2621440,1024,2026-04-15T13:55:15Z,baseline_nvml_pt,nvidia-smi,ok,0.0,55.0,1695.0,7601.0,62.21,0.37376001477241516,189.1689453125,189.1689453125,10.0,True,,90.3,53.580000000000005,78.0,estimated,,prefill-facebook-opt-2-7b-chunk-512-sm-16,success,,,/mnt/data/dheeraj/dicertation/inference-profile/runs/revised-rerun-20260415-145452-g5-opt27b-c512-1024/raw/points/prefill/prefill-facebook-opt-2-7b-chunk-512-sm-16.csv
facebook/opt-2.7b,512,gemm,out_proj,16,2,134.14399325847626,187872256,190493696,2621440,2621440,1024,2026-04-15T13:55:15Z,baseline_nvml_pt,nvidia-smi,ok,0.0,55.0,1695.0,7601.0,62.21,0.37376001477241516,189.1689453125,189.1689453125,10.0,True,,90.3,53.580000000000005,78.0,estimated,,prefill-facebook-opt-2-7b-chunk-512-sm-16,success,,,/mnt/data/dheeraj/dicertation/inference-profile/runs/revised-rerun-20260415-145452-g5-opt27b-c512-1024/raw/points/prefill/prefill-facebook-opt-2-7b-chunk-512-sm-16.csv
facebook/opt-2.7b,512,gemm,fc1,16,2,373.76001477241516,187872256,198358016,10485760,10485760,1024,2026-04-15T13:55:15Z,baseline_nvml_pt,nvidia-smi,ok,0.0,55.0,1695.0,7601.0,62.21,0.37376001477241516,189.1689453125,189.1689453125,10.0,True,,90.3,53.580000000000005,78.0,estimated,,prefill-facebook-opt-2-7b-chunk-512-sm-16,success,,,/mnt/data/dheeraj/dicertation/inference-profile/runs/revised-rerun-20260415-145452-g5-opt27b-c512-1024/raw/points/prefill/prefill-facebook-opt-2-7b-chunk-512-sm-16.csv
facebook/opt-2.7b,512,gemm,fc2,16,2,347.135990858078,187872256,190493696,2621440,2621440,1024,2026-04-15T13:55:15Z,baseline_nvml_pt,nvidia-smi,ok,0.0,55.0,1695.0,7601.0,62.21,0.37376001477241516,189.1689453125,189.1689453125,10.0,True,,90.3,53.580000000000005,78.0,estimated,,prefill-facebook-opt-2-7b-chunk-512-sm-16,success,,,/mnt/data/dheeraj/dicertation/inference-profile/runs/revised-rerun-20260415-145452-g5-opt27b-c512-1024/raw/points/prefill/prefill-facebook-opt-2-7b-chunk-512-sm-16.csv
facebook/opt-2.7b,512,attention,attention,16,2,87.0399996638298,187872256,190560256,2688000,2621440,1024,2026-04-15T13:55:15Z,baseline_nvml_pt,nvidia-smi,ok,0.0,55.0,1695.0,7601.0,62.21,0.37376001477241516,189.1689453125,189.1689453125,10.0,True,,90.3,53.580000000000005,78.0,estimated,,prefill-facebook-opt-2-7b-chunk-512-sm-16,success,,,/mnt/data/dheeraj/dicertation/inference-profile/runs/revised-rerun-20260415-145452-g5-opt27b-c512-1024/raw/points/prefill/prefill-facebook-opt-2-7b-chunk-512-sm-16.csv
facebook/opt-2.7b,512,gemm,q_proj,16,3,139.26400244235992,187872256,190493696,2621440,2621440,1024,2026-04-15T13:55:15Z,baseline_nvml_pt,nvidia-smi,ok,0.0,55.0,1695.0,7601.0,62.21,0.37376001477241516,189.1689453125,189.1689453125,10.0,True,,90.3,53.580000000000005,78.0,estimated,,prefill-facebook-opt-2-7b-chunk-512-sm-16,success,,,/mnt/data/dheeraj/dicertation/inference-profile/runs/revised-rerun-20260415-145452-g5-opt27b-c512-1024/raw/points/prefill/prefill-facebook-opt-2-7b-chunk-512-sm-16.csv
facebook/opt-2.7b,512,gemm,k_proj,16,3,136.06399297714233,187872256,190493696,2621440,2621440,1024,2026-04-15T13:55:15Z,baseline_nvml_pt,nvidia-smi,ok,0.0,55.0,1695.0,7601.0,62.21,0.37376001477241516,189.1689453125,189.1689453125,10.0,True,,90.3,53.580000000000005,78.0,estimated,,prefill-facebook-opt-2-7b-chunk-512-sm-16,success,,,/mnt/data/dheeraj/dicertation/inference-profile/runs/revised-rerun-20260415-145452-g5-opt27b-c512-1024/raw/points/prefill/prefill-facebook-opt-2-7b-chunk-512-sm-16.csv
facebook/opt-2.7b,512,gemm,v_proj,16,3,136.19199395179749,187872256,190493696,2621440,2621440,1024,2026-04-15T13:55:15Z,baseline_nvml_pt,nvidia-smi,ok,0.0,55.0,1695.0,7601.0,62.21,0.37376001477241516,189.1689453125,189.1689453125,10.0,True,,90.3,53.580000000000005,78.0,estimated,,prefill-facebook-opt-2-7b-chunk-512-sm-16,success,,,/mnt/data/dheeraj/dicertation/inference-profile/runs/revised-rerun-20260415-145452-g5-opt27b-c512-1024/raw/points/prefill/prefill-facebook-opt-2-7b-chunk-512-sm-16.csv
facebook/opt-2.7b,512,gemm,out_proj,16,3,134.14399325847626,187872256,190493696,2621440,2621440,1024,2026-04-15T13:55:15Z,baseline_nvml_pt,nvidia-smi,ok,0.0,55.0,1695.0,7601.0,62.21,0.37376001477241516,189.1689453125,189.1689453125,10.0,True,,90.3,53.580000000000005,78.0,estimated,,prefill-facebook-opt-2-7b-chunk-512-sm-16,success,,,/mnt/data/dheeraj/dicertation/inference-profile/runs/revised-rerun-20260415-145452-g5-opt27b-c512-1024/raw/points/prefill/prefill-facebook-opt-2-7b-chunk-512-sm-16.csv
facebook/opt-2.7b,512,gemm,fc1,16,3,368.6400055885315,187872256,198358016,10485760,10485760,1024,2026-04-15T13:55:15Z,baseline_nvml_pt,nvidia-smi,ok,0.0,55.0,1695.0,7601.0,62.21,0.37376001477241516,189.1689453125,189.1689453125,10.0,True,,90.3,53.580000000000005,78.0,estimated,,prefill-facebook-opt-2-7b-chunk-512-sm-16,success,,,/mnt/data/dheeraj/dicertation/inference-profile/runs/revised-rerun-20260415-145452-g5-opt27b-c512-1024/raw/points/prefill/prefill-facebook-opt-2-7b-chunk-512-sm-16.csv
facebook/opt-2.7b,512,gemm,fc2,16,3,346.1120128631592,187872256,190493696,2621440,2621440,1024,2026-04-15T13:55:15Z,baseline_nvml_pt,nvidia-smi,ok,0.0,55.0,1695.0,7601.0,62.21,0.37376001477241516,189.1689453125,189.1689453125,10.0,True,,90.3,53.580000000000005,78.0,estimated,,prefill-facebook-opt-2-7b-chunk-512-sm-16,success,,,/mnt/data/dheeraj/dicertation/inference-profile/runs/revised-rerun-20260415-145452-g5-opt27b-c512-1024/raw/points/prefill/prefill-facebook-opt-2-7b-chunk-512-sm-16.csv
facebook/opt-2.7b,512,attention,attention,16,3,84.99199897050858,187872256,190560256,2688000,2621440,1024,2026-04-15T13:55:15Z,baseline_nvml_pt,nvidia-smi,ok,0.0,55.0,1695.0,7601.0,62.21,0.37376001477241516,189.1689453125,189.1689453125,10.0,True,,90.3,53.580000000000005,78.0,estimated,,prefill-facebook-opt-2-7b-chunk-512-sm-16,success,,,/mnt/data/dheeraj/dicertation/inference-profile/runs/revised-rerun-20260415-145452-g5-opt27b-c512-1024/raw/points/prefill/prefill-facebook-opt-2-7b-chunk-512-sm-16.csv
facebook/opt-2.7b,512,gemm,q_proj,16,4,138.2399946451187,187872256,190493696,2621440,2621440,1024,2026-04-15T13:55:15Z,baseline_nvml_pt,nvidia-smi,ok,0.0,55.0,1695.0,7601.0,62.21,0.37376001477241516,189.1689453125,189.1689453125,10.0,True,,90.3,53.580000000000005,78.0,estimated,,prefill-facebook-opt-2-7b-chunk-512-sm-16,success,,,/mnt/data/dheeraj/dicertation/inference-profile/runs/revised-rerun-20260415-145452-g5-opt27b-c512-1024/raw/points/prefill/prefill-facebook-opt-2-7b-chunk-512-sm-16.csv
facebook/opt-2.7b,512,gemm,k_proj,16,4,134.14399325847626,187872256,190493696,2621440,2621440,1024,2026-04-15T13:55:15Z,baseline_nvml_pt,nvidia-smi,ok,0.0,55.0,1695.0,7601.0,62.21,0.37376001477241516,189.1689453125,189.1689453125,10.0,True,,90.3,53.580000000000005,78.0,estimated,,prefill-facebook-opt-2-7b-chunk-512-sm-16,success,,,/mnt/data/dheeraj/dicertation/inference-profile/runs/revised-rerun-20260415-145452-g5-opt27b-c512-1024/raw/points/prefill/prefill-facebook-opt-2-7b-chunk-512-sm-16.csv
facebook/opt-2.7b,512,gemm,v_proj,16,4,134.20799374580383,187872256,190493696,2621440,2621440,1024,2026-04-15T13:55:15Z,baseline_nvml_pt,nvidia-smi,ok,0.0,55.0,1695.0,7601.0,62.21,0.37376001477241516,189.1689453125,189.1689453125,10.0,True,,90.3,53.580000000000005,78.0,estimated,,prefill-facebook-opt-2-7b-chunk-512-sm-16,success,,,/mnt/data/dheeraj/dicertation/inference-profile/runs/revised-rerun-20260415-145452-g5-opt27b-c512-1024/raw/points/prefill/prefill-facebook-opt-2-7b-chunk-512-sm-16.csv
facebook/opt-2.7b,512,gemm,out_proj,16,4,134.14399325847626,187872256,190493696,2621440,2621440,1024,2026-04-15T13:55:15Z,baseline_nvml_pt,nvidia-smi,ok,0.0,55.0,1695.0,7601.0,62.21,0.37376001477241516,189.1689453125,189.1689453125,10.0,True,,90.3,53.580000000000005,78.0,estimated,,prefill-facebook-opt-2-7b-chunk-512-sm-16,success,,,/mnt/data/dheeraj/dicertation/inference-profile/runs/revised-rerun-20260415-145452-g5-opt27b-c512-1024/raw/points/prefill/prefill-facebook-opt-2-7b-chunk-512-sm-16.csv
facebook/opt-2.7b,512,gemm,fc1,16,4,365.56801199913025,187872256,198358016,10485760,10485760,1024,2026-04-15T13:55:15Z,baseline_nvml_pt,nvidia-smi,ok,0.0,55.0,1695.0,7601.0,62.21,0.37376001477241516,189.1689453125,189.1689453125,10.0,True,,90.3,53.580000000000005,78.0,estimated,,prefill-facebook-opt-2-7b-chunk-512-sm-16,success,,,/mnt/data/dheeraj/dicertation/inference-profile/runs/revised-rerun-20260415-145452-g5-opt27b-c512-1024/raw/points/prefill/prefill-facebook-opt-2-7b-chunk-512-sm-16.csv
facebook/opt-2.7b,512,gemm,fc2,16,4,348.06400537490845,187872256,190493696,2621440,2621440,1024,2026-04-15T13:55:15Z,baseline_nvml_pt,nvidia-smi,ok,0.0,55.0,1695.0,7601.0,62.21,0.37376001477241516,189.1689453125,189.1689453125,10.0,True,,90.3,53.580000000000005,78.0,estimated,,prefill-facebook-opt-2-7b-chunk-512-sm-16,success,,,/mnt/data/dheeraj/dicertation/inference-profile/runs/revised-rerun-20260415-145452-g5-opt27b-c512-1024/raw/points/prefill/prefill-facebook-opt-2-7b-chunk-512-sm-16.csv
facebook/opt-2.7b,512,attention,attention,16,4,85.88799834251404,187872256,190560256,2688000,2621440,1024,2026-04-15T13:55:15Z,baseline_nvml_pt,nvidia-smi,ok,0.0,55.0,1695.0,7601.0,62.21,0.37376001477241516,189.1689453125,189.1689453125,10.0,True,,90.3,53.580000000000005,78.0,estimated,,prefill-facebook-opt-2-7b-chunk-512-sm-16,success,,,/mnt/data/dheeraj/dicertation/inference-profile/runs/revised-rerun-20260415-145452-g5-opt27b-c512-1024/raw/points/prefill/prefill-facebook-opt-2-7b-chunk-512-sm-16.csv
facebook/opt-2.7b,512,gemm,q_proj,24,0,162.81600296497345,187872256,190493696,2621440,2621440,1024,2026-04-15T13:55:21Z,baseline_nvml_pt,nvidia-smi,ok,0.0,55.0,1695.0,7601.0,62.35,0.37990400195121765,189.1689453125,189.1689453125,10.0,True,,97.64999999999999,48.41,85.8,estimated,,prefill-facebook-opt-2-7b-chunk-512-sm-24,success,,,/mnt/data/dheeraj/dicertation/inference-profile/runs/revised-rerun-20260415-145452-g5-opt27b-c512-1024/raw/points/prefill/prefill-facebook-opt-2-7b-chunk-512-sm-24.csv
facebook/opt-2.7b,512,gemm,k_proj,24,0,143.36000382900238,187872256,190493696,2621440,2621440,1024,2026-04-15T13:55:21Z,baseline_nvml_pt,nvidia-smi,ok,0.0,55.0,1695.0,7601.0,62.35,0.37990400195121765,189.1689453125,189.1689453125,10.0,True,,97.64999999999999,48.41,85.8,estimated,,prefill-facebook-opt-2-7b-chunk-512-sm-24,success,,,/mnt/data/dheeraj/dicertation/inference-profile/runs/revised-rerun-20260415-145452-g5-opt27b-c512-1024/raw/points/prefill/prefill-facebook-opt-2-7b-chunk-512-sm-24.csv
facebook/opt-2.7b,512,gemm,v_proj,24,0,135.16800105571747,187872256,190493696,2621440,2621440,1024,2026-04-15T13:55:21Z,baseline_nvml_pt,nvidia-smi,ok,0.0,55.0,1695.0,7601.0,62.35,0.37990400195121765,189.1689453125,189.1689453125,10.0,True,,97.64999999999999,48.41,85.8,estimated,,prefill-facebook-opt-2-7b-chunk-512-sm-24,success,,,/mnt/data/dheeraj/dicertation/inference-profile/runs/revised-rerun-20260415-145452-g5-opt27b-c512-1024/raw/points/prefill/prefill-facebook-opt-2-7b-chunk-512-sm-24.csv
facebook/opt-2.7b,512,gemm,out_proj,24,0,133.12000036239624,187872256,190493696,2621440,2621440,1024,2026-04-15T13:55:21Z,baseline_nvml_pt,nvidia-smi,ok,0.0,55.0,1695.0,7601.0,62.35,0.37990400195121765,189.1689453125,189.1689453125,10.0,True,,97.64999999999999,48.41,85.8,estimated,,prefill-facebook-opt-2-7b-chunk-512-sm-24,success,,,/mnt/data/dheeraj/dicertation/inference-profile/runs/revised-rerun-20260415-145452-g5-opt27b-c512-1024/raw/points/prefill/prefill-facebook-opt-2-7b-chunk-512-sm-24.csv
facebook/opt-2.7b,512,gemm,fc1,24,0,374.65599179267883,187872256,198358016,10485760,10485760,1024,2026-04-15T13:55:21Z,baseline_nvml_pt,nvidia-smi,ok,0.0,55.0,1695.0,7601.0,62.35,0.37990400195121765,189.1689453125,189.1689453125,10.0,True,,97.64999999999999,48.41,85.8,estimated,,prefill-facebook-opt-2-7b-chunk-512-sm-24,success,,,/mnt/data/dheeraj/dicertation/inference-profile/runs/revised-rerun-20260415-145452-g5-opt27b-c512-1024/raw/points/prefill/prefill-facebook-opt-2-7b-chunk-512-sm-24.csv
facebook/opt-2.7b,512,gemm,fc2,24,0,351.23199224472046,187872256,190493696,2621440,2621440,1024,2026-04-15T13:55:21Z,baseline_nvml_pt,nvidia-smi,ok,0.0,55.0,1695.0,7601.0,62.35,0.37990400195121765,189.1689453125,189.1689453125,10.0,True,,97.64999999999999,48.41,85.8,estimated,,prefill-facebook-opt-2-7b-chunk-512-sm-24,success,,,/mnt/data/dheeraj/dicertation/inference-profile/runs/revised-rerun-20260415-145452-g5-opt27b-c512-1024/raw/points/prefill/prefill-facebook-opt-2-7b-chunk-512-sm-24.csv
facebook/opt-2.7b,512,attention,attention,24,0,87.77599781751633,187872256,190560256,2688000,2621440,1024,2026-04-15T13:55:21Z,baseline_nvml_pt,nvidia-smi,ok,0.0,55.0,1695.0,7601.0,62.35,0.37990400195121765,189.1689453125,189.1689453125,10.0,True,,97.64999999999999,48.41,85.8,estimated,,prefill-facebook-opt-2-7b-chunk-512-sm-24,success,,,/mnt/data/dheeraj/dicertation/inference-profile/runs/revised-rerun-20260415-145452-g5-opt27b-c512-1024/raw/points/prefill/prefill-facebook-opt-2-7b-chunk-512-sm-24.csv
facebook/opt-2.7b,512,gemm,q_proj,24,1,138.2399946451187,187872256,190493696,2621440,2621440,1024,2026-04-15T13:55:21Z,baseline_nvml_pt,nvidia-smi,ok,0.0,55.0,1695.0,7601.0,62.35,0.37990400195121765,189.1689453125,189.1689453125,10.0,True,,97.64999999999999,48.41,85.8,estimated,,prefill-facebook-opt-2-7b-chunk-512-sm-24,success,,,/mnt/data/dheeraj/dicertation/inference-profile/runs/revised-rerun-20260415-145452-g5-opt27b-c512-1024/raw/points/prefill/prefill-facebook-opt-2-7b-chunk-512-sm-24.csv
facebook/opt-2.7b,512,gemm,k_proj,24,1,137.2160017490387,187872256,190493696,2621440,2621440,1024,2026-04-15T13:55:21Z,baseline_nvml_pt,nvidia-smi,ok,0.0,55.0,1695.0,7601.0,62.35,0.37990400195121765,189.1689453125,189.1689453125,10.0,True,,97.64999999999999,48.41,85.8,estimated,,prefill-facebook-opt-2-7b-chunk-512-sm-24,success,,,/mnt/data/dheeraj/dicertation/inference-profile/runs/revised-rerun-20260415-145452-g5-opt27b-c512-1024/raw/points/prefill/prefill-facebook-opt-2-7b-chunk-512-sm-24.csv
facebook/opt-2.7b,512,gemm,v_proj,24,1,133.12000036239624,187872256,190493696,2621440,2621440,1024,2026-04-15T13:55:21Z,baseline_nvml_pt,nvidia-smi,ok,0.0,55.0,1695.0,7601.0,62.35,0.37990400195121765,189.1689453125,189.1689453125,10.0,True,,97.64999999999999,48.41,85.8,estimated,,prefill-facebook-opt-2-7b-chunk-512-sm-24,success,,,/mnt/data/dheeraj/dicertation/inference-profile/runs/revised-rerun-20260415-145452-g5-opt27b-c512-1024/raw/points/prefill/prefill-facebook-opt-2-7b-chunk-512-sm-24.csv
facebook/opt-2.7b,512,gemm,out_proj,24,1,133.12000036239624,187872256,190493696,2621440,2621440,1024,2026-04-15T13:55:21Z,baseline_nvml_pt,nvidia-smi,ok,0.0,55.0,1695.0,7601.0,62.35,0.37990400195121765,189.1689453125,189.1689453125,10.0,True,,97.64999999999999,48.41,85.8,estimated,,prefill-facebook-opt-2-7b-chunk-512-sm-24,success,,,/mnt/data/dheeraj/dicertation/inference-profile/runs/revised-rerun-20260415-145452-g5-opt27b-c512-1024/raw/points/prefill/prefill-facebook-opt-2-7b-chunk-512-sm-24.csv
facebook/opt-2.7b,512,gemm,fc1,24,1,367.6159977912903,187872256,198358016,10485760,10485760,1024,2026-04-15T13:55:21Z,baseline_nvml_pt,nvidia-smi,ok,0.0,55.0,1695.0,7601.0,62.35,0.37990400195121765,189.1689453125,189.1689453125,10.0,True,,97.64999999999999,48.41,85.8,estimated,,prefill-facebook-opt-2-7b-chunk-512-sm-24,success,,,/mnt/data/dheeraj/dicertation/inference-profile/runs/revised-rerun-20260415-145452-g5-opt27b-c512-1024/raw/points/prefill/prefill-facebook-opt-2-7b-chunk-512-sm-24.csv
facebook/opt-2.7b,512,gemm,fc2,24,1,347.135990858078,187872256,190493696,2621440,2621440,1024,2026-04-15T13:55:21Z,baseline_nvml_pt,nvidia-smi,ok,0.0,55.0,1695.0,7601.0,62.35,0.37990400195121765,189.1689453125,189.1689453125,10.0,True,,97.64999999999999,48.41,85.8,estimated,,prefill-facebook-opt-2-7b-chunk-512-sm-24,success,,,/mnt/data/dheeraj/dicertation/inference-profile/runs/revised-rerun-20260415-145452-g5-opt27b-c512-1024/raw/points/prefill/prefill-facebook-opt-2-7b-chunk-512-sm-24.csv
facebook/opt-2.7b,512,attention,attention,24,1,87.0399996638298,187872256,190560256,2688000,2621440,1024,2026-04-15T13:55:21Z,baseline_nvml_pt,nvidia-smi,ok,0.0,55.0,1695.0,7601.0,62.35,0.37990400195121765,189.1689453125,189.1689453125,10.0,True,,97.64999999999999,48.41,85.8,estimated,,prefill-facebook-opt-2-7b-chunk-512-sm-24,success,,,/mnt/data/dheeraj/dicertation/inference-profile/runs/revised-rerun-20260415-145452-g5-opt27b-c512-1024/raw/points/prefill/prefill-facebook-opt-2-7b-chunk-512-sm-24.csv
facebook/opt-2.7b,512,gemm,q_proj,24,2,138.20800185203552,187872256,190493696,2621440,2621440,1024,2026-04-15T13:55:21Z,baseline_nvml_pt,nvidia-smi,ok,0.0,55.0,1695.0,7601.0,62.35,0.37990400195121765,189.1689453125,189.1689453125,10.0,True,,97.64999999999999,48.41,85.8,estimated,,prefill-facebook-opt-2-7b-chunk-512-sm-24,success,,,/mnt/data/dheeraj/dicertation/inference-profile/runs/revised-rerun-20260415-145452-g5-opt27b-c512-1024/raw/points/prefill/prefill-facebook-opt-2-7b-chunk-512-sm-24.csv
facebook/opt-2.7b,512,gemm,k_proj,24,2,141.31200313568115,187872256,190493696,2621440,2621440,1024,2026-04-15T13:55:21Z,baseline_nvml_pt,nvidia-smi,ok,0.0,55.0,1695.0,7601.0,62.35,0.37990400195121765,189.1689453125,189.1689453125,10.0,True,,97.64999999999999,48.41,85.8,estimated,,prefill-facebook-opt-2-7b-chunk-512-sm-24,success,,,/mnt/data/dheeraj/dicertation/inference-profile/runs/revised-rerun-20260415-145452-g5-opt27b-c512-1024/raw/points/prefill/prefill-facebook-opt-2-7b-chunk-512-sm-24.csv
facebook/opt-2.7b,512,gemm,v_proj,24,2,133.12000036239624,187872256,190493696,2621440,2621440,1024,2026-04-15T13:55:21Z,baseline_nvml_pt,nvidia-smi,ok,0.0,55.0,1695.0,7601.0,62.35,0.37990400195121765,189.1689453125,189.1689453125,10.0,True,,97.64999999999999,48.41,85.8,estimated,,prefill-facebook-opt-2-7b-chunk-512-sm-24,success,,,/mnt/data/dheeraj/dicertation/inference-profile/runs/revised-rerun-20260415-145452-g5-opt27b-c512-1024/raw/points/prefill/prefill-facebook-opt-2-7b-chunk-512-sm-24.csv
facebook/opt-2.7b,512,gemm,out_proj,24,2,151.5520066022873,187872256,190493696,2621440,2621440,1024,2026-04-15T13:55:21Z,baseline_nvml_pt,nvidia-smi,ok,0.0,55.0,1695.0,7601.0,62.35,0.37990400195121765,189.1689453125,189.1689453125,10.0,True,,97.64999999999999,48.41,85.8,estimated,,prefill-facebook-opt-2-7b-chunk-512-sm-24,success,,,/mnt/data/dheeraj/dicertation/inference-profile/runs/revised-rerun-20260415-145452-g5-opt27b-c512-1024/raw/points/prefill/prefill-facebook-opt-2-7b-chunk-512-sm-24.csv
facebook/opt-2.7b,512,gemm,fc1,24,2,366.5919899940491,187872256,198358016,10485760,10485760,1024,2026-04-15T13:55:21Z,baseline_nvml_pt,nvidia-smi,ok,0.0,55.0,1695.0,7601.0,62.35,0.37990400195121765,189.1689453125,189.1689453125,10.0,True,,97.64999999999999,48.41,85.8,estimated,,prefill-facebook-opt-2-7b-chunk-512-sm-24,success,,,/mnt/data/dheeraj/dicertation/inference-profile/runs/revised-rerun-20260415-145452-g5-opt27b-c512-1024/raw/points/prefill/prefill-facebook-opt-2-7b-chunk-512-sm-24.csv
facebook/opt-2.7b,512,gemm,fc2,24,2,351.3279855251312,187872256,190493696,2621440,2621440,1024,2026-04-15T13:55:21Z,baseline_nvml_pt,nvidia-smi,ok,0.0,55.0,1695.0,7601.0,62.35,0.37990400195121765,189.1689453125,189.1689453125,10.0,True,,97.64999999999999,48.41,85.8,estimated,,prefill-facebook-opt-2-7b-chunk-512-sm-24,success,,,/mnt/data/dheeraj/dicertation/inference-profile/runs/revised-rerun-20260415-145452-g5-opt27b-c512-1024/raw/points/prefill/prefill-facebook-opt-2-7b-chunk-512-sm-24.csv
facebook/opt-2.7b,512,attention,attention,24,2,93.18400174379349,187872256,190560256,2688000,2621440,1024,2026-04-15T13:55:21Z,baseline_nvml_pt,nvidia-smi,ok,0.0,55.0,1695.0,7601.0,62.35,0.37990400195121765,189.1689453125,189.1689453125,10.0,True,,97.64999999999999,48.41,85.8,estimated,,prefill-facebook-opt-2-7b-chunk-512-sm-24,success,,,/mnt/data/dheeraj/dicertation/inference-profile/runs/revised-rerun-20260415-145452-g5-opt27b-c512-1024/raw/points/prefill/prefill-facebook-opt-2-7b-chunk-512-sm-24.csv
facebook/opt-2.7b,512,gemm,q_proj,24,3,136.19199395179749,187872256,190493696,2621440,2621440,1024,2026-04-15T13:55:21Z,baseline_nvml_pt,nvidia-smi,ok,0.0,55.0,1695.0,7601.0,62.35,0.37990400195121765,189.1689453125,189.1689453125,10.0,True,,97.64999999999999,48.41,85.8,estimated,,prefill-facebook-opt-2-7b-chunk-512-sm-24,success,,,/mnt/data/dheeraj/dicertation/inference-profile/runs/revised-rerun-20260415-145452-g5-opt27b-c512-1024/raw/points/prefill/prefill-facebook-opt-2-7b-chunk-512-sm-24.csv
facebook/opt-2.7b,512,gemm,k_proj,24,3,132.86399841308594,187872256,190493696,2621440,2621440,1024,2026-04-15T13:55:21Z,baseline_nvml_pt,nvidia-smi,ok,0.0,55.0,1695.0,7601.0,62.35,0.37990400195121765,189.1689453125,189.1689453125,10.0,True,,97.64999999999999,48.41,85.8,estimated,,prefill-facebook-opt-2-7b-chunk-512-sm-24,success,,,/mnt/data/dheeraj/dicertation/inference-profile/runs/revised-rerun-20260415-145452-g5-opt27b-c512-1024/raw/points/prefill/prefill-facebook-opt-2-7b-chunk-512-sm-24.csv
facebook/opt-2.7b,512,gemm,v_proj,24,3,134.14399325847626,187872256,190493696,2621440,2621440,1024,2026-04-15T13:55:21Z,baseline_nvml_pt,nvidia-smi,ok,0.0,55.0,1695.0,7601.0,62.35,0.37990400195121765,189.1689453125,189.1689453125,10.0,True,,97.64999999999999,48.41,85.8,estimated,,prefill-facebook-opt-2-7b-chunk-512-sm-24,success,,,/mnt/data/dheeraj/dicertation/inference-profile/runs/revised-rerun-20260415-145452-g5-opt27b-c512-1024/raw/points/prefill/prefill-facebook-opt-2-7b-chunk-512-sm-24.csv
facebook/opt-2.7b,512,gemm,out_proj,24,3,132.09599256515503,187872256,190493696,2621440,2621440,1024,2026-04-15T13:55:21Z,baseline_nvml_pt,nvidia-smi,ok,0.0,55.0,1695.0,7601.0,62.35,0.37990400195121765,189.1689453125,189.1689453125,10.0,True,,97.64999999999999,48.41,85.8,estimated,,prefill-facebook-opt-2-7b-chunk-512-sm-24,success,,,/mnt/data/dheeraj/dicertation/inference-profile/runs/revised-rerun-20260415-145452-g5-opt27b-c512-1024/raw/points/prefill/prefill-facebook-opt-2-7b-chunk-512-sm-24.csv
facebook/opt-2.7b,512,gemm,fc1,24,3,370.6879913806915,187872256,198358016,10485760,10485760,1024,2026-04-15T13:55:21Z,baseline_nvml_pt,nvidia-smi,ok,0.0,55.0,1695.0,7601.0,62.35,0.37990400195121765,189.1689453125,189.1689453125,10.0,True,,97.64999999999999,48.41,85.8,estimated,,prefill-facebook-opt-2-7b-chunk-512-sm-24,success,,,/mnt/data/dheeraj/dicertation/inference-profile/runs/revised-rerun-20260415-145452-g5-opt27b-c512-1024/raw/points/prefill/prefill-facebook-opt-2-7b-chunk-512-sm-24.csv
facebook/opt-2.7b,512,gemm,fc2,24,3,346.1120128631592,187872256,190493696,2621440,2621440,1024,2026-04-15T13:55:21Z,baseline_nvml_pt,nvidia-smi,ok,0.0,55.0,1695.0,7601.0,62.35,0.37990400195121765,189.1689453125,189.1689453125,10.0,True,,97.64999999999999,48.41,85.8,estimated,,prefill-facebook-opt-2-7b-chunk-512-sm-24,success,,,/mnt/data/dheeraj/dicertation/inference-profile/runs/revised-rerun-20260415-145452-g5-opt27b-c512-1024/raw/points/prefill/prefill-facebook-opt-2-7b-chunk-512-sm-24.csv
facebook/opt-2.7b,512,attention,attention,24,3,86.01599931716919,187872256,190560256,2688000,2621440,1024,2026-04-15T13:55:21Z,baseline_nvml_pt,nvidia-smi,ok,0.0,55.0,1695.0,7601.0,62.35,0.37990400195121765,189.1689453125,189.1689453125,10.0,True,,97.64999999999999,48.41,85.8,estimated,,prefill-facebook-opt-2-7b-chunk-512-sm-24,success,,,/mnt/data/dheeraj/dicertation/inference-profile/runs/revised-rerun-20260415-145452-g5-opt27b-c512-1024/raw/points/prefill/prefill-facebook-opt-2-7b-chunk-512-sm-24.csv
facebook/opt-2.7b,512,gemm,q_proj,24,4,135.0719928741455,187872256,190493696,2621440,2621440,1024,2026-04-15T13:55:21Z,baseline_nvml_pt,nvidia-smi,ok,0.0,55.0,1695.0,7601.0,62.35,0.37990400195121765,189.1689453125,189.1689453125,10.0,True,,97.64999999999999,48.41,85.8,estimated,,prefill-facebook-opt-2-7b-chunk-512-sm-24,success,,,/mnt/data/dheeraj/dicertation/inference-profile/runs/revised-rerun-20260415-145452-g5-opt27b-c512-1024/raw/points/prefill/prefill-facebook-opt-2-7b-chunk-512-sm-24.csv
facebook/opt-2.7b,512,gemm,k_proj,24,4,131.9040060043335,187872256,190493696,2621440,2621440,1024,2026-04-15T13:55:21Z,baseline_nvml_pt,nvidia-smi,ok,0.0,55.0,1695.0,7601.0,62.35,0.37990400195121765,189.1689453125,189.1689453125,10.0,True,,97.64999999999999,48.41,85.8,estimated,,prefill-facebook-opt-2-7b-chunk-512-sm-24,success,,,/mnt/data/dheeraj/dicertation/inference-profile/runs/revised-rerun-20260415-145452-g5-opt27b-c512-1024/raw/points/prefill/prefill-facebook-opt-2-7b-chunk-512-sm-24.csv
facebook/opt-2.7b,512,gemm,v_proj,24,4,134.14399325847626,187872256,190493696,2621440,2621440,1024,2026-04-15T13:55:21Z,baseline_nvml_pt,nvidia-smi,ok,0.0,55.0,1695.0,7601.0,62.35,0.37990400195121765,189.1689453125,189.1689453125,10.0,True,,97.64999999999999,48.41,85.8,estimated,,prefill-facebook-opt-2-7b-chunk-512-sm-24,success,,,/mnt/data/dheeraj/dicertation/inference-profile/runs/revised-rerun-20260415-145452-g5-opt27b-c512-1024/raw/points/prefill/prefill-facebook-opt-2-7b-chunk-512-sm-24.csv
facebook/opt-2.7b,512,gemm,out_proj,24,4,131.3599944114685,187872256,190493696,2621440,2621440,1024,2026-04-15T13:55:21Z,baseline_nvml_pt,nvidia-smi,ok,0.0,55.0,1695.0,7601.0,62.35,0.37990400195121765,189.1689453125,189.1689453125,10.0,True,,97.64999999999999,48.41,85.8,estimated,,prefill-facebook-opt-2-7b-chunk-512-sm-24,success,,,/mnt/data/dheeraj/dicertation/inference-profile/runs/revised-rerun-20260415-145452-g5-opt27b-c512-1024/raw/points/prefill/prefill-facebook-opt-2-7b-chunk-512-sm-24.csv
facebook/opt-2.7b,512,gemm,fc1,24,4,379.90400195121765,187872256,198358016,10485760,10485760,1024,2026-04-15T13:55:21Z,baseline_nvml_pt,nvidia-smi,ok,0.0,55.0,1695.0,7601.0,62.35,0.37990400195121765,189.1689453125,189.1689453125,10.0,True,,97.64999999999999,48.41,85.8,estimated,,prefill-facebook-opt-2-7b-chunk-512-sm-24,success,,,/mnt/data/dheeraj/dicertation/inference-profile/runs/revised-rerun-20260415-145452-g5-opt27b-c512-1024/raw/points/prefill/prefill-facebook-opt-2-7b-chunk-512-sm-24.csv
facebook/opt-2.7b,512,gemm,fc2,24,4,350.0159978866577,187872256,190493696,2621440,2621440,1024,2026-04-15T13:55:21Z,baseline_nvml_pt,nvidia-smi,ok,0.0,55.0,1695.0,7601.0,62.35,0.37990400195121765,189.1689453125,189.1689453125,10.0,True,,97.64999999999999,48.41,85.8,estimated,,prefill-facebook-opt-2-7b-chunk-512-sm-24,success,,,/mnt/data/dheeraj/dicertation/inference-profile/runs/revised-rerun-20260415-145452-g5-opt27b-c512-1024/raw/points/prefill/prefill-facebook-opt-2-7b-chunk-512-sm-24.csv
facebook/opt-2.7b,512,attention,attention,24,4,88.06400001049042,187872256,190560256,2688000,2621440,1024,2026-04-15T13:55:21Z,baseline_nvml_pt,nvidia-smi,ok,0.0,55.0,1695.0,7601.0,62.35,0.37990400195121765,189.1689453125,189.1689453125,10.0,True,,97.64999999999999,48.41,85.8,estimated,,prefill-facebook-opt-2-7b-chunk-512-sm-24,success,,,/mnt/data/dheeraj/dicertation/inference-profile/runs/revised-rerun-20260415-145452-g5-opt27b-c512-1024/raw/points/prefill/prefill-facebook-opt-2-7b-chunk-512-sm-24.csv
facebook/opt-2.7b,512,gemm,q_proj,32,0,156.67200088500977,187872256,190493696,2621440,2621440,1024,2026-04-15T13:55:27Z,baseline_nvml_pt,nvidia-smi,ok,0.0,55.0,1695.0,8001.0,63.01,3.49183988571167,189.1689453125,189.1689453125,10.0,True,,100.0,43.24,93.6,estimated,,prefill-facebook-opt-2-7b-chunk-512-sm-32,success,,,/mnt/data/dheeraj/dicertation/inference-profile/runs/revised-rerun-20260415-145452-g5-opt27b-c512-1024/raw/points/prefill/prefill-facebook-opt-2-7b-chunk-512-sm-32.csv
facebook/opt-2.7b,512,gemm,k_proj,32,0,144.3839967250824,187872256,190493696,2621440,2621440,1024,2026-04-15T13:55:27Z,baseline_nvml_pt,nvidia-smi,ok,0.0,55.0,1695.0,8001.0,63.01,3.49183988571167,189.1689453125,189.1689453125,10.0,True,,100.0,43.24,93.6,estimated,,prefill-facebook-opt-2-7b-chunk-512-sm-32,success,,,/mnt/data/dheeraj/dicertation/inference-profile/runs/revised-rerun-20260415-145452-g5-opt27b-c512-1024/raw/points/prefill/prefill-facebook-opt-2-7b-chunk-512-sm-32.csv
facebook/opt-2.7b,512,gemm,v_proj,32,0,137.02400028705597,187872256,190493696,2621440,2621440,1024,2026-04-15T13:55:27Z,baseline_nvml_pt,nvidia-smi,ok,0.0,55.0,1695.0,8001.0,63.01,3.49183988571167,189.1689453125,189.1689453125,10.0,True,,100.0,43.24,93.6,estimated,,prefill-facebook-opt-2-7b-chunk-512-sm-32,success,,,/mnt/data/dheeraj/dicertation/inference-profile/runs/revised-rerun-20260415-145452-g5-opt27b-c512-1024/raw/points/prefill/prefill-facebook-opt-2-7b-chunk-512-sm-32.csv
facebook/opt-2.7b,512,gemm,out_proj,32,0,3491.83988571167,187872256,190493696,2621440,2621440,1024,2026-04-15T13:55:27Z,baseline_nvml_pt,nvidia-smi,ok,0.0,55.0,1695.0,8001.0,63.01,3.49183988571167,189.1689453125,189.1689453125,10.0,True,,100.0,43.24,93.6,estimated,,prefill-facebook-opt-2-7b-chunk-512-sm-32,success,,,/mnt/data/dheeraj/dicertation/inference-profile/runs/revised-rerun-20260415-145452-g5-opt27b-c512-1024/raw/points/prefill/prefill-facebook-opt-2-7b-chunk-512-sm-32.csv
facebook/opt-2.7b,512,gemm,fc1,32,0,524.2879986763,187872256,198358016,10485760,10485760,1024,2026-04-15T13:55:27Z,baseline_nvml_pt,nvidia-smi,ok,0.0,55.0,1695.0,8001.0,63.01,3.49183988571167,189.1689453125,189.1689453125,10.0,True,,100.0,43.24,93.6,estimated,,prefill-facebook-opt-2-7b-chunk-512-sm-32,success,,,/mnt/data/dheeraj/dicertation/inference-profile/runs/revised-rerun-20260415-145452-g5-opt27b-c512-1024/raw/points/prefill/prefill-facebook-opt-2-7b-chunk-512-sm-32.csv
facebook/opt-2.7b,512,gemm,fc2,32,0,411.6159975528717,187872256,190493696,2621440,2621440,1024,2026-04-15T13:55:27Z,baseline_nvml_pt,nvidia-smi,ok,0.0,55.0,1695.0,8001.0,63.01,3.49183988571167,189.1689453125,189.1689453125,10.0,True,,100.0,43.24,93.6,estimated,,prefill-facebook-opt-2-7b-chunk-512-sm-32,success,,,/mnt/data/dheeraj/dicertation/inference-profile/runs/revised-rerun-20260415-145452-g5-opt27b-c512-1024/raw/points/prefill/prefill-facebook-opt-2-7b-chunk-512-sm-32.csv
facebook/opt-2.7b,512,attention,attention,32,0,140.28799533843994,187872256,190560256,2688000,2621440,1024,2026-04-15T13:55:27Z,baseline_nvml_pt,nvidia-smi,ok,0.0,55.0,1695.0,8001.0,63.01,3.49183988571167,189.1689453125,189.1689453125,10.0,True,,100.0,43.24,93.6,estimated,,prefill-facebook-opt-2-7b-chunk-512-sm-32,success,,,/mnt/data/dheeraj/dicertation/inference-profile/runs/revised-rerun-20260415-145452-g5-opt27b-c512-1024/raw/points/prefill/prefill-facebook-opt-2-7b-chunk-512-sm-32.csv
facebook/opt-2.7b,512,gemm,q_proj,32,1,188.4160041809082,187872256,190493696,2621440,2621440,1024,2026-04-15T13:55:27Z,baseline_nvml_pt,nvidia-smi,ok,0.0,55.0,1695.0,8001.0,63.01,3.49183988571167,189.1689453125,189.1689453125,10.0,True,,100.0,43.24,93.6,estimated,,prefill-facebook-opt-2-7b-chunk-512-sm-32,success,,,/mnt/data/dheeraj/dicertation/inference-profile/runs/revised-rerun-20260415-145452-g5-opt27b-c512-1024/raw/points/prefill/prefill-facebook-opt-2-7b-chunk-512-sm-32.csv
facebook/opt-2.7b,512,gemm,k_proj,32,1,163.68000209331512,187872256,190493696,2621440,2621440,1024,2026-04-15T13:55:27Z,baseline_nvml_pt,nvidia-smi,ok,0.0,55.0,1695.0,8001.0,63.01,3.49183988571167,189.1689453125,189.1689453125,10.0,True,,100.0,43.24,93.6,estimated,,prefill-facebook-opt-2-7b-chunk-512-sm-32,success,,,/mnt/data/dheeraj/dicertation/inference-profile/runs/revised-rerun-20260415-145452-g5-opt27b-c512-1024/raw/points/prefill/prefill-facebook-opt-2-7b-chunk-512-sm-32.csv
facebook/opt-2.7b,512,gemm,v_proj,32,1,156.67200088500977,187872256,190493696,2621440,2621440,1024,2026-04-15T13:55:27Z,baseline_nvml_pt,nvidia-smi,ok,0.0,55.0,1695.0,8001.0,63.01,3.49183988571167,189.1689453125,189.1689453125,10.0,True,,100.0,43.24,93.6,estimated,,prefill-facebook-opt-2-7b-chunk-512-sm-32,success,,,/mnt/data/dheeraj/dicertation/inference-profile/runs/revised-rerun-20260415-145452-g5-opt27b-c512-1024/raw/points/prefill/prefill-facebook-opt-2-7b-chunk-512-sm-32.csv
facebook/opt-2.7b,512,gemm,out_proj,32,1,146.40000462532043,187872256,190493696,2621440,2621440,1024,2026-04-15T13:55:27Z,baseline_nvml_pt,nvidia-smi,ok,0.0,55.0,1695.0,8001.0,63.01,3.49183988571167,189.1689453125,189.1689453125,10.0,True,,100.0,43.24,93.6,estimated,,prefill-facebook-opt-2-7b-chunk-512-sm-32,success,,,/mnt/data/dheeraj/dicertation/inference-profile/runs/revised-rerun-20260415-145452-g5-opt27b-c512-1024/raw/points/prefill/prefill-facebook-opt-2-7b-chunk-512-sm-32.csv
facebook/opt-2.7b,512,gemm,fc1,32,1,374.783992767334,187872256,198358016,10485760,10485760,1024,2026-04-15T13:55:27Z,baseline_nvml_pt,nvidia-smi,ok,0.0,55.0,1695.0,8001.0,63.01,3.49183988571167,189.1689453125,189.1689453125,10.0,True,,100.0,43.24,93.6,estimated,,prefill-facebook-opt-2-7b-chunk-512-sm-32,success,,,/mnt/data/dheeraj/dicertation/inference-profile/runs/revised-rerun-20260415-145452-g5-opt27b-c512-1024/raw/points/prefill/prefill-facebook-opt-2-7b-chunk-512-sm-32.csv
facebook/opt-2.7b,512,gemm,fc2,32,1,361.4720106124878,187872256,190493696,2621440,2621440,1024,2026-04-15T13:55:27Z,baseline_nvml_pt,nvidia-smi,ok,0.0,55.0,1695.0,8001.0,63.01,3.49183988571167,189.1689453125,189.1689453125,10.0,True,,100.0,43.24,93.6,estimated,,prefill-facebook-opt-2-7b-chunk-512-sm-32,success,,,/mnt/data/dheeraj/dicertation/inference-profile/runs/revised-rerun-20260415-145452-g5-opt27b-c512-1024/raw/points/prefill/prefill-facebook-opt-2-7b-chunk-512-sm-32.csv
facebook/opt-2.7b,512,attention,attention,32,1,137.2160017490387,187872256,190560256,2688000,2621440,1024,2026-04-15T13:55:27Z,baseline_nvml_pt,nvidia-smi,ok,0.0,55.0,1695.0,8001.0,63.01,3.49183988571167,189.1689453125,189.1689453125,10.0,True,,100.0,43.24,93.6,estimated,,prefill-facebook-opt-2-7b-chunk-512-sm-32,success,,,/mnt/data/dheeraj/dicertation/inference-profile/runs/revised-rerun-20260415-145452-g5-opt27b-c512-1024/raw/points/prefill/prefill-facebook-opt-2-7b-chunk-512-sm-32.csv
facebook/opt-2.7b,512,gemm,q_proj,32,2,145.37599682807922,187872256,190493696,2621440,2621440,1024,2026-04-15T13:55:27Z,baseline_nvml_pt,nvidia-smi,ok,0.0,55.0,1695.0,8001.0,63.01,3.49183988571167,189.1689453125,189.1689453125,10.0,True,,100.0,43.24,93.6,estimated,,prefill-facebook-opt-2-7b-chunk-512-sm-32,success,,,/mnt/data/dheeraj/dicertation/inference-profile/runs/revised-rerun-20260415-145452-g5-opt27b-c512-1024/raw/points/prefill/prefill-facebook-opt-2-7b-chunk-512-sm-32.csv
facebook/opt-2.7b,512,gemm,k_proj,32,2,154.55999970436096,187872256,190493696,2621440,2621440,1024,2026-04-15T13:55:27Z,baseline_nvml_pt,nvidia-smi,ok,0.0,55.0,1695.0,8001.0,63.01,3.49183988571167,189.1689453125,189.1689453125,10.0,True,,100.0,43.24,93.6,estimated,,prefill-facebook-opt-2-7b-chunk-512-sm-32,success,,,/mnt/data/dheeraj/dicertation/inference-profile/runs/revised-rerun-20260415-145452-g5-opt27b-c512-1024/raw/points/prefill/prefill-facebook-opt-2-7b-chunk-512-sm-32.csv
facebook/opt-2.7b,512,gemm,v_proj,32,2,138.2399946451187,187872256,190493696,2621440,2621440,1024,2026-04-15T13:55:27Z,baseline_nvml_pt,nvidia-smi,ok,0.0,55.0,1695.0,8001.0,63.01,3.49183988571167,189.1689453125,189.1689453125,10.0,True,,100.0,43.24,93.6,estimated,,prefill-facebook-opt-2-7b-chunk-512-sm-32,success,,,/mnt/data/dheeraj/dicertation/inference-profile/runs/revised-rerun-20260415-145452-g5-opt27b-c512-1024/raw/points/prefill/prefill-facebook-opt-2-7b-chunk-512-sm-32.csv
facebook/opt-2.7b,512,gemm,out_proj,32,2,136.19199395179749,187872256,190493696,2621440,2621440,1024,2026-04-15T13:55:27Z,baseline_nvml_pt,nvidia-smi,ok,0.0,55.0,1695.0,8001.0,63.01,3.49183988571167,189.1689453125,189.1689453125,10.0,True,,100.0,43.24,93.6,estimated,,prefill-facebook-opt-2-7b-chunk-512-sm-32,success,,,/mnt/data/dheeraj/dicertation/inference-profile/runs/revised-rerun-20260415-145452-g5-opt27b-c512-1024/raw/points/prefill/prefill-facebook-opt-2-7b-chunk-512-sm-32.csv
facebook/opt-2.7b,512,gemm,fc1,32,2,369.6640133857727,187872256,198358016,10485760,10485760,1024,2026-04-15T13:55:27Z,baseline_nvml_pt,nvidia-smi,ok,0.0,55.0,1695.0,8001.0,63.01,3.49183988571167,189.1689453125,189.1689453125,10.0,True,,100.0,43.24,93.6,estimated,,prefill-facebook-opt-2-7b-chunk-512-sm-32,success,,,/mnt/data/dheeraj/dicertation/inference-profile/runs/revised-rerun-20260415-145452-g5-opt27b-c512-1024/raw/points/prefill/prefill-facebook-opt-2-7b-chunk-512-sm-32.csv
facebook/opt-2.7b,512,gemm,fc2,32,2,358.39998722076416,187872256,190493696,2621440,2621440,1024,2026-04-15T13:55:27Z,baseline_nvml_pt,nvidia-smi,ok,0.0,55.0,1695.0,8001.0,63.01,3.49183988571167,189.1689453125,189.1689453125,10.0,True,,100.0,43.24,93.6,estimated,,prefill-facebook-opt-2-7b-chunk-512-sm-32,success,,,/mnt/data/dheeraj/dicertation/inference-profile/runs/revised-rerun-20260415-145452-g5-opt27b-c512-1024/raw/points/prefill/prefill-facebook-opt-2-7b-chunk-512-sm-32.csv
facebook/opt-2.7b,512,attention,attention,32,2,104.41599786281586,187872256,190560256,2688000,2621440,1024,2026-04-15T13:55:27Z,baseline_nvml_pt,nvidia-smi,ok,0.0,55.0,1695.0,8001.0,63.01,3.49183988571167,189.1689453125,189.1689453125,10.0,True,,100.0,43.24,93.6,estimated,,prefill-facebook-opt-2-7b-chunk-512-sm-32,success,,,/mnt/data/dheeraj/dicertation/inference-profile/runs/revised-rerun-20260415-145452-g5-opt27b-c512-1024/raw/points/prefill/prefill-facebook-opt-2-7b-chunk-512-sm-32.csv
facebook/opt-2.7b,512,gemm,q_proj,32,3,138.2399946451187,187872256,190493696,2621440,2621440,1024,2026-04-15T13:55:27Z,baseline_nvml_pt,nvidia-smi,ok,0.0,55.0,1695.0,8001.0,63.01,3.49183988571167,189.1689453125,189.1689453125,10.0,True,,100.0,43.24,93.6,estimated,,prefill-facebook-opt-2-7b-chunk-512-sm-32,success,,,/mnt/data/dheeraj/dicertation/inference-profile/runs/revised-rerun-20260415-145452-g5-opt27b-c512-1024/raw/points/prefill/prefill-facebook-opt-2-7b-chunk-512-sm-32.csv
facebook/opt-2.7b,512,gemm,k_proj,32,3,135.16800105571747,187872256,190493696,2621440,2621440,1024,2026-04-15T13:55:27Z,baseline_nvml_pt,nvidia-smi,ok,0.0,55.0,1695.0,8001.0,63.01,3.49183988571167,189.1689453125,189.1689453125,10.0,True,,100.0,43.24,93.6,estimated,,prefill-facebook-opt-2-7b-chunk-512-sm-32,success,,,/mnt/data/dheeraj/dicertation/inference-profile/runs/revised-rerun-20260415-145452-g5-opt27b-c512-1024/raw/points/prefill/prefill-facebook-opt-2-7b-chunk-512-sm-32.csv
facebook/opt-2.7b,512,gemm,v_proj,32,3,145.4080045223236,187872256,190493696,2621440,2621440,1024,2026-04-15T13:55:27Z,baseline_nvml_pt,nvidia-smi,ok,0.0,55.0,1695.0,8001.0,63.01,3.49183988571167,189.1689453125,189.1689453125,10.0,True,,100.0,43.24,93.6,estimated,,prefill-facebook-opt-2-7b-chunk-512-sm-32,success,,,/mnt/data/dheeraj/dicertation/inference-profile/runs/revised-rerun-20260415-145452-g5-opt27b-c512-1024/raw/points/prefill/prefill-facebook-opt-2-7b-chunk-512-sm-32.csv
facebook/opt-2.7b,512,gemm,out_proj,32,3,136.19199395179749,187872256,190493696,2621440,2621440,1024,2026-04-15T13:55:27Z,baseline_nvml_pt,nvidia-smi,ok,0.0,55.0,1695.0,8001.0,63.01,3.49183988571167,189.1689453125,189.1689453125,10.0,True,,100.0,43.24,93.6,estimated,,prefill-facebook-opt-2-7b-chunk-512-sm-32,success,,,/mnt/data/dheeraj/dicertation/inference-profile/runs/revised-rerun-20260415-145452-g5-opt27b-c512-1024/raw/points/prefill/prefill-facebook-opt-2-7b-chunk-512-sm-32.csv
facebook/opt-2.7b,512,gemm,fc1,32,3,368.6400055885315,187872256,198358016,10485760,10485760,1024,2026-04-15T13:55:27Z,baseline_nvml_pt,nvidia-smi,ok,0.0,55.0,1695.0,8001.0,63.01,3.49183988571167,189.1689453125,189.1689453125,10.0,True,,100.0,43.24,93.6,estimated,,prefill-facebook-opt-2-7b-chunk-512-sm-32,success,,,/mnt/data/dheeraj/dicertation/inference-profile/runs/revised-rerun-20260415-145452-g5-opt27b-c512-1024/raw/points/prefill/prefill-facebook-opt-2-7b-chunk-512-sm-32.csv
facebook/opt-2.7b,512,gemm,fc2,32,3,361.4720106124878,187872256,190493696,2621440,2621440,1024,2026-04-15T13:55:27Z,baseline_nvml_pt,nvidia-smi,ok,0.0,55.0,1695.0,8001.0,63.01,3.49183988571167,189.1689453125,189.1689453125,10.0,True,,100.0,43.24,93.6,estimated,,prefill-facebook-opt-2-7b-chunk-512-sm-32,success,,,/mnt/data/dheeraj/dicertation/inference-profile/runs/revised-rerun-20260415-145452-g5-opt27b-c512-1024/raw/points/prefill/prefill-facebook-opt-2-7b-chunk-512-sm-32.csv
facebook/opt-2.7b,512,attention,attention,32,3,99.32799637317657,187872256,190560256,2688000,2621440,1024,2026-04-15T13:55:27Z,baseline_nvml_pt,nvidia-smi,ok,0.0,55.0,1695.0,8001.0,63.01,3.49183988571167,189.1689453125,189.1689453125,10.0,True,,100.0,43.24,93.6,estimated,,prefill-facebook-opt-2-7b-chunk-512-sm-32,success,,,/mnt/data/dheeraj/dicertation/inference-profile/runs/revised-rerun-20260415-145452-g5-opt27b-c512-1024/raw/points/prefill/prefill-facebook-opt-2-7b-chunk-512-sm-32.csv
facebook/opt-2.7b,512,gemm,q_proj,32,4,138.2399946451187,187872256,190493696,2621440,2621440,1024,2026-04-15T13:55:27Z,baseline_nvml_pt,nvidia-smi,ok,0.0,55.0,1695.0,8001.0,63.01,3.49183988571167,189.1689453125,189.1689453125,10.0,True,,100.0,43.24,93.6,estimated,,prefill-facebook-opt-2-7b-chunk-512-sm-32,success,,,/mnt/data/dheeraj/dicertation/inference-profile/runs/revised-rerun-20260415-145452-g5-opt27b-c512-1024/raw/points/prefill/prefill-facebook-opt-2-7b-chunk-512-sm-32.csv
facebook/opt-2.7b,512,gemm,k_proj,32,4,135.903999209404,187872256,190493696,2621440,2621440,1024,2026-04-15T13:55:27Z,baseline_nvml_pt,nvidia-smi,ok,0.0,55.0,1695.0,8001.0,63.01,3.49183988571167,189.1689453125,189.1689453125,10.0,True,,100.0,43.24,93.6,estimated,,prefill-facebook-opt-2-7b-chunk-512-sm-32,success,,,/mnt/data/dheeraj/dicertation/inference-profile/runs/revised-rerun-20260415-145452-g5-opt27b-c512-1024/raw/points/prefill/prefill-facebook-opt-2-7b-chunk-512-sm-32.csv
facebook/opt-2.7b,512,gemm,v_proj,32,4,135.16800105571747,187872256,190493696,2621440,2621440,1024,2026-04-15T13:55:27Z,baseline_nvml_pt,nvidia-smi,ok,0.0,55.0,1695.0,8001.0,63.01,3.49183988571167,189.1689453125,189.1689453125,10.0,True,,100.0,43.24,93.6,estimated,,prefill-facebook-opt-2-7b-chunk-512-sm-32,success,,,/mnt/data/dheeraj/dicertation/inference-profile/runs/revised-rerun-20260415-145452-g5-opt27b-c512-1024/raw/points/prefill/prefill-facebook-opt-2-7b-chunk-512-sm-32.csv
facebook/opt-2.7b,512,gemm,out_proj,32,4,132.09599256515503,187872256,190493696,2621440,2621440,1024,2026-04-15T13:55:27Z,baseline_nvml_pt,nvidia-smi,ok,0.0,55.0,1695.0,8001.0,63.01,3.49183988571167,189.1689453125,189.1689453125,10.0,True,,100.0,43.24,93.6,estimated,,prefill-facebook-opt-2-7b-chunk-512-sm-32,success,,,/mnt/data/dheeraj/dicertation/inference-profile/runs/revised-rerun-20260415-145452-g5-opt27b-c512-1024/raw/points/prefill/prefill-facebook-opt-2-7b-chunk-512-sm-32.csv
facebook/opt-2.7b,512,gemm,fc1,32,4,366.5280044078827,187872256,198358016,10485760,10485760,1024,2026-04-15T13:55:27Z,baseline_nvml_pt,nvidia-smi,ok,0.0,55.0,1695.0,8001.0,63.01,3.49183988571167,189.1689453125,189.1689453125,10.0,True,,100.0,43.24,93.6,estimated,,prefill-facebook-opt-2-7b-chunk-512-sm-32,success,,,/mnt/data/dheeraj/dicertation/inference-profile/runs/revised-rerun-20260415-145452-g5-opt27b-c512-1024/raw/points/prefill/prefill-facebook-opt-2-7b-chunk-512-sm-32.csv
facebook/opt-2.7b,512,gemm,fc2,32,4,352.25600004196167,187872256,190493696,2621440,2621440,1024,2026-04-15T13:55:27Z,baseline_nvml_pt,nvidia-smi,ok,0.0,55.0,1695.0,8001.0,63.01,3.49183988571167,189.1689453125,189.1689453125,10.0,True,,100.0,43.24,93.6,estimated,,prefill-facebook-opt-2-7b-chunk-512-sm-32,success,,,/mnt/data/dheeraj/dicertation/inference-profile/runs/revised-rerun-20260415-145452-g5-opt27b-c512-1024/raw/points/prefill/prefill-facebook-opt-2-7b-chunk-512-sm-32.csv
facebook/opt-2.7b,512,attention,attention,32,4,95.20000219345093,187872256,190560256,2688000,2621440,1024,2026-04-15T13:55:27Z,baseline_nvml_pt,nvidia-smi,ok,0.0,55.0,1695.0,8001.0,63.01,3.49183988571167,189.1689453125,189.1689453125,10.0,True,,100.0,43.24,93.6,estimated,,prefill-facebook-opt-2-7b-chunk-512-sm-32,success,,,/mnt/data/dheeraj/dicertation/inference-profile/runs/revised-rerun-20260415-145452-g5-opt27b-c512-1024/raw/points/prefill/prefill-facebook-opt-2-7b-chunk-512-sm-32.csv
facebook/opt-2.7b,1024,gemm,q_proj,8,0,257.02399015426636,208843776,214086656,5242880,5242880,1024,2026-04-15T13:55:34Z,baseline_nvml_pt,nvidia-smi,ok,7.0,55.0,1695.0,8001.0,64.66,0.6837760210037231,219.1689453125,219.1689453125,20.0,True,,86.9,55.00000000000001,72.89999999999999,estimated,,prefill-facebook-opt-2-7b-chunk-1024-sm-8,success,,,/mnt/data/dheeraj/dicertation/inference-profile/runs/revised-rerun-20260415-145452-g5-opt27b-c512-1024/raw/points/prefill/prefill-facebook-opt-2-7b-chunk-1024-sm-8.csv
facebook/opt-2.7b,1024,gemm,k_proj,8,0,238.5919988155365,208843776,214086656,5242880,5242880,1024,2026-04-15T13:55:34Z,baseline_nvml_pt,nvidia-smi,ok,7.0,55.0,1695.0,8001.0,64.66,0.6837760210037231,219.1689453125,219.1689453125,20.0,True,,86.9,55.00000000000001,72.89999999999999,estimated,,prefill-facebook-opt-2-7b-chunk-1024-sm-8,success,,,/mnt/data/dheeraj/dicertation/inference-profile/runs/revised-rerun-20260415-145452-g5-opt27b-c512-1024/raw/points/prefill/prefill-facebook-opt-2-7b-chunk-1024-sm-8.csv
facebook/opt-2.7b,1024,gemm,v_proj,8,0,231.3919961452484,208843776,214086656,5242880,5242880,1024,2026-04-15T13:55:34Z,baseline_nvml_pt,nvidia-smi,ok,7.0,55.0,1695.0,8001.0,64.66,0.6837760210037231,219.1689453125,219.1689453125,20.0,True,,86.9,55.00000000000001,72.89999999999999,estimated,,prefill-facebook-opt-2-7b-chunk-1024-sm-8,success,,,/mnt/data/dheeraj/dicertation/inference-profile/runs/revised-rerun-20260415-145452-g5-opt27b-c512-1024/raw/points/prefill/prefill-facebook-opt-2-7b-chunk-1024-sm-8.csv
facebook/opt-2.7b,1024,gemm,out_proj,8,0,226.30399465560913,208843776,214086656,5242880,5242880,1024,2026-04-15T13:55:34Z,baseline_nvml_pt,nvidia-smi,ok,7.0,55.0,1695.0,8001.0,64.66,0.6837760210037231,219.1689453125,219.1689453125,20.0,True,,86.9,55.00000000000001,72.89999999999999,estimated,,prefill-facebook-opt-2-7b-chunk-1024-sm-8,success,,,/mnt/data/dheeraj/dicertation/inference-profile/runs/revised-rerun-20260415-145452-g5-opt27b-c512-1024/raw/points/prefill/prefill-facebook-opt-2-7b-chunk-1024-sm-8.csv
facebook/opt-2.7b,1024,gemm,fc1,8,0,661.5039706230164,208843776,229815296,20971520,20971520,1024,2026-04-15T13:55:34Z,baseline_nvml_pt,nvidia-smi,ok,7.0,55.0,1695.0,8001.0,64.66,0.6837760210037231,219.1689453125,219.1689453125,20.0,True,,86.9,55.00000000000001,72.89999999999999,estimated,,prefill-facebook-opt-2-7b-chunk-1024-sm-8,success,,,/mnt/data/dheeraj/dicertation/inference-profile/runs/revised-rerun-20260415-145452-g5-opt27b-c512-1024/raw/points/prefill/prefill-facebook-opt-2-7b-chunk-1024-sm-8.csv
facebook/opt-2.7b,1024,gemm,fc2,8,0,683.7760210037231,208843776,214086656,5242880,5242880,1024,2026-04-15T13:55:34Z,baseline_nvml_pt,nvidia-smi,ok,7.0,55.0,1695.0,8001.0,64.66,0.6837760210037231,219.1689453125,219.1689453125,20.0,True,,86.9,55.00000000000001,72.89999999999999,estimated,,prefill-facebook-opt-2-7b-chunk-1024-sm-8,success,,,/mnt/data/dheeraj/dicertation/inference-profile/runs/revised-rerun-20260415-145452-g5-opt27b-c512-1024/raw/points/prefill/prefill-facebook-opt-2-7b-chunk-1024-sm-8.csv
facebook/opt-2.7b,1024,attention,attention,8,0,203.5519927740097,208843776,214218752,5374976,5242880,1024,2026-04-15T13:55:34Z,baseline_nvml_pt,nvidia-smi,ok,7.0,55.0,1695.0,8001.0,64.66,0.6837760210037231,219.1689453125,219.1689453125,20.0,True,,86.9,55.00000000000001,72.89999999999999,estimated,,prefill-facebook-opt-2-7b-chunk-1024-sm-8,success,,,/mnt/data/dheeraj/dicertation/inference-profile/runs/revised-rerun-20260415-145452-g5-opt27b-c512-1024/raw/points/prefill/prefill-facebook-opt-2-7b-chunk-1024-sm-8.csv
facebook/opt-2.7b,1024,gemm,q_proj,8,1,231.4240038394928,208843776,214086656,5242880,5242880,1024,2026-04-15T13:55:34Z,baseline_nvml_pt,nvidia-smi,ok,7.0,55.0,1695.0,8001.0,64.66,0.6837760210037231,219.1689453125,219.1689453125,20.0,True,,86.9,55.00000000000001,72.89999999999999,estimated,,prefill-facebook-opt-2-7b-chunk-1024-sm-8,success,,,/mnt/data/dheeraj/dicertation/inference-profile/runs/revised-rerun-20260415-145452-g5-opt27b-c512-1024/raw/points/prefill/prefill-facebook-opt-2-7b-chunk-1024-sm-8.csv
facebook/opt-2.7b,1024,gemm,k_proj,8,1,227.1679937839508,208843776,214086656,5242880,5242880,1024,2026-04-15T13:55:34Z,baseline_nvml_pt,nvidia-smi,ok,7.0,55.0,1695.0,8001.0,64.66,0.6837760210037231,219.1689453125,219.1689453125,20.0,True,,86.9,55.00000000000001,72.89999999999999,estimated,,prefill-facebook-opt-2-7b-chunk-1024-sm-8,success,,,/mnt/data/dheeraj/dicertation/inference-profile/runs/revised-rerun-20260415-145452-g5-opt27b-c512-1024/raw/points/prefill/prefill-facebook-opt-2-7b-chunk-1024-sm-8.csv
facebook/opt-2.7b,1024,gemm,v_proj,8,1,226.30399465560913,208843776,214086656,5242880,5242880,1024,2026-04-15T13:55:34Z,baseline_nvml_pt,nvidia-smi,ok,7.0,55.0,1695.0,8001.0,64.66,0.6837760210037231,219.1689453125,219.1689453125,20.0,True,,86.9,55.00000000000001,72.89999999999999,estimated,,prefill-facebook-opt-2-7b-chunk-1024-sm-8,success,,,/mnt/data/dheeraj/dicertation/inference-profile/runs/revised-rerun-20260415-145452-g5-opt27b-c512-1024/raw/points/prefill/prefill-facebook-opt-2-7b-chunk-1024-sm-8.csv
facebook/opt-2.7b,1024,gemm,out_proj,8,1,227.32800245285034,208843776,214086656,5242880,5242880,1024,2026-04-15T13:55:34Z,baseline_nvml_pt,nvidia-smi,ok,7.0,55.0,1695.0,8001.0,64.66,0.6837760210037231,219.1689453125,219.1689453125,20.0,True,,86.9,55.00000000000001,72.89999999999999,estimated,,prefill-facebook-opt-2-7b-chunk-1024-sm-8,success,,,/mnt/data/dheeraj/dicertation/inference-profile/runs/revised-rerun-20260415-145452-g5-opt27b-c512-1024/raw/points/prefill/prefill-facebook-opt-2-7b-chunk-1024-sm-8.csv
facebook/opt-2.7b,1024,gemm,fc1,8,1,652.1919965744019,208843776,229815296,20971520,20971520,1024,2026-04-15T13:55:34Z,baseline_nvml_pt,nvidia-smi,ok,7.0,55.0,1695.0,8001.0,64.66,0.6837760210037231,219.1689453125,219.1689453125,20.0,True,,86.9,55.00000000000001,72.89999999999999,estimated,,prefill-facebook-opt-2-7b-chunk-1024-sm-8,success,,,/mnt/data/dheeraj/dicertation/inference-profile/runs/revised-rerun-20260415-145452-g5-opt27b-c512-1024/raw/points/prefill/prefill-facebook-opt-2-7b-chunk-1024-sm-8.csv
facebook/opt-2.7b,1024,gemm,fc2,8,1,679.9359917640686,208843776,214086656,5242880,5242880,1024,2026-04-15T13:55:34Z,baseline_nvml_pt,nvidia-smi,ok,7.0,55.0,1695.0,8001.0,64.66,0.6837760210037231,219.1689453125,219.1689453125,20.0,True,,86.9,55.00000000000001,72.89999999999999,estimated,,prefill-facebook-opt-2-7b-chunk-1024-sm-8,success,,,/mnt/data/dheeraj/dicertation/inference-profile/runs/revised-rerun-20260415-145452-g5-opt27b-c512-1024/raw/points/prefill/prefill-facebook-opt-2-7b-chunk-1024-sm-8.csv
facebook/opt-2.7b,1024,attention,attention,8,1,203.77600193023682,208843776,214218752,5374976,5242880,1024,2026-04-15T13:55:34Z,baseline_nvml_pt,nvidia-smi,ok,7.0,55.0,1695.0,8001.0,64.66,0.6837760210037231,219.1689453125,219.1689453125,20.0,True,,86.9,55.00000000000001,72.89999999999999,estimated,,prefill-facebook-opt-2-7b-chunk-1024-sm-8,success,,,/mnt/data/dheeraj/dicertation/inference-profile/runs/revised-rerun-20260415-145452-g5-opt27b-c512-1024/raw/points/prefill/prefill-facebook-opt-2-7b-chunk-1024-sm-8.csv
facebook/opt-2.7b,1024,gemm,q_proj,8,2,230.17600178718567,208843776,214086656,5242880,5242880,1024,2026-04-15T13:55:34Z,baseline_nvml_pt,nvidia-smi,ok,7.0,55.0,1695.0,8001.0,64.66,0.6837760210037231,219.1689453125,219.1689453125,20.0,True,,86.9,55.00000000000001,72.89999999999999,estimated,,prefill-facebook-opt-2-7b-chunk-1024-sm-8,success,,,/mnt/data/dheeraj/dicertation/inference-profile/runs/revised-rerun-20260415-145452-g5-opt27b-c512-1024/raw/points/prefill/prefill-facebook-opt-2-7b-chunk-1024-sm-8.csv
facebook/opt-2.7b,1024,gemm,k_proj,8,2,232.38399624824524,208843776,214086656,5242880,5242880,1024,2026-04-15T13:55:34Z,baseline_nvml_pt,nvidia-smi,ok,7.0,55.0,1695.0,8001.0,64.66,0.6837760210037231,219.1689453125,219.1689453125,20.0,True,,86.9,55.00000000000001,72.89999999999999,estimated,,prefill-facebook-opt-2-7b-chunk-1024-sm-8,success,,,/mnt/data/dheeraj/dicertation/inference-profile/runs/revised-rerun-20260415-145452-g5-opt27b-c512-1024/raw/points/prefill/prefill-facebook-opt-2-7b-chunk-1024-sm-8.csv
facebook/opt-2.7b,1024,gemm,v_proj,8,2,227.32800245285034,208843776,214086656,5242880,5242880,1024,2026-04-15T13:55:34Z,baseline_nvml_pt,nvidia-smi,ok,7.0,55.0,1695.0,8001.0,64.66,0.6837760210037231,219.1689453125,219.1689453125,20.0,True,,86.9,55.00000000000001,72.89999999999999,estimated,,prefill-facebook-opt-2-7b-chunk-1024-sm-8,success,,,/mnt/data/dheeraj/dicertation/inference-profile/runs/revised-rerun-20260415-145452-g5-opt27b-c512-1024/raw/points/prefill/prefill-facebook-opt-2-7b-chunk-1024-sm-8.csv
facebook/opt-2.7b,1024,gemm,out_proj,8,2,224.2559939622879,208843776,214086656,5242880,5242880,1024,2026-04-15T13:55:34Z,baseline_nvml_pt,nvidia-smi,ok,7.0,55.0,1695.0,8001.0,64.66,0.6837760210037231,219.1689453125,219.1689453125,20.0,True,,86.9,55.00000000000001,72.89999999999999,estimated,,prefill-facebook-opt-2-7b-chunk-1024-sm-8,success,,,/mnt/data/dheeraj/dicertation/inference-profile/runs/revised-rerun-20260415-145452-g5-opt27b-c512-1024/raw/points/prefill/prefill-facebook-opt-2-7b-chunk-1024-sm-8.csv
facebook/opt-2.7b,1024,gemm,fc1,8,2,660.2240204811096,208843776,229815296,20971520,20971520,1024,2026-04-15T13:55:34Z,baseline_nvml_pt,nvidia-smi,ok,7.0,55.0,1695.0,8001.0,64.66,0.6837760210037231,219.1689453125,219.1689453125,20.0,True,,86.9,55.00000000000001,72.89999999999999,estimated,,prefill-facebook-opt-2-7b-chunk-1024-sm-8,success,,,/mnt/data/dheeraj/dicertation/inference-profile/runs/revised-rerun-20260415-145452-g5-opt27b-c512-1024/raw/points/prefill/prefill-facebook-opt-2-7b-chunk-1024-sm-8.csv
facebook/opt-2.7b,1024,gemm,fc2,8,2,681.984007358551,208843776,214086656,5242880,5242880,1024,2026-04-15T13:55:34Z,baseline_nvml_pt,nvidia-smi,ok,7.0,55.0,1695.0,8001.0,64.66,0.6837760210037231,219.1689453125,219.1689453125,20.0,True,,86.9,55.00000000000001,72.89999999999999,estimated,,prefill-facebook-opt-2-7b-chunk-1024-sm-8,success,,,/mnt/data/dheeraj/dicertation/inference-profile/runs/revised-rerun-20260415-145452-g5-opt27b-c512-1024/raw/points/prefill/prefill-facebook-opt-2-7b-chunk-1024-sm-8.csv
facebook/opt-2.7b,1024,attention,attention,8,2,203.77600193023682,208843776,214218752,5374976,5242880,1024,2026-04-15T13:55:34Z,baseline_nvml_pt,nvidia-smi,ok,7.0,55.0,1695.0,8001.0,64.66,0.6837760210037231,219.1689453125,219.1689453125,20.0,True,,86.9,55.00000000000001,72.89999999999999,estimated,,prefill-facebook-opt-2-7b-chunk-1024-sm-8,success,,,/mnt/data/dheeraj/dicertation/inference-profile/runs/revised-rerun-20260415-145452-g5-opt27b-c512-1024/raw/points/prefill/prefill-facebook-opt-2-7b-chunk-1024-sm-8.csv
facebook/opt-2.7b,1024,gemm,q_proj,8,3,230.3999960422516,208843776,214086656,5242880,5242880,1024,2026-04-15T13:55:34Z,baseline_nvml_pt,nvidia-smi,ok,7.0,55.0,1695.0,8001.0,64.66,0.6837760210037231,219.1689453125,219.1689453125,20.0,True,,86.9,55.00000000000001,72.89999999999999,estimated,,prefill-facebook-opt-2-7b-chunk-1024-sm-8,success,,,/mnt/data/dheeraj/dicertation/inference-profile/runs/revised-rerun-20260415-145452-g5-opt27b-c512-1024/raw/points/prefill/prefill-facebook-opt-2-7b-chunk-1024-sm-8.csv
facebook/opt-2.7b,1024,gemm,k_proj,8,3,224.2559939622879,208843776,214086656,5242880,5242880,1024,2026-04-15T13:55:34Z,baseline_nvml_pt,nvidia-smi,ok,7.0,55.0,1695.0,8001.0,64.66,0.6837760210037231,219.1689453125,219.1689453125,20.0,True,,86.9,55.00000000000001,72.89999999999999,estimated,,prefill-facebook-opt-2-7b-chunk-1024-sm-8,success,,,/mnt/data/dheeraj/dicertation/inference-profile/runs/revised-rerun-20260415-145452-g5-opt27b-c512-1024/raw/points/prefill/prefill-facebook-opt-2-7b-chunk-1024-sm-8.csv
facebook/opt-2.7b,1024,gemm,v_proj,8,3,224.2559939622879,208843776,214086656,5242880,5242880,1024,2026-04-15T13:55:34Z,baseline_nvml_pt,nvidia-smi,ok,7.0,55.0,1695.0,8001.0,64.66,0.6837760210037231,219.1689453125,219.1689453125,20.0,True,,86.9,55.00000000000001,72.89999999999999,estimated,,prefill-facebook-opt-2-7b-chunk-1024-sm-8,success,,,/mnt/data/dheeraj/dicertation/inference-profile/runs/revised-rerun-20260415-145452-g5-opt27b-c512-1024/raw/points/prefill/prefill-facebook-opt-2-7b-chunk-1024-sm-8.csv
facebook/opt-2.7b,1024,gemm,out_proj,8,3,224.2559939622879,208843776,214086656,5242880,5242880,1024,2026-04-15T13:55:34Z,baseline_nvml_pt,nvidia-smi,ok,7.0,55.0,1695.0,8001.0,64.66,0.6837760210037231,219.1689453125,219.1689453125,20.0,True,,86.9,55.00000000000001,72.89999999999999,estimated,,prefill-facebook-opt-2-7b-chunk-1024-sm-8,success,,,/mnt/data/dheeraj/dicertation/inference-profile/runs/revised-rerun-20260415-145452-g5-opt27b-c512-1024/raw/points/prefill/prefill-facebook-opt-2-7b-chunk-1024-sm-8.csv
facebook/opt-2.7b,1024,gemm,fc1,8,3,649.2159962654114,208843776,229815296,20971520,20971520,1024,2026-04-15T13:55:34Z,baseline_nvml_pt,nvidia-smi,ok,7.0,55.0,1695.0,8001.0,64.66,0.6837760210037231,219.1689453125,219.1689453125,20.0,True,,86.9,55.00000000000001,72.89999999999999,estimated,,prefill-facebook-opt-2-7b-chunk-1024-sm-8,success,,,/mnt/data/dheeraj/dicertation/inference-profile/runs/revised-rerun-20260415-145452-g5-opt27b-c512-1024/raw/points/prefill/prefill-facebook-opt-2-7b-chunk-1024-sm-8.csv
facebook/opt-2.7b,1024,gemm,fc2,8,3,680.9599995613098,208843776,214086656,5242880,5242880,1024,2026-04-15T13:55:34Z,baseline_nvml_pt,nvidia-smi,ok,7.0,55.0,1695.0,8001.0,64.66,0.6837760210037231,219.1689453125,219.1689453125,20.0,True,,86.9,55.00000000000001,72.89999999999999,estimated,,prefill-facebook-opt-2-7b-chunk-1024-sm-8,success,,,/mnt/data/dheeraj/dicertation/inference-profile/runs/revised-rerun-20260415-145452-g5-opt27b-c512-1024/raw/points/prefill/prefill-facebook-opt-2-7b-chunk-1024-sm-8.csv
facebook/opt-2.7b,1024,attention,attention,8,3,206.84799551963806,208843776,214218752,5374976,5242880,1024,2026-04-15T13:55:34Z,baseline_nvml_pt,nvidia-smi,ok,7.0,55.0,1695.0,8001.0,64.66,0.6837760210037231,219.1689453125,219.1689453125,20.0,True,,86.9,55.00000000000001,72.89999999999999,estimated,,prefill-facebook-opt-2-7b-chunk-1024-sm-8,success,,,/mnt/data/dheeraj/dicertation/inference-profile/runs/revised-rerun-20260415-145452-g5-opt27b-c512-1024/raw/points/prefill/prefill-facebook-opt-2-7b-chunk-1024-sm-8.csv
facebook/opt-2.7b,1024,gemm,q_proj,8,4,228.35199534893036,208843776,214086656,5242880,5242880,1024,2026-04-15T13:55:34Z,baseline_nvml_pt,nvidia-smi,ok,7.0,55.0,1695.0,8001.0,64.66,0.6837760210037231,219.1689453125,219.1689453125,20.0,True,,86.9,55.00000000000001,72.89999999999999,estimated,,prefill-facebook-opt-2-7b-chunk-1024-sm-8,success,,,/mnt/data/dheeraj/dicertation/inference-profile/runs/revised-rerun-20260415-145452-g5-opt27b-c512-1024/raw/points/prefill/prefill-facebook-opt-2-7b-chunk-1024-sm-8.csv
facebook/opt-2.7b,1024,gemm,k_proj,8,4,224.2559939622879,208843776,214086656,5242880,5242880,1024,2026-04-15T13:55:34Z,baseline_nvml_pt,nvidia-smi,ok,7.0,55.0,1695.0,8001.0,64.66,0.6837760210037231,219.1689453125,219.1689453125,20.0,True,,86.9,55.00000000000001,72.89999999999999,estimated,,prefill-facebook-opt-2-7b-chunk-1024-sm-8,success,,,/mnt/data/dheeraj/dicertation/inference-profile/runs/revised-rerun-20260415-145452-g5-opt27b-c512-1024/raw/points/prefill/prefill-facebook-opt-2-7b-chunk-1024-sm-8.csv
facebook/opt-2.7b,1024,gemm,v_proj,8,4,225.2800017595291,208843776,214086656,5242880,5242880,1024,2026-04-15T13:55:34Z,baseline_nvml_pt,nvidia-smi,ok,7.0,55.0,1695.0,8001.0,64.66,0.6837760210037231,219.1689453125,219.1689453125,20.0,True,,86.9,55.00000000000001,72.89999999999999,estimated,,prefill-facebook-opt-2-7b-chunk-1024-sm-8,success,,,/mnt/data/dheeraj/dicertation/inference-profile/runs/revised-rerun-20260415-145452-g5-opt27b-c512-1024/raw/points/prefill/prefill-facebook-opt-2-7b-chunk-1024-sm-8.csv
facebook/opt-2.7b,1024,gemm,out_proj,8,4,222.20799326896667,208843776,214086656,5242880,5242880,1024,2026-04-15T13:55:34Z,baseline_nvml_pt,nvidia-smi,ok,7.0,55.0,1695.0,8001.0,64.66,0.6837760210037231,219.1689453125,219.1689453125,20.0,True,,86.9,55.00000000000001,72.89999999999999,estimated,,prefill-facebook-opt-2-7b-chunk-1024-sm-8,success,,,/mnt/data/dheeraj/dicertation/inference-profile/runs/revised-rerun-20260415-145452-g5-opt27b-c512-1024/raw/points/prefill/prefill-facebook-opt-2-7b-chunk-1024-sm-8.csv
facebook/opt-2.7b,1024,gemm,fc1,8,4,651.2640118598938,208843776,229815296,20971520,20971520,1024,2026-04-15T13:55:34Z,baseline_nvml_pt,nvidia-smi,ok,7.0,55.0,1695.0,8001.0,64.66,0.6837760210037231,219.1689453125,219.1689453125,20.0,True,,86.9,55.00000000000001,72.89999999999999,estimated,,prefill-facebook-opt-2-7b-chunk-1024-sm-8,success,,,/mnt/data/dheeraj/dicertation/inference-profile/runs/revised-rerun-20260415-145452-g5-opt27b-c512-1024/raw/points/prefill/prefill-facebook-opt-2-7b-chunk-1024-sm-8.csv
facebook/opt-2.7b,1024,gemm,fc2,8,4,680.7680130004883,208843776,214086656,5242880,5242880,1024,2026-04-15T13:55:34Z,baseline_nvml_pt,nvidia-smi,ok,7.0,55.0,1695.0,8001.0,64.66,0.6837760210037231,219.1689453125,219.1689453125,20.0,True,,86.9,55.00000000000001,72.89999999999999,estimated,,prefill-facebook-opt-2-7b-chunk-1024-sm-8,success,,,/mnt/data/dheeraj/dicertation/inference-profile/runs/revised-rerun-20260415-145452-g5-opt27b-c512-1024/raw/points/prefill/prefill-facebook-opt-2-7b-chunk-1024-sm-8.csv
facebook/opt-2.7b,1024,attention,attention,8,4,219.13599967956543,208843776,214218752,5374976,5242880,1024,2026-04-15T13:55:34Z,baseline_nvml_pt,nvidia-smi,ok,7.0,55.0,1695.0,8001.0,64.66,0.6837760210037231,219.1689453125,219.1689453125,20.0,True,,86.9,55.00000000000001,72.89999999999999,estimated,,prefill-facebook-opt-2-7b-chunk-1024-sm-8,success,,,/mnt/data/dheeraj/dicertation/inference-profile/runs/revised-rerun-20260415-145452-g5-opt27b-c512-1024/raw/points/prefill/prefill-facebook-opt-2-7b-chunk-1024-sm-8.csv
facebook/opt-2.7b,1024,gemm,q_proj,16,0,249.79199469089508,208843776,214086656,5242880,5242880,1024,2026-04-15T13:55:41Z,baseline_nvml_pt,nvidia-smi,ok,0.0,55.0,1695.0,7601.0,64.35,0.6993600130081177,219.1689453125,219.1689453125,20.0,True,,94.60000000000001,50.160000000000004,81.0,estimated,,prefill-facebook-opt-2-7b-chunk-1024-sm-16,success,,,/mnt/data/dheeraj/dicertation/inference-profile/runs/revised-rerun-20260415-145452-g5-opt27b-c512-1024/raw/points/prefill/prefill-facebook-opt-2-7b-chunk-1024-sm-16.csv
facebook/opt-2.7b,1024,gemm,k_proj,16,0,237.56800591945648,208843776,214086656,5242880,5242880,1024,2026-04-15T13:55:41Z,baseline_nvml_pt,nvidia-smi,ok,0.0,55.0,1695.0,7601.0,64.35,0.6993600130081177,219.1689453125,219.1689453125,20.0,True,,94.60000000000001,50.160000000000004,81.0,estimated,,prefill-facebook-opt-2-7b-chunk-1024-sm-16,success,,,/mnt/data/dheeraj/dicertation/inference-profile/runs/revised-rerun-20260415-145452-g5-opt27b-c512-1024/raw/points/prefill/prefill-facebook-opt-2-7b-chunk-1024-sm-16.csv
facebook/opt-2.7b,1024,gemm,v_proj,16,0,229.21599447727203,208843776,214086656,5242880,5242880,1024,2026-04-15T13:55:41Z,baseline_nvml_pt,nvidia-smi,ok,0.0,55.0,1695.0,7601.0,64.35,0.6993600130081177,219.1689453125,219.1689453125,20.0,True,,94.60000000000001,50.160000000000004,81.0,estimated,,prefill-facebook-opt-2-7b-chunk-1024-sm-16,success,,,/mnt/data/dheeraj/dicertation/inference-profile/runs/revised-rerun-20260415-145452-g5-opt27b-c512-1024/raw/points/prefill/prefill-facebook-opt-2-7b-chunk-1024-sm-16.csv
facebook/opt-2.7b,1024,gemm,out_proj,16,0,227.13600099086761,208843776,214086656,5242880,5242880,1024,2026-04-15T13:55:41Z,baseline_nvml_pt,nvidia-smi,ok,0.0,55.0,1695.0,7601.0,64.35,0.6993600130081177,219.1689453125,219.1689453125,20.0,True,,94.60000000000001,50.160000000000004,81.0,estimated,,prefill-facebook-opt-2-7b-chunk-1024-sm-16,success,,,/mnt/data/dheeraj/dicertation/inference-profile/runs/revised-rerun-20260415-145452-g5-opt27b-c512-1024/raw/points/prefill/prefill-facebook-opt-2-7b-chunk-1024-sm-16.csv
facebook/opt-2.7b,1024,gemm,fc1,16,0,654.3359756469727,208843776,229815296,20971520,20971520,1024,2026-04-15T13:55:41Z,baseline_nvml_pt,nvidia-smi,ok,0.0,55.0,1695.0,7601.0,64.35,0.6993600130081177,219.1689453125,219.1689453125,20.0,True,,94.60000000000001,50.160000000000004,81.0,estimated,,prefill-facebook-opt-2-7b-chunk-1024-sm-16,success,,,/mnt/data/dheeraj/dicertation/inference-profile/runs/revised-rerun-20260415-145452-g5-opt27b-c512-1024/raw/points/prefill/prefill-facebook-opt-2-7b-chunk-1024-sm-16.csv
facebook/opt-2.7b,1024,gemm,fc2,16,0,699.3600130081177,208843776,214086656,5242880,5242880,1024,2026-04-15T13:55:41Z,baseline_nvml_pt,nvidia-smi,ok,0.0,55.0,1695.0,7601.0,64.35,0.6993600130081177,219.1689453125,219.1689453125,20.0,True,,94.60000000000001,50.160000000000004,81.0,estimated,,prefill-facebook-opt-2-7b-chunk-1024-sm-16,success,,,/mnt/data/dheeraj/dicertation/inference-profile/runs/revised-rerun-20260415-145452-g5-opt27b-c512-1024/raw/points/prefill/prefill-facebook-opt-2-7b-chunk-1024-sm-16.csv
facebook/opt-2.7b,1024,attention,attention,16,0,205.82400262355804,208843776,214218752,5374976,5242880,1024,2026-04-15T13:55:41Z,baseline_nvml_pt,nvidia-smi,ok,0.0,55.0,1695.0,7601.0,64.35,0.6993600130081177,219.1689453125,219.1689453125,20.0,True,,94.60000000000001,50.160000000000004,81.0,estimated,,prefill-facebook-opt-2-7b-chunk-1024-sm-16,success,,,/mnt/data/dheeraj/dicertation/inference-profile/runs/revised-rerun-20260415-145452-g5-opt27b-c512-1024/raw/points/prefill/prefill-facebook-opt-2-7b-chunk-1024-sm-16.csv
facebook/opt-2.7b,1024,gemm,q_proj,16,1,232.44799673557281,208843776,214086656,5242880,5242880,1024,2026-04-15T13:55:41Z,baseline_nvml_pt,nvidia-smi,ok,0.0,55.0,1695.0,7601.0,64.35,0.6993600130081177,219.1689453125,219.1689453125,20.0,True,,94.60000000000001,50.160000000000004,81.0,estimated,,prefill-facebook-opt-2-7b-chunk-1024-sm-16,success,,,/mnt/data/dheeraj/dicertation/inference-profile/runs/revised-rerun-20260415-145452-g5-opt27b-c512-1024/raw/points/prefill/prefill-facebook-opt-2-7b-chunk-1024-sm-16.csv
facebook/opt-2.7b,1024,gemm,k_proj,16,1,229.37600314617157,208843776,214086656,5242880,5242880,1024,2026-04-15T13:55:41Z,baseline_nvml_pt,nvidia-smi,ok,0.0,55.0,1695.0,7601.0,64.35,0.6993600130081177,219.1689453125,219.1689453125,20.0,True,,94.60000000000001,50.160000000000004,81.0,estimated,,prefill-facebook-opt-2-7b-chunk-1024-sm-16,success,,,/mnt/data/dheeraj/dicertation/inference-profile/runs/revised-rerun-20260415-145452-g5-opt27b-c512-1024/raw/points/prefill/prefill-facebook-opt-2-7b-chunk-1024-sm-16.csv
facebook/opt-2.7b,1024,gemm,v_proj,16,1,236.54399812221527,208843776,214086656,5242880,5242880,1024,2026-04-15T13:55:41Z,baseline_nvml_pt,nvidia-smi,ok,0.0,55.0,1695.0,7601.0,64.35,0.6993600130081177,219.1689453125,219.1689453125,20.0,True,,94.60000000000001,50.160000000000004,81.0,estimated,,prefill-facebook-opt-2-7b-chunk-1024-sm-16,success,,,/mnt/data/dheeraj/dicertation/inference-profile/runs/revised-rerun-20260415-145452-g5-opt27b-c512-1024/raw/points/prefill/prefill-facebook-opt-2-7b-chunk-1024-sm-16.csv
facebook/opt-2.7b,1024,gemm,out_proj,16,1,244.7039932012558,208843776,214086656,5242880,5242880,1024,2026-04-15T13:55:41Z,baseline_nvml_pt,nvidia-smi,ok,0.0,55.0,1695.0,7601.0,64.35,0.6993600130081177,219.1689453125,219.1689453125,20.0,True,,94.60000000000001,50.160000000000004,81.0,estimated,,prefill-facebook-opt-2-7b-chunk-1024-sm-16,success,,,/mnt/data/dheeraj/dicertation/inference-profile/runs/revised-rerun-20260415-145452-g5-opt27b-c512-1024/raw/points/prefill/prefill-facebook-opt-2-7b-chunk-1024-sm-16.csv
facebook/opt-2.7b,1024,gemm,fc1,16,1,649.2159962654114,208843776,229815296,20971520,20971520,1024,2026-04-15T13:55:41Z,baseline_nvml_pt,nvidia-smi,ok,0.0,55.0,1695.0,7601.0,64.35,0.6993600130081177,219.1689453125,219.1689453125,20.0,True,,94.60000000000001,50.160000000000004,81.0,estimated,,prefill-facebook-opt-2-7b-chunk-1024-sm-16,success,,,/mnt/data/dheeraj/dicertation/inference-profile/runs/revised-rerun-20260415-145452-g5-opt27b-c512-1024/raw/points/prefill/prefill-facebook-opt-2-7b-chunk-1024-sm-16.csv
facebook/opt-2.7b,1024,gemm,fc2,16,1,683.0080151557922,208843776,214086656,5242880,5242880,1024,2026-04-15T13:55:41Z,baseline_nvml_pt,nvidia-smi,ok,0.0,55.0,1695.0,7601.0,64.35,0.6993600130081177,219.1689453125,219.1689453125,20.0,True,,94.60000000000001,50.160000000000004,81.0,estimated,,prefill-facebook-opt-2-7b-chunk-1024-sm-16,success,,,/mnt/data/dheeraj/dicertation/inference-profile/runs/revised-rerun-20260415-145452-g5-opt27b-c512-1024/raw/points/prefill/prefill-facebook-opt-2-7b-chunk-1024-sm-16.csv
facebook/opt-2.7b,1024,attention,attention,16,1,204.0639966726303,208843776,214218752,5374976,5242880,1024,2026-04-15T13:55:41Z,baseline_nvml_pt,nvidia-smi,ok,0.0,55.0,1695.0,7601.0,64.35,0.6993600130081177,219.1689453125,219.1689453125,20.0,True,,94.60000000000001,50.160000000000004,81.0,estimated,,prefill-facebook-opt-2-7b-chunk-1024-sm-16,success,,,/mnt/data/dheeraj/dicertation/inference-profile/runs/revised-rerun-20260415-145452-g5-opt27b-c512-1024/raw/points/prefill/prefill-facebook-opt-2-7b-chunk-1024-sm-16.csv
facebook/opt-2.7b,1024,gemm,q_proj,16,2,232.1919947862625,208843776,214086656,5242880,5242880,1024,2026-04-15T13:55:41Z,baseline_nvml_pt,nvidia-smi,ok,0.0,55.0,1695.0,7601.0,64.35,0.6993600130081177,219.1689453125,219.1689453125,20.0,True,,94.60000000000001,50.160000000000004,81.0,estimated,,prefill-facebook-opt-2-7b-chunk-1024-sm-16,success,,,/mnt/data/dheeraj/dicertation/inference-profile/runs/revised-rerun-20260415-145452-g5-opt27b-c512-1024/raw/points/prefill/prefill-facebook-opt-2-7b-chunk-1024-sm-16.csv
facebook/opt-2.7b,1024,gemm,k_proj,16,2,232.44799673557281,208843776,214086656,5242880,5242880,1024,2026-04-15T13:55:41Z,baseline_nvml_pt,nvidia-smi,ok,0.0,55.0,1695.0,7601.0,64.35,0.6993600130081177,219.1689453125,219.1689453125,20.0,True,,94.60000000000001,50.160000000000004,81.0,estimated,,prefill-facebook-opt-2-7b-chunk-1024-sm-16,success,,,/mnt/data/dheeraj/dicertation/inference-profile/runs/revised-rerun-20260415-145452-g5-opt27b-c512-1024/raw/points/prefill/prefill-facebook-opt-2-7b-chunk-1024-sm-16.csv
facebook/opt-2.7b,1024,gemm,v_proj,16,2,229.37600314617157,208843776,214086656,5242880,5242880,1024,2026-04-15T13:55:41Z,baseline_nvml_pt,nvidia-smi,ok,0.0,55.0,1695.0,7601.0,64.35,0.6993600130081177,219.1689453125,219.1689453125,20.0,True,,94.60000000000001,50.160000000000004,81.0,estimated,,prefill-facebook-opt-2-7b-chunk-1024-sm-16,success,,,/mnt/data/dheeraj/dicertation/inference-profile/runs/revised-rerun-20260415-145452-g5-opt27b-c512-1024/raw/points/prefill/prefill-facebook-opt-2-7b-chunk-1024-sm-16.csv
facebook/opt-2.7b,1024,gemm,out_proj,16,2,227.32800245285034,208843776,214086656,5242880,5242880,1024,2026-04-15T13:55:41Z,baseline_nvml_pt,nvidia-smi,ok,0.0,55.0,1695.0,7601.0,64.35,0.6993600130081177,219.1689453125,219.1689453125,20.0,True,,94.60000000000001,50.160000000000004,81.0,estimated,,prefill-facebook-opt-2-7b-chunk-1024-sm-16,success,,,/mnt/data/dheeraj/dicertation/inference-profile/runs/revised-rerun-20260415-145452-g5-opt27b-c512-1024/raw/points/prefill/prefill-facebook-opt-2-7b-chunk-1024-sm-16.csv
facebook/opt-2.7b,1024,gemm,fc1,16,2,658.4320068359375,208843776,229815296,20971520,20971520,1024,2026-04-15T13:55:41Z,baseline_nvml_pt,nvidia-smi,ok,0.0,55.0,1695.0,7601.0,64.35,0.6993600130081177,219.1689453125,219.1689453125,20.0,True,,94.60000000000001,50.160000000000004,81.0,estimated,,prefill-facebook-opt-2-7b-chunk-1024-sm-16,success,,,/mnt/data/dheeraj/dicertation/inference-profile/runs/revised-rerun-20260415-145452-g5-opt27b-c512-1024/raw/points/prefill/prefill-facebook-opt-2-7b-chunk-1024-sm-16.csv
facebook/opt-2.7b,1024,gemm,fc2,16,2,681.984007358551,208843776,214086656,5242880,5242880,1024,2026-04-15T13:55:41Z,baseline_nvml_pt,nvidia-smi,ok,0.0,55.0,1695.0,7601.0,64.35,0.6993600130081177,219.1689453125,219.1689453125,20.0,True,,94.60000000000001,50.160000000000004,81.0,estimated,,prefill-facebook-opt-2-7b-chunk-1024-sm-16,success,,,/mnt/data/dheeraj/dicertation/inference-profile/runs/revised-rerun-20260415-145452-g5-opt27b-c512-1024/raw/points/prefill/prefill-facebook-opt-2-7b-chunk-1024-sm-16.csv
facebook/opt-2.7b,1024,attention,attention,16,2,202.7519941329956,208843776,214218752,5374976,5242880,1024,2026-04-15T13:55:41Z,baseline_nvml_pt,nvidia-smi,ok,0.0,55.0,1695.0,7601.0,64.35,0.6993600130081177,219.1689453125,219.1689453125,20.0,True,,94.60000000000001,50.160000000000004,81.0,estimated,,prefill-facebook-opt-2-7b-chunk-1024-sm-16,success,,,/mnt/data/dheeraj/dicertation/inference-profile/runs/revised-rerun-20260415-145452-g5-opt27b-c512-1024/raw/points/prefill/prefill-facebook-opt-2-7b-chunk-1024-sm-16.csv
facebook/opt-2.7b,1024,gemm,q_proj,16,3,229.34399545192719,208843776,214086656,5242880,5242880,1024,2026-04-15T13:55:41Z,baseline_nvml_pt,nvidia-smi,ok,0.0,55.0,1695.0,7601.0,64.35,0.6993600130081177,219.1689453125,219.1689453125,20.0,True,,94.60000000000001,50.160000000000004,81.0,estimated,,prefill-facebook-opt-2-7b-chunk-1024-sm-16,success,,,/mnt/data/dheeraj/dicertation/inference-profile/runs/revised-rerun-20260415-145452-g5-opt27b-c512-1024/raw/points/prefill/prefill-facebook-opt-2-7b-chunk-1024-sm-16.csv
facebook/opt-2.7b,1024,gemm,k_proj,16,3,243.71199309825897,208843776,214086656,5242880,5242880,1024,2026-04-15T13:55:41Z,baseline_nvml_pt,nvidia-smi,ok,0.0,55.0,1695.0,7601.0,64.35,0.6993600130081177,219.1689453125,219.1689453125,20.0,True,,94.60000000000001,50.160000000000004,81.0,estimated,,prefill-facebook-opt-2-7b-chunk-1024-sm-16,success,,,/mnt/data/dheeraj/dicertation/inference-profile/runs/revised-rerun-20260415-145452-g5-opt27b-c512-1024/raw/points/prefill/prefill-facebook-opt-2-7b-chunk-1024-sm-16.csv
facebook/opt-2.7b,1024,gemm,v_proj,16,3,228.35199534893036,208843776,214086656,5242880,5242880,1024,2026-04-15T13:55:41Z,baseline_nvml_pt,nvidia-smi,ok,0.0,55.0,1695.0,7601.0,64.35,0.6993600130081177,219.1689453125,219.1689453125,20.0,True,,94.60000000000001,50.160000000000004,81.0,estimated,,prefill-facebook-opt-2-7b-chunk-1024-sm-16,success,,,/mnt/data/dheeraj/dicertation/inference-profile/runs/revised-rerun-20260415-145452-g5-opt27b-c512-1024/raw/points/prefill/prefill-facebook-opt-2-7b-chunk-1024-sm-16.csv
facebook/opt-2.7b,1024,gemm,out_proj,16,3,224.2559939622879,208843776,214086656,5242880,5242880,1024,2026-04-15T13:55:41Z,baseline_nvml_pt,nvidia-smi,ok,0.0,55.0,1695.0,7601.0,64.35,0.6993600130081177,219.1689453125,219.1689453125,20.0,True,,94.60000000000001,50.160000000000004,81.0,estimated,,prefill-facebook-opt-2-7b-chunk-1024-sm-16,success,,,/mnt/data/dheeraj/dicertation/inference-profile/runs/revised-rerun-20260415-145452-g5-opt27b-c512-1024/raw/points/prefill/prefill-facebook-opt-2-7b-chunk-1024-sm-16.csv
facebook/opt-2.7b,1024,gemm,fc1,16,3,651.2640118598938,208843776,229815296,20971520,20971520,1024,2026-04-15T13:55:41Z,baseline_nvml_pt,nvidia-smi,ok,0.0,55.0,1695.0,7601.0,64.35,0.6993600130081177,219.1689453125,219.1689453125,20.0,True,,94.60000000000001,50.160000000000004,81.0,estimated,,prefill-facebook-opt-2-7b-chunk-1024-sm-16,success,,,/mnt/data/dheeraj/dicertation/inference-profile/runs/revised-rerun-20260415-145452-g5-opt27b-c512-1024/raw/points/prefill/prefill-facebook-opt-2-7b-chunk-1024-sm-16.csv
facebook/opt-2.7b,1024,gemm,fc2,16,3,685.0559711456299,208843776,214086656,5242880,5242880,1024,2026-04-15T13:55:41Z,baseline_nvml_pt,nvidia-smi,ok,0.0,55.0,1695.0,7601.0,64.35,0.6993600130081177,219.1689453125,219.1689453125,20.0,True,,94.60000000000001,50.160000000000004,81.0,estimated,,prefill-facebook-opt-2-7b-chunk-1024-sm-16,success,,,/mnt/data/dheeraj/dicertation/inference-profile/runs/revised-rerun-20260415-145452-g5-opt27b-c512-1024/raw/points/prefill/prefill-facebook-opt-2-7b-chunk-1024-sm-16.csv
facebook/opt-2.7b,1024,attention,attention,16,3,202.7519941329956,208843776,214218752,5374976,5242880,1024,2026-04-15T13:55:41Z,baseline_nvml_pt,nvidia-smi,ok,0.0,55.0,1695.0,7601.0,64.35,0.6993600130081177,219.1689453125,219.1689453125,20.0,True,,94.60000000000001,50.160000000000004,81.0,estimated,,prefill-facebook-opt-2-7b-chunk-1024-sm-16,success,,,/mnt/data/dheeraj/dicertation/inference-profile/runs/revised-rerun-20260415-145452-g5-opt27b-c512-1024/raw/points/prefill/prefill-facebook-opt-2-7b-chunk-1024-sm-16.csv
facebook/opt-2.7b,1024,gemm,q_proj,16,4,229.37600314617157,208843776,214086656,5242880,5242880,1024,2026-04-15T13:55:41Z,baseline_nvml_pt,nvidia-smi,ok,0.0,55.0,1695.0,7601.0,64.35,0.6993600130081177,219.1689453125,219.1689453125,20.0,True,,94.60000000000001,50.160000000000004,81.0,estimated,,prefill-facebook-opt-2-7b-chunk-1024-sm-16,success,,,/mnt/data/dheeraj/dicertation/inference-profile/runs/revised-rerun-20260415-145452-g5-opt27b-c512-1024/raw/points/prefill/prefill-facebook-opt-2-7b-chunk-1024-sm-16.csv
facebook/opt-2.7b,1024,gemm,k_proj,16,4,228.12800109386444,208843776,214086656,5242880,5242880,1024,2026-04-15T13:55:41Z,baseline_nvml_pt,nvidia-smi,ok,0.0,55.0,1695.0,7601.0,64.35,0.6993600130081177,219.1689453125,219.1689453125,20.0,True,,94.60000000000001,50.160000000000004,81.0,estimated,,prefill-facebook-opt-2-7b-chunk-1024-sm-16,success,,,/mnt/data/dheeraj/dicertation/inference-profile/runs/revised-rerun-20260415-145452-g5-opt27b-c512-1024/raw/points/prefill/prefill-facebook-opt-2-7b-chunk-1024-sm-16.csv
facebook/opt-2.7b,1024,gemm,v_proj,16,4,235.52000522613525,208843776,214086656,5242880,5242880,1024,2026-04-15T13:55:41Z,baseline_nvml_pt,nvidia-smi,ok,0.0,55.0,1695.0,7601.0,64.35,0.6993600130081177,219.1689453125,219.1689453125,20.0,True,,94.60000000000001,50.160000000000004,81.0,estimated,,prefill-facebook-opt-2-7b-chunk-1024-sm-16,success,,,/mnt/data/dheeraj/dicertation/inference-profile/runs/revised-rerun-20260415-145452-g5-opt27b-c512-1024/raw/points/prefill/prefill-facebook-opt-2-7b-chunk-1024-sm-16.csv
facebook/opt-2.7b,1024,gemm,out_proj,16,4,224.2559939622879,208843776,214086656,5242880,5242880,1024,2026-04-15T13:55:41Z,baseline_nvml_pt,nvidia-smi,ok,0.0,55.0,1695.0,7601.0,64.35,0.6993600130081177,219.1689453125,219.1689453125,20.0,True,,94.60000000000001,50.160000000000004,81.0,estimated,,prefill-facebook-opt-2-7b-chunk-1024-sm-16,success,,,/mnt/data/dheeraj/dicertation/inference-profile/runs/revised-rerun-20260415-145452-g5-opt27b-c512-1024/raw/points/prefill/prefill-facebook-opt-2-7b-chunk-1024-sm-16.csv
facebook/opt-2.7b,1024,gemm,fc1,16,4,648.1919884681702,208843776,229815296,20971520,20971520,1024,2026-04-15T13:55:41Z,baseline_nvml_pt,nvidia-smi,ok,0.0,55.0,1695.0,7601.0,64.35,0.6993600130081177,219.1689453125,219.1689453125,20.0,True,,94.60000000000001,50.160000000000004,81.0,estimated,,prefill-facebook-opt-2-7b-chunk-1024-sm-16,success,,,/mnt/data/dheeraj/dicertation/inference-profile/runs/revised-rerun-20260415-145452-g5-opt27b-c512-1024/raw/points/prefill/prefill-facebook-opt-2-7b-chunk-1024-sm-16.csv
facebook/opt-2.7b,1024,gemm,fc2,16,4,678.9119839668274,208843776,214086656,5242880,5242880,1024,2026-04-15T13:55:41Z,baseline_nvml_pt,nvidia-smi,ok,0.0,55.0,1695.0,7601.0,64.35,0.6993600130081177,219.1689453125,219.1689453125,20.0,True,,94.60000000000001,50.160000000000004,81.0,estimated,,prefill-facebook-opt-2-7b-chunk-1024-sm-16,success,,,/mnt/data/dheeraj/dicertation/inference-profile/runs/revised-rerun-20260415-145452-g5-opt27b-c512-1024/raw/points/prefill/prefill-facebook-opt-2-7b-chunk-1024-sm-16.csv
facebook/opt-2.7b,1024,attention,attention,16,4,202.4639993906021,208843776,214218752,5374976,5242880,1024,2026-04-15T13:55:41Z,baseline_nvml_pt,nvidia-smi,ok,0.0,55.0,1695.0,7601.0,64.35,0.6993600130081177,219.1689453125,219.1689453125,20.0,True,,94.60000000000001,50.160000000000004,81.0,estimated,,prefill-facebook-opt-2-7b-chunk-1024-sm-16,success,,,/mnt/data/dheeraj/dicertation/inference-profile/runs/revised-rerun-20260415-145452-g5-opt27b-c512-1024/raw/points/prefill/prefill-facebook-opt-2-7b-chunk-1024-sm-16.csv
facebook/opt-2.7b,1024,gemm,q_proj,24,0,242.68800020217896,208843776,214086656,5242880,5242880,1024,2026-04-15T13:55:47Z,baseline_nvml_pt,nvidia-smi,ok,0.0,55.0,1695.0,7601.0,64.67,0.7331839799880981,219.1689453125,219.1689453125,20.0,True,,100.0,45.32,89.1,estimated,,prefill-facebook-opt-2-7b-chunk-1024-sm-24,success,,,/mnt/data/dheeraj/dicertation/inference-profile/runs/revised-rerun-20260415-145452-g5-opt27b-c512-1024/raw/points/prefill/prefill-facebook-opt-2-7b-chunk-1024-sm-24.csv
facebook/opt-2.7b,1024,gemm,k_proj,24,0,233.47200453281403,208843776,214086656,5242880,5242880,1024,2026-04-15T13:55:47Z,baseline_nvml_pt,nvidia-smi,ok,0.0,55.0,1695.0,7601.0,64.67,0.7331839799880981,219.1689453125,219.1689453125,20.0,True,,100.0,45.32,89.1,estimated,,prefill-facebook-opt-2-7b-chunk-1024-sm-24,success,,,/mnt/data/dheeraj/dicertation/inference-profile/runs/revised-rerun-20260415-145452-g5-opt27b-c512-1024/raw/points/prefill/prefill-facebook-opt-2-7b-chunk-1024-sm-24.csv
facebook/opt-2.7b,1024,gemm,v_proj,24,0,226.30399465560913,208843776,214086656,5242880,5242880,1024,2026-04-15T13:55:47Z,baseline_nvml_pt,nvidia-smi,ok,0.0,55.0,1695.0,7601.0,64.67,0.7331839799880981,219.1689453125,219.1689453125,20.0,True,,100.0,45.32,89.1,estimated,,prefill-facebook-opt-2-7b-chunk-1024-sm-24,success,,,/mnt/data/dheeraj/dicertation/inference-profile/runs/revised-rerun-20260415-145452-g5-opt27b-c512-1024/raw/points/prefill/prefill-facebook-opt-2-7b-chunk-1024-sm-24.csv
facebook/opt-2.7b,1024,gemm,out_proj,24,0,226.30399465560913,208843776,214086656,5242880,5242880,1024,2026-04-15T13:55:47Z,baseline_nvml_pt,nvidia-smi,ok,0.0,55.0,1695.0,7601.0,64.67,0.7331839799880981,219.1689453125,219.1689453125,20.0,True,,100.0,45.32,89.1,estimated,,prefill-facebook-opt-2-7b-chunk-1024-sm-24,success,,,/mnt/data/dheeraj/dicertation/inference-profile/runs/revised-rerun-20260415-145452-g5-opt27b-c512-1024/raw/points/prefill/prefill-facebook-opt-2-7b-chunk-1024-sm-24.csv
facebook/opt-2.7b,1024,gemm,fc1,24,0,654.2080044746399,208843776,229815296,20971520,20971520,1024,2026-04-15T13:55:47Z,baseline_nvml_pt,nvidia-smi,ok,0.0,55.0,1695.0,7601.0,64.67,0.7331839799880981,219.1689453125,219.1689453125,20.0,True,,100.0,45.32,89.1,estimated,,prefill-facebook-opt-2-7b-chunk-1024-sm-24,success,,,/mnt/data/dheeraj/dicertation/inference-profile/runs/revised-rerun-20260415-145452-g5-opt27b-c512-1024/raw/points/prefill/prefill-facebook-opt-2-7b-chunk-1024-sm-24.csv
facebook/opt-2.7b,1024,gemm,fc2,24,0,687.1039867401123,208843776,214086656,5242880,5242880,1024,2026-04-15T13:55:47Z,baseline_nvml_pt,nvidia-smi,ok,0.0,55.0,1695.0,7601.0,64.67,0.7331839799880981,219.1689453125,219.1689453125,20.0,True,,100.0,45.32,89.1,estimated,,prefill-facebook-opt-2-7b-chunk-1024-sm-24,success,,,/mnt/data/dheeraj/dicertation/inference-profile/runs/revised-rerun-20260415-145452-g5-opt27b-c512-1024/raw/points/prefill/prefill-facebook-opt-2-7b-chunk-1024-sm-24.csv
facebook/opt-2.7b,1024,attention,attention,24,0,203.5840004682541,208843776,214218752,5374976,5242880,1024,2026-04-15T13:55:47Z,baseline_nvml_pt,nvidia-smi,ok,0.0,55.0,1695.0,7601.0,64.67,0.7331839799880981,219.1689453125,219.1689453125,20.0,True,,100.0,45.32,89.1,estimated,,prefill-facebook-opt-2-7b-chunk-1024-sm-24,success,,,/mnt/data/dheeraj/dicertation/inference-profile/runs/revised-rerun-20260415-145452-g5-opt27b-c512-1024/raw/points/prefill/prefill-facebook-opt-2-7b-chunk-1024-sm-24.csv
facebook/opt-2.7b,1024,gemm,q_proj,24,1,230.3999960422516,208843776,214086656,5242880,5242880,1024,2026-04-15T13:55:47Z,baseline_nvml_pt,nvidia-smi,ok,0.0,55.0,1695.0,7601.0,64.67,0.7331839799880981,219.1689453125,219.1689453125,20.0,True,,100.0,45.32,89.1,estimated,,prefill-facebook-opt-2-7b-chunk-1024-sm-24,success,,,/mnt/data/dheeraj/dicertation/inference-profile/runs/revised-rerun-20260415-145452-g5-opt27b-c512-1024/raw/points/prefill/prefill-facebook-opt-2-7b-chunk-1024-sm-24.csv
facebook/opt-2.7b,1024,gemm,k_proj,24,1,225.11999309062958,208843776,214086656,5242880,5242880,1024,2026-04-15T13:55:47Z,baseline_nvml_pt,nvidia-smi,ok,0.0,55.0,1695.0,7601.0,64.67,0.7331839799880981,219.1689453125,219.1689453125,20.0,True,,100.0,45.32,89.1,estimated,,prefill-facebook-opt-2-7b-chunk-1024-sm-24,success,,,/mnt/data/dheeraj/dicertation/inference-profile/runs/revised-rerun-20260415-145452-g5-opt27b-c512-1024/raw/points/prefill/prefill-facebook-opt-2-7b-chunk-1024-sm-24.csv
facebook/opt-2.7b,1024,gemm,v_proj,24,1,224.12799298763275,208843776,214086656,5242880,5242880,1024,2026-04-15T13:55:47Z,baseline_nvml_pt,nvidia-smi,ok,0.0,55.0,1695.0,7601.0,64.67,0.7331839799880981,219.1689453125,219.1689453125,20.0,True,,100.0,45.32,89.1,estimated,,prefill-facebook-opt-2-7b-chunk-1024-sm-24,success,,,/mnt/data/dheeraj/dicertation/inference-profile/runs/revised-rerun-20260415-145452-g5-opt27b-c512-1024/raw/points/prefill/prefill-facebook-opt-2-7b-chunk-1024-sm-24.csv
facebook/opt-2.7b,1024,gemm,out_proj,24,1,225.21600127220154,208843776,214086656,5242880,5242880,1024,2026-04-15T13:55:47Z,baseline_nvml_pt,nvidia-smi,ok,0.0,55.0,1695.0,7601.0,64.67,0.7331839799880981,219.1689453125,219.1689453125,20.0,True,,100.0,45.32,89.1,estimated,,prefill-facebook-opt-2-7b-chunk-1024-sm-24,success,,,/mnt/data/dheeraj/dicertation/inference-profile/runs/revised-rerun-20260415-145452-g5-opt27b-c512-1024/raw/points/prefill/prefill-facebook-opt-2-7b-chunk-1024-sm-24.csv
facebook/opt-2.7b,1024,gemm,fc1,24,1,650.2400040626526,208843776,229815296,20971520,20971520,1024,2026-04-15T13:55:47Z,baseline_nvml_pt,nvidia-smi,ok,0.0,55.0,1695.0,7601.0,64.67,0.7331839799880981,219.1689453125,219.1689453125,20.0,True,,100.0,45.32,89.1,estimated,,prefill-facebook-opt-2-7b-chunk-1024-sm-24,success,,,/mnt/data/dheeraj/dicertation/inference-profile/runs/revised-rerun-20260415-145452-g5-opt27b-c512-1024/raw/points/prefill/prefill-facebook-opt-2-7b-chunk-1024-sm-24.csv
facebook/opt-2.7b,1024,gemm,fc2,24,1,681.984007358551,208843776,214086656,5242880,5242880,1024,2026-04-15T13:55:47Z,baseline_nvml_pt,nvidia-smi,ok,0.0,55.0,1695.0,7601.0,64.67,0.7331839799880981,219.1689453125,219.1689453125,20.0,True,,100.0,45.32,89.1,estimated,,prefill-facebook-opt-2-7b-chunk-1024-sm-24,success,,,/mnt/data/dheeraj/dicertation/inference-profile/runs/revised-rerun-20260415-145452-g5-opt27b-c512-1024/raw/points/prefill/prefill-facebook-opt-2-7b-chunk-1024-sm-24.csv
facebook/opt-2.7b,1024,attention,attention,24,1,200.80000162124634,208843776,214218752,5374976,5242880,1024,2026-04-15T13:55:47Z,baseline_nvml_pt,nvidia-smi,ok,0.0,55.0,1695.0,7601.0,64.67,0.7331839799880981,219.1689453125,219.1689453125,20.0,True,,100.0,45.32,89.1,estimated,,prefill-facebook-opt-2-7b-chunk-1024-sm-24,success,,,/mnt/data/dheeraj/dicertation/inference-profile/runs/revised-rerun-20260415-145452-g5-opt27b-c512-1024/raw/points/prefill/prefill-facebook-opt-2-7b-chunk-1024-sm-24.csv
facebook/opt-2.7b,1024,gemm,q_proj,24,2,229.37600314617157,208843776,214086656,5242880,5242880,1024,2026-04-15T13:55:47Z,baseline_nvml_pt,nvidia-smi,ok,0.0,55.0,1695.0,7601.0,64.67,0.7331839799880981,219.1689453125,219.1689453125,20.0,True,,100.0,45.32,89.1,estimated,,prefill-facebook-opt-2-7b-chunk-1024-sm-24,success,,,/mnt/data/dheeraj/dicertation/inference-profile/runs/revised-rerun-20260415-145452-g5-opt27b-c512-1024/raw/points/prefill/prefill-facebook-opt-2-7b-chunk-1024-sm-24.csv
facebook/opt-2.7b,1024,gemm,k_proj,24,2,237.63200640678406,208843776,214086656,5242880,5242880,1024,2026-04-15T13:55:47Z,baseline_nvml_pt,nvidia-smi,ok,0.0,55.0,1695.0,7601.0,64.67,0.7331839799880981,219.1689453125,219.1689453125,20.0,True,,100.0,45.32,89.1,estimated,,prefill-facebook-opt-2-7b-chunk-1024-sm-24,success,,,/mnt/data/dheeraj/dicertation/inference-profile/runs/revised-rerun-20260415-145452-g5-opt27b-c512-1024/raw/points/prefill/prefill-facebook-opt-2-7b-chunk-1024-sm-24.csv
facebook/opt-2.7b,1024,gemm,v_proj,24,2,224.2559939622879,208843776,214086656,5242880,5242880,1024,2026-04-15T13:55:47Z,baseline_nvml_pt,nvidia-smi,ok,0.0,55.0,1695.0,7601.0,64.67,0.7331839799880981,219.1689453125,219.1689453125,20.0,True,,100.0,45.32,89.1,estimated,,prefill-facebook-opt-2-7b-chunk-1024-sm-24,success,,,/mnt/data/dheeraj/dicertation/inference-profile/runs/revised-rerun-20260415-145452-g5-opt27b-c512-1024/raw/points/prefill/prefill-facebook-opt-2-7b-chunk-1024-sm-24.csv
facebook/opt-2.7b,1024,gemm,out_proj,24,2,224.2559939622879,208843776,214086656,5242880,5242880,1024,2026-04-15T13:55:47Z,baseline_nvml_pt,nvidia-smi,ok,0.0,55.0,1695.0,7601.0,64.67,0.7331839799880981,219.1689453125,219.1689453125,20.0,True,,100.0,45.32,89.1,estimated,,prefill-facebook-opt-2-7b-chunk-1024-sm-24,success,,,/mnt/data/dheeraj/dicertation/inference-profile/runs/revised-rerun-20260415-145452-g5-opt27b-c512-1024/raw/points/prefill/prefill-facebook-opt-2-7b-chunk-1024-sm-24.csv
facebook/opt-2.7b,1024,gemm,fc1,24,2,651.2640118598938,208843776,229815296,20971520,20971520,1024,2026-04-15T13:55:47Z,baseline_nvml_pt,nvidia-smi,ok,0.0,55.0,1695.0,7601.0,64.67,0.7331839799880981,219.1689453125,219.1689453125,20.0,True,,100.0,45.32,89.1,estimated,,prefill-facebook-opt-2-7b-chunk-1024-sm-24,success,,,/mnt/data/dheeraj/dicertation/inference-profile/runs/revised-rerun-20260415-145452-g5-opt27b-c512-1024/raw/points/prefill/prefill-facebook-opt-2-7b-chunk-1024-sm-24.csv
facebook/opt-2.7b,1024,gemm,fc2,24,2,679.9359917640686,208843776,214086656,5242880,5242880,1024,2026-04-15T13:55:47Z,baseline_nvml_pt,nvidia-smi,ok,0.0,55.0,1695.0,7601.0,64.67,0.7331839799880981,219.1689453125,219.1689453125,20.0,True,,100.0,45.32,89.1,estimated,,prefill-facebook-opt-2-7b-chunk-1024-sm-24,success,,,/mnt/data/dheeraj/dicertation/inference-profile/runs/revised-rerun-20260415-145452-g5-opt27b-c512-1024/raw/points/prefill/prefill-facebook-opt-2-7b-chunk-1024-sm-24.csv
facebook/opt-2.7b,1024,attention,attention,24,2,201.7280012369156,208843776,214218752,5374976,5242880,1024,2026-04-15T13:55:47Z,baseline_nvml_pt,nvidia-smi,ok,0.0,55.0,1695.0,7601.0,64.67,0.7331839799880981,219.1689453125,219.1689453125,20.0,True,,100.0,45.32,89.1,estimated,,prefill-facebook-opt-2-7b-chunk-1024-sm-24,success,,,/mnt/data/dheeraj/dicertation/inference-profile/runs/revised-rerun-20260415-145452-g5-opt27b-c512-1024/raw/points/prefill/prefill-facebook-opt-2-7b-chunk-1024-sm-24.csv
facebook/opt-2.7b,1024,gemm,q_proj,24,3,228.60799729824066,208843776,214086656,5242880,5242880,1024,2026-04-15T13:55:47Z,baseline_nvml_pt,nvidia-smi,ok,0.0,55.0,1695.0,7601.0,64.67,0.7331839799880981,219.1689453125,219.1689453125,20.0,True,,100.0,45.32,89.1,estimated,,prefill-facebook-opt-2-7b-chunk-1024-sm-24,success,,,/mnt/data/dheeraj/dicertation/inference-profile/runs/revised-rerun-20260415-145452-g5-opt27b-c512-1024/raw/points/prefill/prefill-facebook-opt-2-7b-chunk-1024-sm-24.csv
facebook/opt-2.7b,1024,gemm,k_proj,24,3,242.5280064344406,208843776,214086656,5242880,5242880,1024,2026-04-15T13:55:47Z,baseline_nvml_pt,nvidia-smi,ok,0.0,55.0,1695.0,7601.0,64.67,0.7331839799880981,219.1689453125,219.1689453125,20.0,True,,100.0,45.32,89.1,estimated,,prefill-facebook-opt-2-7b-chunk-1024-sm-24,success,,,/mnt/data/dheeraj/dicertation/inference-profile/runs/revised-rerun-20260415-145452-g5-opt27b-c512-1024/raw/points/prefill/prefill-facebook-opt-2-7b-chunk-1024-sm-24.csv
facebook/opt-2.7b,1024,gemm,v_proj,24,3,226.1119931936264,208843776,214086656,5242880,5242880,1024,2026-04-15T13:55:47Z,baseline_nvml_pt,nvidia-smi,ok,0.0,55.0,1695.0,7601.0,64.67,0.7331839799880981,219.1689453125,219.1689453125,20.0,True,,100.0,45.32,89.1,estimated,,prefill-facebook-opt-2-7b-chunk-1024-sm-24,success,,,/mnt/data/dheeraj/dicertation/inference-profile/runs/revised-rerun-20260415-145452-g5-opt27b-c512-1024/raw/points/prefill/prefill-facebook-opt-2-7b-chunk-1024-sm-24.csv
facebook/opt-2.7b,1024,gemm,out_proj,24,3,223.23200106620789,208843776,214086656,5242880,5242880,1024,2026-04-15T13:55:47Z,baseline_nvml_pt,nvidia-smi,ok,0.0,55.0,1695.0,7601.0,64.67,0.7331839799880981,219.1689453125,219.1689453125,20.0,True,,100.0,45.32,89.1,estimated,,prefill-facebook-opt-2-7b-chunk-1024-sm-24,success,,,/mnt/data/dheeraj/dicertation/inference-profile/runs/revised-rerun-20260415-145452-g5-opt27b-c512-1024/raw/points/prefill/prefill-facebook-opt-2-7b-chunk-1024-sm-24.csv
facebook/opt-2.7b,1024,gemm,fc1,24,3,650.2400040626526,208843776,229815296,20971520,20971520,1024,2026-04-15T13:55:47Z,baseline_nvml_pt,nvidia-smi,ok,0.0,55.0,1695.0,7601.0,64.67,0.7331839799880981,219.1689453125,219.1689453125,20.0,True,,100.0,45.32,89.1,estimated,,prefill-facebook-opt-2-7b-chunk-1024-sm-24,success,,,/mnt/data/dheeraj/dicertation/inference-profile/runs/revised-rerun-20260415-145452-g5-opt27b-c512-1024/raw/points/prefill/prefill-facebook-opt-2-7b-chunk-1024-sm-24.csv
facebook/opt-2.7b,1024,gemm,fc2,24,3,683.0080151557922,208843776,214086656,5242880,5242880,1024,2026-04-15T13:55:47Z,baseline_nvml_pt,nvidia-smi,ok,0.0,55.0,1695.0,7601.0,64.67,0.7331839799880981,219.1689453125,219.1689453125,20.0,True,,100.0,45.32,89.1,estimated,,prefill-facebook-opt-2-7b-chunk-1024-sm-24,success,,,/mnt/data/dheeraj/dicertation/inference-profile/runs/revised-rerun-20260415-145452-g5-opt27b-c512-1024/raw/points/prefill/prefill-facebook-opt-2-7b-chunk-1024-sm-24.csv
facebook/opt-2.7b,1024,attention,attention,24,3,202.7519941329956,208843776,214218752,5374976,5242880,1024,2026-04-15T13:55:47Z,baseline_nvml_pt,nvidia-smi,ok,0.0,55.0,1695.0,7601.0,64.67,0.7331839799880981,219.1689453125,219.1689453125,20.0,True,,100.0,45.32,89.1,estimated,,prefill-facebook-opt-2-7b-chunk-1024-sm-24,success,,,/mnt/data/dheeraj/dicertation/inference-profile/runs/revised-rerun-20260415-145452-g5-opt27b-c512-1024/raw/points/prefill/prefill-facebook-opt-2-7b-chunk-1024-sm-24.csv
facebook/opt-2.7b,1024,gemm,q_proj,24,4,228.35199534893036,208843776,214086656,5242880,5242880,1024,2026-04-15T13:55:47Z,baseline_nvml_pt,nvidia-smi,ok,0.0,55.0,1695.0,7601.0,64.67,0.7331839799880981,219.1689453125,219.1689453125,20.0,True,,100.0,45.32,89.1,estimated,,prefill-facebook-opt-2-7b-chunk-1024-sm-24,success,,,/mnt/data/dheeraj/dicertation/inference-profile/runs/revised-rerun-20260415-145452-g5-opt27b-c512-1024/raw/points/prefill/prefill-facebook-opt-2-7b-chunk-1024-sm-24.csv
facebook/opt-2.7b,1024,gemm,k_proj,24,4,226.30399465560913,208843776,214086656,5242880,5242880,1024,2026-04-15T13:55:47Z,baseline_nvml_pt,nvidia-smi,ok,0.0,55.0,1695.0,7601.0,64.67,0.7331839799880981,219.1689453125,219.1689453125,20.0,True,,100.0,45.32,89.1,estimated,,prefill-facebook-opt-2-7b-chunk-1024-sm-24,success,,,/mnt/data/dheeraj/dicertation/inference-profile/runs/revised-rerun-20260415-145452-g5-opt27b-c512-1024/raw/points/prefill/prefill-facebook-opt-2-7b-chunk-1024-sm-24.csv
facebook/opt-2.7b,1024,gemm,v_proj,24,4,222.20799326896667,208843776,214086656,5242880,5242880,1024,2026-04-15T13:55:47Z,baseline_nvml_pt,nvidia-smi,ok,0.0,55.0,1695.0,7601.0,64.67,0.7331839799880981,219.1689453125,219.1689453125,20.0,True,,100.0,45.32,89.1,estimated,,prefill-facebook-opt-2-7b-chunk-1024-sm-24,success,,,/mnt/data/dheeraj/dicertation/inference-profile/runs/revised-rerun-20260415-145452-g5-opt27b-c512-1024/raw/points/prefill/prefill-facebook-opt-2-7b-chunk-1024-sm-24.csv
facebook/opt-2.7b,1024,gemm,out_proj,24,4,223.23200106620789,208843776,214086656,5242880,5242880,1024,2026-04-15T13:55:47Z,baseline_nvml_pt,nvidia-smi,ok,0.0,55.0,1695.0,7601.0,64.67,0.7331839799880981,219.1689453125,219.1689453125,20.0,True,,100.0,45.32,89.1,estimated,,prefill-facebook-opt-2-7b-chunk-1024-sm-24,success,,,/mnt/data/dheeraj/dicertation/inference-profile/runs/revised-rerun-20260415-145452-g5-opt27b-c512-1024/raw/points/prefill/prefill-facebook-opt-2-7b-chunk-1024-sm-24.csv
facebook/opt-2.7b,1024,gemm,fc1,24,4,650.2400040626526,208843776,229815296,20971520,20971520,1024,2026-04-15T13:55:47Z,baseline_nvml_pt,nvidia-smi,ok,0.0,55.0,1695.0,7601.0,64.67,0.7331839799880981,219.1689453125,219.1689453125,20.0,True,,100.0,45.32,89.1,estimated,,prefill-facebook-opt-2-7b-chunk-1024-sm-24,success,,,/mnt/data/dheeraj/dicertation/inference-profile/runs/revised-rerun-20260415-145452-g5-opt27b-c512-1024/raw/points/prefill/prefill-facebook-opt-2-7b-chunk-1024-sm-24.csv
facebook/opt-2.7b,1024,gemm,fc2,24,4,733.1839799880981,208843776,214086656,5242880,5242880,1024,2026-04-15T13:55:47Z,baseline_nvml_pt,nvidia-smi,ok,0.0,55.0,1695.0,7601.0,64.67,0.7331839799880981,219.1689453125,219.1689453125,20.0,True,,100.0,45.32,89.1,estimated,,prefill-facebook-opt-2-7b-chunk-1024-sm-24,success,,,/mnt/data/dheeraj/dicertation/inference-profile/runs/revised-rerun-20260415-145452-g5-opt27b-c512-1024/raw/points/prefill/prefill-facebook-opt-2-7b-chunk-1024-sm-24.csv
facebook/opt-2.7b,1024,attention,attention,24,4,201.7280012369156,208843776,214218752,5374976,5242880,1024,2026-04-15T13:55:47Z,baseline_nvml_pt,nvidia-smi,ok,0.0,55.0,1695.0,7601.0,64.67,0.7331839799880981,219.1689453125,219.1689453125,20.0,True,,100.0,45.32,89.1,estimated,,prefill-facebook-opt-2-7b-chunk-1024-sm-24,success,,,/mnt/data/dheeraj/dicertation/inference-profile/runs/revised-rerun-20260415-145452-g5-opt27b-c512-1024/raw/points/prefill/prefill-facebook-opt-2-7b-chunk-1024-sm-24.csv
facebook/opt-2.7b,1024,gemm,q_proj,32,0,277.50399708747864,208843776,214086656,5242880,5242880,1024,2026-04-15T13:55:54Z,baseline_nvml_pt,nvidia-smi,ok,0.0,55.0,1695.0,8001.0,61.68,0.6922240257263184,219.1689453125,219.1689453125,20.0,True,,100.0,40.48,97.2,estimated,,prefill-facebook-opt-2-7b-chunk-1024-sm-32,success,,,/mnt/data/dheeraj/dicertation/inference-profile/runs/revised-rerun-20260415-145452-g5-opt27b-c512-1024/raw/points/prefill/prefill-facebook-opt-2-7b-chunk-1024-sm-32.csv
facebook/opt-2.7b,1024,gemm,k_proj,32,0,250.88000297546387,208843776,214086656,5242880,5242880,1024,2026-04-15T13:55:54Z,baseline_nvml_pt,nvidia-smi,ok,0.0,55.0,1695.0,8001.0,61.68,0.6922240257263184,219.1689453125,219.1689453125,20.0,True,,100.0,40.48,97.2,estimated,,prefill-facebook-opt-2-7b-chunk-1024-sm-32,success,,,/mnt/data/dheeraj/dicertation/inference-profile/runs/revised-rerun-20260415-145452-g5-opt27b-c512-1024/raw/points/prefill/prefill-facebook-opt-2-7b-chunk-1024-sm-32.csv
facebook/opt-2.7b,1024,gemm,v_proj,32,0,234.3360036611557,208843776,214086656,5242880,5242880,1024,2026-04-15T13:55:54Z,baseline_nvml_pt,nvidia-smi,ok,0.0,55.0,1695.0,8001.0,61.68,0.6922240257263184,219.1689453125,219.1689453125,20.0,True,,100.0,40.48,97.2,estimated,,prefill-facebook-opt-2-7b-chunk-1024-sm-32,success,,,/mnt/data/dheeraj/dicertation/inference-profile/runs/revised-rerun-20260415-145452-g5-opt27b-c512-1024/raw/points/prefill/prefill-facebook-opt-2-7b-chunk-1024-sm-32.csv
facebook/opt-2.7b,1024,gemm,out_proj,32,0,228.35199534893036,208843776,214086656,5242880,5242880,1024,2026-04-15T13:55:54Z,baseline_nvml_pt,nvidia-smi,ok,0.0,55.0,1695.0,8001.0,61.68,0.6922240257263184,219.1689453125,219.1689453125,20.0,True,,100.0,40.48,97.2,estimated,,prefill-facebook-opt-2-7b-chunk-1024-sm-32,success,,,/mnt/data/dheeraj/dicertation/inference-profile/runs/revised-rerun-20260415-145452-g5-opt27b-c512-1024/raw/points/prefill/prefill-facebook-opt-2-7b-chunk-1024-sm-32.csv
facebook/opt-2.7b,1024,gemm,fc1,32,0,666.5599942207336,208843776,229815296,20971520,20971520,1024,2026-04-15T13:55:54Z,baseline_nvml_pt,nvidia-smi,ok,0.0,55.0,1695.0,8001.0,61.68,0.6922240257263184,219.1689453125,219.1689453125,20.0,True,,100.0,40.48,97.2,estimated,,prefill-facebook-opt-2-7b-chunk-1024-sm-32,success,,,/mnt/data/dheeraj/dicertation/inference-profile/runs/revised-rerun-20260415-145452-g5-opt27b-c512-1024/raw/points/prefill/prefill-facebook-opt-2-7b-chunk-1024-sm-32.csv
facebook/opt-2.7b,1024,gemm,fc2,32,0,691.2000179290771,208843776,214086656,5242880,5242880,1024,2026-04-15T13:55:54Z,baseline_nvml_pt,nvidia-smi,ok,0.0,55.0,1695.0,8001.0,61.68,0.6922240257263184,219.1689453125,219.1689453125,20.0,True,,100.0,40.48,97.2,estimated,,prefill-facebook-opt-2-7b-chunk-1024-sm-32,success,,,/mnt/data/dheeraj/dicertation/inference-profile/runs/revised-rerun-20260415-145452-g5-opt27b-c512-1024/raw/points/prefill/prefill-facebook-opt-2-7b-chunk-1024-sm-32.csv
facebook/opt-2.7b,1024,attention,attention,32,0,206.84799551963806,208843776,214218752,5374976,5242880,1024,2026-04-15T13:55:54Z,baseline_nvml_pt,nvidia-smi,ok,0.0,55.0,1695.0,8001.0,61.68,0.6922240257263184,219.1689453125,219.1689453125,20.0,True,,100.0,40.48,97.2,estimated,,prefill-facebook-opt-2-7b-chunk-1024-sm-32,success,,,/mnt/data/dheeraj/dicertation/inference-profile/runs/revised-rerun-20260415-145452-g5-opt27b-c512-1024/raw/points/prefill/prefill-facebook-opt-2-7b-chunk-1024-sm-32.csv
facebook/opt-2.7b,1024,gemm,q_proj,32,1,236.25600337982178,208843776,214086656,5242880,5242880,1024,2026-04-15T13:55:54Z,baseline_nvml_pt,nvidia-smi,ok,0.0,55.0,1695.0,8001.0,61.68,0.6922240257263184,219.1689453125,219.1689453125,20.0,True,,100.0,40.48,97.2,estimated,,prefill-facebook-opt-2-7b-chunk-1024-sm-32,success,,,/mnt/data/dheeraj/dicertation/inference-profile/runs/revised-rerun-20260415-145452-g5-opt27b-c512-1024/raw/points/prefill/prefill-facebook-opt-2-7b-chunk-1024-sm-32.csv
facebook/opt-2.7b,1024,gemm,k_proj,32,1,243.71199309825897,208843776,214086656,5242880,5242880,1024,2026-04-15T13:55:54Z,baseline_nvml_pt,nvidia-smi,ok,0.0,55.0,1695.0,8001.0,61.68,0.6922240257263184,219.1689453125,219.1689453125,20.0,True,,100.0,40.48,97.2,estimated,,prefill-facebook-opt-2-7b-chunk-1024-sm-32,success,,,/mnt/data/dheeraj/dicertation/inference-profile/runs/revised-rerun-20260415-145452-g5-opt27b-c512-1024/raw/points/prefill/prefill-facebook-opt-2-7b-chunk-1024-sm-32.csv
facebook/opt-2.7b,1024,gemm,v_proj,32,1,225.0880002975464,208843776,214086656,5242880,5242880,1024,2026-04-15T13:55:54Z,baseline_nvml_pt,nvidia-smi,ok,0.0,55.0,1695.0,8001.0,61.68,0.6922240257263184,219.1689453125,219.1689453125,20.0,True,,100.0,40.48,97.2,estimated,,prefill-facebook-opt-2-7b-chunk-1024-sm-32,success,,,/mnt/data/dheeraj/dicertation/inference-profile/runs/revised-rerun-20260415-145452-g5-opt27b-c512-1024/raw/points/prefill/prefill-facebook-opt-2-7b-chunk-1024-sm-32.csv
facebook/opt-2.7b,1024,gemm,out_proj,32,1,227.29599475860596,208843776,214086656,5242880,5242880,1024,2026-04-15T13:55:54Z,baseline_nvml_pt,nvidia-smi,ok,0.0,55.0,1695.0,8001.0,61.68,0.6922240257263184,219.1689453125,219.1689453125,20.0,True,,100.0,40.48,97.2,estimated,,prefill-facebook-opt-2-7b-chunk-1024-sm-32,success,,,/mnt/data/dheeraj/dicertation/inference-profile/runs/revised-rerun-20260415-145452-g5-opt27b-c512-1024/raw/points/prefill/prefill-facebook-opt-2-7b-chunk-1024-sm-32.csv
facebook/opt-2.7b,1024,gemm,fc1,32,1,658.4320068359375,208843776,229815296,20971520,20971520,1024,2026-04-15T13:55:54Z,baseline_nvml_pt,nvidia-smi,ok,0.0,55.0,1695.0,8001.0,61.68,0.6922240257263184,219.1689453125,219.1689453125,20.0,True,,100.0,40.48,97.2,estimated,,prefill-facebook-opt-2-7b-chunk-1024-sm-32,success,,,/mnt/data/dheeraj/dicertation/inference-profile/runs/revised-rerun-20260415-145452-g5-opt27b-c512-1024/raw/points/prefill/prefill-facebook-opt-2-7b-chunk-1024-sm-32.csv
facebook/opt-2.7b,1024,gemm,fc2,32,1,687.1039867401123,208843776,214086656,5242880,5242880,1024,2026-04-15T13:55:54Z,baseline_nvml_pt,nvidia-smi,ok,0.0,55.0,1695.0,8001.0,61.68,0.6922240257263184,219.1689453125,219.1689453125,20.0,True,,100.0,40.48,97.2,estimated,,prefill-facebook-opt-2-7b-chunk-1024-sm-32,success,,,/mnt/data/dheeraj/dicertation/inference-profile/runs/revised-rerun-20260415-145452-g5-opt27b-c512-1024/raw/points/prefill/prefill-facebook-opt-2-7b-chunk-1024-sm-32.csv
facebook/opt-2.7b,1024,attention,attention,32,1,206.84799551963806,208843776,214218752,5374976,5242880,1024,2026-04-15T13:55:54Z,baseline_nvml_pt,nvidia-smi,ok,0.0,55.0,1695.0,8001.0,61.68,0.6922240257263184,219.1689453125,219.1689453125,20.0,True,,100.0,40.48,97.2,estimated,,prefill-facebook-opt-2-7b-chunk-1024-sm-32,success,,,/mnt/data/dheeraj/dicertation/inference-profile/runs/revised-rerun-20260415-145452-g5-opt27b-c512-1024/raw/points/prefill/prefill-facebook-opt-2-7b-chunk-1024-sm-32.csv
facebook/opt-2.7b,1024,gemm,q_proj,32,2,245.02399563789368,208843776,214086656,5242880,5242880,1024,2026-04-15T13:55:54Z,baseline_nvml_pt,nvidia-smi,ok,0.0,55.0,1695.0,8001.0,61.68,0.6922240257263184,219.1689453125,219.1689453125,20.0,True,,100.0,40.48,97.2,estimated,,prefill-facebook-opt-2-7b-chunk-1024-sm-32,success,,,/mnt/data/dheeraj/dicertation/inference-profile/runs/revised-rerun-20260415-145452-g5-opt27b-c512-1024/raw/points/prefill/prefill-facebook-opt-2-7b-chunk-1024-sm-32.csv
facebook/opt-2.7b,1024,gemm,k_proj,32,2,236.54399812221527,208843776,214086656,5242880,5242880,1024,2026-04-15T13:55:54Z,baseline_nvml_pt,nvidia-smi,ok,0.0,55.0,1695.0,8001.0,61.68,0.6922240257263184,219.1689453125,219.1689453125,20.0,True,,100.0,40.48,97.2,estimated,,prefill-facebook-opt-2-7b-chunk-1024-sm-32,success,,,/mnt/data/dheeraj/dicertation/inference-profile/runs/revised-rerun-20260415-145452-g5-opt27b-c512-1024/raw/points/prefill/prefill-facebook-opt-2-7b-chunk-1024-sm-32.csv
facebook/opt-2.7b,1024,gemm,v_proj,32,2,234.30399596691132,208843776,214086656,5242880,5242880,1024,2026-04-15T13:55:54Z,baseline_nvml_pt,nvidia-smi,ok,0.0,55.0,1695.0,8001.0,61.68,0.6922240257263184,219.1689453125,219.1689453125,20.0,True,,100.0,40.48,97.2,estimated,,prefill-facebook-opt-2-7b-chunk-1024-sm-32,success,,,/mnt/data/dheeraj/dicertation/inference-profile/runs/revised-rerun-20260415-145452-g5-opt27b-c512-1024/raw/points/prefill/prefill-facebook-opt-2-7b-chunk-1024-sm-32.csv
facebook/opt-2.7b,1024,gemm,out_proj,32,2,487.42398619651794,208843776,214086656,5242880,5242880,1024,2026-04-15T13:55:54Z,baseline_nvml_pt,nvidia-smi,ok,0.0,55.0,1695.0,8001.0,61.68,0.6922240257263184,219.1689453125,219.1689453125,20.0,True,,100.0,40.48,97.2,estimated,,prefill-facebook-opt-2-7b-chunk-1024-sm-32,success,,,/mnt/data/dheeraj/dicertation/inference-profile/runs/revised-rerun-20260415-145452-g5-opt27b-c512-1024/raw/points/prefill/prefill-facebook-opt-2-7b-chunk-1024-sm-32.csv
facebook/opt-2.7b,1024,gemm,fc1,32,2,667.6480174064636,208843776,229815296,20971520,20971520,1024,2026-04-15T13:55:54Z,baseline_nvml_pt,nvidia-smi,ok,0.0,55.0,1695.0,8001.0,61.68,0.6922240257263184,219.1689453125,219.1689453125,20.0,True,,100.0,40.48,97.2,estimated,,prefill-facebook-opt-2-7b-chunk-1024-sm-32,success,,,/mnt/data/dheeraj/dicertation/inference-profile/runs/revised-rerun-20260415-145452-g5-opt27b-c512-1024/raw/points/prefill/prefill-facebook-opt-2-7b-chunk-1024-sm-32.csv
facebook/opt-2.7b,1024,gemm,fc2,32,2,690.9440159797668,208843776,214086656,5242880,5242880,1024,2026-04-15T13:55:54Z,baseline_nvml_pt,nvidia-smi,ok,0.0,55.0,1695.0,8001.0,61.68,0.6922240257263184,219.1689453125,219.1689453125,20.0,True,,100.0,40.48,97.2,estimated,,prefill-facebook-opt-2-7b-chunk-1024-sm-32,success,,,/mnt/data/dheeraj/dicertation/inference-profile/runs/revised-rerun-20260415-145452-g5-opt27b-c512-1024/raw/points/prefill/prefill-facebook-opt-2-7b-chunk-1024-sm-32.csv
facebook/opt-2.7b,1024,attention,attention,32,2,217.0879989862442,208843776,214218752,5374976,5242880,1024,2026-04-15T13:55:54Z,baseline_nvml_pt,nvidia-smi,ok,0.0,55.0,1695.0,8001.0,61.68,0.6922240257263184,219.1689453125,219.1689453125,20.0,True,,100.0,40.48,97.2,estimated,,prefill-facebook-opt-2-7b-chunk-1024-sm-32,success,,,/mnt/data/dheeraj/dicertation/inference-profile/runs/revised-rerun-20260415-145452-g5-opt27b-c512-1024/raw/points/prefill/prefill-facebook-opt-2-7b-chunk-1024-sm-32.csv
facebook/opt-2.7b,1024,gemm,q_proj,32,3,233.47200453281403,208843776,214086656,5242880,5242880,1024,2026-04-15T13:55:54Z,baseline_nvml_pt,nvidia-smi,ok,0.0,55.0,1695.0,8001.0,61.68,0.6922240257263184,219.1689453125,219.1689453125,20.0,True,,100.0,40.48,97.2,estimated,,prefill-facebook-opt-2-7b-chunk-1024-sm-32,success,,,/mnt/data/dheeraj/dicertation/inference-profile/runs/revised-rerun-20260415-145452-g5-opt27b-c512-1024/raw/points/prefill/prefill-facebook-opt-2-7b-chunk-1024-sm-32.csv
facebook/opt-2.7b,1024,gemm,k_proj,32,3,226.1440008878708,208843776,214086656,5242880,5242880,1024,2026-04-15T13:55:54Z,baseline_nvml_pt,nvidia-smi,ok,0.0,55.0,1695.0,8001.0,61.68,0.6922240257263184,219.1689453125,219.1689453125,20.0,True,,100.0,40.48,97.2,estimated,,prefill-facebook-opt-2-7b-chunk-1024-sm-32,success,,,/mnt/data/dheeraj/dicertation/inference-profile/runs/revised-rerun-20260415-145452-g5-opt27b-c512-1024/raw/points/prefill/prefill-facebook-opt-2-7b-chunk-1024-sm-32.csv
facebook/opt-2.7b,1024,gemm,v_proj,32,3,228.35199534893036,208843776,214086656,5242880,5242880,1024,2026-04-15T13:55:54Z,baseline_nvml_pt,nvidia-smi,ok,0.0,55.0,1695.0,8001.0,61.68,0.6922240257263184,219.1689453125,219.1689453125,20.0,True,,100.0,40.48,97.2,estimated,,prefill-facebook-opt-2-7b-chunk-1024-sm-32,success,,,/mnt/data/dheeraj/dicertation/inference-profile/runs/revised-rerun-20260415-145452-g5-opt27b-c512-1024/raw/points/prefill/prefill-facebook-opt-2-7b-chunk-1024-sm-32.csv
facebook/opt-2.7b,1024,gemm,out_proj,32,3,223.23200106620789,208843776,214086656,5242880,5242880,1024,2026-04-15T13:55:54Z,baseline_nvml_pt,nvidia-smi,ok,0.0,55.0,1695.0,8001.0,61.68,0.6922240257263184,219.1689453125,219.1689453125,20.0,True,,100.0,40.48,97.2,estimated,,prefill-facebook-opt-2-7b-chunk-1024-sm-32,success,,,/mnt/data/dheeraj/dicertation/inference-profile/runs/revised-rerun-20260415-145452-g5-opt27b-c512-1024/raw/points/prefill/prefill-facebook-opt-2-7b-chunk-1024-sm-32.csv
facebook/opt-2.7b,1024,gemm,fc1,32,3,653.3120274543762,208843776,229815296,20971520,20971520,1024,2026-04-15T13:55:54Z,baseline_nvml_pt,nvidia-smi,ok,0.0,55.0,1695.0,8001.0,61.68,0.6922240257263184,219.1689453125,219.1689453125,20.0,True,,100.0,40.48,97.2,estimated,,prefill-facebook-opt-2-7b-chunk-1024-sm-32,success,,,/mnt/data/dheeraj/dicertation/inference-profile/runs/revised-rerun-20260415-145452-g5-opt27b-c512-1024/raw/points/prefill/prefill-facebook-opt-2-7b-chunk-1024-sm-32.csv
facebook/opt-2.7b,1024,gemm,fc2,32,3,681.984007358551,208843776,214086656,5242880,5242880,1024,2026-04-15T13:55:54Z,baseline_nvml_pt,nvidia-smi,ok,0.0,55.0,1695.0,8001.0,61.68,0.6922240257263184,219.1689453125,219.1689453125,20.0,True,,100.0,40.48,97.2,estimated,,prefill-facebook-opt-2-7b-chunk-1024-sm-32,success,,,/mnt/data/dheeraj/dicertation/inference-profile/runs/revised-rerun-20260415-145452-g5-opt27b-c512-1024/raw/points/prefill/prefill-facebook-opt-2-7b-chunk-1024-sm-32.csv
facebook/opt-2.7b,1024,attention,attention,32,3,207.87200331687927,208843776,214218752,5374976,5242880,1024,2026-04-15T13:55:54Z,baseline_nvml_pt,nvidia-smi,ok,0.0,55.0,1695.0,8001.0,61.68,0.6922240257263184,219.1689453125,219.1689453125,20.0,True,,100.0,40.48,97.2,estimated,,prefill-facebook-opt-2-7b-chunk-1024-sm-32,success,,,/mnt/data/dheeraj/dicertation/inference-profile/runs/revised-rerun-20260415-145452-g5-opt27b-c512-1024/raw/points/prefill/prefill-facebook-opt-2-7b-chunk-1024-sm-32.csv
facebook/opt-2.7b,1024,gemm,q_proj,32,4,233.47200453281403,208843776,214086656,5242880,5242880,1024,2026-04-15T13:55:54Z,baseline_nvml_pt,nvidia-smi,ok,0.0,55.0,1695.0,8001.0,61.68,0.6922240257263184,219.1689453125,219.1689453125,20.0,True,,100.0,40.48,97.2,estimated,,prefill-facebook-opt-2-7b-chunk-1024-sm-32,success,,,/mnt/data/dheeraj/dicertation/inference-profile/runs/revised-rerun-20260415-145452-g5-opt27b-c512-1024/raw/points/prefill/prefill-facebook-opt-2-7b-chunk-1024-sm-32.csv
facebook/opt-2.7b,1024,gemm,k_proj,32,4,226.30399465560913,208843776,214086656,5242880,5242880,1024,2026-04-15T13:55:54Z,baseline_nvml_pt,nvidia-smi,ok,0.0,55.0,1695.0,8001.0,61.68,0.6922240257263184,219.1689453125,219.1689453125,20.0,True,,100.0,40.48,97.2,estimated,,prefill-facebook-opt-2-7b-chunk-1024-sm-32,success,,,/mnt/data/dheeraj/dicertation/inference-profile/runs/revised-rerun-20260415-145452-g5-opt27b-c512-1024/raw/points/prefill/prefill-facebook-opt-2-7b-chunk-1024-sm-32.csv
facebook/opt-2.7b,1024,gemm,v_proj,32,4,224.06400740146637,208843776,214086656,5242880,5242880,1024,2026-04-15T13:55:54Z,baseline_nvml_pt,nvidia-smi,ok,0.0,55.0,1695.0,8001.0,61.68,0.6922240257263184,219.1689453125,219.1689453125,20.0,True,,100.0,40.48,97.2,estimated,,prefill-facebook-opt-2-7b-chunk-1024-sm-32,success,,,/mnt/data/dheeraj/dicertation/inference-profile/runs/revised-rerun-20260415-145452-g5-opt27b-c512-1024/raw/points/prefill/prefill-facebook-opt-2-7b-chunk-1024-sm-32.csv
facebook/opt-2.7b,1024,gemm,out_proj,32,4,230.20799458026886,208843776,214086656,5242880,5242880,1024,2026-04-15T13:55:54Z,baseline_nvml_pt,nvidia-smi,ok,0.0,55.0,1695.0,8001.0,61.68,0.6922240257263184,219.1689453125,219.1689453125,20.0,True,,100.0,40.48,97.2,estimated,,prefill-facebook-opt-2-7b-chunk-1024-sm-32,success,,,/mnt/data/dheeraj/dicertation/inference-profile/runs/revised-rerun-20260415-145452-g5-opt27b-c512-1024/raw/points/prefill/prefill-facebook-opt-2-7b-chunk-1024-sm-32.csv
facebook/opt-2.7b,1024,gemm,fc1,32,4,657.4079990386963,208843776,229815296,20971520,20971520,1024,2026-04-15T13:55:54Z,baseline_nvml_pt,nvidia-smi,ok,0.0,55.0,1695.0,8001.0,61.68,0.6922240257263184,219.1689453125,219.1689453125,20.0,True,,100.0,40.48,97.2,estimated,,prefill-facebook-opt-2-7b-chunk-1024-sm-32,success,,,/mnt/data/dheeraj/dicertation/inference-profile/runs/revised-rerun-20260415-145452-g5-opt27b-c512-1024/raw/points/prefill/prefill-facebook-opt-2-7b-chunk-1024-sm-32.csv
facebook/opt-2.7b,1024,gemm,fc2,32,4,692.2240257263184,208843776,214086656,5242880,5242880,1024,2026-04-15T13:55:54Z,baseline_nvml_pt,nvidia-smi,ok,0.0,55.0,1695.0,8001.0,61.68,0.6922240257263184,219.1689453125,219.1689453125,20.0,True,,100.0,40.48,97.2,estimated,,prefill-facebook-opt-2-7b-chunk-1024-sm-32,success,,,/mnt/data/dheeraj/dicertation/inference-profile/runs/revised-rerun-20260415-145452-g5-opt27b-c512-1024/raw/points/prefill/prefill-facebook-opt-2-7b-chunk-1024-sm-32.csv
facebook/opt-2.7b,1024,attention,attention,32,4,209.9200040102005,208843776,214218752,5374976,5242880,1024,2026-04-15T13:55:54Z,baseline_nvml_pt,nvidia-smi,ok,0.0,55.0,1695.0,8001.0,61.68,0.6922240257263184,219.1689453125,219.1689453125,20.0,True,,100.0,40.48,97.2,estimated,,prefill-facebook-opt-2-7b-chunk-1024-sm-32,success,,,/mnt/data/dheeraj/dicertation/inference-profile/runs/revised-rerun-20260415-145452-g5-opt27b-c512-1024/raw/points/prefill/prefill-facebook-opt-2-7b-chunk-1024-sm-32.csv
