model_id,chunk_tokens,op_type,op_name,sm_ai_partition,timed_iteration,duration_us,baseline_vram_bytes,peak_vram_bytes,dynamic_workspace_bytes,output_bytes,max_input_tokens,telemetry_ts,telemetry_tier,telemetry_provider,telemetry_status,gpu_util,gpu_mem_used_mb,sm_clock_mhz,mem_clock_mhz,power_w,pt_step_ms,pt_mem_alloc_mb,pt_mem_reserved_mb,pt_workspace_mb,nvml_available,sampling_error,acu_pct,gbu_pct,smu_pct,microscopic_telemetry_status,microscopic_error,point_id,public_status,failure_kind,failure_cause,raw_output_path
facebook/opt-6.7b,512,gemm,q_proj,8,0,223.23200106620789,445849600,450043904,4194304,4194304,1024,2026-04-14T11:52:50Z,baseline_nvml_pt,nvidia-smi,ok,0.0,5.0,1695.0,7601.0,68.54,0.822272002696991,441.1953125,441.1953125,16.0,True,,,,,unavailable,,prefill-facebook-opt-6-7b-chunk-512-sm-8,success,,,/mnt/data/dheeraj/dicertation/inference-profile/runs/revised-full-20260414-g7-opt67b-c512-1024/raw/points/prefill/prefill-facebook-opt-6-7b-chunk-512-sm-8.csv
facebook/opt-6.7b,512,gemm,k_proj,8,0,219.9680060148239,445849600,450043904,4194304,4194304,1024,2026-04-14T11:52:50Z,baseline_nvml_pt,nvidia-smi,ok,0.0,5.0,1695.0,7601.0,68.54,0.822272002696991,441.1953125,441.1953125,16.0,True,,,,,unavailable,,prefill-facebook-opt-6-7b-chunk-512-sm-8,success,,,/mnt/data/dheeraj/dicertation/inference-profile/runs/revised-full-20260414-g7-opt67b-c512-1024/raw/points/prefill/prefill-facebook-opt-6-7b-chunk-512-sm-8.csv
facebook/opt-6.7b,512,gemm,v_proj,8,0,214.01600539684296,445849600,450043904,4194304,4194304,1024,2026-04-14T11:52:50Z,baseline_nvml_pt,nvidia-smi,ok,0.0,5.0,1695.0,7601.0,68.54,0.822272002696991,441.1953125,441.1953125,16.0,True,,,,,unavailable,,prefill-facebook-opt-6-7b-chunk-512-sm-8,success,,,/mnt/data/dheeraj/dicertation/inference-profile/runs/revised-full-20260414-g7-opt67b-c512-1024/raw/points/prefill/prefill-facebook-opt-6-7b-chunk-512-sm-8.csv
facebook/opt-6.7b,512,gemm,out_proj,8,0,219.13599967956543,445849600,450043904,4194304,4194304,1024,2026-04-14T11:52:50Z,baseline_nvml_pt,nvidia-smi,ok,0.0,5.0,1695.0,7601.0,68.54,0.822272002696991,441.1953125,441.1953125,16.0,True,,,,,unavailable,,prefill-facebook-opt-6-7b-chunk-512-sm-8,success,,,/mnt/data/dheeraj/dicertation/inference-profile/runs/revised-full-20260414-g7-opt67b-c512-1024/raw/points/prefill/prefill-facebook-opt-6-7b-chunk-512-sm-8.csv
facebook/opt-6.7b,512,gemm,fc1,8,0,822.272002696991,445849600,462626816,16777216,16777216,1024,2026-04-14T11:52:50Z,baseline_nvml_pt,nvidia-smi,ok,0.0,5.0,1695.0,7601.0,68.54,0.822272002696991,441.1953125,441.1953125,16.0,True,,,,,unavailable,,prefill-facebook-opt-6-7b-chunk-512-sm-8,success,,,/mnt/data/dheeraj/dicertation/inference-profile/runs/revised-full-20260414-g7-opt67b-c512-1024/raw/points/prefill/prefill-facebook-opt-6-7b-chunk-512-sm-8.csv
facebook/opt-6.7b,512,gemm,fc2,8,0,706.6879868507385,445849600,450043904,4194304,4194304,1024,2026-04-14T11:52:50Z,baseline_nvml_pt,nvidia-smi,ok,0.0,5.0,1695.0,7601.0,68.54,0.822272002696991,441.1953125,441.1953125,16.0,True,,,,,unavailable,,prefill-facebook-opt-6-7b-chunk-512-sm-8,success,,,/mnt/data/dheeraj/dicertation/inference-profile/runs/revised-full-20260414-g7-opt67b-c512-1024/raw/points/prefill/prefill-facebook-opt-6-7b-chunk-512-sm-8.csv
facebook/opt-6.7b,512,attention,attention,8,0,100.35199671983719,445849600,450110464,4260864,4194304,1024,2026-04-14T11:52:50Z,baseline_nvml_pt,nvidia-smi,ok,0.0,5.0,1695.0,7601.0,68.54,0.822272002696991,441.1953125,441.1953125,16.0,True,,,,,unavailable,,prefill-facebook-opt-6-7b-chunk-512-sm-8,success,,,/mnt/data/dheeraj/dicertation/inference-profile/runs/revised-full-20260414-g7-opt67b-c512-1024/raw/points/prefill/prefill-facebook-opt-6-7b-chunk-512-sm-8.csv
facebook/opt-6.7b,512,gemm,q_proj,8,1,212.99199759960175,445849600,450043904,4194304,4194304,1024,2026-04-14T11:52:50Z,baseline_nvml_pt,nvidia-smi,ok,0.0,5.0,1695.0,7601.0,68.54,0.822272002696991,441.1953125,441.1953125,16.0,True,,,,,unavailable,,prefill-facebook-opt-6-7b-chunk-512-sm-8,success,,,/mnt/data/dheeraj/dicertation/inference-profile/runs/revised-full-20260414-g7-opt67b-c512-1024/raw/points/prefill/prefill-facebook-opt-6-7b-chunk-512-sm-8.csv
facebook/opt-6.7b,512,gemm,k_proj,8,1,212.99199759960175,445849600,450043904,4194304,4194304,1024,2026-04-14T11:52:50Z,baseline_nvml_pt,nvidia-smi,ok,0.0,5.0,1695.0,7601.0,68.54,0.822272002696991,441.1953125,441.1953125,16.0,True,,,,,unavailable,,prefill-facebook-opt-6-7b-chunk-512-sm-8,success,,,/mnt/data/dheeraj/dicertation/inference-profile/runs/revised-full-20260414-g7-opt67b-c512-1024/raw/points/prefill/prefill-facebook-opt-6-7b-chunk-512-sm-8.csv
facebook/opt-6.7b,512,gemm,v_proj,8,1,209.9200040102005,445849600,450043904,4194304,4194304,1024,2026-04-14T11:52:50Z,baseline_nvml_pt,nvidia-smi,ok,0.0,5.0,1695.0,7601.0,68.54,0.822272002696991,441.1953125,441.1953125,16.0,True,,,,,unavailable,,prefill-facebook-opt-6-7b-chunk-512-sm-8,success,,,/mnt/data/dheeraj/dicertation/inference-profile/runs/revised-full-20260414-g7-opt67b-c512-1024/raw/points/prefill/prefill-facebook-opt-6-7b-chunk-512-sm-8.csv
facebook/opt-6.7b,512,gemm,out_proj,8,1,209.9200040102005,445849600,450043904,4194304,4194304,1024,2026-04-14T11:52:50Z,baseline_nvml_pt,nvidia-smi,ok,0.0,5.0,1695.0,7601.0,68.54,0.822272002696991,441.1953125,441.1953125,16.0,True,,,,,unavailable,,prefill-facebook-opt-6-7b-chunk-512-sm-8,success,,,/mnt/data/dheeraj/dicertation/inference-profile/runs/revised-full-20260414-g7-opt67b-c512-1024/raw/points/prefill/prefill-facebook-opt-6-7b-chunk-512-sm-8.csv
facebook/opt-6.7b,512,gemm,fc1,8,1,817.3120021820068,445849600,462626816,16777216,16777216,1024,2026-04-14T11:52:50Z,baseline_nvml_pt,nvidia-smi,ok,0.0,5.0,1695.0,7601.0,68.54,0.822272002696991,441.1953125,441.1953125,16.0,True,,,,,unavailable,,prefill-facebook-opt-6-7b-chunk-512-sm-8,success,,,/mnt/data/dheeraj/dicertation/inference-profile/runs/revised-full-20260414-g7-opt67b-c512-1024/raw/points/prefill/prefill-facebook-opt-6-7b-chunk-512-sm-8.csv
facebook/opt-6.7b,512,gemm,fc2,8,1,705.5360078811646,445849600,450043904,4194304,4194304,1024,2026-04-14T11:52:50Z,baseline_nvml_pt,nvidia-smi,ok,0.0,5.0,1695.0,7601.0,68.54,0.822272002696991,441.1953125,441.1953125,16.0,True,,,,,unavailable,,prefill-facebook-opt-6-7b-chunk-512-sm-8,success,,,/mnt/data/dheeraj/dicertation/inference-profile/runs/revised-full-20260414-g7-opt67b-c512-1024/raw/points/prefill/prefill-facebook-opt-6-7b-chunk-512-sm-8.csv
facebook/opt-6.7b,512,attention,attention,8,1,97.28000313043594,445849600,450110464,4260864,4194304,1024,2026-04-14T11:52:50Z,baseline_nvml_pt,nvidia-smi,ok,0.0,5.0,1695.0,7601.0,68.54,0.822272002696991,441.1953125,441.1953125,16.0,True,,,,,unavailable,,prefill-facebook-opt-6-7b-chunk-512-sm-8,success,,,/mnt/data/dheeraj/dicertation/inference-profile/runs/revised-full-20260414-g7-opt67b-c512-1024/raw/points/prefill/prefill-facebook-opt-6-7b-chunk-512-sm-8.csv
facebook/opt-6.7b,512,gemm,q_proj,8,2,214.01600539684296,445849600,450043904,4194304,4194304,1024,2026-04-14T11:52:50Z,baseline_nvml_pt,nvidia-smi,ok,0.0,5.0,1695.0,7601.0,68.54,0.822272002696991,441.1953125,441.1953125,16.0,True,,,,,unavailable,,prefill-facebook-opt-6-7b-chunk-512-sm-8,success,,,/mnt/data/dheeraj/dicertation/inference-profile/runs/revised-full-20260414-g7-opt67b-c512-1024/raw/points/prefill/prefill-facebook-opt-6-7b-chunk-512-sm-8.csv
facebook/opt-6.7b,512,gemm,k_proj,8,2,211.71200275421143,445849600,450043904,4194304,4194304,1024,2026-04-14T11:52:50Z,baseline_nvml_pt,nvidia-smi,ok,0.0,5.0,1695.0,7601.0,68.54,0.822272002696991,441.1953125,441.1953125,16.0,True,,,,,unavailable,,prefill-facebook-opt-6-7b-chunk-512-sm-8,success,,,/mnt/data/dheeraj/dicertation/inference-profile/runs/revised-full-20260414-g7-opt67b-c512-1024/raw/points/prefill/prefill-facebook-opt-6-7b-chunk-512-sm-8.csv
facebook/opt-6.7b,512,gemm,v_proj,8,2,220.99199891090393,445849600,450043904,4194304,4194304,1024,2026-04-14T11:52:50Z,baseline_nvml_pt,nvidia-smi,ok,0.0,5.0,1695.0,7601.0,68.54,0.822272002696991,441.1953125,441.1953125,16.0,True,,,,,unavailable,,prefill-facebook-opt-6-7b-chunk-512-sm-8,success,,,/mnt/data/dheeraj/dicertation/inference-profile/runs/revised-full-20260414-g7-opt67b-c512-1024/raw/points/prefill/prefill-facebook-opt-6-7b-chunk-512-sm-8.csv
facebook/opt-6.7b,512,gemm,out_proj,8,2,209.9200040102005,445849600,450043904,4194304,4194304,1024,2026-04-14T11:52:50Z,baseline_nvml_pt,nvidia-smi,ok,0.0,5.0,1695.0,7601.0,68.54,0.822272002696991,441.1953125,441.1953125,16.0,True,,,,,unavailable,,prefill-facebook-opt-6-7b-chunk-512-sm-8,success,,,/mnt/data/dheeraj/dicertation/inference-profile/runs/revised-full-20260414-g7-opt67b-c512-1024/raw/points/prefill/prefill-facebook-opt-6-7b-chunk-512-sm-8.csv
facebook/opt-6.7b,512,gemm,fc1,8,2,822.272002696991,445849600,462626816,16777216,16777216,1024,2026-04-14T11:52:50Z,baseline_nvml_pt,nvidia-smi,ok,0.0,5.0,1695.0,7601.0,68.54,0.822272002696991,441.1953125,441.1953125,16.0,True,,,,,unavailable,,prefill-facebook-opt-6-7b-chunk-512-sm-8,success,,,/mnt/data/dheeraj/dicertation/inference-profile/runs/revised-full-20260414-g7-opt67b-c512-1024/raw/points/prefill/prefill-facebook-opt-6-7b-chunk-512-sm-8.csv
facebook/opt-6.7b,512,gemm,fc2,8,2,703.4879922866821,445849600,450043904,4194304,4194304,1024,2026-04-14T11:52:50Z,baseline_nvml_pt,nvidia-smi,ok,0.0,5.0,1695.0,7601.0,68.54,0.822272002696991,441.1953125,441.1953125,16.0,True,,,,,unavailable,,prefill-facebook-opt-6-7b-chunk-512-sm-8,success,,,/mnt/data/dheeraj/dicertation/inference-profile/runs/revised-full-20260414-g7-opt67b-c512-1024/raw/points/prefill/prefill-facebook-opt-6-7b-chunk-512-sm-8.csv
facebook/opt-6.7b,512,attention,attention,8,2,100.35199671983719,445849600,450110464,4260864,4194304,1024,2026-04-14T11:52:50Z,baseline_nvml_pt,nvidia-smi,ok,0.0,5.0,1695.0,7601.0,68.54,0.822272002696991,441.1953125,441.1953125,16.0,True,,,,,unavailable,,prefill-facebook-opt-6-7b-chunk-512-sm-8,success,,,/mnt/data/dheeraj/dicertation/inference-profile/runs/revised-full-20260414-g7-opt67b-c512-1024/raw/points/prefill/prefill-facebook-opt-6-7b-chunk-512-sm-8.csv
facebook/opt-6.7b,512,gemm,q_proj,8,3,212.99199759960175,445849600,450043904,4194304,4194304,1024,2026-04-14T11:52:50Z,baseline_nvml_pt,nvidia-smi,ok,0.0,5.0,1695.0,7601.0,68.54,0.822272002696991,441.1953125,441.1953125,16.0,True,,,,,unavailable,,prefill-facebook-opt-6-7b-chunk-512-sm-8,success,,,/mnt/data/dheeraj/dicertation/inference-profile/runs/revised-full-20260414-g7-opt67b-c512-1024/raw/points/prefill/prefill-facebook-opt-6-7b-chunk-512-sm-8.csv
facebook/opt-6.7b,512,gemm,k_proj,8,3,215.03999829292297,445849600,450043904,4194304,4194304,1024,2026-04-14T11:52:50Z,baseline_nvml_pt,nvidia-smi,ok,0.0,5.0,1695.0,7601.0,68.54,0.822272002696991,441.1953125,441.1953125,16.0,True,,,,,unavailable,,prefill-facebook-opt-6-7b-chunk-512-sm-8,success,,,/mnt/data/dheeraj/dicertation/inference-profile/runs/revised-full-20260414-g7-opt67b-c512-1024/raw/points/prefill/prefill-facebook-opt-6-7b-chunk-512-sm-8.csv
facebook/opt-6.7b,512,gemm,v_proj,8,3,210.7200026512146,445849600,450043904,4194304,4194304,1024,2026-04-14T11:52:50Z,baseline_nvml_pt,nvidia-smi,ok,0.0,5.0,1695.0,7601.0,68.54,0.822272002696991,441.1953125,441.1953125,16.0,True,,,,,unavailable,,prefill-facebook-opt-6-7b-chunk-512-sm-8,success,,,/mnt/data/dheeraj/dicertation/inference-profile/runs/revised-full-20260414-g7-opt67b-c512-1024/raw/points/prefill/prefill-facebook-opt-6-7b-chunk-512-sm-8.csv
facebook/opt-6.7b,512,gemm,out_proj,8,3,210.207998752594,445849600,450043904,4194304,4194304,1024,2026-04-14T11:52:50Z,baseline_nvml_pt,nvidia-smi,ok,0.0,5.0,1695.0,7601.0,68.54,0.822272002696991,441.1953125,441.1953125,16.0,True,,,,,unavailable,,prefill-facebook-opt-6-7b-chunk-512-sm-8,success,,,/mnt/data/dheeraj/dicertation/inference-profile/runs/revised-full-20260414-g7-opt67b-c512-1024/raw/points/prefill/prefill-facebook-opt-6-7b-chunk-512-sm-8.csv
facebook/opt-6.7b,512,gemm,fc1,8,3,819.1999793052673,445849600,462626816,16777216,16777216,1024,2026-04-14T11:52:50Z,baseline_nvml_pt,nvidia-smi,ok,0.0,5.0,1695.0,7601.0,68.54,0.822272002696991,441.1953125,441.1953125,16.0,True,,,,,unavailable,,prefill-facebook-opt-6-7b-chunk-512-sm-8,success,,,/mnt/data/dheeraj/dicertation/inference-profile/runs/revised-full-20260414-g7-opt67b-c512-1024/raw/points/prefill/prefill-facebook-opt-6-7b-chunk-512-sm-8.csv
facebook/opt-6.7b,512,gemm,fc2,8,3,703.4879922866821,445849600,450043904,4194304,4194304,1024,2026-04-14T11:52:50Z,baseline_nvml_pt,nvidia-smi,ok,0.0,5.0,1695.0,7601.0,68.54,0.822272002696991,441.1953125,441.1953125,16.0,True,,,,,unavailable,,prefill-facebook-opt-6-7b-chunk-512-sm-8,success,,,/mnt/data/dheeraj/dicertation/inference-profile/runs/revised-full-20260414-g7-opt67b-c512-1024/raw/points/prefill/prefill-facebook-opt-6-7b-chunk-512-sm-8.csv
facebook/opt-6.7b,512,attention,attention,8,3,97.28000313043594,445849600,450110464,4260864,4194304,1024,2026-04-14T11:52:50Z,baseline_nvml_pt,nvidia-smi,ok,0.0,5.0,1695.0,7601.0,68.54,0.822272002696991,441.1953125,441.1953125,16.0,True,,,,,unavailable,,prefill-facebook-opt-6-7b-chunk-512-sm-8,success,,,/mnt/data/dheeraj/dicertation/inference-profile/runs/revised-full-20260414-g7-opt67b-c512-1024/raw/points/prefill/prefill-facebook-opt-6-7b-chunk-512-sm-8.csv
facebook/opt-6.7b,512,gemm,q_proj,8,4,211.776003241539,445849600,450043904,4194304,4194304,1024,2026-04-14T11:52:50Z,baseline_nvml_pt,nvidia-smi,ok,0.0,5.0,1695.0,7601.0,68.54,0.822272002696991,441.1953125,441.1953125,16.0,True,,,,,unavailable,,prefill-facebook-opt-6-7b-chunk-512-sm-8,success,,,/mnt/data/dheeraj/dicertation/inference-profile/runs/revised-full-20260414-g7-opt67b-c512-1024/raw/points/prefill/prefill-facebook-opt-6-7b-chunk-512-sm-8.csv
facebook/opt-6.7b,512,gemm,k_proj,8,4,210.7519954442978,445849600,450043904,4194304,4194304,1024,2026-04-14T11:52:50Z,baseline_nvml_pt,nvidia-smi,ok,0.0,5.0,1695.0,7601.0,68.54,0.822272002696991,441.1953125,441.1953125,16.0,True,,,,,unavailable,,prefill-facebook-opt-6-7b-chunk-512-sm-8,success,,,/mnt/data/dheeraj/dicertation/inference-profile/runs/revised-full-20260414-g7-opt67b-c512-1024/raw/points/prefill/prefill-facebook-opt-6-7b-chunk-512-sm-8.csv
facebook/opt-6.7b,512,gemm,v_proj,8,4,207.87200331687927,445849600,450043904,4194304,4194304,1024,2026-04-14T11:52:50Z,baseline_nvml_pt,nvidia-smi,ok,0.0,5.0,1695.0,7601.0,68.54,0.822272002696991,441.1953125,441.1953125,16.0,True,,,,,unavailable,,prefill-facebook-opt-6-7b-chunk-512-sm-8,success,,,/mnt/data/dheeraj/dicertation/inference-profile/runs/revised-full-20260414-g7-opt67b-c512-1024/raw/points/prefill/prefill-facebook-opt-6-7b-chunk-512-sm-8.csv
facebook/opt-6.7b,512,gemm,out_proj,8,4,209.6319943666458,445849600,450043904,4194304,4194304,1024,2026-04-14T11:52:50Z,baseline_nvml_pt,nvidia-smi,ok,0.0,5.0,1695.0,7601.0,68.54,0.822272002696991,441.1953125,441.1953125,16.0,True,,,,,unavailable,,prefill-facebook-opt-6-7b-chunk-512-sm-8,success,,,/mnt/data/dheeraj/dicertation/inference-profile/runs/revised-full-20260414-g7-opt67b-c512-1024/raw/points/prefill/prefill-facebook-opt-6-7b-chunk-512-sm-8.csv
facebook/opt-6.7b,512,gemm,fc1,8,4,821.2479948997498,445849600,462626816,16777216,16777216,1024,2026-04-14T11:52:50Z,baseline_nvml_pt,nvidia-smi,ok,0.0,5.0,1695.0,7601.0,68.54,0.822272002696991,441.1953125,441.1953125,16.0,True,,,,,unavailable,,prefill-facebook-opt-6-7b-chunk-512-sm-8,success,,,/mnt/data/dheeraj/dicertation/inference-profile/runs/revised-full-20260414-g7-opt67b-c512-1024/raw/points/prefill/prefill-facebook-opt-6-7b-chunk-512-sm-8.csv
facebook/opt-6.7b,512,gemm,fc2,8,4,703.3920288085938,445849600,450043904,4194304,4194304,1024,2026-04-14T11:52:50Z,baseline_nvml_pt,nvidia-smi,ok,0.0,5.0,1695.0,7601.0,68.54,0.822272002696991,441.1953125,441.1953125,16.0,True,,,,,unavailable,,prefill-facebook-opt-6-7b-chunk-512-sm-8,success,,,/mnt/data/dheeraj/dicertation/inference-profile/runs/revised-full-20260414-g7-opt67b-c512-1024/raw/points/prefill/prefill-facebook-opt-6-7b-chunk-512-sm-8.csv
facebook/opt-6.7b,512,attention,attention,8,4,97.24800288677216,445849600,450110464,4260864,4194304,1024,2026-04-14T11:52:50Z,baseline_nvml_pt,nvidia-smi,ok,0.0,5.0,1695.0,7601.0,68.54,0.822272002696991,441.1953125,441.1953125,16.0,True,,,,,unavailable,,prefill-facebook-opt-6-7b-chunk-512-sm-8,success,,,/mnt/data/dheeraj/dicertation/inference-profile/runs/revised-full-20260414-g7-opt67b-c512-1024/raw/points/prefill/prefill-facebook-opt-6-7b-chunk-512-sm-8.csv
facebook/opt-6.7b,512,gemm,q_proj,16,0,232.67200589179993,445849600,450043904,4194304,4194304,1024,2026-04-14T11:52:58Z,baseline_nvml_pt,nvidia-smi,ok,1.0,5.0,1695.0,7601.0,68.51,0.8294399976730347,441.1953125,441.1953125,16.0,True,,,,,unavailable,,prefill-facebook-opt-6-7b-chunk-512-sm-16,success,,,/mnt/data/dheeraj/dicertation/inference-profile/runs/revised-full-20260414-g7-opt67b-c512-1024/raw/points/prefill/prefill-facebook-opt-6-7b-chunk-512-sm-16.csv
facebook/opt-6.7b,512,gemm,k_proj,16,0,221.15199267864227,445849600,450043904,4194304,4194304,1024,2026-04-14T11:52:58Z,baseline_nvml_pt,nvidia-smi,ok,1.0,5.0,1695.0,7601.0,68.51,0.8294399976730347,441.1953125,441.1953125,16.0,True,,,,,unavailable,,prefill-facebook-opt-6-7b-chunk-512-sm-16,success,,,/mnt/data/dheeraj/dicertation/inference-profile/runs/revised-full-20260414-g7-opt67b-c512-1024/raw/points/prefill/prefill-facebook-opt-6-7b-chunk-512-sm-16.csv
facebook/opt-6.7b,512,gemm,v_proj,16,0,211.96800470352173,445849600,450043904,4194304,4194304,1024,2026-04-14T11:52:58Z,baseline_nvml_pt,nvidia-smi,ok,1.0,5.0,1695.0,7601.0,68.51,0.8294399976730347,441.1953125,441.1953125,16.0,True,,,,,unavailable,,prefill-facebook-opt-6-7b-chunk-512-sm-16,success,,,/mnt/data/dheeraj/dicertation/inference-profile/runs/revised-full-20260414-g7-opt67b-c512-1024/raw/points/prefill/prefill-facebook-opt-6-7b-chunk-512-sm-16.csv
facebook/opt-6.7b,512,gemm,out_proj,16,0,212.12799847126007,445849600,450043904,4194304,4194304,1024,2026-04-14T11:52:58Z,baseline_nvml_pt,nvidia-smi,ok,1.0,5.0,1695.0,7601.0,68.51,0.8294399976730347,441.1953125,441.1953125,16.0,True,,,,,unavailable,,prefill-facebook-opt-6-7b-chunk-512-sm-16,success,,,/mnt/data/dheeraj/dicertation/inference-profile/runs/revised-full-20260414-g7-opt67b-c512-1024/raw/points/prefill/prefill-facebook-opt-6-7b-chunk-512-sm-16.csv
facebook/opt-6.7b,512,gemm,fc1,16,0,829.4399976730347,445849600,462626816,16777216,16777216,1024,2026-04-14T11:52:58Z,baseline_nvml_pt,nvidia-smi,ok,1.0,5.0,1695.0,7601.0,68.51,0.8294399976730347,441.1953125,441.1953125,16.0,True,,,,,unavailable,,prefill-facebook-opt-6-7b-chunk-512-sm-16,success,,,/mnt/data/dheeraj/dicertation/inference-profile/runs/revised-full-20260414-g7-opt67b-c512-1024/raw/points/prefill/prefill-facebook-opt-6-7b-chunk-512-sm-16.csv
facebook/opt-6.7b,512,gemm,fc2,16,0,713.8239741325378,445849600,450043904,4194304,4194304,1024,2026-04-14T11:52:58Z,baseline_nvml_pt,nvidia-smi,ok,1.0,5.0,1695.0,7601.0,68.51,0.8294399976730347,441.1953125,441.1953125,16.0,True,,,,,unavailable,,prefill-facebook-opt-6-7b-chunk-512-sm-16,success,,,/mnt/data/dheeraj/dicertation/inference-profile/runs/revised-full-20260414-g7-opt67b-c512-1024/raw/points/prefill/prefill-facebook-opt-6-7b-chunk-512-sm-16.csv
facebook/opt-6.7b,512,attention,attention,16,0,99.32799637317657,445849600,450110464,4260864,4194304,1024,2026-04-14T11:52:58Z,baseline_nvml_pt,nvidia-smi,ok,1.0,5.0,1695.0,7601.0,68.51,0.8294399976730347,441.1953125,441.1953125,16.0,True,,,,,unavailable,,prefill-facebook-opt-6-7b-chunk-512-sm-16,success,,,/mnt/data/dheeraj/dicertation/inference-profile/runs/revised-full-20260414-g7-opt67b-c512-1024/raw/points/prefill/prefill-facebook-opt-6-7b-chunk-512-sm-16.csv
facebook/opt-6.7b,512,gemm,q_proj,16,1,213.76000344753265,445849600,450043904,4194304,4194304,1024,2026-04-14T11:52:58Z,baseline_nvml_pt,nvidia-smi,ok,1.0,5.0,1695.0,7601.0,68.51,0.8294399976730347,441.1953125,441.1953125,16.0,True,,,,,unavailable,,prefill-facebook-opt-6-7b-chunk-512-sm-16,success,,,/mnt/data/dheeraj/dicertation/inference-profile/runs/revised-full-20260414-g7-opt67b-c512-1024/raw/points/prefill/prefill-facebook-opt-6-7b-chunk-512-sm-16.csv
facebook/opt-6.7b,512,gemm,k_proj,16,1,211.96800470352173,445849600,450043904,4194304,4194304,1024,2026-04-14T11:52:58Z,baseline_nvml_pt,nvidia-smi,ok,1.0,5.0,1695.0,7601.0,68.51,0.8294399976730347,441.1953125,441.1953125,16.0,True,,,,,unavailable,,prefill-facebook-opt-6-7b-chunk-512-sm-16,success,,,/mnt/data/dheeraj/dicertation/inference-profile/runs/revised-full-20260414-g7-opt67b-c512-1024/raw/points/prefill/prefill-facebook-opt-6-7b-chunk-512-sm-16.csv
facebook/opt-6.7b,512,gemm,v_proj,16,1,209.72800254821777,445849600,450043904,4194304,4194304,1024,2026-04-14T11:52:58Z,baseline_nvml_pt,nvidia-smi,ok,1.0,5.0,1695.0,7601.0,68.51,0.8294399976730347,441.1953125,441.1953125,16.0,True,,,,,unavailable,,prefill-facebook-opt-6-7b-chunk-512-sm-16,success,,,/mnt/data/dheeraj/dicertation/inference-profile/runs/revised-full-20260414-g7-opt67b-c512-1024/raw/points/prefill/prefill-facebook-opt-6-7b-chunk-512-sm-16.csv
facebook/opt-6.7b,512,gemm,out_proj,16,1,209.9200040102005,445849600,450043904,4194304,4194304,1024,2026-04-14T11:52:58Z,baseline_nvml_pt,nvidia-smi,ok,1.0,5.0,1695.0,7601.0,68.51,0.8294399976730347,441.1953125,441.1953125,16.0,True,,,,,unavailable,,prefill-facebook-opt-6-7b-chunk-512-sm-16,success,,,/mnt/data/dheeraj/dicertation/inference-profile/runs/revised-full-20260414-g7-opt67b-c512-1024/raw/points/prefill/prefill-facebook-opt-6-7b-chunk-512-sm-16.csv
facebook/opt-6.7b,512,gemm,fc1,16,1,818.1759715080261,445849600,462626816,16777216,16777216,1024,2026-04-14T11:52:58Z,baseline_nvml_pt,nvidia-smi,ok,1.0,5.0,1695.0,7601.0,68.51,0.8294399976730347,441.1953125,441.1953125,16.0,True,,,,,unavailable,,prefill-facebook-opt-6-7b-chunk-512-sm-16,success,,,/mnt/data/dheeraj/dicertation/inference-profile/runs/revised-full-20260414-g7-opt67b-c512-1024/raw/points/prefill/prefill-facebook-opt-6-7b-chunk-512-sm-16.csv
facebook/opt-6.7b,512,gemm,fc2,16,1,701.4399766921997,445849600,450043904,4194304,4194304,1024,2026-04-14T11:52:58Z,baseline_nvml_pt,nvidia-smi,ok,1.0,5.0,1695.0,7601.0,68.51,0.8294399976730347,441.1953125,441.1953125,16.0,True,,,,,unavailable,,prefill-facebook-opt-6-7b-chunk-512-sm-16,success,,,/mnt/data/dheeraj/dicertation/inference-profile/runs/revised-full-20260414-g7-opt67b-c512-1024/raw/points/prefill/prefill-facebook-opt-6-7b-chunk-512-sm-16.csv
facebook/opt-6.7b,512,attention,attention,16,1,97.28000313043594,445849600,450110464,4260864,4194304,1024,2026-04-14T11:52:58Z,baseline_nvml_pt,nvidia-smi,ok,1.0,5.0,1695.0,7601.0,68.51,0.8294399976730347,441.1953125,441.1953125,16.0,True,,,,,unavailable,,prefill-facebook-opt-6-7b-chunk-512-sm-16,success,,,/mnt/data/dheeraj/dicertation/inference-profile/runs/revised-full-20260414-g7-opt67b-c512-1024/raw/points/prefill/prefill-facebook-opt-6-7b-chunk-512-sm-16.csv
facebook/opt-6.7b,512,gemm,q_proj,16,2,211.96800470352173,445849600,450043904,4194304,4194304,1024,2026-04-14T11:52:58Z,baseline_nvml_pt,nvidia-smi,ok,1.0,5.0,1695.0,7601.0,68.51,0.8294399976730347,441.1953125,441.1953125,16.0,True,,,,,unavailable,,prefill-facebook-opt-6-7b-chunk-512-sm-16,success,,,/mnt/data/dheeraj/dicertation/inference-profile/runs/revised-full-20260414-g7-opt67b-c512-1024/raw/points/prefill/prefill-facebook-opt-6-7b-chunk-512-sm-16.csv
facebook/opt-6.7b,512,gemm,k_proj,16,2,209.9200040102005,445849600,450043904,4194304,4194304,1024,2026-04-14T11:52:58Z,baseline_nvml_pt,nvidia-smi,ok,1.0,5.0,1695.0,7601.0,68.51,0.8294399976730347,441.1953125,441.1953125,16.0,True,,,,,unavailable,,prefill-facebook-opt-6-7b-chunk-512-sm-16,success,,,/mnt/data/dheeraj/dicertation/inference-profile/runs/revised-full-20260414-g7-opt67b-c512-1024/raw/points/prefill/prefill-facebook-opt-6-7b-chunk-512-sm-16.csv
facebook/opt-6.7b,512,gemm,v_proj,16,2,217.24799275398254,445849600,450043904,4194304,4194304,1024,2026-04-14T11:52:58Z,baseline_nvml_pt,nvidia-smi,ok,1.0,5.0,1695.0,7601.0,68.51,0.8294399976730347,441.1953125,441.1953125,16.0,True,,,,,unavailable,,prefill-facebook-opt-6-7b-chunk-512-sm-16,success,,,/mnt/data/dheeraj/dicertation/inference-profile/runs/revised-full-20260414-g7-opt67b-c512-1024/raw/points/prefill/prefill-facebook-opt-6-7b-chunk-512-sm-16.csv
facebook/opt-6.7b,512,gemm,out_proj,16,2,209.9200040102005,445849600,450043904,4194304,4194304,1024,2026-04-14T11:52:58Z,baseline_nvml_pt,nvidia-smi,ok,1.0,5.0,1695.0,7601.0,68.51,0.8294399976730347,441.1953125,441.1953125,16.0,True,,,,,unavailable,,prefill-facebook-opt-6-7b-chunk-512-sm-16,success,,,/mnt/data/dheeraj/dicertation/inference-profile/runs/revised-full-20260414-g7-opt67b-c512-1024/raw/points/prefill/prefill-facebook-opt-6-7b-chunk-512-sm-16.csv
facebook/opt-6.7b,512,gemm,fc1,16,2,821.183979511261,445849600,462626816,16777216,16777216,1024,2026-04-14T11:52:58Z,baseline_nvml_pt,nvidia-smi,ok,1.0,5.0,1695.0,7601.0,68.51,0.8294399976730347,441.1953125,441.1953125,16.0,True,,,,,unavailable,,prefill-facebook-opt-6-7b-chunk-512-sm-16,success,,,/mnt/data/dheeraj/dicertation/inference-profile/runs/revised-full-20260414-g7-opt67b-c512-1024/raw/points/prefill/prefill-facebook-opt-6-7b-chunk-512-sm-16.csv
facebook/opt-6.7b,512,gemm,fc2,16,2,714.7520184516907,445849600,450043904,4194304,4194304,1024,2026-04-14T11:52:58Z,baseline_nvml_pt,nvidia-smi,ok,1.0,5.0,1695.0,7601.0,68.51,0.8294399976730347,441.1953125,441.1953125,16.0,True,,,,,unavailable,,prefill-facebook-opt-6-7b-chunk-512-sm-16,success,,,/mnt/data/dheeraj/dicertation/inference-profile/runs/revised-full-20260414-g7-opt67b-c512-1024/raw/points/prefill/prefill-facebook-opt-6-7b-chunk-512-sm-16.csv
facebook/opt-6.7b,512,attention,attention,16,2,105.47199845314026,445849600,450110464,4260864,4194304,1024,2026-04-14T11:52:58Z,baseline_nvml_pt,nvidia-smi,ok,1.0,5.0,1695.0,7601.0,68.51,0.8294399976730347,441.1953125,441.1953125,16.0,True,,,,,unavailable,,prefill-facebook-opt-6-7b-chunk-512-sm-16,success,,,/mnt/data/dheeraj/dicertation/inference-profile/runs/revised-full-20260414-g7-opt67b-c512-1024/raw/points/prefill/prefill-facebook-opt-6-7b-chunk-512-sm-16.csv
facebook/opt-6.7b,512,gemm,q_proj,16,3,212.76800334453583,445849600,450043904,4194304,4194304,1024,2026-04-14T11:52:58Z,baseline_nvml_pt,nvidia-smi,ok,1.0,5.0,1695.0,7601.0,68.51,0.8294399976730347,441.1953125,441.1953125,16.0,True,,,,,unavailable,,prefill-facebook-opt-6-7b-chunk-512-sm-16,success,,,/mnt/data/dheeraj/dicertation/inference-profile/runs/revised-full-20260414-g7-opt67b-c512-1024/raw/points/prefill/prefill-facebook-opt-6-7b-chunk-512-sm-16.csv
facebook/opt-6.7b,512,gemm,k_proj,16,3,206.84799551963806,445849600,450043904,4194304,4194304,1024,2026-04-14T11:52:58Z,baseline_nvml_pt,nvidia-smi,ok,1.0,5.0,1695.0,7601.0,68.51,0.8294399976730347,441.1953125,441.1953125,16.0,True,,,,,unavailable,,prefill-facebook-opt-6-7b-chunk-512-sm-16,success,,,/mnt/data/dheeraj/dicertation/inference-profile/runs/revised-full-20260414-g7-opt67b-c512-1024/raw/points/prefill/prefill-facebook-opt-6-7b-chunk-512-sm-16.csv
facebook/opt-6.7b,512,gemm,v_proj,16,3,209.05600488185883,445849600,450043904,4194304,4194304,1024,2026-04-14T11:52:58Z,baseline_nvml_pt,nvidia-smi,ok,1.0,5.0,1695.0,7601.0,68.51,0.8294399976730347,441.1953125,441.1953125,16.0,True,,,,,unavailable,,prefill-facebook-opt-6-7b-chunk-512-sm-16,success,,,/mnt/data/dheeraj/dicertation/inference-profile/runs/revised-full-20260414-g7-opt67b-c512-1024/raw/points/prefill/prefill-facebook-opt-6-7b-chunk-512-sm-16.csv
facebook/opt-6.7b,512,gemm,out_proj,16,3,208.8959962129593,445849600,450043904,4194304,4194304,1024,2026-04-14T11:52:58Z,baseline_nvml_pt,nvidia-smi,ok,1.0,5.0,1695.0,7601.0,68.51,0.8294399976730347,441.1953125,441.1953125,16.0,True,,,,,unavailable,,prefill-facebook-opt-6-7b-chunk-512-sm-16,success,,,/mnt/data/dheeraj/dicertation/inference-profile/runs/revised-full-20260414-g7-opt67b-c512-1024/raw/points/prefill/prefill-facebook-opt-6-7b-chunk-512-sm-16.csv
facebook/opt-6.7b,512,gemm,fc1,16,3,817.1520233154297,445849600,462626816,16777216,16777216,1024,2026-04-14T11:52:58Z,baseline_nvml_pt,nvidia-smi,ok,1.0,5.0,1695.0,7601.0,68.51,0.8294399976730347,441.1953125,441.1953125,16.0,True,,,,,unavailable,,prefill-facebook-opt-6-7b-chunk-512-sm-16,success,,,/mnt/data/dheeraj/dicertation/inference-profile/runs/revised-full-20260414-g7-opt67b-c512-1024/raw/points/prefill/prefill-facebook-opt-6-7b-chunk-512-sm-16.csv
facebook/opt-6.7b,512,gemm,fc2,16,3,705.5360078811646,445849600,450043904,4194304,4194304,1024,2026-04-14T11:52:58Z,baseline_nvml_pt,nvidia-smi,ok,1.0,5.0,1695.0,7601.0,68.51,0.8294399976730347,441.1953125,441.1953125,16.0,True,,,,,unavailable,,prefill-facebook-opt-6-7b-chunk-512-sm-16,success,,,/mnt/data/dheeraj/dicertation/inference-profile/runs/revised-full-20260414-g7-opt67b-c512-1024/raw/points/prefill/prefill-facebook-opt-6-7b-chunk-512-sm-16.csv
facebook/opt-6.7b,512,attention,attention,16,3,97.28000313043594,445849600,450110464,4260864,4194304,1024,2026-04-14T11:52:58Z,baseline_nvml_pt,nvidia-smi,ok,1.0,5.0,1695.0,7601.0,68.51,0.8294399976730347,441.1953125,441.1953125,16.0,True,,,,,unavailable,,prefill-facebook-opt-6-7b-chunk-512-sm-16,success,,,/mnt/data/dheeraj/dicertation/inference-profile/runs/revised-full-20260414-g7-opt67b-c512-1024/raw/points/prefill/prefill-facebook-opt-6-7b-chunk-512-sm-16.csv
facebook/opt-6.7b,512,gemm,q_proj,16,4,211.87199652194977,445849600,450043904,4194304,4194304,1024,2026-04-14T11:52:58Z,baseline_nvml_pt,nvidia-smi,ok,1.0,5.0,1695.0,7601.0,68.51,0.8294399976730347,441.1953125,441.1953125,16.0,True,,,,,unavailable,,prefill-facebook-opt-6-7b-chunk-512-sm-16,success,,,/mnt/data/dheeraj/dicertation/inference-profile/runs/revised-full-20260414-g7-opt67b-c512-1024/raw/points/prefill/prefill-facebook-opt-6-7b-chunk-512-sm-16.csv
facebook/opt-6.7b,512,gemm,k_proj,16,4,207.87200331687927,445849600,450043904,4194304,4194304,1024,2026-04-14T11:52:58Z,baseline_nvml_pt,nvidia-smi,ok,1.0,5.0,1695.0,7601.0,68.51,0.8294399976730347,441.1953125,441.1953125,16.0,True,,,,,unavailable,,prefill-facebook-opt-6-7b-chunk-512-sm-16,success,,,/mnt/data/dheeraj/dicertation/inference-profile/runs/revised-full-20260414-g7-opt67b-c512-1024/raw/points/prefill/prefill-facebook-opt-6-7b-chunk-512-sm-16.csv
facebook/opt-6.7b,512,gemm,v_proj,16,4,209.02399718761444,445849600,450043904,4194304,4194304,1024,2026-04-14T11:52:58Z,baseline_nvml_pt,nvidia-smi,ok,1.0,5.0,1695.0,7601.0,68.51,0.8294399976730347,441.1953125,441.1953125,16.0,True,,,,,unavailable,,prefill-facebook-opt-6-7b-chunk-512-sm-16,success,,,/mnt/data/dheeraj/dicertation/inference-profile/runs/revised-full-20260414-g7-opt67b-c512-1024/raw/points/prefill/prefill-facebook-opt-6-7b-chunk-512-sm-16.csv
facebook/opt-6.7b,512,gemm,out_proj,16,4,207.87200331687927,445849600,450043904,4194304,4194304,1024,2026-04-14T11:52:58Z,baseline_nvml_pt,nvidia-smi,ok,1.0,5.0,1695.0,7601.0,68.51,0.8294399976730347,441.1953125,441.1953125,16.0,True,,,,,unavailable,,prefill-facebook-opt-6-7b-chunk-512-sm-16,success,,,/mnt/data/dheeraj/dicertation/inference-profile/runs/revised-full-20260414-g7-opt67b-c512-1024/raw/points/prefill/prefill-facebook-opt-6-7b-chunk-512-sm-16.csv
facebook/opt-6.7b,512,gemm,fc1,16,4,819.1999793052673,445849600,462626816,16777216,16777216,1024,2026-04-14T11:52:58Z,baseline_nvml_pt,nvidia-smi,ok,1.0,5.0,1695.0,7601.0,68.51,0.8294399976730347,441.1953125,441.1953125,16.0,True,,,,,unavailable,,prefill-facebook-opt-6-7b-chunk-512-sm-16,success,,,/mnt/data/dheeraj/dicertation/inference-profile/runs/revised-full-20260414-g7-opt67b-c512-1024/raw/points/prefill/prefill-facebook-opt-6-7b-chunk-512-sm-16.csv
facebook/opt-6.7b,512,gemm,fc2,16,4,703.2319903373718,445849600,450043904,4194304,4194304,1024,2026-04-14T11:52:58Z,baseline_nvml_pt,nvidia-smi,ok,1.0,5.0,1695.0,7601.0,68.51,0.8294399976730347,441.1953125,441.1953125,16.0,True,,,,,unavailable,,prefill-facebook-opt-6-7b-chunk-512-sm-16,success,,,/mnt/data/dheeraj/dicertation/inference-profile/runs/revised-full-20260414-g7-opt67b-c512-1024/raw/points/prefill/prefill-facebook-opt-6-7b-chunk-512-sm-16.csv
facebook/opt-6.7b,512,attention,attention,16,4,97.05600142478943,445849600,450110464,4260864,4194304,1024,2026-04-14T11:52:58Z,baseline_nvml_pt,nvidia-smi,ok,1.0,5.0,1695.0,7601.0,68.51,0.8294399976730347,441.1953125,441.1953125,16.0,True,,,,,unavailable,,prefill-facebook-opt-6-7b-chunk-512-sm-16,success,,,/mnt/data/dheeraj/dicertation/inference-profile/runs/revised-full-20260414-g7-opt67b-c512-1024/raw/points/prefill/prefill-facebook-opt-6-7b-chunk-512-sm-16.csv
facebook/opt-6.7b,512,gemm,q_proj,24,0,231.4240038394928,445849600,450043904,4194304,4194304,1024,2026-04-14T11:53:04Z,baseline_nvml_pt,nvidia-smi,ok,6.0,5.0,1695.0,7601.0,69.06,0.8282880187034607,441.1953125,441.1953125,16.0,True,,,,,unavailable,,prefill-facebook-opt-6-7b-chunk-512-sm-24,success,,,/mnt/data/dheeraj/dicertation/inference-profile/runs/revised-full-20260414-g7-opt67b-c512-1024/raw/points/prefill/prefill-facebook-opt-6-7b-chunk-512-sm-24.csv
facebook/opt-6.7b,512,gemm,k_proj,24,0,219.13599967956543,445849600,450043904,4194304,4194304,1024,2026-04-14T11:53:04Z,baseline_nvml_pt,nvidia-smi,ok,6.0,5.0,1695.0,7601.0,69.06,0.8282880187034607,441.1953125,441.1953125,16.0,True,,,,,unavailable,,prefill-facebook-opt-6-7b-chunk-512-sm-24,success,,,/mnt/data/dheeraj/dicertation/inference-profile/runs/revised-full-20260414-g7-opt67b-c512-1024/raw/points/prefill/prefill-facebook-opt-6-7b-chunk-512-sm-24.csv
facebook/opt-6.7b,512,gemm,v_proj,24,0,212.99199759960175,445849600,450043904,4194304,4194304,1024,2026-04-14T11:53:04Z,baseline_nvml_pt,nvidia-smi,ok,6.0,5.0,1695.0,7601.0,69.06,0.8282880187034607,441.1953125,441.1953125,16.0,True,,,,,unavailable,,prefill-facebook-opt-6-7b-chunk-512-sm-24,success,,,/mnt/data/dheeraj/dicertation/inference-profile/runs/revised-full-20260414-g7-opt67b-c512-1024/raw/points/prefill/prefill-facebook-opt-6-7b-chunk-512-sm-24.csv
facebook/opt-6.7b,512,gemm,out_proj,24,0,211.96800470352173,445849600,450043904,4194304,4194304,1024,2026-04-14T11:53:04Z,baseline_nvml_pt,nvidia-smi,ok,6.0,5.0,1695.0,7601.0,69.06,0.8282880187034607,441.1953125,441.1953125,16.0,True,,,,,unavailable,,prefill-facebook-opt-6-7b-chunk-512-sm-24,success,,,/mnt/data/dheeraj/dicertation/inference-profile/runs/revised-full-20260414-g7-opt67b-c512-1024/raw/points/prefill/prefill-facebook-opt-6-7b-chunk-512-sm-24.csv
facebook/opt-6.7b,512,gemm,fc1,24,0,828.2880187034607,445849600,462626816,16777216,16777216,1024,2026-04-14T11:53:04Z,baseline_nvml_pt,nvidia-smi,ok,6.0,5.0,1695.0,7601.0,69.06,0.8282880187034607,441.1953125,441.1953125,16.0,True,,,,,unavailable,,prefill-facebook-opt-6-7b-chunk-512-sm-24,success,,,/mnt/data/dheeraj/dicertation/inference-profile/runs/revised-full-20260414-g7-opt67b-c512-1024/raw/points/prefill/prefill-facebook-opt-6-7b-chunk-512-sm-24.csv
facebook/opt-6.7b,512,gemm,fc2,24,0,705.5360078811646,445849600,450043904,4194304,4194304,1024,2026-04-14T11:53:04Z,baseline_nvml_pt,nvidia-smi,ok,6.0,5.0,1695.0,7601.0,69.06,0.8282880187034607,441.1953125,441.1953125,16.0,True,,,,,unavailable,,prefill-facebook-opt-6-7b-chunk-512-sm-24,success,,,/mnt/data/dheeraj/dicertation/inference-profile/runs/revised-full-20260414-g7-opt67b-c512-1024/raw/points/prefill/prefill-facebook-opt-6-7b-chunk-512-sm-24.csv
facebook/opt-6.7b,512,attention,attention,24,0,100.35199671983719,445849600,450110464,4260864,4194304,1024,2026-04-14T11:53:04Z,baseline_nvml_pt,nvidia-smi,ok,6.0,5.0,1695.0,7601.0,69.06,0.8282880187034607,441.1953125,441.1953125,16.0,True,,,,,unavailable,,prefill-facebook-opt-6-7b-chunk-512-sm-24,success,,,/mnt/data/dheeraj/dicertation/inference-profile/runs/revised-full-20260414-g7-opt67b-c512-1024/raw/points/prefill/prefill-facebook-opt-6-7b-chunk-512-sm-24.csv
facebook/opt-6.7b,512,gemm,q_proj,24,1,214.01600539684296,445849600,450043904,4194304,4194304,1024,2026-04-14T11:53:04Z,baseline_nvml_pt,nvidia-smi,ok,6.0,5.0,1695.0,7601.0,69.06,0.8282880187034607,441.1953125,441.1953125,16.0,True,,,,,unavailable,,prefill-facebook-opt-6-7b-chunk-512-sm-24,success,,,/mnt/data/dheeraj/dicertation/inference-profile/runs/revised-full-20260414-g7-opt67b-c512-1024/raw/points/prefill/prefill-facebook-opt-6-7b-chunk-512-sm-24.csv
facebook/opt-6.7b,512,gemm,k_proj,24,1,211.96800470352173,445849600,450043904,4194304,4194304,1024,2026-04-14T11:53:04Z,baseline_nvml_pt,nvidia-smi,ok,6.0,5.0,1695.0,7601.0,69.06,0.8282880187034607,441.1953125,441.1953125,16.0,True,,,,,unavailable,,prefill-facebook-opt-6-7b-chunk-512-sm-24,success,,,/mnt/data/dheeraj/dicertation/inference-profile/runs/revised-full-20260414-g7-opt67b-c512-1024/raw/points/prefill/prefill-facebook-opt-6-7b-chunk-512-sm-24.csv
facebook/opt-6.7b,512,gemm,v_proj,24,1,209.9200040102005,445849600,450043904,4194304,4194304,1024,2026-04-14T11:53:04Z,baseline_nvml_pt,nvidia-smi,ok,6.0,5.0,1695.0,7601.0,69.06,0.8282880187034607,441.1953125,441.1953125,16.0,True,,,,,unavailable,,prefill-facebook-opt-6-7b-chunk-512-sm-24,success,,,/mnt/data/dheeraj/dicertation/inference-profile/runs/revised-full-20260414-g7-opt67b-c512-1024/raw/points/prefill/prefill-facebook-opt-6-7b-chunk-512-sm-24.csv
facebook/opt-6.7b,512,gemm,out_proj,24,1,208.8959962129593,445849600,450043904,4194304,4194304,1024,2026-04-14T11:53:04Z,baseline_nvml_pt,nvidia-smi,ok,6.0,5.0,1695.0,7601.0,69.06,0.8282880187034607,441.1953125,441.1953125,16.0,True,,,,,unavailable,,prefill-facebook-opt-6-7b-chunk-512-sm-24,success,,,/mnt/data/dheeraj/dicertation/inference-profile/runs/revised-full-20260414-g7-opt67b-c512-1024/raw/points/prefill/prefill-facebook-opt-6-7b-chunk-512-sm-24.csv
facebook/opt-6.7b,512,gemm,fc1,24,1,820.1919794082642,445849600,462626816,16777216,16777216,1024,2026-04-14T11:53:04Z,baseline_nvml_pt,nvidia-smi,ok,6.0,5.0,1695.0,7601.0,69.06,0.8282880187034607,441.1953125,441.1953125,16.0,True,,,,,unavailable,,prefill-facebook-opt-6-7b-chunk-512-sm-24,success,,,/mnt/data/dheeraj/dicertation/inference-profile/runs/revised-full-20260414-g7-opt67b-c512-1024/raw/points/prefill/prefill-facebook-opt-6-7b-chunk-512-sm-24.csv
facebook/opt-6.7b,512,gemm,fc2,24,1,705.5360078811646,445849600,450043904,4194304,4194304,1024,2026-04-14T11:53:04Z,baseline_nvml_pt,nvidia-smi,ok,6.0,5.0,1695.0,7601.0,69.06,0.8282880187034607,441.1953125,441.1953125,16.0,True,,,,,unavailable,,prefill-facebook-opt-6-7b-chunk-512-sm-24,success,,,/mnt/data/dheeraj/dicertation/inference-profile/runs/revised-full-20260414-g7-opt67b-c512-1024/raw/points/prefill/prefill-facebook-opt-6-7b-chunk-512-sm-24.csv
facebook/opt-6.7b,512,attention,attention,24,1,97.28000313043594,445849600,450110464,4260864,4194304,1024,2026-04-14T11:53:04Z,baseline_nvml_pt,nvidia-smi,ok,6.0,5.0,1695.0,7601.0,69.06,0.8282880187034607,441.1953125,441.1953125,16.0,True,,,,,unavailable,,prefill-facebook-opt-6-7b-chunk-512-sm-24,success,,,/mnt/data/dheeraj/dicertation/inference-profile/runs/revised-full-20260414-g7-opt67b-c512-1024/raw/points/prefill/prefill-facebook-opt-6-7b-chunk-512-sm-24.csv
facebook/opt-6.7b,512,gemm,q_proj,24,2,212.99199759960175,445849600,450043904,4194304,4194304,1024,2026-04-14T11:53:04Z,baseline_nvml_pt,nvidia-smi,ok,6.0,5.0,1695.0,7601.0,69.06,0.8282880187034607,441.1953125,441.1953125,16.0,True,,,,,unavailable,,prefill-facebook-opt-6-7b-chunk-512-sm-24,success,,,/mnt/data/dheeraj/dicertation/inference-profile/runs/revised-full-20260414-g7-opt67b-c512-1024/raw/points/prefill/prefill-facebook-opt-6-7b-chunk-512-sm-24.csv
facebook/opt-6.7b,512,gemm,k_proj,24,2,209.9200040102005,445849600,450043904,4194304,4194304,1024,2026-04-14T11:53:04Z,baseline_nvml_pt,nvidia-smi,ok,6.0,5.0,1695.0,7601.0,69.06,0.8282880187034607,441.1953125,441.1953125,16.0,True,,,,,unavailable,,prefill-facebook-opt-6-7b-chunk-512-sm-24,success,,,/mnt/data/dheeraj/dicertation/inference-profile/runs/revised-full-20260414-g7-opt67b-c512-1024/raw/points/prefill/prefill-facebook-opt-6-7b-chunk-512-sm-24.csv
facebook/opt-6.7b,512,gemm,v_proj,24,2,221.02400660514832,445849600,450043904,4194304,4194304,1024,2026-04-14T11:53:04Z,baseline_nvml_pt,nvidia-smi,ok,6.0,5.0,1695.0,7601.0,69.06,0.8282880187034607,441.1953125,441.1953125,16.0,True,,,,,unavailable,,prefill-facebook-opt-6-7b-chunk-512-sm-24,success,,,/mnt/data/dheeraj/dicertation/inference-profile/runs/revised-full-20260414-g7-opt67b-c512-1024/raw/points/prefill/prefill-facebook-opt-6-7b-chunk-512-sm-24.csv
facebook/opt-6.7b,512,gemm,out_proj,24,2,210.94399690628052,445849600,450043904,4194304,4194304,1024,2026-04-14T11:53:04Z,baseline_nvml_pt,nvidia-smi,ok,6.0,5.0,1695.0,7601.0,69.06,0.8282880187034607,441.1953125,441.1953125,16.0,True,,,,,unavailable,,prefill-facebook-opt-6-7b-chunk-512-sm-24,success,,,/mnt/data/dheeraj/dicertation/inference-profile/runs/revised-full-20260414-g7-opt67b-c512-1024/raw/points/prefill/prefill-facebook-opt-6-7b-chunk-512-sm-24.csv
facebook/opt-6.7b,512,gemm,fc1,24,2,820.2239871025085,445849600,462626816,16777216,16777216,1024,2026-04-14T11:53:04Z,baseline_nvml_pt,nvidia-smi,ok,6.0,5.0,1695.0,7601.0,69.06,0.8282880187034607,441.1953125,441.1953125,16.0,True,,,,,unavailable,,prefill-facebook-opt-6-7b-chunk-512-sm-24,success,,,/mnt/data/dheeraj/dicertation/inference-profile/runs/revised-full-20260414-g7-opt67b-c512-1024/raw/points/prefill/prefill-facebook-opt-6-7b-chunk-512-sm-24.csv
facebook/opt-6.7b,512,gemm,fc2,24,2,705.407977104187,445849600,450043904,4194304,4194304,1024,2026-04-14T11:53:04Z,baseline_nvml_pt,nvidia-smi,ok,6.0,5.0,1695.0,7601.0,69.06,0.8282880187034607,441.1953125,441.1953125,16.0,True,,,,,unavailable,,prefill-facebook-opt-6-7b-chunk-512-sm-24,success,,,/mnt/data/dheeraj/dicertation/inference-profile/runs/revised-full-20260414-g7-opt67b-c512-1024/raw/points/prefill/prefill-facebook-opt-6-7b-chunk-512-sm-24.csv
facebook/opt-6.7b,512,attention,attention,24,2,98.30400347709656,445849600,450110464,4260864,4194304,1024,2026-04-14T11:53:04Z,baseline_nvml_pt,nvidia-smi,ok,6.0,5.0,1695.0,7601.0,69.06,0.8282880187034607,441.1953125,441.1953125,16.0,True,,,,,unavailable,,prefill-facebook-opt-6-7b-chunk-512-sm-24,success,,,/mnt/data/dheeraj/dicertation/inference-profile/runs/revised-full-20260414-g7-opt67b-c512-1024/raw/points/prefill/prefill-facebook-opt-6-7b-chunk-512-sm-24.csv
facebook/opt-6.7b,512,gemm,q_proj,24,3,212.99199759960175,445849600,450043904,4194304,4194304,1024,2026-04-14T11:53:04Z,baseline_nvml_pt,nvidia-smi,ok,6.0,5.0,1695.0,7601.0,69.06,0.8282880187034607,441.1953125,441.1953125,16.0,True,,,,,unavailable,,prefill-facebook-opt-6-7b-chunk-512-sm-24,success,,,/mnt/data/dheeraj/dicertation/inference-profile/runs/revised-full-20260414-g7-opt67b-c512-1024/raw/points/prefill/prefill-facebook-opt-6-7b-chunk-512-sm-24.csv
facebook/opt-6.7b,512,gemm,k_proj,24,3,209.79200303554535,445849600,450043904,4194304,4194304,1024,2026-04-14T11:53:04Z,baseline_nvml_pt,nvidia-smi,ok,6.0,5.0,1695.0,7601.0,69.06,0.8282880187034607,441.1953125,441.1953125,16.0,True,,,,,unavailable,,prefill-facebook-opt-6-7b-chunk-512-sm-24,success,,,/mnt/data/dheeraj/dicertation/inference-profile/runs/revised-full-20260414-g7-opt67b-c512-1024/raw/points/prefill/prefill-facebook-opt-6-7b-chunk-512-sm-24.csv
facebook/opt-6.7b,512,gemm,v_proj,24,3,209.85600352287292,445849600,450043904,4194304,4194304,1024,2026-04-14T11:53:04Z,baseline_nvml_pt,nvidia-smi,ok,6.0,5.0,1695.0,7601.0,69.06,0.8282880187034607,441.1953125,441.1953125,16.0,True,,,,,unavailable,,prefill-facebook-opt-6-7b-chunk-512-sm-24,success,,,/mnt/data/dheeraj/dicertation/inference-profile/runs/revised-full-20260414-g7-opt67b-c512-1024/raw/points/prefill/prefill-facebook-opt-6-7b-chunk-512-sm-24.csv
facebook/opt-6.7b,512,gemm,out_proj,24,3,211.96800470352173,445849600,450043904,4194304,4194304,1024,2026-04-14T11:53:04Z,baseline_nvml_pt,nvidia-smi,ok,6.0,5.0,1695.0,7601.0,69.06,0.8282880187034607,441.1953125,441.1953125,16.0,True,,,,,unavailable,,prefill-facebook-opt-6-7b-chunk-512-sm-24,success,,,/mnt/data/dheeraj/dicertation/inference-profile/runs/revised-full-20260414-g7-opt67b-c512-1024/raw/points/prefill/prefill-facebook-opt-6-7b-chunk-512-sm-24.csv
facebook/opt-6.7b,512,gemm,fc1,24,3,820.032000541687,445849600,462626816,16777216,16777216,1024,2026-04-14T11:53:04Z,baseline_nvml_pt,nvidia-smi,ok,6.0,5.0,1695.0,7601.0,69.06,0.8282880187034607,441.1953125,441.1953125,16.0,True,,,,,unavailable,,prefill-facebook-opt-6-7b-chunk-512-sm-24,success,,,/mnt/data/dheeraj/dicertation/inference-profile/runs/revised-full-20260414-g7-opt67b-c512-1024/raw/points/prefill/prefill-facebook-opt-6-7b-chunk-512-sm-24.csv
facebook/opt-6.7b,512,gemm,fc2,24,3,706.5600156784058,445849600,450043904,4194304,4194304,1024,2026-04-14T11:53:04Z,baseline_nvml_pt,nvidia-smi,ok,6.0,5.0,1695.0,7601.0,69.06,0.8282880187034607,441.1953125,441.1953125,16.0,True,,,,,unavailable,,prefill-facebook-opt-6-7b-chunk-512-sm-24,success,,,/mnt/data/dheeraj/dicertation/inference-profile/runs/revised-full-20260414-g7-opt67b-c512-1024/raw/points/prefill/prefill-facebook-opt-6-7b-chunk-512-sm-24.csv
facebook/opt-6.7b,512,attention,attention,24,3,97.05600142478943,445849600,450110464,4260864,4194304,1024,2026-04-14T11:53:04Z,baseline_nvml_pt,nvidia-smi,ok,6.0,5.0,1695.0,7601.0,69.06,0.8282880187034607,441.1953125,441.1953125,16.0,True,,,,,unavailable,,prefill-facebook-opt-6-7b-chunk-512-sm-24,success,,,/mnt/data/dheeraj/dicertation/inference-profile/runs/revised-full-20260414-g7-opt67b-c512-1024/raw/points/prefill/prefill-facebook-opt-6-7b-chunk-512-sm-24.csv
facebook/opt-6.7b,512,gemm,q_proj,24,4,212.99199759960175,445849600,450043904,4194304,4194304,1024,2026-04-14T11:53:04Z,baseline_nvml_pt,nvidia-smi,ok,6.0,5.0,1695.0,7601.0,69.06,0.8282880187034607,441.1953125,441.1953125,16.0,True,,,,,unavailable,,prefill-facebook-opt-6-7b-chunk-512-sm-24,success,,,/mnt/data/dheeraj/dicertation/inference-profile/runs/revised-full-20260414-g7-opt67b-c512-1024/raw/points/prefill/prefill-facebook-opt-6-7b-chunk-512-sm-24.csv
facebook/opt-6.7b,512,gemm,k_proj,24,4,208.8959962129593,445849600,450043904,4194304,4194304,1024,2026-04-14T11:53:04Z,baseline_nvml_pt,nvidia-smi,ok,6.0,5.0,1695.0,7601.0,69.06,0.8282880187034607,441.1953125,441.1953125,16.0,True,,,,,unavailable,,prefill-facebook-opt-6-7b-chunk-512-sm-24,success,,,/mnt/data/dheeraj/dicertation/inference-profile/runs/revised-full-20260414-g7-opt67b-c512-1024/raw/points/prefill/prefill-facebook-opt-6-7b-chunk-512-sm-24.csv
facebook/opt-6.7b,512,gemm,v_proj,24,4,208.8959962129593,445849600,450043904,4194304,4194304,1024,2026-04-14T11:53:04Z,baseline_nvml_pt,nvidia-smi,ok,6.0,5.0,1695.0,7601.0,69.06,0.8282880187034607,441.1953125,441.1953125,16.0,True,,,,,unavailable,,prefill-facebook-opt-6-7b-chunk-512-sm-24,success,,,/mnt/data/dheeraj/dicertation/inference-profile/runs/revised-full-20260414-g7-opt67b-c512-1024/raw/points/prefill/prefill-facebook-opt-6-7b-chunk-512-sm-24.csv
facebook/opt-6.7b,512,gemm,out_proj,24,4,209.75999534130096,445849600,450043904,4194304,4194304,1024,2026-04-14T11:53:04Z,baseline_nvml_pt,nvidia-smi,ok,6.0,5.0,1695.0,7601.0,69.06,0.8282880187034607,441.1953125,441.1953125,16.0,True,,,,,unavailable,,prefill-facebook-opt-6-7b-chunk-512-sm-24,success,,,/mnt/data/dheeraj/dicertation/inference-profile/runs/revised-full-20260414-g7-opt67b-c512-1024/raw/points/prefill/prefill-facebook-opt-6-7b-chunk-512-sm-24.csv
facebook/opt-6.7b,512,gemm,fc1,24,4,820.2239871025085,445849600,462626816,16777216,16777216,1024,2026-04-14T11:53:04Z,baseline_nvml_pt,nvidia-smi,ok,6.0,5.0,1695.0,7601.0,69.06,0.8282880187034607,441.1953125,441.1953125,16.0,True,,,,,unavailable,,prefill-facebook-opt-6-7b-chunk-512-sm-24,success,,,/mnt/data/dheeraj/dicertation/inference-profile/runs/revised-full-20260414-g7-opt67b-c512-1024/raw/points/prefill/prefill-facebook-opt-6-7b-chunk-512-sm-24.csv
facebook/opt-6.7b,512,gemm,fc2,24,4,703.4879922866821,445849600,450043904,4194304,4194304,1024,2026-04-14T11:53:04Z,baseline_nvml_pt,nvidia-smi,ok,6.0,5.0,1695.0,7601.0,69.06,0.8282880187034607,441.1953125,441.1953125,16.0,True,,,,,unavailable,,prefill-facebook-opt-6-7b-chunk-512-sm-24,success,,,/mnt/data/dheeraj/dicertation/inference-profile/runs/revised-full-20260414-g7-opt67b-c512-1024/raw/points/prefill/prefill-facebook-opt-6-7b-chunk-512-sm-24.csv
facebook/opt-6.7b,512,attention,attention,24,4,96.25600278377533,445849600,450110464,4260864,4194304,1024,2026-04-14T11:53:04Z,baseline_nvml_pt,nvidia-smi,ok,6.0,5.0,1695.0,7601.0,69.06,0.8282880187034607,441.1953125,441.1953125,16.0,True,,,,,unavailable,,prefill-facebook-opt-6-7b-chunk-512-sm-24,success,,,/mnt/data/dheeraj/dicertation/inference-profile/runs/revised-full-20260414-g7-opt67b-c512-1024/raw/points/prefill/prefill-facebook-opt-6-7b-chunk-512-sm-24.csv
facebook/opt-6.7b,512,gemm,q_proj,32,0,224.2559939622879,445849600,450043904,4194304,4194304,1024,2026-04-14T11:53:09Z,baseline_nvml_pt,nvidia-smi,ok,6.0,5.0,1695.0,7601.0,69.22,0.8261119723320007,441.1953125,441.1953125,16.0,True,,,,,unavailable,,prefill-facebook-opt-6-7b-chunk-512-sm-32,success,,,/mnt/data/dheeraj/dicertation/inference-profile/runs/revised-full-20260414-g7-opt67b-c512-1024/raw/points/prefill/prefill-facebook-opt-6-7b-chunk-512-sm-32.csv
facebook/opt-6.7b,512,gemm,k_proj,32,0,225.37599503993988,445849600,450043904,4194304,4194304,1024,2026-04-14T11:53:09Z,baseline_nvml_pt,nvidia-smi,ok,6.0,5.0,1695.0,7601.0,69.22,0.8261119723320007,441.1953125,441.1953125,16.0,True,,,,,unavailable,,prefill-facebook-opt-6-7b-chunk-512-sm-32,success,,,/mnt/data/dheeraj/dicertation/inference-profile/runs/revised-full-20260414-g7-opt67b-c512-1024/raw/points/prefill/prefill-facebook-opt-6-7b-chunk-512-sm-32.csv
facebook/opt-6.7b,512,gemm,v_proj,32,0,212.99199759960175,445849600,450043904,4194304,4194304,1024,2026-04-14T11:53:09Z,baseline_nvml_pt,nvidia-smi,ok,6.0,5.0,1695.0,7601.0,69.22,0.8261119723320007,441.1953125,441.1953125,16.0,True,,,,,unavailable,,prefill-facebook-opt-6-7b-chunk-512-sm-32,success,,,/mnt/data/dheeraj/dicertation/inference-profile/runs/revised-full-20260414-g7-opt67b-c512-1024/raw/points/prefill/prefill-facebook-opt-6-7b-chunk-512-sm-32.csv
facebook/opt-6.7b,512,gemm,out_proj,32,0,211.96800470352173,445849600,450043904,4194304,4194304,1024,2026-04-14T11:53:09Z,baseline_nvml_pt,nvidia-smi,ok,6.0,5.0,1695.0,7601.0,69.22,0.8261119723320007,441.1953125,441.1953125,16.0,True,,,,,unavailable,,prefill-facebook-opt-6-7b-chunk-512-sm-32,success,,,/mnt/data/dheeraj/dicertation/inference-profile/runs/revised-full-20260414-g7-opt67b-c512-1024/raw/points/prefill/prefill-facebook-opt-6-7b-chunk-512-sm-32.csv
facebook/opt-6.7b,512,gemm,fc1,32,0,826.1119723320007,445849600,462626816,16777216,16777216,1024,2026-04-14T11:53:09Z,baseline_nvml_pt,nvidia-smi,ok,6.0,5.0,1695.0,7601.0,69.22,0.8261119723320007,441.1953125,441.1953125,16.0,True,,,,,unavailable,,prefill-facebook-opt-6-7b-chunk-512-sm-32,success,,,/mnt/data/dheeraj/dicertation/inference-profile/runs/revised-full-20260414-g7-opt67b-c512-1024/raw/points/prefill/prefill-facebook-opt-6-7b-chunk-512-sm-32.csv
facebook/opt-6.7b,512,gemm,fc2,32,0,705.5360078811646,445849600,450043904,4194304,4194304,1024,2026-04-14T11:53:09Z,baseline_nvml_pt,nvidia-smi,ok,6.0,5.0,1695.0,7601.0,69.22,0.8261119723320007,441.1953125,441.1953125,16.0,True,,,,,unavailable,,prefill-facebook-opt-6-7b-chunk-512-sm-32,success,,,/mnt/data/dheeraj/dicertation/inference-profile/runs/revised-full-20260414-g7-opt67b-c512-1024/raw/points/prefill/prefill-facebook-opt-6-7b-chunk-512-sm-32.csv
facebook/opt-6.7b,512,attention,attention,32,0,99.32799637317657,445849600,450110464,4260864,4194304,1024,2026-04-14T11:53:09Z,baseline_nvml_pt,nvidia-smi,ok,6.0,5.0,1695.0,7601.0,69.22,0.8261119723320007,441.1953125,441.1953125,16.0,True,,,,,unavailable,,prefill-facebook-opt-6-7b-chunk-512-sm-32,success,,,/mnt/data/dheeraj/dicertation/inference-profile/runs/revised-full-20260414-g7-opt67b-c512-1024/raw/points/prefill/prefill-facebook-opt-6-7b-chunk-512-sm-32.csv
facebook/opt-6.7b,512,gemm,q_proj,32,1,214.01600539684296,445849600,450043904,4194304,4194304,1024,2026-04-14T11:53:09Z,baseline_nvml_pt,nvidia-smi,ok,6.0,5.0,1695.0,7601.0,69.22,0.8261119723320007,441.1953125,441.1953125,16.0,True,,,,,unavailable,,prefill-facebook-opt-6-7b-chunk-512-sm-32,success,,,/mnt/data/dheeraj/dicertation/inference-profile/runs/revised-full-20260414-g7-opt67b-c512-1024/raw/points/prefill/prefill-facebook-opt-6-7b-chunk-512-sm-32.csv
facebook/opt-6.7b,512,gemm,k_proj,32,1,212.0320051908493,445849600,450043904,4194304,4194304,1024,2026-04-14T11:53:09Z,baseline_nvml_pt,nvidia-smi,ok,6.0,5.0,1695.0,7601.0,69.22,0.8261119723320007,441.1953125,441.1953125,16.0,True,,,,,unavailable,,prefill-facebook-opt-6-7b-chunk-512-sm-32,success,,,/mnt/data/dheeraj/dicertation/inference-profile/runs/revised-full-20260414-g7-opt67b-c512-1024/raw/points/prefill/prefill-facebook-opt-6-7b-chunk-512-sm-32.csv
facebook/opt-6.7b,512,gemm,v_proj,32,1,209.9200040102005,445849600,450043904,4194304,4194304,1024,2026-04-14T11:53:09Z,baseline_nvml_pt,nvidia-smi,ok,6.0,5.0,1695.0,7601.0,69.22,0.8261119723320007,441.1953125,441.1953125,16.0,True,,,,,unavailable,,prefill-facebook-opt-6-7b-chunk-512-sm-32,success,,,/mnt/data/dheeraj/dicertation/inference-profile/runs/revised-full-20260414-g7-opt67b-c512-1024/raw/points/prefill/prefill-facebook-opt-6-7b-chunk-512-sm-32.csv
facebook/opt-6.7b,512,gemm,out_proj,32,1,209.9200040102005,445849600,450043904,4194304,4194304,1024,2026-04-14T11:53:09Z,baseline_nvml_pt,nvidia-smi,ok,6.0,5.0,1695.0,7601.0,69.22,0.8261119723320007,441.1953125,441.1953125,16.0,True,,,,,unavailable,,prefill-facebook-opt-6-7b-chunk-512-sm-32,success,,,/mnt/data/dheeraj/dicertation/inference-profile/runs/revised-full-20260414-g7-opt67b-c512-1024/raw/points/prefill/prefill-facebook-opt-6-7b-chunk-512-sm-32.csv
facebook/opt-6.7b,512,gemm,fc1,32,1,819.1999793052673,445849600,462626816,16777216,16777216,1024,2026-04-14T11:53:09Z,baseline_nvml_pt,nvidia-smi,ok,6.0,5.0,1695.0,7601.0,69.22,0.8261119723320007,441.1953125,441.1953125,16.0,True,,,,,unavailable,,prefill-facebook-opt-6-7b-chunk-512-sm-32,success,,,/mnt/data/dheeraj/dicertation/inference-profile/runs/revised-full-20260414-g7-opt67b-c512-1024/raw/points/prefill/prefill-facebook-opt-6-7b-chunk-512-sm-32.csv
facebook/opt-6.7b,512,gemm,fc2,32,1,704.5120000839233,445849600,450043904,4194304,4194304,1024,2026-04-14T11:53:09Z,baseline_nvml_pt,nvidia-smi,ok,6.0,5.0,1695.0,7601.0,69.22,0.8261119723320007,441.1953125,441.1953125,16.0,True,,,,,unavailable,,prefill-facebook-opt-6-7b-chunk-512-sm-32,success,,,/mnt/data/dheeraj/dicertation/inference-profile/runs/revised-full-20260414-g7-opt67b-c512-1024/raw/points/prefill/prefill-facebook-opt-6-7b-chunk-512-sm-32.csv
facebook/opt-6.7b,512,attention,attention,32,1,98.14400225877762,445849600,450110464,4260864,4194304,1024,2026-04-14T11:53:09Z,baseline_nvml_pt,nvidia-smi,ok,6.0,5.0,1695.0,7601.0,69.22,0.8261119723320007,441.1953125,441.1953125,16.0,True,,,,,unavailable,,prefill-facebook-opt-6-7b-chunk-512-sm-32,success,,,/mnt/data/dheeraj/dicertation/inference-profile/runs/revised-full-20260414-g7-opt67b-c512-1024/raw/points/prefill/prefill-facebook-opt-6-7b-chunk-512-sm-32.csv
facebook/opt-6.7b,512,gemm,q_proj,32,2,212.99199759960175,445849600,450043904,4194304,4194304,1024,2026-04-14T11:53:09Z,baseline_nvml_pt,nvidia-smi,ok,6.0,5.0,1695.0,7601.0,69.22,0.8261119723320007,441.1953125,441.1953125,16.0,True,,,,,unavailable,,prefill-facebook-opt-6-7b-chunk-512-sm-32,success,,,/mnt/data/dheeraj/dicertation/inference-profile/runs/revised-full-20260414-g7-opt67b-c512-1024/raw/points/prefill/prefill-facebook-opt-6-7b-chunk-512-sm-32.csv
facebook/opt-6.7b,512,gemm,k_proj,32,2,211.0079973936081,445849600,450043904,4194304,4194304,1024,2026-04-14T11:53:09Z,baseline_nvml_pt,nvidia-smi,ok,6.0,5.0,1695.0,7601.0,69.22,0.8261119723320007,441.1953125,441.1953125,16.0,True,,,,,unavailable,,prefill-facebook-opt-6-7b-chunk-512-sm-32,success,,,/mnt/data/dheeraj/dicertation/inference-profile/runs/revised-full-20260414-g7-opt67b-c512-1024/raw/points/prefill/prefill-facebook-opt-6-7b-chunk-512-sm-32.csv
facebook/opt-6.7b,512,gemm,v_proj,32,2,215.03999829292297,445849600,450043904,4194304,4194304,1024,2026-04-14T11:53:09Z,baseline_nvml_pt,nvidia-smi,ok,6.0,5.0,1695.0,7601.0,69.22,0.8261119723320007,441.1953125,441.1953125,16.0,True,,,,,unavailable,,prefill-facebook-opt-6-7b-chunk-512-sm-32,success,,,/mnt/data/dheeraj/dicertation/inference-profile/runs/revised-full-20260414-g7-opt67b-c512-1024/raw/points/prefill/prefill-facebook-opt-6-7b-chunk-512-sm-32.csv
facebook/opt-6.7b,512,gemm,out_proj,32,2,210.94399690628052,445849600,450043904,4194304,4194304,1024,2026-04-14T11:53:09Z,baseline_nvml_pt,nvidia-smi,ok,6.0,5.0,1695.0,7601.0,69.22,0.8261119723320007,441.1953125,441.1953125,16.0,True,,,,,unavailable,,prefill-facebook-opt-6-7b-chunk-512-sm-32,success,,,/mnt/data/dheeraj/dicertation/inference-profile/runs/revised-full-20260414-g7-opt67b-c512-1024/raw/points/prefill/prefill-facebook-opt-6-7b-chunk-512-sm-32.csv
facebook/opt-6.7b,512,gemm,fc1,32,2,821.2479948997498,445849600,462626816,16777216,16777216,1024,2026-04-14T11:53:09Z,baseline_nvml_pt,nvidia-smi,ok,6.0,5.0,1695.0,7601.0,69.22,0.8261119723320007,441.1953125,441.1953125,16.0,True,,,,,unavailable,,prefill-facebook-opt-6-7b-chunk-512-sm-32,success,,,/mnt/data/dheeraj/dicertation/inference-profile/runs/revised-full-20260414-g7-opt67b-c512-1024/raw/points/prefill/prefill-facebook-opt-6-7b-chunk-512-sm-32.csv
facebook/opt-6.7b,512,gemm,fc2,32,2,704.5120000839233,445849600,450043904,4194304,4194304,1024,2026-04-14T11:53:09Z,baseline_nvml_pt,nvidia-smi,ok,6.0,5.0,1695.0,7601.0,69.22,0.8261119723320007,441.1953125,441.1953125,16.0,True,,,,,unavailable,,prefill-facebook-opt-6-7b-chunk-512-sm-32,success,,,/mnt/data/dheeraj/dicertation/inference-profile/runs/revised-full-20260414-g7-opt67b-c512-1024/raw/points/prefill/prefill-facebook-opt-6-7b-chunk-512-sm-32.csv
facebook/opt-6.7b,512,attention,attention,32,2,97.28000313043594,445849600,450110464,4260864,4194304,1024,2026-04-14T11:53:09Z,baseline_nvml_pt,nvidia-smi,ok,6.0,5.0,1695.0,7601.0,69.22,0.8261119723320007,441.1953125,441.1953125,16.0,True,,,,,unavailable,,prefill-facebook-opt-6-7b-chunk-512-sm-32,success,,,/mnt/data/dheeraj/dicertation/inference-profile/runs/revised-full-20260414-g7-opt67b-c512-1024/raw/points/prefill/prefill-facebook-opt-6-7b-chunk-512-sm-32.csv
facebook/opt-6.7b,512,gemm,q_proj,32,3,212.99199759960175,445849600,450043904,4194304,4194304,1024,2026-04-14T11:53:09Z,baseline_nvml_pt,nvidia-smi,ok,6.0,5.0,1695.0,7601.0,69.22,0.8261119723320007,441.1953125,441.1953125,16.0,True,,,,,unavailable,,prefill-facebook-opt-6-7b-chunk-512-sm-32,success,,,/mnt/data/dheeraj/dicertation/inference-profile/runs/revised-full-20260414-g7-opt67b-c512-1024/raw/points/prefill/prefill-facebook-opt-6-7b-chunk-512-sm-32.csv
facebook/opt-6.7b,512,gemm,k_proj,32,3,208.8959962129593,445849600,450043904,4194304,4194304,1024,2026-04-14T11:53:09Z,baseline_nvml_pt,nvidia-smi,ok,6.0,5.0,1695.0,7601.0,69.22,0.8261119723320007,441.1953125,441.1953125,16.0,True,,,,,unavailable,,prefill-facebook-opt-6-7b-chunk-512-sm-32,success,,,/mnt/data/dheeraj/dicertation/inference-profile/runs/revised-full-20260414-g7-opt67b-c512-1024/raw/points/prefill/prefill-facebook-opt-6-7b-chunk-512-sm-32.csv
facebook/opt-6.7b,512,gemm,v_proj,32,3,208.8959962129593,445849600,450043904,4194304,4194304,1024,2026-04-14T11:53:09Z,baseline_nvml_pt,nvidia-smi,ok,6.0,5.0,1695.0,7601.0,69.22,0.8261119723320007,441.1953125,441.1953125,16.0,True,,,,,unavailable,,prefill-facebook-opt-6-7b-chunk-512-sm-32,success,,,/mnt/data/dheeraj/dicertation/inference-profile/runs/revised-full-20260414-g7-opt67b-c512-1024/raw/points/prefill/prefill-facebook-opt-6-7b-chunk-512-sm-32.csv
facebook/opt-6.7b,512,gemm,out_proj,32,3,209.9200040102005,445849600,450043904,4194304,4194304,1024,2026-04-14T11:53:09Z,baseline_nvml_pt,nvidia-smi,ok,6.0,5.0,1695.0,7601.0,69.22,0.8261119723320007,441.1953125,441.1953125,16.0,True,,,,,unavailable,,prefill-facebook-opt-6-7b-chunk-512-sm-32,success,,,/mnt/data/dheeraj/dicertation/inference-profile/runs/revised-full-20260414-g7-opt67b-c512-1024/raw/points/prefill/prefill-facebook-opt-6-7b-chunk-512-sm-32.csv
facebook/opt-6.7b,512,gemm,fc1,32,3,819.1999793052673,445849600,462626816,16777216,16777216,1024,2026-04-14T11:53:09Z,baseline_nvml_pt,nvidia-smi,ok,6.0,5.0,1695.0,7601.0,69.22,0.8261119723320007,441.1953125,441.1953125,16.0,True,,,,,unavailable,,prefill-facebook-opt-6-7b-chunk-512-sm-32,success,,,/mnt/data/dheeraj/dicertation/inference-profile/runs/revised-full-20260414-g7-opt67b-c512-1024/raw/points/prefill/prefill-facebook-opt-6-7b-chunk-512-sm-32.csv
facebook/opt-6.7b,512,gemm,fc2,32,3,709.6319794654846,445849600,450043904,4194304,4194304,1024,2026-04-14T11:53:09Z,baseline_nvml_pt,nvidia-smi,ok,6.0,5.0,1695.0,7601.0,69.22,0.8261119723320007,441.1953125,441.1953125,16.0,True,,,,,unavailable,,prefill-facebook-opt-6-7b-chunk-512-sm-32,success,,,/mnt/data/dheeraj/dicertation/inference-profile/runs/revised-full-20260414-g7-opt67b-c512-1024/raw/points/prefill/prefill-facebook-opt-6-7b-chunk-512-sm-32.csv
facebook/opt-6.7b,512,attention,attention,32,3,96.25600278377533,445849600,450110464,4260864,4194304,1024,2026-04-14T11:53:09Z,baseline_nvml_pt,nvidia-smi,ok,6.0,5.0,1695.0,7601.0,69.22,0.8261119723320007,441.1953125,441.1953125,16.0,True,,,,,unavailable,,prefill-facebook-opt-6-7b-chunk-512-sm-32,success,,,/mnt/data/dheeraj/dicertation/inference-profile/runs/revised-full-20260414-g7-opt67b-c512-1024/raw/points/prefill/prefill-facebook-opt-6-7b-chunk-512-sm-32.csv
facebook/opt-6.7b,512,gemm,q_proj,32,4,211.87199652194977,445849600,450043904,4194304,4194304,1024,2026-04-14T11:53:09Z,baseline_nvml_pt,nvidia-smi,ok,6.0,5.0,1695.0,7601.0,69.22,0.8261119723320007,441.1953125,441.1953125,16.0,True,,,,,unavailable,,prefill-facebook-opt-6-7b-chunk-512-sm-32,success,,,/mnt/data/dheeraj/dicertation/inference-profile/runs/revised-full-20260414-g7-opt67b-c512-1024/raw/points/prefill/prefill-facebook-opt-6-7b-chunk-512-sm-32.csv
facebook/opt-6.7b,512,gemm,k_proj,32,4,207.87200331687927,445849600,450043904,4194304,4194304,1024,2026-04-14T11:53:09Z,baseline_nvml_pt,nvidia-smi,ok,6.0,5.0,1695.0,7601.0,69.22,0.8261119723320007,441.1953125,441.1953125,16.0,True,,,,,unavailable,,prefill-facebook-opt-6-7b-chunk-512-sm-32,success,,,/mnt/data/dheeraj/dicertation/inference-profile/runs/revised-full-20260414-g7-opt67b-c512-1024/raw/points/prefill/prefill-facebook-opt-6-7b-chunk-512-sm-32.csv
facebook/opt-6.7b,512,gemm,v_proj,32,4,214.81600403785706,445849600,450043904,4194304,4194304,1024,2026-04-14T11:53:09Z,baseline_nvml_pt,nvidia-smi,ok,6.0,5.0,1695.0,7601.0,69.22,0.8261119723320007,441.1953125,441.1953125,16.0,True,,,,,unavailable,,prefill-facebook-opt-6-7b-chunk-512-sm-32,success,,,/mnt/data/dheeraj/dicertation/inference-profile/runs/revised-full-20260414-g7-opt67b-c512-1024/raw/points/prefill/prefill-facebook-opt-6-7b-chunk-512-sm-32.csv
facebook/opt-6.7b,512,gemm,out_proj,32,4,209.6959948539734,445849600,450043904,4194304,4194304,1024,2026-04-14T11:53:09Z,baseline_nvml_pt,nvidia-smi,ok,6.0,5.0,1695.0,7601.0,69.22,0.8261119723320007,441.1953125,441.1953125,16.0,True,,,,,unavailable,,prefill-facebook-opt-6-7b-chunk-512-sm-32,success,,,/mnt/data/dheeraj/dicertation/inference-profile/runs/revised-full-20260414-g7-opt67b-c512-1024/raw/points/prefill/prefill-facebook-opt-6-7b-chunk-512-sm-32.csv
facebook/opt-6.7b,512,gemm,fc1,32,4,819.9359774589539,445849600,462626816,16777216,16777216,1024,2026-04-14T11:53:09Z,baseline_nvml_pt,nvidia-smi,ok,6.0,5.0,1695.0,7601.0,69.22,0.8261119723320007,441.1953125,441.1953125,16.0,True,,,,,unavailable,,prefill-facebook-opt-6-7b-chunk-512-sm-32,success,,,/mnt/data/dheeraj/dicertation/inference-profile/runs/revised-full-20260414-g7-opt67b-c512-1024/raw/points/prefill/prefill-facebook-opt-6-7b-chunk-512-sm-32.csv
facebook/opt-6.7b,512,gemm,fc2,32,4,705.3760290145874,445849600,450043904,4194304,4194304,1024,2026-04-14T11:53:09Z,baseline_nvml_pt,nvidia-smi,ok,6.0,5.0,1695.0,7601.0,69.22,0.8261119723320007,441.1953125,441.1953125,16.0,True,,,,,unavailable,,prefill-facebook-opt-6-7b-chunk-512-sm-32,success,,,/mnt/data/dheeraj/dicertation/inference-profile/runs/revised-full-20260414-g7-opt67b-c512-1024/raw/points/prefill/prefill-facebook-opt-6-7b-chunk-512-sm-32.csv
facebook/opt-6.7b,512,attention,attention,32,4,97.28000313043594,445849600,450110464,4260864,4194304,1024,2026-04-14T11:53:09Z,baseline_nvml_pt,nvidia-smi,ok,6.0,5.0,1695.0,7601.0,69.22,0.8261119723320007,441.1953125,441.1953125,16.0,True,,,,,unavailable,,prefill-facebook-opt-6-7b-chunk-512-sm-32,success,,,/mnt/data/dheeraj/dicertation/inference-profile/runs/revised-full-20260414-g7-opt67b-c512-1024/raw/points/prefill/prefill-facebook-opt-6-7b-chunk-512-sm-32.csv
facebook/opt-6.7b,1024,gemm,q_proj,8,0,452.60798931121826,479404032,487792640,8388608,8388608,1024,2026-04-14T11:53:15Z,baseline_nvml_pt,nvidia-smi,ok,0.0,5.0,1695.0,8001.0,74.99,1.7950719594955444,489.1953125,489.1953125,32.0,True,,,,,unavailable,,prefill-facebook-opt-6-7b-chunk-1024-sm-8,success,,,/mnt/data/dheeraj/dicertation/inference-profile/runs/revised-full-20260414-g7-opt67b-c512-1024/raw/points/prefill/prefill-facebook-opt-6-7b-chunk-1024-sm-8.csv
facebook/opt-6.7b,1024,gemm,k_proj,8,0,444.5759952068329,479404032,487792640,8388608,8388608,1024,2026-04-14T11:53:15Z,baseline_nvml_pt,nvidia-smi,ok,0.0,5.0,1695.0,8001.0,74.99,1.7950719594955444,489.1953125,489.1953125,32.0,True,,,,,unavailable,,prefill-facebook-opt-6-7b-chunk-1024-sm-8,success,,,/mnt/data/dheeraj/dicertation/inference-profile/runs/revised-full-20260414-g7-opt67b-c512-1024/raw/points/prefill/prefill-facebook-opt-6-7b-chunk-1024-sm-8.csv
facebook/opt-6.7b,1024,gemm,v_proj,8,0,435.2000057697296,479404032,487792640,8388608,8388608,1024,2026-04-14T11:53:15Z,baseline_nvml_pt,nvidia-smi,ok,0.0,5.0,1695.0,8001.0,74.99,1.7950719594955444,489.1953125,489.1953125,32.0,True,,,,,unavailable,,prefill-facebook-opt-6-7b-chunk-1024-sm-8,success,,,/mnt/data/dheeraj/dicertation/inference-profile/runs/revised-full-20260414-g7-opt67b-c512-1024/raw/points/prefill/prefill-facebook-opt-6-7b-chunk-1024-sm-8.csv
facebook/opt-6.7b,1024,gemm,out_proj,8,0,432.12801218032837,479404032,487792640,8388608,8388608,1024,2026-04-14T11:53:15Z,baseline_nvml_pt,nvidia-smi,ok,0.0,5.0,1695.0,8001.0,74.99,1.7950719594955444,489.1953125,489.1953125,32.0,True,,,,,unavailable,,prefill-facebook-opt-6-7b-chunk-1024-sm-8,success,,,/mnt/data/dheeraj/dicertation/inference-profile/runs/revised-full-20260414-g7-opt67b-c512-1024/raw/points/prefill/prefill-facebook-opt-6-7b-chunk-1024-sm-8.csv
facebook/opt-6.7b,1024,gemm,fc1,8,0,1557.5040578842163,479404032,512958464,33554432,33554432,1024,2026-04-14T11:53:15Z,baseline_nvml_pt,nvidia-smi,ok,0.0,5.0,1695.0,8001.0,74.99,1.7950719594955444,489.1953125,489.1953125,32.0,True,,,,,unavailable,,prefill-facebook-opt-6-7b-chunk-1024-sm-8,success,,,/mnt/data/dheeraj/dicertation/inference-profile/runs/revised-full-20260414-g7-opt67b-c512-1024/raw/points/prefill/prefill-facebook-opt-6-7b-chunk-1024-sm-8.csv
facebook/opt-6.7b,1024,gemm,fc2,8,0,1795.0719594955444,479404032,487792640,8388608,8388608,1024,2026-04-14T11:53:15Z,baseline_nvml_pt,nvidia-smi,ok,0.0,5.0,1695.0,8001.0,74.99,1.7950719594955444,489.1953125,489.1953125,32.0,True,,,,,unavailable,,prefill-facebook-opt-6-7b-chunk-1024-sm-8,success,,,/mnt/data/dheeraj/dicertation/inference-profile/runs/revised-full-20260414-g7-opt67b-c512-1024/raw/points/prefill/prefill-facebook-opt-6-7b-chunk-1024-sm-8.csv
facebook/opt-6.7b,1024,attention,attention,8,0,285.6000065803528,479404032,487924736,8520704,8388608,1024,2026-04-14T11:53:15Z,baseline_nvml_pt,nvidia-smi,ok,0.0,5.0,1695.0,8001.0,74.99,1.7950719594955444,489.1953125,489.1953125,32.0,True,,,,,unavailable,,prefill-facebook-opt-6-7b-chunk-1024-sm-8,success,,,/mnt/data/dheeraj/dicertation/inference-profile/runs/revised-full-20260414-g7-opt67b-c512-1024/raw/points/prefill/prefill-facebook-opt-6-7b-chunk-1024-sm-8.csv
facebook/opt-6.7b,1024,gemm,q_proj,8,1,454.49599623680115,479404032,487792640,8388608,8388608,1024,2026-04-14T11:53:15Z,baseline_nvml_pt,nvidia-smi,ok,0.0,5.0,1695.0,8001.0,74.99,1.7950719594955444,489.1953125,489.1953125,32.0,True,,,,,unavailable,,prefill-facebook-opt-6-7b-chunk-1024-sm-8,success,,,/mnt/data/dheeraj/dicertation/inference-profile/runs/revised-full-20260414-g7-opt67b-c512-1024/raw/points/prefill/prefill-facebook-opt-6-7b-chunk-1024-sm-8.csv
facebook/opt-6.7b,1024,gemm,k_proj,8,1,438.27199935913086,479404032,487792640,8388608,8388608,1024,2026-04-14T11:53:15Z,baseline_nvml_pt,nvidia-smi,ok,0.0,5.0,1695.0,8001.0,74.99,1.7950719594955444,489.1953125,489.1953125,32.0,True,,,,,unavailable,,prefill-facebook-opt-6-7b-chunk-1024-sm-8,success,,,/mnt/data/dheeraj/dicertation/inference-profile/runs/revised-full-20260414-g7-opt67b-c512-1024/raw/points/prefill/prefill-facebook-opt-6-7b-chunk-1024-sm-8.csv
facebook/opt-6.7b,1024,gemm,v_proj,8,1,435.232013463974,479404032,487792640,8388608,8388608,1024,2026-04-14T11:53:15Z,baseline_nvml_pt,nvidia-smi,ok,0.0,5.0,1695.0,8001.0,74.99,1.7950719594955444,489.1953125,489.1953125,32.0,True,,,,,unavailable,,prefill-facebook-opt-6-7b-chunk-1024-sm-8,success,,,/mnt/data/dheeraj/dicertation/inference-profile/runs/revised-full-20260414-g7-opt67b-c512-1024/raw/points/prefill/prefill-facebook-opt-6-7b-chunk-1024-sm-8.csv
facebook/opt-6.7b,1024,gemm,out_proj,8,1,436.2240135669708,479404032,487792640,8388608,8388608,1024,2026-04-14T11:53:15Z,baseline_nvml_pt,nvidia-smi,ok,0.0,5.0,1695.0,8001.0,74.99,1.7950719594955444,489.1953125,489.1953125,32.0,True,,,,,unavailable,,prefill-facebook-opt-6-7b-chunk-1024-sm-8,success,,,/mnt/data/dheeraj/dicertation/inference-profile/runs/revised-full-20260414-g7-opt67b-c512-1024/raw/points/prefill/prefill-facebook-opt-6-7b-chunk-1024-sm-8.csv
facebook/opt-6.7b,1024,gemm,fc1,8,1,1556.480050086975,479404032,512958464,33554432,33554432,1024,2026-04-14T11:53:15Z,baseline_nvml_pt,nvidia-smi,ok,0.0,5.0,1695.0,8001.0,74.99,1.7950719594955444,489.1953125,489.1953125,32.0,True,,,,,unavailable,,prefill-facebook-opt-6-7b-chunk-1024-sm-8,success,,,/mnt/data/dheeraj/dicertation/inference-profile/runs/revised-full-20260414-g7-opt67b-c512-1024/raw/points/prefill/prefill-facebook-opt-6-7b-chunk-1024-sm-8.csv
facebook/opt-6.7b,1024,gemm,fc2,8,1,1615.8720254898071,479404032,487792640,8388608,8388608,1024,2026-04-14T11:53:15Z,baseline_nvml_pt,nvidia-smi,ok,0.0,5.0,1695.0,8001.0,74.99,1.7950719594955444,489.1953125,489.1953125,32.0,True,,,,,unavailable,,prefill-facebook-opt-6-7b-chunk-1024-sm-8,success,,,/mnt/data/dheeraj/dicertation/inference-profile/runs/revised-full-20260414-g7-opt67b-c512-1024/raw/points/prefill/prefill-facebook-opt-6-7b-chunk-1024-sm-8.csv
facebook/opt-6.7b,1024,attention,attention,8,1,264.19198513031006,479404032,487924736,8520704,8388608,1024,2026-04-14T11:53:15Z,baseline_nvml_pt,nvidia-smi,ok,0.0,5.0,1695.0,8001.0,74.99,1.7950719594955444,489.1953125,489.1953125,32.0,True,,,,,unavailable,,prefill-facebook-opt-6-7b-chunk-1024-sm-8,success,,,/mnt/data/dheeraj/dicertation/inference-profile/runs/revised-full-20260414-g7-opt67b-c512-1024/raw/points/prefill/prefill-facebook-opt-6-7b-chunk-1024-sm-8.csv
facebook/opt-6.7b,1024,gemm,q_proj,8,2,437.24799156188965,479404032,487792640,8388608,8388608,1024,2026-04-14T11:53:15Z,baseline_nvml_pt,nvidia-smi,ok,0.0,5.0,1695.0,8001.0,74.99,1.7950719594955444,489.1953125,489.1953125,32.0,True,,,,,unavailable,,prefill-facebook-opt-6-7b-chunk-1024-sm-8,success,,,/mnt/data/dheeraj/dicertation/inference-profile/runs/revised-full-20260414-g7-opt67b-c512-1024/raw/points/prefill/prefill-facebook-opt-6-7b-chunk-1024-sm-8.csv
facebook/opt-6.7b,1024,gemm,k_proj,8,2,432.8959882259369,479404032,487792640,8388608,8388608,1024,2026-04-14T11:53:15Z,baseline_nvml_pt,nvidia-smi,ok,0.0,5.0,1695.0,8001.0,74.99,1.7950719594955444,489.1953125,489.1953125,32.0,True,,,,,unavailable,,prefill-facebook-opt-6-7b-chunk-1024-sm-8,success,,,/mnt/data/dheeraj/dicertation/inference-profile/runs/revised-full-20260414-g7-opt67b-c512-1024/raw/points/prefill/prefill-facebook-opt-6-7b-chunk-1024-sm-8.csv
facebook/opt-6.7b,1024,gemm,v_proj,8,2,445.43999433517456,479404032,487792640,8388608,8388608,1024,2026-04-14T11:53:15Z,baseline_nvml_pt,nvidia-smi,ok,0.0,5.0,1695.0,8001.0,74.99,1.7950719594955444,489.1953125,489.1953125,32.0,True,,,,,unavailable,,prefill-facebook-opt-6-7b-chunk-1024-sm-8,success,,,/mnt/data/dheeraj/dicertation/inference-profile/runs/revised-full-20260414-g7-opt67b-c512-1024/raw/points/prefill/prefill-facebook-opt-6-7b-chunk-1024-sm-8.csv
facebook/opt-6.7b,1024,gemm,out_proj,8,2,433.1519901752472,479404032,487792640,8388608,8388608,1024,2026-04-14T11:53:15Z,baseline_nvml_pt,nvidia-smi,ok,0.0,5.0,1695.0,8001.0,74.99,1.7950719594955444,489.1953125,489.1953125,32.0,True,,,,,unavailable,,prefill-facebook-opt-6-7b-chunk-1024-sm-8,success,,,/mnt/data/dheeraj/dicertation/inference-profile/runs/revised-full-20260414-g7-opt67b-c512-1024/raw/points/prefill/prefill-facebook-opt-6-7b-chunk-1024-sm-8.csv
facebook/opt-6.7b,1024,gemm,fc1,8,2,1555.456042289734,479404032,512958464,33554432,33554432,1024,2026-04-14T11:53:15Z,baseline_nvml_pt,nvidia-smi,ok,0.0,5.0,1695.0,8001.0,74.99,1.7950719594955444,489.1953125,489.1953125,32.0,True,,,,,unavailable,,prefill-facebook-opt-6-7b-chunk-1024-sm-8,success,,,/mnt/data/dheeraj/dicertation/inference-profile/runs/revised-full-20260414-g7-opt67b-c512-1024/raw/points/prefill/prefill-facebook-opt-6-7b-chunk-1024-sm-8.csv
facebook/opt-6.7b,1024,gemm,fc2,8,2,1618.9440488815308,479404032,487792640,8388608,8388608,1024,2026-04-14T11:53:15Z,baseline_nvml_pt,nvidia-smi,ok,0.0,5.0,1695.0,8001.0,74.99,1.7950719594955444,489.1953125,489.1953125,32.0,True,,,,,unavailable,,prefill-facebook-opt-6-7b-chunk-1024-sm-8,success,,,/mnt/data/dheeraj/dicertation/inference-profile/runs/revised-full-20260414-g7-opt67b-c512-1024/raw/points/prefill/prefill-facebook-opt-6-7b-chunk-1024-sm-8.csv
facebook/opt-6.7b,1024,attention,attention,8,2,255.96800446510315,479404032,487924736,8520704,8388608,1024,2026-04-14T11:53:15Z,baseline_nvml_pt,nvidia-smi,ok,0.0,5.0,1695.0,8001.0,74.99,1.7950719594955444,489.1953125,489.1953125,32.0,True,,,,,unavailable,,prefill-facebook-opt-6-7b-chunk-1024-sm-8,success,,,/mnt/data/dheeraj/dicertation/inference-profile/runs/revised-full-20260414-g7-opt67b-c512-1024/raw/points/prefill/prefill-facebook-opt-6-7b-chunk-1024-sm-8.csv
facebook/opt-6.7b,1024,gemm,q_proj,8,3,435.2000057697296,479404032,487792640,8388608,8388608,1024,2026-04-14T11:53:15Z,baseline_nvml_pt,nvidia-smi,ok,0.0,5.0,1695.0,8001.0,74.99,1.7950719594955444,489.1953125,489.1953125,32.0,True,,,,,unavailable,,prefill-facebook-opt-6-7b-chunk-1024-sm-8,success,,,/mnt/data/dheeraj/dicertation/inference-profile/runs/revised-full-20260414-g7-opt67b-c512-1024/raw/points/prefill/prefill-facebook-opt-6-7b-chunk-1024-sm-8.csv
facebook/opt-6.7b,1024,gemm,k_proj,8,3,432.12801218032837,479404032,487792640,8388608,8388608,1024,2026-04-14T11:53:15Z,baseline_nvml_pt,nvidia-smi,ok,0.0,5.0,1695.0,8001.0,74.99,1.7950719594955444,489.1953125,489.1953125,32.0,True,,,,,unavailable,,prefill-facebook-opt-6-7b-chunk-1024-sm-8,success,,,/mnt/data/dheeraj/dicertation/inference-profile/runs/revised-full-20260414-g7-opt67b-c512-1024/raw/points/prefill/prefill-facebook-opt-6-7b-chunk-1024-sm-8.csv
facebook/opt-6.7b,1024,gemm,v_proj,8,3,429.05598878860474,479404032,487792640,8388608,8388608,1024,2026-04-14T11:53:15Z,baseline_nvml_pt,nvidia-smi,ok,0.0,5.0,1695.0,8001.0,74.99,1.7950719594955444,489.1953125,489.1953125,32.0,True,,,,,unavailable,,prefill-facebook-opt-6-7b-chunk-1024-sm-8,success,,,/mnt/data/dheeraj/dicertation/inference-profile/runs/revised-full-20260414-g7-opt67b-c512-1024/raw/points/prefill/prefill-facebook-opt-6-7b-chunk-1024-sm-8.csv
facebook/opt-6.7b,1024,gemm,out_proj,8,3,432.12801218032837,479404032,487792640,8388608,8388608,1024,2026-04-14T11:53:15Z,baseline_nvml_pt,nvidia-smi,ok,0.0,5.0,1695.0,8001.0,74.99,1.7950719594955444,489.1953125,489.1953125,32.0,True,,,,,unavailable,,prefill-facebook-opt-6-7b-chunk-1024-sm-8,success,,,/mnt/data/dheeraj/dicertation/inference-profile/runs/revised-full-20260414-g7-opt67b-c512-1024/raw/points/prefill/prefill-facebook-opt-6-7b-chunk-1024-sm-8.csv
facebook/opt-6.7b,1024,gemm,fc1,8,3,1554.7200441360474,479404032,512958464,33554432,33554432,1024,2026-04-14T11:53:15Z,baseline_nvml_pt,nvidia-smi,ok,0.0,5.0,1695.0,8001.0,74.99,1.7950719594955444,489.1953125,489.1953125,32.0,True,,,,,unavailable,,prefill-facebook-opt-6-7b-chunk-1024-sm-8,success,,,/mnt/data/dheeraj/dicertation/inference-profile/runs/revised-full-20260414-g7-opt67b-c512-1024/raw/points/prefill/prefill-facebook-opt-6-7b-chunk-1024-sm-8.csv
facebook/opt-6.7b,1024,gemm,fc2,8,3,1626.1119842529297,479404032,487792640,8388608,8388608,1024,2026-04-14T11:53:15Z,baseline_nvml_pt,nvidia-smi,ok,0.0,5.0,1695.0,8001.0,74.99,1.7950719594955444,489.1953125,489.1953125,32.0,True,,,,,unavailable,,prefill-facebook-opt-6-7b-chunk-1024-sm-8,success,,,/mnt/data/dheeraj/dicertation/inference-profile/runs/revised-full-20260414-g7-opt67b-c512-1024/raw/points/prefill/prefill-facebook-opt-6-7b-chunk-1024-sm-8.csv
facebook/opt-6.7b,1024,attention,attention,8,3,262.9440128803253,479404032,487924736,8520704,8388608,1024,2026-04-14T11:53:15Z,baseline_nvml_pt,nvidia-smi,ok,0.0,5.0,1695.0,8001.0,74.99,1.7950719594955444,489.1953125,489.1953125,32.0,True,,,,,unavailable,,prefill-facebook-opt-6-7b-chunk-1024-sm-8,success,,,/mnt/data/dheeraj/dicertation/inference-profile/runs/revised-full-20260414-g7-opt67b-c512-1024/raw/points/prefill/prefill-facebook-opt-6-7b-chunk-1024-sm-8.csv
facebook/opt-6.7b,1024,gemm,q_proj,8,4,434.1759979724884,479404032,487792640,8388608,8388608,1024,2026-04-14T11:53:15Z,baseline_nvml_pt,nvidia-smi,ok,0.0,5.0,1695.0,8001.0,74.99,1.7950719594955444,489.1953125,489.1953125,32.0,True,,,,,unavailable,,prefill-facebook-opt-6-7b-chunk-1024-sm-8,success,,,/mnt/data/dheeraj/dicertation/inference-profile/runs/revised-full-20260414-g7-opt67b-c512-1024/raw/points/prefill/prefill-facebook-opt-6-7b-chunk-1024-sm-8.csv
facebook/opt-6.7b,1024,gemm,k_proj,8,4,431.10400438308716,479404032,487792640,8388608,8388608,1024,2026-04-14T11:53:15Z,baseline_nvml_pt,nvidia-smi,ok,0.0,5.0,1695.0,8001.0,74.99,1.7950719594955444,489.1953125,489.1953125,32.0,True,,,,,unavailable,,prefill-facebook-opt-6-7b-chunk-1024-sm-8,success,,,/mnt/data/dheeraj/dicertation/inference-profile/runs/revised-full-20260414-g7-opt67b-c512-1024/raw/points/prefill/prefill-facebook-opt-6-7b-chunk-1024-sm-8.csv
facebook/opt-6.7b,1024,gemm,v_proj,8,4,429.05598878860474,479404032,487792640,8388608,8388608,1024,2026-04-14T11:53:15Z,baseline_nvml_pt,nvidia-smi,ok,0.0,5.0,1695.0,8001.0,74.99,1.7950719594955444,489.1953125,489.1953125,32.0,True,,,,,unavailable,,prefill-facebook-opt-6-7b-chunk-1024-sm-8,success,,,/mnt/data/dheeraj/dicertation/inference-profile/runs/revised-full-20260414-g7-opt67b-c512-1024/raw/points/prefill/prefill-facebook-opt-6-7b-chunk-1024-sm-8.csv
facebook/opt-6.7b,1024,gemm,out_proj,8,4,432.99201130867004,479404032,487792640,8388608,8388608,1024,2026-04-14T11:53:15Z,baseline_nvml_pt,nvidia-smi,ok,0.0,5.0,1695.0,8001.0,74.99,1.7950719594955444,489.1953125,489.1953125,32.0,True,,,,,unavailable,,prefill-facebook-opt-6-7b-chunk-1024-sm-8,success,,,/mnt/data/dheeraj/dicertation/inference-profile/runs/revised-full-20260414-g7-opt67b-c512-1024/raw/points/prefill/prefill-facebook-opt-6-7b-chunk-1024-sm-8.csv
facebook/opt-6.7b,1024,gemm,fc1,8,4,1556.480050086975,479404032,512958464,33554432,33554432,1024,2026-04-14T11:53:15Z,baseline_nvml_pt,nvidia-smi,ok,0.0,5.0,1695.0,8001.0,74.99,1.7950719594955444,489.1953125,489.1953125,32.0,True,,,,,unavailable,,prefill-facebook-opt-6-7b-chunk-1024-sm-8,success,,,/mnt/data/dheeraj/dicertation/inference-profile/runs/revised-full-20260414-g7-opt67b-c512-1024/raw/points/prefill/prefill-facebook-opt-6-7b-chunk-1024-sm-8.csv
facebook/opt-6.7b,1024,gemm,fc2,8,4,1617.9200410842896,479404032,487792640,8388608,8388608,1024,2026-04-14T11:53:15Z,baseline_nvml_pt,nvidia-smi,ok,0.0,5.0,1695.0,8001.0,74.99,1.7950719594955444,489.1953125,489.1953125,32.0,True,,,,,unavailable,,prefill-facebook-opt-6-7b-chunk-1024-sm-8,success,,,/mnt/data/dheeraj/dicertation/inference-profile/runs/revised-full-20260414-g7-opt67b-c512-1024/raw/points/prefill/prefill-facebook-opt-6-7b-chunk-1024-sm-8.csv
facebook/opt-6.7b,1024,attention,attention,8,4,253.85600328445435,479404032,487924736,8520704,8388608,1024,2026-04-14T11:53:15Z,baseline_nvml_pt,nvidia-smi,ok,0.0,5.0,1695.0,8001.0,74.99,1.7950719594955444,489.1953125,489.1953125,32.0,True,,,,,unavailable,,prefill-facebook-opt-6-7b-chunk-1024-sm-8,success,,,/mnt/data/dheeraj/dicertation/inference-profile/runs/revised-full-20260414-g7-opt67b-c512-1024/raw/points/prefill/prefill-facebook-opt-6-7b-chunk-1024-sm-8.csv
facebook/opt-6.7b,1024,gemm,q_proj,16,0,475.13601183891296,479404032,487792640,8388608,8388608,1024,2026-04-14T11:53:21Z,baseline_nvml_pt,nvidia-smi,ok,39.0,5.0,1695.0,7601.0,74.23,1.6353280544281006,489.1953125,489.1953125,32.0,True,,,,,unavailable,,prefill-facebook-opt-6-7b-chunk-1024-sm-16,success,,,/mnt/data/dheeraj/dicertation/inference-profile/runs/revised-full-20260414-g7-opt67b-c512-1024/raw/points/prefill/prefill-facebook-opt-6-7b-chunk-1024-sm-16.csv
facebook/opt-6.7b,1024,gemm,k_proj,16,0,443.3920085430145,479404032,487792640,8388608,8388608,1024,2026-04-14T11:53:21Z,baseline_nvml_pt,nvidia-smi,ok,39.0,5.0,1695.0,7601.0,74.23,1.6353280544281006,489.1953125,489.1953125,32.0,True,,,,,unavailable,,prefill-facebook-opt-6-7b-chunk-1024-sm-16,success,,,/mnt/data/dheeraj/dicertation/inference-profile/runs/revised-full-20260414-g7-opt67b-c512-1024/raw/points/prefill/prefill-facebook-opt-6-7b-chunk-1024-sm-16.csv
facebook/opt-6.7b,1024,gemm,v_proj,16,0,437.24799156188965,479404032,487792640,8388608,8388608,1024,2026-04-14T11:53:21Z,baseline_nvml_pt,nvidia-smi,ok,39.0,5.0,1695.0,7601.0,74.23,1.6353280544281006,489.1953125,489.1953125,32.0,True,,,,,unavailable,,prefill-facebook-opt-6-7b-chunk-1024-sm-16,success,,,/mnt/data/dheeraj/dicertation/inference-profile/runs/revised-full-20260414-g7-opt67b-c512-1024/raw/points/prefill/prefill-facebook-opt-6-7b-chunk-1024-sm-16.csv
facebook/opt-6.7b,1024,gemm,out_proj,16,0,435.2000057697296,479404032,487792640,8388608,8388608,1024,2026-04-14T11:53:21Z,baseline_nvml_pt,nvidia-smi,ok,39.0,5.0,1695.0,7601.0,74.23,1.6353280544281006,489.1953125,489.1953125,32.0,True,,,,,unavailable,,prefill-facebook-opt-6-7b-chunk-1024-sm-16,success,,,/mnt/data/dheeraj/dicertation/inference-profile/runs/revised-full-20260414-g7-opt67b-c512-1024/raw/points/prefill/prefill-facebook-opt-6-7b-chunk-1024-sm-16.csv
facebook/opt-6.7b,1024,gemm,fc1,16,0,1559.5519542694092,479404032,512958464,33554432,33554432,1024,2026-04-14T11:53:21Z,baseline_nvml_pt,nvidia-smi,ok,39.0,5.0,1695.0,7601.0,74.23,1.6353280544281006,489.1953125,489.1953125,32.0,True,,,,,unavailable,,prefill-facebook-opt-6-7b-chunk-1024-sm-16,success,,,/mnt/data/dheeraj/dicertation/inference-profile/runs/revised-full-20260414-g7-opt67b-c512-1024/raw/points/prefill/prefill-facebook-opt-6-7b-chunk-1024-sm-16.csv
facebook/opt-6.7b,1024,gemm,fc2,16,0,1631.2320232391357,479404032,487792640,8388608,8388608,1024,2026-04-14T11:53:21Z,baseline_nvml_pt,nvidia-smi,ok,39.0,5.0,1695.0,7601.0,74.23,1.6353280544281006,489.1953125,489.1953125,32.0,True,,,,,unavailable,,prefill-facebook-opt-6-7b-chunk-1024-sm-16,success,,,/mnt/data/dheeraj/dicertation/inference-profile/runs/revised-full-20260414-g7-opt67b-c512-1024/raw/points/prefill/prefill-facebook-opt-6-7b-chunk-1024-sm-16.csv
facebook/opt-6.7b,1024,attention,attention,16,0,251.74400210380554,479404032,487924736,8520704,8388608,1024,2026-04-14T11:53:21Z,baseline_nvml_pt,nvidia-smi,ok,39.0,5.0,1695.0,7601.0,74.23,1.6353280544281006,489.1953125,489.1953125,32.0,True,,,,,unavailable,,prefill-facebook-opt-6-7b-chunk-1024-sm-16,success,,,/mnt/data/dheeraj/dicertation/inference-profile/runs/revised-full-20260414-g7-opt67b-c512-1024/raw/points/prefill/prefill-facebook-opt-6-7b-chunk-1024-sm-16.csv
facebook/opt-6.7b,1024,gemm,q_proj,16,1,458.75200629234314,479404032,487792640,8388608,8388608,1024,2026-04-14T11:53:21Z,baseline_nvml_pt,nvidia-smi,ok,39.0,5.0,1695.0,7601.0,74.23,1.6353280544281006,489.1953125,489.1953125,32.0,True,,,,,unavailable,,prefill-facebook-opt-6-7b-chunk-1024-sm-16,success,,,/mnt/data/dheeraj/dicertation/inference-profile/runs/revised-full-20260414-g7-opt67b-c512-1024/raw/points/prefill/prefill-facebook-opt-6-7b-chunk-1024-sm-16.csv
facebook/opt-6.7b,1024,gemm,k_proj,16,1,451.58401131629944,479404032,487792640,8388608,8388608,1024,2026-04-14T11:53:21Z,baseline_nvml_pt,nvidia-smi,ok,39.0,5.0,1695.0,7601.0,74.23,1.6353280544281006,489.1953125,489.1953125,32.0,True,,,,,unavailable,,prefill-facebook-opt-6-7b-chunk-1024-sm-16,success,,,/mnt/data/dheeraj/dicertation/inference-profile/runs/revised-full-20260414-g7-opt67b-c512-1024/raw/points/prefill/prefill-facebook-opt-6-7b-chunk-1024-sm-16.csv
facebook/opt-6.7b,1024,gemm,v_proj,16,1,448.5119879245758,479404032,487792640,8388608,8388608,1024,2026-04-14T11:53:21Z,baseline_nvml_pt,nvidia-smi,ok,39.0,5.0,1695.0,7601.0,74.23,1.6353280544281006,489.1953125,489.1953125,32.0,True,,,,,unavailable,,prefill-facebook-opt-6-7b-chunk-1024-sm-16,success,,,/mnt/data/dheeraj/dicertation/inference-profile/runs/revised-full-20260414-g7-opt67b-c512-1024/raw/points/prefill/prefill-facebook-opt-6-7b-chunk-1024-sm-16.csv
facebook/opt-6.7b,1024,gemm,out_proj,16,1,448.5119879245758,479404032,487792640,8388608,8388608,1024,2026-04-14T11:53:21Z,baseline_nvml_pt,nvidia-smi,ok,39.0,5.0,1695.0,7601.0,74.23,1.6353280544281006,489.1953125,489.1953125,32.0,True,,,,,unavailable,,prefill-facebook-opt-6-7b-chunk-1024-sm-16,success,,,/mnt/data/dheeraj/dicertation/inference-profile/runs/revised-full-20260414-g7-opt67b-c512-1024/raw/points/prefill/prefill-facebook-opt-6-7b-chunk-1024-sm-16.csv
facebook/opt-6.7b,1024,gemm,fc1,16,1,1587.2000455856323,479404032,512958464,33554432,33554432,1024,2026-04-14T11:53:21Z,baseline_nvml_pt,nvidia-smi,ok,39.0,5.0,1695.0,7601.0,74.23,1.6353280544281006,489.1953125,489.1953125,32.0,True,,,,,unavailable,,prefill-facebook-opt-6-7b-chunk-1024-sm-16,success,,,/mnt/data/dheeraj/dicertation/inference-profile/runs/revised-full-20260414-g7-opt67b-c512-1024/raw/points/prefill/prefill-facebook-opt-6-7b-chunk-1024-sm-16.csv
facebook/opt-6.7b,1024,gemm,fc2,16,1,1635.3280544281006,479404032,487792640,8388608,8388608,1024,2026-04-14T11:53:21Z,baseline_nvml_pt,nvidia-smi,ok,39.0,5.0,1695.0,7601.0,74.23,1.6353280544281006,489.1953125,489.1953125,32.0,True,,,,,unavailable,,prefill-facebook-opt-6-7b-chunk-1024-sm-16,success,,,/mnt/data/dheeraj/dicertation/inference-profile/runs/revised-full-20260414-g7-opt67b-c512-1024/raw/points/prefill/prefill-facebook-opt-6-7b-chunk-1024-sm-16.csv
facebook/opt-6.7b,1024,attention,attention,16,1,263.16800713539124,479404032,487924736,8520704,8388608,1024,2026-04-14T11:53:21Z,baseline_nvml_pt,nvidia-smi,ok,39.0,5.0,1695.0,7601.0,74.23,1.6353280544281006,489.1953125,489.1953125,32.0,True,,,,,unavailable,,prefill-facebook-opt-6-7b-chunk-1024-sm-16,success,,,/mnt/data/dheeraj/dicertation/inference-profile/runs/revised-full-20260414-g7-opt67b-c512-1024/raw/points/prefill/prefill-facebook-opt-6-7b-chunk-1024-sm-16.csv
facebook/opt-6.7b,1024,gemm,q_proj,16,2,452.38399505615234,479404032,487792640,8388608,8388608,1024,2026-04-14T11:53:21Z,baseline_nvml_pt,nvidia-smi,ok,39.0,5.0,1695.0,7601.0,74.23,1.6353280544281006,489.1953125,489.1953125,32.0,True,,,,,unavailable,,prefill-facebook-opt-6-7b-chunk-1024-sm-16,success,,,/mnt/data/dheeraj/dicertation/inference-profile/runs/revised-full-20260414-g7-opt67b-c512-1024/raw/points/prefill/prefill-facebook-opt-6-7b-chunk-1024-sm-16.csv
facebook/opt-6.7b,1024,gemm,k_proj,16,2,448.5119879245758,479404032,487792640,8388608,8388608,1024,2026-04-14T11:53:21Z,baseline_nvml_pt,nvidia-smi,ok,39.0,5.0,1695.0,7601.0,74.23,1.6353280544281006,489.1953125,489.1953125,32.0,True,,,,,unavailable,,prefill-facebook-opt-6-7b-chunk-1024-sm-16,success,,,/mnt/data/dheeraj/dicertation/inference-profile/runs/revised-full-20260414-g7-opt67b-c512-1024/raw/points/prefill/prefill-facebook-opt-6-7b-chunk-1024-sm-16.csv
facebook/opt-6.7b,1024,gemm,v_proj,16,2,472.06398844718933,479404032,487792640,8388608,8388608,1024,2026-04-14T11:53:21Z,baseline_nvml_pt,nvidia-smi,ok,39.0,5.0,1695.0,7601.0,74.23,1.6353280544281006,489.1953125,489.1953125,32.0,True,,,,,unavailable,,prefill-facebook-opt-6-7b-chunk-1024-sm-16,success,,,/mnt/data/dheeraj/dicertation/inference-profile/runs/revised-full-20260414-g7-opt67b-c512-1024/raw/points/prefill/prefill-facebook-opt-6-7b-chunk-1024-sm-16.csv
facebook/opt-6.7b,1024,gemm,out_proj,16,2,447.488009929657,479404032,487792640,8388608,8388608,1024,2026-04-14T11:53:21Z,baseline_nvml_pt,nvidia-smi,ok,39.0,5.0,1695.0,7601.0,74.23,1.6353280544281006,489.1953125,489.1953125,32.0,True,,,,,unavailable,,prefill-facebook-opt-6-7b-chunk-1024-sm-16,success,,,/mnt/data/dheeraj/dicertation/inference-profile/runs/revised-full-20260414-g7-opt67b-c512-1024/raw/points/prefill/prefill-facebook-opt-6-7b-chunk-1024-sm-16.csv
facebook/opt-6.7b,1024,gemm,fc1,16,2,1590.2719497680664,479404032,512958464,33554432,33554432,1024,2026-04-14T11:53:21Z,baseline_nvml_pt,nvidia-smi,ok,39.0,5.0,1695.0,7601.0,74.23,1.6353280544281006,489.1953125,489.1953125,32.0,True,,,,,unavailable,,prefill-facebook-opt-6-7b-chunk-1024-sm-16,success,,,/mnt/data/dheeraj/dicertation/inference-profile/runs/revised-full-20260414-g7-opt67b-c512-1024/raw/points/prefill/prefill-facebook-opt-6-7b-chunk-1024-sm-16.csv
facebook/opt-6.7b,1024,gemm,fc2,16,2,1632.256031036377,479404032,487792640,8388608,8388608,1024,2026-04-14T11:53:21Z,baseline_nvml_pt,nvidia-smi,ok,39.0,5.0,1695.0,7601.0,74.23,1.6353280544281006,489.1953125,489.1953125,32.0,True,,,,,unavailable,,prefill-facebook-opt-6-7b-chunk-1024-sm-16,success,,,/mnt/data/dheeraj/dicertation/inference-profile/runs/revised-full-20260414-g7-opt67b-c512-1024/raw/points/prefill/prefill-facebook-opt-6-7b-chunk-1024-sm-16.csv
facebook/opt-6.7b,1024,attention,attention,16,2,270.33600211143494,479404032,487924736,8520704,8388608,1024,2026-04-14T11:53:21Z,baseline_nvml_pt,nvidia-smi,ok,39.0,5.0,1695.0,7601.0,74.23,1.6353280544281006,489.1953125,489.1953125,32.0,True,,,,,unavailable,,prefill-facebook-opt-6-7b-chunk-1024-sm-16,success,,,/mnt/data/dheeraj/dicertation/inference-profile/runs/revised-full-20260414-g7-opt67b-c512-1024/raw/points/prefill/prefill-facebook-opt-6-7b-chunk-1024-sm-16.csv
facebook/opt-6.7b,1024,gemm,q_proj,16,3,451.35998725891113,479404032,487792640,8388608,8388608,1024,2026-04-14T11:53:21Z,baseline_nvml_pt,nvidia-smi,ok,39.0,5.0,1695.0,7601.0,74.23,1.6353280544281006,489.1953125,489.1953125,32.0,True,,,,,unavailable,,prefill-facebook-opt-6-7b-chunk-1024-sm-16,success,,,/mnt/data/dheeraj/dicertation/inference-profile/runs/revised-full-20260414-g7-opt67b-c512-1024/raw/points/prefill/prefill-facebook-opt-6-7b-chunk-1024-sm-16.csv
facebook/opt-6.7b,1024,gemm,k_proj,16,3,449.535995721817,479404032,487792640,8388608,8388608,1024,2026-04-14T11:53:21Z,baseline_nvml_pt,nvidia-smi,ok,39.0,5.0,1695.0,7601.0,74.23,1.6353280544281006,489.1953125,489.1953125,32.0,True,,,,,unavailable,,prefill-facebook-opt-6-7b-chunk-1024-sm-16,success,,,/mnt/data/dheeraj/dicertation/inference-profile/runs/revised-full-20260414-g7-opt67b-c512-1024/raw/points/prefill/prefill-facebook-opt-6-7b-chunk-1024-sm-16.csv
facebook/opt-6.7b,1024,gemm,v_proj,16,3,443.3920085430145,479404032,487792640,8388608,8388608,1024,2026-04-14T11:53:21Z,baseline_nvml_pt,nvidia-smi,ok,39.0,5.0,1695.0,7601.0,74.23,1.6353280544281006,489.1953125,489.1953125,32.0,True,,,,,unavailable,,prefill-facebook-opt-6-7b-chunk-1024-sm-16,success,,,/mnt/data/dheeraj/dicertation/inference-profile/runs/revised-full-20260414-g7-opt67b-c512-1024/raw/points/prefill/prefill-facebook-opt-6-7b-chunk-1024-sm-16.csv
facebook/opt-6.7b,1024,gemm,out_proj,16,3,440.2880072593689,479404032,487792640,8388608,8388608,1024,2026-04-14T11:53:21Z,baseline_nvml_pt,nvidia-smi,ok,39.0,5.0,1695.0,7601.0,74.23,1.6353280544281006,489.1953125,489.1953125,32.0,True,,,,,unavailable,,prefill-facebook-opt-6-7b-chunk-1024-sm-16,success,,,/mnt/data/dheeraj/dicertation/inference-profile/runs/revised-full-20260414-g7-opt67b-c512-1024/raw/points/prefill/prefill-facebook-opt-6-7b-chunk-1024-sm-16.csv
facebook/opt-6.7b,1024,gemm,fc1,16,3,1561.5999698638916,479404032,512958464,33554432,33554432,1024,2026-04-14T11:53:21Z,baseline_nvml_pt,nvidia-smi,ok,39.0,5.0,1695.0,7601.0,74.23,1.6353280544281006,489.1953125,489.1953125,32.0,True,,,,,unavailable,,prefill-facebook-opt-6-7b-chunk-1024-sm-16,success,,,/mnt/data/dheeraj/dicertation/inference-profile/runs/revised-full-20260414-g7-opt67b-c512-1024/raw/points/prefill/prefill-facebook-opt-6-7b-chunk-1024-sm-16.csv
facebook/opt-6.7b,1024,gemm,fc2,16,3,1628.000020980835,479404032,487792640,8388608,8388608,1024,2026-04-14T11:53:21Z,baseline_nvml_pt,nvidia-smi,ok,39.0,5.0,1695.0,7601.0,74.23,1.6353280544281006,489.1953125,489.1953125,32.0,True,,,,,unavailable,,prefill-facebook-opt-6-7b-chunk-1024-sm-16,success,,,/mnt/data/dheeraj/dicertation/inference-profile/runs/revised-full-20260414-g7-opt67b-c512-1024/raw/points/prefill/prefill-facebook-opt-6-7b-chunk-1024-sm-16.csv
facebook/opt-6.7b,1024,attention,attention,16,3,257.02399015426636,479404032,487924736,8520704,8388608,1024,2026-04-14T11:53:21Z,baseline_nvml_pt,nvidia-smi,ok,39.0,5.0,1695.0,7601.0,74.23,1.6353280544281006,489.1953125,489.1953125,32.0,True,,,,,unavailable,,prefill-facebook-opt-6-7b-chunk-1024-sm-16,success,,,/mnt/data/dheeraj/dicertation/inference-profile/runs/revised-full-20260414-g7-opt67b-c512-1024/raw/points/prefill/prefill-facebook-opt-6-7b-chunk-1024-sm-16.csv
facebook/opt-6.7b,1024,gemm,q_proj,16,4,440.3199851512909,479404032,487792640,8388608,8388608,1024,2026-04-14T11:53:21Z,baseline_nvml_pt,nvidia-smi,ok,39.0,5.0,1695.0,7601.0,74.23,1.6353280544281006,489.1953125,489.1953125,32.0,True,,,,,unavailable,,prefill-facebook-opt-6-7b-chunk-1024-sm-16,success,,,/mnt/data/dheeraj/dicertation/inference-profile/runs/revised-full-20260414-g7-opt67b-c512-1024/raw/points/prefill/prefill-facebook-opt-6-7b-chunk-1024-sm-16.csv
facebook/opt-6.7b,1024,gemm,k_proj,16,4,438.0800127983093,479404032,487792640,8388608,8388608,1024,2026-04-14T11:53:21Z,baseline_nvml_pt,nvidia-smi,ok,39.0,5.0,1695.0,7601.0,74.23,1.6353280544281006,489.1953125,489.1953125,32.0,True,,,,,unavailable,,prefill-facebook-opt-6-7b-chunk-1024-sm-16,success,,,/mnt/data/dheeraj/dicertation/inference-profile/runs/revised-full-20260414-g7-opt67b-c512-1024/raw/points/prefill/prefill-facebook-opt-6-7b-chunk-1024-sm-16.csv
facebook/opt-6.7b,1024,gemm,v_proj,16,4,436.2559914588928,479404032,487792640,8388608,8388608,1024,2026-04-14T11:53:21Z,baseline_nvml_pt,nvidia-smi,ok,39.0,5.0,1695.0,7601.0,74.23,1.6353280544281006,489.1953125,489.1953125,32.0,True,,,,,unavailable,,prefill-facebook-opt-6-7b-chunk-1024-sm-16,success,,,/mnt/data/dheeraj/dicertation/inference-profile/runs/revised-full-20260414-g7-opt67b-c512-1024/raw/points/prefill/prefill-facebook-opt-6-7b-chunk-1024-sm-16.csv
facebook/opt-6.7b,1024,gemm,out_proj,16,4,437.24799156188965,479404032,487792640,8388608,8388608,1024,2026-04-14T11:53:21Z,baseline_nvml_pt,nvidia-smi,ok,39.0,5.0,1695.0,7601.0,74.23,1.6353280544281006,489.1953125,489.1953125,32.0,True,,,,,unavailable,,prefill-facebook-opt-6-7b-chunk-1024-sm-16,success,,,/mnt/data/dheeraj/dicertation/inference-profile/runs/revised-full-20260414-g7-opt67b-c512-1024/raw/points/prefill/prefill-facebook-opt-6-7b-chunk-1024-sm-16.csv
facebook/opt-6.7b,1024,gemm,fc1,16,4,1560.5759620666504,479404032,512958464,33554432,33554432,1024,2026-04-14T11:53:21Z,baseline_nvml_pt,nvidia-smi,ok,39.0,5.0,1695.0,7601.0,74.23,1.6353280544281006,489.1953125,489.1953125,32.0,True,,,,,unavailable,,prefill-facebook-opt-6-7b-chunk-1024-sm-16,success,,,/mnt/data/dheeraj/dicertation/inference-profile/runs/revised-full-20260414-g7-opt67b-c512-1024/raw/points/prefill/prefill-facebook-opt-6-7b-chunk-1024-sm-16.csv
facebook/opt-6.7b,1024,gemm,fc2,16,4,1625.0879764556885,479404032,487792640,8388608,8388608,1024,2026-04-14T11:53:21Z,baseline_nvml_pt,nvidia-smi,ok,39.0,5.0,1695.0,7601.0,74.23,1.6353280544281006,489.1953125,489.1953125,32.0,True,,,,,unavailable,,prefill-facebook-opt-6-7b-chunk-1024-sm-16,success,,,/mnt/data/dheeraj/dicertation/inference-profile/runs/revised-full-20260414-g7-opt67b-c512-1024/raw/points/prefill/prefill-facebook-opt-6-7b-chunk-1024-sm-16.csv
facebook/opt-6.7b,1024,attention,attention,16,4,258.04799795150757,479404032,487924736,8520704,8388608,1024,2026-04-14T11:53:21Z,baseline_nvml_pt,nvidia-smi,ok,39.0,5.0,1695.0,7601.0,74.23,1.6353280544281006,489.1953125,489.1953125,32.0,True,,,,,unavailable,,prefill-facebook-opt-6-7b-chunk-1024-sm-16,success,,,/mnt/data/dheeraj/dicertation/inference-profile/runs/revised-full-20260414-g7-opt67b-c512-1024/raw/points/prefill/prefill-facebook-opt-6-7b-chunk-1024-sm-16.csv
facebook/opt-6.7b,1024,gemm,q_proj,24,0,446.46400213241577,479404032,487792640,8388608,8388608,1024,2026-04-14T11:53:25Z,baseline_nvml_pt,nvidia-smi,ok,48.0,5.0,1695.0,7601.0,74.58,1.6546560525894165,489.1953125,489.1953125,32.0,True,,,,,unavailable,,prefill-facebook-opt-6-7b-chunk-1024-sm-24,success,,,/mnt/data/dheeraj/dicertation/inference-profile/runs/revised-full-20260414-g7-opt67b-c512-1024/raw/points/prefill/prefill-facebook-opt-6-7b-chunk-1024-sm-24.csv
facebook/opt-6.7b,1024,gemm,k_proj,24,0,440.3199851512909,479404032,487792640,8388608,8388608,1024,2026-04-14T11:53:25Z,baseline_nvml_pt,nvidia-smi,ok,48.0,5.0,1695.0,7601.0,74.58,1.6546560525894165,489.1953125,489.1953125,32.0,True,,,,,unavailable,,prefill-facebook-opt-6-7b-chunk-1024-sm-24,success,,,/mnt/data/dheeraj/dicertation/inference-profile/runs/revised-full-20260414-g7-opt67b-c512-1024/raw/points/prefill/prefill-facebook-opt-6-7b-chunk-1024-sm-24.csv
facebook/opt-6.7b,1024,gemm,v_proj,24,0,434.1759979724884,479404032,487792640,8388608,8388608,1024,2026-04-14T11:53:25Z,baseline_nvml_pt,nvidia-smi,ok,48.0,5.0,1695.0,7601.0,74.58,1.6546560525894165,489.1953125,489.1953125,32.0,True,,,,,unavailable,,prefill-facebook-opt-6-7b-chunk-1024-sm-24,success,,,/mnt/data/dheeraj/dicertation/inference-profile/runs/revised-full-20260414-g7-opt67b-c512-1024/raw/points/prefill/prefill-facebook-opt-6-7b-chunk-1024-sm-24.csv
facebook/opt-6.7b,1024,gemm,out_proj,24,0,444.35200095176697,479404032,487792640,8388608,8388608,1024,2026-04-14T11:53:25Z,baseline_nvml_pt,nvidia-smi,ok,48.0,5.0,1695.0,7601.0,74.58,1.6546560525894165,489.1953125,489.1953125,32.0,True,,,,,unavailable,,prefill-facebook-opt-6-7b-chunk-1024-sm-24,success,,,/mnt/data/dheeraj/dicertation/inference-profile/runs/revised-full-20260414-g7-opt67b-c512-1024/raw/points/prefill/prefill-facebook-opt-6-7b-chunk-1024-sm-24.csv
facebook/opt-6.7b,1024,gemm,fc1,24,0,1617.3759698867798,479404032,512958464,33554432,33554432,1024,2026-04-14T11:53:25Z,baseline_nvml_pt,nvidia-smi,ok,48.0,5.0,1695.0,7601.0,74.58,1.6546560525894165,489.1953125,489.1953125,32.0,True,,,,,unavailable,,prefill-facebook-opt-6-7b-chunk-1024-sm-24,success,,,/mnt/data/dheeraj/dicertation/inference-profile/runs/revised-full-20260414-g7-opt67b-c512-1024/raw/points/prefill/prefill-facebook-opt-6-7b-chunk-1024-sm-24.csv
facebook/opt-6.7b,1024,gemm,fc2,24,0,1641.37601852417,479404032,487792640,8388608,8388608,1024,2026-04-14T11:53:25Z,baseline_nvml_pt,nvidia-smi,ok,48.0,5.0,1695.0,7601.0,74.58,1.6546560525894165,489.1953125,489.1953125,32.0,True,,,,,unavailable,,prefill-facebook-opt-6-7b-chunk-1024-sm-24,success,,,/mnt/data/dheeraj/dicertation/inference-profile/runs/revised-full-20260414-g7-opt67b-c512-1024/raw/points/prefill/prefill-facebook-opt-6-7b-chunk-1024-sm-24.csv
facebook/opt-6.7b,1024,attention,attention,24,0,267.2640085220337,479404032,487924736,8520704,8388608,1024,2026-04-14T11:53:25Z,baseline_nvml_pt,nvidia-smi,ok,48.0,5.0,1695.0,7601.0,74.58,1.6546560525894165,489.1953125,489.1953125,32.0,True,,,,,unavailable,,prefill-facebook-opt-6-7b-chunk-1024-sm-24,success,,,/mnt/data/dheeraj/dicertation/inference-profile/runs/revised-full-20260414-g7-opt67b-c512-1024/raw/points/prefill/prefill-facebook-opt-6-7b-chunk-1024-sm-24.csv
facebook/opt-6.7b,1024,gemm,q_proj,24,1,459.77601408958435,479404032,487792640,8388608,8388608,1024,2026-04-14T11:53:25Z,baseline_nvml_pt,nvidia-smi,ok,48.0,5.0,1695.0,7601.0,74.58,1.6546560525894165,489.1953125,489.1953125,32.0,True,,,,,unavailable,,prefill-facebook-opt-6-7b-chunk-1024-sm-24,success,,,/mnt/data/dheeraj/dicertation/inference-profile/runs/revised-full-20260414-g7-opt67b-c512-1024/raw/points/prefill/prefill-facebook-opt-6-7b-chunk-1024-sm-24.csv
facebook/opt-6.7b,1024,gemm,k_proj,24,1,456.7039906978607,479404032,487792640,8388608,8388608,1024,2026-04-14T11:53:25Z,baseline_nvml_pt,nvidia-smi,ok,48.0,5.0,1695.0,7601.0,74.58,1.6546560525894165,489.1953125,489.1953125,32.0,True,,,,,unavailable,,prefill-facebook-opt-6-7b-chunk-1024-sm-24,success,,,/mnt/data/dheeraj/dicertation/inference-profile/runs/revised-full-20260414-g7-opt67b-c512-1024/raw/points/prefill/prefill-facebook-opt-6-7b-chunk-1024-sm-24.csv
facebook/opt-6.7b,1024,gemm,v_proj,24,1,454.6560049057007,479404032,487792640,8388608,8388608,1024,2026-04-14T11:53:25Z,baseline_nvml_pt,nvidia-smi,ok,48.0,5.0,1695.0,7601.0,74.58,1.6546560525894165,489.1953125,489.1953125,32.0,True,,,,,unavailable,,prefill-facebook-opt-6-7b-chunk-1024-sm-24,success,,,/mnt/data/dheeraj/dicertation/inference-profile/runs/revised-full-20260414-g7-opt67b-c512-1024/raw/points/prefill/prefill-facebook-opt-6-7b-chunk-1024-sm-24.csv
facebook/opt-6.7b,1024,gemm,out_proj,24,1,455.6800127029419,479404032,487792640,8388608,8388608,1024,2026-04-14T11:53:25Z,baseline_nvml_pt,nvidia-smi,ok,48.0,5.0,1695.0,7601.0,74.58,1.6546560525894165,489.1953125,489.1953125,32.0,True,,,,,unavailable,,prefill-facebook-opt-6-7b-chunk-1024-sm-24,success,,,/mnt/data/dheeraj/dicertation/inference-profile/runs/revised-full-20260414-g7-opt67b-c512-1024/raw/points/prefill/prefill-facebook-opt-6-7b-chunk-1024-sm-24.csv
facebook/opt-6.7b,1024,gemm,fc1,24,1,1615.8720254898071,479404032,512958464,33554432,33554432,1024,2026-04-14T11:53:25Z,baseline_nvml_pt,nvidia-smi,ok,48.0,5.0,1695.0,7601.0,74.58,1.6546560525894165,489.1953125,489.1953125,32.0,True,,,,,unavailable,,prefill-facebook-opt-6-7b-chunk-1024-sm-24,success,,,/mnt/data/dheeraj/dicertation/inference-profile/runs/revised-full-20260414-g7-opt67b-c512-1024/raw/points/prefill/prefill-facebook-opt-6-7b-chunk-1024-sm-24.csv
facebook/opt-6.7b,1024,gemm,fc2,24,1,1639.4239664077759,479404032,487792640,8388608,8388608,1024,2026-04-14T11:53:25Z,baseline_nvml_pt,nvidia-smi,ok,48.0,5.0,1695.0,7601.0,74.58,1.6546560525894165,489.1953125,489.1953125,32.0,True,,,,,unavailable,,prefill-facebook-opt-6-7b-chunk-1024-sm-24,success,,,/mnt/data/dheeraj/dicertation/inference-profile/runs/revised-full-20260414-g7-opt67b-c512-1024/raw/points/prefill/prefill-facebook-opt-6-7b-chunk-1024-sm-24.csv
facebook/opt-6.7b,1024,attention,attention,24,1,265.3760015964508,479404032,487924736,8520704,8388608,1024,2026-04-14T11:53:25Z,baseline_nvml_pt,nvidia-smi,ok,48.0,5.0,1695.0,7601.0,74.58,1.6546560525894165,489.1953125,489.1953125,32.0,True,,,,,unavailable,,prefill-facebook-opt-6-7b-chunk-1024-sm-24,success,,,/mnt/data/dheeraj/dicertation/inference-profile/runs/revised-full-20260414-g7-opt67b-c512-1024/raw/points/prefill/prefill-facebook-opt-6-7b-chunk-1024-sm-24.csv
facebook/opt-6.7b,1024,gemm,q_proj,24,2,460.9600007534027,479404032,487792640,8388608,8388608,1024,2026-04-14T11:53:25Z,baseline_nvml_pt,nvidia-smi,ok,48.0,5.0,1695.0,7601.0,74.58,1.6546560525894165,489.1953125,489.1953125,32.0,True,,,,,unavailable,,prefill-facebook-opt-6-7b-chunk-1024-sm-24,success,,,/mnt/data/dheeraj/dicertation/inference-profile/runs/revised-full-20260414-g7-opt67b-c512-1024/raw/points/prefill/prefill-facebook-opt-6-7b-chunk-1024-sm-24.csv
facebook/opt-6.7b,1024,gemm,k_proj,24,2,454.6560049057007,479404032,487792640,8388608,8388608,1024,2026-04-14T11:53:25Z,baseline_nvml_pt,nvidia-smi,ok,48.0,5.0,1695.0,7601.0,74.58,1.6546560525894165,489.1953125,489.1953125,32.0,True,,,,,unavailable,,prefill-facebook-opt-6-7b-chunk-1024-sm-24,success,,,/mnt/data/dheeraj/dicertation/inference-profile/runs/revised-full-20260414-g7-opt67b-c512-1024/raw/points/prefill/prefill-facebook-opt-6-7b-chunk-1024-sm-24.csv
facebook/opt-6.7b,1024,gemm,v_proj,24,2,464.7679924964905,479404032,487792640,8388608,8388608,1024,2026-04-14T11:53:25Z,baseline_nvml_pt,nvidia-smi,ok,48.0,5.0,1695.0,7601.0,74.58,1.6546560525894165,489.1953125,489.1953125,32.0,True,,,,,unavailable,,prefill-facebook-opt-6-7b-chunk-1024-sm-24,success,,,/mnt/data/dheeraj/dicertation/inference-profile/runs/revised-full-20260414-g7-opt67b-c512-1024/raw/points/prefill/prefill-facebook-opt-6-7b-chunk-1024-sm-24.csv
facebook/opt-6.7b,1024,gemm,out_proj,24,2,455.6159973144531,479404032,487792640,8388608,8388608,1024,2026-04-14T11:53:25Z,baseline_nvml_pt,nvidia-smi,ok,48.0,5.0,1695.0,7601.0,74.58,1.6546560525894165,489.1953125,489.1953125,32.0,True,,,,,unavailable,,prefill-facebook-opt-6-7b-chunk-1024-sm-24,success,,,/mnt/data/dheeraj/dicertation/inference-profile/runs/revised-full-20260414-g7-opt67b-c512-1024/raw/points/prefill/prefill-facebook-opt-6-7b-chunk-1024-sm-24.csv
facebook/opt-6.7b,1024,gemm,fc1,24,2,1615.8720254898071,479404032,512958464,33554432,33554432,1024,2026-04-14T11:53:25Z,baseline_nvml_pt,nvidia-smi,ok,48.0,5.0,1695.0,7601.0,74.58,1.6546560525894165,489.1953125,489.1953125,32.0,True,,,,,unavailable,,prefill-facebook-opt-6-7b-chunk-1024-sm-24,success,,,/mnt/data/dheeraj/dicertation/inference-profile/runs/revised-full-20260414-g7-opt67b-c512-1024/raw/points/prefill/prefill-facebook-opt-6-7b-chunk-1024-sm-24.csv
facebook/opt-6.7b,1024,gemm,fc2,24,2,1632.256031036377,479404032,487792640,8388608,8388608,1024,2026-04-14T11:53:25Z,baseline_nvml_pt,nvidia-smi,ok,48.0,5.0,1695.0,7601.0,74.58,1.6546560525894165,489.1953125,489.1953125,32.0,True,,,,,unavailable,,prefill-facebook-opt-6-7b-chunk-1024-sm-24,success,,,/mnt/data/dheeraj/dicertation/inference-profile/runs/revised-full-20260414-g7-opt67b-c512-1024/raw/points/prefill/prefill-facebook-opt-6-7b-chunk-1024-sm-24.csv
facebook/opt-6.7b,1024,attention,attention,24,2,261.1199915409088,479404032,487924736,8520704,8388608,1024,2026-04-14T11:53:25Z,baseline_nvml_pt,nvidia-smi,ok,48.0,5.0,1695.0,7601.0,74.58,1.6546560525894165,489.1953125,489.1953125,32.0,True,,,,,unavailable,,prefill-facebook-opt-6-7b-chunk-1024-sm-24,success,,,/mnt/data/dheeraj/dicertation/inference-profile/runs/revised-full-20260414-g7-opt67b-c512-1024/raw/points/prefill/prefill-facebook-opt-6-7b-chunk-1024-sm-24.csv
facebook/opt-6.7b,1024,gemm,q_proj,24,3,449.535995721817,479404032,487792640,8388608,8388608,1024,2026-04-14T11:53:25Z,baseline_nvml_pt,nvidia-smi,ok,48.0,5.0,1695.0,7601.0,74.58,1.6546560525894165,489.1953125,489.1953125,32.0,True,,,,,unavailable,,prefill-facebook-opt-6-7b-chunk-1024-sm-24,success,,,/mnt/data/dheeraj/dicertation/inference-profile/runs/revised-full-20260414-g7-opt67b-c512-1024/raw/points/prefill/prefill-facebook-opt-6-7b-chunk-1024-sm-24.csv
facebook/opt-6.7b,1024,gemm,k_proj,24,3,444.41598653793335,479404032,487792640,8388608,8388608,1024,2026-04-14T11:53:25Z,baseline_nvml_pt,nvidia-smi,ok,48.0,5.0,1695.0,7601.0,74.58,1.6546560525894165,489.1953125,489.1953125,32.0,True,,,,,unavailable,,prefill-facebook-opt-6-7b-chunk-1024-sm-24,success,,,/mnt/data/dheeraj/dicertation/inference-profile/runs/revised-full-20260414-g7-opt67b-c512-1024/raw/points/prefill/prefill-facebook-opt-6-7b-chunk-1024-sm-24.csv
facebook/opt-6.7b,1024,gemm,v_proj,24,3,442.33599305152893,479404032,487792640,8388608,8388608,1024,2026-04-14T11:53:25Z,baseline_nvml_pt,nvidia-smi,ok,48.0,5.0,1695.0,7601.0,74.58,1.6546560525894165,489.1953125,489.1953125,32.0,True,,,,,unavailable,,prefill-facebook-opt-6-7b-chunk-1024-sm-24,success,,,/mnt/data/dheeraj/dicertation/inference-profile/runs/revised-full-20260414-g7-opt67b-c512-1024/raw/points/prefill/prefill-facebook-opt-6-7b-chunk-1024-sm-24.csv
facebook/opt-6.7b,1024,gemm,out_proj,24,3,443.3920085430145,479404032,487792640,8388608,8388608,1024,2026-04-14T11:53:25Z,baseline_nvml_pt,nvidia-smi,ok,48.0,5.0,1695.0,7601.0,74.58,1.6546560525894165,489.1953125,489.1953125,32.0,True,,,,,unavailable,,prefill-facebook-opt-6-7b-chunk-1024-sm-24,success,,,/mnt/data/dheeraj/dicertation/inference-profile/runs/revised-full-20260414-g7-opt67b-c512-1024/raw/points/prefill/prefill-facebook-opt-6-7b-chunk-1024-sm-24.csv
facebook/opt-6.7b,1024,gemm,fc1,24,3,1593.3120250701904,479404032,512958464,33554432,33554432,1024,2026-04-14T11:53:25Z,baseline_nvml_pt,nvidia-smi,ok,48.0,5.0,1695.0,7601.0,74.58,1.6546560525894165,489.1953125,489.1953125,32.0,True,,,,,unavailable,,prefill-facebook-opt-6-7b-chunk-1024-sm-24,success,,,/mnt/data/dheeraj/dicertation/inference-profile/runs/revised-full-20260414-g7-opt67b-c512-1024/raw/points/prefill/prefill-facebook-opt-6-7b-chunk-1024-sm-24.csv
facebook/opt-6.7b,1024,gemm,fc2,24,3,1635.2640390396118,479404032,487792640,8388608,8388608,1024,2026-04-14T11:53:25Z,baseline_nvml_pt,nvidia-smi,ok,48.0,5.0,1695.0,7601.0,74.58,1.6546560525894165,489.1953125,489.1953125,32.0,True,,,,,unavailable,,prefill-facebook-opt-6-7b-chunk-1024-sm-24,success,,,/mnt/data/dheeraj/dicertation/inference-profile/runs/revised-full-20260414-g7-opt67b-c512-1024/raw/points/prefill/prefill-facebook-opt-6-7b-chunk-1024-sm-24.csv
facebook/opt-6.7b,1024,attention,attention,24,3,259.0720057487488,479404032,487924736,8520704,8388608,1024,2026-04-14T11:53:25Z,baseline_nvml_pt,nvidia-smi,ok,48.0,5.0,1695.0,7601.0,74.58,1.6546560525894165,489.1953125,489.1953125,32.0,True,,,,,unavailable,,prefill-facebook-opt-6-7b-chunk-1024-sm-24,success,,,/mnt/data/dheeraj/dicertation/inference-profile/runs/revised-full-20260414-g7-opt67b-c512-1024/raw/points/prefill/prefill-facebook-opt-6-7b-chunk-1024-sm-24.csv
facebook/opt-6.7b,1024,gemm,q_proj,24,4,687.1039867401123,479404032,487792640,8388608,8388608,1024,2026-04-14T11:53:25Z,baseline_nvml_pt,nvidia-smi,ok,48.0,5.0,1695.0,7601.0,74.58,1.6546560525894165,489.1953125,489.1953125,32.0,True,,,,,unavailable,,prefill-facebook-opt-6-7b-chunk-1024-sm-24,success,,,/mnt/data/dheeraj/dicertation/inference-profile/runs/revised-full-20260414-g7-opt67b-c512-1024/raw/points/prefill/prefill-facebook-opt-6-7b-chunk-1024-sm-24.csv
facebook/opt-6.7b,1024,gemm,k_proj,24,4,499.7119903564453,479404032,487792640,8388608,8388608,1024,2026-04-14T11:53:25Z,baseline_nvml_pt,nvidia-smi,ok,48.0,5.0,1695.0,7601.0,74.58,1.6546560525894165,489.1953125,489.1953125,32.0,True,,,,,unavailable,,prefill-facebook-opt-6-7b-chunk-1024-sm-24,success,,,/mnt/data/dheeraj/dicertation/inference-profile/runs/revised-full-20260414-g7-opt67b-c512-1024/raw/points/prefill/prefill-facebook-opt-6-7b-chunk-1024-sm-24.csv
facebook/opt-6.7b,1024,gemm,v_proj,24,4,464.89599347114563,479404032,487792640,8388608,8388608,1024,2026-04-14T11:53:25Z,baseline_nvml_pt,nvidia-smi,ok,48.0,5.0,1695.0,7601.0,74.58,1.6546560525894165,489.1953125,489.1953125,32.0,True,,,,,unavailable,,prefill-facebook-opt-6-7b-chunk-1024-sm-24,success,,,/mnt/data/dheeraj/dicertation/inference-profile/runs/revised-full-20260414-g7-opt67b-c512-1024/raw/points/prefill/prefill-facebook-opt-6-7b-chunk-1024-sm-24.csv
facebook/opt-6.7b,1024,gemm,out_proj,24,4,459.77601408958435,479404032,487792640,8388608,8388608,1024,2026-04-14T11:53:25Z,baseline_nvml_pt,nvidia-smi,ok,48.0,5.0,1695.0,7601.0,74.58,1.6546560525894165,489.1953125,489.1953125,32.0,True,,,,,unavailable,,prefill-facebook-opt-6-7b-chunk-1024-sm-24,success,,,/mnt/data/dheeraj/dicertation/inference-profile/runs/revised-full-20260414-g7-opt67b-c512-1024/raw/points/prefill/prefill-facebook-opt-6-7b-chunk-1024-sm-24.csv
facebook/opt-6.7b,1024,gemm,fc1,24,4,1589.2479419708252,479404032,512958464,33554432,33554432,1024,2026-04-14T11:53:25Z,baseline_nvml_pt,nvidia-smi,ok,48.0,5.0,1695.0,7601.0,74.58,1.6546560525894165,489.1953125,489.1953125,32.0,True,,,,,unavailable,,prefill-facebook-opt-6-7b-chunk-1024-sm-24,success,,,/mnt/data/dheeraj/dicertation/inference-profile/runs/revised-full-20260414-g7-opt67b-c512-1024/raw/points/prefill/prefill-facebook-opt-6-7b-chunk-1024-sm-24.csv
facebook/opt-6.7b,1024,gemm,fc2,24,4,1654.6560525894165,479404032,487792640,8388608,8388608,1024,2026-04-14T11:53:25Z,baseline_nvml_pt,nvidia-smi,ok,48.0,5.0,1695.0,7601.0,74.58,1.6546560525894165,489.1953125,489.1953125,32.0,True,,,,,unavailable,,prefill-facebook-opt-6-7b-chunk-1024-sm-24,success,,,/mnt/data/dheeraj/dicertation/inference-profile/runs/revised-full-20260414-g7-opt67b-c512-1024/raw/points/prefill/prefill-facebook-opt-6-7b-chunk-1024-sm-24.csv
facebook/opt-6.7b,1024,attention,attention,24,4,320.51199674606323,479404032,487924736,8520704,8388608,1024,2026-04-14T11:53:25Z,baseline_nvml_pt,nvidia-smi,ok,48.0,5.0,1695.0,7601.0,74.58,1.6546560525894165,489.1953125,489.1953125,32.0,True,,,,,unavailable,,prefill-facebook-opt-6-7b-chunk-1024-sm-24,success,,,/mnt/data/dheeraj/dicertation/inference-profile/runs/revised-full-20260414-g7-opt67b-c512-1024/raw/points/prefill/prefill-facebook-opt-6-7b-chunk-1024-sm-24.csv
facebook/opt-6.7b,1024,gemm,q_proj,32,0,476.063996553421,479404032,487792640,8388608,8388608,1024,2026-04-14T11:53:31Z,baseline_nvml_pt,nvidia-smi,ok,0.0,5.0,1695.0,8001.0,74.62,1.6383999586105347,489.1953125,489.1953125,32.0,True,,,,,unavailable,,prefill-facebook-opt-6-7b-chunk-1024-sm-32,success,,,/mnt/data/dheeraj/dicertation/inference-profile/runs/revised-full-20260414-g7-opt67b-c512-1024/raw/points/prefill/prefill-facebook-opt-6-7b-chunk-1024-sm-32.csv
facebook/opt-6.7b,1024,gemm,k_proj,32,0,458.5280120372772,479404032,487792640,8388608,8388608,1024,2026-04-14T11:53:31Z,baseline_nvml_pt,nvidia-smi,ok,0.0,5.0,1695.0,8001.0,74.62,1.6383999586105347,489.1953125,489.1953125,32.0,True,,,,,unavailable,,prefill-facebook-opt-6-7b-chunk-1024-sm-32,success,,,/mnt/data/dheeraj/dicertation/inference-profile/runs/revised-full-20260414-g7-opt67b-c512-1024/raw/points/prefill/prefill-facebook-opt-6-7b-chunk-1024-sm-32.csv
facebook/opt-6.7b,1024,gemm,v_proj,32,0,451.32800936698914,479404032,487792640,8388608,8388608,1024,2026-04-14T11:53:31Z,baseline_nvml_pt,nvidia-smi,ok,0.0,5.0,1695.0,8001.0,74.62,1.6383999586105347,489.1953125,489.1953125,32.0,True,,,,,unavailable,,prefill-facebook-opt-6-7b-chunk-1024-sm-32,success,,,/mnt/data/dheeraj/dicertation/inference-profile/runs/revised-full-20260414-g7-opt67b-c512-1024/raw/points/prefill/prefill-facebook-opt-6-7b-chunk-1024-sm-32.csv
facebook/opt-6.7b,1024,gemm,out_proj,32,0,450.5600035190582,479404032,487792640,8388608,8388608,1024,2026-04-14T11:53:31Z,baseline_nvml_pt,nvidia-smi,ok,0.0,5.0,1695.0,8001.0,74.62,1.6383999586105347,489.1953125,489.1953125,32.0,True,,,,,unavailable,,prefill-facebook-opt-6-7b-chunk-1024-sm-32,success,,,/mnt/data/dheeraj/dicertation/inference-profile/runs/revised-full-20260414-g7-opt67b-c512-1024/raw/points/prefill/prefill-facebook-opt-6-7b-chunk-1024-sm-32.csv
facebook/opt-6.7b,1024,gemm,fc1,32,0,1591.2959575653076,479404032,512958464,33554432,33554432,1024,2026-04-14T11:53:31Z,baseline_nvml_pt,nvidia-smi,ok,0.0,5.0,1695.0,8001.0,74.62,1.6383999586105347,489.1953125,489.1953125,32.0,True,,,,,unavailable,,prefill-facebook-opt-6-7b-chunk-1024-sm-32,success,,,/mnt/data/dheeraj/dicertation/inference-profile/runs/revised-full-20260414-g7-opt67b-c512-1024/raw/points/prefill/prefill-facebook-opt-6-7b-chunk-1024-sm-32.csv
facebook/opt-6.7b,1024,gemm,fc2,32,0,1635.1360082626343,479404032,487792640,8388608,8388608,1024,2026-04-14T11:53:31Z,baseline_nvml_pt,nvidia-smi,ok,0.0,5.0,1695.0,8001.0,74.62,1.6383999586105347,489.1953125,489.1953125,32.0,True,,,,,unavailable,,prefill-facebook-opt-6-7b-chunk-1024-sm-32,success,,,/mnt/data/dheeraj/dicertation/inference-profile/runs/revised-full-20260414-g7-opt67b-c512-1024/raw/points/prefill/prefill-facebook-opt-6-7b-chunk-1024-sm-32.csv
facebook/opt-6.7b,1024,attention,attention,32,0,266.2400007247925,479404032,487924736,8520704,8388608,1024,2026-04-14T11:53:31Z,baseline_nvml_pt,nvidia-smi,ok,0.0,5.0,1695.0,8001.0,74.62,1.6383999586105347,489.1953125,489.1953125,32.0,True,,,,,unavailable,,prefill-facebook-opt-6-7b-chunk-1024-sm-32,success,,,/mnt/data/dheeraj/dicertation/inference-profile/runs/revised-full-20260414-g7-opt67b-c512-1024/raw/points/prefill/prefill-facebook-opt-6-7b-chunk-1024-sm-32.csv
facebook/opt-6.7b,1024,gemm,q_proj,32,1,452.57601141929626,479404032,487792640,8388608,8388608,1024,2026-04-14T11:53:31Z,baseline_nvml_pt,nvidia-smi,ok,0.0,5.0,1695.0,8001.0,74.62,1.6383999586105347,489.1953125,489.1953125,32.0,True,,,,,unavailable,,prefill-facebook-opt-6-7b-chunk-1024-sm-32,success,,,/mnt/data/dheeraj/dicertation/inference-profile/runs/revised-full-20260414-g7-opt67b-c512-1024/raw/points/prefill/prefill-facebook-opt-6-7b-chunk-1024-sm-32.csv
facebook/opt-6.7b,1024,gemm,k_proj,32,1,450.5600035190582,479404032,487792640,8388608,8388608,1024,2026-04-14T11:53:31Z,baseline_nvml_pt,nvidia-smi,ok,0.0,5.0,1695.0,8001.0,74.62,1.6383999586105347,489.1953125,489.1953125,32.0,True,,,,,unavailable,,prefill-facebook-opt-6-7b-chunk-1024-sm-32,success,,,/mnt/data/dheeraj/dicertation/inference-profile/runs/revised-full-20260414-g7-opt67b-c512-1024/raw/points/prefill/prefill-facebook-opt-6-7b-chunk-1024-sm-32.csv
facebook/opt-6.7b,1024,gemm,v_proj,32,1,447.488009929657,479404032,487792640,8388608,8388608,1024,2026-04-14T11:53:31Z,baseline_nvml_pt,nvidia-smi,ok,0.0,5.0,1695.0,8001.0,74.62,1.6383999586105347,489.1953125,489.1953125,32.0,True,,,,,unavailable,,prefill-facebook-opt-6-7b-chunk-1024-sm-32,success,,,/mnt/data/dheeraj/dicertation/inference-profile/runs/revised-full-20260414-g7-opt67b-c512-1024/raw/points/prefill/prefill-facebook-opt-6-7b-chunk-1024-sm-32.csv
facebook/opt-6.7b,1024,gemm,out_proj,32,1,446.46400213241577,479404032,487792640,8388608,8388608,1024,2026-04-14T11:53:31Z,baseline_nvml_pt,nvidia-smi,ok,0.0,5.0,1695.0,8001.0,74.62,1.6383999586105347,489.1953125,489.1953125,32.0,True,,,,,unavailable,,prefill-facebook-opt-6-7b-chunk-1024-sm-32,success,,,/mnt/data/dheeraj/dicertation/inference-profile/runs/revised-full-20260414-g7-opt67b-c512-1024/raw/points/prefill/prefill-facebook-opt-6-7b-chunk-1024-sm-32.csv
facebook/opt-6.7b,1024,gemm,fc1,32,1,1586.176037788391,479404032,512958464,33554432,33554432,1024,2026-04-14T11:53:31Z,baseline_nvml_pt,nvidia-smi,ok,0.0,5.0,1695.0,8001.0,74.62,1.6383999586105347,489.1953125,489.1953125,32.0,True,,,,,unavailable,,prefill-facebook-opt-6-7b-chunk-1024-sm-32,success,,,/mnt/data/dheeraj/dicertation/inference-profile/runs/revised-full-20260414-g7-opt67b-c512-1024/raw/points/prefill/prefill-facebook-opt-6-7b-chunk-1024-sm-32.csv
facebook/opt-6.7b,1024,gemm,fc2,32,1,1638.3999586105347,479404032,487792640,8388608,8388608,1024,2026-04-14T11:53:31Z,baseline_nvml_pt,nvidia-smi,ok,0.0,5.0,1695.0,8001.0,74.62,1.6383999586105347,489.1953125,489.1953125,32.0,True,,,,,unavailable,,prefill-facebook-opt-6-7b-chunk-1024-sm-32,success,,,/mnt/data/dheeraj/dicertation/inference-profile/runs/revised-full-20260414-g7-opt67b-c512-1024/raw/points/prefill/prefill-facebook-opt-6-7b-chunk-1024-sm-32.csv
facebook/opt-6.7b,1024,attention,attention,32,1,262.04800605773926,479404032,487924736,8520704,8388608,1024,2026-04-14T11:53:31Z,baseline_nvml_pt,nvidia-smi,ok,0.0,5.0,1695.0,8001.0,74.62,1.6383999586105347,489.1953125,489.1953125,32.0,True,,,,,unavailable,,prefill-facebook-opt-6-7b-chunk-1024-sm-32,success,,,/mnt/data/dheeraj/dicertation/inference-profile/runs/revised-full-20260414-g7-opt67b-c512-1024/raw/points/prefill/prefill-facebook-opt-6-7b-chunk-1024-sm-32.csv
facebook/opt-6.7b,1024,gemm,q_proj,32,2,451.58401131629944,479404032,487792640,8388608,8388608,1024,2026-04-14T11:53:31Z,baseline_nvml_pt,nvidia-smi,ok,0.0,5.0,1695.0,8001.0,74.62,1.6383999586105347,489.1953125,489.1953125,32.0,True,,,,,unavailable,,prefill-facebook-opt-6-7b-chunk-1024-sm-32,success,,,/mnt/data/dheeraj/dicertation/inference-profile/runs/revised-full-20260414-g7-opt67b-c512-1024/raw/points/prefill/prefill-facebook-opt-6-7b-chunk-1024-sm-32.csv
facebook/opt-6.7b,1024,gemm,k_proj,32,2,448.5119879245758,479404032,487792640,8388608,8388608,1024,2026-04-14T11:53:31Z,baseline_nvml_pt,nvidia-smi,ok,0.0,5.0,1695.0,8001.0,74.62,1.6383999586105347,489.1953125,489.1953125,32.0,True,,,,,unavailable,,prefill-facebook-opt-6-7b-chunk-1024-sm-32,success,,,/mnt/data/dheeraj/dicertation/inference-profile/runs/revised-full-20260414-g7-opt67b-c512-1024/raw/points/prefill/prefill-facebook-opt-6-7b-chunk-1024-sm-32.csv
facebook/opt-6.7b,1024,gemm,v_proj,32,2,449.3759870529175,479404032,487792640,8388608,8388608,1024,2026-04-14T11:53:31Z,baseline_nvml_pt,nvidia-smi,ok,0.0,5.0,1695.0,8001.0,74.62,1.6383999586105347,489.1953125,489.1953125,32.0,True,,,,,unavailable,,prefill-facebook-opt-6-7b-chunk-1024-sm-32,success,,,/mnt/data/dheeraj/dicertation/inference-profile/runs/revised-full-20260414-g7-opt67b-c512-1024/raw/points/prefill/prefill-facebook-opt-6-7b-chunk-1024-sm-32.csv
facebook/opt-6.7b,1024,gemm,out_proj,32,2,438.27199935913086,479404032,487792640,8388608,8388608,1024,2026-04-14T11:53:31Z,baseline_nvml_pt,nvidia-smi,ok,0.0,5.0,1695.0,8001.0,74.62,1.6383999586105347,489.1953125,489.1953125,32.0,True,,,,,unavailable,,prefill-facebook-opt-6-7b-chunk-1024-sm-32,success,,,/mnt/data/dheeraj/dicertation/inference-profile/runs/revised-full-20260414-g7-opt67b-c512-1024/raw/points/prefill/prefill-facebook-opt-6-7b-chunk-1024-sm-32.csv
facebook/opt-6.7b,1024,gemm,fc1,32,2,1562.656044960022,479404032,512958464,33554432,33554432,1024,2026-04-14T11:53:31Z,baseline_nvml_pt,nvidia-smi,ok,0.0,5.0,1695.0,8001.0,74.62,1.6383999586105347,489.1953125,489.1953125,32.0,True,,,,,unavailable,,prefill-facebook-opt-6-7b-chunk-1024-sm-32,success,,,/mnt/data/dheeraj/dicertation/inference-profile/runs/revised-full-20260414-g7-opt67b-c512-1024/raw/points/prefill/prefill-facebook-opt-6-7b-chunk-1024-sm-32.csv
facebook/opt-6.7b,1024,gemm,fc2,32,2,1630.0159692764282,479404032,487792640,8388608,8388608,1024,2026-04-14T11:53:31Z,baseline_nvml_pt,nvidia-smi,ok,0.0,5.0,1695.0,8001.0,74.62,1.6383999586105347,489.1953125,489.1953125,32.0,True,,,,,unavailable,,prefill-facebook-opt-6-7b-chunk-1024-sm-32,success,,,/mnt/data/dheeraj/dicertation/inference-profile/runs/revised-full-20260414-g7-opt67b-c512-1024/raw/points/prefill/prefill-facebook-opt-6-7b-chunk-1024-sm-32.csv
facebook/opt-6.7b,1024,attention,attention,32,2,254.97600436210632,479404032,487924736,8520704,8388608,1024,2026-04-14T11:53:31Z,baseline_nvml_pt,nvidia-smi,ok,0.0,5.0,1695.0,8001.0,74.62,1.6383999586105347,489.1953125,489.1953125,32.0,True,,,,,unavailable,,prefill-facebook-opt-6-7b-chunk-1024-sm-32,success,,,/mnt/data/dheeraj/dicertation/inference-profile/runs/revised-full-20260414-g7-opt67b-c512-1024/raw/points/prefill/prefill-facebook-opt-6-7b-chunk-1024-sm-32.csv
facebook/opt-6.7b,1024,gemm,q_proj,32,3,439.29600715637207,479404032,487792640,8388608,8388608,1024,2026-04-14T11:53:31Z,baseline_nvml_pt,nvidia-smi,ok,0.0,5.0,1695.0,8001.0,74.62,1.6383999586105347,489.1953125,489.1953125,32.0,True,,,,,unavailable,,prefill-facebook-opt-6-7b-chunk-1024-sm-32,success,,,/mnt/data/dheeraj/dicertation/inference-profile/runs/revised-full-20260414-g7-opt67b-c512-1024/raw/points/prefill/prefill-facebook-opt-6-7b-chunk-1024-sm-32.csv
facebook/opt-6.7b,1024,gemm,k_proj,32,3,435.2000057697296,479404032,487792640,8388608,8388608,1024,2026-04-14T11:53:31Z,baseline_nvml_pt,nvidia-smi,ok,0.0,5.0,1695.0,8001.0,74.62,1.6383999586105347,489.1953125,489.1953125,32.0,True,,,,,unavailable,,prefill-facebook-opt-6-7b-chunk-1024-sm-32,success,,,/mnt/data/dheeraj/dicertation/inference-profile/runs/revised-full-20260414-g7-opt67b-c512-1024/raw/points/prefill/prefill-facebook-opt-6-7b-chunk-1024-sm-32.csv
facebook/opt-6.7b,1024,gemm,v_proj,32,3,436.2240135669708,479404032,487792640,8388608,8388608,1024,2026-04-14T11:53:31Z,baseline_nvml_pt,nvidia-smi,ok,0.0,5.0,1695.0,8001.0,74.62,1.6383999586105347,489.1953125,489.1953125,32.0,True,,,,,unavailable,,prefill-facebook-opt-6-7b-chunk-1024-sm-32,success,,,/mnt/data/dheeraj/dicertation/inference-profile/runs/revised-full-20260414-g7-opt67b-c512-1024/raw/points/prefill/prefill-facebook-opt-6-7b-chunk-1024-sm-32.csv
facebook/opt-6.7b,1024,gemm,out_proj,32,3,435.2000057697296,479404032,487792640,8388608,8388608,1024,2026-04-14T11:53:31Z,baseline_nvml_pt,nvidia-smi,ok,0.0,5.0,1695.0,8001.0,74.62,1.6383999586105347,489.1953125,489.1953125,32.0,True,,,,,unavailable,,prefill-facebook-opt-6-7b-chunk-1024-sm-32,success,,,/mnt/data/dheeraj/dicertation/inference-profile/runs/revised-full-20260414-g7-opt67b-c512-1024/raw/points/prefill/prefill-facebook-opt-6-7b-chunk-1024-sm-32.csv
facebook/opt-6.7b,1024,gemm,fc1,32,3,1558.527946472168,479404032,512958464,33554432,33554432,1024,2026-04-14T11:53:31Z,baseline_nvml_pt,nvidia-smi,ok,0.0,5.0,1695.0,8001.0,74.62,1.6383999586105347,489.1953125,489.1953125,32.0,True,,,,,unavailable,,prefill-facebook-opt-6-7b-chunk-1024-sm-32,success,,,/mnt/data/dheeraj/dicertation/inference-profile/runs/revised-full-20260414-g7-opt67b-c512-1024/raw/points/prefill/prefill-facebook-opt-6-7b-chunk-1024-sm-32.csv
facebook/opt-6.7b,1024,gemm,fc2,32,3,1627.135992050171,479404032,487792640,8388608,8388608,1024,2026-04-14T11:53:31Z,baseline_nvml_pt,nvidia-smi,ok,0.0,5.0,1695.0,8001.0,74.62,1.6383999586105347,489.1953125,489.1953125,32.0,True,,,,,unavailable,,prefill-facebook-opt-6-7b-chunk-1024-sm-32,success,,,/mnt/data/dheeraj/dicertation/inference-profile/runs/revised-full-20260414-g7-opt67b-c512-1024/raw/points/prefill/prefill-facebook-opt-6-7b-chunk-1024-sm-32.csv
facebook/opt-6.7b,1024,attention,attention,32,3,254.8159956932068,479404032,487924736,8520704,8388608,1024,2026-04-14T11:53:31Z,baseline_nvml_pt,nvidia-smi,ok,0.0,5.0,1695.0,8001.0,74.62,1.6383999586105347,489.1953125,489.1953125,32.0,True,,,,,unavailable,,prefill-facebook-opt-6-7b-chunk-1024-sm-32,success,,,/mnt/data/dheeraj/dicertation/inference-profile/runs/revised-full-20260414-g7-opt67b-c512-1024/raw/points/prefill/prefill-facebook-opt-6-7b-chunk-1024-sm-32.csv
facebook/opt-6.7b,1024,gemm,q_proj,32,4,438.27199935913086,479404032,487792640,8388608,8388608,1024,2026-04-14T11:53:31Z,baseline_nvml_pt,nvidia-smi,ok,0.0,5.0,1695.0,8001.0,74.62,1.6383999586105347,489.1953125,489.1953125,32.0,True,,,,,unavailable,,prefill-facebook-opt-6-7b-chunk-1024-sm-32,success,,,/mnt/data/dheeraj/dicertation/inference-profile/runs/revised-full-20260414-g7-opt67b-c512-1024/raw/points/prefill/prefill-facebook-opt-6-7b-chunk-1024-sm-32.csv
facebook/opt-6.7b,1024,gemm,k_proj,32,4,436.2240135669708,479404032,487792640,8388608,8388608,1024,2026-04-14T11:53:31Z,baseline_nvml_pt,nvidia-smi,ok,0.0,5.0,1695.0,8001.0,74.62,1.6383999586105347,489.1953125,489.1953125,32.0,True,,,,,unavailable,,prefill-facebook-opt-6-7b-chunk-1024-sm-32,success,,,/mnt/data/dheeraj/dicertation/inference-profile/runs/revised-full-20260414-g7-opt67b-c512-1024/raw/points/prefill/prefill-facebook-opt-6-7b-chunk-1024-sm-32.csv
facebook/opt-6.7b,1024,gemm,v_proj,32,4,437.21601366996765,479404032,487792640,8388608,8388608,1024,2026-04-14T11:53:31Z,baseline_nvml_pt,nvidia-smi,ok,0.0,5.0,1695.0,8001.0,74.62,1.6383999586105347,489.1953125,489.1953125,32.0,True,,,,,unavailable,,prefill-facebook-opt-6-7b-chunk-1024-sm-32,success,,,/mnt/data/dheeraj/dicertation/inference-profile/runs/revised-full-20260414-g7-opt67b-c512-1024/raw/points/prefill/prefill-facebook-opt-6-7b-chunk-1024-sm-32.csv
facebook/opt-6.7b,1024,gemm,out_proj,32,4,437.24799156188965,479404032,487792640,8388608,8388608,1024,2026-04-14T11:53:31Z,baseline_nvml_pt,nvidia-smi,ok,0.0,5.0,1695.0,8001.0,74.62,1.6383999586105347,489.1953125,489.1953125,32.0,True,,,,,unavailable,,prefill-facebook-opt-6-7b-chunk-1024-sm-32,success,,,/mnt/data/dheeraj/dicertation/inference-profile/runs/revised-full-20260414-g7-opt67b-c512-1024/raw/points/prefill/prefill-facebook-opt-6-7b-chunk-1024-sm-32.csv
facebook/opt-6.7b,1024,gemm,fc1,32,4,1558.527946472168,479404032,512958464,33554432,33554432,1024,2026-04-14T11:53:31Z,baseline_nvml_pt,nvidia-smi,ok,0.0,5.0,1695.0,8001.0,74.62,1.6383999586105347,489.1953125,489.1953125,32.0,True,,,,,unavailable,,prefill-facebook-opt-6-7b-chunk-1024-sm-32,success,,,/mnt/data/dheeraj/dicertation/inference-profile/runs/revised-full-20260414-g7-opt67b-c512-1024/raw/points/prefill/prefill-facebook-opt-6-7b-chunk-1024-sm-32.csv
facebook/opt-6.7b,1024,gemm,fc2,32,4,1630.2080154418945,479404032,487792640,8388608,8388608,1024,2026-04-14T11:53:31Z,baseline_nvml_pt,nvidia-smi,ok,0.0,5.0,1695.0,8001.0,74.62,1.6383999586105347,489.1953125,489.1953125,32.0,True,,,,,unavailable,,prefill-facebook-opt-6-7b-chunk-1024-sm-32,success,,,/mnt/data/dheeraj/dicertation/inference-profile/runs/revised-full-20260414-g7-opt67b-c512-1024/raw/points/prefill/prefill-facebook-opt-6-7b-chunk-1024-sm-32.csv
facebook/opt-6.7b,1024,attention,attention,32,4,253.9519965648651,479404032,487924736,8520704,8388608,1024,2026-04-14T11:53:31Z,baseline_nvml_pt,nvidia-smi,ok,0.0,5.0,1695.0,8001.0,74.62,1.6383999586105347,489.1953125,489.1953125,32.0,True,,,,,unavailable,,prefill-facebook-opt-6-7b-chunk-1024-sm-32,success,,,/mnt/data/dheeraj/dicertation/inference-profile/runs/revised-full-20260414-g7-opt67b-c512-1024/raw/points/prefill/prefill-facebook-opt-6-7b-chunk-1024-sm-32.csv
