model_id,chunk_tokens,op_type,op_name,sm_ai_partition,timed_iteration,duration_us,baseline_vram_bytes,peak_vram_bytes,dynamic_workspace_bytes,output_bytes,max_input_tokens,telemetry_ts,telemetry_tier,telemetry_provider,telemetry_status,gpu_util,gpu_mem_used_mb,sm_clock_mhz,mem_clock_mhz,power_w,pt_step_ms,pt_mem_alloc_mb,pt_mem_reserved_mb,pt_workspace_mb,nvml_available,sampling_error,acu_pct,gbu_pct,smu_pct,microscopic_telemetry_status,microscopic_error,point_id,public_status,failure_kind,failure_cause,raw_output_path
facebook/opt-1.3b,64,gemm,q_proj,8,0,93.18400174379349,112365568,112627712,262144,262144,1024,2026-04-15T13:51:20Z,baseline_nvml_pt,nvidia-smi,ok,5.0,117.0,1695.0,8001.0,69.18,0.1013759970664978,108.16015625,108.16015625,1.0,True,,71.10000000000001,70.0,62.1,estimated,,prefill-facebook-opt-1-3b-chunk-64-sm-8,success,,,/mnt/data/dheeraj/dicertation/inference-profile/runs/revised-rerun-20260415-145100-g2-opt13b-c64-256/raw/points/prefill/prefill-facebook-opt-1-3b-chunk-64-sm-8.csv
facebook/opt-1.3b,64,gemm,k_proj,8,0,83.96799862384796,112365568,112627712,262144,262144,1024,2026-04-15T13:51:20Z,baseline_nvml_pt,nvidia-smi,ok,5.0,117.0,1695.0,8001.0,69.18,0.1013759970664978,108.16015625,108.16015625,1.0,True,,71.10000000000001,70.0,62.1,estimated,,prefill-facebook-opt-1-3b-chunk-64-sm-8,success,,,/mnt/data/dheeraj/dicertation/inference-profile/runs/revised-rerun-20260415-145100-g2-opt13b-c64-256/raw/points/prefill/prefill-facebook-opt-1-3b-chunk-64-sm-8.csv
facebook/opt-1.3b,64,gemm,v_proj,8,0,71.61600142717361,112365568,112627712,262144,262144,1024,2026-04-15T13:51:20Z,baseline_nvml_pt,nvidia-smi,ok,5.0,117.0,1695.0,8001.0,69.18,0.1013759970664978,108.16015625,108.16015625,1.0,True,,71.10000000000001,70.0,62.1,estimated,,prefill-facebook-opt-1-3b-chunk-64-sm-8,success,,,/mnt/data/dheeraj/dicertation/inference-profile/runs/revised-rerun-20260415-145100-g2-opt13b-c64-256/raw/points/prefill/prefill-facebook-opt-1-3b-chunk-64-sm-8.csv
facebook/opt-1.3b,64,gemm,out_proj,8,0,76.73600316047668,112365568,112627712,262144,262144,1024,2026-04-15T13:51:20Z,baseline_nvml_pt,nvidia-smi,ok,5.0,117.0,1695.0,8001.0,69.18,0.1013759970664978,108.16015625,108.16015625,1.0,True,,71.10000000000001,70.0,62.1,estimated,,prefill-facebook-opt-1-3b-chunk-64-sm-8,success,,,/mnt/data/dheeraj/dicertation/inference-profile/runs/revised-rerun-20260415-145100-g2-opt13b-c64-256/raw/points/prefill/prefill-facebook-opt-1-3b-chunk-64-sm-8.csv
facebook/opt-1.3b,64,gemm,fc1,8,0,99.32799637317657,112365568,113414144,1048576,1048576,1024,2026-04-15T13:51:20Z,baseline_nvml_pt,nvidia-smi,ok,5.0,117.0,1695.0,8001.0,69.18,0.1013759970664978,108.16015625,108.16015625,1.0,True,,71.10000000000001,70.0,62.1,estimated,,prefill-facebook-opt-1-3b-chunk-64-sm-8,success,,,/mnt/data/dheeraj/dicertation/inference-profile/runs/revised-rerun-20260415-145100-g2-opt13b-c64-256/raw/points/prefill/prefill-facebook-opt-1-3b-chunk-64-sm-8.csv
facebook/opt-1.3b,64,gemm,fc2,8,0,99.32799637317657,112365568,112627712,262144,262144,1024,2026-04-15T13:51:20Z,baseline_nvml_pt,nvidia-smi,ok,5.0,117.0,1695.0,8001.0,69.18,0.1013759970664978,108.16015625,108.16015625,1.0,True,,71.10000000000001,70.0,62.1,estimated,,prefill-facebook-opt-1-3b-chunk-64-sm-8,success,,,/mnt/data/dheeraj/dicertation/inference-profile/runs/revised-rerun-20260415-145100-g2-opt13b-c64-256/raw/points/prefill/prefill-facebook-opt-1-3b-chunk-64-sm-8.csv
facebook/opt-1.3b,64,attention,attention,8,0,60.416001826524734,112365568,112636928,271360,262144,1024,2026-04-15T13:51:20Z,baseline_nvml_pt,nvidia-smi,ok,5.0,117.0,1695.0,8001.0,69.18,0.1013759970664978,108.16015625,108.16015625,1.0,True,,71.10000000000001,70.0,62.1,estimated,,prefill-facebook-opt-1-3b-chunk-64-sm-8,success,,,/mnt/data/dheeraj/dicertation/inference-profile/runs/revised-rerun-20260415-145100-g2-opt13b-c64-256/raw/points/prefill/prefill-facebook-opt-1-3b-chunk-64-sm-8.csv
facebook/opt-1.3b,64,gemm,q_proj,8,1,71.48800045251846,112365568,112627712,262144,262144,1024,2026-04-15T13:51:20Z,baseline_nvml_pt,nvidia-smi,ok,5.0,117.0,1695.0,8001.0,69.18,0.1013759970664978,108.16015625,108.16015625,1.0,True,,71.10000000000001,70.0,62.1,estimated,,prefill-facebook-opt-1-3b-chunk-64-sm-8,success,,,/mnt/data/dheeraj/dicertation/inference-profile/runs/revised-rerun-20260415-145100-g2-opt13b-c64-256/raw/points/prefill/prefill-facebook-opt-1-3b-chunk-64-sm-8.csv
facebook/opt-1.3b,64,gemm,k_proj,8,1,65.5359998345375,112365568,112627712,262144,262144,1024,2026-04-15T13:51:20Z,baseline_nvml_pt,nvidia-smi,ok,5.0,117.0,1695.0,8001.0,69.18,0.1013759970664978,108.16015625,108.16015625,1.0,True,,71.10000000000001,70.0,62.1,estimated,,prefill-facebook-opt-1-3b-chunk-64-sm-8,success,,,/mnt/data/dheeraj/dicertation/inference-profile/runs/revised-rerun-20260415-145100-g2-opt13b-c64-256/raw/points/prefill/prefill-facebook-opt-1-3b-chunk-64-sm-8.csv
facebook/opt-1.3b,64,gemm,v_proj,8,1,63.48799914121628,112365568,112627712,262144,262144,1024,2026-04-15T13:51:20Z,baseline_nvml_pt,nvidia-smi,ok,5.0,117.0,1695.0,8001.0,69.18,0.1013759970664978,108.16015625,108.16015625,1.0,True,,71.10000000000001,70.0,62.1,estimated,,prefill-facebook-opt-1-3b-chunk-64-sm-8,success,,,/mnt/data/dheeraj/dicertation/inference-profile/runs/revised-rerun-20260415-145100-g2-opt13b-c64-256/raw/points/prefill/prefill-facebook-opt-1-3b-chunk-64-sm-8.csv
facebook/opt-1.3b,64,gemm,out_proj,8,1,65.66400080919266,112365568,112627712,262144,262144,1024,2026-04-15T13:51:20Z,baseline_nvml_pt,nvidia-smi,ok,5.0,117.0,1695.0,8001.0,69.18,0.1013759970664978,108.16015625,108.16015625,1.0,True,,71.10000000000001,70.0,62.1,estimated,,prefill-facebook-opt-1-3b-chunk-64-sm-8,success,,,/mnt/data/dheeraj/dicertation/inference-profile/runs/revised-rerun-20260415-145100-g2-opt13b-c64-256/raw/points/prefill/prefill-facebook-opt-1-3b-chunk-64-sm-8.csv
facebook/opt-1.3b,64,gemm,fc1,8,1,97.28000313043594,112365568,113414144,1048576,1048576,1024,2026-04-15T13:51:20Z,baseline_nvml_pt,nvidia-smi,ok,5.0,117.0,1695.0,8001.0,69.18,0.1013759970664978,108.16015625,108.16015625,1.0,True,,71.10000000000001,70.0,62.1,estimated,,prefill-facebook-opt-1-3b-chunk-64-sm-8,success,,,/mnt/data/dheeraj/dicertation/inference-profile/runs/revised-rerun-20260415-145100-g2-opt13b-c64-256/raw/points/prefill/prefill-facebook-opt-1-3b-chunk-64-sm-8.csv
facebook/opt-1.3b,64,gemm,fc2,8,1,101.3759970664978,112365568,112627712,262144,262144,1024,2026-04-15T13:51:20Z,baseline_nvml_pt,nvidia-smi,ok,5.0,117.0,1695.0,8001.0,69.18,0.1013759970664978,108.16015625,108.16015625,1.0,True,,71.10000000000001,70.0,62.1,estimated,,prefill-facebook-opt-1-3b-chunk-64-sm-8,success,,,/mnt/data/dheeraj/dicertation/inference-profile/runs/revised-rerun-20260415-145100-g2-opt13b-c64-256/raw/points/prefill/prefill-facebook-opt-1-3b-chunk-64-sm-8.csv
facebook/opt-1.3b,64,attention,attention,8,1,58.36800113320351,112365568,112636928,271360,262144,1024,2026-04-15T13:51:20Z,baseline_nvml_pt,nvidia-smi,ok,5.0,117.0,1695.0,8001.0,69.18,0.1013759970664978,108.16015625,108.16015625,1.0,True,,71.10000000000001,70.0,62.1,estimated,,prefill-facebook-opt-1-3b-chunk-64-sm-8,success,,,/mnt/data/dheeraj/dicertation/inference-profile/runs/revised-rerun-20260415-145100-g2-opt13b-c64-256/raw/points/prefill/prefill-facebook-opt-1-3b-chunk-64-sm-8.csv
facebook/opt-1.3b,64,gemm,q_proj,8,2,69.40799951553345,112365568,112627712,262144,262144,1024,2026-04-15T13:51:20Z,baseline_nvml_pt,nvidia-smi,ok,5.0,117.0,1695.0,8001.0,69.18,0.1013759970664978,108.16015625,108.16015625,1.0,True,,71.10000000000001,70.0,62.1,estimated,,prefill-facebook-opt-1-3b-chunk-64-sm-8,success,,,/mnt/data/dheeraj/dicertation/inference-profile/runs/revised-rerun-20260415-145100-g2-opt13b-c64-256/raw/points/prefill/prefill-facebook-opt-1-3b-chunk-64-sm-8.csv
facebook/opt-1.3b,64,gemm,k_proj,8,2,77.56800204515457,112365568,112627712,262144,262144,1024,2026-04-15T13:51:20Z,baseline_nvml_pt,nvidia-smi,ok,5.0,117.0,1695.0,8001.0,69.18,0.1013759970664978,108.16015625,108.16015625,1.0,True,,71.10000000000001,70.0,62.1,estimated,,prefill-facebook-opt-1-3b-chunk-64-sm-8,success,,,/mnt/data/dheeraj/dicertation/inference-profile/runs/revised-rerun-20260415-145100-g2-opt13b-c64-256/raw/points/prefill/prefill-facebook-opt-1-3b-chunk-64-sm-8.csv
facebook/opt-1.3b,64,gemm,v_proj,8,2,65.72800129652023,112365568,112627712,262144,262144,1024,2026-04-15T13:51:20Z,baseline_nvml_pt,nvidia-smi,ok,5.0,117.0,1695.0,8001.0,69.18,0.1013759970664978,108.16015625,108.16015625,1.0,True,,71.10000000000001,70.0,62.1,estimated,,prefill-facebook-opt-1-3b-chunk-64-sm-8,success,,,/mnt/data/dheeraj/dicertation/inference-profile/runs/revised-rerun-20260415-145100-g2-opt13b-c64-256/raw/points/prefill/prefill-facebook-opt-1-3b-chunk-64-sm-8.csv
facebook/opt-1.3b,64,gemm,out_proj,8,2,65.72800129652023,112365568,112627712,262144,262144,1024,2026-04-15T13:51:20Z,baseline_nvml_pt,nvidia-smi,ok,5.0,117.0,1695.0,8001.0,69.18,0.1013759970664978,108.16015625,108.16015625,1.0,True,,71.10000000000001,70.0,62.1,estimated,,prefill-facebook-opt-1-3b-chunk-64-sm-8,success,,,/mnt/data/dheeraj/dicertation/inference-profile/runs/revised-rerun-20260415-145100-g2-opt13b-c64-256/raw/points/prefill/prefill-facebook-opt-1-3b-chunk-64-sm-8.csv
facebook/opt-1.3b,64,gemm,fc1,8,2,97.28000313043594,112365568,113414144,1048576,1048576,1024,2026-04-15T13:51:20Z,baseline_nvml_pt,nvidia-smi,ok,5.0,117.0,1695.0,8001.0,69.18,0.1013759970664978,108.16015625,108.16015625,1.0,True,,71.10000000000001,70.0,62.1,estimated,,prefill-facebook-opt-1-3b-chunk-64-sm-8,success,,,/mnt/data/dheeraj/dicertation/inference-profile/runs/revised-rerun-20260415-145100-g2-opt13b-c64-256/raw/points/prefill/prefill-facebook-opt-1-3b-chunk-64-sm-8.csv
facebook/opt-1.3b,64,gemm,fc2,8,2,97.47199714183807,112365568,112627712,262144,262144,1024,2026-04-15T13:51:20Z,baseline_nvml_pt,nvidia-smi,ok,5.0,117.0,1695.0,8001.0,69.18,0.1013759970664978,108.16015625,108.16015625,1.0,True,,71.10000000000001,70.0,62.1,estimated,,prefill-facebook-opt-1-3b-chunk-64-sm-8,success,,,/mnt/data/dheeraj/dicertation/inference-profile/runs/revised-rerun-20260415-145100-g2-opt13b-c64-256/raw/points/prefill/prefill-facebook-opt-1-3b-chunk-64-sm-8.csv
facebook/opt-1.3b,64,attention,attention,8,2,67.58400052785873,112365568,112636928,271360,262144,1024,2026-04-15T13:51:20Z,baseline_nvml_pt,nvidia-smi,ok,5.0,117.0,1695.0,8001.0,69.18,0.1013759970664978,108.16015625,108.16015625,1.0,True,,71.10000000000001,70.0,62.1,estimated,,prefill-facebook-opt-1-3b-chunk-64-sm-8,success,,,/mnt/data/dheeraj/dicertation/inference-profile/runs/revised-rerun-20260415-145100-g2-opt13b-c64-256/raw/points/prefill/prefill-facebook-opt-1-3b-chunk-64-sm-8.csv
facebook/opt-1.3b,64,gemm,q_proj,8,3,68.60800087451935,112365568,112627712,262144,262144,1024,2026-04-15T13:51:20Z,baseline_nvml_pt,nvidia-smi,ok,5.0,117.0,1695.0,8001.0,69.18,0.1013759970664978,108.16015625,108.16015625,1.0,True,,71.10000000000001,70.0,62.1,estimated,,prefill-facebook-opt-1-3b-chunk-64-sm-8,success,,,/mnt/data/dheeraj/dicertation/inference-profile/runs/revised-rerun-20260415-145100-g2-opt13b-c64-256/raw/points/prefill/prefill-facebook-opt-1-3b-chunk-64-sm-8.csv
facebook/opt-1.3b,64,gemm,k_proj,8,3,64.41599875688553,112365568,112627712,262144,262144,1024,2026-04-15T13:51:20Z,baseline_nvml_pt,nvidia-smi,ok,5.0,117.0,1695.0,8001.0,69.18,0.1013759970664978,108.16015625,108.16015625,1.0,True,,71.10000000000001,70.0,62.1,estimated,,prefill-facebook-opt-1-3b-chunk-64-sm-8,success,,,/mnt/data/dheeraj/dicertation/inference-profile/runs/revised-rerun-20260415-145100-g2-opt13b-c64-256/raw/points/prefill/prefill-facebook-opt-1-3b-chunk-64-sm-8.csv
facebook/opt-1.3b,64,gemm,v_proj,8,3,63.64800035953522,112365568,112627712,262144,262144,1024,2026-04-15T13:51:20Z,baseline_nvml_pt,nvidia-smi,ok,5.0,117.0,1695.0,8001.0,69.18,0.1013759970664978,108.16015625,108.16015625,1.0,True,,71.10000000000001,70.0,62.1,estimated,,prefill-facebook-opt-1-3b-chunk-64-sm-8,success,,,/mnt/data/dheeraj/dicertation/inference-profile/runs/revised-rerun-20260415-145100-g2-opt13b-c64-256/raw/points/prefill/prefill-facebook-opt-1-3b-chunk-64-sm-8.csv
facebook/opt-1.3b,64,gemm,out_proj,8,3,67.80800223350525,112365568,112627712,262144,262144,1024,2026-04-15T13:51:20Z,baseline_nvml_pt,nvidia-smi,ok,5.0,117.0,1695.0,8001.0,69.18,0.1013759970664978,108.16015625,108.16015625,1.0,True,,71.10000000000001,70.0,62.1,estimated,,prefill-facebook-opt-1-3b-chunk-64-sm-8,success,,,/mnt/data/dheeraj/dicertation/inference-profile/runs/revised-rerun-20260415-145100-g2-opt13b-c64-256/raw/points/prefill/prefill-facebook-opt-1-3b-chunk-64-sm-8.csv
facebook/opt-1.3b,64,gemm,fc1,8,3,95.23200243711472,112365568,113414144,1048576,1048576,1024,2026-04-15T13:51:20Z,baseline_nvml_pt,nvidia-smi,ok,5.0,117.0,1695.0,8001.0,69.18,0.1013759970664978,108.16015625,108.16015625,1.0,True,,71.10000000000001,70.0,62.1,estimated,,prefill-facebook-opt-1-3b-chunk-64-sm-8,success,,,/mnt/data/dheeraj/dicertation/inference-profile/runs/revised-rerun-20260415-145100-g2-opt13b-c64-256/raw/points/prefill/prefill-facebook-opt-1-3b-chunk-64-sm-8.csv
facebook/opt-1.3b,64,gemm,fc2,8,3,95.23200243711472,112365568,112627712,262144,262144,1024,2026-04-15T13:51:20Z,baseline_nvml_pt,nvidia-smi,ok,5.0,117.0,1695.0,8001.0,69.18,0.1013759970664978,108.16015625,108.16015625,1.0,True,,71.10000000000001,70.0,62.1,estimated,,prefill-facebook-opt-1-3b-chunk-64-sm-8,success,,,/mnt/data/dheeraj/dicertation/inference-profile/runs/revised-rerun-20260415-145100-g2-opt13b-c64-256/raw/points/prefill/prefill-facebook-opt-1-3b-chunk-64-sm-8.csv
facebook/opt-1.3b,64,attention,attention,8,3,58.49599838256836,112365568,112636928,271360,262144,1024,2026-04-15T13:51:20Z,baseline_nvml_pt,nvidia-smi,ok,5.0,117.0,1695.0,8001.0,69.18,0.1013759970664978,108.16015625,108.16015625,1.0,True,,71.10000000000001,70.0,62.1,estimated,,prefill-facebook-opt-1-3b-chunk-64-sm-8,success,,,/mnt/data/dheeraj/dicertation/inference-profile/runs/revised-rerun-20260415-145100-g2-opt13b-c64-256/raw/points/prefill/prefill-facebook-opt-1-3b-chunk-64-sm-8.csv
facebook/opt-1.3b,64,gemm,q_proj,8,4,67.71200150251389,112365568,112627712,262144,262144,1024,2026-04-15T13:51:20Z,baseline_nvml_pt,nvidia-smi,ok,5.0,117.0,1695.0,8001.0,69.18,0.1013759970664978,108.16015625,108.16015625,1.0,True,,71.10000000000001,70.0,62.1,estimated,,prefill-facebook-opt-1-3b-chunk-64-sm-8,success,,,/mnt/data/dheeraj/dicertation/inference-profile/runs/revised-rerun-20260415-145100-g2-opt13b-c64-256/raw/points/prefill/prefill-facebook-opt-1-3b-chunk-64-sm-8.csv
facebook/opt-1.3b,64,gemm,k_proj,8,4,63.71200084686279,112365568,112627712,262144,262144,1024,2026-04-15T13:51:20Z,baseline_nvml_pt,nvidia-smi,ok,5.0,117.0,1695.0,8001.0,69.18,0.1013759970664978,108.16015625,108.16015625,1.0,True,,71.10000000000001,70.0,62.1,estimated,,prefill-facebook-opt-1-3b-chunk-64-sm-8,success,,,/mnt/data/dheeraj/dicertation/inference-profile/runs/revised-rerun-20260415-145100-g2-opt13b-c64-256/raw/points/prefill/prefill-facebook-opt-1-3b-chunk-64-sm-8.csv
facebook/opt-1.3b,64,gemm,v_proj,8,4,64.51199948787689,112365568,112627712,262144,262144,1024,2026-04-15T13:51:20Z,baseline_nvml_pt,nvidia-smi,ok,5.0,117.0,1695.0,8001.0,69.18,0.1013759970664978,108.16015625,108.16015625,1.0,True,,71.10000000000001,70.0,62.1,estimated,,prefill-facebook-opt-1-3b-chunk-64-sm-8,success,,,/mnt/data/dheeraj/dicertation/inference-profile/runs/revised-rerun-20260415-145100-g2-opt13b-c64-256/raw/points/prefill/prefill-facebook-opt-1-3b-chunk-64-sm-8.csv
facebook/opt-1.3b,64,gemm,out_proj,8,4,63.48799914121628,112365568,112627712,262144,262144,1024,2026-04-15T13:51:20Z,baseline_nvml_pt,nvidia-smi,ok,5.0,117.0,1695.0,8001.0,69.18,0.1013759970664978,108.16015625,108.16015625,1.0,True,,71.10000000000001,70.0,62.1,estimated,,prefill-facebook-opt-1-3b-chunk-64-sm-8,success,,,/mnt/data/dheeraj/dicertation/inference-profile/runs/revised-rerun-20260415-145100-g2-opt13b-c64-256/raw/points/prefill/prefill-facebook-opt-1-3b-chunk-64-sm-8.csv
facebook/opt-1.3b,64,gemm,fc1,8,4,94.2080020904541,112365568,113414144,1048576,1048576,1024,2026-04-15T13:51:20Z,baseline_nvml_pt,nvidia-smi,ok,5.0,117.0,1695.0,8001.0,69.18,0.1013759970664978,108.16015625,108.16015625,1.0,True,,71.10000000000001,70.0,62.1,estimated,,prefill-facebook-opt-1-3b-chunk-64-sm-8,success,,,/mnt/data/dheeraj/dicertation/inference-profile/runs/revised-rerun-20260415-145100-g2-opt13b-c64-256/raw/points/prefill/prefill-facebook-opt-1-3b-chunk-64-sm-8.csv
facebook/opt-1.3b,64,gemm,fc2,8,4,97.28000313043594,112365568,112627712,262144,262144,1024,2026-04-15T13:51:20Z,baseline_nvml_pt,nvidia-smi,ok,5.0,117.0,1695.0,8001.0,69.18,0.1013759970664978,108.16015625,108.16015625,1.0,True,,71.10000000000001,70.0,62.1,estimated,,prefill-facebook-opt-1-3b-chunk-64-sm-8,success,,,/mnt/data/dheeraj/dicertation/inference-profile/runs/revised-rerun-20260415-145100-g2-opt13b-c64-256/raw/points/prefill/prefill-facebook-opt-1-3b-chunk-64-sm-8.csv
facebook/opt-1.3b,64,attention,attention,8,4,58.43200162053108,112365568,112636928,271360,262144,1024,2026-04-15T13:51:20Z,baseline_nvml_pt,nvidia-smi,ok,5.0,117.0,1695.0,8001.0,69.18,0.1013759970664978,108.16015625,108.16015625,1.0,True,,71.10000000000001,70.0,62.1,estimated,,prefill-facebook-opt-1-3b-chunk-64-sm-8,success,,,/mnt/data/dheeraj/dicertation/inference-profile/runs/revised-rerun-20260415-145100-g2-opt13b-c64-256/raw/points/prefill/prefill-facebook-opt-1-3b-chunk-64-sm-8.csv
facebook/opt-1.3b,64,gemm,q_proj,16,0,200.70399343967438,112365568,112627712,262144,262144,1024,2026-04-15T13:51:28Z,baseline_nvml_pt,nvidia-smi,ok,0.0,117.0,1695.0,7601.0,68.83,0.20070399343967438,108.16015625,108.16015625,1.0,True,,77.4,63.84000000000001,69.0,estimated,,prefill-facebook-opt-1-3b-chunk-64-sm-16,success,,,/mnt/data/dheeraj/dicertation/inference-profile/runs/revised-rerun-20260415-145100-g2-opt13b-c64-256/raw/points/prefill/prefill-facebook-opt-1-3b-chunk-64-sm-16.csv
facebook/opt-1.3b,64,gemm,k_proj,16,0,117.76000261306763,112365568,112627712,262144,262144,1024,2026-04-15T13:51:28Z,baseline_nvml_pt,nvidia-smi,ok,0.0,117.0,1695.0,7601.0,68.83,0.20070399343967438,108.16015625,108.16015625,1.0,True,,77.4,63.84000000000001,69.0,estimated,,prefill-facebook-opt-1-3b-chunk-64-sm-16,success,,,/mnt/data/dheeraj/dicertation/inference-profile/runs/revised-rerun-20260415-145100-g2-opt13b-c64-256/raw/points/prefill/prefill-facebook-opt-1-3b-chunk-64-sm-16.csv
facebook/opt-1.3b,64,gemm,v_proj,16,0,81.91999793052673,112365568,112627712,262144,262144,1024,2026-04-15T13:51:28Z,baseline_nvml_pt,nvidia-smi,ok,0.0,117.0,1695.0,7601.0,68.83,0.20070399343967438,108.16015625,108.16015625,1.0,True,,77.4,63.84000000000001,69.0,estimated,,prefill-facebook-opt-1-3b-chunk-64-sm-16,success,,,/mnt/data/dheeraj/dicertation/inference-profile/runs/revised-rerun-20260415-145100-g2-opt13b-c64-256/raw/points/prefill/prefill-facebook-opt-1-3b-chunk-64-sm-16.csv
facebook/opt-1.3b,64,gemm,out_proj,16,0,90.11200070381165,112365568,112627712,262144,262144,1024,2026-04-15T13:51:28Z,baseline_nvml_pt,nvidia-smi,ok,0.0,117.0,1695.0,7601.0,68.83,0.20070399343967438,108.16015625,108.16015625,1.0,True,,77.4,63.84000000000001,69.0,estimated,,prefill-facebook-opt-1-3b-chunk-64-sm-16,success,,,/mnt/data/dheeraj/dicertation/inference-profile/runs/revised-rerun-20260415-145100-g2-opt13b-c64-256/raw/points/prefill/prefill-facebook-opt-1-3b-chunk-64-sm-16.csv
facebook/opt-1.3b,64,gemm,fc1,16,0,107.51999914646149,112365568,113414144,1048576,1048576,1024,2026-04-15T13:51:28Z,baseline_nvml_pt,nvidia-smi,ok,0.0,117.0,1695.0,7601.0,68.83,0.20070399343967438,108.16015625,108.16015625,1.0,True,,77.4,63.84000000000001,69.0,estimated,,prefill-facebook-opt-1-3b-chunk-64-sm-16,success,,,/mnt/data/dheeraj/dicertation/inference-profile/runs/revised-rerun-20260415-145100-g2-opt13b-c64-256/raw/points/prefill/prefill-facebook-opt-1-3b-chunk-64-sm-16.csv
facebook/opt-1.3b,64,gemm,fc2,16,0,108.44799876213074,112365568,112627712,262144,262144,1024,2026-04-15T13:51:28Z,baseline_nvml_pt,nvidia-smi,ok,0.0,117.0,1695.0,7601.0,68.83,0.20070399343967438,108.16015625,108.16015625,1.0,True,,77.4,63.84000000000001,69.0,estimated,,prefill-facebook-opt-1-3b-chunk-64-sm-16,success,,,/mnt/data/dheeraj/dicertation/inference-profile/runs/revised-rerun-20260415-145100-g2-opt13b-c64-256/raw/points/prefill/prefill-facebook-opt-1-3b-chunk-64-sm-16.csv
facebook/opt-1.3b,64,attention,attention,16,0,68.60800087451935,112365568,112636928,271360,262144,1024,2026-04-15T13:51:28Z,baseline_nvml_pt,nvidia-smi,ok,0.0,117.0,1695.0,7601.0,68.83,0.20070399343967438,108.16015625,108.16015625,1.0,True,,77.4,63.84000000000001,69.0,estimated,,prefill-facebook-opt-1-3b-chunk-64-sm-16,success,,,/mnt/data/dheeraj/dicertation/inference-profile/runs/revised-rerun-20260415-145100-g2-opt13b-c64-256/raw/points/prefill/prefill-facebook-opt-1-3b-chunk-64-sm-16.csv
facebook/opt-1.3b,64,gemm,q_proj,16,1,81.85599744319916,112365568,112627712,262144,262144,1024,2026-04-15T13:51:28Z,baseline_nvml_pt,nvidia-smi,ok,0.0,117.0,1695.0,7601.0,68.83,0.20070399343967438,108.16015625,108.16015625,1.0,True,,77.4,63.84000000000001,69.0,estimated,,prefill-facebook-opt-1-3b-chunk-64-sm-16,success,,,/mnt/data/dheeraj/dicertation/inference-profile/runs/revised-rerun-20260415-145100-g2-opt13b-c64-256/raw/points/prefill/prefill-facebook-opt-1-3b-chunk-64-sm-16.csv
facebook/opt-1.3b,64,gemm,k_proj,16,1,71.55200093984604,112365568,112627712,262144,262144,1024,2026-04-15T13:51:28Z,baseline_nvml_pt,nvidia-smi,ok,0.0,117.0,1695.0,7601.0,68.83,0.20070399343967438,108.16015625,108.16015625,1.0,True,,77.4,63.84000000000001,69.0,estimated,,prefill-facebook-opt-1-3b-chunk-64-sm-16,success,,,/mnt/data/dheeraj/dicertation/inference-profile/runs/revised-rerun-20260415-145100-g2-opt13b-c64-256/raw/points/prefill/prefill-facebook-opt-1-3b-chunk-64-sm-16.csv
facebook/opt-1.3b,64,gemm,v_proj,16,1,67.58400052785873,112365568,112627712,262144,262144,1024,2026-04-15T13:51:28Z,baseline_nvml_pt,nvidia-smi,ok,0.0,117.0,1695.0,7601.0,68.83,0.20070399343967438,108.16015625,108.16015625,1.0,True,,77.4,63.84000000000001,69.0,estimated,,prefill-facebook-opt-1-3b-chunk-64-sm-16,success,,,/mnt/data/dheeraj/dicertation/inference-profile/runs/revised-rerun-20260415-145100-g2-opt13b-c64-256/raw/points/prefill/prefill-facebook-opt-1-3b-chunk-64-sm-16.csv
facebook/opt-1.3b,64,gemm,out_proj,16,1,66.56000018119812,112365568,112627712,262144,262144,1024,2026-04-15T13:51:28Z,baseline_nvml_pt,nvidia-smi,ok,0.0,117.0,1695.0,7601.0,68.83,0.20070399343967438,108.16015625,108.16015625,1.0,True,,77.4,63.84000000000001,69.0,estimated,,prefill-facebook-opt-1-3b-chunk-64-sm-16,success,,,/mnt/data/dheeraj/dicertation/inference-profile/runs/revised-rerun-20260415-145100-g2-opt13b-c64-256/raw/points/prefill/prefill-facebook-opt-1-3b-chunk-64-sm-16.csv
facebook/opt-1.3b,64,gemm,fc1,16,1,99.32799637317657,112365568,113414144,1048576,1048576,1024,2026-04-15T13:51:28Z,baseline_nvml_pt,nvidia-smi,ok,0.0,117.0,1695.0,7601.0,68.83,0.20070399343967438,108.16015625,108.16015625,1.0,True,,77.4,63.84000000000001,69.0,estimated,,prefill-facebook-opt-1-3b-chunk-64-sm-16,success,,,/mnt/data/dheeraj/dicertation/inference-profile/runs/revised-rerun-20260415-145100-g2-opt13b-c64-256/raw/points/prefill/prefill-facebook-opt-1-3b-chunk-64-sm-16.csv
facebook/opt-1.3b,64,gemm,fc2,16,1,109.56799983978271,112365568,112627712,262144,262144,1024,2026-04-15T13:51:28Z,baseline_nvml_pt,nvidia-smi,ok,0.0,117.0,1695.0,7601.0,68.83,0.20070399343967438,108.16015625,108.16015625,1.0,True,,77.4,63.84000000000001,69.0,estimated,,prefill-facebook-opt-1-3b-chunk-64-sm-16,success,,,/mnt/data/dheeraj/dicertation/inference-profile/runs/revised-rerun-20260415-145100-g2-opt13b-c64-256/raw/points/prefill/prefill-facebook-opt-1-3b-chunk-64-sm-16.csv
facebook/opt-1.3b,64,attention,attention,16,1,60.256000608205795,112365568,112636928,271360,262144,1024,2026-04-15T13:51:28Z,baseline_nvml_pt,nvidia-smi,ok,0.0,117.0,1695.0,7601.0,68.83,0.20070399343967438,108.16015625,108.16015625,1.0,True,,77.4,63.84000000000001,69.0,estimated,,prefill-facebook-opt-1-3b-chunk-64-sm-16,success,,,/mnt/data/dheeraj/dicertation/inference-profile/runs/revised-rerun-20260415-145100-g2-opt13b-c64-256/raw/points/prefill/prefill-facebook-opt-1-3b-chunk-64-sm-16.csv
facebook/opt-1.3b,64,gemm,q_proj,16,2,70.65600156784058,112365568,112627712,262144,262144,1024,2026-04-15T13:51:28Z,baseline_nvml_pt,nvidia-smi,ok,0.0,117.0,1695.0,7601.0,68.83,0.20070399343967438,108.16015625,108.16015625,1.0,True,,77.4,63.84000000000001,69.0,estimated,,prefill-facebook-opt-1-3b-chunk-64-sm-16,success,,,/mnt/data/dheeraj/dicertation/inference-profile/runs/revised-rerun-20260415-145100-g2-opt13b-c64-256/raw/points/prefill/prefill-facebook-opt-1-3b-chunk-64-sm-16.csv
facebook/opt-1.3b,64,gemm,k_proj,16,2,156.8640023469925,112365568,112627712,262144,262144,1024,2026-04-15T13:51:28Z,baseline_nvml_pt,nvidia-smi,ok,0.0,117.0,1695.0,7601.0,68.83,0.20070399343967438,108.16015625,108.16015625,1.0,True,,77.4,63.84000000000001,69.0,estimated,,prefill-facebook-opt-1-3b-chunk-64-sm-16,success,,,/mnt/data/dheeraj/dicertation/inference-profile/runs/revised-rerun-20260415-145100-g2-opt13b-c64-256/raw/points/prefill/prefill-facebook-opt-1-3b-chunk-64-sm-16.csv
facebook/opt-1.3b,64,gemm,v_proj,16,2,76.80000364780426,112365568,112627712,262144,262144,1024,2026-04-15T13:51:28Z,baseline_nvml_pt,nvidia-smi,ok,0.0,117.0,1695.0,7601.0,68.83,0.20070399343967438,108.16015625,108.16015625,1.0,True,,77.4,63.84000000000001,69.0,estimated,,prefill-facebook-opt-1-3b-chunk-64-sm-16,success,,,/mnt/data/dheeraj/dicertation/inference-profile/runs/revised-rerun-20260415-145100-g2-opt13b-c64-256/raw/points/prefill/prefill-facebook-opt-1-3b-chunk-64-sm-16.csv
facebook/opt-1.3b,64,gemm,out_proj,16,2,70.65600156784058,112365568,112627712,262144,262144,1024,2026-04-15T13:51:28Z,baseline_nvml_pt,nvidia-smi,ok,0.0,117.0,1695.0,7601.0,68.83,0.20070399343967438,108.16015625,108.16015625,1.0,True,,77.4,63.84000000000001,69.0,estimated,,prefill-facebook-opt-1-3b-chunk-64-sm-16,success,,,/mnt/data/dheeraj/dicertation/inference-profile/runs/revised-rerun-20260415-145100-g2-opt13b-c64-256/raw/points/prefill/prefill-facebook-opt-1-3b-chunk-64-sm-16.csv
facebook/opt-1.3b,64,gemm,fc1,16,2,102.39999741315842,112365568,113414144,1048576,1048576,1024,2026-04-15T13:51:28Z,baseline_nvml_pt,nvidia-smi,ok,0.0,117.0,1695.0,7601.0,68.83,0.20070399343967438,108.16015625,108.16015625,1.0,True,,77.4,63.84000000000001,69.0,estimated,,prefill-facebook-opt-1-3b-chunk-64-sm-16,success,,,/mnt/data/dheeraj/dicertation/inference-profile/runs/revised-rerun-20260415-145100-g2-opt13b-c64-256/raw/points/prefill/prefill-facebook-opt-1-3b-chunk-64-sm-16.csv
facebook/opt-1.3b,64,gemm,fc2,16,2,101.1200025677681,112365568,112627712,262144,262144,1024,2026-04-15T13:51:28Z,baseline_nvml_pt,nvidia-smi,ok,0.0,117.0,1695.0,7601.0,68.83,0.20070399343967438,108.16015625,108.16015625,1.0,True,,77.4,63.84000000000001,69.0,estimated,,prefill-facebook-opt-1-3b-chunk-64-sm-16,success,,,/mnt/data/dheeraj/dicertation/inference-profile/runs/revised-rerun-20260415-145100-g2-opt13b-c64-256/raw/points/prefill/prefill-facebook-opt-1-3b-chunk-64-sm-16.csv
facebook/opt-1.3b,64,attention,attention,16,2,88.79999816417694,112365568,112636928,271360,262144,1024,2026-04-15T13:51:28Z,baseline_nvml_pt,nvidia-smi,ok,0.0,117.0,1695.0,7601.0,68.83,0.20070399343967438,108.16015625,108.16015625,1.0,True,,77.4,63.84000000000001,69.0,estimated,,prefill-facebook-opt-1-3b-chunk-64-sm-16,success,,,/mnt/data/dheeraj/dicertation/inference-profile/runs/revised-rerun-20260415-145100-g2-opt13b-c64-256/raw/points/prefill/prefill-facebook-opt-1-3b-chunk-64-sm-16.csv
facebook/opt-1.3b,64,gemm,q_proj,16,3,70.65600156784058,112365568,112627712,262144,262144,1024,2026-04-15T13:51:28Z,baseline_nvml_pt,nvidia-smi,ok,0.0,117.0,1695.0,7601.0,68.83,0.20070399343967438,108.16015625,108.16015625,1.0,True,,77.4,63.84000000000001,69.0,estimated,,prefill-facebook-opt-1-3b-chunk-64-sm-16,success,,,/mnt/data/dheeraj/dicertation/inference-profile/runs/revised-rerun-20260415-145100-g2-opt13b-c64-256/raw/points/prefill/prefill-facebook-opt-1-3b-chunk-64-sm-16.csv
facebook/opt-1.3b,64,gemm,k_proj,16,3,65.5359998345375,112365568,112627712,262144,262144,1024,2026-04-15T13:51:28Z,baseline_nvml_pt,nvidia-smi,ok,0.0,117.0,1695.0,7601.0,68.83,0.20070399343967438,108.16015625,108.16015625,1.0,True,,77.4,63.84000000000001,69.0,estimated,,prefill-facebook-opt-1-3b-chunk-64-sm-16,success,,,/mnt/data/dheeraj/dicertation/inference-profile/runs/revised-rerun-20260415-145100-g2-opt13b-c64-256/raw/points/prefill/prefill-facebook-opt-1-3b-chunk-64-sm-16.csv
facebook/opt-1.3b,64,gemm,v_proj,16,3,66.3359984755516,112365568,112627712,262144,262144,1024,2026-04-15T13:51:28Z,baseline_nvml_pt,nvidia-smi,ok,0.0,117.0,1695.0,7601.0,68.83,0.20070399343967438,108.16015625,108.16015625,1.0,True,,77.4,63.84000000000001,69.0,estimated,,prefill-facebook-opt-1-3b-chunk-64-sm-16,success,,,/mnt/data/dheeraj/dicertation/inference-profile/runs/revised-rerun-20260415-145100-g2-opt13b-c64-256/raw/points/prefill/prefill-facebook-opt-1-3b-chunk-64-sm-16.csv
facebook/opt-1.3b,64,gemm,out_proj,16,3,67.35999882221222,112365568,112627712,262144,262144,1024,2026-04-15T13:51:28Z,baseline_nvml_pt,nvidia-smi,ok,0.0,117.0,1695.0,7601.0,68.83,0.20070399343967438,108.16015625,108.16015625,1.0,True,,77.4,63.84000000000001,69.0,estimated,,prefill-facebook-opt-1-3b-chunk-64-sm-16,success,,,/mnt/data/dheeraj/dicertation/inference-profile/runs/revised-rerun-20260415-145100-g2-opt13b-c64-256/raw/points/prefill/prefill-facebook-opt-1-3b-chunk-64-sm-16.csv
facebook/opt-1.3b,64,gemm,fc1,16,3,98.30400347709656,112365568,113414144,1048576,1048576,1024,2026-04-15T13:51:28Z,baseline_nvml_pt,nvidia-smi,ok,0.0,117.0,1695.0,7601.0,68.83,0.20070399343967438,108.16015625,108.16015625,1.0,True,,77.4,63.84000000000001,69.0,estimated,,prefill-facebook-opt-1-3b-chunk-64-sm-16,success,,,/mnt/data/dheeraj/dicertation/inference-profile/runs/revised-rerun-20260415-145100-g2-opt13b-c64-256/raw/points/prefill/prefill-facebook-opt-1-3b-chunk-64-sm-16.csv
facebook/opt-1.3b,64,gemm,fc2,16,3,98.14400225877762,112365568,112627712,262144,262144,1024,2026-04-15T13:51:28Z,baseline_nvml_pt,nvidia-smi,ok,0.0,117.0,1695.0,7601.0,68.83,0.20070399343967438,108.16015625,108.16015625,1.0,True,,77.4,63.84000000000001,69.0,estimated,,prefill-facebook-opt-1-3b-chunk-64-sm-16,success,,,/mnt/data/dheeraj/dicertation/inference-profile/runs/revised-rerun-20260415-145100-g2-opt13b-c64-256/raw/points/prefill/prefill-facebook-opt-1-3b-chunk-64-sm-16.csv
facebook/opt-1.3b,64,attention,attention,16,3,61.344001442193985,112365568,112636928,271360,262144,1024,2026-04-15T13:51:28Z,baseline_nvml_pt,nvidia-smi,ok,0.0,117.0,1695.0,7601.0,68.83,0.20070399343967438,108.16015625,108.16015625,1.0,True,,77.4,63.84000000000001,69.0,estimated,,prefill-facebook-opt-1-3b-chunk-64-sm-16,success,,,/mnt/data/dheeraj/dicertation/inference-profile/runs/revised-rerun-20260415-145100-g2-opt13b-c64-256/raw/points/prefill/prefill-facebook-opt-1-3b-chunk-64-sm-16.csv
facebook/opt-1.3b,64,gemm,q_proj,16,4,68.60800087451935,112365568,112627712,262144,262144,1024,2026-04-15T13:51:28Z,baseline_nvml_pt,nvidia-smi,ok,0.0,117.0,1695.0,7601.0,68.83,0.20070399343967438,108.16015625,108.16015625,1.0,True,,77.4,63.84000000000001,69.0,estimated,,prefill-facebook-opt-1-3b-chunk-64-sm-16,success,,,/mnt/data/dheeraj/dicertation/inference-profile/runs/revised-rerun-20260415-145100-g2-opt13b-c64-256/raw/points/prefill/prefill-facebook-opt-1-3b-chunk-64-sm-16.csv
facebook/opt-1.3b,64,gemm,k_proj,16,4,64.51199948787689,112365568,112627712,262144,262144,1024,2026-04-15T13:51:28Z,baseline_nvml_pt,nvidia-smi,ok,0.0,117.0,1695.0,7601.0,68.83,0.20070399343967438,108.16015625,108.16015625,1.0,True,,77.4,63.84000000000001,69.0,estimated,,prefill-facebook-opt-1-3b-chunk-64-sm-16,success,,,/mnt/data/dheeraj/dicertation/inference-profile/runs/revised-rerun-20260415-145100-g2-opt13b-c64-256/raw/points/prefill/prefill-facebook-opt-1-3b-chunk-64-sm-16.csv
facebook/opt-1.3b,64,gemm,v_proj,16,4,65.5359998345375,112365568,112627712,262144,262144,1024,2026-04-15T13:51:28Z,baseline_nvml_pt,nvidia-smi,ok,0.0,117.0,1695.0,7601.0,68.83,0.20070399343967438,108.16015625,108.16015625,1.0,True,,77.4,63.84000000000001,69.0,estimated,,prefill-facebook-opt-1-3b-chunk-64-sm-16,success,,,/mnt/data/dheeraj/dicertation/inference-profile/runs/revised-rerun-20260415-145100-g2-opt13b-c64-256/raw/points/prefill/prefill-facebook-opt-1-3b-chunk-64-sm-16.csv
facebook/opt-1.3b,64,gemm,out_proj,16,4,63.48799914121628,112365568,112627712,262144,262144,1024,2026-04-15T13:51:28Z,baseline_nvml_pt,nvidia-smi,ok,0.0,117.0,1695.0,7601.0,68.83,0.20070399343967438,108.16015625,108.16015625,1.0,True,,77.4,63.84000000000001,69.0,estimated,,prefill-facebook-opt-1-3b-chunk-64-sm-16,success,,,/mnt/data/dheeraj/dicertation/inference-profile/runs/revised-rerun-20260415-145100-g2-opt13b-c64-256/raw/points/prefill/prefill-facebook-opt-1-3b-chunk-64-sm-16.csv
facebook/opt-1.3b,64,gemm,fc1,16,4,97.28000313043594,112365568,113414144,1048576,1048576,1024,2026-04-15T13:51:28Z,baseline_nvml_pt,nvidia-smi,ok,0.0,117.0,1695.0,7601.0,68.83,0.20070399343967438,108.16015625,108.16015625,1.0,True,,77.4,63.84000000000001,69.0,estimated,,prefill-facebook-opt-1-3b-chunk-64-sm-16,success,,,/mnt/data/dheeraj/dicertation/inference-profile/runs/revised-rerun-20260415-145100-g2-opt13b-c64-256/raw/points/prefill/prefill-facebook-opt-1-3b-chunk-64-sm-16.csv
facebook/opt-1.3b,64,gemm,fc2,16,4,105.47199845314026,112365568,112627712,262144,262144,1024,2026-04-15T13:51:28Z,baseline_nvml_pt,nvidia-smi,ok,0.0,117.0,1695.0,7601.0,68.83,0.20070399343967438,108.16015625,108.16015625,1.0,True,,77.4,63.84000000000001,69.0,estimated,,prefill-facebook-opt-1-3b-chunk-64-sm-16,success,,,/mnt/data/dheeraj/dicertation/inference-profile/runs/revised-rerun-20260415-145100-g2-opt13b-c64-256/raw/points/prefill/prefill-facebook-opt-1-3b-chunk-64-sm-16.csv
facebook/opt-1.3b,64,attention,attention,16,4,58.36800113320351,112365568,112636928,271360,262144,1024,2026-04-15T13:51:28Z,baseline_nvml_pt,nvidia-smi,ok,0.0,117.0,1695.0,7601.0,68.83,0.20070399343967438,108.16015625,108.16015625,1.0,True,,77.4,63.84000000000001,69.0,estimated,,prefill-facebook-opt-1-3b-chunk-64-sm-16,success,,,/mnt/data/dheeraj/dicertation/inference-profile/runs/revised-rerun-20260415-145100-g2-opt13b-c64-256/raw/points/prefill/prefill-facebook-opt-1-3b-chunk-64-sm-16.csv
facebook/opt-1.3b,64,gemm,q_proj,24,0,99.32799637317657,112365568,112627712,262144,262144,1024,2026-04-15T13:51:35Z,baseline_nvml_pt,nvidia-smi,ok,0.0,117.0,1695.0,7601.0,68.8,0.24288000166416168,108.16015625,108.16015625,1.0,True,,83.7,57.68000000000001,75.9,estimated,,prefill-facebook-opt-1-3b-chunk-64-sm-24,success,,,/mnt/data/dheeraj/dicertation/inference-profile/runs/revised-rerun-20260415-145100-g2-opt13b-c64-256/raw/points/prefill/prefill-facebook-opt-1-3b-chunk-64-sm-24.csv
facebook/opt-1.3b,64,gemm,k_proj,24,0,83.96799862384796,112365568,112627712,262144,262144,1024,2026-04-15T13:51:35Z,baseline_nvml_pt,nvidia-smi,ok,0.0,117.0,1695.0,7601.0,68.8,0.24288000166416168,108.16015625,108.16015625,1.0,True,,83.7,57.68000000000001,75.9,estimated,,prefill-facebook-opt-1-3b-chunk-64-sm-24,success,,,/mnt/data/dheeraj/dicertation/inference-profile/runs/revised-rerun-20260415-145100-g2-opt13b-c64-256/raw/points/prefill/prefill-facebook-opt-1-3b-chunk-64-sm-24.csv
facebook/opt-1.3b,64,gemm,v_proj,24,0,71.68000191450119,112365568,112627712,262144,262144,1024,2026-04-15T13:51:35Z,baseline_nvml_pt,nvidia-smi,ok,0.0,117.0,1695.0,7601.0,68.8,0.24288000166416168,108.16015625,108.16015625,1.0,True,,83.7,57.68000000000001,75.9,estimated,,prefill-facebook-opt-1-3b-chunk-64-sm-24,success,,,/mnt/data/dheeraj/dicertation/inference-profile/runs/revised-rerun-20260415-145100-g2-opt13b-c64-256/raw/points/prefill/prefill-facebook-opt-1-3b-chunk-64-sm-24.csv
facebook/opt-1.3b,64,gemm,out_proj,24,0,73.72800260782242,112365568,112627712,262144,262144,1024,2026-04-15T13:51:35Z,baseline_nvml_pt,nvidia-smi,ok,0.0,117.0,1695.0,7601.0,68.8,0.24288000166416168,108.16015625,108.16015625,1.0,True,,83.7,57.68000000000001,75.9,estimated,,prefill-facebook-opt-1-3b-chunk-64-sm-24,success,,,/mnt/data/dheeraj/dicertation/inference-profile/runs/revised-rerun-20260415-145100-g2-opt13b-c64-256/raw/points/prefill/prefill-facebook-opt-1-3b-chunk-64-sm-24.csv
facebook/opt-1.3b,64,gemm,fc1,24,0,99.32799637317657,112365568,113414144,1048576,1048576,1024,2026-04-15T13:51:35Z,baseline_nvml_pt,nvidia-smi,ok,0.0,117.0,1695.0,7601.0,68.8,0.24288000166416168,108.16015625,108.16015625,1.0,True,,83.7,57.68000000000001,75.9,estimated,,prefill-facebook-opt-1-3b-chunk-64-sm-24,success,,,/mnt/data/dheeraj/dicertation/inference-profile/runs/revised-rerun-20260415-145100-g2-opt13b-c64-256/raw/points/prefill/prefill-facebook-opt-1-3b-chunk-64-sm-24.csv
facebook/opt-1.3b,64,gemm,fc2,24,0,103.42399775981903,112365568,112627712,262144,262144,1024,2026-04-15T13:51:35Z,baseline_nvml_pt,nvidia-smi,ok,0.0,117.0,1695.0,7601.0,68.8,0.24288000166416168,108.16015625,108.16015625,1.0,True,,83.7,57.68000000000001,75.9,estimated,,prefill-facebook-opt-1-3b-chunk-64-sm-24,success,,,/mnt/data/dheeraj/dicertation/inference-profile/runs/revised-rerun-20260415-145100-g2-opt13b-c64-256/raw/points/prefill/prefill-facebook-opt-1-3b-chunk-64-sm-24.csv
facebook/opt-1.3b,64,attention,attention,24,0,61.43999844789505,112365568,112636928,271360,262144,1024,2026-04-15T13:51:35Z,baseline_nvml_pt,nvidia-smi,ok,0.0,117.0,1695.0,7601.0,68.8,0.24288000166416168,108.16015625,108.16015625,1.0,True,,83.7,57.68000000000001,75.9,estimated,,prefill-facebook-opt-1-3b-chunk-64-sm-24,success,,,/mnt/data/dheeraj/dicertation/inference-profile/runs/revised-rerun-20260415-145100-g2-opt13b-c64-256/raw/points/prefill/prefill-facebook-opt-1-3b-chunk-64-sm-24.csv
facebook/opt-1.3b,64,gemm,q_proj,24,1,70.65600156784058,112365568,112627712,262144,262144,1024,2026-04-15T13:51:35Z,baseline_nvml_pt,nvidia-smi,ok,0.0,117.0,1695.0,7601.0,68.8,0.24288000166416168,108.16015625,108.16015625,1.0,True,,83.7,57.68000000000001,75.9,estimated,,prefill-facebook-opt-1-3b-chunk-64-sm-24,success,,,/mnt/data/dheeraj/dicertation/inference-profile/runs/revised-rerun-20260415-145100-g2-opt13b-c64-256/raw/points/prefill/prefill-facebook-opt-1-3b-chunk-64-sm-24.csv
facebook/opt-1.3b,64,gemm,k_proj,24,1,78.84799689054489,112365568,112627712,262144,262144,1024,2026-04-15T13:51:35Z,baseline_nvml_pt,nvidia-smi,ok,0.0,117.0,1695.0,7601.0,68.8,0.24288000166416168,108.16015625,108.16015625,1.0,True,,83.7,57.68000000000001,75.9,estimated,,prefill-facebook-opt-1-3b-chunk-64-sm-24,success,,,/mnt/data/dheeraj/dicertation/inference-profile/runs/revised-rerun-20260415-145100-g2-opt13b-c64-256/raw/points/prefill/prefill-facebook-opt-1-3b-chunk-64-sm-24.csv
facebook/opt-1.3b,64,gemm,v_proj,24,1,65.5359998345375,112365568,112627712,262144,262144,1024,2026-04-15T13:51:35Z,baseline_nvml_pt,nvidia-smi,ok,0.0,117.0,1695.0,7601.0,68.8,0.24288000166416168,108.16015625,108.16015625,1.0,True,,83.7,57.68000000000001,75.9,estimated,,prefill-facebook-opt-1-3b-chunk-64-sm-24,success,,,/mnt/data/dheeraj/dicertation/inference-profile/runs/revised-rerun-20260415-145100-g2-opt13b-c64-256/raw/points/prefill/prefill-facebook-opt-1-3b-chunk-64-sm-24.csv
facebook/opt-1.3b,64,gemm,out_proj,24,1,65.5359998345375,112365568,112627712,262144,262144,1024,2026-04-15T13:51:35Z,baseline_nvml_pt,nvidia-smi,ok,0.0,117.0,1695.0,7601.0,68.8,0.24288000166416168,108.16015625,108.16015625,1.0,True,,83.7,57.68000000000001,75.9,estimated,,prefill-facebook-opt-1-3b-chunk-64-sm-24,success,,,/mnt/data/dheeraj/dicertation/inference-profile/runs/revised-rerun-20260415-145100-g2-opt13b-c64-256/raw/points/prefill/prefill-facebook-opt-1-3b-chunk-64-sm-24.csv
facebook/opt-1.3b,64,gemm,fc1,24,1,97.120001912117,112365568,113414144,1048576,1048576,1024,2026-04-15T13:51:35Z,baseline_nvml_pt,nvidia-smi,ok,0.0,117.0,1695.0,7601.0,68.8,0.24288000166416168,108.16015625,108.16015625,1.0,True,,83.7,57.68000000000001,75.9,estimated,,prefill-facebook-opt-1-3b-chunk-64-sm-24,success,,,/mnt/data/dheeraj/dicertation/inference-profile/runs/revised-rerun-20260415-145100-g2-opt13b-c64-256/raw/points/prefill/prefill-facebook-opt-1-3b-chunk-64-sm-24.csv
facebook/opt-1.3b,64,gemm,fc2,24,1,100.35199671983719,112365568,112627712,262144,262144,1024,2026-04-15T13:51:35Z,baseline_nvml_pt,nvidia-smi,ok,0.0,117.0,1695.0,7601.0,68.8,0.24288000166416168,108.16015625,108.16015625,1.0,True,,83.7,57.68000000000001,75.9,estimated,,prefill-facebook-opt-1-3b-chunk-64-sm-24,success,,,/mnt/data/dheeraj/dicertation/inference-profile/runs/revised-rerun-20260415-145100-g2-opt13b-c64-256/raw/points/prefill/prefill-facebook-opt-1-3b-chunk-64-sm-24.csv
facebook/opt-1.3b,64,attention,attention,24,1,56.44800141453743,112365568,112636928,271360,262144,1024,2026-04-15T13:51:35Z,baseline_nvml_pt,nvidia-smi,ok,0.0,117.0,1695.0,7601.0,68.8,0.24288000166416168,108.16015625,108.16015625,1.0,True,,83.7,57.68000000000001,75.9,estimated,,prefill-facebook-opt-1-3b-chunk-64-sm-24,success,,,/mnt/data/dheeraj/dicertation/inference-profile/runs/revised-rerun-20260415-145100-g2-opt13b-c64-256/raw/points/prefill/prefill-facebook-opt-1-3b-chunk-64-sm-24.csv
facebook/opt-1.3b,64,gemm,q_proj,24,2,68.51200014352798,112365568,112627712,262144,262144,1024,2026-04-15T13:51:35Z,baseline_nvml_pt,nvidia-smi,ok,0.0,117.0,1695.0,7601.0,68.8,0.24288000166416168,108.16015625,108.16015625,1.0,True,,83.7,57.68000000000001,75.9,estimated,,prefill-facebook-opt-1-3b-chunk-64-sm-24,success,,,/mnt/data/dheeraj/dicertation/inference-profile/runs/revised-rerun-20260415-145100-g2-opt13b-c64-256/raw/points/prefill/prefill-facebook-opt-1-3b-chunk-64-sm-24.csv
facebook/opt-1.3b,64,gemm,k_proj,24,2,242.88000166416168,112365568,112627712,262144,262144,1024,2026-04-15T13:51:35Z,baseline_nvml_pt,nvidia-smi,ok,0.0,117.0,1695.0,7601.0,68.8,0.24288000166416168,108.16015625,108.16015625,1.0,True,,83.7,57.68000000000001,75.9,estimated,,prefill-facebook-opt-1-3b-chunk-64-sm-24,success,,,/mnt/data/dheeraj/dicertation/inference-profile/runs/revised-rerun-20260415-145100-g2-opt13b-c64-256/raw/points/prefill/prefill-facebook-opt-1-3b-chunk-64-sm-24.csv
facebook/opt-1.3b,64,gemm,v_proj,24,2,69.63200122117996,112365568,112627712,262144,262144,1024,2026-04-15T13:51:35Z,baseline_nvml_pt,nvidia-smi,ok,0.0,117.0,1695.0,7601.0,68.8,0.24288000166416168,108.16015625,108.16015625,1.0,True,,83.7,57.68000000000001,75.9,estimated,,prefill-facebook-opt-1-3b-chunk-64-sm-24,success,,,/mnt/data/dheeraj/dicertation/inference-profile/runs/revised-rerun-20260415-145100-g2-opt13b-c64-256/raw/points/prefill/prefill-facebook-opt-1-3b-chunk-64-sm-24.csv
facebook/opt-1.3b,64,gemm,out_proj,24,2,66.43199920654297,112365568,112627712,262144,262144,1024,2026-04-15T13:51:35Z,baseline_nvml_pt,nvidia-smi,ok,0.0,117.0,1695.0,7601.0,68.8,0.24288000166416168,108.16015625,108.16015625,1.0,True,,83.7,57.68000000000001,75.9,estimated,,prefill-facebook-opt-1-3b-chunk-64-sm-24,success,,,/mnt/data/dheeraj/dicertation/inference-profile/runs/revised-rerun-20260415-145100-g2-opt13b-c64-256/raw/points/prefill/prefill-facebook-opt-1-3b-chunk-64-sm-24.csv
facebook/opt-1.3b,64,gemm,fc1,24,2,98.30400347709656,112365568,113414144,1048576,1048576,1024,2026-04-15T13:51:35Z,baseline_nvml_pt,nvidia-smi,ok,0.0,117.0,1695.0,7601.0,68.8,0.24288000166416168,108.16015625,108.16015625,1.0,True,,83.7,57.68000000000001,75.9,estimated,,prefill-facebook-opt-1-3b-chunk-64-sm-24,success,,,/mnt/data/dheeraj/dicertation/inference-profile/runs/revised-rerun-20260415-145100-g2-opt13b-c64-256/raw/points/prefill/prefill-facebook-opt-1-3b-chunk-64-sm-24.csv
facebook/opt-1.3b,64,gemm,fc2,24,2,100.16000270843506,112365568,112627712,262144,262144,1024,2026-04-15T13:51:35Z,baseline_nvml_pt,nvidia-smi,ok,0.0,117.0,1695.0,7601.0,68.8,0.24288000166416168,108.16015625,108.16015625,1.0,True,,83.7,57.68000000000001,75.9,estimated,,prefill-facebook-opt-1-3b-chunk-64-sm-24,success,,,/mnt/data/dheeraj/dicertation/inference-profile/runs/revised-rerun-20260415-145100-g2-opt13b-c64-256/raw/points/prefill/prefill-facebook-opt-1-3b-chunk-64-sm-24.csv
facebook/opt-1.3b,64,attention,attention,24,2,79.8719972372055,112365568,112636928,271360,262144,1024,2026-04-15T13:51:35Z,baseline_nvml_pt,nvidia-smi,ok,0.0,117.0,1695.0,7601.0,68.8,0.24288000166416168,108.16015625,108.16015625,1.0,True,,83.7,57.68000000000001,75.9,estimated,,prefill-facebook-opt-1-3b-chunk-64-sm-24,success,,,/mnt/data/dheeraj/dicertation/inference-profile/runs/revised-rerun-20260415-145100-g2-opt13b-c64-256/raw/points/prefill/prefill-facebook-opt-1-3b-chunk-64-sm-24.csv
facebook/opt-1.3b,64,gemm,q_proj,24,3,77.82399654388428,112365568,112627712,262144,262144,1024,2026-04-15T13:51:35Z,baseline_nvml_pt,nvidia-smi,ok,0.0,117.0,1695.0,7601.0,68.8,0.24288000166416168,108.16015625,108.16015625,1.0,True,,83.7,57.68000000000001,75.9,estimated,,prefill-facebook-opt-1-3b-chunk-64-sm-24,success,,,/mnt/data/dheeraj/dicertation/inference-profile/runs/revised-rerun-20260415-145100-g2-opt13b-c64-256/raw/points/prefill/prefill-facebook-opt-1-3b-chunk-64-sm-24.csv
facebook/opt-1.3b,64,gemm,k_proj,24,3,67.48799979686737,112365568,112627712,262144,262144,1024,2026-04-15T13:51:35Z,baseline_nvml_pt,nvidia-smi,ok,0.0,117.0,1695.0,7601.0,68.8,0.24288000166416168,108.16015625,108.16015625,1.0,True,,83.7,57.68000000000001,75.9,estimated,,prefill-facebook-opt-1-3b-chunk-64-sm-24,success,,,/mnt/data/dheeraj/dicertation/inference-profile/runs/revised-rerun-20260415-145100-g2-opt13b-c64-256/raw/points/prefill/prefill-facebook-opt-1-3b-chunk-64-sm-24.csv
facebook/opt-1.3b,64,gemm,v_proj,24,3,76.57600194215775,112365568,112627712,262144,262144,1024,2026-04-15T13:51:35Z,baseline_nvml_pt,nvidia-smi,ok,0.0,117.0,1695.0,7601.0,68.8,0.24288000166416168,108.16015625,108.16015625,1.0,True,,83.7,57.68000000000001,75.9,estimated,,prefill-facebook-opt-1-3b-chunk-64-sm-24,success,,,/mnt/data/dheeraj/dicertation/inference-profile/runs/revised-rerun-20260415-145100-g2-opt13b-c64-256/raw/points/prefill/prefill-facebook-opt-1-3b-chunk-64-sm-24.csv
facebook/opt-1.3b,64,gemm,out_proj,24,3,66.56000018119812,112365568,112627712,262144,262144,1024,2026-04-15T13:51:35Z,baseline_nvml_pt,nvidia-smi,ok,0.0,117.0,1695.0,7601.0,68.8,0.24288000166416168,108.16015625,108.16015625,1.0,True,,83.7,57.68000000000001,75.9,estimated,,prefill-facebook-opt-1-3b-chunk-64-sm-24,success,,,/mnt/data/dheeraj/dicertation/inference-profile/runs/revised-rerun-20260415-145100-g2-opt13b-c64-256/raw/points/prefill/prefill-facebook-opt-1-3b-chunk-64-sm-24.csv
facebook/opt-1.3b,64,gemm,fc1,24,3,97.28000313043594,112365568,113414144,1048576,1048576,1024,2026-04-15T13:51:35Z,baseline_nvml_pt,nvidia-smi,ok,0.0,117.0,1695.0,7601.0,68.8,0.24288000166416168,108.16015625,108.16015625,1.0,True,,83.7,57.68000000000001,75.9,estimated,,prefill-facebook-opt-1-3b-chunk-64-sm-24,success,,,/mnt/data/dheeraj/dicertation/inference-profile/runs/revised-rerun-20260415-145100-g2-opt13b-c64-256/raw/points/prefill/prefill-facebook-opt-1-3b-chunk-64-sm-24.csv
facebook/opt-1.3b,64,gemm,fc2,24,3,98.30400347709656,112365568,112627712,262144,262144,1024,2026-04-15T13:51:35Z,baseline_nvml_pt,nvidia-smi,ok,0.0,117.0,1695.0,7601.0,68.8,0.24288000166416168,108.16015625,108.16015625,1.0,True,,83.7,57.68000000000001,75.9,estimated,,prefill-facebook-opt-1-3b-chunk-64-sm-24,success,,,/mnt/data/dheeraj/dicertation/inference-profile/runs/revised-rerun-20260415-145100-g2-opt13b-c64-256/raw/points/prefill/prefill-facebook-opt-1-3b-chunk-64-sm-24.csv
facebook/opt-1.3b,64,attention,attention,24,3,56.32000043988228,112365568,112636928,271360,262144,1024,2026-04-15T13:51:35Z,baseline_nvml_pt,nvidia-smi,ok,0.0,117.0,1695.0,7601.0,68.8,0.24288000166416168,108.16015625,108.16015625,1.0,True,,83.7,57.68000000000001,75.9,estimated,,prefill-facebook-opt-1-3b-chunk-64-sm-24,success,,,/mnt/data/dheeraj/dicertation/inference-profile/runs/revised-rerun-20260415-145100-g2-opt13b-c64-256/raw/points/prefill/prefill-facebook-opt-1-3b-chunk-64-sm-24.csv
facebook/opt-1.3b,64,gemm,q_proj,24,4,66.43199920654297,112365568,112627712,262144,262144,1024,2026-04-15T13:51:35Z,baseline_nvml_pt,nvidia-smi,ok,0.0,117.0,1695.0,7601.0,68.8,0.24288000166416168,108.16015625,108.16015625,1.0,True,,83.7,57.68000000000001,75.9,estimated,,prefill-facebook-opt-1-3b-chunk-64-sm-24,success,,,/mnt/data/dheeraj/dicertation/inference-profile/runs/revised-rerun-20260415-145100-g2-opt13b-c64-256/raw/points/prefill/prefill-facebook-opt-1-3b-chunk-64-sm-24.csv
facebook/opt-1.3b,64,gemm,k_proj,24,4,65.5359998345375,112365568,112627712,262144,262144,1024,2026-04-15T13:51:35Z,baseline_nvml_pt,nvidia-smi,ok,0.0,117.0,1695.0,7601.0,68.8,0.24288000166416168,108.16015625,108.16015625,1.0,True,,83.7,57.68000000000001,75.9,estimated,,prefill-facebook-opt-1-3b-chunk-64-sm-24,success,,,/mnt/data/dheeraj/dicertation/inference-profile/runs/revised-rerun-20260415-145100-g2-opt13b-c64-256/raw/points/prefill/prefill-facebook-opt-1-3b-chunk-64-sm-24.csv
facebook/opt-1.3b,64,gemm,v_proj,24,4,65.5359998345375,112365568,112627712,262144,262144,1024,2026-04-15T13:51:35Z,baseline_nvml_pt,nvidia-smi,ok,0.0,117.0,1695.0,7601.0,68.8,0.24288000166416168,108.16015625,108.16015625,1.0,True,,83.7,57.68000000000001,75.9,estimated,,prefill-facebook-opt-1-3b-chunk-64-sm-24,success,,,/mnt/data/dheeraj/dicertation/inference-profile/runs/revised-rerun-20260415-145100-g2-opt13b-c64-256/raw/points/prefill/prefill-facebook-opt-1-3b-chunk-64-sm-24.csv
facebook/opt-1.3b,64,gemm,out_proj,24,4,62.463998794555664,112365568,112627712,262144,262144,1024,2026-04-15T13:51:35Z,baseline_nvml_pt,nvidia-smi,ok,0.0,117.0,1695.0,7601.0,68.8,0.24288000166416168,108.16015625,108.16015625,1.0,True,,83.7,57.68000000000001,75.9,estimated,,prefill-facebook-opt-1-3b-chunk-64-sm-24,success,,,/mnt/data/dheeraj/dicertation/inference-profile/runs/revised-rerun-20260415-145100-g2-opt13b-c64-256/raw/points/prefill/prefill-facebook-opt-1-3b-chunk-64-sm-24.csv
facebook/opt-1.3b,64,gemm,fc1,24,4,95.23200243711472,112365568,113414144,1048576,1048576,1024,2026-04-15T13:51:35Z,baseline_nvml_pt,nvidia-smi,ok,0.0,117.0,1695.0,7601.0,68.8,0.24288000166416168,108.16015625,108.16015625,1.0,True,,83.7,57.68000000000001,75.9,estimated,,prefill-facebook-opt-1-3b-chunk-64-sm-24,success,,,/mnt/data/dheeraj/dicertation/inference-profile/runs/revised-rerun-20260415-145100-g2-opt13b-c64-256/raw/points/prefill/prefill-facebook-opt-1-3b-chunk-64-sm-24.csv
facebook/opt-1.3b,64,gemm,fc2,24,4,100.35199671983719,112365568,112627712,262144,262144,1024,2026-04-15T13:51:35Z,baseline_nvml_pt,nvidia-smi,ok,0.0,117.0,1695.0,7601.0,68.8,0.24288000166416168,108.16015625,108.16015625,1.0,True,,83.7,57.68000000000001,75.9,estimated,,prefill-facebook-opt-1-3b-chunk-64-sm-24,success,,,/mnt/data/dheeraj/dicertation/inference-profile/runs/revised-rerun-20260415-145100-g2-opt13b-c64-256/raw/points/prefill/prefill-facebook-opt-1-3b-chunk-64-sm-24.csv
facebook/opt-1.3b,64,attention,attention,24,4,57.34400078654289,112365568,112636928,271360,262144,1024,2026-04-15T13:51:35Z,baseline_nvml_pt,nvidia-smi,ok,0.0,117.0,1695.0,7601.0,68.8,0.24288000166416168,108.16015625,108.16015625,1.0,True,,83.7,57.68000000000001,75.9,estimated,,prefill-facebook-opt-1-3b-chunk-64-sm-24,success,,,/mnt/data/dheeraj/dicertation/inference-profile/runs/revised-rerun-20260415-145100-g2-opt13b-c64-256/raw/points/prefill/prefill-facebook-opt-1-3b-chunk-64-sm-24.csv
facebook/opt-1.3b,64,gemm,q_proj,32,0,92.16000139713287,112365568,112627712,262144,262144,1024,2026-04-15T13:51:40Z,baseline_nvml_pt,nvidia-smi,ok,1.0,117.0,1695.0,7601.0,69.35,0.1013759970664978,108.16015625,108.16015625,1.0,True,,90.0,51.52000000000001,82.8,estimated,,prefill-facebook-opt-1-3b-chunk-64-sm-32,success,,,/mnt/data/dheeraj/dicertation/inference-profile/runs/revised-rerun-20260415-145100-g2-opt13b-c64-256/raw/points/prefill/prefill-facebook-opt-1-3b-chunk-64-sm-32.csv
facebook/opt-1.3b,64,gemm,k_proj,32,0,80.89599758386612,112365568,112627712,262144,262144,1024,2026-04-15T13:51:40Z,baseline_nvml_pt,nvidia-smi,ok,1.0,117.0,1695.0,7601.0,69.35,0.1013759970664978,108.16015625,108.16015625,1.0,True,,90.0,51.52000000000001,82.8,estimated,,prefill-facebook-opt-1-3b-chunk-64-sm-32,success,,,/mnt/data/dheeraj/dicertation/inference-profile/runs/revised-rerun-20260415-145100-g2-opt13b-c64-256/raw/points/prefill/prefill-facebook-opt-1-3b-chunk-64-sm-32.csv
facebook/opt-1.3b,64,gemm,v_proj,32,0,70.65600156784058,112365568,112627712,262144,262144,1024,2026-04-15T13:51:40Z,baseline_nvml_pt,nvidia-smi,ok,1.0,117.0,1695.0,7601.0,69.35,0.1013759970664978,108.16015625,108.16015625,1.0,True,,90.0,51.52000000000001,82.8,estimated,,prefill-facebook-opt-1-3b-chunk-64-sm-32,success,,,/mnt/data/dheeraj/dicertation/inference-profile/runs/revised-rerun-20260415-145100-g2-opt13b-c64-256/raw/points/prefill/prefill-facebook-opt-1-3b-chunk-64-sm-32.csv
facebook/opt-1.3b,64,gemm,out_proj,32,0,74.75200295448303,112365568,112627712,262144,262144,1024,2026-04-15T13:51:40Z,baseline_nvml_pt,nvidia-smi,ok,1.0,117.0,1695.0,7601.0,69.35,0.1013759970664978,108.16015625,108.16015625,1.0,True,,90.0,51.52000000000001,82.8,estimated,,prefill-facebook-opt-1-3b-chunk-64-sm-32,success,,,/mnt/data/dheeraj/dicertation/inference-profile/runs/revised-rerun-20260415-145100-g2-opt13b-c64-256/raw/points/prefill/prefill-facebook-opt-1-3b-chunk-64-sm-32.csv
facebook/opt-1.3b,64,gemm,fc1,32,0,99.32799637317657,112365568,113414144,1048576,1048576,1024,2026-04-15T13:51:40Z,baseline_nvml_pt,nvidia-smi,ok,1.0,117.0,1695.0,7601.0,69.35,0.1013759970664978,108.16015625,108.16015625,1.0,True,,90.0,51.52000000000001,82.8,estimated,,prefill-facebook-opt-1-3b-chunk-64-sm-32,success,,,/mnt/data/dheeraj/dicertation/inference-profile/runs/revised-rerun-20260415-145100-g2-opt13b-c64-256/raw/points/prefill/prefill-facebook-opt-1-3b-chunk-64-sm-32.csv
facebook/opt-1.3b,64,gemm,fc2,32,0,101.3759970664978,112365568,112627712,262144,262144,1024,2026-04-15T13:51:40Z,baseline_nvml_pt,nvidia-smi,ok,1.0,117.0,1695.0,7601.0,69.35,0.1013759970664978,108.16015625,108.16015625,1.0,True,,90.0,51.52000000000001,82.8,estimated,,prefill-facebook-opt-1-3b-chunk-64-sm-32,success,,,/mnt/data/dheeraj/dicertation/inference-profile/runs/revised-rerun-20260415-145100-g2-opt13b-c64-256/raw/points/prefill/prefill-facebook-opt-1-3b-chunk-64-sm-32.csv
facebook/opt-1.3b,64,attention,attention,32,0,59.39200147986412,112365568,112636928,271360,262144,1024,2026-04-15T13:51:40Z,baseline_nvml_pt,nvidia-smi,ok,1.0,117.0,1695.0,7601.0,69.35,0.1013759970664978,108.16015625,108.16015625,1.0,True,,90.0,51.52000000000001,82.8,estimated,,prefill-facebook-opt-1-3b-chunk-64-sm-32,success,,,/mnt/data/dheeraj/dicertation/inference-profile/runs/revised-rerun-20260415-145100-g2-opt13b-c64-256/raw/points/prefill/prefill-facebook-opt-1-3b-chunk-64-sm-32.csv
facebook/opt-1.3b,64,gemm,q_proj,32,1,71.68000191450119,112365568,112627712,262144,262144,1024,2026-04-15T13:51:40Z,baseline_nvml_pt,nvidia-smi,ok,1.0,117.0,1695.0,7601.0,69.35,0.1013759970664978,108.16015625,108.16015625,1.0,True,,90.0,51.52000000000001,82.8,estimated,,prefill-facebook-opt-1-3b-chunk-64-sm-32,success,,,/mnt/data/dheeraj/dicertation/inference-profile/runs/revised-rerun-20260415-145100-g2-opt13b-c64-256/raw/points/prefill/prefill-facebook-opt-1-3b-chunk-64-sm-32.csv
facebook/opt-1.3b,64,gemm,k_proj,32,1,68.57600063085556,112365568,112627712,262144,262144,1024,2026-04-15T13:51:40Z,baseline_nvml_pt,nvidia-smi,ok,1.0,117.0,1695.0,7601.0,69.35,0.1013759970664978,108.16015625,108.16015625,1.0,True,,90.0,51.52000000000001,82.8,estimated,,prefill-facebook-opt-1-3b-chunk-64-sm-32,success,,,/mnt/data/dheeraj/dicertation/inference-profile/runs/revised-rerun-20260415-145100-g2-opt13b-c64-256/raw/points/prefill/prefill-facebook-opt-1-3b-chunk-64-sm-32.csv
facebook/opt-1.3b,64,gemm,v_proj,32,1,65.5359998345375,112365568,112627712,262144,262144,1024,2026-04-15T13:51:40Z,baseline_nvml_pt,nvidia-smi,ok,1.0,117.0,1695.0,7601.0,69.35,0.1013759970664978,108.16015625,108.16015625,1.0,True,,90.0,51.52000000000001,82.8,estimated,,prefill-facebook-opt-1-3b-chunk-64-sm-32,success,,,/mnt/data/dheeraj/dicertation/inference-profile/runs/revised-rerun-20260415-145100-g2-opt13b-c64-256/raw/points/prefill/prefill-facebook-opt-1-3b-chunk-64-sm-32.csv
facebook/opt-1.3b,64,gemm,out_proj,32,1,66.56000018119812,112365568,112627712,262144,262144,1024,2026-04-15T13:51:40Z,baseline_nvml_pt,nvidia-smi,ok,1.0,117.0,1695.0,7601.0,69.35,0.1013759970664978,108.16015625,108.16015625,1.0,True,,90.0,51.52000000000001,82.8,estimated,,prefill-facebook-opt-1-3b-chunk-64-sm-32,success,,,/mnt/data/dheeraj/dicertation/inference-profile/runs/revised-rerun-20260415-145100-g2-opt13b-c64-256/raw/points/prefill/prefill-facebook-opt-1-3b-chunk-64-sm-32.csv
facebook/opt-1.3b,64,gemm,fc1,32,1,96.25600278377533,112365568,113414144,1048576,1048576,1024,2026-04-15T13:51:40Z,baseline_nvml_pt,nvidia-smi,ok,1.0,117.0,1695.0,7601.0,69.35,0.1013759970664978,108.16015625,108.16015625,1.0,True,,90.0,51.52000000000001,82.8,estimated,,prefill-facebook-opt-1-3b-chunk-64-sm-32,success,,,/mnt/data/dheeraj/dicertation/inference-profile/runs/revised-rerun-20260415-145100-g2-opt13b-c64-256/raw/points/prefill/prefill-facebook-opt-1-3b-chunk-64-sm-32.csv
facebook/opt-1.3b,64,gemm,fc2,32,1,98.30400347709656,112365568,112627712,262144,262144,1024,2026-04-15T13:51:40Z,baseline_nvml_pt,nvidia-smi,ok,1.0,117.0,1695.0,7601.0,69.35,0.1013759970664978,108.16015625,108.16015625,1.0,True,,90.0,51.52000000000001,82.8,estimated,,prefill-facebook-opt-1-3b-chunk-64-sm-32,success,,,/mnt/data/dheeraj/dicertation/inference-profile/runs/revised-rerun-20260415-145100-g2-opt13b-c64-256/raw/points/prefill/prefill-facebook-opt-1-3b-chunk-64-sm-32.csv
facebook/opt-1.3b,64,attention,attention,32,1,57.34400078654289,112365568,112636928,271360,262144,1024,2026-04-15T13:51:40Z,baseline_nvml_pt,nvidia-smi,ok,1.0,117.0,1695.0,7601.0,69.35,0.1013759970664978,108.16015625,108.16015625,1.0,True,,90.0,51.52000000000001,82.8,estimated,,prefill-facebook-opt-1-3b-chunk-64-sm-32,success,,,/mnt/data/dheeraj/dicertation/inference-profile/runs/revised-rerun-20260415-145100-g2-opt13b-c64-256/raw/points/prefill/prefill-facebook-opt-1-3b-chunk-64-sm-32.csv
facebook/opt-1.3b,64,gemm,q_proj,32,2,70.65600156784058,112365568,112627712,262144,262144,1024,2026-04-15T13:51:40Z,baseline_nvml_pt,nvidia-smi,ok,1.0,117.0,1695.0,7601.0,69.35,0.1013759970664978,108.16015625,108.16015625,1.0,True,,90.0,51.52000000000001,82.8,estimated,,prefill-facebook-opt-1-3b-chunk-64-sm-32,success,,,/mnt/data/dheeraj/dicertation/inference-profile/runs/revised-rerun-20260415-145100-g2-opt13b-c64-256/raw/points/prefill/prefill-facebook-opt-1-3b-chunk-64-sm-32.csv
facebook/opt-1.3b,64,gemm,k_proj,32,2,83.96799862384796,112365568,112627712,262144,262144,1024,2026-04-15T13:51:40Z,baseline_nvml_pt,nvidia-smi,ok,1.0,117.0,1695.0,7601.0,69.35,0.1013759970664978,108.16015625,108.16015625,1.0,True,,90.0,51.52000000000001,82.8,estimated,,prefill-facebook-opt-1-3b-chunk-64-sm-32,success,,,/mnt/data/dheeraj/dicertation/inference-profile/runs/revised-rerun-20260415-145100-g2-opt13b-c64-256/raw/points/prefill/prefill-facebook-opt-1-3b-chunk-64-sm-32.csv
facebook/opt-1.3b,64,gemm,v_proj,32,2,67.55200028419495,112365568,112627712,262144,262144,1024,2026-04-15T13:51:40Z,baseline_nvml_pt,nvidia-smi,ok,1.0,117.0,1695.0,7601.0,69.35,0.1013759970664978,108.16015625,108.16015625,1.0,True,,90.0,51.52000000000001,82.8,estimated,,prefill-facebook-opt-1-3b-chunk-64-sm-32,success,,,/mnt/data/dheeraj/dicertation/inference-profile/runs/revised-rerun-20260415-145100-g2-opt13b-c64-256/raw/points/prefill/prefill-facebook-opt-1-3b-chunk-64-sm-32.csv
facebook/opt-1.3b,64,gemm,out_proj,32,2,66.56000018119812,112365568,112627712,262144,262144,1024,2026-04-15T13:51:40Z,baseline_nvml_pt,nvidia-smi,ok,1.0,117.0,1695.0,7601.0,69.35,0.1013759970664978,108.16015625,108.16015625,1.0,True,,90.0,51.52000000000001,82.8,estimated,,prefill-facebook-opt-1-3b-chunk-64-sm-32,success,,,/mnt/data/dheeraj/dicertation/inference-profile/runs/revised-rerun-20260415-145100-g2-opt13b-c64-256/raw/points/prefill/prefill-facebook-opt-1-3b-chunk-64-sm-32.csv
facebook/opt-1.3b,64,gemm,fc1,32,2,96.25600278377533,112365568,113414144,1048576,1048576,1024,2026-04-15T13:51:40Z,baseline_nvml_pt,nvidia-smi,ok,1.0,117.0,1695.0,7601.0,69.35,0.1013759970664978,108.16015625,108.16015625,1.0,True,,90.0,51.52000000000001,82.8,estimated,,prefill-facebook-opt-1-3b-chunk-64-sm-32,success,,,/mnt/data/dheeraj/dicertation/inference-profile/runs/revised-rerun-20260415-145100-g2-opt13b-c64-256/raw/points/prefill/prefill-facebook-opt-1-3b-chunk-64-sm-32.csv
facebook/opt-1.3b,64,gemm,fc2,32,2,99.32799637317657,112365568,112627712,262144,262144,1024,2026-04-15T13:51:40Z,baseline_nvml_pt,nvidia-smi,ok,1.0,117.0,1695.0,7601.0,69.35,0.1013759970664978,108.16015625,108.16015625,1.0,True,,90.0,51.52000000000001,82.8,estimated,,prefill-facebook-opt-1-3b-chunk-64-sm-32,success,,,/mnt/data/dheeraj/dicertation/inference-profile/runs/revised-rerun-20260415-145100-g2-opt13b-c64-256/raw/points/prefill/prefill-facebook-opt-1-3b-chunk-64-sm-32.csv
facebook/opt-1.3b,64,attention,attention,32,2,58.36800113320351,112365568,112636928,271360,262144,1024,2026-04-15T13:51:40Z,baseline_nvml_pt,nvidia-smi,ok,1.0,117.0,1695.0,7601.0,69.35,0.1013759970664978,108.16015625,108.16015625,1.0,True,,90.0,51.52000000000001,82.8,estimated,,prefill-facebook-opt-1-3b-chunk-64-sm-32,success,,,/mnt/data/dheeraj/dicertation/inference-profile/runs/revised-rerun-20260415-145100-g2-opt13b-c64-256/raw/points/prefill/prefill-facebook-opt-1-3b-chunk-64-sm-32.csv
facebook/opt-1.3b,64,gemm,q_proj,32,3,66.56000018119812,112365568,112627712,262144,262144,1024,2026-04-15T13:51:40Z,baseline_nvml_pt,nvidia-smi,ok,1.0,117.0,1695.0,7601.0,69.35,0.1013759970664978,108.16015625,108.16015625,1.0,True,,90.0,51.52000000000001,82.8,estimated,,prefill-facebook-opt-1-3b-chunk-64-sm-32,success,,,/mnt/data/dheeraj/dicertation/inference-profile/runs/revised-rerun-20260415-145100-g2-opt13b-c64-256/raw/points/prefill/prefill-facebook-opt-1-3b-chunk-64-sm-32.csv
facebook/opt-1.3b,64,gemm,k_proj,32,3,65.5359998345375,112365568,112627712,262144,262144,1024,2026-04-15T13:51:40Z,baseline_nvml_pt,nvidia-smi,ok,1.0,117.0,1695.0,7601.0,69.35,0.1013759970664978,108.16015625,108.16015625,1.0,True,,90.0,51.52000000000001,82.8,estimated,,prefill-facebook-opt-1-3b-chunk-64-sm-32,success,,,/mnt/data/dheeraj/dicertation/inference-profile/runs/revised-rerun-20260415-145100-g2-opt13b-c64-256/raw/points/prefill/prefill-facebook-opt-1-3b-chunk-64-sm-32.csv
facebook/opt-1.3b,64,gemm,v_proj,32,3,66.56000018119812,112365568,112627712,262144,262144,1024,2026-04-15T13:51:40Z,baseline_nvml_pt,nvidia-smi,ok,1.0,117.0,1695.0,7601.0,69.35,0.1013759970664978,108.16015625,108.16015625,1.0,True,,90.0,51.52000000000001,82.8,estimated,,prefill-facebook-opt-1-3b-chunk-64-sm-32,success,,,/mnt/data/dheeraj/dicertation/inference-profile/runs/revised-rerun-20260415-145100-g2-opt13b-c64-256/raw/points/prefill/prefill-facebook-opt-1-3b-chunk-64-sm-32.csv
facebook/opt-1.3b,64,gemm,out_proj,32,3,64.51199948787689,112365568,112627712,262144,262144,1024,2026-04-15T13:51:40Z,baseline_nvml_pt,nvidia-smi,ok,1.0,117.0,1695.0,7601.0,69.35,0.1013759970664978,108.16015625,108.16015625,1.0,True,,90.0,51.52000000000001,82.8,estimated,,prefill-facebook-opt-1-3b-chunk-64-sm-32,success,,,/mnt/data/dheeraj/dicertation/inference-profile/runs/revised-rerun-20260415-145100-g2-opt13b-c64-256/raw/points/prefill/prefill-facebook-opt-1-3b-chunk-64-sm-32.csv
facebook/opt-1.3b,64,gemm,fc1,32,3,98.27200323343277,112365568,113414144,1048576,1048576,1024,2026-04-15T13:51:40Z,baseline_nvml_pt,nvidia-smi,ok,1.0,117.0,1695.0,7601.0,69.35,0.1013759970664978,108.16015625,108.16015625,1.0,True,,90.0,51.52000000000001,82.8,estimated,,prefill-facebook-opt-1-3b-chunk-64-sm-32,success,,,/mnt/data/dheeraj/dicertation/inference-profile/runs/revised-rerun-20260415-145100-g2-opt13b-c64-256/raw/points/prefill/prefill-facebook-opt-1-3b-chunk-64-sm-32.csv
facebook/opt-1.3b,64,gemm,fc2,32,3,97.28000313043594,112365568,112627712,262144,262144,1024,2026-04-15T13:51:40Z,baseline_nvml_pt,nvidia-smi,ok,1.0,117.0,1695.0,7601.0,69.35,0.1013759970664978,108.16015625,108.16015625,1.0,True,,90.0,51.52000000000001,82.8,estimated,,prefill-facebook-opt-1-3b-chunk-64-sm-32,success,,,/mnt/data/dheeraj/dicertation/inference-profile/runs/revised-rerun-20260415-145100-g2-opt13b-c64-256/raw/points/prefill/prefill-facebook-opt-1-3b-chunk-64-sm-32.csv
facebook/opt-1.3b,64,attention,attention,32,3,57.21599981188774,112365568,112636928,271360,262144,1024,2026-04-15T13:51:40Z,baseline_nvml_pt,nvidia-smi,ok,1.0,117.0,1695.0,7601.0,69.35,0.1013759970664978,108.16015625,108.16015625,1.0,True,,90.0,51.52000000000001,82.8,estimated,,prefill-facebook-opt-1-3b-chunk-64-sm-32,success,,,/mnt/data/dheeraj/dicertation/inference-profile/runs/revised-rerun-20260415-145100-g2-opt13b-c64-256/raw/points/prefill/prefill-facebook-opt-1-3b-chunk-64-sm-32.csv
facebook/opt-1.3b,64,gemm,q_proj,32,4,74.65600222349167,112365568,112627712,262144,262144,1024,2026-04-15T13:51:40Z,baseline_nvml_pt,nvidia-smi,ok,1.0,117.0,1695.0,7601.0,69.35,0.1013759970664978,108.16015625,108.16015625,1.0,True,,90.0,51.52000000000001,82.8,estimated,,prefill-facebook-opt-1-3b-chunk-64-sm-32,success,,,/mnt/data/dheeraj/dicertation/inference-profile/runs/revised-rerun-20260415-145100-g2-opt13b-c64-256/raw/points/prefill/prefill-facebook-opt-1-3b-chunk-64-sm-32.csv
facebook/opt-1.3b,64,gemm,k_proj,32,4,69.63200122117996,112365568,112627712,262144,262144,1024,2026-04-15T13:51:40Z,baseline_nvml_pt,nvidia-smi,ok,1.0,117.0,1695.0,7601.0,69.35,0.1013759970664978,108.16015625,108.16015625,1.0,True,,90.0,51.52000000000001,82.8,estimated,,prefill-facebook-opt-1-3b-chunk-64-sm-32,success,,,/mnt/data/dheeraj/dicertation/inference-profile/runs/revised-rerun-20260415-145100-g2-opt13b-c64-256/raw/points/prefill/prefill-facebook-opt-1-3b-chunk-64-sm-32.csv
facebook/opt-1.3b,64,gemm,v_proj,32,4,64.35199826955795,112365568,112627712,262144,262144,1024,2026-04-15T13:51:40Z,baseline_nvml_pt,nvidia-smi,ok,1.0,117.0,1695.0,7601.0,69.35,0.1013759970664978,108.16015625,108.16015625,1.0,True,,90.0,51.52000000000001,82.8,estimated,,prefill-facebook-opt-1-3b-chunk-64-sm-32,success,,,/mnt/data/dheeraj/dicertation/inference-profile/runs/revised-rerun-20260415-145100-g2-opt13b-c64-256/raw/points/prefill/prefill-facebook-opt-1-3b-chunk-64-sm-32.csv
facebook/opt-1.3b,64,gemm,out_proj,32,4,63.48799914121628,112365568,112627712,262144,262144,1024,2026-04-15T13:51:40Z,baseline_nvml_pt,nvidia-smi,ok,1.0,117.0,1695.0,7601.0,69.35,0.1013759970664978,108.16015625,108.16015625,1.0,True,,90.0,51.52000000000001,82.8,estimated,,prefill-facebook-opt-1-3b-chunk-64-sm-32,success,,,/mnt/data/dheeraj/dicertation/inference-profile/runs/revised-rerun-20260415-145100-g2-opt13b-c64-256/raw/points/prefill/prefill-facebook-opt-1-3b-chunk-64-sm-32.csv
facebook/opt-1.3b,64,gemm,fc1,32,4,96.25600278377533,112365568,113414144,1048576,1048576,1024,2026-04-15T13:51:40Z,baseline_nvml_pt,nvidia-smi,ok,1.0,117.0,1695.0,7601.0,69.35,0.1013759970664978,108.16015625,108.16015625,1.0,True,,90.0,51.52000000000001,82.8,estimated,,prefill-facebook-opt-1-3b-chunk-64-sm-32,success,,,/mnt/data/dheeraj/dicertation/inference-profile/runs/revised-rerun-20260415-145100-g2-opt13b-c64-256/raw/points/prefill/prefill-facebook-opt-1-3b-chunk-64-sm-32.csv
facebook/opt-1.3b,64,gemm,fc2,32,4,99.32799637317657,112365568,112627712,262144,262144,1024,2026-04-15T13:51:40Z,baseline_nvml_pt,nvidia-smi,ok,1.0,117.0,1695.0,7601.0,69.35,0.1013759970664978,108.16015625,108.16015625,1.0,True,,90.0,51.52000000000001,82.8,estimated,,prefill-facebook-opt-1-3b-chunk-64-sm-32,success,,,/mnt/data/dheeraj/dicertation/inference-profile/runs/revised-rerun-20260415-145100-g2-opt13b-c64-256/raw/points/prefill/prefill-facebook-opt-1-3b-chunk-64-sm-32.csv
facebook/opt-1.3b,64,attention,attention,32,4,55.32800033688545,112365568,112636928,271360,262144,1024,2026-04-15T13:51:40Z,baseline_nvml_pt,nvidia-smi,ok,1.0,117.0,1695.0,7601.0,69.35,0.1013759970664978,108.16015625,108.16015625,1.0,True,,90.0,51.52000000000001,82.8,estimated,,prefill-facebook-opt-1-3b-chunk-64-sm-32,success,,,/mnt/data/dheeraj/dicertation/inference-profile/runs/revised-rerun-20260415-145100-g2-opt13b-c64-256/raw/points/prefill/prefill-facebook-opt-1-3b-chunk-64-sm-32.csv
facebook/opt-1.3b,128,gemm,q_proj,8,0,82.94399827718735,114462720,114987008,524288,524288,1024,2026-04-15T13:51:46Z,baseline_nvml_pt,nvidia-smi,ok,0.0,117.0,1695.0,7601.0,69.19,0.14131200313568115,111.16015625,111.16015625,2.0,True,,75.05,66.25000000000001,64.8,estimated,,prefill-facebook-opt-1-3b-chunk-128-sm-8,success,,,/mnt/data/dheeraj/dicertation/inference-profile/runs/revised-rerun-20260415-145100-g2-opt13b-c64-256/raw/points/prefill/prefill-facebook-opt-1-3b-chunk-128-sm-8.csv
facebook/opt-1.3b,128,gemm,k_proj,8,0,76.80000364780426,114462720,114987008,524288,524288,1024,2026-04-15T13:51:46Z,baseline_nvml_pt,nvidia-smi,ok,0.0,117.0,1695.0,7601.0,69.19,0.14131200313568115,111.16015625,111.16015625,2.0,True,,75.05,66.25000000000001,64.8,estimated,,prefill-facebook-opt-1-3b-chunk-128-sm-8,success,,,/mnt/data/dheeraj/dicertation/inference-profile/runs/revised-rerun-20260415-145100-g2-opt13b-c64-256/raw/points/prefill/prefill-facebook-opt-1-3b-chunk-128-sm-8.csv
facebook/opt-1.3b,128,gemm,v_proj,8,0,68.60800087451935,114462720,114987008,524288,524288,1024,2026-04-15T13:51:46Z,baseline_nvml_pt,nvidia-smi,ok,0.0,117.0,1695.0,7601.0,69.19,0.14131200313568115,111.16015625,111.16015625,2.0,True,,75.05,66.25000000000001,64.8,estimated,,prefill-facebook-opt-1-3b-chunk-128-sm-8,success,,,/mnt/data/dheeraj/dicertation/inference-profile/runs/revised-rerun-20260415-145100-g2-opt13b-c64-256/raw/points/prefill/prefill-facebook-opt-1-3b-chunk-128-sm-8.csv
facebook/opt-1.3b,128,gemm,out_proj,8,0,97.28000313043594,114462720,114987008,524288,524288,1024,2026-04-15T13:51:46Z,baseline_nvml_pt,nvidia-smi,ok,0.0,117.0,1695.0,7601.0,69.19,0.14131200313568115,111.16015625,111.16015625,2.0,True,,75.05,66.25000000000001,64.8,estimated,,prefill-facebook-opt-1-3b-chunk-128-sm-8,success,,,/mnt/data/dheeraj/dicertation/inference-profile/runs/revised-rerun-20260415-145100-g2-opt13b-c64-256/raw/points/prefill/prefill-facebook-opt-1-3b-chunk-128-sm-8.csv
facebook/opt-1.3b,128,gemm,fc1,8,0,141.31200313568115,114462720,116559872,2097152,2097152,1024,2026-04-15T13:51:46Z,baseline_nvml_pt,nvidia-smi,ok,0.0,117.0,1695.0,7601.0,69.19,0.14131200313568115,111.16015625,111.16015625,2.0,True,,75.05,66.25000000000001,64.8,estimated,,prefill-facebook-opt-1-3b-chunk-128-sm-8,success,,,/mnt/data/dheeraj/dicertation/inference-profile/runs/revised-rerun-20260415-145100-g2-opt13b-c64-256/raw/points/prefill/prefill-facebook-opt-1-3b-chunk-128-sm-8.csv
facebook/opt-1.3b,128,gemm,fc2,8,0,114.62400108575821,114462720,114987008,524288,524288,1024,2026-04-15T13:51:46Z,baseline_nvml_pt,nvidia-smi,ok,0.0,117.0,1695.0,7601.0,69.19,0.14131200313568115,111.16015625,111.16015625,2.0,True,,75.05,66.25000000000001,64.8,estimated,,prefill-facebook-opt-1-3b-chunk-128-sm-8,success,,,/mnt/data/dheeraj/dicertation/inference-profile/runs/revised-rerun-20260415-145100-g2-opt13b-c64-256/raw/points/prefill/prefill-facebook-opt-1-3b-chunk-128-sm-8.csv
facebook/opt-1.3b,128,attention,attention,8,0,58.111999183893204,114462720,115004416,541696,524288,1024,2026-04-15T13:51:46Z,baseline_nvml_pt,nvidia-smi,ok,0.0,117.0,1695.0,7601.0,69.19,0.14131200313568115,111.16015625,111.16015625,2.0,True,,75.05,66.25000000000001,64.8,estimated,,prefill-facebook-opt-1-3b-chunk-128-sm-8,success,,,/mnt/data/dheeraj/dicertation/inference-profile/runs/revised-rerun-20260415-145100-g2-opt13b-c64-256/raw/points/prefill/prefill-facebook-opt-1-3b-chunk-128-sm-8.csv
facebook/opt-1.3b,128,gemm,q_proj,8,1,70.65600156784058,114462720,114987008,524288,524288,1024,2026-04-15T13:51:46Z,baseline_nvml_pt,nvidia-smi,ok,0.0,117.0,1695.0,7601.0,69.19,0.14131200313568115,111.16015625,111.16015625,2.0,True,,75.05,66.25000000000001,64.8,estimated,,prefill-facebook-opt-1-3b-chunk-128-sm-8,success,,,/mnt/data/dheeraj/dicertation/inference-profile/runs/revised-rerun-20260415-145100-g2-opt13b-c64-256/raw/points/prefill/prefill-facebook-opt-1-3b-chunk-128-sm-8.csv
facebook/opt-1.3b,128,gemm,k_proj,8,1,67.58400052785873,114462720,114987008,524288,524288,1024,2026-04-15T13:51:46Z,baseline_nvml_pt,nvidia-smi,ok,0.0,117.0,1695.0,7601.0,69.19,0.14131200313568115,111.16015625,111.16015625,2.0,True,,75.05,66.25000000000001,64.8,estimated,,prefill-facebook-opt-1-3b-chunk-128-sm-8,success,,,/mnt/data/dheeraj/dicertation/inference-profile/runs/revised-rerun-20260415-145100-g2-opt13b-c64-256/raw/points/prefill/prefill-facebook-opt-1-3b-chunk-128-sm-8.csv
facebook/opt-1.3b,128,gemm,v_proj,8,1,110.59200018644333,114462720,114987008,524288,524288,1024,2026-04-15T13:51:46Z,baseline_nvml_pt,nvidia-smi,ok,0.0,117.0,1695.0,7601.0,69.19,0.14131200313568115,111.16015625,111.16015625,2.0,True,,75.05,66.25000000000001,64.8,estimated,,prefill-facebook-opt-1-3b-chunk-128-sm-8,success,,,/mnt/data/dheeraj/dicertation/inference-profile/runs/revised-rerun-20260415-145100-g2-opt13b-c64-256/raw/points/prefill/prefill-facebook-opt-1-3b-chunk-128-sm-8.csv
facebook/opt-1.3b,128,gemm,out_proj,8,1,64.35199826955795,114462720,114987008,524288,524288,1024,2026-04-15T13:51:46Z,baseline_nvml_pt,nvidia-smi,ok,0.0,117.0,1695.0,7601.0,69.19,0.14131200313568115,111.16015625,111.16015625,2.0,True,,75.05,66.25000000000001,64.8,estimated,,prefill-facebook-opt-1-3b-chunk-128-sm-8,success,,,/mnt/data/dheeraj/dicertation/inference-profile/runs/revised-rerun-20260415-145100-g2-opt13b-c64-256/raw/points/prefill/prefill-facebook-opt-1-3b-chunk-128-sm-8.csv
facebook/opt-1.3b,128,gemm,fc1,8,1,104.44799810647964,114462720,116559872,2097152,2097152,1024,2026-04-15T13:51:46Z,baseline_nvml_pt,nvidia-smi,ok,0.0,117.0,1695.0,7601.0,69.19,0.14131200313568115,111.16015625,111.16015625,2.0,True,,75.05,66.25000000000001,64.8,estimated,,prefill-facebook-opt-1-3b-chunk-128-sm-8,success,,,/mnt/data/dheeraj/dicertation/inference-profile/runs/revised-rerun-20260415-145100-g2-opt13b-c64-256/raw/points/prefill/prefill-facebook-opt-1-3b-chunk-128-sm-8.csv
facebook/opt-1.3b,128,gemm,fc2,8,1,115.7120019197464,114462720,114987008,524288,524288,1024,2026-04-15T13:51:46Z,baseline_nvml_pt,nvidia-smi,ok,0.0,117.0,1695.0,7601.0,69.19,0.14131200313568115,111.16015625,111.16015625,2.0,True,,75.05,66.25000000000001,64.8,estimated,,prefill-facebook-opt-1-3b-chunk-128-sm-8,success,,,/mnt/data/dheeraj/dicertation/inference-profile/runs/revised-rerun-20260415-145100-g2-opt13b-c64-256/raw/points/prefill/prefill-facebook-opt-1-3b-chunk-128-sm-8.csv
facebook/opt-1.3b,128,attention,attention,8,1,56.32000043988228,114462720,115004416,541696,524288,1024,2026-04-15T13:51:46Z,baseline_nvml_pt,nvidia-smi,ok,0.0,117.0,1695.0,7601.0,69.19,0.14131200313568115,111.16015625,111.16015625,2.0,True,,75.05,66.25000000000001,64.8,estimated,,prefill-facebook-opt-1-3b-chunk-128-sm-8,success,,,/mnt/data/dheeraj/dicertation/inference-profile/runs/revised-rerun-20260415-145100-g2-opt13b-c64-256/raw/points/prefill/prefill-facebook-opt-1-3b-chunk-128-sm-8.csv
facebook/opt-1.3b,128,gemm,q_proj,8,2,65.69600105285645,114462720,114987008,524288,524288,1024,2026-04-15T13:51:46Z,baseline_nvml_pt,nvidia-smi,ok,0.0,117.0,1695.0,7601.0,69.19,0.14131200313568115,111.16015625,111.16015625,2.0,True,,75.05,66.25000000000001,64.8,estimated,,prefill-facebook-opt-1-3b-chunk-128-sm-8,success,,,/mnt/data/dheeraj/dicertation/inference-profile/runs/revised-rerun-20260415-145100-g2-opt13b-c64-256/raw/points/prefill/prefill-facebook-opt-1-3b-chunk-128-sm-8.csv
facebook/opt-1.3b,128,gemm,k_proj,8,2,71.48800045251846,114462720,114987008,524288,524288,1024,2026-04-15T13:51:46Z,baseline_nvml_pt,nvidia-smi,ok,0.0,117.0,1695.0,7601.0,69.19,0.14131200313568115,111.16015625,111.16015625,2.0,True,,75.05,66.25000000000001,64.8,estimated,,prefill-facebook-opt-1-3b-chunk-128-sm-8,success,,,/mnt/data/dheeraj/dicertation/inference-profile/runs/revised-rerun-20260415-145100-g2-opt13b-c64-256/raw/points/prefill/prefill-facebook-opt-1-3b-chunk-128-sm-8.csv
facebook/opt-1.3b,128,gemm,v_proj,8,2,62.72000074386597,114462720,114987008,524288,524288,1024,2026-04-15T13:51:46Z,baseline_nvml_pt,nvidia-smi,ok,0.0,117.0,1695.0,7601.0,69.19,0.14131200313568115,111.16015625,111.16015625,2.0,True,,75.05,66.25000000000001,64.8,estimated,,prefill-facebook-opt-1-3b-chunk-128-sm-8,success,,,/mnt/data/dheeraj/dicertation/inference-profile/runs/revised-rerun-20260415-145100-g2-opt13b-c64-256/raw/points/prefill/prefill-facebook-opt-1-3b-chunk-128-sm-8.csv
facebook/opt-1.3b,128,gemm,out_proj,8,2,63.519999384880066,114462720,114987008,524288,524288,1024,2026-04-15T13:51:46Z,baseline_nvml_pt,nvidia-smi,ok,0.0,117.0,1695.0,7601.0,69.19,0.14131200313568115,111.16015625,111.16015625,2.0,True,,75.05,66.25000000000001,64.8,estimated,,prefill-facebook-opt-1-3b-chunk-128-sm-8,success,,,/mnt/data/dheeraj/dicertation/inference-profile/runs/revised-rerun-20260415-145100-g2-opt13b-c64-256/raw/points/prefill/prefill-facebook-opt-1-3b-chunk-128-sm-8.csv
facebook/opt-1.3b,128,gemm,fc1,8,2,105.47199845314026,114462720,116559872,2097152,2097152,1024,2026-04-15T13:51:46Z,baseline_nvml_pt,nvidia-smi,ok,0.0,117.0,1695.0,7601.0,69.19,0.14131200313568115,111.16015625,111.16015625,2.0,True,,75.05,66.25000000000001,64.8,estimated,,prefill-facebook-opt-1-3b-chunk-128-sm-8,success,,,/mnt/data/dheeraj/dicertation/inference-profile/runs/revised-rerun-20260415-145100-g2-opt13b-c64-256/raw/points/prefill/prefill-facebook-opt-1-3b-chunk-128-sm-8.csv
facebook/opt-1.3b,128,gemm,fc2,8,2,118.78400295972824,114462720,114987008,524288,524288,1024,2026-04-15T13:51:46Z,baseline_nvml_pt,nvidia-smi,ok,0.0,117.0,1695.0,7601.0,69.19,0.14131200313568115,111.16015625,111.16015625,2.0,True,,75.05,66.25000000000001,64.8,estimated,,prefill-facebook-opt-1-3b-chunk-128-sm-8,success,,,/mnt/data/dheeraj/dicertation/inference-profile/runs/revised-rerun-20260415-145100-g2-opt13b-c64-256/raw/points/prefill/prefill-facebook-opt-1-3b-chunk-128-sm-8.csv
facebook/opt-1.3b,128,attention,attention,8,2,70.65600156784058,114462720,115004416,541696,524288,1024,2026-04-15T13:51:46Z,baseline_nvml_pt,nvidia-smi,ok,0.0,117.0,1695.0,7601.0,69.19,0.14131200313568115,111.16015625,111.16015625,2.0,True,,75.05,66.25000000000001,64.8,estimated,,prefill-facebook-opt-1-3b-chunk-128-sm-8,success,,,/mnt/data/dheeraj/dicertation/inference-profile/runs/revised-rerun-20260415-145100-g2-opt13b-c64-256/raw/points/prefill/prefill-facebook-opt-1-3b-chunk-128-sm-8.csv
facebook/opt-1.3b,128,gemm,q_proj,8,3,65.5359998345375,114462720,114987008,524288,524288,1024,2026-04-15T13:51:46Z,baseline_nvml_pt,nvidia-smi,ok,0.0,117.0,1695.0,7601.0,69.19,0.14131200313568115,111.16015625,111.16015625,2.0,True,,75.05,66.25000000000001,64.8,estimated,,prefill-facebook-opt-1-3b-chunk-128-sm-8,success,,,/mnt/data/dheeraj/dicertation/inference-profile/runs/revised-rerun-20260415-145100-g2-opt13b-c64-256/raw/points/prefill/prefill-facebook-opt-1-3b-chunk-128-sm-8.csv
facebook/opt-1.3b,128,gemm,k_proj,8,3,65.31199812889099,114462720,114987008,524288,524288,1024,2026-04-15T13:51:46Z,baseline_nvml_pt,nvidia-smi,ok,0.0,117.0,1695.0,7601.0,69.19,0.14131200313568115,111.16015625,111.16015625,2.0,True,,75.05,66.25000000000001,64.8,estimated,,prefill-facebook-opt-1-3b-chunk-128-sm-8,success,,,/mnt/data/dheeraj/dicertation/inference-profile/runs/revised-rerun-20260415-145100-g2-opt13b-c64-256/raw/points/prefill/prefill-facebook-opt-1-3b-chunk-128-sm-8.csv
facebook/opt-1.3b,128,gemm,v_proj,8,3,63.519999384880066,114462720,114987008,524288,524288,1024,2026-04-15T13:51:46Z,baseline_nvml_pt,nvidia-smi,ok,0.0,117.0,1695.0,7601.0,69.19,0.14131200313568115,111.16015625,111.16015625,2.0,True,,75.05,66.25000000000001,64.8,estimated,,prefill-facebook-opt-1-3b-chunk-128-sm-8,success,,,/mnt/data/dheeraj/dicertation/inference-profile/runs/revised-rerun-20260415-145100-g2-opt13b-c64-256/raw/points/prefill/prefill-facebook-opt-1-3b-chunk-128-sm-8.csv
facebook/opt-1.3b,128,gemm,out_proj,8,3,71.87200337648392,114462720,114987008,524288,524288,1024,2026-04-15T13:51:46Z,baseline_nvml_pt,nvidia-smi,ok,0.0,117.0,1695.0,7601.0,69.19,0.14131200313568115,111.16015625,111.16015625,2.0,True,,75.05,66.25000000000001,64.8,estimated,,prefill-facebook-opt-1-3b-chunk-128-sm-8,success,,,/mnt/data/dheeraj/dicertation/inference-profile/runs/revised-rerun-20260415-145100-g2-opt13b-c64-256/raw/points/prefill/prefill-facebook-opt-1-3b-chunk-128-sm-8.csv
facebook/opt-1.3b,128,gemm,fc1,8,3,105.47199845314026,114462720,116559872,2097152,2097152,1024,2026-04-15T13:51:46Z,baseline_nvml_pt,nvidia-smi,ok,0.0,117.0,1695.0,7601.0,69.19,0.14131200313568115,111.16015625,111.16015625,2.0,True,,75.05,66.25000000000001,64.8,estimated,,prefill-facebook-opt-1-3b-chunk-128-sm-8,success,,,/mnt/data/dheeraj/dicertation/inference-profile/runs/revised-rerun-20260415-145100-g2-opt13b-c64-256/raw/points/prefill/prefill-facebook-opt-1-3b-chunk-128-sm-8.csv
facebook/opt-1.3b,128,gemm,fc2,8,3,112.64000087976456,114462720,114987008,524288,524288,1024,2026-04-15T13:51:46Z,baseline_nvml_pt,nvidia-smi,ok,0.0,117.0,1695.0,7601.0,69.19,0.14131200313568115,111.16015625,111.16015625,2.0,True,,75.05,66.25000000000001,64.8,estimated,,prefill-facebook-opt-1-3b-chunk-128-sm-8,success,,,/mnt/data/dheeraj/dicertation/inference-profile/runs/revised-rerun-20260415-145100-g2-opt13b-c64-256/raw/points/prefill/prefill-facebook-opt-1-3b-chunk-128-sm-8.csv
facebook/opt-1.3b,128,attention,attention,8,3,55.296000093221664,114462720,115004416,541696,524288,1024,2026-04-15T13:51:46Z,baseline_nvml_pt,nvidia-smi,ok,0.0,117.0,1695.0,7601.0,69.19,0.14131200313568115,111.16015625,111.16015625,2.0,True,,75.05,66.25000000000001,64.8,estimated,,prefill-facebook-opt-1-3b-chunk-128-sm-8,success,,,/mnt/data/dheeraj/dicertation/inference-profile/runs/revised-rerun-20260415-145100-g2-opt13b-c64-256/raw/points/prefill/prefill-facebook-opt-1-3b-chunk-128-sm-8.csv
facebook/opt-1.3b,128,gemm,q_proj,8,4,65.5359998345375,114462720,114987008,524288,524288,1024,2026-04-15T13:51:46Z,baseline_nvml_pt,nvidia-smi,ok,0.0,117.0,1695.0,7601.0,69.19,0.14131200313568115,111.16015625,111.16015625,2.0,True,,75.05,66.25000000000001,64.8,estimated,,prefill-facebook-opt-1-3b-chunk-128-sm-8,success,,,/mnt/data/dheeraj/dicertation/inference-profile/runs/revised-rerun-20260415-145100-g2-opt13b-c64-256/raw/points/prefill/prefill-facebook-opt-1-3b-chunk-128-sm-8.csv
facebook/opt-1.3b,128,gemm,k_proj,8,4,62.431998550891876,114462720,114987008,524288,524288,1024,2026-04-15T13:51:46Z,baseline_nvml_pt,nvidia-smi,ok,0.0,117.0,1695.0,7601.0,69.19,0.14131200313568115,111.16015625,111.16015625,2.0,True,,75.05,66.25000000000001,64.8,estimated,,prefill-facebook-opt-1-3b-chunk-128-sm-8,success,,,/mnt/data/dheeraj/dicertation/inference-profile/runs/revised-rerun-20260415-145100-g2-opt13b-c64-256/raw/points/prefill/prefill-facebook-opt-1-3b-chunk-128-sm-8.csv
facebook/opt-1.3b,128,gemm,v_proj,8,4,62.463998794555664,114462720,114987008,524288,524288,1024,2026-04-15T13:51:46Z,baseline_nvml_pt,nvidia-smi,ok,0.0,117.0,1695.0,7601.0,69.19,0.14131200313568115,111.16015625,111.16015625,2.0,True,,75.05,66.25000000000001,64.8,estimated,,prefill-facebook-opt-1-3b-chunk-128-sm-8,success,,,/mnt/data/dheeraj/dicertation/inference-profile/runs/revised-rerun-20260415-145100-g2-opt13b-c64-256/raw/points/prefill/prefill-facebook-opt-1-3b-chunk-128-sm-8.csv
facebook/opt-1.3b,128,gemm,out_proj,8,4,62.463998794555664,114462720,114987008,524288,524288,1024,2026-04-15T13:51:46Z,baseline_nvml_pt,nvidia-smi,ok,0.0,117.0,1695.0,7601.0,69.19,0.14131200313568115,111.16015625,111.16015625,2.0,True,,75.05,66.25000000000001,64.8,estimated,,prefill-facebook-opt-1-3b-chunk-128-sm-8,success,,,/mnt/data/dheeraj/dicertation/inference-profile/runs/revised-rerun-20260415-145100-g2-opt13b-c64-256/raw/points/prefill/prefill-facebook-opt-1-3b-chunk-128-sm-8.csv
facebook/opt-1.3b,128,gemm,fc1,8,4,103.42399775981903,114462720,116559872,2097152,2097152,1024,2026-04-15T13:51:46Z,baseline_nvml_pt,nvidia-smi,ok,0.0,117.0,1695.0,7601.0,69.19,0.14131200313568115,111.16015625,111.16015625,2.0,True,,75.05,66.25000000000001,64.8,estimated,,prefill-facebook-opt-1-3b-chunk-128-sm-8,success,,,/mnt/data/dheeraj/dicertation/inference-profile/runs/revised-rerun-20260415-145100-g2-opt13b-c64-256/raw/points/prefill/prefill-facebook-opt-1-3b-chunk-128-sm-8.csv
facebook/opt-1.3b,128,gemm,fc2,8,4,110.59200018644333,114462720,114987008,524288,524288,1024,2026-04-15T13:51:46Z,baseline_nvml_pt,nvidia-smi,ok,0.0,117.0,1695.0,7601.0,69.19,0.14131200313568115,111.16015625,111.16015625,2.0,True,,75.05,66.25000000000001,64.8,estimated,,prefill-facebook-opt-1-3b-chunk-128-sm-8,success,,,/mnt/data/dheeraj/dicertation/inference-profile/runs/revised-rerun-20260415-145100-g2-opt13b-c64-256/raw/points/prefill/prefill-facebook-opt-1-3b-chunk-128-sm-8.csv
facebook/opt-1.3b,128,attention,attention,8,4,54.368000477552414,114462720,115004416,541696,524288,1024,2026-04-15T13:51:46Z,baseline_nvml_pt,nvidia-smi,ok,0.0,117.0,1695.0,7601.0,69.19,0.14131200313568115,111.16015625,111.16015625,2.0,True,,75.05,66.25000000000001,64.8,estimated,,prefill-facebook-opt-1-3b-chunk-128-sm-8,success,,,/mnt/data/dheeraj/dicertation/inference-profile/runs/revised-rerun-20260415-145100-g2-opt13b-c64-256/raw/points/prefill/prefill-facebook-opt-1-3b-chunk-128-sm-8.csv
facebook/opt-1.3b,128,gemm,q_proj,16,0,79.58400249481201,114462720,114987008,524288,524288,1024,2026-04-15T13:51:52Z,baseline_nvml_pt,nvidia-smi,ok,0.0,117.0,1695.0,7601.0,69.6,0.114656001329422,111.16015625,111.16015625,2.0,True,,81.69999999999999,60.42000000000001,72.0,estimated,,prefill-facebook-opt-1-3b-chunk-128-sm-16,success,,,/mnt/data/dheeraj/dicertation/inference-profile/runs/revised-rerun-20260415-145100-g2-opt13b-c64-256/raw/points/prefill/prefill-facebook-opt-1-3b-chunk-128-sm-16.csv
facebook/opt-1.3b,128,gemm,k_proj,16,0,76.80000364780426,114462720,114987008,524288,524288,1024,2026-04-15T13:51:52Z,baseline_nvml_pt,nvidia-smi,ok,0.0,117.0,1695.0,7601.0,69.6,0.114656001329422,111.16015625,111.16015625,2.0,True,,81.69999999999999,60.42000000000001,72.0,estimated,,prefill-facebook-opt-1-3b-chunk-128-sm-16,success,,,/mnt/data/dheeraj/dicertation/inference-profile/runs/revised-rerun-20260415-145100-g2-opt13b-c64-256/raw/points/prefill/prefill-facebook-opt-1-3b-chunk-128-sm-16.csv
facebook/opt-1.3b,128,gemm,v_proj,16,0,67.84000247716904,114462720,114987008,524288,524288,1024,2026-04-15T13:51:52Z,baseline_nvml_pt,nvidia-smi,ok,0.0,117.0,1695.0,7601.0,69.6,0.114656001329422,111.16015625,111.16015625,2.0,True,,81.69999999999999,60.42000000000001,72.0,estimated,,prefill-facebook-opt-1-3b-chunk-128-sm-16,success,,,/mnt/data/dheeraj/dicertation/inference-profile/runs/revised-rerun-20260415-145100-g2-opt13b-c64-256/raw/points/prefill/prefill-facebook-opt-1-3b-chunk-128-sm-16.csv
facebook/opt-1.3b,128,gemm,out_proj,16,0,73.66400212049484,114462720,114987008,524288,524288,1024,2026-04-15T13:51:52Z,baseline_nvml_pt,nvidia-smi,ok,0.0,117.0,1695.0,7601.0,69.6,0.114656001329422,111.16015625,111.16015625,2.0,True,,81.69999999999999,60.42000000000001,72.0,estimated,,prefill-facebook-opt-1-3b-chunk-128-sm-16,success,,,/mnt/data/dheeraj/dicertation/inference-profile/runs/revised-rerun-20260415-145100-g2-opt13b-c64-256/raw/points/prefill/prefill-facebook-opt-1-3b-chunk-128-sm-16.csv
facebook/opt-1.3b,128,gemm,fc1,16,0,106.49599879980087,114462720,116559872,2097152,2097152,1024,2026-04-15T13:51:52Z,baseline_nvml_pt,nvidia-smi,ok,0.0,117.0,1695.0,7601.0,69.6,0.114656001329422,111.16015625,111.16015625,2.0,True,,81.69999999999999,60.42000000000001,72.0,estimated,,prefill-facebook-opt-1-3b-chunk-128-sm-16,success,,,/mnt/data/dheeraj/dicertation/inference-profile/runs/revised-rerun-20260415-145100-g2-opt13b-c64-256/raw/points/prefill/prefill-facebook-opt-1-3b-chunk-128-sm-16.csv
facebook/opt-1.3b,128,gemm,fc2,16,0,113.66400122642517,114462720,114987008,524288,524288,1024,2026-04-15T13:51:52Z,baseline_nvml_pt,nvidia-smi,ok,0.0,117.0,1695.0,7601.0,69.6,0.114656001329422,111.16015625,111.16015625,2.0,True,,81.69999999999999,60.42000000000001,72.0,estimated,,prefill-facebook-opt-1-3b-chunk-128-sm-16,success,,,/mnt/data/dheeraj/dicertation/inference-profile/runs/revised-rerun-20260415-145100-g2-opt13b-c64-256/raw/points/prefill/prefill-facebook-opt-1-3b-chunk-128-sm-16.csv
facebook/opt-1.3b,128,attention,attention,16,0,58.62399935722351,114462720,115004416,541696,524288,1024,2026-04-15T13:51:52Z,baseline_nvml_pt,nvidia-smi,ok,0.0,117.0,1695.0,7601.0,69.6,0.114656001329422,111.16015625,111.16015625,2.0,True,,81.69999999999999,60.42000000000001,72.0,estimated,,prefill-facebook-opt-1-3b-chunk-128-sm-16,success,,,/mnt/data/dheeraj/dicertation/inference-profile/runs/revised-rerun-20260415-145100-g2-opt13b-c64-256/raw/points/prefill/prefill-facebook-opt-1-3b-chunk-128-sm-16.csv
facebook/opt-1.3b,128,gemm,q_proj,16,1,69.5360004901886,114462720,114987008,524288,524288,1024,2026-04-15T13:51:52Z,baseline_nvml_pt,nvidia-smi,ok,0.0,117.0,1695.0,7601.0,69.6,0.114656001329422,111.16015625,111.16015625,2.0,True,,81.69999999999999,60.42000000000001,72.0,estimated,,prefill-facebook-opt-1-3b-chunk-128-sm-16,success,,,/mnt/data/dheeraj/dicertation/inference-profile/runs/revised-rerun-20260415-145100-g2-opt13b-c64-256/raw/points/prefill/prefill-facebook-opt-1-3b-chunk-128-sm-16.csv
facebook/opt-1.3b,128,gemm,k_proj,16,1,69.63200122117996,114462720,114987008,524288,524288,1024,2026-04-15T13:51:52Z,baseline_nvml_pt,nvidia-smi,ok,0.0,117.0,1695.0,7601.0,69.6,0.114656001329422,111.16015625,111.16015625,2.0,True,,81.69999999999999,60.42000000000001,72.0,estimated,,prefill-facebook-opt-1-3b-chunk-128-sm-16,success,,,/mnt/data/dheeraj/dicertation/inference-profile/runs/revised-rerun-20260415-145100-g2-opt13b-c64-256/raw/points/prefill/prefill-facebook-opt-1-3b-chunk-128-sm-16.csv
facebook/opt-1.3b,128,gemm,v_proj,16,1,63.48799914121628,114462720,114987008,524288,524288,1024,2026-04-15T13:51:52Z,baseline_nvml_pt,nvidia-smi,ok,0.0,117.0,1695.0,7601.0,69.6,0.114656001329422,111.16015625,111.16015625,2.0,True,,81.69999999999999,60.42000000000001,72.0,estimated,,prefill-facebook-opt-1-3b-chunk-128-sm-16,success,,,/mnt/data/dheeraj/dicertation/inference-profile/runs/revised-rerun-20260415-145100-g2-opt13b-c64-256/raw/points/prefill/prefill-facebook-opt-1-3b-chunk-128-sm-16.csv
facebook/opt-1.3b,128,gemm,out_proj,16,1,63.680000603199005,114462720,114987008,524288,524288,1024,2026-04-15T13:51:52Z,baseline_nvml_pt,nvidia-smi,ok,0.0,117.0,1695.0,7601.0,69.6,0.114656001329422,111.16015625,111.16015625,2.0,True,,81.69999999999999,60.42000000000001,72.0,estimated,,prefill-facebook-opt-1-3b-chunk-128-sm-16,success,,,/mnt/data/dheeraj/dicertation/inference-profile/runs/revised-rerun-20260415-145100-g2-opt13b-c64-256/raw/points/prefill/prefill-facebook-opt-1-3b-chunk-128-sm-16.csv
facebook/opt-1.3b,128,gemm,fc1,16,1,105.47199845314026,114462720,116559872,2097152,2097152,1024,2026-04-15T13:51:52Z,baseline_nvml_pt,nvidia-smi,ok,0.0,117.0,1695.0,7601.0,69.6,0.114656001329422,111.16015625,111.16015625,2.0,True,,81.69999999999999,60.42000000000001,72.0,estimated,,prefill-facebook-opt-1-3b-chunk-128-sm-16,success,,,/mnt/data/dheeraj/dicertation/inference-profile/runs/revised-rerun-20260415-145100-g2-opt13b-c64-256/raw/points/prefill/prefill-facebook-opt-1-3b-chunk-128-sm-16.csv
facebook/opt-1.3b,128,gemm,fc2,16,1,114.656001329422,114462720,114987008,524288,524288,1024,2026-04-15T13:51:52Z,baseline_nvml_pt,nvidia-smi,ok,0.0,117.0,1695.0,7601.0,69.6,0.114656001329422,111.16015625,111.16015625,2.0,True,,81.69999999999999,60.42000000000001,72.0,estimated,,prefill-facebook-opt-1-3b-chunk-128-sm-16,success,,,/mnt/data/dheeraj/dicertation/inference-profile/runs/revised-rerun-20260415-145100-g2-opt13b-c64-256/raw/points/prefill/prefill-facebook-opt-1-3b-chunk-128-sm-16.csv
facebook/opt-1.3b,128,attention,attention,16,1,57.34400078654289,114462720,115004416,541696,524288,1024,2026-04-15T13:51:52Z,baseline_nvml_pt,nvidia-smi,ok,0.0,117.0,1695.0,7601.0,69.6,0.114656001329422,111.16015625,111.16015625,2.0,True,,81.69999999999999,60.42000000000001,72.0,estimated,,prefill-facebook-opt-1-3b-chunk-128-sm-16,success,,,/mnt/data/dheeraj/dicertation/inference-profile/runs/revised-rerun-20260415-145100-g2-opt13b-c64-256/raw/points/prefill/prefill-facebook-opt-1-3b-chunk-128-sm-16.csv
facebook/opt-1.3b,128,gemm,q_proj,16,2,74.75200295448303,114462720,114987008,524288,524288,1024,2026-04-15T13:51:52Z,baseline_nvml_pt,nvidia-smi,ok,0.0,117.0,1695.0,7601.0,69.6,0.114656001329422,111.16015625,111.16015625,2.0,True,,81.69999999999999,60.42000000000001,72.0,estimated,,prefill-facebook-opt-1-3b-chunk-128-sm-16,success,,,/mnt/data/dheeraj/dicertation/inference-profile/runs/revised-rerun-20260415-145100-g2-opt13b-c64-256/raw/points/prefill/prefill-facebook-opt-1-3b-chunk-128-sm-16.csv
facebook/opt-1.3b,128,gemm,k_proj,16,2,71.68000191450119,114462720,114987008,524288,524288,1024,2026-04-15T13:51:52Z,baseline_nvml_pt,nvidia-smi,ok,0.0,117.0,1695.0,7601.0,69.6,0.114656001329422,111.16015625,111.16015625,2.0,True,,81.69999999999999,60.42000000000001,72.0,estimated,,prefill-facebook-opt-1-3b-chunk-128-sm-16,success,,,/mnt/data/dheeraj/dicertation/inference-profile/runs/revised-rerun-20260415-145100-g2-opt13b-c64-256/raw/points/prefill/prefill-facebook-opt-1-3b-chunk-128-sm-16.csv
facebook/opt-1.3b,128,gemm,v_proj,16,2,70.65600156784058,114462720,114987008,524288,524288,1024,2026-04-15T13:51:52Z,baseline_nvml_pt,nvidia-smi,ok,0.0,117.0,1695.0,7601.0,69.6,0.114656001329422,111.16015625,111.16015625,2.0,True,,81.69999999999999,60.42000000000001,72.0,estimated,,prefill-facebook-opt-1-3b-chunk-128-sm-16,success,,,/mnt/data/dheeraj/dicertation/inference-profile/runs/revised-rerun-20260415-145100-g2-opt13b-c64-256/raw/points/prefill/prefill-facebook-opt-1-3b-chunk-128-sm-16.csv
facebook/opt-1.3b,128,gemm,out_proj,16,2,66.56000018119812,114462720,114987008,524288,524288,1024,2026-04-15T13:51:52Z,baseline_nvml_pt,nvidia-smi,ok,0.0,117.0,1695.0,7601.0,69.6,0.114656001329422,111.16015625,111.16015625,2.0,True,,81.69999999999999,60.42000000000001,72.0,estimated,,prefill-facebook-opt-1-3b-chunk-128-sm-16,success,,,/mnt/data/dheeraj/dicertation/inference-profile/runs/revised-rerun-20260415-145100-g2-opt13b-c64-256/raw/points/prefill/prefill-facebook-opt-1-3b-chunk-128-sm-16.csv
facebook/opt-1.3b,128,gemm,fc1,16,2,104.44799810647964,114462720,116559872,2097152,2097152,1024,2026-04-15T13:51:52Z,baseline_nvml_pt,nvidia-smi,ok,0.0,117.0,1695.0,7601.0,69.6,0.114656001329422,111.16015625,111.16015625,2.0,True,,81.69999999999999,60.42000000000001,72.0,estimated,,prefill-facebook-opt-1-3b-chunk-128-sm-16,success,,,/mnt/data/dheeraj/dicertation/inference-profile/runs/revised-rerun-20260415-145100-g2-opt13b-c64-256/raw/points/prefill/prefill-facebook-opt-1-3b-chunk-128-sm-16.csv
facebook/opt-1.3b,128,gemm,fc2,16,2,113.66400122642517,114462720,114987008,524288,524288,1024,2026-04-15T13:51:52Z,baseline_nvml_pt,nvidia-smi,ok,0.0,117.0,1695.0,7601.0,69.6,0.114656001329422,111.16015625,111.16015625,2.0,True,,81.69999999999999,60.42000000000001,72.0,estimated,,prefill-facebook-opt-1-3b-chunk-128-sm-16,success,,,/mnt/data/dheeraj/dicertation/inference-profile/runs/revised-rerun-20260415-145100-g2-opt13b-c64-256/raw/points/prefill/prefill-facebook-opt-1-3b-chunk-128-sm-16.csv
facebook/opt-1.3b,128,attention,attention,16,2,57.151999324560165,114462720,115004416,541696,524288,1024,2026-04-15T13:51:52Z,baseline_nvml_pt,nvidia-smi,ok,0.0,117.0,1695.0,7601.0,69.6,0.114656001329422,111.16015625,111.16015625,2.0,True,,81.69999999999999,60.42000000000001,72.0,estimated,,prefill-facebook-opt-1-3b-chunk-128-sm-16,success,,,/mnt/data/dheeraj/dicertation/inference-profile/runs/revised-rerun-20260415-145100-g2-opt13b-c64-256/raw/points/prefill/prefill-facebook-opt-1-3b-chunk-128-sm-16.csv
facebook/opt-1.3b,128,gemm,q_proj,16,3,66.56000018119812,114462720,114987008,524288,524288,1024,2026-04-15T13:51:52Z,baseline_nvml_pt,nvidia-smi,ok,0.0,117.0,1695.0,7601.0,69.6,0.114656001329422,111.16015625,111.16015625,2.0,True,,81.69999999999999,60.42000000000001,72.0,estimated,,prefill-facebook-opt-1-3b-chunk-128-sm-16,success,,,/mnt/data/dheeraj/dicertation/inference-profile/runs/revised-rerun-20260415-145100-g2-opt13b-c64-256/raw/points/prefill/prefill-facebook-opt-1-3b-chunk-128-sm-16.csv
facebook/opt-1.3b,128,gemm,k_proj,16,3,63.58399987220764,114462720,114987008,524288,524288,1024,2026-04-15T13:51:52Z,baseline_nvml_pt,nvidia-smi,ok,0.0,117.0,1695.0,7601.0,69.6,0.114656001329422,111.16015625,111.16015625,2.0,True,,81.69999999999999,60.42000000000001,72.0,estimated,,prefill-facebook-opt-1-3b-chunk-128-sm-16,success,,,/mnt/data/dheeraj/dicertation/inference-profile/runs/revised-rerun-20260415-145100-g2-opt13b-c64-256/raw/points/prefill/prefill-facebook-opt-1-3b-chunk-128-sm-16.csv
facebook/opt-1.3b,128,gemm,v_proj,16,3,64.51199948787689,114462720,114987008,524288,524288,1024,2026-04-15T13:51:52Z,baseline_nvml_pt,nvidia-smi,ok,0.0,117.0,1695.0,7601.0,69.6,0.114656001329422,111.16015625,111.16015625,2.0,True,,81.69999999999999,60.42000000000001,72.0,estimated,,prefill-facebook-opt-1-3b-chunk-128-sm-16,success,,,/mnt/data/dheeraj/dicertation/inference-profile/runs/revised-rerun-20260415-145100-g2-opt13b-c64-256/raw/points/prefill/prefill-facebook-opt-1-3b-chunk-128-sm-16.csv
facebook/opt-1.3b,128,gemm,out_proj,16,3,65.5359998345375,114462720,114987008,524288,524288,1024,2026-04-15T13:51:52Z,baseline_nvml_pt,nvidia-smi,ok,0.0,117.0,1695.0,7601.0,69.6,0.114656001329422,111.16015625,111.16015625,2.0,True,,81.69999999999999,60.42000000000001,72.0,estimated,,prefill-facebook-opt-1-3b-chunk-128-sm-16,success,,,/mnt/data/dheeraj/dicertation/inference-profile/runs/revised-rerun-20260415-145100-g2-opt13b-c64-256/raw/points/prefill/prefill-facebook-opt-1-3b-chunk-128-sm-16.csv
facebook/opt-1.3b,128,gemm,fc1,16,3,105.47199845314026,114462720,116559872,2097152,2097152,1024,2026-04-15T13:51:52Z,baseline_nvml_pt,nvidia-smi,ok,0.0,117.0,1695.0,7601.0,69.6,0.114656001329422,111.16015625,111.16015625,2.0,True,,81.69999999999999,60.42000000000001,72.0,estimated,,prefill-facebook-opt-1-3b-chunk-128-sm-16,success,,,/mnt/data/dheeraj/dicertation/inference-profile/runs/revised-rerun-20260415-145100-g2-opt13b-c64-256/raw/points/prefill/prefill-facebook-opt-1-3b-chunk-128-sm-16.csv
facebook/opt-1.3b,128,gemm,fc2,16,3,113.66400122642517,114462720,114987008,524288,524288,1024,2026-04-15T13:51:52Z,baseline_nvml_pt,nvidia-smi,ok,0.0,117.0,1695.0,7601.0,69.6,0.114656001329422,111.16015625,111.16015625,2.0,True,,81.69999999999999,60.42000000000001,72.0,estimated,,prefill-facebook-opt-1-3b-chunk-128-sm-16,success,,,/mnt/data/dheeraj/dicertation/inference-profile/runs/revised-rerun-20260415-145100-g2-opt13b-c64-256/raw/points/prefill/prefill-facebook-opt-1-3b-chunk-128-sm-16.csv
facebook/opt-1.3b,128,attention,attention,16,3,55.296000093221664,114462720,115004416,541696,524288,1024,2026-04-15T13:51:52Z,baseline_nvml_pt,nvidia-smi,ok,0.0,117.0,1695.0,7601.0,69.6,0.114656001329422,111.16015625,111.16015625,2.0,True,,81.69999999999999,60.42000000000001,72.0,estimated,,prefill-facebook-opt-1-3b-chunk-128-sm-16,success,,,/mnt/data/dheeraj/dicertation/inference-profile/runs/revised-rerun-20260415-145100-g2-opt13b-c64-256/raw/points/prefill/prefill-facebook-opt-1-3b-chunk-128-sm-16.csv
facebook/opt-1.3b,128,gemm,q_proj,16,4,65.2799978852272,114462720,114987008,524288,524288,1024,2026-04-15T13:51:52Z,baseline_nvml_pt,nvidia-smi,ok,0.0,117.0,1695.0,7601.0,69.6,0.114656001329422,111.16015625,111.16015625,2.0,True,,81.69999999999999,60.42000000000001,72.0,estimated,,prefill-facebook-opt-1-3b-chunk-128-sm-16,success,,,/mnt/data/dheeraj/dicertation/inference-profile/runs/revised-rerun-20260415-145100-g2-opt13b-c64-256/raw/points/prefill/prefill-facebook-opt-1-3b-chunk-128-sm-16.csv
facebook/opt-1.3b,128,gemm,k_proj,16,4,64.51199948787689,114462720,114987008,524288,524288,1024,2026-04-15T13:51:52Z,baseline_nvml_pt,nvidia-smi,ok,0.0,117.0,1695.0,7601.0,69.6,0.114656001329422,111.16015625,111.16015625,2.0,True,,81.69999999999999,60.42000000000001,72.0,estimated,,prefill-facebook-opt-1-3b-chunk-128-sm-16,success,,,/mnt/data/dheeraj/dicertation/inference-profile/runs/revised-rerun-20260415-145100-g2-opt13b-c64-256/raw/points/prefill/prefill-facebook-opt-1-3b-chunk-128-sm-16.csv
facebook/opt-1.3b,128,gemm,v_proj,16,4,62.463998794555664,114462720,114987008,524288,524288,1024,2026-04-15T13:51:52Z,baseline_nvml_pt,nvidia-smi,ok,0.0,117.0,1695.0,7601.0,69.6,0.114656001329422,111.16015625,111.16015625,2.0,True,,81.69999999999999,60.42000000000001,72.0,estimated,,prefill-facebook-opt-1-3b-chunk-128-sm-16,success,,,/mnt/data/dheeraj/dicertation/inference-profile/runs/revised-rerun-20260415-145100-g2-opt13b-c64-256/raw/points/prefill/prefill-facebook-opt-1-3b-chunk-128-sm-16.csv
facebook/opt-1.3b,128,gemm,out_proj,16,4,61.184000223875046,114462720,114987008,524288,524288,1024,2026-04-15T13:51:52Z,baseline_nvml_pt,nvidia-smi,ok,0.0,117.0,1695.0,7601.0,69.6,0.114656001329422,111.16015625,111.16015625,2.0,True,,81.69999999999999,60.42000000000001,72.0,estimated,,prefill-facebook-opt-1-3b-chunk-128-sm-16,success,,,/mnt/data/dheeraj/dicertation/inference-profile/runs/revised-rerun-20260415-145100-g2-opt13b-c64-256/raw/points/prefill/prefill-facebook-opt-1-3b-chunk-128-sm-16.csv
facebook/opt-1.3b,128,gemm,fc1,16,4,102.39999741315842,114462720,116559872,2097152,2097152,1024,2026-04-15T13:51:52Z,baseline_nvml_pt,nvidia-smi,ok,0.0,117.0,1695.0,7601.0,69.6,0.114656001329422,111.16015625,111.16015625,2.0,True,,81.69999999999999,60.42000000000001,72.0,estimated,,prefill-facebook-opt-1-3b-chunk-128-sm-16,success,,,/mnt/data/dheeraj/dicertation/inference-profile/runs/revised-rerun-20260415-145100-g2-opt13b-c64-256/raw/points/prefill/prefill-facebook-opt-1-3b-chunk-128-sm-16.csv
facebook/opt-1.3b,128,gemm,fc2,16,4,114.56000059843063,114462720,114987008,524288,524288,1024,2026-04-15T13:51:52Z,baseline_nvml_pt,nvidia-smi,ok,0.0,117.0,1695.0,7601.0,69.6,0.114656001329422,111.16015625,111.16015625,2.0,True,,81.69999999999999,60.42000000000001,72.0,estimated,,prefill-facebook-opt-1-3b-chunk-128-sm-16,success,,,/mnt/data/dheeraj/dicertation/inference-profile/runs/revised-rerun-20260415-145100-g2-opt13b-c64-256/raw/points/prefill/prefill-facebook-opt-1-3b-chunk-128-sm-16.csv
facebook/opt-1.3b,128,attention,attention,16,4,56.32000043988228,114462720,115004416,541696,524288,1024,2026-04-15T13:51:52Z,baseline_nvml_pt,nvidia-smi,ok,0.0,117.0,1695.0,7601.0,69.6,0.114656001329422,111.16015625,111.16015625,2.0,True,,81.69999999999999,60.42000000000001,72.0,estimated,,prefill-facebook-opt-1-3b-chunk-128-sm-16,success,,,/mnt/data/dheeraj/dicertation/inference-profile/runs/revised-rerun-20260415-145100-g2-opt13b-c64-256/raw/points/prefill/prefill-facebook-opt-1-3b-chunk-128-sm-16.csv
facebook/opt-1.3b,128,gemm,q_proj,24,0,88.06400001049042,114462720,114987008,524288,524288,1024,2026-04-15T13:52:01Z,baseline_nvml_pt,nvidia-smi,ok,0.0,117.0,1695.0,7601.0,69.29,0.1228799968957901,111.16015625,111.16015625,2.0,True,,88.35,54.59,79.19999999999999,estimated,,prefill-facebook-opt-1-3b-chunk-128-sm-24,success,,,/mnt/data/dheeraj/dicertation/inference-profile/runs/revised-rerun-20260415-145100-g2-opt13b-c64-256/raw/points/prefill/prefill-facebook-opt-1-3b-chunk-128-sm-24.csv
facebook/opt-1.3b,128,gemm,k_proj,24,0,87.0399996638298,114462720,114987008,524288,524288,1024,2026-04-15T13:52:01Z,baseline_nvml_pt,nvidia-smi,ok,0.0,117.0,1695.0,7601.0,69.29,0.1228799968957901,111.16015625,111.16015625,2.0,True,,88.35,54.59,79.19999999999999,estimated,,prefill-facebook-opt-1-3b-chunk-128-sm-24,success,,,/mnt/data/dheeraj/dicertation/inference-profile/runs/revised-rerun-20260415-145100-g2-opt13b-c64-256/raw/points/prefill/prefill-facebook-opt-1-3b-chunk-128-sm-24.csv
facebook/opt-1.3b,128,gemm,v_proj,24,0,69.40799951553345,114462720,114987008,524288,524288,1024,2026-04-15T13:52:01Z,baseline_nvml_pt,nvidia-smi,ok,0.0,117.0,1695.0,7601.0,69.29,0.1228799968957901,111.16015625,111.16015625,2.0,True,,88.35,54.59,79.19999999999999,estimated,,prefill-facebook-opt-1-3b-chunk-128-sm-24,success,,,/mnt/data/dheeraj/dicertation/inference-profile/runs/revised-rerun-20260415-145100-g2-opt13b-c64-256/raw/points/prefill/prefill-facebook-opt-1-3b-chunk-128-sm-24.csv
facebook/opt-1.3b,128,gemm,out_proj,24,0,73.79200309515,114462720,114987008,524288,524288,1024,2026-04-15T13:52:01Z,baseline_nvml_pt,nvidia-smi,ok,0.0,117.0,1695.0,7601.0,69.29,0.1228799968957901,111.16015625,111.16015625,2.0,True,,88.35,54.59,79.19999999999999,estimated,,prefill-facebook-opt-1-3b-chunk-128-sm-24,success,,,/mnt/data/dheeraj/dicertation/inference-profile/runs/revised-rerun-20260415-145100-g2-opt13b-c64-256/raw/points/prefill/prefill-facebook-opt-1-3b-chunk-128-sm-24.csv
facebook/opt-1.3b,128,gemm,fc1,24,0,108.5439994931221,114462720,116559872,2097152,2097152,1024,2026-04-15T13:52:01Z,baseline_nvml_pt,nvidia-smi,ok,0.0,117.0,1695.0,7601.0,69.29,0.1228799968957901,111.16015625,111.16015625,2.0,True,,88.35,54.59,79.19999999999999,estimated,,prefill-facebook-opt-1-3b-chunk-128-sm-24,success,,,/mnt/data/dheeraj/dicertation/inference-profile/runs/revised-rerun-20260415-145100-g2-opt13b-c64-256/raw/points/prefill/prefill-facebook-opt-1-3b-chunk-128-sm-24.csv
facebook/opt-1.3b,128,gemm,fc2,24,0,116.57600104808807,114462720,114987008,524288,524288,1024,2026-04-15T13:52:01Z,baseline_nvml_pt,nvidia-smi,ok,0.0,117.0,1695.0,7601.0,69.29,0.1228799968957901,111.16015625,111.16015625,2.0,True,,88.35,54.59,79.19999999999999,estimated,,prefill-facebook-opt-1-3b-chunk-128-sm-24,success,,,/mnt/data/dheeraj/dicertation/inference-profile/runs/revised-rerun-20260415-145100-g2-opt13b-c64-256/raw/points/prefill/prefill-facebook-opt-1-3b-chunk-128-sm-24.csv
facebook/opt-1.3b,128,attention,attention,24,0,61.3120011985302,114462720,115004416,541696,524288,1024,2026-04-15T13:52:01Z,baseline_nvml_pt,nvidia-smi,ok,0.0,117.0,1695.0,7601.0,69.29,0.1228799968957901,111.16015625,111.16015625,2.0,True,,88.35,54.59,79.19999999999999,estimated,,prefill-facebook-opt-1-3b-chunk-128-sm-24,success,,,/mnt/data/dheeraj/dicertation/inference-profile/runs/revised-rerun-20260415-145100-g2-opt13b-c64-256/raw/points/prefill/prefill-facebook-opt-1-3b-chunk-128-sm-24.csv
facebook/opt-1.3b,128,gemm,q_proj,24,1,69.88800317049026,114462720,114987008,524288,524288,1024,2026-04-15T13:52:01Z,baseline_nvml_pt,nvidia-smi,ok,0.0,117.0,1695.0,7601.0,69.29,0.1228799968957901,111.16015625,111.16015625,2.0,True,,88.35,54.59,79.19999999999999,estimated,,prefill-facebook-opt-1-3b-chunk-128-sm-24,success,,,/mnt/data/dheeraj/dicertation/inference-profile/runs/revised-rerun-20260415-145100-g2-opt13b-c64-256/raw/points/prefill/prefill-facebook-opt-1-3b-chunk-128-sm-24.csv
facebook/opt-1.3b,128,gemm,k_proj,24,1,67.58400052785873,114462720,114987008,524288,524288,1024,2026-04-15T13:52:01Z,baseline_nvml_pt,nvidia-smi,ok,0.0,117.0,1695.0,7601.0,69.29,0.1228799968957901,111.16015625,111.16015625,2.0,True,,88.35,54.59,79.19999999999999,estimated,,prefill-facebook-opt-1-3b-chunk-128-sm-24,success,,,/mnt/data/dheeraj/dicertation/inference-profile/runs/revised-rerun-20260415-145100-g2-opt13b-c64-256/raw/points/prefill/prefill-facebook-opt-1-3b-chunk-128-sm-24.csv
facebook/opt-1.3b,128,gemm,v_proj,24,1,64.38399851322174,114462720,114987008,524288,524288,1024,2026-04-15T13:52:01Z,baseline_nvml_pt,nvidia-smi,ok,0.0,117.0,1695.0,7601.0,69.29,0.1228799968957901,111.16015625,111.16015625,2.0,True,,88.35,54.59,79.19999999999999,estimated,,prefill-facebook-opt-1-3b-chunk-128-sm-24,success,,,/mnt/data/dheeraj/dicertation/inference-profile/runs/revised-rerun-20260415-145100-g2-opt13b-c64-256/raw/points/prefill/prefill-facebook-opt-1-3b-chunk-128-sm-24.csv
facebook/opt-1.3b,128,gemm,out_proj,24,1,67.6800012588501,114462720,114987008,524288,524288,1024,2026-04-15T13:52:01Z,baseline_nvml_pt,nvidia-smi,ok,0.0,117.0,1695.0,7601.0,69.29,0.1228799968957901,111.16015625,111.16015625,2.0,True,,88.35,54.59,79.19999999999999,estimated,,prefill-facebook-opt-1-3b-chunk-128-sm-24,success,,,/mnt/data/dheeraj/dicertation/inference-profile/runs/revised-rerun-20260415-145100-g2-opt13b-c64-256/raw/points/prefill/prefill-facebook-opt-1-3b-chunk-128-sm-24.csv
facebook/opt-1.3b,128,gemm,fc1,24,1,106.49599879980087,114462720,116559872,2097152,2097152,1024,2026-04-15T13:52:01Z,baseline_nvml_pt,nvidia-smi,ok,0.0,117.0,1695.0,7601.0,69.29,0.1228799968957901,111.16015625,111.16015625,2.0,True,,88.35,54.59,79.19999999999999,estimated,,prefill-facebook-opt-1-3b-chunk-128-sm-24,success,,,/mnt/data/dheeraj/dicertation/inference-profile/runs/revised-rerun-20260415-145100-g2-opt13b-c64-256/raw/points/prefill/prefill-facebook-opt-1-3b-chunk-128-sm-24.csv
facebook/opt-1.3b,128,gemm,fc2,24,1,114.68800157308578,114462720,114987008,524288,524288,1024,2026-04-15T13:52:01Z,baseline_nvml_pt,nvidia-smi,ok,0.0,117.0,1695.0,7601.0,69.29,0.1228799968957901,111.16015625,111.16015625,2.0,True,,88.35,54.59,79.19999999999999,estimated,,prefill-facebook-opt-1-3b-chunk-128-sm-24,success,,,/mnt/data/dheeraj/dicertation/inference-profile/runs/revised-rerun-20260415-145100-g2-opt13b-c64-256/raw/points/prefill/prefill-facebook-opt-1-3b-chunk-128-sm-24.csv
facebook/opt-1.3b,128,attention,attention,24,1,57.5999990105629,114462720,115004416,541696,524288,1024,2026-04-15T13:52:01Z,baseline_nvml_pt,nvidia-smi,ok,0.0,117.0,1695.0,7601.0,69.29,0.1228799968957901,111.16015625,111.16015625,2.0,True,,88.35,54.59,79.19999999999999,estimated,,prefill-facebook-opt-1-3b-chunk-128-sm-24,success,,,/mnt/data/dheeraj/dicertation/inference-profile/runs/revised-rerun-20260415-145100-g2-opt13b-c64-256/raw/points/prefill/prefill-facebook-opt-1-3b-chunk-128-sm-24.csv
facebook/opt-1.3b,128,gemm,q_proj,24,2,69.43999975919724,114462720,114987008,524288,524288,1024,2026-04-15T13:52:01Z,baseline_nvml_pt,nvidia-smi,ok,0.0,117.0,1695.0,7601.0,69.29,0.1228799968957901,111.16015625,111.16015625,2.0,True,,88.35,54.59,79.19999999999999,estimated,,prefill-facebook-opt-1-3b-chunk-128-sm-24,success,,,/mnt/data/dheeraj/dicertation/inference-profile/runs/revised-rerun-20260415-145100-g2-opt13b-c64-256/raw/points/prefill/prefill-facebook-opt-1-3b-chunk-128-sm-24.csv
facebook/opt-1.3b,128,gemm,k_proj,24,2,72.7040022611618,114462720,114987008,524288,524288,1024,2026-04-15T13:52:01Z,baseline_nvml_pt,nvidia-smi,ok,0.0,117.0,1695.0,7601.0,69.29,0.1228799968957901,111.16015625,111.16015625,2.0,True,,88.35,54.59,79.19999999999999,estimated,,prefill-facebook-opt-1-3b-chunk-128-sm-24,success,,,/mnt/data/dheeraj/dicertation/inference-profile/runs/revised-rerun-20260415-145100-g2-opt13b-c64-256/raw/points/prefill/prefill-facebook-opt-1-3b-chunk-128-sm-24.csv
facebook/opt-1.3b,128,gemm,v_proj,24,2,63.77600133419037,114462720,114987008,524288,524288,1024,2026-04-15T13:52:01Z,baseline_nvml_pt,nvidia-smi,ok,0.0,117.0,1695.0,7601.0,69.29,0.1228799968957901,111.16015625,111.16015625,2.0,True,,88.35,54.59,79.19999999999999,estimated,,prefill-facebook-opt-1-3b-chunk-128-sm-24,success,,,/mnt/data/dheeraj/dicertation/inference-profile/runs/revised-rerun-20260415-145100-g2-opt13b-c64-256/raw/points/prefill/prefill-facebook-opt-1-3b-chunk-128-sm-24.csv
facebook/opt-1.3b,128,gemm,out_proj,24,2,64.51199948787689,114462720,114987008,524288,524288,1024,2026-04-15T13:52:01Z,baseline_nvml_pt,nvidia-smi,ok,0.0,117.0,1695.0,7601.0,69.29,0.1228799968957901,111.16015625,111.16015625,2.0,True,,88.35,54.59,79.19999999999999,estimated,,prefill-facebook-opt-1-3b-chunk-128-sm-24,success,,,/mnt/data/dheeraj/dicertation/inference-profile/runs/revised-rerun-20260415-145100-g2-opt13b-c64-256/raw/points/prefill/prefill-facebook-opt-1-3b-chunk-128-sm-24.csv
facebook/opt-1.3b,128,gemm,fc1,24,2,110.59200018644333,114462720,116559872,2097152,2097152,1024,2026-04-15T13:52:01Z,baseline_nvml_pt,nvidia-smi,ok,0.0,117.0,1695.0,7601.0,69.29,0.1228799968957901,111.16015625,111.16015625,2.0,True,,88.35,54.59,79.19999999999999,estimated,,prefill-facebook-opt-1-3b-chunk-128-sm-24,success,,,/mnt/data/dheeraj/dicertation/inference-profile/runs/revised-rerun-20260415-145100-g2-opt13b-c64-256/raw/points/prefill/prefill-facebook-opt-1-3b-chunk-128-sm-24.csv
facebook/opt-1.3b,128,gemm,fc2,24,2,122.8799968957901,114462720,114987008,524288,524288,1024,2026-04-15T13:52:01Z,baseline_nvml_pt,nvidia-smi,ok,0.0,117.0,1695.0,7601.0,69.29,0.1228799968957901,111.16015625,111.16015625,2.0,True,,88.35,54.59,79.19999999999999,estimated,,prefill-facebook-opt-1-3b-chunk-128-sm-24,success,,,/mnt/data/dheeraj/dicertation/inference-profile/runs/revised-rerun-20260415-145100-g2-opt13b-c64-256/raw/points/prefill/prefill-facebook-opt-1-3b-chunk-128-sm-24.csv
facebook/opt-1.3b,128,attention,attention,24,2,58.36800113320351,114462720,115004416,541696,524288,1024,2026-04-15T13:52:01Z,baseline_nvml_pt,nvidia-smi,ok,0.0,117.0,1695.0,7601.0,69.29,0.1228799968957901,111.16015625,111.16015625,2.0,True,,88.35,54.59,79.19999999999999,estimated,,prefill-facebook-opt-1-3b-chunk-128-sm-24,success,,,/mnt/data/dheeraj/dicertation/inference-profile/runs/revised-rerun-20260415-145100-g2-opt13b-c64-256/raw/points/prefill/prefill-facebook-opt-1-3b-chunk-128-sm-24.csv
facebook/opt-1.3b,128,gemm,q_proj,24,3,68.4799998998642,114462720,114987008,524288,524288,1024,2026-04-15T13:52:01Z,baseline_nvml_pt,nvidia-smi,ok,0.0,117.0,1695.0,7601.0,69.29,0.1228799968957901,111.16015625,111.16015625,2.0,True,,88.35,54.59,79.19999999999999,estimated,,prefill-facebook-opt-1-3b-chunk-128-sm-24,success,,,/mnt/data/dheeraj/dicertation/inference-profile/runs/revised-rerun-20260415-145100-g2-opt13b-c64-256/raw/points/prefill/prefill-facebook-opt-1-3b-chunk-128-sm-24.csv
facebook/opt-1.3b,128,gemm,k_proj,24,3,69.63200122117996,114462720,114987008,524288,524288,1024,2026-04-15T13:52:01Z,baseline_nvml_pt,nvidia-smi,ok,0.0,117.0,1695.0,7601.0,69.29,0.1228799968957901,111.16015625,111.16015625,2.0,True,,88.35,54.59,79.19999999999999,estimated,,prefill-facebook-opt-1-3b-chunk-128-sm-24,success,,,/mnt/data/dheeraj/dicertation/inference-profile/runs/revised-rerun-20260415-145100-g2-opt13b-c64-256/raw/points/prefill/prefill-facebook-opt-1-3b-chunk-128-sm-24.csv
facebook/opt-1.3b,128,gemm,v_proj,24,3,64.7680014371872,114462720,114987008,524288,524288,1024,2026-04-15T13:52:01Z,baseline_nvml_pt,nvidia-smi,ok,0.0,117.0,1695.0,7601.0,69.29,0.1228799968957901,111.16015625,111.16015625,2.0,True,,88.35,54.59,79.19999999999999,estimated,,prefill-facebook-opt-1-3b-chunk-128-sm-24,success,,,/mnt/data/dheeraj/dicertation/inference-profile/runs/revised-rerun-20260415-145100-g2-opt13b-c64-256/raw/points/prefill/prefill-facebook-opt-1-3b-chunk-128-sm-24.csv
facebook/opt-1.3b,128,gemm,out_proj,24,3,63.48799914121628,114462720,114987008,524288,524288,1024,2026-04-15T13:52:01Z,baseline_nvml_pt,nvidia-smi,ok,0.0,117.0,1695.0,7601.0,69.29,0.1228799968957901,111.16015625,111.16015625,2.0,True,,88.35,54.59,79.19999999999999,estimated,,prefill-facebook-opt-1-3b-chunk-128-sm-24,success,,,/mnt/data/dheeraj/dicertation/inference-profile/runs/revised-rerun-20260415-145100-g2-opt13b-c64-256/raw/points/prefill/prefill-facebook-opt-1-3b-chunk-128-sm-24.csv
facebook/opt-1.3b,128,gemm,fc1,24,3,106.49599879980087,114462720,116559872,2097152,2097152,1024,2026-04-15T13:52:01Z,baseline_nvml_pt,nvidia-smi,ok,0.0,117.0,1695.0,7601.0,69.29,0.1228799968957901,111.16015625,111.16015625,2.0,True,,88.35,54.59,79.19999999999999,estimated,,prefill-facebook-opt-1-3b-chunk-128-sm-24,success,,,/mnt/data/dheeraj/dicertation/inference-profile/runs/revised-rerun-20260415-145100-g2-opt13b-c64-256/raw/points/prefill/prefill-facebook-opt-1-3b-chunk-128-sm-24.csv
facebook/opt-1.3b,128,gemm,fc2,24,3,112.64000087976456,114462720,114987008,524288,524288,1024,2026-04-15T13:52:01Z,baseline_nvml_pt,nvidia-smi,ok,0.0,117.0,1695.0,7601.0,69.29,0.1228799968957901,111.16015625,111.16015625,2.0,True,,88.35,54.59,79.19999999999999,estimated,,prefill-facebook-opt-1-3b-chunk-128-sm-24,success,,,/mnt/data/dheeraj/dicertation/inference-profile/runs/revised-rerun-20260415-145100-g2-opt13b-c64-256/raw/points/prefill/prefill-facebook-opt-1-3b-chunk-128-sm-24.csv
facebook/opt-1.3b,128,attention,attention,24,3,55.296000093221664,114462720,115004416,541696,524288,1024,2026-04-15T13:52:01Z,baseline_nvml_pt,nvidia-smi,ok,0.0,117.0,1695.0,7601.0,69.29,0.1228799968957901,111.16015625,111.16015625,2.0,True,,88.35,54.59,79.19999999999999,estimated,,prefill-facebook-opt-1-3b-chunk-128-sm-24,success,,,/mnt/data/dheeraj/dicertation/inference-profile/runs/revised-rerun-20260415-145100-g2-opt13b-c64-256/raw/points/prefill/prefill-facebook-opt-1-3b-chunk-128-sm-24.csv
facebook/opt-1.3b,128,gemm,q_proj,24,4,66.43199920654297,114462720,114987008,524288,524288,1024,2026-04-15T13:52:01Z,baseline_nvml_pt,nvidia-smi,ok,0.0,117.0,1695.0,7601.0,69.29,0.1228799968957901,111.16015625,111.16015625,2.0,True,,88.35,54.59,79.19999999999999,estimated,,prefill-facebook-opt-1-3b-chunk-128-sm-24,success,,,/mnt/data/dheeraj/dicertation/inference-profile/runs/revised-rerun-20260415-145100-g2-opt13b-c64-256/raw/points/prefill/prefill-facebook-opt-1-3b-chunk-128-sm-24.csv
facebook/opt-1.3b,128,gemm,k_proj,24,4,67.58400052785873,114462720,114987008,524288,524288,1024,2026-04-15T13:52:01Z,baseline_nvml_pt,nvidia-smi,ok,0.0,117.0,1695.0,7601.0,69.29,0.1228799968957901,111.16015625,111.16015625,2.0,True,,88.35,54.59,79.19999999999999,estimated,,prefill-facebook-opt-1-3b-chunk-128-sm-24,success,,,/mnt/data/dheeraj/dicertation/inference-profile/runs/revised-rerun-20260415-145100-g2-opt13b-c64-256/raw/points/prefill/prefill-facebook-opt-1-3b-chunk-128-sm-24.csv
facebook/opt-1.3b,128,gemm,v_proj,24,4,64.51199948787689,114462720,114987008,524288,524288,1024,2026-04-15T13:52:01Z,baseline_nvml_pt,nvidia-smi,ok,0.0,117.0,1695.0,7601.0,69.29,0.1228799968957901,111.16015625,111.16015625,2.0,True,,88.35,54.59,79.19999999999999,estimated,,prefill-facebook-opt-1-3b-chunk-128-sm-24,success,,,/mnt/data/dheeraj/dicertation/inference-profile/runs/revised-rerun-20260415-145100-g2-opt13b-c64-256/raw/points/prefill/prefill-facebook-opt-1-3b-chunk-128-sm-24.csv
facebook/opt-1.3b,128,gemm,out_proj,24,4,61.43999844789505,114462720,114987008,524288,524288,1024,2026-04-15T13:52:01Z,baseline_nvml_pt,nvidia-smi,ok,0.0,117.0,1695.0,7601.0,69.29,0.1228799968957901,111.16015625,111.16015625,2.0,True,,88.35,54.59,79.19999999999999,estimated,,prefill-facebook-opt-1-3b-chunk-128-sm-24,success,,,/mnt/data/dheeraj/dicertation/inference-profile/runs/revised-rerun-20260415-145100-g2-opt13b-c64-256/raw/points/prefill/prefill-facebook-opt-1-3b-chunk-128-sm-24.csv
facebook/opt-1.3b,128,gemm,fc1,24,4,104.44799810647964,114462720,116559872,2097152,2097152,1024,2026-04-15T13:52:01Z,baseline_nvml_pt,nvidia-smi,ok,0.0,117.0,1695.0,7601.0,69.29,0.1228799968957901,111.16015625,111.16015625,2.0,True,,88.35,54.59,79.19999999999999,estimated,,prefill-facebook-opt-1-3b-chunk-128-sm-24,success,,,/mnt/data/dheeraj/dicertation/inference-profile/runs/revised-rerun-20260415-145100-g2-opt13b-c64-256/raw/points/prefill/prefill-facebook-opt-1-3b-chunk-128-sm-24.csv
facebook/opt-1.3b,128,gemm,fc2,24,4,113.66400122642517,114462720,114987008,524288,524288,1024,2026-04-15T13:52:01Z,baseline_nvml_pt,nvidia-smi,ok,0.0,117.0,1695.0,7601.0,69.29,0.1228799968957901,111.16015625,111.16015625,2.0,True,,88.35,54.59,79.19999999999999,estimated,,prefill-facebook-opt-1-3b-chunk-128-sm-24,success,,,/mnt/data/dheeraj/dicertation/inference-profile/runs/revised-rerun-20260415-145100-g2-opt13b-c64-256/raw/points/prefill/prefill-facebook-opt-1-3b-chunk-128-sm-24.csv
facebook/opt-1.3b,128,attention,attention,24,4,56.15999922156334,114462720,115004416,541696,524288,1024,2026-04-15T13:52:01Z,baseline_nvml_pt,nvidia-smi,ok,0.0,117.0,1695.0,7601.0,69.29,0.1228799968957901,111.16015625,111.16015625,2.0,True,,88.35,54.59,79.19999999999999,estimated,,prefill-facebook-opt-1-3b-chunk-128-sm-24,success,,,/mnt/data/dheeraj/dicertation/inference-profile/runs/revised-rerun-20260415-145100-g2-opt13b-c64-256/raw/points/prefill/prefill-facebook-opt-1-3b-chunk-128-sm-24.csv
facebook/opt-1.3b,128,gemm,q_proj,32,0,136.9280070066452,114462720,114987008,524288,524288,1024,2026-04-15T13:52:08Z,baseline_nvml_pt,nvidia-smi,ok,0.0,117.0,1695.0,7601.0,69.13,0.1369280070066452,111.16015625,111.16015625,2.0,True,,95.0,48.760000000000005,86.39999999999999,estimated,,prefill-facebook-opt-1-3b-chunk-128-sm-32,success,,,/mnt/data/dheeraj/dicertation/inference-profile/runs/revised-rerun-20260415-145100-g2-opt13b-c64-256/raw/points/prefill/prefill-facebook-opt-1-3b-chunk-128-sm-32.csv
facebook/opt-1.3b,128,gemm,k_proj,32,0,96.25600278377533,114462720,114987008,524288,524288,1024,2026-04-15T13:52:08Z,baseline_nvml_pt,nvidia-smi,ok,0.0,117.0,1695.0,7601.0,69.13,0.1369280070066452,111.16015625,111.16015625,2.0,True,,95.0,48.760000000000005,86.39999999999999,estimated,,prefill-facebook-opt-1-3b-chunk-128-sm-32,success,,,/mnt/data/dheeraj/dicertation/inference-profile/runs/revised-rerun-20260415-145100-g2-opt13b-c64-256/raw/points/prefill/prefill-facebook-opt-1-3b-chunk-128-sm-32.csv
facebook/opt-1.3b,128,gemm,v_proj,32,0,75.48800110816956,114462720,114987008,524288,524288,1024,2026-04-15T13:52:08Z,baseline_nvml_pt,nvidia-smi,ok,0.0,117.0,1695.0,7601.0,69.13,0.1369280070066452,111.16015625,111.16015625,2.0,True,,95.0,48.760000000000005,86.39999999999999,estimated,,prefill-facebook-opt-1-3b-chunk-128-sm-32,success,,,/mnt/data/dheeraj/dicertation/inference-profile/runs/revised-rerun-20260415-145100-g2-opt13b-c64-256/raw/points/prefill/prefill-facebook-opt-1-3b-chunk-128-sm-32.csv
facebook/opt-1.3b,128,gemm,out_proj,32,0,87.07199990749359,114462720,114987008,524288,524288,1024,2026-04-15T13:52:08Z,baseline_nvml_pt,nvidia-smi,ok,0.0,117.0,1695.0,7601.0,69.13,0.1369280070066452,111.16015625,111.16015625,2.0,True,,95.0,48.760000000000005,86.39999999999999,estimated,,prefill-facebook-opt-1-3b-chunk-128-sm-32,success,,,/mnt/data/dheeraj/dicertation/inference-profile/runs/revised-rerun-20260415-145100-g2-opt13b-c64-256/raw/points/prefill/prefill-facebook-opt-1-3b-chunk-128-sm-32.csv
facebook/opt-1.3b,128,gemm,fc1,32,0,121.85599654912949,114462720,116559872,2097152,2097152,1024,2026-04-15T13:52:08Z,baseline_nvml_pt,nvidia-smi,ok,0.0,117.0,1695.0,7601.0,69.13,0.1369280070066452,111.16015625,111.16015625,2.0,True,,95.0,48.760000000000005,86.39999999999999,estimated,,prefill-facebook-opt-1-3b-chunk-128-sm-32,success,,,/mnt/data/dheeraj/dicertation/inference-profile/runs/revised-rerun-20260415-145100-g2-opt13b-c64-256/raw/points/prefill/prefill-facebook-opt-1-3b-chunk-128-sm-32.csv
facebook/opt-1.3b,128,gemm,fc2,32,0,118.78400295972824,114462720,114987008,524288,524288,1024,2026-04-15T13:52:08Z,baseline_nvml_pt,nvidia-smi,ok,0.0,117.0,1695.0,7601.0,69.13,0.1369280070066452,111.16015625,111.16015625,2.0,True,,95.0,48.760000000000005,86.39999999999999,estimated,,prefill-facebook-opt-1-3b-chunk-128-sm-32,success,,,/mnt/data/dheeraj/dicertation/inference-profile/runs/revised-rerun-20260415-145100-g2-opt13b-c64-256/raw/points/prefill/prefill-facebook-opt-1-3b-chunk-128-sm-32.csv
facebook/opt-1.3b,128,attention,attention,32,0,60.28800085186958,114462720,115004416,541696,524288,1024,2026-04-15T13:52:08Z,baseline_nvml_pt,nvidia-smi,ok,0.0,117.0,1695.0,7601.0,69.13,0.1369280070066452,111.16015625,111.16015625,2.0,True,,95.0,48.760000000000005,86.39999999999999,estimated,,prefill-facebook-opt-1-3b-chunk-128-sm-32,success,,,/mnt/data/dheeraj/dicertation/inference-profile/runs/revised-rerun-20260415-145100-g2-opt13b-c64-256/raw/points/prefill/prefill-facebook-opt-1-3b-chunk-128-sm-32.csv
facebook/opt-1.3b,128,gemm,q_proj,32,1,69.72800195217133,114462720,114987008,524288,524288,1024,2026-04-15T13:52:08Z,baseline_nvml_pt,nvidia-smi,ok,0.0,117.0,1695.0,7601.0,69.13,0.1369280070066452,111.16015625,111.16015625,2.0,True,,95.0,48.760000000000005,86.39999999999999,estimated,,prefill-facebook-opt-1-3b-chunk-128-sm-32,success,,,/mnt/data/dheeraj/dicertation/inference-profile/runs/revised-rerun-20260415-145100-g2-opt13b-c64-256/raw/points/prefill/prefill-facebook-opt-1-3b-chunk-128-sm-32.csv
facebook/opt-1.3b,128,gemm,k_proj,32,1,65.5359998345375,114462720,114987008,524288,524288,1024,2026-04-15T13:52:08Z,baseline_nvml_pt,nvidia-smi,ok,0.0,117.0,1695.0,7601.0,69.13,0.1369280070066452,111.16015625,111.16015625,2.0,True,,95.0,48.760000000000005,86.39999999999999,estimated,,prefill-facebook-opt-1-3b-chunk-128-sm-32,success,,,/mnt/data/dheeraj/dicertation/inference-profile/runs/revised-rerun-20260415-145100-g2-opt13b-c64-256/raw/points/prefill/prefill-facebook-opt-1-3b-chunk-128-sm-32.csv
facebook/opt-1.3b,128,gemm,v_proj,32,1,63.48799914121628,114462720,114987008,524288,524288,1024,2026-04-15T13:52:08Z,baseline_nvml_pt,nvidia-smi,ok,0.0,117.0,1695.0,7601.0,69.13,0.1369280070066452,111.16015625,111.16015625,2.0,True,,95.0,48.760000000000005,86.39999999999999,estimated,,prefill-facebook-opt-1-3b-chunk-128-sm-32,success,,,/mnt/data/dheeraj/dicertation/inference-profile/runs/revised-rerun-20260415-145100-g2-opt13b-c64-256/raw/points/prefill/prefill-facebook-opt-1-3b-chunk-128-sm-32.csv
facebook/opt-1.3b,128,gemm,out_proj,32,1,69.50400024652481,114462720,114987008,524288,524288,1024,2026-04-15T13:52:08Z,baseline_nvml_pt,nvidia-smi,ok,0.0,117.0,1695.0,7601.0,69.13,0.1369280070066452,111.16015625,111.16015625,2.0,True,,95.0,48.760000000000005,86.39999999999999,estimated,,prefill-facebook-opt-1-3b-chunk-128-sm-32,success,,,/mnt/data/dheeraj/dicertation/inference-profile/runs/revised-rerun-20260415-145100-g2-opt13b-c64-256/raw/points/prefill/prefill-facebook-opt-1-3b-chunk-128-sm-32.csv
facebook/opt-1.3b,128,gemm,fc1,32,1,110.59200018644333,114462720,116559872,2097152,2097152,1024,2026-04-15T13:52:08Z,baseline_nvml_pt,nvidia-smi,ok,0.0,117.0,1695.0,7601.0,69.13,0.1369280070066452,111.16015625,111.16015625,2.0,True,,95.0,48.760000000000005,86.39999999999999,estimated,,prefill-facebook-opt-1-3b-chunk-128-sm-32,success,,,/mnt/data/dheeraj/dicertation/inference-profile/runs/revised-rerun-20260415-145100-g2-opt13b-c64-256/raw/points/prefill/prefill-facebook-opt-1-3b-chunk-128-sm-32.csv
facebook/opt-1.3b,128,gemm,fc2,32,1,116.57600104808807,114462720,114987008,524288,524288,1024,2026-04-15T13:52:08Z,baseline_nvml_pt,nvidia-smi,ok,0.0,117.0,1695.0,7601.0,69.13,0.1369280070066452,111.16015625,111.16015625,2.0,True,,95.0,48.760000000000005,86.39999999999999,estimated,,prefill-facebook-opt-1-3b-chunk-128-sm-32,success,,,/mnt/data/dheeraj/dicertation/inference-profile/runs/revised-rerun-20260415-145100-g2-opt13b-c64-256/raw/points/prefill/prefill-facebook-opt-1-3b-chunk-128-sm-32.csv
facebook/opt-1.3b,128,attention,attention,32,1,58.36800113320351,114462720,115004416,541696,524288,1024,2026-04-15T13:52:08Z,baseline_nvml_pt,nvidia-smi,ok,0.0,117.0,1695.0,7601.0,69.13,0.1369280070066452,111.16015625,111.16015625,2.0,True,,95.0,48.760000000000005,86.39999999999999,estimated,,prefill-facebook-opt-1-3b-chunk-128-sm-32,success,,,/mnt/data/dheeraj/dicertation/inference-profile/runs/revised-rerun-20260415-145100-g2-opt13b-c64-256/raw/points/prefill/prefill-facebook-opt-1-3b-chunk-128-sm-32.csv
facebook/opt-1.3b,128,gemm,q_proj,32,2,69.63200122117996,114462720,114987008,524288,524288,1024,2026-04-15T13:52:08Z,baseline_nvml_pt,nvidia-smi,ok,0.0,117.0,1695.0,7601.0,69.13,0.1369280070066452,111.16015625,111.16015625,2.0,True,,95.0,48.760000000000005,86.39999999999999,estimated,,prefill-facebook-opt-1-3b-chunk-128-sm-32,success,,,/mnt/data/dheeraj/dicertation/inference-profile/runs/revised-rerun-20260415-145100-g2-opt13b-c64-256/raw/points/prefill/prefill-facebook-opt-1-3b-chunk-128-sm-32.csv
facebook/opt-1.3b,128,gemm,k_proj,32,2,82.94399827718735,114462720,114987008,524288,524288,1024,2026-04-15T13:52:08Z,baseline_nvml_pt,nvidia-smi,ok,0.0,117.0,1695.0,7601.0,69.13,0.1369280070066452,111.16015625,111.16015625,2.0,True,,95.0,48.760000000000005,86.39999999999999,estimated,,prefill-facebook-opt-1-3b-chunk-128-sm-32,success,,,/mnt/data/dheeraj/dicertation/inference-profile/runs/revised-rerun-20260415-145100-g2-opt13b-c64-256/raw/points/prefill/prefill-facebook-opt-1-3b-chunk-128-sm-32.csv
facebook/opt-1.3b,128,gemm,v_proj,32,2,67.58400052785873,114462720,114987008,524288,524288,1024,2026-04-15T13:52:08Z,baseline_nvml_pt,nvidia-smi,ok,0.0,117.0,1695.0,7601.0,69.13,0.1369280070066452,111.16015625,111.16015625,2.0,True,,95.0,48.760000000000005,86.39999999999999,estimated,,prefill-facebook-opt-1-3b-chunk-128-sm-32,success,,,/mnt/data/dheeraj/dicertation/inference-profile/runs/revised-rerun-20260415-145100-g2-opt13b-c64-256/raw/points/prefill/prefill-facebook-opt-1-3b-chunk-128-sm-32.csv
facebook/opt-1.3b,128,gemm,out_proj,32,2,64.51199948787689,114462720,114987008,524288,524288,1024,2026-04-15T13:52:08Z,baseline_nvml_pt,nvidia-smi,ok,0.0,117.0,1695.0,7601.0,69.13,0.1369280070066452,111.16015625,111.16015625,2.0,True,,95.0,48.760000000000005,86.39999999999999,estimated,,prefill-facebook-opt-1-3b-chunk-128-sm-32,success,,,/mnt/data/dheeraj/dicertation/inference-profile/runs/revised-rerun-20260415-145100-g2-opt13b-c64-256/raw/points/prefill/prefill-facebook-opt-1-3b-chunk-128-sm-32.csv
facebook/opt-1.3b,128,gemm,fc1,32,2,111.61600053310394,114462720,116559872,2097152,2097152,1024,2026-04-15T13:52:08Z,baseline_nvml_pt,nvidia-smi,ok,0.0,117.0,1695.0,7601.0,69.13,0.1369280070066452,111.16015625,111.16015625,2.0,True,,95.0,48.760000000000005,86.39999999999999,estimated,,prefill-facebook-opt-1-3b-chunk-128-sm-32,success,,,/mnt/data/dheeraj/dicertation/inference-profile/runs/revised-rerun-20260415-145100-g2-opt13b-c64-256/raw/points/prefill/prefill-facebook-opt-1-3b-chunk-128-sm-32.csv
facebook/opt-1.3b,128,gemm,fc2,32,2,116.60800129175186,114462720,114987008,524288,524288,1024,2026-04-15T13:52:08Z,baseline_nvml_pt,nvidia-smi,ok,0.0,117.0,1695.0,7601.0,69.13,0.1369280070066452,111.16015625,111.16015625,2.0,True,,95.0,48.760000000000005,86.39999999999999,estimated,,prefill-facebook-opt-1-3b-chunk-128-sm-32,success,,,/mnt/data/dheeraj/dicertation/inference-profile/runs/revised-rerun-20260415-145100-g2-opt13b-c64-256/raw/points/prefill/prefill-facebook-opt-1-3b-chunk-128-sm-32.csv
facebook/opt-1.3b,128,attention,attention,32,2,63.48799914121628,114462720,115004416,541696,524288,1024,2026-04-15T13:52:08Z,baseline_nvml_pt,nvidia-smi,ok,0.0,117.0,1695.0,7601.0,69.13,0.1369280070066452,111.16015625,111.16015625,2.0,True,,95.0,48.760000000000005,86.39999999999999,estimated,,prefill-facebook-opt-1-3b-chunk-128-sm-32,success,,,/mnt/data/dheeraj/dicertation/inference-profile/runs/revised-rerun-20260415-145100-g2-opt13b-c64-256/raw/points/prefill/prefill-facebook-opt-1-3b-chunk-128-sm-32.csv
facebook/opt-1.3b,128,gemm,q_proj,32,3,65.5359998345375,114462720,114987008,524288,524288,1024,2026-04-15T13:52:08Z,baseline_nvml_pt,nvidia-smi,ok,0.0,117.0,1695.0,7601.0,69.13,0.1369280070066452,111.16015625,111.16015625,2.0,True,,95.0,48.760000000000005,86.39999999999999,estimated,,prefill-facebook-opt-1-3b-chunk-128-sm-32,success,,,/mnt/data/dheeraj/dicertation/inference-profile/runs/revised-rerun-20260415-145100-g2-opt13b-c64-256/raw/points/prefill/prefill-facebook-opt-1-3b-chunk-128-sm-32.csv
facebook/opt-1.3b,128,gemm,k_proj,32,3,68.41599941253662,114462720,114987008,524288,524288,1024,2026-04-15T13:52:08Z,baseline_nvml_pt,nvidia-smi,ok,0.0,117.0,1695.0,7601.0,69.13,0.1369280070066452,111.16015625,111.16015625,2.0,True,,95.0,48.760000000000005,86.39999999999999,estimated,,prefill-facebook-opt-1-3b-chunk-128-sm-32,success,,,/mnt/data/dheeraj/dicertation/inference-profile/runs/revised-rerun-20260415-145100-g2-opt13b-c64-256/raw/points/prefill/prefill-facebook-opt-1-3b-chunk-128-sm-32.csv
facebook/opt-1.3b,128,gemm,v_proj,32,3,65.5359998345375,114462720,114987008,524288,524288,1024,2026-04-15T13:52:08Z,baseline_nvml_pt,nvidia-smi,ok,0.0,117.0,1695.0,7601.0,69.13,0.1369280070066452,111.16015625,111.16015625,2.0,True,,95.0,48.760000000000005,86.39999999999999,estimated,,prefill-facebook-opt-1-3b-chunk-128-sm-32,success,,,/mnt/data/dheeraj/dicertation/inference-profile/runs/revised-rerun-20260415-145100-g2-opt13b-c64-256/raw/points/prefill/prefill-facebook-opt-1-3b-chunk-128-sm-32.csv
facebook/opt-1.3b,128,gemm,out_proj,32,3,62.463998794555664,114462720,114987008,524288,524288,1024,2026-04-15T13:52:08Z,baseline_nvml_pt,nvidia-smi,ok,0.0,117.0,1695.0,7601.0,69.13,0.1369280070066452,111.16015625,111.16015625,2.0,True,,95.0,48.760000000000005,86.39999999999999,estimated,,prefill-facebook-opt-1-3b-chunk-128-sm-32,success,,,/mnt/data/dheeraj/dicertation/inference-profile/runs/revised-rerun-20260415-145100-g2-opt13b-c64-256/raw/points/prefill/prefill-facebook-opt-1-3b-chunk-128-sm-32.csv
facebook/opt-1.3b,128,gemm,fc1,32,3,119.80800330638885,114462720,116559872,2097152,2097152,1024,2026-04-15T13:52:08Z,baseline_nvml_pt,nvidia-smi,ok,0.0,117.0,1695.0,7601.0,69.13,0.1369280070066452,111.16015625,111.16015625,2.0,True,,95.0,48.760000000000005,86.39999999999999,estimated,,prefill-facebook-opt-1-3b-chunk-128-sm-32,success,,,/mnt/data/dheeraj/dicertation/inference-profile/runs/revised-rerun-20260415-145100-g2-opt13b-c64-256/raw/points/prefill/prefill-facebook-opt-1-3b-chunk-128-sm-32.csv
facebook/opt-1.3b,128,gemm,fc2,32,3,122.8799968957901,114462720,114987008,524288,524288,1024,2026-04-15T13:52:08Z,baseline_nvml_pt,nvidia-smi,ok,0.0,117.0,1695.0,7601.0,69.13,0.1369280070066452,111.16015625,111.16015625,2.0,True,,95.0,48.760000000000005,86.39999999999999,estimated,,prefill-facebook-opt-1-3b-chunk-128-sm-32,success,,,/mnt/data/dheeraj/dicertation/inference-profile/runs/revised-rerun-20260415-145100-g2-opt13b-c64-256/raw/points/prefill/prefill-facebook-opt-1-3b-chunk-128-sm-32.csv
facebook/opt-1.3b,128,attention,attention,32,3,65.5359998345375,114462720,115004416,541696,524288,1024,2026-04-15T13:52:08Z,baseline_nvml_pt,nvidia-smi,ok,0.0,117.0,1695.0,7601.0,69.13,0.1369280070066452,111.16015625,111.16015625,2.0,True,,95.0,48.760000000000005,86.39999999999999,estimated,,prefill-facebook-opt-1-3b-chunk-128-sm-32,success,,,/mnt/data/dheeraj/dicertation/inference-profile/runs/revised-rerun-20260415-145100-g2-opt13b-c64-256/raw/points/prefill/prefill-facebook-opt-1-3b-chunk-128-sm-32.csv
facebook/opt-1.3b,128,gemm,q_proj,32,4,68.51200014352798,114462720,114987008,524288,524288,1024,2026-04-15T13:52:08Z,baseline_nvml_pt,nvidia-smi,ok,0.0,117.0,1695.0,7601.0,69.13,0.1369280070066452,111.16015625,111.16015625,2.0,True,,95.0,48.760000000000005,86.39999999999999,estimated,,prefill-facebook-opt-1-3b-chunk-128-sm-32,success,,,/mnt/data/dheeraj/dicertation/inference-profile/runs/revised-rerun-20260415-145100-g2-opt13b-c64-256/raw/points/prefill/prefill-facebook-opt-1-3b-chunk-128-sm-32.csv
facebook/opt-1.3b,128,gemm,k_proj,32,4,64.51199948787689,114462720,114987008,524288,524288,1024,2026-04-15T13:52:08Z,baseline_nvml_pt,nvidia-smi,ok,0.0,117.0,1695.0,7601.0,69.13,0.1369280070066452,111.16015625,111.16015625,2.0,True,,95.0,48.760000000000005,86.39999999999999,estimated,,prefill-facebook-opt-1-3b-chunk-128-sm-32,success,,,/mnt/data/dheeraj/dicertation/inference-profile/runs/revised-rerun-20260415-145100-g2-opt13b-c64-256/raw/points/prefill/prefill-facebook-opt-1-3b-chunk-128-sm-32.csv
facebook/opt-1.3b,128,gemm,v_proj,32,4,64.4799992442131,114462720,114987008,524288,524288,1024,2026-04-15T13:52:08Z,baseline_nvml_pt,nvidia-smi,ok,0.0,117.0,1695.0,7601.0,69.13,0.1369280070066452,111.16015625,111.16015625,2.0,True,,95.0,48.760000000000005,86.39999999999999,estimated,,prefill-facebook-opt-1-3b-chunk-128-sm-32,success,,,/mnt/data/dheeraj/dicertation/inference-profile/runs/revised-rerun-20260415-145100-g2-opt13b-c64-256/raw/points/prefill/prefill-facebook-opt-1-3b-chunk-128-sm-32.csv
facebook/opt-1.3b,128,gemm,out_proj,32,4,61.43999844789505,114462720,114987008,524288,524288,1024,2026-04-15T13:52:08Z,baseline_nvml_pt,nvidia-smi,ok,0.0,117.0,1695.0,7601.0,69.13,0.1369280070066452,111.16015625,111.16015625,2.0,True,,95.0,48.760000000000005,86.39999999999999,estimated,,prefill-facebook-opt-1-3b-chunk-128-sm-32,success,,,/mnt/data/dheeraj/dicertation/inference-profile/runs/revised-rerun-20260415-145100-g2-opt13b-c64-256/raw/points/prefill/prefill-facebook-opt-1-3b-chunk-128-sm-32.csv
facebook/opt-1.3b,128,gemm,fc1,32,4,106.49599879980087,114462720,116559872,2097152,2097152,1024,2026-04-15T13:52:08Z,baseline_nvml_pt,nvidia-smi,ok,0.0,117.0,1695.0,7601.0,69.13,0.1369280070066452,111.16015625,111.16015625,2.0,True,,95.0,48.760000000000005,86.39999999999999,estimated,,prefill-facebook-opt-1-3b-chunk-128-sm-32,success,,,/mnt/data/dheeraj/dicertation/inference-profile/runs/revised-rerun-20260415-145100-g2-opt13b-c64-256/raw/points/prefill/prefill-facebook-opt-1-3b-chunk-128-sm-32.csv
facebook/opt-1.3b,128,gemm,fc2,32,4,113.66400122642517,114462720,114987008,524288,524288,1024,2026-04-15T13:52:08Z,baseline_nvml_pt,nvidia-smi,ok,0.0,117.0,1695.0,7601.0,69.13,0.1369280070066452,111.16015625,111.16015625,2.0,True,,95.0,48.760000000000005,86.39999999999999,estimated,,prefill-facebook-opt-1-3b-chunk-128-sm-32,success,,,/mnt/data/dheeraj/dicertation/inference-profile/runs/revised-rerun-20260415-145100-g2-opt13b-c64-256/raw/points/prefill/prefill-facebook-opt-1-3b-chunk-128-sm-32.csv
facebook/opt-1.3b,128,attention,attention,32,4,57.18399956822395,114462720,115004416,541696,524288,1024,2026-04-15T13:52:08Z,baseline_nvml_pt,nvidia-smi,ok,0.0,117.0,1695.0,7601.0,69.13,0.1369280070066452,111.16015625,111.16015625,2.0,True,,95.0,48.760000000000005,86.39999999999999,estimated,,prefill-facebook-opt-1-3b-chunk-128-sm-32,success,,,/mnt/data/dheeraj/dicertation/inference-profile/runs/revised-rerun-20260415-145100-g2-opt13b-c64-256/raw/points/prefill/prefill-facebook-opt-1-3b-chunk-128-sm-32.csv
facebook/opt-1.3b,256,gemm,q_proj,8,0,108.5439994931221,118657024,119705600,1048576,1048576,1024,2026-04-15T13:52:16Z,baseline_nvml_pt,nvidia-smi,ok,0.0,117.0,1695.0,7601.0,69.51,0.21503999829292297,117.16015625,117.16015625,4.0,True,,79.0,62.5,67.5,estimated,,prefill-facebook-opt-1-3b-chunk-256-sm-8,success,,,/mnt/data/dheeraj/dicertation/inference-profile/runs/revised-rerun-20260415-145100-g2-opt13b-c64-256/raw/points/prefill/prefill-facebook-opt-1-3b-chunk-256-sm-8.csv
facebook/opt-1.3b,256,gemm,k_proj,8,0,97.21600264310837,118657024,119705600,1048576,1048576,1024,2026-04-15T13:52:16Z,baseline_nvml_pt,nvidia-smi,ok,0.0,117.0,1695.0,7601.0,69.51,0.21503999829292297,117.16015625,117.16015625,4.0,True,,79.0,62.5,67.5,estimated,,prefill-facebook-opt-1-3b-chunk-256-sm-8,success,,,/mnt/data/dheeraj/dicertation/inference-profile/runs/revised-rerun-20260415-145100-g2-opt13b-c64-256/raw/points/prefill/prefill-facebook-opt-1-3b-chunk-256-sm-8.csv
facebook/opt-1.3b,256,gemm,v_proj,8,0,89.08800035715103,118657024,119705600,1048576,1048576,1024,2026-04-15T13:52:16Z,baseline_nvml_pt,nvidia-smi,ok,0.0,117.0,1695.0,7601.0,69.51,0.21503999829292297,117.16015625,117.16015625,4.0,True,,79.0,62.5,67.5,estimated,,prefill-facebook-opt-1-3b-chunk-256-sm-8,success,,,/mnt/data/dheeraj/dicertation/inference-profile/runs/revised-rerun-20260415-145100-g2-opt13b-c64-256/raw/points/prefill/prefill-facebook-opt-1-3b-chunk-256-sm-8.csv
facebook/opt-1.3b,256,gemm,out_proj,8,0,87.0399996638298,118657024,119705600,1048576,1048576,1024,2026-04-15T13:52:16Z,baseline_nvml_pt,nvidia-smi,ok,0.0,117.0,1695.0,7601.0,69.51,0.21503999829292297,117.16015625,117.16015625,4.0,True,,79.0,62.5,67.5,estimated,,prefill-facebook-opt-1-3b-chunk-256-sm-8,success,,,/mnt/data/dheeraj/dicertation/inference-profile/runs/revised-rerun-20260415-145100-g2-opt13b-c64-256/raw/points/prefill/prefill-facebook-opt-1-3b-chunk-256-sm-8.csv
facebook/opt-1.3b,256,gemm,fc1,8,0,137.2160017490387,118657024,122851328,4194304,4194304,1024,2026-04-15T13:52:16Z,baseline_nvml_pt,nvidia-smi,ok,0.0,117.0,1695.0,7601.0,69.51,0.21503999829292297,117.16015625,117.16015625,4.0,True,,79.0,62.5,67.5,estimated,,prefill-facebook-opt-1-3b-chunk-256-sm-8,success,,,/mnt/data/dheeraj/dicertation/inference-profile/runs/revised-rerun-20260415-145100-g2-opt13b-c64-256/raw/points/prefill/prefill-facebook-opt-1-3b-chunk-256-sm-8.csv
facebook/opt-1.3b,256,gemm,fc2,8,0,180.2240014076233,118657024,119705600,1048576,1048576,1024,2026-04-15T13:52:16Z,baseline_nvml_pt,nvidia-smi,ok,0.0,117.0,1695.0,7601.0,69.51,0.21503999829292297,117.16015625,117.16015625,4.0,True,,79.0,62.5,67.5,estimated,,prefill-facebook-opt-1-3b-chunk-256-sm-8,success,,,/mnt/data/dheeraj/dicertation/inference-profile/runs/revised-rerun-20260415-145100-g2-opt13b-c64-256/raw/points/prefill/prefill-facebook-opt-1-3b-chunk-256-sm-8.csv
facebook/opt-1.3b,256,attention,attention,8,0,62.20800057053566,118657024,119739392,1082368,1048576,1024,2026-04-15T13:52:16Z,baseline_nvml_pt,nvidia-smi,ok,0.0,117.0,1695.0,7601.0,69.51,0.21503999829292297,117.16015625,117.16015625,4.0,True,,79.0,62.5,67.5,estimated,,prefill-facebook-opt-1-3b-chunk-256-sm-8,success,,,/mnt/data/dheeraj/dicertation/inference-profile/runs/revised-rerun-20260415-145100-g2-opt13b-c64-256/raw/points/prefill/prefill-facebook-opt-1-3b-chunk-256-sm-8.csv
facebook/opt-1.3b,256,gemm,q_proj,8,1,89.28000181913376,118657024,119705600,1048576,1048576,1024,2026-04-15T13:52:16Z,baseline_nvml_pt,nvidia-smi,ok,0.0,117.0,1695.0,7601.0,69.51,0.21503999829292297,117.16015625,117.16015625,4.0,True,,79.0,62.5,67.5,estimated,,prefill-facebook-opt-1-3b-chunk-256-sm-8,success,,,/mnt/data/dheeraj/dicertation/inference-profile/runs/revised-rerun-20260415-145100-g2-opt13b-c64-256/raw/points/prefill/prefill-facebook-opt-1-3b-chunk-256-sm-8.csv
facebook/opt-1.3b,256,gemm,k_proj,8,1,88.06400001049042,118657024,119705600,1048576,1048576,1024,2026-04-15T13:52:16Z,baseline_nvml_pt,nvidia-smi,ok,0.0,117.0,1695.0,7601.0,69.51,0.21503999829292297,117.16015625,117.16015625,4.0,True,,79.0,62.5,67.5,estimated,,prefill-facebook-opt-1-3b-chunk-256-sm-8,success,,,/mnt/data/dheeraj/dicertation/inference-profile/runs/revised-rerun-20260415-145100-g2-opt13b-c64-256/raw/points/prefill/prefill-facebook-opt-1-3b-chunk-256-sm-8.csv
facebook/opt-1.3b,256,gemm,v_proj,8,1,84.25600081682205,118657024,119705600,1048576,1048576,1024,2026-04-15T13:52:16Z,baseline_nvml_pt,nvidia-smi,ok,0.0,117.0,1695.0,7601.0,69.51,0.21503999829292297,117.16015625,117.16015625,4.0,True,,79.0,62.5,67.5,estimated,,prefill-facebook-opt-1-3b-chunk-256-sm-8,success,,,/mnt/data/dheeraj/dicertation/inference-profile/runs/revised-rerun-20260415-145100-g2-opt13b-c64-256/raw/points/prefill/prefill-facebook-opt-1-3b-chunk-256-sm-8.csv
facebook/opt-1.3b,256,gemm,out_proj,8,1,93.18400174379349,118657024,119705600,1048576,1048576,1024,2026-04-15T13:52:16Z,baseline_nvml_pt,nvidia-smi,ok,0.0,117.0,1695.0,7601.0,69.51,0.21503999829292297,117.16015625,117.16015625,4.0,True,,79.0,62.5,67.5,estimated,,prefill-facebook-opt-1-3b-chunk-256-sm-8,success,,,/mnt/data/dheeraj/dicertation/inference-profile/runs/revised-rerun-20260415-145100-g2-opt13b-c64-256/raw/points/prefill/prefill-facebook-opt-1-3b-chunk-256-sm-8.csv
facebook/opt-1.3b,256,gemm,fc1,8,1,136.19199395179749,118657024,122851328,4194304,4194304,1024,2026-04-15T13:52:16Z,baseline_nvml_pt,nvidia-smi,ok,0.0,117.0,1695.0,7601.0,69.51,0.21503999829292297,117.16015625,117.16015625,4.0,True,,79.0,62.5,67.5,estimated,,prefill-facebook-opt-1-3b-chunk-256-sm-8,success,,,/mnt/data/dheeraj/dicertation/inference-profile/runs/revised-rerun-20260415-145100-g2-opt13b-c64-256/raw/points/prefill/prefill-facebook-opt-1-3b-chunk-256-sm-8.csv
facebook/opt-1.3b,256,gemm,fc2,8,1,176.96000635623932,118657024,119705600,1048576,1048576,1024,2026-04-15T13:52:16Z,baseline_nvml_pt,nvidia-smi,ok,0.0,117.0,1695.0,7601.0,69.51,0.21503999829292297,117.16015625,117.16015625,4.0,True,,79.0,62.5,67.5,estimated,,prefill-facebook-opt-1-3b-chunk-256-sm-8,success,,,/mnt/data/dheeraj/dicertation/inference-profile/runs/revised-rerun-20260415-145100-g2-opt13b-c64-256/raw/points/prefill/prefill-facebook-opt-1-3b-chunk-256-sm-8.csv
facebook/opt-1.3b,256,attention,attention,8,1,59.39200147986412,118657024,119739392,1082368,1048576,1024,2026-04-15T13:52:16Z,baseline_nvml_pt,nvidia-smi,ok,0.0,117.0,1695.0,7601.0,69.51,0.21503999829292297,117.16015625,117.16015625,4.0,True,,79.0,62.5,67.5,estimated,,prefill-facebook-opt-1-3b-chunk-256-sm-8,success,,,/mnt/data/dheeraj/dicertation/inference-profile/runs/revised-rerun-20260415-145100-g2-opt13b-c64-256/raw/points/prefill/prefill-facebook-opt-1-3b-chunk-256-sm-8.csv
facebook/opt-1.3b,256,gemm,q_proj,8,2,90.11200070381165,118657024,119705600,1048576,1048576,1024,2026-04-15T13:52:16Z,baseline_nvml_pt,nvidia-smi,ok,0.0,117.0,1695.0,7601.0,69.51,0.21503999829292297,117.16015625,117.16015625,4.0,True,,79.0,62.5,67.5,estimated,,prefill-facebook-opt-1-3b-chunk-256-sm-8,success,,,/mnt/data/dheeraj/dicertation/inference-profile/runs/revised-rerun-20260415-145100-g2-opt13b-c64-256/raw/points/prefill/prefill-facebook-opt-1-3b-chunk-256-sm-8.csv
facebook/opt-1.3b,256,gemm,k_proj,8,2,96.25600278377533,118657024,119705600,1048576,1048576,1024,2026-04-15T13:52:16Z,baseline_nvml_pt,nvidia-smi,ok,0.0,117.0,1695.0,7601.0,69.51,0.21503999829292297,117.16015625,117.16015625,4.0,True,,79.0,62.5,67.5,estimated,,prefill-facebook-opt-1-3b-chunk-256-sm-8,success,,,/mnt/data/dheeraj/dicertation/inference-profile/runs/revised-rerun-20260415-145100-g2-opt13b-c64-256/raw/points/prefill/prefill-facebook-opt-1-3b-chunk-256-sm-8.csv
facebook/opt-1.3b,256,gemm,v_proj,8,2,86.7839977145195,118657024,119705600,1048576,1048576,1024,2026-04-15T13:52:16Z,baseline_nvml_pt,nvidia-smi,ok,0.0,117.0,1695.0,7601.0,69.51,0.21503999829292297,117.16015625,117.16015625,4.0,True,,79.0,62.5,67.5,estimated,,prefill-facebook-opt-1-3b-chunk-256-sm-8,success,,,/mnt/data/dheeraj/dicertation/inference-profile/runs/revised-rerun-20260415-145100-g2-opt13b-c64-256/raw/points/prefill/prefill-facebook-opt-1-3b-chunk-256-sm-8.csv
facebook/opt-1.3b,256,gemm,out_proj,8,2,86.01599931716919,118657024,119705600,1048576,1048576,1024,2026-04-15T13:52:16Z,baseline_nvml_pt,nvidia-smi,ok,0.0,117.0,1695.0,7601.0,69.51,0.21503999829292297,117.16015625,117.16015625,4.0,True,,79.0,62.5,67.5,estimated,,prefill-facebook-opt-1-3b-chunk-256-sm-8,success,,,/mnt/data/dheeraj/dicertation/inference-profile/runs/revised-rerun-20260415-145100-g2-opt13b-c64-256/raw/points/prefill/prefill-facebook-opt-1-3b-chunk-256-sm-8.csv
facebook/opt-1.3b,256,gemm,fc1,8,2,136.19199395179749,118657024,122851328,4194304,4194304,1024,2026-04-15T13:52:16Z,baseline_nvml_pt,nvidia-smi,ok,0.0,117.0,1695.0,7601.0,69.51,0.21503999829292297,117.16015625,117.16015625,4.0,True,,79.0,62.5,67.5,estimated,,prefill-facebook-opt-1-3b-chunk-256-sm-8,success,,,/mnt/data/dheeraj/dicertation/inference-profile/runs/revised-rerun-20260415-145100-g2-opt13b-c64-256/raw/points/prefill/prefill-facebook-opt-1-3b-chunk-256-sm-8.csv
facebook/opt-1.3b,256,gemm,fc2,8,2,177.15199291706085,118657024,119705600,1048576,1048576,1024,2026-04-15T13:52:16Z,baseline_nvml_pt,nvidia-smi,ok,0.0,117.0,1695.0,7601.0,69.51,0.21503999829292297,117.16015625,117.16015625,4.0,True,,79.0,62.5,67.5,estimated,,prefill-facebook-opt-1-3b-chunk-256-sm-8,success,,,/mnt/data/dheeraj/dicertation/inference-profile/runs/revised-rerun-20260415-145100-g2-opt13b-c64-256/raw/points/prefill/prefill-facebook-opt-1-3b-chunk-256-sm-8.csv
facebook/opt-1.3b,256,attention,attention,8,2,60.15999987721443,118657024,119739392,1082368,1048576,1024,2026-04-15T13:52:16Z,baseline_nvml_pt,nvidia-smi,ok,0.0,117.0,1695.0,7601.0,69.51,0.21503999829292297,117.16015625,117.16015625,4.0,True,,79.0,62.5,67.5,estimated,,prefill-facebook-opt-1-3b-chunk-256-sm-8,success,,,/mnt/data/dheeraj/dicertation/inference-profile/runs/revised-rerun-20260415-145100-g2-opt13b-c64-256/raw/points/prefill/prefill-facebook-opt-1-3b-chunk-256-sm-8.csv
facebook/opt-1.3b,256,gemm,q_proj,8,3,88.06400001049042,118657024,119705600,1048576,1048576,1024,2026-04-15T13:52:16Z,baseline_nvml_pt,nvidia-smi,ok,0.0,117.0,1695.0,7601.0,69.51,0.21503999829292297,117.16015625,117.16015625,4.0,True,,79.0,62.5,67.5,estimated,,prefill-facebook-opt-1-3b-chunk-256-sm-8,success,,,/mnt/data/dheeraj/dicertation/inference-profile/runs/revised-rerun-20260415-145100-g2-opt13b-c64-256/raw/points/prefill/prefill-facebook-opt-1-3b-chunk-256-sm-8.csv
facebook/opt-1.3b,256,gemm,k_proj,8,3,87.0399996638298,118657024,119705600,1048576,1048576,1024,2026-04-15T13:52:16Z,baseline_nvml_pt,nvidia-smi,ok,0.0,117.0,1695.0,7601.0,69.51,0.21503999829292297,117.16015625,117.16015625,4.0,True,,79.0,62.5,67.5,estimated,,prefill-facebook-opt-1-3b-chunk-256-sm-8,success,,,/mnt/data/dheeraj/dicertation/inference-profile/runs/revised-rerun-20260415-145100-g2-opt13b-c64-256/raw/points/prefill/prefill-facebook-opt-1-3b-chunk-256-sm-8.csv
facebook/opt-1.3b,256,gemm,v_proj,8,3,86.01599931716919,118657024,119705600,1048576,1048576,1024,2026-04-15T13:52:16Z,baseline_nvml_pt,nvidia-smi,ok,0.0,117.0,1695.0,7601.0,69.51,0.21503999829292297,117.16015625,117.16015625,4.0,True,,79.0,62.5,67.5,estimated,,prefill-facebook-opt-1-3b-chunk-256-sm-8,success,,,/mnt/data/dheeraj/dicertation/inference-profile/runs/revised-rerun-20260415-145100-g2-opt13b-c64-256/raw/points/prefill/prefill-facebook-opt-1-3b-chunk-256-sm-8.csv
facebook/opt-1.3b,256,gemm,out_proj,8,3,84.99199897050858,118657024,119705600,1048576,1048576,1024,2026-04-15T13:52:16Z,baseline_nvml_pt,nvidia-smi,ok,0.0,117.0,1695.0,7601.0,69.51,0.21503999829292297,117.16015625,117.16015625,4.0,True,,79.0,62.5,67.5,estimated,,prefill-facebook-opt-1-3b-chunk-256-sm-8,success,,,/mnt/data/dheeraj/dicertation/inference-profile/runs/revised-rerun-20260415-145100-g2-opt13b-c64-256/raw/points/prefill/prefill-facebook-opt-1-3b-chunk-256-sm-8.csv
facebook/opt-1.3b,256,gemm,fc1,8,3,136.19199395179749,118657024,122851328,4194304,4194304,1024,2026-04-15T13:52:16Z,baseline_nvml_pt,nvidia-smi,ok,0.0,117.0,1695.0,7601.0,69.51,0.21503999829292297,117.16015625,117.16015625,4.0,True,,79.0,62.5,67.5,estimated,,prefill-facebook-opt-1-3b-chunk-256-sm-8,success,,,/mnt/data/dheeraj/dicertation/inference-profile/runs/revised-rerun-20260415-145100-g2-opt13b-c64-256/raw/points/prefill/prefill-facebook-opt-1-3b-chunk-256-sm-8.csv
facebook/opt-1.3b,256,gemm,fc2,8,3,175.10400712490082,118657024,119705600,1048576,1048576,1024,2026-04-15T13:52:16Z,baseline_nvml_pt,nvidia-smi,ok,0.0,117.0,1695.0,7601.0,69.51,0.21503999829292297,117.16015625,117.16015625,4.0,True,,79.0,62.5,67.5,estimated,,prefill-facebook-opt-1-3b-chunk-256-sm-8,success,,,/mnt/data/dheeraj/dicertation/inference-profile/runs/revised-rerun-20260415-145100-g2-opt13b-c64-256/raw/points/prefill/prefill-facebook-opt-1-3b-chunk-256-sm-8.csv
facebook/opt-1.3b,256,attention,attention,8,3,56.32000043988228,118657024,119739392,1082368,1048576,1024,2026-04-15T13:52:16Z,baseline_nvml_pt,nvidia-smi,ok,0.0,117.0,1695.0,7601.0,69.51,0.21503999829292297,117.16015625,117.16015625,4.0,True,,79.0,62.5,67.5,estimated,,prefill-facebook-opt-1-3b-chunk-256-sm-8,success,,,/mnt/data/dheeraj/dicertation/inference-profile/runs/revised-rerun-20260415-145100-g2-opt13b-c64-256/raw/points/prefill/prefill-facebook-opt-1-3b-chunk-256-sm-8.csv
facebook/opt-1.3b,256,gemm,q_proj,8,4,87.93599903583527,118657024,119705600,1048576,1048576,1024,2026-04-15T13:52:16Z,baseline_nvml_pt,nvidia-smi,ok,0.0,117.0,1695.0,7601.0,69.51,0.21503999829292297,117.16015625,117.16015625,4.0,True,,79.0,62.5,67.5,estimated,,prefill-facebook-opt-1-3b-chunk-256-sm-8,success,,,/mnt/data/dheeraj/dicertation/inference-profile/runs/revised-rerun-20260415-145100-g2-opt13b-c64-256/raw/points/prefill/prefill-facebook-opt-1-3b-chunk-256-sm-8.csv
facebook/opt-1.3b,256,gemm,k_proj,8,4,87.00799942016602,118657024,119705600,1048576,1048576,1024,2026-04-15T13:52:16Z,baseline_nvml_pt,nvidia-smi,ok,0.0,117.0,1695.0,7601.0,69.51,0.21503999829292297,117.16015625,117.16015625,4.0,True,,79.0,62.5,67.5,estimated,,prefill-facebook-opt-1-3b-chunk-256-sm-8,success,,,/mnt/data/dheeraj/dicertation/inference-profile/runs/revised-rerun-20260415-145100-g2-opt13b-c64-256/raw/points/prefill/prefill-facebook-opt-1-3b-chunk-256-sm-8.csv
facebook/opt-1.3b,256,gemm,v_proj,8,4,83.77599716186523,118657024,119705600,1048576,1048576,1024,2026-04-15T13:52:16Z,baseline_nvml_pt,nvidia-smi,ok,0.0,117.0,1695.0,7601.0,69.51,0.21503999829292297,117.16015625,117.16015625,4.0,True,,79.0,62.5,67.5,estimated,,prefill-facebook-opt-1-3b-chunk-256-sm-8,success,,,/mnt/data/dheeraj/dicertation/inference-profile/runs/revised-rerun-20260415-145100-g2-opt13b-c64-256/raw/points/prefill/prefill-facebook-opt-1-3b-chunk-256-sm-8.csv
facebook/opt-1.3b,256,gemm,out_proj,8,4,215.03999829292297,118657024,119705600,1048576,1048576,1024,2026-04-15T13:52:16Z,baseline_nvml_pt,nvidia-smi,ok,0.0,117.0,1695.0,7601.0,69.51,0.21503999829292297,117.16015625,117.16015625,4.0,True,,79.0,62.5,67.5,estimated,,prefill-facebook-opt-1-3b-chunk-256-sm-8,success,,,/mnt/data/dheeraj/dicertation/inference-profile/runs/revised-rerun-20260415-145100-g2-opt13b-c64-256/raw/points/prefill/prefill-facebook-opt-1-3b-chunk-256-sm-8.csv
facebook/opt-1.3b,256,gemm,fc1,8,4,134.14399325847626,118657024,122851328,4194304,4194304,1024,2026-04-15T13:52:16Z,baseline_nvml_pt,nvidia-smi,ok,0.0,117.0,1695.0,7601.0,69.51,0.21503999829292297,117.16015625,117.16015625,4.0,True,,79.0,62.5,67.5,estimated,,prefill-facebook-opt-1-3b-chunk-256-sm-8,success,,,/mnt/data/dheeraj/dicertation/inference-profile/runs/revised-rerun-20260415-145100-g2-opt13b-c64-256/raw/points/prefill/prefill-facebook-opt-1-3b-chunk-256-sm-8.csv
facebook/opt-1.3b,256,gemm,fc2,8,4,177.95200645923615,118657024,119705600,1048576,1048576,1024,2026-04-15T13:52:16Z,baseline_nvml_pt,nvidia-smi,ok,0.0,117.0,1695.0,7601.0,69.51,0.21503999829292297,117.16015625,117.16015625,4.0,True,,79.0,62.5,67.5,estimated,,prefill-facebook-opt-1-3b-chunk-256-sm-8,success,,,/mnt/data/dheeraj/dicertation/inference-profile/runs/revised-rerun-20260415-145100-g2-opt13b-c64-256/raw/points/prefill/prefill-facebook-opt-1-3b-chunk-256-sm-8.csv
facebook/opt-1.3b,256,attention,attention,8,4,58.20799991488457,118657024,119739392,1082368,1048576,1024,2026-04-15T13:52:16Z,baseline_nvml_pt,nvidia-smi,ok,0.0,117.0,1695.0,7601.0,69.51,0.21503999829292297,117.16015625,117.16015625,4.0,True,,79.0,62.5,67.5,estimated,,prefill-facebook-opt-1-3b-chunk-256-sm-8,success,,,/mnt/data/dheeraj/dicertation/inference-profile/runs/revised-rerun-20260415-145100-g2-opt13b-c64-256/raw/points/prefill/prefill-facebook-opt-1-3b-chunk-256-sm-8.csv
facebook/opt-1.3b,256,gemm,q_proj,16,0,109.50399935245514,118657024,119705600,1048576,1048576,1024,2026-04-15T13:52:22Z,baseline_nvml_pt,nvidia-smi,ok,0.0,117.0,1695.0,7601.0,69.59,0.187391996383667,117.16015625,117.16015625,4.0,True,,86.0,57.00000000000001,75.0,estimated,,prefill-facebook-opt-1-3b-chunk-256-sm-16,success,,,/mnt/data/dheeraj/dicertation/inference-profile/runs/revised-rerun-20260415-145100-g2-opt13b-c64-256/raw/points/prefill/prefill-facebook-opt-1-3b-chunk-256-sm-16.csv
facebook/opt-1.3b,256,gemm,k_proj,16,0,93.18400174379349,118657024,119705600,1048576,1048576,1024,2026-04-15T13:52:22Z,baseline_nvml_pt,nvidia-smi,ok,0.0,117.0,1695.0,7601.0,69.59,0.187391996383667,117.16015625,117.16015625,4.0,True,,86.0,57.00000000000001,75.0,estimated,,prefill-facebook-opt-1-3b-chunk-256-sm-16,success,,,/mnt/data/dheeraj/dicertation/inference-profile/runs/revised-rerun-20260415-145100-g2-opt13b-c64-256/raw/points/prefill/prefill-facebook-opt-1-3b-chunk-256-sm-16.csv
facebook/opt-1.3b,256,gemm,v_proj,16,0,88.95999938249588,118657024,119705600,1048576,1048576,1024,2026-04-15T13:52:22Z,baseline_nvml_pt,nvidia-smi,ok,0.0,117.0,1695.0,7601.0,69.59,0.187391996383667,117.16015625,117.16015625,4.0,True,,86.0,57.00000000000001,75.0,estimated,,prefill-facebook-opt-1-3b-chunk-256-sm-16,success,,,/mnt/data/dheeraj/dicertation/inference-profile/runs/revised-rerun-20260415-145100-g2-opt13b-c64-256/raw/points/prefill/prefill-facebook-opt-1-3b-chunk-256-sm-16.csv
facebook/opt-1.3b,256,gemm,out_proj,16,0,87.0399996638298,118657024,119705600,1048576,1048576,1024,2026-04-15T13:52:22Z,baseline_nvml_pt,nvidia-smi,ok,0.0,117.0,1695.0,7601.0,69.59,0.187391996383667,117.16015625,117.16015625,4.0,True,,86.0,57.00000000000001,75.0,estimated,,prefill-facebook-opt-1-3b-chunk-256-sm-16,success,,,/mnt/data/dheeraj/dicertation/inference-profile/runs/revised-rerun-20260415-145100-g2-opt13b-c64-256/raw/points/prefill/prefill-facebook-opt-1-3b-chunk-256-sm-16.csv
facebook/opt-1.3b,256,gemm,fc1,16,0,141.31200313568115,118657024,122851328,4194304,4194304,1024,2026-04-15T13:52:22Z,baseline_nvml_pt,nvidia-smi,ok,0.0,117.0,1695.0,7601.0,69.59,0.187391996383667,117.16015625,117.16015625,4.0,True,,86.0,57.00000000000001,75.0,estimated,,prefill-facebook-opt-1-3b-chunk-256-sm-16,success,,,/mnt/data/dheeraj/dicertation/inference-profile/runs/revised-rerun-20260415-145100-g2-opt13b-c64-256/raw/points/prefill/prefill-facebook-opt-1-3b-chunk-256-sm-16.csv
facebook/opt-1.3b,256,gemm,fc2,16,0,176.89600586891174,118657024,119705600,1048576,1048576,1024,2026-04-15T13:52:22Z,baseline_nvml_pt,nvidia-smi,ok,0.0,117.0,1695.0,7601.0,69.59,0.187391996383667,117.16015625,117.16015625,4.0,True,,86.0,57.00000000000001,75.0,estimated,,prefill-facebook-opt-1-3b-chunk-256-sm-16,success,,,/mnt/data/dheeraj/dicertation/inference-profile/runs/revised-rerun-20260415-145100-g2-opt13b-c64-256/raw/points/prefill/prefill-facebook-opt-1-3b-chunk-256-sm-16.csv
facebook/opt-1.3b,256,attention,attention,16,0,58.36800113320351,118657024,119739392,1082368,1048576,1024,2026-04-15T13:52:22Z,baseline_nvml_pt,nvidia-smi,ok,0.0,117.0,1695.0,7601.0,69.59,0.187391996383667,117.16015625,117.16015625,4.0,True,,86.0,57.00000000000001,75.0,estimated,,prefill-facebook-opt-1-3b-chunk-256-sm-16,success,,,/mnt/data/dheeraj/dicertation/inference-profile/runs/revised-rerun-20260415-145100-g2-opt13b-c64-256/raw/points/prefill/prefill-facebook-opt-1-3b-chunk-256-sm-16.csv
facebook/opt-1.3b,256,gemm,q_proj,16,1,87.90399879217148,118657024,119705600,1048576,1048576,1024,2026-04-15T13:52:22Z,baseline_nvml_pt,nvidia-smi,ok,0.0,117.0,1695.0,7601.0,69.59,0.187391996383667,117.16015625,117.16015625,4.0,True,,86.0,57.00000000000001,75.0,estimated,,prefill-facebook-opt-1-3b-chunk-256-sm-16,success,,,/mnt/data/dheeraj/dicertation/inference-profile/runs/revised-rerun-20260415-145100-g2-opt13b-c64-256/raw/points/prefill/prefill-facebook-opt-1-3b-chunk-256-sm-16.csv
facebook/opt-1.3b,256,gemm,k_proj,16,1,88.06400001049042,118657024,119705600,1048576,1048576,1024,2026-04-15T13:52:22Z,baseline_nvml_pt,nvidia-smi,ok,0.0,117.0,1695.0,7601.0,69.59,0.187391996383667,117.16015625,117.16015625,4.0,True,,86.0,57.00000000000001,75.0,estimated,,prefill-facebook-opt-1-3b-chunk-256-sm-16,success,,,/mnt/data/dheeraj/dicertation/inference-profile/runs/revised-rerun-20260415-145100-g2-opt13b-c64-256/raw/points/prefill/prefill-facebook-opt-1-3b-chunk-256-sm-16.csv
facebook/opt-1.3b,256,gemm,v_proj,16,1,89.08800035715103,118657024,119705600,1048576,1048576,1024,2026-04-15T13:52:22Z,baseline_nvml_pt,nvidia-smi,ok,0.0,117.0,1695.0,7601.0,69.59,0.187391996383667,117.16015625,117.16015625,4.0,True,,86.0,57.00000000000001,75.0,estimated,,prefill-facebook-opt-1-3b-chunk-256-sm-16,success,,,/mnt/data/dheeraj/dicertation/inference-profile/runs/revised-rerun-20260415-145100-g2-opt13b-c64-256/raw/points/prefill/prefill-facebook-opt-1-3b-chunk-256-sm-16.csv
facebook/opt-1.3b,256,gemm,out_proj,16,1,86.01599931716919,118657024,119705600,1048576,1048576,1024,2026-04-15T13:52:22Z,baseline_nvml_pt,nvidia-smi,ok,0.0,117.0,1695.0,7601.0,69.59,0.187391996383667,117.16015625,117.16015625,4.0,True,,86.0,57.00000000000001,75.0,estimated,,prefill-facebook-opt-1-3b-chunk-256-sm-16,success,,,/mnt/data/dheeraj/dicertation/inference-profile/runs/revised-rerun-20260415-145100-g2-opt13b-c64-256/raw/points/prefill/prefill-facebook-opt-1-3b-chunk-256-sm-16.csv
facebook/opt-1.3b,256,gemm,fc1,16,1,134.97599959373474,118657024,122851328,4194304,4194304,1024,2026-04-15T13:52:22Z,baseline_nvml_pt,nvidia-smi,ok,0.0,117.0,1695.0,7601.0,69.59,0.187391996383667,117.16015625,117.16015625,4.0,True,,86.0,57.00000000000001,75.0,estimated,,prefill-facebook-opt-1-3b-chunk-256-sm-16,success,,,/mnt/data/dheeraj/dicertation/inference-profile/runs/revised-rerun-20260415-145100-g2-opt13b-c64-256/raw/points/prefill/prefill-facebook-opt-1-3b-chunk-256-sm-16.csv
facebook/opt-1.3b,256,gemm,fc2,16,1,175.10400712490082,118657024,119705600,1048576,1048576,1024,2026-04-15T13:52:22Z,baseline_nvml_pt,nvidia-smi,ok,0.0,117.0,1695.0,7601.0,69.59,0.187391996383667,117.16015625,117.16015625,4.0,True,,86.0,57.00000000000001,75.0,estimated,,prefill-facebook-opt-1-3b-chunk-256-sm-16,success,,,/mnt/data/dheeraj/dicertation/inference-profile/runs/revised-rerun-20260415-145100-g2-opt13b-c64-256/raw/points/prefill/prefill-facebook-opt-1-3b-chunk-256-sm-16.csv
facebook/opt-1.3b,256,attention,attention,16,1,59.13599953055382,118657024,119739392,1082368,1048576,1024,2026-04-15T13:52:22Z,baseline_nvml_pt,nvidia-smi,ok,0.0,117.0,1695.0,7601.0,69.59,0.187391996383667,117.16015625,117.16015625,4.0,True,,86.0,57.00000000000001,75.0,estimated,,prefill-facebook-opt-1-3b-chunk-256-sm-16,success,,,/mnt/data/dheeraj/dicertation/inference-profile/runs/revised-rerun-20260415-145100-g2-opt13b-c64-256/raw/points/prefill/prefill-facebook-opt-1-3b-chunk-256-sm-16.csv
facebook/opt-1.3b,256,gemm,q_proj,16,2,88.06400001049042,118657024,119705600,1048576,1048576,1024,2026-04-15T13:52:22Z,baseline_nvml_pt,nvidia-smi,ok,0.0,117.0,1695.0,7601.0,69.59,0.187391996383667,117.16015625,117.16015625,4.0,True,,86.0,57.00000000000001,75.0,estimated,,prefill-facebook-opt-1-3b-chunk-256-sm-16,success,,,/mnt/data/dheeraj/dicertation/inference-profile/runs/revised-rerun-20260415-145100-g2-opt13b-c64-256/raw/points/prefill/prefill-facebook-opt-1-3b-chunk-256-sm-16.csv
facebook/opt-1.3b,256,gemm,k_proj,16,2,93.18400174379349,118657024,119705600,1048576,1048576,1024,2026-04-15T13:52:22Z,baseline_nvml_pt,nvidia-smi,ok,0.0,117.0,1695.0,7601.0,69.59,0.187391996383667,117.16015625,117.16015625,4.0,True,,86.0,57.00000000000001,75.0,estimated,,prefill-facebook-opt-1-3b-chunk-256-sm-16,success,,,/mnt/data/dheeraj/dicertation/inference-profile/runs/revised-rerun-20260415-145100-g2-opt13b-c64-256/raw/points/prefill/prefill-facebook-opt-1-3b-chunk-256-sm-16.csv
facebook/opt-1.3b,256,gemm,v_proj,16,2,84.70399677753448,118657024,119705600,1048576,1048576,1024,2026-04-15T13:52:22Z,baseline_nvml_pt,nvidia-smi,ok,0.0,117.0,1695.0,7601.0,69.59,0.187391996383667,117.16015625,117.16015625,4.0,True,,86.0,57.00000000000001,75.0,estimated,,prefill-facebook-opt-1-3b-chunk-256-sm-16,success,,,/mnt/data/dheeraj/dicertation/inference-profile/runs/revised-rerun-20260415-145100-g2-opt13b-c64-256/raw/points/prefill/prefill-facebook-opt-1-3b-chunk-256-sm-16.csv
facebook/opt-1.3b,256,gemm,out_proj,16,2,85.88799834251404,118657024,119705600,1048576,1048576,1024,2026-04-15T13:52:22Z,baseline_nvml_pt,nvidia-smi,ok,0.0,117.0,1695.0,7601.0,69.59,0.187391996383667,117.16015625,117.16015625,4.0,True,,86.0,57.00000000000001,75.0,estimated,,prefill-facebook-opt-1-3b-chunk-256-sm-16,success,,,/mnt/data/dheeraj/dicertation/inference-profile/runs/revised-rerun-20260415-145100-g2-opt13b-c64-256/raw/points/prefill/prefill-facebook-opt-1-3b-chunk-256-sm-16.csv
facebook/opt-1.3b,256,gemm,fc1,16,2,135.16800105571747,118657024,122851328,4194304,4194304,1024,2026-04-15T13:52:22Z,baseline_nvml_pt,nvidia-smi,ok,0.0,117.0,1695.0,7601.0,69.59,0.187391996383667,117.16015625,117.16015625,4.0,True,,86.0,57.00000000000001,75.0,estimated,,prefill-facebook-opt-1-3b-chunk-256-sm-16,success,,,/mnt/data/dheeraj/dicertation/inference-profile/runs/revised-rerun-20260415-145100-g2-opt13b-c64-256/raw/points/prefill/prefill-facebook-opt-1-3b-chunk-256-sm-16.csv
facebook/opt-1.3b,256,gemm,fc2,16,2,187.391996383667,118657024,119705600,1048576,1048576,1024,2026-04-15T13:52:22Z,baseline_nvml_pt,nvidia-smi,ok,0.0,117.0,1695.0,7601.0,69.59,0.187391996383667,117.16015625,117.16015625,4.0,True,,86.0,57.00000000000001,75.0,estimated,,prefill-facebook-opt-1-3b-chunk-256-sm-16,success,,,/mnt/data/dheeraj/dicertation/inference-profile/runs/revised-rerun-20260415-145100-g2-opt13b-c64-256/raw/points/prefill/prefill-facebook-opt-1-3b-chunk-256-sm-16.csv
facebook/opt-1.3b,256,attention,attention,16,2,57.34400078654289,118657024,119739392,1082368,1048576,1024,2026-04-15T13:52:22Z,baseline_nvml_pt,nvidia-smi,ok,0.0,117.0,1695.0,7601.0,69.59,0.187391996383667,117.16015625,117.16015625,4.0,True,,86.0,57.00000000000001,75.0,estimated,,prefill-facebook-opt-1-3b-chunk-256-sm-16,success,,,/mnt/data/dheeraj/dicertation/inference-profile/runs/revised-rerun-20260415-145100-g2-opt13b-c64-256/raw/points/prefill/prefill-facebook-opt-1-3b-chunk-256-sm-16.csv
facebook/opt-1.3b,256,gemm,q_proj,16,3,86.01599931716919,118657024,119705600,1048576,1048576,1024,2026-04-15T13:52:22Z,baseline_nvml_pt,nvidia-smi,ok,0.0,117.0,1695.0,7601.0,69.59,0.187391996383667,117.16015625,117.16015625,4.0,True,,86.0,57.00000000000001,75.0,estimated,,prefill-facebook-opt-1-3b-chunk-256-sm-16,success,,,/mnt/data/dheeraj/dicertation/inference-profile/runs/revised-rerun-20260415-145100-g2-opt13b-c64-256/raw/points/prefill/prefill-facebook-opt-1-3b-chunk-256-sm-16.csv
facebook/opt-1.3b,256,gemm,k_proj,16,3,84.99199897050858,118657024,119705600,1048576,1048576,1024,2026-04-15T13:52:22Z,baseline_nvml_pt,nvidia-smi,ok,0.0,117.0,1695.0,7601.0,69.59,0.187391996383667,117.16015625,117.16015625,4.0,True,,86.0,57.00000000000001,75.0,estimated,,prefill-facebook-opt-1-3b-chunk-256-sm-16,success,,,/mnt/data/dheeraj/dicertation/inference-profile/runs/revised-rerun-20260415-145100-g2-opt13b-c64-256/raw/points/prefill/prefill-facebook-opt-1-3b-chunk-256-sm-16.csv
facebook/opt-1.3b,256,gemm,v_proj,16,3,88.06400001049042,118657024,119705600,1048576,1048576,1024,2026-04-15T13:52:22Z,baseline_nvml_pt,nvidia-smi,ok,0.0,117.0,1695.0,7601.0,69.59,0.187391996383667,117.16015625,117.16015625,4.0,True,,86.0,57.00000000000001,75.0,estimated,,prefill-facebook-opt-1-3b-chunk-256-sm-16,success,,,/mnt/data/dheeraj/dicertation/inference-profile/runs/revised-rerun-20260415-145100-g2-opt13b-c64-256/raw/points/prefill/prefill-facebook-opt-1-3b-chunk-256-sm-16.csv
facebook/opt-1.3b,256,gemm,out_proj,16,3,84.99199897050858,118657024,119705600,1048576,1048576,1024,2026-04-15T13:52:22Z,baseline_nvml_pt,nvidia-smi,ok,0.0,117.0,1695.0,7601.0,69.59,0.187391996383667,117.16015625,117.16015625,4.0,True,,86.0,57.00000000000001,75.0,estimated,,prefill-facebook-opt-1-3b-chunk-256-sm-16,success,,,/mnt/data/dheeraj/dicertation/inference-profile/runs/revised-rerun-20260415-145100-g2-opt13b-c64-256/raw/points/prefill/prefill-facebook-opt-1-3b-chunk-256-sm-16.csv
facebook/opt-1.3b,256,gemm,fc1,16,3,134.97599959373474,118657024,122851328,4194304,4194304,1024,2026-04-15T13:52:22Z,baseline_nvml_pt,nvidia-smi,ok,0.0,117.0,1695.0,7601.0,69.59,0.187391996383667,117.16015625,117.16015625,4.0,True,,86.0,57.00000000000001,75.0,estimated,,prefill-facebook-opt-1-3b-chunk-256-sm-16,success,,,/mnt/data/dheeraj/dicertation/inference-profile/runs/revised-rerun-20260415-145100-g2-opt13b-c64-256/raw/points/prefill/prefill-facebook-opt-1-3b-chunk-256-sm-16.csv
facebook/opt-1.3b,256,gemm,fc2,16,3,175.00799894332886,118657024,119705600,1048576,1048576,1024,2026-04-15T13:52:22Z,baseline_nvml_pt,nvidia-smi,ok,0.0,117.0,1695.0,7601.0,69.59,0.187391996383667,117.16015625,117.16015625,4.0,True,,86.0,57.00000000000001,75.0,estimated,,prefill-facebook-opt-1-3b-chunk-256-sm-16,success,,,/mnt/data/dheeraj/dicertation/inference-profile/runs/revised-rerun-20260415-145100-g2-opt13b-c64-256/raw/points/prefill/prefill-facebook-opt-1-3b-chunk-256-sm-16.csv
facebook/opt-1.3b,256,attention,attention,16,3,57.18399956822395,118657024,119739392,1082368,1048576,1024,2026-04-15T13:52:22Z,baseline_nvml_pt,nvidia-smi,ok,0.0,117.0,1695.0,7601.0,69.59,0.187391996383667,117.16015625,117.16015625,4.0,True,,86.0,57.00000000000001,75.0,estimated,,prefill-facebook-opt-1-3b-chunk-256-sm-16,success,,,/mnt/data/dheeraj/dicertation/inference-profile/runs/revised-rerun-20260415-145100-g2-opt13b-c64-256/raw/points/prefill/prefill-facebook-opt-1-3b-chunk-256-sm-16.csv
facebook/opt-1.3b,256,gemm,q_proj,16,4,87.0399996638298,118657024,119705600,1048576,1048576,1024,2026-04-15T13:52:22Z,baseline_nvml_pt,nvidia-smi,ok,0.0,117.0,1695.0,7601.0,69.59,0.187391996383667,117.16015625,117.16015625,4.0,True,,86.0,57.00000000000001,75.0,estimated,,prefill-facebook-opt-1-3b-chunk-256-sm-16,success,,,/mnt/data/dheeraj/dicertation/inference-profile/runs/revised-rerun-20260415-145100-g2-opt13b-c64-256/raw/points/prefill/prefill-facebook-opt-1-3b-chunk-256-sm-16.csv
facebook/opt-1.3b,256,gemm,k_proj,16,4,84.99199897050858,118657024,119705600,1048576,1048576,1024,2026-04-15T13:52:22Z,baseline_nvml_pt,nvidia-smi,ok,0.0,117.0,1695.0,7601.0,69.59,0.187391996383667,117.16015625,117.16015625,4.0,True,,86.0,57.00000000000001,75.0,estimated,,prefill-facebook-opt-1-3b-chunk-256-sm-16,success,,,/mnt/data/dheeraj/dicertation/inference-profile/runs/revised-rerun-20260415-145100-g2-opt13b-c64-256/raw/points/prefill/prefill-facebook-opt-1-3b-chunk-256-sm-16.csv
facebook/opt-1.3b,256,gemm,v_proj,16,4,83.74399691820145,118657024,119705600,1048576,1048576,1024,2026-04-15T13:52:22Z,baseline_nvml_pt,nvidia-smi,ok,0.0,117.0,1695.0,7601.0,69.59,0.187391996383667,117.16015625,117.16015625,4.0,True,,86.0,57.00000000000001,75.0,estimated,,prefill-facebook-opt-1-3b-chunk-256-sm-16,success,,,/mnt/data/dheeraj/dicertation/inference-profile/runs/revised-rerun-20260415-145100-g2-opt13b-c64-256/raw/points/prefill/prefill-facebook-opt-1-3b-chunk-256-sm-16.csv
facebook/opt-1.3b,256,gemm,out_proj,16,4,81.91999793052673,118657024,119705600,1048576,1048576,1024,2026-04-15T13:52:22Z,baseline_nvml_pt,nvidia-smi,ok,0.0,117.0,1695.0,7601.0,69.59,0.187391996383667,117.16015625,117.16015625,4.0,True,,86.0,57.00000000000001,75.0,estimated,,prefill-facebook-opt-1-3b-chunk-256-sm-16,success,,,/mnt/data/dheeraj/dicertation/inference-profile/runs/revised-rerun-20260415-145100-g2-opt13b-c64-256/raw/points/prefill/prefill-facebook-opt-1-3b-chunk-256-sm-16.csv
facebook/opt-1.3b,256,gemm,fc1,16,4,134.07999277114868,118657024,122851328,4194304,4194304,1024,2026-04-15T13:52:22Z,baseline_nvml_pt,nvidia-smi,ok,0.0,117.0,1695.0,7601.0,69.59,0.187391996383667,117.16015625,117.16015625,4.0,True,,86.0,57.00000000000001,75.0,estimated,,prefill-facebook-opt-1-3b-chunk-256-sm-16,success,,,/mnt/data/dheeraj/dicertation/inference-profile/runs/revised-rerun-20260415-145100-g2-opt13b-c64-256/raw/points/prefill/prefill-facebook-opt-1-3b-chunk-256-sm-16.csv
facebook/opt-1.3b,256,gemm,fc2,16,4,174.0799993276596,118657024,119705600,1048576,1048576,1024,2026-04-15T13:52:22Z,baseline_nvml_pt,nvidia-smi,ok,0.0,117.0,1695.0,7601.0,69.59,0.187391996383667,117.16015625,117.16015625,4.0,True,,86.0,57.00000000000001,75.0,estimated,,prefill-facebook-opt-1-3b-chunk-256-sm-16,success,,,/mnt/data/dheeraj/dicertation/inference-profile/runs/revised-rerun-20260415-145100-g2-opt13b-c64-256/raw/points/prefill/prefill-facebook-opt-1-3b-chunk-256-sm-16.csv
facebook/opt-1.3b,256,attention,attention,16,4,63.680000603199005,118657024,119739392,1082368,1048576,1024,2026-04-15T13:52:22Z,baseline_nvml_pt,nvidia-smi,ok,0.0,117.0,1695.0,7601.0,69.59,0.187391996383667,117.16015625,117.16015625,4.0,True,,86.0,57.00000000000001,75.0,estimated,,prefill-facebook-opt-1-3b-chunk-256-sm-16,success,,,/mnt/data/dheeraj/dicertation/inference-profile/runs/revised-rerun-20260415-145100-g2-opt13b-c64-256/raw/points/prefill/prefill-facebook-opt-1-3b-chunk-256-sm-16.csv
facebook/opt-1.3b,256,gemm,q_proj,24,0,96.25600278377533,118657024,119705600,1048576,1048576,1024,2026-04-15T13:52:28Z,baseline_nvml_pt,nvidia-smi,ok,1.0,117.0,1695.0,7601.0,69.56,0.21503999829292297,117.16015625,117.16015625,4.0,True,,93.0,51.5,82.5,estimated,,prefill-facebook-opt-1-3b-chunk-256-sm-24,success,,,/mnt/data/dheeraj/dicertation/inference-profile/runs/revised-rerun-20260415-145100-g2-opt13b-c64-256/raw/points/prefill/prefill-facebook-opt-1-3b-chunk-256-sm-24.csv
facebook/opt-1.3b,256,gemm,k_proj,24,0,95.2640026807785,118657024,119705600,1048576,1048576,1024,2026-04-15T13:52:28Z,baseline_nvml_pt,nvidia-smi,ok,1.0,117.0,1695.0,7601.0,69.56,0.21503999829292297,117.16015625,117.16015625,4.0,True,,93.0,51.5,82.5,estimated,,prefill-facebook-opt-1-3b-chunk-256-sm-24,success,,,/mnt/data/dheeraj/dicertation/inference-profile/runs/revised-rerun-20260415-145100-g2-opt13b-c64-256/raw/points/prefill/prefill-facebook-opt-1-3b-chunk-256-sm-24.csv
facebook/opt-1.3b,256,gemm,v_proj,24,0,89.08800035715103,118657024,119705600,1048576,1048576,1024,2026-04-15T13:52:28Z,baseline_nvml_pt,nvidia-smi,ok,1.0,117.0,1695.0,7601.0,69.56,0.21503999829292297,117.16015625,117.16015625,4.0,True,,93.0,51.5,82.5,estimated,,prefill-facebook-opt-1-3b-chunk-256-sm-24,success,,,/mnt/data/dheeraj/dicertation/inference-profile/runs/revised-rerun-20260415-145100-g2-opt13b-c64-256/raw/points/prefill/prefill-facebook-opt-1-3b-chunk-256-sm-24.csv
facebook/opt-1.3b,256,gemm,out_proj,24,0,87.0399996638298,118657024,119705600,1048576,1048576,1024,2026-04-15T13:52:28Z,baseline_nvml_pt,nvidia-smi,ok,1.0,117.0,1695.0,7601.0,69.56,0.21503999829292297,117.16015625,117.16015625,4.0,True,,93.0,51.5,82.5,estimated,,prefill-facebook-opt-1-3b-chunk-256-sm-24,success,,,/mnt/data/dheeraj/dicertation/inference-profile/runs/revised-rerun-20260415-145100-g2-opt13b-c64-256/raw/points/prefill/prefill-facebook-opt-1-3b-chunk-256-sm-24.csv
facebook/opt-1.3b,256,gemm,fc1,24,0,138.08000087738037,118657024,122851328,4194304,4194304,1024,2026-04-15T13:52:28Z,baseline_nvml_pt,nvidia-smi,ok,1.0,117.0,1695.0,7601.0,69.56,0.21503999829292297,117.16015625,117.16015625,4.0,True,,93.0,51.5,82.5,estimated,,prefill-facebook-opt-1-3b-chunk-256-sm-24,success,,,/mnt/data/dheeraj/dicertation/inference-profile/runs/revised-rerun-20260415-145100-g2-opt13b-c64-256/raw/points/prefill/prefill-facebook-opt-1-3b-chunk-256-sm-24.csv
facebook/opt-1.3b,256,gemm,fc2,24,0,178.01600694656372,118657024,119705600,1048576,1048576,1024,2026-04-15T13:52:28Z,baseline_nvml_pt,nvidia-smi,ok,1.0,117.0,1695.0,7601.0,69.56,0.21503999829292297,117.16015625,117.16015625,4.0,True,,93.0,51.5,82.5,estimated,,prefill-facebook-opt-1-3b-chunk-256-sm-24,success,,,/mnt/data/dheeraj/dicertation/inference-profile/runs/revised-rerun-20260415-145100-g2-opt13b-c64-256/raw/points/prefill/prefill-facebook-opt-1-3b-chunk-256-sm-24.csv
facebook/opt-1.3b,256,attention,attention,24,0,61.43999844789505,118657024,119739392,1082368,1048576,1024,2026-04-15T13:52:28Z,baseline_nvml_pt,nvidia-smi,ok,1.0,117.0,1695.0,7601.0,69.56,0.21503999829292297,117.16015625,117.16015625,4.0,True,,93.0,51.5,82.5,estimated,,prefill-facebook-opt-1-3b-chunk-256-sm-24,success,,,/mnt/data/dheeraj/dicertation/inference-profile/runs/revised-rerun-20260415-145100-g2-opt13b-c64-256/raw/points/prefill/prefill-facebook-opt-1-3b-chunk-256-sm-24.csv
facebook/opt-1.3b,256,gemm,q_proj,24,1,89.08800035715103,118657024,119705600,1048576,1048576,1024,2026-04-15T13:52:28Z,baseline_nvml_pt,nvidia-smi,ok,1.0,117.0,1695.0,7601.0,69.56,0.21503999829292297,117.16015625,117.16015625,4.0,True,,93.0,51.5,82.5,estimated,,prefill-facebook-opt-1-3b-chunk-256-sm-24,success,,,/mnt/data/dheeraj/dicertation/inference-profile/runs/revised-rerun-20260415-145100-g2-opt13b-c64-256/raw/points/prefill/prefill-facebook-opt-1-3b-chunk-256-sm-24.csv
facebook/opt-1.3b,256,gemm,k_proj,24,1,86.01599931716919,118657024,119705600,1048576,1048576,1024,2026-04-15T13:52:28Z,baseline_nvml_pt,nvidia-smi,ok,1.0,117.0,1695.0,7601.0,69.56,0.21503999829292297,117.16015625,117.16015625,4.0,True,,93.0,51.5,82.5,estimated,,prefill-facebook-opt-1-3b-chunk-256-sm-24,success,,,/mnt/data/dheeraj/dicertation/inference-profile/runs/revised-rerun-20260415-145100-g2-opt13b-c64-256/raw/points/prefill/prefill-facebook-opt-1-3b-chunk-256-sm-24.csv
facebook/opt-1.3b,256,gemm,v_proj,24,1,88.06400001049042,118657024,119705600,1048576,1048576,1024,2026-04-15T13:52:28Z,baseline_nvml_pt,nvidia-smi,ok,1.0,117.0,1695.0,7601.0,69.56,0.21503999829292297,117.16015625,117.16015625,4.0,True,,93.0,51.5,82.5,estimated,,prefill-facebook-opt-1-3b-chunk-256-sm-24,success,,,/mnt/data/dheeraj/dicertation/inference-profile/runs/revised-rerun-20260415-145100-g2-opt13b-c64-256/raw/points/prefill/prefill-facebook-opt-1-3b-chunk-256-sm-24.csv
facebook/opt-1.3b,256,gemm,out_proj,24,1,86.01599931716919,118657024,119705600,1048576,1048576,1024,2026-04-15T13:52:28Z,baseline_nvml_pt,nvidia-smi,ok,1.0,117.0,1695.0,7601.0,69.56,0.21503999829292297,117.16015625,117.16015625,4.0,True,,93.0,51.5,82.5,estimated,,prefill-facebook-opt-1-3b-chunk-256-sm-24,success,,,/mnt/data/dheeraj/dicertation/inference-profile/runs/revised-rerun-20260415-145100-g2-opt13b-c64-256/raw/points/prefill/prefill-facebook-opt-1-3b-chunk-256-sm-24.csv
facebook/opt-1.3b,256,gemm,fc1,24,1,135.16800105571747,118657024,122851328,4194304,4194304,1024,2026-04-15T13:52:28Z,baseline_nvml_pt,nvidia-smi,ok,1.0,117.0,1695.0,7601.0,69.56,0.21503999829292297,117.16015625,117.16015625,4.0,True,,93.0,51.5,82.5,estimated,,prefill-facebook-opt-1-3b-chunk-256-sm-24,success,,,/mnt/data/dheeraj/dicertation/inference-profile/runs/revised-rerun-20260415-145100-g2-opt13b-c64-256/raw/points/prefill/prefill-facebook-opt-1-3b-chunk-256-sm-24.csv
facebook/opt-1.3b,256,gemm,fc2,24,1,177.91999876499176,118657024,119705600,1048576,1048576,1024,2026-04-15T13:52:28Z,baseline_nvml_pt,nvidia-smi,ok,1.0,117.0,1695.0,7601.0,69.56,0.21503999829292297,117.16015625,117.16015625,4.0,True,,93.0,51.5,82.5,estimated,,prefill-facebook-opt-1-3b-chunk-256-sm-24,success,,,/mnt/data/dheeraj/dicertation/inference-profile/runs/revised-rerun-20260415-145100-g2-opt13b-c64-256/raw/points/prefill/prefill-facebook-opt-1-3b-chunk-256-sm-24.csv
facebook/opt-1.3b,256,attention,attention,24,1,60.15999987721443,118657024,119739392,1082368,1048576,1024,2026-04-15T13:52:28Z,baseline_nvml_pt,nvidia-smi,ok,1.0,117.0,1695.0,7601.0,69.56,0.21503999829292297,117.16015625,117.16015625,4.0,True,,93.0,51.5,82.5,estimated,,prefill-facebook-opt-1-3b-chunk-256-sm-24,success,,,/mnt/data/dheeraj/dicertation/inference-profile/runs/revised-rerun-20260415-145100-g2-opt13b-c64-256/raw/points/prefill/prefill-facebook-opt-1-3b-chunk-256-sm-24.csv
facebook/opt-1.3b,256,gemm,q_proj,24,2,89.08800035715103,118657024,119705600,1048576,1048576,1024,2026-04-15T13:52:28Z,baseline_nvml_pt,nvidia-smi,ok,1.0,117.0,1695.0,7601.0,69.56,0.21503999829292297,117.16015625,117.16015625,4.0,True,,93.0,51.5,82.5,estimated,,prefill-facebook-opt-1-3b-chunk-256-sm-24,success,,,/mnt/data/dheeraj/dicertation/inference-profile/runs/revised-rerun-20260415-145100-g2-opt13b-c64-256/raw/points/prefill/prefill-facebook-opt-1-3b-chunk-256-sm-24.csv
facebook/opt-1.3b,256,gemm,k_proj,24,2,92.16000139713287,118657024,119705600,1048576,1048576,1024,2026-04-15T13:52:28Z,baseline_nvml_pt,nvidia-smi,ok,1.0,117.0,1695.0,7601.0,69.56,0.21503999829292297,117.16015625,117.16015625,4.0,True,,93.0,51.5,82.5,estimated,,prefill-facebook-opt-1-3b-chunk-256-sm-24,success,,,/mnt/data/dheeraj/dicertation/inference-profile/runs/revised-rerun-20260415-145100-g2-opt13b-c64-256/raw/points/prefill/prefill-facebook-opt-1-3b-chunk-256-sm-24.csv
facebook/opt-1.3b,256,gemm,v_proj,24,2,84.99199897050858,118657024,119705600,1048576,1048576,1024,2026-04-15T13:52:28Z,baseline_nvml_pt,nvidia-smi,ok,1.0,117.0,1695.0,7601.0,69.56,0.21503999829292297,117.16015625,117.16015625,4.0,True,,93.0,51.5,82.5,estimated,,prefill-facebook-opt-1-3b-chunk-256-sm-24,success,,,/mnt/data/dheeraj/dicertation/inference-profile/runs/revised-rerun-20260415-145100-g2-opt13b-c64-256/raw/points/prefill/prefill-facebook-opt-1-3b-chunk-256-sm-24.csv
facebook/opt-1.3b,256,gemm,out_proj,24,2,86.94399893283844,118657024,119705600,1048576,1048576,1024,2026-04-15T13:52:28Z,baseline_nvml_pt,nvidia-smi,ok,1.0,117.0,1695.0,7601.0,69.56,0.21503999829292297,117.16015625,117.16015625,4.0,True,,93.0,51.5,82.5,estimated,,prefill-facebook-opt-1-3b-chunk-256-sm-24,success,,,/mnt/data/dheeraj/dicertation/inference-profile/runs/revised-rerun-20260415-145100-g2-opt13b-c64-256/raw/points/prefill/prefill-facebook-opt-1-3b-chunk-256-sm-24.csv
facebook/opt-1.3b,256,gemm,fc1,24,2,135.16800105571747,118657024,122851328,4194304,4194304,1024,2026-04-15T13:52:28Z,baseline_nvml_pt,nvidia-smi,ok,1.0,117.0,1695.0,7601.0,69.56,0.21503999829292297,117.16015625,117.16015625,4.0,True,,93.0,51.5,82.5,estimated,,prefill-facebook-opt-1-3b-chunk-256-sm-24,success,,,/mnt/data/dheeraj/dicertation/inference-profile/runs/revised-rerun-20260415-145100-g2-opt13b-c64-256/raw/points/prefill/prefill-facebook-opt-1-3b-chunk-256-sm-24.csv
facebook/opt-1.3b,256,gemm,fc2,24,2,175.10400712490082,118657024,119705600,1048576,1048576,1024,2026-04-15T13:52:28Z,baseline_nvml_pt,nvidia-smi,ok,1.0,117.0,1695.0,7601.0,69.56,0.21503999829292297,117.16015625,117.16015625,4.0,True,,93.0,51.5,82.5,estimated,,prefill-facebook-opt-1-3b-chunk-256-sm-24,success,,,/mnt/data/dheeraj/dicertation/inference-profile/runs/revised-rerun-20260415-145100-g2-opt13b-c64-256/raw/points/prefill/prefill-facebook-opt-1-3b-chunk-256-sm-24.csv
facebook/opt-1.3b,256,attention,attention,24,2,58.43200162053108,118657024,119739392,1082368,1048576,1024,2026-04-15T13:52:28Z,baseline_nvml_pt,nvidia-smi,ok,1.0,117.0,1695.0,7601.0,69.56,0.21503999829292297,117.16015625,117.16015625,4.0,True,,93.0,51.5,82.5,estimated,,prefill-facebook-opt-1-3b-chunk-256-sm-24,success,,,/mnt/data/dheeraj/dicertation/inference-profile/runs/revised-rerun-20260415-145100-g2-opt13b-c64-256/raw/points/prefill/prefill-facebook-opt-1-3b-chunk-256-sm-24.csv
facebook/opt-1.3b,256,gemm,q_proj,24,3,90.11200070381165,118657024,119705600,1048576,1048576,1024,2026-04-15T13:52:28Z,baseline_nvml_pt,nvidia-smi,ok,1.0,117.0,1695.0,7601.0,69.56,0.21503999829292297,117.16015625,117.16015625,4.0,True,,93.0,51.5,82.5,estimated,,prefill-facebook-opt-1-3b-chunk-256-sm-24,success,,,/mnt/data/dheeraj/dicertation/inference-profile/runs/revised-rerun-20260415-145100-g2-opt13b-c64-256/raw/points/prefill/prefill-facebook-opt-1-3b-chunk-256-sm-24.csv
facebook/opt-1.3b,256,gemm,k_proj,24,3,84.99199897050858,118657024,119705600,1048576,1048576,1024,2026-04-15T13:52:28Z,baseline_nvml_pt,nvidia-smi,ok,1.0,117.0,1695.0,7601.0,69.56,0.21503999829292297,117.16015625,117.16015625,4.0,True,,93.0,51.5,82.5,estimated,,prefill-facebook-opt-1-3b-chunk-256-sm-24,success,,,/mnt/data/dheeraj/dicertation/inference-profile/runs/revised-rerun-20260415-145100-g2-opt13b-c64-256/raw/points/prefill/prefill-facebook-opt-1-3b-chunk-256-sm-24.csv
facebook/opt-1.3b,256,gemm,v_proj,24,3,87.0399996638298,118657024,119705600,1048576,1048576,1024,2026-04-15T13:52:28Z,baseline_nvml_pt,nvidia-smi,ok,1.0,117.0,1695.0,7601.0,69.56,0.21503999829292297,117.16015625,117.16015625,4.0,True,,93.0,51.5,82.5,estimated,,prefill-facebook-opt-1-3b-chunk-256-sm-24,success,,,/mnt/data/dheeraj/dicertation/inference-profile/runs/revised-rerun-20260415-145100-g2-opt13b-c64-256/raw/points/prefill/prefill-facebook-opt-1-3b-chunk-256-sm-24.csv
facebook/opt-1.3b,256,gemm,out_proj,24,3,85.79199761152267,118657024,119705600,1048576,1048576,1024,2026-04-15T13:52:28Z,baseline_nvml_pt,nvidia-smi,ok,1.0,117.0,1695.0,7601.0,69.56,0.21503999829292297,117.16015625,117.16015625,4.0,True,,93.0,51.5,82.5,estimated,,prefill-facebook-opt-1-3b-chunk-256-sm-24,success,,,/mnt/data/dheeraj/dicertation/inference-profile/runs/revised-rerun-20260415-145100-g2-opt13b-c64-256/raw/points/prefill/prefill-facebook-opt-1-3b-chunk-256-sm-24.csv
facebook/opt-1.3b,256,gemm,fc1,24,3,142.33599603176117,118657024,122851328,4194304,4194304,1024,2026-04-15T13:52:28Z,baseline_nvml_pt,nvidia-smi,ok,1.0,117.0,1695.0,7601.0,69.56,0.21503999829292297,117.16015625,117.16015625,4.0,True,,93.0,51.5,82.5,estimated,,prefill-facebook-opt-1-3b-chunk-256-sm-24,success,,,/mnt/data/dheeraj/dicertation/inference-profile/runs/revised-rerun-20260415-145100-g2-opt13b-c64-256/raw/points/prefill/prefill-facebook-opt-1-3b-chunk-256-sm-24.csv
facebook/opt-1.3b,256,gemm,fc2,24,3,176.12800002098083,118657024,119705600,1048576,1048576,1024,2026-04-15T13:52:28Z,baseline_nvml_pt,nvidia-smi,ok,1.0,117.0,1695.0,7601.0,69.56,0.21503999829292297,117.16015625,117.16015625,4.0,True,,93.0,51.5,82.5,estimated,,prefill-facebook-opt-1-3b-chunk-256-sm-24,success,,,/mnt/data/dheeraj/dicertation/inference-profile/runs/revised-rerun-20260415-145100-g2-opt13b-c64-256/raw/points/prefill/prefill-facebook-opt-1-3b-chunk-256-sm-24.csv
facebook/opt-1.3b,256,attention,attention,24,3,215.03999829292297,118657024,119739392,1082368,1048576,1024,2026-04-15T13:52:28Z,baseline_nvml_pt,nvidia-smi,ok,1.0,117.0,1695.0,7601.0,69.56,0.21503999829292297,117.16015625,117.16015625,4.0,True,,93.0,51.5,82.5,estimated,,prefill-facebook-opt-1-3b-chunk-256-sm-24,success,,,/mnt/data/dheeraj/dicertation/inference-profile/runs/revised-rerun-20260415-145100-g2-opt13b-c64-256/raw/points/prefill/prefill-facebook-opt-1-3b-chunk-256-sm-24.csv
facebook/opt-1.3b,256,gemm,q_proj,24,4,87.87199854850769,118657024,119705600,1048576,1048576,1024,2026-04-15T13:52:28Z,baseline_nvml_pt,nvidia-smi,ok,1.0,117.0,1695.0,7601.0,69.56,0.21503999829292297,117.16015625,117.16015625,4.0,True,,93.0,51.5,82.5,estimated,,prefill-facebook-opt-1-3b-chunk-256-sm-24,success,,,/mnt/data/dheeraj/dicertation/inference-profile/runs/revised-rerun-20260415-145100-g2-opt13b-c64-256/raw/points/prefill/prefill-facebook-opt-1-3b-chunk-256-sm-24.csv
facebook/opt-1.3b,256,gemm,k_proj,24,4,84.99199897050858,118657024,119705600,1048576,1048576,1024,2026-04-15T13:52:28Z,baseline_nvml_pt,nvidia-smi,ok,1.0,117.0,1695.0,7601.0,69.56,0.21503999829292297,117.16015625,117.16015625,4.0,True,,93.0,51.5,82.5,estimated,,prefill-facebook-opt-1-3b-chunk-256-sm-24,success,,,/mnt/data/dheeraj/dicertation/inference-profile/runs/revised-rerun-20260415-145100-g2-opt13b-c64-256/raw/points/prefill/prefill-facebook-opt-1-3b-chunk-256-sm-24.csv
facebook/opt-1.3b,256,gemm,v_proj,24,4,84.99199897050858,118657024,119705600,1048576,1048576,1024,2026-04-15T13:52:28Z,baseline_nvml_pt,nvidia-smi,ok,1.0,117.0,1695.0,7601.0,69.56,0.21503999829292297,117.16015625,117.16015625,4.0,True,,93.0,51.5,82.5,estimated,,prefill-facebook-opt-1-3b-chunk-256-sm-24,success,,,/mnt/data/dheeraj/dicertation/inference-profile/runs/revised-rerun-20260415-145100-g2-opt13b-c64-256/raw/points/prefill/prefill-facebook-opt-1-3b-chunk-256-sm-24.csv
facebook/opt-1.3b,256,gemm,out_proj,24,4,84.99199897050858,118657024,119705600,1048576,1048576,1024,2026-04-15T13:52:28Z,baseline_nvml_pt,nvidia-smi,ok,1.0,117.0,1695.0,7601.0,69.56,0.21503999829292297,117.16015625,117.16015625,4.0,True,,93.0,51.5,82.5,estimated,,prefill-facebook-opt-1-3b-chunk-256-sm-24,success,,,/mnt/data/dheeraj/dicertation/inference-profile/runs/revised-rerun-20260415-145100-g2-opt13b-c64-256/raw/points/prefill/prefill-facebook-opt-1-3b-chunk-256-sm-24.csv
facebook/opt-1.3b,256,gemm,fc1,24,4,134.14399325847626,118657024,122851328,4194304,4194304,1024,2026-04-15T13:52:28Z,baseline_nvml_pt,nvidia-smi,ok,1.0,117.0,1695.0,7601.0,69.56,0.21503999829292297,117.16015625,117.16015625,4.0,True,,93.0,51.5,82.5,estimated,,prefill-facebook-opt-1-3b-chunk-256-sm-24,success,,,/mnt/data/dheeraj/dicertation/inference-profile/runs/revised-rerun-20260415-145100-g2-opt13b-c64-256/raw/points/prefill/prefill-facebook-opt-1-3b-chunk-256-sm-24.csv
facebook/opt-1.3b,256,gemm,fc2,24,4,174.0799993276596,118657024,119705600,1048576,1048576,1024,2026-04-15T13:52:28Z,baseline_nvml_pt,nvidia-smi,ok,1.0,117.0,1695.0,7601.0,69.56,0.21503999829292297,117.16015625,117.16015625,4.0,True,,93.0,51.5,82.5,estimated,,prefill-facebook-opt-1-3b-chunk-256-sm-24,success,,,/mnt/data/dheeraj/dicertation/inference-profile/runs/revised-rerun-20260415-145100-g2-opt13b-c64-256/raw/points/prefill/prefill-facebook-opt-1-3b-chunk-256-sm-24.csv
facebook/opt-1.3b,256,attention,attention,24,4,57.28000029921532,118657024,119739392,1082368,1048576,1024,2026-04-15T13:52:28Z,baseline_nvml_pt,nvidia-smi,ok,1.0,117.0,1695.0,7601.0,69.56,0.21503999829292297,117.16015625,117.16015625,4.0,True,,93.0,51.5,82.5,estimated,,prefill-facebook-opt-1-3b-chunk-256-sm-24,success,,,/mnt/data/dheeraj/dicertation/inference-profile/runs/revised-rerun-20260415-145100-g2-opt13b-c64-256/raw/points/prefill/prefill-facebook-opt-1-3b-chunk-256-sm-24.csv
facebook/opt-1.3b,256,gemm,q_proj,32,0,107.29599744081497,118657024,119705600,1048576,1048576,1024,2026-04-15T13:52:33Z,baseline_nvml_pt,nvidia-smi,ok,2.0,117.0,1695.0,7601.0,69.16,0.1812479943037033,117.16015625,117.16015625,4.0,True,,100.0,46.0,89.99999999999999,estimated,,prefill-facebook-opt-1-3b-chunk-256-sm-32,success,,,/mnt/data/dheeraj/dicertation/inference-profile/runs/revised-rerun-20260415-145100-g2-opt13b-c64-256/raw/points/prefill/prefill-facebook-opt-1-3b-chunk-256-sm-32.csv
facebook/opt-1.3b,256,gemm,k_proj,32,0,95.23200243711472,118657024,119705600,1048576,1048576,1024,2026-04-15T13:52:33Z,baseline_nvml_pt,nvidia-smi,ok,2.0,117.0,1695.0,7601.0,69.16,0.1812479943037033,117.16015625,117.16015625,4.0,True,,100.0,46.0,89.99999999999999,estimated,,prefill-facebook-opt-1-3b-chunk-256-sm-32,success,,,/mnt/data/dheeraj/dicertation/inference-profile/runs/revised-rerun-20260415-145100-g2-opt13b-c64-256/raw/points/prefill/prefill-facebook-opt-1-3b-chunk-256-sm-32.csv
facebook/opt-1.3b,256,gemm,v_proj,32,0,89.08800035715103,118657024,119705600,1048576,1048576,1024,2026-04-15T13:52:33Z,baseline_nvml_pt,nvidia-smi,ok,2.0,117.0,1695.0,7601.0,69.16,0.1812479943037033,117.16015625,117.16015625,4.0,True,,100.0,46.0,89.99999999999999,estimated,,prefill-facebook-opt-1-3b-chunk-256-sm-32,success,,,/mnt/data/dheeraj/dicertation/inference-profile/runs/revised-rerun-20260415-145100-g2-opt13b-c64-256/raw/points/prefill/prefill-facebook-opt-1-3b-chunk-256-sm-32.csv
facebook/opt-1.3b,256,gemm,out_proj,32,0,90.11200070381165,118657024,119705600,1048576,1048576,1024,2026-04-15T13:52:33Z,baseline_nvml_pt,nvidia-smi,ok,2.0,117.0,1695.0,7601.0,69.16,0.1812479943037033,117.16015625,117.16015625,4.0,True,,100.0,46.0,89.99999999999999,estimated,,prefill-facebook-opt-1-3b-chunk-256-sm-32,success,,,/mnt/data/dheeraj/dicertation/inference-profile/runs/revised-rerun-20260415-145100-g2-opt13b-c64-256/raw/points/prefill/prefill-facebook-opt-1-3b-chunk-256-sm-32.csv
facebook/opt-1.3b,256,gemm,fc1,32,0,141.31200313568115,118657024,122851328,4194304,4194304,1024,2026-04-15T13:52:33Z,baseline_nvml_pt,nvidia-smi,ok,2.0,117.0,1695.0,7601.0,69.16,0.1812479943037033,117.16015625,117.16015625,4.0,True,,100.0,46.0,89.99999999999999,estimated,,prefill-facebook-opt-1-3b-chunk-256-sm-32,success,,,/mnt/data/dheeraj/dicertation/inference-profile/runs/revised-rerun-20260415-145100-g2-opt13b-c64-256/raw/points/prefill/prefill-facebook-opt-1-3b-chunk-256-sm-32.csv
facebook/opt-1.3b,256,gemm,fc2,32,0,179.19999361038208,118657024,119705600,1048576,1048576,1024,2026-04-15T13:52:33Z,baseline_nvml_pt,nvidia-smi,ok,2.0,117.0,1695.0,7601.0,69.16,0.1812479943037033,117.16015625,117.16015625,4.0,True,,100.0,46.0,89.99999999999999,estimated,,prefill-facebook-opt-1-3b-chunk-256-sm-32,success,,,/mnt/data/dheeraj/dicertation/inference-profile/runs/revised-rerun-20260415-145100-g2-opt13b-c64-256/raw/points/prefill/prefill-facebook-opt-1-3b-chunk-256-sm-32.csv
facebook/opt-1.3b,256,attention,attention,32,0,60.575999319553375,118657024,119739392,1082368,1048576,1024,2026-04-15T13:52:33Z,baseline_nvml_pt,nvidia-smi,ok,2.0,117.0,1695.0,7601.0,69.16,0.1812479943037033,117.16015625,117.16015625,4.0,True,,100.0,46.0,89.99999999999999,estimated,,prefill-facebook-opt-1-3b-chunk-256-sm-32,success,,,/mnt/data/dheeraj/dicertation/inference-profile/runs/revised-rerun-20260415-145100-g2-opt13b-c64-256/raw/points/prefill/prefill-facebook-opt-1-3b-chunk-256-sm-32.csv
facebook/opt-1.3b,256,gemm,q_proj,32,1,89.08800035715103,118657024,119705600,1048576,1048576,1024,2026-04-15T13:52:33Z,baseline_nvml_pt,nvidia-smi,ok,2.0,117.0,1695.0,7601.0,69.16,0.1812479943037033,117.16015625,117.16015625,4.0,True,,100.0,46.0,89.99999999999999,estimated,,prefill-facebook-opt-1-3b-chunk-256-sm-32,success,,,/mnt/data/dheeraj/dicertation/inference-profile/runs/revised-rerun-20260415-145100-g2-opt13b-c64-256/raw/points/prefill/prefill-facebook-opt-1-3b-chunk-256-sm-32.csv
facebook/opt-1.3b,256,gemm,k_proj,32,1,88.28800171613693,118657024,119705600,1048576,1048576,1024,2026-04-15T13:52:33Z,baseline_nvml_pt,nvidia-smi,ok,2.0,117.0,1695.0,7601.0,69.16,0.1812479943037033,117.16015625,117.16015625,4.0,True,,100.0,46.0,89.99999999999999,estimated,,prefill-facebook-opt-1-3b-chunk-256-sm-32,success,,,/mnt/data/dheeraj/dicertation/inference-profile/runs/revised-rerun-20260415-145100-g2-opt13b-c64-256/raw/points/prefill/prefill-facebook-opt-1-3b-chunk-256-sm-32.csv
facebook/opt-1.3b,256,gemm,v_proj,32,1,84.99199897050858,118657024,119705600,1048576,1048576,1024,2026-04-15T13:52:33Z,baseline_nvml_pt,nvidia-smi,ok,2.0,117.0,1695.0,7601.0,69.16,0.1812479943037033,117.16015625,117.16015625,4.0,True,,100.0,46.0,89.99999999999999,estimated,,prefill-facebook-opt-1-3b-chunk-256-sm-32,success,,,/mnt/data/dheeraj/dicertation/inference-profile/runs/revised-rerun-20260415-145100-g2-opt13b-c64-256/raw/points/prefill/prefill-facebook-opt-1-3b-chunk-256-sm-32.csv
facebook/opt-1.3b,256,gemm,out_proj,32,1,86.01599931716919,118657024,119705600,1048576,1048576,1024,2026-04-15T13:52:33Z,baseline_nvml_pt,nvidia-smi,ok,2.0,117.0,1695.0,7601.0,69.16,0.1812479943037033,117.16015625,117.16015625,4.0,True,,100.0,46.0,89.99999999999999,estimated,,prefill-facebook-opt-1-3b-chunk-256-sm-32,success,,,/mnt/data/dheeraj/dicertation/inference-profile/runs/revised-rerun-20260415-145100-g2-opt13b-c64-256/raw/points/prefill/prefill-facebook-opt-1-3b-chunk-256-sm-32.csv
facebook/opt-1.3b,256,gemm,fc1,32,1,137.2160017490387,118657024,122851328,4194304,4194304,1024,2026-04-15T13:52:33Z,baseline_nvml_pt,nvidia-smi,ok,2.0,117.0,1695.0,7601.0,69.16,0.1812479943037033,117.16015625,117.16015625,4.0,True,,100.0,46.0,89.99999999999999,estimated,,prefill-facebook-opt-1-3b-chunk-256-sm-32,success,,,/mnt/data/dheeraj/dicertation/inference-profile/runs/revised-rerun-20260415-145100-g2-opt13b-c64-256/raw/points/prefill/prefill-facebook-opt-1-3b-chunk-256-sm-32.csv
facebook/opt-1.3b,256,gemm,fc2,32,1,176.12800002098083,118657024,119705600,1048576,1048576,1024,2026-04-15T13:52:33Z,baseline_nvml_pt,nvidia-smi,ok,2.0,117.0,1695.0,7601.0,69.16,0.1812479943037033,117.16015625,117.16015625,4.0,True,,100.0,46.0,89.99999999999999,estimated,,prefill-facebook-opt-1-3b-chunk-256-sm-32,success,,,/mnt/data/dheeraj/dicertation/inference-profile/runs/revised-rerun-20260415-145100-g2-opt13b-c64-256/raw/points/prefill/prefill-facebook-opt-1-3b-chunk-256-sm-32.csv
facebook/opt-1.3b,256,attention,attention,32,1,105.47199845314026,118657024,119739392,1082368,1048576,1024,2026-04-15T13:52:33Z,baseline_nvml_pt,nvidia-smi,ok,2.0,117.0,1695.0,7601.0,69.16,0.1812479943037033,117.16015625,117.16015625,4.0,True,,100.0,46.0,89.99999999999999,estimated,,prefill-facebook-opt-1-3b-chunk-256-sm-32,success,,,/mnt/data/dheeraj/dicertation/inference-profile/runs/revised-rerun-20260415-145100-g2-opt13b-c64-256/raw/points/prefill/prefill-facebook-opt-1-3b-chunk-256-sm-32.csv
facebook/opt-1.3b,256,gemm,q_proj,32,2,91.13600105047226,118657024,119705600,1048576,1048576,1024,2026-04-15T13:52:33Z,baseline_nvml_pt,nvidia-smi,ok,2.0,117.0,1695.0,7601.0,69.16,0.1812479943037033,117.16015625,117.16015625,4.0,True,,100.0,46.0,89.99999999999999,estimated,,prefill-facebook-opt-1-3b-chunk-256-sm-32,success,,,/mnt/data/dheeraj/dicertation/inference-profile/runs/revised-rerun-20260415-145100-g2-opt13b-c64-256/raw/points/prefill/prefill-facebook-opt-1-3b-chunk-256-sm-32.csv
facebook/opt-1.3b,256,gemm,k_proj,32,2,94.04800087213516,118657024,119705600,1048576,1048576,1024,2026-04-15T13:52:33Z,baseline_nvml_pt,nvidia-smi,ok,2.0,117.0,1695.0,7601.0,69.16,0.1812479943037033,117.16015625,117.16015625,4.0,True,,100.0,46.0,89.99999999999999,estimated,,prefill-facebook-opt-1-3b-chunk-256-sm-32,success,,,/mnt/data/dheeraj/dicertation/inference-profile/runs/revised-rerun-20260415-145100-g2-opt13b-c64-256/raw/points/prefill/prefill-facebook-opt-1-3b-chunk-256-sm-32.csv
facebook/opt-1.3b,256,gemm,v_proj,32,2,88.06400001049042,118657024,119705600,1048576,1048576,1024,2026-04-15T13:52:33Z,baseline_nvml_pt,nvidia-smi,ok,2.0,117.0,1695.0,7601.0,69.16,0.1812479943037033,117.16015625,117.16015625,4.0,True,,100.0,46.0,89.99999999999999,estimated,,prefill-facebook-opt-1-3b-chunk-256-sm-32,success,,,/mnt/data/dheeraj/dicertation/inference-profile/runs/revised-rerun-20260415-145100-g2-opt13b-c64-256/raw/points/prefill/prefill-facebook-opt-1-3b-chunk-256-sm-32.csv
facebook/opt-1.3b,256,gemm,out_proj,32,2,84.99199897050858,118657024,119705600,1048576,1048576,1024,2026-04-15T13:52:33Z,baseline_nvml_pt,nvidia-smi,ok,2.0,117.0,1695.0,7601.0,69.16,0.1812479943037033,117.16015625,117.16015625,4.0,True,,100.0,46.0,89.99999999999999,estimated,,prefill-facebook-opt-1-3b-chunk-256-sm-32,success,,,/mnt/data/dheeraj/dicertation/inference-profile/runs/revised-rerun-20260415-145100-g2-opt13b-c64-256/raw/points/prefill/prefill-facebook-opt-1-3b-chunk-256-sm-32.csv
facebook/opt-1.3b,256,gemm,fc1,32,2,138.2399946451187,118657024,122851328,4194304,4194304,1024,2026-04-15T13:52:33Z,baseline_nvml_pt,nvidia-smi,ok,2.0,117.0,1695.0,7601.0,69.16,0.1812479943037033,117.16015625,117.16015625,4.0,True,,100.0,46.0,89.99999999999999,estimated,,prefill-facebook-opt-1-3b-chunk-256-sm-32,success,,,/mnt/data/dheeraj/dicertation/inference-profile/runs/revised-rerun-20260415-145100-g2-opt13b-c64-256/raw/points/prefill/prefill-facebook-opt-1-3b-chunk-256-sm-32.csv
facebook/opt-1.3b,256,gemm,fc2,32,2,175.10400712490082,118657024,119705600,1048576,1048576,1024,2026-04-15T13:52:33Z,baseline_nvml_pt,nvidia-smi,ok,2.0,117.0,1695.0,7601.0,69.16,0.1812479943037033,117.16015625,117.16015625,4.0,True,,100.0,46.0,89.99999999999999,estimated,,prefill-facebook-opt-1-3b-chunk-256-sm-32,success,,,/mnt/data/dheeraj/dicertation/inference-profile/runs/revised-rerun-20260415-145100-g2-opt13b-c64-256/raw/points/prefill/prefill-facebook-opt-1-3b-chunk-256-sm-32.csv
facebook/opt-1.3b,256,attention,attention,32,2,58.36800113320351,118657024,119739392,1082368,1048576,1024,2026-04-15T13:52:33Z,baseline_nvml_pt,nvidia-smi,ok,2.0,117.0,1695.0,7601.0,69.16,0.1812479943037033,117.16015625,117.16015625,4.0,True,,100.0,46.0,89.99999999999999,estimated,,prefill-facebook-opt-1-3b-chunk-256-sm-32,success,,,/mnt/data/dheeraj/dicertation/inference-profile/runs/revised-rerun-20260415-145100-g2-opt13b-c64-256/raw/points/prefill/prefill-facebook-opt-1-3b-chunk-256-sm-32.csv
facebook/opt-1.3b,256,gemm,q_proj,32,3,89.08800035715103,118657024,119705600,1048576,1048576,1024,2026-04-15T13:52:33Z,baseline_nvml_pt,nvidia-smi,ok,2.0,117.0,1695.0,7601.0,69.16,0.1812479943037033,117.16015625,117.16015625,4.0,True,,100.0,46.0,89.99999999999999,estimated,,prefill-facebook-opt-1-3b-chunk-256-sm-32,success,,,/mnt/data/dheeraj/dicertation/inference-profile/runs/revised-rerun-20260415-145100-g2-opt13b-c64-256/raw/points/prefill/prefill-facebook-opt-1-3b-chunk-256-sm-32.csv
facebook/opt-1.3b,256,gemm,k_proj,32,3,84.99199897050858,118657024,119705600,1048576,1048576,1024,2026-04-15T13:52:33Z,baseline_nvml_pt,nvidia-smi,ok,2.0,117.0,1695.0,7601.0,69.16,0.1812479943037033,117.16015625,117.16015625,4.0,True,,100.0,46.0,89.99999999999999,estimated,,prefill-facebook-opt-1-3b-chunk-256-sm-32,success,,,/mnt/data/dheeraj/dicertation/inference-profile/runs/revised-rerun-20260415-145100-g2-opt13b-c64-256/raw/points/prefill/prefill-facebook-opt-1-3b-chunk-256-sm-32.csv
facebook/opt-1.3b,256,gemm,v_proj,32,3,85.02399921417236,118657024,119705600,1048576,1048576,1024,2026-04-15T13:52:33Z,baseline_nvml_pt,nvidia-smi,ok,2.0,117.0,1695.0,7601.0,69.16,0.1812479943037033,117.16015625,117.16015625,4.0,True,,100.0,46.0,89.99999999999999,estimated,,prefill-facebook-opt-1-3b-chunk-256-sm-32,success,,,/mnt/data/dheeraj/dicertation/inference-profile/runs/revised-rerun-20260415-145100-g2-opt13b-c64-256/raw/points/prefill/prefill-facebook-opt-1-3b-chunk-256-sm-32.csv
facebook/opt-1.3b,256,gemm,out_proj,32,3,87.0399996638298,118657024,119705600,1048576,1048576,1024,2026-04-15T13:52:33Z,baseline_nvml_pt,nvidia-smi,ok,2.0,117.0,1695.0,7601.0,69.16,0.1812479943037033,117.16015625,117.16015625,4.0,True,,100.0,46.0,89.99999999999999,estimated,,prefill-facebook-opt-1-3b-chunk-256-sm-32,success,,,/mnt/data/dheeraj/dicertation/inference-profile/runs/revised-rerun-20260415-145100-g2-opt13b-c64-256/raw/points/prefill/prefill-facebook-opt-1-3b-chunk-256-sm-32.csv
facebook/opt-1.3b,256,gemm,fc1,32,3,135.13599336147308,118657024,122851328,4194304,4194304,1024,2026-04-15T13:52:33Z,baseline_nvml_pt,nvidia-smi,ok,2.0,117.0,1695.0,7601.0,69.16,0.1812479943037033,117.16015625,117.16015625,4.0,True,,100.0,46.0,89.99999999999999,estimated,,prefill-facebook-opt-1-3b-chunk-256-sm-32,success,,,/mnt/data/dheeraj/dicertation/inference-profile/runs/revised-rerun-20260415-145100-g2-opt13b-c64-256/raw/points/prefill/prefill-facebook-opt-1-3b-chunk-256-sm-32.csv
facebook/opt-1.3b,256,gemm,fc2,32,3,181.2479943037033,118657024,119705600,1048576,1048576,1024,2026-04-15T13:52:33Z,baseline_nvml_pt,nvidia-smi,ok,2.0,117.0,1695.0,7601.0,69.16,0.1812479943037033,117.16015625,117.16015625,4.0,True,,100.0,46.0,89.99999999999999,estimated,,prefill-facebook-opt-1-3b-chunk-256-sm-32,success,,,/mnt/data/dheeraj/dicertation/inference-profile/runs/revised-rerun-20260415-145100-g2-opt13b-c64-256/raw/points/prefill/prefill-facebook-opt-1-3b-chunk-256-sm-32.csv
facebook/opt-1.3b,256,attention,attention,32,3,57.37600103020668,118657024,119739392,1082368,1048576,1024,2026-04-15T13:52:33Z,baseline_nvml_pt,nvidia-smi,ok,2.0,117.0,1695.0,7601.0,69.16,0.1812479943037033,117.16015625,117.16015625,4.0,True,,100.0,46.0,89.99999999999999,estimated,,prefill-facebook-opt-1-3b-chunk-256-sm-32,success,,,/mnt/data/dheeraj/dicertation/inference-profile/runs/revised-rerun-20260415-145100-g2-opt13b-c64-256/raw/points/prefill/prefill-facebook-opt-1-3b-chunk-256-sm-32.csv
facebook/opt-1.3b,256,gemm,q_proj,32,4,87.0399996638298,118657024,119705600,1048576,1048576,1024,2026-04-15T13:52:33Z,baseline_nvml_pt,nvidia-smi,ok,2.0,117.0,1695.0,7601.0,69.16,0.1812479943037033,117.16015625,117.16015625,4.0,True,,100.0,46.0,89.99999999999999,estimated,,prefill-facebook-opt-1-3b-chunk-256-sm-32,success,,,/mnt/data/dheeraj/dicertation/inference-profile/runs/revised-rerun-20260415-145100-g2-opt13b-c64-256/raw/points/prefill/prefill-facebook-opt-1-3b-chunk-256-sm-32.csv
facebook/opt-1.3b,256,gemm,k_proj,32,4,91.13600105047226,118657024,119705600,1048576,1048576,1024,2026-04-15T13:52:33Z,baseline_nvml_pt,nvidia-smi,ok,2.0,117.0,1695.0,7601.0,69.16,0.1812479943037033,117.16015625,117.16015625,4.0,True,,100.0,46.0,89.99999999999999,estimated,,prefill-facebook-opt-1-3b-chunk-256-sm-32,success,,,/mnt/data/dheeraj/dicertation/inference-profile/runs/revised-rerun-20260415-145100-g2-opt13b-c64-256/raw/points/prefill/prefill-facebook-opt-1-3b-chunk-256-sm-32.csv
facebook/opt-1.3b,256,gemm,v_proj,32,4,86.01599931716919,118657024,119705600,1048576,1048576,1024,2026-04-15T13:52:33Z,baseline_nvml_pt,nvidia-smi,ok,2.0,117.0,1695.0,7601.0,69.16,0.1812479943037033,117.16015625,117.16015625,4.0,True,,100.0,46.0,89.99999999999999,estimated,,prefill-facebook-opt-1-3b-chunk-256-sm-32,success,,,/mnt/data/dheeraj/dicertation/inference-profile/runs/revised-rerun-20260415-145100-g2-opt13b-c64-256/raw/points/prefill/prefill-facebook-opt-1-3b-chunk-256-sm-32.csv
facebook/opt-1.3b,256,gemm,out_proj,32,4,82.68799632787704,118657024,119705600,1048576,1048576,1024,2026-04-15T13:52:33Z,baseline_nvml_pt,nvidia-smi,ok,2.0,117.0,1695.0,7601.0,69.16,0.1812479943037033,117.16015625,117.16015625,4.0,True,,100.0,46.0,89.99999999999999,estimated,,prefill-facebook-opt-1-3b-chunk-256-sm-32,success,,,/mnt/data/dheeraj/dicertation/inference-profile/runs/revised-rerun-20260415-145100-g2-opt13b-c64-256/raw/points/prefill/prefill-facebook-opt-1-3b-chunk-256-sm-32.csv
facebook/opt-1.3b,256,gemm,fc1,32,4,133.95200669765472,118657024,122851328,4194304,4194304,1024,2026-04-15T13:52:33Z,baseline_nvml_pt,nvidia-smi,ok,2.0,117.0,1695.0,7601.0,69.16,0.1812479943037033,117.16015625,117.16015625,4.0,True,,100.0,46.0,89.99999999999999,estimated,,prefill-facebook-opt-1-3b-chunk-256-sm-32,success,,,/mnt/data/dheeraj/dicertation/inference-profile/runs/revised-rerun-20260415-145100-g2-opt13b-c64-256/raw/points/prefill/prefill-facebook-opt-1-3b-chunk-256-sm-32.csv
facebook/opt-1.3b,256,gemm,fc2,32,4,176.12800002098083,118657024,119705600,1048576,1048576,1024,2026-04-15T13:52:33Z,baseline_nvml_pt,nvidia-smi,ok,2.0,117.0,1695.0,7601.0,69.16,0.1812479943037033,117.16015625,117.16015625,4.0,True,,100.0,46.0,89.99999999999999,estimated,,prefill-facebook-opt-1-3b-chunk-256-sm-32,success,,,/mnt/data/dheeraj/dicertation/inference-profile/runs/revised-rerun-20260415-145100-g2-opt13b-c64-256/raw/points/prefill/prefill-facebook-opt-1-3b-chunk-256-sm-32.csv
facebook/opt-1.3b,256,attention,attention,32,4,57.34400078654289,118657024,119739392,1082368,1048576,1024,2026-04-15T13:52:33Z,baseline_nvml_pt,nvidia-smi,ok,2.0,117.0,1695.0,7601.0,69.16,0.1812479943037033,117.16015625,117.16015625,4.0,True,,100.0,46.0,89.99999999999999,estimated,,prefill-facebook-opt-1-3b-chunk-256-sm-32,success,,,/mnt/data/dheeraj/dicertation/inference-profile/runs/revised-rerun-20260415-145100-g2-opt13b-c64-256/raw/points/prefill/prefill-facebook-opt-1-3b-chunk-256-sm-32.csv
