model_id,chunk_tokens,op_type,op_name,sm_ai_partition,timed_iteration,duration_us,baseline_vram_bytes,peak_vram_bytes,dynamic_workspace_bytes,output_bytes,max_input_tokens,telemetry_ts,telemetry_tier,telemetry_provider,telemetry_status,gpu_util,gpu_mem_used_mb,sm_clock_mhz,mem_clock_mhz,power_w,pt_step_ms,pt_mem_alloc_mb,pt_mem_reserved_mb,pt_workspace_mb,nvml_available,sampling_error,acu_pct,gbu_pct,smu_pct,microscopic_telemetry_status,microscopic_error,point_id,public_status,failure_kind,failure_cause,raw_output_path
facebook/opt-6.7b,512,gemm,q_proj,8,0,236.54399812221527,445849600,450043904,4194304,4194304,1024,2026-04-15T16:20:01Z,baseline_nvml_pt,nvidia-smi,ok,9.0,109.0,1695.0,7601.0,68.16,0.8550400137901306,441.1953125,441.1953125,16.0,True,,88.48000000000002,54.99999999999999,74.25,estimated,,prefill-facebook-opt-6-7b-chunk-512-sm-8,success,,,/mnt/data/dheeraj/dicertation/inference-profile/runs/revised-rerun-20260415-171945-g7-opt67b-c512-1024/raw/points/prefill/prefill-facebook-opt-6-7b-chunk-512-sm-8.csv
facebook/opt-6.7b,512,gemm,k_proj,8,0,227.32800245285034,445849600,450043904,4194304,4194304,1024,2026-04-15T16:20:01Z,baseline_nvml_pt,nvidia-smi,ok,9.0,109.0,1695.0,7601.0,68.16,0.8550400137901306,441.1953125,441.1953125,16.0,True,,88.48000000000002,54.99999999999999,74.25,estimated,,prefill-facebook-opt-6-7b-chunk-512-sm-8,success,,,/mnt/data/dheeraj/dicertation/inference-profile/runs/revised-rerun-20260415-171945-g7-opt67b-c512-1024/raw/points/prefill/prefill-facebook-opt-6-7b-chunk-512-sm-8.csv
facebook/opt-6.7b,512,gemm,v_proj,8,0,217.02399849891663,445849600,450043904,4194304,4194304,1024,2026-04-15T16:20:01Z,baseline_nvml_pt,nvidia-smi,ok,9.0,109.0,1695.0,7601.0,68.16,0.8550400137901306,441.1953125,441.1953125,16.0,True,,88.48000000000002,54.99999999999999,74.25,estimated,,prefill-facebook-opt-6-7b-chunk-512-sm-8,success,,,/mnt/data/dheeraj/dicertation/inference-profile/runs/revised-rerun-20260415-171945-g7-opt67b-c512-1024/raw/points/prefill/prefill-facebook-opt-6-7b-chunk-512-sm-8.csv
facebook/opt-6.7b,512,gemm,out_proj,8,0,215.03999829292297,445849600,450043904,4194304,4194304,1024,2026-04-15T16:20:01Z,baseline_nvml_pt,nvidia-smi,ok,9.0,109.0,1695.0,7601.0,68.16,0.8550400137901306,441.1953125,441.1953125,16.0,True,,88.48000000000002,54.99999999999999,74.25,estimated,,prefill-facebook-opt-6-7b-chunk-512-sm-8,success,,,/mnt/data/dheeraj/dicertation/inference-profile/runs/revised-rerun-20260415-171945-g7-opt67b-c512-1024/raw/points/prefill/prefill-facebook-opt-6-7b-chunk-512-sm-8.csv
facebook/opt-6.7b,512,gemm,fc1,8,0,843.7759876251221,445849600,462626816,16777216,16777216,1024,2026-04-15T16:20:01Z,baseline_nvml_pt,nvidia-smi,ok,9.0,109.0,1695.0,7601.0,68.16,0.8550400137901306,441.1953125,441.1953125,16.0,True,,88.48000000000002,54.99999999999999,74.25,estimated,,prefill-facebook-opt-6-7b-chunk-512-sm-8,success,,,/mnt/data/dheeraj/dicertation/inference-profile/runs/revised-rerun-20260415-171945-g7-opt67b-c512-1024/raw/points/prefill/prefill-facebook-opt-6-7b-chunk-512-sm-8.csv
facebook/opt-6.7b,512,gemm,fc2,8,0,706.5600156784058,445849600,450043904,4194304,4194304,1024,2026-04-15T16:20:01Z,baseline_nvml_pt,nvidia-smi,ok,9.0,109.0,1695.0,7601.0,68.16,0.8550400137901306,441.1953125,441.1953125,16.0,True,,88.48000000000002,54.99999999999999,74.25,estimated,,prefill-facebook-opt-6-7b-chunk-512-sm-8,success,,,/mnt/data/dheeraj/dicertation/inference-profile/runs/revised-rerun-20260415-171945-g7-opt67b-c512-1024/raw/points/prefill/prefill-facebook-opt-6-7b-chunk-512-sm-8.csv
facebook/opt-6.7b,512,attention,attention,8,0,102.39999741315842,445849600,450110464,4260864,4194304,1024,2026-04-15T16:20:01Z,baseline_nvml_pt,nvidia-smi,ok,9.0,109.0,1695.0,7601.0,68.16,0.8550400137901306,441.1953125,441.1953125,16.0,True,,88.48000000000002,54.99999999999999,74.25,estimated,,prefill-facebook-opt-6-7b-chunk-512-sm-8,success,,,/mnt/data/dheeraj/dicertation/inference-profile/runs/revised-rerun-20260415-171945-g7-opt67b-c512-1024/raw/points/prefill/prefill-facebook-opt-6-7b-chunk-512-sm-8.csv
facebook/opt-6.7b,512,gemm,q_proj,8,1,217.0879989862442,445849600,450043904,4194304,4194304,1024,2026-04-15T16:20:01Z,baseline_nvml_pt,nvidia-smi,ok,9.0,109.0,1695.0,7601.0,68.16,0.8550400137901306,441.1953125,441.1953125,16.0,True,,88.48000000000002,54.99999999999999,74.25,estimated,,prefill-facebook-opt-6-7b-chunk-512-sm-8,success,,,/mnt/data/dheeraj/dicertation/inference-profile/runs/revised-rerun-20260415-171945-g7-opt67b-c512-1024/raw/points/prefill/prefill-facebook-opt-6-7b-chunk-512-sm-8.csv
facebook/opt-6.7b,512,gemm,k_proj,8,1,210.94399690628052,445849600,450043904,4194304,4194304,1024,2026-04-15T16:20:01Z,baseline_nvml_pt,nvidia-smi,ok,9.0,109.0,1695.0,7601.0,68.16,0.8550400137901306,441.1953125,441.1953125,16.0,True,,88.48000000000002,54.99999999999999,74.25,estimated,,prefill-facebook-opt-6-7b-chunk-512-sm-8,success,,,/mnt/data/dheeraj/dicertation/inference-profile/runs/revised-rerun-20260415-171945-g7-opt67b-c512-1024/raw/points/prefill/prefill-facebook-opt-6-7b-chunk-512-sm-8.csv
facebook/opt-6.7b,512,gemm,v_proj,8,1,211.71200275421143,445849600,450043904,4194304,4194304,1024,2026-04-15T16:20:01Z,baseline_nvml_pt,nvidia-smi,ok,9.0,109.0,1695.0,7601.0,68.16,0.8550400137901306,441.1953125,441.1953125,16.0,True,,88.48000000000002,54.99999999999999,74.25,estimated,,prefill-facebook-opt-6-7b-chunk-512-sm-8,success,,,/mnt/data/dheeraj/dicertation/inference-profile/runs/revised-rerun-20260415-171945-g7-opt67b-c512-1024/raw/points/prefill/prefill-facebook-opt-6-7b-chunk-512-sm-8.csv
facebook/opt-6.7b,512,gemm,out_proj,8,1,209.9200040102005,445849600,450043904,4194304,4194304,1024,2026-04-15T16:20:01Z,baseline_nvml_pt,nvidia-smi,ok,9.0,109.0,1695.0,7601.0,68.16,0.8550400137901306,441.1953125,441.1953125,16.0,True,,88.48000000000002,54.99999999999999,74.25,estimated,,prefill-facebook-opt-6-7b-chunk-512-sm-8,success,,,/mnt/data/dheeraj/dicertation/inference-profile/runs/revised-rerun-20260415-171945-g7-opt67b-c512-1024/raw/points/prefill/prefill-facebook-opt-6-7b-chunk-512-sm-8.csv
facebook/opt-6.7b,512,gemm,fc1,8,1,827.3919820785522,445849600,462626816,16777216,16777216,1024,2026-04-15T16:20:01Z,baseline_nvml_pt,nvidia-smi,ok,9.0,109.0,1695.0,7601.0,68.16,0.8550400137901306,441.1953125,441.1953125,16.0,True,,88.48000000000002,54.99999999999999,74.25,estimated,,prefill-facebook-opt-6-7b-chunk-512-sm-8,success,,,/mnt/data/dheeraj/dicertation/inference-profile/runs/revised-rerun-20260415-171945-g7-opt67b-c512-1024/raw/points/prefill/prefill-facebook-opt-6-7b-chunk-512-sm-8.csv
facebook/opt-6.7b,512,gemm,fc2,8,1,707.4559926986694,445849600,450043904,4194304,4194304,1024,2026-04-15T16:20:01Z,baseline_nvml_pt,nvidia-smi,ok,9.0,109.0,1695.0,7601.0,68.16,0.8550400137901306,441.1953125,441.1953125,16.0,True,,88.48000000000002,54.99999999999999,74.25,estimated,,prefill-facebook-opt-6-7b-chunk-512-sm-8,success,,,/mnt/data/dheeraj/dicertation/inference-profile/runs/revised-rerun-20260415-171945-g7-opt67b-c512-1024/raw/points/prefill/prefill-facebook-opt-6-7b-chunk-512-sm-8.csv
facebook/opt-6.7b,512,attention,attention,8,1,104.44799810647964,445849600,450110464,4260864,4194304,1024,2026-04-15T16:20:01Z,baseline_nvml_pt,nvidia-smi,ok,9.0,109.0,1695.0,7601.0,68.16,0.8550400137901306,441.1953125,441.1953125,16.0,True,,88.48000000000002,54.99999999999999,74.25,estimated,,prefill-facebook-opt-6-7b-chunk-512-sm-8,success,,,/mnt/data/dheeraj/dicertation/inference-profile/runs/revised-rerun-20260415-171945-g7-opt67b-c512-1024/raw/points/prefill/prefill-facebook-opt-6-7b-chunk-512-sm-8.csv
facebook/opt-6.7b,512,gemm,q_proj,8,2,302.0800054073334,445849600,450043904,4194304,4194304,1024,2026-04-15T16:20:01Z,baseline_nvml_pt,nvidia-smi,ok,9.0,109.0,1695.0,7601.0,68.16,0.8550400137901306,441.1953125,441.1953125,16.0,True,,88.48000000000002,54.99999999999999,74.25,estimated,,prefill-facebook-opt-6-7b-chunk-512-sm-8,success,,,/mnt/data/dheeraj/dicertation/inference-profile/runs/revised-rerun-20260415-171945-g7-opt67b-c512-1024/raw/points/prefill/prefill-facebook-opt-6-7b-chunk-512-sm-8.csv
facebook/opt-6.7b,512,gemm,k_proj,8,2,238.5919988155365,445849600,450043904,4194304,4194304,1024,2026-04-15T16:20:01Z,baseline_nvml_pt,nvidia-smi,ok,9.0,109.0,1695.0,7601.0,68.16,0.8550400137901306,441.1953125,441.1953125,16.0,True,,88.48000000000002,54.99999999999999,74.25,estimated,,prefill-facebook-opt-6-7b-chunk-512-sm-8,success,,,/mnt/data/dheeraj/dicertation/inference-profile/runs/revised-rerun-20260415-171945-g7-opt67b-c512-1024/raw/points/prefill/prefill-facebook-opt-6-7b-chunk-512-sm-8.csv
facebook/opt-6.7b,512,gemm,v_proj,8,2,224.2559939622879,445849600,450043904,4194304,4194304,1024,2026-04-15T16:20:01Z,baseline_nvml_pt,nvidia-smi,ok,9.0,109.0,1695.0,7601.0,68.16,0.8550400137901306,441.1953125,441.1953125,16.0,True,,88.48000000000002,54.99999999999999,74.25,estimated,,prefill-facebook-opt-6-7b-chunk-512-sm-8,success,,,/mnt/data/dheeraj/dicertation/inference-profile/runs/revised-rerun-20260415-171945-g7-opt67b-c512-1024/raw/points/prefill/prefill-facebook-opt-6-7b-chunk-512-sm-8.csv
facebook/opt-6.7b,512,gemm,out_proj,8,2,222.20799326896667,445849600,450043904,4194304,4194304,1024,2026-04-15T16:20:01Z,baseline_nvml_pt,nvidia-smi,ok,9.0,109.0,1695.0,7601.0,68.16,0.8550400137901306,441.1953125,441.1953125,16.0,True,,88.48000000000002,54.99999999999999,74.25,estimated,,prefill-facebook-opt-6-7b-chunk-512-sm-8,success,,,/mnt/data/dheeraj/dicertation/inference-profile/runs/revised-rerun-20260415-171945-g7-opt67b-c512-1024/raw/points/prefill/prefill-facebook-opt-6-7b-chunk-512-sm-8.csv
facebook/opt-6.7b,512,gemm,fc1,8,2,855.0400137901306,445849600,462626816,16777216,16777216,1024,2026-04-15T16:20:01Z,baseline_nvml_pt,nvidia-smi,ok,9.0,109.0,1695.0,7601.0,68.16,0.8550400137901306,441.1953125,441.1953125,16.0,True,,88.48000000000002,54.99999999999999,74.25,estimated,,prefill-facebook-opt-6-7b-chunk-512-sm-8,success,,,/mnt/data/dheeraj/dicertation/inference-profile/runs/revised-rerun-20260415-171945-g7-opt67b-c512-1024/raw/points/prefill/prefill-facebook-opt-6-7b-chunk-512-sm-8.csv
facebook/opt-6.7b,512,gemm,fc2,8,2,712.7040028572083,445849600,450043904,4194304,4194304,1024,2026-04-15T16:20:01Z,baseline_nvml_pt,nvidia-smi,ok,9.0,109.0,1695.0,7601.0,68.16,0.8550400137901306,441.1953125,441.1953125,16.0,True,,88.48000000000002,54.99999999999999,74.25,estimated,,prefill-facebook-opt-6-7b-chunk-512-sm-8,success,,,/mnt/data/dheeraj/dicertation/inference-profile/runs/revised-rerun-20260415-171945-g7-opt67b-c512-1024/raw/points/prefill/prefill-facebook-opt-6-7b-chunk-512-sm-8.csv
facebook/opt-6.7b,512,attention,attention,8,2,136.19199395179749,445849600,450110464,4260864,4194304,1024,2026-04-15T16:20:01Z,baseline_nvml_pt,nvidia-smi,ok,9.0,109.0,1695.0,7601.0,68.16,0.8550400137901306,441.1953125,441.1953125,16.0,True,,88.48000000000002,54.99999999999999,74.25,estimated,,prefill-facebook-opt-6-7b-chunk-512-sm-8,success,,,/mnt/data/dheeraj/dicertation/inference-profile/runs/revised-rerun-20260415-171945-g7-opt67b-c512-1024/raw/points/prefill/prefill-facebook-opt-6-7b-chunk-512-sm-8.csv
facebook/opt-6.7b,512,gemm,q_proj,8,3,219.13599967956543,445849600,450043904,4194304,4194304,1024,2026-04-15T16:20:01Z,baseline_nvml_pt,nvidia-smi,ok,9.0,109.0,1695.0,7601.0,68.16,0.8550400137901306,441.1953125,441.1953125,16.0,True,,88.48000000000002,54.99999999999999,74.25,estimated,,prefill-facebook-opt-6-7b-chunk-512-sm-8,success,,,/mnt/data/dheeraj/dicertation/inference-profile/runs/revised-rerun-20260415-171945-g7-opt67b-c512-1024/raw/points/prefill/prefill-facebook-opt-6-7b-chunk-512-sm-8.csv
facebook/opt-6.7b,512,gemm,k_proj,8,3,216.06400609016418,445849600,450043904,4194304,4194304,1024,2026-04-15T16:20:01Z,baseline_nvml_pt,nvidia-smi,ok,9.0,109.0,1695.0,7601.0,68.16,0.8550400137901306,441.1953125,441.1953125,16.0,True,,88.48000000000002,54.99999999999999,74.25,estimated,,prefill-facebook-opt-6-7b-chunk-512-sm-8,success,,,/mnt/data/dheeraj/dicertation/inference-profile/runs/revised-rerun-20260415-171945-g7-opt67b-c512-1024/raw/points/prefill/prefill-facebook-opt-6-7b-chunk-512-sm-8.csv
facebook/opt-6.7b,512,gemm,v_proj,8,3,214.01600539684296,445849600,450043904,4194304,4194304,1024,2026-04-15T16:20:01Z,baseline_nvml_pt,nvidia-smi,ok,9.0,109.0,1695.0,7601.0,68.16,0.8550400137901306,441.1953125,441.1953125,16.0,True,,88.48000000000002,54.99999999999999,74.25,estimated,,prefill-facebook-opt-6-7b-chunk-512-sm-8,success,,,/mnt/data/dheeraj/dicertation/inference-profile/runs/revised-rerun-20260415-171945-g7-opt67b-c512-1024/raw/points/prefill/prefill-facebook-opt-6-7b-chunk-512-sm-8.csv
facebook/opt-6.7b,512,gemm,out_proj,8,3,214.78399634361267,445849600,450043904,4194304,4194304,1024,2026-04-15T16:20:01Z,baseline_nvml_pt,nvidia-smi,ok,9.0,109.0,1695.0,7601.0,68.16,0.8550400137901306,441.1953125,441.1953125,16.0,True,,88.48000000000002,54.99999999999999,74.25,estimated,,prefill-facebook-opt-6-7b-chunk-512-sm-8,success,,,/mnt/data/dheeraj/dicertation/inference-profile/runs/revised-rerun-20260415-171945-g7-opt67b-c512-1024/raw/points/prefill/prefill-facebook-opt-6-7b-chunk-512-sm-8.csv
facebook/opt-6.7b,512,gemm,fc1,8,3,831.4880132675171,445849600,462626816,16777216,16777216,1024,2026-04-15T16:20:01Z,baseline_nvml_pt,nvidia-smi,ok,9.0,109.0,1695.0,7601.0,68.16,0.8550400137901306,441.1953125,441.1953125,16.0,True,,88.48000000000002,54.99999999999999,74.25,estimated,,prefill-facebook-opt-6-7b-chunk-512-sm-8,success,,,/mnt/data/dheeraj/dicertation/inference-profile/runs/revised-rerun-20260415-171945-g7-opt67b-c512-1024/raw/points/prefill/prefill-facebook-opt-6-7b-chunk-512-sm-8.csv
facebook/opt-6.7b,512,gemm,fc2,8,3,709.5360159873962,445849600,450043904,4194304,4194304,1024,2026-04-15T16:20:01Z,baseline_nvml_pt,nvidia-smi,ok,9.0,109.0,1695.0,7601.0,68.16,0.8550400137901306,441.1953125,441.1953125,16.0,True,,88.48000000000002,54.99999999999999,74.25,estimated,,prefill-facebook-opt-6-7b-chunk-512-sm-8,success,,,/mnt/data/dheeraj/dicertation/inference-profile/runs/revised-rerun-20260415-171945-g7-opt67b-c512-1024/raw/points/prefill/prefill-facebook-opt-6-7b-chunk-512-sm-8.csv
facebook/opt-6.7b,512,attention,attention,8,3,126.97599828243256,445849600,450110464,4260864,4194304,1024,2026-04-15T16:20:01Z,baseline_nvml_pt,nvidia-smi,ok,9.0,109.0,1695.0,7601.0,68.16,0.8550400137901306,441.1953125,441.1953125,16.0,True,,88.48000000000002,54.99999999999999,74.25,estimated,,prefill-facebook-opt-6-7b-chunk-512-sm-8,success,,,/mnt/data/dheeraj/dicertation/inference-profile/runs/revised-rerun-20260415-171945-g7-opt67b-c512-1024/raw/points/prefill/prefill-facebook-opt-6-7b-chunk-512-sm-8.csv
facebook/opt-6.7b,512,gemm,q_proj,8,4,222.20799326896667,445849600,450043904,4194304,4194304,1024,2026-04-15T16:20:01Z,baseline_nvml_pt,nvidia-smi,ok,9.0,109.0,1695.0,7601.0,68.16,0.8550400137901306,441.1953125,441.1953125,16.0,True,,88.48000000000002,54.99999999999999,74.25,estimated,,prefill-facebook-opt-6-7b-chunk-512-sm-8,success,,,/mnt/data/dheeraj/dicertation/inference-profile/runs/revised-rerun-20260415-171945-g7-opt67b-c512-1024/raw/points/prefill/prefill-facebook-opt-6-7b-chunk-512-sm-8.csv
facebook/opt-6.7b,512,gemm,k_proj,8,4,216.06400609016418,445849600,450043904,4194304,4194304,1024,2026-04-15T16:20:01Z,baseline_nvml_pt,nvidia-smi,ok,9.0,109.0,1695.0,7601.0,68.16,0.8550400137901306,441.1953125,441.1953125,16.0,True,,88.48000000000002,54.99999999999999,74.25,estimated,,prefill-facebook-opt-6-7b-chunk-512-sm-8,success,,,/mnt/data/dheeraj/dicertation/inference-profile/runs/revised-rerun-20260415-171945-g7-opt67b-c512-1024/raw/points/prefill/prefill-facebook-opt-6-7b-chunk-512-sm-8.csv
facebook/opt-6.7b,512,gemm,v_proj,8,4,215.03999829292297,445849600,450043904,4194304,4194304,1024,2026-04-15T16:20:01Z,baseline_nvml_pt,nvidia-smi,ok,9.0,109.0,1695.0,7601.0,68.16,0.8550400137901306,441.1953125,441.1953125,16.0,True,,88.48000000000002,54.99999999999999,74.25,estimated,,prefill-facebook-opt-6-7b-chunk-512-sm-8,success,,,/mnt/data/dheeraj/dicertation/inference-profile/runs/revised-rerun-20260415-171945-g7-opt67b-c512-1024/raw/points/prefill/prefill-facebook-opt-6-7b-chunk-512-sm-8.csv
facebook/opt-6.7b,512,gemm,out_proj,8,4,214.9759978055954,445849600,450043904,4194304,4194304,1024,2026-04-15T16:20:01Z,baseline_nvml_pt,nvidia-smi,ok,9.0,109.0,1695.0,7601.0,68.16,0.8550400137901306,441.1953125,441.1953125,16.0,True,,88.48000000000002,54.99999999999999,74.25,estimated,,prefill-facebook-opt-6-7b-chunk-512-sm-8,success,,,/mnt/data/dheeraj/dicertation/inference-profile/runs/revised-rerun-20260415-171945-g7-opt67b-c512-1024/raw/points/prefill/prefill-facebook-opt-6-7b-chunk-512-sm-8.csv
facebook/opt-6.7b,512,gemm,fc1,8,4,842.7519798278809,445849600,462626816,16777216,16777216,1024,2026-04-15T16:20:01Z,baseline_nvml_pt,nvidia-smi,ok,9.0,109.0,1695.0,7601.0,68.16,0.8550400137901306,441.1953125,441.1953125,16.0,True,,88.48000000000002,54.99999999999999,74.25,estimated,,prefill-facebook-opt-6-7b-chunk-512-sm-8,success,,,/mnt/data/dheeraj/dicertation/inference-profile/runs/revised-rerun-20260415-171945-g7-opt67b-c512-1024/raw/points/prefill/prefill-facebook-opt-6-7b-chunk-512-sm-8.csv
facebook/opt-6.7b,512,gemm,fc2,8,4,716.7999744415283,445849600,450043904,4194304,4194304,1024,2026-04-15T16:20:01Z,baseline_nvml_pt,nvidia-smi,ok,9.0,109.0,1695.0,7601.0,68.16,0.8550400137901306,441.1953125,441.1953125,16.0,True,,88.48000000000002,54.99999999999999,74.25,estimated,,prefill-facebook-opt-6-7b-chunk-512-sm-8,success,,,/mnt/data/dheeraj/dicertation/inference-profile/runs/revised-rerun-20260415-171945-g7-opt67b-c512-1024/raw/points/prefill/prefill-facebook-opt-6-7b-chunk-512-sm-8.csv
facebook/opt-6.7b,512,attention,attention,8,4,143.36000382900238,445849600,450110464,4260864,4194304,1024,2026-04-15T16:20:01Z,baseline_nvml_pt,nvidia-smi,ok,9.0,109.0,1695.0,7601.0,68.16,0.8550400137901306,441.1953125,441.1953125,16.0,True,,88.48000000000002,54.99999999999999,74.25,estimated,,prefill-facebook-opt-6-7b-chunk-512-sm-8,success,,,/mnt/data/dheeraj/dicertation/inference-profile/runs/revised-rerun-20260415-171945-g7-opt67b-c512-1024/raw/points/prefill/prefill-facebook-opt-6-7b-chunk-512-sm-8.csv
facebook/opt-6.7b,512,gemm,q_proj,16,0,232.44799673557281,445849600,450043904,4194304,4194304,1024,2026-04-15T16:20:06Z,baseline_nvml_pt,nvidia-smi,ok,0.0,109.0,1695.0,8001.0,69.22,0.8335360288619995,441.1953125,441.1953125,16.0,True,,96.32000000000001,50.160000000000004,82.5,estimated,,prefill-facebook-opt-6-7b-chunk-512-sm-16,success,,,/mnt/data/dheeraj/dicertation/inference-profile/runs/revised-rerun-20260415-171945-g7-opt67b-c512-1024/raw/points/prefill/prefill-facebook-opt-6-7b-chunk-512-sm-16.csv
facebook/opt-6.7b,512,gemm,k_proj,16,0,224.2559939622879,445849600,450043904,4194304,4194304,1024,2026-04-15T16:20:06Z,baseline_nvml_pt,nvidia-smi,ok,0.0,109.0,1695.0,8001.0,69.22,0.8335360288619995,441.1953125,441.1953125,16.0,True,,96.32000000000001,50.160000000000004,82.5,estimated,,prefill-facebook-opt-6-7b-chunk-512-sm-16,success,,,/mnt/data/dheeraj/dicertation/inference-profile/runs/revised-rerun-20260415-171945-g7-opt67b-c512-1024/raw/points/prefill/prefill-facebook-opt-6-7b-chunk-512-sm-16.csv
facebook/opt-6.7b,512,gemm,v_proj,16,0,215.87200462818146,445849600,450043904,4194304,4194304,1024,2026-04-15T16:20:06Z,baseline_nvml_pt,nvidia-smi,ok,0.0,109.0,1695.0,8001.0,69.22,0.8335360288619995,441.1953125,441.1953125,16.0,True,,96.32000000000001,50.160000000000004,82.5,estimated,,prefill-facebook-opt-6-7b-chunk-512-sm-16,success,,,/mnt/data/dheeraj/dicertation/inference-profile/runs/revised-rerun-20260415-171945-g7-opt67b-c512-1024/raw/points/prefill/prefill-facebook-opt-6-7b-chunk-512-sm-16.csv
facebook/opt-6.7b,512,gemm,out_proj,16,0,211.99999749660492,445849600,450043904,4194304,4194304,1024,2026-04-15T16:20:06Z,baseline_nvml_pt,nvidia-smi,ok,0.0,109.0,1695.0,8001.0,69.22,0.8335360288619995,441.1953125,441.1953125,16.0,True,,96.32000000000001,50.160000000000004,82.5,estimated,,prefill-facebook-opt-6-7b-chunk-512-sm-16,success,,,/mnt/data/dheeraj/dicertation/inference-profile/runs/revised-rerun-20260415-171945-g7-opt67b-c512-1024/raw/points/prefill/prefill-facebook-opt-6-7b-chunk-512-sm-16.csv
facebook/opt-6.7b,512,gemm,fc1,16,0,829.3120265007019,445849600,462626816,16777216,16777216,1024,2026-04-15T16:20:06Z,baseline_nvml_pt,nvidia-smi,ok,0.0,109.0,1695.0,8001.0,69.22,0.8335360288619995,441.1953125,441.1953125,16.0,True,,96.32000000000001,50.160000000000004,82.5,estimated,,prefill-facebook-opt-6-7b-chunk-512-sm-16,success,,,/mnt/data/dheeraj/dicertation/inference-profile/runs/revised-rerun-20260415-171945-g7-opt67b-c512-1024/raw/points/prefill/prefill-facebook-opt-6-7b-chunk-512-sm-16.csv
facebook/opt-6.7b,512,gemm,fc2,16,0,709.6319794654846,445849600,450043904,4194304,4194304,1024,2026-04-15T16:20:06Z,baseline_nvml_pt,nvidia-smi,ok,0.0,109.0,1695.0,8001.0,69.22,0.8335360288619995,441.1953125,441.1953125,16.0,True,,96.32000000000001,50.160000000000004,82.5,estimated,,prefill-facebook-opt-6-7b-chunk-512-sm-16,success,,,/mnt/data/dheeraj/dicertation/inference-profile/runs/revised-rerun-20260415-171945-g7-opt67b-c512-1024/raw/points/prefill/prefill-facebook-opt-6-7b-chunk-512-sm-16.csv
facebook/opt-6.7b,512,attention,attention,16,0,104.44799810647964,445849600,450110464,4260864,4194304,1024,2026-04-15T16:20:06Z,baseline_nvml_pt,nvidia-smi,ok,0.0,109.0,1695.0,8001.0,69.22,0.8335360288619995,441.1953125,441.1953125,16.0,True,,96.32000000000001,50.160000000000004,82.5,estimated,,prefill-facebook-opt-6-7b-chunk-512-sm-16,success,,,/mnt/data/dheeraj/dicertation/inference-profile/runs/revised-rerun-20260415-171945-g7-opt67b-c512-1024/raw/points/prefill/prefill-facebook-opt-6-7b-chunk-512-sm-16.csv
facebook/opt-6.7b,512,gemm,q_proj,16,1,215.16799926757812,445849600,450043904,4194304,4194304,1024,2026-04-15T16:20:06Z,baseline_nvml_pt,nvidia-smi,ok,0.0,109.0,1695.0,8001.0,69.22,0.8335360288619995,441.1953125,441.1953125,16.0,True,,96.32000000000001,50.160000000000004,82.5,estimated,,prefill-facebook-opt-6-7b-chunk-512-sm-16,success,,,/mnt/data/dheeraj/dicertation/inference-profile/runs/revised-rerun-20260415-171945-g7-opt67b-c512-1024/raw/points/prefill/prefill-facebook-opt-6-7b-chunk-512-sm-16.csv
facebook/opt-6.7b,512,gemm,k_proj,16,1,557.0560097694397,445849600,450043904,4194304,4194304,1024,2026-04-15T16:20:06Z,baseline_nvml_pt,nvidia-smi,ok,0.0,109.0,1695.0,8001.0,69.22,0.8335360288619995,441.1953125,441.1953125,16.0,True,,96.32000000000001,50.160000000000004,82.5,estimated,,prefill-facebook-opt-6-7b-chunk-512-sm-16,success,,,/mnt/data/dheeraj/dicertation/inference-profile/runs/revised-rerun-20260415-171945-g7-opt67b-c512-1024/raw/points/prefill/prefill-facebook-opt-6-7b-chunk-512-sm-16.csv
facebook/opt-6.7b,512,gemm,v_proj,16,1,214.01600539684296,445849600,450043904,4194304,4194304,1024,2026-04-15T16:20:06Z,baseline_nvml_pt,nvidia-smi,ok,0.0,109.0,1695.0,8001.0,69.22,0.8335360288619995,441.1953125,441.1953125,16.0,True,,96.32000000000001,50.160000000000004,82.5,estimated,,prefill-facebook-opt-6-7b-chunk-512-sm-16,success,,,/mnt/data/dheeraj/dicertation/inference-profile/runs/revised-rerun-20260415-171945-g7-opt67b-c512-1024/raw/points/prefill/prefill-facebook-opt-6-7b-chunk-512-sm-16.csv
facebook/opt-6.7b,512,gemm,out_proj,16,1,209.9200040102005,445849600,450043904,4194304,4194304,1024,2026-04-15T16:20:06Z,baseline_nvml_pt,nvidia-smi,ok,0.0,109.0,1695.0,8001.0,69.22,0.8335360288619995,441.1953125,441.1953125,16.0,True,,96.32000000000001,50.160000000000004,82.5,estimated,,prefill-facebook-opt-6-7b-chunk-512-sm-16,success,,,/mnt/data/dheeraj/dicertation/inference-profile/runs/revised-rerun-20260415-171945-g7-opt67b-c512-1024/raw/points/prefill/prefill-facebook-opt-6-7b-chunk-512-sm-16.csv
facebook/opt-6.7b,512,gemm,fc1,16,1,823.2960104942322,445849600,462626816,16777216,16777216,1024,2026-04-15T16:20:06Z,baseline_nvml_pt,nvidia-smi,ok,0.0,109.0,1695.0,8001.0,69.22,0.8335360288619995,441.1953125,441.1953125,16.0,True,,96.32000000000001,50.160000000000004,82.5,estimated,,prefill-facebook-opt-6-7b-chunk-512-sm-16,success,,,/mnt/data/dheeraj/dicertation/inference-profile/runs/revised-rerun-20260415-171945-g7-opt67b-c512-1024/raw/points/prefill/prefill-facebook-opt-6-7b-chunk-512-sm-16.csv
facebook/opt-6.7b,512,gemm,fc2,16,1,705.344021320343,445849600,450043904,4194304,4194304,1024,2026-04-15T16:20:06Z,baseline_nvml_pt,nvidia-smi,ok,0.0,109.0,1695.0,8001.0,69.22,0.8335360288619995,441.1953125,441.1953125,16.0,True,,96.32000000000001,50.160000000000004,82.5,estimated,,prefill-facebook-opt-6-7b-chunk-512-sm-16,success,,,/mnt/data/dheeraj/dicertation/inference-profile/runs/revised-rerun-20260415-171945-g7-opt67b-c512-1024/raw/points/prefill/prefill-facebook-opt-6-7b-chunk-512-sm-16.csv
facebook/opt-6.7b,512,attention,attention,16,1,103.26399654150009,445849600,450110464,4260864,4194304,1024,2026-04-15T16:20:06Z,baseline_nvml_pt,nvidia-smi,ok,0.0,109.0,1695.0,8001.0,69.22,0.8335360288619995,441.1953125,441.1953125,16.0,True,,96.32000000000001,50.160000000000004,82.5,estimated,,prefill-facebook-opt-6-7b-chunk-512-sm-16,success,,,/mnt/data/dheeraj/dicertation/inference-profile/runs/revised-rerun-20260415-171945-g7-opt67b-c512-1024/raw/points/prefill/prefill-facebook-opt-6-7b-chunk-512-sm-16.csv
facebook/opt-6.7b,512,gemm,q_proj,16,2,244.00000274181366,445849600,450043904,4194304,4194304,1024,2026-04-15T16:20:06Z,baseline_nvml_pt,nvidia-smi,ok,0.0,109.0,1695.0,8001.0,69.22,0.8335360288619995,441.1953125,441.1953125,16.0,True,,96.32000000000001,50.160000000000004,82.5,estimated,,prefill-facebook-opt-6-7b-chunk-512-sm-16,success,,,/mnt/data/dheeraj/dicertation/inference-profile/runs/revised-rerun-20260415-171945-g7-opt67b-c512-1024/raw/points/prefill/prefill-facebook-opt-6-7b-chunk-512-sm-16.csv
facebook/opt-6.7b,512,gemm,k_proj,16,2,218.1120067834854,445849600,450043904,4194304,4194304,1024,2026-04-15T16:20:06Z,baseline_nvml_pt,nvidia-smi,ok,0.0,109.0,1695.0,8001.0,69.22,0.8335360288619995,441.1953125,441.1953125,16.0,True,,96.32000000000001,50.160000000000004,82.5,estimated,,prefill-facebook-opt-6-7b-chunk-512-sm-16,success,,,/mnt/data/dheeraj/dicertation/inference-profile/runs/revised-rerun-20260415-171945-g7-opt67b-c512-1024/raw/points/prefill/prefill-facebook-opt-6-7b-chunk-512-sm-16.csv
facebook/opt-6.7b,512,gemm,v_proj,16,2,212.99199759960175,445849600,450043904,4194304,4194304,1024,2026-04-15T16:20:06Z,baseline_nvml_pt,nvidia-smi,ok,0.0,109.0,1695.0,8001.0,69.22,0.8335360288619995,441.1953125,441.1953125,16.0,True,,96.32000000000001,50.160000000000004,82.5,estimated,,prefill-facebook-opt-6-7b-chunk-512-sm-16,success,,,/mnt/data/dheeraj/dicertation/inference-profile/runs/revised-rerun-20260415-171945-g7-opt67b-c512-1024/raw/points/prefill/prefill-facebook-opt-6-7b-chunk-512-sm-16.csv
facebook/opt-6.7b,512,gemm,out_proj,16,2,216.35200083255768,445849600,450043904,4194304,4194304,1024,2026-04-15T16:20:06Z,baseline_nvml_pt,nvidia-smi,ok,0.0,109.0,1695.0,8001.0,69.22,0.8335360288619995,441.1953125,441.1953125,16.0,True,,96.32000000000001,50.160000000000004,82.5,estimated,,prefill-facebook-opt-6-7b-chunk-512-sm-16,success,,,/mnt/data/dheeraj/dicertation/inference-profile/runs/revised-rerun-20260415-171945-g7-opt67b-c512-1024/raw/points/prefill/prefill-facebook-opt-6-7b-chunk-512-sm-16.csv
facebook/opt-6.7b,512,gemm,fc1,16,2,833.5360288619995,445849600,462626816,16777216,16777216,1024,2026-04-15T16:20:06Z,baseline_nvml_pt,nvidia-smi,ok,0.0,109.0,1695.0,8001.0,69.22,0.8335360288619995,441.1953125,441.1953125,16.0,True,,96.32000000000001,50.160000000000004,82.5,estimated,,prefill-facebook-opt-6-7b-chunk-512-sm-16,success,,,/mnt/data/dheeraj/dicertation/inference-profile/runs/revised-rerun-20260415-171945-g7-opt67b-c512-1024/raw/points/prefill/prefill-facebook-opt-6-7b-chunk-512-sm-16.csv
facebook/opt-6.7b,512,gemm,fc2,16,2,703.5840153694153,445849600,450043904,4194304,4194304,1024,2026-04-15T16:20:06Z,baseline_nvml_pt,nvidia-smi,ok,0.0,109.0,1695.0,8001.0,69.22,0.8335360288619995,441.1953125,441.1953125,16.0,True,,96.32000000000001,50.160000000000004,82.5,estimated,,prefill-facebook-opt-6-7b-chunk-512-sm-16,success,,,/mnt/data/dheeraj/dicertation/inference-profile/runs/revised-rerun-20260415-171945-g7-opt67b-c512-1024/raw/points/prefill/prefill-facebook-opt-6-7b-chunk-512-sm-16.csv
facebook/opt-6.7b,512,attention,attention,16,2,112.64000087976456,445849600,450110464,4260864,4194304,1024,2026-04-15T16:20:06Z,baseline_nvml_pt,nvidia-smi,ok,0.0,109.0,1695.0,8001.0,69.22,0.8335360288619995,441.1953125,441.1953125,16.0,True,,96.32000000000001,50.160000000000004,82.5,estimated,,prefill-facebook-opt-6-7b-chunk-512-sm-16,success,,,/mnt/data/dheeraj/dicertation/inference-profile/runs/revised-rerun-20260415-171945-g7-opt67b-c512-1024/raw/points/prefill/prefill-facebook-opt-6-7b-chunk-512-sm-16.csv
facebook/opt-6.7b,512,gemm,q_proj,16,3,214.01600539684296,445849600,450043904,4194304,4194304,1024,2026-04-15T16:20:06Z,baseline_nvml_pt,nvidia-smi,ok,0.0,109.0,1695.0,8001.0,69.22,0.8335360288619995,441.1953125,441.1953125,16.0,True,,96.32000000000001,50.160000000000004,82.5,estimated,,prefill-facebook-opt-6-7b-chunk-512-sm-16,success,,,/mnt/data/dheeraj/dicertation/inference-profile/runs/revised-rerun-20260415-171945-g7-opt67b-c512-1024/raw/points/prefill/prefill-facebook-opt-6-7b-chunk-512-sm-16.csv
facebook/opt-6.7b,512,gemm,k_proj,16,3,213.15200626850128,445849600,450043904,4194304,4194304,1024,2026-04-15T16:20:06Z,baseline_nvml_pt,nvidia-smi,ok,0.0,109.0,1695.0,8001.0,69.22,0.8335360288619995,441.1953125,441.1953125,16.0,True,,96.32000000000001,50.160000000000004,82.5,estimated,,prefill-facebook-opt-6-7b-chunk-512-sm-16,success,,,/mnt/data/dheeraj/dicertation/inference-profile/runs/revised-rerun-20260415-171945-g7-opt67b-c512-1024/raw/points/prefill/prefill-facebook-opt-6-7b-chunk-512-sm-16.csv
facebook/opt-6.7b,512,gemm,v_proj,16,3,211.13599836826324,445849600,450043904,4194304,4194304,1024,2026-04-15T16:20:06Z,baseline_nvml_pt,nvidia-smi,ok,0.0,109.0,1695.0,8001.0,69.22,0.8335360288619995,441.1953125,441.1953125,16.0,True,,96.32000000000001,50.160000000000004,82.5,estimated,,prefill-facebook-opt-6-7b-chunk-512-sm-16,success,,,/mnt/data/dheeraj/dicertation/inference-profile/runs/revised-rerun-20260415-171945-g7-opt67b-c512-1024/raw/points/prefill/prefill-facebook-opt-6-7b-chunk-512-sm-16.csv
facebook/opt-6.7b,512,gemm,out_proj,16,3,232.1919947862625,445849600,450043904,4194304,4194304,1024,2026-04-15T16:20:06Z,baseline_nvml_pt,nvidia-smi,ok,0.0,109.0,1695.0,8001.0,69.22,0.8335360288619995,441.1953125,441.1953125,16.0,True,,96.32000000000001,50.160000000000004,82.5,estimated,,prefill-facebook-opt-6-7b-chunk-512-sm-16,success,,,/mnt/data/dheeraj/dicertation/inference-profile/runs/revised-rerun-20260415-171945-g7-opt67b-c512-1024/raw/points/prefill/prefill-facebook-opt-6-7b-chunk-512-sm-16.csv
facebook/opt-6.7b,512,gemm,fc1,16,3,826.367974281311,445849600,462626816,16777216,16777216,1024,2026-04-15T16:20:06Z,baseline_nvml_pt,nvidia-smi,ok,0.0,109.0,1695.0,8001.0,69.22,0.8335360288619995,441.1953125,441.1953125,16.0,True,,96.32000000000001,50.160000000000004,82.5,estimated,,prefill-facebook-opt-6-7b-chunk-512-sm-16,success,,,/mnt/data/dheeraj/dicertation/inference-profile/runs/revised-rerun-20260415-171945-g7-opt67b-c512-1024/raw/points/prefill/prefill-facebook-opt-6-7b-chunk-512-sm-16.csv
facebook/opt-6.7b,512,gemm,fc2,16,3,706.5600156784058,445849600,450043904,4194304,4194304,1024,2026-04-15T16:20:06Z,baseline_nvml_pt,nvidia-smi,ok,0.0,109.0,1695.0,8001.0,69.22,0.8335360288619995,441.1953125,441.1953125,16.0,True,,96.32000000000001,50.160000000000004,82.5,estimated,,prefill-facebook-opt-6-7b-chunk-512-sm-16,success,,,/mnt/data/dheeraj/dicertation/inference-profile/runs/revised-rerun-20260415-171945-g7-opt67b-c512-1024/raw/points/prefill/prefill-facebook-opt-6-7b-chunk-512-sm-16.csv
facebook/opt-6.7b,512,attention,attention,16,3,107.51999914646149,445849600,450110464,4260864,4194304,1024,2026-04-15T16:20:06Z,baseline_nvml_pt,nvidia-smi,ok,0.0,109.0,1695.0,8001.0,69.22,0.8335360288619995,441.1953125,441.1953125,16.0,True,,96.32000000000001,50.160000000000004,82.5,estimated,,prefill-facebook-opt-6-7b-chunk-512-sm-16,success,,,/mnt/data/dheeraj/dicertation/inference-profile/runs/revised-rerun-20260415-171945-g7-opt67b-c512-1024/raw/points/prefill/prefill-facebook-opt-6-7b-chunk-512-sm-16.csv
facebook/opt-6.7b,512,gemm,q_proj,16,4,213.95200490951538,445849600,450043904,4194304,4194304,1024,2026-04-15T16:20:06Z,baseline_nvml_pt,nvidia-smi,ok,0.0,109.0,1695.0,8001.0,69.22,0.8335360288619995,441.1953125,441.1953125,16.0,True,,96.32000000000001,50.160000000000004,82.5,estimated,,prefill-facebook-opt-6-7b-chunk-512-sm-16,success,,,/mnt/data/dheeraj/dicertation/inference-profile/runs/revised-rerun-20260415-171945-g7-opt67b-c512-1024/raw/points/prefill/prefill-facebook-opt-6-7b-chunk-512-sm-16.csv
facebook/opt-6.7b,512,gemm,k_proj,16,4,212.8639966249466,445849600,450043904,4194304,4194304,1024,2026-04-15T16:20:06Z,baseline_nvml_pt,nvidia-smi,ok,0.0,109.0,1695.0,8001.0,69.22,0.8335360288619995,441.1953125,441.1953125,16.0,True,,96.32000000000001,50.160000000000004,82.5,estimated,,prefill-facebook-opt-6-7b-chunk-512-sm-16,success,,,/mnt/data/dheeraj/dicertation/inference-profile/runs/revised-rerun-20260415-171945-g7-opt67b-c512-1024/raw/points/prefill/prefill-facebook-opt-6-7b-chunk-512-sm-16.csv
facebook/opt-6.7b,512,gemm,v_proj,16,4,209.21599864959717,445849600,450043904,4194304,4194304,1024,2026-04-15T16:20:06Z,baseline_nvml_pt,nvidia-smi,ok,0.0,109.0,1695.0,8001.0,69.22,0.8335360288619995,441.1953125,441.1953125,16.0,True,,96.32000000000001,50.160000000000004,82.5,estimated,,prefill-facebook-opt-6-7b-chunk-512-sm-16,success,,,/mnt/data/dheeraj/dicertation/inference-profile/runs/revised-rerun-20260415-171945-g7-opt67b-c512-1024/raw/points/prefill/prefill-facebook-opt-6-7b-chunk-512-sm-16.csv
facebook/opt-6.7b,512,gemm,out_proj,16,4,209.9200040102005,445849600,450043904,4194304,4194304,1024,2026-04-15T16:20:06Z,baseline_nvml_pt,nvidia-smi,ok,0.0,109.0,1695.0,8001.0,69.22,0.8335360288619995,441.1953125,441.1953125,16.0,True,,96.32000000000001,50.160000000000004,82.5,estimated,,prefill-facebook-opt-6-7b-chunk-512-sm-16,success,,,/mnt/data/dheeraj/dicertation/inference-profile/runs/revised-rerun-20260415-171945-g7-opt67b-c512-1024/raw/points/prefill/prefill-facebook-opt-6-7b-chunk-512-sm-16.csv
facebook/opt-6.7b,512,gemm,fc1,16,4,822.272002696991,445849600,462626816,16777216,16777216,1024,2026-04-15T16:20:06Z,baseline_nvml_pt,nvidia-smi,ok,0.0,109.0,1695.0,8001.0,69.22,0.8335360288619995,441.1953125,441.1953125,16.0,True,,96.32000000000001,50.160000000000004,82.5,estimated,,prefill-facebook-opt-6-7b-chunk-512-sm-16,success,,,/mnt/data/dheeraj/dicertation/inference-profile/runs/revised-rerun-20260415-171945-g7-opt67b-c512-1024/raw/points/prefill/prefill-facebook-opt-6-7b-chunk-512-sm-16.csv
facebook/opt-6.7b,512,gemm,fc2,16,4,703.7760019302368,445849600,450043904,4194304,4194304,1024,2026-04-15T16:20:06Z,baseline_nvml_pt,nvidia-smi,ok,0.0,109.0,1695.0,8001.0,69.22,0.8335360288619995,441.1953125,441.1953125,16.0,True,,96.32000000000001,50.160000000000004,82.5,estimated,,prefill-facebook-opt-6-7b-chunk-512-sm-16,success,,,/mnt/data/dheeraj/dicertation/inference-profile/runs/revised-rerun-20260415-171945-g7-opt67b-c512-1024/raw/points/prefill/prefill-facebook-opt-6-7b-chunk-512-sm-16.csv
facebook/opt-6.7b,512,attention,attention,16,4,98.30400347709656,445849600,450110464,4260864,4194304,1024,2026-04-15T16:20:06Z,baseline_nvml_pt,nvidia-smi,ok,0.0,109.0,1695.0,8001.0,69.22,0.8335360288619995,441.1953125,441.1953125,16.0,True,,96.32000000000001,50.160000000000004,82.5,estimated,,prefill-facebook-opt-6-7b-chunk-512-sm-16,success,,,/mnt/data/dheeraj/dicertation/inference-profile/runs/revised-rerun-20260415-171945-g7-opt67b-c512-1024/raw/points/prefill/prefill-facebook-opt-6-7b-chunk-512-sm-16.csv
facebook/opt-6.7b,512,gemm,q_proj,24,0,226.30399465560913,445849600,450043904,4194304,4194304,1024,2026-04-15T16:20:12Z,baseline_nvml_pt,nvidia-smi,ok,0.0,109.0,1695.0,7601.0,68.95,0.826367974281311,441.1953125,441.1953125,16.0,True,,100.0,45.31999999999999,90.75,estimated,,prefill-facebook-opt-6-7b-chunk-512-sm-24,success,,,/mnt/data/dheeraj/dicertation/inference-profile/runs/revised-rerun-20260415-171945-g7-opt67b-c512-1024/raw/points/prefill/prefill-facebook-opt-6-7b-chunk-512-sm-24.csv
facebook/opt-6.7b,512,gemm,k_proj,24,0,219.13599967956543,445849600,450043904,4194304,4194304,1024,2026-04-15T16:20:12Z,baseline_nvml_pt,nvidia-smi,ok,0.0,109.0,1695.0,7601.0,68.95,0.826367974281311,441.1953125,441.1953125,16.0,True,,100.0,45.31999999999999,90.75,estimated,,prefill-facebook-opt-6-7b-chunk-512-sm-24,success,,,/mnt/data/dheeraj/dicertation/inference-profile/runs/revised-rerun-20260415-171945-g7-opt67b-c512-1024/raw/points/prefill/prefill-facebook-opt-6-7b-chunk-512-sm-24.csv
facebook/opt-6.7b,512,gemm,v_proj,24,0,212.96000480651855,445849600,450043904,4194304,4194304,1024,2026-04-15T16:20:12Z,baseline_nvml_pt,nvidia-smi,ok,0.0,109.0,1695.0,7601.0,68.95,0.826367974281311,441.1953125,441.1953125,16.0,True,,100.0,45.31999999999999,90.75,estimated,,prefill-facebook-opt-6-7b-chunk-512-sm-24,success,,,/mnt/data/dheeraj/dicertation/inference-profile/runs/revised-rerun-20260415-171945-g7-opt67b-c512-1024/raw/points/prefill/prefill-facebook-opt-6-7b-chunk-512-sm-24.csv
facebook/opt-6.7b,512,gemm,out_proj,24,0,210.94399690628052,445849600,450043904,4194304,4194304,1024,2026-04-15T16:20:12Z,baseline_nvml_pt,nvidia-smi,ok,0.0,109.0,1695.0,7601.0,68.95,0.826367974281311,441.1953125,441.1953125,16.0,True,,100.0,45.31999999999999,90.75,estimated,,prefill-facebook-opt-6-7b-chunk-512-sm-24,success,,,/mnt/data/dheeraj/dicertation/inference-profile/runs/revised-rerun-20260415-171945-g7-opt67b-c512-1024/raw/points/prefill/prefill-facebook-opt-6-7b-chunk-512-sm-24.csv
facebook/opt-6.7b,512,gemm,fc1,24,0,826.367974281311,445849600,462626816,16777216,16777216,1024,2026-04-15T16:20:12Z,baseline_nvml_pt,nvidia-smi,ok,0.0,109.0,1695.0,7601.0,68.95,0.826367974281311,441.1953125,441.1953125,16.0,True,,100.0,45.31999999999999,90.75,estimated,,prefill-facebook-opt-6-7b-chunk-512-sm-24,success,,,/mnt/data/dheeraj/dicertation/inference-profile/runs/revised-rerun-20260415-171945-g7-opt67b-c512-1024/raw/points/prefill/prefill-facebook-opt-6-7b-chunk-512-sm-24.csv
facebook/opt-6.7b,512,gemm,fc2,24,0,707.584023475647,445849600,450043904,4194304,4194304,1024,2026-04-15T16:20:12Z,baseline_nvml_pt,nvidia-smi,ok,0.0,109.0,1695.0,7601.0,68.95,0.826367974281311,441.1953125,441.1953125,16.0,True,,100.0,45.31999999999999,90.75,estimated,,prefill-facebook-opt-6-7b-chunk-512-sm-24,success,,,/mnt/data/dheeraj/dicertation/inference-profile/runs/revised-rerun-20260415-171945-g7-opt67b-c512-1024/raw/points/prefill/prefill-facebook-opt-6-7b-chunk-512-sm-24.csv
facebook/opt-6.7b,512,attention,attention,24,0,99.32799637317657,445849600,450110464,4260864,4194304,1024,2026-04-15T16:20:12Z,baseline_nvml_pt,nvidia-smi,ok,0.0,109.0,1695.0,7601.0,68.95,0.826367974281311,441.1953125,441.1953125,16.0,True,,100.0,45.31999999999999,90.75,estimated,,prefill-facebook-opt-6-7b-chunk-512-sm-24,success,,,/mnt/data/dheeraj/dicertation/inference-profile/runs/revised-rerun-20260415-171945-g7-opt67b-c512-1024/raw/points/prefill/prefill-facebook-opt-6-7b-chunk-512-sm-24.csv
facebook/opt-6.7b,512,gemm,q_proj,24,1,214.01600539684296,445849600,450043904,4194304,4194304,1024,2026-04-15T16:20:12Z,baseline_nvml_pt,nvidia-smi,ok,0.0,109.0,1695.0,7601.0,68.95,0.826367974281311,441.1953125,441.1953125,16.0,True,,100.0,45.31999999999999,90.75,estimated,,prefill-facebook-opt-6-7b-chunk-512-sm-24,success,,,/mnt/data/dheeraj/dicertation/inference-profile/runs/revised-rerun-20260415-171945-g7-opt67b-c512-1024/raw/points/prefill/prefill-facebook-opt-6-7b-chunk-512-sm-24.csv
facebook/opt-6.7b,512,gemm,k_proj,24,1,209.9200040102005,445849600,450043904,4194304,4194304,1024,2026-04-15T16:20:12Z,baseline_nvml_pt,nvidia-smi,ok,0.0,109.0,1695.0,7601.0,68.95,0.826367974281311,441.1953125,441.1953125,16.0,True,,100.0,45.31999999999999,90.75,estimated,,prefill-facebook-opt-6-7b-chunk-512-sm-24,success,,,/mnt/data/dheeraj/dicertation/inference-profile/runs/revised-rerun-20260415-171945-g7-opt67b-c512-1024/raw/points/prefill/prefill-facebook-opt-6-7b-chunk-512-sm-24.csv
facebook/opt-6.7b,512,gemm,v_proj,24,1,207.87200331687927,445849600,450043904,4194304,4194304,1024,2026-04-15T16:20:12Z,baseline_nvml_pt,nvidia-smi,ok,0.0,109.0,1695.0,7601.0,68.95,0.826367974281311,441.1953125,441.1953125,16.0,True,,100.0,45.31999999999999,90.75,estimated,,prefill-facebook-opt-6-7b-chunk-512-sm-24,success,,,/mnt/data/dheeraj/dicertation/inference-profile/runs/revised-rerun-20260415-171945-g7-opt67b-c512-1024/raw/points/prefill/prefill-facebook-opt-6-7b-chunk-512-sm-24.csv
facebook/opt-6.7b,512,gemm,out_proj,24,1,208.8959962129593,445849600,450043904,4194304,4194304,1024,2026-04-15T16:20:12Z,baseline_nvml_pt,nvidia-smi,ok,0.0,109.0,1695.0,7601.0,68.95,0.826367974281311,441.1953125,441.1953125,16.0,True,,100.0,45.31999999999999,90.75,estimated,,prefill-facebook-opt-6-7b-chunk-512-sm-24,success,,,/mnt/data/dheeraj/dicertation/inference-profile/runs/revised-rerun-20260415-171945-g7-opt67b-c512-1024/raw/points/prefill/prefill-facebook-opt-6-7b-chunk-512-sm-24.csv
facebook/opt-6.7b,512,gemm,fc1,24,1,819.1999793052673,445849600,462626816,16777216,16777216,1024,2026-04-15T16:20:12Z,baseline_nvml_pt,nvidia-smi,ok,0.0,109.0,1695.0,7601.0,68.95,0.826367974281311,441.1953125,441.1953125,16.0,True,,100.0,45.31999999999999,90.75,estimated,,prefill-facebook-opt-6-7b-chunk-512-sm-24,success,,,/mnt/data/dheeraj/dicertation/inference-profile/runs/revised-rerun-20260415-171945-g7-opt67b-c512-1024/raw/points/prefill/prefill-facebook-opt-6-7b-chunk-512-sm-24.csv
facebook/opt-6.7b,512,gemm,fc2,24,1,702.4639844894409,445849600,450043904,4194304,4194304,1024,2026-04-15T16:20:12Z,baseline_nvml_pt,nvidia-smi,ok,0.0,109.0,1695.0,7601.0,68.95,0.826367974281311,441.1953125,441.1953125,16.0,True,,100.0,45.31999999999999,90.75,estimated,,prefill-facebook-opt-6-7b-chunk-512-sm-24,success,,,/mnt/data/dheeraj/dicertation/inference-profile/runs/revised-rerun-20260415-171945-g7-opt67b-c512-1024/raw/points/prefill/prefill-facebook-opt-6-7b-chunk-512-sm-24.csv
facebook/opt-6.7b,512,attention,attention,24,1,98.24000298976898,445849600,450110464,4260864,4194304,1024,2026-04-15T16:20:12Z,baseline_nvml_pt,nvidia-smi,ok,0.0,109.0,1695.0,7601.0,68.95,0.826367974281311,441.1953125,441.1953125,16.0,True,,100.0,45.31999999999999,90.75,estimated,,prefill-facebook-opt-6-7b-chunk-512-sm-24,success,,,/mnt/data/dheeraj/dicertation/inference-profile/runs/revised-rerun-20260415-171945-g7-opt67b-c512-1024/raw/points/prefill/prefill-facebook-opt-6-7b-chunk-512-sm-24.csv
facebook/opt-6.7b,512,gemm,q_proj,24,2,219.13599967956543,445849600,450043904,4194304,4194304,1024,2026-04-15T16:20:12Z,baseline_nvml_pt,nvidia-smi,ok,0.0,109.0,1695.0,7601.0,68.95,0.826367974281311,441.1953125,441.1953125,16.0,True,,100.0,45.31999999999999,90.75,estimated,,prefill-facebook-opt-6-7b-chunk-512-sm-24,success,,,/mnt/data/dheeraj/dicertation/inference-profile/runs/revised-rerun-20260415-171945-g7-opt67b-c512-1024/raw/points/prefill/prefill-facebook-opt-6-7b-chunk-512-sm-24.csv
facebook/opt-6.7b,512,gemm,k_proj,24,2,210.94399690628052,445849600,450043904,4194304,4194304,1024,2026-04-15T16:20:12Z,baseline_nvml_pt,nvidia-smi,ok,0.0,109.0,1695.0,7601.0,68.95,0.826367974281311,441.1953125,441.1953125,16.0,True,,100.0,45.31999999999999,90.75,estimated,,prefill-facebook-opt-6-7b-chunk-512-sm-24,success,,,/mnt/data/dheeraj/dicertation/inference-profile/runs/revised-rerun-20260415-171945-g7-opt67b-c512-1024/raw/points/prefill/prefill-facebook-opt-6-7b-chunk-512-sm-24.csv
facebook/opt-6.7b,512,gemm,v_proj,24,2,207.87200331687927,445849600,450043904,4194304,4194304,1024,2026-04-15T16:20:12Z,baseline_nvml_pt,nvidia-smi,ok,0.0,109.0,1695.0,7601.0,68.95,0.826367974281311,441.1953125,441.1953125,16.0,True,,100.0,45.31999999999999,90.75,estimated,,prefill-facebook-opt-6-7b-chunk-512-sm-24,success,,,/mnt/data/dheeraj/dicertation/inference-profile/runs/revised-rerun-20260415-171945-g7-opt67b-c512-1024/raw/points/prefill/prefill-facebook-opt-6-7b-chunk-512-sm-24.csv
facebook/opt-6.7b,512,gemm,out_proj,24,2,211.84000372886658,445849600,450043904,4194304,4194304,1024,2026-04-15T16:20:12Z,baseline_nvml_pt,nvidia-smi,ok,0.0,109.0,1695.0,7601.0,68.95,0.826367974281311,441.1953125,441.1953125,16.0,True,,100.0,45.31999999999999,90.75,estimated,,prefill-facebook-opt-6-7b-chunk-512-sm-24,success,,,/mnt/data/dheeraj/dicertation/inference-profile/runs/revised-rerun-20260415-171945-g7-opt67b-c512-1024/raw/points/prefill/prefill-facebook-opt-6-7b-chunk-512-sm-24.csv
facebook/opt-6.7b,512,gemm,fc1,24,2,820.9599852561951,445849600,462626816,16777216,16777216,1024,2026-04-15T16:20:12Z,baseline_nvml_pt,nvidia-smi,ok,0.0,109.0,1695.0,7601.0,68.95,0.826367974281311,441.1953125,441.1953125,16.0,True,,100.0,45.31999999999999,90.75,estimated,,prefill-facebook-opt-6-7b-chunk-512-sm-24,success,,,/mnt/data/dheeraj/dicertation/inference-profile/runs/revised-rerun-20260415-171945-g7-opt67b-c512-1024/raw/points/prefill/prefill-facebook-opt-6-7b-chunk-512-sm-24.csv
facebook/opt-6.7b,512,gemm,fc2,24,2,702.4639844894409,445849600,450043904,4194304,4194304,1024,2026-04-15T16:20:12Z,baseline_nvml_pt,nvidia-smi,ok,0.0,109.0,1695.0,7601.0,68.95,0.826367974281311,441.1953125,441.1953125,16.0,True,,100.0,45.31999999999999,90.75,estimated,,prefill-facebook-opt-6-7b-chunk-512-sm-24,success,,,/mnt/data/dheeraj/dicertation/inference-profile/runs/revised-rerun-20260415-171945-g7-opt67b-c512-1024/raw/points/prefill/prefill-facebook-opt-6-7b-chunk-512-sm-24.csv
facebook/opt-6.7b,512,attention,attention,24,2,98.27200323343277,445849600,450110464,4260864,4194304,1024,2026-04-15T16:20:12Z,baseline_nvml_pt,nvidia-smi,ok,0.0,109.0,1695.0,7601.0,68.95,0.826367974281311,441.1953125,441.1953125,16.0,True,,100.0,45.31999999999999,90.75,estimated,,prefill-facebook-opt-6-7b-chunk-512-sm-24,success,,,/mnt/data/dheeraj/dicertation/inference-profile/runs/revised-rerun-20260415-171945-g7-opt67b-c512-1024/raw/points/prefill/prefill-facebook-opt-6-7b-chunk-512-sm-24.csv
facebook/opt-6.7b,512,gemm,q_proj,24,3,211.96800470352173,445849600,450043904,4194304,4194304,1024,2026-04-15T16:20:12Z,baseline_nvml_pt,nvidia-smi,ok,0.0,109.0,1695.0,7601.0,68.95,0.826367974281311,441.1953125,441.1953125,16.0,True,,100.0,45.31999999999999,90.75,estimated,,prefill-facebook-opt-6-7b-chunk-512-sm-24,success,,,/mnt/data/dheeraj/dicertation/inference-profile/runs/revised-rerun-20260415-171945-g7-opt67b-c512-1024/raw/points/prefill/prefill-facebook-opt-6-7b-chunk-512-sm-24.csv
facebook/opt-6.7b,512,gemm,k_proj,24,3,211.96800470352173,445849600,450043904,4194304,4194304,1024,2026-04-15T16:20:12Z,baseline_nvml_pt,nvidia-smi,ok,0.0,109.0,1695.0,7601.0,68.95,0.826367974281311,441.1953125,441.1953125,16.0,True,,100.0,45.31999999999999,90.75,estimated,,prefill-facebook-opt-6-7b-chunk-512-sm-24,success,,,/mnt/data/dheeraj/dicertation/inference-profile/runs/revised-rerun-20260415-171945-g7-opt67b-c512-1024/raw/points/prefill/prefill-facebook-opt-6-7b-chunk-512-sm-24.csv
facebook/opt-6.7b,512,gemm,v_proj,24,3,208.8959962129593,445849600,450043904,4194304,4194304,1024,2026-04-15T16:20:12Z,baseline_nvml_pt,nvidia-smi,ok,0.0,109.0,1695.0,7601.0,68.95,0.826367974281311,441.1953125,441.1953125,16.0,True,,100.0,45.31999999999999,90.75,estimated,,prefill-facebook-opt-6-7b-chunk-512-sm-24,success,,,/mnt/data/dheeraj/dicertation/inference-profile/runs/revised-rerun-20260415-171945-g7-opt67b-c512-1024/raw/points/prefill/prefill-facebook-opt-6-7b-chunk-512-sm-24.csv
facebook/opt-6.7b,512,gemm,out_proj,24,3,210.94399690628052,445849600,450043904,4194304,4194304,1024,2026-04-15T16:20:12Z,baseline_nvml_pt,nvidia-smi,ok,0.0,109.0,1695.0,7601.0,68.95,0.826367974281311,441.1953125,441.1953125,16.0,True,,100.0,45.31999999999999,90.75,estimated,,prefill-facebook-opt-6-7b-chunk-512-sm-24,success,,,/mnt/data/dheeraj/dicertation/inference-profile/runs/revised-rerun-20260415-171945-g7-opt67b-c512-1024/raw/points/prefill/prefill-facebook-opt-6-7b-chunk-512-sm-24.csv
facebook/opt-6.7b,512,gemm,fc1,24,3,817.9839849472046,445849600,462626816,16777216,16777216,1024,2026-04-15T16:20:12Z,baseline_nvml_pt,nvidia-smi,ok,0.0,109.0,1695.0,7601.0,68.95,0.826367974281311,441.1953125,441.1953125,16.0,True,,100.0,45.31999999999999,90.75,estimated,,prefill-facebook-opt-6-7b-chunk-512-sm-24,success,,,/mnt/data/dheeraj/dicertation/inference-profile/runs/revised-rerun-20260415-171945-g7-opt67b-c512-1024/raw/points/prefill/prefill-facebook-opt-6-7b-chunk-512-sm-24.csv
facebook/opt-6.7b,512,gemm,fc2,24,3,702.4639844894409,445849600,450043904,4194304,4194304,1024,2026-04-15T16:20:12Z,baseline_nvml_pt,nvidia-smi,ok,0.0,109.0,1695.0,7601.0,68.95,0.826367974281311,441.1953125,441.1953125,16.0,True,,100.0,45.31999999999999,90.75,estimated,,prefill-facebook-opt-6-7b-chunk-512-sm-24,success,,,/mnt/data/dheeraj/dicertation/inference-profile/runs/revised-rerun-20260415-171945-g7-opt67b-c512-1024/raw/points/prefill/prefill-facebook-opt-6-7b-chunk-512-sm-24.csv
facebook/opt-6.7b,512,attention,attention,24,3,97.28000313043594,445849600,450110464,4260864,4194304,1024,2026-04-15T16:20:12Z,baseline_nvml_pt,nvidia-smi,ok,0.0,109.0,1695.0,7601.0,68.95,0.826367974281311,441.1953125,441.1953125,16.0,True,,100.0,45.31999999999999,90.75,estimated,,prefill-facebook-opt-6-7b-chunk-512-sm-24,success,,,/mnt/data/dheeraj/dicertation/inference-profile/runs/revised-rerun-20260415-171945-g7-opt67b-c512-1024/raw/points/prefill/prefill-facebook-opt-6-7b-chunk-512-sm-24.csv
facebook/opt-6.7b,512,gemm,q_proj,24,4,211.96800470352173,445849600,450043904,4194304,4194304,1024,2026-04-15T16:20:12Z,baseline_nvml_pt,nvidia-smi,ok,0.0,109.0,1695.0,7601.0,68.95,0.826367974281311,441.1953125,441.1953125,16.0,True,,100.0,45.31999999999999,90.75,estimated,,prefill-facebook-opt-6-7b-chunk-512-sm-24,success,,,/mnt/data/dheeraj/dicertation/inference-profile/runs/revised-rerun-20260415-171945-g7-opt67b-c512-1024/raw/points/prefill/prefill-facebook-opt-6-7b-chunk-512-sm-24.csv
facebook/opt-6.7b,512,gemm,k_proj,24,4,210.91200411319733,445849600,450043904,4194304,4194304,1024,2026-04-15T16:20:12Z,baseline_nvml_pt,nvidia-smi,ok,0.0,109.0,1695.0,7601.0,68.95,0.826367974281311,441.1953125,441.1953125,16.0,True,,100.0,45.31999999999999,90.75,estimated,,prefill-facebook-opt-6-7b-chunk-512-sm-24,success,,,/mnt/data/dheeraj/dicertation/inference-profile/runs/revised-rerun-20260415-171945-g7-opt67b-c512-1024/raw/points/prefill/prefill-facebook-opt-6-7b-chunk-512-sm-24.csv
facebook/opt-6.7b,512,gemm,v_proj,24,4,207.87200331687927,445849600,450043904,4194304,4194304,1024,2026-04-15T16:20:12Z,baseline_nvml_pt,nvidia-smi,ok,0.0,109.0,1695.0,7601.0,68.95,0.826367974281311,441.1953125,441.1953125,16.0,True,,100.0,45.31999999999999,90.75,estimated,,prefill-facebook-opt-6-7b-chunk-512-sm-24,success,,,/mnt/data/dheeraj/dicertation/inference-profile/runs/revised-rerun-20260415-171945-g7-opt67b-c512-1024/raw/points/prefill/prefill-facebook-opt-6-7b-chunk-512-sm-24.csv
facebook/opt-6.7b,512,gemm,out_proj,24,4,208.8959962129593,445849600,450043904,4194304,4194304,1024,2026-04-15T16:20:12Z,baseline_nvml_pt,nvidia-smi,ok,0.0,109.0,1695.0,7601.0,68.95,0.826367974281311,441.1953125,441.1953125,16.0,True,,100.0,45.31999999999999,90.75,estimated,,prefill-facebook-opt-6-7b-chunk-512-sm-24,success,,,/mnt/data/dheeraj/dicertation/inference-profile/runs/revised-rerun-20260415-171945-g7-opt67b-c512-1024/raw/points/prefill/prefill-facebook-opt-6-7b-chunk-512-sm-24.csv
facebook/opt-6.7b,512,gemm,fc1,24,4,817.1520233154297,445849600,462626816,16777216,16777216,1024,2026-04-15T16:20:12Z,baseline_nvml_pt,nvidia-smi,ok,0.0,109.0,1695.0,7601.0,68.95,0.826367974281311,441.1953125,441.1953125,16.0,True,,100.0,45.31999999999999,90.75,estimated,,prefill-facebook-opt-6-7b-chunk-512-sm-24,success,,,/mnt/data/dheeraj/dicertation/inference-profile/runs/revised-rerun-20260415-171945-g7-opt67b-c512-1024/raw/points/prefill/prefill-facebook-opt-6-7b-chunk-512-sm-24.csv
facebook/opt-6.7b,512,gemm,fc2,24,4,703.711986541748,445849600,450043904,4194304,4194304,1024,2026-04-15T16:20:12Z,baseline_nvml_pt,nvidia-smi,ok,0.0,109.0,1695.0,7601.0,68.95,0.826367974281311,441.1953125,441.1953125,16.0,True,,100.0,45.31999999999999,90.75,estimated,,prefill-facebook-opt-6-7b-chunk-512-sm-24,success,,,/mnt/data/dheeraj/dicertation/inference-profile/runs/revised-rerun-20260415-171945-g7-opt67b-c512-1024/raw/points/prefill/prefill-facebook-opt-6-7b-chunk-512-sm-24.csv
facebook/opt-6.7b,512,attention,attention,24,4,98.30400347709656,445849600,450110464,4260864,4194304,1024,2026-04-15T16:20:12Z,baseline_nvml_pt,nvidia-smi,ok,0.0,109.0,1695.0,7601.0,68.95,0.826367974281311,441.1953125,441.1953125,16.0,True,,100.0,45.31999999999999,90.75,estimated,,prefill-facebook-opt-6-7b-chunk-512-sm-24,success,,,/mnt/data/dheeraj/dicertation/inference-profile/runs/revised-rerun-20260415-171945-g7-opt67b-c512-1024/raw/points/prefill/prefill-facebook-opt-6-7b-chunk-512-sm-24.csv
facebook/opt-6.7b,512,gemm,q_proj,32,0,225.2800017595291,445849600,450043904,4194304,4194304,1024,2026-04-15T16:20:19Z,baseline_nvml_pt,nvidia-smi,ok,0.0,109.0,1695.0,7601.0,69.05,0.834559977054596,441.1953125,441.1953125,16.0,True,,100.0,40.48,99.0,estimated,,prefill-facebook-opt-6-7b-chunk-512-sm-32,success,,,/mnt/data/dheeraj/dicertation/inference-profile/runs/revised-rerun-20260415-171945-g7-opt67b-c512-1024/raw/points/prefill/prefill-facebook-opt-6-7b-chunk-512-sm-32.csv
facebook/opt-6.7b,512,gemm,k_proj,32,0,219.13599967956543,445849600,450043904,4194304,4194304,1024,2026-04-15T16:20:19Z,baseline_nvml_pt,nvidia-smi,ok,0.0,109.0,1695.0,7601.0,69.05,0.834559977054596,441.1953125,441.1953125,16.0,True,,100.0,40.48,99.0,estimated,,prefill-facebook-opt-6-7b-chunk-512-sm-32,success,,,/mnt/data/dheeraj/dicertation/inference-profile/runs/revised-rerun-20260415-171945-g7-opt67b-c512-1024/raw/points/prefill/prefill-facebook-opt-6-7b-chunk-512-sm-32.csv
facebook/opt-6.7b,512,gemm,v_proj,32,0,215.03999829292297,445849600,450043904,4194304,4194304,1024,2026-04-15T16:20:19Z,baseline_nvml_pt,nvidia-smi,ok,0.0,109.0,1695.0,7601.0,69.05,0.834559977054596,441.1953125,441.1953125,16.0,True,,100.0,40.48,99.0,estimated,,prefill-facebook-opt-6-7b-chunk-512-sm-32,success,,,/mnt/data/dheeraj/dicertation/inference-profile/runs/revised-rerun-20260415-171945-g7-opt67b-c512-1024/raw/points/prefill/prefill-facebook-opt-6-7b-chunk-512-sm-32.csv
facebook/opt-6.7b,512,gemm,out_proj,32,0,210.94399690628052,445849600,450043904,4194304,4194304,1024,2026-04-15T16:20:19Z,baseline_nvml_pt,nvidia-smi,ok,0.0,109.0,1695.0,7601.0,69.05,0.834559977054596,441.1953125,441.1953125,16.0,True,,100.0,40.48,99.0,estimated,,prefill-facebook-opt-6-7b-chunk-512-sm-32,success,,,/mnt/data/dheeraj/dicertation/inference-profile/runs/revised-rerun-20260415-171945-g7-opt67b-c512-1024/raw/points/prefill/prefill-facebook-opt-6-7b-chunk-512-sm-32.csv
facebook/opt-6.7b,512,gemm,fc1,32,0,834.559977054596,445849600,462626816,16777216,16777216,1024,2026-04-15T16:20:19Z,baseline_nvml_pt,nvidia-smi,ok,0.0,109.0,1695.0,7601.0,69.05,0.834559977054596,441.1953125,441.1953125,16.0,True,,100.0,40.48,99.0,estimated,,prefill-facebook-opt-6-7b-chunk-512-sm-32,success,,,/mnt/data/dheeraj/dicertation/inference-profile/runs/revised-rerun-20260415-171945-g7-opt67b-c512-1024/raw/points/prefill/prefill-facebook-opt-6-7b-chunk-512-sm-32.csv
facebook/opt-6.7b,512,gemm,fc2,32,0,707.584023475647,445849600,450043904,4194304,4194304,1024,2026-04-15T16:20:19Z,baseline_nvml_pt,nvidia-smi,ok,0.0,109.0,1695.0,7601.0,69.05,0.834559977054596,441.1953125,441.1953125,16.0,True,,100.0,40.48,99.0,estimated,,prefill-facebook-opt-6-7b-chunk-512-sm-32,success,,,/mnt/data/dheeraj/dicertation/inference-profile/runs/revised-rerun-20260415-171945-g7-opt67b-c512-1024/raw/points/prefill/prefill-facebook-opt-6-7b-chunk-512-sm-32.csv
facebook/opt-6.7b,512,attention,attention,32,0,109.56799983978271,445849600,450110464,4260864,4194304,1024,2026-04-15T16:20:19Z,baseline_nvml_pt,nvidia-smi,ok,0.0,109.0,1695.0,7601.0,69.05,0.834559977054596,441.1953125,441.1953125,16.0,True,,100.0,40.48,99.0,estimated,,prefill-facebook-opt-6-7b-chunk-512-sm-32,success,,,/mnt/data/dheeraj/dicertation/inference-profile/runs/revised-rerun-20260415-171945-g7-opt67b-c512-1024/raw/points/prefill/prefill-facebook-opt-6-7b-chunk-512-sm-32.csv
facebook/opt-6.7b,512,gemm,q_proj,32,1,215.83999693393707,445849600,450043904,4194304,4194304,1024,2026-04-15T16:20:19Z,baseline_nvml_pt,nvidia-smi,ok,0.0,109.0,1695.0,7601.0,69.05,0.834559977054596,441.1953125,441.1953125,16.0,True,,100.0,40.48,99.0,estimated,,prefill-facebook-opt-6-7b-chunk-512-sm-32,success,,,/mnt/data/dheeraj/dicertation/inference-profile/runs/revised-rerun-20260415-171945-g7-opt67b-c512-1024/raw/points/prefill/prefill-facebook-opt-6-7b-chunk-512-sm-32.csv
facebook/opt-6.7b,512,gemm,k_proj,32,1,210.65600216388702,445849600,450043904,4194304,4194304,1024,2026-04-15T16:20:19Z,baseline_nvml_pt,nvidia-smi,ok,0.0,109.0,1695.0,7601.0,69.05,0.834559977054596,441.1953125,441.1953125,16.0,True,,100.0,40.48,99.0,estimated,,prefill-facebook-opt-6-7b-chunk-512-sm-32,success,,,/mnt/data/dheeraj/dicertation/inference-profile/runs/revised-rerun-20260415-171945-g7-opt67b-c512-1024/raw/points/prefill/prefill-facebook-opt-6-7b-chunk-512-sm-32.csv
facebook/opt-6.7b,512,gemm,v_proj,32,1,210.9760046005249,445849600,450043904,4194304,4194304,1024,2026-04-15T16:20:19Z,baseline_nvml_pt,nvidia-smi,ok,0.0,109.0,1695.0,7601.0,69.05,0.834559977054596,441.1953125,441.1953125,16.0,True,,100.0,40.48,99.0,estimated,,prefill-facebook-opt-6-7b-chunk-512-sm-32,success,,,/mnt/data/dheeraj/dicertation/inference-profile/runs/revised-rerun-20260415-171945-g7-opt67b-c512-1024/raw/points/prefill/prefill-facebook-opt-6-7b-chunk-512-sm-32.csv
facebook/opt-6.7b,512,gemm,out_proj,32,1,207.87200331687927,445849600,450043904,4194304,4194304,1024,2026-04-15T16:20:19Z,baseline_nvml_pt,nvidia-smi,ok,0.0,109.0,1695.0,7601.0,69.05,0.834559977054596,441.1953125,441.1953125,16.0,True,,100.0,40.48,99.0,estimated,,prefill-facebook-opt-6-7b-chunk-512-sm-32,success,,,/mnt/data/dheeraj/dicertation/inference-profile/runs/revised-rerun-20260415-171945-g7-opt67b-c512-1024/raw/points/prefill/prefill-facebook-opt-6-7b-chunk-512-sm-32.csv
facebook/opt-6.7b,512,gemm,fc1,32,1,821.2479948997498,445849600,462626816,16777216,16777216,1024,2026-04-15T16:20:19Z,baseline_nvml_pt,nvidia-smi,ok,0.0,109.0,1695.0,7601.0,69.05,0.834559977054596,441.1953125,441.1953125,16.0,True,,100.0,40.48,99.0,estimated,,prefill-facebook-opt-6-7b-chunk-512-sm-32,success,,,/mnt/data/dheeraj/dicertation/inference-profile/runs/revised-rerun-20260415-171945-g7-opt67b-c512-1024/raw/points/prefill/prefill-facebook-opt-6-7b-chunk-512-sm-32.csv
facebook/opt-6.7b,512,gemm,fc2,32,1,707.584023475647,445849600,450043904,4194304,4194304,1024,2026-04-15T16:20:19Z,baseline_nvml_pt,nvidia-smi,ok,0.0,109.0,1695.0,7601.0,69.05,0.834559977054596,441.1953125,441.1953125,16.0,True,,100.0,40.48,99.0,estimated,,prefill-facebook-opt-6-7b-chunk-512-sm-32,success,,,/mnt/data/dheeraj/dicertation/inference-profile/runs/revised-rerun-20260415-171945-g7-opt67b-c512-1024/raw/points/prefill/prefill-facebook-opt-6-7b-chunk-512-sm-32.csv
facebook/opt-6.7b,512,attention,attention,32,1,98.30400347709656,445849600,450110464,4260864,4194304,1024,2026-04-15T16:20:19Z,baseline_nvml_pt,nvidia-smi,ok,0.0,109.0,1695.0,7601.0,69.05,0.834559977054596,441.1953125,441.1953125,16.0,True,,100.0,40.48,99.0,estimated,,prefill-facebook-opt-6-7b-chunk-512-sm-32,success,,,/mnt/data/dheeraj/dicertation/inference-profile/runs/revised-rerun-20260415-171945-g7-opt67b-c512-1024/raw/points/prefill/prefill-facebook-opt-6-7b-chunk-512-sm-32.csv
facebook/opt-6.7b,512,gemm,q_proj,32,2,221.18400037288666,445849600,450043904,4194304,4194304,1024,2026-04-15T16:20:19Z,baseline_nvml_pt,nvidia-smi,ok,0.0,109.0,1695.0,7601.0,69.05,0.834559977054596,441.1953125,441.1953125,16.0,True,,100.0,40.48,99.0,estimated,,prefill-facebook-opt-6-7b-chunk-512-sm-32,success,,,/mnt/data/dheeraj/dicertation/inference-profile/runs/revised-rerun-20260415-171945-g7-opt67b-c512-1024/raw/points/prefill/prefill-facebook-opt-6-7b-chunk-512-sm-32.csv
facebook/opt-6.7b,512,gemm,k_proj,32,2,210.94399690628052,445849600,450043904,4194304,4194304,1024,2026-04-15T16:20:19Z,baseline_nvml_pt,nvidia-smi,ok,0.0,109.0,1695.0,7601.0,69.05,0.834559977054596,441.1953125,441.1953125,16.0,True,,100.0,40.48,99.0,estimated,,prefill-facebook-opt-6-7b-chunk-512-sm-32,success,,,/mnt/data/dheeraj/dicertation/inference-profile/runs/revised-rerun-20260415-171945-g7-opt67b-c512-1024/raw/points/prefill/prefill-facebook-opt-6-7b-chunk-512-sm-32.csv
facebook/opt-6.7b,512,gemm,v_proj,32,2,211.96800470352173,445849600,450043904,4194304,4194304,1024,2026-04-15T16:20:19Z,baseline_nvml_pt,nvidia-smi,ok,0.0,109.0,1695.0,7601.0,69.05,0.834559977054596,441.1953125,441.1953125,16.0,True,,100.0,40.48,99.0,estimated,,prefill-facebook-opt-6-7b-chunk-512-sm-32,success,,,/mnt/data/dheeraj/dicertation/inference-profile/runs/revised-rerun-20260415-171945-g7-opt67b-c512-1024/raw/points/prefill/prefill-facebook-opt-6-7b-chunk-512-sm-32.csv
facebook/opt-6.7b,512,gemm,out_proj,32,2,209.9200040102005,445849600,450043904,4194304,4194304,1024,2026-04-15T16:20:19Z,baseline_nvml_pt,nvidia-smi,ok,0.0,109.0,1695.0,7601.0,69.05,0.834559977054596,441.1953125,441.1953125,16.0,True,,100.0,40.48,99.0,estimated,,prefill-facebook-opt-6-7b-chunk-512-sm-32,success,,,/mnt/data/dheeraj/dicertation/inference-profile/runs/revised-rerun-20260415-171945-g7-opt67b-c512-1024/raw/points/prefill/prefill-facebook-opt-6-7b-chunk-512-sm-32.csv
facebook/opt-6.7b,512,gemm,fc1,32,2,822.272002696991,445849600,462626816,16777216,16777216,1024,2026-04-15T16:20:19Z,baseline_nvml_pt,nvidia-smi,ok,0.0,109.0,1695.0,7601.0,69.05,0.834559977054596,441.1953125,441.1953125,16.0,True,,100.0,40.48,99.0,estimated,,prefill-facebook-opt-6-7b-chunk-512-sm-32,success,,,/mnt/data/dheeraj/dicertation/inference-profile/runs/revised-rerun-20260415-171945-g7-opt67b-c512-1024/raw/points/prefill/prefill-facebook-opt-6-7b-chunk-512-sm-32.csv
facebook/opt-6.7b,512,gemm,fc2,32,2,703.6160230636597,445849600,450043904,4194304,4194304,1024,2026-04-15T16:20:19Z,baseline_nvml_pt,nvidia-smi,ok,0.0,109.0,1695.0,7601.0,69.05,0.834559977054596,441.1953125,441.1953125,16.0,True,,100.0,40.48,99.0,estimated,,prefill-facebook-opt-6-7b-chunk-512-sm-32,success,,,/mnt/data/dheeraj/dicertation/inference-profile/runs/revised-rerun-20260415-171945-g7-opt67b-c512-1024/raw/points/prefill/prefill-facebook-opt-6-7b-chunk-512-sm-32.csv
facebook/opt-6.7b,512,attention,attention,32,2,99.32799637317657,445849600,450110464,4260864,4194304,1024,2026-04-15T16:20:19Z,baseline_nvml_pt,nvidia-smi,ok,0.0,109.0,1695.0,7601.0,69.05,0.834559977054596,441.1953125,441.1953125,16.0,True,,100.0,40.48,99.0,estimated,,prefill-facebook-opt-6-7b-chunk-512-sm-32,success,,,/mnt/data/dheeraj/dicertation/inference-profile/runs/revised-rerun-20260415-171945-g7-opt67b-c512-1024/raw/points/prefill/prefill-facebook-opt-6-7b-chunk-512-sm-32.csv
facebook/opt-6.7b,512,gemm,q_proj,32,3,212.89600431919098,445849600,450043904,4194304,4194304,1024,2026-04-15T16:20:19Z,baseline_nvml_pt,nvidia-smi,ok,0.0,109.0,1695.0,7601.0,69.05,0.834559977054596,441.1953125,441.1953125,16.0,True,,100.0,40.48,99.0,estimated,,prefill-facebook-opt-6-7b-chunk-512-sm-32,success,,,/mnt/data/dheeraj/dicertation/inference-profile/runs/revised-rerun-20260415-171945-g7-opt67b-c512-1024/raw/points/prefill/prefill-facebook-opt-6-7b-chunk-512-sm-32.csv
facebook/opt-6.7b,512,gemm,k_proj,32,3,210.94399690628052,445849600,450043904,4194304,4194304,1024,2026-04-15T16:20:19Z,baseline_nvml_pt,nvidia-smi,ok,0.0,109.0,1695.0,7601.0,69.05,0.834559977054596,441.1953125,441.1953125,16.0,True,,100.0,40.48,99.0,estimated,,prefill-facebook-opt-6-7b-chunk-512-sm-32,success,,,/mnt/data/dheeraj/dicertation/inference-profile/runs/revised-rerun-20260415-171945-g7-opt67b-c512-1024/raw/points/prefill/prefill-facebook-opt-6-7b-chunk-512-sm-32.csv
facebook/opt-6.7b,512,gemm,v_proj,32,3,211.96800470352173,445849600,450043904,4194304,4194304,1024,2026-04-15T16:20:19Z,baseline_nvml_pt,nvidia-smi,ok,0.0,109.0,1695.0,7601.0,69.05,0.834559977054596,441.1953125,441.1953125,16.0,True,,100.0,40.48,99.0,estimated,,prefill-facebook-opt-6-7b-chunk-512-sm-32,success,,,/mnt/data/dheeraj/dicertation/inference-profile/runs/revised-rerun-20260415-171945-g7-opt67b-c512-1024/raw/points/prefill/prefill-facebook-opt-6-7b-chunk-512-sm-32.csv
facebook/opt-6.7b,512,gemm,out_proj,32,3,210.94399690628052,445849600,450043904,4194304,4194304,1024,2026-04-15T16:20:19Z,baseline_nvml_pt,nvidia-smi,ok,0.0,109.0,1695.0,7601.0,69.05,0.834559977054596,441.1953125,441.1953125,16.0,True,,100.0,40.48,99.0,estimated,,prefill-facebook-opt-6-7b-chunk-512-sm-32,success,,,/mnt/data/dheeraj/dicertation/inference-profile/runs/revised-rerun-20260415-171945-g7-opt67b-c512-1024/raw/points/prefill/prefill-facebook-opt-6-7b-chunk-512-sm-32.csv
facebook/opt-6.7b,512,gemm,fc1,32,3,820.2239871025085,445849600,462626816,16777216,16777216,1024,2026-04-15T16:20:19Z,baseline_nvml_pt,nvidia-smi,ok,0.0,109.0,1695.0,7601.0,69.05,0.834559977054596,441.1953125,441.1953125,16.0,True,,100.0,40.48,99.0,estimated,,prefill-facebook-opt-6-7b-chunk-512-sm-32,success,,,/mnt/data/dheeraj/dicertation/inference-profile/runs/revised-rerun-20260415-171945-g7-opt67b-c512-1024/raw/points/prefill/prefill-facebook-opt-6-7b-chunk-512-sm-32.csv
facebook/opt-6.7b,512,gemm,fc2,32,3,704.5120000839233,445849600,450043904,4194304,4194304,1024,2026-04-15T16:20:19Z,baseline_nvml_pt,nvidia-smi,ok,0.0,109.0,1695.0,7601.0,69.05,0.834559977054596,441.1953125,441.1953125,16.0,True,,100.0,40.48,99.0,estimated,,prefill-facebook-opt-6-7b-chunk-512-sm-32,success,,,/mnt/data/dheeraj/dicertation/inference-profile/runs/revised-rerun-20260415-171945-g7-opt67b-c512-1024/raw/points/prefill/prefill-facebook-opt-6-7b-chunk-512-sm-32.csv
facebook/opt-6.7b,512,attention,attention,32,3,97.28000313043594,445849600,450110464,4260864,4194304,1024,2026-04-15T16:20:19Z,baseline_nvml_pt,nvidia-smi,ok,0.0,109.0,1695.0,7601.0,69.05,0.834559977054596,441.1953125,441.1953125,16.0,True,,100.0,40.48,99.0,estimated,,prefill-facebook-opt-6-7b-chunk-512-sm-32,success,,,/mnt/data/dheeraj/dicertation/inference-profile/runs/revised-rerun-20260415-171945-g7-opt67b-c512-1024/raw/points/prefill/prefill-facebook-opt-6-7b-chunk-512-sm-32.csv
facebook/opt-6.7b,512,gemm,q_proj,32,4,211.96800470352173,445849600,450043904,4194304,4194304,1024,2026-04-15T16:20:19Z,baseline_nvml_pt,nvidia-smi,ok,0.0,109.0,1695.0,7601.0,69.05,0.834559977054596,441.1953125,441.1953125,16.0,True,,100.0,40.48,99.0,estimated,,prefill-facebook-opt-6-7b-chunk-512-sm-32,success,,,/mnt/data/dheeraj/dicertation/inference-profile/runs/revised-rerun-20260415-171945-g7-opt67b-c512-1024/raw/points/prefill/prefill-facebook-opt-6-7b-chunk-512-sm-32.csv
facebook/opt-6.7b,512,gemm,k_proj,32,4,209.98400449752808,445849600,450043904,4194304,4194304,1024,2026-04-15T16:20:19Z,baseline_nvml_pt,nvidia-smi,ok,0.0,109.0,1695.0,7601.0,69.05,0.834559977054596,441.1953125,441.1953125,16.0,True,,100.0,40.48,99.0,estimated,,prefill-facebook-opt-6-7b-chunk-512-sm-32,success,,,/mnt/data/dheeraj/dicertation/inference-profile/runs/revised-rerun-20260415-171945-g7-opt67b-c512-1024/raw/points/prefill/prefill-facebook-opt-6-7b-chunk-512-sm-32.csv
facebook/opt-6.7b,512,gemm,v_proj,32,4,209.9200040102005,445849600,450043904,4194304,4194304,1024,2026-04-15T16:20:19Z,baseline_nvml_pt,nvidia-smi,ok,0.0,109.0,1695.0,7601.0,69.05,0.834559977054596,441.1953125,441.1953125,16.0,True,,100.0,40.48,99.0,estimated,,prefill-facebook-opt-6-7b-chunk-512-sm-32,success,,,/mnt/data/dheeraj/dicertation/inference-profile/runs/revised-rerun-20260415-171945-g7-opt67b-c512-1024/raw/points/prefill/prefill-facebook-opt-6-7b-chunk-512-sm-32.csv
facebook/opt-6.7b,512,gemm,out_proj,32,4,208.6080014705658,445849600,450043904,4194304,4194304,1024,2026-04-15T16:20:19Z,baseline_nvml_pt,nvidia-smi,ok,0.0,109.0,1695.0,7601.0,69.05,0.834559977054596,441.1953125,441.1953125,16.0,True,,100.0,40.48,99.0,estimated,,prefill-facebook-opt-6-7b-chunk-512-sm-32,success,,,/mnt/data/dheeraj/dicertation/inference-profile/runs/revised-rerun-20260415-171945-g7-opt67b-c512-1024/raw/points/prefill/prefill-facebook-opt-6-7b-chunk-512-sm-32.csv
facebook/opt-6.7b,512,gemm,fc1,32,4,818.9120292663574,445849600,462626816,16777216,16777216,1024,2026-04-15T16:20:19Z,baseline_nvml_pt,nvidia-smi,ok,0.0,109.0,1695.0,7601.0,69.05,0.834559977054596,441.1953125,441.1953125,16.0,True,,100.0,40.48,99.0,estimated,,prefill-facebook-opt-6-7b-chunk-512-sm-32,success,,,/mnt/data/dheeraj/dicertation/inference-profile/runs/revised-rerun-20260415-171945-g7-opt67b-c512-1024/raw/points/prefill/prefill-facebook-opt-6-7b-chunk-512-sm-32.csv
facebook/opt-6.7b,512,gemm,fc2,32,4,702.6879787445068,445849600,450043904,4194304,4194304,1024,2026-04-15T16:20:19Z,baseline_nvml_pt,nvidia-smi,ok,0.0,109.0,1695.0,7601.0,69.05,0.834559977054596,441.1953125,441.1953125,16.0,True,,100.0,40.48,99.0,estimated,,prefill-facebook-opt-6-7b-chunk-512-sm-32,success,,,/mnt/data/dheeraj/dicertation/inference-profile/runs/revised-rerun-20260415-171945-g7-opt67b-c512-1024/raw/points/prefill/prefill-facebook-opt-6-7b-chunk-512-sm-32.csv
facebook/opt-6.7b,512,attention,attention,32,4,98.30400347709656,445849600,450110464,4260864,4194304,1024,2026-04-15T16:20:19Z,baseline_nvml_pt,nvidia-smi,ok,0.0,109.0,1695.0,7601.0,69.05,0.834559977054596,441.1953125,441.1953125,16.0,True,,100.0,40.48,99.0,estimated,,prefill-facebook-opt-6-7b-chunk-512-sm-32,success,,,/mnt/data/dheeraj/dicertation/inference-profile/runs/revised-rerun-20260415-171945-g7-opt67b-c512-1024/raw/points/prefill/prefill-facebook-opt-6-7b-chunk-512-sm-32.csv
facebook/opt-6.7b,1024,gemm,q_proj,8,0,448.63998889923096,479404032,487792640,8388608,8388608,1024,2026-04-15T16:20:24Z,baseline_nvml_pt,nvidia-smi,ok,0.0,109.0,1695.0,8001.0,65.67,1.6268479824066162,489.1953125,489.1953125,32.0,True,,93.22000000000001,50.625,77.625,estimated,,prefill-facebook-opt-6-7b-chunk-1024-sm-8,success,,,/mnt/data/dheeraj/dicertation/inference-profile/runs/revised-rerun-20260415-171945-g7-opt67b-c512-1024/raw/points/prefill/prefill-facebook-opt-6-7b-chunk-1024-sm-8.csv
facebook/opt-6.7b,1024,gemm,k_proj,8,0,442.3680007457733,479404032,487792640,8388608,8388608,1024,2026-04-15T16:20:24Z,baseline_nvml_pt,nvidia-smi,ok,0.0,109.0,1695.0,8001.0,65.67,1.6268479824066162,489.1953125,489.1953125,32.0,True,,93.22000000000001,50.625,77.625,estimated,,prefill-facebook-opt-6-7b-chunk-1024-sm-8,success,,,/mnt/data/dheeraj/dicertation/inference-profile/runs/revised-rerun-20260415-171945-g7-opt67b-c512-1024/raw/points/prefill/prefill-facebook-opt-6-7b-chunk-1024-sm-8.csv
facebook/opt-6.7b,1024,gemm,v_proj,8,0,434.1759979724884,479404032,487792640,8388608,8388608,1024,2026-04-15T16:20:24Z,baseline_nvml_pt,nvidia-smi,ok,0.0,109.0,1695.0,8001.0,65.67,1.6268479824066162,489.1953125,489.1953125,32.0,True,,93.22000000000001,50.625,77.625,estimated,,prefill-facebook-opt-6-7b-chunk-1024-sm-8,success,,,/mnt/data/dheeraj/dicertation/inference-profile/runs/revised-rerun-20260415-171945-g7-opt67b-c512-1024/raw/points/prefill/prefill-facebook-opt-6-7b-chunk-1024-sm-8.csv
facebook/opt-6.7b,1024,gemm,out_proj,8,0,435.2000057697296,479404032,487792640,8388608,8388608,1024,2026-04-15T16:20:24Z,baseline_nvml_pt,nvidia-smi,ok,0.0,109.0,1695.0,8001.0,65.67,1.6268479824066162,489.1953125,489.1953125,32.0,True,,93.22000000000001,50.625,77.625,estimated,,prefill-facebook-opt-6-7b-chunk-1024-sm-8,success,,,/mnt/data/dheeraj/dicertation/inference-profile/runs/revised-rerun-20260415-171945-g7-opt67b-c512-1024/raw/points/prefill/prefill-facebook-opt-6-7b-chunk-1024-sm-8.csv
facebook/opt-6.7b,1024,gemm,fc1,8,0,1558.527946472168,479404032,512958464,33554432,33554432,1024,2026-04-15T16:20:24Z,baseline_nvml_pt,nvidia-smi,ok,0.0,109.0,1695.0,8001.0,65.67,1.6268479824066162,489.1953125,489.1953125,32.0,True,,93.22000000000001,50.625,77.625,estimated,,prefill-facebook-opt-6-7b-chunk-1024-sm-8,success,,,/mnt/data/dheeraj/dicertation/inference-profile/runs/revised-rerun-20260415-171945-g7-opt67b-c512-1024/raw/points/prefill/prefill-facebook-opt-6-7b-chunk-1024-sm-8.csv
facebook/opt-6.7b,1024,gemm,fc2,8,0,1625.0879764556885,479404032,487792640,8388608,8388608,1024,2026-04-15T16:20:24Z,baseline_nvml_pt,nvidia-smi,ok,0.0,109.0,1695.0,8001.0,65.67,1.6268479824066162,489.1953125,489.1953125,32.0,True,,93.22000000000001,50.625,77.625,estimated,,prefill-facebook-opt-6-7b-chunk-1024-sm-8,success,,,/mnt/data/dheeraj/dicertation/inference-profile/runs/revised-rerun-20260415-171945-g7-opt67b-c512-1024/raw/points/prefill/prefill-facebook-opt-6-7b-chunk-1024-sm-8.csv
facebook/opt-6.7b,1024,attention,attention,8,0,253.9519965648651,479404032,487924736,8520704,8388608,1024,2026-04-15T16:20:24Z,baseline_nvml_pt,nvidia-smi,ok,0.0,109.0,1695.0,8001.0,65.67,1.6268479824066162,489.1953125,489.1953125,32.0,True,,93.22000000000001,50.625,77.625,estimated,,prefill-facebook-opt-6-7b-chunk-1024-sm-8,success,,,/mnt/data/dheeraj/dicertation/inference-profile/runs/revised-rerun-20260415-171945-g7-opt67b-c512-1024/raw/points/prefill/prefill-facebook-opt-6-7b-chunk-1024-sm-8.csv
facebook/opt-6.7b,1024,gemm,q_proj,8,1,437.24799156188965,479404032,487792640,8388608,8388608,1024,2026-04-15T16:20:24Z,baseline_nvml_pt,nvidia-smi,ok,0.0,109.0,1695.0,8001.0,65.67,1.6268479824066162,489.1953125,489.1953125,32.0,True,,93.22000000000001,50.625,77.625,estimated,,prefill-facebook-opt-6-7b-chunk-1024-sm-8,success,,,/mnt/data/dheeraj/dicertation/inference-profile/runs/revised-rerun-20260415-171945-g7-opt67b-c512-1024/raw/points/prefill/prefill-facebook-opt-6-7b-chunk-1024-sm-8.csv
facebook/opt-6.7b,1024,gemm,k_proj,8,1,433.0880045890808,479404032,487792640,8388608,8388608,1024,2026-04-15T16:20:24Z,baseline_nvml_pt,nvidia-smi,ok,0.0,109.0,1695.0,8001.0,65.67,1.6268479824066162,489.1953125,489.1953125,32.0,True,,93.22000000000001,50.625,77.625,estimated,,prefill-facebook-opt-6-7b-chunk-1024-sm-8,success,,,/mnt/data/dheeraj/dicertation/inference-profile/runs/revised-rerun-20260415-171945-g7-opt67b-c512-1024/raw/points/prefill/prefill-facebook-opt-6-7b-chunk-1024-sm-8.csv
facebook/opt-6.7b,1024,gemm,v_proj,8,1,431.10400438308716,479404032,487792640,8388608,8388608,1024,2026-04-15T16:20:24Z,baseline_nvml_pt,nvidia-smi,ok,0.0,109.0,1695.0,8001.0,65.67,1.6268479824066162,489.1953125,489.1953125,32.0,True,,93.22000000000001,50.625,77.625,estimated,,prefill-facebook-opt-6-7b-chunk-1024-sm-8,success,,,/mnt/data/dheeraj/dicertation/inference-profile/runs/revised-rerun-20260415-171945-g7-opt67b-c512-1024/raw/points/prefill/prefill-facebook-opt-6-7b-chunk-1024-sm-8.csv
facebook/opt-6.7b,1024,gemm,out_proj,8,1,430.9439957141876,479404032,487792640,8388608,8388608,1024,2026-04-15T16:20:24Z,baseline_nvml_pt,nvidia-smi,ok,0.0,109.0,1695.0,8001.0,65.67,1.6268479824066162,489.1953125,489.1953125,32.0,True,,93.22000000000001,50.625,77.625,estimated,,prefill-facebook-opt-6-7b-chunk-1024-sm-8,success,,,/mnt/data/dheeraj/dicertation/inference-profile/runs/revised-rerun-20260415-171945-g7-opt67b-c512-1024/raw/points/prefill/prefill-facebook-opt-6-7b-chunk-1024-sm-8.csv
facebook/opt-6.7b,1024,gemm,fc1,8,1,1551.360011100769,479404032,512958464,33554432,33554432,1024,2026-04-15T16:20:24Z,baseline_nvml_pt,nvidia-smi,ok,0.0,109.0,1695.0,8001.0,65.67,1.6268479824066162,489.1953125,489.1953125,32.0,True,,93.22000000000001,50.625,77.625,estimated,,prefill-facebook-opt-6-7b-chunk-1024-sm-8,success,,,/mnt/data/dheeraj/dicertation/inference-profile/runs/revised-rerun-20260415-171945-g7-opt67b-c512-1024/raw/points/prefill/prefill-facebook-opt-6-7b-chunk-1024-sm-8.csv
facebook/opt-6.7b,1024,gemm,fc2,8,1,1626.8479824066162,479404032,487792640,8388608,8388608,1024,2026-04-15T16:20:24Z,baseline_nvml_pt,nvidia-smi,ok,0.0,109.0,1695.0,8001.0,65.67,1.6268479824066162,489.1953125,489.1953125,32.0,True,,93.22000000000001,50.625,77.625,estimated,,prefill-facebook-opt-6-7b-chunk-1024-sm-8,success,,,/mnt/data/dheeraj/dicertation/inference-profile/runs/revised-rerun-20260415-171945-g7-opt67b-c512-1024/raw/points/prefill/prefill-facebook-opt-6-7b-chunk-1024-sm-8.csv
facebook/opt-6.7b,1024,attention,attention,8,1,248.83200228214264,479404032,487924736,8520704,8388608,1024,2026-04-15T16:20:24Z,baseline_nvml_pt,nvidia-smi,ok,0.0,109.0,1695.0,8001.0,65.67,1.6268479824066162,489.1953125,489.1953125,32.0,True,,93.22000000000001,50.625,77.625,estimated,,prefill-facebook-opt-6-7b-chunk-1024-sm-8,success,,,/mnt/data/dheeraj/dicertation/inference-profile/runs/revised-rerun-20260415-171945-g7-opt67b-c512-1024/raw/points/prefill/prefill-facebook-opt-6-7b-chunk-1024-sm-8.csv
facebook/opt-6.7b,1024,gemm,q_proj,8,2,451.58401131629944,479404032,487792640,8388608,8388608,1024,2026-04-15T16:20:24Z,baseline_nvml_pt,nvidia-smi,ok,0.0,109.0,1695.0,8001.0,65.67,1.6268479824066162,489.1953125,489.1953125,32.0,True,,93.22000000000001,50.625,77.625,estimated,,prefill-facebook-opt-6-7b-chunk-1024-sm-8,success,,,/mnt/data/dheeraj/dicertation/inference-profile/runs/revised-rerun-20260415-171945-g7-opt67b-c512-1024/raw/points/prefill/prefill-facebook-opt-6-7b-chunk-1024-sm-8.csv
facebook/opt-6.7b,1024,gemm,k_proj,8,2,437.1199905872345,479404032,487792640,8388608,8388608,1024,2026-04-15T16:20:24Z,baseline_nvml_pt,nvidia-smi,ok,0.0,109.0,1695.0,8001.0,65.67,1.6268479824066162,489.1953125,489.1953125,32.0,True,,93.22000000000001,50.625,77.625,estimated,,prefill-facebook-opt-6-7b-chunk-1024-sm-8,success,,,/mnt/data/dheeraj/dicertation/inference-profile/runs/revised-rerun-20260415-171945-g7-opt67b-c512-1024/raw/points/prefill/prefill-facebook-opt-6-7b-chunk-1024-sm-8.csv
facebook/opt-6.7b,1024,gemm,v_proj,8,2,434.1759979724884,479404032,487792640,8388608,8388608,1024,2026-04-15T16:20:24Z,baseline_nvml_pt,nvidia-smi,ok,0.0,109.0,1695.0,8001.0,65.67,1.6268479824066162,489.1953125,489.1953125,32.0,True,,93.22000000000001,50.625,77.625,estimated,,prefill-facebook-opt-6-7b-chunk-1024-sm-8,success,,,/mnt/data/dheeraj/dicertation/inference-profile/runs/revised-rerun-20260415-171945-g7-opt67b-c512-1024/raw/points/prefill/prefill-facebook-opt-6-7b-chunk-1024-sm-8.csv
facebook/opt-6.7b,1024,gemm,out_proj,8,2,435.0079894065857,479404032,487792640,8388608,8388608,1024,2026-04-15T16:20:24Z,baseline_nvml_pt,nvidia-smi,ok,0.0,109.0,1695.0,8001.0,65.67,1.6268479824066162,489.1953125,489.1953125,32.0,True,,93.22000000000001,50.625,77.625,estimated,,prefill-facebook-opt-6-7b-chunk-1024-sm-8,success,,,/mnt/data/dheeraj/dicertation/inference-profile/runs/revised-rerun-20260415-171945-g7-opt67b-c512-1024/raw/points/prefill/prefill-facebook-opt-6-7b-chunk-1024-sm-8.csv
facebook/opt-6.7b,1024,gemm,fc1,8,2,1567.7440166473389,479404032,512958464,33554432,33554432,1024,2026-04-15T16:20:24Z,baseline_nvml_pt,nvidia-smi,ok,0.0,109.0,1695.0,8001.0,65.67,1.6268479824066162,489.1953125,489.1953125,32.0,True,,93.22000000000001,50.625,77.625,estimated,,prefill-facebook-opt-6-7b-chunk-1024-sm-8,success,,,/mnt/data/dheeraj/dicertation/inference-profile/runs/revised-rerun-20260415-171945-g7-opt67b-c512-1024/raw/points/prefill/prefill-facebook-opt-6-7b-chunk-1024-sm-8.csv
facebook/opt-6.7b,1024,gemm,fc2,8,2,1622.0159530639648,479404032,487792640,8388608,8388608,1024,2026-04-15T16:20:24Z,baseline_nvml_pt,nvidia-smi,ok,0.0,109.0,1695.0,8001.0,65.67,1.6268479824066162,489.1953125,489.1953125,32.0,True,,93.22000000000001,50.625,77.625,estimated,,prefill-facebook-opt-6-7b-chunk-1024-sm-8,success,,,/mnt/data/dheeraj/dicertation/inference-profile/runs/revised-rerun-20260415-171945-g7-opt67b-c512-1024/raw/points/prefill/prefill-facebook-opt-6-7b-chunk-1024-sm-8.csv
facebook/opt-6.7b,1024,attention,attention,8,2,252.79998779296875,479404032,487924736,8520704,8388608,1024,2026-04-15T16:20:24Z,baseline_nvml_pt,nvidia-smi,ok,0.0,109.0,1695.0,8001.0,65.67,1.6268479824066162,489.1953125,489.1953125,32.0,True,,93.22000000000001,50.625,77.625,estimated,,prefill-facebook-opt-6-7b-chunk-1024-sm-8,success,,,/mnt/data/dheeraj/dicertation/inference-profile/runs/revised-rerun-20260415-171945-g7-opt67b-c512-1024/raw/points/prefill/prefill-facebook-opt-6-7b-chunk-1024-sm-8.csv
facebook/opt-6.7b,1024,gemm,q_proj,8,3,437.0880126953125,479404032,487792640,8388608,8388608,1024,2026-04-15T16:20:24Z,baseline_nvml_pt,nvidia-smi,ok,0.0,109.0,1695.0,8001.0,65.67,1.6268479824066162,489.1953125,489.1953125,32.0,True,,93.22000000000001,50.625,77.625,estimated,,prefill-facebook-opt-6-7b-chunk-1024-sm-8,success,,,/mnt/data/dheeraj/dicertation/inference-profile/runs/revised-rerun-20260415-171945-g7-opt67b-c512-1024/raw/points/prefill/prefill-facebook-opt-6-7b-chunk-1024-sm-8.csv
facebook/opt-6.7b,1024,gemm,k_proj,8,3,436.2240135669708,479404032,487792640,8388608,8388608,1024,2026-04-15T16:20:24Z,baseline_nvml_pt,nvidia-smi,ok,0.0,109.0,1695.0,8001.0,65.67,1.6268479824066162,489.1953125,489.1953125,32.0,True,,93.22000000000001,50.625,77.625,estimated,,prefill-facebook-opt-6-7b-chunk-1024-sm-8,success,,,/mnt/data/dheeraj/dicertation/inference-profile/runs/revised-rerun-20260415-171945-g7-opt67b-c512-1024/raw/points/prefill/prefill-facebook-opt-6-7b-chunk-1024-sm-8.csv
facebook/opt-6.7b,1024,gemm,v_proj,8,3,435.2000057697296,479404032,487792640,8388608,8388608,1024,2026-04-15T16:20:24Z,baseline_nvml_pt,nvidia-smi,ok,0.0,109.0,1695.0,8001.0,65.67,1.6268479824066162,489.1953125,489.1953125,32.0,True,,93.22000000000001,50.625,77.625,estimated,,prefill-facebook-opt-6-7b-chunk-1024-sm-8,success,,,/mnt/data/dheeraj/dicertation/inference-profile/runs/revised-rerun-20260415-171945-g7-opt67b-c512-1024/raw/points/prefill/prefill-facebook-opt-6-7b-chunk-1024-sm-8.csv
facebook/opt-6.7b,1024,gemm,out_proj,8,3,436.2240135669708,479404032,487792640,8388608,8388608,1024,2026-04-15T16:20:24Z,baseline_nvml_pt,nvidia-smi,ok,0.0,109.0,1695.0,8001.0,65.67,1.6268479824066162,489.1953125,489.1953125,32.0,True,,93.22000000000001,50.625,77.625,estimated,,prefill-facebook-opt-6-7b-chunk-1024-sm-8,success,,,/mnt/data/dheeraj/dicertation/inference-profile/runs/revised-rerun-20260415-171945-g7-opt67b-c512-1024/raw/points/prefill/prefill-facebook-opt-6-7b-chunk-1024-sm-8.csv
facebook/opt-6.7b,1024,gemm,fc1,8,3,1555.456042289734,479404032,512958464,33554432,33554432,1024,2026-04-15T16:20:24Z,baseline_nvml_pt,nvidia-smi,ok,0.0,109.0,1695.0,8001.0,65.67,1.6268479824066162,489.1953125,489.1953125,32.0,True,,93.22000000000001,50.625,77.625,estimated,,prefill-facebook-opt-6-7b-chunk-1024-sm-8,success,,,/mnt/data/dheeraj/dicertation/inference-profile/runs/revised-rerun-20260415-171945-g7-opt67b-c512-1024/raw/points/prefill/prefill-facebook-opt-6-7b-chunk-1024-sm-8.csv
facebook/opt-6.7b,1024,gemm,fc2,8,3,1623.039960861206,479404032,487792640,8388608,8388608,1024,2026-04-15T16:20:24Z,baseline_nvml_pt,nvidia-smi,ok,0.0,109.0,1695.0,8001.0,65.67,1.6268479824066162,489.1953125,489.1953125,32.0,True,,93.22000000000001,50.625,77.625,estimated,,prefill-facebook-opt-6-7b-chunk-1024-sm-8,success,,,/mnt/data/dheeraj/dicertation/inference-profile/runs/revised-rerun-20260415-171945-g7-opt67b-c512-1024/raw/points/prefill/prefill-facebook-opt-6-7b-chunk-1024-sm-8.csv
facebook/opt-6.7b,1024,attention,attention,8,3,251.90401077270508,479404032,487924736,8520704,8388608,1024,2026-04-15T16:20:24Z,baseline_nvml_pt,nvidia-smi,ok,0.0,109.0,1695.0,8001.0,65.67,1.6268479824066162,489.1953125,489.1953125,32.0,True,,93.22000000000001,50.625,77.625,estimated,,prefill-facebook-opt-6-7b-chunk-1024-sm-8,success,,,/mnt/data/dheeraj/dicertation/inference-profile/runs/revised-rerun-20260415-171945-g7-opt67b-c512-1024/raw/points/prefill/prefill-facebook-opt-6-7b-chunk-1024-sm-8.csv
facebook/opt-6.7b,1024,gemm,q_proj,8,4,437.3759925365448,479404032,487792640,8388608,8388608,1024,2026-04-15T16:20:24Z,baseline_nvml_pt,nvidia-smi,ok,0.0,109.0,1695.0,8001.0,65.67,1.6268479824066162,489.1953125,489.1953125,32.0,True,,93.22000000000001,50.625,77.625,estimated,,prefill-facebook-opt-6-7b-chunk-1024-sm-8,success,,,/mnt/data/dheeraj/dicertation/inference-profile/runs/revised-rerun-20260415-171945-g7-opt67b-c512-1024/raw/points/prefill/prefill-facebook-opt-6-7b-chunk-1024-sm-8.csv
facebook/opt-6.7b,1024,gemm,k_proj,8,4,434.1759979724884,479404032,487792640,8388608,8388608,1024,2026-04-15T16:20:24Z,baseline_nvml_pt,nvidia-smi,ok,0.0,109.0,1695.0,8001.0,65.67,1.6268479824066162,489.1953125,489.1953125,32.0,True,,93.22000000000001,50.625,77.625,estimated,,prefill-facebook-opt-6-7b-chunk-1024-sm-8,success,,,/mnt/data/dheeraj/dicertation/inference-profile/runs/revised-rerun-20260415-171945-g7-opt67b-c512-1024/raw/points/prefill/prefill-facebook-opt-6-7b-chunk-1024-sm-8.csv
facebook/opt-6.7b,1024,gemm,v_proj,8,4,433.1519901752472,479404032,487792640,8388608,8388608,1024,2026-04-15T16:20:24Z,baseline_nvml_pt,nvidia-smi,ok,0.0,109.0,1695.0,8001.0,65.67,1.6268479824066162,489.1953125,489.1953125,32.0,True,,93.22000000000001,50.625,77.625,estimated,,prefill-facebook-opt-6-7b-chunk-1024-sm-8,success,,,/mnt/data/dheeraj/dicertation/inference-profile/runs/revised-rerun-20260415-171945-g7-opt67b-c512-1024/raw/points/prefill/prefill-facebook-opt-6-7b-chunk-1024-sm-8.csv
facebook/opt-6.7b,1024,gemm,out_proj,8,4,431.0080111026764,479404032,487792640,8388608,8388608,1024,2026-04-15T16:20:24Z,baseline_nvml_pt,nvidia-smi,ok,0.0,109.0,1695.0,8001.0,65.67,1.6268479824066162,489.1953125,489.1953125,32.0,True,,93.22000000000001,50.625,77.625,estimated,,prefill-facebook-opt-6-7b-chunk-1024-sm-8,success,,,/mnt/data/dheeraj/dicertation/inference-profile/runs/revised-rerun-20260415-171945-g7-opt67b-c512-1024/raw/points/prefill/prefill-facebook-opt-6-7b-chunk-1024-sm-8.csv
facebook/opt-6.7b,1024,gemm,fc1,8,4,1554.4320344924927,479404032,512958464,33554432,33554432,1024,2026-04-15T16:20:24Z,baseline_nvml_pt,nvidia-smi,ok,0.0,109.0,1695.0,8001.0,65.67,1.6268479824066162,489.1953125,489.1953125,32.0,True,,93.22000000000001,50.625,77.625,estimated,,prefill-facebook-opt-6-7b-chunk-1024-sm-8,success,,,/mnt/data/dheeraj/dicertation/inference-profile/runs/revised-rerun-20260415-171945-g7-opt67b-c512-1024/raw/points/prefill/prefill-facebook-opt-6-7b-chunk-1024-sm-8.csv
facebook/opt-6.7b,1024,gemm,fc2,8,4,1622.9439973831177,479404032,487792640,8388608,8388608,1024,2026-04-15T16:20:24Z,baseline_nvml_pt,nvidia-smi,ok,0.0,109.0,1695.0,8001.0,65.67,1.6268479824066162,489.1953125,489.1953125,32.0,True,,93.22000000000001,50.625,77.625,estimated,,prefill-facebook-opt-6-7b-chunk-1024-sm-8,success,,,/mnt/data/dheeraj/dicertation/inference-profile/runs/revised-rerun-20260415-171945-g7-opt67b-c512-1024/raw/points/prefill/prefill-facebook-opt-6-7b-chunk-1024-sm-8.csv
facebook/opt-6.7b,1024,attention,attention,8,4,248.7040013074875,479404032,487924736,8520704,8388608,1024,2026-04-15T16:20:24Z,baseline_nvml_pt,nvidia-smi,ok,0.0,109.0,1695.0,8001.0,65.67,1.6268479824066162,489.1953125,489.1953125,32.0,True,,93.22000000000001,50.625,77.625,estimated,,prefill-facebook-opt-6-7b-chunk-1024-sm-8,success,,,/mnt/data/dheeraj/dicertation/inference-profile/runs/revised-rerun-20260415-171945-g7-opt67b-c512-1024/raw/points/prefill/prefill-facebook-opt-6-7b-chunk-1024-sm-8.csv
facebook/opt-6.7b,1024,gemm,q_proj,16,0,451.58401131629944,479404032,487792640,8388608,8388608,1024,2026-04-15T16:20:30Z,baseline_nvml_pt,nvidia-smi,ok,7.0,109.0,1695.0,8001.0,74.55,1.6476160287857056,489.1953125,489.1953125,32.0,True,,100.0,46.17,86.25,estimated,,prefill-facebook-opt-6-7b-chunk-1024-sm-16,success,,,/mnt/data/dheeraj/dicertation/inference-profile/runs/revised-rerun-20260415-171945-g7-opt67b-c512-1024/raw/points/prefill/prefill-facebook-opt-6-7b-chunk-1024-sm-16.csv
facebook/opt-6.7b,1024,gemm,k_proj,16,0,440.19201397895813,479404032,487792640,8388608,8388608,1024,2026-04-15T16:20:30Z,baseline_nvml_pt,nvidia-smi,ok,7.0,109.0,1695.0,8001.0,74.55,1.6476160287857056,489.1953125,489.1953125,32.0,True,,100.0,46.17,86.25,estimated,,prefill-facebook-opt-6-7b-chunk-1024-sm-16,success,,,/mnt/data/dheeraj/dicertation/inference-profile/runs/revised-rerun-20260415-171945-g7-opt67b-c512-1024/raw/points/prefill/prefill-facebook-opt-6-7b-chunk-1024-sm-16.csv
facebook/opt-6.7b,1024,gemm,v_proj,16,0,434.1759979724884,479404032,487792640,8388608,8388608,1024,2026-04-15T16:20:30Z,baseline_nvml_pt,nvidia-smi,ok,7.0,109.0,1695.0,8001.0,74.55,1.6476160287857056,489.1953125,489.1953125,32.0,True,,100.0,46.17,86.25,estimated,,prefill-facebook-opt-6-7b-chunk-1024-sm-16,success,,,/mnt/data/dheeraj/dicertation/inference-profile/runs/revised-rerun-20260415-171945-g7-opt67b-c512-1024/raw/points/prefill/prefill-facebook-opt-6-7b-chunk-1024-sm-16.csv
facebook/opt-6.7b,1024,gemm,out_proj,16,0,431.90398812294006,479404032,487792640,8388608,8388608,1024,2026-04-15T16:20:30Z,baseline_nvml_pt,nvidia-smi,ok,7.0,109.0,1695.0,8001.0,74.55,1.6476160287857056,489.1953125,489.1953125,32.0,True,,100.0,46.17,86.25,estimated,,prefill-facebook-opt-6-7b-chunk-1024-sm-16,success,,,/mnt/data/dheeraj/dicertation/inference-profile/runs/revised-rerun-20260415-171945-g7-opt67b-c512-1024/raw/points/prefill/prefill-facebook-opt-6-7b-chunk-1024-sm-16.csv
facebook/opt-6.7b,1024,gemm,fc1,16,0,1554.4320344924927,479404032,512958464,33554432,33554432,1024,2026-04-15T16:20:30Z,baseline_nvml_pt,nvidia-smi,ok,7.0,109.0,1695.0,8001.0,74.55,1.6476160287857056,489.1953125,489.1953125,32.0,True,,100.0,46.17,86.25,estimated,,prefill-facebook-opt-6-7b-chunk-1024-sm-16,success,,,/mnt/data/dheeraj/dicertation/inference-profile/runs/revised-rerun-20260415-171945-g7-opt67b-c512-1024/raw/points/prefill/prefill-facebook-opt-6-7b-chunk-1024-sm-16.csv
facebook/opt-6.7b,1024,gemm,fc2,16,0,1641.4400339126587,479404032,487792640,8388608,8388608,1024,2026-04-15T16:20:30Z,baseline_nvml_pt,nvidia-smi,ok,7.0,109.0,1695.0,8001.0,74.55,1.6476160287857056,489.1953125,489.1953125,32.0,True,,100.0,46.17,86.25,estimated,,prefill-facebook-opt-6-7b-chunk-1024-sm-16,success,,,/mnt/data/dheeraj/dicertation/inference-profile/runs/revised-rerun-20260415-171945-g7-opt67b-c512-1024/raw/points/prefill/prefill-facebook-opt-6-7b-chunk-1024-sm-16.csv
facebook/opt-6.7b,1024,attention,attention,16,0,267.2640085220337,479404032,487924736,8520704,8388608,1024,2026-04-15T16:20:30Z,baseline_nvml_pt,nvidia-smi,ok,7.0,109.0,1695.0,8001.0,74.55,1.6476160287857056,489.1953125,489.1953125,32.0,True,,100.0,46.17,86.25,estimated,,prefill-facebook-opt-6-7b-chunk-1024-sm-16,success,,,/mnt/data/dheeraj/dicertation/inference-profile/runs/revised-rerun-20260415-171945-g7-opt67b-c512-1024/raw/points/prefill/prefill-facebook-opt-6-7b-chunk-1024-sm-16.csv
facebook/opt-6.7b,1024,gemm,q_proj,16,1,465.7599925994873,479404032,487792640,8388608,8388608,1024,2026-04-15T16:20:30Z,baseline_nvml_pt,nvidia-smi,ok,7.0,109.0,1695.0,8001.0,74.55,1.6476160287857056,489.1953125,489.1953125,32.0,True,,100.0,46.17,86.25,estimated,,prefill-facebook-opt-6-7b-chunk-1024-sm-16,success,,,/mnt/data/dheeraj/dicertation/inference-profile/runs/revised-rerun-20260415-171945-g7-opt67b-c512-1024/raw/points/prefill/prefill-facebook-opt-6-7b-chunk-1024-sm-16.csv
facebook/opt-6.7b,1024,gemm,k_proj,16,1,455.6159973144531,479404032,487792640,8388608,8388608,1024,2026-04-15T16:20:30Z,baseline_nvml_pt,nvidia-smi,ok,7.0,109.0,1695.0,8001.0,74.55,1.6476160287857056,489.1953125,489.1953125,32.0,True,,100.0,46.17,86.25,estimated,,prefill-facebook-opt-6-7b-chunk-1024-sm-16,success,,,/mnt/data/dheeraj/dicertation/inference-profile/runs/revised-rerun-20260415-171945-g7-opt67b-c512-1024/raw/points/prefill/prefill-facebook-opt-6-7b-chunk-1024-sm-16.csv
facebook/opt-6.7b,1024,gemm,v_proj,16,1,455.6800127029419,479404032,487792640,8388608,8388608,1024,2026-04-15T16:20:30Z,baseline_nvml_pt,nvidia-smi,ok,7.0,109.0,1695.0,8001.0,74.55,1.6476160287857056,489.1953125,489.1953125,32.0,True,,100.0,46.17,86.25,estimated,,prefill-facebook-opt-6-7b-chunk-1024-sm-16,success,,,/mnt/data/dheeraj/dicertation/inference-profile/runs/revised-rerun-20260415-171945-g7-opt67b-c512-1024/raw/points/prefill/prefill-facebook-opt-6-7b-chunk-1024-sm-16.csv
facebook/opt-6.7b,1024,gemm,out_proj,16,1,454.5919895172119,479404032,487792640,8388608,8388608,1024,2026-04-15T16:20:30Z,baseline_nvml_pt,nvidia-smi,ok,7.0,109.0,1695.0,8001.0,74.55,1.6476160287857056,489.1953125,489.1953125,32.0,True,,100.0,46.17,86.25,estimated,,prefill-facebook-opt-6-7b-chunk-1024-sm-16,success,,,/mnt/data/dheeraj/dicertation/inference-profile/runs/revised-rerun-20260415-171945-g7-opt67b-c512-1024/raw/points/prefill/prefill-facebook-opt-6-7b-chunk-1024-sm-16.csv
facebook/opt-6.7b,1024,gemm,fc1,16,1,1624.9920129776,479404032,512958464,33554432,33554432,1024,2026-04-15T16:20:30Z,baseline_nvml_pt,nvidia-smi,ok,7.0,109.0,1695.0,8001.0,74.55,1.6476160287857056,489.1953125,489.1953125,32.0,True,,100.0,46.17,86.25,estimated,,prefill-facebook-opt-6-7b-chunk-1024-sm-16,success,,,/mnt/data/dheeraj/dicertation/inference-profile/runs/revised-rerun-20260415-171945-g7-opt67b-c512-1024/raw/points/prefill/prefill-facebook-opt-6-7b-chunk-1024-sm-16.csv
facebook/opt-6.7b,1024,gemm,fc2,16,1,1639.4239664077759,479404032,487792640,8388608,8388608,1024,2026-04-15T16:20:30Z,baseline_nvml_pt,nvidia-smi,ok,7.0,109.0,1695.0,8001.0,74.55,1.6476160287857056,489.1953125,489.1953125,32.0,True,,100.0,46.17,86.25,estimated,,prefill-facebook-opt-6-7b-chunk-1024-sm-16,success,,,/mnt/data/dheeraj/dicertation/inference-profile/runs/revised-rerun-20260415-171945-g7-opt67b-c512-1024/raw/points/prefill/prefill-facebook-opt-6-7b-chunk-1024-sm-16.csv
facebook/opt-6.7b,1024,attention,attention,16,1,266.2400007247925,479404032,487924736,8520704,8388608,1024,2026-04-15T16:20:30Z,baseline_nvml_pt,nvidia-smi,ok,7.0,109.0,1695.0,8001.0,74.55,1.6476160287857056,489.1953125,489.1953125,32.0,True,,100.0,46.17,86.25,estimated,,prefill-facebook-opt-6-7b-chunk-1024-sm-16,success,,,/mnt/data/dheeraj/dicertation/inference-profile/runs/revised-rerun-20260415-171945-g7-opt67b-c512-1024/raw/points/prefill/prefill-facebook-opt-6-7b-chunk-1024-sm-16.csv
facebook/opt-6.7b,1024,gemm,q_proj,16,2,473.9519953727722,479404032,487792640,8388608,8388608,1024,2026-04-15T16:20:30Z,baseline_nvml_pt,nvidia-smi,ok,7.0,109.0,1695.0,8001.0,74.55,1.6476160287857056,489.1953125,489.1953125,32.0,True,,100.0,46.17,86.25,estimated,,prefill-facebook-opt-6-7b-chunk-1024-sm-16,success,,,/mnt/data/dheeraj/dicertation/inference-profile/runs/revised-rerun-20260415-171945-g7-opt67b-c512-1024/raw/points/prefill/prefill-facebook-opt-6-7b-chunk-1024-sm-16.csv
facebook/opt-6.7b,1024,gemm,k_proj,16,2,455.487996339798,479404032,487792640,8388608,8388608,1024,2026-04-15T16:20:30Z,baseline_nvml_pt,nvidia-smi,ok,7.0,109.0,1695.0,8001.0,74.55,1.6476160287857056,489.1953125,489.1953125,32.0,True,,100.0,46.17,86.25,estimated,,prefill-facebook-opt-6-7b-chunk-1024-sm-16,success,,,/mnt/data/dheeraj/dicertation/inference-profile/runs/revised-rerun-20260415-171945-g7-opt67b-c512-1024/raw/points/prefill/prefill-facebook-opt-6-7b-chunk-1024-sm-16.csv
facebook/opt-6.7b,1024,gemm,v_proj,16,2,627.8719902038574,479404032,487792640,8388608,8388608,1024,2026-04-15T16:20:30Z,baseline_nvml_pt,nvidia-smi,ok,7.0,109.0,1695.0,8001.0,74.55,1.6476160287857056,489.1953125,489.1953125,32.0,True,,100.0,46.17,86.25,estimated,,prefill-facebook-opt-6-7b-chunk-1024-sm-16,success,,,/mnt/data/dheeraj/dicertation/inference-profile/runs/revised-rerun-20260415-171945-g7-opt67b-c512-1024/raw/points/prefill/prefill-facebook-opt-6-7b-chunk-1024-sm-16.csv
facebook/opt-6.7b,1024,gemm,out_proj,16,2,483.3280146121979,479404032,487792640,8388608,8388608,1024,2026-04-15T16:20:30Z,baseline_nvml_pt,nvidia-smi,ok,7.0,109.0,1695.0,8001.0,74.55,1.6476160287857056,489.1953125,489.1953125,32.0,True,,100.0,46.17,86.25,estimated,,prefill-facebook-opt-6-7b-chunk-1024-sm-16,success,,,/mnt/data/dheeraj/dicertation/inference-profile/runs/revised-rerun-20260415-171945-g7-opt67b-c512-1024/raw/points/prefill/prefill-facebook-opt-6-7b-chunk-1024-sm-16.csv
facebook/opt-6.7b,1024,gemm,fc1,16,2,1631.2320232391357,479404032,512958464,33554432,33554432,1024,2026-04-15T16:20:30Z,baseline_nvml_pt,nvidia-smi,ok,7.0,109.0,1695.0,8001.0,74.55,1.6476160287857056,489.1953125,489.1953125,32.0,True,,100.0,46.17,86.25,estimated,,prefill-facebook-opt-6-7b-chunk-1024-sm-16,success,,,/mnt/data/dheeraj/dicertation/inference-profile/runs/revised-rerun-20260415-171945-g7-opt67b-c512-1024/raw/points/prefill/prefill-facebook-opt-6-7b-chunk-1024-sm-16.csv
facebook/opt-6.7b,1024,gemm,fc2,16,2,1647.6160287857056,479404032,487792640,8388608,8388608,1024,2026-04-15T16:20:30Z,baseline_nvml_pt,nvidia-smi,ok,7.0,109.0,1695.0,8001.0,74.55,1.6476160287857056,489.1953125,489.1953125,32.0,True,,100.0,46.17,86.25,estimated,,prefill-facebook-opt-6-7b-chunk-1024-sm-16,success,,,/mnt/data/dheeraj/dicertation/inference-profile/runs/revised-rerun-20260415-171945-g7-opt67b-c512-1024/raw/points/prefill/prefill-facebook-opt-6-7b-chunk-1024-sm-16.csv
facebook/opt-6.7b,1024,attention,attention,16,2,305.1519989967346,479404032,487924736,8520704,8388608,1024,2026-04-15T16:20:30Z,baseline_nvml_pt,nvidia-smi,ok,7.0,109.0,1695.0,8001.0,74.55,1.6476160287857056,489.1953125,489.1953125,32.0,True,,100.0,46.17,86.25,estimated,,prefill-facebook-opt-6-7b-chunk-1024-sm-16,success,,,/mnt/data/dheeraj/dicertation/inference-profile/runs/revised-rerun-20260415-171945-g7-opt67b-c512-1024/raw/points/prefill/prefill-facebook-opt-6-7b-chunk-1024-sm-16.csv
facebook/opt-6.7b,1024,gemm,q_proj,16,3,462.8480076789856,479404032,487792640,8388608,8388608,1024,2026-04-15T16:20:30Z,baseline_nvml_pt,nvidia-smi,ok,7.0,109.0,1695.0,8001.0,74.55,1.6476160287857056,489.1953125,489.1953125,32.0,True,,100.0,46.17,86.25,estimated,,prefill-facebook-opt-6-7b-chunk-1024-sm-16,success,,,/mnt/data/dheeraj/dicertation/inference-profile/runs/revised-rerun-20260415-171945-g7-opt67b-c512-1024/raw/points/prefill/prefill-facebook-opt-6-7b-chunk-1024-sm-16.csv
facebook/opt-6.7b,1024,gemm,k_proj,16,3,445.43999433517456,479404032,487792640,8388608,8388608,1024,2026-04-15T16:20:30Z,baseline_nvml_pt,nvidia-smi,ok,7.0,109.0,1695.0,8001.0,74.55,1.6476160287857056,489.1953125,489.1953125,32.0,True,,100.0,46.17,86.25,estimated,,prefill-facebook-opt-6-7b-chunk-1024-sm-16,success,,,/mnt/data/dheeraj/dicertation/inference-profile/runs/revised-rerun-20260415-171945-g7-opt67b-c512-1024/raw/points/prefill/prefill-facebook-opt-6-7b-chunk-1024-sm-16.csv
facebook/opt-6.7b,1024,gemm,v_proj,16,3,444.41598653793335,479404032,487792640,8388608,8388608,1024,2026-04-15T16:20:30Z,baseline_nvml_pt,nvidia-smi,ok,7.0,109.0,1695.0,8001.0,74.55,1.6476160287857056,489.1953125,489.1953125,32.0,True,,100.0,46.17,86.25,estimated,,prefill-facebook-opt-6-7b-chunk-1024-sm-16,success,,,/mnt/data/dheeraj/dicertation/inference-profile/runs/revised-rerun-20260415-171945-g7-opt67b-c512-1024/raw/points/prefill/prefill-facebook-opt-6-7b-chunk-1024-sm-16.csv
facebook/opt-6.7b,1024,gemm,out_proj,16,3,442.3680007457733,479404032,487792640,8388608,8388608,1024,2026-04-15T16:20:30Z,baseline_nvml_pt,nvidia-smi,ok,7.0,109.0,1695.0,8001.0,74.55,1.6476160287857056,489.1953125,489.1953125,32.0,True,,100.0,46.17,86.25,estimated,,prefill-facebook-opt-6-7b-chunk-1024-sm-16,success,,,/mnt/data/dheeraj/dicertation/inference-profile/runs/revised-rerun-20260415-171945-g7-opt67b-c512-1024/raw/points/prefill/prefill-facebook-opt-6-7b-chunk-1024-sm-16.csv
facebook/opt-6.7b,1024,gemm,fc1,16,3,1564.4479990005493,479404032,512958464,33554432,33554432,1024,2026-04-15T16:20:30Z,baseline_nvml_pt,nvidia-smi,ok,7.0,109.0,1695.0,8001.0,74.55,1.6476160287857056,489.1953125,489.1953125,32.0,True,,100.0,46.17,86.25,estimated,,prefill-facebook-opt-6-7b-chunk-1024-sm-16,success,,,/mnt/data/dheeraj/dicertation/inference-profile/runs/revised-rerun-20260415-171945-g7-opt67b-c512-1024/raw/points/prefill/prefill-facebook-opt-6-7b-chunk-1024-sm-16.csv
facebook/opt-6.7b,1024,gemm,fc2,16,3,1631.5200328826904,479404032,487792640,8388608,8388608,1024,2026-04-15T16:20:30Z,baseline_nvml_pt,nvidia-smi,ok,7.0,109.0,1695.0,8001.0,74.55,1.6476160287857056,489.1953125,489.1953125,32.0,True,,100.0,46.17,86.25,estimated,,prefill-facebook-opt-6-7b-chunk-1024-sm-16,success,,,/mnt/data/dheeraj/dicertation/inference-profile/runs/revised-rerun-20260415-171945-g7-opt67b-c512-1024/raw/points/prefill/prefill-facebook-opt-6-7b-chunk-1024-sm-16.csv
facebook/opt-6.7b,1024,attention,attention,16,3,261.8879973888397,479404032,487924736,8520704,8388608,1024,2026-04-15T16:20:30Z,baseline_nvml_pt,nvidia-smi,ok,7.0,109.0,1695.0,8001.0,74.55,1.6476160287857056,489.1953125,489.1953125,32.0,True,,100.0,46.17,86.25,estimated,,prefill-facebook-opt-6-7b-chunk-1024-sm-16,success,,,/mnt/data/dheeraj/dicertation/inference-profile/runs/revised-rerun-20260415-171945-g7-opt67b-c512-1024/raw/points/prefill/prefill-facebook-opt-6-7b-chunk-1024-sm-16.csv
facebook/opt-6.7b,1024,gemm,q_proj,16,4,444.67198848724365,479404032,487792640,8388608,8388608,1024,2026-04-15T16:20:30Z,baseline_nvml_pt,nvidia-smi,ok,7.0,109.0,1695.0,8001.0,74.55,1.6476160287857056,489.1953125,489.1953125,32.0,True,,100.0,46.17,86.25,estimated,,prefill-facebook-opt-6-7b-chunk-1024-sm-16,success,,,/mnt/data/dheeraj/dicertation/inference-profile/runs/revised-rerun-20260415-171945-g7-opt67b-c512-1024/raw/points/prefill/prefill-facebook-opt-6-7b-chunk-1024-sm-16.csv
facebook/opt-6.7b,1024,gemm,k_proj,16,4,441.3439929485321,479404032,487792640,8388608,8388608,1024,2026-04-15T16:20:30Z,baseline_nvml_pt,nvidia-smi,ok,7.0,109.0,1695.0,8001.0,74.55,1.6476160287857056,489.1953125,489.1953125,32.0,True,,100.0,46.17,86.25,estimated,,prefill-facebook-opt-6-7b-chunk-1024-sm-16,success,,,/mnt/data/dheeraj/dicertation/inference-profile/runs/revised-rerun-20260415-171945-g7-opt67b-c512-1024/raw/points/prefill/prefill-facebook-opt-6-7b-chunk-1024-sm-16.csv
facebook/opt-6.7b,1024,gemm,v_proj,16,4,497.408002614975,479404032,487792640,8388608,8388608,1024,2026-04-15T16:20:30Z,baseline_nvml_pt,nvidia-smi,ok,7.0,109.0,1695.0,8001.0,74.55,1.6476160287857056,489.1953125,489.1953125,32.0,True,,100.0,46.17,86.25,estimated,,prefill-facebook-opt-6-7b-chunk-1024-sm-16,success,,,/mnt/data/dheeraj/dicertation/inference-profile/runs/revised-rerun-20260415-171945-g7-opt67b-c512-1024/raw/points/prefill/prefill-facebook-opt-6-7b-chunk-1024-sm-16.csv
facebook/opt-6.7b,1024,gemm,out_proj,16,4,577.567994594574,479404032,487792640,8388608,8388608,1024,2026-04-15T16:20:30Z,baseline_nvml_pt,nvidia-smi,ok,7.0,109.0,1695.0,8001.0,74.55,1.6476160287857056,489.1953125,489.1953125,32.0,True,,100.0,46.17,86.25,estimated,,prefill-facebook-opt-6-7b-chunk-1024-sm-16,success,,,/mnt/data/dheeraj/dicertation/inference-profile/runs/revised-rerun-20260415-171945-g7-opt67b-c512-1024/raw/points/prefill/prefill-facebook-opt-6-7b-chunk-1024-sm-16.csv
facebook/opt-6.7b,1024,gemm,fc1,16,4,1592.3199653625488,479404032,512958464,33554432,33554432,1024,2026-04-15T16:20:30Z,baseline_nvml_pt,nvidia-smi,ok,7.0,109.0,1695.0,8001.0,74.55,1.6476160287857056,489.1953125,489.1953125,32.0,True,,100.0,46.17,86.25,estimated,,prefill-facebook-opt-6-7b-chunk-1024-sm-16,success,,,/mnt/data/dheeraj/dicertation/inference-profile/runs/revised-rerun-20260415-171945-g7-opt67b-c512-1024/raw/points/prefill/prefill-facebook-opt-6-7b-chunk-1024-sm-16.csv
facebook/opt-6.7b,1024,gemm,fc2,16,4,1642.4959897994995,479404032,487792640,8388608,8388608,1024,2026-04-15T16:20:30Z,baseline_nvml_pt,nvidia-smi,ok,7.0,109.0,1695.0,8001.0,74.55,1.6476160287857056,489.1953125,489.1953125,32.0,True,,100.0,46.17,86.25,estimated,,prefill-facebook-opt-6-7b-chunk-1024-sm-16,success,,,/mnt/data/dheeraj/dicertation/inference-profile/runs/revised-rerun-20260415-171945-g7-opt67b-c512-1024/raw/points/prefill/prefill-facebook-opt-6-7b-chunk-1024-sm-16.csv
facebook/opt-6.7b,1024,attention,attention,16,4,323.5839903354645,479404032,487924736,8520704,8388608,1024,2026-04-15T16:20:30Z,baseline_nvml_pt,nvidia-smi,ok,7.0,109.0,1695.0,8001.0,74.55,1.6476160287857056,489.1953125,489.1953125,32.0,True,,100.0,46.17,86.25,estimated,,prefill-facebook-opt-6-7b-chunk-1024-sm-16,success,,,/mnt/data/dheeraj/dicertation/inference-profile/runs/revised-rerun-20260415-171945-g7-opt67b-c512-1024/raw/points/prefill/prefill-facebook-opt-6-7b-chunk-1024-sm-16.csv
facebook/opt-6.7b,1024,gemm,q_proj,24,0,487.199991941452,479404032,487792640,8388608,8388608,1024,2026-04-15T16:20:35Z,baseline_nvml_pt,nvidia-smi,ok,0.0,109.0,1695.0,7601.0,74.56,1.640447974205017,489.1953125,489.1953125,32.0,True,,100.0,41.714999999999996,94.87500000000001,estimated,,prefill-facebook-opt-6-7b-chunk-1024-sm-24,success,,,/mnt/data/dheeraj/dicertation/inference-profile/runs/revised-rerun-20260415-171945-g7-opt67b-c512-1024/raw/points/prefill/prefill-facebook-opt-6-7b-chunk-1024-sm-24.csv
facebook/opt-6.7b,1024,gemm,k_proj,24,0,444.41598653793335,479404032,487792640,8388608,8388608,1024,2026-04-15T16:20:35Z,baseline_nvml_pt,nvidia-smi,ok,0.0,109.0,1695.0,7601.0,74.56,1.640447974205017,489.1953125,489.1953125,32.0,True,,100.0,41.714999999999996,94.87500000000001,estimated,,prefill-facebook-opt-6-7b-chunk-1024-sm-24,success,,,/mnt/data/dheeraj/dicertation/inference-profile/runs/revised-rerun-20260415-171945-g7-opt67b-c512-1024/raw/points/prefill/prefill-facebook-opt-6-7b-chunk-1024-sm-24.csv
facebook/opt-6.7b,1024,gemm,v_proj,24,0,438.27199935913086,479404032,487792640,8388608,8388608,1024,2026-04-15T16:20:35Z,baseline_nvml_pt,nvidia-smi,ok,0.0,109.0,1695.0,7601.0,74.56,1.640447974205017,489.1953125,489.1953125,32.0,True,,100.0,41.714999999999996,94.87500000000001,estimated,,prefill-facebook-opt-6-7b-chunk-1024-sm-24,success,,,/mnt/data/dheeraj/dicertation/inference-profile/runs/revised-rerun-20260415-171945-g7-opt67b-c512-1024/raw/points/prefill/prefill-facebook-opt-6-7b-chunk-1024-sm-24.csv
facebook/opt-6.7b,1024,gemm,out_proj,24,0,436.2240135669708,479404032,487792640,8388608,8388608,1024,2026-04-15T16:20:35Z,baseline_nvml_pt,nvidia-smi,ok,0.0,109.0,1695.0,7601.0,74.56,1.640447974205017,489.1953125,489.1953125,32.0,True,,100.0,41.714999999999996,94.87500000000001,estimated,,prefill-facebook-opt-6-7b-chunk-1024-sm-24,success,,,/mnt/data/dheeraj/dicertation/inference-profile/runs/revised-rerun-20260415-171945-g7-opt67b-c512-1024/raw/points/prefill/prefill-facebook-opt-6-7b-chunk-1024-sm-24.csv
facebook/opt-6.7b,1024,gemm,fc1,24,0,1559.3279600143433,479404032,512958464,33554432,33554432,1024,2026-04-15T16:20:35Z,baseline_nvml_pt,nvidia-smi,ok,0.0,109.0,1695.0,7601.0,74.56,1.640447974205017,489.1953125,489.1953125,32.0,True,,100.0,41.714999999999996,94.87500000000001,estimated,,prefill-facebook-opt-6-7b-chunk-1024-sm-24,success,,,/mnt/data/dheeraj/dicertation/inference-profile/runs/revised-rerun-20260415-171945-g7-opt67b-c512-1024/raw/points/prefill/prefill-facebook-opt-6-7b-chunk-1024-sm-24.csv
facebook/opt-6.7b,1024,gemm,fc2,24,0,1625.0879764556885,479404032,487792640,8388608,8388608,1024,2026-04-15T16:20:35Z,baseline_nvml_pt,nvidia-smi,ok,0.0,109.0,1695.0,7601.0,74.56,1.640447974205017,489.1953125,489.1953125,32.0,True,,100.0,41.714999999999996,94.87500000000001,estimated,,prefill-facebook-opt-6-7b-chunk-1024-sm-24,success,,,/mnt/data/dheeraj/dicertation/inference-profile/runs/revised-rerun-20260415-171945-g7-opt67b-c512-1024/raw/points/prefill/prefill-facebook-opt-6-7b-chunk-1024-sm-24.csv
facebook/opt-6.7b,1024,attention,attention,24,0,263.13599944114685,479404032,487924736,8520704,8388608,1024,2026-04-15T16:20:35Z,baseline_nvml_pt,nvidia-smi,ok,0.0,109.0,1695.0,7601.0,74.56,1.640447974205017,489.1953125,489.1953125,32.0,True,,100.0,41.714999999999996,94.87500000000001,estimated,,prefill-facebook-opt-6-7b-chunk-1024-sm-24,success,,,/mnt/data/dheeraj/dicertation/inference-profile/runs/revised-rerun-20260415-171945-g7-opt67b-c512-1024/raw/points/prefill/prefill-facebook-opt-6-7b-chunk-1024-sm-24.csv
facebook/opt-6.7b,1024,gemm,q_proj,24,1,444.41598653793335,479404032,487792640,8388608,8388608,1024,2026-04-15T16:20:35Z,baseline_nvml_pt,nvidia-smi,ok,0.0,109.0,1695.0,7601.0,74.56,1.640447974205017,489.1953125,489.1953125,32.0,True,,100.0,41.714999999999996,94.87500000000001,estimated,,prefill-facebook-opt-6-7b-chunk-1024-sm-24,success,,,/mnt/data/dheeraj/dicertation/inference-profile/runs/revised-rerun-20260415-171945-g7-opt67b-c512-1024/raw/points/prefill/prefill-facebook-opt-6-7b-chunk-1024-sm-24.csv
facebook/opt-6.7b,1024,gemm,k_proj,24,1,435.2000057697296,479404032,487792640,8388608,8388608,1024,2026-04-15T16:20:35Z,baseline_nvml_pt,nvidia-smi,ok,0.0,109.0,1695.0,7601.0,74.56,1.640447974205017,489.1953125,489.1953125,32.0,True,,100.0,41.714999999999996,94.87500000000001,estimated,,prefill-facebook-opt-6-7b-chunk-1024-sm-24,success,,,/mnt/data/dheeraj/dicertation/inference-profile/runs/revised-rerun-20260415-171945-g7-opt67b-c512-1024/raw/points/prefill/prefill-facebook-opt-6-7b-chunk-1024-sm-24.csv
facebook/opt-6.7b,1024,gemm,v_proj,24,1,434.01598930358887,479404032,487792640,8388608,8388608,1024,2026-04-15T16:20:35Z,baseline_nvml_pt,nvidia-smi,ok,0.0,109.0,1695.0,7601.0,74.56,1.640447974205017,489.1953125,489.1953125,32.0,True,,100.0,41.714999999999996,94.87500000000001,estimated,,prefill-facebook-opt-6-7b-chunk-1024-sm-24,success,,,/mnt/data/dheeraj/dicertation/inference-profile/runs/revised-rerun-20260415-171945-g7-opt67b-c512-1024/raw/points/prefill/prefill-facebook-opt-6-7b-chunk-1024-sm-24.csv
facebook/opt-6.7b,1024,gemm,out_proj,24,1,437.4080002307892,479404032,487792640,8388608,8388608,1024,2026-04-15T16:20:35Z,baseline_nvml_pt,nvidia-smi,ok,0.0,109.0,1695.0,7601.0,74.56,1.640447974205017,489.1953125,489.1953125,32.0,True,,100.0,41.714999999999996,94.87500000000001,estimated,,prefill-facebook-opt-6-7b-chunk-1024-sm-24,success,,,/mnt/data/dheeraj/dicertation/inference-profile/runs/revised-rerun-20260415-171945-g7-opt67b-c512-1024/raw/points/prefill/prefill-facebook-opt-6-7b-chunk-1024-sm-24.csv
facebook/opt-6.7b,1024,gemm,fc1,24,1,1559.5519542694092,479404032,512958464,33554432,33554432,1024,2026-04-15T16:20:35Z,baseline_nvml_pt,nvidia-smi,ok,0.0,109.0,1695.0,7601.0,74.56,1.640447974205017,489.1953125,489.1953125,32.0,True,,100.0,41.714999999999996,94.87500000000001,estimated,,prefill-facebook-opt-6-7b-chunk-1024-sm-24,success,,,/mnt/data/dheeraj/dicertation/inference-profile/runs/revised-rerun-20260415-171945-g7-opt67b-c512-1024/raw/points/prefill/prefill-facebook-opt-6-7b-chunk-1024-sm-24.csv
facebook/opt-6.7b,1024,gemm,fc2,24,1,1640.447974205017,479404032,487792640,8388608,8388608,1024,2026-04-15T16:20:35Z,baseline_nvml_pt,nvidia-smi,ok,0.0,109.0,1695.0,7601.0,74.56,1.640447974205017,489.1953125,489.1953125,32.0,True,,100.0,41.714999999999996,94.87500000000001,estimated,,prefill-facebook-opt-6-7b-chunk-1024-sm-24,success,,,/mnt/data/dheeraj/dicertation/inference-profile/runs/revised-rerun-20260415-171945-g7-opt67b-c512-1024/raw/points/prefill/prefill-facebook-opt-6-7b-chunk-1024-sm-24.csv
facebook/opt-6.7b,1024,attention,attention,24,1,259.0720057487488,479404032,487924736,8520704,8388608,1024,2026-04-15T16:20:35Z,baseline_nvml_pt,nvidia-smi,ok,0.0,109.0,1695.0,7601.0,74.56,1.640447974205017,489.1953125,489.1953125,32.0,True,,100.0,41.714999999999996,94.87500000000001,estimated,,prefill-facebook-opt-6-7b-chunk-1024-sm-24,success,,,/mnt/data/dheeraj/dicertation/inference-profile/runs/revised-rerun-20260415-171945-g7-opt67b-c512-1024/raw/points/prefill/prefill-facebook-opt-6-7b-chunk-1024-sm-24.csv
facebook/opt-6.7b,1024,gemm,q_proj,24,2,451.7439901828766,479404032,487792640,8388608,8388608,1024,2026-04-15T16:20:35Z,baseline_nvml_pt,nvidia-smi,ok,0.0,109.0,1695.0,7601.0,74.56,1.640447974205017,489.1953125,489.1953125,32.0,True,,100.0,41.714999999999996,94.87500000000001,estimated,,prefill-facebook-opt-6-7b-chunk-1024-sm-24,success,,,/mnt/data/dheeraj/dicertation/inference-profile/runs/revised-rerun-20260415-171945-g7-opt67b-c512-1024/raw/points/prefill/prefill-facebook-opt-6-7b-chunk-1024-sm-24.csv
facebook/opt-6.7b,1024,gemm,k_proj,24,2,442.27200746536255,479404032,487792640,8388608,8388608,1024,2026-04-15T16:20:35Z,baseline_nvml_pt,nvidia-smi,ok,0.0,109.0,1695.0,7601.0,74.56,1.640447974205017,489.1953125,489.1953125,32.0,True,,100.0,41.714999999999996,94.87500000000001,estimated,,prefill-facebook-opt-6-7b-chunk-1024-sm-24,success,,,/mnt/data/dheeraj/dicertation/inference-profile/runs/revised-rerun-20260415-171945-g7-opt67b-c512-1024/raw/points/prefill/prefill-facebook-opt-6-7b-chunk-1024-sm-24.csv
facebook/opt-6.7b,1024,gemm,v_proj,24,2,443.3920085430145,479404032,487792640,8388608,8388608,1024,2026-04-15T16:20:35Z,baseline_nvml_pt,nvidia-smi,ok,0.0,109.0,1695.0,7601.0,74.56,1.640447974205017,489.1953125,489.1953125,32.0,True,,100.0,41.714999999999996,94.87500000000001,estimated,,prefill-facebook-opt-6-7b-chunk-1024-sm-24,success,,,/mnt/data/dheeraj/dicertation/inference-profile/runs/revised-rerun-20260415-171945-g7-opt67b-c512-1024/raw/points/prefill/prefill-facebook-opt-6-7b-chunk-1024-sm-24.csv
facebook/opt-6.7b,1024,gemm,out_proj,24,2,442.1440064907074,479404032,487792640,8388608,8388608,1024,2026-04-15T16:20:35Z,baseline_nvml_pt,nvidia-smi,ok,0.0,109.0,1695.0,7601.0,74.56,1.640447974205017,489.1953125,489.1953125,32.0,True,,100.0,41.714999999999996,94.87500000000001,estimated,,prefill-facebook-opt-6-7b-chunk-1024-sm-24,success,,,/mnt/data/dheeraj/dicertation/inference-profile/runs/revised-rerun-20260415-171945-g7-opt67b-c512-1024/raw/points/prefill/prefill-facebook-opt-6-7b-chunk-1024-sm-24.csv
facebook/opt-6.7b,1024,gemm,fc1,24,2,1566.6879415512085,479404032,512958464,33554432,33554432,1024,2026-04-15T16:20:35Z,baseline_nvml_pt,nvidia-smi,ok,0.0,109.0,1695.0,7601.0,74.56,1.640447974205017,489.1953125,489.1953125,32.0,True,,100.0,41.714999999999996,94.87500000000001,estimated,,prefill-facebook-opt-6-7b-chunk-1024-sm-24,success,,,/mnt/data/dheeraj/dicertation/inference-profile/runs/revised-rerun-20260415-171945-g7-opt67b-c512-1024/raw/points/prefill/prefill-facebook-opt-6-7b-chunk-1024-sm-24.csv
facebook/opt-6.7b,1024,gemm,fc2,24,2,1636.3519430160522,479404032,487792640,8388608,8388608,1024,2026-04-15T16:20:35Z,baseline_nvml_pt,nvidia-smi,ok,0.0,109.0,1695.0,7601.0,74.56,1.640447974205017,489.1953125,489.1953125,32.0,True,,100.0,41.714999999999996,94.87500000000001,estimated,,prefill-facebook-opt-6-7b-chunk-1024-sm-24,success,,,/mnt/data/dheeraj/dicertation/inference-profile/runs/revised-rerun-20260415-171945-g7-opt67b-c512-1024/raw/points/prefill/prefill-facebook-opt-6-7b-chunk-1024-sm-24.csv
facebook/opt-6.7b,1024,attention,attention,24,2,274.4320034980774,479404032,487924736,8520704,8388608,1024,2026-04-15T16:20:35Z,baseline_nvml_pt,nvidia-smi,ok,0.0,109.0,1695.0,7601.0,74.56,1.640447974205017,489.1953125,489.1953125,32.0,True,,100.0,41.714999999999996,94.87500000000001,estimated,,prefill-facebook-opt-6-7b-chunk-1024-sm-24,success,,,/mnt/data/dheeraj/dicertation/inference-profile/runs/revised-rerun-20260415-171945-g7-opt67b-c512-1024/raw/points/prefill/prefill-facebook-opt-6-7b-chunk-1024-sm-24.csv
facebook/opt-6.7b,1024,gemm,q_proj,24,3,444.41598653793335,479404032,487792640,8388608,8388608,1024,2026-04-15T16:20:35Z,baseline_nvml_pt,nvidia-smi,ok,0.0,109.0,1695.0,7601.0,74.56,1.640447974205017,489.1953125,489.1953125,32.0,True,,100.0,41.714999999999996,94.87500000000001,estimated,,prefill-facebook-opt-6-7b-chunk-1024-sm-24,success,,,/mnt/data/dheeraj/dicertation/inference-profile/runs/revised-rerun-20260415-171945-g7-opt67b-c512-1024/raw/points/prefill/prefill-facebook-opt-6-7b-chunk-1024-sm-24.csv
facebook/opt-6.7b,1024,gemm,k_proj,24,3,443.1680142879486,479404032,487792640,8388608,8388608,1024,2026-04-15T16:20:35Z,baseline_nvml_pt,nvidia-smi,ok,0.0,109.0,1695.0,7601.0,74.56,1.640447974205017,489.1953125,489.1953125,32.0,True,,100.0,41.714999999999996,94.87500000000001,estimated,,prefill-facebook-opt-6-7b-chunk-1024-sm-24,success,,,/mnt/data/dheeraj/dicertation/inference-profile/runs/revised-rerun-20260415-171945-g7-opt67b-c512-1024/raw/points/prefill/prefill-facebook-opt-6-7b-chunk-1024-sm-24.csv
facebook/opt-6.7b,1024,gemm,v_proj,24,3,442.49600172042847,479404032,487792640,8388608,8388608,1024,2026-04-15T16:20:35Z,baseline_nvml_pt,nvidia-smi,ok,0.0,109.0,1695.0,7601.0,74.56,1.640447974205017,489.1953125,489.1953125,32.0,True,,100.0,41.714999999999996,94.87500000000001,estimated,,prefill-facebook-opt-6-7b-chunk-1024-sm-24,success,,,/mnt/data/dheeraj/dicertation/inference-profile/runs/revised-rerun-20260415-171945-g7-opt67b-c512-1024/raw/points/prefill/prefill-facebook-opt-6-7b-chunk-1024-sm-24.csv
facebook/opt-6.7b,1024,gemm,out_proj,24,3,442.3680007457733,479404032,487792640,8388608,8388608,1024,2026-04-15T16:20:35Z,baseline_nvml_pt,nvidia-smi,ok,0.0,109.0,1695.0,7601.0,74.56,1.640447974205017,489.1953125,489.1953125,32.0,True,,100.0,41.714999999999996,94.87500000000001,estimated,,prefill-facebook-opt-6-7b-chunk-1024-sm-24,success,,,/mnt/data/dheeraj/dicertation/inference-profile/runs/revised-rerun-20260415-171945-g7-opt67b-c512-1024/raw/points/prefill/prefill-facebook-opt-6-7b-chunk-1024-sm-24.csv
facebook/opt-6.7b,1024,gemm,fc1,24,3,1561.5999698638916,479404032,512958464,33554432,33554432,1024,2026-04-15T16:20:35Z,baseline_nvml_pt,nvidia-smi,ok,0.0,109.0,1695.0,7601.0,74.56,1.640447974205017,489.1953125,489.1953125,32.0,True,,100.0,41.714999999999996,94.87500000000001,estimated,,prefill-facebook-opt-6-7b-chunk-1024-sm-24,success,,,/mnt/data/dheeraj/dicertation/inference-profile/runs/revised-rerun-20260415-171945-g7-opt67b-c512-1024/raw/points/prefill/prefill-facebook-opt-6-7b-chunk-1024-sm-24.csv
facebook/opt-6.7b,1024,gemm,fc2,24,3,1631.2320232391357,479404032,487792640,8388608,8388608,1024,2026-04-15T16:20:35Z,baseline_nvml_pt,nvidia-smi,ok,0.0,109.0,1695.0,7601.0,74.56,1.640447974205017,489.1953125,489.1953125,32.0,True,,100.0,41.714999999999996,94.87500000000001,estimated,,prefill-facebook-opt-6-7b-chunk-1024-sm-24,success,,,/mnt/data/dheeraj/dicertation/inference-profile/runs/revised-rerun-20260415-171945-g7-opt67b-c512-1024/raw/points/prefill/prefill-facebook-opt-6-7b-chunk-1024-sm-24.csv
facebook/opt-6.7b,1024,attention,attention,24,3,258.87998938560486,479404032,487924736,8520704,8388608,1024,2026-04-15T16:20:35Z,baseline_nvml_pt,nvidia-smi,ok,0.0,109.0,1695.0,7601.0,74.56,1.640447974205017,489.1953125,489.1953125,32.0,True,,100.0,41.714999999999996,94.87500000000001,estimated,,prefill-facebook-opt-6-7b-chunk-1024-sm-24,success,,,/mnt/data/dheeraj/dicertation/inference-profile/runs/revised-rerun-20260415-171945-g7-opt67b-c512-1024/raw/points/prefill/prefill-facebook-opt-6-7b-chunk-1024-sm-24.csv
facebook/opt-6.7b,1024,gemm,q_proj,24,4,441.3439929485321,479404032,487792640,8388608,8388608,1024,2026-04-15T16:20:35Z,baseline_nvml_pt,nvidia-smi,ok,0.0,109.0,1695.0,7601.0,74.56,1.640447974205017,489.1953125,489.1953125,32.0,True,,100.0,41.714999999999996,94.87500000000001,estimated,,prefill-facebook-opt-6-7b-chunk-1024-sm-24,success,,,/mnt/data/dheeraj/dicertation/inference-profile/runs/revised-rerun-20260415-171945-g7-opt67b-c512-1024/raw/points/prefill/prefill-facebook-opt-6-7b-chunk-1024-sm-24.csv
facebook/opt-6.7b,1024,gemm,k_proj,24,4,440.3199851512909,479404032,487792640,8388608,8388608,1024,2026-04-15T16:20:35Z,baseline_nvml_pt,nvidia-smi,ok,0.0,109.0,1695.0,7601.0,74.56,1.640447974205017,489.1953125,489.1953125,32.0,True,,100.0,41.714999999999996,94.87500000000001,estimated,,prefill-facebook-opt-6-7b-chunk-1024-sm-24,success,,,/mnt/data/dheeraj/dicertation/inference-profile/runs/revised-rerun-20260415-171945-g7-opt67b-c512-1024/raw/points/prefill/prefill-facebook-opt-6-7b-chunk-1024-sm-24.csv
facebook/opt-6.7b,1024,gemm,v_proj,24,4,441.24799966812134,479404032,487792640,8388608,8388608,1024,2026-04-15T16:20:35Z,baseline_nvml_pt,nvidia-smi,ok,0.0,109.0,1695.0,7601.0,74.56,1.640447974205017,489.1953125,489.1953125,32.0,True,,100.0,41.714999999999996,94.87500000000001,estimated,,prefill-facebook-opt-6-7b-chunk-1024-sm-24,success,,,/mnt/data/dheeraj/dicertation/inference-profile/runs/revised-rerun-20260415-171945-g7-opt67b-c512-1024/raw/points/prefill/prefill-facebook-opt-6-7b-chunk-1024-sm-24.csv
facebook/opt-6.7b,1024,gemm,out_proj,24,4,436.2240135669708,479404032,487792640,8388608,8388608,1024,2026-04-15T16:20:35Z,baseline_nvml_pt,nvidia-smi,ok,0.0,109.0,1695.0,7601.0,74.56,1.640447974205017,489.1953125,489.1953125,32.0,True,,100.0,41.714999999999996,94.87500000000001,estimated,,prefill-facebook-opt-6-7b-chunk-1024-sm-24,success,,,/mnt/data/dheeraj/dicertation/inference-profile/runs/revised-rerun-20260415-171945-g7-opt67b-c512-1024/raw/points/prefill/prefill-facebook-opt-6-7b-chunk-1024-sm-24.csv
facebook/opt-6.7b,1024,gemm,fc1,24,4,1561.5999698638916,479404032,512958464,33554432,33554432,1024,2026-04-15T16:20:35Z,baseline_nvml_pt,nvidia-smi,ok,0.0,109.0,1695.0,7601.0,74.56,1.640447974205017,489.1953125,489.1953125,32.0,True,,100.0,41.714999999999996,94.87500000000001,estimated,,prefill-facebook-opt-6-7b-chunk-1024-sm-24,success,,,/mnt/data/dheeraj/dicertation/inference-profile/runs/revised-rerun-20260415-171945-g7-opt67b-c512-1024/raw/points/prefill/prefill-facebook-opt-6-7b-chunk-1024-sm-24.csv
facebook/opt-6.7b,1024,gemm,fc2,24,4,1631.2320232391357,479404032,487792640,8388608,8388608,1024,2026-04-15T16:20:35Z,baseline_nvml_pt,nvidia-smi,ok,0.0,109.0,1695.0,7601.0,74.56,1.640447974205017,489.1953125,489.1953125,32.0,True,,100.0,41.714999999999996,94.87500000000001,estimated,,prefill-facebook-opt-6-7b-chunk-1024-sm-24,success,,,/mnt/data/dheeraj/dicertation/inference-profile/runs/revised-rerun-20260415-171945-g7-opt67b-c512-1024/raw/points/prefill/prefill-facebook-opt-6-7b-chunk-1024-sm-24.csv
facebook/opt-6.7b,1024,attention,attention,24,4,257.02399015426636,479404032,487924736,8520704,8388608,1024,2026-04-15T16:20:35Z,baseline_nvml_pt,nvidia-smi,ok,0.0,109.0,1695.0,7601.0,74.56,1.640447974205017,489.1953125,489.1953125,32.0,True,,100.0,41.714999999999996,94.87500000000001,estimated,,prefill-facebook-opt-6-7b-chunk-1024-sm-24,success,,,/mnt/data/dheeraj/dicertation/inference-profile/runs/revised-rerun-20260415-171945-g7-opt67b-c512-1024/raw/points/prefill/prefill-facebook-opt-6-7b-chunk-1024-sm-24.csv
facebook/opt-6.7b,1024,gemm,q_proj,32,0,453.6319971084595,479404032,487792640,8388608,8388608,1024,2026-04-15T16:20:41Z,baseline_nvml_pt,nvidia-smi,ok,7.0,109.0,1695.0,8001.0,74.92,1.6270079612731934,489.1953125,489.1953125,32.0,True,,100.0,37.26,100.0,estimated,,prefill-facebook-opt-6-7b-chunk-1024-sm-32,success,,,/mnt/data/dheeraj/dicertation/inference-profile/runs/revised-rerun-20260415-171945-g7-opt67b-c512-1024/raw/points/prefill/prefill-facebook-opt-6-7b-chunk-1024-sm-32.csv
facebook/opt-6.7b,1024,gemm,k_proj,32,0,443.3920085430145,479404032,487792640,8388608,8388608,1024,2026-04-15T16:20:41Z,baseline_nvml_pt,nvidia-smi,ok,7.0,109.0,1695.0,8001.0,74.92,1.6270079612731934,489.1953125,489.1953125,32.0,True,,100.0,37.26,100.0,estimated,,prefill-facebook-opt-6-7b-chunk-1024-sm-32,success,,,/mnt/data/dheeraj/dicertation/inference-profile/runs/revised-rerun-20260415-171945-g7-opt67b-c512-1024/raw/points/prefill/prefill-facebook-opt-6-7b-chunk-1024-sm-32.csv
facebook/opt-6.7b,1024,gemm,v_proj,32,0,435.2000057697296,479404032,487792640,8388608,8388608,1024,2026-04-15T16:20:41Z,baseline_nvml_pt,nvidia-smi,ok,7.0,109.0,1695.0,8001.0,74.92,1.6270079612731934,489.1953125,489.1953125,32.0,True,,100.0,37.26,100.0,estimated,,prefill-facebook-opt-6-7b-chunk-1024-sm-32,success,,,/mnt/data/dheeraj/dicertation/inference-profile/runs/revised-rerun-20260415-171945-g7-opt67b-c512-1024/raw/points/prefill/prefill-facebook-opt-6-7b-chunk-1024-sm-32.csv
facebook/opt-6.7b,1024,gemm,out_proj,32,0,436.2240135669708,479404032,487792640,8388608,8388608,1024,2026-04-15T16:20:41Z,baseline_nvml_pt,nvidia-smi,ok,7.0,109.0,1695.0,8001.0,74.92,1.6270079612731934,489.1953125,489.1953125,32.0,True,,100.0,37.26,100.0,estimated,,prefill-facebook-opt-6-7b-chunk-1024-sm-32,success,,,/mnt/data/dheeraj/dicertation/inference-profile/runs/revised-rerun-20260415-171945-g7-opt67b-c512-1024/raw/points/prefill/prefill-facebook-opt-6-7b-chunk-1024-sm-32.csv
facebook/opt-6.7b,1024,gemm,fc1,32,0,1558.527946472168,479404032,512958464,33554432,33554432,1024,2026-04-15T16:20:41Z,baseline_nvml_pt,nvidia-smi,ok,7.0,109.0,1695.0,8001.0,74.92,1.6270079612731934,489.1953125,489.1953125,32.0,True,,100.0,37.26,100.0,estimated,,prefill-facebook-opt-6-7b-chunk-1024-sm-32,success,,,/mnt/data/dheeraj/dicertation/inference-profile/runs/revised-rerun-20260415-171945-g7-opt67b-c512-1024/raw/points/prefill/prefill-facebook-opt-6-7b-chunk-1024-sm-32.csv
facebook/opt-6.7b,1024,gemm,fc2,32,0,1622.0159530639648,479404032,487792640,8388608,8388608,1024,2026-04-15T16:20:41Z,baseline_nvml_pt,nvidia-smi,ok,7.0,109.0,1695.0,8001.0,74.92,1.6270079612731934,489.1953125,489.1953125,32.0,True,,100.0,37.26,100.0,estimated,,prefill-facebook-opt-6-7b-chunk-1024-sm-32,success,,,/mnt/data/dheeraj/dicertation/inference-profile/runs/revised-rerun-20260415-171945-g7-opt67b-c512-1024/raw/points/prefill/prefill-facebook-opt-6-7b-chunk-1024-sm-32.csv
facebook/opt-6.7b,1024,attention,attention,32,0,254.97600436210632,479404032,487924736,8520704,8388608,1024,2026-04-15T16:20:41Z,baseline_nvml_pt,nvidia-smi,ok,7.0,109.0,1695.0,8001.0,74.92,1.6270079612731934,489.1953125,489.1953125,32.0,True,,100.0,37.26,100.0,estimated,,prefill-facebook-opt-6-7b-chunk-1024-sm-32,success,,,/mnt/data/dheeraj/dicertation/inference-profile/runs/revised-rerun-20260415-171945-g7-opt67b-c512-1024/raw/points/prefill/prefill-facebook-opt-6-7b-chunk-1024-sm-32.csv
facebook/opt-6.7b,1024,gemm,q_proj,32,1,439.29600715637207,479404032,487792640,8388608,8388608,1024,2026-04-15T16:20:41Z,baseline_nvml_pt,nvidia-smi,ok,7.0,109.0,1695.0,8001.0,74.92,1.6270079612731934,489.1953125,489.1953125,32.0,True,,100.0,37.26,100.0,estimated,,prefill-facebook-opt-6-7b-chunk-1024-sm-32,success,,,/mnt/data/dheeraj/dicertation/inference-profile/runs/revised-rerun-20260415-171945-g7-opt67b-c512-1024/raw/points/prefill/prefill-facebook-opt-6-7b-chunk-1024-sm-32.csv
facebook/opt-6.7b,1024,gemm,k_proj,32,1,438.27199935913086,479404032,487792640,8388608,8388608,1024,2026-04-15T16:20:41Z,baseline_nvml_pt,nvidia-smi,ok,7.0,109.0,1695.0,8001.0,74.92,1.6270079612731934,489.1953125,489.1953125,32.0,True,,100.0,37.26,100.0,estimated,,prefill-facebook-opt-6-7b-chunk-1024-sm-32,success,,,/mnt/data/dheeraj/dicertation/inference-profile/runs/revised-rerun-20260415-171945-g7-opt67b-c512-1024/raw/points/prefill/prefill-facebook-opt-6-7b-chunk-1024-sm-32.csv
facebook/opt-6.7b,1024,gemm,v_proj,32,1,433.1519901752472,479404032,487792640,8388608,8388608,1024,2026-04-15T16:20:41Z,baseline_nvml_pt,nvidia-smi,ok,7.0,109.0,1695.0,8001.0,74.92,1.6270079612731934,489.1953125,489.1953125,32.0,True,,100.0,37.26,100.0,estimated,,prefill-facebook-opt-6-7b-chunk-1024-sm-32,success,,,/mnt/data/dheeraj/dicertation/inference-profile/runs/revised-rerun-20260415-171945-g7-opt67b-c512-1024/raw/points/prefill/prefill-facebook-opt-6-7b-chunk-1024-sm-32.csv
facebook/opt-6.7b,1024,gemm,out_proj,32,1,433.4399998188019,479404032,487792640,8388608,8388608,1024,2026-04-15T16:20:41Z,baseline_nvml_pt,nvidia-smi,ok,7.0,109.0,1695.0,8001.0,74.92,1.6270079612731934,489.1953125,489.1953125,32.0,True,,100.0,37.26,100.0,estimated,,prefill-facebook-opt-6-7b-chunk-1024-sm-32,success,,,/mnt/data/dheeraj/dicertation/inference-profile/runs/revised-rerun-20260415-171945-g7-opt67b-c512-1024/raw/points/prefill/prefill-facebook-opt-6-7b-chunk-1024-sm-32.csv
facebook/opt-6.7b,1024,gemm,fc1,32,1,1554.3359518051147,479404032,512958464,33554432,33554432,1024,2026-04-15T16:20:41Z,baseline_nvml_pt,nvidia-smi,ok,7.0,109.0,1695.0,8001.0,74.92,1.6270079612731934,489.1953125,489.1953125,32.0,True,,100.0,37.26,100.0,estimated,,prefill-facebook-opt-6-7b-chunk-1024-sm-32,success,,,/mnt/data/dheeraj/dicertation/inference-profile/runs/revised-rerun-20260415-171945-g7-opt67b-c512-1024/raw/points/prefill/prefill-facebook-opt-6-7b-chunk-1024-sm-32.csv
facebook/opt-6.7b,1024,gemm,fc2,32,1,1619.2320585250854,479404032,487792640,8388608,8388608,1024,2026-04-15T16:20:41Z,baseline_nvml_pt,nvidia-smi,ok,7.0,109.0,1695.0,8001.0,74.92,1.6270079612731934,489.1953125,489.1953125,32.0,True,,100.0,37.26,100.0,estimated,,prefill-facebook-opt-6-7b-chunk-1024-sm-32,success,,,/mnt/data/dheeraj/dicertation/inference-profile/runs/revised-rerun-20260415-171945-g7-opt67b-c512-1024/raw/points/prefill/prefill-facebook-opt-6-7b-chunk-1024-sm-32.csv
facebook/opt-6.7b,1024,attention,attention,32,1,251.90401077270508,479404032,487924736,8520704,8388608,1024,2026-04-15T16:20:41Z,baseline_nvml_pt,nvidia-smi,ok,7.0,109.0,1695.0,8001.0,74.92,1.6270079612731934,489.1953125,489.1953125,32.0,True,,100.0,37.26,100.0,estimated,,prefill-facebook-opt-6-7b-chunk-1024-sm-32,success,,,/mnt/data/dheeraj/dicertation/inference-profile/runs/revised-rerun-20260415-171945-g7-opt67b-c512-1024/raw/points/prefill/prefill-facebook-opt-6-7b-chunk-1024-sm-32.csv
facebook/opt-6.7b,1024,gemm,q_proj,32,2,444.41598653793335,479404032,487792640,8388608,8388608,1024,2026-04-15T16:20:41Z,baseline_nvml_pt,nvidia-smi,ok,7.0,109.0,1695.0,8001.0,74.92,1.6270079612731934,489.1953125,489.1953125,32.0,True,,100.0,37.26,100.0,estimated,,prefill-facebook-opt-6-7b-chunk-1024-sm-32,success,,,/mnt/data/dheeraj/dicertation/inference-profile/runs/revised-rerun-20260415-171945-g7-opt67b-c512-1024/raw/points/prefill/prefill-facebook-opt-6-7b-chunk-1024-sm-32.csv
facebook/opt-6.7b,1024,gemm,k_proj,32,2,441.3439929485321,479404032,487792640,8388608,8388608,1024,2026-04-15T16:20:41Z,baseline_nvml_pt,nvidia-smi,ok,7.0,109.0,1695.0,8001.0,74.92,1.6270079612731934,489.1953125,489.1953125,32.0,True,,100.0,37.26,100.0,estimated,,prefill-facebook-opt-6-7b-chunk-1024-sm-32,success,,,/mnt/data/dheeraj/dicertation/inference-profile/runs/revised-rerun-20260415-171945-g7-opt67b-c512-1024/raw/points/prefill/prefill-facebook-opt-6-7b-chunk-1024-sm-32.csv
facebook/opt-6.7b,1024,gemm,v_proj,32,2,436.2240135669708,479404032,487792640,8388608,8388608,1024,2026-04-15T16:20:41Z,baseline_nvml_pt,nvidia-smi,ok,7.0,109.0,1695.0,8001.0,74.92,1.6270079612731934,489.1953125,489.1953125,32.0,True,,100.0,37.26,100.0,estimated,,prefill-facebook-opt-6-7b-chunk-1024-sm-32,success,,,/mnt/data/dheeraj/dicertation/inference-profile/runs/revised-rerun-20260415-171945-g7-opt67b-c512-1024/raw/points/prefill/prefill-facebook-opt-6-7b-chunk-1024-sm-32.csv
facebook/opt-6.7b,1024,gemm,out_proj,32,2,437.24799156188965,479404032,487792640,8388608,8388608,1024,2026-04-15T16:20:41Z,baseline_nvml_pt,nvidia-smi,ok,7.0,109.0,1695.0,8001.0,74.92,1.6270079612731934,489.1953125,489.1953125,32.0,True,,100.0,37.26,100.0,estimated,,prefill-facebook-opt-6-7b-chunk-1024-sm-32,success,,,/mnt/data/dheeraj/dicertation/inference-profile/runs/revised-rerun-20260415-171945-g7-opt67b-c512-1024/raw/points/prefill/prefill-facebook-opt-6-7b-chunk-1024-sm-32.csv
facebook/opt-6.7b,1024,gemm,fc1,32,2,1557.536005973816,479404032,512958464,33554432,33554432,1024,2026-04-15T16:20:41Z,baseline_nvml_pt,nvidia-smi,ok,7.0,109.0,1695.0,8001.0,74.92,1.6270079612731934,489.1953125,489.1953125,32.0,True,,100.0,37.26,100.0,estimated,,prefill-facebook-opt-6-7b-chunk-1024-sm-32,success,,,/mnt/data/dheeraj/dicertation/inference-profile/runs/revised-rerun-20260415-171945-g7-opt67b-c512-1024/raw/points/prefill/prefill-facebook-opt-6-7b-chunk-1024-sm-32.csv
facebook/opt-6.7b,1024,gemm,fc2,32,2,1627.0079612731934,479404032,487792640,8388608,8388608,1024,2026-04-15T16:20:41Z,baseline_nvml_pt,nvidia-smi,ok,7.0,109.0,1695.0,8001.0,74.92,1.6270079612731934,489.1953125,489.1953125,32.0,True,,100.0,37.26,100.0,estimated,,prefill-facebook-opt-6-7b-chunk-1024-sm-32,success,,,/mnt/data/dheeraj/dicertation/inference-profile/runs/revised-rerun-20260415-171945-g7-opt67b-c512-1024/raw/points/prefill/prefill-facebook-opt-6-7b-chunk-1024-sm-32.csv
facebook/opt-6.7b,1024,attention,attention,32,2,254.97600436210632,479404032,487924736,8520704,8388608,1024,2026-04-15T16:20:41Z,baseline_nvml_pt,nvidia-smi,ok,7.0,109.0,1695.0,8001.0,74.92,1.6270079612731934,489.1953125,489.1953125,32.0,True,,100.0,37.26,100.0,estimated,,prefill-facebook-opt-6-7b-chunk-1024-sm-32,success,,,/mnt/data/dheeraj/dicertation/inference-profile/runs/revised-rerun-20260415-171945-g7-opt67b-c512-1024/raw/points/prefill/prefill-facebook-opt-6-7b-chunk-1024-sm-32.csv
facebook/opt-6.7b,1024,gemm,q_proj,32,3,445.43999433517456,479404032,487792640,8388608,8388608,1024,2026-04-15T16:20:41Z,baseline_nvml_pt,nvidia-smi,ok,7.0,109.0,1695.0,8001.0,74.92,1.6270079612731934,489.1953125,489.1953125,32.0,True,,100.0,37.26,100.0,estimated,,prefill-facebook-opt-6-7b-chunk-1024-sm-32,success,,,/mnt/data/dheeraj/dicertation/inference-profile/runs/revised-rerun-20260415-171945-g7-opt67b-c512-1024/raw/points/prefill/prefill-facebook-opt-6-7b-chunk-1024-sm-32.csv
facebook/opt-6.7b,1024,gemm,k_proj,32,3,438.27199935913086,479404032,487792640,8388608,8388608,1024,2026-04-15T16:20:41Z,baseline_nvml_pt,nvidia-smi,ok,7.0,109.0,1695.0,8001.0,74.92,1.6270079612731934,489.1953125,489.1953125,32.0,True,,100.0,37.26,100.0,estimated,,prefill-facebook-opt-6-7b-chunk-1024-sm-32,success,,,/mnt/data/dheeraj/dicertation/inference-profile/runs/revised-rerun-20260415-171945-g7-opt67b-c512-1024/raw/points/prefill/prefill-facebook-opt-6-7b-chunk-1024-sm-32.csv
facebook/opt-6.7b,1024,gemm,v_proj,32,3,438.2399916648865,479404032,487792640,8388608,8388608,1024,2026-04-15T16:20:41Z,baseline_nvml_pt,nvidia-smi,ok,7.0,109.0,1695.0,8001.0,74.92,1.6270079612731934,489.1953125,489.1953125,32.0,True,,100.0,37.26,100.0,estimated,,prefill-facebook-opt-6-7b-chunk-1024-sm-32,success,,,/mnt/data/dheeraj/dicertation/inference-profile/runs/revised-rerun-20260415-171945-g7-opt67b-c512-1024/raw/points/prefill/prefill-facebook-opt-6-7b-chunk-1024-sm-32.csv
facebook/opt-6.7b,1024,gemm,out_proj,32,3,436.2240135669708,479404032,487792640,8388608,8388608,1024,2026-04-15T16:20:41Z,baseline_nvml_pt,nvidia-smi,ok,7.0,109.0,1695.0,8001.0,74.92,1.6270079612731934,489.1953125,489.1953125,32.0,True,,100.0,37.26,100.0,estimated,,prefill-facebook-opt-6-7b-chunk-1024-sm-32,success,,,/mnt/data/dheeraj/dicertation/inference-profile/runs/revised-rerun-20260415-171945-g7-opt67b-c512-1024/raw/points/prefill/prefill-facebook-opt-6-7b-chunk-1024-sm-32.csv
facebook/opt-6.7b,1024,gemm,fc1,32,3,1557.5040578842163,479404032,512958464,33554432,33554432,1024,2026-04-15T16:20:41Z,baseline_nvml_pt,nvidia-smi,ok,7.0,109.0,1695.0,8001.0,74.92,1.6270079612731934,489.1953125,489.1953125,32.0,True,,100.0,37.26,100.0,estimated,,prefill-facebook-opt-6-7b-chunk-1024-sm-32,success,,,/mnt/data/dheeraj/dicertation/inference-profile/runs/revised-rerun-20260415-171945-g7-opt67b-c512-1024/raw/points/prefill/prefill-facebook-opt-6-7b-chunk-1024-sm-32.csv
facebook/opt-6.7b,1024,gemm,fc2,32,3,1626.1119842529297,479404032,487792640,8388608,8388608,1024,2026-04-15T16:20:41Z,baseline_nvml_pt,nvidia-smi,ok,7.0,109.0,1695.0,8001.0,74.92,1.6270079612731934,489.1953125,489.1953125,32.0,True,,100.0,37.26,100.0,estimated,,prefill-facebook-opt-6-7b-chunk-1024-sm-32,success,,,/mnt/data/dheeraj/dicertation/inference-profile/runs/revised-rerun-20260415-171945-g7-opt67b-c512-1024/raw/points/prefill/prefill-facebook-opt-6-7b-chunk-1024-sm-32.csv
facebook/opt-6.7b,1024,attention,attention,32,3,253.9519965648651,479404032,487924736,8520704,8388608,1024,2026-04-15T16:20:41Z,baseline_nvml_pt,nvidia-smi,ok,7.0,109.0,1695.0,8001.0,74.92,1.6270079612731934,489.1953125,489.1953125,32.0,True,,100.0,37.26,100.0,estimated,,prefill-facebook-opt-6-7b-chunk-1024-sm-32,success,,,/mnt/data/dheeraj/dicertation/inference-profile/runs/revised-rerun-20260415-171945-g7-opt67b-c512-1024/raw/points/prefill/prefill-facebook-opt-6-7b-chunk-1024-sm-32.csv
facebook/opt-6.7b,1024,gemm,q_proj,32,4,438.27199935913086,479404032,487792640,8388608,8388608,1024,2026-04-15T16:20:41Z,baseline_nvml_pt,nvidia-smi,ok,7.0,109.0,1695.0,8001.0,74.92,1.6270079612731934,489.1953125,489.1953125,32.0,True,,100.0,37.26,100.0,estimated,,prefill-facebook-opt-6-7b-chunk-1024-sm-32,success,,,/mnt/data/dheeraj/dicertation/inference-profile/runs/revised-rerun-20260415-171945-g7-opt67b-c512-1024/raw/points/prefill/prefill-facebook-opt-6-7b-chunk-1024-sm-32.csv
facebook/opt-6.7b,1024,gemm,k_proj,32,4,438.27199935913086,479404032,487792640,8388608,8388608,1024,2026-04-15T16:20:41Z,baseline_nvml_pt,nvidia-smi,ok,7.0,109.0,1695.0,8001.0,74.92,1.6270079612731934,489.1953125,489.1953125,32.0,True,,100.0,37.26,100.0,estimated,,prefill-facebook-opt-6-7b-chunk-1024-sm-32,success,,,/mnt/data/dheeraj/dicertation/inference-profile/runs/revised-rerun-20260415-171945-g7-opt67b-c512-1024/raw/points/prefill/prefill-facebook-opt-6-7b-chunk-1024-sm-32.csv
facebook/opt-6.7b,1024,gemm,v_proj,32,4,437.0880126953125,479404032,487792640,8388608,8388608,1024,2026-04-15T16:20:41Z,baseline_nvml_pt,nvidia-smi,ok,7.0,109.0,1695.0,8001.0,74.92,1.6270079612731934,489.1953125,489.1953125,32.0,True,,100.0,37.26,100.0,estimated,,prefill-facebook-opt-6-7b-chunk-1024-sm-32,success,,,/mnt/data/dheeraj/dicertation/inference-profile/runs/revised-rerun-20260415-171945-g7-opt67b-c512-1024/raw/points/prefill/prefill-facebook-opt-6-7b-chunk-1024-sm-32.csv
facebook/opt-6.7b,1024,gemm,out_proj,32,4,434.9760115146637,479404032,487792640,8388608,8388608,1024,2026-04-15T16:20:41Z,baseline_nvml_pt,nvidia-smi,ok,7.0,109.0,1695.0,8001.0,74.92,1.6270079612731934,489.1953125,489.1953125,32.0,True,,100.0,37.26,100.0,estimated,,prefill-facebook-opt-6-7b-chunk-1024-sm-32,success,,,/mnt/data/dheeraj/dicertation/inference-profile/runs/revised-rerun-20260415-171945-g7-opt67b-c512-1024/raw/points/prefill/prefill-facebook-opt-6-7b-chunk-1024-sm-32.csv
facebook/opt-6.7b,1024,gemm,fc1,32,4,1559.5519542694092,479404032,512958464,33554432,33554432,1024,2026-04-15T16:20:41Z,baseline_nvml_pt,nvidia-smi,ok,7.0,109.0,1695.0,8001.0,74.92,1.6270079612731934,489.1953125,489.1953125,32.0,True,,100.0,37.26,100.0,estimated,,prefill-facebook-opt-6-7b-chunk-1024-sm-32,success,,,/mnt/data/dheeraj/dicertation/inference-profile/runs/revised-rerun-20260415-171945-g7-opt67b-c512-1024/raw/points/prefill/prefill-facebook-opt-6-7b-chunk-1024-sm-32.csv
facebook/opt-6.7b,1024,gemm,fc2,32,4,1626.1119842529297,479404032,487792640,8388608,8388608,1024,2026-04-15T16:20:41Z,baseline_nvml_pt,nvidia-smi,ok,7.0,109.0,1695.0,8001.0,74.92,1.6270079612731934,489.1953125,489.1953125,32.0,True,,100.0,37.26,100.0,estimated,,prefill-facebook-opt-6-7b-chunk-1024-sm-32,success,,,/mnt/data/dheeraj/dicertation/inference-profile/runs/revised-rerun-20260415-171945-g7-opt67b-c512-1024/raw/points/prefill/prefill-facebook-opt-6-7b-chunk-1024-sm-32.csv
facebook/opt-6.7b,1024,attention,attention,32,4,254.94399666786194,479404032,487924736,8520704,8388608,1024,2026-04-15T16:20:41Z,baseline_nvml_pt,nvidia-smi,ok,7.0,109.0,1695.0,8001.0,74.92,1.6270079612731934,489.1953125,489.1953125,32.0,True,,100.0,37.26,100.0,estimated,,prefill-facebook-opt-6-7b-chunk-1024-sm-32,success,,,/mnt/data/dheeraj/dicertation/inference-profile/runs/revised-rerun-20260415-171945-g7-opt67b-c512-1024/raw/points/prefill/prefill-facebook-opt-6-7b-chunk-1024-sm-32.csv
