model_id,chunk_tokens,op_type,op_name,sm_ai_partition,timed_iteration,duration_us,baseline_vram_bytes,peak_vram_bytes,dynamic_workspace_bytes,output_bytes,max_input_tokens,telemetry_ts,telemetry_tier,telemetry_provider,telemetry_status,gpu_util,gpu_mem_used_mb,sm_clock_mhz,mem_clock_mhz,power_w,pt_step_ms,pt_mem_alloc_mb,pt_mem_reserved_mb,pt_workspace_mb,nvml_available,sampling_error,acu_pct,gbu_pct,smu_pct,microscopic_telemetry_status,microscopic_error,point_id,public_status,failure_kind,failure_cause,raw_output_path
facebook/opt-2.7b,64,gemm,q_proj,8,0,86.01599931716919,169784320,170112000,327680,327680,1024,2026-04-14T11:52:50Z,baseline_nvml_pt,nvidia-smi,ok,0.0,5.0,1695.0,7601.0,60.01,1.7838079929351807,163.4189453125,163.4189453125,1.5,True,,,,,unavailable,,prefill-facebook-opt-2-7b-chunk-64-sm-8,success,,,/mnt/data/dheeraj/dicertation/inference-profile/runs/revised-full-20260414-g4-opt27b-c64-256/raw/points/prefill/prefill-facebook-opt-2-7b-chunk-64-sm-8.csv
facebook/opt-2.7b,64,gemm,k_proj,8,0,75.77600330114365,169784320,170112000,327680,327680,1024,2026-04-14T11:52:50Z,baseline_nvml_pt,nvidia-smi,ok,0.0,5.0,1695.0,7601.0,60.01,1.7838079929351807,163.4189453125,163.4189453125,1.5,True,,,,,unavailable,,prefill-facebook-opt-2-7b-chunk-64-sm-8,success,,,/mnt/data/dheeraj/dicertation/inference-profile/runs/revised-full-20260414-g4-opt27b-c64-256/raw/points/prefill/prefill-facebook-opt-2-7b-chunk-64-sm-8.csv
facebook/opt-2.7b,64,gemm,v_proj,8,0,66.56000018119812,169784320,170112000,327680,327680,1024,2026-04-14T11:52:50Z,baseline_nvml_pt,nvidia-smi,ok,0.0,5.0,1695.0,7601.0,60.01,1.7838079929351807,163.4189453125,163.4189453125,1.5,True,,,,,unavailable,,prefill-facebook-opt-2-7b-chunk-64-sm-8,success,,,/mnt/data/dheeraj/dicertation/inference-profile/runs/revised-full-20260414-g4-opt27b-c64-256/raw/points/prefill/prefill-facebook-opt-2-7b-chunk-64-sm-8.csv
facebook/opt-2.7b,64,gemm,out_proj,8,0,69.63200122117996,169784320,170112000,327680,327680,1024,2026-04-14T11:52:50Z,baseline_nvml_pt,nvidia-smi,ok,0.0,5.0,1695.0,7601.0,60.01,1.7838079929351807,163.4189453125,163.4189453125,1.5,True,,,,,unavailable,,prefill-facebook-opt-2-7b-chunk-64-sm-8,success,,,/mnt/data/dheeraj/dicertation/inference-profile/runs/revised-full-20260414-g4-opt27b-c64-256/raw/points/prefill/prefill-facebook-opt-2-7b-chunk-64-sm-8.csv
facebook/opt-2.7b,64,gemm,fc1,8,0,126.97599828243256,169784320,171357184,1572864,1310720,1024,2026-04-14T11:52:50Z,baseline_nvml_pt,nvidia-smi,ok,0.0,5.0,1695.0,7601.0,60.01,1.7838079929351807,163.4189453125,163.4189453125,1.5,True,,,,,unavailable,,prefill-facebook-opt-2-7b-chunk-64-sm-8,success,,,/mnt/data/dheeraj/dicertation/inference-profile/runs/revised-full-20260414-g4-opt27b-c64-256/raw/points/prefill/prefill-facebook-opt-2-7b-chunk-64-sm-8.csv
facebook/opt-2.7b,64,gemm,fc2,8,0,132.09599256515503,169784320,170112000,327680,327680,1024,2026-04-14T11:52:50Z,baseline_nvml_pt,nvidia-smi,ok,0.0,5.0,1695.0,7601.0,60.01,1.7838079929351807,163.4189453125,163.4189453125,1.5,True,,,,,unavailable,,prefill-facebook-opt-2-7b-chunk-64-sm-8,success,,,/mnt/data/dheeraj/dicertation/inference-profile/runs/revised-full-20260414-g4-opt27b-c64-256/raw/points/prefill/prefill-facebook-opt-2-7b-chunk-64-sm-8.csv
facebook/opt-2.7b,64,attention,attention,8,0,63.48799914121628,169784320,170121216,336896,327680,1024,2026-04-14T11:52:50Z,baseline_nvml_pt,nvidia-smi,ok,0.0,5.0,1695.0,7601.0,60.01,1.7838079929351807,163.4189453125,163.4189453125,1.5,True,,,,,unavailable,,prefill-facebook-opt-2-7b-chunk-64-sm-8,success,,,/mnt/data/dheeraj/dicertation/inference-profile/runs/revised-full-20260414-g4-opt27b-c64-256/raw/points/prefill/prefill-facebook-opt-2-7b-chunk-64-sm-8.csv
facebook/opt-2.7b,64,gemm,q_proj,8,1,68.60800087451935,169784320,170112000,327680,327680,1024,2026-04-14T11:52:50Z,baseline_nvml_pt,nvidia-smi,ok,0.0,5.0,1695.0,7601.0,60.01,1.7838079929351807,163.4189453125,163.4189453125,1.5,True,,,,,unavailable,,prefill-facebook-opt-2-7b-chunk-64-sm-8,success,,,/mnt/data/dheeraj/dicertation/inference-profile/runs/revised-full-20260414-g4-opt27b-c64-256/raw/points/prefill/prefill-facebook-opt-2-7b-chunk-64-sm-8.csv
facebook/opt-2.7b,64,gemm,k_proj,8,1,65.5359998345375,169784320,170112000,327680,327680,1024,2026-04-14T11:52:50Z,baseline_nvml_pt,nvidia-smi,ok,0.0,5.0,1695.0,7601.0,60.01,1.7838079929351807,163.4189453125,163.4189453125,1.5,True,,,,,unavailable,,prefill-facebook-opt-2-7b-chunk-64-sm-8,success,,,/mnt/data/dheeraj/dicertation/inference-profile/runs/revised-full-20260414-g4-opt27b-c64-256/raw/points/prefill/prefill-facebook-opt-2-7b-chunk-64-sm-8.csv
facebook/opt-2.7b,64,gemm,v_proj,8,1,62.463998794555664,169784320,170112000,327680,327680,1024,2026-04-14T11:52:50Z,baseline_nvml_pt,nvidia-smi,ok,0.0,5.0,1695.0,7601.0,60.01,1.7838079929351807,163.4189453125,163.4189453125,1.5,True,,,,,unavailable,,prefill-facebook-opt-2-7b-chunk-64-sm-8,success,,,/mnt/data/dheeraj/dicertation/inference-profile/runs/revised-full-20260414-g4-opt27b-c64-256/raw/points/prefill/prefill-facebook-opt-2-7b-chunk-64-sm-8.csv
facebook/opt-2.7b,64,gemm,out_proj,8,1,63.48799914121628,169784320,170112000,327680,327680,1024,2026-04-14T11:52:50Z,baseline_nvml_pt,nvidia-smi,ok,0.0,5.0,1695.0,7601.0,60.01,1.7838079929351807,163.4189453125,163.4189453125,1.5,True,,,,,unavailable,,prefill-facebook-opt-2-7b-chunk-64-sm-8,success,,,/mnt/data/dheeraj/dicertation/inference-profile/runs/revised-full-20260414-g4-opt27b-c64-256/raw/points/prefill/prefill-facebook-opt-2-7b-chunk-64-sm-8.csv
facebook/opt-2.7b,64,gemm,fc1,8,1,122.8799968957901,169784320,171357184,1572864,1310720,1024,2026-04-14T11:52:50Z,baseline_nvml_pt,nvidia-smi,ok,0.0,5.0,1695.0,7601.0,60.01,1.7838079929351807,163.4189453125,163.4189453125,1.5,True,,,,,unavailable,,prefill-facebook-opt-2-7b-chunk-64-sm-8,success,,,/mnt/data/dheeraj/dicertation/inference-profile/runs/revised-full-20260414-g4-opt27b-c64-256/raw/points/prefill/prefill-facebook-opt-2-7b-chunk-64-sm-8.csv
facebook/opt-2.7b,64,gemm,fc2,8,1,129.02399897575378,169784320,170112000,327680,327680,1024,2026-04-14T11:52:50Z,baseline_nvml_pt,nvidia-smi,ok,0.0,5.0,1695.0,7601.0,60.01,1.7838079929351807,163.4189453125,163.4189453125,1.5,True,,,,,unavailable,,prefill-facebook-opt-2-7b-chunk-64-sm-8,success,,,/mnt/data/dheeraj/dicertation/inference-profile/runs/revised-full-20260414-g4-opt27b-c64-256/raw/points/prefill/prefill-facebook-opt-2-7b-chunk-64-sm-8.csv
facebook/opt-2.7b,64,attention,attention,8,1,56.32000043988228,169784320,170121216,336896,327680,1024,2026-04-14T11:52:50Z,baseline_nvml_pt,nvidia-smi,ok,0.0,5.0,1695.0,7601.0,60.01,1.7838079929351807,163.4189453125,163.4189453125,1.5,True,,,,,unavailable,,prefill-facebook-opt-2-7b-chunk-64-sm-8,success,,,/mnt/data/dheeraj/dicertation/inference-profile/runs/revised-full-20260414-g4-opt27b-c64-256/raw/points/prefill/prefill-facebook-opt-2-7b-chunk-64-sm-8.csv
facebook/opt-2.7b,64,gemm,q_proj,8,2,66.56000018119812,169784320,170112000,327680,327680,1024,2026-04-14T11:52:50Z,baseline_nvml_pt,nvidia-smi,ok,0.0,5.0,1695.0,7601.0,60.01,1.7838079929351807,163.4189453125,163.4189453125,1.5,True,,,,,unavailable,,prefill-facebook-opt-2-7b-chunk-64-sm-8,success,,,/mnt/data/dheeraj/dicertation/inference-profile/runs/revised-full-20260414-g4-opt27b-c64-256/raw/points/prefill/prefill-facebook-opt-2-7b-chunk-64-sm-8.csv
facebook/opt-2.7b,64,gemm,k_proj,8,2,63.48799914121628,169784320,170112000,327680,327680,1024,2026-04-14T11:52:50Z,baseline_nvml_pt,nvidia-smi,ok,0.0,5.0,1695.0,7601.0,60.01,1.7838079929351807,163.4189453125,163.4189453125,1.5,True,,,,,unavailable,,prefill-facebook-opt-2-7b-chunk-64-sm-8,success,,,/mnt/data/dheeraj/dicertation/inference-profile/runs/revised-full-20260414-g4-opt27b-c64-256/raw/points/prefill/prefill-facebook-opt-2-7b-chunk-64-sm-8.csv
facebook/opt-2.7b,64,gemm,v_proj,8,2,75.77600330114365,169784320,170112000,327680,327680,1024,2026-04-14T11:52:50Z,baseline_nvml_pt,nvidia-smi,ok,0.0,5.0,1695.0,7601.0,60.01,1.7838079929351807,163.4189453125,163.4189453125,1.5,True,,,,,unavailable,,prefill-facebook-opt-2-7b-chunk-64-sm-8,success,,,/mnt/data/dheeraj/dicertation/inference-profile/runs/revised-full-20260414-g4-opt27b-c64-256/raw/points/prefill/prefill-facebook-opt-2-7b-chunk-64-sm-8.csv
facebook/opt-2.7b,64,gemm,out_proj,8,2,65.60000032186508,169784320,170112000,327680,327680,1024,2026-04-14T11:52:50Z,baseline_nvml_pt,nvidia-smi,ok,0.0,5.0,1695.0,7601.0,60.01,1.7838079929351807,163.4189453125,163.4189453125,1.5,True,,,,,unavailable,,prefill-facebook-opt-2-7b-chunk-64-sm-8,success,,,/mnt/data/dheeraj/dicertation/inference-profile/runs/revised-full-20260414-g4-opt27b-c64-256/raw/points/prefill/prefill-facebook-opt-2-7b-chunk-64-sm-8.csv
facebook/opt-2.7b,64,gemm,fc1,8,2,124.92799758911133,169784320,171357184,1572864,1310720,1024,2026-04-14T11:52:50Z,baseline_nvml_pt,nvidia-smi,ok,0.0,5.0,1695.0,7601.0,60.01,1.7838079929351807,163.4189453125,163.4189453125,1.5,True,,,,,unavailable,,prefill-facebook-opt-2-7b-chunk-64-sm-8,success,,,/mnt/data/dheeraj/dicertation/inference-profile/runs/revised-full-20260414-g4-opt27b-c64-256/raw/points/prefill/prefill-facebook-opt-2-7b-chunk-64-sm-8.csv
facebook/opt-2.7b,64,gemm,fc2,8,2,131.071999669075,169784320,170112000,327680,327680,1024,2026-04-14T11:52:50Z,baseline_nvml_pt,nvidia-smi,ok,0.0,5.0,1695.0,7601.0,60.01,1.7838079929351807,163.4189453125,163.4189453125,1.5,True,,,,,unavailable,,prefill-facebook-opt-2-7b-chunk-64-sm-8,success,,,/mnt/data/dheeraj/dicertation/inference-profile/runs/revised-full-20260414-g4-opt27b-c64-256/raw/points/prefill/prefill-facebook-opt-2-7b-chunk-64-sm-8.csv
facebook/opt-2.7b,64,attention,attention,8,2,56.32000043988228,169784320,170121216,336896,327680,1024,2026-04-14T11:52:50Z,baseline_nvml_pt,nvidia-smi,ok,0.0,5.0,1695.0,7601.0,60.01,1.7838079929351807,163.4189453125,163.4189453125,1.5,True,,,,,unavailable,,prefill-facebook-opt-2-7b-chunk-64-sm-8,success,,,/mnt/data/dheeraj/dicertation/inference-profile/runs/revised-full-20260414-g4-opt27b-c64-256/raw/points/prefill/prefill-facebook-opt-2-7b-chunk-64-sm-8.csv
facebook/opt-2.7b,64,gemm,q_proj,8,3,66.56000018119812,169784320,170112000,327680,327680,1024,2026-04-14T11:52:50Z,baseline_nvml_pt,nvidia-smi,ok,0.0,5.0,1695.0,7601.0,60.01,1.7838079929351807,163.4189453125,163.4189453125,1.5,True,,,,,unavailable,,prefill-facebook-opt-2-7b-chunk-64-sm-8,success,,,/mnt/data/dheeraj/dicertation/inference-profile/runs/revised-full-20260414-g4-opt27b-c64-256/raw/points/prefill/prefill-facebook-opt-2-7b-chunk-64-sm-8.csv
facebook/opt-2.7b,64,gemm,k_proj,8,3,62.463998794555664,169784320,170112000,327680,327680,1024,2026-04-14T11:52:50Z,baseline_nvml_pt,nvidia-smi,ok,0.0,5.0,1695.0,7601.0,60.01,1.7838079929351807,163.4189453125,163.4189453125,1.5,True,,,,,unavailable,,prefill-facebook-opt-2-7b-chunk-64-sm-8,success,,,/mnt/data/dheeraj/dicertation/inference-profile/runs/revised-full-20260414-g4-opt27b-c64-256/raw/points/prefill/prefill-facebook-opt-2-7b-chunk-64-sm-8.csv
facebook/opt-2.7b,64,gemm,v_proj,8,3,1783.8079929351807,169784320,170112000,327680,327680,1024,2026-04-14T11:52:50Z,baseline_nvml_pt,nvidia-smi,ok,0.0,5.0,1695.0,7601.0,60.01,1.7838079929351807,163.4189453125,163.4189453125,1.5,True,,,,,unavailable,,prefill-facebook-opt-2-7b-chunk-64-sm-8,success,,,/mnt/data/dheeraj/dicertation/inference-profile/runs/revised-full-20260414-g4-opt27b-c64-256/raw/points/prefill/prefill-facebook-opt-2-7b-chunk-64-sm-8.csv
facebook/opt-2.7b,64,gemm,out_proj,8,3,212.99199759960175,169784320,170112000,327680,327680,1024,2026-04-14T11:52:50Z,baseline_nvml_pt,nvidia-smi,ok,0.0,5.0,1695.0,7601.0,60.01,1.7838079929351807,163.4189453125,163.4189453125,1.5,True,,,,,unavailable,,prefill-facebook-opt-2-7b-chunk-64-sm-8,success,,,/mnt/data/dheeraj/dicertation/inference-profile/runs/revised-full-20260414-g4-opt27b-c64-256/raw/points/prefill/prefill-facebook-opt-2-7b-chunk-64-sm-8.csv
facebook/opt-2.7b,64,gemm,fc1,8,3,130.048006772995,169784320,171357184,1572864,1310720,1024,2026-04-14T11:52:50Z,baseline_nvml_pt,nvidia-smi,ok,0.0,5.0,1695.0,7601.0,60.01,1.7838079929351807,163.4189453125,163.4189453125,1.5,True,,,,,unavailable,,prefill-facebook-opt-2-7b-chunk-64-sm-8,success,,,/mnt/data/dheeraj/dicertation/inference-profile/runs/revised-full-20260414-g4-opt27b-c64-256/raw/points/prefill/prefill-facebook-opt-2-7b-chunk-64-sm-8.csv
facebook/opt-2.7b,64,gemm,fc2,8,3,132.9600065946579,169784320,170112000,327680,327680,1024,2026-04-14T11:52:50Z,baseline_nvml_pt,nvidia-smi,ok,0.0,5.0,1695.0,7601.0,60.01,1.7838079929351807,163.4189453125,163.4189453125,1.5,True,,,,,unavailable,,prefill-facebook-opt-2-7b-chunk-64-sm-8,success,,,/mnt/data/dheeraj/dicertation/inference-profile/runs/revised-full-20260414-g4-opt27b-c64-256/raw/points/prefill/prefill-facebook-opt-2-7b-chunk-64-sm-8.csv
facebook/opt-2.7b,64,attention,attention,8,3,84.99199897050858,169784320,170121216,336896,327680,1024,2026-04-14T11:52:50Z,baseline_nvml_pt,nvidia-smi,ok,0.0,5.0,1695.0,7601.0,60.01,1.7838079929351807,163.4189453125,163.4189453125,1.5,True,,,,,unavailable,,prefill-facebook-opt-2-7b-chunk-64-sm-8,success,,,/mnt/data/dheeraj/dicertation/inference-profile/runs/revised-full-20260414-g4-opt27b-c64-256/raw/points/prefill/prefill-facebook-opt-2-7b-chunk-64-sm-8.csv
facebook/opt-2.7b,64,gemm,q_proj,8,4,66.56000018119812,169784320,170112000,327680,327680,1024,2026-04-14T11:52:50Z,baseline_nvml_pt,nvidia-smi,ok,0.0,5.0,1695.0,7601.0,60.01,1.7838079929351807,163.4189453125,163.4189453125,1.5,True,,,,,unavailable,,prefill-facebook-opt-2-7b-chunk-64-sm-8,success,,,/mnt/data/dheeraj/dicertation/inference-profile/runs/revised-full-20260414-g4-opt27b-c64-256/raw/points/prefill/prefill-facebook-opt-2-7b-chunk-64-sm-8.csv
facebook/opt-2.7b,64,gemm,k_proj,8,4,63.391998410224915,169784320,170112000,327680,327680,1024,2026-04-14T11:52:50Z,baseline_nvml_pt,nvidia-smi,ok,0.0,5.0,1695.0,7601.0,60.01,1.7838079929351807,163.4189453125,163.4189453125,1.5,True,,,,,unavailable,,prefill-facebook-opt-2-7b-chunk-64-sm-8,success,,,/mnt/data/dheeraj/dicertation/inference-profile/runs/revised-full-20260414-g4-opt27b-c64-256/raw/points/prefill/prefill-facebook-opt-2-7b-chunk-64-sm-8.csv
facebook/opt-2.7b,64,gemm,v_proj,8,4,62.463998794555664,169784320,170112000,327680,327680,1024,2026-04-14T11:52:50Z,baseline_nvml_pt,nvidia-smi,ok,0.0,5.0,1695.0,7601.0,60.01,1.7838079929351807,163.4189453125,163.4189453125,1.5,True,,,,,unavailable,,prefill-facebook-opt-2-7b-chunk-64-sm-8,success,,,/mnt/data/dheeraj/dicertation/inference-profile/runs/revised-full-20260414-g4-opt27b-c64-256/raw/points/prefill/prefill-facebook-opt-2-7b-chunk-64-sm-8.csv
facebook/opt-2.7b,64,gemm,out_proj,8,4,61.43999844789505,169784320,170112000,327680,327680,1024,2026-04-14T11:52:50Z,baseline_nvml_pt,nvidia-smi,ok,0.0,5.0,1695.0,7601.0,60.01,1.7838079929351807,163.4189453125,163.4189453125,1.5,True,,,,,unavailable,,prefill-facebook-opt-2-7b-chunk-64-sm-8,success,,,/mnt/data/dheeraj/dicertation/inference-profile/runs/revised-full-20260414-g4-opt27b-c64-256/raw/points/prefill/prefill-facebook-opt-2-7b-chunk-64-sm-8.csv
facebook/opt-2.7b,64,gemm,fc1,8,4,122.8799968957901,169784320,171357184,1572864,1310720,1024,2026-04-14T11:52:50Z,baseline_nvml_pt,nvidia-smi,ok,0.0,5.0,1695.0,7601.0,60.01,1.7838079929351807,163.4189453125,163.4189453125,1.5,True,,,,,unavailable,,prefill-facebook-opt-2-7b-chunk-64-sm-8,success,,,/mnt/data/dheeraj/dicertation/inference-profile/runs/revised-full-20260414-g4-opt27b-c64-256/raw/points/prefill/prefill-facebook-opt-2-7b-chunk-64-sm-8.csv
facebook/opt-2.7b,64,gemm,fc2,8,4,128.00000607967377,169784320,170112000,327680,327680,1024,2026-04-14T11:52:50Z,baseline_nvml_pt,nvidia-smi,ok,0.0,5.0,1695.0,7601.0,60.01,1.7838079929351807,163.4189453125,163.4189453125,1.5,True,,,,,unavailable,,prefill-facebook-opt-2-7b-chunk-64-sm-8,success,,,/mnt/data/dheeraj/dicertation/inference-profile/runs/revised-full-20260414-g4-opt27b-c64-256/raw/points/prefill/prefill-facebook-opt-2-7b-chunk-64-sm-8.csv
facebook/opt-2.7b,64,attention,attention,8,4,51.19999870657921,169784320,170121216,336896,327680,1024,2026-04-14T11:52:50Z,baseline_nvml_pt,nvidia-smi,ok,0.0,5.0,1695.0,7601.0,60.01,1.7838079929351807,163.4189453125,163.4189453125,1.5,True,,,,,unavailable,,prefill-facebook-opt-2-7b-chunk-64-sm-8,success,,,/mnt/data/dheeraj/dicertation/inference-profile/runs/revised-full-20260414-g4-opt27b-c64-256/raw/points/prefill/prefill-facebook-opt-2-7b-chunk-64-sm-8.csv
facebook/opt-2.7b,64,gemm,q_proj,16,0,81.85599744319916,169784320,170112000,327680,327680,1024,2026-04-14T11:52:55Z,baseline_nvml_pt,nvidia-smi,ok,0.0,5.0,1695.0,8001.0,60.44,0.13414399325847626,163.4189453125,163.4189453125,1.5,True,,,,,unavailable,,prefill-facebook-opt-2-7b-chunk-64-sm-16,success,,,/mnt/data/dheeraj/dicertation/inference-profile/runs/revised-full-20260414-g4-opt27b-c64-256/raw/points/prefill/prefill-facebook-opt-2-7b-chunk-64-sm-16.csv
facebook/opt-2.7b,64,gemm,k_proj,16,0,73.72800260782242,169784320,170112000,327680,327680,1024,2026-04-14T11:52:55Z,baseline_nvml_pt,nvidia-smi,ok,0.0,5.0,1695.0,8001.0,60.44,0.13414399325847626,163.4189453125,163.4189453125,1.5,True,,,,,unavailable,,prefill-facebook-opt-2-7b-chunk-64-sm-16,success,,,/mnt/data/dheeraj/dicertation/inference-profile/runs/revised-full-20260414-g4-opt27b-c64-256/raw/points/prefill/prefill-facebook-opt-2-7b-chunk-64-sm-16.csv
facebook/opt-2.7b,64,gemm,v_proj,16,0,68.60800087451935,169784320,170112000,327680,327680,1024,2026-04-14T11:52:55Z,baseline_nvml_pt,nvidia-smi,ok,0.0,5.0,1695.0,8001.0,60.44,0.13414399325847626,163.4189453125,163.4189453125,1.5,True,,,,,unavailable,,prefill-facebook-opt-2-7b-chunk-64-sm-16,success,,,/mnt/data/dheeraj/dicertation/inference-profile/runs/revised-full-20260414-g4-opt27b-c64-256/raw/points/prefill/prefill-facebook-opt-2-7b-chunk-64-sm-16.csv
facebook/opt-2.7b,64,gemm,out_proj,16,0,72.7040022611618,169784320,170112000,327680,327680,1024,2026-04-14T11:52:55Z,baseline_nvml_pt,nvidia-smi,ok,0.0,5.0,1695.0,8001.0,60.44,0.13414399325847626,163.4189453125,163.4189453125,1.5,True,,,,,unavailable,,prefill-facebook-opt-2-7b-chunk-64-sm-16,success,,,/mnt/data/dheeraj/dicertation/inference-profile/runs/revised-full-20260414-g4-opt27b-c64-256/raw/points/prefill/prefill-facebook-opt-2-7b-chunk-64-sm-16.csv
facebook/opt-2.7b,64,gemm,fc1,16,0,134.14399325847626,169784320,171357184,1572864,1310720,1024,2026-04-14T11:52:55Z,baseline_nvml_pt,nvidia-smi,ok,0.0,5.0,1695.0,8001.0,60.44,0.13414399325847626,163.4189453125,163.4189453125,1.5,True,,,,,unavailable,,prefill-facebook-opt-2-7b-chunk-64-sm-16,success,,,/mnt/data/dheeraj/dicertation/inference-profile/runs/revised-full-20260414-g4-opt27b-c64-256/raw/points/prefill/prefill-facebook-opt-2-7b-chunk-64-sm-16.csv
facebook/opt-2.7b,64,gemm,fc2,16,0,132.09599256515503,169784320,170112000,327680,327680,1024,2026-04-14T11:52:55Z,baseline_nvml_pt,nvidia-smi,ok,0.0,5.0,1695.0,8001.0,60.44,0.13414399325847626,163.4189453125,163.4189453125,1.5,True,,,,,unavailable,,prefill-facebook-opt-2-7b-chunk-64-sm-16,success,,,/mnt/data/dheeraj/dicertation/inference-profile/runs/revised-full-20260414-g4-opt27b-c64-256/raw/points/prefill/prefill-facebook-opt-2-7b-chunk-64-sm-16.csv
facebook/opt-2.7b,64,attention,attention,16,0,55.296000093221664,169784320,170121216,336896,327680,1024,2026-04-14T11:52:55Z,baseline_nvml_pt,nvidia-smi,ok,0.0,5.0,1695.0,8001.0,60.44,0.13414399325847626,163.4189453125,163.4189453125,1.5,True,,,,,unavailable,,prefill-facebook-opt-2-7b-chunk-64-sm-16,success,,,/mnt/data/dheeraj/dicertation/inference-profile/runs/revised-full-20260414-g4-opt27b-c64-256/raw/points/prefill/prefill-facebook-opt-2-7b-chunk-64-sm-16.csv
facebook/opt-2.7b,64,gemm,q_proj,16,1,68.51200014352798,169784320,170112000,327680,327680,1024,2026-04-14T11:52:55Z,baseline_nvml_pt,nvidia-smi,ok,0.0,5.0,1695.0,8001.0,60.44,0.13414399325847626,163.4189453125,163.4189453125,1.5,True,,,,,unavailable,,prefill-facebook-opt-2-7b-chunk-64-sm-16,success,,,/mnt/data/dheeraj/dicertation/inference-profile/runs/revised-full-20260414-g4-opt27b-c64-256/raw/points/prefill/prefill-facebook-opt-2-7b-chunk-64-sm-16.csv
facebook/opt-2.7b,64,gemm,k_proj,16,1,64.51199948787689,169784320,170112000,327680,327680,1024,2026-04-14T11:52:55Z,baseline_nvml_pt,nvidia-smi,ok,0.0,5.0,1695.0,8001.0,60.44,0.13414399325847626,163.4189453125,163.4189453125,1.5,True,,,,,unavailable,,prefill-facebook-opt-2-7b-chunk-64-sm-16,success,,,/mnt/data/dheeraj/dicertation/inference-profile/runs/revised-full-20260414-g4-opt27b-c64-256/raw/points/prefill/prefill-facebook-opt-2-7b-chunk-64-sm-16.csv
facebook/opt-2.7b,64,gemm,v_proj,16,1,62.463998794555664,169784320,170112000,327680,327680,1024,2026-04-14T11:52:55Z,baseline_nvml_pt,nvidia-smi,ok,0.0,5.0,1695.0,8001.0,60.44,0.13414399325847626,163.4189453125,163.4189453125,1.5,True,,,,,unavailable,,prefill-facebook-opt-2-7b-chunk-64-sm-16,success,,,/mnt/data/dheeraj/dicertation/inference-profile/runs/revised-full-20260414-g4-opt27b-c64-256/raw/points/prefill/prefill-facebook-opt-2-7b-chunk-64-sm-16.csv
facebook/opt-2.7b,64,gemm,out_proj,16,1,69.63200122117996,169784320,170112000,327680,327680,1024,2026-04-14T11:52:55Z,baseline_nvml_pt,nvidia-smi,ok,0.0,5.0,1695.0,8001.0,60.44,0.13414399325847626,163.4189453125,163.4189453125,1.5,True,,,,,unavailable,,prefill-facebook-opt-2-7b-chunk-64-sm-16,success,,,/mnt/data/dheeraj/dicertation/inference-profile/runs/revised-full-20260414-g4-opt27b-c64-256/raw/points/prefill/prefill-facebook-opt-2-7b-chunk-64-sm-16.csv
facebook/opt-2.7b,64,gemm,fc1,16,1,124.92799758911133,169784320,171357184,1572864,1310720,1024,2026-04-14T11:52:55Z,baseline_nvml_pt,nvidia-smi,ok,0.0,5.0,1695.0,8001.0,60.44,0.13414399325847626,163.4189453125,163.4189453125,1.5,True,,,,,unavailable,,prefill-facebook-opt-2-7b-chunk-64-sm-16,success,,,/mnt/data/dheeraj/dicertation/inference-profile/runs/revised-full-20260414-g4-opt27b-c64-256/raw/points/prefill/prefill-facebook-opt-2-7b-chunk-64-sm-16.csv
facebook/opt-2.7b,64,gemm,fc2,16,1,128.00000607967377,169784320,170112000,327680,327680,1024,2026-04-14T11:52:55Z,baseline_nvml_pt,nvidia-smi,ok,0.0,5.0,1695.0,8001.0,60.44,0.13414399325847626,163.4189453125,163.4189453125,1.5,True,,,,,unavailable,,prefill-facebook-opt-2-7b-chunk-64-sm-16,success,,,/mnt/data/dheeraj/dicertation/inference-profile/runs/revised-full-20260414-g4-opt27b-c64-256/raw/points/prefill/prefill-facebook-opt-2-7b-chunk-64-sm-16.csv
facebook/opt-2.7b,64,attention,attention,16,1,54.27199974656105,169784320,170121216,336896,327680,1024,2026-04-14T11:52:55Z,baseline_nvml_pt,nvidia-smi,ok,0.0,5.0,1695.0,8001.0,60.44,0.13414399325847626,163.4189453125,163.4189453125,1.5,True,,,,,unavailable,,prefill-facebook-opt-2-7b-chunk-64-sm-16,success,,,/mnt/data/dheeraj/dicertation/inference-profile/runs/revised-full-20260414-g4-opt27b-c64-256/raw/points/prefill/prefill-facebook-opt-2-7b-chunk-64-sm-16.csv
facebook/opt-2.7b,64,gemm,q_proj,16,2,67.58400052785873,169784320,170112000,327680,327680,1024,2026-04-14T11:52:55Z,baseline_nvml_pt,nvidia-smi,ok,0.0,5.0,1695.0,8001.0,60.44,0.13414399325847626,163.4189453125,163.4189453125,1.5,True,,,,,unavailable,,prefill-facebook-opt-2-7b-chunk-64-sm-16,success,,,/mnt/data/dheeraj/dicertation/inference-profile/runs/revised-full-20260414-g4-opt27b-c64-256/raw/points/prefill/prefill-facebook-opt-2-7b-chunk-64-sm-16.csv
facebook/opt-2.7b,64,gemm,k_proj,16,2,63.45599889755249,169784320,170112000,327680,327680,1024,2026-04-14T11:52:55Z,baseline_nvml_pt,nvidia-smi,ok,0.0,5.0,1695.0,8001.0,60.44,0.13414399325847626,163.4189453125,163.4189453125,1.5,True,,,,,unavailable,,prefill-facebook-opt-2-7b-chunk-64-sm-16,success,,,/mnt/data/dheeraj/dicertation/inference-profile/runs/revised-full-20260414-g4-opt27b-c64-256/raw/points/prefill/prefill-facebook-opt-2-7b-chunk-64-sm-16.csv
facebook/opt-2.7b,64,gemm,v_proj,16,2,71.68000191450119,169784320,170112000,327680,327680,1024,2026-04-14T11:52:55Z,baseline_nvml_pt,nvidia-smi,ok,0.0,5.0,1695.0,8001.0,60.44,0.13414399325847626,163.4189453125,163.4189453125,1.5,True,,,,,unavailable,,prefill-facebook-opt-2-7b-chunk-64-sm-16,success,,,/mnt/data/dheeraj/dicertation/inference-profile/runs/revised-full-20260414-g4-opt27b-c64-256/raw/points/prefill/prefill-facebook-opt-2-7b-chunk-64-sm-16.csv
facebook/opt-2.7b,64,gemm,out_proj,16,2,62.463998794555664,169784320,170112000,327680,327680,1024,2026-04-14T11:52:55Z,baseline_nvml_pt,nvidia-smi,ok,0.0,5.0,1695.0,8001.0,60.44,0.13414399325847626,163.4189453125,163.4189453125,1.5,True,,,,,unavailable,,prefill-facebook-opt-2-7b-chunk-64-sm-16,success,,,/mnt/data/dheeraj/dicertation/inference-profile/runs/revised-full-20260414-g4-opt27b-c64-256/raw/points/prefill/prefill-facebook-opt-2-7b-chunk-64-sm-16.csv
facebook/opt-2.7b,64,gemm,fc1,16,2,123.90399724245071,169784320,171357184,1572864,1310720,1024,2026-04-14T11:52:55Z,baseline_nvml_pt,nvidia-smi,ok,0.0,5.0,1695.0,8001.0,60.44,0.13414399325847626,163.4189453125,163.4189453125,1.5,True,,,,,unavailable,,prefill-facebook-opt-2-7b-chunk-64-sm-16,success,,,/mnt/data/dheeraj/dicertation/inference-profile/runs/revised-full-20260414-g4-opt27b-c64-256/raw/points/prefill/prefill-facebook-opt-2-7b-chunk-64-sm-16.csv
facebook/opt-2.7b,64,gemm,fc2,16,2,128.92800569534302,169784320,170112000,327680,327680,1024,2026-04-14T11:52:55Z,baseline_nvml_pt,nvidia-smi,ok,0.0,5.0,1695.0,8001.0,60.44,0.13414399325847626,163.4189453125,163.4189453125,1.5,True,,,,,unavailable,,prefill-facebook-opt-2-7b-chunk-64-sm-16,success,,,/mnt/data/dheeraj/dicertation/inference-profile/runs/revised-full-20260414-g4-opt27b-c64-256/raw/points/prefill/prefill-facebook-opt-2-7b-chunk-64-sm-16.csv
facebook/opt-2.7b,64,attention,attention,16,2,54.27199974656105,169784320,170121216,336896,327680,1024,2026-04-14T11:52:55Z,baseline_nvml_pt,nvidia-smi,ok,0.0,5.0,1695.0,8001.0,60.44,0.13414399325847626,163.4189453125,163.4189453125,1.5,True,,,,,unavailable,,prefill-facebook-opt-2-7b-chunk-64-sm-16,success,,,/mnt/data/dheeraj/dicertation/inference-profile/runs/revised-full-20260414-g4-opt27b-c64-256/raw/points/prefill/prefill-facebook-opt-2-7b-chunk-64-sm-16.csv
facebook/opt-2.7b,64,gemm,q_proj,16,3,66.56000018119812,169784320,170112000,327680,327680,1024,2026-04-14T11:52:55Z,baseline_nvml_pt,nvidia-smi,ok,0.0,5.0,1695.0,8001.0,60.44,0.13414399325847626,163.4189453125,163.4189453125,1.5,True,,,,,unavailable,,prefill-facebook-opt-2-7b-chunk-64-sm-16,success,,,/mnt/data/dheeraj/dicertation/inference-profile/runs/revised-full-20260414-g4-opt27b-c64-256/raw/points/prefill/prefill-facebook-opt-2-7b-chunk-64-sm-16.csv
facebook/opt-2.7b,64,gemm,k_proj,16,3,62.3680017888546,169784320,170112000,327680,327680,1024,2026-04-14T11:52:55Z,baseline_nvml_pt,nvidia-smi,ok,0.0,5.0,1695.0,8001.0,60.44,0.13414399325847626,163.4189453125,163.4189453125,1.5,True,,,,,unavailable,,prefill-facebook-opt-2-7b-chunk-64-sm-16,success,,,/mnt/data/dheeraj/dicertation/inference-profile/runs/revised-full-20260414-g4-opt27b-c64-256/raw/points/prefill/prefill-facebook-opt-2-7b-chunk-64-sm-16.csv
facebook/opt-2.7b,64,gemm,v_proj,16,3,62.463998794555664,169784320,170112000,327680,327680,1024,2026-04-14T11:52:55Z,baseline_nvml_pt,nvidia-smi,ok,0.0,5.0,1695.0,8001.0,60.44,0.13414399325847626,163.4189453125,163.4189453125,1.5,True,,,,,unavailable,,prefill-facebook-opt-2-7b-chunk-64-sm-16,success,,,/mnt/data/dheeraj/dicertation/inference-profile/runs/revised-full-20260414-g4-opt27b-c64-256/raw/points/prefill/prefill-facebook-opt-2-7b-chunk-64-sm-16.csv
facebook/opt-2.7b,64,gemm,out_proj,16,3,62.463998794555664,169784320,170112000,327680,327680,1024,2026-04-14T11:52:55Z,baseline_nvml_pt,nvidia-smi,ok,0.0,5.0,1695.0,8001.0,60.44,0.13414399325847626,163.4189453125,163.4189453125,1.5,True,,,,,unavailable,,prefill-facebook-opt-2-7b-chunk-64-sm-16,success,,,/mnt/data/dheeraj/dicertation/inference-profile/runs/revised-full-20260414-g4-opt27b-c64-256/raw/points/prefill/prefill-facebook-opt-2-7b-chunk-64-sm-16.csv
facebook/opt-2.7b,64,gemm,fc1,16,3,124.92799758911133,169784320,171357184,1572864,1310720,1024,2026-04-14T11:52:55Z,baseline_nvml_pt,nvidia-smi,ok,0.0,5.0,1695.0,8001.0,60.44,0.13414399325847626,163.4189453125,163.4189453125,1.5,True,,,,,unavailable,,prefill-facebook-opt-2-7b-chunk-64-sm-16,success,,,/mnt/data/dheeraj/dicertation/inference-profile/runs/revised-full-20260414-g4-opt27b-c64-256/raw/points/prefill/prefill-facebook-opt-2-7b-chunk-64-sm-16.csv
facebook/opt-2.7b,64,gemm,fc2,16,3,131.071999669075,169784320,170112000,327680,327680,1024,2026-04-14T11:52:55Z,baseline_nvml_pt,nvidia-smi,ok,0.0,5.0,1695.0,8001.0,60.44,0.13414399325847626,163.4189453125,163.4189453125,1.5,True,,,,,unavailable,,prefill-facebook-opt-2-7b-chunk-64-sm-16,success,,,/mnt/data/dheeraj/dicertation/inference-profile/runs/revised-full-20260414-g4-opt27b-c64-256/raw/points/prefill/prefill-facebook-opt-2-7b-chunk-64-sm-16.csv
facebook/opt-2.7b,64,attention,attention,16,3,54.27199974656105,169784320,170121216,336896,327680,1024,2026-04-14T11:52:55Z,baseline_nvml_pt,nvidia-smi,ok,0.0,5.0,1695.0,8001.0,60.44,0.13414399325847626,163.4189453125,163.4189453125,1.5,True,,,,,unavailable,,prefill-facebook-opt-2-7b-chunk-64-sm-16,success,,,/mnt/data/dheeraj/dicertation/inference-profile/runs/revised-full-20260414-g4-opt27b-c64-256/raw/points/prefill/prefill-facebook-opt-2-7b-chunk-64-sm-16.csv
facebook/opt-2.7b,64,gemm,q_proj,16,4,64.51199948787689,169784320,170112000,327680,327680,1024,2026-04-14T11:52:55Z,baseline_nvml_pt,nvidia-smi,ok,0.0,5.0,1695.0,8001.0,60.44,0.13414399325847626,163.4189453125,163.4189453125,1.5,True,,,,,unavailable,,prefill-facebook-opt-2-7b-chunk-64-sm-16,success,,,/mnt/data/dheeraj/dicertation/inference-profile/runs/revised-full-20260414-g4-opt27b-c64-256/raw/points/prefill/prefill-facebook-opt-2-7b-chunk-64-sm-16.csv
facebook/opt-2.7b,64,gemm,k_proj,16,4,61.43999844789505,169784320,170112000,327680,327680,1024,2026-04-14T11:52:55Z,baseline_nvml_pt,nvidia-smi,ok,0.0,5.0,1695.0,8001.0,60.44,0.13414399325847626,163.4189453125,163.4189453125,1.5,True,,,,,unavailable,,prefill-facebook-opt-2-7b-chunk-64-sm-16,success,,,/mnt/data/dheeraj/dicertation/inference-profile/runs/revised-full-20260414-g4-opt27b-c64-256/raw/points/prefill/prefill-facebook-opt-2-7b-chunk-64-sm-16.csv
facebook/opt-2.7b,64,gemm,v_proj,16,4,62.463998794555664,169784320,170112000,327680,327680,1024,2026-04-14T11:52:55Z,baseline_nvml_pt,nvidia-smi,ok,0.0,5.0,1695.0,8001.0,60.44,0.13414399325847626,163.4189453125,163.4189453125,1.5,True,,,,,unavailable,,prefill-facebook-opt-2-7b-chunk-64-sm-16,success,,,/mnt/data/dheeraj/dicertation/inference-profile/runs/revised-full-20260414-g4-opt27b-c64-256/raw/points/prefill/prefill-facebook-opt-2-7b-chunk-64-sm-16.csv
facebook/opt-2.7b,64,gemm,out_proj,16,4,62.463998794555664,169784320,170112000,327680,327680,1024,2026-04-14T11:52:55Z,baseline_nvml_pt,nvidia-smi,ok,0.0,5.0,1695.0,8001.0,60.44,0.13414399325847626,163.4189453125,163.4189453125,1.5,True,,,,,unavailable,,prefill-facebook-opt-2-7b-chunk-64-sm-16,success,,,/mnt/data/dheeraj/dicertation/inference-profile/runs/revised-full-20260414-g4-opt27b-c64-256/raw/points/prefill/prefill-facebook-opt-2-7b-chunk-64-sm-16.csv
facebook/opt-2.7b,64,gemm,fc1,16,4,123.90399724245071,169784320,171357184,1572864,1310720,1024,2026-04-14T11:52:55Z,baseline_nvml_pt,nvidia-smi,ok,0.0,5.0,1695.0,8001.0,60.44,0.13414399325847626,163.4189453125,163.4189453125,1.5,True,,,,,unavailable,,prefill-facebook-opt-2-7b-chunk-64-sm-16,success,,,/mnt/data/dheeraj/dicertation/inference-profile/runs/revised-full-20260414-g4-opt27b-c64-256/raw/points/prefill/prefill-facebook-opt-2-7b-chunk-64-sm-16.csv
facebook/opt-2.7b,64,gemm,fc2,16,4,129.02399897575378,169784320,170112000,327680,327680,1024,2026-04-14T11:52:55Z,baseline_nvml_pt,nvidia-smi,ok,0.0,5.0,1695.0,8001.0,60.44,0.13414399325847626,163.4189453125,163.4189453125,1.5,True,,,,,unavailable,,prefill-facebook-opt-2-7b-chunk-64-sm-16,success,,,/mnt/data/dheeraj/dicertation/inference-profile/runs/revised-full-20260414-g4-opt27b-c64-256/raw/points/prefill/prefill-facebook-opt-2-7b-chunk-64-sm-16.csv
facebook/opt-2.7b,64,attention,attention,16,4,53.247999399900436,169784320,170121216,336896,327680,1024,2026-04-14T11:52:55Z,baseline_nvml_pt,nvidia-smi,ok,0.0,5.0,1695.0,8001.0,60.44,0.13414399325847626,163.4189453125,163.4189453125,1.5,True,,,,,unavailable,,prefill-facebook-opt-2-7b-chunk-64-sm-16,success,,,/mnt/data/dheeraj/dicertation/inference-profile/runs/revised-full-20260414-g4-opt27b-c64-256/raw/points/prefill/prefill-facebook-opt-2-7b-chunk-64-sm-16.csv
facebook/opt-2.7b,64,gemm,q_proj,24,0,78.65600287914276,169784320,170112000,327680,327680,1024,2026-04-14T11:53:00Z,baseline_nvml_pt,nvidia-smi,ok,0.0,5.0,1695.0,8001.0,60.32,0.130048006772995,163.4189453125,163.4189453125,1.5,True,,,,,unavailable,,prefill-facebook-opt-2-7b-chunk-64-sm-24,success,,,/mnt/data/dheeraj/dicertation/inference-profile/runs/revised-full-20260414-g4-opt27b-c64-256/raw/points/prefill/prefill-facebook-opt-2-7b-chunk-64-sm-24.csv
facebook/opt-2.7b,64,gemm,k_proj,24,0,74.75200295448303,169784320,170112000,327680,327680,1024,2026-04-14T11:53:00Z,baseline_nvml_pt,nvidia-smi,ok,0.0,5.0,1695.0,8001.0,60.32,0.130048006772995,163.4189453125,163.4189453125,1.5,True,,,,,unavailable,,prefill-facebook-opt-2-7b-chunk-64-sm-24,success,,,/mnt/data/dheeraj/dicertation/inference-profile/runs/revised-full-20260414-g4-opt27b-c64-256/raw/points/prefill/prefill-facebook-opt-2-7b-chunk-64-sm-24.csv
facebook/opt-2.7b,64,gemm,v_proj,24,0,65.5359998345375,169784320,170112000,327680,327680,1024,2026-04-14T11:53:00Z,baseline_nvml_pt,nvidia-smi,ok,0.0,5.0,1695.0,8001.0,60.32,0.130048006772995,163.4189453125,163.4189453125,1.5,True,,,,,unavailable,,prefill-facebook-opt-2-7b-chunk-64-sm-24,success,,,/mnt/data/dheeraj/dicertation/inference-profile/runs/revised-full-20260414-g4-opt27b-c64-256/raw/points/prefill/prefill-facebook-opt-2-7b-chunk-64-sm-24.csv
facebook/opt-2.7b,64,gemm,out_proj,24,0,69.69600170850754,169784320,170112000,327680,327680,1024,2026-04-14T11:53:00Z,baseline_nvml_pt,nvidia-smi,ok,0.0,5.0,1695.0,8001.0,60.32,0.130048006772995,163.4189453125,163.4189453125,1.5,True,,,,,unavailable,,prefill-facebook-opt-2-7b-chunk-64-sm-24,success,,,/mnt/data/dheeraj/dicertation/inference-profile/runs/revised-full-20260414-g4-opt27b-c64-256/raw/points/prefill/prefill-facebook-opt-2-7b-chunk-64-sm-24.csv
facebook/opt-2.7b,64,gemm,fc1,24,0,125.95200538635254,169784320,171357184,1572864,1310720,1024,2026-04-14T11:53:00Z,baseline_nvml_pt,nvidia-smi,ok,0.0,5.0,1695.0,8001.0,60.32,0.130048006772995,163.4189453125,163.4189453125,1.5,True,,,,,unavailable,,prefill-facebook-opt-2-7b-chunk-64-sm-24,success,,,/mnt/data/dheeraj/dicertation/inference-profile/runs/revised-full-20260414-g4-opt27b-c64-256/raw/points/prefill/prefill-facebook-opt-2-7b-chunk-64-sm-24.csv
facebook/opt-2.7b,64,gemm,fc2,24,0,130.048006772995,169784320,170112000,327680,327680,1024,2026-04-14T11:53:00Z,baseline_nvml_pt,nvidia-smi,ok,0.0,5.0,1695.0,8001.0,60.32,0.130048006772995,163.4189453125,163.4189453125,1.5,True,,,,,unavailable,,prefill-facebook-opt-2-7b-chunk-64-sm-24,success,,,/mnt/data/dheeraj/dicertation/inference-profile/runs/revised-full-20260414-g4-opt27b-c64-256/raw/points/prefill/prefill-facebook-opt-2-7b-chunk-64-sm-24.csv
facebook/opt-2.7b,64,attention,attention,24,0,56.32000043988228,169784320,170121216,336896,327680,1024,2026-04-14T11:53:00Z,baseline_nvml_pt,nvidia-smi,ok,0.0,5.0,1695.0,8001.0,60.32,0.130048006772995,163.4189453125,163.4189453125,1.5,True,,,,,unavailable,,prefill-facebook-opt-2-7b-chunk-64-sm-24,success,,,/mnt/data/dheeraj/dicertation/inference-profile/runs/revised-full-20260414-g4-opt27b-c64-256/raw/points/prefill/prefill-facebook-opt-2-7b-chunk-64-sm-24.csv
facebook/opt-2.7b,64,gemm,q_proj,24,1,67.52000004053116,169784320,170112000,327680,327680,1024,2026-04-14T11:53:00Z,baseline_nvml_pt,nvidia-smi,ok,0.0,5.0,1695.0,8001.0,60.32,0.130048006772995,163.4189453125,163.4189453125,1.5,True,,,,,unavailable,,prefill-facebook-opt-2-7b-chunk-64-sm-24,success,,,/mnt/data/dheeraj/dicertation/inference-profile/runs/revised-full-20260414-g4-opt27b-c64-256/raw/points/prefill/prefill-facebook-opt-2-7b-chunk-64-sm-24.csv
facebook/opt-2.7b,64,gemm,k_proj,24,1,64.51199948787689,169784320,170112000,327680,327680,1024,2026-04-14T11:53:00Z,baseline_nvml_pt,nvidia-smi,ok,0.0,5.0,1695.0,8001.0,60.32,0.130048006772995,163.4189453125,163.4189453125,1.5,True,,,,,unavailable,,prefill-facebook-opt-2-7b-chunk-64-sm-24,success,,,/mnt/data/dheeraj/dicertation/inference-profile/runs/revised-full-20260414-g4-opt27b-c64-256/raw/points/prefill/prefill-facebook-opt-2-7b-chunk-64-sm-24.csv
facebook/opt-2.7b,64,gemm,v_proj,24,1,64.51199948787689,169784320,170112000,327680,327680,1024,2026-04-14T11:53:00Z,baseline_nvml_pt,nvidia-smi,ok,0.0,5.0,1695.0,8001.0,60.32,0.130048006772995,163.4189453125,163.4189453125,1.5,True,,,,,unavailable,,prefill-facebook-opt-2-7b-chunk-64-sm-24,success,,,/mnt/data/dheeraj/dicertation/inference-profile/runs/revised-full-20260414-g4-opt27b-c64-256/raw/points/prefill/prefill-facebook-opt-2-7b-chunk-64-sm-24.csv
facebook/opt-2.7b,64,gemm,out_proj,24,1,61.43999844789505,169784320,170112000,327680,327680,1024,2026-04-14T11:53:00Z,baseline_nvml_pt,nvidia-smi,ok,0.0,5.0,1695.0,8001.0,60.32,0.130048006772995,163.4189453125,163.4189453125,1.5,True,,,,,unavailable,,prefill-facebook-opt-2-7b-chunk-64-sm-24,success,,,/mnt/data/dheeraj/dicertation/inference-profile/runs/revised-full-20260414-g4-opt27b-c64-256/raw/points/prefill/prefill-facebook-opt-2-7b-chunk-64-sm-24.csv
facebook/opt-2.7b,64,gemm,fc1,24,1,123.90399724245071,169784320,171357184,1572864,1310720,1024,2026-04-14T11:53:00Z,baseline_nvml_pt,nvidia-smi,ok,0.0,5.0,1695.0,8001.0,60.32,0.130048006772995,163.4189453125,163.4189453125,1.5,True,,,,,unavailable,,prefill-facebook-opt-2-7b-chunk-64-sm-24,success,,,/mnt/data/dheeraj/dicertation/inference-profile/runs/revised-full-20260414-g4-opt27b-c64-256/raw/points/prefill/prefill-facebook-opt-2-7b-chunk-64-sm-24.csv
facebook/opt-2.7b,64,gemm,fc2,24,1,129.02399897575378,169784320,170112000,327680,327680,1024,2026-04-14T11:53:00Z,baseline_nvml_pt,nvidia-smi,ok,0.0,5.0,1695.0,8001.0,60.32,0.130048006772995,163.4189453125,163.4189453125,1.5,True,,,,,unavailable,,prefill-facebook-opt-2-7b-chunk-64-sm-24,success,,,/mnt/data/dheeraj/dicertation/inference-profile/runs/revised-full-20260414-g4-opt27b-c64-256/raw/points/prefill/prefill-facebook-opt-2-7b-chunk-64-sm-24.csv
facebook/opt-2.7b,64,attention,attention,24,1,54.23999950289726,169784320,170121216,336896,327680,1024,2026-04-14T11:53:00Z,baseline_nvml_pt,nvidia-smi,ok,0.0,5.0,1695.0,8001.0,60.32,0.130048006772995,163.4189453125,163.4189453125,1.5,True,,,,,unavailable,,prefill-facebook-opt-2-7b-chunk-64-sm-24,success,,,/mnt/data/dheeraj/dicertation/inference-profile/runs/revised-full-20260414-g4-opt27b-c64-256/raw/points/prefill/prefill-facebook-opt-2-7b-chunk-64-sm-24.csv
facebook/opt-2.7b,64,gemm,q_proj,24,2,66.56000018119812,169784320,170112000,327680,327680,1024,2026-04-14T11:53:00Z,baseline_nvml_pt,nvidia-smi,ok,0.0,5.0,1695.0,8001.0,60.32,0.130048006772995,163.4189453125,163.4189453125,1.5,True,,,,,unavailable,,prefill-facebook-opt-2-7b-chunk-64-sm-24,success,,,/mnt/data/dheeraj/dicertation/inference-profile/runs/revised-full-20260414-g4-opt27b-c64-256/raw/points/prefill/prefill-facebook-opt-2-7b-chunk-64-sm-24.csv
facebook/opt-2.7b,64,gemm,k_proj,24,2,68.60800087451935,169784320,170112000,327680,327680,1024,2026-04-14T11:53:00Z,baseline_nvml_pt,nvidia-smi,ok,0.0,5.0,1695.0,8001.0,60.32,0.130048006772995,163.4189453125,163.4189453125,1.5,True,,,,,unavailable,,prefill-facebook-opt-2-7b-chunk-64-sm-24,success,,,/mnt/data/dheeraj/dicertation/inference-profile/runs/revised-full-20260414-g4-opt27b-c64-256/raw/points/prefill/prefill-facebook-opt-2-7b-chunk-64-sm-24.csv
facebook/opt-2.7b,64,gemm,v_proj,24,2,70.65600156784058,169784320,170112000,327680,327680,1024,2026-04-14T11:53:00Z,baseline_nvml_pt,nvidia-smi,ok,0.0,5.0,1695.0,8001.0,60.32,0.130048006772995,163.4189453125,163.4189453125,1.5,True,,,,,unavailable,,prefill-facebook-opt-2-7b-chunk-64-sm-24,success,,,/mnt/data/dheeraj/dicertation/inference-profile/runs/revised-full-20260414-g4-opt27b-c64-256/raw/points/prefill/prefill-facebook-opt-2-7b-chunk-64-sm-24.csv
facebook/opt-2.7b,64,gemm,out_proj,24,2,64.51199948787689,169784320,170112000,327680,327680,1024,2026-04-14T11:53:00Z,baseline_nvml_pt,nvidia-smi,ok,0.0,5.0,1695.0,8001.0,60.32,0.130048006772995,163.4189453125,163.4189453125,1.5,True,,,,,unavailable,,prefill-facebook-opt-2-7b-chunk-64-sm-24,success,,,/mnt/data/dheeraj/dicertation/inference-profile/runs/revised-full-20260414-g4-opt27b-c64-256/raw/points/prefill/prefill-facebook-opt-2-7b-chunk-64-sm-24.csv
facebook/opt-2.7b,64,gemm,fc1,24,2,125.95200538635254,169784320,171357184,1572864,1310720,1024,2026-04-14T11:53:00Z,baseline_nvml_pt,nvidia-smi,ok,0.0,5.0,1695.0,8001.0,60.32,0.130048006772995,163.4189453125,163.4189453125,1.5,True,,,,,unavailable,,prefill-facebook-opt-2-7b-chunk-64-sm-24,success,,,/mnt/data/dheeraj/dicertation/inference-profile/runs/revised-full-20260414-g4-opt27b-c64-256/raw/points/prefill/prefill-facebook-opt-2-7b-chunk-64-sm-24.csv
facebook/opt-2.7b,64,gemm,fc2,24,2,129.02399897575378,169784320,170112000,327680,327680,1024,2026-04-14T11:53:00Z,baseline_nvml_pt,nvidia-smi,ok,0.0,5.0,1695.0,8001.0,60.32,0.130048006772995,163.4189453125,163.4189453125,1.5,True,,,,,unavailable,,prefill-facebook-opt-2-7b-chunk-64-sm-24,success,,,/mnt/data/dheeraj/dicertation/inference-profile/runs/revised-full-20260414-g4-opt27b-c64-256/raw/points/prefill/prefill-facebook-opt-2-7b-chunk-64-sm-24.csv
facebook/opt-2.7b,64,attention,attention,24,2,55.296000093221664,169784320,170121216,336896,327680,1024,2026-04-14T11:53:00Z,baseline_nvml_pt,nvidia-smi,ok,0.0,5.0,1695.0,8001.0,60.32,0.130048006772995,163.4189453125,163.4189453125,1.5,True,,,,,unavailable,,prefill-facebook-opt-2-7b-chunk-64-sm-24,success,,,/mnt/data/dheeraj/dicertation/inference-profile/runs/revised-full-20260414-g4-opt27b-c64-256/raw/points/prefill/prefill-facebook-opt-2-7b-chunk-64-sm-24.csv
facebook/opt-2.7b,64,gemm,q_proj,24,3,66.56000018119812,169784320,170112000,327680,327680,1024,2026-04-14T11:53:00Z,baseline_nvml_pt,nvidia-smi,ok,0.0,5.0,1695.0,8001.0,60.32,0.130048006772995,163.4189453125,163.4189453125,1.5,True,,,,,unavailable,,prefill-facebook-opt-2-7b-chunk-64-sm-24,success,,,/mnt/data/dheeraj/dicertation/inference-profile/runs/revised-full-20260414-g4-opt27b-c64-256/raw/points/prefill/prefill-facebook-opt-2-7b-chunk-64-sm-24.csv
facebook/opt-2.7b,64,gemm,k_proj,24,3,61.43999844789505,169784320,170112000,327680,327680,1024,2026-04-14T11:53:00Z,baseline_nvml_pt,nvidia-smi,ok,0.0,5.0,1695.0,8001.0,60.32,0.130048006772995,163.4189453125,163.4189453125,1.5,True,,,,,unavailable,,prefill-facebook-opt-2-7b-chunk-64-sm-24,success,,,/mnt/data/dheeraj/dicertation/inference-profile/runs/revised-full-20260414-g4-opt27b-c64-256/raw/points/prefill/prefill-facebook-opt-2-7b-chunk-64-sm-24.csv
facebook/opt-2.7b,64,gemm,v_proj,24,3,62.463998794555664,169784320,170112000,327680,327680,1024,2026-04-14T11:53:00Z,baseline_nvml_pt,nvidia-smi,ok,0.0,5.0,1695.0,8001.0,60.32,0.130048006772995,163.4189453125,163.4189453125,1.5,True,,,,,unavailable,,prefill-facebook-opt-2-7b-chunk-64-sm-24,success,,,/mnt/data/dheeraj/dicertation/inference-profile/runs/revised-full-20260414-g4-opt27b-c64-256/raw/points/prefill/prefill-facebook-opt-2-7b-chunk-64-sm-24.csv
facebook/opt-2.7b,64,gemm,out_proj,24,3,63.48799914121628,169784320,170112000,327680,327680,1024,2026-04-14T11:53:00Z,baseline_nvml_pt,nvidia-smi,ok,0.0,5.0,1695.0,8001.0,60.32,0.130048006772995,163.4189453125,163.4189453125,1.5,True,,,,,unavailable,,prefill-facebook-opt-2-7b-chunk-64-sm-24,success,,,/mnt/data/dheeraj/dicertation/inference-profile/runs/revised-full-20260414-g4-opt27b-c64-256/raw/points/prefill/prefill-facebook-opt-2-7b-chunk-64-sm-24.csv
facebook/opt-2.7b,64,gemm,fc1,24,3,124.92799758911133,169784320,171357184,1572864,1310720,1024,2026-04-14T11:53:00Z,baseline_nvml_pt,nvidia-smi,ok,0.0,5.0,1695.0,8001.0,60.32,0.130048006772995,163.4189453125,163.4189453125,1.5,True,,,,,unavailable,,prefill-facebook-opt-2-7b-chunk-64-sm-24,success,,,/mnt/data/dheeraj/dicertation/inference-profile/runs/revised-full-20260414-g4-opt27b-c64-256/raw/points/prefill/prefill-facebook-opt-2-7b-chunk-64-sm-24.csv
facebook/opt-2.7b,64,gemm,fc2,24,3,130.048006772995,169784320,170112000,327680,327680,1024,2026-04-14T11:53:00Z,baseline_nvml_pt,nvidia-smi,ok,0.0,5.0,1695.0,8001.0,60.32,0.130048006772995,163.4189453125,163.4189453125,1.5,True,,,,,unavailable,,prefill-facebook-opt-2-7b-chunk-64-sm-24,success,,,/mnt/data/dheeraj/dicertation/inference-profile/runs/revised-full-20260414-g4-opt27b-c64-256/raw/points/prefill/prefill-facebook-opt-2-7b-chunk-64-sm-24.csv
facebook/opt-2.7b,64,attention,attention,24,3,53.247999399900436,169784320,170121216,336896,327680,1024,2026-04-14T11:53:00Z,baseline_nvml_pt,nvidia-smi,ok,0.0,5.0,1695.0,8001.0,60.32,0.130048006772995,163.4189453125,163.4189453125,1.5,True,,,,,unavailable,,prefill-facebook-opt-2-7b-chunk-64-sm-24,success,,,/mnt/data/dheeraj/dicertation/inference-profile/runs/revised-full-20260414-g4-opt27b-c64-256/raw/points/prefill/prefill-facebook-opt-2-7b-chunk-64-sm-24.csv
facebook/opt-2.7b,64,gemm,q_proj,24,4,65.5359998345375,169784320,170112000,327680,327680,1024,2026-04-14T11:53:00Z,baseline_nvml_pt,nvidia-smi,ok,0.0,5.0,1695.0,8001.0,60.32,0.130048006772995,163.4189453125,163.4189453125,1.5,True,,,,,unavailable,,prefill-facebook-opt-2-7b-chunk-64-sm-24,success,,,/mnt/data/dheeraj/dicertation/inference-profile/runs/revised-full-20260414-g4-opt27b-c64-256/raw/points/prefill/prefill-facebook-opt-2-7b-chunk-64-sm-24.csv
facebook/opt-2.7b,64,gemm,k_proj,24,4,61.43999844789505,169784320,170112000,327680,327680,1024,2026-04-14T11:53:00Z,baseline_nvml_pt,nvidia-smi,ok,0.0,5.0,1695.0,8001.0,60.32,0.130048006772995,163.4189453125,163.4189453125,1.5,True,,,,,unavailable,,prefill-facebook-opt-2-7b-chunk-64-sm-24,success,,,/mnt/data/dheeraj/dicertation/inference-profile/runs/revised-full-20260414-g4-opt27b-c64-256/raw/points/prefill/prefill-facebook-opt-2-7b-chunk-64-sm-24.csv
facebook/opt-2.7b,64,gemm,v_proj,24,4,64.51199948787689,169784320,170112000,327680,327680,1024,2026-04-14T11:53:00Z,baseline_nvml_pt,nvidia-smi,ok,0.0,5.0,1695.0,8001.0,60.32,0.130048006772995,163.4189453125,163.4189453125,1.5,True,,,,,unavailable,,prefill-facebook-opt-2-7b-chunk-64-sm-24,success,,,/mnt/data/dheeraj/dicertation/inference-profile/runs/revised-full-20260414-g4-opt27b-c64-256/raw/points/prefill/prefill-facebook-opt-2-7b-chunk-64-sm-24.csv
facebook/opt-2.7b,64,gemm,out_proj,24,4,62.463998794555664,169784320,170112000,327680,327680,1024,2026-04-14T11:53:00Z,baseline_nvml_pt,nvidia-smi,ok,0.0,5.0,1695.0,8001.0,60.32,0.130048006772995,163.4189453125,163.4189453125,1.5,True,,,,,unavailable,,prefill-facebook-opt-2-7b-chunk-64-sm-24,success,,,/mnt/data/dheeraj/dicertation/inference-profile/runs/revised-full-20260414-g4-opt27b-c64-256/raw/points/prefill/prefill-facebook-opt-2-7b-chunk-64-sm-24.csv
facebook/opt-2.7b,64,gemm,fc1,24,4,122.8799968957901,169784320,171357184,1572864,1310720,1024,2026-04-14T11:53:00Z,baseline_nvml_pt,nvidia-smi,ok,0.0,5.0,1695.0,8001.0,60.32,0.130048006772995,163.4189453125,163.4189453125,1.5,True,,,,,unavailable,,prefill-facebook-opt-2-7b-chunk-64-sm-24,success,,,/mnt/data/dheeraj/dicertation/inference-profile/runs/revised-full-20260414-g4-opt27b-c64-256/raw/points/prefill/prefill-facebook-opt-2-7b-chunk-64-sm-24.csv
facebook/opt-2.7b,64,gemm,fc2,24,4,128.00000607967377,169784320,170112000,327680,327680,1024,2026-04-14T11:53:00Z,baseline_nvml_pt,nvidia-smi,ok,0.0,5.0,1695.0,8001.0,60.32,0.130048006772995,163.4189453125,163.4189453125,1.5,True,,,,,unavailable,,prefill-facebook-opt-2-7b-chunk-64-sm-24,success,,,/mnt/data/dheeraj/dicertation/inference-profile/runs/revised-full-20260414-g4-opt27b-c64-256/raw/points/prefill/prefill-facebook-opt-2-7b-chunk-64-sm-24.csv
facebook/opt-2.7b,64,attention,attention,24,4,53.0879981815815,169784320,170121216,336896,327680,1024,2026-04-14T11:53:00Z,baseline_nvml_pt,nvidia-smi,ok,0.0,5.0,1695.0,8001.0,60.32,0.130048006772995,163.4189453125,163.4189453125,1.5,True,,,,,unavailable,,prefill-facebook-opt-2-7b-chunk-64-sm-24,success,,,/mnt/data/dheeraj/dicertation/inference-profile/runs/revised-full-20260414-g4-opt27b-c64-256/raw/points/prefill/prefill-facebook-opt-2-7b-chunk-64-sm-24.csv
facebook/opt-2.7b,64,gemm,q_proj,32,0,97.28000313043594,169784320,170112000,327680,327680,1024,2026-04-14T11:53:04Z,baseline_nvml_pt,nvidia-smi,ok,0.0,5.0,1695.0,7601.0,60.23,0.14028799533843994,163.4189453125,163.4189453125,1.5,True,,,,,unavailable,,prefill-facebook-opt-2-7b-chunk-64-sm-32,success,,,/mnt/data/dheeraj/dicertation/inference-profile/runs/revised-full-20260414-g4-opt27b-c64-256/raw/points/prefill/prefill-facebook-opt-2-7b-chunk-64-sm-32.csv
facebook/opt-2.7b,64,gemm,k_proj,32,0,75.9039968252182,169784320,170112000,327680,327680,1024,2026-04-14T11:53:04Z,baseline_nvml_pt,nvidia-smi,ok,0.0,5.0,1695.0,7601.0,60.23,0.14028799533843994,163.4189453125,163.4189453125,1.5,True,,,,,unavailable,,prefill-facebook-opt-2-7b-chunk-64-sm-32,success,,,/mnt/data/dheeraj/dicertation/inference-profile/runs/revised-full-20260414-g4-opt27b-c64-256/raw/points/prefill/prefill-facebook-opt-2-7b-chunk-64-sm-32.csv
facebook/opt-2.7b,64,gemm,v_proj,32,0,74.75200295448303,169784320,170112000,327680,327680,1024,2026-04-14T11:53:04Z,baseline_nvml_pt,nvidia-smi,ok,0.0,5.0,1695.0,7601.0,60.23,0.14028799533843994,163.4189453125,163.4189453125,1.5,True,,,,,unavailable,,prefill-facebook-opt-2-7b-chunk-64-sm-32,success,,,/mnt/data/dheeraj/dicertation/inference-profile/runs/revised-full-20260414-g4-opt27b-c64-256/raw/points/prefill/prefill-facebook-opt-2-7b-chunk-64-sm-32.csv
facebook/opt-2.7b,64,gemm,out_proj,32,0,71.68000191450119,169784320,170112000,327680,327680,1024,2026-04-14T11:53:04Z,baseline_nvml_pt,nvidia-smi,ok,0.0,5.0,1695.0,7601.0,60.23,0.14028799533843994,163.4189453125,163.4189453125,1.5,True,,,,,unavailable,,prefill-facebook-opt-2-7b-chunk-64-sm-32,success,,,/mnt/data/dheeraj/dicertation/inference-profile/runs/revised-full-20260414-g4-opt27b-c64-256/raw/points/prefill/prefill-facebook-opt-2-7b-chunk-64-sm-32.csv
facebook/opt-2.7b,64,gemm,fc1,32,0,128.00000607967377,169784320,171357184,1572864,1310720,1024,2026-04-14T11:53:04Z,baseline_nvml_pt,nvidia-smi,ok,0.0,5.0,1695.0,7601.0,60.23,0.14028799533843994,163.4189453125,163.4189453125,1.5,True,,,,,unavailable,,prefill-facebook-opt-2-7b-chunk-64-sm-32,success,,,/mnt/data/dheeraj/dicertation/inference-profile/runs/revised-full-20260414-g4-opt27b-c64-256/raw/points/prefill/prefill-facebook-opt-2-7b-chunk-64-sm-32.csv
facebook/opt-2.7b,64,gemm,fc2,32,0,140.28799533843994,169784320,170112000,327680,327680,1024,2026-04-14T11:53:04Z,baseline_nvml_pt,nvidia-smi,ok,0.0,5.0,1695.0,7601.0,60.23,0.14028799533843994,163.4189453125,163.4189453125,1.5,True,,,,,unavailable,,prefill-facebook-opt-2-7b-chunk-64-sm-32,success,,,/mnt/data/dheeraj/dicertation/inference-profile/runs/revised-full-20260414-g4-opt27b-c64-256/raw/points/prefill/prefill-facebook-opt-2-7b-chunk-64-sm-32.csv
facebook/opt-2.7b,64,attention,attention,32,0,59.39200147986412,169784320,170121216,336896,327680,1024,2026-04-14T11:53:04Z,baseline_nvml_pt,nvidia-smi,ok,0.0,5.0,1695.0,7601.0,60.23,0.14028799533843994,163.4189453125,163.4189453125,1.5,True,,,,,unavailable,,prefill-facebook-opt-2-7b-chunk-64-sm-32,success,,,/mnt/data/dheeraj/dicertation/inference-profile/runs/revised-full-20260414-g4-opt27b-c64-256/raw/points/prefill/prefill-facebook-opt-2-7b-chunk-64-sm-32.csv
facebook/opt-2.7b,64,gemm,q_proj,32,1,68.4799998998642,169784320,170112000,327680,327680,1024,2026-04-14T11:53:04Z,baseline_nvml_pt,nvidia-smi,ok,0.0,5.0,1695.0,7601.0,60.23,0.14028799533843994,163.4189453125,163.4189453125,1.5,True,,,,,unavailable,,prefill-facebook-opt-2-7b-chunk-64-sm-32,success,,,/mnt/data/dheeraj/dicertation/inference-profile/runs/revised-full-20260414-g4-opt27b-c64-256/raw/points/prefill/prefill-facebook-opt-2-7b-chunk-64-sm-32.csv
facebook/opt-2.7b,64,gemm,k_proj,32,1,67.58400052785873,169784320,170112000,327680,327680,1024,2026-04-14T11:53:04Z,baseline_nvml_pt,nvidia-smi,ok,0.0,5.0,1695.0,7601.0,60.23,0.14028799533843994,163.4189453125,163.4189453125,1.5,True,,,,,unavailable,,prefill-facebook-opt-2-7b-chunk-64-sm-32,success,,,/mnt/data/dheeraj/dicertation/inference-profile/runs/revised-full-20260414-g4-opt27b-c64-256/raw/points/prefill/prefill-facebook-opt-2-7b-chunk-64-sm-32.csv
facebook/opt-2.7b,64,gemm,v_proj,32,1,65.37599861621857,169784320,170112000,327680,327680,1024,2026-04-14T11:53:04Z,baseline_nvml_pt,nvidia-smi,ok,0.0,5.0,1695.0,7601.0,60.23,0.14028799533843994,163.4189453125,163.4189453125,1.5,True,,,,,unavailable,,prefill-facebook-opt-2-7b-chunk-64-sm-32,success,,,/mnt/data/dheeraj/dicertation/inference-profile/runs/revised-full-20260414-g4-opt27b-c64-256/raw/points/prefill/prefill-facebook-opt-2-7b-chunk-64-sm-32.csv
facebook/opt-2.7b,64,gemm,out_proj,32,1,62.33600154519081,169784320,170112000,327680,327680,1024,2026-04-14T11:53:04Z,baseline_nvml_pt,nvidia-smi,ok,0.0,5.0,1695.0,7601.0,60.23,0.14028799533843994,163.4189453125,163.4189453125,1.5,True,,,,,unavailable,,prefill-facebook-opt-2-7b-chunk-64-sm-32,success,,,/mnt/data/dheeraj/dicertation/inference-profile/runs/revised-full-20260414-g4-opt27b-c64-256/raw/points/prefill/prefill-facebook-opt-2-7b-chunk-64-sm-32.csv
facebook/opt-2.7b,64,gemm,fc1,32,1,124.92799758911133,169784320,171357184,1572864,1310720,1024,2026-04-14T11:53:04Z,baseline_nvml_pt,nvidia-smi,ok,0.0,5.0,1695.0,7601.0,60.23,0.14028799533843994,163.4189453125,163.4189453125,1.5,True,,,,,unavailable,,prefill-facebook-opt-2-7b-chunk-64-sm-32,success,,,/mnt/data/dheeraj/dicertation/inference-profile/runs/revised-full-20260414-g4-opt27b-c64-256/raw/points/prefill/prefill-facebook-opt-2-7b-chunk-64-sm-32.csv
facebook/opt-2.7b,64,gemm,fc2,32,1,130.048006772995,169784320,170112000,327680,327680,1024,2026-04-14T11:53:04Z,baseline_nvml_pt,nvidia-smi,ok,0.0,5.0,1695.0,7601.0,60.23,0.14028799533843994,163.4189453125,163.4189453125,1.5,True,,,,,unavailable,,prefill-facebook-opt-2-7b-chunk-64-sm-32,success,,,/mnt/data/dheeraj/dicertation/inference-profile/runs/revised-full-20260414-g4-opt27b-c64-256/raw/points/prefill/prefill-facebook-opt-2-7b-chunk-64-sm-32.csv
facebook/opt-2.7b,64,attention,attention,32,1,55.296000093221664,169784320,170121216,336896,327680,1024,2026-04-14T11:53:04Z,baseline_nvml_pt,nvidia-smi,ok,0.0,5.0,1695.0,7601.0,60.23,0.14028799533843994,163.4189453125,163.4189453125,1.5,True,,,,,unavailable,,prefill-facebook-opt-2-7b-chunk-64-sm-32,success,,,/mnt/data/dheeraj/dicertation/inference-profile/runs/revised-full-20260414-g4-opt27b-c64-256/raw/points/prefill/prefill-facebook-opt-2-7b-chunk-64-sm-32.csv
facebook/opt-2.7b,64,gemm,q_proj,32,2,67.58400052785873,169784320,170112000,327680,327680,1024,2026-04-14T11:53:04Z,baseline_nvml_pt,nvidia-smi,ok,0.0,5.0,1695.0,7601.0,60.23,0.14028799533843994,163.4189453125,163.4189453125,1.5,True,,,,,unavailable,,prefill-facebook-opt-2-7b-chunk-64-sm-32,success,,,/mnt/data/dheeraj/dicertation/inference-profile/runs/revised-full-20260414-g4-opt27b-c64-256/raw/points/prefill/prefill-facebook-opt-2-7b-chunk-64-sm-32.csv
facebook/opt-2.7b,64,gemm,k_proj,32,2,64.51199948787689,169784320,170112000,327680,327680,1024,2026-04-14T11:53:04Z,baseline_nvml_pt,nvidia-smi,ok,0.0,5.0,1695.0,7601.0,60.23,0.14028799533843994,163.4189453125,163.4189453125,1.5,True,,,,,unavailable,,prefill-facebook-opt-2-7b-chunk-64-sm-32,success,,,/mnt/data/dheeraj/dicertation/inference-profile/runs/revised-full-20260414-g4-opt27b-c64-256/raw/points/prefill/prefill-facebook-opt-2-7b-chunk-64-sm-32.csv
facebook/opt-2.7b,64,gemm,v_proj,32,2,83.96799862384796,169784320,170112000,327680,327680,1024,2026-04-14T11:53:04Z,baseline_nvml_pt,nvidia-smi,ok,0.0,5.0,1695.0,7601.0,60.23,0.14028799533843994,163.4189453125,163.4189453125,1.5,True,,,,,unavailable,,prefill-facebook-opt-2-7b-chunk-64-sm-32,success,,,/mnt/data/dheeraj/dicertation/inference-profile/runs/revised-full-20260414-g4-opt27b-c64-256/raw/points/prefill/prefill-facebook-opt-2-7b-chunk-64-sm-32.csv
facebook/opt-2.7b,64,gemm,out_proj,32,2,62.463998794555664,169784320,170112000,327680,327680,1024,2026-04-14T11:53:04Z,baseline_nvml_pt,nvidia-smi,ok,0.0,5.0,1695.0,7601.0,60.23,0.14028799533843994,163.4189453125,163.4189453125,1.5,True,,,,,unavailable,,prefill-facebook-opt-2-7b-chunk-64-sm-32,success,,,/mnt/data/dheeraj/dicertation/inference-profile/runs/revised-full-20260414-g4-opt27b-c64-256/raw/points/prefill/prefill-facebook-opt-2-7b-chunk-64-sm-32.csv
facebook/opt-2.7b,64,gemm,fc1,32,2,126.97599828243256,169784320,171357184,1572864,1310720,1024,2026-04-14T11:53:04Z,baseline_nvml_pt,nvidia-smi,ok,0.0,5.0,1695.0,7601.0,60.23,0.14028799533843994,163.4189453125,163.4189453125,1.5,True,,,,,unavailable,,prefill-facebook-opt-2-7b-chunk-64-sm-32,success,,,/mnt/data/dheeraj/dicertation/inference-profile/runs/revised-full-20260414-g4-opt27b-c64-256/raw/points/prefill/prefill-facebook-opt-2-7b-chunk-64-sm-32.csv
facebook/opt-2.7b,64,gemm,fc2,32,2,132.09599256515503,169784320,170112000,327680,327680,1024,2026-04-14T11:53:04Z,baseline_nvml_pt,nvidia-smi,ok,0.0,5.0,1695.0,7601.0,60.23,0.14028799533843994,163.4189453125,163.4189453125,1.5,True,,,,,unavailable,,prefill-facebook-opt-2-7b-chunk-64-sm-32,success,,,/mnt/data/dheeraj/dicertation/inference-profile/runs/revised-full-20260414-g4-opt27b-c64-256/raw/points/prefill/prefill-facebook-opt-2-7b-chunk-64-sm-32.csv
facebook/opt-2.7b,64,attention,attention,32,2,63.48799914121628,169784320,170121216,336896,327680,1024,2026-04-14T11:53:04Z,baseline_nvml_pt,nvidia-smi,ok,0.0,5.0,1695.0,7601.0,60.23,0.14028799533843994,163.4189453125,163.4189453125,1.5,True,,,,,unavailable,,prefill-facebook-opt-2-7b-chunk-64-sm-32,success,,,/mnt/data/dheeraj/dicertation/inference-profile/runs/revised-full-20260414-g4-opt27b-c64-256/raw/points/prefill/prefill-facebook-opt-2-7b-chunk-64-sm-32.csv
facebook/opt-2.7b,64,gemm,q_proj,32,3,65.5359998345375,169784320,170112000,327680,327680,1024,2026-04-14T11:53:04Z,baseline_nvml_pt,nvidia-smi,ok,0.0,5.0,1695.0,7601.0,60.23,0.14028799533843994,163.4189453125,163.4189453125,1.5,True,,,,,unavailable,,prefill-facebook-opt-2-7b-chunk-64-sm-32,success,,,/mnt/data/dheeraj/dicertation/inference-profile/runs/revised-full-20260414-g4-opt27b-c64-256/raw/points/prefill/prefill-facebook-opt-2-7b-chunk-64-sm-32.csv
facebook/opt-2.7b,64,gemm,k_proj,32,3,63.48799914121628,169784320,170112000,327680,327680,1024,2026-04-14T11:53:04Z,baseline_nvml_pt,nvidia-smi,ok,0.0,5.0,1695.0,7601.0,60.23,0.14028799533843994,163.4189453125,163.4189453125,1.5,True,,,,,unavailable,,prefill-facebook-opt-2-7b-chunk-64-sm-32,success,,,/mnt/data/dheeraj/dicertation/inference-profile/runs/revised-full-20260414-g4-opt27b-c64-256/raw/points/prefill/prefill-facebook-opt-2-7b-chunk-64-sm-32.csv
facebook/opt-2.7b,64,gemm,v_proj,32,3,62.463998794555664,169784320,170112000,327680,327680,1024,2026-04-14T11:53:04Z,baseline_nvml_pt,nvidia-smi,ok,0.0,5.0,1695.0,7601.0,60.23,0.14028799533843994,163.4189453125,163.4189453125,1.5,True,,,,,unavailable,,prefill-facebook-opt-2-7b-chunk-64-sm-32,success,,,/mnt/data/dheeraj/dicertation/inference-profile/runs/revised-full-20260414-g4-opt27b-c64-256/raw/points/prefill/prefill-facebook-opt-2-7b-chunk-64-sm-32.csv
facebook/opt-2.7b,64,gemm,out_proj,32,3,62.463998794555664,169784320,170112000,327680,327680,1024,2026-04-14T11:53:04Z,baseline_nvml_pt,nvidia-smi,ok,0.0,5.0,1695.0,7601.0,60.23,0.14028799533843994,163.4189453125,163.4189453125,1.5,True,,,,,unavailable,,prefill-facebook-opt-2-7b-chunk-64-sm-32,success,,,/mnt/data/dheeraj/dicertation/inference-profile/runs/revised-full-20260414-g4-opt27b-c64-256/raw/points/prefill/prefill-facebook-opt-2-7b-chunk-64-sm-32.csv
facebook/opt-2.7b,64,gemm,fc1,32,3,125.95200538635254,169784320,171357184,1572864,1310720,1024,2026-04-14T11:53:04Z,baseline_nvml_pt,nvidia-smi,ok,0.0,5.0,1695.0,7601.0,60.23,0.14028799533843994,163.4189453125,163.4189453125,1.5,True,,,,,unavailable,,prefill-facebook-opt-2-7b-chunk-64-sm-32,success,,,/mnt/data/dheeraj/dicertation/inference-profile/runs/revised-full-20260414-g4-opt27b-c64-256/raw/points/prefill/prefill-facebook-opt-2-7b-chunk-64-sm-32.csv
facebook/opt-2.7b,64,gemm,fc2,32,3,132.09599256515503,169784320,170112000,327680,327680,1024,2026-04-14T11:53:04Z,baseline_nvml_pt,nvidia-smi,ok,0.0,5.0,1695.0,7601.0,60.23,0.14028799533843994,163.4189453125,163.4189453125,1.5,True,,,,,unavailable,,prefill-facebook-opt-2-7b-chunk-64-sm-32,success,,,/mnt/data/dheeraj/dicertation/inference-profile/runs/revised-full-20260414-g4-opt27b-c64-256/raw/points/prefill/prefill-facebook-opt-2-7b-chunk-64-sm-32.csv
facebook/opt-2.7b,64,attention,attention,32,3,55.1999993622303,169784320,170121216,336896,327680,1024,2026-04-14T11:53:04Z,baseline_nvml_pt,nvidia-smi,ok,0.0,5.0,1695.0,7601.0,60.23,0.14028799533843994,163.4189453125,163.4189453125,1.5,True,,,,,unavailable,,prefill-facebook-opt-2-7b-chunk-64-sm-32,success,,,/mnt/data/dheeraj/dicertation/inference-profile/runs/revised-full-20260414-g4-opt27b-c64-256/raw/points/prefill/prefill-facebook-opt-2-7b-chunk-64-sm-32.csv
facebook/opt-2.7b,64,gemm,q_proj,32,4,66.56000018119812,169784320,170112000,327680,327680,1024,2026-04-14T11:53:04Z,baseline_nvml_pt,nvidia-smi,ok,0.0,5.0,1695.0,7601.0,60.23,0.14028799533843994,163.4189453125,163.4189453125,1.5,True,,,,,unavailable,,prefill-facebook-opt-2-7b-chunk-64-sm-32,success,,,/mnt/data/dheeraj/dicertation/inference-profile/runs/revised-full-20260414-g4-opt27b-c64-256/raw/points/prefill/prefill-facebook-opt-2-7b-chunk-64-sm-32.csv
facebook/opt-2.7b,64,gemm,k_proj,32,4,62.463998794555664,169784320,170112000,327680,327680,1024,2026-04-14T11:53:04Z,baseline_nvml_pt,nvidia-smi,ok,0.0,5.0,1695.0,7601.0,60.23,0.14028799533843994,163.4189453125,163.4189453125,1.5,True,,,,,unavailable,,prefill-facebook-opt-2-7b-chunk-64-sm-32,success,,,/mnt/data/dheeraj/dicertation/inference-profile/runs/revised-full-20260414-g4-opt27b-c64-256/raw/points/prefill/prefill-facebook-opt-2-7b-chunk-64-sm-32.csv
facebook/opt-2.7b,64,gemm,v_proj,32,4,60.416001826524734,169784320,170112000,327680,327680,1024,2026-04-14T11:53:04Z,baseline_nvml_pt,nvidia-smi,ok,0.0,5.0,1695.0,7601.0,60.23,0.14028799533843994,163.4189453125,163.4189453125,1.5,True,,,,,unavailable,,prefill-facebook-opt-2-7b-chunk-64-sm-32,success,,,/mnt/data/dheeraj/dicertation/inference-profile/runs/revised-full-20260414-g4-opt27b-c64-256/raw/points/prefill/prefill-facebook-opt-2-7b-chunk-64-sm-32.csv
facebook/opt-2.7b,64,gemm,out_proj,32,4,61.43999844789505,169784320,170112000,327680,327680,1024,2026-04-14T11:53:04Z,baseline_nvml_pt,nvidia-smi,ok,0.0,5.0,1695.0,7601.0,60.23,0.14028799533843994,163.4189453125,163.4189453125,1.5,True,,,,,unavailable,,prefill-facebook-opt-2-7b-chunk-64-sm-32,success,,,/mnt/data/dheeraj/dicertation/inference-profile/runs/revised-full-20260414-g4-opt27b-c64-256/raw/points/prefill/prefill-facebook-opt-2-7b-chunk-64-sm-32.csv
facebook/opt-2.7b,64,gemm,fc1,32,4,124.92799758911133,169784320,171357184,1572864,1310720,1024,2026-04-14T11:53:04Z,baseline_nvml_pt,nvidia-smi,ok,0.0,5.0,1695.0,7601.0,60.23,0.14028799533843994,163.4189453125,163.4189453125,1.5,True,,,,,unavailable,,prefill-facebook-opt-2-7b-chunk-64-sm-32,success,,,/mnt/data/dheeraj/dicertation/inference-profile/runs/revised-full-20260414-g4-opt27b-c64-256/raw/points/prefill/prefill-facebook-opt-2-7b-chunk-64-sm-32.csv
facebook/opt-2.7b,64,gemm,fc2,32,4,127.9039978981018,169784320,170112000,327680,327680,1024,2026-04-14T11:53:04Z,baseline_nvml_pt,nvidia-smi,ok,0.0,5.0,1695.0,7601.0,60.23,0.14028799533843994,163.4189453125,163.4189453125,1.5,True,,,,,unavailable,,prefill-facebook-opt-2-7b-chunk-64-sm-32,success,,,/mnt/data/dheeraj/dicertation/inference-profile/runs/revised-full-20260414-g4-opt27b-c64-256/raw/points/prefill/prefill-facebook-opt-2-7b-chunk-64-sm-32.csv
facebook/opt-2.7b,64,attention,attention,32,4,53.247999399900436,169784320,170121216,336896,327680,1024,2026-04-14T11:53:04Z,baseline_nvml_pt,nvidia-smi,ok,0.0,5.0,1695.0,7601.0,60.23,0.14028799533843994,163.4189453125,163.4189453125,1.5,True,,,,,unavailable,,prefill-facebook-opt-2-7b-chunk-64-sm-32,success,,,/mnt/data/dheeraj/dicertation/inference-profile/runs/revised-full-20260414-g4-opt27b-c64-256/raw/points/prefill/prefill-facebook-opt-2-7b-chunk-64-sm-32.csv
facebook/opt-2.7b,128,gemm,q_proj,8,0,278.52800488471985,172143616,172798976,655360,655360,1024,2026-04-14T11:53:09Z,baseline_nvml_pt,nvidia-smi,ok,9.0,5.0,1695.0,7601.0,60.32,0.27852800488471985,167.5439453125,167.5439453125,3.375,True,,,,,unavailable,,prefill-facebook-opt-2-7b-chunk-128-sm-8,success,,,/mnt/data/dheeraj/dicertation/inference-profile/runs/revised-full-20260414-g4-opt27b-c64-256/raw/points/prefill/prefill-facebook-opt-2-7b-chunk-128-sm-8.csv
facebook/opt-2.7b,128,gemm,k_proj,8,0,90.11200070381165,172143616,172798976,655360,655360,1024,2026-04-14T11:53:09Z,baseline_nvml_pt,nvidia-smi,ok,9.0,5.0,1695.0,7601.0,60.32,0.27852800488471985,167.5439453125,167.5439453125,3.375,True,,,,,unavailable,,prefill-facebook-opt-2-7b-chunk-128-sm-8,success,,,/mnt/data/dheeraj/dicertation/inference-profile/runs/revised-full-20260414-g4-opt27b-c64-256/raw/points/prefill/prefill-facebook-opt-2-7b-chunk-128-sm-8.csv
facebook/opt-2.7b,128,gemm,v_proj,8,0,80.89599758386612,172143616,172798976,655360,655360,1024,2026-04-14T11:53:09Z,baseline_nvml_pt,nvidia-smi,ok,9.0,5.0,1695.0,7601.0,60.32,0.27852800488471985,167.5439453125,167.5439453125,3.375,True,,,,,unavailable,,prefill-facebook-opt-2-7b-chunk-128-sm-8,success,,,/mnt/data/dheeraj/dicertation/inference-profile/runs/revised-full-20260414-g4-opt27b-c64-256/raw/points/prefill/prefill-facebook-opt-2-7b-chunk-128-sm-8.csv
facebook/opt-2.7b,128,gemm,out_proj,8,0,83.80799740552902,172143616,172798976,655360,655360,1024,2026-04-14T11:53:09Z,baseline_nvml_pt,nvidia-smi,ok,9.0,5.0,1695.0,7601.0,60.32,0.27852800488471985,167.5439453125,167.5439453125,3.375,True,,,,,unavailable,,prefill-facebook-opt-2-7b-chunk-128-sm-8,success,,,/mnt/data/dheeraj/dicertation/inference-profile/runs/revised-full-20260414-g4-opt27b-c64-256/raw/points/prefill/prefill-facebook-opt-2-7b-chunk-128-sm-8.csv
facebook/opt-2.7b,128,gemm,fc1,8,0,201.6959935426712,172143616,175682560,3538944,2621440,1024,2026-04-14T11:53:09Z,baseline_nvml_pt,nvidia-smi,ok,9.0,5.0,1695.0,7601.0,60.32,0.27852800488471985,167.5439453125,167.5439453125,3.375,True,,,,,unavailable,,prefill-facebook-opt-2-7b-chunk-128-sm-8,success,,,/mnt/data/dheeraj/dicertation/inference-profile/runs/revised-full-20260414-g4-opt27b-c64-256/raw/points/prefill/prefill-facebook-opt-2-7b-chunk-128-sm-8.csv
facebook/opt-2.7b,128,gemm,fc2,8,0,166.9120043516159,172143616,172798976,655360,655360,1024,2026-04-14T11:53:09Z,baseline_nvml_pt,nvidia-smi,ok,9.0,5.0,1695.0,7601.0,60.32,0.27852800488471985,167.5439453125,167.5439453125,3.375,True,,,,,unavailable,,prefill-facebook-opt-2-7b-chunk-128-sm-8,success,,,/mnt/data/dheeraj/dicertation/inference-profile/runs/revised-full-20260414-g4-opt27b-c64-256/raw/points/prefill/prefill-facebook-opt-2-7b-chunk-128-sm-8.csv
facebook/opt-2.7b,128,attention,attention,8,0,60.416001826524734,172143616,172816384,672768,655360,1024,2026-04-14T11:53:09Z,baseline_nvml_pt,nvidia-smi,ok,9.0,5.0,1695.0,7601.0,60.32,0.27852800488471985,167.5439453125,167.5439453125,3.375,True,,,,,unavailable,,prefill-facebook-opt-2-7b-chunk-128-sm-8,success,,,/mnt/data/dheeraj/dicertation/inference-profile/runs/revised-full-20260414-g4-opt27b-c64-256/raw/points/prefill/prefill-facebook-opt-2-7b-chunk-128-sm-8.csv
facebook/opt-2.7b,128,gemm,q_proj,8,1,83.96799862384796,172143616,172798976,655360,655360,1024,2026-04-14T11:53:09Z,baseline_nvml_pt,nvidia-smi,ok,9.0,5.0,1695.0,7601.0,60.32,0.27852800488471985,167.5439453125,167.5439453125,3.375,True,,,,,unavailable,,prefill-facebook-opt-2-7b-chunk-128-sm-8,success,,,/mnt/data/dheeraj/dicertation/inference-profile/runs/revised-full-20260414-g4-opt27b-c64-256/raw/points/prefill/prefill-facebook-opt-2-7b-chunk-128-sm-8.csv
facebook/opt-2.7b,128,gemm,k_proj,8,1,82.94399827718735,172143616,172798976,655360,655360,1024,2026-04-14T11:53:09Z,baseline_nvml_pt,nvidia-smi,ok,9.0,5.0,1695.0,7601.0,60.32,0.27852800488471985,167.5439453125,167.5439453125,3.375,True,,,,,unavailable,,prefill-facebook-opt-2-7b-chunk-128-sm-8,success,,,/mnt/data/dheeraj/dicertation/inference-profile/runs/revised-full-20260414-g4-opt27b-c64-256/raw/points/prefill/prefill-facebook-opt-2-7b-chunk-128-sm-8.csv
facebook/opt-2.7b,128,gemm,v_proj,8,1,78.84799689054489,172143616,172798976,655360,655360,1024,2026-04-14T11:53:09Z,baseline_nvml_pt,nvidia-smi,ok,9.0,5.0,1695.0,7601.0,60.32,0.27852800488471985,167.5439453125,167.5439453125,3.375,True,,,,,unavailable,,prefill-facebook-opt-2-7b-chunk-128-sm-8,success,,,/mnt/data/dheeraj/dicertation/inference-profile/runs/revised-full-20260414-g4-opt27b-c64-256/raw/points/prefill/prefill-facebook-opt-2-7b-chunk-128-sm-8.csv
facebook/opt-2.7b,128,gemm,out_proj,8,1,77.82399654388428,172143616,172798976,655360,655360,1024,2026-04-14T11:53:09Z,baseline_nvml_pt,nvidia-smi,ok,9.0,5.0,1695.0,7601.0,60.32,0.27852800488471985,167.5439453125,167.5439453125,3.375,True,,,,,unavailable,,prefill-facebook-opt-2-7b-chunk-128-sm-8,success,,,/mnt/data/dheeraj/dicertation/inference-profile/runs/revised-full-20260414-g4-opt27b-c64-256/raw/points/prefill/prefill-facebook-opt-2-7b-chunk-128-sm-8.csv
facebook/opt-2.7b,128,gemm,fc1,8,1,189.43999707698822,172143616,175682560,3538944,2621440,1024,2026-04-14T11:53:09Z,baseline_nvml_pt,nvidia-smi,ok,9.0,5.0,1695.0,7601.0,60.32,0.27852800488471985,167.5439453125,167.5439453125,3.375,True,,,,,unavailable,,prefill-facebook-opt-2-7b-chunk-128-sm-8,success,,,/mnt/data/dheeraj/dicertation/inference-profile/runs/revised-full-20260414-g4-opt27b-c64-256/raw/points/prefill/prefill-facebook-opt-2-7b-chunk-128-sm-8.csv
facebook/opt-2.7b,128,gemm,fc2,8,1,165.8879965543747,172143616,172798976,655360,655360,1024,2026-04-14T11:53:09Z,baseline_nvml_pt,nvidia-smi,ok,9.0,5.0,1695.0,7601.0,60.32,0.27852800488471985,167.5439453125,167.5439453125,3.375,True,,,,,unavailable,,prefill-facebook-opt-2-7b-chunk-128-sm-8,success,,,/mnt/data/dheeraj/dicertation/inference-profile/runs/revised-full-20260414-g4-opt27b-c64-256/raw/points/prefill/prefill-facebook-opt-2-7b-chunk-128-sm-8.csv
facebook/opt-2.7b,128,attention,attention,8,1,56.12799897789955,172143616,172816384,672768,655360,1024,2026-04-14T11:53:09Z,baseline_nvml_pt,nvidia-smi,ok,9.0,5.0,1695.0,7601.0,60.32,0.27852800488471985,167.5439453125,167.5439453125,3.375,True,,,,,unavailable,,prefill-facebook-opt-2-7b-chunk-128-sm-8,success,,,/mnt/data/dheeraj/dicertation/inference-profile/runs/revised-full-20260414-g4-opt27b-c64-256/raw/points/prefill/prefill-facebook-opt-2-7b-chunk-128-sm-8.csv
facebook/opt-2.7b,128,gemm,q_proj,8,2,81.91999793052673,172143616,172798976,655360,655360,1024,2026-04-14T11:53:09Z,baseline_nvml_pt,nvidia-smi,ok,9.0,5.0,1695.0,7601.0,60.32,0.27852800488471985,167.5439453125,167.5439453125,3.375,True,,,,,unavailable,,prefill-facebook-opt-2-7b-chunk-128-sm-8,success,,,/mnt/data/dheeraj/dicertation/inference-profile/runs/revised-full-20260414-g4-opt27b-c64-256/raw/points/prefill/prefill-facebook-opt-2-7b-chunk-128-sm-8.csv
facebook/opt-2.7b,128,gemm,k_proj,8,2,80.89599758386612,172143616,172798976,655360,655360,1024,2026-04-14T11:53:09Z,baseline_nvml_pt,nvidia-smi,ok,9.0,5.0,1695.0,7601.0,60.32,0.27852800488471985,167.5439453125,167.5439453125,3.375,True,,,,,unavailable,,prefill-facebook-opt-2-7b-chunk-128-sm-8,success,,,/mnt/data/dheeraj/dicertation/inference-profile/runs/revised-full-20260414-g4-opt27b-c64-256/raw/points/prefill/prefill-facebook-opt-2-7b-chunk-128-sm-8.csv
facebook/opt-2.7b,128,gemm,v_proj,8,2,90.94399958848953,172143616,172798976,655360,655360,1024,2026-04-14T11:53:09Z,baseline_nvml_pt,nvidia-smi,ok,9.0,5.0,1695.0,7601.0,60.32,0.27852800488471985,167.5439453125,167.5439453125,3.375,True,,,,,unavailable,,prefill-facebook-opt-2-7b-chunk-128-sm-8,success,,,/mnt/data/dheeraj/dicertation/inference-profile/runs/revised-full-20260414-g4-opt27b-c64-256/raw/points/prefill/prefill-facebook-opt-2-7b-chunk-128-sm-8.csv
facebook/opt-2.7b,128,gemm,out_proj,8,2,80.89599758386612,172143616,172798976,655360,655360,1024,2026-04-14T11:53:09Z,baseline_nvml_pt,nvidia-smi,ok,9.0,5.0,1695.0,7601.0,60.32,0.27852800488471985,167.5439453125,167.5439453125,3.375,True,,,,,unavailable,,prefill-facebook-opt-2-7b-chunk-128-sm-8,success,,,/mnt/data/dheeraj/dicertation/inference-profile/runs/revised-full-20260414-g4-opt27b-c64-256/raw/points/prefill/prefill-facebook-opt-2-7b-chunk-128-sm-8.csv
facebook/opt-2.7b,128,gemm,fc1,8,2,192.51200556755066,172143616,175682560,3538944,2621440,1024,2026-04-14T11:53:09Z,baseline_nvml_pt,nvidia-smi,ok,9.0,5.0,1695.0,7601.0,60.32,0.27852800488471985,167.5439453125,167.5439453125,3.375,True,,,,,unavailable,,prefill-facebook-opt-2-7b-chunk-128-sm-8,success,,,/mnt/data/dheeraj/dicertation/inference-profile/runs/revised-full-20260414-g4-opt27b-c64-256/raw/points/prefill/prefill-facebook-opt-2-7b-chunk-128-sm-8.csv
facebook/opt-2.7b,128,gemm,fc2,8,2,165.8879965543747,172143616,172798976,655360,655360,1024,2026-04-14T11:53:09Z,baseline_nvml_pt,nvidia-smi,ok,9.0,5.0,1695.0,7601.0,60.32,0.27852800488471985,167.5439453125,167.5439453125,3.375,True,,,,,unavailable,,prefill-facebook-opt-2-7b-chunk-128-sm-8,success,,,/mnt/data/dheeraj/dicertation/inference-profile/runs/revised-full-20260414-g4-opt27b-c64-256/raw/points/prefill/prefill-facebook-opt-2-7b-chunk-128-sm-8.csv
facebook/opt-2.7b,128,attention,attention,8,2,58.27200040221214,172143616,172816384,672768,655360,1024,2026-04-14T11:53:09Z,baseline_nvml_pt,nvidia-smi,ok,9.0,5.0,1695.0,7601.0,60.32,0.27852800488471985,167.5439453125,167.5439453125,3.375,True,,,,,unavailable,,prefill-facebook-opt-2-7b-chunk-128-sm-8,success,,,/mnt/data/dheeraj/dicertation/inference-profile/runs/revised-full-20260414-g4-opt27b-c64-256/raw/points/prefill/prefill-facebook-opt-2-7b-chunk-128-sm-8.csv
facebook/opt-2.7b,128,gemm,q_proj,8,3,82.94399827718735,172143616,172798976,655360,655360,1024,2026-04-14T11:53:09Z,baseline_nvml_pt,nvidia-smi,ok,9.0,5.0,1695.0,7601.0,60.32,0.27852800488471985,167.5439453125,167.5439453125,3.375,True,,,,,unavailable,,prefill-facebook-opt-2-7b-chunk-128-sm-8,success,,,/mnt/data/dheeraj/dicertation/inference-profile/runs/revised-full-20260414-g4-opt27b-c64-256/raw/points/prefill/prefill-facebook-opt-2-7b-chunk-128-sm-8.csv
facebook/opt-2.7b,128,gemm,k_proj,8,3,78.75200361013412,172143616,172798976,655360,655360,1024,2026-04-14T11:53:09Z,baseline_nvml_pt,nvidia-smi,ok,9.0,5.0,1695.0,7601.0,60.32,0.27852800488471985,167.5439453125,167.5439453125,3.375,True,,,,,unavailable,,prefill-facebook-opt-2-7b-chunk-128-sm-8,success,,,/mnt/data/dheeraj/dicertation/inference-profile/runs/revised-full-20260414-g4-opt27b-c64-256/raw/points/prefill/prefill-facebook-opt-2-7b-chunk-128-sm-8.csv
facebook/opt-2.7b,128,gemm,v_proj,8,3,78.84799689054489,172143616,172798976,655360,655360,1024,2026-04-14T11:53:09Z,baseline_nvml_pt,nvidia-smi,ok,9.0,5.0,1695.0,7601.0,60.32,0.27852800488471985,167.5439453125,167.5439453125,3.375,True,,,,,unavailable,,prefill-facebook-opt-2-7b-chunk-128-sm-8,success,,,/mnt/data/dheeraj/dicertation/inference-profile/runs/revised-full-20260414-g4-opt27b-c64-256/raw/points/prefill/prefill-facebook-opt-2-7b-chunk-128-sm-8.csv
facebook/opt-2.7b,128,gemm,out_proj,8,3,79.8719972372055,172143616,172798976,655360,655360,1024,2026-04-14T11:53:09Z,baseline_nvml_pt,nvidia-smi,ok,9.0,5.0,1695.0,7601.0,60.32,0.27852800488471985,167.5439453125,167.5439453125,3.375,True,,,,,unavailable,,prefill-facebook-opt-2-7b-chunk-128-sm-8,success,,,/mnt/data/dheeraj/dicertation/inference-profile/runs/revised-full-20260414-g4-opt27b-c64-256/raw/points/prefill/prefill-facebook-opt-2-7b-chunk-128-sm-8.csv
facebook/opt-2.7b,128,gemm,fc1,8,3,189.43999707698822,172143616,175682560,3538944,2621440,1024,2026-04-14T11:53:09Z,baseline_nvml_pt,nvidia-smi,ok,9.0,5.0,1695.0,7601.0,60.32,0.27852800488471985,167.5439453125,167.5439453125,3.375,True,,,,,unavailable,,prefill-facebook-opt-2-7b-chunk-128-sm-8,success,,,/mnt/data/dheeraj/dicertation/inference-profile/runs/revised-full-20260414-g4-opt27b-c64-256/raw/points/prefill/prefill-facebook-opt-2-7b-chunk-128-sm-8.csv
facebook/opt-2.7b,128,gemm,fc2,8,3,167.90400445461273,172143616,172798976,655360,655360,1024,2026-04-14T11:53:09Z,baseline_nvml_pt,nvidia-smi,ok,9.0,5.0,1695.0,7601.0,60.32,0.27852800488471985,167.5439453125,167.5439453125,3.375,True,,,,,unavailable,,prefill-facebook-opt-2-7b-chunk-128-sm-8,success,,,/mnt/data/dheeraj/dicertation/inference-profile/runs/revised-full-20260414-g4-opt27b-c64-256/raw/points/prefill/prefill-facebook-opt-2-7b-chunk-128-sm-8.csv
facebook/opt-2.7b,128,attention,attention,8,3,56.32000043988228,172143616,172816384,672768,655360,1024,2026-04-14T11:53:09Z,baseline_nvml_pt,nvidia-smi,ok,9.0,5.0,1695.0,7601.0,60.32,0.27852800488471985,167.5439453125,167.5439453125,3.375,True,,,,,unavailable,,prefill-facebook-opt-2-7b-chunk-128-sm-8,success,,,/mnt/data/dheeraj/dicertation/inference-profile/runs/revised-full-20260414-g4-opt27b-c64-256/raw/points/prefill/prefill-facebook-opt-2-7b-chunk-128-sm-8.csv
facebook/opt-2.7b,128,gemm,q_proj,8,4,80.89599758386612,172143616,172798976,655360,655360,1024,2026-04-14T11:53:09Z,baseline_nvml_pt,nvidia-smi,ok,9.0,5.0,1695.0,7601.0,60.32,0.27852800488471985,167.5439453125,167.5439453125,3.375,True,,,,,unavailable,,prefill-facebook-opt-2-7b-chunk-128-sm-8,success,,,/mnt/data/dheeraj/dicertation/inference-profile/runs/revised-full-20260414-g4-opt27b-c64-256/raw/points/prefill/prefill-facebook-opt-2-7b-chunk-128-sm-8.csv
facebook/opt-2.7b,128,gemm,k_proj,8,4,79.8719972372055,172143616,172798976,655360,655360,1024,2026-04-14T11:53:09Z,baseline_nvml_pt,nvidia-smi,ok,9.0,5.0,1695.0,7601.0,60.32,0.27852800488471985,167.5439453125,167.5439453125,3.375,True,,,,,unavailable,,prefill-facebook-opt-2-7b-chunk-128-sm-8,success,,,/mnt/data/dheeraj/dicertation/inference-profile/runs/revised-full-20260414-g4-opt27b-c64-256/raw/points/prefill/prefill-facebook-opt-2-7b-chunk-128-sm-8.csv
facebook/opt-2.7b,128,gemm,v_proj,8,4,76.80000364780426,172143616,172798976,655360,655360,1024,2026-04-14T11:53:09Z,baseline_nvml_pt,nvidia-smi,ok,9.0,5.0,1695.0,7601.0,60.32,0.27852800488471985,167.5439453125,167.5439453125,3.375,True,,,,,unavailable,,prefill-facebook-opt-2-7b-chunk-128-sm-8,success,,,/mnt/data/dheeraj/dicertation/inference-profile/runs/revised-full-20260414-g4-opt27b-c64-256/raw/points/prefill/prefill-facebook-opt-2-7b-chunk-128-sm-8.csv
facebook/opt-2.7b,128,gemm,out_proj,8,4,78.8159966468811,172143616,172798976,655360,655360,1024,2026-04-14T11:53:09Z,baseline_nvml_pt,nvidia-smi,ok,9.0,5.0,1695.0,7601.0,60.32,0.27852800488471985,167.5439453125,167.5439453125,3.375,True,,,,,unavailable,,prefill-facebook-opt-2-7b-chunk-128-sm-8,success,,,/mnt/data/dheeraj/dicertation/inference-profile/runs/revised-full-20260414-g4-opt27b-c64-256/raw/points/prefill/prefill-facebook-opt-2-7b-chunk-128-sm-8.csv
facebook/opt-2.7b,128,gemm,fc1,8,4,189.43999707698822,172143616,175682560,3538944,2621440,1024,2026-04-14T11:53:09Z,baseline_nvml_pt,nvidia-smi,ok,9.0,5.0,1695.0,7601.0,60.32,0.27852800488471985,167.5439453125,167.5439453125,3.375,True,,,,,unavailable,,prefill-facebook-opt-2-7b-chunk-128-sm-8,success,,,/mnt/data/dheeraj/dicertation/inference-profile/runs/revised-full-20260414-g4-opt27b-c64-256/raw/points/prefill/prefill-facebook-opt-2-7b-chunk-128-sm-8.csv
facebook/opt-2.7b,128,gemm,fc2,8,4,164.86400365829468,172143616,172798976,655360,655360,1024,2026-04-14T11:53:09Z,baseline_nvml_pt,nvidia-smi,ok,9.0,5.0,1695.0,7601.0,60.32,0.27852800488471985,167.5439453125,167.5439453125,3.375,True,,,,,unavailable,,prefill-facebook-opt-2-7b-chunk-128-sm-8,success,,,/mnt/data/dheeraj/dicertation/inference-profile/runs/revised-full-20260414-g4-opt27b-c64-256/raw/points/prefill/prefill-facebook-opt-2-7b-chunk-128-sm-8.csv
facebook/opt-2.7b,128,attention,attention,8,4,55.296000093221664,172143616,172816384,672768,655360,1024,2026-04-14T11:53:09Z,baseline_nvml_pt,nvidia-smi,ok,9.0,5.0,1695.0,7601.0,60.32,0.27852800488471985,167.5439453125,167.5439453125,3.375,True,,,,,unavailable,,prefill-facebook-opt-2-7b-chunk-128-sm-8,success,,,/mnt/data/dheeraj/dicertation/inference-profile/runs/revised-full-20260414-g4-opt27b-c64-256/raw/points/prefill/prefill-facebook-opt-2-7b-chunk-128-sm-8.csv
facebook/opt-2.7b,128,gemm,q_proj,16,0,93.18400174379349,172143616,172798976,655360,655360,1024,2026-04-14T11:53:14Z,baseline_nvml_pt,nvidia-smi,ok,0.0,5.0,1695.0,7601.0,60.25,0.1934400051832199,167.5439453125,167.5439453125,3.375,True,,,,,unavailable,,prefill-facebook-opt-2-7b-chunk-128-sm-16,success,,,/mnt/data/dheeraj/dicertation/inference-profile/runs/revised-full-20260414-g4-opt27b-c64-256/raw/points/prefill/prefill-facebook-opt-2-7b-chunk-128-sm-16.csv
facebook/opt-2.7b,128,gemm,k_proj,16,0,88.99199962615967,172143616,172798976,655360,655360,1024,2026-04-14T11:53:14Z,baseline_nvml_pt,nvidia-smi,ok,0.0,5.0,1695.0,7601.0,60.25,0.1934400051832199,167.5439453125,167.5439453125,3.375,True,,,,,unavailable,,prefill-facebook-opt-2-7b-chunk-128-sm-16,success,,,/mnt/data/dheeraj/dicertation/inference-profile/runs/revised-full-20260414-g4-opt27b-c64-256/raw/points/prefill/prefill-facebook-opt-2-7b-chunk-128-sm-16.csv
facebook/opt-2.7b,128,gemm,v_proj,16,0,78.84799689054489,172143616,172798976,655360,655360,1024,2026-04-14T11:53:14Z,baseline_nvml_pt,nvidia-smi,ok,0.0,5.0,1695.0,7601.0,60.25,0.1934400051832199,167.5439453125,167.5439453125,3.375,True,,,,,unavailable,,prefill-facebook-opt-2-7b-chunk-128-sm-16,success,,,/mnt/data/dheeraj/dicertation/inference-profile/runs/revised-full-20260414-g4-opt27b-c64-256/raw/points/prefill/prefill-facebook-opt-2-7b-chunk-128-sm-16.csv
facebook/opt-2.7b,128,gemm,out_proj,16,0,81.91999793052673,172143616,172798976,655360,655360,1024,2026-04-14T11:53:14Z,baseline_nvml_pt,nvidia-smi,ok,0.0,5.0,1695.0,7601.0,60.25,0.1934400051832199,167.5439453125,167.5439453125,3.375,True,,,,,unavailable,,prefill-facebook-opt-2-7b-chunk-128-sm-16,success,,,/mnt/data/dheeraj/dicertation/inference-profile/runs/revised-full-20260414-g4-opt27b-c64-256/raw/points/prefill/prefill-facebook-opt-2-7b-chunk-128-sm-16.csv
facebook/opt-2.7b,128,gemm,fc1,16,0,193.4400051832199,172143616,175682560,3538944,2621440,1024,2026-04-14T11:53:14Z,baseline_nvml_pt,nvidia-smi,ok,0.0,5.0,1695.0,7601.0,60.25,0.1934400051832199,167.5439453125,167.5439453125,3.375,True,,,,,unavailable,,prefill-facebook-opt-2-7b-chunk-128-sm-16,success,,,/mnt/data/dheeraj/dicertation/inference-profile/runs/revised-full-20260414-g4-opt27b-c64-256/raw/points/prefill/prefill-facebook-opt-2-7b-chunk-128-sm-16.csv
facebook/opt-2.7b,128,gemm,fc2,16,0,164.86400365829468,172143616,172798976,655360,655360,1024,2026-04-14T11:53:14Z,baseline_nvml_pt,nvidia-smi,ok,0.0,5.0,1695.0,7601.0,60.25,0.1934400051832199,167.5439453125,167.5439453125,3.375,True,,,,,unavailable,,prefill-facebook-opt-2-7b-chunk-128-sm-16,success,,,/mnt/data/dheeraj/dicertation/inference-profile/runs/revised-full-20260414-g4-opt27b-c64-256/raw/points/prefill/prefill-facebook-opt-2-7b-chunk-128-sm-16.csv
facebook/opt-2.7b,128,attention,attention,16,0,58.36800113320351,172143616,172816384,672768,655360,1024,2026-04-14T11:53:14Z,baseline_nvml_pt,nvidia-smi,ok,0.0,5.0,1695.0,7601.0,60.25,0.1934400051832199,167.5439453125,167.5439453125,3.375,True,,,,,unavailable,,prefill-facebook-opt-2-7b-chunk-128-sm-16,success,,,/mnt/data/dheeraj/dicertation/inference-profile/runs/revised-full-20260414-g4-opt27b-c64-256/raw/points/prefill/prefill-facebook-opt-2-7b-chunk-128-sm-16.csv
facebook/opt-2.7b,128,gemm,q_proj,16,1,82.94399827718735,172143616,172798976,655360,655360,1024,2026-04-14T11:53:14Z,baseline_nvml_pt,nvidia-smi,ok,0.0,5.0,1695.0,7601.0,60.25,0.1934400051832199,167.5439453125,167.5439453125,3.375,True,,,,,unavailable,,prefill-facebook-opt-2-7b-chunk-128-sm-16,success,,,/mnt/data/dheeraj/dicertation/inference-profile/runs/revised-full-20260414-g4-opt27b-c64-256/raw/points/prefill/prefill-facebook-opt-2-7b-chunk-128-sm-16.csv
facebook/opt-2.7b,128,gemm,k_proj,16,1,82.94399827718735,172143616,172798976,655360,655360,1024,2026-04-14T11:53:14Z,baseline_nvml_pt,nvidia-smi,ok,0.0,5.0,1695.0,7601.0,60.25,0.1934400051832199,167.5439453125,167.5439453125,3.375,True,,,,,unavailable,,prefill-facebook-opt-2-7b-chunk-128-sm-16,success,,,/mnt/data/dheeraj/dicertation/inference-profile/runs/revised-full-20260414-g4-opt27b-c64-256/raw/points/prefill/prefill-facebook-opt-2-7b-chunk-128-sm-16.csv
facebook/opt-2.7b,128,gemm,v_proj,16,1,77.82399654388428,172143616,172798976,655360,655360,1024,2026-04-14T11:53:14Z,baseline_nvml_pt,nvidia-smi,ok,0.0,5.0,1695.0,7601.0,60.25,0.1934400051832199,167.5439453125,167.5439453125,3.375,True,,,,,unavailable,,prefill-facebook-opt-2-7b-chunk-128-sm-16,success,,,/mnt/data/dheeraj/dicertation/inference-profile/runs/revised-full-20260414-g4-opt27b-c64-256/raw/points/prefill/prefill-facebook-opt-2-7b-chunk-128-sm-16.csv
facebook/opt-2.7b,128,gemm,out_proj,16,1,76.80000364780426,172143616,172798976,655360,655360,1024,2026-04-14T11:53:14Z,baseline_nvml_pt,nvidia-smi,ok,0.0,5.0,1695.0,7601.0,60.25,0.1934400051832199,167.5439453125,167.5439453125,3.375,True,,,,,unavailable,,prefill-facebook-opt-2-7b-chunk-128-sm-16,success,,,/mnt/data/dheeraj/dicertation/inference-profile/runs/revised-full-20260414-g4-opt27b-c64-256/raw/points/prefill/prefill-facebook-opt-2-7b-chunk-128-sm-16.csv
facebook/opt-2.7b,128,gemm,fc1,16,1,187.391996383667,172143616,175682560,3538944,2621440,1024,2026-04-14T11:53:14Z,baseline_nvml_pt,nvidia-smi,ok,0.0,5.0,1695.0,7601.0,60.25,0.1934400051832199,167.5439453125,167.5439453125,3.375,True,,,,,unavailable,,prefill-facebook-opt-2-7b-chunk-128-sm-16,success,,,/mnt/data/dheeraj/dicertation/inference-profile/runs/revised-full-20260414-g4-opt27b-c64-256/raw/points/prefill/prefill-facebook-opt-2-7b-chunk-128-sm-16.csv
facebook/opt-2.7b,128,gemm,fc2,16,1,165.75999557971954,172143616,172798976,655360,655360,1024,2026-04-14T11:53:14Z,baseline_nvml_pt,nvidia-smi,ok,0.0,5.0,1695.0,7601.0,60.25,0.1934400051832199,167.5439453125,167.5439453125,3.375,True,,,,,unavailable,,prefill-facebook-opt-2-7b-chunk-128-sm-16,success,,,/mnt/data/dheeraj/dicertation/inference-profile/runs/revised-full-20260414-g4-opt27b-c64-256/raw/points/prefill/prefill-facebook-opt-2-7b-chunk-128-sm-16.csv
facebook/opt-2.7b,128,attention,attention,16,1,56.32000043988228,172143616,172816384,672768,655360,1024,2026-04-14T11:53:14Z,baseline_nvml_pt,nvidia-smi,ok,0.0,5.0,1695.0,7601.0,60.25,0.1934400051832199,167.5439453125,167.5439453125,3.375,True,,,,,unavailable,,prefill-facebook-opt-2-7b-chunk-128-sm-16,success,,,/mnt/data/dheeraj/dicertation/inference-profile/runs/revised-full-20260414-g4-opt27b-c64-256/raw/points/prefill/prefill-facebook-opt-2-7b-chunk-128-sm-16.csv
facebook/opt-2.7b,128,gemm,q_proj,16,2,85.9839990735054,172143616,172798976,655360,655360,1024,2026-04-14T11:53:14Z,baseline_nvml_pt,nvidia-smi,ok,0.0,5.0,1695.0,7601.0,60.25,0.1934400051832199,167.5439453125,167.5439453125,3.375,True,,,,,unavailable,,prefill-facebook-opt-2-7b-chunk-128-sm-16,success,,,/mnt/data/dheeraj/dicertation/inference-profile/runs/revised-full-20260414-g4-opt27b-c64-256/raw/points/prefill/prefill-facebook-opt-2-7b-chunk-128-sm-16.csv
facebook/opt-2.7b,128,gemm,k_proj,16,2,78.84799689054489,172143616,172798976,655360,655360,1024,2026-04-14T11:53:14Z,baseline_nvml_pt,nvidia-smi,ok,0.0,5.0,1695.0,7601.0,60.25,0.1934400051832199,167.5439453125,167.5439453125,3.375,True,,,,,unavailable,,prefill-facebook-opt-2-7b-chunk-128-sm-16,success,,,/mnt/data/dheeraj/dicertation/inference-profile/runs/revised-full-20260414-g4-opt27b-c64-256/raw/points/prefill/prefill-facebook-opt-2-7b-chunk-128-sm-16.csv
facebook/opt-2.7b,128,gemm,v_proj,16,2,83.8719978928566,172143616,172798976,655360,655360,1024,2026-04-14T11:53:14Z,baseline_nvml_pt,nvidia-smi,ok,0.0,5.0,1695.0,7601.0,60.25,0.1934400051832199,167.5439453125,167.5439453125,3.375,True,,,,,unavailable,,prefill-facebook-opt-2-7b-chunk-128-sm-16,success,,,/mnt/data/dheeraj/dicertation/inference-profile/runs/revised-full-20260414-g4-opt27b-c64-256/raw/points/prefill/prefill-facebook-opt-2-7b-chunk-128-sm-16.csv
facebook/opt-2.7b,128,gemm,out_proj,16,2,78.68800312280655,172143616,172798976,655360,655360,1024,2026-04-14T11:53:14Z,baseline_nvml_pt,nvidia-smi,ok,0.0,5.0,1695.0,7601.0,60.25,0.1934400051832199,167.5439453125,167.5439453125,3.375,True,,,,,unavailable,,prefill-facebook-opt-2-7b-chunk-128-sm-16,success,,,/mnt/data/dheeraj/dicertation/inference-profile/runs/revised-full-20260414-g4-opt27b-c64-256/raw/points/prefill/prefill-facebook-opt-2-7b-chunk-128-sm-16.csv
facebook/opt-2.7b,128,gemm,fc1,16,2,190.43199717998505,172143616,175682560,3538944,2621440,1024,2026-04-14T11:53:14Z,baseline_nvml_pt,nvidia-smi,ok,0.0,5.0,1695.0,7601.0,60.25,0.1934400051832199,167.5439453125,167.5439453125,3.375,True,,,,,unavailable,,prefill-facebook-opt-2-7b-chunk-128-sm-16,success,,,/mnt/data/dheeraj/dicertation/inference-profile/runs/revised-full-20260414-g4-opt27b-c64-256/raw/points/prefill/prefill-facebook-opt-2-7b-chunk-128-sm-16.csv
facebook/opt-2.7b,128,gemm,fc2,16,2,175.10400712490082,172143616,172798976,655360,655360,1024,2026-04-14T11:53:14Z,baseline_nvml_pt,nvidia-smi,ok,0.0,5.0,1695.0,7601.0,60.25,0.1934400051832199,167.5439453125,167.5439453125,3.375,True,,,,,unavailable,,prefill-facebook-opt-2-7b-chunk-128-sm-16,success,,,/mnt/data/dheeraj/dicertation/inference-profile/runs/revised-full-20260414-g4-opt27b-c64-256/raw/points/prefill/prefill-facebook-opt-2-7b-chunk-128-sm-16.csv
facebook/opt-2.7b,128,attention,attention,16,2,57.34400078654289,172143616,172816384,672768,655360,1024,2026-04-14T11:53:14Z,baseline_nvml_pt,nvidia-smi,ok,0.0,5.0,1695.0,7601.0,60.25,0.1934400051832199,167.5439453125,167.5439453125,3.375,True,,,,,unavailable,,prefill-facebook-opt-2-7b-chunk-128-sm-16,success,,,/mnt/data/dheeraj/dicertation/inference-profile/runs/revised-full-20260414-g4-opt27b-c64-256/raw/points/prefill/prefill-facebook-opt-2-7b-chunk-128-sm-16.csv
facebook/opt-2.7b,128,gemm,q_proj,16,3,81.91999793052673,172143616,172798976,655360,655360,1024,2026-04-14T11:53:14Z,baseline_nvml_pt,nvidia-smi,ok,0.0,5.0,1695.0,7601.0,60.25,0.1934400051832199,167.5439453125,167.5439453125,3.375,True,,,,,unavailable,,prefill-facebook-opt-2-7b-chunk-128-sm-16,success,,,/mnt/data/dheeraj/dicertation/inference-profile/runs/revised-full-20260414-g4-opt27b-c64-256/raw/points/prefill/prefill-facebook-opt-2-7b-chunk-128-sm-16.csv
facebook/opt-2.7b,128,gemm,k_proj,16,3,77.69600301980972,172143616,172798976,655360,655360,1024,2026-04-14T11:53:14Z,baseline_nvml_pt,nvidia-smi,ok,0.0,5.0,1695.0,7601.0,60.25,0.1934400051832199,167.5439453125,167.5439453125,3.375,True,,,,,unavailable,,prefill-facebook-opt-2-7b-chunk-128-sm-16,success,,,/mnt/data/dheeraj/dicertation/inference-profile/runs/revised-full-20260414-g4-opt27b-c64-256/raw/points/prefill/prefill-facebook-opt-2-7b-chunk-128-sm-16.csv
facebook/opt-2.7b,128,gemm,v_proj,16,3,78.72000336647034,172143616,172798976,655360,655360,1024,2026-04-14T11:53:14Z,baseline_nvml_pt,nvidia-smi,ok,0.0,5.0,1695.0,7601.0,60.25,0.1934400051832199,167.5439453125,167.5439453125,3.375,True,,,,,unavailable,,prefill-facebook-opt-2-7b-chunk-128-sm-16,success,,,/mnt/data/dheeraj/dicertation/inference-profile/runs/revised-full-20260414-g4-opt27b-c64-256/raw/points/prefill/prefill-facebook-opt-2-7b-chunk-128-sm-16.csv
facebook/opt-2.7b,128,gemm,out_proj,16,3,78.84799689054489,172143616,172798976,655360,655360,1024,2026-04-14T11:53:14Z,baseline_nvml_pt,nvidia-smi,ok,0.0,5.0,1695.0,7601.0,60.25,0.1934400051832199,167.5439453125,167.5439453125,3.375,True,,,,,unavailable,,prefill-facebook-opt-2-7b-chunk-128-sm-16,success,,,/mnt/data/dheeraj/dicertation/inference-profile/runs/revised-full-20260414-g4-opt27b-c64-256/raw/points/prefill/prefill-facebook-opt-2-7b-chunk-128-sm-16.csv
facebook/opt-2.7b,128,gemm,fc1,16,3,188.4160041809082,172143616,175682560,3538944,2621440,1024,2026-04-14T11:53:14Z,baseline_nvml_pt,nvidia-smi,ok,0.0,5.0,1695.0,7601.0,60.25,0.1934400051832199,167.5439453125,167.5439453125,3.375,True,,,,,unavailable,,prefill-facebook-opt-2-7b-chunk-128-sm-16,success,,,/mnt/data/dheeraj/dicertation/inference-profile/runs/revised-full-20260414-g4-opt27b-c64-256/raw/points/prefill/prefill-facebook-opt-2-7b-chunk-128-sm-16.csv
facebook/opt-2.7b,128,gemm,fc2,16,3,167.87199676036835,172143616,172798976,655360,655360,1024,2026-04-14T11:53:14Z,baseline_nvml_pt,nvidia-smi,ok,0.0,5.0,1695.0,7601.0,60.25,0.1934400051832199,167.5439453125,167.5439453125,3.375,True,,,,,unavailable,,prefill-facebook-opt-2-7b-chunk-128-sm-16,success,,,/mnt/data/dheeraj/dicertation/inference-profile/runs/revised-full-20260414-g4-opt27b-c64-256/raw/points/prefill/prefill-facebook-opt-2-7b-chunk-128-sm-16.csv
facebook/opt-2.7b,128,attention,attention,16,3,55.296000093221664,172143616,172816384,672768,655360,1024,2026-04-14T11:53:14Z,baseline_nvml_pt,nvidia-smi,ok,0.0,5.0,1695.0,7601.0,60.25,0.1934400051832199,167.5439453125,167.5439453125,3.375,True,,,,,unavailable,,prefill-facebook-opt-2-7b-chunk-128-sm-16,success,,,/mnt/data/dheeraj/dicertation/inference-profile/runs/revised-full-20260414-g4-opt27b-c64-256/raw/points/prefill/prefill-facebook-opt-2-7b-chunk-128-sm-16.csv
facebook/opt-2.7b,128,gemm,q_proj,16,4,89.05600011348724,172143616,172798976,655360,655360,1024,2026-04-14T11:53:14Z,baseline_nvml_pt,nvidia-smi,ok,0.0,5.0,1695.0,7601.0,60.25,0.1934400051832199,167.5439453125,167.5439453125,3.375,True,,,,,unavailable,,prefill-facebook-opt-2-7b-chunk-128-sm-16,success,,,/mnt/data/dheeraj/dicertation/inference-profile/runs/revised-full-20260414-g4-opt27b-c64-256/raw/points/prefill/prefill-facebook-opt-2-7b-chunk-128-sm-16.csv
facebook/opt-2.7b,128,gemm,k_proj,16,4,77.82399654388428,172143616,172798976,655360,655360,1024,2026-04-14T11:53:14Z,baseline_nvml_pt,nvidia-smi,ok,0.0,5.0,1695.0,7601.0,60.25,0.1934400051832199,167.5439453125,167.5439453125,3.375,True,,,,,unavailable,,prefill-facebook-opt-2-7b-chunk-128-sm-16,success,,,/mnt/data/dheeraj/dicertation/inference-profile/runs/revised-full-20260414-g4-opt27b-c64-256/raw/points/prefill/prefill-facebook-opt-2-7b-chunk-128-sm-16.csv
facebook/opt-2.7b,128,gemm,v_proj,16,4,77.82399654388428,172143616,172798976,655360,655360,1024,2026-04-14T11:53:14Z,baseline_nvml_pt,nvidia-smi,ok,0.0,5.0,1695.0,7601.0,60.25,0.1934400051832199,167.5439453125,167.5439453125,3.375,True,,,,,unavailable,,prefill-facebook-opt-2-7b-chunk-128-sm-16,success,,,/mnt/data/dheeraj/dicertation/inference-profile/runs/revised-full-20260414-g4-opt27b-c64-256/raw/points/prefill/prefill-facebook-opt-2-7b-chunk-128-sm-16.csv
facebook/opt-2.7b,128,gemm,out_proj,16,4,77.82399654388428,172143616,172798976,655360,655360,1024,2026-04-14T11:53:14Z,baseline_nvml_pt,nvidia-smi,ok,0.0,5.0,1695.0,7601.0,60.25,0.1934400051832199,167.5439453125,167.5439453125,3.375,True,,,,,unavailable,,prefill-facebook-opt-2-7b-chunk-128-sm-16,success,,,/mnt/data/dheeraj/dicertation/inference-profile/runs/revised-full-20260414-g4-opt27b-c64-256/raw/points/prefill/prefill-facebook-opt-2-7b-chunk-128-sm-16.csv
facebook/opt-2.7b,128,gemm,fc1,16,4,189.43999707698822,172143616,175682560,3538944,2621440,1024,2026-04-14T11:53:14Z,baseline_nvml_pt,nvidia-smi,ok,0.0,5.0,1695.0,7601.0,60.25,0.1934400051832199,167.5439453125,167.5439453125,3.375,True,,,,,unavailable,,prefill-facebook-opt-2-7b-chunk-128-sm-16,success,,,/mnt/data/dheeraj/dicertation/inference-profile/runs/revised-full-20260414-g4-opt27b-c64-256/raw/points/prefill/prefill-facebook-opt-2-7b-chunk-128-sm-16.csv
facebook/opt-2.7b,128,gemm,fc2,16,4,163.83999586105347,172143616,172798976,655360,655360,1024,2026-04-14T11:53:14Z,baseline_nvml_pt,nvidia-smi,ok,0.0,5.0,1695.0,7601.0,60.25,0.1934400051832199,167.5439453125,167.5439453125,3.375,True,,,,,unavailable,,prefill-facebook-opt-2-7b-chunk-128-sm-16,success,,,/mnt/data/dheeraj/dicertation/inference-profile/runs/revised-full-20260414-g4-opt27b-c64-256/raw/points/prefill/prefill-facebook-opt-2-7b-chunk-128-sm-16.csv
facebook/opt-2.7b,128,attention,attention,16,4,54.30399999022484,172143616,172816384,672768,655360,1024,2026-04-14T11:53:14Z,baseline_nvml_pt,nvidia-smi,ok,0.0,5.0,1695.0,7601.0,60.25,0.1934400051832199,167.5439453125,167.5439453125,3.375,True,,,,,unavailable,,prefill-facebook-opt-2-7b-chunk-128-sm-16,success,,,/mnt/data/dheeraj/dicertation/inference-profile/runs/revised-full-20260414-g4-opt27b-c64-256/raw/points/prefill/prefill-facebook-opt-2-7b-chunk-128-sm-16.csv
facebook/opt-2.7b,128,gemm,q_proj,24,0,111.61600053310394,172143616,172798976,655360,655360,1024,2026-04-14T11:53:19Z,baseline_nvml_pt,nvidia-smi,ok,0.0,5.0,1695.0,7601.0,60.74,0.2006720006465912,167.5439453125,167.5439453125,3.375,True,,,,,unavailable,,prefill-facebook-opt-2-7b-chunk-128-sm-24,success,,,/mnt/data/dheeraj/dicertation/inference-profile/runs/revised-full-20260414-g4-opt27b-c64-256/raw/points/prefill/prefill-facebook-opt-2-7b-chunk-128-sm-24.csv
facebook/opt-2.7b,128,gemm,k_proj,24,0,92.16000139713287,172143616,172798976,655360,655360,1024,2026-04-14T11:53:19Z,baseline_nvml_pt,nvidia-smi,ok,0.0,5.0,1695.0,7601.0,60.74,0.2006720006465912,167.5439453125,167.5439453125,3.375,True,,,,,unavailable,,prefill-facebook-opt-2-7b-chunk-128-sm-24,success,,,/mnt/data/dheeraj/dicertation/inference-profile/runs/revised-full-20260414-g4-opt27b-c64-256/raw/points/prefill/prefill-facebook-opt-2-7b-chunk-128-sm-24.csv
facebook/opt-2.7b,128,gemm,v_proj,24,0,82.94399827718735,172143616,172798976,655360,655360,1024,2026-04-14T11:53:19Z,baseline_nvml_pt,nvidia-smi,ok,0.0,5.0,1695.0,7601.0,60.74,0.2006720006465912,167.5439453125,167.5439453125,3.375,True,,,,,unavailable,,prefill-facebook-opt-2-7b-chunk-128-sm-24,success,,,/mnt/data/dheeraj/dicertation/inference-profile/runs/revised-full-20260414-g4-opt27b-c64-256/raw/points/prefill/prefill-facebook-opt-2-7b-chunk-128-sm-24.csv
facebook/opt-2.7b,128,gemm,out_proj,24,0,82.84799754619598,172143616,172798976,655360,655360,1024,2026-04-14T11:53:19Z,baseline_nvml_pt,nvidia-smi,ok,0.0,5.0,1695.0,7601.0,60.74,0.2006720006465912,167.5439453125,167.5439453125,3.375,True,,,,,unavailable,,prefill-facebook-opt-2-7b-chunk-128-sm-24,success,,,/mnt/data/dheeraj/dicertation/inference-profile/runs/revised-full-20260414-g4-opt27b-c64-256/raw/points/prefill/prefill-facebook-opt-2-7b-chunk-128-sm-24.csv
facebook/opt-2.7b,128,gemm,fc1,24,0,197.60000705718994,172143616,175682560,3538944,2621440,1024,2026-04-14T11:53:19Z,baseline_nvml_pt,nvidia-smi,ok,0.0,5.0,1695.0,7601.0,60.74,0.2006720006465912,167.5439453125,167.5439453125,3.375,True,,,,,unavailable,,prefill-facebook-opt-2-7b-chunk-128-sm-24,success,,,/mnt/data/dheeraj/dicertation/inference-profile/runs/revised-full-20260414-g4-opt27b-c64-256/raw/points/prefill/prefill-facebook-opt-2-7b-chunk-128-sm-24.csv
facebook/opt-2.7b,128,gemm,fc2,24,0,168.96000504493713,172143616,172798976,655360,655360,1024,2026-04-14T11:53:19Z,baseline_nvml_pt,nvidia-smi,ok,0.0,5.0,1695.0,7601.0,60.74,0.2006720006465912,167.5439453125,167.5439453125,3.375,True,,,,,unavailable,,prefill-facebook-opt-2-7b-chunk-128-sm-24,success,,,/mnt/data/dheeraj/dicertation/inference-profile/runs/revised-full-20260414-g4-opt27b-c64-256/raw/points/prefill/prefill-facebook-opt-2-7b-chunk-128-sm-24.csv
facebook/opt-2.7b,128,attention,attention,24,0,61.59999966621399,172143616,172816384,672768,655360,1024,2026-04-14T11:53:19Z,baseline_nvml_pt,nvidia-smi,ok,0.0,5.0,1695.0,7601.0,60.74,0.2006720006465912,167.5439453125,167.5439453125,3.375,True,,,,,unavailable,,prefill-facebook-opt-2-7b-chunk-128-sm-24,success,,,/mnt/data/dheeraj/dicertation/inference-profile/runs/revised-full-20260414-g4-opt27b-c64-256/raw/points/prefill/prefill-facebook-opt-2-7b-chunk-128-sm-24.csv
facebook/opt-2.7b,128,gemm,q_proj,24,1,83.93599838018417,172143616,172798976,655360,655360,1024,2026-04-14T11:53:19Z,baseline_nvml_pt,nvidia-smi,ok,0.0,5.0,1695.0,7601.0,60.74,0.2006720006465912,167.5439453125,167.5439453125,3.375,True,,,,,unavailable,,prefill-facebook-opt-2-7b-chunk-128-sm-24,success,,,/mnt/data/dheeraj/dicertation/inference-profile/runs/revised-full-20260414-g4-opt27b-c64-256/raw/points/prefill/prefill-facebook-opt-2-7b-chunk-128-sm-24.csv
facebook/opt-2.7b,128,gemm,k_proj,24,1,83.96799862384796,172143616,172798976,655360,655360,1024,2026-04-14T11:53:19Z,baseline_nvml_pt,nvidia-smi,ok,0.0,5.0,1695.0,7601.0,60.74,0.2006720006465912,167.5439453125,167.5439453125,3.375,True,,,,,unavailable,,prefill-facebook-opt-2-7b-chunk-128-sm-24,success,,,/mnt/data/dheeraj/dicertation/inference-profile/runs/revised-full-20260414-g4-opt27b-c64-256/raw/points/prefill/prefill-facebook-opt-2-7b-chunk-128-sm-24.csv
facebook/opt-2.7b,128,gemm,v_proj,24,1,79.8719972372055,172143616,172798976,655360,655360,1024,2026-04-14T11:53:19Z,baseline_nvml_pt,nvidia-smi,ok,0.0,5.0,1695.0,7601.0,60.74,0.2006720006465912,167.5439453125,167.5439453125,3.375,True,,,,,unavailable,,prefill-facebook-opt-2-7b-chunk-128-sm-24,success,,,/mnt/data/dheeraj/dicertation/inference-profile/runs/revised-full-20260414-g4-opt27b-c64-256/raw/points/prefill/prefill-facebook-opt-2-7b-chunk-128-sm-24.csv
facebook/opt-2.7b,128,gemm,out_proj,24,1,78.84799689054489,172143616,172798976,655360,655360,1024,2026-04-14T11:53:19Z,baseline_nvml_pt,nvidia-smi,ok,0.0,5.0,1695.0,7601.0,60.74,0.2006720006465912,167.5439453125,167.5439453125,3.375,True,,,,,unavailable,,prefill-facebook-opt-2-7b-chunk-128-sm-24,success,,,/mnt/data/dheeraj/dicertation/inference-profile/runs/revised-full-20260414-g4-opt27b-c64-256/raw/points/prefill/prefill-facebook-opt-2-7b-chunk-128-sm-24.csv
facebook/opt-2.7b,128,gemm,fc1,24,1,193.53599846363068,172143616,175682560,3538944,2621440,1024,2026-04-14T11:53:19Z,baseline_nvml_pt,nvidia-smi,ok,0.0,5.0,1695.0,7601.0,60.74,0.2006720006465912,167.5439453125,167.5439453125,3.375,True,,,,,unavailable,,prefill-facebook-opt-2-7b-chunk-128-sm-24,success,,,/mnt/data/dheeraj/dicertation/inference-profile/runs/revised-full-20260414-g4-opt27b-c64-256/raw/points/prefill/prefill-facebook-opt-2-7b-chunk-128-sm-24.csv
facebook/opt-2.7b,128,gemm,fc2,24,1,166.9120043516159,172143616,172798976,655360,655360,1024,2026-04-14T11:53:19Z,baseline_nvml_pt,nvidia-smi,ok,0.0,5.0,1695.0,7601.0,60.74,0.2006720006465912,167.5439453125,167.5439453125,3.375,True,,,,,unavailable,,prefill-facebook-opt-2-7b-chunk-128-sm-24,success,,,/mnt/data/dheeraj/dicertation/inference-profile/runs/revised-full-20260414-g4-opt27b-c64-256/raw/points/prefill/prefill-facebook-opt-2-7b-chunk-128-sm-24.csv
facebook/opt-2.7b,128,attention,attention,24,1,81.91999793052673,172143616,172816384,672768,655360,1024,2026-04-14T11:53:19Z,baseline_nvml_pt,nvidia-smi,ok,0.0,5.0,1695.0,7601.0,60.74,0.2006720006465912,167.5439453125,167.5439453125,3.375,True,,,,,unavailable,,prefill-facebook-opt-2-7b-chunk-128-sm-24,success,,,/mnt/data/dheeraj/dicertation/inference-profile/runs/revised-full-20260414-g4-opt27b-c64-256/raw/points/prefill/prefill-facebook-opt-2-7b-chunk-128-sm-24.csv
facebook/opt-2.7b,128,gemm,q_proj,24,2,83.96799862384796,172143616,172798976,655360,655360,1024,2026-04-14T11:53:19Z,baseline_nvml_pt,nvidia-smi,ok,0.0,5.0,1695.0,7601.0,60.74,0.2006720006465912,167.5439453125,167.5439453125,3.375,True,,,,,unavailable,,prefill-facebook-opt-2-7b-chunk-128-sm-24,success,,,/mnt/data/dheeraj/dicertation/inference-profile/runs/revised-full-20260414-g4-opt27b-c64-256/raw/points/prefill/prefill-facebook-opt-2-7b-chunk-128-sm-24.csv
facebook/opt-2.7b,128,gemm,k_proj,24,2,79.8719972372055,172143616,172798976,655360,655360,1024,2026-04-14T11:53:19Z,baseline_nvml_pt,nvidia-smi,ok,0.0,5.0,1695.0,7601.0,60.74,0.2006720006465912,167.5439453125,167.5439453125,3.375,True,,,,,unavailable,,prefill-facebook-opt-2-7b-chunk-128-sm-24,success,,,/mnt/data/dheeraj/dicertation/inference-profile/runs/revised-full-20260414-g4-opt27b-c64-256/raw/points/prefill/prefill-facebook-opt-2-7b-chunk-128-sm-24.csv
facebook/opt-2.7b,128,gemm,v_proj,24,2,91.13600105047226,172143616,172798976,655360,655360,1024,2026-04-14T11:53:19Z,baseline_nvml_pt,nvidia-smi,ok,0.0,5.0,1695.0,7601.0,60.74,0.2006720006465912,167.5439453125,167.5439453125,3.375,True,,,,,unavailable,,prefill-facebook-opt-2-7b-chunk-128-sm-24,success,,,/mnt/data/dheeraj/dicertation/inference-profile/runs/revised-full-20260414-g4-opt27b-c64-256/raw/points/prefill/prefill-facebook-opt-2-7b-chunk-128-sm-24.csv
facebook/opt-2.7b,128,gemm,out_proj,24,2,78.84799689054489,172143616,172798976,655360,655360,1024,2026-04-14T11:53:19Z,baseline_nvml_pt,nvidia-smi,ok,0.0,5.0,1695.0,7601.0,60.74,0.2006720006465912,167.5439453125,167.5439453125,3.375,True,,,,,unavailable,,prefill-facebook-opt-2-7b-chunk-128-sm-24,success,,,/mnt/data/dheeraj/dicertation/inference-profile/runs/revised-full-20260414-g4-opt27b-c64-256/raw/points/prefill/prefill-facebook-opt-2-7b-chunk-128-sm-24.csv
facebook/opt-2.7b,128,gemm,fc1,24,2,200.6720006465912,172143616,175682560,3538944,2621440,1024,2026-04-14T11:53:19Z,baseline_nvml_pt,nvidia-smi,ok,0.0,5.0,1695.0,7601.0,60.74,0.2006720006465912,167.5439453125,167.5439453125,3.375,True,,,,,unavailable,,prefill-facebook-opt-2-7b-chunk-128-sm-24,success,,,/mnt/data/dheeraj/dicertation/inference-profile/runs/revised-full-20260414-g4-opt27b-c64-256/raw/points/prefill/prefill-facebook-opt-2-7b-chunk-128-sm-24.csv
facebook/opt-2.7b,128,gemm,fc2,24,2,167.93599724769592,172143616,172798976,655360,655360,1024,2026-04-14T11:53:19Z,baseline_nvml_pt,nvidia-smi,ok,0.0,5.0,1695.0,7601.0,60.74,0.2006720006465912,167.5439453125,167.5439453125,3.375,True,,,,,unavailable,,prefill-facebook-opt-2-7b-chunk-128-sm-24,success,,,/mnt/data/dheeraj/dicertation/inference-profile/runs/revised-full-20260414-g4-opt27b-c64-256/raw/points/prefill/prefill-facebook-opt-2-7b-chunk-128-sm-24.csv
facebook/opt-2.7b,128,attention,attention,24,2,60.575999319553375,172143616,172816384,672768,655360,1024,2026-04-14T11:53:19Z,baseline_nvml_pt,nvidia-smi,ok,0.0,5.0,1695.0,7601.0,60.74,0.2006720006465912,167.5439453125,167.5439453125,3.375,True,,,,,unavailable,,prefill-facebook-opt-2-7b-chunk-128-sm-24,success,,,/mnt/data/dheeraj/dicertation/inference-profile/runs/revised-full-20260414-g4-opt27b-c64-256/raw/points/prefill/prefill-facebook-opt-2-7b-chunk-128-sm-24.csv
facebook/opt-2.7b,128,gemm,q_proj,24,3,82.94399827718735,172143616,172798976,655360,655360,1024,2026-04-14T11:53:19Z,baseline_nvml_pt,nvidia-smi,ok,0.0,5.0,1695.0,7601.0,60.74,0.2006720006465912,167.5439453125,167.5439453125,3.375,True,,,,,unavailable,,prefill-facebook-opt-2-7b-chunk-128-sm-24,success,,,/mnt/data/dheeraj/dicertation/inference-profile/runs/revised-full-20260414-g4-opt27b-c64-256/raw/points/prefill/prefill-facebook-opt-2-7b-chunk-128-sm-24.csv
facebook/opt-2.7b,128,gemm,k_proj,24,3,79.8719972372055,172143616,172798976,655360,655360,1024,2026-04-14T11:53:19Z,baseline_nvml_pt,nvidia-smi,ok,0.0,5.0,1695.0,7601.0,60.74,0.2006720006465912,167.5439453125,167.5439453125,3.375,True,,,,,unavailable,,prefill-facebook-opt-2-7b-chunk-128-sm-24,success,,,/mnt/data/dheeraj/dicertation/inference-profile/runs/revised-full-20260414-g4-opt27b-c64-256/raw/points/prefill/prefill-facebook-opt-2-7b-chunk-128-sm-24.csv
facebook/opt-2.7b,128,gemm,v_proj,24,3,78.84799689054489,172143616,172798976,655360,655360,1024,2026-04-14T11:53:19Z,baseline_nvml_pt,nvidia-smi,ok,0.0,5.0,1695.0,7601.0,60.74,0.2006720006465912,167.5439453125,167.5439453125,3.375,True,,,,,unavailable,,prefill-facebook-opt-2-7b-chunk-128-sm-24,success,,,/mnt/data/dheeraj/dicertation/inference-profile/runs/revised-full-20260414-g4-opt27b-c64-256/raw/points/prefill/prefill-facebook-opt-2-7b-chunk-128-sm-24.csv
facebook/opt-2.7b,128,gemm,out_proj,24,3,84.99199897050858,172143616,172798976,655360,655360,1024,2026-04-14T11:53:19Z,baseline_nvml_pt,nvidia-smi,ok,0.0,5.0,1695.0,7601.0,60.74,0.2006720006465912,167.5439453125,167.5439453125,3.375,True,,,,,unavailable,,prefill-facebook-opt-2-7b-chunk-128-sm-24,success,,,/mnt/data/dheeraj/dicertation/inference-profile/runs/revised-full-20260414-g4-opt27b-c64-256/raw/points/prefill/prefill-facebook-opt-2-7b-chunk-128-sm-24.csv
facebook/opt-2.7b,128,gemm,fc1,24,3,192.51200556755066,172143616,175682560,3538944,2621440,1024,2026-04-14T11:53:19Z,baseline_nvml_pt,nvidia-smi,ok,0.0,5.0,1695.0,7601.0,60.74,0.2006720006465912,167.5439453125,167.5439453125,3.375,True,,,,,unavailable,,prefill-facebook-opt-2-7b-chunk-128-sm-24,success,,,/mnt/data/dheeraj/dicertation/inference-profile/runs/revised-full-20260414-g4-opt27b-c64-256/raw/points/prefill/prefill-facebook-opt-2-7b-chunk-128-sm-24.csv
facebook/opt-2.7b,128,gemm,fc2,24,3,166.9120043516159,172143616,172798976,655360,655360,1024,2026-04-14T11:53:19Z,baseline_nvml_pt,nvidia-smi,ok,0.0,5.0,1695.0,7601.0,60.74,0.2006720006465912,167.5439453125,167.5439453125,3.375,True,,,,,unavailable,,prefill-facebook-opt-2-7b-chunk-128-sm-24,success,,,/mnt/data/dheeraj/dicertation/inference-profile/runs/revised-full-20260414-g4-opt27b-c64-256/raw/points/prefill/prefill-facebook-opt-2-7b-chunk-128-sm-24.csv
facebook/opt-2.7b,128,attention,attention,24,3,57.34400078654289,172143616,172816384,672768,655360,1024,2026-04-14T11:53:19Z,baseline_nvml_pt,nvidia-smi,ok,0.0,5.0,1695.0,7601.0,60.74,0.2006720006465912,167.5439453125,167.5439453125,3.375,True,,,,,unavailable,,prefill-facebook-opt-2-7b-chunk-128-sm-24,success,,,/mnt/data/dheeraj/dicertation/inference-profile/runs/revised-full-20260414-g4-opt27b-c64-256/raw/points/prefill/prefill-facebook-opt-2-7b-chunk-128-sm-24.csv
facebook/opt-2.7b,128,gemm,q_proj,24,4,82.94399827718735,172143616,172798976,655360,655360,1024,2026-04-14T11:53:19Z,baseline_nvml_pt,nvidia-smi,ok,0.0,5.0,1695.0,7601.0,60.74,0.2006720006465912,167.5439453125,167.5439453125,3.375,True,,,,,unavailable,,prefill-facebook-opt-2-7b-chunk-128-sm-24,success,,,/mnt/data/dheeraj/dicertation/inference-profile/runs/revised-full-20260414-g4-opt27b-c64-256/raw/points/prefill/prefill-facebook-opt-2-7b-chunk-128-sm-24.csv
facebook/opt-2.7b,128,gemm,k_proj,24,4,78.84799689054489,172143616,172798976,655360,655360,1024,2026-04-14T11:53:19Z,baseline_nvml_pt,nvidia-smi,ok,0.0,5.0,1695.0,7601.0,60.74,0.2006720006465912,167.5439453125,167.5439453125,3.375,True,,,,,unavailable,,prefill-facebook-opt-2-7b-chunk-128-sm-24,success,,,/mnt/data/dheeraj/dicertation/inference-profile/runs/revised-full-20260414-g4-opt27b-c64-256/raw/points/prefill/prefill-facebook-opt-2-7b-chunk-128-sm-24.csv
facebook/opt-2.7b,128,gemm,v_proj,24,4,78.84799689054489,172143616,172798976,655360,655360,1024,2026-04-14T11:53:19Z,baseline_nvml_pt,nvidia-smi,ok,0.0,5.0,1695.0,7601.0,60.74,0.2006720006465912,167.5439453125,167.5439453125,3.375,True,,,,,unavailable,,prefill-facebook-opt-2-7b-chunk-128-sm-24,success,,,/mnt/data/dheeraj/dicertation/inference-profile/runs/revised-full-20260414-g4-opt27b-c64-256/raw/points/prefill/prefill-facebook-opt-2-7b-chunk-128-sm-24.csv
facebook/opt-2.7b,128,gemm,out_proj,24,4,79.71200346946716,172143616,172798976,655360,655360,1024,2026-04-14T11:53:19Z,baseline_nvml_pt,nvidia-smi,ok,0.0,5.0,1695.0,7601.0,60.74,0.2006720006465912,167.5439453125,167.5439453125,3.375,True,,,,,unavailable,,prefill-facebook-opt-2-7b-chunk-128-sm-24,success,,,/mnt/data/dheeraj/dicertation/inference-profile/runs/revised-full-20260414-g4-opt27b-c64-256/raw/points/prefill/prefill-facebook-opt-2-7b-chunk-128-sm-24.csv
facebook/opt-2.7b,128,gemm,fc1,24,4,190.5599981546402,172143616,175682560,3538944,2621440,1024,2026-04-14T11:53:19Z,baseline_nvml_pt,nvidia-smi,ok,0.0,5.0,1695.0,7601.0,60.74,0.2006720006465912,167.5439453125,167.5439453125,3.375,True,,,,,unavailable,,prefill-facebook-opt-2-7b-chunk-128-sm-24,success,,,/mnt/data/dheeraj/dicertation/inference-profile/runs/revised-full-20260414-g4-opt27b-c64-256/raw/points/prefill/prefill-facebook-opt-2-7b-chunk-128-sm-24.csv
facebook/opt-2.7b,128,gemm,fc2,24,4,166.9120043516159,172143616,172798976,655360,655360,1024,2026-04-14T11:53:19Z,baseline_nvml_pt,nvidia-smi,ok,0.0,5.0,1695.0,7601.0,60.74,0.2006720006465912,167.5439453125,167.5439453125,3.375,True,,,,,unavailable,,prefill-facebook-opt-2-7b-chunk-128-sm-24,success,,,/mnt/data/dheeraj/dicertation/inference-profile/runs/revised-full-20260414-g4-opt27b-c64-256/raw/points/prefill/prefill-facebook-opt-2-7b-chunk-128-sm-24.csv
facebook/opt-2.7b,128,attention,attention,24,4,56.32000043988228,172143616,172816384,672768,655360,1024,2026-04-14T11:53:19Z,baseline_nvml_pt,nvidia-smi,ok,0.0,5.0,1695.0,7601.0,60.74,0.2006720006465912,167.5439453125,167.5439453125,3.375,True,,,,,unavailable,,prefill-facebook-opt-2-7b-chunk-128-sm-24,success,,,/mnt/data/dheeraj/dicertation/inference-profile/runs/revised-full-20260414-g4-opt27b-c64-256/raw/points/prefill/prefill-facebook-opt-2-7b-chunk-128-sm-24.csv
facebook/opt-2.7b,128,gemm,q_proj,32,0,102.39999741315842,172143616,172798976,655360,655360,1024,2026-04-14T11:53:23Z,baseline_nvml_pt,nvidia-smi,ok,0.0,5.0,1695.0,7601.0,60.67,0.32470399141311646,167.5439453125,167.5439453125,3.375,True,,,,,unavailable,,prefill-facebook-opt-2-7b-chunk-128-sm-32,success,,,/mnt/data/dheeraj/dicertation/inference-profile/runs/revised-full-20260414-g4-opt27b-c64-256/raw/points/prefill/prefill-facebook-opt-2-7b-chunk-128-sm-32.csv
facebook/opt-2.7b,128,gemm,k_proj,32,0,324.70399141311646,172143616,172798976,655360,655360,1024,2026-04-14T11:53:23Z,baseline_nvml_pt,nvidia-smi,ok,0.0,5.0,1695.0,7601.0,60.67,0.32470399141311646,167.5439453125,167.5439453125,3.375,True,,,,,unavailable,,prefill-facebook-opt-2-7b-chunk-128-sm-32,success,,,/mnt/data/dheeraj/dicertation/inference-profile/runs/revised-full-20260414-g4-opt27b-c64-256/raw/points/prefill/prefill-facebook-opt-2-7b-chunk-128-sm-32.csv
facebook/opt-2.7b,128,gemm,v_proj,32,0,143.26399564743042,172143616,172798976,655360,655360,1024,2026-04-14T11:53:23Z,baseline_nvml_pt,nvidia-smi,ok,0.0,5.0,1695.0,7601.0,60.67,0.32470399141311646,167.5439453125,167.5439453125,3.375,True,,,,,unavailable,,prefill-facebook-opt-2-7b-chunk-128-sm-32,success,,,/mnt/data/dheeraj/dicertation/inference-profile/runs/revised-full-20260414-g4-opt27b-c64-256/raw/points/prefill/prefill-facebook-opt-2-7b-chunk-128-sm-32.csv
facebook/opt-2.7b,128,gemm,out_proj,32,0,101.3759970664978,172143616,172798976,655360,655360,1024,2026-04-14T11:53:23Z,baseline_nvml_pt,nvidia-smi,ok,0.0,5.0,1695.0,7601.0,60.67,0.32470399141311646,167.5439453125,167.5439453125,3.375,True,,,,,unavailable,,prefill-facebook-opt-2-7b-chunk-128-sm-32,success,,,/mnt/data/dheeraj/dicertation/inference-profile/runs/revised-full-20260414-g4-opt27b-c64-256/raw/points/prefill/prefill-facebook-opt-2-7b-chunk-128-sm-32.csv
facebook/opt-2.7b,128,gemm,fc1,32,0,235.52000522613525,172143616,175682560,3538944,2621440,1024,2026-04-14T11:53:23Z,baseline_nvml_pt,nvidia-smi,ok,0.0,5.0,1695.0,7601.0,60.67,0.32470399141311646,167.5439453125,167.5439453125,3.375,True,,,,,unavailable,,prefill-facebook-opt-2-7b-chunk-128-sm-32,success,,,/mnt/data/dheeraj/dicertation/inference-profile/runs/revised-full-20260414-g4-opt27b-c64-256/raw/points/prefill/prefill-facebook-opt-2-7b-chunk-128-sm-32.csv
facebook/opt-2.7b,128,gemm,fc2,32,0,176.12800002098083,172143616,172798976,655360,655360,1024,2026-04-14T11:53:23Z,baseline_nvml_pt,nvidia-smi,ok,0.0,5.0,1695.0,7601.0,60.67,0.32470399141311646,167.5439453125,167.5439453125,3.375,True,,,,,unavailable,,prefill-facebook-opt-2-7b-chunk-128-sm-32,success,,,/mnt/data/dheeraj/dicertation/inference-profile/runs/revised-full-20260414-g4-opt27b-c64-256/raw/points/prefill/prefill-facebook-opt-2-7b-chunk-128-sm-32.csv
facebook/opt-2.7b,128,attention,attention,32,0,113.76000195741653,172143616,172816384,672768,655360,1024,2026-04-14T11:53:23Z,baseline_nvml_pt,nvidia-smi,ok,0.0,5.0,1695.0,7601.0,60.67,0.32470399141311646,167.5439453125,167.5439453125,3.375,True,,,,,unavailable,,prefill-facebook-opt-2-7b-chunk-128-sm-32,success,,,/mnt/data/dheeraj/dicertation/inference-profile/runs/revised-full-20260414-g4-opt27b-c64-256/raw/points/prefill/prefill-facebook-opt-2-7b-chunk-128-sm-32.csv
facebook/opt-2.7b,128,gemm,q_proj,32,1,90.11200070381165,172143616,172798976,655360,655360,1024,2026-04-14T11:53:23Z,baseline_nvml_pt,nvidia-smi,ok,0.0,5.0,1695.0,7601.0,60.67,0.32470399141311646,167.5439453125,167.5439453125,3.375,True,,,,,unavailable,,prefill-facebook-opt-2-7b-chunk-128-sm-32,success,,,/mnt/data/dheeraj/dicertation/inference-profile/runs/revised-full-20260414-g4-opt27b-c64-256/raw/points/prefill/prefill-facebook-opt-2-7b-chunk-128-sm-32.csv
facebook/opt-2.7b,128,gemm,k_proj,32,1,84.99199897050858,172143616,172798976,655360,655360,1024,2026-04-14T11:53:23Z,baseline_nvml_pt,nvidia-smi,ok,0.0,5.0,1695.0,7601.0,60.67,0.32470399141311646,167.5439453125,167.5439453125,3.375,True,,,,,unavailable,,prefill-facebook-opt-2-7b-chunk-128-sm-32,success,,,/mnt/data/dheeraj/dicertation/inference-profile/runs/revised-full-20260414-g4-opt27b-c64-256/raw/points/prefill/prefill-facebook-opt-2-7b-chunk-128-sm-32.csv
facebook/opt-2.7b,128,gemm,v_proj,32,1,77.82399654388428,172143616,172798976,655360,655360,1024,2026-04-14T11:53:23Z,baseline_nvml_pt,nvidia-smi,ok,0.0,5.0,1695.0,7601.0,60.67,0.32470399141311646,167.5439453125,167.5439453125,3.375,True,,,,,unavailable,,prefill-facebook-opt-2-7b-chunk-128-sm-32,success,,,/mnt/data/dheeraj/dicertation/inference-profile/runs/revised-full-20260414-g4-opt27b-c64-256/raw/points/prefill/prefill-facebook-opt-2-7b-chunk-128-sm-32.csv
facebook/opt-2.7b,128,gemm,out_proj,32,1,78.84799689054489,172143616,172798976,655360,655360,1024,2026-04-14T11:53:23Z,baseline_nvml_pt,nvidia-smi,ok,0.0,5.0,1695.0,7601.0,60.67,0.32470399141311646,167.5439453125,167.5439453125,3.375,True,,,,,unavailable,,prefill-facebook-opt-2-7b-chunk-128-sm-32,success,,,/mnt/data/dheeraj/dicertation/inference-profile/runs/revised-full-20260414-g4-opt27b-c64-256/raw/points/prefill/prefill-facebook-opt-2-7b-chunk-128-sm-32.csv
facebook/opt-2.7b,128,gemm,fc1,32,1,202.7519941329956,172143616,175682560,3538944,2621440,1024,2026-04-14T11:53:23Z,baseline_nvml_pt,nvidia-smi,ok,0.0,5.0,1695.0,7601.0,60.67,0.32470399141311646,167.5439453125,167.5439453125,3.375,True,,,,,unavailable,,prefill-facebook-opt-2-7b-chunk-128-sm-32,success,,,/mnt/data/dheeraj/dicertation/inference-profile/runs/revised-full-20260414-g4-opt27b-c64-256/raw/points/prefill/prefill-facebook-opt-2-7b-chunk-128-sm-32.csv
facebook/opt-2.7b,128,gemm,fc2,32,1,165.8879965543747,172143616,172798976,655360,655360,1024,2026-04-14T11:53:23Z,baseline_nvml_pt,nvidia-smi,ok,0.0,5.0,1695.0,7601.0,60.67,0.32470399141311646,167.5439453125,167.5439453125,3.375,True,,,,,unavailable,,prefill-facebook-opt-2-7b-chunk-128-sm-32,success,,,/mnt/data/dheeraj/dicertation/inference-profile/runs/revised-full-20260414-g4-opt27b-c64-256/raw/points/prefill/prefill-facebook-opt-2-7b-chunk-128-sm-32.csv
facebook/opt-2.7b,128,attention,attention,32,1,69.63200122117996,172143616,172816384,672768,655360,1024,2026-04-14T11:53:23Z,baseline_nvml_pt,nvidia-smi,ok,0.0,5.0,1695.0,7601.0,60.67,0.32470399141311646,167.5439453125,167.5439453125,3.375,True,,,,,unavailable,,prefill-facebook-opt-2-7b-chunk-128-sm-32,success,,,/mnt/data/dheeraj/dicertation/inference-profile/runs/revised-full-20260414-g4-opt27b-c64-256/raw/points/prefill/prefill-facebook-opt-2-7b-chunk-128-sm-32.csv
facebook/opt-2.7b,128,gemm,q_proj,32,2,83.83999764919281,172143616,172798976,655360,655360,1024,2026-04-14T11:53:23Z,baseline_nvml_pt,nvidia-smi,ok,0.0,5.0,1695.0,7601.0,60.67,0.32470399141311646,167.5439453125,167.5439453125,3.375,True,,,,,unavailable,,prefill-facebook-opt-2-7b-chunk-128-sm-32,success,,,/mnt/data/dheeraj/dicertation/inference-profile/runs/revised-full-20260414-g4-opt27b-c64-256/raw/points/prefill/prefill-facebook-opt-2-7b-chunk-128-sm-32.csv
facebook/opt-2.7b,128,gemm,k_proj,32,2,79.8719972372055,172143616,172798976,655360,655360,1024,2026-04-14T11:53:23Z,baseline_nvml_pt,nvidia-smi,ok,0.0,5.0,1695.0,7601.0,60.67,0.32470399141311646,167.5439453125,167.5439453125,3.375,True,,,,,unavailable,,prefill-facebook-opt-2-7b-chunk-128-sm-32,success,,,/mnt/data/dheeraj/dicertation/inference-profile/runs/revised-full-20260414-g4-opt27b-c64-256/raw/points/prefill/prefill-facebook-opt-2-7b-chunk-128-sm-32.csv
facebook/opt-2.7b,128,gemm,v_proj,32,2,92.00000017881393,172143616,172798976,655360,655360,1024,2026-04-14T11:53:23Z,baseline_nvml_pt,nvidia-smi,ok,0.0,5.0,1695.0,7601.0,60.67,0.32470399141311646,167.5439453125,167.5439453125,3.375,True,,,,,unavailable,,prefill-facebook-opt-2-7b-chunk-128-sm-32,success,,,/mnt/data/dheeraj/dicertation/inference-profile/runs/revised-full-20260414-g4-opt27b-c64-256/raw/points/prefill/prefill-facebook-opt-2-7b-chunk-128-sm-32.csv
facebook/opt-2.7b,128,gemm,out_proj,32,2,83.96799862384796,172143616,172798976,655360,655360,1024,2026-04-14T11:53:23Z,baseline_nvml_pt,nvidia-smi,ok,0.0,5.0,1695.0,7601.0,60.67,0.32470399141311646,167.5439453125,167.5439453125,3.375,True,,,,,unavailable,,prefill-facebook-opt-2-7b-chunk-128-sm-32,success,,,/mnt/data/dheeraj/dicertation/inference-profile/runs/revised-full-20260414-g4-opt27b-c64-256/raw/points/prefill/prefill-facebook-opt-2-7b-chunk-128-sm-32.csv
facebook/opt-2.7b,128,gemm,fc1,32,2,202.59200036525726,172143616,175682560,3538944,2621440,1024,2026-04-14T11:53:23Z,baseline_nvml_pt,nvidia-smi,ok,0.0,5.0,1695.0,7601.0,60.67,0.32470399141311646,167.5439453125,167.5439453125,3.375,True,,,,,unavailable,,prefill-facebook-opt-2-7b-chunk-128-sm-32,success,,,/mnt/data/dheeraj/dicertation/inference-profile/runs/revised-full-20260414-g4-opt27b-c64-256/raw/points/prefill/prefill-facebook-opt-2-7b-chunk-128-sm-32.csv
facebook/opt-2.7b,128,gemm,fc2,32,2,165.8879965543747,172143616,172798976,655360,655360,1024,2026-04-14T11:53:23Z,baseline_nvml_pt,nvidia-smi,ok,0.0,5.0,1695.0,7601.0,60.67,0.32470399141311646,167.5439453125,167.5439453125,3.375,True,,,,,unavailable,,prefill-facebook-opt-2-7b-chunk-128-sm-32,success,,,/mnt/data/dheeraj/dicertation/inference-profile/runs/revised-full-20260414-g4-opt27b-c64-256/raw/points/prefill/prefill-facebook-opt-2-7b-chunk-128-sm-32.csv
facebook/opt-2.7b,128,attention,attention,32,2,67.58400052785873,172143616,172816384,672768,655360,1024,2026-04-14T11:53:23Z,baseline_nvml_pt,nvidia-smi,ok,0.0,5.0,1695.0,7601.0,60.67,0.32470399141311646,167.5439453125,167.5439453125,3.375,True,,,,,unavailable,,prefill-facebook-opt-2-7b-chunk-128-sm-32,success,,,/mnt/data/dheeraj/dicertation/inference-profile/runs/revised-full-20260414-g4-opt27b-c64-256/raw/points/prefill/prefill-facebook-opt-2-7b-chunk-128-sm-32.csv
facebook/opt-2.7b,128,gemm,q_proj,32,3,81.91999793052673,172143616,172798976,655360,655360,1024,2026-04-14T11:53:23Z,baseline_nvml_pt,nvidia-smi,ok,0.0,5.0,1695.0,7601.0,60.67,0.32470399141311646,167.5439453125,167.5439453125,3.375,True,,,,,unavailable,,prefill-facebook-opt-2-7b-chunk-128-sm-32,success,,,/mnt/data/dheeraj/dicertation/inference-profile/runs/revised-full-20260414-g4-opt27b-c64-256/raw/points/prefill/prefill-facebook-opt-2-7b-chunk-128-sm-32.csv
facebook/opt-2.7b,128,gemm,k_proj,32,3,76.80000364780426,172143616,172798976,655360,655360,1024,2026-04-14T11:53:23Z,baseline_nvml_pt,nvidia-smi,ok,0.0,5.0,1695.0,7601.0,60.67,0.32470399141311646,167.5439453125,167.5439453125,3.375,True,,,,,unavailable,,prefill-facebook-opt-2-7b-chunk-128-sm-32,success,,,/mnt/data/dheeraj/dicertation/inference-profile/runs/revised-full-20260414-g4-opt27b-c64-256/raw/points/prefill/prefill-facebook-opt-2-7b-chunk-128-sm-32.csv
facebook/opt-2.7b,128,gemm,v_proj,32,3,74.87999647855759,172143616,172798976,655360,655360,1024,2026-04-14T11:53:23Z,baseline_nvml_pt,nvidia-smi,ok,0.0,5.0,1695.0,7601.0,60.67,0.32470399141311646,167.5439453125,167.5439453125,3.375,True,,,,,unavailable,,prefill-facebook-opt-2-7b-chunk-128-sm-32,success,,,/mnt/data/dheeraj/dicertation/inference-profile/runs/revised-full-20260414-g4-opt27b-c64-256/raw/points/prefill/prefill-facebook-opt-2-7b-chunk-128-sm-32.csv
facebook/opt-2.7b,128,gemm,out_proj,32,3,78.84799689054489,172143616,172798976,655360,655360,1024,2026-04-14T11:53:23Z,baseline_nvml_pt,nvidia-smi,ok,0.0,5.0,1695.0,7601.0,60.67,0.32470399141311646,167.5439453125,167.5439453125,3.375,True,,,,,unavailable,,prefill-facebook-opt-2-7b-chunk-128-sm-32,success,,,/mnt/data/dheeraj/dicertation/inference-profile/runs/revised-full-20260414-g4-opt27b-c64-256/raw/points/prefill/prefill-facebook-opt-2-7b-chunk-128-sm-32.csv
facebook/opt-2.7b,128,gemm,fc1,32,3,193.53599846363068,172143616,175682560,3538944,2621440,1024,2026-04-14T11:53:23Z,baseline_nvml_pt,nvidia-smi,ok,0.0,5.0,1695.0,7601.0,60.67,0.32470399141311646,167.5439453125,167.5439453125,3.375,True,,,,,unavailable,,prefill-facebook-opt-2-7b-chunk-128-sm-32,success,,,/mnt/data/dheeraj/dicertation/inference-profile/runs/revised-full-20260414-g4-opt27b-c64-256/raw/points/prefill/prefill-facebook-opt-2-7b-chunk-128-sm-32.csv
facebook/opt-2.7b,128,gemm,fc2,32,3,166.9120043516159,172143616,172798976,655360,655360,1024,2026-04-14T11:53:23Z,baseline_nvml_pt,nvidia-smi,ok,0.0,5.0,1695.0,7601.0,60.67,0.32470399141311646,167.5439453125,167.5439453125,3.375,True,,,,,unavailable,,prefill-facebook-opt-2-7b-chunk-128-sm-32,success,,,/mnt/data/dheeraj/dicertation/inference-profile/runs/revised-full-20260414-g4-opt27b-c64-256/raw/points/prefill/prefill-facebook-opt-2-7b-chunk-128-sm-32.csv
facebook/opt-2.7b,128,attention,attention,32,3,60.416001826524734,172143616,172816384,672768,655360,1024,2026-04-14T11:53:23Z,baseline_nvml_pt,nvidia-smi,ok,0.0,5.0,1695.0,7601.0,60.67,0.32470399141311646,167.5439453125,167.5439453125,3.375,True,,,,,unavailable,,prefill-facebook-opt-2-7b-chunk-128-sm-32,success,,,/mnt/data/dheeraj/dicertation/inference-profile/runs/revised-full-20260414-g4-opt27b-c64-256/raw/points/prefill/prefill-facebook-opt-2-7b-chunk-128-sm-32.csv
facebook/opt-2.7b,128,gemm,q_proj,32,4,80.89599758386612,172143616,172798976,655360,655360,1024,2026-04-14T11:53:23Z,baseline_nvml_pt,nvidia-smi,ok,0.0,5.0,1695.0,7601.0,60.67,0.32470399141311646,167.5439453125,167.5439453125,3.375,True,,,,,unavailable,,prefill-facebook-opt-2-7b-chunk-128-sm-32,success,,,/mnt/data/dheeraj/dicertation/inference-profile/runs/revised-full-20260414-g4-opt27b-c64-256/raw/points/prefill/prefill-facebook-opt-2-7b-chunk-128-sm-32.csv
facebook/opt-2.7b,128,gemm,k_proj,32,4,77.82399654388428,172143616,172798976,655360,655360,1024,2026-04-14T11:53:23Z,baseline_nvml_pt,nvidia-smi,ok,0.0,5.0,1695.0,7601.0,60.67,0.32470399141311646,167.5439453125,167.5439453125,3.375,True,,,,,unavailable,,prefill-facebook-opt-2-7b-chunk-128-sm-32,success,,,/mnt/data/dheeraj/dicertation/inference-profile/runs/revised-full-20260414-g4-opt27b-c64-256/raw/points/prefill/prefill-facebook-opt-2-7b-chunk-128-sm-32.csv
facebook/opt-2.7b,128,gemm,v_proj,32,4,75.71200281381607,172143616,172798976,655360,655360,1024,2026-04-14T11:53:23Z,baseline_nvml_pt,nvidia-smi,ok,0.0,5.0,1695.0,7601.0,60.67,0.32470399141311646,167.5439453125,167.5439453125,3.375,True,,,,,unavailable,,prefill-facebook-opt-2-7b-chunk-128-sm-32,success,,,/mnt/data/dheeraj/dicertation/inference-profile/runs/revised-full-20260414-g4-opt27b-c64-256/raw/points/prefill/prefill-facebook-opt-2-7b-chunk-128-sm-32.csv
facebook/opt-2.7b,128,gemm,out_proj,32,4,77.82399654388428,172143616,172798976,655360,655360,1024,2026-04-14T11:53:23Z,baseline_nvml_pt,nvidia-smi,ok,0.0,5.0,1695.0,7601.0,60.67,0.32470399141311646,167.5439453125,167.5439453125,3.375,True,,,,,unavailable,,prefill-facebook-opt-2-7b-chunk-128-sm-32,success,,,/mnt/data/dheeraj/dicertation/inference-profile/runs/revised-full-20260414-g4-opt27b-c64-256/raw/points/prefill/prefill-facebook-opt-2-7b-chunk-128-sm-32.csv
facebook/opt-2.7b,128,gemm,fc1,32,4,191.39200448989868,172143616,175682560,3538944,2621440,1024,2026-04-14T11:53:23Z,baseline_nvml_pt,nvidia-smi,ok,0.0,5.0,1695.0,7601.0,60.67,0.32470399141311646,167.5439453125,167.5439453125,3.375,True,,,,,unavailable,,prefill-facebook-opt-2-7b-chunk-128-sm-32,success,,,/mnt/data/dheeraj/dicertation/inference-profile/runs/revised-full-20260414-g4-opt27b-c64-256/raw/points/prefill/prefill-facebook-opt-2-7b-chunk-128-sm-32.csv
facebook/opt-2.7b,128,gemm,fc2,32,4,164.86400365829468,172143616,172798976,655360,655360,1024,2026-04-14T11:53:23Z,baseline_nvml_pt,nvidia-smi,ok,0.0,5.0,1695.0,7601.0,60.67,0.32470399141311646,167.5439453125,167.5439453125,3.375,True,,,,,unavailable,,prefill-facebook-opt-2-7b-chunk-128-sm-32,success,,,/mnt/data/dheeraj/dicertation/inference-profile/runs/revised-full-20260414-g4-opt27b-c64-256/raw/points/prefill/prefill-facebook-opt-2-7b-chunk-128-sm-32.csv
facebook/opt-2.7b,128,attention,attention,32,4,56.32000043988228,172143616,172816384,672768,655360,1024,2026-04-14T11:53:23Z,baseline_nvml_pt,nvidia-smi,ok,0.0,5.0,1695.0,7601.0,60.67,0.32470399141311646,167.5439453125,167.5439453125,3.375,True,,,,,unavailable,,prefill-facebook-opt-2-7b-chunk-128-sm-32,success,,,/mnt/data/dheeraj/dicertation/inference-profile/runs/revised-full-20260414-g4-opt27b-c64-256/raw/points/prefill/prefill-facebook-opt-2-7b-chunk-128-sm-32.csv
facebook/opt-2.7b,256,gemm,q_proj,8,0,105.47199845314026,179352576,180663296,1310720,1310720,1024,2026-04-14T11:53:28Z,baseline_nvml_pt,nvidia-smi,ok,9.0,5.0,1695.0,7601.0,61.28,0.21503999829292297,176.0439453125,176.0439453125,5.0,True,,,,,unavailable,,prefill-facebook-opt-2-7b-chunk-256-sm-8,success,,,/mnt/data/dheeraj/dicertation/inference-profile/runs/revised-full-20260414-g4-opt27b-c64-256/raw/points/prefill/prefill-facebook-opt-2-7b-chunk-256-sm-8.csv
facebook/opt-2.7b,256,gemm,k_proj,8,0,101.3759970664978,179352576,180663296,1310720,1310720,1024,2026-04-14T11:53:28Z,baseline_nvml_pt,nvidia-smi,ok,9.0,5.0,1695.0,7601.0,61.28,0.21503999829292297,176.0439453125,176.0439453125,5.0,True,,,,,unavailable,,prefill-facebook-opt-2-7b-chunk-256-sm-8,success,,,/mnt/data/dheeraj/dicertation/inference-profile/runs/revised-full-20260414-g4-opt27b-c64-256/raw/points/prefill/prefill-facebook-opt-2-7b-chunk-256-sm-8.csv
facebook/opt-2.7b,256,gemm,v_proj,8,0,95.23200243711472,179352576,180663296,1310720,1310720,1024,2026-04-14T11:53:28Z,baseline_nvml_pt,nvidia-smi,ok,9.0,5.0,1695.0,7601.0,61.28,0.21503999829292297,176.0439453125,176.0439453125,5.0,True,,,,,unavailable,,prefill-facebook-opt-2-7b-chunk-256-sm-8,success,,,/mnt/data/dheeraj/dicertation/inference-profile/runs/revised-full-20260414-g4-opt27b-c64-256/raw/points/prefill/prefill-facebook-opt-2-7b-chunk-256-sm-8.csv
facebook/opt-2.7b,256,gemm,out_proj,8,0,95.16800194978714,179352576,180663296,1310720,1310720,1024,2026-04-14T11:53:28Z,baseline_nvml_pt,nvidia-smi,ok,9.0,5.0,1695.0,7601.0,61.28,0.21503999829292297,176.0439453125,176.0439453125,5.0,True,,,,,unavailable,,prefill-facebook-opt-2-7b-chunk-256-sm-8,success,,,/mnt/data/dheeraj/dicertation/inference-profile/runs/revised-full-20260414-g4-opt27b-c64-256/raw/points/prefill/prefill-facebook-opt-2-7b-chunk-256-sm-8.csv
facebook/opt-2.7b,256,gemm,fc1,8,0,211.96800470352173,179352576,184595456,5242880,5242880,1024,2026-04-14T11:53:28Z,baseline_nvml_pt,nvidia-smi,ok,9.0,5.0,1695.0,7601.0,61.28,0.21503999829292297,176.0439453125,176.0439453125,5.0,True,,,,,unavailable,,prefill-facebook-opt-2-7b-chunk-256-sm-8,success,,,/mnt/data/dheeraj/dicertation/inference-profile/runs/revised-full-20260414-g4-opt27b-c64-256/raw/points/prefill/prefill-facebook-opt-2-7b-chunk-256-sm-8.csv
facebook/opt-2.7b,256,gemm,fc2,8,0,215.03999829292297,179352576,180663296,1310720,1310720,1024,2026-04-14T11:53:28Z,baseline_nvml_pt,nvidia-smi,ok,9.0,5.0,1695.0,7601.0,61.28,0.21503999829292297,176.0439453125,176.0439453125,5.0,True,,,,,unavailable,,prefill-facebook-opt-2-7b-chunk-256-sm-8,success,,,/mnt/data/dheeraj/dicertation/inference-profile/runs/revised-full-20260414-g4-opt27b-c64-256/raw/points/prefill/prefill-facebook-opt-2-7b-chunk-256-sm-8.csv
facebook/opt-2.7b,256,attention,attention,8,0,57.34400078654289,179352576,180697088,1344512,1310720,1024,2026-04-14T11:53:28Z,baseline_nvml_pt,nvidia-smi,ok,9.0,5.0,1695.0,7601.0,61.28,0.21503999829292297,176.0439453125,176.0439453125,5.0,True,,,,,unavailable,,prefill-facebook-opt-2-7b-chunk-256-sm-8,success,,,/mnt/data/dheeraj/dicertation/inference-profile/runs/revised-full-20260414-g4-opt27b-c64-256/raw/points/prefill/prefill-facebook-opt-2-7b-chunk-256-sm-8.csv
facebook/opt-2.7b,256,gemm,q_proj,8,1,98.30400347709656,179352576,180663296,1310720,1310720,1024,2026-04-14T11:53:28Z,baseline_nvml_pt,nvidia-smi,ok,9.0,5.0,1695.0,7601.0,61.28,0.21503999829292297,176.0439453125,176.0439453125,5.0,True,,,,,unavailable,,prefill-facebook-opt-2-7b-chunk-256-sm-8,success,,,/mnt/data/dheeraj/dicertation/inference-profile/runs/revised-full-20260414-g4-opt27b-c64-256/raw/points/prefill/prefill-facebook-opt-2-7b-chunk-256-sm-8.csv
facebook/opt-2.7b,256,gemm,k_proj,8,1,96.25600278377533,179352576,180663296,1310720,1310720,1024,2026-04-14T11:53:28Z,baseline_nvml_pt,nvidia-smi,ok,9.0,5.0,1695.0,7601.0,61.28,0.21503999829292297,176.0439453125,176.0439453125,5.0,True,,,,,unavailable,,prefill-facebook-opt-2-7b-chunk-256-sm-8,success,,,/mnt/data/dheeraj/dicertation/inference-profile/runs/revised-full-20260414-g4-opt27b-c64-256/raw/points/prefill/prefill-facebook-opt-2-7b-chunk-256-sm-8.csv
facebook/opt-2.7b,256,gemm,v_proj,8,1,91.13600105047226,179352576,180663296,1310720,1310720,1024,2026-04-14T11:53:28Z,baseline_nvml_pt,nvidia-smi,ok,9.0,5.0,1695.0,7601.0,61.28,0.21503999829292297,176.0439453125,176.0439453125,5.0,True,,,,,unavailable,,prefill-facebook-opt-2-7b-chunk-256-sm-8,success,,,/mnt/data/dheeraj/dicertation/inference-profile/runs/revised-full-20260414-g4-opt27b-c64-256/raw/points/prefill/prefill-facebook-opt-2-7b-chunk-256-sm-8.csv
facebook/opt-2.7b,256,gemm,out_proj,8,1,95.2640026807785,179352576,180663296,1310720,1310720,1024,2026-04-14T11:53:28Z,baseline_nvml_pt,nvidia-smi,ok,9.0,5.0,1695.0,7601.0,61.28,0.21503999829292297,176.0439453125,176.0439453125,5.0,True,,,,,unavailable,,prefill-facebook-opt-2-7b-chunk-256-sm-8,success,,,/mnt/data/dheeraj/dicertation/inference-profile/runs/revised-full-20260414-g4-opt27b-c64-256/raw/points/prefill/prefill-facebook-opt-2-7b-chunk-256-sm-8.csv
facebook/opt-2.7b,256,gemm,fc1,8,1,209.9200040102005,179352576,184595456,5242880,5242880,1024,2026-04-14T11:53:28Z,baseline_nvml_pt,nvidia-smi,ok,9.0,5.0,1695.0,7601.0,61.28,0.21503999829292297,176.0439453125,176.0439453125,5.0,True,,,,,unavailable,,prefill-facebook-opt-2-7b-chunk-256-sm-8,success,,,/mnt/data/dheeraj/dicertation/inference-profile/runs/revised-full-20260414-g4-opt27b-c64-256/raw/points/prefill/prefill-facebook-opt-2-7b-chunk-256-sm-8.csv
facebook/opt-2.7b,256,gemm,fc2,8,1,211.96800470352173,179352576,180663296,1310720,1310720,1024,2026-04-14T11:53:28Z,baseline_nvml_pt,nvidia-smi,ok,9.0,5.0,1695.0,7601.0,61.28,0.21503999829292297,176.0439453125,176.0439453125,5.0,True,,,,,unavailable,,prefill-facebook-opt-2-7b-chunk-256-sm-8,success,,,/mnt/data/dheeraj/dicertation/inference-profile/runs/revised-full-20260414-g4-opt27b-c64-256/raw/points/prefill/prefill-facebook-opt-2-7b-chunk-256-sm-8.csv
facebook/opt-2.7b,256,attention,attention,8,1,55.296000093221664,179352576,180697088,1344512,1310720,1024,2026-04-14T11:53:28Z,baseline_nvml_pt,nvidia-smi,ok,9.0,5.0,1695.0,7601.0,61.28,0.21503999829292297,176.0439453125,176.0439453125,5.0,True,,,,,unavailable,,prefill-facebook-opt-2-7b-chunk-256-sm-8,success,,,/mnt/data/dheeraj/dicertation/inference-profile/runs/revised-full-20260414-g4-opt27b-c64-256/raw/points/prefill/prefill-facebook-opt-2-7b-chunk-256-sm-8.csv
facebook/opt-2.7b,256,gemm,q_proj,8,2,97.28000313043594,179352576,180663296,1310720,1310720,1024,2026-04-14T11:53:28Z,baseline_nvml_pt,nvidia-smi,ok,9.0,5.0,1695.0,7601.0,61.28,0.21503999829292297,176.0439453125,176.0439453125,5.0,True,,,,,unavailable,,prefill-facebook-opt-2-7b-chunk-256-sm-8,success,,,/mnt/data/dheeraj/dicertation/inference-profile/runs/revised-full-20260414-g4-opt27b-c64-256/raw/points/prefill/prefill-facebook-opt-2-7b-chunk-256-sm-8.csv
facebook/opt-2.7b,256,gemm,k_proj,8,2,93.18400174379349,179352576,180663296,1310720,1310720,1024,2026-04-14T11:53:28Z,baseline_nvml_pt,nvidia-smi,ok,9.0,5.0,1695.0,7601.0,61.28,0.21503999829292297,176.0439453125,176.0439453125,5.0,True,,,,,unavailable,,prefill-facebook-opt-2-7b-chunk-256-sm-8,success,,,/mnt/data/dheeraj/dicertation/inference-profile/runs/revised-full-20260414-g4-opt27b-c64-256/raw/points/prefill/prefill-facebook-opt-2-7b-chunk-256-sm-8.csv
facebook/opt-2.7b,256,gemm,v_proj,8,2,105.47199845314026,179352576,180663296,1310720,1310720,1024,2026-04-14T11:53:28Z,baseline_nvml_pt,nvidia-smi,ok,9.0,5.0,1695.0,7601.0,61.28,0.21503999829292297,176.0439453125,176.0439453125,5.0,True,,,,,unavailable,,prefill-facebook-opt-2-7b-chunk-256-sm-8,success,,,/mnt/data/dheeraj/dicertation/inference-profile/runs/revised-full-20260414-g4-opt27b-c64-256/raw/points/prefill/prefill-facebook-opt-2-7b-chunk-256-sm-8.csv
facebook/opt-2.7b,256,gemm,out_proj,8,2,92.16000139713287,179352576,180663296,1310720,1310720,1024,2026-04-14T11:53:28Z,baseline_nvml_pt,nvidia-smi,ok,9.0,5.0,1695.0,7601.0,61.28,0.21503999829292297,176.0439453125,176.0439453125,5.0,True,,,,,unavailable,,prefill-facebook-opt-2-7b-chunk-256-sm-8,success,,,/mnt/data/dheeraj/dicertation/inference-profile/runs/revised-full-20260414-g4-opt27b-c64-256/raw/points/prefill/prefill-facebook-opt-2-7b-chunk-256-sm-8.csv
facebook/opt-2.7b,256,gemm,fc1,8,2,211.96800470352173,179352576,184595456,5242880,5242880,1024,2026-04-14T11:53:28Z,baseline_nvml_pt,nvidia-smi,ok,9.0,5.0,1695.0,7601.0,61.28,0.21503999829292297,176.0439453125,176.0439453125,5.0,True,,,,,unavailable,,prefill-facebook-opt-2-7b-chunk-256-sm-8,success,,,/mnt/data/dheeraj/dicertation/inference-profile/runs/revised-full-20260414-g4-opt27b-c64-256/raw/points/prefill/prefill-facebook-opt-2-7b-chunk-256-sm-8.csv
facebook/opt-2.7b,256,gemm,fc2,8,2,212.99199759960175,179352576,180663296,1310720,1310720,1024,2026-04-14T11:53:28Z,baseline_nvml_pt,nvidia-smi,ok,9.0,5.0,1695.0,7601.0,61.28,0.21503999829292297,176.0439453125,176.0439453125,5.0,True,,,,,unavailable,,prefill-facebook-opt-2-7b-chunk-256-sm-8,success,,,/mnt/data/dheeraj/dicertation/inference-profile/runs/revised-full-20260414-g4-opt27b-c64-256/raw/points/prefill/prefill-facebook-opt-2-7b-chunk-256-sm-8.csv
facebook/opt-2.7b,256,attention,attention,8,2,57.34400078654289,179352576,180697088,1344512,1310720,1024,2026-04-14T11:53:28Z,baseline_nvml_pt,nvidia-smi,ok,9.0,5.0,1695.0,7601.0,61.28,0.21503999829292297,176.0439453125,176.0439453125,5.0,True,,,,,unavailable,,prefill-facebook-opt-2-7b-chunk-256-sm-8,success,,,/mnt/data/dheeraj/dicertation/inference-profile/runs/revised-full-20260414-g4-opt27b-c64-256/raw/points/prefill/prefill-facebook-opt-2-7b-chunk-256-sm-8.csv
facebook/opt-2.7b,256,gemm,q_proj,8,3,96.25600278377533,179352576,180663296,1310720,1310720,1024,2026-04-14T11:53:28Z,baseline_nvml_pt,nvidia-smi,ok,9.0,5.0,1695.0,7601.0,61.28,0.21503999829292297,176.0439453125,176.0439453125,5.0,True,,,,,unavailable,,prefill-facebook-opt-2-7b-chunk-256-sm-8,success,,,/mnt/data/dheeraj/dicertation/inference-profile/runs/revised-full-20260414-g4-opt27b-c64-256/raw/points/prefill/prefill-facebook-opt-2-7b-chunk-256-sm-8.csv
facebook/opt-2.7b,256,gemm,k_proj,8,3,91.13600105047226,179352576,180663296,1310720,1310720,1024,2026-04-14T11:53:28Z,baseline_nvml_pt,nvidia-smi,ok,9.0,5.0,1695.0,7601.0,61.28,0.21503999829292297,176.0439453125,176.0439453125,5.0,True,,,,,unavailable,,prefill-facebook-opt-2-7b-chunk-256-sm-8,success,,,/mnt/data/dheeraj/dicertation/inference-profile/runs/revised-full-20260414-g4-opt27b-c64-256/raw/points/prefill/prefill-facebook-opt-2-7b-chunk-256-sm-8.csv
facebook/opt-2.7b,256,gemm,v_proj,8,3,98.30400347709656,179352576,180663296,1310720,1310720,1024,2026-04-14T11:53:28Z,baseline_nvml_pt,nvidia-smi,ok,9.0,5.0,1695.0,7601.0,61.28,0.21503999829292297,176.0439453125,176.0439453125,5.0,True,,,,,unavailable,,prefill-facebook-opt-2-7b-chunk-256-sm-8,success,,,/mnt/data/dheeraj/dicertation/inference-profile/runs/revised-full-20260414-g4-opt27b-c64-256/raw/points/prefill/prefill-facebook-opt-2-7b-chunk-256-sm-8.csv
facebook/opt-2.7b,256,gemm,out_proj,8,3,93.18400174379349,179352576,180663296,1310720,1310720,1024,2026-04-14T11:53:28Z,baseline_nvml_pt,nvidia-smi,ok,9.0,5.0,1695.0,7601.0,61.28,0.21503999829292297,176.0439453125,176.0439453125,5.0,True,,,,,unavailable,,prefill-facebook-opt-2-7b-chunk-256-sm-8,success,,,/mnt/data/dheeraj/dicertation/inference-profile/runs/revised-full-20260414-g4-opt27b-c64-256/raw/points/prefill/prefill-facebook-opt-2-7b-chunk-256-sm-8.csv
facebook/opt-2.7b,256,gemm,fc1,8,3,210.94399690628052,179352576,184595456,5242880,5242880,1024,2026-04-14T11:53:28Z,baseline_nvml_pt,nvidia-smi,ok,9.0,5.0,1695.0,7601.0,61.28,0.21503999829292297,176.0439453125,176.0439453125,5.0,True,,,,,unavailable,,prefill-facebook-opt-2-7b-chunk-256-sm-8,success,,,/mnt/data/dheeraj/dicertation/inference-profile/runs/revised-full-20260414-g4-opt27b-c64-256/raw/points/prefill/prefill-facebook-opt-2-7b-chunk-256-sm-8.csv
facebook/opt-2.7b,256,gemm,fc2,8,3,214.01600539684296,179352576,180663296,1310720,1310720,1024,2026-04-14T11:53:28Z,baseline_nvml_pt,nvidia-smi,ok,9.0,5.0,1695.0,7601.0,61.28,0.21503999829292297,176.0439453125,176.0439453125,5.0,True,,,,,unavailable,,prefill-facebook-opt-2-7b-chunk-256-sm-8,success,,,/mnt/data/dheeraj/dicertation/inference-profile/runs/revised-full-20260414-g4-opt27b-c64-256/raw/points/prefill/prefill-facebook-opt-2-7b-chunk-256-sm-8.csv
facebook/opt-2.7b,256,attention,attention,8,3,54.27199974656105,179352576,180697088,1344512,1310720,1024,2026-04-14T11:53:28Z,baseline_nvml_pt,nvidia-smi,ok,9.0,5.0,1695.0,7601.0,61.28,0.21503999829292297,176.0439453125,176.0439453125,5.0,True,,,,,unavailable,,prefill-facebook-opt-2-7b-chunk-256-sm-8,success,,,/mnt/data/dheeraj/dicertation/inference-profile/runs/revised-full-20260414-g4-opt27b-c64-256/raw/points/prefill/prefill-facebook-opt-2-7b-chunk-256-sm-8.csv
facebook/opt-2.7b,256,gemm,q_proj,8,4,97.28000313043594,179352576,180663296,1310720,1310720,1024,2026-04-14T11:53:28Z,baseline_nvml_pt,nvidia-smi,ok,9.0,5.0,1695.0,7601.0,61.28,0.21503999829292297,176.0439453125,176.0439453125,5.0,True,,,,,unavailable,,prefill-facebook-opt-2-7b-chunk-256-sm-8,success,,,/mnt/data/dheeraj/dicertation/inference-profile/runs/revised-full-20260414-g4-opt27b-c64-256/raw/points/prefill/prefill-facebook-opt-2-7b-chunk-256-sm-8.csv
facebook/opt-2.7b,256,gemm,k_proj,8,4,93.18400174379349,179352576,180663296,1310720,1310720,1024,2026-04-14T11:53:28Z,baseline_nvml_pt,nvidia-smi,ok,9.0,5.0,1695.0,7601.0,61.28,0.21503999829292297,176.0439453125,176.0439453125,5.0,True,,,,,unavailable,,prefill-facebook-opt-2-7b-chunk-256-sm-8,success,,,/mnt/data/dheeraj/dicertation/inference-profile/runs/revised-full-20260414-g4-opt27b-c64-256/raw/points/prefill/prefill-facebook-opt-2-7b-chunk-256-sm-8.csv
facebook/opt-2.7b,256,gemm,v_proj,8,4,90.11200070381165,179352576,180663296,1310720,1310720,1024,2026-04-14T11:53:28Z,baseline_nvml_pt,nvidia-smi,ok,9.0,5.0,1695.0,7601.0,61.28,0.21503999829292297,176.0439453125,176.0439453125,5.0,True,,,,,unavailable,,prefill-facebook-opt-2-7b-chunk-256-sm-8,success,,,/mnt/data/dheeraj/dicertation/inference-profile/runs/revised-full-20260414-g4-opt27b-c64-256/raw/points/prefill/prefill-facebook-opt-2-7b-chunk-256-sm-8.csv
facebook/opt-2.7b,256,gemm,out_proj,8,4,91.13600105047226,179352576,180663296,1310720,1310720,1024,2026-04-14T11:53:28Z,baseline_nvml_pt,nvidia-smi,ok,9.0,5.0,1695.0,7601.0,61.28,0.21503999829292297,176.0439453125,176.0439453125,5.0,True,,,,,unavailable,,prefill-facebook-opt-2-7b-chunk-256-sm-8,success,,,/mnt/data/dheeraj/dicertation/inference-profile/runs/revised-full-20260414-g4-opt27b-c64-256/raw/points/prefill/prefill-facebook-opt-2-7b-chunk-256-sm-8.csv
facebook/opt-2.7b,256,gemm,fc1,8,4,210.94399690628052,179352576,184595456,5242880,5242880,1024,2026-04-14T11:53:28Z,baseline_nvml_pt,nvidia-smi,ok,9.0,5.0,1695.0,7601.0,61.28,0.21503999829292297,176.0439453125,176.0439453125,5.0,True,,,,,unavailable,,prefill-facebook-opt-2-7b-chunk-256-sm-8,success,,,/mnt/data/dheeraj/dicertation/inference-profile/runs/revised-full-20260414-g4-opt27b-c64-256/raw/points/prefill/prefill-facebook-opt-2-7b-chunk-256-sm-8.csv
facebook/opt-2.7b,256,gemm,fc2,8,4,209.9200040102005,179352576,180663296,1310720,1310720,1024,2026-04-14T11:53:28Z,baseline_nvml_pt,nvidia-smi,ok,9.0,5.0,1695.0,7601.0,61.28,0.21503999829292297,176.0439453125,176.0439453125,5.0,True,,,,,unavailable,,prefill-facebook-opt-2-7b-chunk-256-sm-8,success,,,/mnt/data/dheeraj/dicertation/inference-profile/runs/revised-full-20260414-g4-opt27b-c64-256/raw/points/prefill/prefill-facebook-opt-2-7b-chunk-256-sm-8.csv
facebook/opt-2.7b,256,attention,attention,8,4,60.416001826524734,179352576,180697088,1344512,1310720,1024,2026-04-14T11:53:28Z,baseline_nvml_pt,nvidia-smi,ok,9.0,5.0,1695.0,7601.0,61.28,0.21503999829292297,176.0439453125,176.0439453125,5.0,True,,,,,unavailable,,prefill-facebook-opt-2-7b-chunk-256-sm-8,success,,,/mnt/data/dheeraj/dicertation/inference-profile/runs/revised-full-20260414-g4-opt27b-c64-256/raw/points/prefill/prefill-facebook-opt-2-7b-chunk-256-sm-8.csv
facebook/opt-2.7b,256,gemm,q_proj,16,0,113.56800049543381,179352576,180663296,1310720,1310720,1024,2026-04-14T11:53:32Z,baseline_nvml_pt,nvidia-smi,ok,0.0,5.0,1695.0,7601.0,61.16,0.21500800549983978,176.0439453125,176.0439453125,5.0,True,,,,,unavailable,,prefill-facebook-opt-2-7b-chunk-256-sm-16,success,,,/mnt/data/dheeraj/dicertation/inference-profile/runs/revised-full-20260414-g4-opt27b-c64-256/raw/points/prefill/prefill-facebook-opt-2-7b-chunk-256-sm-16.csv
facebook/opt-2.7b,256,gemm,k_proj,16,0,102.27199643850327,179352576,180663296,1310720,1310720,1024,2026-04-14T11:53:32Z,baseline_nvml_pt,nvidia-smi,ok,0.0,5.0,1695.0,7601.0,61.16,0.21500800549983978,176.0439453125,176.0439453125,5.0,True,,,,,unavailable,,prefill-facebook-opt-2-7b-chunk-256-sm-16,success,,,/mnt/data/dheeraj/dicertation/inference-profile/runs/revised-full-20260414-g4-opt27b-c64-256/raw/points/prefill/prefill-facebook-opt-2-7b-chunk-256-sm-16.csv
facebook/opt-2.7b,256,gemm,v_proj,16,0,95.20000219345093,179352576,180663296,1310720,1310720,1024,2026-04-14T11:53:32Z,baseline_nvml_pt,nvidia-smi,ok,0.0,5.0,1695.0,7601.0,61.16,0.21500800549983978,176.0439453125,176.0439453125,5.0,True,,,,,unavailable,,prefill-facebook-opt-2-7b-chunk-256-sm-16,success,,,/mnt/data/dheeraj/dicertation/inference-profile/runs/revised-full-20260414-g4-opt27b-c64-256/raw/points/prefill/prefill-facebook-opt-2-7b-chunk-256-sm-16.csv
facebook/opt-2.7b,256,gemm,out_proj,16,0,94.2080020904541,179352576,180663296,1310720,1310720,1024,2026-04-14T11:53:32Z,baseline_nvml_pt,nvidia-smi,ok,0.0,5.0,1695.0,7601.0,61.16,0.21500800549983978,176.0439453125,176.0439453125,5.0,True,,,,,unavailable,,prefill-facebook-opt-2-7b-chunk-256-sm-16,success,,,/mnt/data/dheeraj/dicertation/inference-profile/runs/revised-full-20260414-g4-opt27b-c64-256/raw/points/prefill/prefill-facebook-opt-2-7b-chunk-256-sm-16.csv
facebook/opt-2.7b,256,gemm,fc1,16,0,214.01600539684296,179352576,184595456,5242880,5242880,1024,2026-04-14T11:53:32Z,baseline_nvml_pt,nvidia-smi,ok,0.0,5.0,1695.0,7601.0,61.16,0.21500800549983978,176.0439453125,176.0439453125,5.0,True,,,,,unavailable,,prefill-facebook-opt-2-7b-chunk-256-sm-16,success,,,/mnt/data/dheeraj/dicertation/inference-profile/runs/revised-full-20260414-g4-opt27b-c64-256/raw/points/prefill/prefill-facebook-opt-2-7b-chunk-256-sm-16.csv
facebook/opt-2.7b,256,gemm,fc2,16,0,214.01600539684296,179352576,180663296,1310720,1310720,1024,2026-04-14T11:53:32Z,baseline_nvml_pt,nvidia-smi,ok,0.0,5.0,1695.0,7601.0,61.16,0.21500800549983978,176.0439453125,176.0439453125,5.0,True,,,,,unavailable,,prefill-facebook-opt-2-7b-chunk-256-sm-16,success,,,/mnt/data/dheeraj/dicertation/inference-profile/runs/revised-full-20260414-g4-opt27b-c64-256/raw/points/prefill/prefill-facebook-opt-2-7b-chunk-256-sm-16.csv
facebook/opt-2.7b,256,attention,attention,16,0,57.34400078654289,179352576,180697088,1344512,1310720,1024,2026-04-14T11:53:32Z,baseline_nvml_pt,nvidia-smi,ok,0.0,5.0,1695.0,7601.0,61.16,0.21500800549983978,176.0439453125,176.0439453125,5.0,True,,,,,unavailable,,prefill-facebook-opt-2-7b-chunk-256-sm-16,success,,,/mnt/data/dheeraj/dicertation/inference-profile/runs/revised-full-20260414-g4-opt27b-c64-256/raw/points/prefill/prefill-facebook-opt-2-7b-chunk-256-sm-16.csv
facebook/opt-2.7b,256,gemm,q_proj,16,1,99.16800260543823,179352576,180663296,1310720,1310720,1024,2026-04-14T11:53:32Z,baseline_nvml_pt,nvidia-smi,ok,0.0,5.0,1695.0,7601.0,61.16,0.21500800549983978,176.0439453125,176.0439453125,5.0,True,,,,,unavailable,,prefill-facebook-opt-2-7b-chunk-256-sm-16,success,,,/mnt/data/dheeraj/dicertation/inference-profile/runs/revised-full-20260414-g4-opt27b-c64-256/raw/points/prefill/prefill-facebook-opt-2-7b-chunk-256-sm-16.csv
facebook/opt-2.7b,256,gemm,k_proj,16,1,96.22400254011154,179352576,180663296,1310720,1310720,1024,2026-04-14T11:53:32Z,baseline_nvml_pt,nvidia-smi,ok,0.0,5.0,1695.0,7601.0,61.16,0.21500800549983978,176.0439453125,176.0439453125,5.0,True,,,,,unavailable,,prefill-facebook-opt-2-7b-chunk-256-sm-16,success,,,/mnt/data/dheeraj/dicertation/inference-profile/runs/revised-full-20260414-g4-opt27b-c64-256/raw/points/prefill/prefill-facebook-opt-2-7b-chunk-256-sm-16.csv
facebook/opt-2.7b,256,gemm,v_proj,16,1,93.18400174379349,179352576,180663296,1310720,1310720,1024,2026-04-14T11:53:32Z,baseline_nvml_pt,nvidia-smi,ok,0.0,5.0,1695.0,7601.0,61.16,0.21500800549983978,176.0439453125,176.0439453125,5.0,True,,,,,unavailable,,prefill-facebook-opt-2-7b-chunk-256-sm-16,success,,,/mnt/data/dheeraj/dicertation/inference-profile/runs/revised-full-20260414-g4-opt27b-c64-256/raw/points/prefill/prefill-facebook-opt-2-7b-chunk-256-sm-16.csv
facebook/opt-2.7b,256,gemm,out_proj,16,1,91.13600105047226,179352576,180663296,1310720,1310720,1024,2026-04-14T11:53:32Z,baseline_nvml_pt,nvidia-smi,ok,0.0,5.0,1695.0,7601.0,61.16,0.21500800549983978,176.0439453125,176.0439453125,5.0,True,,,,,unavailable,,prefill-facebook-opt-2-7b-chunk-256-sm-16,success,,,/mnt/data/dheeraj/dicertation/inference-profile/runs/revised-full-20260414-g4-opt27b-c64-256/raw/points/prefill/prefill-facebook-opt-2-7b-chunk-256-sm-16.csv
facebook/opt-2.7b,256,gemm,fc1,16,1,208.8959962129593,179352576,184595456,5242880,5242880,1024,2026-04-14T11:53:32Z,baseline_nvml_pt,nvidia-smi,ok,0.0,5.0,1695.0,7601.0,61.16,0.21500800549983978,176.0439453125,176.0439453125,5.0,True,,,,,unavailable,,prefill-facebook-opt-2-7b-chunk-256-sm-16,success,,,/mnt/data/dheeraj/dicertation/inference-profile/runs/revised-full-20260414-g4-opt27b-c64-256/raw/points/prefill/prefill-facebook-opt-2-7b-chunk-256-sm-16.csv
facebook/opt-2.7b,256,gemm,fc2,16,1,212.99199759960175,179352576,180663296,1310720,1310720,1024,2026-04-14T11:53:32Z,baseline_nvml_pt,nvidia-smi,ok,0.0,5.0,1695.0,7601.0,61.16,0.21500800549983978,176.0439453125,176.0439453125,5.0,True,,,,,unavailable,,prefill-facebook-opt-2-7b-chunk-256-sm-16,success,,,/mnt/data/dheeraj/dicertation/inference-profile/runs/revised-full-20260414-g4-opt27b-c64-256/raw/points/prefill/prefill-facebook-opt-2-7b-chunk-256-sm-16.csv
facebook/opt-2.7b,256,attention,attention,16,1,55.32800033688545,179352576,180697088,1344512,1310720,1024,2026-04-14T11:53:32Z,baseline_nvml_pt,nvidia-smi,ok,0.0,5.0,1695.0,7601.0,61.16,0.21500800549983978,176.0439453125,176.0439453125,5.0,True,,,,,unavailable,,prefill-facebook-opt-2-7b-chunk-256-sm-16,success,,,/mnt/data/dheeraj/dicertation/inference-profile/runs/revised-full-20260414-g4-opt27b-c64-256/raw/points/prefill/prefill-facebook-opt-2-7b-chunk-256-sm-16.csv
facebook/opt-2.7b,256,gemm,q_proj,16,2,98.30400347709656,179352576,180663296,1310720,1310720,1024,2026-04-14T11:53:32Z,baseline_nvml_pt,nvidia-smi,ok,0.0,5.0,1695.0,7601.0,61.16,0.21500800549983978,176.0439453125,176.0439453125,5.0,True,,,,,unavailable,,prefill-facebook-opt-2-7b-chunk-256-sm-16,success,,,/mnt/data/dheeraj/dicertation/inference-profile/runs/revised-full-20260414-g4-opt27b-c64-256/raw/points/prefill/prefill-facebook-opt-2-7b-chunk-256-sm-16.csv
facebook/opt-2.7b,256,gemm,k_proj,16,2,95.23200243711472,179352576,180663296,1310720,1310720,1024,2026-04-14T11:53:32Z,baseline_nvml_pt,nvidia-smi,ok,0.0,5.0,1695.0,7601.0,61.16,0.21500800549983978,176.0439453125,176.0439453125,5.0,True,,,,,unavailable,,prefill-facebook-opt-2-7b-chunk-256-sm-16,success,,,/mnt/data/dheeraj/dicertation/inference-profile/runs/revised-full-20260414-g4-opt27b-c64-256/raw/points/prefill/prefill-facebook-opt-2-7b-chunk-256-sm-16.csv
facebook/opt-2.7b,256,gemm,v_proj,16,2,107.51999914646149,179352576,180663296,1310720,1310720,1024,2026-04-14T11:53:32Z,baseline_nvml_pt,nvidia-smi,ok,0.0,5.0,1695.0,7601.0,61.16,0.21500800549983978,176.0439453125,176.0439453125,5.0,True,,,,,unavailable,,prefill-facebook-opt-2-7b-chunk-256-sm-16,success,,,/mnt/data/dheeraj/dicertation/inference-profile/runs/revised-full-20260414-g4-opt27b-c64-256/raw/points/prefill/prefill-facebook-opt-2-7b-chunk-256-sm-16.csv
facebook/opt-2.7b,256,gemm,out_proj,16,2,92.16000139713287,179352576,180663296,1310720,1310720,1024,2026-04-14T11:53:32Z,baseline_nvml_pt,nvidia-smi,ok,0.0,5.0,1695.0,7601.0,61.16,0.21500800549983978,176.0439453125,176.0439453125,5.0,True,,,,,unavailable,,prefill-facebook-opt-2-7b-chunk-256-sm-16,success,,,/mnt/data/dheeraj/dicertation/inference-profile/runs/revised-full-20260414-g4-opt27b-c64-256/raw/points/prefill/prefill-facebook-opt-2-7b-chunk-256-sm-16.csv
facebook/opt-2.7b,256,gemm,fc1,16,2,212.99199759960175,179352576,184595456,5242880,5242880,1024,2026-04-14T11:53:32Z,baseline_nvml_pt,nvidia-smi,ok,0.0,5.0,1695.0,7601.0,61.16,0.21500800549983978,176.0439453125,176.0439453125,5.0,True,,,,,unavailable,,prefill-facebook-opt-2-7b-chunk-256-sm-16,success,,,/mnt/data/dheeraj/dicertation/inference-profile/runs/revised-full-20260414-g4-opt27b-c64-256/raw/points/prefill/prefill-facebook-opt-2-7b-chunk-256-sm-16.csv
facebook/opt-2.7b,256,gemm,fc2,16,2,215.00800549983978,179352576,180663296,1310720,1310720,1024,2026-04-14T11:53:32Z,baseline_nvml_pt,nvidia-smi,ok,0.0,5.0,1695.0,7601.0,61.16,0.21500800549983978,176.0439453125,176.0439453125,5.0,True,,,,,unavailable,,prefill-facebook-opt-2-7b-chunk-256-sm-16,success,,,/mnt/data/dheeraj/dicertation/inference-profile/runs/revised-full-20260414-g4-opt27b-c64-256/raw/points/prefill/prefill-facebook-opt-2-7b-chunk-256-sm-16.csv
facebook/opt-2.7b,256,attention,attention,16,2,59.39200147986412,179352576,180697088,1344512,1310720,1024,2026-04-14T11:53:32Z,baseline_nvml_pt,nvidia-smi,ok,0.0,5.0,1695.0,7601.0,61.16,0.21500800549983978,176.0439453125,176.0439453125,5.0,True,,,,,unavailable,,prefill-facebook-opt-2-7b-chunk-256-sm-16,success,,,/mnt/data/dheeraj/dicertation/inference-profile/runs/revised-full-20260414-g4-opt27b-c64-256/raw/points/prefill/prefill-facebook-opt-2-7b-chunk-256-sm-16.csv
facebook/opt-2.7b,256,gemm,q_proj,16,3,96.25600278377533,179352576,180663296,1310720,1310720,1024,2026-04-14T11:53:32Z,baseline_nvml_pt,nvidia-smi,ok,0.0,5.0,1695.0,7601.0,61.16,0.21500800549983978,176.0439453125,176.0439453125,5.0,True,,,,,unavailable,,prefill-facebook-opt-2-7b-chunk-256-sm-16,success,,,/mnt/data/dheeraj/dicertation/inference-profile/runs/revised-full-20260414-g4-opt27b-c64-256/raw/points/prefill/prefill-facebook-opt-2-7b-chunk-256-sm-16.csv
facebook/opt-2.7b,256,gemm,k_proj,16,3,92.16000139713287,179352576,180663296,1310720,1310720,1024,2026-04-14T11:53:32Z,baseline_nvml_pt,nvidia-smi,ok,0.0,5.0,1695.0,7601.0,61.16,0.21500800549983978,176.0439453125,176.0439453125,5.0,True,,,,,unavailable,,prefill-facebook-opt-2-7b-chunk-256-sm-16,success,,,/mnt/data/dheeraj/dicertation/inference-profile/runs/revised-full-20260414-g4-opt27b-c64-256/raw/points/prefill/prefill-facebook-opt-2-7b-chunk-256-sm-16.csv
facebook/opt-2.7b,256,gemm,v_proj,16,3,90.04800021648407,179352576,180663296,1310720,1310720,1024,2026-04-14T11:53:32Z,baseline_nvml_pt,nvidia-smi,ok,0.0,5.0,1695.0,7601.0,61.16,0.21500800549983978,176.0439453125,176.0439453125,5.0,True,,,,,unavailable,,prefill-facebook-opt-2-7b-chunk-256-sm-16,success,,,/mnt/data/dheeraj/dicertation/inference-profile/runs/revised-full-20260414-g4-opt27b-c64-256/raw/points/prefill/prefill-facebook-opt-2-7b-chunk-256-sm-16.csv
facebook/opt-2.7b,256,gemm,out_proj,16,3,92.16000139713287,179352576,180663296,1310720,1310720,1024,2026-04-14T11:53:32Z,baseline_nvml_pt,nvidia-smi,ok,0.0,5.0,1695.0,7601.0,61.16,0.21500800549983978,176.0439453125,176.0439453125,5.0,True,,,,,unavailable,,prefill-facebook-opt-2-7b-chunk-256-sm-16,success,,,/mnt/data/dheeraj/dicertation/inference-profile/runs/revised-full-20260414-g4-opt27b-c64-256/raw/points/prefill/prefill-facebook-opt-2-7b-chunk-256-sm-16.csv
facebook/opt-2.7b,256,gemm,fc1,16,3,212.99199759960175,179352576,184595456,5242880,5242880,1024,2026-04-14T11:53:32Z,baseline_nvml_pt,nvidia-smi,ok,0.0,5.0,1695.0,7601.0,61.16,0.21500800549983978,176.0439453125,176.0439453125,5.0,True,,,,,unavailable,,prefill-facebook-opt-2-7b-chunk-256-sm-16,success,,,/mnt/data/dheeraj/dicertation/inference-profile/runs/revised-full-20260414-g4-opt27b-c64-256/raw/points/prefill/prefill-facebook-opt-2-7b-chunk-256-sm-16.csv
facebook/opt-2.7b,256,gemm,fc2,16,3,212.99199759960175,179352576,180663296,1310720,1310720,1024,2026-04-14T11:53:32Z,baseline_nvml_pt,nvidia-smi,ok,0.0,5.0,1695.0,7601.0,61.16,0.21500800549983978,176.0439453125,176.0439453125,5.0,True,,,,,unavailable,,prefill-facebook-opt-2-7b-chunk-256-sm-16,success,,,/mnt/data/dheeraj/dicertation/inference-profile/runs/revised-full-20260414-g4-opt27b-c64-256/raw/points/prefill/prefill-facebook-opt-2-7b-chunk-256-sm-16.csv
facebook/opt-2.7b,256,attention,attention,16,3,55.296000093221664,179352576,180697088,1344512,1310720,1024,2026-04-14T11:53:32Z,baseline_nvml_pt,nvidia-smi,ok,0.0,5.0,1695.0,7601.0,61.16,0.21500800549983978,176.0439453125,176.0439453125,5.0,True,,,,,unavailable,,prefill-facebook-opt-2-7b-chunk-256-sm-16,success,,,/mnt/data/dheeraj/dicertation/inference-profile/runs/revised-full-20260414-g4-opt27b-c64-256/raw/points/prefill/prefill-facebook-opt-2-7b-chunk-256-sm-16.csv
facebook/opt-2.7b,256,gemm,q_proj,16,4,97.28000313043594,179352576,180663296,1310720,1310720,1024,2026-04-14T11:53:32Z,baseline_nvml_pt,nvidia-smi,ok,0.0,5.0,1695.0,7601.0,61.16,0.21500800549983978,176.0439453125,176.0439453125,5.0,True,,,,,unavailable,,prefill-facebook-opt-2-7b-chunk-256-sm-16,success,,,/mnt/data/dheeraj/dicertation/inference-profile/runs/revised-full-20260414-g4-opt27b-c64-256/raw/points/prefill/prefill-facebook-opt-2-7b-chunk-256-sm-16.csv
facebook/opt-2.7b,256,gemm,k_proj,16,4,91.13600105047226,179352576,180663296,1310720,1310720,1024,2026-04-14T11:53:32Z,baseline_nvml_pt,nvidia-smi,ok,0.0,5.0,1695.0,7601.0,61.16,0.21500800549983978,176.0439453125,176.0439453125,5.0,True,,,,,unavailable,,prefill-facebook-opt-2-7b-chunk-256-sm-16,success,,,/mnt/data/dheeraj/dicertation/inference-profile/runs/revised-full-20260414-g4-opt27b-c64-256/raw/points/prefill/prefill-facebook-opt-2-7b-chunk-256-sm-16.csv
facebook/opt-2.7b,256,gemm,v_proj,16,4,93.18400174379349,179352576,180663296,1310720,1310720,1024,2026-04-14T11:53:32Z,baseline_nvml_pt,nvidia-smi,ok,0.0,5.0,1695.0,7601.0,61.16,0.21500800549983978,176.0439453125,176.0439453125,5.0,True,,,,,unavailable,,prefill-facebook-opt-2-7b-chunk-256-sm-16,success,,,/mnt/data/dheeraj/dicertation/inference-profile/runs/revised-full-20260414-g4-opt27b-c64-256/raw/points/prefill/prefill-facebook-opt-2-7b-chunk-256-sm-16.csv
facebook/opt-2.7b,256,gemm,out_proj,16,4,93.18400174379349,179352576,180663296,1310720,1310720,1024,2026-04-14T11:53:32Z,baseline_nvml_pt,nvidia-smi,ok,0.0,5.0,1695.0,7601.0,61.16,0.21500800549983978,176.0439453125,176.0439453125,5.0,True,,,,,unavailable,,prefill-facebook-opt-2-7b-chunk-256-sm-16,success,,,/mnt/data/dheeraj/dicertation/inference-profile/runs/revised-full-20260414-g4-opt27b-c64-256/raw/points/prefill/prefill-facebook-opt-2-7b-chunk-256-sm-16.csv
facebook/opt-2.7b,256,gemm,fc1,16,4,208.8959962129593,179352576,184595456,5242880,5242880,1024,2026-04-14T11:53:32Z,baseline_nvml_pt,nvidia-smi,ok,0.0,5.0,1695.0,7601.0,61.16,0.21500800549983978,176.0439453125,176.0439453125,5.0,True,,,,,unavailable,,prefill-facebook-opt-2-7b-chunk-256-sm-16,success,,,/mnt/data/dheeraj/dicertation/inference-profile/runs/revised-full-20260414-g4-opt27b-c64-256/raw/points/prefill/prefill-facebook-opt-2-7b-chunk-256-sm-16.csv
facebook/opt-2.7b,256,gemm,fc2,16,4,211.96800470352173,179352576,180663296,1310720,1310720,1024,2026-04-14T11:53:32Z,baseline_nvml_pt,nvidia-smi,ok,0.0,5.0,1695.0,7601.0,61.16,0.21500800549983978,176.0439453125,176.0439453125,5.0,True,,,,,unavailable,,prefill-facebook-opt-2-7b-chunk-256-sm-16,success,,,/mnt/data/dheeraj/dicertation/inference-profile/runs/revised-full-20260414-g4-opt27b-c64-256/raw/points/prefill/prefill-facebook-opt-2-7b-chunk-256-sm-16.csv
facebook/opt-2.7b,256,attention,attention,16,4,54.4000007212162,179352576,180697088,1344512,1310720,1024,2026-04-14T11:53:32Z,baseline_nvml_pt,nvidia-smi,ok,0.0,5.0,1695.0,7601.0,61.16,0.21500800549983978,176.0439453125,176.0439453125,5.0,True,,,,,unavailable,,prefill-facebook-opt-2-7b-chunk-256-sm-16,success,,,/mnt/data/dheeraj/dicertation/inference-profile/runs/revised-full-20260414-g4-opt27b-c64-256/raw/points/prefill/prefill-facebook-opt-2-7b-chunk-256-sm-16.csv
facebook/opt-2.7b,256,gemm,q_proj,24,0,110.59200018644333,179352576,180663296,1310720,1310720,1024,2026-04-14T11:53:37Z,baseline_nvml_pt,nvidia-smi,ok,3.0,5.0,1695.0,7601.0,60.93,0.21503999829292297,176.0439453125,176.0439453125,5.0,True,,,,,unavailable,,prefill-facebook-opt-2-7b-chunk-256-sm-24,success,,,/mnt/data/dheeraj/dicertation/inference-profile/runs/revised-full-20260414-g4-opt27b-c64-256/raw/points/prefill/prefill-facebook-opt-2-7b-chunk-256-sm-24.csv
facebook/opt-2.7b,256,gemm,k_proj,24,0,104.44799810647964,179352576,180663296,1310720,1310720,1024,2026-04-14T11:53:37Z,baseline_nvml_pt,nvidia-smi,ok,3.0,5.0,1695.0,7601.0,60.93,0.21503999829292297,176.0439453125,176.0439453125,5.0,True,,,,,unavailable,,prefill-facebook-opt-2-7b-chunk-256-sm-24,success,,,/mnt/data/dheeraj/dicertation/inference-profile/runs/revised-full-20260414-g4-opt27b-c64-256/raw/points/prefill/prefill-facebook-opt-2-7b-chunk-256-sm-24.csv
facebook/opt-2.7b,256,gemm,v_proj,24,0,95.23200243711472,179352576,180663296,1310720,1310720,1024,2026-04-14T11:53:37Z,baseline_nvml_pt,nvidia-smi,ok,3.0,5.0,1695.0,7601.0,60.93,0.21503999829292297,176.0439453125,176.0439453125,5.0,True,,,,,unavailable,,prefill-facebook-opt-2-7b-chunk-256-sm-24,success,,,/mnt/data/dheeraj/dicertation/inference-profile/runs/revised-full-20260414-g4-opt27b-c64-256/raw/points/prefill/prefill-facebook-opt-2-7b-chunk-256-sm-24.csv
facebook/opt-2.7b,256,gemm,out_proj,24,0,94.2080020904541,179352576,180663296,1310720,1310720,1024,2026-04-14T11:53:37Z,baseline_nvml_pt,nvidia-smi,ok,3.0,5.0,1695.0,7601.0,60.93,0.21503999829292297,176.0439453125,176.0439453125,5.0,True,,,,,unavailable,,prefill-facebook-opt-2-7b-chunk-256-sm-24,success,,,/mnt/data/dheeraj/dicertation/inference-profile/runs/revised-full-20260414-g4-opt27b-c64-256/raw/points/prefill/prefill-facebook-opt-2-7b-chunk-256-sm-24.csv
facebook/opt-2.7b,256,gemm,fc1,24,0,214.01600539684296,179352576,184595456,5242880,5242880,1024,2026-04-14T11:53:37Z,baseline_nvml_pt,nvidia-smi,ok,3.0,5.0,1695.0,7601.0,60.93,0.21503999829292297,176.0439453125,176.0439453125,5.0,True,,,,,unavailable,,prefill-facebook-opt-2-7b-chunk-256-sm-24,success,,,/mnt/data/dheeraj/dicertation/inference-profile/runs/revised-full-20260414-g4-opt27b-c64-256/raw/points/prefill/prefill-facebook-opt-2-7b-chunk-256-sm-24.csv
facebook/opt-2.7b,256,gemm,fc2,24,0,215.03999829292297,179352576,180663296,1310720,1310720,1024,2026-04-14T11:53:37Z,baseline_nvml_pt,nvidia-smi,ok,3.0,5.0,1695.0,7601.0,60.93,0.21503999829292297,176.0439453125,176.0439453125,5.0,True,,,,,unavailable,,prefill-facebook-opt-2-7b-chunk-256-sm-24,success,,,/mnt/data/dheeraj/dicertation/inference-profile/runs/revised-full-20260414-g4-opt27b-c64-256/raw/points/prefill/prefill-facebook-opt-2-7b-chunk-256-sm-24.csv
facebook/opt-2.7b,256,attention,attention,24,0,64.51199948787689,179352576,180697088,1344512,1310720,1024,2026-04-14T11:53:37Z,baseline_nvml_pt,nvidia-smi,ok,3.0,5.0,1695.0,7601.0,60.93,0.21503999829292297,176.0439453125,176.0439453125,5.0,True,,,,,unavailable,,prefill-facebook-opt-2-7b-chunk-256-sm-24,success,,,/mnt/data/dheeraj/dicertation/inference-profile/runs/revised-full-20260414-g4-opt27b-c64-256/raw/points/prefill/prefill-facebook-opt-2-7b-chunk-256-sm-24.csv
facebook/opt-2.7b,256,gemm,q_proj,24,1,99.32799637317657,179352576,180663296,1310720,1310720,1024,2026-04-14T11:53:37Z,baseline_nvml_pt,nvidia-smi,ok,3.0,5.0,1695.0,7601.0,60.93,0.21503999829292297,176.0439453125,176.0439453125,5.0,True,,,,,unavailable,,prefill-facebook-opt-2-7b-chunk-256-sm-24,success,,,/mnt/data/dheeraj/dicertation/inference-profile/runs/revised-full-20260414-g4-opt27b-c64-256/raw/points/prefill/prefill-facebook-opt-2-7b-chunk-256-sm-24.csv
facebook/opt-2.7b,256,gemm,k_proj,24,1,97.18400239944458,179352576,180663296,1310720,1310720,1024,2026-04-14T11:53:37Z,baseline_nvml_pt,nvidia-smi,ok,3.0,5.0,1695.0,7601.0,60.93,0.21503999829292297,176.0439453125,176.0439453125,5.0,True,,,,,unavailable,,prefill-facebook-opt-2-7b-chunk-256-sm-24,success,,,/mnt/data/dheeraj/dicertation/inference-profile/runs/revised-full-20260414-g4-opt27b-c64-256/raw/points/prefill/prefill-facebook-opt-2-7b-chunk-256-sm-24.csv
facebook/opt-2.7b,256,gemm,v_proj,24,1,94.36800330877304,179352576,180663296,1310720,1310720,1024,2026-04-14T11:53:37Z,baseline_nvml_pt,nvidia-smi,ok,3.0,5.0,1695.0,7601.0,60.93,0.21503999829292297,176.0439453125,176.0439453125,5.0,True,,,,,unavailable,,prefill-facebook-opt-2-7b-chunk-256-sm-24,success,,,/mnt/data/dheeraj/dicertation/inference-profile/runs/revised-full-20260414-g4-opt27b-c64-256/raw/points/prefill/prefill-facebook-opt-2-7b-chunk-256-sm-24.csv
facebook/opt-2.7b,256,gemm,out_proj,24,1,91.13600105047226,179352576,180663296,1310720,1310720,1024,2026-04-14T11:53:37Z,baseline_nvml_pt,nvidia-smi,ok,3.0,5.0,1695.0,7601.0,60.93,0.21503999829292297,176.0439453125,176.0439453125,5.0,True,,,,,unavailable,,prefill-facebook-opt-2-7b-chunk-256-sm-24,success,,,/mnt/data/dheeraj/dicertation/inference-profile/runs/revised-full-20260414-g4-opt27b-c64-256/raw/points/prefill/prefill-facebook-opt-2-7b-chunk-256-sm-24.csv
facebook/opt-2.7b,256,gemm,fc1,24,1,210.94399690628052,179352576,184595456,5242880,5242880,1024,2026-04-14T11:53:37Z,baseline_nvml_pt,nvidia-smi,ok,3.0,5.0,1695.0,7601.0,60.93,0.21503999829292297,176.0439453125,176.0439453125,5.0,True,,,,,unavailable,,prefill-facebook-opt-2-7b-chunk-256-sm-24,success,,,/mnt/data/dheeraj/dicertation/inference-profile/runs/revised-full-20260414-g4-opt27b-c64-256/raw/points/prefill/prefill-facebook-opt-2-7b-chunk-256-sm-24.csv
facebook/opt-2.7b,256,gemm,fc2,24,1,215.03999829292297,179352576,180663296,1310720,1310720,1024,2026-04-14T11:53:37Z,baseline_nvml_pt,nvidia-smi,ok,3.0,5.0,1695.0,7601.0,60.93,0.21503999829292297,176.0439453125,176.0439453125,5.0,True,,,,,unavailable,,prefill-facebook-opt-2-7b-chunk-256-sm-24,success,,,/mnt/data/dheeraj/dicertation/inference-profile/runs/revised-full-20260414-g4-opt27b-c64-256/raw/points/prefill/prefill-facebook-opt-2-7b-chunk-256-sm-24.csv
facebook/opt-2.7b,256,attention,attention,24,1,59.29600074887276,179352576,180697088,1344512,1310720,1024,2026-04-14T11:53:37Z,baseline_nvml_pt,nvidia-smi,ok,3.0,5.0,1695.0,7601.0,60.93,0.21503999829292297,176.0439453125,176.0439453125,5.0,True,,,,,unavailable,,prefill-facebook-opt-2-7b-chunk-256-sm-24,success,,,/mnt/data/dheeraj/dicertation/inference-profile/runs/revised-full-20260414-g4-opt27b-c64-256/raw/points/prefill/prefill-facebook-opt-2-7b-chunk-256-sm-24.csv
facebook/opt-2.7b,256,gemm,q_proj,24,2,99.29600358009338,179352576,180663296,1310720,1310720,1024,2026-04-14T11:53:37Z,baseline_nvml_pt,nvidia-smi,ok,3.0,5.0,1695.0,7601.0,60.93,0.21503999829292297,176.0439453125,176.0439453125,5.0,True,,,,,unavailable,,prefill-facebook-opt-2-7b-chunk-256-sm-24,success,,,/mnt/data/dheeraj/dicertation/inference-profile/runs/revised-full-20260414-g4-opt27b-c64-256/raw/points/prefill/prefill-facebook-opt-2-7b-chunk-256-sm-24.csv
facebook/opt-2.7b,256,gemm,k_proj,24,2,95.23200243711472,179352576,180663296,1310720,1310720,1024,2026-04-14T11:53:37Z,baseline_nvml_pt,nvidia-smi,ok,3.0,5.0,1695.0,7601.0,60.93,0.21503999829292297,176.0439453125,176.0439453125,5.0,True,,,,,unavailable,,prefill-facebook-opt-2-7b-chunk-256-sm-24,success,,,/mnt/data/dheeraj/dicertation/inference-profile/runs/revised-full-20260414-g4-opt27b-c64-256/raw/points/prefill/prefill-facebook-opt-2-7b-chunk-256-sm-24.csv
facebook/opt-2.7b,256,gemm,v_proj,24,2,102.39999741315842,179352576,180663296,1310720,1310720,1024,2026-04-14T11:53:37Z,baseline_nvml_pt,nvidia-smi,ok,3.0,5.0,1695.0,7601.0,60.93,0.21503999829292297,176.0439453125,176.0439453125,5.0,True,,,,,unavailable,,prefill-facebook-opt-2-7b-chunk-256-sm-24,success,,,/mnt/data/dheeraj/dicertation/inference-profile/runs/revised-full-20260414-g4-opt27b-c64-256/raw/points/prefill/prefill-facebook-opt-2-7b-chunk-256-sm-24.csv
facebook/opt-2.7b,256,gemm,out_proj,24,2,92.16000139713287,179352576,180663296,1310720,1310720,1024,2026-04-14T11:53:37Z,baseline_nvml_pt,nvidia-smi,ok,3.0,5.0,1695.0,7601.0,60.93,0.21503999829292297,176.0439453125,176.0439453125,5.0,True,,,,,unavailable,,prefill-facebook-opt-2-7b-chunk-256-sm-24,success,,,/mnt/data/dheeraj/dicertation/inference-profile/runs/revised-full-20260414-g4-opt27b-c64-256/raw/points/prefill/prefill-facebook-opt-2-7b-chunk-256-sm-24.csv
facebook/opt-2.7b,256,gemm,fc1,24,2,214.01600539684296,179352576,184595456,5242880,5242880,1024,2026-04-14T11:53:37Z,baseline_nvml_pt,nvidia-smi,ok,3.0,5.0,1695.0,7601.0,60.93,0.21503999829292297,176.0439453125,176.0439453125,5.0,True,,,,,unavailable,,prefill-facebook-opt-2-7b-chunk-256-sm-24,success,,,/mnt/data/dheeraj/dicertation/inference-profile/runs/revised-full-20260414-g4-opt27b-c64-256/raw/points/prefill/prefill-facebook-opt-2-7b-chunk-256-sm-24.csv
facebook/opt-2.7b,256,gemm,fc2,24,2,214.01600539684296,179352576,180663296,1310720,1310720,1024,2026-04-14T11:53:37Z,baseline_nvml_pt,nvidia-smi,ok,3.0,5.0,1695.0,7601.0,60.93,0.21503999829292297,176.0439453125,176.0439453125,5.0,True,,,,,unavailable,,prefill-facebook-opt-2-7b-chunk-256-sm-24,success,,,/mnt/data/dheeraj/dicertation/inference-profile/runs/revised-full-20260414-g4-opt27b-c64-256/raw/points/prefill/prefill-facebook-opt-2-7b-chunk-256-sm-24.csv
facebook/opt-2.7b,256,attention,attention,24,2,59.39200147986412,179352576,180697088,1344512,1310720,1024,2026-04-14T11:53:37Z,baseline_nvml_pt,nvidia-smi,ok,3.0,5.0,1695.0,7601.0,60.93,0.21503999829292297,176.0439453125,176.0439453125,5.0,True,,,,,unavailable,,prefill-facebook-opt-2-7b-chunk-256-sm-24,success,,,/mnt/data/dheeraj/dicertation/inference-profile/runs/revised-full-20260414-g4-opt27b-c64-256/raw/points/prefill/prefill-facebook-opt-2-7b-chunk-256-sm-24.csv
facebook/opt-2.7b,256,gemm,q_proj,24,3,99.13600236177444,179352576,180663296,1310720,1310720,1024,2026-04-14T11:53:37Z,baseline_nvml_pt,nvidia-smi,ok,3.0,5.0,1695.0,7601.0,60.93,0.21503999829292297,176.0439453125,176.0439453125,5.0,True,,,,,unavailable,,prefill-facebook-opt-2-7b-chunk-256-sm-24,success,,,/mnt/data/dheeraj/dicertation/inference-profile/runs/revised-full-20260414-g4-opt27b-c64-256/raw/points/prefill/prefill-facebook-opt-2-7b-chunk-256-sm-24.csv
facebook/opt-2.7b,256,gemm,k_proj,24,3,93.18400174379349,179352576,180663296,1310720,1310720,1024,2026-04-14T11:53:37Z,baseline_nvml_pt,nvidia-smi,ok,3.0,5.0,1695.0,7601.0,60.93,0.21503999829292297,176.0439453125,176.0439453125,5.0,True,,,,,unavailable,,prefill-facebook-opt-2-7b-chunk-256-sm-24,success,,,/mnt/data/dheeraj/dicertation/inference-profile/runs/revised-full-20260414-g4-opt27b-c64-256/raw/points/prefill/prefill-facebook-opt-2-7b-chunk-256-sm-24.csv
facebook/opt-2.7b,256,gemm,v_proj,24,3,92.16000139713287,179352576,180663296,1310720,1310720,1024,2026-04-14T11:53:37Z,baseline_nvml_pt,nvidia-smi,ok,3.0,5.0,1695.0,7601.0,60.93,0.21503999829292297,176.0439453125,176.0439453125,5.0,True,,,,,unavailable,,prefill-facebook-opt-2-7b-chunk-256-sm-24,success,,,/mnt/data/dheeraj/dicertation/inference-profile/runs/revised-full-20260414-g4-opt27b-c64-256/raw/points/prefill/prefill-facebook-opt-2-7b-chunk-256-sm-24.csv
facebook/opt-2.7b,256,gemm,out_proj,24,3,94.2080020904541,179352576,180663296,1310720,1310720,1024,2026-04-14T11:53:37Z,baseline_nvml_pt,nvidia-smi,ok,3.0,5.0,1695.0,7601.0,60.93,0.21503999829292297,176.0439453125,176.0439453125,5.0,True,,,,,unavailable,,prefill-facebook-opt-2-7b-chunk-256-sm-24,success,,,/mnt/data/dheeraj/dicertation/inference-profile/runs/revised-full-20260414-g4-opt27b-c64-256/raw/points/prefill/prefill-facebook-opt-2-7b-chunk-256-sm-24.csv
facebook/opt-2.7b,256,gemm,fc1,24,3,211.93599700927734,179352576,184595456,5242880,5242880,1024,2026-04-14T11:53:37Z,baseline_nvml_pt,nvidia-smi,ok,3.0,5.0,1695.0,7601.0,60.93,0.21503999829292297,176.0439453125,176.0439453125,5.0,True,,,,,unavailable,,prefill-facebook-opt-2-7b-chunk-256-sm-24,success,,,/mnt/data/dheeraj/dicertation/inference-profile/runs/revised-full-20260414-g4-opt27b-c64-256/raw/points/prefill/prefill-facebook-opt-2-7b-chunk-256-sm-24.csv
facebook/opt-2.7b,256,gemm,fc2,24,3,215.03999829292297,179352576,180663296,1310720,1310720,1024,2026-04-14T11:53:37Z,baseline_nvml_pt,nvidia-smi,ok,3.0,5.0,1695.0,7601.0,60.93,0.21503999829292297,176.0439453125,176.0439453125,5.0,True,,,,,unavailable,,prefill-facebook-opt-2-7b-chunk-256-sm-24,success,,,/mnt/data/dheeraj/dicertation/inference-profile/runs/revised-full-20260414-g4-opt27b-c64-256/raw/points/prefill/prefill-facebook-opt-2-7b-chunk-256-sm-24.csv
facebook/opt-2.7b,256,attention,attention,24,3,56.32000043988228,179352576,180697088,1344512,1310720,1024,2026-04-14T11:53:37Z,baseline_nvml_pt,nvidia-smi,ok,3.0,5.0,1695.0,7601.0,60.93,0.21503999829292297,176.0439453125,176.0439453125,5.0,True,,,,,unavailable,,prefill-facebook-opt-2-7b-chunk-256-sm-24,success,,,/mnt/data/dheeraj/dicertation/inference-profile/runs/revised-full-20260414-g4-opt27b-c64-256/raw/points/prefill/prefill-facebook-opt-2-7b-chunk-256-sm-24.csv
facebook/opt-2.7b,256,gemm,q_proj,24,4,97.28000313043594,179352576,180663296,1310720,1310720,1024,2026-04-14T11:53:37Z,baseline_nvml_pt,nvidia-smi,ok,3.0,5.0,1695.0,7601.0,60.93,0.21503999829292297,176.0439453125,176.0439453125,5.0,True,,,,,unavailable,,prefill-facebook-opt-2-7b-chunk-256-sm-24,success,,,/mnt/data/dheeraj/dicertation/inference-profile/runs/revised-full-20260414-g4-opt27b-c64-256/raw/points/prefill/prefill-facebook-opt-2-7b-chunk-256-sm-24.csv
facebook/opt-2.7b,256,gemm,k_proj,24,4,98.30400347709656,179352576,180663296,1310720,1310720,1024,2026-04-14T11:53:37Z,baseline_nvml_pt,nvidia-smi,ok,3.0,5.0,1695.0,7601.0,60.93,0.21503999829292297,176.0439453125,176.0439453125,5.0,True,,,,,unavailable,,prefill-facebook-opt-2-7b-chunk-256-sm-24,success,,,/mnt/data/dheeraj/dicertation/inference-profile/runs/revised-full-20260414-g4-opt27b-c64-256/raw/points/prefill/prefill-facebook-opt-2-7b-chunk-256-sm-24.csv
facebook/opt-2.7b,256,gemm,v_proj,24,4,92.16000139713287,179352576,180663296,1310720,1310720,1024,2026-04-14T11:53:37Z,baseline_nvml_pt,nvidia-smi,ok,3.0,5.0,1695.0,7601.0,60.93,0.21503999829292297,176.0439453125,176.0439453125,5.0,True,,,,,unavailable,,prefill-facebook-opt-2-7b-chunk-256-sm-24,success,,,/mnt/data/dheeraj/dicertation/inference-profile/runs/revised-full-20260414-g4-opt27b-c64-256/raw/points/prefill/prefill-facebook-opt-2-7b-chunk-256-sm-24.csv
facebook/opt-2.7b,256,gemm,out_proj,24,4,91.13600105047226,179352576,180663296,1310720,1310720,1024,2026-04-14T11:53:37Z,baseline_nvml_pt,nvidia-smi,ok,3.0,5.0,1695.0,7601.0,60.93,0.21503999829292297,176.0439453125,176.0439453125,5.0,True,,,,,unavailable,,prefill-facebook-opt-2-7b-chunk-256-sm-24,success,,,/mnt/data/dheeraj/dicertation/inference-profile/runs/revised-full-20260414-g4-opt27b-c64-256/raw/points/prefill/prefill-facebook-opt-2-7b-chunk-256-sm-24.csv
facebook/opt-2.7b,256,gemm,fc1,24,4,210.7519954442978,179352576,184595456,5242880,5242880,1024,2026-04-14T11:53:37Z,baseline_nvml_pt,nvidia-smi,ok,3.0,5.0,1695.0,7601.0,60.93,0.21503999829292297,176.0439453125,176.0439453125,5.0,True,,,,,unavailable,,prefill-facebook-opt-2-7b-chunk-256-sm-24,success,,,/mnt/data/dheeraj/dicertation/inference-profile/runs/revised-full-20260414-g4-opt27b-c64-256/raw/points/prefill/prefill-facebook-opt-2-7b-chunk-256-sm-24.csv
facebook/opt-2.7b,256,gemm,fc2,24,4,213.919997215271,179352576,180663296,1310720,1310720,1024,2026-04-14T11:53:37Z,baseline_nvml_pt,nvidia-smi,ok,3.0,5.0,1695.0,7601.0,60.93,0.21503999829292297,176.0439453125,176.0439453125,5.0,True,,,,,unavailable,,prefill-facebook-opt-2-7b-chunk-256-sm-24,success,,,/mnt/data/dheeraj/dicertation/inference-profile/runs/revised-full-20260414-g4-opt27b-c64-256/raw/points/prefill/prefill-facebook-opt-2-7b-chunk-256-sm-24.csv
facebook/opt-2.7b,256,attention,attention,24,4,55.296000093221664,179352576,180697088,1344512,1310720,1024,2026-04-14T11:53:37Z,baseline_nvml_pt,nvidia-smi,ok,3.0,5.0,1695.0,7601.0,60.93,0.21503999829292297,176.0439453125,176.0439453125,5.0,True,,,,,unavailable,,prefill-facebook-opt-2-7b-chunk-256-sm-24,success,,,/mnt/data/dheeraj/dicertation/inference-profile/runs/revised-full-20260414-g4-opt27b-c64-256/raw/points/prefill/prefill-facebook-opt-2-7b-chunk-256-sm-24.csv
facebook/opt-2.7b,256,gemm,q_proj,32,0,105.47199845314026,179352576,180663296,1310720,1310720,1024,2026-04-14T11:53:41Z,baseline_nvml_pt,nvidia-smi,ok,0.0,5.0,1695.0,7601.0,61.79,0.21503999829292297,176.0439453125,176.0439453125,5.0,True,,,,,unavailable,,prefill-facebook-opt-2-7b-chunk-256-sm-32,success,,,/mnt/data/dheeraj/dicertation/inference-profile/runs/revised-full-20260414-g4-opt27b-c64-256/raw/points/prefill/prefill-facebook-opt-2-7b-chunk-256-sm-32.csv
facebook/opt-2.7b,256,gemm,k_proj,32,0,102.33599692583084,179352576,180663296,1310720,1310720,1024,2026-04-14T11:53:41Z,baseline_nvml_pt,nvidia-smi,ok,0.0,5.0,1695.0,7601.0,61.79,0.21503999829292297,176.0439453125,176.0439453125,5.0,True,,,,,unavailable,,prefill-facebook-opt-2-7b-chunk-256-sm-32,success,,,/mnt/data/dheeraj/dicertation/inference-profile/runs/revised-full-20260414-g4-opt27b-c64-256/raw/points/prefill/prefill-facebook-opt-2-7b-chunk-256-sm-32.csv
facebook/opt-2.7b,256,gemm,v_proj,32,0,94.2080020904541,179352576,180663296,1310720,1310720,1024,2026-04-14T11:53:41Z,baseline_nvml_pt,nvidia-smi,ok,0.0,5.0,1695.0,7601.0,61.79,0.21503999829292297,176.0439453125,176.0439453125,5.0,True,,,,,unavailable,,prefill-facebook-opt-2-7b-chunk-256-sm-32,success,,,/mnt/data/dheeraj/dicertation/inference-profile/runs/revised-full-20260414-g4-opt27b-c64-256/raw/points/prefill/prefill-facebook-opt-2-7b-chunk-256-sm-32.csv
facebook/opt-2.7b,256,gemm,out_proj,32,0,93.18400174379349,179352576,180663296,1310720,1310720,1024,2026-04-14T11:53:41Z,baseline_nvml_pt,nvidia-smi,ok,0.0,5.0,1695.0,7601.0,61.79,0.21503999829292297,176.0439453125,176.0439453125,5.0,True,,,,,unavailable,,prefill-facebook-opt-2-7b-chunk-256-sm-32,success,,,/mnt/data/dheeraj/dicertation/inference-profile/runs/revised-full-20260414-g4-opt27b-c64-256/raw/points/prefill/prefill-facebook-opt-2-7b-chunk-256-sm-32.csv
facebook/opt-2.7b,256,gemm,fc1,32,0,215.03999829292297,179352576,184595456,5242880,5242880,1024,2026-04-14T11:53:41Z,baseline_nvml_pt,nvidia-smi,ok,0.0,5.0,1695.0,7601.0,61.79,0.21503999829292297,176.0439453125,176.0439453125,5.0,True,,,,,unavailable,,prefill-facebook-opt-2-7b-chunk-256-sm-32,success,,,/mnt/data/dheeraj/dicertation/inference-profile/runs/revised-full-20260414-g4-opt27b-c64-256/raw/points/prefill/prefill-facebook-opt-2-7b-chunk-256-sm-32.csv
facebook/opt-2.7b,256,gemm,fc2,32,0,214.01600539684296,179352576,180663296,1310720,1310720,1024,2026-04-14T11:53:41Z,baseline_nvml_pt,nvidia-smi,ok,0.0,5.0,1695.0,7601.0,61.79,0.21503999829292297,176.0439453125,176.0439453125,5.0,True,,,,,unavailable,,prefill-facebook-opt-2-7b-chunk-256-sm-32,success,,,/mnt/data/dheeraj/dicertation/inference-profile/runs/revised-full-20260414-g4-opt27b-c64-256/raw/points/prefill/prefill-facebook-opt-2-7b-chunk-256-sm-32.csv
facebook/opt-2.7b,256,attention,attention,32,0,60.447998344898224,179352576,180697088,1344512,1310720,1024,2026-04-14T11:53:41Z,baseline_nvml_pt,nvidia-smi,ok,0.0,5.0,1695.0,7601.0,61.79,0.21503999829292297,176.0439453125,176.0439453125,5.0,True,,,,,unavailable,,prefill-facebook-opt-2-7b-chunk-256-sm-32,success,,,/mnt/data/dheeraj/dicertation/inference-profile/runs/revised-full-20260414-g4-opt27b-c64-256/raw/points/prefill/prefill-facebook-opt-2-7b-chunk-256-sm-32.csv
facebook/opt-2.7b,256,gemm,q_proj,32,1,99.20000284910202,179352576,180663296,1310720,1310720,1024,2026-04-14T11:53:41Z,baseline_nvml_pt,nvidia-smi,ok,0.0,5.0,1695.0,7601.0,61.79,0.21503999829292297,176.0439453125,176.0439453125,5.0,True,,,,,unavailable,,prefill-facebook-opt-2-7b-chunk-256-sm-32,success,,,/mnt/data/dheeraj/dicertation/inference-profile/runs/revised-full-20260414-g4-opt27b-c64-256/raw/points/prefill/prefill-facebook-opt-2-7b-chunk-256-sm-32.csv
facebook/opt-2.7b,256,gemm,k_proj,32,1,95.16800194978714,179352576,180663296,1310720,1310720,1024,2026-04-14T11:53:41Z,baseline_nvml_pt,nvidia-smi,ok,0.0,5.0,1695.0,7601.0,61.79,0.21503999829292297,176.0439453125,176.0439453125,5.0,True,,,,,unavailable,,prefill-facebook-opt-2-7b-chunk-256-sm-32,success,,,/mnt/data/dheeraj/dicertation/inference-profile/runs/revised-full-20260414-g4-opt27b-c64-256/raw/points/prefill/prefill-facebook-opt-2-7b-chunk-256-sm-32.csv
facebook/opt-2.7b,256,gemm,v_proj,32,1,93.18400174379349,179352576,180663296,1310720,1310720,1024,2026-04-14T11:53:41Z,baseline_nvml_pt,nvidia-smi,ok,0.0,5.0,1695.0,7601.0,61.79,0.21503999829292297,176.0439453125,176.0439453125,5.0,True,,,,,unavailable,,prefill-facebook-opt-2-7b-chunk-256-sm-32,success,,,/mnt/data/dheeraj/dicertation/inference-profile/runs/revised-full-20260414-g4-opt27b-c64-256/raw/points/prefill/prefill-facebook-opt-2-7b-chunk-256-sm-32.csv
facebook/opt-2.7b,256,gemm,out_proj,32,1,91.13600105047226,179352576,180663296,1310720,1310720,1024,2026-04-14T11:53:41Z,baseline_nvml_pt,nvidia-smi,ok,0.0,5.0,1695.0,7601.0,61.79,0.21503999829292297,176.0439453125,176.0439453125,5.0,True,,,,,unavailable,,prefill-facebook-opt-2-7b-chunk-256-sm-32,success,,,/mnt/data/dheeraj/dicertation/inference-profile/runs/revised-full-20260414-g4-opt27b-c64-256/raw/points/prefill/prefill-facebook-opt-2-7b-chunk-256-sm-32.csv
facebook/opt-2.7b,256,gemm,fc1,32,1,209.9200040102005,179352576,184595456,5242880,5242880,1024,2026-04-14T11:53:41Z,baseline_nvml_pt,nvidia-smi,ok,0.0,5.0,1695.0,7601.0,61.79,0.21503999829292297,176.0439453125,176.0439453125,5.0,True,,,,,unavailable,,prefill-facebook-opt-2-7b-chunk-256-sm-32,success,,,/mnt/data/dheeraj/dicertation/inference-profile/runs/revised-full-20260414-g4-opt27b-c64-256/raw/points/prefill/prefill-facebook-opt-2-7b-chunk-256-sm-32.csv
facebook/opt-2.7b,256,gemm,fc2,32,1,215.03999829292297,179352576,180663296,1310720,1310720,1024,2026-04-14T11:53:41Z,baseline_nvml_pt,nvidia-smi,ok,0.0,5.0,1695.0,7601.0,61.79,0.21503999829292297,176.0439453125,176.0439453125,5.0,True,,,,,unavailable,,prefill-facebook-opt-2-7b-chunk-256-sm-32,success,,,/mnt/data/dheeraj/dicertation/inference-profile/runs/revised-full-20260414-g4-opt27b-c64-256/raw/points/prefill/prefill-facebook-opt-2-7b-chunk-256-sm-32.csv
facebook/opt-2.7b,256,attention,attention,32,1,56.32000043988228,179352576,180697088,1344512,1310720,1024,2026-04-14T11:53:41Z,baseline_nvml_pt,nvidia-smi,ok,0.0,5.0,1695.0,7601.0,61.79,0.21503999829292297,176.0439453125,176.0439453125,5.0,True,,,,,unavailable,,prefill-facebook-opt-2-7b-chunk-256-sm-32,success,,,/mnt/data/dheeraj/dicertation/inference-profile/runs/revised-full-20260414-g4-opt27b-c64-256/raw/points/prefill/prefill-facebook-opt-2-7b-chunk-256-sm-32.csv
facebook/opt-2.7b,256,gemm,q_proj,32,2,96.25600278377533,179352576,180663296,1310720,1310720,1024,2026-04-14T11:53:41Z,baseline_nvml_pt,nvidia-smi,ok,0.0,5.0,1695.0,7601.0,61.79,0.21503999829292297,176.0439453125,176.0439453125,5.0,True,,,,,unavailable,,prefill-facebook-opt-2-7b-chunk-256-sm-32,success,,,/mnt/data/dheeraj/dicertation/inference-profile/runs/revised-full-20260414-g4-opt27b-c64-256/raw/points/prefill/prefill-facebook-opt-2-7b-chunk-256-sm-32.csv
facebook/opt-2.7b,256,gemm,k_proj,32,2,93.18400174379349,179352576,180663296,1310720,1310720,1024,2026-04-14T11:53:41Z,baseline_nvml_pt,nvidia-smi,ok,0.0,5.0,1695.0,7601.0,61.79,0.21503999829292297,176.0439453125,176.0439453125,5.0,True,,,,,unavailable,,prefill-facebook-opt-2-7b-chunk-256-sm-32,success,,,/mnt/data/dheeraj/dicertation/inference-profile/runs/revised-full-20260414-g4-opt27b-c64-256/raw/points/prefill/prefill-facebook-opt-2-7b-chunk-256-sm-32.csv
facebook/opt-2.7b,256,gemm,v_proj,32,2,101.3759970664978,179352576,180663296,1310720,1310720,1024,2026-04-14T11:53:41Z,baseline_nvml_pt,nvidia-smi,ok,0.0,5.0,1695.0,7601.0,61.79,0.21503999829292297,176.0439453125,176.0439453125,5.0,True,,,,,unavailable,,prefill-facebook-opt-2-7b-chunk-256-sm-32,success,,,/mnt/data/dheeraj/dicertation/inference-profile/runs/revised-full-20260414-g4-opt27b-c64-256/raw/points/prefill/prefill-facebook-opt-2-7b-chunk-256-sm-32.csv
facebook/opt-2.7b,256,gemm,out_proj,32,2,92.16000139713287,179352576,180663296,1310720,1310720,1024,2026-04-14T11:53:41Z,baseline_nvml_pt,nvidia-smi,ok,0.0,5.0,1695.0,7601.0,61.79,0.21503999829292297,176.0439453125,176.0439453125,5.0,True,,,,,unavailable,,prefill-facebook-opt-2-7b-chunk-256-sm-32,success,,,/mnt/data/dheeraj/dicertation/inference-profile/runs/revised-full-20260414-g4-opt27b-c64-256/raw/points/prefill/prefill-facebook-opt-2-7b-chunk-256-sm-32.csv
facebook/opt-2.7b,256,gemm,fc1,32,2,215.03999829292297,179352576,184595456,5242880,5242880,1024,2026-04-14T11:53:41Z,baseline_nvml_pt,nvidia-smi,ok,0.0,5.0,1695.0,7601.0,61.79,0.21503999829292297,176.0439453125,176.0439453125,5.0,True,,,,,unavailable,,prefill-facebook-opt-2-7b-chunk-256-sm-32,success,,,/mnt/data/dheeraj/dicertation/inference-profile/runs/revised-full-20260414-g4-opt27b-c64-256/raw/points/prefill/prefill-facebook-opt-2-7b-chunk-256-sm-32.csv
facebook/opt-2.7b,256,gemm,fc2,32,2,214.01600539684296,179352576,180663296,1310720,1310720,1024,2026-04-14T11:53:41Z,baseline_nvml_pt,nvidia-smi,ok,0.0,5.0,1695.0,7601.0,61.79,0.21503999829292297,176.0439453125,176.0439453125,5.0,True,,,,,unavailable,,prefill-facebook-opt-2-7b-chunk-256-sm-32,success,,,/mnt/data/dheeraj/dicertation/inference-profile/runs/revised-full-20260414-g4-opt27b-c64-256/raw/points/prefill/prefill-facebook-opt-2-7b-chunk-256-sm-32.csv
facebook/opt-2.7b,256,attention,attention,32,2,56.32000043988228,179352576,180697088,1344512,1310720,1024,2026-04-14T11:53:41Z,baseline_nvml_pt,nvidia-smi,ok,0.0,5.0,1695.0,7601.0,61.79,0.21503999829292297,176.0439453125,176.0439453125,5.0,True,,,,,unavailable,,prefill-facebook-opt-2-7b-chunk-256-sm-32,success,,,/mnt/data/dheeraj/dicertation/inference-profile/runs/revised-full-20260414-g4-opt27b-c64-256/raw/points/prefill/prefill-facebook-opt-2-7b-chunk-256-sm-32.csv
facebook/opt-2.7b,256,gemm,q_proj,32,3,95.23200243711472,179352576,180663296,1310720,1310720,1024,2026-04-14T11:53:41Z,baseline_nvml_pt,nvidia-smi,ok,0.0,5.0,1695.0,7601.0,61.79,0.21503999829292297,176.0439453125,176.0439453125,5.0,True,,,,,unavailable,,prefill-facebook-opt-2-7b-chunk-256-sm-32,success,,,/mnt/data/dheeraj/dicertation/inference-profile/runs/revised-full-20260414-g4-opt27b-c64-256/raw/points/prefill/prefill-facebook-opt-2-7b-chunk-256-sm-32.csv
facebook/opt-2.7b,256,gemm,k_proj,32,3,91.13600105047226,179352576,180663296,1310720,1310720,1024,2026-04-14T11:53:41Z,baseline_nvml_pt,nvidia-smi,ok,0.0,5.0,1695.0,7601.0,61.79,0.21503999829292297,176.0439453125,176.0439453125,5.0,True,,,,,unavailable,,prefill-facebook-opt-2-7b-chunk-256-sm-32,success,,,/mnt/data/dheeraj/dicertation/inference-profile/runs/revised-full-20260414-g4-opt27b-c64-256/raw/points/prefill/prefill-facebook-opt-2-7b-chunk-256-sm-32.csv
facebook/opt-2.7b,256,gemm,v_proj,32,3,97.31200337409973,179352576,180663296,1310720,1310720,1024,2026-04-14T11:53:41Z,baseline_nvml_pt,nvidia-smi,ok,0.0,5.0,1695.0,7601.0,61.79,0.21503999829292297,176.0439453125,176.0439453125,5.0,True,,,,,unavailable,,prefill-facebook-opt-2-7b-chunk-256-sm-32,success,,,/mnt/data/dheeraj/dicertation/inference-profile/runs/revised-full-20260414-g4-opt27b-c64-256/raw/points/prefill/prefill-facebook-opt-2-7b-chunk-256-sm-32.csv
facebook/opt-2.7b,256,gemm,out_proj,32,3,94.2080020904541,179352576,180663296,1310720,1310720,1024,2026-04-14T11:53:41Z,baseline_nvml_pt,nvidia-smi,ok,0.0,5.0,1695.0,7601.0,61.79,0.21503999829292297,176.0439453125,176.0439453125,5.0,True,,,,,unavailable,,prefill-facebook-opt-2-7b-chunk-256-sm-32,success,,,/mnt/data/dheeraj/dicertation/inference-profile/runs/revised-full-20260414-g4-opt27b-c64-256/raw/points/prefill/prefill-facebook-opt-2-7b-chunk-256-sm-32.csv
facebook/opt-2.7b,256,gemm,fc1,32,3,211.96800470352173,179352576,184595456,5242880,5242880,1024,2026-04-14T11:53:41Z,baseline_nvml_pt,nvidia-smi,ok,0.0,5.0,1695.0,7601.0,61.79,0.21503999829292297,176.0439453125,176.0439453125,5.0,True,,,,,unavailable,,prefill-facebook-opt-2-7b-chunk-256-sm-32,success,,,/mnt/data/dheeraj/dicertation/inference-profile/runs/revised-full-20260414-g4-opt27b-c64-256/raw/points/prefill/prefill-facebook-opt-2-7b-chunk-256-sm-32.csv
facebook/opt-2.7b,256,gemm,fc2,32,3,214.01600539684296,179352576,180663296,1310720,1310720,1024,2026-04-14T11:53:41Z,baseline_nvml_pt,nvidia-smi,ok,0.0,5.0,1695.0,7601.0,61.79,0.21503999829292297,176.0439453125,176.0439453125,5.0,True,,,,,unavailable,,prefill-facebook-opt-2-7b-chunk-256-sm-32,success,,,/mnt/data/dheeraj/dicertation/inference-profile/runs/revised-full-20260414-g4-opt27b-c64-256/raw/points/prefill/prefill-facebook-opt-2-7b-chunk-256-sm-32.csv
facebook/opt-2.7b,256,attention,attention,32,3,54.46400120854378,179352576,180697088,1344512,1310720,1024,2026-04-14T11:53:41Z,baseline_nvml_pt,nvidia-smi,ok,0.0,5.0,1695.0,7601.0,61.79,0.21503999829292297,176.0439453125,176.0439453125,5.0,True,,,,,unavailable,,prefill-facebook-opt-2-7b-chunk-256-sm-32,success,,,/mnt/data/dheeraj/dicertation/inference-profile/runs/revised-full-20260414-g4-opt27b-c64-256/raw/points/prefill/prefill-facebook-opt-2-7b-chunk-256-sm-32.csv
facebook/opt-2.7b,256,gemm,q_proj,32,4,95.23200243711472,179352576,180663296,1310720,1310720,1024,2026-04-14T11:53:41Z,baseline_nvml_pt,nvidia-smi,ok,0.0,5.0,1695.0,7601.0,61.79,0.21503999829292297,176.0439453125,176.0439453125,5.0,True,,,,,unavailable,,prefill-facebook-opt-2-7b-chunk-256-sm-32,success,,,/mnt/data/dheeraj/dicertation/inference-profile/runs/revised-full-20260414-g4-opt27b-c64-256/raw/points/prefill/prefill-facebook-opt-2-7b-chunk-256-sm-32.csv
facebook/opt-2.7b,256,gemm,k_proj,32,4,92.06400066614151,179352576,180663296,1310720,1310720,1024,2026-04-14T11:53:41Z,baseline_nvml_pt,nvidia-smi,ok,0.0,5.0,1695.0,7601.0,61.79,0.21503999829292297,176.0439453125,176.0439453125,5.0,True,,,,,unavailable,,prefill-facebook-opt-2-7b-chunk-256-sm-32,success,,,/mnt/data/dheeraj/dicertation/inference-profile/runs/revised-full-20260414-g4-opt27b-c64-256/raw/points/prefill/prefill-facebook-opt-2-7b-chunk-256-sm-32.csv
facebook/opt-2.7b,256,gemm,v_proj,32,4,90.11200070381165,179352576,180663296,1310720,1310720,1024,2026-04-14T11:53:41Z,baseline_nvml_pt,nvidia-smi,ok,0.0,5.0,1695.0,7601.0,61.79,0.21503999829292297,176.0439453125,176.0439453125,5.0,True,,,,,unavailable,,prefill-facebook-opt-2-7b-chunk-256-sm-32,success,,,/mnt/data/dheeraj/dicertation/inference-profile/runs/revised-full-20260414-g4-opt27b-c64-256/raw/points/prefill/prefill-facebook-opt-2-7b-chunk-256-sm-32.csv
facebook/opt-2.7b,256,gemm,out_proj,32,4,99.23200309276581,179352576,180663296,1310720,1310720,1024,2026-04-14T11:53:41Z,baseline_nvml_pt,nvidia-smi,ok,0.0,5.0,1695.0,7601.0,61.79,0.21503999829292297,176.0439453125,176.0439453125,5.0,True,,,,,unavailable,,prefill-facebook-opt-2-7b-chunk-256-sm-32,success,,,/mnt/data/dheeraj/dicertation/inference-profile/runs/revised-full-20260414-g4-opt27b-c64-256/raw/points/prefill/prefill-facebook-opt-2-7b-chunk-256-sm-32.csv
facebook/opt-2.7b,256,gemm,fc1,32,4,210.94399690628052,179352576,184595456,5242880,5242880,1024,2026-04-14T11:53:41Z,baseline_nvml_pt,nvidia-smi,ok,0.0,5.0,1695.0,7601.0,61.79,0.21503999829292297,176.0439453125,176.0439453125,5.0,True,,,,,unavailable,,prefill-facebook-opt-2-7b-chunk-256-sm-32,success,,,/mnt/data/dheeraj/dicertation/inference-profile/runs/revised-full-20260414-g4-opt27b-c64-256/raw/points/prefill/prefill-facebook-opt-2-7b-chunk-256-sm-32.csv
facebook/opt-2.7b,256,gemm,fc2,32,4,210.94399690628052,179352576,180663296,1310720,1310720,1024,2026-04-14T11:53:41Z,baseline_nvml_pt,nvidia-smi,ok,0.0,5.0,1695.0,7601.0,61.79,0.21503999829292297,176.0439453125,176.0439453125,5.0,True,,,,,unavailable,,prefill-facebook-opt-2-7b-chunk-256-sm-32,success,,,/mnt/data/dheeraj/dicertation/inference-profile/runs/revised-full-20260414-g4-opt27b-c64-256/raw/points/prefill/prefill-facebook-opt-2-7b-chunk-256-sm-32.csv
facebook/opt-2.7b,256,attention,attention,32,4,55.10399863123894,179352576,180697088,1344512,1310720,1024,2026-04-14T11:53:41Z,baseline_nvml_pt,nvidia-smi,ok,0.0,5.0,1695.0,7601.0,61.79,0.21503999829292297,176.0439453125,176.0439453125,5.0,True,,,,,unavailable,,prefill-facebook-opt-2-7b-chunk-256-sm-32,success,,,/mnt/data/dheeraj/dicertation/inference-profile/runs/revised-full-20260414-g4-opt27b-c64-256/raw/points/prefill/prefill-facebook-opt-2-7b-chunk-256-sm-32.csv
