model_id,sequence_length,block_size,op_type,op_name,sm_ai_partition,timed_iteration,duration_us,baseline_vram_bytes,peak_vram_bytes,dynamic_workspace_bytes,output_bytes,decode_mode,telemetry_ts,telemetry_tier,telemetry_provider,telemetry_status,gpu_util,gpu_mem_used_mb,sm_clock_mhz,mem_clock_mhz,power_w,pt_step_ms,pt_mem_alloc_mb,pt_mem_reserved_mb,pt_workspace_mb,nvml_available,sampling_error,acu_pct,gbu_pct,smu_pct,microscopic_telemetry_status,microscopic_error,point_id,public_status,failure_kind,failure_cause,raw_output_path
facebook/opt-6.7b,1024,512,gemv,q_proj,8,0,176.12800002098083,428072960,428081152,8192,8192,vram,2026-04-15T13:52:24Z,baseline_nvml_pt,nvidia-smi,ok,0.0,109.0,1695.0,7601.0,66.26,0.48025599122047424,408.375,408.375,0.1328125,True,,60.795,69.36249999999998,58.28,estimated,,decode-facebook-opt-6-7b-seq-1024-block-512-mode-vram-sm-8,success,,,/mnt/data/dheeraj/dicertation/inference-profile/runs/revised-rerun-20260415-145100-g7-opt67b-c512-1024/raw/points/decode/decode-facebook-opt-6-7b-seq-1024-block-512-mode-vram-sm-8.csv
facebook/opt-6.7b,1024,512,gemv,k_proj,8,0,141.31200313568115,428072960,428081152,8192,8192,vram,2026-04-15T13:52:24Z,baseline_nvml_pt,nvidia-smi,ok,0.0,109.0,1695.0,7601.0,66.26,0.48025599122047424,408.375,408.375,0.1328125,True,,60.795,69.36249999999998,58.28,estimated,,decode-facebook-opt-6-7b-seq-1024-block-512-mode-vram-sm-8,success,,,/mnt/data/dheeraj/dicertation/inference-profile/runs/revised-rerun-20260415-145100-g7-opt67b-c512-1024/raw/points/decode/decode-facebook-opt-6-7b-seq-1024-block-512-mode-vram-sm-8.csv
facebook/opt-6.7b,1024,512,gemv,v_proj,8,0,123.90399724245071,428072960,428081152,8192,8192,vram,2026-04-15T13:52:24Z,baseline_nvml_pt,nvidia-smi,ok,0.0,109.0,1695.0,7601.0,66.26,0.48025599122047424,408.375,408.375,0.1328125,True,,60.795,69.36249999999998,58.28,estimated,,decode-facebook-opt-6-7b-seq-1024-block-512-mode-vram-sm-8,success,,,/mnt/data/dheeraj/dicertation/inference-profile/runs/revised-rerun-20260415-145100-g7-opt67b-c512-1024/raw/points/decode/decode-facebook-opt-6-7b-seq-1024-block-512-mode-vram-sm-8.csv
facebook/opt-6.7b,1024,512,gemv,out_proj,8,0,122.8799968957901,428072960,428081152,8192,8192,vram,2026-04-15T13:52:24Z,baseline_nvml_pt,nvidia-smi,ok,0.0,109.0,1695.0,7601.0,66.26,0.48025599122047424,408.375,408.375,0.1328125,True,,60.795,69.36249999999998,58.28,estimated,,decode-facebook-opt-6-7b-seq-1024-block-512-mode-vram-sm-8,success,,,/mnt/data/dheeraj/dicertation/inference-profile/runs/revised-rerun-20260415-145100-g7-opt67b-c512-1024/raw/points/decode/decode-facebook-opt-6-7b-seq-1024-block-512-mode-vram-sm-8.csv
facebook/opt-6.7b,1024,512,gemv,fc1,8,0,274.4320034980774,428072960,428105728,32768,32768,vram,2026-04-15T13:52:24Z,baseline_nvml_pt,nvidia-smi,ok,0.0,109.0,1695.0,7601.0,66.26,0.48025599122047424,408.375,408.375,0.1328125,True,,60.795,69.36249999999998,58.28,estimated,,decode-facebook-opt-6-7b-seq-1024-block-512-mode-vram-sm-8,success,,,/mnt/data/dheeraj/dicertation/inference-profile/runs/revised-rerun-20260415-145100-g7-opt67b-c512-1024/raw/points/decode/decode-facebook-opt-6-7b-seq-1024-block-512-mode-vram-sm-8.csv
facebook/opt-6.7b,1024,512,gemv,fc2,8,0,255.840003490448,428072960,428081152,8192,8192,vram,2026-04-15T13:52:24Z,baseline_nvml_pt,nvidia-smi,ok,0.0,109.0,1695.0,7601.0,66.26,0.48025599122047424,408.375,408.375,0.1328125,True,,60.795,69.36249999999998,58.28,estimated,,decode-facebook-opt-6-7b-seq-1024-block-512-mode-vram-sm-8,success,,,/mnt/data/dheeraj/dicertation/inference-profile/runs/revised-rerun-20260415-145100-g7-opt67b-c512-1024/raw/points/decode/decode-facebook-opt-6-7b-seq-1024-block-512-mode-vram-sm-8.csv
facebook/opt-6.7b,1024,512,attention_fetch_compute,,8,0,135.1040005683899,428072960,428212224,139264,139264,vram,2026-04-15T13:52:24Z,baseline_nvml_pt,nvidia-smi,ok,0.0,109.0,1695.0,7601.0,66.26,0.48025599122047424,408.375,408.375,0.1328125,True,,60.795,69.36249999999998,58.28,estimated,,decode-facebook-opt-6-7b-seq-1024-block-512-mode-vram-sm-8,success,,,/mnt/data/dheeraj/dicertation/inference-profile/runs/revised-rerun-20260415-145100-g7-opt67b-c512-1024/raw/points/decode/decode-facebook-opt-6-7b-seq-1024-block-512-mode-vram-sm-8.csv
facebook/opt-6.7b,1024,512,reduction_overhead,,8,0,22.52800017595291,428212224,428212224,0,8192,vram,2026-04-15T13:52:24Z,baseline_nvml_pt,nvidia-smi,ok,0.0,109.0,1695.0,7601.0,66.26,0.48025599122047424,408.375,408.375,0.1328125,True,,60.795,69.36249999999998,58.28,estimated,,decode-facebook-opt-6-7b-seq-1024-block-512-mode-vram-sm-8,success,,,/mnt/data/dheeraj/dicertation/inference-profile/runs/revised-rerun-20260415-145100-g7-opt67b-c512-1024/raw/points/decode/decode-facebook-opt-6-7b-seq-1024-block-512-mode-vram-sm-8.csv
facebook/opt-6.7b,1024,512,gemv,q_proj,8,1,120.83200365304947,428072960,428081152,8192,8192,vram,2026-04-15T13:52:24Z,baseline_nvml_pt,nvidia-smi,ok,0.0,109.0,1695.0,7601.0,66.26,0.48025599122047424,408.375,408.375,0.1328125,True,,60.795,69.36249999999998,58.28,estimated,,decode-facebook-opt-6-7b-seq-1024-block-512-mode-vram-sm-8,success,,,/mnt/data/dheeraj/dicertation/inference-profile/runs/revised-rerun-20260415-145100-g7-opt67b-c512-1024/raw/points/decode/decode-facebook-opt-6-7b-seq-1024-block-512-mode-vram-sm-8.csv
facebook/opt-6.7b,1024,512,gemv,k_proj,8,1,115.7120019197464,428072960,428081152,8192,8192,vram,2026-04-15T13:52:24Z,baseline_nvml_pt,nvidia-smi,ok,0.0,109.0,1695.0,7601.0,66.26,0.48025599122047424,408.375,408.375,0.1328125,True,,60.795,69.36249999999998,58.28,estimated,,decode-facebook-opt-6-7b-seq-1024-block-512-mode-vram-sm-8,success,,,/mnt/data/dheeraj/dicertation/inference-profile/runs/revised-rerun-20260415-145100-g7-opt67b-c512-1024/raw/points/decode/decode-facebook-opt-6-7b-seq-1024-block-512-mode-vram-sm-8.csv
facebook/opt-6.7b,1024,512,gemv,v_proj,8,1,114.68800157308578,428072960,428081152,8192,8192,vram,2026-04-15T13:52:24Z,baseline_nvml_pt,nvidia-smi,ok,0.0,109.0,1695.0,7601.0,66.26,0.48025599122047424,408.375,408.375,0.1328125,True,,60.795,69.36249999999998,58.28,estimated,,decode-facebook-opt-6-7b-seq-1024-block-512-mode-vram-sm-8,success,,,/mnt/data/dheeraj/dicertation/inference-profile/runs/revised-rerun-20260415-145100-g7-opt67b-c512-1024/raw/points/decode/decode-facebook-opt-6-7b-seq-1024-block-512-mode-vram-sm-8.csv
facebook/opt-6.7b,1024,512,gemv,out_proj,8,1,115.7120019197464,428072960,428081152,8192,8192,vram,2026-04-15T13:52:24Z,baseline_nvml_pt,nvidia-smi,ok,0.0,109.0,1695.0,7601.0,66.26,0.48025599122047424,408.375,408.375,0.1328125,True,,60.795,69.36249999999998,58.28,estimated,,decode-facebook-opt-6-7b-seq-1024-block-512-mode-vram-sm-8,success,,,/mnt/data/dheeraj/dicertation/inference-profile/runs/revised-rerun-20260415-145100-g7-opt67b-c512-1024/raw/points/decode/decode-facebook-opt-6-7b-seq-1024-block-512-mode-vram-sm-8.csv
facebook/opt-6.7b,1024,512,gemv,fc1,8,1,265.1839852333069,428072960,428105728,32768,32768,vram,2026-04-15T13:52:24Z,baseline_nvml_pt,nvidia-smi,ok,0.0,109.0,1695.0,7601.0,66.26,0.48025599122047424,408.375,408.375,0.1328125,True,,60.795,69.36249999999998,58.28,estimated,,decode-facebook-opt-6-7b-seq-1024-block-512-mode-vram-sm-8,success,,,/mnt/data/dheeraj/dicertation/inference-profile/runs/revised-rerun-20260415-145100-g7-opt67b-c512-1024/raw/points/decode/decode-facebook-opt-6-7b-seq-1024-block-512-mode-vram-sm-8.csv
facebook/opt-6.7b,1024,512,gemv,fc2,8,1,254.91198897361755,428072960,428081152,8192,8192,vram,2026-04-15T13:52:24Z,baseline_nvml_pt,nvidia-smi,ok,0.0,109.0,1695.0,7601.0,66.26,0.48025599122047424,408.375,408.375,0.1328125,True,,60.795,69.36249999999998,58.28,estimated,,decode-facebook-opt-6-7b-seq-1024-block-512-mode-vram-sm-8,success,,,/mnt/data/dheeraj/dicertation/inference-profile/runs/revised-rerun-20260415-145100-g7-opt67b-c512-1024/raw/points/decode/decode-facebook-opt-6-7b-seq-1024-block-512-mode-vram-sm-8.csv
facebook/opt-6.7b,1024,512,attention_fetch_compute,,8,1,129.02399897575378,428072960,428212224,139264,139264,vram,2026-04-15T13:52:24Z,baseline_nvml_pt,nvidia-smi,ok,0.0,109.0,1695.0,7601.0,66.26,0.48025599122047424,408.375,408.375,0.1328125,True,,60.795,69.36249999999998,58.28,estimated,,decode-facebook-opt-6-7b-seq-1024-block-512-mode-vram-sm-8,success,,,/mnt/data/dheeraj/dicertation/inference-profile/runs/revised-rerun-20260415-145100-g7-opt67b-c512-1024/raw/points/decode/decode-facebook-opt-6-7b-seq-1024-block-512-mode-vram-sm-8.csv
facebook/opt-6.7b,1024,512,reduction_overhead,,8,1,26.623999699950218,428212224,428212224,0,8192,vram,2026-04-15T13:52:24Z,baseline_nvml_pt,nvidia-smi,ok,0.0,109.0,1695.0,7601.0,66.26,0.48025599122047424,408.375,408.375,0.1328125,True,,60.795,69.36249999999998,58.28,estimated,,decode-facebook-opt-6-7b-seq-1024-block-512-mode-vram-sm-8,success,,,/mnt/data/dheeraj/dicertation/inference-profile/runs/revised-rerun-20260415-145100-g7-opt67b-c512-1024/raw/points/decode/decode-facebook-opt-6-7b-seq-1024-block-512-mode-vram-sm-8.csv
facebook/opt-6.7b,1024,512,gemv,q_proj,8,2,124.92799758911133,428072960,428081152,8192,8192,vram,2026-04-15T13:52:24Z,baseline_nvml_pt,nvidia-smi,ok,0.0,109.0,1695.0,7601.0,66.26,0.48025599122047424,408.375,408.375,0.1328125,True,,60.795,69.36249999999998,58.28,estimated,,decode-facebook-opt-6-7b-seq-1024-block-512-mode-vram-sm-8,success,,,/mnt/data/dheeraj/dicertation/inference-profile/runs/revised-rerun-20260415-145100-g7-opt67b-c512-1024/raw/points/decode/decode-facebook-opt-6-7b-seq-1024-block-512-mode-vram-sm-8.csv
facebook/opt-6.7b,1024,512,gemv,k_proj,8,2,113.66400122642517,428072960,428081152,8192,8192,vram,2026-04-15T13:52:24Z,baseline_nvml_pt,nvidia-smi,ok,0.0,109.0,1695.0,7601.0,66.26,0.48025599122047424,408.375,408.375,0.1328125,True,,60.795,69.36249999999998,58.28,estimated,,decode-facebook-opt-6-7b-seq-1024-block-512-mode-vram-sm-8,success,,,/mnt/data/dheeraj/dicertation/inference-profile/runs/revised-rerun-20260415-145100-g7-opt67b-c512-1024/raw/points/decode/decode-facebook-opt-6-7b-seq-1024-block-512-mode-vram-sm-8.csv
facebook/opt-6.7b,1024,512,gemv,v_proj,8,2,115.7120019197464,428072960,428081152,8192,8192,vram,2026-04-15T13:52:24Z,baseline_nvml_pt,nvidia-smi,ok,0.0,109.0,1695.0,7601.0,66.26,0.48025599122047424,408.375,408.375,0.1328125,True,,60.795,69.36249999999998,58.28,estimated,,decode-facebook-opt-6-7b-seq-1024-block-512-mode-vram-sm-8,success,,,/mnt/data/dheeraj/dicertation/inference-profile/runs/revised-rerun-20260415-145100-g7-opt67b-c512-1024/raw/points/decode/decode-facebook-opt-6-7b-seq-1024-block-512-mode-vram-sm-8.csv
facebook/opt-6.7b,1024,512,gemv,out_proj,8,2,111.61600053310394,428072960,428081152,8192,8192,vram,2026-04-15T13:52:24Z,baseline_nvml_pt,nvidia-smi,ok,0.0,109.0,1695.0,7601.0,66.26,0.48025599122047424,408.375,408.375,0.1328125,True,,60.795,69.36249999999998,58.28,estimated,,decode-facebook-opt-6-7b-seq-1024-block-512-mode-vram-sm-8,success,,,/mnt/data/dheeraj/dicertation/inference-profile/runs/revised-rerun-20260415-145100-g7-opt67b-c512-1024/raw/points/decode/decode-facebook-opt-6-7b-seq-1024-block-512-mode-vram-sm-8.csv
facebook/opt-6.7b,1024,512,gemv,fc1,8,2,264.19198513031006,428072960,428105728,32768,32768,vram,2026-04-15T13:52:24Z,baseline_nvml_pt,nvidia-smi,ok,0.0,109.0,1695.0,7601.0,66.26,0.48025599122047424,408.375,408.375,0.1328125,True,,60.795,69.36249999999998,58.28,estimated,,decode-facebook-opt-6-7b-seq-1024-block-512-mode-vram-sm-8,success,,,/mnt/data/dheeraj/dicertation/inference-profile/runs/revised-rerun-20260415-145100-g7-opt67b-c512-1024/raw/points/decode/decode-facebook-opt-6-7b-seq-1024-block-512-mode-vram-sm-8.csv
facebook/opt-6.7b,1024,512,gemv,fc2,8,2,251.67998671531677,428072960,428081152,8192,8192,vram,2026-04-15T13:52:24Z,baseline_nvml_pt,nvidia-smi,ok,0.0,109.0,1695.0,7601.0,66.26,0.48025599122047424,408.375,408.375,0.1328125,True,,60.795,69.36249999999998,58.28,estimated,,decode-facebook-opt-6-7b-seq-1024-block-512-mode-vram-sm-8,success,,,/mnt/data/dheeraj/dicertation/inference-profile/runs/revised-rerun-20260415-145100-g7-opt67b-c512-1024/raw/points/decode/decode-facebook-opt-6-7b-seq-1024-block-512-mode-vram-sm-8.csv
facebook/opt-6.7b,1024,512,attention_fetch_compute,,8,2,130.20800054073334,428072960,428212224,139264,139264,vram,2026-04-15T13:52:24Z,baseline_nvml_pt,nvidia-smi,ok,0.0,109.0,1695.0,7601.0,66.26,0.48025599122047424,408.375,408.375,0.1328125,True,,60.795,69.36249999999998,58.28,estimated,,decode-facebook-opt-6-7b-seq-1024-block-512-mode-vram-sm-8,success,,,/mnt/data/dheeraj/dicertation/inference-profile/runs/revised-rerun-20260415-145100-g7-opt67b-c512-1024/raw/points/decode/decode-facebook-opt-6-7b-seq-1024-block-512-mode-vram-sm-8.csv
facebook/opt-6.7b,1024,512,reduction_overhead,,8,2,21.536000072956085,428212224,428212224,0,8192,vram,2026-04-15T13:52:24Z,baseline_nvml_pt,nvidia-smi,ok,0.0,109.0,1695.0,7601.0,66.26,0.48025599122047424,408.375,408.375,0.1328125,True,,60.795,69.36249999999998,58.28,estimated,,decode-facebook-opt-6-7b-seq-1024-block-512-mode-vram-sm-8,success,,,/mnt/data/dheeraj/dicertation/inference-profile/runs/revised-rerun-20260415-145100-g7-opt67b-c512-1024/raw/points/decode/decode-facebook-opt-6-7b-seq-1024-block-512-mode-vram-sm-8.csv
facebook/opt-6.7b,1024,512,gemv,q_proj,8,3,117.76000261306763,428072960,428081152,8192,8192,vram,2026-04-15T13:52:24Z,baseline_nvml_pt,nvidia-smi,ok,0.0,109.0,1695.0,7601.0,66.26,0.48025599122047424,408.375,408.375,0.1328125,True,,60.795,69.36249999999998,58.28,estimated,,decode-facebook-opt-6-7b-seq-1024-block-512-mode-vram-sm-8,success,,,/mnt/data/dheeraj/dicertation/inference-profile/runs/revised-rerun-20260415-145100-g7-opt67b-c512-1024/raw/points/decode/decode-facebook-opt-6-7b-seq-1024-block-512-mode-vram-sm-8.csv
facebook/opt-6.7b,1024,512,gemv,k_proj,8,3,114.68800157308578,428072960,428081152,8192,8192,vram,2026-04-15T13:52:24Z,baseline_nvml_pt,nvidia-smi,ok,0.0,109.0,1695.0,7601.0,66.26,0.48025599122047424,408.375,408.375,0.1328125,True,,60.795,69.36249999999998,58.28,estimated,,decode-facebook-opt-6-7b-seq-1024-block-512-mode-vram-sm-8,success,,,/mnt/data/dheeraj/dicertation/inference-profile/runs/revised-rerun-20260415-145100-g7-opt67b-c512-1024/raw/points/decode/decode-facebook-opt-6-7b-seq-1024-block-512-mode-vram-sm-8.csv
facebook/opt-6.7b,1024,512,gemv,v_proj,8,3,112.64000087976456,428072960,428081152,8192,8192,vram,2026-04-15T13:52:24Z,baseline_nvml_pt,nvidia-smi,ok,0.0,109.0,1695.0,7601.0,66.26,0.48025599122047424,408.375,408.375,0.1328125,True,,60.795,69.36249999999998,58.28,estimated,,decode-facebook-opt-6-7b-seq-1024-block-512-mode-vram-sm-8,success,,,/mnt/data/dheeraj/dicertation/inference-profile/runs/revised-rerun-20260415-145100-g7-opt67b-c512-1024/raw/points/decode/decode-facebook-opt-6-7b-seq-1024-block-512-mode-vram-sm-8.csv
facebook/opt-6.7b,1024,512,gemv,out_proj,8,3,109.69600081443787,428072960,428081152,8192,8192,vram,2026-04-15T13:52:24Z,baseline_nvml_pt,nvidia-smi,ok,0.0,109.0,1695.0,7601.0,66.26,0.48025599122047424,408.375,408.375,0.1328125,True,,60.795,69.36249999999998,58.28,estimated,,decode-facebook-opt-6-7b-seq-1024-block-512-mode-vram-sm-8,success,,,/mnt/data/dheeraj/dicertation/inference-profile/runs/revised-rerun-20260415-145100-g7-opt67b-c512-1024/raw/points/decode/decode-facebook-opt-6-7b-seq-1024-block-512-mode-vram-sm-8.csv
facebook/opt-6.7b,1024,512,gemv,fc1,8,3,260.09601354599,428072960,428105728,32768,32768,vram,2026-04-15T13:52:24Z,baseline_nvml_pt,nvidia-smi,ok,0.0,109.0,1695.0,7601.0,66.26,0.48025599122047424,408.375,408.375,0.1328125,True,,60.795,69.36249999999998,58.28,estimated,,decode-facebook-opt-6-7b-seq-1024-block-512-mode-vram-sm-8,success,,,/mnt/data/dheeraj/dicertation/inference-profile/runs/revised-rerun-20260415-145100-g7-opt67b-c512-1024/raw/points/decode/decode-facebook-opt-6-7b-seq-1024-block-512-mode-vram-sm-8.csv
facebook/opt-6.7b,1024,512,gemv,fc2,8,3,249.85599517822266,428072960,428081152,8192,8192,vram,2026-04-15T13:52:24Z,baseline_nvml_pt,nvidia-smi,ok,0.0,109.0,1695.0,7601.0,66.26,0.48025599122047424,408.375,408.375,0.1328125,True,,60.795,69.36249999999998,58.28,estimated,,decode-facebook-opt-6-7b-seq-1024-block-512-mode-vram-sm-8,success,,,/mnt/data/dheeraj/dicertation/inference-profile/runs/revised-rerun-20260415-145100-g7-opt67b-c512-1024/raw/points/decode/decode-facebook-opt-6-7b-seq-1024-block-512-mode-vram-sm-8.csv
facebook/opt-6.7b,1024,512,attention_fetch_compute,,8,3,127.87200510501862,428072960,428212224,139264,139264,vram,2026-04-15T13:52:24Z,baseline_nvml_pt,nvidia-smi,ok,0.0,109.0,1695.0,7601.0,66.26,0.48025599122047424,408.375,408.375,0.1328125,True,,60.795,69.36249999999998,58.28,estimated,,decode-facebook-opt-6-7b-seq-1024-block-512-mode-vram-sm-8,success,,,/mnt/data/dheeraj/dicertation/inference-profile/runs/revised-rerun-20260415-145100-g7-opt67b-c512-1024/raw/points/decode/decode-facebook-opt-6-7b-seq-1024-block-512-mode-vram-sm-8.csv
facebook/opt-6.7b,1024,512,reduction_overhead,,8,3,20.479999482631683,428212224,428212224,0,8192,vram,2026-04-15T13:52:24Z,baseline_nvml_pt,nvidia-smi,ok,0.0,109.0,1695.0,7601.0,66.26,0.48025599122047424,408.375,408.375,0.1328125,True,,60.795,69.36249999999998,58.28,estimated,,decode-facebook-opt-6-7b-seq-1024-block-512-mode-vram-sm-8,success,,,/mnt/data/dheeraj/dicertation/inference-profile/runs/revised-rerun-20260415-145100-g7-opt67b-c512-1024/raw/points/decode/decode-facebook-opt-6-7b-seq-1024-block-512-mode-vram-sm-8.csv
facebook/opt-6.7b,1024,512,gemv,q_proj,8,4,115.7120019197464,428072960,428081152,8192,8192,vram,2026-04-15T13:52:24Z,baseline_nvml_pt,nvidia-smi,ok,0.0,109.0,1695.0,7601.0,66.26,0.48025599122047424,408.375,408.375,0.1328125,True,,60.795,69.36249999999998,58.28,estimated,,decode-facebook-opt-6-7b-seq-1024-block-512-mode-vram-sm-8,success,,,/mnt/data/dheeraj/dicertation/inference-profile/runs/revised-rerun-20260415-145100-g7-opt67b-c512-1024/raw/points/decode/decode-facebook-opt-6-7b-seq-1024-block-512-mode-vram-sm-8.csv
facebook/opt-6.7b,1024,512,gemv,k_proj,8,4,111.61600053310394,428072960,428081152,8192,8192,vram,2026-04-15T13:52:24Z,baseline_nvml_pt,nvidia-smi,ok,0.0,109.0,1695.0,7601.0,66.26,0.48025599122047424,408.375,408.375,0.1328125,True,,60.795,69.36249999999998,58.28,estimated,,decode-facebook-opt-6-7b-seq-1024-block-512-mode-vram-sm-8,success,,,/mnt/data/dheeraj/dicertation/inference-profile/runs/revised-rerun-20260415-145100-g7-opt67b-c512-1024/raw/points/decode/decode-facebook-opt-6-7b-seq-1024-block-512-mode-vram-sm-8.csv
facebook/opt-6.7b,1024,512,gemv,v_proj,8,4,112.47999966144562,428072960,428081152,8192,8192,vram,2026-04-15T13:52:24Z,baseline_nvml_pt,nvidia-smi,ok,0.0,109.0,1695.0,7601.0,66.26,0.48025599122047424,408.375,408.375,0.1328125,True,,60.795,69.36249999999998,58.28,estimated,,decode-facebook-opt-6-7b-seq-1024-block-512-mode-vram-sm-8,success,,,/mnt/data/dheeraj/dicertation/inference-profile/runs/revised-rerun-20260415-145100-g7-opt67b-c512-1024/raw/points/decode/decode-facebook-opt-6-7b-seq-1024-block-512-mode-vram-sm-8.csv
facebook/opt-6.7b,1024,512,gemv,out_proj,8,4,113.43999952077866,428072960,428081152,8192,8192,vram,2026-04-15T13:52:24Z,baseline_nvml_pt,nvidia-smi,ok,0.0,109.0,1695.0,7601.0,66.26,0.48025599122047424,408.375,408.375,0.1328125,True,,60.795,69.36249999999998,58.28,estimated,,decode-facebook-opt-6-7b-seq-1024-block-512-mode-vram-sm-8,success,,,/mnt/data/dheeraj/dicertation/inference-profile/runs/revised-rerun-20260415-145100-g7-opt67b-c512-1024/raw/points/decode/decode-facebook-opt-6-7b-seq-1024-block-512-mode-vram-sm-8.csv
facebook/opt-6.7b,1024,512,gemv,fc1,8,4,480.25599122047424,428072960,428105728,32768,32768,vram,2026-04-15T13:52:24Z,baseline_nvml_pt,nvidia-smi,ok,0.0,109.0,1695.0,7601.0,66.26,0.48025599122047424,408.375,408.375,0.1328125,True,,60.795,69.36249999999998,58.28,estimated,,decode-facebook-opt-6-7b-seq-1024-block-512-mode-vram-sm-8,success,,,/mnt/data/dheeraj/dicertation/inference-profile/runs/revised-rerun-20260415-145100-g7-opt67b-c512-1024/raw/points/decode/decode-facebook-opt-6-7b-seq-1024-block-512-mode-vram-sm-8.csv
facebook/opt-6.7b,1024,512,gemv,fc2,8,4,252.9279887676239,428072960,428081152,8192,8192,vram,2026-04-15T13:52:24Z,baseline_nvml_pt,nvidia-smi,ok,0.0,109.0,1695.0,7601.0,66.26,0.48025599122047424,408.375,408.375,0.1328125,True,,60.795,69.36249999999998,58.28,estimated,,decode-facebook-opt-6-7b-seq-1024-block-512-mode-vram-sm-8,success,,,/mnt/data/dheeraj/dicertation/inference-profile/runs/revised-rerun-20260415-145100-g7-opt67b-c512-1024/raw/points/decode/decode-facebook-opt-6-7b-seq-1024-block-512-mode-vram-sm-8.csv
facebook/opt-6.7b,1024,512,attention_fetch_compute,,8,4,139.55199718475342,428072960,428212224,139264,139264,vram,2026-04-15T13:52:24Z,baseline_nvml_pt,nvidia-smi,ok,0.0,109.0,1695.0,7601.0,66.26,0.48025599122047424,408.375,408.375,0.1328125,True,,60.795,69.36249999999998,58.28,estimated,,decode-facebook-opt-6-7b-seq-1024-block-512-mode-vram-sm-8,success,,,/mnt/data/dheeraj/dicertation/inference-profile/runs/revised-rerun-20260415-145100-g7-opt67b-c512-1024/raw/points/decode/decode-facebook-opt-6-7b-seq-1024-block-512-mode-vram-sm-8.csv
facebook/opt-6.7b,1024,512,reduction_overhead,,8,4,21.503999829292297,428212224,428212224,0,8192,vram,2026-04-15T13:52:24Z,baseline_nvml_pt,nvidia-smi,ok,0.0,109.0,1695.0,7601.0,66.26,0.48025599122047424,408.375,408.375,0.1328125,True,,60.795,69.36249999999998,58.28,estimated,,decode-facebook-opt-6-7b-seq-1024-block-512-mode-vram-sm-8,success,,,/mnt/data/dheeraj/dicertation/inference-profile/runs/revised-rerun-20260415-145100-g7-opt67b-c512-1024/raw/points/decode/decode-facebook-opt-6-7b-seq-1024-block-512-mode-vram-sm-8.csv
facebook/opt-6.7b,1024,512,gemv,q_proj,8,0,181.2479943037033,428072960,428081152,8192,8192,pcie_async,2026-04-15T13:52:30Z,baseline_nvml_pt,nvidia-smi,ok,9.0,109.0,1695.0,7601.0,66.47,0.27004799246788025,408.375,408.375,0.1328125,True,,58.19500000000001,74.385,56.64,estimated,,decode-facebook-opt-6-7b-seq-1024-block-512-mode-pcie_async-sm-8,success,,,/mnt/data/dheeraj/dicertation/inference-profile/runs/revised-rerun-20260415-145100-g7-opt67b-c512-1024/raw/points/decode/decode-facebook-opt-6-7b-seq-1024-block-512-mode-pcie_async-sm-8.csv
facebook/opt-6.7b,1024,512,gemv,k_proj,8,0,141.31200313568115,428072960,428081152,8192,8192,pcie_async,2026-04-15T13:52:30Z,baseline_nvml_pt,nvidia-smi,ok,9.0,109.0,1695.0,7601.0,66.47,0.27004799246788025,408.375,408.375,0.1328125,True,,58.19500000000001,74.385,56.64,estimated,,decode-facebook-opt-6-7b-seq-1024-block-512-mode-pcie_async-sm-8,success,,,/mnt/data/dheeraj/dicertation/inference-profile/runs/revised-rerun-20260415-145100-g7-opt67b-c512-1024/raw/points/decode/decode-facebook-opt-6-7b-seq-1024-block-512-mode-pcie_async-sm-8.csv
facebook/opt-6.7b,1024,512,gemv,v_proj,8,0,119.80800330638885,428072960,428081152,8192,8192,pcie_async,2026-04-15T13:52:30Z,baseline_nvml_pt,nvidia-smi,ok,9.0,109.0,1695.0,7601.0,66.47,0.27004799246788025,408.375,408.375,0.1328125,True,,58.19500000000001,74.385,56.64,estimated,,decode-facebook-opt-6-7b-seq-1024-block-512-mode-pcie_async-sm-8,success,,,/mnt/data/dheeraj/dicertation/inference-profile/runs/revised-rerun-20260415-145100-g7-opt67b-c512-1024/raw/points/decode/decode-facebook-opt-6-7b-seq-1024-block-512-mode-pcie_async-sm-8.csv
facebook/opt-6.7b,1024,512,gemv,out_proj,8,0,112.64000087976456,428072960,428081152,8192,8192,pcie_async,2026-04-15T13:52:30Z,baseline_nvml_pt,nvidia-smi,ok,9.0,109.0,1695.0,7601.0,66.47,0.27004799246788025,408.375,408.375,0.1328125,True,,58.19500000000001,74.385,56.64,estimated,,decode-facebook-opt-6-7b-seq-1024-block-512-mode-pcie_async-sm-8,success,,,/mnt/data/dheeraj/dicertation/inference-profile/runs/revised-rerun-20260415-145100-g7-opt67b-c512-1024/raw/points/decode/decode-facebook-opt-6-7b-seq-1024-block-512-mode-pcie_async-sm-8.csv
facebook/opt-6.7b,1024,512,gemv,fc1,8,0,270.04799246788025,428072960,428105728,32768,32768,pcie_async,2026-04-15T13:52:30Z,baseline_nvml_pt,nvidia-smi,ok,9.0,109.0,1695.0,7601.0,66.47,0.27004799246788025,408.375,408.375,0.1328125,True,,58.19500000000001,74.385,56.64,estimated,,decode-facebook-opt-6-7b-seq-1024-block-512-mode-pcie_async-sm-8,success,,,/mnt/data/dheeraj/dicertation/inference-profile/runs/revised-rerun-20260415-145100-g7-opt67b-c512-1024/raw/points/decode/decode-facebook-opt-6-7b-seq-1024-block-512-mode-pcie_async-sm-8.csv
facebook/opt-6.7b,1024,512,gemv,fc2,8,0,252.76800990104675,428072960,428081152,8192,8192,pcie_async,2026-04-15T13:52:30Z,baseline_nvml_pt,nvidia-smi,ok,9.0,109.0,1695.0,7601.0,66.47,0.27004799246788025,408.375,408.375,0.1328125,True,,58.19500000000001,74.385,56.64,estimated,,decode-facebook-opt-6-7b-seq-1024-block-512-mode-pcie_async-sm-8,success,,,/mnt/data/dheeraj/dicertation/inference-profile/runs/revised-rerun-20260415-145100-g7-opt67b-c512-1024/raw/points/decode/decode-facebook-opt-6-7b-seq-1024-block-512-mode-pcie_async-sm-8.csv
facebook/opt-6.7b,1024,512,attention_fetch_compute,,8,0,133.18400084972382,428072960,428212224,139264,139264,pcie_async,2026-04-15T13:52:30Z,baseline_nvml_pt,nvidia-smi,ok,9.0,109.0,1695.0,7601.0,66.47,0.27004799246788025,408.375,408.375,0.1328125,True,,58.19500000000001,74.385,56.64,estimated,,decode-facebook-opt-6-7b-seq-1024-block-512-mode-pcie_async-sm-8,success,,,/mnt/data/dheeraj/dicertation/inference-profile/runs/revised-rerun-20260415-145100-g7-opt67b-c512-1024/raw/points/decode/decode-facebook-opt-6-7b-seq-1024-block-512-mode-pcie_async-sm-8.csv
facebook/opt-6.7b,1024,512,reduction_overhead,,8,0,22.336000576615334,428212224,428212224,0,8192,pcie_async,2026-04-15T13:52:30Z,baseline_nvml_pt,nvidia-smi,ok,9.0,109.0,1695.0,7601.0,66.47,0.27004799246788025,408.375,408.375,0.1328125,True,,58.19500000000001,74.385,56.64,estimated,,decode-facebook-opt-6-7b-seq-1024-block-512-mode-pcie_async-sm-8,success,,,/mnt/data/dheeraj/dicertation/inference-profile/runs/revised-rerun-20260415-145100-g7-opt67b-c512-1024/raw/points/decode/decode-facebook-opt-6-7b-seq-1024-block-512-mode-pcie_async-sm-8.csv
facebook/opt-6.7b,1024,512,gemv,q_proj,8,1,117.79200285673141,428072960,428081152,8192,8192,pcie_async,2026-04-15T13:52:30Z,baseline_nvml_pt,nvidia-smi,ok,9.0,109.0,1695.0,7601.0,66.47,0.27004799246788025,408.375,408.375,0.1328125,True,,58.19500000000001,74.385,56.64,estimated,,decode-facebook-opt-6-7b-seq-1024-block-512-mode-pcie_async-sm-8,success,,,/mnt/data/dheeraj/dicertation/inference-profile/runs/revised-rerun-20260415-145100-g7-opt67b-c512-1024/raw/points/decode/decode-facebook-opt-6-7b-seq-1024-block-512-mode-pcie_async-sm-8.csv
facebook/opt-6.7b,1024,512,gemv,k_proj,8,1,116.73600226640701,428072960,428081152,8192,8192,pcie_async,2026-04-15T13:52:30Z,baseline_nvml_pt,nvidia-smi,ok,9.0,109.0,1695.0,7601.0,66.47,0.27004799246788025,408.375,408.375,0.1328125,True,,58.19500000000001,74.385,56.64,estimated,,decode-facebook-opt-6-7b-seq-1024-block-512-mode-pcie_async-sm-8,success,,,/mnt/data/dheeraj/dicertation/inference-profile/runs/revised-rerun-20260415-145100-g7-opt67b-c512-1024/raw/points/decode/decode-facebook-opt-6-7b-seq-1024-block-512-mode-pcie_async-sm-8.csv
facebook/opt-6.7b,1024,512,gemv,v_proj,8,1,112.41599917411804,428072960,428081152,8192,8192,pcie_async,2026-04-15T13:52:30Z,baseline_nvml_pt,nvidia-smi,ok,9.0,109.0,1695.0,7601.0,66.47,0.27004799246788025,408.375,408.375,0.1328125,True,,58.19500000000001,74.385,56.64,estimated,,decode-facebook-opt-6-7b-seq-1024-block-512-mode-pcie_async-sm-8,success,,,/mnt/data/dheeraj/dicertation/inference-profile/runs/revised-rerun-20260415-145100-g7-opt67b-c512-1024/raw/points/decode/decode-facebook-opt-6-7b-seq-1024-block-512-mode-pcie_async-sm-8.csv
facebook/opt-6.7b,1024,512,gemv,out_proj,8,1,113.53600025177002,428072960,428081152,8192,8192,pcie_async,2026-04-15T13:52:30Z,baseline_nvml_pt,nvidia-smi,ok,9.0,109.0,1695.0,7601.0,66.47,0.27004799246788025,408.375,408.375,0.1328125,True,,58.19500000000001,74.385,56.64,estimated,,decode-facebook-opt-6-7b-seq-1024-block-512-mode-pcie_async-sm-8,success,,,/mnt/data/dheeraj/dicertation/inference-profile/runs/revised-rerun-20260415-145100-g7-opt67b-c512-1024/raw/points/decode/decode-facebook-opt-6-7b-seq-1024-block-512-mode-pcie_async-sm-8.csv
facebook/opt-6.7b,1024,512,gemv,fc1,8,1,260.09601354599,428072960,428105728,32768,32768,pcie_async,2026-04-15T13:52:30Z,baseline_nvml_pt,nvidia-smi,ok,9.0,109.0,1695.0,7601.0,66.47,0.27004799246788025,408.375,408.375,0.1328125,True,,58.19500000000001,74.385,56.64,estimated,,decode-facebook-opt-6-7b-seq-1024-block-512-mode-pcie_async-sm-8,success,,,/mnt/data/dheeraj/dicertation/inference-profile/runs/revised-rerun-20260415-145100-g7-opt67b-c512-1024/raw/points/decode/decode-facebook-opt-6-7b-seq-1024-block-512-mode-pcie_async-sm-8.csv
facebook/opt-6.7b,1024,512,gemv,fc2,8,1,249.85599517822266,428072960,428081152,8192,8192,pcie_async,2026-04-15T13:52:30Z,baseline_nvml_pt,nvidia-smi,ok,9.0,109.0,1695.0,7601.0,66.47,0.27004799246788025,408.375,408.375,0.1328125,True,,58.19500000000001,74.385,56.64,estimated,,decode-facebook-opt-6-7b-seq-1024-block-512-mode-pcie_async-sm-8,success,,,/mnt/data/dheeraj/dicertation/inference-profile/runs/revised-rerun-20260415-145100-g7-opt67b-c512-1024/raw/points/decode/decode-facebook-opt-6-7b-seq-1024-block-512-mode-pcie_async-sm-8.csv
facebook/opt-6.7b,1024,512,attention_fetch_compute,,8,1,126.01600587368011,428072960,428212224,139264,139264,pcie_async,2026-04-15T13:52:30Z,baseline_nvml_pt,nvidia-smi,ok,9.0,109.0,1695.0,7601.0,66.47,0.27004799246788025,408.375,408.375,0.1328125,True,,58.19500000000001,74.385,56.64,estimated,,decode-facebook-opt-6-7b-seq-1024-block-512-mode-pcie_async-sm-8,success,,,/mnt/data/dheeraj/dicertation/inference-profile/runs/revised-rerun-20260415-145100-g7-opt67b-c512-1024/raw/points/decode/decode-facebook-opt-6-7b-seq-1024-block-512-mode-pcie_async-sm-8.csv
facebook/opt-6.7b,1024,512,reduction_overhead,,8,1,27.648000046610832,428212224,428212224,0,8192,pcie_async,2026-04-15T13:52:30Z,baseline_nvml_pt,nvidia-smi,ok,9.0,109.0,1695.0,7601.0,66.47,0.27004799246788025,408.375,408.375,0.1328125,True,,58.19500000000001,74.385,56.64,estimated,,decode-facebook-opt-6-7b-seq-1024-block-512-mode-pcie_async-sm-8,success,,,/mnt/data/dheeraj/dicertation/inference-profile/runs/revised-rerun-20260415-145100-g7-opt67b-c512-1024/raw/points/decode/decode-facebook-opt-6-7b-seq-1024-block-512-mode-pcie_async-sm-8.csv
facebook/opt-6.7b,1024,512,gemv,q_proj,8,2,126.24000012874603,428072960,428081152,8192,8192,pcie_async,2026-04-15T13:52:30Z,baseline_nvml_pt,nvidia-smi,ok,9.0,109.0,1695.0,7601.0,66.47,0.27004799246788025,408.375,408.375,0.1328125,True,,58.19500000000001,74.385,56.64,estimated,,decode-facebook-opt-6-7b-seq-1024-block-512-mode-pcie_async-sm-8,success,,,/mnt/data/dheeraj/dicertation/inference-profile/runs/revised-rerun-20260415-145100-g7-opt67b-c512-1024/raw/points/decode/decode-facebook-opt-6-7b-seq-1024-block-512-mode-pcie_async-sm-8.csv
facebook/opt-6.7b,1024,512,gemv,k_proj,8,2,113.40799927711487,428072960,428081152,8192,8192,pcie_async,2026-04-15T13:52:30Z,baseline_nvml_pt,nvidia-smi,ok,9.0,109.0,1695.0,7601.0,66.47,0.27004799246788025,408.375,408.375,0.1328125,True,,58.19500000000001,74.385,56.64,estimated,,decode-facebook-opt-6-7b-seq-1024-block-512-mode-pcie_async-sm-8,success,,,/mnt/data/dheeraj/dicertation/inference-profile/runs/revised-rerun-20260415-145100-g7-opt67b-c512-1024/raw/points/decode/decode-facebook-opt-6-7b-seq-1024-block-512-mode-pcie_async-sm-8.csv
facebook/opt-6.7b,1024,512,gemv,v_proj,8,2,113.40799927711487,428072960,428081152,8192,8192,pcie_async,2026-04-15T13:52:30Z,baseline_nvml_pt,nvidia-smi,ok,9.0,109.0,1695.0,7601.0,66.47,0.27004799246788025,408.375,408.375,0.1328125,True,,58.19500000000001,74.385,56.64,estimated,,decode-facebook-opt-6-7b-seq-1024-block-512-mode-pcie_async-sm-8,success,,,/mnt/data/dheeraj/dicertation/inference-profile/runs/revised-rerun-20260415-145100-g7-opt67b-c512-1024/raw/points/decode/decode-facebook-opt-6-7b-seq-1024-block-512-mode-pcie_async-sm-8.csv
facebook/opt-6.7b,1024,512,gemv,out_proj,8,2,112.60800063610077,428072960,428081152,8192,8192,pcie_async,2026-04-15T13:52:30Z,baseline_nvml_pt,nvidia-smi,ok,9.0,109.0,1695.0,7601.0,66.47,0.27004799246788025,408.375,408.375,0.1328125,True,,58.19500000000001,74.385,56.64,estimated,,decode-facebook-opt-6-7b-seq-1024-block-512-mode-pcie_async-sm-8,success,,,/mnt/data/dheeraj/dicertation/inference-profile/runs/revised-rerun-20260415-145100-g7-opt67b-c512-1024/raw/points/decode/decode-facebook-opt-6-7b-seq-1024-block-512-mode-pcie_async-sm-8.csv
facebook/opt-6.7b,1024,512,gemv,fc1,8,2,259.0720057487488,428072960,428105728,32768,32768,pcie_async,2026-04-15T13:52:30Z,baseline_nvml_pt,nvidia-smi,ok,9.0,109.0,1695.0,7601.0,66.47,0.27004799246788025,408.375,408.375,0.1328125,True,,58.19500000000001,74.385,56.64,estimated,,decode-facebook-opt-6-7b-seq-1024-block-512-mode-pcie_async-sm-8,success,,,/mnt/data/dheeraj/dicertation/inference-profile/runs/revised-rerun-20260415-145100-g7-opt67b-c512-1024/raw/points/decode/decode-facebook-opt-6-7b-seq-1024-block-512-mode-pcie_async-sm-8.csv
facebook/opt-6.7b,1024,512,gemv,fc2,8,2,248.76800179481506,428072960,428081152,8192,8192,pcie_async,2026-04-15T13:52:30Z,baseline_nvml_pt,nvidia-smi,ok,9.0,109.0,1695.0,7601.0,66.47,0.27004799246788025,408.375,408.375,0.1328125,True,,58.19500000000001,74.385,56.64,estimated,,decode-facebook-opt-6-7b-seq-1024-block-512-mode-pcie_async-sm-8,success,,,/mnt/data/dheeraj/dicertation/inference-profile/runs/revised-rerun-20260415-145100-g7-opt67b-c512-1024/raw/points/decode/decode-facebook-opt-6-7b-seq-1024-block-512-mode-pcie_async-sm-8.csv
facebook/opt-6.7b,1024,512,attention_fetch_compute,,8,2,130.048006772995,428072960,428212224,139264,139264,pcie_async,2026-04-15T13:52:30Z,baseline_nvml_pt,nvidia-smi,ok,9.0,109.0,1695.0,7601.0,66.47,0.27004799246788025,408.375,408.375,0.1328125,True,,58.19500000000001,74.385,56.64,estimated,,decode-facebook-opt-6-7b-seq-1024-block-512-mode-pcie_async-sm-8,success,,,/mnt/data/dheeraj/dicertation/inference-profile/runs/revised-rerun-20260415-145100-g7-opt67b-c512-1024/raw/points/decode/decode-facebook-opt-6-7b-seq-1024-block-512-mode-pcie_async-sm-8.csv
facebook/opt-6.7b,1024,512,reduction_overhead,,8,2,20.70399932563305,428212224,428212224,0,8192,pcie_async,2026-04-15T13:52:30Z,baseline_nvml_pt,nvidia-smi,ok,9.0,109.0,1695.0,7601.0,66.47,0.27004799246788025,408.375,408.375,0.1328125,True,,58.19500000000001,74.385,56.64,estimated,,decode-facebook-opt-6-7b-seq-1024-block-512-mode-pcie_async-sm-8,success,,,/mnt/data/dheeraj/dicertation/inference-profile/runs/revised-rerun-20260415-145100-g7-opt67b-c512-1024/raw/points/decode/decode-facebook-opt-6-7b-seq-1024-block-512-mode-pcie_async-sm-8.csv
facebook/opt-6.7b,1024,512,gemv,q_proj,8,3,118.78400295972824,428072960,428081152,8192,8192,pcie_async,2026-04-15T13:52:30Z,baseline_nvml_pt,nvidia-smi,ok,9.0,109.0,1695.0,7601.0,66.47,0.27004799246788025,408.375,408.375,0.1328125,True,,58.19500000000001,74.385,56.64,estimated,,decode-facebook-opt-6-7b-seq-1024-block-512-mode-pcie_async-sm-8,success,,,/mnt/data/dheeraj/dicertation/inference-profile/runs/revised-rerun-20260415-145100-g7-opt67b-c512-1024/raw/points/decode/decode-facebook-opt-6-7b-seq-1024-block-512-mode-pcie_async-sm-8.csv
facebook/opt-6.7b,1024,512,gemv,k_proj,8,3,115.7120019197464,428072960,428081152,8192,8192,pcie_async,2026-04-15T13:52:30Z,baseline_nvml_pt,nvidia-smi,ok,9.0,109.0,1695.0,7601.0,66.47,0.27004799246788025,408.375,408.375,0.1328125,True,,58.19500000000001,74.385,56.64,estimated,,decode-facebook-opt-6-7b-seq-1024-block-512-mode-pcie_async-sm-8,success,,,/mnt/data/dheeraj/dicertation/inference-profile/runs/revised-rerun-20260415-145100-g7-opt67b-c512-1024/raw/points/decode/decode-facebook-opt-6-7b-seq-1024-block-512-mode-pcie_async-sm-8.csv
facebook/opt-6.7b,1024,512,gemv,v_proj,8,3,110.59200018644333,428072960,428081152,8192,8192,pcie_async,2026-04-15T13:52:30Z,baseline_nvml_pt,nvidia-smi,ok,9.0,109.0,1695.0,7601.0,66.47,0.27004799246788025,408.375,408.375,0.1328125,True,,58.19500000000001,74.385,56.64,estimated,,decode-facebook-opt-6-7b-seq-1024-block-512-mode-pcie_async-sm-8,success,,,/mnt/data/dheeraj/dicertation/inference-profile/runs/revised-rerun-20260415-145100-g7-opt67b-c512-1024/raw/points/decode/decode-facebook-opt-6-7b-seq-1024-block-512-mode-pcie_async-sm-8.csv
facebook/opt-6.7b,1024,512,gemv,out_proj,8,3,115.7120019197464,428072960,428081152,8192,8192,pcie_async,2026-04-15T13:52:30Z,baseline_nvml_pt,nvidia-smi,ok,9.0,109.0,1695.0,7601.0,66.47,0.27004799246788025,408.375,408.375,0.1328125,True,,58.19500000000001,74.385,56.64,estimated,,decode-facebook-opt-6-7b-seq-1024-block-512-mode-pcie_async-sm-8,success,,,/mnt/data/dheeraj/dicertation/inference-profile/runs/revised-rerun-20260415-145100-g7-opt67b-c512-1024/raw/points/decode/decode-facebook-opt-6-7b-seq-1024-block-512-mode-pcie_async-sm-8.csv
facebook/opt-6.7b,1024,512,gemv,fc1,8,3,258.11201333999634,428072960,428105728,32768,32768,pcie_async,2026-04-15T13:52:30Z,baseline_nvml_pt,nvidia-smi,ok,9.0,109.0,1695.0,7601.0,66.47,0.27004799246788025,408.375,408.375,0.1328125,True,,58.19500000000001,74.385,56.64,estimated,,decode-facebook-opt-6-7b-seq-1024-block-512-mode-pcie_async-sm-8,success,,,/mnt/data/dheeraj/dicertation/inference-profile/runs/revised-rerun-20260415-145100-g7-opt67b-c512-1024/raw/points/decode/decode-facebook-opt-6-7b-seq-1024-block-512-mode-pcie_async-sm-8.csv
facebook/opt-6.7b,1024,512,gemv,fc2,8,3,247.6159930229187,428072960,428081152,8192,8192,pcie_async,2026-04-15T13:52:30Z,baseline_nvml_pt,nvidia-smi,ok,9.0,109.0,1695.0,7601.0,66.47,0.27004799246788025,408.375,408.375,0.1328125,True,,58.19500000000001,74.385,56.64,estimated,,decode-facebook-opt-6-7b-seq-1024-block-512-mode-pcie_async-sm-8,success,,,/mnt/data/dheeraj/dicertation/inference-profile/runs/revised-rerun-20260415-145100-g7-opt67b-c512-1024/raw/points/decode/decode-facebook-opt-6-7b-seq-1024-block-512-mode-pcie_async-sm-8.csv
facebook/opt-6.7b,1024,512,attention_fetch_compute,,8,3,125.95200538635254,428072960,428212224,139264,139264,pcie_async,2026-04-15T13:52:30Z,baseline_nvml_pt,nvidia-smi,ok,9.0,109.0,1695.0,7601.0,66.47,0.27004799246788025,408.375,408.375,0.1328125,True,,58.19500000000001,74.385,56.64,estimated,,decode-facebook-opt-6-7b-seq-1024-block-512-mode-pcie_async-sm-8,success,,,/mnt/data/dheeraj/dicertation/inference-profile/runs/revised-rerun-20260415-145100-g7-opt67b-c512-1024/raw/points/decode/decode-facebook-opt-6-7b-seq-1024-block-512-mode-pcie_async-sm-8.csv
facebook/opt-6.7b,1024,512,reduction_overhead,,8,3,20.479999482631683,428212224,428212224,0,8192,pcie_async,2026-04-15T13:52:30Z,baseline_nvml_pt,nvidia-smi,ok,9.0,109.0,1695.0,7601.0,66.47,0.27004799246788025,408.375,408.375,0.1328125,True,,58.19500000000001,74.385,56.64,estimated,,decode-facebook-opt-6-7b-seq-1024-block-512-mode-pcie_async-sm-8,success,,,/mnt/data/dheeraj/dicertation/inference-profile/runs/revised-rerun-20260415-145100-g7-opt67b-c512-1024/raw/points/decode/decode-facebook-opt-6-7b-seq-1024-block-512-mode-pcie_async-sm-8.csv
facebook/opt-6.7b,1024,512,gemv,q_proj,8,4,114.656001329422,428072960,428081152,8192,8192,pcie_async,2026-04-15T13:52:30Z,baseline_nvml_pt,nvidia-smi,ok,9.0,109.0,1695.0,7601.0,66.47,0.27004799246788025,408.375,408.375,0.1328125,True,,58.19500000000001,74.385,56.64,estimated,,decode-facebook-opt-6-7b-seq-1024-block-512-mode-pcie_async-sm-8,success,,,/mnt/data/dheeraj/dicertation/inference-profile/runs/revised-rerun-20260415-145100-g7-opt67b-c512-1024/raw/points/decode/decode-facebook-opt-6-7b-seq-1024-block-512-mode-pcie_async-sm-8.csv
facebook/opt-6.7b,1024,512,gemv,k_proj,8,4,116.73600226640701,428072960,428081152,8192,8192,pcie_async,2026-04-15T13:52:30Z,baseline_nvml_pt,nvidia-smi,ok,9.0,109.0,1695.0,7601.0,66.47,0.27004799246788025,408.375,408.375,0.1328125,True,,58.19500000000001,74.385,56.64,estimated,,decode-facebook-opt-6-7b-seq-1024-block-512-mode-pcie_async-sm-8,success,,,/mnt/data/dheeraj/dicertation/inference-profile/runs/revised-rerun-20260415-145100-g7-opt67b-c512-1024/raw/points/decode/decode-facebook-opt-6-7b-seq-1024-block-512-mode-pcie_async-sm-8.csv
facebook/opt-6.7b,1024,512,gemv,v_proj,8,4,115.7120019197464,428072960,428081152,8192,8192,pcie_async,2026-04-15T13:52:30Z,baseline_nvml_pt,nvidia-smi,ok,9.0,109.0,1695.0,7601.0,66.47,0.27004799246788025,408.375,408.375,0.1328125,True,,58.19500000000001,74.385,56.64,estimated,,decode-facebook-opt-6-7b-seq-1024-block-512-mode-pcie_async-sm-8,success,,,/mnt/data/dheeraj/dicertation/inference-profile/runs/revised-rerun-20260415-145100-g7-opt67b-c512-1024/raw/points/decode/decode-facebook-opt-6-7b-seq-1024-block-512-mode-pcie_async-sm-8.csv
facebook/opt-6.7b,1024,512,gemv,out_proj,8,4,111.61600053310394,428072960,428081152,8192,8192,pcie_async,2026-04-15T13:52:30Z,baseline_nvml_pt,nvidia-smi,ok,9.0,109.0,1695.0,7601.0,66.47,0.27004799246788025,408.375,408.375,0.1328125,True,,58.19500000000001,74.385,56.64,estimated,,decode-facebook-opt-6-7b-seq-1024-block-512-mode-pcie_async-sm-8,success,,,/mnt/data/dheeraj/dicertation/inference-profile/runs/revised-rerun-20260415-145100-g7-opt67b-c512-1024/raw/points/decode/decode-facebook-opt-6-7b-seq-1024-block-512-mode-pcie_async-sm-8.csv
facebook/opt-6.7b,1024,512,gemv,fc1,8,4,259.0720057487488,428072960,428105728,32768,32768,pcie_async,2026-04-15T13:52:30Z,baseline_nvml_pt,nvidia-smi,ok,9.0,109.0,1695.0,7601.0,66.47,0.27004799246788025,408.375,408.375,0.1328125,True,,58.19500000000001,74.385,56.64,estimated,,decode-facebook-opt-6-7b-seq-1024-block-512-mode-pcie_async-sm-8,success,,,/mnt/data/dheeraj/dicertation/inference-profile/runs/revised-rerun-20260415-145100-g7-opt67b-c512-1024/raw/points/decode/decode-facebook-opt-6-7b-seq-1024-block-512-mode-pcie_async-sm-8.csv
facebook/opt-6.7b,1024,512,gemv,fc2,8,4,249.85599517822266,428072960,428081152,8192,8192,pcie_async,2026-04-15T13:52:30Z,baseline_nvml_pt,nvidia-smi,ok,9.0,109.0,1695.0,7601.0,66.47,0.27004799246788025,408.375,408.375,0.1328125,True,,58.19500000000001,74.385,56.64,estimated,,decode-facebook-opt-6-7b-seq-1024-block-512-mode-pcie_async-sm-8,success,,,/mnt/data/dheeraj/dicertation/inference-profile/runs/revised-rerun-20260415-145100-g7-opt67b-c512-1024/raw/points/decode/decode-facebook-opt-6-7b-seq-1024-block-512-mode-pcie_async-sm-8.csv
facebook/opt-6.7b,1024,512,attention_fetch_compute,,8,4,134.14399325847626,428072960,428212224,139264,139264,pcie_async,2026-04-15T13:52:30Z,baseline_nvml_pt,nvidia-smi,ok,9.0,109.0,1695.0,7601.0,66.47,0.27004799246788025,408.375,408.375,0.1328125,True,,58.19500000000001,74.385,56.64,estimated,,decode-facebook-opt-6-7b-seq-1024-block-512-mode-pcie_async-sm-8,success,,,/mnt/data/dheeraj/dicertation/inference-profile/runs/revised-rerun-20260415-145100-g7-opt67b-c512-1024/raw/points/decode/decode-facebook-opt-6-7b-seq-1024-block-512-mode-pcie_async-sm-8.csv
facebook/opt-6.7b,1024,512,reduction_overhead,,8,4,21.503999829292297,428212224,428212224,0,8192,pcie_async,2026-04-15T13:52:30Z,baseline_nvml_pt,nvidia-smi,ok,9.0,109.0,1695.0,7601.0,66.47,0.27004799246788025,408.375,408.375,0.1328125,True,,58.19500000000001,74.385,56.64,estimated,,decode-facebook-opt-6-7b-seq-1024-block-512-mode-pcie_async-sm-8,success,,,/mnt/data/dheeraj/dicertation/inference-profile/runs/revised-rerun-20260415-145100-g7-opt67b-c512-1024/raw/points/decode/decode-facebook-opt-6-7b-seq-1024-block-512-mode-pcie_async-sm-8.csv
facebook/opt-6.7b,1024,512,gemv,q_proj,16,0,141.31200313568115,428072960,428081152,8192,8192,vram,2026-04-15T13:52:38Z,baseline_nvml_pt,nvidia-smi,ok,0.0,109.0,1695.0,7601.0,65.92,0.27750399708747864,408.375,408.375,0.1328125,True,,65.61999999999999,67.12499999999999,63.91999999999999,estimated,,decode-facebook-opt-6-7b-seq-1024-block-512-mode-vram-sm-16,success,,,/mnt/data/dheeraj/dicertation/inference-profile/runs/revised-rerun-20260415-145100-g7-opt67b-c512-1024/raw/points/decode/decode-facebook-opt-6-7b-seq-1024-block-512-mode-vram-sm-16.csv
facebook/opt-6.7b,1024,512,gemv,k_proj,16,0,133.12000036239624,428072960,428081152,8192,8192,vram,2026-04-15T13:52:38Z,baseline_nvml_pt,nvidia-smi,ok,0.0,109.0,1695.0,7601.0,65.92,0.27750399708747864,408.375,408.375,0.1328125,True,,65.61999999999999,67.12499999999999,63.91999999999999,estimated,,decode-facebook-opt-6-7b-seq-1024-block-512-mode-vram-sm-16,success,,,/mnt/data/dheeraj/dicertation/inference-profile/runs/revised-rerun-20260415-145100-g7-opt67b-c512-1024/raw/points/decode/decode-facebook-opt-6-7b-seq-1024-block-512-mode-vram-sm-16.csv
facebook/opt-6.7b,1024,512,gemv,v_proj,16,0,118.78400295972824,428072960,428081152,8192,8192,vram,2026-04-15T13:52:38Z,baseline_nvml_pt,nvidia-smi,ok,0.0,109.0,1695.0,7601.0,65.92,0.27750399708747864,408.375,408.375,0.1328125,True,,65.61999999999999,67.12499999999999,63.91999999999999,estimated,,decode-facebook-opt-6-7b-seq-1024-block-512-mode-vram-sm-16,success,,,/mnt/data/dheeraj/dicertation/inference-profile/runs/revised-rerun-20260415-145100-g7-opt67b-c512-1024/raw/points/decode/decode-facebook-opt-6-7b-seq-1024-block-512-mode-vram-sm-16.csv
facebook/opt-6.7b,1024,512,gemv,out_proj,16,0,115.93600362539291,428072960,428081152,8192,8192,vram,2026-04-15T13:52:38Z,baseline_nvml_pt,nvidia-smi,ok,0.0,109.0,1695.0,7601.0,65.92,0.27750399708747864,408.375,408.375,0.1328125,True,,65.61999999999999,67.12499999999999,63.91999999999999,estimated,,decode-facebook-opt-6-7b-seq-1024-block-512-mode-vram-sm-16,success,,,/mnt/data/dheeraj/dicertation/inference-profile/runs/revised-rerun-20260415-145100-g7-opt67b-c512-1024/raw/points/decode/decode-facebook-opt-6-7b-seq-1024-block-512-mode-vram-sm-16.csv
facebook/opt-6.7b,1024,512,gemv,fc1,16,0,277.50399708747864,428072960,428105728,32768,32768,vram,2026-04-15T13:52:38Z,baseline_nvml_pt,nvidia-smi,ok,0.0,109.0,1695.0,7601.0,65.92,0.27750399708747864,408.375,408.375,0.1328125,True,,65.61999999999999,67.12499999999999,63.91999999999999,estimated,,decode-facebook-opt-6-7b-seq-1024-block-512-mode-vram-sm-16,success,,,/mnt/data/dheeraj/dicertation/inference-profile/runs/revised-rerun-20260415-145100-g7-opt67b-c512-1024/raw/points/decode/decode-facebook-opt-6-7b-seq-1024-block-512-mode-vram-sm-16.csv
facebook/opt-6.7b,1024,512,gemv,fc2,16,0,253.9519965648651,428072960,428081152,8192,8192,vram,2026-04-15T13:52:38Z,baseline_nvml_pt,nvidia-smi,ok,0.0,109.0,1695.0,7601.0,65.92,0.27750399708747864,408.375,408.375,0.1328125,True,,65.61999999999999,67.12499999999999,63.91999999999999,estimated,,decode-facebook-opt-6-7b-seq-1024-block-512-mode-vram-sm-16,success,,,/mnt/data/dheeraj/dicertation/inference-profile/runs/revised-rerun-20260415-145100-g7-opt67b-c512-1024/raw/points/decode/decode-facebook-opt-6-7b-seq-1024-block-512-mode-vram-sm-16.csv
facebook/opt-6.7b,1024,512,attention_fetch_compute,,16,0,141.31200313568115,428072960,428212224,139264,139264,vram,2026-04-15T13:52:38Z,baseline_nvml_pt,nvidia-smi,ok,0.0,109.0,1695.0,7601.0,65.92,0.27750399708747864,408.375,408.375,0.1328125,True,,65.61999999999999,67.12499999999999,63.91999999999999,estimated,,decode-facebook-opt-6-7b-seq-1024-block-512-mode-vram-sm-16,success,,,/mnt/data/dheeraj/dicertation/inference-profile/runs/revised-rerun-20260415-145100-g7-opt67b-c512-1024/raw/points/decode/decode-facebook-opt-6-7b-seq-1024-block-512-mode-vram-sm-16.csv
facebook/opt-6.7b,1024,512,reduction_overhead,,16,0,22.23999984562397,428212224,428212224,0,8192,vram,2026-04-15T13:52:38Z,baseline_nvml_pt,nvidia-smi,ok,0.0,109.0,1695.0,7601.0,65.92,0.27750399708747864,408.375,408.375,0.1328125,True,,65.61999999999999,67.12499999999999,63.91999999999999,estimated,,decode-facebook-opt-6-7b-seq-1024-block-512-mode-vram-sm-16,success,,,/mnt/data/dheeraj/dicertation/inference-profile/runs/revised-rerun-20260415-145100-g7-opt67b-c512-1024/raw/points/decode/decode-facebook-opt-6-7b-seq-1024-block-512-mode-vram-sm-16.csv
facebook/opt-6.7b,1024,512,gemv,q_proj,16,1,117.76000261306763,428072960,428081152,8192,8192,vram,2026-04-15T13:52:38Z,baseline_nvml_pt,nvidia-smi,ok,0.0,109.0,1695.0,7601.0,65.92,0.27750399708747864,408.375,408.375,0.1328125,True,,65.61999999999999,67.12499999999999,63.91999999999999,estimated,,decode-facebook-opt-6-7b-seq-1024-block-512-mode-vram-sm-16,success,,,/mnt/data/dheeraj/dicertation/inference-profile/runs/revised-rerun-20260415-145100-g7-opt67b-c512-1024/raw/points/decode/decode-facebook-opt-6-7b-seq-1024-block-512-mode-vram-sm-16.csv
facebook/opt-6.7b,1024,512,gemv,k_proj,16,1,117.76000261306763,428072960,428081152,8192,8192,vram,2026-04-15T13:52:38Z,baseline_nvml_pt,nvidia-smi,ok,0.0,109.0,1695.0,7601.0,65.92,0.27750399708747864,408.375,408.375,0.1328125,True,,65.61999999999999,67.12499999999999,63.91999999999999,estimated,,decode-facebook-opt-6-7b-seq-1024-block-512-mode-vram-sm-16,success,,,/mnt/data/dheeraj/dicertation/inference-profile/runs/revised-rerun-20260415-145100-g7-opt67b-c512-1024/raw/points/decode/decode-facebook-opt-6-7b-seq-1024-block-512-mode-vram-sm-16.csv
facebook/opt-6.7b,1024,512,gemv,v_proj,16,1,112.64000087976456,428072960,428081152,8192,8192,vram,2026-04-15T13:52:38Z,baseline_nvml_pt,nvidia-smi,ok,0.0,109.0,1695.0,7601.0,65.92,0.27750399708747864,408.375,408.375,0.1328125,True,,65.61999999999999,67.12499999999999,63.91999999999999,estimated,,decode-facebook-opt-6-7b-seq-1024-block-512-mode-vram-sm-16,success,,,/mnt/data/dheeraj/dicertation/inference-profile/runs/revised-rerun-20260415-145100-g7-opt67b-c512-1024/raw/points/decode/decode-facebook-opt-6-7b-seq-1024-block-512-mode-vram-sm-16.csv
facebook/opt-6.7b,1024,512,gemv,out_proj,16,1,110.59200018644333,428072960,428081152,8192,8192,vram,2026-04-15T13:52:38Z,baseline_nvml_pt,nvidia-smi,ok,0.0,109.0,1695.0,7601.0,65.92,0.27750399708747864,408.375,408.375,0.1328125,True,,65.61999999999999,67.12499999999999,63.91999999999999,estimated,,decode-facebook-opt-6-7b-seq-1024-block-512-mode-vram-sm-16,success,,,/mnt/data/dheeraj/dicertation/inference-profile/runs/revised-rerun-20260415-145100-g7-opt67b-c512-1024/raw/points/decode/decode-facebook-opt-6-7b-seq-1024-block-512-mode-vram-sm-16.csv
facebook/opt-6.7b,1024,512,gemv,fc1,16,1,262.14399933815,428072960,428105728,32768,32768,vram,2026-04-15T13:52:38Z,baseline_nvml_pt,nvidia-smi,ok,0.0,109.0,1695.0,7601.0,65.92,0.27750399708747864,408.375,408.375,0.1328125,True,,65.61999999999999,67.12499999999999,63.91999999999999,estimated,,decode-facebook-opt-6-7b-seq-1024-block-512-mode-vram-sm-16,success,,,/mnt/data/dheeraj/dicertation/inference-profile/runs/revised-rerun-20260415-145100-g7-opt67b-c512-1024/raw/points/decode/decode-facebook-opt-6-7b-seq-1024-block-512-mode-vram-sm-16.csv
facebook/opt-6.7b,1024,512,gemv,fc2,16,1,249.85599517822266,428072960,428081152,8192,8192,vram,2026-04-15T13:52:38Z,baseline_nvml_pt,nvidia-smi,ok,0.0,109.0,1695.0,7601.0,65.92,0.27750399708747864,408.375,408.375,0.1328125,True,,65.61999999999999,67.12499999999999,63.91999999999999,estimated,,decode-facebook-opt-6-7b-seq-1024-block-512-mode-vram-sm-16,success,,,/mnt/data/dheeraj/dicertation/inference-profile/runs/revised-rerun-20260415-145100-g7-opt67b-c512-1024/raw/points/decode/decode-facebook-opt-6-7b-seq-1024-block-512-mode-vram-sm-16.csv
facebook/opt-6.7b,1024,512,attention_fetch_compute,,16,1,155.64799308776855,428072960,428212224,139264,139264,vram,2026-04-15T13:52:38Z,baseline_nvml_pt,nvidia-smi,ok,0.0,109.0,1695.0,7601.0,65.92,0.27750399708747864,408.375,408.375,0.1328125,True,,65.61999999999999,67.12499999999999,63.91999999999999,estimated,,decode-facebook-opt-6-7b-seq-1024-block-512-mode-vram-sm-16,success,,,/mnt/data/dheeraj/dicertation/inference-profile/runs/revised-rerun-20260415-145100-g7-opt67b-c512-1024/raw/points/decode/decode-facebook-opt-6-7b-seq-1024-block-512-mode-vram-sm-16.csv
facebook/opt-6.7b,1024,512,reduction_overhead,,16,1,21.407999098300934,428212224,428212224,0,8192,vram,2026-04-15T13:52:38Z,baseline_nvml_pt,nvidia-smi,ok,0.0,109.0,1695.0,7601.0,65.92,0.27750399708747864,408.375,408.375,0.1328125,True,,65.61999999999999,67.12499999999999,63.91999999999999,estimated,,decode-facebook-opt-6-7b-seq-1024-block-512-mode-vram-sm-16,success,,,/mnt/data/dheeraj/dicertation/inference-profile/runs/revised-rerun-20260415-145100-g7-opt67b-c512-1024/raw/points/decode/decode-facebook-opt-6-7b-seq-1024-block-512-mode-vram-sm-16.csv
facebook/opt-6.7b,1024,512,gemv,q_proj,16,2,118.78400295972824,428072960,428081152,8192,8192,vram,2026-04-15T13:52:38Z,baseline_nvml_pt,nvidia-smi,ok,0.0,109.0,1695.0,7601.0,65.92,0.27750399708747864,408.375,408.375,0.1328125,True,,65.61999999999999,67.12499999999999,63.91999999999999,estimated,,decode-facebook-opt-6-7b-seq-1024-block-512-mode-vram-sm-16,success,,,/mnt/data/dheeraj/dicertation/inference-profile/runs/revised-rerun-20260415-145100-g7-opt67b-c512-1024/raw/points/decode/decode-facebook-opt-6-7b-seq-1024-block-512-mode-vram-sm-16.csv
facebook/opt-6.7b,1024,512,gemv,k_proj,16,2,113.47199976444244,428072960,428081152,8192,8192,vram,2026-04-15T13:52:38Z,baseline_nvml_pt,nvidia-smi,ok,0.0,109.0,1695.0,7601.0,65.92,0.27750399708747864,408.375,408.375,0.1328125,True,,65.61999999999999,67.12499999999999,63.91999999999999,estimated,,decode-facebook-opt-6-7b-seq-1024-block-512-mode-vram-sm-16,success,,,/mnt/data/dheeraj/dicertation/inference-profile/runs/revised-rerun-20260415-145100-g7-opt67b-c512-1024/raw/points/decode/decode-facebook-opt-6-7b-seq-1024-block-512-mode-vram-sm-16.csv
facebook/opt-6.7b,1024,512,gemv,v_proj,16,2,113.66400122642517,428072960,428081152,8192,8192,vram,2026-04-15T13:52:38Z,baseline_nvml_pt,nvidia-smi,ok,0.0,109.0,1695.0,7601.0,65.92,0.27750399708747864,408.375,408.375,0.1328125,True,,65.61999999999999,67.12499999999999,63.91999999999999,estimated,,decode-facebook-opt-6-7b-seq-1024-block-512-mode-vram-sm-16,success,,,/mnt/data/dheeraj/dicertation/inference-profile/runs/revised-rerun-20260415-145100-g7-opt67b-c512-1024/raw/points/decode/decode-facebook-opt-6-7b-seq-1024-block-512-mode-vram-sm-16.csv
facebook/opt-6.7b,1024,512,gemv,out_proj,16,2,110.59200018644333,428072960,428081152,8192,8192,vram,2026-04-15T13:52:38Z,baseline_nvml_pt,nvidia-smi,ok,0.0,109.0,1695.0,7601.0,65.92,0.27750399708747864,408.375,408.375,0.1328125,True,,65.61999999999999,67.12499999999999,63.91999999999999,estimated,,decode-facebook-opt-6-7b-seq-1024-block-512-mode-vram-sm-16,success,,,/mnt/data/dheeraj/dicertation/inference-profile/runs/revised-rerun-20260415-145100-g7-opt67b-c512-1024/raw/points/decode/decode-facebook-opt-6-7b-seq-1024-block-512-mode-vram-sm-16.csv
facebook/opt-6.7b,1024,512,gemv,fc1,16,2,260.9280049800873,428072960,428105728,32768,32768,vram,2026-04-15T13:52:38Z,baseline_nvml_pt,nvidia-smi,ok,0.0,109.0,1695.0,7601.0,65.92,0.27750399708747864,408.375,408.375,0.1328125,True,,65.61999999999999,67.12499999999999,63.91999999999999,estimated,,decode-facebook-opt-6-7b-seq-1024-block-512-mode-vram-sm-16,success,,,/mnt/data/dheeraj/dicertation/inference-profile/runs/revised-rerun-20260415-145100-g7-opt67b-c512-1024/raw/points/decode/decode-facebook-opt-6-7b-seq-1024-block-512-mode-vram-sm-16.csv
facebook/opt-6.7b,1024,512,gemv,fc2,16,2,248.83200228214264,428072960,428081152,8192,8192,vram,2026-04-15T13:52:38Z,baseline_nvml_pt,nvidia-smi,ok,0.0,109.0,1695.0,7601.0,65.92,0.27750399708747864,408.375,408.375,0.1328125,True,,65.61999999999999,67.12499999999999,63.91999999999999,estimated,,decode-facebook-opt-6-7b-seq-1024-block-512-mode-vram-sm-16,success,,,/mnt/data/dheeraj/dicertation/inference-profile/runs/revised-rerun-20260415-145100-g7-opt67b-c512-1024/raw/points/decode/decode-facebook-opt-6-7b-seq-1024-block-512-mode-vram-sm-16.csv
facebook/opt-6.7b,1024,512,attention_fetch_compute,,16,2,126.97599828243256,428072960,428212224,139264,139264,vram,2026-04-15T13:52:38Z,baseline_nvml_pt,nvidia-smi,ok,0.0,109.0,1695.0,7601.0,65.92,0.27750399708747864,408.375,408.375,0.1328125,True,,65.61999999999999,67.12499999999999,63.91999999999999,estimated,,decode-facebook-opt-6-7b-seq-1024-block-512-mode-vram-sm-16,success,,,/mnt/data/dheeraj/dicertation/inference-profile/runs/revised-rerun-20260415-145100-g7-opt67b-c512-1024/raw/points/decode/decode-facebook-opt-6-7b-seq-1024-block-512-mode-vram-sm-16.csv
facebook/opt-6.7b,1024,512,reduction_overhead,,16,2,20.51199972629547,428212224,428212224,0,8192,vram,2026-04-15T13:52:38Z,baseline_nvml_pt,nvidia-smi,ok,0.0,109.0,1695.0,7601.0,65.92,0.27750399708747864,408.375,408.375,0.1328125,True,,65.61999999999999,67.12499999999999,63.91999999999999,estimated,,decode-facebook-opt-6-7b-seq-1024-block-512-mode-vram-sm-16,success,,,/mnt/data/dheeraj/dicertation/inference-profile/runs/revised-rerun-20260415-145100-g7-opt67b-c512-1024/raw/points/decode/decode-facebook-opt-6-7b-seq-1024-block-512-mode-vram-sm-16.csv
facebook/opt-6.7b,1024,512,gemv,q_proj,16,3,117.66400188207626,428072960,428081152,8192,8192,vram,2026-04-15T13:52:38Z,baseline_nvml_pt,nvidia-smi,ok,0.0,109.0,1695.0,7601.0,65.92,0.27750399708747864,408.375,408.375,0.1328125,True,,65.61999999999999,67.12499999999999,63.91999999999999,estimated,,decode-facebook-opt-6-7b-seq-1024-block-512-mode-vram-sm-16,success,,,/mnt/data/dheeraj/dicertation/inference-profile/runs/revised-rerun-20260415-145100-g7-opt67b-c512-1024/raw/points/decode/decode-facebook-opt-6-7b-seq-1024-block-512-mode-vram-sm-16.csv
facebook/opt-6.7b,1024,512,gemv,k_proj,16,3,128.00000607967377,428072960,428081152,8192,8192,vram,2026-04-15T13:52:38Z,baseline_nvml_pt,nvidia-smi,ok,0.0,109.0,1695.0,7601.0,65.92,0.27750399708747864,408.375,408.375,0.1328125,True,,65.61999999999999,67.12499999999999,63.91999999999999,estimated,,decode-facebook-opt-6-7b-seq-1024-block-512-mode-vram-sm-16,success,,,/mnt/data/dheeraj/dicertation/inference-profile/runs/revised-rerun-20260415-145100-g7-opt67b-c512-1024/raw/points/decode/decode-facebook-opt-6-7b-seq-1024-block-512-mode-vram-sm-16.csv
facebook/opt-6.7b,1024,512,gemv,v_proj,16,3,113.66400122642517,428072960,428081152,8192,8192,vram,2026-04-15T13:52:38Z,baseline_nvml_pt,nvidia-smi,ok,0.0,109.0,1695.0,7601.0,65.92,0.27750399708747864,408.375,408.375,0.1328125,True,,65.61999999999999,67.12499999999999,63.91999999999999,estimated,,decode-facebook-opt-6-7b-seq-1024-block-512-mode-vram-sm-16,success,,,/mnt/data/dheeraj/dicertation/inference-profile/runs/revised-rerun-20260415-145100-g7-opt67b-c512-1024/raw/points/decode/decode-facebook-opt-6-7b-seq-1024-block-512-mode-vram-sm-16.csv
facebook/opt-6.7b,1024,512,gemv,out_proj,16,3,111.61600053310394,428072960,428081152,8192,8192,vram,2026-04-15T13:52:38Z,baseline_nvml_pt,nvidia-smi,ok,0.0,109.0,1695.0,7601.0,65.92,0.27750399708747864,408.375,408.375,0.1328125,True,,65.61999999999999,67.12499999999999,63.91999999999999,estimated,,decode-facebook-opt-6-7b-seq-1024-block-512-mode-vram-sm-16,success,,,/mnt/data/dheeraj/dicertation/inference-profile/runs/revised-rerun-20260415-145100-g7-opt67b-c512-1024/raw/points/decode/decode-facebook-opt-6-7b-seq-1024-block-512-mode-vram-sm-16.csv
facebook/opt-6.7b,1024,512,gemv,fc1,16,3,261.1199915409088,428072960,428105728,32768,32768,vram,2026-04-15T13:52:38Z,baseline_nvml_pt,nvidia-smi,ok,0.0,109.0,1695.0,7601.0,65.92,0.27750399708747864,408.375,408.375,0.1328125,True,,65.61999999999999,67.12499999999999,63.91999999999999,estimated,,decode-facebook-opt-6-7b-seq-1024-block-512-mode-vram-sm-16,success,,,/mnt/data/dheeraj/dicertation/inference-profile/runs/revised-rerun-20260415-145100-g7-opt67b-c512-1024/raw/points/decode/decode-facebook-opt-6-7b-seq-1024-block-512-mode-vram-sm-16.csv
facebook/opt-6.7b,1024,512,gemv,fc2,16,3,248.83200228214264,428072960,428081152,8192,8192,vram,2026-04-15T13:52:38Z,baseline_nvml_pt,nvidia-smi,ok,0.0,109.0,1695.0,7601.0,65.92,0.27750399708747864,408.375,408.375,0.1328125,True,,65.61999999999999,67.12499999999999,63.91999999999999,estimated,,decode-facebook-opt-6-7b-seq-1024-block-512-mode-vram-sm-16,success,,,/mnt/data/dheeraj/dicertation/inference-profile/runs/revised-rerun-20260415-145100-g7-opt67b-c512-1024/raw/points/decode/decode-facebook-opt-6-7b-seq-1024-block-512-mode-vram-sm-16.csv
facebook/opt-6.7b,1024,512,attention_fetch_compute,,16,3,129.05600666999817,428072960,428212224,139264,139264,vram,2026-04-15T13:52:38Z,baseline_nvml_pt,nvidia-smi,ok,0.0,109.0,1695.0,7601.0,65.92,0.27750399708747864,408.375,408.375,0.1328125,True,,65.61999999999999,67.12499999999999,63.91999999999999,estimated,,decode-facebook-opt-6-7b-seq-1024-block-512-mode-vram-sm-16,success,,,/mnt/data/dheeraj/dicertation/inference-profile/runs/revised-rerun-20260415-145100-g7-opt67b-c512-1024/raw/points/decode/decode-facebook-opt-6-7b-seq-1024-block-512-mode-vram-sm-16.csv
facebook/opt-6.7b,1024,512,reduction_overhead,,16,3,20.479999482631683,428212224,428212224,0,8192,vram,2026-04-15T13:52:38Z,baseline_nvml_pt,nvidia-smi,ok,0.0,109.0,1695.0,7601.0,65.92,0.27750399708747864,408.375,408.375,0.1328125,True,,65.61999999999999,67.12499999999999,63.91999999999999,estimated,,decode-facebook-opt-6-7b-seq-1024-block-512-mode-vram-sm-16,success,,,/mnt/data/dheeraj/dicertation/inference-profile/runs/revised-rerun-20260415-145100-g7-opt67b-c512-1024/raw/points/decode/decode-facebook-opt-6-7b-seq-1024-block-512-mode-vram-sm-16.csv
facebook/opt-6.7b,1024,512,gemv,q_proj,16,4,115.7120019197464,428072960,428081152,8192,8192,vram,2026-04-15T13:52:38Z,baseline_nvml_pt,nvidia-smi,ok,0.0,109.0,1695.0,7601.0,65.92,0.27750399708747864,408.375,408.375,0.1328125,True,,65.61999999999999,67.12499999999999,63.91999999999999,estimated,,decode-facebook-opt-6-7b-seq-1024-block-512-mode-vram-sm-16,success,,,/mnt/data/dheeraj/dicertation/inference-profile/runs/revised-rerun-20260415-145100-g7-opt67b-c512-1024/raw/points/decode/decode-facebook-opt-6-7b-seq-1024-block-512-mode-vram-sm-16.csv
facebook/opt-6.7b,1024,512,gemv,k_proj,16,4,117.76000261306763,428072960,428081152,8192,8192,vram,2026-04-15T13:52:38Z,baseline_nvml_pt,nvidia-smi,ok,0.0,109.0,1695.0,7601.0,65.92,0.27750399708747864,408.375,408.375,0.1328125,True,,65.61999999999999,67.12499999999999,63.91999999999999,estimated,,decode-facebook-opt-6-7b-seq-1024-block-512-mode-vram-sm-16,success,,,/mnt/data/dheeraj/dicertation/inference-profile/runs/revised-rerun-20260415-145100-g7-opt67b-c512-1024/raw/points/decode/decode-facebook-opt-6-7b-seq-1024-block-512-mode-vram-sm-16.csv
facebook/opt-6.7b,1024,512,gemv,v_proj,16,4,112.64000087976456,428072960,428081152,8192,8192,vram,2026-04-15T13:52:38Z,baseline_nvml_pt,nvidia-smi,ok,0.0,109.0,1695.0,7601.0,65.92,0.27750399708747864,408.375,408.375,0.1328125,True,,65.61999999999999,67.12499999999999,63.91999999999999,estimated,,decode-facebook-opt-6-7b-seq-1024-block-512-mode-vram-sm-16,success,,,/mnt/data/dheeraj/dicertation/inference-profile/runs/revised-rerun-20260415-145100-g7-opt67b-c512-1024/raw/points/decode/decode-facebook-opt-6-7b-seq-1024-block-512-mode-vram-sm-16.csv
facebook/opt-6.7b,1024,512,gemv,out_proj,16,4,113.6000007390976,428072960,428081152,8192,8192,vram,2026-04-15T13:52:38Z,baseline_nvml_pt,nvidia-smi,ok,0.0,109.0,1695.0,7601.0,65.92,0.27750399708747864,408.375,408.375,0.1328125,True,,65.61999999999999,67.12499999999999,63.91999999999999,estimated,,decode-facebook-opt-6-7b-seq-1024-block-512-mode-vram-sm-16,success,,,/mnt/data/dheeraj/dicertation/inference-profile/runs/revised-rerun-20260415-145100-g7-opt67b-c512-1024/raw/points/decode/decode-facebook-opt-6-7b-seq-1024-block-512-mode-vram-sm-16.csv
facebook/opt-6.7b,1024,512,gemv,fc1,16,4,260.09601354599,428072960,428105728,32768,32768,vram,2026-04-15T13:52:38Z,baseline_nvml_pt,nvidia-smi,ok,0.0,109.0,1695.0,7601.0,65.92,0.27750399708747864,408.375,408.375,0.1328125,True,,65.61999999999999,67.12499999999999,63.91999999999999,estimated,,decode-facebook-opt-6-7b-seq-1024-block-512-mode-vram-sm-16,success,,,/mnt/data/dheeraj/dicertation/inference-profile/runs/revised-rerun-20260415-145100-g7-opt67b-c512-1024/raw/points/decode/decode-facebook-opt-6-7b-seq-1024-block-512-mode-vram-sm-16.csv
facebook/opt-6.7b,1024,512,gemv,fc2,16,4,246.7840015888214,428072960,428081152,8192,8192,vram,2026-04-15T13:52:38Z,baseline_nvml_pt,nvidia-smi,ok,0.0,109.0,1695.0,7601.0,65.92,0.27750399708747864,408.375,408.375,0.1328125,True,,65.61999999999999,67.12499999999999,63.91999999999999,estimated,,decode-facebook-opt-6-7b-seq-1024-block-512-mode-vram-sm-16,success,,,/mnt/data/dheeraj/dicertation/inference-profile/runs/revised-rerun-20260415-145100-g7-opt67b-c512-1024/raw/points/decode/decode-facebook-opt-6-7b-seq-1024-block-512-mode-vram-sm-16.csv
facebook/opt-6.7b,1024,512,attention_fetch_compute,,16,4,148.47999811172485,428072960,428212224,139264,139264,vram,2026-04-15T13:52:38Z,baseline_nvml_pt,nvidia-smi,ok,0.0,109.0,1695.0,7601.0,65.92,0.27750399708747864,408.375,408.375,0.1328125,True,,65.61999999999999,67.12499999999999,63.91999999999999,estimated,,decode-facebook-opt-6-7b-seq-1024-block-512-mode-vram-sm-16,success,,,/mnt/data/dheeraj/dicertation/inference-profile/runs/revised-rerun-20260415-145100-g7-opt67b-c512-1024/raw/points/decode/decode-facebook-opt-6-7b-seq-1024-block-512-mode-vram-sm-16.csv
facebook/opt-6.7b,1024,512,reduction_overhead,,16,4,20.479999482631683,428212224,428212224,0,8192,vram,2026-04-15T13:52:38Z,baseline_nvml_pt,nvidia-smi,ok,0.0,109.0,1695.0,7601.0,65.92,0.27750399708747864,408.375,408.375,0.1328125,True,,65.61999999999999,67.12499999999999,63.91999999999999,estimated,,decode-facebook-opt-6-7b-seq-1024-block-512-mode-vram-sm-16,success,,,/mnt/data/dheeraj/dicertation/inference-profile/runs/revised-rerun-20260415-145100-g7-opt67b-c512-1024/raw/points/decode/decode-facebook-opt-6-7b-seq-1024-block-512-mode-vram-sm-16.csv
facebook/opt-6.7b,1024,512,gemv,q_proj,16,0,169.98399794101715,428072960,428081152,8192,8192,pcie_async,2026-04-15T13:52:45Z,baseline_nvml_pt,nvidia-smi,ok,0.0,109.0,1695.0,8001.0,66.44,0.2744320034980774,408.375,408.375,0.1328125,True,,62.83,71.82000000000001,61.44,estimated,,decode-facebook-opt-6-7b-seq-1024-block-512-mode-pcie_async-sm-16,success,,,/mnt/data/dheeraj/dicertation/inference-profile/runs/revised-rerun-20260415-145100-g7-opt67b-c512-1024/raw/points/decode/decode-facebook-opt-6-7b-seq-1024-block-512-mode-pcie_async-sm-16.csv
facebook/opt-6.7b,1024,512,gemv,k_proj,16,0,140.32000303268433,428072960,428081152,8192,8192,pcie_async,2026-04-15T13:52:45Z,baseline_nvml_pt,nvidia-smi,ok,0.0,109.0,1695.0,8001.0,66.44,0.2744320034980774,408.375,408.375,0.1328125,True,,62.83,71.82000000000001,61.44,estimated,,decode-facebook-opt-6-7b-seq-1024-block-512-mode-pcie_async-sm-16,success,,,/mnt/data/dheeraj/dicertation/inference-profile/runs/revised-rerun-20260415-145100-g7-opt67b-c512-1024/raw/points/decode/decode-facebook-opt-6-7b-seq-1024-block-512-mode-pcie_async-sm-16.csv
facebook/opt-6.7b,1024,512,gemv,v_proj,16,0,124.92799758911133,428072960,428081152,8192,8192,pcie_async,2026-04-15T13:52:45Z,baseline_nvml_pt,nvidia-smi,ok,0.0,109.0,1695.0,8001.0,66.44,0.2744320034980774,408.375,408.375,0.1328125,True,,62.83,71.82000000000001,61.44,estimated,,decode-facebook-opt-6-7b-seq-1024-block-512-mode-pcie_async-sm-16,success,,,/mnt/data/dheeraj/dicertation/inference-profile/runs/revised-rerun-20260415-145100-g7-opt67b-c512-1024/raw/points/decode/decode-facebook-opt-6-7b-seq-1024-block-512-mode-pcie_async-sm-16.csv
facebook/opt-6.7b,1024,512,gemv,out_proj,16,0,119.80800330638885,428072960,428081152,8192,8192,pcie_async,2026-04-15T13:52:45Z,baseline_nvml_pt,nvidia-smi,ok,0.0,109.0,1695.0,8001.0,66.44,0.2744320034980774,408.375,408.375,0.1328125,True,,62.83,71.82000000000001,61.44,estimated,,decode-facebook-opt-6-7b-seq-1024-block-512-mode-pcie_async-sm-16,success,,,/mnt/data/dheeraj/dicertation/inference-profile/runs/revised-rerun-20260415-145100-g7-opt67b-c512-1024/raw/points/decode/decode-facebook-opt-6-7b-seq-1024-block-512-mode-pcie_async-sm-16.csv
facebook/opt-6.7b,1024,512,gemv,fc1,16,0,274.4320034980774,428072960,428105728,32768,32768,pcie_async,2026-04-15T13:52:45Z,baseline_nvml_pt,nvidia-smi,ok,0.0,109.0,1695.0,8001.0,66.44,0.2744320034980774,408.375,408.375,0.1328125,True,,62.83,71.82000000000001,61.44,estimated,,decode-facebook-opt-6-7b-seq-1024-block-512-mode-pcie_async-sm-16,success,,,/mnt/data/dheeraj/dicertation/inference-profile/runs/revised-rerun-20260415-145100-g7-opt67b-c512-1024/raw/points/decode/decode-facebook-opt-6-7b-seq-1024-block-512-mode-pcie_async-sm-16.csv
facebook/opt-6.7b,1024,512,gemv,fc2,16,0,266.2400007247925,428072960,428081152,8192,8192,pcie_async,2026-04-15T13:52:45Z,baseline_nvml_pt,nvidia-smi,ok,0.0,109.0,1695.0,8001.0,66.44,0.2744320034980774,408.375,408.375,0.1328125,True,,62.83,71.82000000000001,61.44,estimated,,decode-facebook-opt-6-7b-seq-1024-block-512-mode-pcie_async-sm-16,success,,,/mnt/data/dheeraj/dicertation/inference-profile/runs/revised-rerun-20260415-145100-g7-opt67b-c512-1024/raw/points/decode/decode-facebook-opt-6-7b-seq-1024-block-512-mode-pcie_async-sm-16.csv
facebook/opt-6.7b,1024,512,attention_fetch_compute,,16,0,141.31200313568115,428072960,428212224,139264,139264,pcie_async,2026-04-15T13:52:45Z,baseline_nvml_pt,nvidia-smi,ok,0.0,109.0,1695.0,8001.0,66.44,0.2744320034980774,408.375,408.375,0.1328125,True,,62.83,71.82000000000001,61.44,estimated,,decode-facebook-opt-6-7b-seq-1024-block-512-mode-pcie_async-sm-16,success,,,/mnt/data/dheeraj/dicertation/inference-profile/runs/revised-rerun-20260415-145100-g7-opt67b-c512-1024/raw/points/decode/decode-facebook-opt-6-7b-seq-1024-block-512-mode-pcie_async-sm-16.csv
facebook/opt-6.7b,1024,512,reduction_overhead,,16,0,22.52800017595291,428212224,428212224,0,8192,pcie_async,2026-04-15T13:52:45Z,baseline_nvml_pt,nvidia-smi,ok,0.0,109.0,1695.0,8001.0,66.44,0.2744320034980774,408.375,408.375,0.1328125,True,,62.83,71.82000000000001,61.44,estimated,,decode-facebook-opt-6-7b-seq-1024-block-512-mode-pcie_async-sm-16,success,,,/mnt/data/dheeraj/dicertation/inference-profile/runs/revised-rerun-20260415-145100-g7-opt67b-c512-1024/raw/points/decode/decode-facebook-opt-6-7b-seq-1024-block-512-mode-pcie_async-sm-16.csv
facebook/opt-6.7b,1024,512,gemv,q_proj,16,1,120.99199742078781,428072960,428081152,8192,8192,pcie_async,2026-04-15T13:52:45Z,baseline_nvml_pt,nvidia-smi,ok,0.0,109.0,1695.0,8001.0,66.44,0.2744320034980774,408.375,408.375,0.1328125,True,,62.83,71.82000000000001,61.44,estimated,,decode-facebook-opt-6-7b-seq-1024-block-512-mode-pcie_async-sm-16,success,,,/mnt/data/dheeraj/dicertation/inference-profile/runs/revised-rerun-20260415-145100-g7-opt67b-c512-1024/raw/points/decode/decode-facebook-opt-6-7b-seq-1024-block-512-mode-pcie_async-sm-16.csv
facebook/opt-6.7b,1024,512,gemv,k_proj,16,1,114.68800157308578,428072960,428081152,8192,8192,pcie_async,2026-04-15T13:52:45Z,baseline_nvml_pt,nvidia-smi,ok,0.0,109.0,1695.0,8001.0,66.44,0.2744320034980774,408.375,408.375,0.1328125,True,,62.83,71.82000000000001,61.44,estimated,,decode-facebook-opt-6-7b-seq-1024-block-512-mode-pcie_async-sm-16,success,,,/mnt/data/dheeraj/dicertation/inference-profile/runs/revised-rerun-20260415-145100-g7-opt67b-c512-1024/raw/points/decode/decode-facebook-opt-6-7b-seq-1024-block-512-mode-pcie_async-sm-16.csv
facebook/opt-6.7b,1024,512,gemv,v_proj,16,1,114.68800157308578,428072960,428081152,8192,8192,pcie_async,2026-04-15T13:52:45Z,baseline_nvml_pt,nvidia-smi,ok,0.0,109.0,1695.0,8001.0,66.44,0.2744320034980774,408.375,408.375,0.1328125,True,,62.83,71.82000000000001,61.44,estimated,,decode-facebook-opt-6-7b-seq-1024-block-512-mode-pcie_async-sm-16,success,,,/mnt/data/dheeraj/dicertation/inference-profile/runs/revised-rerun-20260415-145100-g7-opt67b-c512-1024/raw/points/decode/decode-facebook-opt-6-7b-seq-1024-block-512-mode-pcie_async-sm-16.csv
facebook/opt-6.7b,1024,512,gemv,out_proj,16,1,112.64000087976456,428072960,428081152,8192,8192,pcie_async,2026-04-15T13:52:45Z,baseline_nvml_pt,nvidia-smi,ok,0.0,109.0,1695.0,8001.0,66.44,0.2744320034980774,408.375,408.375,0.1328125,True,,62.83,71.82000000000001,61.44,estimated,,decode-facebook-opt-6-7b-seq-1024-block-512-mode-pcie_async-sm-16,success,,,/mnt/data/dheeraj/dicertation/inference-profile/runs/revised-rerun-20260415-145100-g7-opt67b-c512-1024/raw/points/decode/decode-facebook-opt-6-7b-seq-1024-block-512-mode-pcie_async-sm-16.csv
facebook/opt-6.7b,1024,512,gemv,fc1,16,1,265.0560140609741,428072960,428105728,32768,32768,pcie_async,2026-04-15T13:52:45Z,baseline_nvml_pt,nvidia-smi,ok,0.0,109.0,1695.0,8001.0,66.44,0.2744320034980774,408.375,408.375,0.1328125,True,,62.83,71.82000000000001,61.44,estimated,,decode-facebook-opt-6-7b-seq-1024-block-512-mode-pcie_async-sm-16,success,,,/mnt/data/dheeraj/dicertation/inference-profile/runs/revised-rerun-20260415-145100-g7-opt67b-c512-1024/raw/points/decode/decode-facebook-opt-6-7b-seq-1024-block-512-mode-pcie_async-sm-16.csv
facebook/opt-6.7b,1024,512,gemv,fc2,16,1,260.09601354599,428072960,428081152,8192,8192,pcie_async,2026-04-15T13:52:45Z,baseline_nvml_pt,nvidia-smi,ok,0.0,109.0,1695.0,8001.0,66.44,0.2744320034980774,408.375,408.375,0.1328125,True,,62.83,71.82000000000001,61.44,estimated,,decode-facebook-opt-6-7b-seq-1024-block-512-mode-pcie_async-sm-16,success,,,/mnt/data/dheeraj/dicertation/inference-profile/runs/revised-rerun-20260415-145100-g7-opt67b-c512-1024/raw/points/decode/decode-facebook-opt-6-7b-seq-1024-block-512-mode-pcie_async-sm-16.csv
facebook/opt-6.7b,1024,512,attention_fetch_compute,,16,1,141.31200313568115,428072960,428212224,139264,139264,pcie_async,2026-04-15T13:52:45Z,baseline_nvml_pt,nvidia-smi,ok,0.0,109.0,1695.0,8001.0,66.44,0.2744320034980774,408.375,408.375,0.1328125,True,,62.83,71.82000000000001,61.44,estimated,,decode-facebook-opt-6-7b-seq-1024-block-512-mode-pcie_async-sm-16,success,,,/mnt/data/dheeraj/dicertation/inference-profile/runs/revised-rerun-20260415-145100-g7-opt67b-c512-1024/raw/points/decode/decode-facebook-opt-6-7b-seq-1024-block-512-mode-pcie_async-sm-16.csv
facebook/opt-6.7b,1024,512,reduction_overhead,,16,1,25.407999753952026,428212224,428212224,0,8192,pcie_async,2026-04-15T13:52:45Z,baseline_nvml_pt,nvidia-smi,ok,0.0,109.0,1695.0,8001.0,66.44,0.2744320034980774,408.375,408.375,0.1328125,True,,62.83,71.82000000000001,61.44,estimated,,decode-facebook-opt-6-7b-seq-1024-block-512-mode-pcie_async-sm-16,success,,,/mnt/data/dheeraj/dicertation/inference-profile/runs/revised-rerun-20260415-145100-g7-opt67b-c512-1024/raw/points/decode/decode-facebook-opt-6-7b-seq-1024-block-512-mode-pcie_async-sm-16.csv
facebook/opt-6.7b,1024,512,gemv,q_proj,16,2,145.4080045223236,428072960,428081152,8192,8192,pcie_async,2026-04-15T13:52:45Z,baseline_nvml_pt,nvidia-smi,ok,0.0,109.0,1695.0,8001.0,66.44,0.2744320034980774,408.375,408.375,0.1328125,True,,62.83,71.82000000000001,61.44,estimated,,decode-facebook-opt-6-7b-seq-1024-block-512-mode-pcie_async-sm-16,success,,,/mnt/data/dheeraj/dicertation/inference-profile/runs/revised-rerun-20260415-145100-g7-opt67b-c512-1024/raw/points/decode/decode-facebook-opt-6-7b-seq-1024-block-512-mode-pcie_async-sm-16.csv
facebook/opt-6.7b,1024,512,gemv,k_proj,16,2,117.76000261306763,428072960,428081152,8192,8192,pcie_async,2026-04-15T13:52:45Z,baseline_nvml_pt,nvidia-smi,ok,0.0,109.0,1695.0,8001.0,66.44,0.2744320034980774,408.375,408.375,0.1328125,True,,62.83,71.82000000000001,61.44,estimated,,decode-facebook-opt-6-7b-seq-1024-block-512-mode-pcie_async-sm-16,success,,,/mnt/data/dheeraj/dicertation/inference-profile/runs/revised-rerun-20260415-145100-g7-opt67b-c512-1024/raw/points/decode/decode-facebook-opt-6-7b-seq-1024-block-512-mode-pcie_async-sm-16.csv
facebook/opt-6.7b,1024,512,gemv,v_proj,16,2,114.68800157308578,428072960,428081152,8192,8192,pcie_async,2026-04-15T13:52:45Z,baseline_nvml_pt,nvidia-smi,ok,0.0,109.0,1695.0,8001.0,66.44,0.2744320034980774,408.375,408.375,0.1328125,True,,62.83,71.82000000000001,61.44,estimated,,decode-facebook-opt-6-7b-seq-1024-block-512-mode-pcie_async-sm-16,success,,,/mnt/data/dheeraj/dicertation/inference-profile/runs/revised-rerun-20260415-145100-g7-opt67b-c512-1024/raw/points/decode/decode-facebook-opt-6-7b-seq-1024-block-512-mode-pcie_async-sm-16.csv
facebook/opt-6.7b,1024,512,gemv,out_proj,16,2,114.68800157308578,428072960,428081152,8192,8192,pcie_async,2026-04-15T13:52:45Z,baseline_nvml_pt,nvidia-smi,ok,0.0,109.0,1695.0,8001.0,66.44,0.2744320034980774,408.375,408.375,0.1328125,True,,62.83,71.82000000000001,61.44,estimated,,decode-facebook-opt-6-7b-seq-1024-block-512-mode-pcie_async-sm-16,success,,,/mnt/data/dheeraj/dicertation/inference-profile/runs/revised-rerun-20260415-145100-g7-opt67b-c512-1024/raw/points/decode/decode-facebook-opt-6-7b-seq-1024-block-512-mode-pcie_async-sm-16.csv
facebook/opt-6.7b,1024,512,gemv,fc1,16,2,268.2879865169525,428072960,428105728,32768,32768,pcie_async,2026-04-15T13:52:45Z,baseline_nvml_pt,nvidia-smi,ok,0.0,109.0,1695.0,8001.0,66.44,0.2744320034980774,408.375,408.375,0.1328125,True,,62.83,71.82000000000001,61.44,estimated,,decode-facebook-opt-6-7b-seq-1024-block-512-mode-pcie_async-sm-16,success,,,/mnt/data/dheeraj/dicertation/inference-profile/runs/revised-rerun-20260415-145100-g7-opt67b-c512-1024/raw/points/decode/decode-facebook-opt-6-7b-seq-1024-block-512-mode-pcie_async-sm-16.csv
facebook/opt-6.7b,1024,512,gemv,fc2,16,2,259.0720057487488,428072960,428081152,8192,8192,pcie_async,2026-04-15T13:52:45Z,baseline_nvml_pt,nvidia-smi,ok,0.0,109.0,1695.0,8001.0,66.44,0.2744320034980774,408.375,408.375,0.1328125,True,,62.83,71.82000000000001,61.44,estimated,,decode-facebook-opt-6-7b-seq-1024-block-512-mode-pcie_async-sm-16,success,,,/mnt/data/dheeraj/dicertation/inference-profile/runs/revised-rerun-20260415-145100-g7-opt67b-c512-1024/raw/points/decode/decode-facebook-opt-6-7b-seq-1024-block-512-mode-pcie_async-sm-16.csv
facebook/opt-6.7b,1024,512,attention_fetch_compute,,16,2,150.52799880504608,428072960,428212224,139264,139264,pcie_async,2026-04-15T13:52:45Z,baseline_nvml_pt,nvidia-smi,ok,0.0,109.0,1695.0,8001.0,66.44,0.2744320034980774,408.375,408.375,0.1328125,True,,62.83,71.82000000000001,61.44,estimated,,decode-facebook-opt-6-7b-seq-1024-block-512-mode-pcie_async-sm-16,success,,,/mnt/data/dheeraj/dicertation/inference-profile/runs/revised-rerun-20260415-145100-g7-opt67b-c512-1024/raw/points/decode/decode-facebook-opt-6-7b-seq-1024-block-512-mode-pcie_async-sm-16.csv
facebook/opt-6.7b,1024,512,reduction_overhead,,16,2,21.568000316619873,428212224,428212224,0,8192,pcie_async,2026-04-15T13:52:45Z,baseline_nvml_pt,nvidia-smi,ok,0.0,109.0,1695.0,8001.0,66.44,0.2744320034980774,408.375,408.375,0.1328125,True,,62.83,71.82000000000001,61.44,estimated,,decode-facebook-opt-6-7b-seq-1024-block-512-mode-pcie_async-sm-16,success,,,/mnt/data/dheeraj/dicertation/inference-profile/runs/revised-rerun-20260415-145100-g7-opt67b-c512-1024/raw/points/decode/decode-facebook-opt-6-7b-seq-1024-block-512-mode-pcie_async-sm-16.csv
facebook/opt-6.7b,1024,512,gemv,q_proj,16,3,123.90399724245071,428072960,428081152,8192,8192,pcie_async,2026-04-15T13:52:45Z,baseline_nvml_pt,nvidia-smi,ok,0.0,109.0,1695.0,8001.0,66.44,0.2744320034980774,408.375,408.375,0.1328125,True,,62.83,71.82000000000001,61.44,estimated,,decode-facebook-opt-6-7b-seq-1024-block-512-mode-pcie_async-sm-16,success,,,/mnt/data/dheeraj/dicertation/inference-profile/runs/revised-rerun-20260415-145100-g7-opt67b-c512-1024/raw/points/decode/decode-facebook-opt-6-7b-seq-1024-block-512-mode-pcie_async-sm-16.csv
facebook/opt-6.7b,1024,512,gemv,k_proj,16,3,115.4559999704361,428072960,428081152,8192,8192,pcie_async,2026-04-15T13:52:45Z,baseline_nvml_pt,nvidia-smi,ok,0.0,109.0,1695.0,8001.0,66.44,0.2744320034980774,408.375,408.375,0.1328125,True,,62.83,71.82000000000001,61.44,estimated,,decode-facebook-opt-6-7b-seq-1024-block-512-mode-pcie_async-sm-16,success,,,/mnt/data/dheeraj/dicertation/inference-profile/runs/revised-rerun-20260415-145100-g7-opt67b-c512-1024/raw/points/decode/decode-facebook-opt-6-7b-seq-1024-block-512-mode-pcie_async-sm-16.csv
facebook/opt-6.7b,1024,512,gemv,v_proj,16,3,119.80800330638885,428072960,428081152,8192,8192,pcie_async,2026-04-15T13:52:45Z,baseline_nvml_pt,nvidia-smi,ok,0.0,109.0,1695.0,8001.0,66.44,0.2744320034980774,408.375,408.375,0.1328125,True,,62.83,71.82000000000001,61.44,estimated,,decode-facebook-opt-6-7b-seq-1024-block-512-mode-pcie_async-sm-16,success,,,/mnt/data/dheeraj/dicertation/inference-profile/runs/revised-rerun-20260415-145100-g7-opt67b-c512-1024/raw/points/decode/decode-facebook-opt-6-7b-seq-1024-block-512-mode-pcie_async-sm-16.csv
facebook/opt-6.7b,1024,512,gemv,out_proj,16,3,111.61600053310394,428072960,428081152,8192,8192,pcie_async,2026-04-15T13:52:45Z,baseline_nvml_pt,nvidia-smi,ok,0.0,109.0,1695.0,8001.0,66.44,0.2744320034980774,408.375,408.375,0.1328125,True,,62.83,71.82000000000001,61.44,estimated,,decode-facebook-opt-6-7b-seq-1024-block-512-mode-pcie_async-sm-16,success,,,/mnt/data/dheeraj/dicertation/inference-profile/runs/revised-rerun-20260415-145100-g7-opt67b-c512-1024/raw/points/decode/decode-facebook-opt-6-7b-seq-1024-block-512-mode-pcie_async-sm-16.csv
facebook/opt-6.7b,1024,512,gemv,fc1,16,3,263.90400528907776,428072960,428105728,32768,32768,pcie_async,2026-04-15T13:52:45Z,baseline_nvml_pt,nvidia-smi,ok,0.0,109.0,1695.0,8001.0,66.44,0.2744320034980774,408.375,408.375,0.1328125,True,,62.83,71.82000000000001,61.44,estimated,,decode-facebook-opt-6-7b-seq-1024-block-512-mode-pcie_async-sm-16,success,,,/mnt/data/dheeraj/dicertation/inference-profile/runs/revised-rerun-20260415-145100-g7-opt67b-c512-1024/raw/points/decode/decode-facebook-opt-6-7b-seq-1024-block-512-mode-pcie_async-sm-16.csv
facebook/opt-6.7b,1024,512,gemv,fc2,16,3,250.88000297546387,428072960,428081152,8192,8192,pcie_async,2026-04-15T13:52:45Z,baseline_nvml_pt,nvidia-smi,ok,0.0,109.0,1695.0,8001.0,66.44,0.2744320034980774,408.375,408.375,0.1328125,True,,62.83,71.82000000000001,61.44,estimated,,decode-facebook-opt-6-7b-seq-1024-block-512-mode-pcie_async-sm-16,success,,,/mnt/data/dheeraj/dicertation/inference-profile/runs/revised-rerun-20260415-145100-g7-opt67b-c512-1024/raw/points/decode/decode-facebook-opt-6-7b-seq-1024-block-512-mode-pcie_async-sm-16.csv
facebook/opt-6.7b,1024,512,attention_fetch_compute,,16,3,137.2160017490387,428072960,428212224,139264,139264,pcie_async,2026-04-15T13:52:45Z,baseline_nvml_pt,nvidia-smi,ok,0.0,109.0,1695.0,8001.0,66.44,0.2744320034980774,408.375,408.375,0.1328125,True,,62.83,71.82000000000001,61.44,estimated,,decode-facebook-opt-6-7b-seq-1024-block-512-mode-pcie_async-sm-16,success,,,/mnt/data/dheeraj/dicertation/inference-profile/runs/revised-rerun-20260415-145100-g7-opt67b-c512-1024/raw/points/decode/decode-facebook-opt-6-7b-seq-1024-block-512-mode-pcie_async-sm-16.csv
facebook/opt-6.7b,1024,512,reduction_overhead,,16,3,21.503999829292297,428212224,428212224,0,8192,pcie_async,2026-04-15T13:52:45Z,baseline_nvml_pt,nvidia-smi,ok,0.0,109.0,1695.0,8001.0,66.44,0.2744320034980774,408.375,408.375,0.1328125,True,,62.83,71.82000000000001,61.44,estimated,,decode-facebook-opt-6-7b-seq-1024-block-512-mode-pcie_async-sm-16,success,,,/mnt/data/dheeraj/dicertation/inference-profile/runs/revised-rerun-20260415-145100-g7-opt67b-c512-1024/raw/points/decode/decode-facebook-opt-6-7b-seq-1024-block-512-mode-pcie_async-sm-16.csv
facebook/opt-6.7b,1024,512,gemv,q_proj,16,4,122.65600264072418,428072960,428081152,8192,8192,pcie_async,2026-04-15T13:52:45Z,baseline_nvml_pt,nvidia-smi,ok,0.0,109.0,1695.0,8001.0,66.44,0.2744320034980774,408.375,408.375,0.1328125,True,,62.83,71.82000000000001,61.44,estimated,,decode-facebook-opt-6-7b-seq-1024-block-512-mode-pcie_async-sm-16,success,,,/mnt/data/dheeraj/dicertation/inference-profile/runs/revised-rerun-20260415-145100-g7-opt67b-c512-1024/raw/points/decode/decode-facebook-opt-6-7b-seq-1024-block-512-mode-pcie_async-sm-16.csv
facebook/opt-6.7b,1024,512,gemv,k_proj,16,4,112.64000087976456,428072960,428081152,8192,8192,pcie_async,2026-04-15T13:52:45Z,baseline_nvml_pt,nvidia-smi,ok,0.0,109.0,1695.0,8001.0,66.44,0.2744320034980774,408.375,408.375,0.1328125,True,,62.83,71.82000000000001,61.44,estimated,,decode-facebook-opt-6-7b-seq-1024-block-512-mode-pcie_async-sm-16,success,,,/mnt/data/dheeraj/dicertation/inference-profile/runs/revised-rerun-20260415-145100-g7-opt67b-c512-1024/raw/points/decode/decode-facebook-opt-6-7b-seq-1024-block-512-mode-pcie_async-sm-16.csv
facebook/opt-6.7b,1024,512,gemv,v_proj,16,4,111.32799834012985,428072960,428081152,8192,8192,pcie_async,2026-04-15T13:52:45Z,baseline_nvml_pt,nvidia-smi,ok,0.0,109.0,1695.0,8001.0,66.44,0.2744320034980774,408.375,408.375,0.1328125,True,,62.83,71.82000000000001,61.44,estimated,,decode-facebook-opt-6-7b-seq-1024-block-512-mode-pcie_async-sm-16,success,,,/mnt/data/dheeraj/dicertation/inference-profile/runs/revised-rerun-20260415-145100-g7-opt67b-c512-1024/raw/points/decode/decode-facebook-opt-6-7b-seq-1024-block-512-mode-pcie_async-sm-16.csv
facebook/opt-6.7b,1024,512,gemv,out_proj,16,4,113.66400122642517,428072960,428081152,8192,8192,pcie_async,2026-04-15T13:52:45Z,baseline_nvml_pt,nvidia-smi,ok,0.0,109.0,1695.0,8001.0,66.44,0.2744320034980774,408.375,408.375,0.1328125,True,,62.83,71.82000000000001,61.44,estimated,,decode-facebook-opt-6-7b-seq-1024-block-512-mode-pcie_async-sm-16,success,,,/mnt/data/dheeraj/dicertation/inference-profile/runs/revised-rerun-20260415-145100-g7-opt67b-c512-1024/raw/points/decode/decode-facebook-opt-6-7b-seq-1024-block-512-mode-pcie_async-sm-16.csv
facebook/opt-6.7b,1024,512,gemv,fc1,16,4,263.16800713539124,428072960,428105728,32768,32768,pcie_async,2026-04-15T13:52:45Z,baseline_nvml_pt,nvidia-smi,ok,0.0,109.0,1695.0,8001.0,66.44,0.2744320034980774,408.375,408.375,0.1328125,True,,62.83,71.82000000000001,61.44,estimated,,decode-facebook-opt-6-7b-seq-1024-block-512-mode-pcie_async-sm-16,success,,,/mnt/data/dheeraj/dicertation/inference-profile/runs/revised-rerun-20260415-145100-g7-opt67b-c512-1024/raw/points/decode/decode-facebook-opt-6-7b-seq-1024-block-512-mode-pcie_async-sm-16.csv
facebook/opt-6.7b,1024,512,gemv,fc2,16,4,249.85599517822266,428072960,428081152,8192,8192,pcie_async,2026-04-15T13:52:45Z,baseline_nvml_pt,nvidia-smi,ok,0.0,109.0,1695.0,8001.0,66.44,0.2744320034980774,408.375,408.375,0.1328125,True,,62.83,71.82000000000001,61.44,estimated,,decode-facebook-opt-6-7b-seq-1024-block-512-mode-pcie_async-sm-16,success,,,/mnt/data/dheeraj/dicertation/inference-profile/runs/revised-rerun-20260415-145100-g7-opt67b-c512-1024/raw/points/decode/decode-facebook-opt-6-7b-seq-1024-block-512-mode-pcie_async-sm-16.csv
facebook/opt-6.7b,1024,512,attention_fetch_compute,,16,4,144.3839967250824,428072960,428212224,139264,139264,pcie_async,2026-04-15T13:52:45Z,baseline_nvml_pt,nvidia-smi,ok,0.0,109.0,1695.0,8001.0,66.44,0.2744320034980774,408.375,408.375,0.1328125,True,,62.83,71.82000000000001,61.44,estimated,,decode-facebook-opt-6-7b-seq-1024-block-512-mode-pcie_async-sm-16,success,,,/mnt/data/dheeraj/dicertation/inference-profile/runs/revised-rerun-20260415-145100-g7-opt67b-c512-1024/raw/points/decode/decode-facebook-opt-6-7b-seq-1024-block-512-mode-pcie_async-sm-16.csv
facebook/opt-6.7b,1024,512,reduction_overhead,,16,4,23.552000522613525,428212224,428212224,0,8192,pcie_async,2026-04-15T13:52:45Z,baseline_nvml_pt,nvidia-smi,ok,0.0,109.0,1695.0,8001.0,66.44,0.2744320034980774,408.375,408.375,0.1328125,True,,62.83,71.82000000000001,61.44,estimated,,decode-facebook-opt-6-7b-seq-1024-block-512-mode-pcie_async-sm-16,success,,,/mnt/data/dheeraj/dicertation/inference-profile/runs/revised-rerun-20260415-145100-g7-opt67b-c512-1024/raw/points/decode/decode-facebook-opt-6-7b-seq-1024-block-512-mode-pcie_async-sm-16.csv
facebook/opt-6.7b,1024,512,gemv,q_proj,24,0,170.9119975566864,428072960,428081152,8192,8192,vram,2026-04-15T13:52:52Z,baseline_nvml_pt,nvidia-smi,ok,0.0,109.0,1695.0,7601.0,66.19,0.27318400144577026,408.375,408.375,0.1328125,True,,70.445,64.88749999999999,69.55999999999999,estimated,,decode-facebook-opt-6-7b-seq-1024-block-512-mode-vram-sm-24,success,,,/mnt/data/dheeraj/dicertation/inference-profile/runs/revised-rerun-20260415-145100-g7-opt67b-c512-1024/raw/points/decode/decode-facebook-opt-6-7b-seq-1024-block-512-mode-vram-sm-24.csv
facebook/opt-6.7b,1024,512,gemv,k_proj,24,0,137.2160017490387,428072960,428081152,8192,8192,vram,2026-04-15T13:52:52Z,baseline_nvml_pt,nvidia-smi,ok,0.0,109.0,1695.0,7601.0,66.19,0.27318400144577026,408.375,408.375,0.1328125,True,,70.445,64.88749999999999,69.55999999999999,estimated,,decode-facebook-opt-6-7b-seq-1024-block-512-mode-vram-sm-24,success,,,/mnt/data/dheeraj/dicertation/inference-profile/runs/revised-rerun-20260415-145100-g7-opt67b-c512-1024/raw/points/decode/decode-facebook-opt-6-7b-seq-1024-block-512-mode-vram-sm-24.csv
facebook/opt-6.7b,1024,512,gemv,v_proj,24,0,120.60800194740295,428072960,428081152,8192,8192,vram,2026-04-15T13:52:52Z,baseline_nvml_pt,nvidia-smi,ok,0.0,109.0,1695.0,7601.0,66.19,0.27318400144577026,408.375,408.375,0.1328125,True,,70.445,64.88749999999999,69.55999999999999,estimated,,decode-facebook-opt-6-7b-seq-1024-block-512-mode-vram-sm-24,success,,,/mnt/data/dheeraj/dicertation/inference-profile/runs/revised-rerun-20260415-145100-g7-opt67b-c512-1024/raw/points/decode/decode-facebook-opt-6-7b-seq-1024-block-512-mode-vram-sm-24.csv
facebook/opt-6.7b,1024,512,gemv,out_proj,24,0,114.68800157308578,428072960,428081152,8192,8192,vram,2026-04-15T13:52:52Z,baseline_nvml_pt,nvidia-smi,ok,0.0,109.0,1695.0,7601.0,66.19,0.27318400144577026,408.375,408.375,0.1328125,True,,70.445,64.88749999999999,69.55999999999999,estimated,,decode-facebook-opt-6-7b-seq-1024-block-512-mode-vram-sm-24,success,,,/mnt/data/dheeraj/dicertation/inference-profile/runs/revised-rerun-20260415-145100-g7-opt67b-c512-1024/raw/points/decode/decode-facebook-opt-6-7b-seq-1024-block-512-mode-vram-sm-24.csv
facebook/opt-6.7b,1024,512,gemv,fc1,24,0,273.18400144577026,428072960,428105728,32768,32768,vram,2026-04-15T13:52:52Z,baseline_nvml_pt,nvidia-smi,ok,0.0,109.0,1695.0,7601.0,66.19,0.27318400144577026,408.375,408.375,0.1328125,True,,70.445,64.88749999999999,69.55999999999999,estimated,,decode-facebook-opt-6-7b-seq-1024-block-512-mode-vram-sm-24,success,,,/mnt/data/dheeraj/dicertation/inference-profile/runs/revised-rerun-20260415-145100-g7-opt67b-c512-1024/raw/points/decode/decode-facebook-opt-6-7b-seq-1024-block-512-mode-vram-sm-24.csv
facebook/opt-6.7b,1024,512,gemv,fc2,24,0,253.9519965648651,428072960,428081152,8192,8192,vram,2026-04-15T13:52:52Z,baseline_nvml_pt,nvidia-smi,ok,0.0,109.0,1695.0,7601.0,66.19,0.27318400144577026,408.375,408.375,0.1328125,True,,70.445,64.88749999999999,69.55999999999999,estimated,,decode-facebook-opt-6-7b-seq-1024-block-512-mode-vram-sm-24,success,,,/mnt/data/dheeraj/dicertation/inference-profile/runs/revised-rerun-20260415-145100-g7-opt67b-c512-1024/raw/points/decode/decode-facebook-opt-6-7b-seq-1024-block-512-mode-vram-sm-24.csv
facebook/opt-6.7b,1024,512,attention_fetch_compute,,24,0,135.16800105571747,428072960,428212224,139264,139264,vram,2026-04-15T13:52:52Z,baseline_nvml_pt,nvidia-smi,ok,0.0,109.0,1695.0,7601.0,66.19,0.27318400144577026,408.375,408.375,0.1328125,True,,70.445,64.88749999999999,69.55999999999999,estimated,,decode-facebook-opt-6-7b-seq-1024-block-512-mode-vram-sm-24,success,,,/mnt/data/dheeraj/dicertation/inference-profile/runs/revised-rerun-20260415-145100-g7-opt67b-c512-1024/raw/points/decode/decode-facebook-opt-6-7b-seq-1024-block-512-mode-vram-sm-24.csv
facebook/opt-6.7b,1024,512,reduction_overhead,,24,0,21.503999829292297,428212224,428212224,0,8192,vram,2026-04-15T13:52:52Z,baseline_nvml_pt,nvidia-smi,ok,0.0,109.0,1695.0,7601.0,66.19,0.27318400144577026,408.375,408.375,0.1328125,True,,70.445,64.88749999999999,69.55999999999999,estimated,,decode-facebook-opt-6-7b-seq-1024-block-512-mode-vram-sm-24,success,,,/mnt/data/dheeraj/dicertation/inference-profile/runs/revised-rerun-20260415-145100-g7-opt67b-c512-1024/raw/points/decode/decode-facebook-opt-6-7b-seq-1024-block-512-mode-vram-sm-24.csv
facebook/opt-6.7b,1024,512,gemv,q_proj,24,1,133.91999900341034,428072960,428081152,8192,8192,vram,2026-04-15T13:52:52Z,baseline_nvml_pt,nvidia-smi,ok,0.0,109.0,1695.0,7601.0,66.19,0.27318400144577026,408.375,408.375,0.1328125,True,,70.445,64.88749999999999,69.55999999999999,estimated,,decode-facebook-opt-6-7b-seq-1024-block-512-mode-vram-sm-24,success,,,/mnt/data/dheeraj/dicertation/inference-profile/runs/revised-rerun-20260415-145100-g7-opt67b-c512-1024/raw/points/decode/decode-facebook-opt-6-7b-seq-1024-block-512-mode-vram-sm-24.csv
facebook/opt-6.7b,1024,512,gemv,k_proj,24,1,115.55200070142746,428072960,428081152,8192,8192,vram,2026-04-15T13:52:52Z,baseline_nvml_pt,nvidia-smi,ok,0.0,109.0,1695.0,7601.0,66.19,0.27318400144577026,408.375,408.375,0.1328125,True,,70.445,64.88749999999999,69.55999999999999,estimated,,decode-facebook-opt-6-7b-seq-1024-block-512-mode-vram-sm-24,success,,,/mnt/data/dheeraj/dicertation/inference-profile/runs/revised-rerun-20260415-145100-g7-opt67b-c512-1024/raw/points/decode/decode-facebook-opt-6-7b-seq-1024-block-512-mode-vram-sm-24.csv
facebook/opt-6.7b,1024,512,gemv,v_proj,24,1,111.61600053310394,428072960,428081152,8192,8192,vram,2026-04-15T13:52:52Z,baseline_nvml_pt,nvidia-smi,ok,0.0,109.0,1695.0,7601.0,66.19,0.27318400144577026,408.375,408.375,0.1328125,True,,70.445,64.88749999999999,69.55999999999999,estimated,,decode-facebook-opt-6-7b-seq-1024-block-512-mode-vram-sm-24,success,,,/mnt/data/dheeraj/dicertation/inference-profile/runs/revised-rerun-20260415-145100-g7-opt67b-c512-1024/raw/points/decode/decode-facebook-opt-6-7b-seq-1024-block-512-mode-vram-sm-24.csv
facebook/opt-6.7b,1024,512,gemv,out_proj,24,1,111.61600053310394,428072960,428081152,8192,8192,vram,2026-04-15T13:52:52Z,baseline_nvml_pt,nvidia-smi,ok,0.0,109.0,1695.0,7601.0,66.19,0.27318400144577026,408.375,408.375,0.1328125,True,,70.445,64.88749999999999,69.55999999999999,estimated,,decode-facebook-opt-6-7b-seq-1024-block-512-mode-vram-sm-24,success,,,/mnt/data/dheeraj/dicertation/inference-profile/runs/revised-rerun-20260415-145100-g7-opt67b-c512-1024/raw/points/decode/decode-facebook-opt-6-7b-seq-1024-block-512-mode-vram-sm-24.csv
facebook/opt-6.7b,1024,512,gemv,fc1,24,1,263.16800713539124,428072960,428105728,32768,32768,vram,2026-04-15T13:52:52Z,baseline_nvml_pt,nvidia-smi,ok,0.0,109.0,1695.0,7601.0,66.19,0.27318400144577026,408.375,408.375,0.1328125,True,,70.445,64.88749999999999,69.55999999999999,estimated,,decode-facebook-opt-6-7b-seq-1024-block-512-mode-vram-sm-24,success,,,/mnt/data/dheeraj/dicertation/inference-profile/runs/revised-rerun-20260415-145100-g7-opt67b-c512-1024/raw/points/decode/decode-facebook-opt-6-7b-seq-1024-block-512-mode-vram-sm-24.csv
facebook/opt-6.7b,1024,512,gemv,fc2,24,1,248.83200228214264,428072960,428081152,8192,8192,vram,2026-04-15T13:52:52Z,baseline_nvml_pt,nvidia-smi,ok,0.0,109.0,1695.0,7601.0,66.19,0.27318400144577026,408.375,408.375,0.1328125,True,,70.445,64.88749999999999,69.55999999999999,estimated,,decode-facebook-opt-6-7b-seq-1024-block-512-mode-vram-sm-24,success,,,/mnt/data/dheeraj/dicertation/inference-profile/runs/revised-rerun-20260415-145100-g7-opt67b-c512-1024/raw/points/decode/decode-facebook-opt-6-7b-seq-1024-block-512-mode-vram-sm-24.csv
facebook/opt-6.7b,1024,512,attention_fetch_compute,,24,1,128.9920061826706,428072960,428212224,139264,139264,vram,2026-04-15T13:52:52Z,baseline_nvml_pt,nvidia-smi,ok,0.0,109.0,1695.0,7601.0,66.19,0.27318400144577026,408.375,408.375,0.1328125,True,,70.445,64.88749999999999,69.55999999999999,estimated,,decode-facebook-opt-6-7b-seq-1024-block-512-mode-vram-sm-24,success,,,/mnt/data/dheeraj/dicertation/inference-profile/runs/revised-rerun-20260415-145100-g7-opt67b-c512-1024/raw/points/decode/decode-facebook-opt-6-7b-seq-1024-block-512-mode-vram-sm-24.csv
facebook/opt-6.7b,1024,512,reduction_overhead,,24,1,27.648000046610832,428212224,428212224,0,8192,vram,2026-04-15T13:52:52Z,baseline_nvml_pt,nvidia-smi,ok,0.0,109.0,1695.0,7601.0,66.19,0.27318400144577026,408.375,408.375,0.1328125,True,,70.445,64.88749999999999,69.55999999999999,estimated,,decode-facebook-opt-6-7b-seq-1024-block-512-mode-vram-sm-24,success,,,/mnt/data/dheeraj/dicertation/inference-profile/runs/revised-rerun-20260415-145100-g7-opt67b-c512-1024/raw/points/decode/decode-facebook-opt-6-7b-seq-1024-block-512-mode-vram-sm-24.csv
facebook/opt-6.7b,1024,512,gemv,q_proj,24,2,139.26400244235992,428072960,428081152,8192,8192,vram,2026-04-15T13:52:52Z,baseline_nvml_pt,nvidia-smi,ok,0.0,109.0,1695.0,7601.0,66.19,0.27318400144577026,408.375,408.375,0.1328125,True,,70.445,64.88749999999999,69.55999999999999,estimated,,decode-facebook-opt-6-7b-seq-1024-block-512-mode-vram-sm-24,success,,,/mnt/data/dheeraj/dicertation/inference-profile/runs/revised-rerun-20260415-145100-g7-opt67b-c512-1024/raw/points/decode/decode-facebook-opt-6-7b-seq-1024-block-512-mode-vram-sm-24.csv
facebook/opt-6.7b,1024,512,gemv,k_proj,24,2,113.43999952077866,428072960,428081152,8192,8192,vram,2026-04-15T13:52:52Z,baseline_nvml_pt,nvidia-smi,ok,0.0,109.0,1695.0,7601.0,66.19,0.27318400144577026,408.375,408.375,0.1328125,True,,70.445,64.88749999999999,69.55999999999999,estimated,,decode-facebook-opt-6-7b-seq-1024-block-512-mode-vram-sm-24,success,,,/mnt/data/dheeraj/dicertation/inference-profile/runs/revised-rerun-20260415-145100-g7-opt67b-c512-1024/raw/points/decode/decode-facebook-opt-6-7b-seq-1024-block-512-mode-vram-sm-24.csv
facebook/opt-6.7b,1024,512,gemv,v_proj,24,2,115.7120019197464,428072960,428081152,8192,8192,vram,2026-04-15T13:52:52Z,baseline_nvml_pt,nvidia-smi,ok,0.0,109.0,1695.0,7601.0,66.19,0.27318400144577026,408.375,408.375,0.1328125,True,,70.445,64.88749999999999,69.55999999999999,estimated,,decode-facebook-opt-6-7b-seq-1024-block-512-mode-vram-sm-24,success,,,/mnt/data/dheeraj/dicertation/inference-profile/runs/revised-rerun-20260415-145100-g7-opt67b-c512-1024/raw/points/decode/decode-facebook-opt-6-7b-seq-1024-block-512-mode-vram-sm-24.csv
facebook/opt-6.7b,1024,512,gemv,out_proj,24,2,112.64000087976456,428072960,428081152,8192,8192,vram,2026-04-15T13:52:52Z,baseline_nvml_pt,nvidia-smi,ok,0.0,109.0,1695.0,7601.0,66.19,0.27318400144577026,408.375,408.375,0.1328125,True,,70.445,64.88749999999999,69.55999999999999,estimated,,decode-facebook-opt-6-7b-seq-1024-block-512-mode-vram-sm-24,success,,,/mnt/data/dheeraj/dicertation/inference-profile/runs/revised-rerun-20260415-145100-g7-opt67b-c512-1024/raw/points/decode/decode-facebook-opt-6-7b-seq-1024-block-512-mode-vram-sm-24.csv
facebook/opt-6.7b,1024,512,gemv,fc1,24,2,262.14399933815,428072960,428105728,32768,32768,vram,2026-04-15T13:52:52Z,baseline_nvml_pt,nvidia-smi,ok,0.0,109.0,1695.0,7601.0,66.19,0.27318400144577026,408.375,408.375,0.1328125,True,,70.445,64.88749999999999,69.55999999999999,estimated,,decode-facebook-opt-6-7b-seq-1024-block-512-mode-vram-sm-24,success,,,/mnt/data/dheeraj/dicertation/inference-profile/runs/revised-rerun-20260415-145100-g7-opt67b-c512-1024/raw/points/decode/decode-facebook-opt-6-7b-seq-1024-block-512-mode-vram-sm-24.csv
facebook/opt-6.7b,1024,512,gemv,fc2,24,2,248.73599410057068,428072960,428081152,8192,8192,vram,2026-04-15T13:52:52Z,baseline_nvml_pt,nvidia-smi,ok,0.0,109.0,1695.0,7601.0,66.19,0.27318400144577026,408.375,408.375,0.1328125,True,,70.445,64.88749999999999,69.55999999999999,estimated,,decode-facebook-opt-6-7b-seq-1024-block-512-mode-vram-sm-24,success,,,/mnt/data/dheeraj/dicertation/inference-profile/runs/revised-rerun-20260415-145100-g7-opt67b-c512-1024/raw/points/decode/decode-facebook-opt-6-7b-seq-1024-block-512-mode-vram-sm-24.csv
facebook/opt-6.7b,1024,512,attention_fetch_compute,,24,2,140.25600254535675,428072960,428212224,139264,139264,vram,2026-04-15T13:52:52Z,baseline_nvml_pt,nvidia-smi,ok,0.0,109.0,1695.0,7601.0,66.19,0.27318400144577026,408.375,408.375,0.1328125,True,,70.445,64.88749999999999,69.55999999999999,estimated,,decode-facebook-opt-6-7b-seq-1024-block-512-mode-vram-sm-24,success,,,/mnt/data/dheeraj/dicertation/inference-profile/runs/revised-rerun-20260415-145100-g7-opt67b-c512-1024/raw/points/decode/decode-facebook-opt-6-7b-seq-1024-block-512-mode-vram-sm-24.csv
facebook/opt-6.7b,1024,512,reduction_overhead,,24,2,19.45599913597107,428212224,428212224,0,8192,vram,2026-04-15T13:52:52Z,baseline_nvml_pt,nvidia-smi,ok,0.0,109.0,1695.0,7601.0,66.19,0.27318400144577026,408.375,408.375,0.1328125,True,,70.445,64.88749999999999,69.55999999999999,estimated,,decode-facebook-opt-6-7b-seq-1024-block-512-mode-vram-sm-24,success,,,/mnt/data/dheeraj/dicertation/inference-profile/runs/revised-rerun-20260415-145100-g7-opt67b-c512-1024/raw/points/decode/decode-facebook-opt-6-7b-seq-1024-block-512-mode-vram-sm-24.csv
facebook/opt-6.7b,1024,512,gemv,q_proj,24,3,117.76000261306763,428072960,428081152,8192,8192,vram,2026-04-15T13:52:52Z,baseline_nvml_pt,nvidia-smi,ok,0.0,109.0,1695.0,7601.0,66.19,0.27318400144577026,408.375,408.375,0.1328125,True,,70.445,64.88749999999999,69.55999999999999,estimated,,decode-facebook-opt-6-7b-seq-1024-block-512-mode-vram-sm-24,success,,,/mnt/data/dheeraj/dicertation/inference-profile/runs/revised-rerun-20260415-145100-g7-opt67b-c512-1024/raw/points/decode/decode-facebook-opt-6-7b-seq-1024-block-512-mode-vram-sm-24.csv
facebook/opt-6.7b,1024,512,gemv,k_proj,24,3,113.43999952077866,428072960,428081152,8192,8192,vram,2026-04-15T13:52:52Z,baseline_nvml_pt,nvidia-smi,ok,0.0,109.0,1695.0,7601.0,66.19,0.27318400144577026,408.375,408.375,0.1328125,True,,70.445,64.88749999999999,69.55999999999999,estimated,,decode-facebook-opt-6-7b-seq-1024-block-512-mode-vram-sm-24,success,,,/mnt/data/dheeraj/dicertation/inference-profile/runs/revised-rerun-20260415-145100-g7-opt67b-c512-1024/raw/points/decode/decode-facebook-opt-6-7b-seq-1024-block-512-mode-vram-sm-24.csv
facebook/opt-6.7b,1024,512,gemv,v_proj,24,3,116.73600226640701,428072960,428081152,8192,8192,vram,2026-04-15T13:52:52Z,baseline_nvml_pt,nvidia-smi,ok,0.0,109.0,1695.0,7601.0,66.19,0.27318400144577026,408.375,408.375,0.1328125,True,,70.445,64.88749999999999,69.55999999999999,estimated,,decode-facebook-opt-6-7b-seq-1024-block-512-mode-vram-sm-24,success,,,/mnt/data/dheeraj/dicertation/inference-profile/runs/revised-rerun-20260415-145100-g7-opt67b-c512-1024/raw/points/decode/decode-facebook-opt-6-7b-seq-1024-block-512-mode-vram-sm-24.csv
facebook/opt-6.7b,1024,512,gemv,out_proj,24,3,111.61600053310394,428072960,428081152,8192,8192,vram,2026-04-15T13:52:52Z,baseline_nvml_pt,nvidia-smi,ok,0.0,109.0,1695.0,7601.0,66.19,0.27318400144577026,408.375,408.375,0.1328125,True,,70.445,64.88749999999999,69.55999999999999,estimated,,decode-facebook-opt-6-7b-seq-1024-block-512-mode-vram-sm-24,success,,,/mnt/data/dheeraj/dicertation/inference-profile/runs/revised-rerun-20260415-145100-g7-opt67b-c512-1024/raw/points/decode/decode-facebook-opt-6-7b-seq-1024-block-512-mode-vram-sm-24.csv
facebook/opt-6.7b,1024,512,gemv,fc1,24,3,265.21599292755127,428072960,428105728,32768,32768,vram,2026-04-15T13:52:52Z,baseline_nvml_pt,nvidia-smi,ok,0.0,109.0,1695.0,7601.0,66.19,0.27318400144577026,408.375,408.375,0.1328125,True,,70.445,64.88749999999999,69.55999999999999,estimated,,decode-facebook-opt-6-7b-seq-1024-block-512-mode-vram-sm-24,success,,,/mnt/data/dheeraj/dicertation/inference-profile/runs/revised-rerun-20260415-145100-g7-opt67b-c512-1024/raw/points/decode/decode-facebook-opt-6-7b-seq-1024-block-512-mode-vram-sm-24.csv
facebook/opt-6.7b,1024,512,gemv,fc2,24,3,247.80799448490143,428072960,428081152,8192,8192,vram,2026-04-15T13:52:52Z,baseline_nvml_pt,nvidia-smi,ok,0.0,109.0,1695.0,7601.0,66.19,0.27318400144577026,408.375,408.375,0.1328125,True,,70.445,64.88749999999999,69.55999999999999,estimated,,decode-facebook-opt-6-7b-seq-1024-block-512-mode-vram-sm-24,success,,,/mnt/data/dheeraj/dicertation/inference-profile/runs/revised-rerun-20260415-145100-g7-opt67b-c512-1024/raw/points/decode/decode-facebook-opt-6-7b-seq-1024-block-512-mode-vram-sm-24.csv
facebook/opt-6.7b,1024,512,attention_fetch_compute,,24,3,132.192000746727,428072960,428212224,139264,139264,vram,2026-04-15T13:52:52Z,baseline_nvml_pt,nvidia-smi,ok,0.0,109.0,1695.0,7601.0,66.19,0.27318400144577026,408.375,408.375,0.1328125,True,,70.445,64.88749999999999,69.55999999999999,estimated,,decode-facebook-opt-6-7b-seq-1024-block-512-mode-vram-sm-24,success,,,/mnt/data/dheeraj/dicertation/inference-profile/runs/revised-rerun-20260415-145100-g7-opt67b-c512-1024/raw/points/decode/decode-facebook-opt-6-7b-seq-1024-block-512-mode-vram-sm-24.csv
facebook/opt-6.7b,1024,512,reduction_overhead,,24,3,19.45599913597107,428212224,428212224,0,8192,vram,2026-04-15T13:52:52Z,baseline_nvml_pt,nvidia-smi,ok,0.0,109.0,1695.0,7601.0,66.19,0.27318400144577026,408.375,408.375,0.1328125,True,,70.445,64.88749999999999,69.55999999999999,estimated,,decode-facebook-opt-6-7b-seq-1024-block-512-mode-vram-sm-24,success,,,/mnt/data/dheeraj/dicertation/inference-profile/runs/revised-rerun-20260415-145100-g7-opt67b-c512-1024/raw/points/decode/decode-facebook-opt-6-7b-seq-1024-block-512-mode-vram-sm-24.csv
facebook/opt-6.7b,1024,512,gemv,q_proj,24,4,116.70400202274323,428072960,428081152,8192,8192,vram,2026-04-15T13:52:52Z,baseline_nvml_pt,nvidia-smi,ok,0.0,109.0,1695.0,7601.0,66.19,0.27318400144577026,408.375,408.375,0.1328125,True,,70.445,64.88749999999999,69.55999999999999,estimated,,decode-facebook-opt-6-7b-seq-1024-block-512-mode-vram-sm-24,success,,,/mnt/data/dheeraj/dicertation/inference-profile/runs/revised-rerun-20260415-145100-g7-opt67b-c512-1024/raw/points/decode/decode-facebook-opt-6-7b-seq-1024-block-512-mode-vram-sm-24.csv
facebook/opt-6.7b,1024,512,gemv,k_proj,24,4,111.61600053310394,428072960,428081152,8192,8192,vram,2026-04-15T13:52:52Z,baseline_nvml_pt,nvidia-smi,ok,0.0,109.0,1695.0,7601.0,66.19,0.27318400144577026,408.375,408.375,0.1328125,True,,70.445,64.88749999999999,69.55999999999999,estimated,,decode-facebook-opt-6-7b-seq-1024-block-512-mode-vram-sm-24,success,,,/mnt/data/dheeraj/dicertation/inference-profile/runs/revised-rerun-20260415-145100-g7-opt67b-c512-1024/raw/points/decode/decode-facebook-opt-6-7b-seq-1024-block-512-mode-vram-sm-24.csv
facebook/opt-6.7b,1024,512,gemv,v_proj,24,4,110.6560006737709,428072960,428081152,8192,8192,vram,2026-04-15T13:52:52Z,baseline_nvml_pt,nvidia-smi,ok,0.0,109.0,1695.0,7601.0,66.19,0.27318400144577026,408.375,408.375,0.1328125,True,,70.445,64.88749999999999,69.55999999999999,estimated,,decode-facebook-opt-6-7b-seq-1024-block-512-mode-vram-sm-24,success,,,/mnt/data/dheeraj/dicertation/inference-profile/runs/revised-rerun-20260415-145100-g7-opt67b-c512-1024/raw/points/decode/decode-facebook-opt-6-7b-seq-1024-block-512-mode-vram-sm-24.csv
facebook/opt-6.7b,1024,512,gemv,out_proj,24,4,113.66400122642517,428072960,428081152,8192,8192,vram,2026-04-15T13:52:52Z,baseline_nvml_pt,nvidia-smi,ok,0.0,109.0,1695.0,7601.0,66.19,0.27318400144577026,408.375,408.375,0.1328125,True,,70.445,64.88749999999999,69.55999999999999,estimated,,decode-facebook-opt-6-7b-seq-1024-block-512-mode-vram-sm-24,success,,,/mnt/data/dheeraj/dicertation/inference-profile/runs/revised-rerun-20260415-145100-g7-opt67b-c512-1024/raw/points/decode/decode-facebook-opt-6-7b-seq-1024-block-512-mode-vram-sm-24.csv
facebook/opt-6.7b,1024,512,gemv,fc1,24,4,257.88798928260803,428072960,428105728,32768,32768,vram,2026-04-15T13:52:52Z,baseline_nvml_pt,nvidia-smi,ok,0.0,109.0,1695.0,7601.0,66.19,0.27318400144577026,408.375,408.375,0.1328125,True,,70.445,64.88749999999999,69.55999999999999,estimated,,decode-facebook-opt-6-7b-seq-1024-block-512-mode-vram-sm-24,success,,,/mnt/data/dheeraj/dicertation/inference-profile/runs/revised-rerun-20260415-145100-g7-opt67b-c512-1024/raw/points/decode/decode-facebook-opt-6-7b-seq-1024-block-512-mode-vram-sm-24.csv
facebook/opt-6.7b,1024,512,gemv,fc2,24,4,248.83200228214264,428072960,428081152,8192,8192,vram,2026-04-15T13:52:52Z,baseline_nvml_pt,nvidia-smi,ok,0.0,109.0,1695.0,7601.0,66.19,0.27318400144577026,408.375,408.375,0.1328125,True,,70.445,64.88749999999999,69.55999999999999,estimated,,decode-facebook-opt-6-7b-seq-1024-block-512-mode-vram-sm-24,success,,,/mnt/data/dheeraj/dicertation/inference-profile/runs/revised-rerun-20260415-145100-g7-opt67b-c512-1024/raw/points/decode/decode-facebook-opt-6-7b-seq-1024-block-512-mode-vram-sm-24.csv
facebook/opt-6.7b,1024,512,attention_fetch_compute,,24,4,128.00000607967377,428072960,428212224,139264,139264,vram,2026-04-15T13:52:52Z,baseline_nvml_pt,nvidia-smi,ok,0.0,109.0,1695.0,7601.0,66.19,0.27318400144577026,408.375,408.375,0.1328125,True,,70.445,64.88749999999999,69.55999999999999,estimated,,decode-facebook-opt-6-7b-seq-1024-block-512-mode-vram-sm-24,success,,,/mnt/data/dheeraj/dicertation/inference-profile/runs/revised-rerun-20260415-145100-g7-opt67b-c512-1024/raw/points/decode/decode-facebook-opt-6-7b-seq-1024-block-512-mode-vram-sm-24.csv
facebook/opt-6.7b,1024,512,reduction_overhead,,24,4,19.45599913597107,428212224,428212224,0,8192,vram,2026-04-15T13:52:52Z,baseline_nvml_pt,nvidia-smi,ok,0.0,109.0,1695.0,7601.0,66.19,0.27318400144577026,408.375,408.375,0.1328125,True,,70.445,64.88749999999999,69.55999999999999,estimated,,decode-facebook-opt-6-7b-seq-1024-block-512-mode-vram-sm-24,success,,,/mnt/data/dheeraj/dicertation/inference-profile/runs/revised-rerun-20260415-145100-g7-opt67b-c512-1024/raw/points/decode/decode-facebook-opt-6-7b-seq-1024-block-512-mode-vram-sm-24.csv
facebook/opt-6.7b,1024,512,gemv,q_proj,24,0,186.36800348758698,428072960,428081152,8192,8192,pcie_async,2026-04-15T13:53:00Z,baseline_nvml_pt,nvidia-smi,ok,0.0,109.0,1695.0,7601.0,66.61,0.32044801115989685,408.375,408.375,0.1328125,True,,67.465,69.255,66.24,estimated,,decode-facebook-opt-6-7b-seq-1024-block-512-mode-pcie_async-sm-24,success,,,/mnt/data/dheeraj/dicertation/inference-profile/runs/revised-rerun-20260415-145100-g7-opt67b-c512-1024/raw/points/decode/decode-facebook-opt-6-7b-seq-1024-block-512-mode-pcie_async-sm-24.csv
facebook/opt-6.7b,1024,512,gemv,k_proj,24,0,148.47999811172485,428072960,428081152,8192,8192,pcie_async,2026-04-15T13:53:00Z,baseline_nvml_pt,nvidia-smi,ok,0.0,109.0,1695.0,7601.0,66.61,0.32044801115989685,408.375,408.375,0.1328125,True,,67.465,69.255,66.24,estimated,,decode-facebook-opt-6-7b-seq-1024-block-512-mode-pcie_async-sm-24,success,,,/mnt/data/dheeraj/dicertation/inference-profile/runs/revised-rerun-20260415-145100-g7-opt67b-c512-1024/raw/points/decode/decode-facebook-opt-6-7b-seq-1024-block-512-mode-pcie_async-sm-24.csv
facebook/opt-6.7b,1024,512,gemv,v_proj,24,0,129.02399897575378,428072960,428081152,8192,8192,pcie_async,2026-04-15T13:53:00Z,baseline_nvml_pt,nvidia-smi,ok,0.0,109.0,1695.0,7601.0,66.61,0.32044801115989685,408.375,408.375,0.1328125,True,,67.465,69.255,66.24,estimated,,decode-facebook-opt-6-7b-seq-1024-block-512-mode-pcie_async-sm-24,success,,,/mnt/data/dheeraj/dicertation/inference-profile/runs/revised-rerun-20260415-145100-g7-opt67b-c512-1024/raw/points/decode/decode-facebook-opt-6-7b-seq-1024-block-512-mode-pcie_async-sm-24.csv
facebook/opt-6.7b,1024,512,gemv,out_proj,24,0,120.83200365304947,428072960,428081152,8192,8192,pcie_async,2026-04-15T13:53:00Z,baseline_nvml_pt,nvidia-smi,ok,0.0,109.0,1695.0,7601.0,66.61,0.32044801115989685,408.375,408.375,0.1328125,True,,67.465,69.255,66.24,estimated,,decode-facebook-opt-6-7b-seq-1024-block-512-mode-pcie_async-sm-24,success,,,/mnt/data/dheeraj/dicertation/inference-profile/runs/revised-rerun-20260415-145100-g7-opt67b-c512-1024/raw/points/decode/decode-facebook-opt-6-7b-seq-1024-block-512-mode-pcie_async-sm-24.csv
facebook/opt-6.7b,1024,512,gemv,fc1,24,0,287.7439856529236,428072960,428105728,32768,32768,pcie_async,2026-04-15T13:53:00Z,baseline_nvml_pt,nvidia-smi,ok,0.0,109.0,1695.0,7601.0,66.61,0.32044801115989685,408.375,408.375,0.1328125,True,,67.465,69.255,66.24,estimated,,decode-facebook-opt-6-7b-seq-1024-block-512-mode-pcie_async-sm-24,success,,,/mnt/data/dheeraj/dicertation/inference-profile/runs/revised-rerun-20260415-145100-g7-opt67b-c512-1024/raw/points/decode/decode-facebook-opt-6-7b-seq-1024-block-512-mode-pcie_async-sm-24.csv
facebook/opt-6.7b,1024,512,gemv,fc2,24,0,266.30398631095886,428072960,428081152,8192,8192,pcie_async,2026-04-15T13:53:00Z,baseline_nvml_pt,nvidia-smi,ok,0.0,109.0,1695.0,7601.0,66.61,0.32044801115989685,408.375,408.375,0.1328125,True,,67.465,69.255,66.24,estimated,,decode-facebook-opt-6-7b-seq-1024-block-512-mode-pcie_async-sm-24,success,,,/mnt/data/dheeraj/dicertation/inference-profile/runs/revised-rerun-20260415-145100-g7-opt67b-c512-1024/raw/points/decode/decode-facebook-opt-6-7b-seq-1024-block-512-mode-pcie_async-sm-24.csv
facebook/opt-6.7b,1024,512,attention_fetch_compute,,24,0,159.61599349975586,428072960,428212224,139264,139264,pcie_async,2026-04-15T13:53:00Z,baseline_nvml_pt,nvidia-smi,ok,0.0,109.0,1695.0,7601.0,66.61,0.32044801115989685,408.375,408.375,0.1328125,True,,67.465,69.255,66.24,estimated,,decode-facebook-opt-6-7b-seq-1024-block-512-mode-pcie_async-sm-24,success,,,/mnt/data/dheeraj/dicertation/inference-profile/runs/revised-rerun-20260415-145100-g7-opt67b-c512-1024/raw/points/decode/decode-facebook-opt-6-7b-seq-1024-block-512-mode-pcie_async-sm-24.csv
facebook/opt-6.7b,1024,512,reduction_overhead,,24,0,23.360000923275948,428212224,428212224,0,8192,pcie_async,2026-04-15T13:53:00Z,baseline_nvml_pt,nvidia-smi,ok,0.0,109.0,1695.0,7601.0,66.61,0.32044801115989685,408.375,408.375,0.1328125,True,,67.465,69.255,66.24,estimated,,decode-facebook-opt-6-7b-seq-1024-block-512-mode-pcie_async-sm-24,success,,,/mnt/data/dheeraj/dicertation/inference-profile/runs/revised-rerun-20260415-145100-g7-opt67b-c512-1024/raw/points/decode/decode-facebook-opt-6-7b-seq-1024-block-512-mode-pcie_async-sm-24.csv
facebook/opt-6.7b,1024,512,gemv,q_proj,24,1,122.8799968957901,428072960,428081152,8192,8192,pcie_async,2026-04-15T13:53:00Z,baseline_nvml_pt,nvidia-smi,ok,0.0,109.0,1695.0,7601.0,66.61,0.32044801115989685,408.375,408.375,0.1328125,True,,67.465,69.255,66.24,estimated,,decode-facebook-opt-6-7b-seq-1024-block-512-mode-pcie_async-sm-24,success,,,/mnt/data/dheeraj/dicertation/inference-profile/runs/revised-rerun-20260415-145100-g7-opt67b-c512-1024/raw/points/decode/decode-facebook-opt-6-7b-seq-1024-block-512-mode-pcie_async-sm-24.csv
facebook/opt-6.7b,1024,512,gemv,k_proj,24,1,116.73600226640701,428072960,428081152,8192,8192,pcie_async,2026-04-15T13:53:00Z,baseline_nvml_pt,nvidia-smi,ok,0.0,109.0,1695.0,7601.0,66.61,0.32044801115989685,408.375,408.375,0.1328125,True,,67.465,69.255,66.24,estimated,,decode-facebook-opt-6-7b-seq-1024-block-512-mode-pcie_async-sm-24,success,,,/mnt/data/dheeraj/dicertation/inference-profile/runs/revised-rerun-20260415-145100-g7-opt67b-c512-1024/raw/points/decode/decode-facebook-opt-6-7b-seq-1024-block-512-mode-pcie_async-sm-24.csv
facebook/opt-6.7b,1024,512,gemv,v_proj,24,1,111.61600053310394,428072960,428081152,8192,8192,pcie_async,2026-04-15T13:53:00Z,baseline_nvml_pt,nvidia-smi,ok,0.0,109.0,1695.0,7601.0,66.61,0.32044801115989685,408.375,408.375,0.1328125,True,,67.465,69.255,66.24,estimated,,decode-facebook-opt-6-7b-seq-1024-block-512-mode-pcie_async-sm-24,success,,,/mnt/data/dheeraj/dicertation/inference-profile/runs/revised-rerun-20260415-145100-g7-opt67b-c512-1024/raw/points/decode/decode-facebook-opt-6-7b-seq-1024-block-512-mode-pcie_async-sm-24.csv
facebook/opt-6.7b,1024,512,gemv,out_proj,24,1,116.7680025100708,428072960,428081152,8192,8192,pcie_async,2026-04-15T13:53:00Z,baseline_nvml_pt,nvidia-smi,ok,0.0,109.0,1695.0,7601.0,66.61,0.32044801115989685,408.375,408.375,0.1328125,True,,67.465,69.255,66.24,estimated,,decode-facebook-opt-6-7b-seq-1024-block-512-mode-pcie_async-sm-24,success,,,/mnt/data/dheeraj/dicertation/inference-profile/runs/revised-rerun-20260415-145100-g7-opt67b-c512-1024/raw/points/decode/decode-facebook-opt-6-7b-seq-1024-block-512-mode-pcie_async-sm-24.csv
facebook/opt-6.7b,1024,512,gemv,fc1,24,1,285.69599986076355,428072960,428105728,32768,32768,pcie_async,2026-04-15T13:53:00Z,baseline_nvml_pt,nvidia-smi,ok,0.0,109.0,1695.0,7601.0,66.61,0.32044801115989685,408.375,408.375,0.1328125,True,,67.465,69.255,66.24,estimated,,decode-facebook-opt-6-7b-seq-1024-block-512-mode-pcie_async-sm-24,success,,,/mnt/data/dheeraj/dicertation/inference-profile/runs/revised-rerun-20260415-145100-g7-opt67b-c512-1024/raw/points/decode/decode-facebook-opt-6-7b-seq-1024-block-512-mode-pcie_async-sm-24.csv
facebook/opt-6.7b,1024,512,gemv,fc2,24,1,252.9279887676239,428072960,428081152,8192,8192,pcie_async,2026-04-15T13:53:00Z,baseline_nvml_pt,nvidia-smi,ok,0.0,109.0,1695.0,7601.0,66.61,0.32044801115989685,408.375,408.375,0.1328125,True,,67.465,69.255,66.24,estimated,,decode-facebook-opt-6-7b-seq-1024-block-512-mode-pcie_async-sm-24,success,,,/mnt/data/dheeraj/dicertation/inference-profile/runs/revised-rerun-20260415-145100-g7-opt67b-c512-1024/raw/points/decode/decode-facebook-opt-6-7b-seq-1024-block-512-mode-pcie_async-sm-24.csv
facebook/opt-6.7b,1024,512,attention_fetch_compute,,24,1,163.83999586105347,428072960,428212224,139264,139264,pcie_async,2026-04-15T13:53:00Z,baseline_nvml_pt,nvidia-smi,ok,0.0,109.0,1695.0,7601.0,66.61,0.32044801115989685,408.375,408.375,0.1328125,True,,67.465,69.255,66.24,estimated,,decode-facebook-opt-6-7b-seq-1024-block-512-mode-pcie_async-sm-24,success,,,/mnt/data/dheeraj/dicertation/inference-profile/runs/revised-rerun-20260415-145100-g7-opt67b-c512-1024/raw/points/decode/decode-facebook-opt-6-7b-seq-1024-block-512-mode-pcie_async-sm-24.csv
facebook/opt-6.7b,1024,512,reduction_overhead,,24,1,21.503999829292297,428212224,428212224,0,8192,pcie_async,2026-04-15T13:53:00Z,baseline_nvml_pt,nvidia-smi,ok,0.0,109.0,1695.0,7601.0,66.61,0.32044801115989685,408.375,408.375,0.1328125,True,,67.465,69.255,66.24,estimated,,decode-facebook-opt-6-7b-seq-1024-block-512-mode-pcie_async-sm-24,success,,,/mnt/data/dheeraj/dicertation/inference-profile/runs/revised-rerun-20260415-145100-g7-opt67b-c512-1024/raw/points/decode/decode-facebook-opt-6-7b-seq-1024-block-512-mode-pcie_async-sm-24.csv
facebook/opt-6.7b,1024,512,gemv,q_proj,24,2,129.02399897575378,428072960,428081152,8192,8192,pcie_async,2026-04-15T13:53:00Z,baseline_nvml_pt,nvidia-smi,ok,0.0,109.0,1695.0,7601.0,66.61,0.32044801115989685,408.375,408.375,0.1328125,True,,67.465,69.255,66.24,estimated,,decode-facebook-opt-6-7b-seq-1024-block-512-mode-pcie_async-sm-24,success,,,/mnt/data/dheeraj/dicertation/inference-profile/runs/revised-rerun-20260415-145100-g7-opt67b-c512-1024/raw/points/decode/decode-facebook-opt-6-7b-seq-1024-block-512-mode-pcie_async-sm-24.csv
facebook/opt-6.7b,1024,512,gemv,k_proj,24,2,116.80000275373459,428072960,428081152,8192,8192,pcie_async,2026-04-15T13:53:00Z,baseline_nvml_pt,nvidia-smi,ok,0.0,109.0,1695.0,7601.0,66.61,0.32044801115989685,408.375,408.375,0.1328125,True,,67.465,69.255,66.24,estimated,,decode-facebook-opt-6-7b-seq-1024-block-512-mode-pcie_async-sm-24,success,,,/mnt/data/dheeraj/dicertation/inference-profile/runs/revised-rerun-20260415-145100-g7-opt67b-c512-1024/raw/points/decode/decode-facebook-opt-6-7b-seq-1024-block-512-mode-pcie_async-sm-24.csv
facebook/opt-6.7b,1024,512,gemv,v_proj,24,2,111.61600053310394,428072960,428081152,8192,8192,pcie_async,2026-04-15T13:53:00Z,baseline_nvml_pt,nvidia-smi,ok,0.0,109.0,1695.0,7601.0,66.61,0.32044801115989685,408.375,408.375,0.1328125,True,,67.465,69.255,66.24,estimated,,decode-facebook-opt-6-7b-seq-1024-block-512-mode-pcie_async-sm-24,success,,,/mnt/data/dheeraj/dicertation/inference-profile/runs/revised-rerun-20260415-145100-g7-opt67b-c512-1024/raw/points/decode/decode-facebook-opt-6-7b-seq-1024-block-512-mode-pcie_async-sm-24.csv
facebook/opt-6.7b,1024,512,gemv,out_proj,24,2,112.76800185441971,428072960,428081152,8192,8192,pcie_async,2026-04-15T13:53:00Z,baseline_nvml_pt,nvidia-smi,ok,0.0,109.0,1695.0,7601.0,66.61,0.32044801115989685,408.375,408.375,0.1328125,True,,67.465,69.255,66.24,estimated,,decode-facebook-opt-6-7b-seq-1024-block-512-mode-pcie_async-sm-24,success,,,/mnt/data/dheeraj/dicertation/inference-profile/runs/revised-rerun-20260415-145100-g7-opt67b-c512-1024/raw/points/decode/decode-facebook-opt-6-7b-seq-1024-block-512-mode-pcie_async-sm-24.csv
facebook/opt-6.7b,1024,512,gemv,fc1,24,2,263.16800713539124,428072960,428105728,32768,32768,pcie_async,2026-04-15T13:53:00Z,baseline_nvml_pt,nvidia-smi,ok,0.0,109.0,1695.0,7601.0,66.61,0.32044801115989685,408.375,408.375,0.1328125,True,,67.465,69.255,66.24,estimated,,decode-facebook-opt-6-7b-seq-1024-block-512-mode-pcie_async-sm-24,success,,,/mnt/data/dheeraj/dicertation/inference-profile/runs/revised-rerun-20260415-145100-g7-opt67b-c512-1024/raw/points/decode/decode-facebook-opt-6-7b-seq-1024-block-512-mode-pcie_async-sm-24.csv
facebook/opt-6.7b,1024,512,gemv,fc2,24,2,320.44801115989685,428072960,428081152,8192,8192,pcie_async,2026-04-15T13:53:00Z,baseline_nvml_pt,nvidia-smi,ok,0.0,109.0,1695.0,7601.0,66.61,0.32044801115989685,408.375,408.375,0.1328125,True,,67.465,69.255,66.24,estimated,,decode-facebook-opt-6-7b-seq-1024-block-512-mode-pcie_async-sm-24,success,,,/mnt/data/dheeraj/dicertation/inference-profile/runs/revised-rerun-20260415-145100-g7-opt67b-c512-1024/raw/points/decode/decode-facebook-opt-6-7b-seq-1024-block-512-mode-pcie_async-sm-24.csv
facebook/opt-6.7b,1024,512,attention_fetch_compute,,24,2,146.43199741840363,428072960,428212224,139264,139264,pcie_async,2026-04-15T13:53:00Z,baseline_nvml_pt,nvidia-smi,ok,0.0,109.0,1695.0,7601.0,66.61,0.32044801115989685,408.375,408.375,0.1328125,True,,67.465,69.255,66.24,estimated,,decode-facebook-opt-6-7b-seq-1024-block-512-mode-pcie_async-sm-24,success,,,/mnt/data/dheeraj/dicertation/inference-profile/runs/revised-rerun-20260415-145100-g7-opt67b-c512-1024/raw/points/decode/decode-facebook-opt-6-7b-seq-1024-block-512-mode-pcie_async-sm-24.csv
facebook/opt-6.7b,1024,512,reduction_overhead,,24,2,22.816000506281853,428212224,428212224,0,8192,pcie_async,2026-04-15T13:53:00Z,baseline_nvml_pt,nvidia-smi,ok,0.0,109.0,1695.0,7601.0,66.61,0.32044801115989685,408.375,408.375,0.1328125,True,,67.465,69.255,66.24,estimated,,decode-facebook-opt-6-7b-seq-1024-block-512-mode-pcie_async-sm-24,success,,,/mnt/data/dheeraj/dicertation/inference-profile/runs/revised-rerun-20260415-145100-g7-opt67b-c512-1024/raw/points/decode/decode-facebook-opt-6-7b-seq-1024-block-512-mode-pcie_async-sm-24.csv
facebook/opt-6.7b,1024,512,gemv,q_proj,24,3,120.83200365304947,428072960,428081152,8192,8192,pcie_async,2026-04-15T13:53:00Z,baseline_nvml_pt,nvidia-smi,ok,0.0,109.0,1695.0,7601.0,66.61,0.32044801115989685,408.375,408.375,0.1328125,True,,67.465,69.255,66.24,estimated,,decode-facebook-opt-6-7b-seq-1024-block-512-mode-pcie_async-sm-24,success,,,/mnt/data/dheeraj/dicertation/inference-profile/runs/revised-rerun-20260415-145100-g7-opt67b-c512-1024/raw/points/decode/decode-facebook-opt-6-7b-seq-1024-block-512-mode-pcie_async-sm-24.csv
facebook/opt-6.7b,1024,512,gemv,k_proj,24,3,112.57600039243698,428072960,428081152,8192,8192,pcie_async,2026-04-15T13:53:00Z,baseline_nvml_pt,nvidia-smi,ok,0.0,109.0,1695.0,7601.0,66.61,0.32044801115989685,408.375,408.375,0.1328125,True,,67.465,69.255,66.24,estimated,,decode-facebook-opt-6-7b-seq-1024-block-512-mode-pcie_async-sm-24,success,,,/mnt/data/dheeraj/dicertation/inference-profile/runs/revised-rerun-20260415-145100-g7-opt67b-c512-1024/raw/points/decode/decode-facebook-opt-6-7b-seq-1024-block-512-mode-pcie_async-sm-24.csv
facebook/opt-6.7b,1024,512,gemv,v_proj,24,3,111.61600053310394,428072960,428081152,8192,8192,pcie_async,2026-04-15T13:53:00Z,baseline_nvml_pt,nvidia-smi,ok,0.0,109.0,1695.0,7601.0,66.61,0.32044801115989685,408.375,408.375,0.1328125,True,,67.465,69.255,66.24,estimated,,decode-facebook-opt-6-7b-seq-1024-block-512-mode-pcie_async-sm-24,success,,,/mnt/data/dheeraj/dicertation/inference-profile/runs/revised-rerun-20260415-145100-g7-opt67b-c512-1024/raw/points/decode/decode-facebook-opt-6-7b-seq-1024-block-512-mode-pcie_async-sm-24.csv
facebook/opt-6.7b,1024,512,gemv,out_proj,24,3,112.64000087976456,428072960,428081152,8192,8192,pcie_async,2026-04-15T13:53:00Z,baseline_nvml_pt,nvidia-smi,ok,0.0,109.0,1695.0,7601.0,66.61,0.32044801115989685,408.375,408.375,0.1328125,True,,67.465,69.255,66.24,estimated,,decode-facebook-opt-6-7b-seq-1024-block-512-mode-pcie_async-sm-24,success,,,/mnt/data/dheeraj/dicertation/inference-profile/runs/revised-rerun-20260415-145100-g7-opt67b-c512-1024/raw/points/decode/decode-facebook-opt-6-7b-seq-1024-block-512-mode-pcie_async-sm-24.csv
facebook/opt-6.7b,1024,512,gemv,fc1,24,3,260.09601354599,428072960,428105728,32768,32768,pcie_async,2026-04-15T13:53:00Z,baseline_nvml_pt,nvidia-smi,ok,0.0,109.0,1695.0,7601.0,66.61,0.32044801115989685,408.375,408.375,0.1328125,True,,67.465,69.255,66.24,estimated,,decode-facebook-opt-6-7b-seq-1024-block-512-mode-pcie_async-sm-24,success,,,/mnt/data/dheeraj/dicertation/inference-profile/runs/revised-rerun-20260415-145100-g7-opt67b-c512-1024/raw/points/decode/decode-facebook-opt-6-7b-seq-1024-block-512-mode-pcie_async-sm-24.csv
facebook/opt-6.7b,1024,512,gemv,fc2,24,3,249.85599517822266,428072960,428081152,8192,8192,pcie_async,2026-04-15T13:53:00Z,baseline_nvml_pt,nvidia-smi,ok,0.0,109.0,1695.0,7601.0,66.61,0.32044801115989685,408.375,408.375,0.1328125,True,,67.465,69.255,66.24,estimated,,decode-facebook-opt-6-7b-seq-1024-block-512-mode-pcie_async-sm-24,success,,,/mnt/data/dheeraj/dicertation/inference-profile/runs/revised-rerun-20260415-145100-g7-opt67b-c512-1024/raw/points/decode/decode-facebook-opt-6-7b-seq-1024-block-512-mode-pcie_async-sm-24.csv
facebook/opt-6.7b,1024,512,attention_fetch_compute,,24,3,133.05599987506866,428072960,428212224,139264,139264,pcie_async,2026-04-15T13:53:00Z,baseline_nvml_pt,nvidia-smi,ok,0.0,109.0,1695.0,7601.0,66.61,0.32044801115989685,408.375,408.375,0.1328125,True,,67.465,69.255,66.24,estimated,,decode-facebook-opt-6-7b-seq-1024-block-512-mode-pcie_async-sm-24,success,,,/mnt/data/dheeraj/dicertation/inference-profile/runs/revised-rerun-20260415-145100-g7-opt67b-c512-1024/raw/points/decode/decode-facebook-opt-6-7b-seq-1024-block-512-mode-pcie_async-sm-24.csv
facebook/opt-6.7b,1024,512,reduction_overhead,,24,3,20.479999482631683,428212224,428212224,0,8192,pcie_async,2026-04-15T13:53:00Z,baseline_nvml_pt,nvidia-smi,ok,0.0,109.0,1695.0,7601.0,66.61,0.32044801115989685,408.375,408.375,0.1328125,True,,67.465,69.255,66.24,estimated,,decode-facebook-opt-6-7b-seq-1024-block-512-mode-pcie_async-sm-24,success,,,/mnt/data/dheeraj/dicertation/inference-profile/runs/revised-rerun-20260415-145100-g7-opt67b-c512-1024/raw/points/decode/decode-facebook-opt-6-7b-seq-1024-block-512-mode-pcie_async-sm-24.csv
facebook/opt-6.7b,1024,512,gemv,q_proj,24,4,115.7120019197464,428072960,428081152,8192,8192,pcie_async,2026-04-15T13:53:00Z,baseline_nvml_pt,nvidia-smi,ok,0.0,109.0,1695.0,7601.0,66.61,0.32044801115989685,408.375,408.375,0.1328125,True,,67.465,69.255,66.24,estimated,,decode-facebook-opt-6-7b-seq-1024-block-512-mode-pcie_async-sm-24,success,,,/mnt/data/dheeraj/dicertation/inference-profile/runs/revised-rerun-20260415-145100-g7-opt67b-c512-1024/raw/points/decode/decode-facebook-opt-6-7b-seq-1024-block-512-mode-pcie_async-sm-24.csv
facebook/opt-6.7b,1024,512,gemv,k_proj,24,4,112.38399893045425,428072960,428081152,8192,8192,pcie_async,2026-04-15T13:53:00Z,baseline_nvml_pt,nvidia-smi,ok,0.0,109.0,1695.0,7601.0,66.61,0.32044801115989685,408.375,408.375,0.1328125,True,,67.465,69.255,66.24,estimated,,decode-facebook-opt-6-7b-seq-1024-block-512-mode-pcie_async-sm-24,success,,,/mnt/data/dheeraj/dicertation/inference-profile/runs/revised-rerun-20260415-145100-g7-opt67b-c512-1024/raw/points/decode/decode-facebook-opt-6-7b-seq-1024-block-512-mode-pcie_async-sm-24.csv
facebook/opt-6.7b,1024,512,gemv,v_proj,24,4,111.61600053310394,428072960,428081152,8192,8192,pcie_async,2026-04-15T13:53:00Z,baseline_nvml_pt,nvidia-smi,ok,0.0,109.0,1695.0,7601.0,66.61,0.32044801115989685,408.375,408.375,0.1328125,True,,67.465,69.255,66.24,estimated,,decode-facebook-opt-6-7b-seq-1024-block-512-mode-pcie_async-sm-24,success,,,/mnt/data/dheeraj/dicertation/inference-profile/runs/revised-rerun-20260415-145100-g7-opt67b-c512-1024/raw/points/decode/decode-facebook-opt-6-7b-seq-1024-block-512-mode-pcie_async-sm-24.csv
facebook/opt-6.7b,1024,512,gemv,out_proj,24,4,112.92800307273865,428072960,428081152,8192,8192,pcie_async,2026-04-15T13:53:00Z,baseline_nvml_pt,nvidia-smi,ok,0.0,109.0,1695.0,7601.0,66.61,0.32044801115989685,408.375,408.375,0.1328125,True,,67.465,69.255,66.24,estimated,,decode-facebook-opt-6-7b-seq-1024-block-512-mode-pcie_async-sm-24,success,,,/mnt/data/dheeraj/dicertation/inference-profile/runs/revised-rerun-20260415-145100-g7-opt67b-c512-1024/raw/points/decode/decode-facebook-opt-6-7b-seq-1024-block-512-mode-pcie_async-sm-24.csv
facebook/opt-6.7b,1024,512,gemv,fc1,24,4,265.21599292755127,428072960,428105728,32768,32768,pcie_async,2026-04-15T13:53:00Z,baseline_nvml_pt,nvidia-smi,ok,0.0,109.0,1695.0,7601.0,66.61,0.32044801115989685,408.375,408.375,0.1328125,True,,67.465,69.255,66.24,estimated,,decode-facebook-opt-6-7b-seq-1024-block-512-mode-pcie_async-sm-24,success,,,/mnt/data/dheeraj/dicertation/inference-profile/runs/revised-rerun-20260415-145100-g7-opt67b-c512-1024/raw/points/decode/decode-facebook-opt-6-7b-seq-1024-block-512-mode-pcie_async-sm-24.csv
facebook/opt-6.7b,1024,512,gemv,fc2,24,4,247.80799448490143,428072960,428081152,8192,8192,pcie_async,2026-04-15T13:53:00Z,baseline_nvml_pt,nvidia-smi,ok,0.0,109.0,1695.0,7601.0,66.61,0.32044801115989685,408.375,408.375,0.1328125,True,,67.465,69.255,66.24,estimated,,decode-facebook-opt-6-7b-seq-1024-block-512-mode-pcie_async-sm-24,success,,,/mnt/data/dheeraj/dicertation/inference-profile/runs/revised-rerun-20260415-145100-g7-opt67b-c512-1024/raw/points/decode/decode-facebook-opt-6-7b-seq-1024-block-512-mode-pcie_async-sm-24.csv
facebook/opt-6.7b,1024,512,attention_fetch_compute,,24,4,155.61600029468536,428072960,428212224,139264,139264,pcie_async,2026-04-15T13:53:00Z,baseline_nvml_pt,nvidia-smi,ok,0.0,109.0,1695.0,7601.0,66.61,0.32044801115989685,408.375,408.375,0.1328125,True,,67.465,69.255,66.24,estimated,,decode-facebook-opt-6-7b-seq-1024-block-512-mode-pcie_async-sm-24,success,,,/mnt/data/dheeraj/dicertation/inference-profile/runs/revised-rerun-20260415-145100-g7-opt67b-c512-1024/raw/points/decode/decode-facebook-opt-6-7b-seq-1024-block-512-mode-pcie_async-sm-24.csv
facebook/opt-6.7b,1024,512,reduction_overhead,,24,4,21.503999829292297,428212224,428212224,0,8192,pcie_async,2026-04-15T13:53:00Z,baseline_nvml_pt,nvidia-smi,ok,0.0,109.0,1695.0,7601.0,66.61,0.32044801115989685,408.375,408.375,0.1328125,True,,67.465,69.255,66.24,estimated,,decode-facebook-opt-6-7b-seq-1024-block-512-mode-pcie_async-sm-24,success,,,/mnt/data/dheeraj/dicertation/inference-profile/runs/revised-rerun-20260415-145100-g7-opt67b-c512-1024/raw/points/decode/decode-facebook-opt-6-7b-seq-1024-block-512-mode-pcie_async-sm-24.csv
facebook/opt-6.7b,1024,512,gemv,q_proj,32,0,163.55200111865997,428072960,428081152,8192,8192,vram,2026-04-15T13:53:08Z,baseline_nvml_pt,nvidia-smi,ok,7.0,109.0,1695.0,8001.0,66.8,0.2693119943141937,408.375,408.375,0.1328125,True,,75.27000000000001,62.64999999999999,75.19999999999999,estimated,,decode-facebook-opt-6-7b-seq-1024-block-512-mode-vram-sm-32,success,,,/mnt/data/dheeraj/dicertation/inference-profile/runs/revised-rerun-20260415-145100-g7-opt67b-c512-1024/raw/points/decode/decode-facebook-opt-6-7b-seq-1024-block-512-mode-vram-sm-32.csv
facebook/opt-6.7b,1024,512,gemv,k_proj,32,0,136.19199395179749,428072960,428081152,8192,8192,vram,2026-04-15T13:53:08Z,baseline_nvml_pt,nvidia-smi,ok,7.0,109.0,1695.0,8001.0,66.8,0.2693119943141937,408.375,408.375,0.1328125,True,,75.27000000000001,62.64999999999999,75.19999999999999,estimated,,decode-facebook-opt-6-7b-seq-1024-block-512-mode-vram-sm-32,success,,,/mnt/data/dheeraj/dicertation/inference-profile/runs/revised-rerun-20260415-145100-g7-opt67b-c512-1024/raw/points/decode/decode-facebook-opt-6-7b-seq-1024-block-512-mode-vram-sm-32.csv
facebook/opt-6.7b,1024,512,gemv,v_proj,32,0,118.78400295972824,428072960,428081152,8192,8192,vram,2026-04-15T13:53:08Z,baseline_nvml_pt,nvidia-smi,ok,7.0,109.0,1695.0,8001.0,66.8,0.2693119943141937,408.375,408.375,0.1328125,True,,75.27000000000001,62.64999999999999,75.19999999999999,estimated,,decode-facebook-opt-6-7b-seq-1024-block-512-mode-vram-sm-32,success,,,/mnt/data/dheeraj/dicertation/inference-profile/runs/revised-rerun-20260415-145100-g7-opt67b-c512-1024/raw/points/decode/decode-facebook-opt-6-7b-seq-1024-block-512-mode-vram-sm-32.csv
facebook/opt-6.7b,1024,512,gemv,out_proj,32,0,115.7120019197464,428072960,428081152,8192,8192,vram,2026-04-15T13:53:08Z,baseline_nvml_pt,nvidia-smi,ok,7.0,109.0,1695.0,8001.0,66.8,0.2693119943141937,408.375,408.375,0.1328125,True,,75.27000000000001,62.64999999999999,75.19999999999999,estimated,,decode-facebook-opt-6-7b-seq-1024-block-512-mode-vram-sm-32,success,,,/mnt/data/dheeraj/dicertation/inference-profile/runs/revised-rerun-20260415-145100-g7-opt67b-c512-1024/raw/points/decode/decode-facebook-opt-6-7b-seq-1024-block-512-mode-vram-sm-32.csv
facebook/opt-6.7b,1024,512,gemv,fc1,32,0,269.3119943141937,428072960,428105728,32768,32768,vram,2026-04-15T13:53:08Z,baseline_nvml_pt,nvidia-smi,ok,7.0,109.0,1695.0,8001.0,66.8,0.2693119943141937,408.375,408.375,0.1328125,True,,75.27000000000001,62.64999999999999,75.19999999999999,estimated,,decode-facebook-opt-6-7b-seq-1024-block-512-mode-vram-sm-32,success,,,/mnt/data/dheeraj/dicertation/inference-profile/runs/revised-rerun-20260415-145100-g7-opt67b-c512-1024/raw/points/decode/decode-facebook-opt-6-7b-seq-1024-block-512-mode-vram-sm-32.csv
facebook/opt-6.7b,1024,512,gemv,fc2,32,0,251.90401077270508,428072960,428081152,8192,8192,vram,2026-04-15T13:53:08Z,baseline_nvml_pt,nvidia-smi,ok,7.0,109.0,1695.0,8001.0,66.8,0.2693119943141937,408.375,408.375,0.1328125,True,,75.27000000000001,62.64999999999999,75.19999999999999,estimated,,decode-facebook-opt-6-7b-seq-1024-block-512-mode-vram-sm-32,success,,,/mnt/data/dheeraj/dicertation/inference-profile/runs/revised-rerun-20260415-145100-g7-opt67b-c512-1024/raw/points/decode/decode-facebook-opt-6-7b-seq-1024-block-512-mode-vram-sm-32.csv
facebook/opt-6.7b,1024,512,attention_fetch_compute,,32,0,133.12000036239624,428072960,428212224,139264,139264,vram,2026-04-15T13:53:08Z,baseline_nvml_pt,nvidia-smi,ok,7.0,109.0,1695.0,8001.0,66.8,0.2693119943141937,408.375,408.375,0.1328125,True,,75.27000000000001,62.64999999999999,75.19999999999999,estimated,,decode-facebook-opt-6-7b-seq-1024-block-512-mode-vram-sm-32,success,,,/mnt/data/dheeraj/dicertation/inference-profile/runs/revised-rerun-20260415-145100-g7-opt67b-c512-1024/raw/points/decode/decode-facebook-opt-6-7b-seq-1024-block-512-mode-vram-sm-32.csv
facebook/opt-6.7b,1024,512,reduction_overhead,,32,0,21.407999098300934,428212224,428212224,0,8192,vram,2026-04-15T13:53:08Z,baseline_nvml_pt,nvidia-smi,ok,7.0,109.0,1695.0,8001.0,66.8,0.2693119943141937,408.375,408.375,0.1328125,True,,75.27000000000001,62.64999999999999,75.19999999999999,estimated,,decode-facebook-opt-6-7b-seq-1024-block-512-mode-vram-sm-32,success,,,/mnt/data/dheeraj/dicertation/inference-profile/runs/revised-rerun-20260415-145100-g7-opt67b-c512-1024/raw/points/decode/decode-facebook-opt-6-7b-seq-1024-block-512-mode-vram-sm-32.csv
facebook/opt-6.7b,1024,512,gemv,q_proj,32,1,117.76000261306763,428072960,428081152,8192,8192,vram,2026-04-15T13:53:08Z,baseline_nvml_pt,nvidia-smi,ok,7.0,109.0,1695.0,8001.0,66.8,0.2693119943141937,408.375,408.375,0.1328125,True,,75.27000000000001,62.64999999999999,75.19999999999999,estimated,,decode-facebook-opt-6-7b-seq-1024-block-512-mode-vram-sm-32,success,,,/mnt/data/dheeraj/dicertation/inference-profile/runs/revised-rerun-20260415-145100-g7-opt67b-c512-1024/raw/points/decode/decode-facebook-opt-6-7b-seq-1024-block-512-mode-vram-sm-32.csv
facebook/opt-6.7b,1024,512,gemv,k_proj,32,1,111.61600053310394,428072960,428081152,8192,8192,vram,2026-04-15T13:53:08Z,baseline_nvml_pt,nvidia-smi,ok,7.0,109.0,1695.0,8001.0,66.8,0.2693119943141937,408.375,408.375,0.1328125,True,,75.27000000000001,62.64999999999999,75.19999999999999,estimated,,decode-facebook-opt-6-7b-seq-1024-block-512-mode-vram-sm-32,success,,,/mnt/data/dheeraj/dicertation/inference-profile/runs/revised-rerun-20260415-145100-g7-opt67b-c512-1024/raw/points/decode/decode-facebook-opt-6-7b-seq-1024-block-512-mode-vram-sm-32.csv
facebook/opt-6.7b,1024,512,gemv,v_proj,32,1,110.59200018644333,428072960,428081152,8192,8192,vram,2026-04-15T13:53:08Z,baseline_nvml_pt,nvidia-smi,ok,7.0,109.0,1695.0,8001.0,66.8,0.2693119943141937,408.375,408.375,0.1328125,True,,75.27000000000001,62.64999999999999,75.19999999999999,estimated,,decode-facebook-opt-6-7b-seq-1024-block-512-mode-vram-sm-32,success,,,/mnt/data/dheeraj/dicertation/inference-profile/runs/revised-rerun-20260415-145100-g7-opt67b-c512-1024/raw/points/decode/decode-facebook-opt-6-7b-seq-1024-block-512-mode-vram-sm-32.csv
facebook/opt-6.7b,1024,512,gemv,out_proj,32,1,111.77600175142288,428072960,428081152,8192,8192,vram,2026-04-15T13:53:08Z,baseline_nvml_pt,nvidia-smi,ok,7.0,109.0,1695.0,8001.0,66.8,0.2693119943141937,408.375,408.375,0.1328125,True,,75.27000000000001,62.64999999999999,75.19999999999999,estimated,,decode-facebook-opt-6-7b-seq-1024-block-512-mode-vram-sm-32,success,,,/mnt/data/dheeraj/dicertation/inference-profile/runs/revised-rerun-20260415-145100-g7-opt67b-c512-1024/raw/points/decode/decode-facebook-opt-6-7b-seq-1024-block-512-mode-vram-sm-32.csv
facebook/opt-6.7b,1024,512,gemv,fc1,32,1,259.0720057487488,428072960,428105728,32768,32768,vram,2026-04-15T13:53:08Z,baseline_nvml_pt,nvidia-smi,ok,7.0,109.0,1695.0,8001.0,66.8,0.2693119943141937,408.375,408.375,0.1328125,True,,75.27000000000001,62.64999999999999,75.19999999999999,estimated,,decode-facebook-opt-6-7b-seq-1024-block-512-mode-vram-sm-32,success,,,/mnt/data/dheeraj/dicertation/inference-profile/runs/revised-rerun-20260415-145100-g7-opt67b-c512-1024/raw/points/decode/decode-facebook-opt-6-7b-seq-1024-block-512-mode-vram-sm-32.csv
facebook/opt-6.7b,1024,512,gemv,fc2,32,1,247.80799448490143,428072960,428081152,8192,8192,vram,2026-04-15T13:53:08Z,baseline_nvml_pt,nvidia-smi,ok,7.0,109.0,1695.0,8001.0,66.8,0.2693119943141937,408.375,408.375,0.1328125,True,,75.27000000000001,62.64999999999999,75.19999999999999,estimated,,decode-facebook-opt-6-7b-seq-1024-block-512-mode-vram-sm-32,success,,,/mnt/data/dheeraj/dicertation/inference-profile/runs/revised-rerun-20260415-145100-g7-opt67b-c512-1024/raw/points/decode/decode-facebook-opt-6-7b-seq-1024-block-512-mode-vram-sm-32.csv
facebook/opt-6.7b,1024,512,attention_fetch_compute,,32,1,128.00000607967377,428072960,428212224,139264,139264,vram,2026-04-15T13:53:08Z,baseline_nvml_pt,nvidia-smi,ok,7.0,109.0,1695.0,8001.0,66.8,0.2693119943141937,408.375,408.375,0.1328125,True,,75.27000000000001,62.64999999999999,75.19999999999999,estimated,,decode-facebook-opt-6-7b-seq-1024-block-512-mode-vram-sm-32,success,,,/mnt/data/dheeraj/dicertation/inference-profile/runs/revised-rerun-20260415-145100-g7-opt67b-c512-1024/raw/points/decode/decode-facebook-opt-6-7b-seq-1024-block-512-mode-vram-sm-32.csv
facebook/opt-6.7b,1024,512,reduction_overhead,,32,1,24.480000138282776,428212224,428212224,0,8192,vram,2026-04-15T13:53:08Z,baseline_nvml_pt,nvidia-smi,ok,7.0,109.0,1695.0,8001.0,66.8,0.2693119943141937,408.375,408.375,0.1328125,True,,75.27000000000001,62.64999999999999,75.19999999999999,estimated,,decode-facebook-opt-6-7b-seq-1024-block-512-mode-vram-sm-32,success,,,/mnt/data/dheeraj/dicertation/inference-profile/runs/revised-rerun-20260415-145100-g7-opt67b-c512-1024/raw/points/decode/decode-facebook-opt-6-7b-seq-1024-block-512-mode-vram-sm-32.csv
facebook/opt-6.7b,1024,512,gemv,q_proj,32,2,121.8239963054657,428072960,428081152,8192,8192,vram,2026-04-15T13:53:08Z,baseline_nvml_pt,nvidia-smi,ok,7.0,109.0,1695.0,8001.0,66.8,0.2693119943141937,408.375,408.375,0.1328125,True,,75.27000000000001,62.64999999999999,75.19999999999999,estimated,,decode-facebook-opt-6-7b-seq-1024-block-512-mode-vram-sm-32,success,,,/mnt/data/dheeraj/dicertation/inference-profile/runs/revised-rerun-20260415-145100-g7-opt67b-c512-1024/raw/points/decode/decode-facebook-opt-6-7b-seq-1024-block-512-mode-vram-sm-32.csv
facebook/opt-6.7b,1024,512,gemv,k_proj,32,2,110.59200018644333,428072960,428081152,8192,8192,vram,2026-04-15T13:53:08Z,baseline_nvml_pt,nvidia-smi,ok,7.0,109.0,1695.0,8001.0,66.8,0.2693119943141937,408.375,408.375,0.1328125,True,,75.27000000000001,62.64999999999999,75.19999999999999,estimated,,decode-facebook-opt-6-7b-seq-1024-block-512-mode-vram-sm-32,success,,,/mnt/data/dheeraj/dicertation/inference-profile/runs/revised-rerun-20260415-145100-g7-opt67b-c512-1024/raw/points/decode/decode-facebook-opt-6-7b-seq-1024-block-512-mode-vram-sm-32.csv
facebook/opt-6.7b,1024,512,gemv,v_proj,32,2,113.66400122642517,428072960,428081152,8192,8192,vram,2026-04-15T13:53:08Z,baseline_nvml_pt,nvidia-smi,ok,7.0,109.0,1695.0,8001.0,66.8,0.2693119943141937,408.375,408.375,0.1328125,True,,75.27000000000001,62.64999999999999,75.19999999999999,estimated,,decode-facebook-opt-6-7b-seq-1024-block-512-mode-vram-sm-32,success,,,/mnt/data/dheeraj/dicertation/inference-profile/runs/revised-rerun-20260415-145100-g7-opt67b-c512-1024/raw/points/decode/decode-facebook-opt-6-7b-seq-1024-block-512-mode-vram-sm-32.csv
facebook/opt-6.7b,1024,512,gemv,out_proj,32,2,109.56799983978271,428072960,428081152,8192,8192,vram,2026-04-15T13:53:08Z,baseline_nvml_pt,nvidia-smi,ok,7.0,109.0,1695.0,8001.0,66.8,0.2693119943141937,408.375,408.375,0.1328125,True,,75.27000000000001,62.64999999999999,75.19999999999999,estimated,,decode-facebook-opt-6-7b-seq-1024-block-512-mode-vram-sm-32,success,,,/mnt/data/dheeraj/dicertation/inference-profile/runs/revised-rerun-20260415-145100-g7-opt67b-c512-1024/raw/points/decode/decode-facebook-opt-6-7b-seq-1024-block-512-mode-vram-sm-32.csv
facebook/opt-6.7b,1024,512,gemv,fc1,32,2,258.91199707984924,428072960,428105728,32768,32768,vram,2026-04-15T13:53:08Z,baseline_nvml_pt,nvidia-smi,ok,7.0,109.0,1695.0,8001.0,66.8,0.2693119943141937,408.375,408.375,0.1328125,True,,75.27000000000001,62.64999999999999,75.19999999999999,estimated,,decode-facebook-opt-6-7b-seq-1024-block-512-mode-vram-sm-32,success,,,/mnt/data/dheeraj/dicertation/inference-profile/runs/revised-rerun-20260415-145100-g7-opt67b-c512-1024/raw/points/decode/decode-facebook-opt-6-7b-seq-1024-block-512-mode-vram-sm-32.csv
facebook/opt-6.7b,1024,512,gemv,fc2,32,2,246.7840015888214,428072960,428081152,8192,8192,vram,2026-04-15T13:53:08Z,baseline_nvml_pt,nvidia-smi,ok,7.0,109.0,1695.0,8001.0,66.8,0.2693119943141937,408.375,408.375,0.1328125,True,,75.27000000000001,62.64999999999999,75.19999999999999,estimated,,decode-facebook-opt-6-7b-seq-1024-block-512-mode-vram-sm-32,success,,,/mnt/data/dheeraj/dicertation/inference-profile/runs/revised-rerun-20260415-145100-g7-opt67b-c512-1024/raw/points/decode/decode-facebook-opt-6-7b-seq-1024-block-512-mode-vram-sm-32.csv
facebook/opt-6.7b,1024,512,attention_fetch_compute,,32,2,124.92799758911133,428072960,428212224,139264,139264,vram,2026-04-15T13:53:08Z,baseline_nvml_pt,nvidia-smi,ok,7.0,109.0,1695.0,8001.0,66.8,0.2693119943141937,408.375,408.375,0.1328125,True,,75.27000000000001,62.64999999999999,75.19999999999999,estimated,,decode-facebook-opt-6-7b-seq-1024-block-512-mode-vram-sm-32,success,,,/mnt/data/dheeraj/dicertation/inference-profile/runs/revised-rerun-20260415-145100-g7-opt67b-c512-1024/raw/points/decode/decode-facebook-opt-6-7b-seq-1024-block-512-mode-vram-sm-32.csv
facebook/opt-6.7b,1024,512,reduction_overhead,,32,2,20.479999482631683,428212224,428212224,0,8192,vram,2026-04-15T13:53:08Z,baseline_nvml_pt,nvidia-smi,ok,7.0,109.0,1695.0,8001.0,66.8,0.2693119943141937,408.375,408.375,0.1328125,True,,75.27000000000001,62.64999999999999,75.19999999999999,estimated,,decode-facebook-opt-6-7b-seq-1024-block-512-mode-vram-sm-32,success,,,/mnt/data/dheeraj/dicertation/inference-profile/runs/revised-rerun-20260415-145100-g7-opt67b-c512-1024/raw/points/decode/decode-facebook-opt-6-7b-seq-1024-block-512-mode-vram-sm-32.csv
facebook/opt-6.7b,1024,512,gemv,q_proj,32,3,116.73600226640701,428072960,428081152,8192,8192,vram,2026-04-15T13:53:08Z,baseline_nvml_pt,nvidia-smi,ok,7.0,109.0,1695.0,8001.0,66.8,0.2693119943141937,408.375,408.375,0.1328125,True,,75.27000000000001,62.64999999999999,75.19999999999999,estimated,,decode-facebook-opt-6-7b-seq-1024-block-512-mode-vram-sm-32,success,,,/mnt/data/dheeraj/dicertation/inference-profile/runs/revised-rerun-20260415-145100-g7-opt67b-c512-1024/raw/points/decode/decode-facebook-opt-6-7b-seq-1024-block-512-mode-vram-sm-32.csv
facebook/opt-6.7b,1024,512,gemv,k_proj,32,3,119.80800330638885,428072960,428081152,8192,8192,vram,2026-04-15T13:53:08Z,baseline_nvml_pt,nvidia-smi,ok,7.0,109.0,1695.0,8001.0,66.8,0.2693119943141937,408.375,408.375,0.1328125,True,,75.27000000000001,62.64999999999999,75.19999999999999,estimated,,decode-facebook-opt-6-7b-seq-1024-block-512-mode-vram-sm-32,success,,,/mnt/data/dheeraj/dicertation/inference-profile/runs/revised-rerun-20260415-145100-g7-opt67b-c512-1024/raw/points/decode/decode-facebook-opt-6-7b-seq-1024-block-512-mode-vram-sm-32.csv
facebook/opt-6.7b,1024,512,gemv,v_proj,32,3,109.56799983978271,428072960,428081152,8192,8192,vram,2026-04-15T13:53:08Z,baseline_nvml_pt,nvidia-smi,ok,7.0,109.0,1695.0,8001.0,66.8,0.2693119943141937,408.375,408.375,0.1328125,True,,75.27000000000001,62.64999999999999,75.19999999999999,estimated,,decode-facebook-opt-6-7b-seq-1024-block-512-mode-vram-sm-32,success,,,/mnt/data/dheeraj/dicertation/inference-profile/runs/revised-rerun-20260415-145100-g7-opt67b-c512-1024/raw/points/decode/decode-facebook-opt-6-7b-seq-1024-block-512-mode-vram-sm-32.csv
facebook/opt-6.7b,1024,512,gemv,out_proj,32,3,108.5439994931221,428072960,428081152,8192,8192,vram,2026-04-15T13:53:08Z,baseline_nvml_pt,nvidia-smi,ok,7.0,109.0,1695.0,8001.0,66.8,0.2693119943141937,408.375,408.375,0.1328125,True,,75.27000000000001,62.64999999999999,75.19999999999999,estimated,,decode-facebook-opt-6-7b-seq-1024-block-512-mode-vram-sm-32,success,,,/mnt/data/dheeraj/dicertation/inference-profile/runs/revised-rerun-20260415-145100-g7-opt67b-c512-1024/raw/points/decode/decode-facebook-opt-6-7b-seq-1024-block-512-mode-vram-sm-32.csv
facebook/opt-6.7b,1024,512,gemv,fc1,32,3,264.41600918769836,428072960,428105728,32768,32768,vram,2026-04-15T13:53:08Z,baseline_nvml_pt,nvidia-smi,ok,7.0,109.0,1695.0,8001.0,66.8,0.2693119943141937,408.375,408.375,0.1328125,True,,75.27000000000001,62.64999999999999,75.19999999999999,estimated,,decode-facebook-opt-6-7b-seq-1024-block-512-mode-vram-sm-32,success,,,/mnt/data/dheeraj/dicertation/inference-profile/runs/revised-rerun-20260415-145100-g7-opt67b-c512-1024/raw/points/decode/decode-facebook-opt-6-7b-seq-1024-block-512-mode-vram-sm-32.csv
facebook/opt-6.7b,1024,512,gemv,fc2,32,3,246.7840015888214,428072960,428081152,8192,8192,vram,2026-04-15T13:53:08Z,baseline_nvml_pt,nvidia-smi,ok,7.0,109.0,1695.0,8001.0,66.8,0.2693119943141937,408.375,408.375,0.1328125,True,,75.27000000000001,62.64999999999999,75.19999999999999,estimated,,decode-facebook-opt-6-7b-seq-1024-block-512-mode-vram-sm-32,success,,,/mnt/data/dheeraj/dicertation/inference-profile/runs/revised-rerun-20260415-145100-g7-opt67b-c512-1024/raw/points/decode/decode-facebook-opt-6-7b-seq-1024-block-512-mode-vram-sm-32.csv
facebook/opt-6.7b,1024,512,attention_fetch_compute,,32,3,132.09599256515503,428072960,428212224,139264,139264,vram,2026-04-15T13:53:08Z,baseline_nvml_pt,nvidia-smi,ok,7.0,109.0,1695.0,8001.0,66.8,0.2693119943141937,408.375,408.375,0.1328125,True,,75.27000000000001,62.64999999999999,75.19999999999999,estimated,,decode-facebook-opt-6-7b-seq-1024-block-512-mode-vram-sm-32,success,,,/mnt/data/dheeraj/dicertation/inference-profile/runs/revised-rerun-20260415-145100-g7-opt67b-c512-1024/raw/points/decode/decode-facebook-opt-6-7b-seq-1024-block-512-mode-vram-sm-32.csv
facebook/opt-6.7b,1024,512,reduction_overhead,,32,3,20.67199908196926,428212224,428212224,0,8192,vram,2026-04-15T13:53:08Z,baseline_nvml_pt,nvidia-smi,ok,7.0,109.0,1695.0,8001.0,66.8,0.2693119943141937,408.375,408.375,0.1328125,True,,75.27000000000001,62.64999999999999,75.19999999999999,estimated,,decode-facebook-opt-6-7b-seq-1024-block-512-mode-vram-sm-32,success,,,/mnt/data/dheeraj/dicertation/inference-profile/runs/revised-rerun-20260415-145100-g7-opt67b-c512-1024/raw/points/decode/decode-facebook-opt-6-7b-seq-1024-block-512-mode-vram-sm-32.csv
facebook/opt-6.7b,1024,512,gemv,q_proj,32,4,115.58400094509125,428072960,428081152,8192,8192,vram,2026-04-15T13:53:08Z,baseline_nvml_pt,nvidia-smi,ok,7.0,109.0,1695.0,8001.0,66.8,0.2693119943141937,408.375,408.375,0.1328125,True,,75.27000000000001,62.64999999999999,75.19999999999999,estimated,,decode-facebook-opt-6-7b-seq-1024-block-512-mode-vram-sm-32,success,,,/mnt/data/dheeraj/dicertation/inference-profile/runs/revised-rerun-20260415-145100-g7-opt67b-c512-1024/raw/points/decode/decode-facebook-opt-6-7b-seq-1024-block-512-mode-vram-sm-32.csv
facebook/opt-6.7b,1024,512,gemv,k_proj,32,4,110.59200018644333,428072960,428081152,8192,8192,vram,2026-04-15T13:53:08Z,baseline_nvml_pt,nvidia-smi,ok,7.0,109.0,1695.0,8001.0,66.8,0.2693119943141937,408.375,408.375,0.1328125,True,,75.27000000000001,62.64999999999999,75.19999999999999,estimated,,decode-facebook-opt-6-7b-seq-1024-block-512-mode-vram-sm-32,success,,,/mnt/data/dheeraj/dicertation/inference-profile/runs/revised-rerun-20260415-145100-g7-opt67b-c512-1024/raw/points/decode/decode-facebook-opt-6-7b-seq-1024-block-512-mode-vram-sm-32.csv
facebook/opt-6.7b,1024,512,gemv,v_proj,32,4,110.33599823713303,428072960,428081152,8192,8192,vram,2026-04-15T13:53:08Z,baseline_nvml_pt,nvidia-smi,ok,7.0,109.0,1695.0,8001.0,66.8,0.2693119943141937,408.375,408.375,0.1328125,True,,75.27000000000001,62.64999999999999,75.19999999999999,estimated,,decode-facebook-opt-6-7b-seq-1024-block-512-mode-vram-sm-32,success,,,/mnt/data/dheeraj/dicertation/inference-profile/runs/revised-rerun-20260415-145100-g7-opt67b-c512-1024/raw/points/decode/decode-facebook-opt-6-7b-seq-1024-block-512-mode-vram-sm-32.csv
facebook/opt-6.7b,1024,512,gemv,out_proj,32,4,110.59200018644333,428072960,428081152,8192,8192,vram,2026-04-15T13:53:08Z,baseline_nvml_pt,nvidia-smi,ok,7.0,109.0,1695.0,8001.0,66.8,0.2693119943141937,408.375,408.375,0.1328125,True,,75.27000000000001,62.64999999999999,75.19999999999999,estimated,,decode-facebook-opt-6-7b-seq-1024-block-512-mode-vram-sm-32,success,,,/mnt/data/dheeraj/dicertation/inference-profile/runs/revised-rerun-20260415-145100-g7-opt67b-c512-1024/raw/points/decode/decode-facebook-opt-6-7b-seq-1024-block-512-mode-vram-sm-32.csv
facebook/opt-6.7b,1024,512,gemv,fc1,32,4,259.0720057487488,428072960,428105728,32768,32768,vram,2026-04-15T13:53:08Z,baseline_nvml_pt,nvidia-smi,ok,7.0,109.0,1695.0,8001.0,66.8,0.2693119943141937,408.375,408.375,0.1328125,True,,75.27000000000001,62.64999999999999,75.19999999999999,estimated,,decode-facebook-opt-6-7b-seq-1024-block-512-mode-vram-sm-32,success,,,/mnt/data/dheeraj/dicertation/inference-profile/runs/revised-rerun-20260415-145100-g7-opt67b-c512-1024/raw/points/decode/decode-facebook-opt-6-7b-seq-1024-block-512-mode-vram-sm-32.csv
facebook/opt-6.7b,1024,512,gemv,fc2,32,4,246.7840015888214,428072960,428081152,8192,8192,vram,2026-04-15T13:53:08Z,baseline_nvml_pt,nvidia-smi,ok,7.0,109.0,1695.0,8001.0,66.8,0.2693119943141937,408.375,408.375,0.1328125,True,,75.27000000000001,62.64999999999999,75.19999999999999,estimated,,decode-facebook-opt-6-7b-seq-1024-block-512-mode-vram-sm-32,success,,,/mnt/data/dheeraj/dicertation/inference-profile/runs/revised-rerun-20260415-145100-g7-opt67b-c512-1024/raw/points/decode/decode-facebook-opt-6-7b-seq-1024-block-512-mode-vram-sm-32.csv
facebook/opt-6.7b,1024,512,attention_fetch_compute,,32,4,145.56799829006195,428072960,428212224,139264,139264,vram,2026-04-15T13:53:08Z,baseline_nvml_pt,nvidia-smi,ok,7.0,109.0,1695.0,8001.0,66.8,0.2693119943141937,408.375,408.375,0.1328125,True,,75.27000000000001,62.64999999999999,75.19999999999999,estimated,,decode-facebook-opt-6-7b-seq-1024-block-512-mode-vram-sm-32,success,,,/mnt/data/dheeraj/dicertation/inference-profile/runs/revised-rerun-20260415-145100-g7-opt67b-c512-1024/raw/points/decode/decode-facebook-opt-6-7b-seq-1024-block-512-mode-vram-sm-32.csv
facebook/opt-6.7b,1024,512,reduction_overhead,,32,4,19.45599913597107,428212224,428212224,0,8192,vram,2026-04-15T13:53:08Z,baseline_nvml_pt,nvidia-smi,ok,7.0,109.0,1695.0,8001.0,66.8,0.2693119943141937,408.375,408.375,0.1328125,True,,75.27000000000001,62.64999999999999,75.19999999999999,estimated,,decode-facebook-opt-6-7b-seq-1024-block-512-mode-vram-sm-32,success,,,/mnt/data/dheeraj/dicertation/inference-profile/runs/revised-rerun-20260415-145100-g7-opt67b-c512-1024/raw/points/decode/decode-facebook-opt-6-7b-seq-1024-block-512-mode-vram-sm-32.csv
facebook/opt-6.7b,1024,512,gemv,q_proj,32,0,3415.0400161743164,428072960,428081152,8192,8192,pcie_async,2026-04-15T13:53:16Z,baseline_nvml_pt,nvidia-smi,ok,0.0,109.0,1695.0,7601.0,66.2,3.4150400161743164,408.375,408.375,0.1328125,True,,72.1,66.69,71.03999999999999,estimated,,decode-facebook-opt-6-7b-seq-1024-block-512-mode-pcie_async-sm-32,success,,,/mnt/data/dheeraj/dicertation/inference-profile/runs/revised-rerun-20260415-145100-g7-opt67b-c512-1024/raw/points/decode/decode-facebook-opt-6-7b-seq-1024-block-512-mode-pcie_async-sm-32.csv
facebook/opt-6.7b,1024,512,gemv,k_proj,32,0,162.81600296497345,428072960,428081152,8192,8192,pcie_async,2026-04-15T13:53:16Z,baseline_nvml_pt,nvidia-smi,ok,0.0,109.0,1695.0,7601.0,66.2,3.4150400161743164,408.375,408.375,0.1328125,True,,72.1,66.69,71.03999999999999,estimated,,decode-facebook-opt-6-7b-seq-1024-block-512-mode-pcie_async-sm-32,success,,,/mnt/data/dheeraj/dicertation/inference-profile/runs/revised-rerun-20260415-145100-g7-opt67b-c512-1024/raw/points/decode/decode-facebook-opt-6-7b-seq-1024-block-512-mode-pcie_async-sm-32.csv
facebook/opt-6.7b,1024,512,gemv,v_proj,32,0,122.8799968957901,428072960,428081152,8192,8192,pcie_async,2026-04-15T13:53:16Z,baseline_nvml_pt,nvidia-smi,ok,0.0,109.0,1695.0,7601.0,66.2,3.4150400161743164,408.375,408.375,0.1328125,True,,72.1,66.69,71.03999999999999,estimated,,decode-facebook-opt-6-7b-seq-1024-block-512-mode-pcie_async-sm-32,success,,,/mnt/data/dheeraj/dicertation/inference-profile/runs/revised-rerun-20260415-145100-g7-opt67b-c512-1024/raw/points/decode/decode-facebook-opt-6-7b-seq-1024-block-512-mode-pcie_async-sm-32.csv
facebook/opt-6.7b,1024,512,gemv,out_proj,32,0,114.68800157308578,428072960,428081152,8192,8192,pcie_async,2026-04-15T13:53:16Z,baseline_nvml_pt,nvidia-smi,ok,0.0,109.0,1695.0,7601.0,66.2,3.4150400161743164,408.375,408.375,0.1328125,True,,72.1,66.69,71.03999999999999,estimated,,decode-facebook-opt-6-7b-seq-1024-block-512-mode-pcie_async-sm-32,success,,,/mnt/data/dheeraj/dicertation/inference-profile/runs/revised-rerun-20260415-145100-g7-opt67b-c512-1024/raw/points/decode/decode-facebook-opt-6-7b-seq-1024-block-512-mode-pcie_async-sm-32.csv
facebook/opt-6.7b,1024,512,gemv,fc1,32,0,275.4240036010742,428072960,428105728,32768,32768,pcie_async,2026-04-15T13:53:16Z,baseline_nvml_pt,nvidia-smi,ok,0.0,109.0,1695.0,7601.0,66.2,3.4150400161743164,408.375,408.375,0.1328125,True,,72.1,66.69,71.03999999999999,estimated,,decode-facebook-opt-6-7b-seq-1024-block-512-mode-pcie_async-sm-32,success,,,/mnt/data/dheeraj/dicertation/inference-profile/runs/revised-rerun-20260415-145100-g7-opt67b-c512-1024/raw/points/decode/decode-facebook-opt-6-7b-seq-1024-block-512-mode-pcie_async-sm-32.csv
facebook/opt-6.7b,1024,512,gemv,fc2,32,0,252.86400318145752,428072960,428081152,8192,8192,pcie_async,2026-04-15T13:53:16Z,baseline_nvml_pt,nvidia-smi,ok,0.0,109.0,1695.0,7601.0,66.2,3.4150400161743164,408.375,408.375,0.1328125,True,,72.1,66.69,71.03999999999999,estimated,,decode-facebook-opt-6-7b-seq-1024-block-512-mode-pcie_async-sm-32,success,,,/mnt/data/dheeraj/dicertation/inference-profile/runs/revised-rerun-20260415-145100-g7-opt67b-c512-1024/raw/points/decode/decode-facebook-opt-6-7b-seq-1024-block-512-mode-pcie_async-sm-32.csv
facebook/opt-6.7b,1024,512,attention_fetch_compute,,32,0,145.37599682807922,428072960,428212224,139264,139264,pcie_async,2026-04-15T13:53:16Z,baseline_nvml_pt,nvidia-smi,ok,0.0,109.0,1695.0,7601.0,66.2,3.4150400161743164,408.375,408.375,0.1328125,True,,72.1,66.69,71.03999999999999,estimated,,decode-facebook-opt-6-7b-seq-1024-block-512-mode-pcie_async-sm-32,success,,,/mnt/data/dheeraj/dicertation/inference-profile/runs/revised-rerun-20260415-145100-g7-opt67b-c512-1024/raw/points/decode/decode-facebook-opt-6-7b-seq-1024-block-512-mode-pcie_async-sm-32.csv
facebook/opt-6.7b,1024,512,reduction_overhead,,32,0,22.52800017595291,428212224,428212224,0,8192,pcie_async,2026-04-15T13:53:16Z,baseline_nvml_pt,nvidia-smi,ok,0.0,109.0,1695.0,7601.0,66.2,3.4150400161743164,408.375,408.375,0.1328125,True,,72.1,66.69,71.03999999999999,estimated,,decode-facebook-opt-6-7b-seq-1024-block-512-mode-pcie_async-sm-32,success,,,/mnt/data/dheeraj/dicertation/inference-profile/runs/revised-rerun-20260415-145100-g7-opt67b-c512-1024/raw/points/decode/decode-facebook-opt-6-7b-seq-1024-block-512-mode-pcie_async-sm-32.csv
facebook/opt-6.7b,1024,512,gemv,q_proj,32,1,119.80800330638885,428072960,428081152,8192,8192,pcie_async,2026-04-15T13:53:16Z,baseline_nvml_pt,nvidia-smi,ok,0.0,109.0,1695.0,7601.0,66.2,3.4150400161743164,408.375,408.375,0.1328125,True,,72.1,66.69,71.03999999999999,estimated,,decode-facebook-opt-6-7b-seq-1024-block-512-mode-pcie_async-sm-32,success,,,/mnt/data/dheeraj/dicertation/inference-profile/runs/revised-rerun-20260415-145100-g7-opt67b-c512-1024/raw/points/decode/decode-facebook-opt-6-7b-seq-1024-block-512-mode-pcie_async-sm-32.csv
facebook/opt-6.7b,1024,512,gemv,k_proj,32,1,113.66400122642517,428072960,428081152,8192,8192,pcie_async,2026-04-15T13:53:16Z,baseline_nvml_pt,nvidia-smi,ok,0.0,109.0,1695.0,7601.0,66.2,3.4150400161743164,408.375,408.375,0.1328125,True,,72.1,66.69,71.03999999999999,estimated,,decode-facebook-opt-6-7b-seq-1024-block-512-mode-pcie_async-sm-32,success,,,/mnt/data/dheeraj/dicertation/inference-profile/runs/revised-rerun-20260415-145100-g7-opt67b-c512-1024/raw/points/decode/decode-facebook-opt-6-7b-seq-1024-block-512-mode-pcie_async-sm-32.csv
facebook/opt-6.7b,1024,512,gemv,v_proj,32,1,110.59200018644333,428072960,428081152,8192,8192,pcie_async,2026-04-15T13:53:16Z,baseline_nvml_pt,nvidia-smi,ok,0.0,109.0,1695.0,7601.0,66.2,3.4150400161743164,408.375,408.375,0.1328125,True,,72.1,66.69,71.03999999999999,estimated,,decode-facebook-opt-6-7b-seq-1024-block-512-mode-pcie_async-sm-32,success,,,/mnt/data/dheeraj/dicertation/inference-profile/runs/revised-rerun-20260415-145100-g7-opt67b-c512-1024/raw/points/decode/decode-facebook-opt-6-7b-seq-1024-block-512-mode-pcie_async-sm-32.csv
facebook/opt-6.7b,1024,512,gemv,out_proj,32,1,116.73600226640701,428072960,428081152,8192,8192,pcie_async,2026-04-15T13:53:16Z,baseline_nvml_pt,nvidia-smi,ok,0.0,109.0,1695.0,7601.0,66.2,3.4150400161743164,408.375,408.375,0.1328125,True,,72.1,66.69,71.03999999999999,estimated,,decode-facebook-opt-6-7b-seq-1024-block-512-mode-pcie_async-sm-32,success,,,/mnt/data/dheeraj/dicertation/inference-profile/runs/revised-rerun-20260415-145100-g7-opt67b-c512-1024/raw/points/decode/decode-facebook-opt-6-7b-seq-1024-block-512-mode-pcie_async-sm-32.csv
facebook/opt-6.7b,1024,512,gemv,fc1,32,1,264.0640139579773,428072960,428105728,32768,32768,pcie_async,2026-04-15T13:53:16Z,baseline_nvml_pt,nvidia-smi,ok,0.0,109.0,1695.0,7601.0,66.2,3.4150400161743164,408.375,408.375,0.1328125,True,,72.1,66.69,71.03999999999999,estimated,,decode-facebook-opt-6-7b-seq-1024-block-512-mode-pcie_async-sm-32,success,,,/mnt/data/dheeraj/dicertation/inference-profile/runs/revised-rerun-20260415-145100-g7-opt67b-c512-1024/raw/points/decode/decode-facebook-opt-6-7b-seq-1024-block-512-mode-pcie_async-sm-32.csv
facebook/opt-6.7b,1024,512,gemv,fc2,32,1,262.30400800704956,428072960,428081152,8192,8192,pcie_async,2026-04-15T13:53:16Z,baseline_nvml_pt,nvidia-smi,ok,0.0,109.0,1695.0,7601.0,66.2,3.4150400161743164,408.375,408.375,0.1328125,True,,72.1,66.69,71.03999999999999,estimated,,decode-facebook-opt-6-7b-seq-1024-block-512-mode-pcie_async-sm-32,success,,,/mnt/data/dheeraj/dicertation/inference-profile/runs/revised-rerun-20260415-145100-g7-opt67b-c512-1024/raw/points/decode/decode-facebook-opt-6-7b-seq-1024-block-512-mode-pcie_async-sm-32.csv
facebook/opt-6.7b,1024,512,attention_fetch_compute,,32,1,141.50400459766388,428072960,428212224,139264,139264,pcie_async,2026-04-15T13:53:16Z,baseline_nvml_pt,nvidia-smi,ok,0.0,109.0,1695.0,7601.0,66.2,3.4150400161743164,408.375,408.375,0.1328125,True,,72.1,66.69,71.03999999999999,estimated,,decode-facebook-opt-6-7b-seq-1024-block-512-mode-pcie_async-sm-32,success,,,/mnt/data/dheeraj/dicertation/inference-profile/runs/revised-rerun-20260415-145100-g7-opt67b-c512-1024/raw/points/decode/decode-facebook-opt-6-7b-seq-1024-block-512-mode-pcie_async-sm-32.csv
facebook/opt-6.7b,1024,512,reduction_overhead,,32,1,24.54400062561035,428212224,428212224,0,8192,pcie_async,2026-04-15T13:53:16Z,baseline_nvml_pt,nvidia-smi,ok,0.0,109.0,1695.0,7601.0,66.2,3.4150400161743164,408.375,408.375,0.1328125,True,,72.1,66.69,71.03999999999999,estimated,,decode-facebook-opt-6-7b-seq-1024-block-512-mode-pcie_async-sm-32,success,,,/mnt/data/dheeraj/dicertation/inference-profile/runs/revised-rerun-20260415-145100-g7-opt67b-c512-1024/raw/points/decode/decode-facebook-opt-6-7b-seq-1024-block-512-mode-pcie_async-sm-32.csv
facebook/opt-6.7b,1024,512,gemv,q_proj,32,2,120.83200365304947,428072960,428081152,8192,8192,pcie_async,2026-04-15T13:53:16Z,baseline_nvml_pt,nvidia-smi,ok,0.0,109.0,1695.0,7601.0,66.2,3.4150400161743164,408.375,408.375,0.1328125,True,,72.1,66.69,71.03999999999999,estimated,,decode-facebook-opt-6-7b-seq-1024-block-512-mode-pcie_async-sm-32,success,,,/mnt/data/dheeraj/dicertation/inference-profile/runs/revised-rerun-20260415-145100-g7-opt67b-c512-1024/raw/points/decode/decode-facebook-opt-6-7b-seq-1024-block-512-mode-pcie_async-sm-32.csv
facebook/opt-6.7b,1024,512,gemv,k_proj,32,2,112.60800063610077,428072960,428081152,8192,8192,pcie_async,2026-04-15T13:53:16Z,baseline_nvml_pt,nvidia-smi,ok,0.0,109.0,1695.0,7601.0,66.2,3.4150400161743164,408.375,408.375,0.1328125,True,,72.1,66.69,71.03999999999999,estimated,,decode-facebook-opt-6-7b-seq-1024-block-512-mode-pcie_async-sm-32,success,,,/mnt/data/dheeraj/dicertation/inference-profile/runs/revised-rerun-20260415-145100-g7-opt67b-c512-1024/raw/points/decode/decode-facebook-opt-6-7b-seq-1024-block-512-mode-pcie_async-sm-32.csv
facebook/opt-6.7b,1024,512,gemv,v_proj,32,2,121.85599654912949,428072960,428081152,8192,8192,pcie_async,2026-04-15T13:53:16Z,baseline_nvml_pt,nvidia-smi,ok,0.0,109.0,1695.0,7601.0,66.2,3.4150400161743164,408.375,408.375,0.1328125,True,,72.1,66.69,71.03999999999999,estimated,,decode-facebook-opt-6-7b-seq-1024-block-512-mode-pcie_async-sm-32,success,,,/mnt/data/dheeraj/dicertation/inference-profile/runs/revised-rerun-20260415-145100-g7-opt67b-c512-1024/raw/points/decode/decode-facebook-opt-6-7b-seq-1024-block-512-mode-pcie_async-sm-32.csv
facebook/opt-6.7b,1024,512,gemv,out_proj,32,2,112.64000087976456,428072960,428081152,8192,8192,pcie_async,2026-04-15T13:53:16Z,baseline_nvml_pt,nvidia-smi,ok,0.0,109.0,1695.0,7601.0,66.2,3.4150400161743164,408.375,408.375,0.1328125,True,,72.1,66.69,71.03999999999999,estimated,,decode-facebook-opt-6-7b-seq-1024-block-512-mode-pcie_async-sm-32,success,,,/mnt/data/dheeraj/dicertation/inference-profile/runs/revised-rerun-20260415-145100-g7-opt67b-c512-1024/raw/points/decode/decode-facebook-opt-6-7b-seq-1024-block-512-mode-pcie_async-sm-32.csv
facebook/opt-6.7b,1024,512,gemv,fc1,32,2,262.14399933815,428072960,428105728,32768,32768,pcie_async,2026-04-15T13:53:16Z,baseline_nvml_pt,nvidia-smi,ok,0.0,109.0,1695.0,7601.0,66.2,3.4150400161743164,408.375,408.375,0.1328125,True,,72.1,66.69,71.03999999999999,estimated,,decode-facebook-opt-6-7b-seq-1024-block-512-mode-pcie_async-sm-32,success,,,/mnt/data/dheeraj/dicertation/inference-profile/runs/revised-rerun-20260415-145100-g7-opt67b-c512-1024/raw/points/decode/decode-facebook-opt-6-7b-seq-1024-block-512-mode-pcie_async-sm-32.csv
facebook/opt-6.7b,1024,512,gemv,fc2,32,2,248.73599410057068,428072960,428081152,8192,8192,pcie_async,2026-04-15T13:53:16Z,baseline_nvml_pt,nvidia-smi,ok,0.0,109.0,1695.0,7601.0,66.2,3.4150400161743164,408.375,408.375,0.1328125,True,,72.1,66.69,71.03999999999999,estimated,,decode-facebook-opt-6-7b-seq-1024-block-512-mode-pcie_async-sm-32,success,,,/mnt/data/dheeraj/dicertation/inference-profile/runs/revised-rerun-20260415-145100-g7-opt67b-c512-1024/raw/points/decode/decode-facebook-opt-6-7b-seq-1024-block-512-mode-pcie_async-sm-32.csv
facebook/opt-6.7b,1024,512,attention_fetch_compute,,32,2,133.88800621032715,428072960,428212224,139264,139264,pcie_async,2026-04-15T13:53:16Z,baseline_nvml_pt,nvidia-smi,ok,0.0,109.0,1695.0,7601.0,66.2,3.4150400161743164,408.375,408.375,0.1328125,True,,72.1,66.69,71.03999999999999,estimated,,decode-facebook-opt-6-7b-seq-1024-block-512-mode-pcie_async-sm-32,success,,,/mnt/data/dheeraj/dicertation/inference-profile/runs/revised-rerun-20260415-145100-g7-opt67b-c512-1024/raw/points/decode/decode-facebook-opt-6-7b-seq-1024-block-512-mode-pcie_async-sm-32.csv
facebook/opt-6.7b,1024,512,reduction_overhead,,32,2,20.479999482631683,428212224,428212224,0,8192,pcie_async,2026-04-15T13:53:16Z,baseline_nvml_pt,nvidia-smi,ok,0.0,109.0,1695.0,7601.0,66.2,3.4150400161743164,408.375,408.375,0.1328125,True,,72.1,66.69,71.03999999999999,estimated,,decode-facebook-opt-6-7b-seq-1024-block-512-mode-pcie_async-sm-32,success,,,/mnt/data/dheeraj/dicertation/inference-profile/runs/revised-rerun-20260415-145100-g7-opt67b-c512-1024/raw/points/decode/decode-facebook-opt-6-7b-seq-1024-block-512-mode-pcie_async-sm-32.csv
facebook/opt-6.7b,1024,512,gemv,q_proj,32,3,120.83200365304947,428072960,428081152,8192,8192,pcie_async,2026-04-15T13:53:16Z,baseline_nvml_pt,nvidia-smi,ok,0.0,109.0,1695.0,7601.0,66.2,3.4150400161743164,408.375,408.375,0.1328125,True,,72.1,66.69,71.03999999999999,estimated,,decode-facebook-opt-6-7b-seq-1024-block-512-mode-pcie_async-sm-32,success,,,/mnt/data/dheeraj/dicertation/inference-profile/runs/revised-rerun-20260415-145100-g7-opt67b-c512-1024/raw/points/decode/decode-facebook-opt-6-7b-seq-1024-block-512-mode-pcie_async-sm-32.csv
facebook/opt-6.7b,1024,512,gemv,k_proj,32,3,113.66400122642517,428072960,428081152,8192,8192,pcie_async,2026-04-15T13:53:16Z,baseline_nvml_pt,nvidia-smi,ok,0.0,109.0,1695.0,7601.0,66.2,3.4150400161743164,408.375,408.375,0.1328125,True,,72.1,66.69,71.03999999999999,estimated,,decode-facebook-opt-6-7b-seq-1024-block-512-mode-pcie_async-sm-32,success,,,/mnt/data/dheeraj/dicertation/inference-profile/runs/revised-rerun-20260415-145100-g7-opt67b-c512-1024/raw/points/decode/decode-facebook-opt-6-7b-seq-1024-block-512-mode-pcie_async-sm-32.csv
facebook/opt-6.7b,1024,512,gemv,v_proj,32,3,109.56799983978271,428072960,428081152,8192,8192,pcie_async,2026-04-15T13:53:16Z,baseline_nvml_pt,nvidia-smi,ok,0.0,109.0,1695.0,7601.0,66.2,3.4150400161743164,408.375,408.375,0.1328125,True,,72.1,66.69,71.03999999999999,estimated,,decode-facebook-opt-6-7b-seq-1024-block-512-mode-pcie_async-sm-32,success,,,/mnt/data/dheeraj/dicertation/inference-profile/runs/revised-rerun-20260415-145100-g7-opt67b-c512-1024/raw/points/decode/decode-facebook-opt-6-7b-seq-1024-block-512-mode-pcie_async-sm-32.csv
facebook/opt-6.7b,1024,512,gemv,out_proj,32,3,119.84000355005264,428072960,428081152,8192,8192,pcie_async,2026-04-15T13:53:16Z,baseline_nvml_pt,nvidia-smi,ok,0.0,109.0,1695.0,7601.0,66.2,3.4150400161743164,408.375,408.375,0.1328125,True,,72.1,66.69,71.03999999999999,estimated,,decode-facebook-opt-6-7b-seq-1024-block-512-mode-pcie_async-sm-32,success,,,/mnt/data/dheeraj/dicertation/inference-profile/runs/revised-rerun-20260415-145100-g7-opt67b-c512-1024/raw/points/decode/decode-facebook-opt-6-7b-seq-1024-block-512-mode-pcie_async-sm-32.csv
facebook/opt-6.7b,1024,512,gemv,fc1,32,3,261.1199915409088,428072960,428105728,32768,32768,pcie_async,2026-04-15T13:53:16Z,baseline_nvml_pt,nvidia-smi,ok,0.0,109.0,1695.0,7601.0,66.2,3.4150400161743164,408.375,408.375,0.1328125,True,,72.1,66.69,71.03999999999999,estimated,,decode-facebook-opt-6-7b-seq-1024-block-512-mode-pcie_async-sm-32,success,,,/mnt/data/dheeraj/dicertation/inference-profile/runs/revised-rerun-20260415-145100-g7-opt67b-c512-1024/raw/points/decode/decode-facebook-opt-6-7b-seq-1024-block-512-mode-pcie_async-sm-32.csv
facebook/opt-6.7b,1024,512,gemv,fc2,32,3,248.83200228214264,428072960,428081152,8192,8192,pcie_async,2026-04-15T13:53:16Z,baseline_nvml_pt,nvidia-smi,ok,0.0,109.0,1695.0,7601.0,66.2,3.4150400161743164,408.375,408.375,0.1328125,True,,72.1,66.69,71.03999999999999,estimated,,decode-facebook-opt-6-7b-seq-1024-block-512-mode-pcie_async-sm-32,success,,,/mnt/data/dheeraj/dicertation/inference-profile/runs/revised-rerun-20260415-145100-g7-opt67b-c512-1024/raw/points/decode/decode-facebook-opt-6-7b-seq-1024-block-512-mode-pcie_async-sm-32.csv
facebook/opt-6.7b,1024,512,attention_fetch_compute,,32,3,133.37600231170654,428072960,428212224,139264,139264,pcie_async,2026-04-15T13:53:16Z,baseline_nvml_pt,nvidia-smi,ok,0.0,109.0,1695.0,7601.0,66.2,3.4150400161743164,408.375,408.375,0.1328125,True,,72.1,66.69,71.03999999999999,estimated,,decode-facebook-opt-6-7b-seq-1024-block-512-mode-pcie_async-sm-32,success,,,/mnt/data/dheeraj/dicertation/inference-profile/runs/revised-rerun-20260415-145100-g7-opt67b-c512-1024/raw/points/decode/decode-facebook-opt-6-7b-seq-1024-block-512-mode-pcie_async-sm-32.csv
facebook/opt-6.7b,1024,512,reduction_overhead,,32,3,20.479999482631683,428212224,428212224,0,8192,pcie_async,2026-04-15T13:53:16Z,baseline_nvml_pt,nvidia-smi,ok,0.0,109.0,1695.0,7601.0,66.2,3.4150400161743164,408.375,408.375,0.1328125,True,,72.1,66.69,71.03999999999999,estimated,,decode-facebook-opt-6-7b-seq-1024-block-512-mode-pcie_async-sm-32,success,,,/mnt/data/dheeraj/dicertation/inference-profile/runs/revised-rerun-20260415-145100-g7-opt67b-c512-1024/raw/points/decode/decode-facebook-opt-6-7b-seq-1024-block-512-mode-pcie_async-sm-32.csv
facebook/opt-6.7b,1024,512,gemv,q_proj,32,4,114.68800157308578,428072960,428081152,8192,8192,pcie_async,2026-04-15T13:53:16Z,baseline_nvml_pt,nvidia-smi,ok,0.0,109.0,1695.0,7601.0,66.2,3.4150400161743164,408.375,408.375,0.1328125,True,,72.1,66.69,71.03999999999999,estimated,,decode-facebook-opt-6-7b-seq-1024-block-512-mode-pcie_async-sm-32,success,,,/mnt/data/dheeraj/dicertation/inference-profile/runs/revised-rerun-20260415-145100-g7-opt67b-c512-1024/raw/points/decode/decode-facebook-opt-6-7b-seq-1024-block-512-mode-pcie_async-sm-32.csv
facebook/opt-6.7b,1024,512,gemv,k_proj,32,4,111.61600053310394,428072960,428081152,8192,8192,pcie_async,2026-04-15T13:53:16Z,baseline_nvml_pt,nvidia-smi,ok,0.0,109.0,1695.0,7601.0,66.2,3.4150400161743164,408.375,408.375,0.1328125,True,,72.1,66.69,71.03999999999999,estimated,,decode-facebook-opt-6-7b-seq-1024-block-512-mode-pcie_async-sm-32,success,,,/mnt/data/dheeraj/dicertation/inference-profile/runs/revised-rerun-20260415-145100-g7-opt67b-c512-1024/raw/points/decode/decode-facebook-opt-6-7b-seq-1024-block-512-mode-pcie_async-sm-32.csv
facebook/opt-6.7b,1024,512,gemv,v_proj,32,4,108.70400071144104,428072960,428081152,8192,8192,pcie_async,2026-04-15T13:53:16Z,baseline_nvml_pt,nvidia-smi,ok,0.0,109.0,1695.0,7601.0,66.2,3.4150400161743164,408.375,408.375,0.1328125,True,,72.1,66.69,71.03999999999999,estimated,,decode-facebook-opt-6-7b-seq-1024-block-512-mode-pcie_async-sm-32,success,,,/mnt/data/dheeraj/dicertation/inference-profile/runs/revised-rerun-20260415-145100-g7-opt67b-c512-1024/raw/points/decode/decode-facebook-opt-6-7b-seq-1024-block-512-mode-pcie_async-sm-32.csv
facebook/opt-6.7b,1024,512,gemv,out_proj,32,4,112.5119999051094,428072960,428081152,8192,8192,pcie_async,2026-04-15T13:53:16Z,baseline_nvml_pt,nvidia-smi,ok,0.0,109.0,1695.0,7601.0,66.2,3.4150400161743164,408.375,408.375,0.1328125,True,,72.1,66.69,71.03999999999999,estimated,,decode-facebook-opt-6-7b-seq-1024-block-512-mode-pcie_async-sm-32,success,,,/mnt/data/dheeraj/dicertation/inference-profile/runs/revised-rerun-20260415-145100-g7-opt67b-c512-1024/raw/points/decode/decode-facebook-opt-6-7b-seq-1024-block-512-mode-pcie_async-sm-32.csv
facebook/opt-6.7b,1024,512,gemv,fc1,32,4,260.9280049800873,428072960,428105728,32768,32768,pcie_async,2026-04-15T13:53:16Z,baseline_nvml_pt,nvidia-smi,ok,0.0,109.0,1695.0,7601.0,66.2,3.4150400161743164,408.375,408.375,0.1328125,True,,72.1,66.69,71.03999999999999,estimated,,decode-facebook-opt-6-7b-seq-1024-block-512-mode-pcie_async-sm-32,success,,,/mnt/data/dheeraj/dicertation/inference-profile/runs/revised-rerun-20260415-145100-g7-opt67b-c512-1024/raw/points/decode/decode-facebook-opt-6-7b-seq-1024-block-512-mode-pcie_async-sm-32.csv
facebook/opt-6.7b,1024,512,gemv,fc2,32,4,246.5600073337555,428072960,428081152,8192,8192,pcie_async,2026-04-15T13:53:16Z,baseline_nvml_pt,nvidia-smi,ok,0.0,109.0,1695.0,7601.0,66.2,3.4150400161743164,408.375,408.375,0.1328125,True,,72.1,66.69,71.03999999999999,estimated,,decode-facebook-opt-6-7b-seq-1024-block-512-mode-pcie_async-sm-32,success,,,/mnt/data/dheeraj/dicertation/inference-profile/runs/revised-rerun-20260415-145100-g7-opt67b-c512-1024/raw/points/decode/decode-facebook-opt-6-7b-seq-1024-block-512-mode-pcie_async-sm-32.csv
facebook/opt-6.7b,1024,512,attention_fetch_compute,,32,4,138.20800185203552,428072960,428212224,139264,139264,pcie_async,2026-04-15T13:53:16Z,baseline_nvml_pt,nvidia-smi,ok,0.0,109.0,1695.0,7601.0,66.2,3.4150400161743164,408.375,408.375,0.1328125,True,,72.1,66.69,71.03999999999999,estimated,,decode-facebook-opt-6-7b-seq-1024-block-512-mode-pcie_async-sm-32,success,,,/mnt/data/dheeraj/dicertation/inference-profile/runs/revised-rerun-20260415-145100-g7-opt67b-c512-1024/raw/points/decode/decode-facebook-opt-6-7b-seq-1024-block-512-mode-pcie_async-sm-32.csv
facebook/opt-6.7b,1024,512,reduction_overhead,,32,4,20.479999482631683,428212224,428212224,0,8192,pcie_async,2026-04-15T13:53:16Z,baseline_nvml_pt,nvidia-smi,ok,0.0,109.0,1695.0,7601.0,66.2,3.4150400161743164,408.375,408.375,0.1328125,True,,72.1,66.69,71.03999999999999,estimated,,decode-facebook-opt-6-7b-seq-1024-block-512-mode-pcie_async-sm-32,success,,,/mnt/data/dheeraj/dicertation/inference-profile/runs/revised-rerun-20260415-145100-g7-opt67b-c512-1024/raw/points/decode/decode-facebook-opt-6-7b-seq-1024-block-512-mode-pcie_async-sm-32.csv
facebook/opt-6.7b,1024,1024,gemv,q_proj,8,0,162.81600296497345,428072960,428081152,8192,8192,vram,2026-04-15T13:53:23Z,baseline_nvml_pt,nvidia-smi,ok,0.0,109.0,1695.0,7601.0,66.69,0.2836480140686035,408.375,408.375,0.1328125,True,,61.11,68.975,58.28000000000001,estimated,,decode-facebook-opt-6-7b-seq-1024-block-1024-mode-vram-sm-8,success,,,/mnt/data/dheeraj/dicertation/inference-profile/runs/revised-rerun-20260415-145100-g7-opt67b-c512-1024/raw/points/decode/decode-facebook-opt-6-7b-seq-1024-block-1024-mode-vram-sm-8.csv
facebook/opt-6.7b,1024,1024,gemv,k_proj,8,0,147.45600521564484,428072960,428081152,8192,8192,vram,2026-04-15T13:53:23Z,baseline_nvml_pt,nvidia-smi,ok,0.0,109.0,1695.0,7601.0,66.69,0.2836480140686035,408.375,408.375,0.1328125,True,,61.11,68.975,58.28000000000001,estimated,,decode-facebook-opt-6-7b-seq-1024-block-1024-mode-vram-sm-8,success,,,/mnt/data/dheeraj/dicertation/inference-profile/runs/revised-rerun-20260415-145100-g7-opt67b-c512-1024/raw/points/decode/decode-facebook-opt-6-7b-seq-1024-block-1024-mode-vram-sm-8.csv
facebook/opt-6.7b,1024,1024,gemv,v_proj,8,0,124.89599734544754,428072960,428081152,8192,8192,vram,2026-04-15T13:53:23Z,baseline_nvml_pt,nvidia-smi,ok,0.0,109.0,1695.0,7601.0,66.69,0.2836480140686035,408.375,408.375,0.1328125,True,,61.11,68.975,58.28000000000001,estimated,,decode-facebook-opt-6-7b-seq-1024-block-1024-mode-vram-sm-8,success,,,/mnt/data/dheeraj/dicertation/inference-profile/runs/revised-rerun-20260415-145100-g7-opt67b-c512-1024/raw/points/decode/decode-facebook-opt-6-7b-seq-1024-block-1024-mode-vram-sm-8.csv
facebook/opt-6.7b,1024,1024,gemv,out_proj,8,0,116.73600226640701,428072960,428081152,8192,8192,vram,2026-04-15T13:53:23Z,baseline_nvml_pt,nvidia-smi,ok,0.0,109.0,1695.0,7601.0,66.69,0.2836480140686035,408.375,408.375,0.1328125,True,,61.11,68.975,58.28000000000001,estimated,,decode-facebook-opt-6-7b-seq-1024-block-1024-mode-vram-sm-8,success,,,/mnt/data/dheeraj/dicertation/inference-profile/runs/revised-rerun-20260415-145100-g7-opt67b-c512-1024/raw/points/decode/decode-facebook-opt-6-7b-seq-1024-block-1024-mode-vram-sm-8.csv
facebook/opt-6.7b,1024,1024,gemv,fc1,8,0,283.6480140686035,428072960,428105728,32768,32768,vram,2026-04-15T13:53:23Z,baseline_nvml_pt,nvidia-smi,ok,0.0,109.0,1695.0,7601.0,66.69,0.2836480140686035,408.375,408.375,0.1328125,True,,61.11,68.975,58.28000000000001,estimated,,decode-facebook-opt-6-7b-seq-1024-block-1024-mode-vram-sm-8,success,,,/mnt/data/dheeraj/dicertation/inference-profile/runs/revised-rerun-20260415-145100-g7-opt67b-c512-1024/raw/points/decode/decode-facebook-opt-6-7b-seq-1024-block-1024-mode-vram-sm-8.csv
facebook/opt-6.7b,1024,1024,gemv,fc2,8,0,260.09601354599,428072960,428081152,8192,8192,vram,2026-04-15T13:53:23Z,baseline_nvml_pt,nvidia-smi,ok,0.0,109.0,1695.0,7601.0,66.69,0.2836480140686035,408.375,408.375,0.1328125,True,,61.11,68.975,58.28000000000001,estimated,,decode-facebook-opt-6-7b-seq-1024-block-1024-mode-vram-sm-8,success,,,/mnt/data/dheeraj/dicertation/inference-profile/runs/revised-rerun-20260415-145100-g7-opt67b-c512-1024/raw/points/decode/decode-facebook-opt-6-7b-seq-1024-block-1024-mode-vram-sm-8.csv
facebook/opt-6.7b,1024,1024,attention_fetch_compute,,8,0,152.5759994983673,428072960,428212224,139264,139264,vram,2026-04-15T13:53:23Z,baseline_nvml_pt,nvidia-smi,ok,0.0,109.0,1695.0,7601.0,66.69,0.2836480140686035,408.375,408.375,0.1328125,True,,61.11,68.975,58.28000000000001,estimated,,decode-facebook-opt-6-7b-seq-1024-block-1024-mode-vram-sm-8,success,,,/mnt/data/dheeraj/dicertation/inference-profile/runs/revised-rerun-20260415-145100-g7-opt67b-c512-1024/raw/points/decode/decode-facebook-opt-6-7b-seq-1024-block-1024-mode-vram-sm-8.csv
facebook/opt-6.7b,1024,1024,reduction_overhead,,8,0,26.623999699950218,428212224,428212224,0,8192,vram,2026-04-15T13:53:23Z,baseline_nvml_pt,nvidia-smi,ok,0.0,109.0,1695.0,7601.0,66.69,0.2836480140686035,408.375,408.375,0.1328125,True,,61.11,68.975,58.28000000000001,estimated,,decode-facebook-opt-6-7b-seq-1024-block-1024-mode-vram-sm-8,success,,,/mnt/data/dheeraj/dicertation/inference-profile/runs/revised-rerun-20260415-145100-g7-opt67b-c512-1024/raw/points/decode/decode-facebook-opt-6-7b-seq-1024-block-1024-mode-vram-sm-8.csv
facebook/opt-6.7b,1024,1024,gemv,q_proj,8,1,125.85599720478058,428072960,428081152,8192,8192,vram,2026-04-15T13:53:23Z,baseline_nvml_pt,nvidia-smi,ok,0.0,109.0,1695.0,7601.0,66.69,0.2836480140686035,408.375,408.375,0.1328125,True,,61.11,68.975,58.28000000000001,estimated,,decode-facebook-opt-6-7b-seq-1024-block-1024-mode-vram-sm-8,success,,,/mnt/data/dheeraj/dicertation/inference-profile/runs/revised-rerun-20260415-145100-g7-opt67b-c512-1024/raw/points/decode/decode-facebook-opt-6-7b-seq-1024-block-1024-mode-vram-sm-8.csv
facebook/opt-6.7b,1024,1024,gemv,k_proj,8,1,120.83200365304947,428072960,428081152,8192,8192,vram,2026-04-15T13:53:23Z,baseline_nvml_pt,nvidia-smi,ok,0.0,109.0,1695.0,7601.0,66.69,0.2836480140686035,408.375,408.375,0.1328125,True,,61.11,68.975,58.28000000000001,estimated,,decode-facebook-opt-6-7b-seq-1024-block-1024-mode-vram-sm-8,success,,,/mnt/data/dheeraj/dicertation/inference-profile/runs/revised-rerun-20260415-145100-g7-opt67b-c512-1024/raw/points/decode/decode-facebook-opt-6-7b-seq-1024-block-1024-mode-vram-sm-8.csv
facebook/opt-6.7b,1024,1024,gemv,v_proj,8,1,117.76000261306763,428072960,428081152,8192,8192,vram,2026-04-15T13:53:23Z,baseline_nvml_pt,nvidia-smi,ok,0.0,109.0,1695.0,7601.0,66.69,0.2836480140686035,408.375,408.375,0.1328125,True,,61.11,68.975,58.28000000000001,estimated,,decode-facebook-opt-6-7b-seq-1024-block-1024-mode-vram-sm-8,success,,,/mnt/data/dheeraj/dicertation/inference-profile/runs/revised-rerun-20260415-145100-g7-opt67b-c512-1024/raw/points/decode/decode-facebook-opt-6-7b-seq-1024-block-1024-mode-vram-sm-8.csv
facebook/opt-6.7b,1024,1024,gemv,out_proj,8,1,115.7120019197464,428072960,428081152,8192,8192,vram,2026-04-15T13:53:23Z,baseline_nvml_pt,nvidia-smi,ok,0.0,109.0,1695.0,7601.0,66.69,0.2836480140686035,408.375,408.375,0.1328125,True,,61.11,68.975,58.28000000000001,estimated,,decode-facebook-opt-6-7b-seq-1024-block-1024-mode-vram-sm-8,success,,,/mnt/data/dheeraj/dicertation/inference-profile/runs/revised-rerun-20260415-145100-g7-opt67b-c512-1024/raw/points/decode/decode-facebook-opt-6-7b-seq-1024-block-1024-mode-vram-sm-8.csv
facebook/opt-6.7b,1024,1024,gemv,fc1,8,1,267.2640085220337,428072960,428105728,32768,32768,vram,2026-04-15T13:53:23Z,baseline_nvml_pt,nvidia-smi,ok,0.0,109.0,1695.0,7601.0,66.69,0.2836480140686035,408.375,408.375,0.1328125,True,,61.11,68.975,58.28000000000001,estimated,,decode-facebook-opt-6-7b-seq-1024-block-1024-mode-vram-sm-8,success,,,/mnt/data/dheeraj/dicertation/inference-profile/runs/revised-rerun-20260415-145100-g7-opt67b-c512-1024/raw/points/decode/decode-facebook-opt-6-7b-seq-1024-block-1024-mode-vram-sm-8.csv
facebook/opt-6.7b,1024,1024,gemv,fc2,8,1,252.9279887676239,428072960,428081152,8192,8192,vram,2026-04-15T13:53:23Z,baseline_nvml_pt,nvidia-smi,ok,0.0,109.0,1695.0,7601.0,66.69,0.2836480140686035,408.375,408.375,0.1328125,True,,61.11,68.975,58.28000000000001,estimated,,decode-facebook-opt-6-7b-seq-1024-block-1024-mode-vram-sm-8,success,,,/mnt/data/dheeraj/dicertation/inference-profile/runs/revised-rerun-20260415-145100-g7-opt67b-c512-1024/raw/points/decode/decode-facebook-opt-6-7b-seq-1024-block-1024-mode-vram-sm-8.csv
facebook/opt-6.7b,1024,1024,attention_fetch_compute,,8,1,137.2160017490387,428072960,428212224,139264,139264,vram,2026-04-15T13:53:23Z,baseline_nvml_pt,nvidia-smi,ok,0.0,109.0,1695.0,7601.0,66.69,0.2836480140686035,408.375,408.375,0.1328125,True,,61.11,68.975,58.28000000000001,estimated,,decode-facebook-opt-6-7b-seq-1024-block-1024-mode-vram-sm-8,success,,,/mnt/data/dheeraj/dicertation/inference-profile/runs/revised-rerun-20260415-145100-g7-opt67b-c512-1024/raw/points/decode/decode-facebook-opt-6-7b-seq-1024-block-1024-mode-vram-sm-8.csv
facebook/opt-6.7b,1024,1024,reduction_overhead,,8,1,26.688000187277794,428212224,428212224,0,8192,vram,2026-04-15T13:53:23Z,baseline_nvml_pt,nvidia-smi,ok,0.0,109.0,1695.0,7601.0,66.69,0.2836480140686035,408.375,408.375,0.1328125,True,,61.11,68.975,58.28000000000001,estimated,,decode-facebook-opt-6-7b-seq-1024-block-1024-mode-vram-sm-8,success,,,/mnt/data/dheeraj/dicertation/inference-profile/runs/revised-rerun-20260415-145100-g7-opt67b-c512-1024/raw/points/decode/decode-facebook-opt-6-7b-seq-1024-block-1024-mode-vram-sm-8.csv
facebook/opt-6.7b,1024,1024,gemv,q_proj,8,2,127.80800461769104,428072960,428081152,8192,8192,vram,2026-04-15T13:53:23Z,baseline_nvml_pt,nvidia-smi,ok,0.0,109.0,1695.0,7601.0,66.69,0.2836480140686035,408.375,408.375,0.1328125,True,,61.11,68.975,58.28000000000001,estimated,,decode-facebook-opt-6-7b-seq-1024-block-1024-mode-vram-sm-8,success,,,/mnt/data/dheeraj/dicertation/inference-profile/runs/revised-rerun-20260415-145100-g7-opt67b-c512-1024/raw/points/decode/decode-facebook-opt-6-7b-seq-1024-block-1024-mode-vram-sm-8.csv
facebook/opt-6.7b,1024,1024,gemv,k_proj,8,2,116.7680025100708,428072960,428081152,8192,8192,vram,2026-04-15T13:53:23Z,baseline_nvml_pt,nvidia-smi,ok,0.0,109.0,1695.0,7601.0,66.69,0.2836480140686035,408.375,408.375,0.1328125,True,,61.11,68.975,58.28000000000001,estimated,,decode-facebook-opt-6-7b-seq-1024-block-1024-mode-vram-sm-8,success,,,/mnt/data/dheeraj/dicertation/inference-profile/runs/revised-rerun-20260415-145100-g7-opt67b-c512-1024/raw/points/decode/decode-facebook-opt-6-7b-seq-1024-block-1024-mode-vram-sm-8.csv
facebook/opt-6.7b,1024,1024,gemv,v_proj,8,2,116.73600226640701,428072960,428081152,8192,8192,vram,2026-04-15T13:53:23Z,baseline_nvml_pt,nvidia-smi,ok,0.0,109.0,1695.0,7601.0,66.69,0.2836480140686035,408.375,408.375,0.1328125,True,,61.11,68.975,58.28000000000001,estimated,,decode-facebook-opt-6-7b-seq-1024-block-1024-mode-vram-sm-8,success,,,/mnt/data/dheeraj/dicertation/inference-profile/runs/revised-rerun-20260415-145100-g7-opt67b-c512-1024/raw/points/decode/decode-facebook-opt-6-7b-seq-1024-block-1024-mode-vram-sm-8.csv
facebook/opt-6.7b,1024,1024,gemv,out_proj,8,2,114.68800157308578,428072960,428081152,8192,8192,vram,2026-04-15T13:53:23Z,baseline_nvml_pt,nvidia-smi,ok,0.0,109.0,1695.0,7601.0,66.69,0.2836480140686035,408.375,408.375,0.1328125,True,,61.11,68.975,58.28000000000001,estimated,,decode-facebook-opt-6-7b-seq-1024-block-1024-mode-vram-sm-8,success,,,/mnt/data/dheeraj/dicertation/inference-profile/runs/revised-rerun-20260415-145100-g7-opt67b-c512-1024/raw/points/decode/decode-facebook-opt-6-7b-seq-1024-block-1024-mode-vram-sm-8.csv
facebook/opt-6.7b,1024,1024,gemv,fc1,8,2,277.50399708747864,428072960,428105728,32768,32768,vram,2026-04-15T13:53:23Z,baseline_nvml_pt,nvidia-smi,ok,0.0,109.0,1695.0,7601.0,66.69,0.2836480140686035,408.375,408.375,0.1328125,True,,61.11,68.975,58.28000000000001,estimated,,decode-facebook-opt-6-7b-seq-1024-block-1024-mode-vram-sm-8,success,,,/mnt/data/dheeraj/dicertation/inference-profile/runs/revised-rerun-20260415-145100-g7-opt67b-c512-1024/raw/points/decode/decode-facebook-opt-6-7b-seq-1024-block-1024-mode-vram-sm-8.csv
facebook/opt-6.7b,1024,1024,gemv,fc2,8,2,252.8960108757019,428072960,428081152,8192,8192,vram,2026-04-15T13:53:23Z,baseline_nvml_pt,nvidia-smi,ok,0.0,109.0,1695.0,7601.0,66.69,0.2836480140686035,408.375,408.375,0.1328125,True,,61.11,68.975,58.28000000000001,estimated,,decode-facebook-opt-6-7b-seq-1024-block-1024-mode-vram-sm-8,success,,,/mnt/data/dheeraj/dicertation/inference-profile/runs/revised-rerun-20260415-145100-g7-opt67b-c512-1024/raw/points/decode/decode-facebook-opt-6-7b-seq-1024-block-1024-mode-vram-sm-8.csv
facebook/opt-6.7b,1024,1024,attention_fetch_compute,,8,2,138.2399946451187,428072960,428212224,139264,139264,vram,2026-04-15T13:53:23Z,baseline_nvml_pt,nvidia-smi,ok,0.0,109.0,1695.0,7601.0,66.69,0.2836480140686035,408.375,408.375,0.1328125,True,,61.11,68.975,58.28000000000001,estimated,,decode-facebook-opt-6-7b-seq-1024-block-1024-mode-vram-sm-8,success,,,/mnt/data/dheeraj/dicertation/inference-profile/runs/revised-rerun-20260415-145100-g7-opt67b-c512-1024/raw/points/decode/decode-facebook-opt-6-7b-seq-1024-block-1024-mode-vram-sm-8.csv
facebook/opt-6.7b,1024,1024,reduction_overhead,,8,2,21.503999829292297,428212224,428212224,0,8192,vram,2026-04-15T13:53:23Z,baseline_nvml_pt,nvidia-smi,ok,0.0,109.0,1695.0,7601.0,66.69,0.2836480140686035,408.375,408.375,0.1328125,True,,61.11,68.975,58.28000000000001,estimated,,decode-facebook-opt-6-7b-seq-1024-block-1024-mode-vram-sm-8,success,,,/mnt/data/dheeraj/dicertation/inference-profile/runs/revised-rerun-20260415-145100-g7-opt67b-c512-1024/raw/points/decode/decode-facebook-opt-6-7b-seq-1024-block-1024-mode-vram-sm-8.csv
facebook/opt-6.7b,1024,1024,gemv,q_proj,8,3,120.57600170373917,428072960,428081152,8192,8192,vram,2026-04-15T13:53:23Z,baseline_nvml_pt,nvidia-smi,ok,0.0,109.0,1695.0,7601.0,66.69,0.2836480140686035,408.375,408.375,0.1328125,True,,61.11,68.975,58.28000000000001,estimated,,decode-facebook-opt-6-7b-seq-1024-block-1024-mode-vram-sm-8,success,,,/mnt/data/dheeraj/dicertation/inference-profile/runs/revised-rerun-20260415-145100-g7-opt67b-c512-1024/raw/points/decode/decode-facebook-opt-6-7b-seq-1024-block-1024-mode-vram-sm-8.csv
facebook/opt-6.7b,1024,1024,gemv,k_proj,8,3,115.90400338172913,428072960,428081152,8192,8192,vram,2026-04-15T13:53:23Z,baseline_nvml_pt,nvidia-smi,ok,0.0,109.0,1695.0,7601.0,66.69,0.2836480140686035,408.375,408.375,0.1328125,True,,61.11,68.975,58.28000000000001,estimated,,decode-facebook-opt-6-7b-seq-1024-block-1024-mode-vram-sm-8,success,,,/mnt/data/dheeraj/dicertation/inference-profile/runs/revised-rerun-20260415-145100-g7-opt67b-c512-1024/raw/points/decode/decode-facebook-opt-6-7b-seq-1024-block-1024-mode-vram-sm-8.csv
facebook/opt-6.7b,1024,1024,gemv,v_proj,8,3,119.58400160074234,428072960,428081152,8192,8192,vram,2026-04-15T13:53:23Z,baseline_nvml_pt,nvidia-smi,ok,0.0,109.0,1695.0,7601.0,66.69,0.2836480140686035,408.375,408.375,0.1328125,True,,61.11,68.975,58.28000000000001,estimated,,decode-facebook-opt-6-7b-seq-1024-block-1024-mode-vram-sm-8,success,,,/mnt/data/dheeraj/dicertation/inference-profile/runs/revised-rerun-20260415-145100-g7-opt67b-c512-1024/raw/points/decode/decode-facebook-opt-6-7b-seq-1024-block-1024-mode-vram-sm-8.csv
facebook/opt-6.7b,1024,1024,gemv,out_proj,8,3,113.66400122642517,428072960,428081152,8192,8192,vram,2026-04-15T13:53:23Z,baseline_nvml_pt,nvidia-smi,ok,0.0,109.0,1695.0,7601.0,66.69,0.2836480140686035,408.375,408.375,0.1328125,True,,61.11,68.975,58.28000000000001,estimated,,decode-facebook-opt-6-7b-seq-1024-block-1024-mode-vram-sm-8,success,,,/mnt/data/dheeraj/dicertation/inference-profile/runs/revised-rerun-20260415-145100-g7-opt67b-c512-1024/raw/points/decode/decode-facebook-opt-6-7b-seq-1024-block-1024-mode-vram-sm-8.csv
facebook/opt-6.7b,1024,1024,gemv,fc1,8,3,262.9759907722473,428072960,428105728,32768,32768,vram,2026-04-15T13:53:23Z,baseline_nvml_pt,nvidia-smi,ok,0.0,109.0,1695.0,7601.0,66.69,0.2836480140686035,408.375,408.375,0.1328125,True,,61.11,68.975,58.28000000000001,estimated,,decode-facebook-opt-6-7b-seq-1024-block-1024-mode-vram-sm-8,success,,,/mnt/data/dheeraj/dicertation/inference-profile/runs/revised-rerun-20260415-145100-g7-opt67b-c512-1024/raw/points/decode/decode-facebook-opt-6-7b-seq-1024-block-1024-mode-vram-sm-8.csv
facebook/opt-6.7b,1024,1024,gemv,fc2,8,3,251.90401077270508,428072960,428081152,8192,8192,vram,2026-04-15T13:53:23Z,baseline_nvml_pt,nvidia-smi,ok,0.0,109.0,1695.0,7601.0,66.69,0.2836480140686035,408.375,408.375,0.1328125,True,,61.11,68.975,58.28000000000001,estimated,,decode-facebook-opt-6-7b-seq-1024-block-1024-mode-vram-sm-8,success,,,/mnt/data/dheeraj/dicertation/inference-profile/runs/revised-rerun-20260415-145100-g7-opt67b-c512-1024/raw/points/decode/decode-facebook-opt-6-7b-seq-1024-block-1024-mode-vram-sm-8.csv
facebook/opt-6.7b,1024,1024,attention_fetch_compute,,8,3,142.36800372600555,428072960,428212224,139264,139264,vram,2026-04-15T13:53:23Z,baseline_nvml_pt,nvidia-smi,ok,0.0,109.0,1695.0,7601.0,66.69,0.2836480140686035,408.375,408.375,0.1328125,True,,61.11,68.975,58.28000000000001,estimated,,decode-facebook-opt-6-7b-seq-1024-block-1024-mode-vram-sm-8,success,,,/mnt/data/dheeraj/dicertation/inference-profile/runs/revised-rerun-20260415-145100-g7-opt67b-c512-1024/raw/points/decode/decode-facebook-opt-6-7b-seq-1024-block-1024-mode-vram-sm-8.csv
facebook/opt-6.7b,1024,1024,reduction_overhead,,8,3,19.648000597953796,428212224,428212224,0,8192,vram,2026-04-15T13:53:23Z,baseline_nvml_pt,nvidia-smi,ok,0.0,109.0,1695.0,7601.0,66.69,0.2836480140686035,408.375,408.375,0.1328125,True,,61.11,68.975,58.28000000000001,estimated,,decode-facebook-opt-6-7b-seq-1024-block-1024-mode-vram-sm-8,success,,,/mnt/data/dheeraj/dicertation/inference-profile/runs/revised-rerun-20260415-145100-g7-opt67b-c512-1024/raw/points/decode/decode-facebook-opt-6-7b-seq-1024-block-1024-mode-vram-sm-8.csv
facebook/opt-6.7b,1024,1024,gemv,q_proj,8,4,119.52000111341476,428072960,428081152,8192,8192,vram,2026-04-15T13:53:23Z,baseline_nvml_pt,nvidia-smi,ok,0.0,109.0,1695.0,7601.0,66.69,0.2836480140686035,408.375,408.375,0.1328125,True,,61.11,68.975,58.28000000000001,estimated,,decode-facebook-opt-6-7b-seq-1024-block-1024-mode-vram-sm-8,success,,,/mnt/data/dheeraj/dicertation/inference-profile/runs/revised-rerun-20260415-145100-g7-opt67b-c512-1024/raw/points/decode/decode-facebook-opt-6-7b-seq-1024-block-1024-mode-vram-sm-8.csv
facebook/opt-6.7b,1024,1024,gemv,k_proj,8,4,116.48000031709671,428072960,428081152,8192,8192,vram,2026-04-15T13:53:23Z,baseline_nvml_pt,nvidia-smi,ok,0.0,109.0,1695.0,7601.0,66.69,0.2836480140686035,408.375,408.375,0.1328125,True,,61.11,68.975,58.28000000000001,estimated,,decode-facebook-opt-6-7b-seq-1024-block-1024-mode-vram-sm-8,success,,,/mnt/data/dheeraj/dicertation/inference-profile/runs/revised-rerun-20260415-145100-g7-opt67b-c512-1024/raw/points/decode/decode-facebook-opt-6-7b-seq-1024-block-1024-mode-vram-sm-8.csv
facebook/opt-6.7b,1024,1024,gemv,v_proj,8,4,113.66400122642517,428072960,428081152,8192,8192,vram,2026-04-15T13:53:23Z,baseline_nvml_pt,nvidia-smi,ok,0.0,109.0,1695.0,7601.0,66.69,0.2836480140686035,408.375,408.375,0.1328125,True,,61.11,68.975,58.28000000000001,estimated,,decode-facebook-opt-6-7b-seq-1024-block-1024-mode-vram-sm-8,success,,,/mnt/data/dheeraj/dicertation/inference-profile/runs/revised-rerun-20260415-145100-g7-opt67b-c512-1024/raw/points/decode/decode-facebook-opt-6-7b-seq-1024-block-1024-mode-vram-sm-8.csv
facebook/opt-6.7b,1024,1024,gemv,out_proj,8,4,119.64800208806992,428072960,428081152,8192,8192,vram,2026-04-15T13:53:23Z,baseline_nvml_pt,nvidia-smi,ok,0.0,109.0,1695.0,7601.0,66.69,0.2836480140686035,408.375,408.375,0.1328125,True,,61.11,68.975,58.28000000000001,estimated,,decode-facebook-opt-6-7b-seq-1024-block-1024-mode-vram-sm-8,success,,,/mnt/data/dheeraj/dicertation/inference-profile/runs/revised-rerun-20260415-145100-g7-opt67b-c512-1024/raw/points/decode/decode-facebook-opt-6-7b-seq-1024-block-1024-mode-vram-sm-8.csv
facebook/opt-6.7b,1024,1024,gemv,fc1,8,4,272.38398790359497,428072960,428105728,32768,32768,vram,2026-04-15T13:53:23Z,baseline_nvml_pt,nvidia-smi,ok,0.0,109.0,1695.0,7601.0,66.69,0.2836480140686035,408.375,408.375,0.1328125,True,,61.11,68.975,58.28000000000001,estimated,,decode-facebook-opt-6-7b-seq-1024-block-1024-mode-vram-sm-8,success,,,/mnt/data/dheeraj/dicertation/inference-profile/runs/revised-rerun-20260415-145100-g7-opt67b-c512-1024/raw/points/decode/decode-facebook-opt-6-7b-seq-1024-block-1024-mode-vram-sm-8.csv
facebook/opt-6.7b,1024,1024,gemv,fc2,8,4,250.88000297546387,428072960,428081152,8192,8192,vram,2026-04-15T13:53:23Z,baseline_nvml_pt,nvidia-smi,ok,0.0,109.0,1695.0,7601.0,66.69,0.2836480140686035,408.375,408.375,0.1328125,True,,61.11,68.975,58.28000000000001,estimated,,decode-facebook-opt-6-7b-seq-1024-block-1024-mode-vram-sm-8,success,,,/mnt/data/dheeraj/dicertation/inference-profile/runs/revised-rerun-20260415-145100-g7-opt67b-c512-1024/raw/points/decode/decode-facebook-opt-6-7b-seq-1024-block-1024-mode-vram-sm-8.csv
facebook/opt-6.7b,1024,1024,attention_fetch_compute,,8,4,158.59200060367584,428072960,428212224,139264,139264,vram,2026-04-15T13:53:23Z,baseline_nvml_pt,nvidia-smi,ok,0.0,109.0,1695.0,7601.0,66.69,0.2836480140686035,408.375,408.375,0.1328125,True,,61.11,68.975,58.28000000000001,estimated,,decode-facebook-opt-6-7b-seq-1024-block-1024-mode-vram-sm-8,success,,,/mnt/data/dheeraj/dicertation/inference-profile/runs/revised-rerun-20260415-145100-g7-opt67b-c512-1024/raw/points/decode/decode-facebook-opt-6-7b-seq-1024-block-1024-mode-vram-sm-8.csv
facebook/opt-6.7b,1024,1024,reduction_overhead,,8,4,20.479999482631683,428212224,428212224,0,8192,vram,2026-04-15T13:53:23Z,baseline_nvml_pt,nvidia-smi,ok,0.0,109.0,1695.0,7601.0,66.69,0.2836480140686035,408.375,408.375,0.1328125,True,,61.11,68.975,58.28000000000001,estimated,,decode-facebook-opt-6-7b-seq-1024-block-1024-mode-vram-sm-8,success,,,/mnt/data/dheeraj/dicertation/inference-profile/runs/revised-rerun-20260415-145100-g7-opt67b-c512-1024/raw/points/decode/decode-facebook-opt-6-7b-seq-1024-block-1024-mode-vram-sm-8.csv
facebook/opt-6.7b,1024,1024,gemv,q_proj,8,0,132.09599256515503,428072960,428081152,8192,8192,pcie_async,2026-04-15T13:53:30Z,baseline_nvml_pt,nvidia-smi,ok,17.0,109.0,1695.0,7601.0,66.69,3.2276480197906494,408.375,408.375,0.1328125,True,,58.19500000000001,73.94999999999999,56.64,estimated,,decode-facebook-opt-6-7b-seq-1024-block-1024-mode-pcie_async-sm-8,success,,,/mnt/data/dheeraj/dicertation/inference-profile/runs/revised-rerun-20260415-145100-g7-opt67b-c512-1024/raw/points/decode/decode-facebook-opt-6-7b-seq-1024-block-1024-mode-pcie_async-sm-8.csv
facebook/opt-6.7b,1024,1024,gemv,k_proj,8,0,125.95200538635254,428072960,428081152,8192,8192,pcie_async,2026-04-15T13:53:30Z,baseline_nvml_pt,nvidia-smi,ok,17.0,109.0,1695.0,7601.0,66.69,3.2276480197906494,408.375,408.375,0.1328125,True,,58.19500000000001,73.94999999999999,56.64,estimated,,decode-facebook-opt-6-7b-seq-1024-block-1024-mode-pcie_async-sm-8,success,,,/mnt/data/dheeraj/dicertation/inference-profile/runs/revised-rerun-20260415-145100-g7-opt67b-c512-1024/raw/points/decode/decode-facebook-opt-6-7b-seq-1024-block-1024-mode-pcie_async-sm-8.csv
facebook/opt-6.7b,1024,1024,gemv,v_proj,8,0,117.50400066375732,428072960,428081152,8192,8192,pcie_async,2026-04-15T13:53:30Z,baseline_nvml_pt,nvidia-smi,ok,17.0,109.0,1695.0,7601.0,66.69,3.2276480197906494,408.375,408.375,0.1328125,True,,58.19500000000001,73.94999999999999,56.64,estimated,,decode-facebook-opt-6-7b-seq-1024-block-1024-mode-pcie_async-sm-8,success,,,/mnt/data/dheeraj/dicertation/inference-profile/runs/revised-rerun-20260415-145100-g7-opt67b-c512-1024/raw/points/decode/decode-facebook-opt-6-7b-seq-1024-block-1024-mode-pcie_async-sm-8.csv
facebook/opt-6.7b,1024,1024,gemv,out_proj,8,0,115.52000045776367,428072960,428081152,8192,8192,pcie_async,2026-04-15T13:53:30Z,baseline_nvml_pt,nvidia-smi,ok,17.0,109.0,1695.0,7601.0,66.69,3.2276480197906494,408.375,408.375,0.1328125,True,,58.19500000000001,73.94999999999999,56.64,estimated,,decode-facebook-opt-6-7b-seq-1024-block-1024-mode-pcie_async-sm-8,success,,,/mnt/data/dheeraj/dicertation/inference-profile/runs/revised-rerun-20260415-145100-g7-opt67b-c512-1024/raw/points/decode/decode-facebook-opt-6-7b-seq-1024-block-1024-mode-pcie_async-sm-8.csv
facebook/opt-6.7b,1024,1024,gemv,fc1,8,0,268.12800765037537,428072960,428105728,32768,32768,pcie_async,2026-04-15T13:53:30Z,baseline_nvml_pt,nvidia-smi,ok,17.0,109.0,1695.0,7601.0,66.69,3.2276480197906494,408.375,408.375,0.1328125,True,,58.19500000000001,73.94999999999999,56.64,estimated,,decode-facebook-opt-6-7b-seq-1024-block-1024-mode-pcie_async-sm-8,success,,,/mnt/data/dheeraj/dicertation/inference-profile/runs/revised-rerun-20260415-145100-g7-opt67b-c512-1024/raw/points/decode/decode-facebook-opt-6-7b-seq-1024-block-1024-mode-pcie_async-sm-8.csv
facebook/opt-6.7b,1024,1024,gemv,fc2,8,0,251.90401077270508,428072960,428081152,8192,8192,pcie_async,2026-04-15T13:53:30Z,baseline_nvml_pt,nvidia-smi,ok,17.0,109.0,1695.0,7601.0,66.69,3.2276480197906494,408.375,408.375,0.1328125,True,,58.19500000000001,73.94999999999999,56.64,estimated,,decode-facebook-opt-6-7b-seq-1024-block-1024-mode-pcie_async-sm-8,success,,,/mnt/data/dheeraj/dicertation/inference-profile/runs/revised-rerun-20260415-145100-g7-opt67b-c512-1024/raw/points/decode/decode-facebook-opt-6-7b-seq-1024-block-1024-mode-pcie_async-sm-8.csv
facebook/opt-6.7b,1024,1024,attention_fetch_compute,,8,0,132.9279989004135,428072960,428212224,139264,139264,pcie_async,2026-04-15T13:53:30Z,baseline_nvml_pt,nvidia-smi,ok,17.0,109.0,1695.0,7601.0,66.69,3.2276480197906494,408.375,408.375,0.1328125,True,,58.19500000000001,73.94999999999999,56.64,estimated,,decode-facebook-opt-6-7b-seq-1024-block-1024-mode-pcie_async-sm-8,success,,,/mnt/data/dheeraj/dicertation/inference-profile/runs/revised-rerun-20260415-145100-g7-opt67b-c512-1024/raw/points/decode/decode-facebook-opt-6-7b-seq-1024-block-1024-mode-pcie_async-sm-8.csv
facebook/opt-6.7b,1024,1024,reduction_overhead,,8,0,21.503999829292297,428212224,428212224,0,8192,pcie_async,2026-04-15T13:53:30Z,baseline_nvml_pt,nvidia-smi,ok,17.0,109.0,1695.0,7601.0,66.69,3.2276480197906494,408.375,408.375,0.1328125,True,,58.19500000000001,73.94999999999999,56.64,estimated,,decode-facebook-opt-6-7b-seq-1024-block-1024-mode-pcie_async-sm-8,success,,,/mnt/data/dheeraj/dicertation/inference-profile/runs/revised-rerun-20260415-145100-g7-opt67b-c512-1024/raw/points/decode/decode-facebook-opt-6-7b-seq-1024-block-1024-mode-pcie_async-sm-8.csv
facebook/opt-6.7b,1024,1024,gemv,q_proj,8,1,123.90399724245071,428072960,428081152,8192,8192,pcie_async,2026-04-15T13:53:30Z,baseline_nvml_pt,nvidia-smi,ok,17.0,109.0,1695.0,7601.0,66.69,3.2276480197906494,408.375,408.375,0.1328125,True,,58.19500000000001,73.94999999999999,56.64,estimated,,decode-facebook-opt-6-7b-seq-1024-block-1024-mode-pcie_async-sm-8,success,,,/mnt/data/dheeraj/dicertation/inference-profile/runs/revised-rerun-20260415-145100-g7-opt67b-c512-1024/raw/points/decode/decode-facebook-opt-6-7b-seq-1024-block-1024-mode-pcie_async-sm-8.csv
facebook/opt-6.7b,1024,1024,gemv,k_proj,8,1,113.66400122642517,428072960,428081152,8192,8192,pcie_async,2026-04-15T13:53:30Z,baseline_nvml_pt,nvidia-smi,ok,17.0,109.0,1695.0,7601.0,66.69,3.2276480197906494,408.375,408.375,0.1328125,True,,58.19500000000001,73.94999999999999,56.64,estimated,,decode-facebook-opt-6-7b-seq-1024-block-1024-mode-pcie_async-sm-8,success,,,/mnt/data/dheeraj/dicertation/inference-profile/runs/revised-rerun-20260415-145100-g7-opt67b-c512-1024/raw/points/decode/decode-facebook-opt-6-7b-seq-1024-block-1024-mode-pcie_async-sm-8.csv
facebook/opt-6.7b,1024,1024,gemv,v_proj,8,1,111.61600053310394,428072960,428081152,8192,8192,pcie_async,2026-04-15T13:53:30Z,baseline_nvml_pt,nvidia-smi,ok,17.0,109.0,1695.0,7601.0,66.69,3.2276480197906494,408.375,408.375,0.1328125,True,,58.19500000000001,73.94999999999999,56.64,estimated,,decode-facebook-opt-6-7b-seq-1024-block-1024-mode-pcie_async-sm-8,success,,,/mnt/data/dheeraj/dicertation/inference-profile/runs/revised-rerun-20260415-145100-g7-opt67b-c512-1024/raw/points/decode/decode-facebook-opt-6-7b-seq-1024-block-1024-mode-pcie_async-sm-8.csv
facebook/opt-6.7b,1024,1024,gemv,out_proj,8,1,113.66400122642517,428072960,428081152,8192,8192,pcie_async,2026-04-15T13:53:30Z,baseline_nvml_pt,nvidia-smi,ok,17.0,109.0,1695.0,7601.0,66.69,3.2276480197906494,408.375,408.375,0.1328125,True,,58.19500000000001,73.94999999999999,56.64,estimated,,decode-facebook-opt-6-7b-seq-1024-block-1024-mode-pcie_async-sm-8,success,,,/mnt/data/dheeraj/dicertation/inference-profile/runs/revised-rerun-20260415-145100-g7-opt67b-c512-1024/raw/points/decode/decode-facebook-opt-6-7b-seq-1024-block-1024-mode-pcie_async-sm-8.csv
facebook/opt-6.7b,1024,1024,gemv,fc1,8,1,260.09601354599,428072960,428105728,32768,32768,pcie_async,2026-04-15T13:53:30Z,baseline_nvml_pt,nvidia-smi,ok,17.0,109.0,1695.0,7601.0,66.69,3.2276480197906494,408.375,408.375,0.1328125,True,,58.19500000000001,73.94999999999999,56.64,estimated,,decode-facebook-opt-6-7b-seq-1024-block-1024-mode-pcie_async-sm-8,success,,,/mnt/data/dheeraj/dicertation/inference-profile/runs/revised-rerun-20260415-145100-g7-opt67b-c512-1024/raw/points/decode/decode-facebook-opt-6-7b-seq-1024-block-1024-mode-pcie_async-sm-8.csv
facebook/opt-6.7b,1024,1024,gemv,fc2,8,1,3227.6480197906494,428072960,428081152,8192,8192,pcie_async,2026-04-15T13:53:30Z,baseline_nvml_pt,nvidia-smi,ok,17.0,109.0,1695.0,7601.0,66.69,3.2276480197906494,408.375,408.375,0.1328125,True,,58.19500000000001,73.94999999999999,56.64,estimated,,decode-facebook-opt-6-7b-seq-1024-block-1024-mode-pcie_async-sm-8,success,,,/mnt/data/dheeraj/dicertation/inference-profile/runs/revised-rerun-20260415-145100-g7-opt67b-c512-1024/raw/points/decode/decode-facebook-opt-6-7b-seq-1024-block-1024-mode-pcie_async-sm-8.csv
facebook/opt-6.7b,1024,1024,attention_fetch_compute,,8,1,129.92000579833984,428072960,428212224,139264,139264,pcie_async,2026-04-15T13:53:30Z,baseline_nvml_pt,nvidia-smi,ok,17.0,109.0,1695.0,7601.0,66.69,3.2276480197906494,408.375,408.375,0.1328125,True,,58.19500000000001,73.94999999999999,56.64,estimated,,decode-facebook-opt-6-7b-seq-1024-block-1024-mode-pcie_async-sm-8,success,,,/mnt/data/dheeraj/dicertation/inference-profile/runs/revised-rerun-20260415-145100-g7-opt67b-c512-1024/raw/points/decode/decode-facebook-opt-6-7b-seq-1024-block-1024-mode-pcie_async-sm-8.csv
facebook/opt-6.7b,1024,1024,reduction_overhead,,8,1,24.383999407291412,428212224,428212224,0,8192,pcie_async,2026-04-15T13:53:30Z,baseline_nvml_pt,nvidia-smi,ok,17.0,109.0,1695.0,7601.0,66.69,3.2276480197906494,408.375,408.375,0.1328125,True,,58.19500000000001,73.94999999999999,56.64,estimated,,decode-facebook-opt-6-7b-seq-1024-block-1024-mode-pcie_async-sm-8,success,,,/mnt/data/dheeraj/dicertation/inference-profile/runs/revised-rerun-20260415-145100-g7-opt67b-c512-1024/raw/points/decode/decode-facebook-opt-6-7b-seq-1024-block-1024-mode-pcie_async-sm-8.csv
facebook/opt-6.7b,1024,1024,gemv,q_proj,8,2,121.63200229406357,428072960,428081152,8192,8192,pcie_async,2026-04-15T13:53:30Z,baseline_nvml_pt,nvidia-smi,ok,17.0,109.0,1695.0,7601.0,66.69,3.2276480197906494,408.375,408.375,0.1328125,True,,58.19500000000001,73.94999999999999,56.64,estimated,,decode-facebook-opt-6-7b-seq-1024-block-1024-mode-pcie_async-sm-8,success,,,/mnt/data/dheeraj/dicertation/inference-profile/runs/revised-rerun-20260415-145100-g7-opt67b-c512-1024/raw/points/decode/decode-facebook-opt-6-7b-seq-1024-block-1024-mode-pcie_async-sm-8.csv
facebook/opt-6.7b,1024,1024,gemv,k_proj,8,2,110.59200018644333,428072960,428081152,8192,8192,pcie_async,2026-04-15T13:53:30Z,baseline_nvml_pt,nvidia-smi,ok,17.0,109.0,1695.0,7601.0,66.69,3.2276480197906494,408.375,408.375,0.1328125,True,,58.19500000000001,73.94999999999999,56.64,estimated,,decode-facebook-opt-6-7b-seq-1024-block-1024-mode-pcie_async-sm-8,success,,,/mnt/data/dheeraj/dicertation/inference-profile/runs/revised-rerun-20260415-145100-g7-opt67b-c512-1024/raw/points/decode/decode-facebook-opt-6-7b-seq-1024-block-1024-mode-pcie_async-sm-8.csv
facebook/opt-6.7b,1024,1024,gemv,v_proj,8,2,116.70400202274323,428072960,428081152,8192,8192,pcie_async,2026-04-15T13:53:30Z,baseline_nvml_pt,nvidia-smi,ok,17.0,109.0,1695.0,7601.0,66.69,3.2276480197906494,408.375,408.375,0.1328125,True,,58.19500000000001,73.94999999999999,56.64,estimated,,decode-facebook-opt-6-7b-seq-1024-block-1024-mode-pcie_async-sm-8,success,,,/mnt/data/dheeraj/dicertation/inference-profile/runs/revised-rerun-20260415-145100-g7-opt67b-c512-1024/raw/points/decode/decode-facebook-opt-6-7b-seq-1024-block-1024-mode-pcie_async-sm-8.csv
facebook/opt-6.7b,1024,1024,gemv,out_proj,8,2,113.66400122642517,428072960,428081152,8192,8192,pcie_async,2026-04-15T13:53:30Z,baseline_nvml_pt,nvidia-smi,ok,17.0,109.0,1695.0,7601.0,66.69,3.2276480197906494,408.375,408.375,0.1328125,True,,58.19500000000001,73.94999999999999,56.64,estimated,,decode-facebook-opt-6-7b-seq-1024-block-1024-mode-pcie_async-sm-8,success,,,/mnt/data/dheeraj/dicertation/inference-profile/runs/revised-rerun-20260415-145100-g7-opt67b-c512-1024/raw/points/decode/decode-facebook-opt-6-7b-seq-1024-block-1024-mode-pcie_async-sm-8.csv
facebook/opt-6.7b,1024,1024,gemv,fc1,8,2,291.83998703956604,428072960,428105728,32768,32768,pcie_async,2026-04-15T13:53:30Z,baseline_nvml_pt,nvidia-smi,ok,17.0,109.0,1695.0,7601.0,66.69,3.2276480197906494,408.375,408.375,0.1328125,True,,58.19500000000001,73.94999999999999,56.64,estimated,,decode-facebook-opt-6-7b-seq-1024-block-1024-mode-pcie_async-sm-8,success,,,/mnt/data/dheeraj/dicertation/inference-profile/runs/revised-rerun-20260415-145100-g7-opt67b-c512-1024/raw/points/decode/decode-facebook-opt-6-7b-seq-1024-block-1024-mode-pcie_async-sm-8.csv
facebook/opt-6.7b,1024,1024,gemv,fc2,8,2,253.9519965648651,428072960,428081152,8192,8192,pcie_async,2026-04-15T13:53:30Z,baseline_nvml_pt,nvidia-smi,ok,17.0,109.0,1695.0,7601.0,66.69,3.2276480197906494,408.375,408.375,0.1328125,True,,58.19500000000001,73.94999999999999,56.64,estimated,,decode-facebook-opt-6-7b-seq-1024-block-1024-mode-pcie_async-sm-8,success,,,/mnt/data/dheeraj/dicertation/inference-profile/runs/revised-rerun-20260415-145100-g7-opt67b-c512-1024/raw/points/decode/decode-facebook-opt-6-7b-seq-1024-block-1024-mode-pcie_async-sm-8.csv
facebook/opt-6.7b,1024,1024,attention_fetch_compute,,8,2,131.9359987974167,428072960,428212224,139264,139264,pcie_async,2026-04-15T13:53:30Z,baseline_nvml_pt,nvidia-smi,ok,17.0,109.0,1695.0,7601.0,66.69,3.2276480197906494,408.375,408.375,0.1328125,True,,58.19500000000001,73.94999999999999,56.64,estimated,,decode-facebook-opt-6-7b-seq-1024-block-1024-mode-pcie_async-sm-8,success,,,/mnt/data/dheeraj/dicertation/inference-profile/runs/revised-rerun-20260415-145100-g7-opt67b-c512-1024/raw/points/decode/decode-facebook-opt-6-7b-seq-1024-block-1024-mode-pcie_async-sm-8.csv
facebook/opt-6.7b,1024,1024,reduction_overhead,,8,2,21.503999829292297,428212224,428212224,0,8192,pcie_async,2026-04-15T13:53:30Z,baseline_nvml_pt,nvidia-smi,ok,17.0,109.0,1695.0,7601.0,66.69,3.2276480197906494,408.375,408.375,0.1328125,True,,58.19500000000001,73.94999999999999,56.64,estimated,,decode-facebook-opt-6-7b-seq-1024-block-1024-mode-pcie_async-sm-8,success,,,/mnt/data/dheeraj/dicertation/inference-profile/runs/revised-rerun-20260415-145100-g7-opt67b-c512-1024/raw/points/decode/decode-facebook-opt-6-7b-seq-1024-block-1024-mode-pcie_async-sm-8.csv
facebook/opt-6.7b,1024,1024,gemv,q_proj,8,3,118.78400295972824,428072960,428081152,8192,8192,pcie_async,2026-04-15T13:53:30Z,baseline_nvml_pt,nvidia-smi,ok,17.0,109.0,1695.0,7601.0,66.69,3.2276480197906494,408.375,408.375,0.1328125,True,,58.19500000000001,73.94999999999999,56.64,estimated,,decode-facebook-opt-6-7b-seq-1024-block-1024-mode-pcie_async-sm-8,success,,,/mnt/data/dheeraj/dicertation/inference-profile/runs/revised-rerun-20260415-145100-g7-opt67b-c512-1024/raw/points/decode/decode-facebook-opt-6-7b-seq-1024-block-1024-mode-pcie_async-sm-8.csv
facebook/opt-6.7b,1024,1024,gemv,k_proj,8,3,116.60800129175186,428072960,428081152,8192,8192,pcie_async,2026-04-15T13:53:30Z,baseline_nvml_pt,nvidia-smi,ok,17.0,109.0,1695.0,7601.0,66.69,3.2276480197906494,408.375,408.375,0.1328125,True,,58.19500000000001,73.94999999999999,56.64,estimated,,decode-facebook-opt-6-7b-seq-1024-block-1024-mode-pcie_async-sm-8,success,,,/mnt/data/dheeraj/dicertation/inference-profile/runs/revised-rerun-20260415-145100-g7-opt67b-c512-1024/raw/points/decode/decode-facebook-opt-6-7b-seq-1024-block-1024-mode-pcie_async-sm-8.csv
facebook/opt-6.7b,1024,1024,gemv,v_proj,8,3,112.64000087976456,428072960,428081152,8192,8192,pcie_async,2026-04-15T13:53:30Z,baseline_nvml_pt,nvidia-smi,ok,17.0,109.0,1695.0,7601.0,66.69,3.2276480197906494,408.375,408.375,0.1328125,True,,58.19500000000001,73.94999999999999,56.64,estimated,,decode-facebook-opt-6-7b-seq-1024-block-1024-mode-pcie_async-sm-8,success,,,/mnt/data/dheeraj/dicertation/inference-profile/runs/revised-rerun-20260415-145100-g7-opt67b-c512-1024/raw/points/decode/decode-facebook-opt-6-7b-seq-1024-block-1024-mode-pcie_async-sm-8.csv
facebook/opt-6.7b,1024,1024,gemv,out_proj,8,3,110.59200018644333,428072960,428081152,8192,8192,pcie_async,2026-04-15T13:53:30Z,baseline_nvml_pt,nvidia-smi,ok,17.0,109.0,1695.0,7601.0,66.69,3.2276480197906494,408.375,408.375,0.1328125,True,,58.19500000000001,73.94999999999999,56.64,estimated,,decode-facebook-opt-6-7b-seq-1024-block-1024-mode-pcie_async-sm-8,success,,,/mnt/data/dheeraj/dicertation/inference-profile/runs/revised-rerun-20260415-145100-g7-opt67b-c512-1024/raw/points/decode/decode-facebook-opt-6-7b-seq-1024-block-1024-mode-pcie_async-sm-8.csv
facebook/opt-6.7b,1024,1024,gemv,fc1,8,3,260.0640058517456,428072960,428105728,32768,32768,pcie_async,2026-04-15T13:53:30Z,baseline_nvml_pt,nvidia-smi,ok,17.0,109.0,1695.0,7601.0,66.69,3.2276480197906494,408.375,408.375,0.1328125,True,,58.19500000000001,73.94999999999999,56.64,estimated,,decode-facebook-opt-6-7b-seq-1024-block-1024-mode-pcie_async-sm-8,success,,,/mnt/data/dheeraj/dicertation/inference-profile/runs/revised-rerun-20260415-145100-g7-opt67b-c512-1024/raw/points/decode/decode-facebook-opt-6-7b-seq-1024-block-1024-mode-pcie_async-sm-8.csv
facebook/opt-6.7b,1024,1024,gemv,fc2,8,3,247.8400021791458,428072960,428081152,8192,8192,pcie_async,2026-04-15T13:53:30Z,baseline_nvml_pt,nvidia-smi,ok,17.0,109.0,1695.0,7601.0,66.69,3.2276480197906494,408.375,408.375,0.1328125,True,,58.19500000000001,73.94999999999999,56.64,estimated,,decode-facebook-opt-6-7b-seq-1024-block-1024-mode-pcie_async-sm-8,success,,,/mnt/data/dheeraj/dicertation/inference-profile/runs/revised-rerun-20260415-145100-g7-opt67b-c512-1024/raw/points/decode/decode-facebook-opt-6-7b-seq-1024-block-1024-mode-pcie_async-sm-8.csv
facebook/opt-6.7b,1024,1024,attention_fetch_compute,,8,3,128.00000607967377,428072960,428212224,139264,139264,pcie_async,2026-04-15T13:53:30Z,baseline_nvml_pt,nvidia-smi,ok,17.0,109.0,1695.0,7601.0,66.69,3.2276480197906494,408.375,408.375,0.1328125,True,,58.19500000000001,73.94999999999999,56.64,estimated,,decode-facebook-opt-6-7b-seq-1024-block-1024-mode-pcie_async-sm-8,success,,,/mnt/data/dheeraj/dicertation/inference-profile/runs/revised-rerun-20260415-145100-g7-opt67b-c512-1024/raw/points/decode/decode-facebook-opt-6-7b-seq-1024-block-1024-mode-pcie_async-sm-8.csv
facebook/opt-6.7b,1024,1024,reduction_overhead,,8,3,20.479999482631683,428212224,428212224,0,8192,pcie_async,2026-04-15T13:53:30Z,baseline_nvml_pt,nvidia-smi,ok,17.0,109.0,1695.0,7601.0,66.69,3.2276480197906494,408.375,408.375,0.1328125,True,,58.19500000000001,73.94999999999999,56.64,estimated,,decode-facebook-opt-6-7b-seq-1024-block-1024-mode-pcie_async-sm-8,success,,,/mnt/data/dheeraj/dicertation/inference-profile/runs/revised-rerun-20260415-145100-g7-opt67b-c512-1024/raw/points/decode/decode-facebook-opt-6-7b-seq-1024-block-1024-mode-pcie_async-sm-8.csv
facebook/opt-6.7b,1024,1024,gemv,q_proj,8,4,114.68800157308578,428072960,428081152,8192,8192,pcie_async,2026-04-15T13:53:30Z,baseline_nvml_pt,nvidia-smi,ok,17.0,109.0,1695.0,7601.0,66.69,3.2276480197906494,408.375,408.375,0.1328125,True,,58.19500000000001,73.94999999999999,56.64,estimated,,decode-facebook-opt-6-7b-seq-1024-block-1024-mode-pcie_async-sm-8,success,,,/mnt/data/dheeraj/dicertation/inference-profile/runs/revised-rerun-20260415-145100-g7-opt67b-c512-1024/raw/points/decode/decode-facebook-opt-6-7b-seq-1024-block-1024-mode-pcie_async-sm-8.csv
facebook/opt-6.7b,1024,1024,gemv,k_proj,8,4,114.68800157308578,428072960,428081152,8192,8192,pcie_async,2026-04-15T13:53:30Z,baseline_nvml_pt,nvidia-smi,ok,17.0,109.0,1695.0,7601.0,66.69,3.2276480197906494,408.375,408.375,0.1328125,True,,58.19500000000001,73.94999999999999,56.64,estimated,,decode-facebook-opt-6-7b-seq-1024-block-1024-mode-pcie_async-sm-8,success,,,/mnt/data/dheeraj/dicertation/inference-profile/runs/revised-rerun-20260415-145100-g7-opt67b-c512-1024/raw/points/decode/decode-facebook-opt-6-7b-seq-1024-block-1024-mode-pcie_async-sm-8.csv
facebook/opt-6.7b,1024,1024,gemv,v_proj,8,4,111.61600053310394,428072960,428081152,8192,8192,pcie_async,2026-04-15T13:53:30Z,baseline_nvml_pt,nvidia-smi,ok,17.0,109.0,1695.0,7601.0,66.69,3.2276480197906494,408.375,408.375,0.1328125,True,,58.19500000000001,73.94999999999999,56.64,estimated,,decode-facebook-opt-6-7b-seq-1024-block-1024-mode-pcie_async-sm-8,success,,,/mnt/data/dheeraj/dicertation/inference-profile/runs/revised-rerun-20260415-145100-g7-opt67b-c512-1024/raw/points/decode/decode-facebook-opt-6-7b-seq-1024-block-1024-mode-pcie_async-sm-8.csv
facebook/opt-6.7b,1024,1024,gemv,out_proj,8,4,113.40799927711487,428072960,428081152,8192,8192,pcie_async,2026-04-15T13:53:30Z,baseline_nvml_pt,nvidia-smi,ok,17.0,109.0,1695.0,7601.0,66.69,3.2276480197906494,408.375,408.375,0.1328125,True,,58.19500000000001,73.94999999999999,56.64,estimated,,decode-facebook-opt-6-7b-seq-1024-block-1024-mode-pcie_async-sm-8,success,,,/mnt/data/dheeraj/dicertation/inference-profile/runs/revised-rerun-20260415-145100-g7-opt67b-c512-1024/raw/points/decode/decode-facebook-opt-6-7b-seq-1024-block-1024-mode-pcie_async-sm-8.csv
facebook/opt-6.7b,1024,1024,gemv,fc1,8,4,262.14399933815,428072960,428105728,32768,32768,pcie_async,2026-04-15T13:53:30Z,baseline_nvml_pt,nvidia-smi,ok,17.0,109.0,1695.0,7601.0,66.69,3.2276480197906494,408.375,408.375,0.1328125,True,,58.19500000000001,73.94999999999999,56.64,estimated,,decode-facebook-opt-6-7b-seq-1024-block-1024-mode-pcie_async-sm-8,success,,,/mnt/data/dheeraj/dicertation/inference-profile/runs/revised-rerun-20260415-145100-g7-opt67b-c512-1024/raw/points/decode/decode-facebook-opt-6-7b-seq-1024-block-1024-mode-pcie_async-sm-8.csv
facebook/opt-6.7b,1024,1024,gemv,fc2,8,4,247.80799448490143,428072960,428081152,8192,8192,pcie_async,2026-04-15T13:53:30Z,baseline_nvml_pt,nvidia-smi,ok,17.0,109.0,1695.0,7601.0,66.69,3.2276480197906494,408.375,408.375,0.1328125,True,,58.19500000000001,73.94999999999999,56.64,estimated,,decode-facebook-opt-6-7b-seq-1024-block-1024-mode-pcie_async-sm-8,success,,,/mnt/data/dheeraj/dicertation/inference-profile/runs/revised-rerun-20260415-145100-g7-opt67b-c512-1024/raw/points/decode/decode-facebook-opt-6-7b-seq-1024-block-1024-mode-pcie_async-sm-8.csv
facebook/opt-6.7b,1024,1024,attention_fetch_compute,,8,4,134.14399325847626,428072960,428212224,139264,139264,pcie_async,2026-04-15T13:53:30Z,baseline_nvml_pt,nvidia-smi,ok,17.0,109.0,1695.0,7601.0,66.69,3.2276480197906494,408.375,408.375,0.1328125,True,,58.19500000000001,73.94999999999999,56.64,estimated,,decode-facebook-opt-6-7b-seq-1024-block-1024-mode-pcie_async-sm-8,success,,,/mnt/data/dheeraj/dicertation/inference-profile/runs/revised-rerun-20260415-145100-g7-opt67b-c512-1024/raw/points/decode/decode-facebook-opt-6-7b-seq-1024-block-1024-mode-pcie_async-sm-8.csv
facebook/opt-6.7b,1024,1024,reduction_overhead,,8,4,21.60000056028366,428212224,428212224,0,8192,pcie_async,2026-04-15T13:53:30Z,baseline_nvml_pt,nvidia-smi,ok,17.0,109.0,1695.0,7601.0,66.69,3.2276480197906494,408.375,408.375,0.1328125,True,,58.19500000000001,73.94999999999999,56.64,estimated,,decode-facebook-opt-6-7b-seq-1024-block-1024-mode-pcie_async-sm-8,success,,,/mnt/data/dheeraj/dicertation/inference-profile/runs/revised-rerun-20260415-145100-g7-opt67b-c512-1024/raw/points/decode/decode-facebook-opt-6-7b-seq-1024-block-1024-mode-pcie_async-sm-8.csv
facebook/opt-6.7b,1024,1024,gemv,q_proj,16,0,156.73600137233734,428072960,428081152,8192,8192,vram,2026-04-15T13:53:36Z,baseline_nvml_pt,nvidia-smi,ok,0.0,109.0,1695.0,7601.0,66.96,0.27136000990867615,408.375,408.375,0.1328125,True,,65.96,66.75,63.92,estimated,,decode-facebook-opt-6-7b-seq-1024-block-1024-mode-vram-sm-16,success,,,/mnt/data/dheeraj/dicertation/inference-profile/runs/revised-rerun-20260415-145100-g7-opt67b-c512-1024/raw/points/decode/decode-facebook-opt-6-7b-seq-1024-block-1024-mode-vram-sm-16.csv
facebook/opt-6.7b,1024,1024,gemv,k_proj,16,0,132.09599256515503,428072960,428081152,8192,8192,vram,2026-04-15T13:53:36Z,baseline_nvml_pt,nvidia-smi,ok,0.0,109.0,1695.0,7601.0,66.96,0.27136000990867615,408.375,408.375,0.1328125,True,,65.96,66.75,63.92,estimated,,decode-facebook-opt-6-7b-seq-1024-block-1024-mode-vram-sm-16,success,,,/mnt/data/dheeraj/dicertation/inference-profile/runs/revised-rerun-20260415-145100-g7-opt67b-c512-1024/raw/points/decode/decode-facebook-opt-6-7b-seq-1024-block-1024-mode-vram-sm-16.csv
facebook/opt-6.7b,1024,1024,gemv,v_proj,16,0,116.86400324106216,428072960,428081152,8192,8192,vram,2026-04-15T13:53:36Z,baseline_nvml_pt,nvidia-smi,ok,0.0,109.0,1695.0,7601.0,66.96,0.27136000990867615,408.375,408.375,0.1328125,True,,65.96,66.75,63.92,estimated,,decode-facebook-opt-6-7b-seq-1024-block-1024-mode-vram-sm-16,success,,,/mnt/data/dheeraj/dicertation/inference-profile/runs/revised-rerun-20260415-145100-g7-opt67b-c512-1024/raw/points/decode/decode-facebook-opt-6-7b-seq-1024-block-1024-mode-vram-sm-16.csv
facebook/opt-6.7b,1024,1024,gemv,out_proj,16,0,116.73600226640701,428072960,428081152,8192,8192,vram,2026-04-15T13:53:36Z,baseline_nvml_pt,nvidia-smi,ok,0.0,109.0,1695.0,7601.0,66.96,0.27136000990867615,408.375,408.375,0.1328125,True,,65.96,66.75,63.92,estimated,,decode-facebook-opt-6-7b-seq-1024-block-1024-mode-vram-sm-16,success,,,/mnt/data/dheeraj/dicertation/inference-profile/runs/revised-rerun-20260415-145100-g7-opt67b-c512-1024/raw/points/decode/decode-facebook-opt-6-7b-seq-1024-block-1024-mode-vram-sm-16.csv
facebook/opt-6.7b,1024,1024,gemv,fc1,16,0,271.36000990867615,428072960,428105728,32768,32768,vram,2026-04-15T13:53:36Z,baseline_nvml_pt,nvidia-smi,ok,0.0,109.0,1695.0,7601.0,66.96,0.27136000990867615,408.375,408.375,0.1328125,True,,65.96,66.75,63.92,estimated,,decode-facebook-opt-6-7b-seq-1024-block-1024-mode-vram-sm-16,success,,,/mnt/data/dheeraj/dicertation/inference-profile/runs/revised-rerun-20260415-145100-g7-opt67b-c512-1024/raw/points/decode/decode-facebook-opt-6-7b-seq-1024-block-1024-mode-vram-sm-16.csv
facebook/opt-6.7b,1024,1024,gemv,fc2,16,0,251.90401077270508,428072960,428081152,8192,8192,vram,2026-04-15T13:53:36Z,baseline_nvml_pt,nvidia-smi,ok,0.0,109.0,1695.0,7601.0,66.96,0.27136000990867615,408.375,408.375,0.1328125,True,,65.96,66.75,63.92,estimated,,decode-facebook-opt-6-7b-seq-1024-block-1024-mode-vram-sm-16,success,,,/mnt/data/dheeraj/dicertation/inference-profile/runs/revised-rerun-20260415-145100-g7-opt67b-c512-1024/raw/points/decode/decode-facebook-opt-6-7b-seq-1024-block-1024-mode-vram-sm-16.csv
facebook/opt-6.7b,1024,1024,attention_fetch_compute,,16,0,133.98399949073792,428072960,428212224,139264,139264,vram,2026-04-15T13:53:36Z,baseline_nvml_pt,nvidia-smi,ok,0.0,109.0,1695.0,7601.0,66.96,0.27136000990867615,408.375,408.375,0.1328125,True,,65.96,66.75,63.92,estimated,,decode-facebook-opt-6-7b-seq-1024-block-1024-mode-vram-sm-16,success,,,/mnt/data/dheeraj/dicertation/inference-profile/runs/revised-rerun-20260415-145100-g7-opt67b-c512-1024/raw/points/decode/decode-facebook-opt-6-7b-seq-1024-block-1024-mode-vram-sm-16.csv
facebook/opt-6.7b,1024,1024,reduction_overhead,,16,0,21.503999829292297,428212224,428212224,0,8192,vram,2026-04-15T13:53:36Z,baseline_nvml_pt,nvidia-smi,ok,0.0,109.0,1695.0,7601.0,66.96,0.27136000990867615,408.375,408.375,0.1328125,True,,65.96,66.75,63.92,estimated,,decode-facebook-opt-6-7b-seq-1024-block-1024-mode-vram-sm-16,success,,,/mnt/data/dheeraj/dicertation/inference-profile/runs/revised-rerun-20260415-145100-g7-opt67b-c512-1024/raw/points/decode/decode-facebook-opt-6-7b-seq-1024-block-1024-mode-vram-sm-16.csv
facebook/opt-6.7b,1024,1024,gemv,q_proj,16,1,118.75200271606445,428072960,428081152,8192,8192,vram,2026-04-15T13:53:36Z,baseline_nvml_pt,nvidia-smi,ok,0.0,109.0,1695.0,7601.0,66.96,0.27136000990867615,408.375,408.375,0.1328125,True,,65.96,66.75,63.92,estimated,,decode-facebook-opt-6-7b-seq-1024-block-1024-mode-vram-sm-16,success,,,/mnt/data/dheeraj/dicertation/inference-profile/runs/revised-rerun-20260415-145100-g7-opt67b-c512-1024/raw/points/decode/decode-facebook-opt-6-7b-seq-1024-block-1024-mode-vram-sm-16.csv
facebook/opt-6.7b,1024,1024,gemv,k_proj,16,1,113.66400122642517,428072960,428081152,8192,8192,vram,2026-04-15T13:53:36Z,baseline_nvml_pt,nvidia-smi,ok,0.0,109.0,1695.0,7601.0,66.96,0.27136000990867615,408.375,408.375,0.1328125,True,,65.96,66.75,63.92,estimated,,decode-facebook-opt-6-7b-seq-1024-block-1024-mode-vram-sm-16,success,,,/mnt/data/dheeraj/dicertation/inference-profile/runs/revised-rerun-20260415-145100-g7-opt67b-c512-1024/raw/points/decode/decode-facebook-opt-6-7b-seq-1024-block-1024-mode-vram-sm-16.csv
facebook/opt-6.7b,1024,1024,gemv,v_proj,16,1,117.76000261306763,428072960,428081152,8192,8192,vram,2026-04-15T13:53:36Z,baseline_nvml_pt,nvidia-smi,ok,0.0,109.0,1695.0,7601.0,66.96,0.27136000990867615,408.375,408.375,0.1328125,True,,65.96,66.75,63.92,estimated,,decode-facebook-opt-6-7b-seq-1024-block-1024-mode-vram-sm-16,success,,,/mnt/data/dheeraj/dicertation/inference-profile/runs/revised-rerun-20260415-145100-g7-opt67b-c512-1024/raw/points/decode/decode-facebook-opt-6-7b-seq-1024-block-1024-mode-vram-sm-16.csv
facebook/opt-6.7b,1024,1024,gemv,out_proj,16,1,116.73600226640701,428072960,428081152,8192,8192,vram,2026-04-15T13:53:36Z,baseline_nvml_pt,nvidia-smi,ok,0.0,109.0,1695.0,7601.0,66.96,0.27136000990867615,408.375,408.375,0.1328125,True,,65.96,66.75,63.92,estimated,,decode-facebook-opt-6-7b-seq-1024-block-1024-mode-vram-sm-16,success,,,/mnt/data/dheeraj/dicertation/inference-profile/runs/revised-rerun-20260415-145100-g7-opt67b-c512-1024/raw/points/decode/decode-facebook-opt-6-7b-seq-1024-block-1024-mode-vram-sm-16.csv
facebook/opt-6.7b,1024,1024,gemv,fc1,16,1,263.16800713539124,428072960,428105728,32768,32768,vram,2026-04-15T13:53:36Z,baseline_nvml_pt,nvidia-smi,ok,0.0,109.0,1695.0,7601.0,66.96,0.27136000990867615,408.375,408.375,0.1328125,True,,65.96,66.75,63.92,estimated,,decode-facebook-opt-6-7b-seq-1024-block-1024-mode-vram-sm-16,success,,,/mnt/data/dheeraj/dicertation/inference-profile/runs/revised-rerun-20260415-145100-g7-opt67b-c512-1024/raw/points/decode/decode-facebook-opt-6-7b-seq-1024-block-1024-mode-vram-sm-16.csv
facebook/opt-6.7b,1024,1024,gemv,fc2,16,1,251.90401077270508,428072960,428081152,8192,8192,vram,2026-04-15T13:53:36Z,baseline_nvml_pt,nvidia-smi,ok,0.0,109.0,1695.0,7601.0,66.96,0.27136000990867615,408.375,408.375,0.1328125,True,,65.96,66.75,63.92,estimated,,decode-facebook-opt-6-7b-seq-1024-block-1024-mode-vram-sm-16,success,,,/mnt/data/dheeraj/dicertation/inference-profile/runs/revised-rerun-20260415-145100-g7-opt67b-c512-1024/raw/points/decode/decode-facebook-opt-6-7b-seq-1024-block-1024-mode-vram-sm-16.csv
facebook/opt-6.7b,1024,1024,attention_fetch_compute,,16,1,129.95199859142303,428072960,428212224,139264,139264,vram,2026-04-15T13:53:36Z,baseline_nvml_pt,nvidia-smi,ok,0.0,109.0,1695.0,7601.0,66.96,0.27136000990867615,408.375,408.375,0.1328125,True,,65.96,66.75,63.92,estimated,,decode-facebook-opt-6-7b-seq-1024-block-1024-mode-vram-sm-16,success,,,/mnt/data/dheeraj/dicertation/inference-profile/runs/revised-rerun-20260415-145100-g7-opt67b-c512-1024/raw/points/decode/decode-facebook-opt-6-7b-seq-1024-block-1024-mode-vram-sm-16.csv
facebook/opt-6.7b,1024,1024,reduction_overhead,,16,1,28.416000306606293,428212224,428212224,0,8192,vram,2026-04-15T13:53:36Z,baseline_nvml_pt,nvidia-smi,ok,0.0,109.0,1695.0,7601.0,66.96,0.27136000990867615,408.375,408.375,0.1328125,True,,65.96,66.75,63.92,estimated,,decode-facebook-opt-6-7b-seq-1024-block-1024-mode-vram-sm-16,success,,,/mnt/data/dheeraj/dicertation/inference-profile/runs/revised-rerun-20260415-145100-g7-opt67b-c512-1024/raw/points/decode/decode-facebook-opt-6-7b-seq-1024-block-1024-mode-vram-sm-16.csv
facebook/opt-6.7b,1024,1024,gemv,q_proj,16,2,122.8799968957901,428072960,428081152,8192,8192,vram,2026-04-15T13:53:36Z,baseline_nvml_pt,nvidia-smi,ok,0.0,109.0,1695.0,7601.0,66.96,0.27136000990867615,408.375,408.375,0.1328125,True,,65.96,66.75,63.92,estimated,,decode-facebook-opt-6-7b-seq-1024-block-1024-mode-vram-sm-16,success,,,/mnt/data/dheeraj/dicertation/inference-profile/runs/revised-rerun-20260415-145100-g7-opt67b-c512-1024/raw/points/decode/decode-facebook-opt-6-7b-seq-1024-block-1024-mode-vram-sm-16.csv
facebook/opt-6.7b,1024,1024,gemv,k_proj,16,2,120.83200365304947,428072960,428081152,8192,8192,vram,2026-04-15T13:53:36Z,baseline_nvml_pt,nvidia-smi,ok,0.0,109.0,1695.0,7601.0,66.96,0.27136000990867615,408.375,408.375,0.1328125,True,,65.96,66.75,63.92,estimated,,decode-facebook-opt-6-7b-seq-1024-block-1024-mode-vram-sm-16,success,,,/mnt/data/dheeraj/dicertation/inference-profile/runs/revised-rerun-20260415-145100-g7-opt67b-c512-1024/raw/points/decode/decode-facebook-opt-6-7b-seq-1024-block-1024-mode-vram-sm-16.csv
facebook/opt-6.7b,1024,1024,gemv,v_proj,16,2,113.66400122642517,428072960,428081152,8192,8192,vram,2026-04-15T13:53:36Z,baseline_nvml_pt,nvidia-smi,ok,0.0,109.0,1695.0,7601.0,66.96,0.27136000990867615,408.375,408.375,0.1328125,True,,65.96,66.75,63.92,estimated,,decode-facebook-opt-6-7b-seq-1024-block-1024-mode-vram-sm-16,success,,,/mnt/data/dheeraj/dicertation/inference-profile/runs/revised-rerun-20260415-145100-g7-opt67b-c512-1024/raw/points/decode/decode-facebook-opt-6-7b-seq-1024-block-1024-mode-vram-sm-16.csv
facebook/opt-6.7b,1024,1024,gemv,out_proj,16,2,111.61600053310394,428072960,428081152,8192,8192,vram,2026-04-15T13:53:36Z,baseline_nvml_pt,nvidia-smi,ok,0.0,109.0,1695.0,7601.0,66.96,0.27136000990867615,408.375,408.375,0.1328125,True,,65.96,66.75,63.92,estimated,,decode-facebook-opt-6-7b-seq-1024-block-1024-mode-vram-sm-16,success,,,/mnt/data/dheeraj/dicertation/inference-profile/runs/revised-rerun-20260415-145100-g7-opt67b-c512-1024/raw/points/decode/decode-facebook-opt-6-7b-seq-1024-block-1024-mode-vram-sm-16.csv
facebook/opt-6.7b,1024,1024,gemv,fc1,16,2,262.0159983634949,428072960,428105728,32768,32768,vram,2026-04-15T13:53:36Z,baseline_nvml_pt,nvidia-smi,ok,0.0,109.0,1695.0,7601.0,66.96,0.27136000990867615,408.375,408.375,0.1328125,True,,65.96,66.75,63.92,estimated,,decode-facebook-opt-6-7b-seq-1024-block-1024-mode-vram-sm-16,success,,,/mnt/data/dheeraj/dicertation/inference-profile/runs/revised-rerun-20260415-145100-g7-opt67b-c512-1024/raw/points/decode/decode-facebook-opt-6-7b-seq-1024-block-1024-mode-vram-sm-16.csv
facebook/opt-6.7b,1024,1024,gemv,fc2,16,2,247.80799448490143,428072960,428081152,8192,8192,vram,2026-04-15T13:53:36Z,baseline_nvml_pt,nvidia-smi,ok,0.0,109.0,1695.0,7601.0,66.96,0.27136000990867615,408.375,408.375,0.1328125,True,,65.96,66.75,63.92,estimated,,decode-facebook-opt-6-7b-seq-1024-block-1024-mode-vram-sm-16,success,,,/mnt/data/dheeraj/dicertation/inference-profile/runs/revised-rerun-20260415-145100-g7-opt67b-c512-1024/raw/points/decode/decode-facebook-opt-6-7b-seq-1024-block-1024-mode-vram-sm-16.csv
facebook/opt-6.7b,1024,1024,attention_fetch_compute,,16,2,132.09599256515503,428072960,428212224,139264,139264,vram,2026-04-15T13:53:36Z,baseline_nvml_pt,nvidia-smi,ok,0.0,109.0,1695.0,7601.0,66.96,0.27136000990867615,408.375,408.375,0.1328125,True,,65.96,66.75,63.92,estimated,,decode-facebook-opt-6-7b-seq-1024-block-1024-mode-vram-sm-16,success,,,/mnt/data/dheeraj/dicertation/inference-profile/runs/revised-rerun-20260415-145100-g7-opt67b-c512-1024/raw/points/decode/decode-facebook-opt-6-7b-seq-1024-block-1024-mode-vram-sm-16.csv
facebook/opt-6.7b,1024,1024,reduction_overhead,,16,2,19.711999222636223,428212224,428212224,0,8192,vram,2026-04-15T13:53:36Z,baseline_nvml_pt,nvidia-smi,ok,0.0,109.0,1695.0,7601.0,66.96,0.27136000990867615,408.375,408.375,0.1328125,True,,65.96,66.75,63.92,estimated,,decode-facebook-opt-6-7b-seq-1024-block-1024-mode-vram-sm-16,success,,,/mnt/data/dheeraj/dicertation/inference-profile/runs/revised-rerun-20260415-145100-g7-opt67b-c512-1024/raw/points/decode/decode-facebook-opt-6-7b-seq-1024-block-1024-mode-vram-sm-16.csv
facebook/opt-6.7b,1024,1024,gemv,q_proj,16,3,116.73600226640701,428072960,428081152,8192,8192,vram,2026-04-15T13:53:36Z,baseline_nvml_pt,nvidia-smi,ok,0.0,109.0,1695.0,7601.0,66.96,0.27136000990867615,408.375,408.375,0.1328125,True,,65.96,66.75,63.92,estimated,,decode-facebook-opt-6-7b-seq-1024-block-1024-mode-vram-sm-16,success,,,/mnt/data/dheeraj/dicertation/inference-profile/runs/revised-rerun-20260415-145100-g7-opt67b-c512-1024/raw/points/decode/decode-facebook-opt-6-7b-seq-1024-block-1024-mode-vram-sm-16.csv
facebook/opt-6.7b,1024,1024,gemv,k_proj,16,3,114.68800157308578,428072960,428081152,8192,8192,vram,2026-04-15T13:53:36Z,baseline_nvml_pt,nvidia-smi,ok,0.0,109.0,1695.0,7601.0,66.96,0.27136000990867615,408.375,408.375,0.1328125,True,,65.96,66.75,63.92,estimated,,decode-facebook-opt-6-7b-seq-1024-block-1024-mode-vram-sm-16,success,,,/mnt/data/dheeraj/dicertation/inference-profile/runs/revised-rerun-20260415-145100-g7-opt67b-c512-1024/raw/points/decode/decode-facebook-opt-6-7b-seq-1024-block-1024-mode-vram-sm-16.csv
facebook/opt-6.7b,1024,1024,gemv,v_proj,16,3,110.33599823713303,428072960,428081152,8192,8192,vram,2026-04-15T13:53:36Z,baseline_nvml_pt,nvidia-smi,ok,0.0,109.0,1695.0,7601.0,66.96,0.27136000990867615,408.375,408.375,0.1328125,True,,65.96,66.75,63.92,estimated,,decode-facebook-opt-6-7b-seq-1024-block-1024-mode-vram-sm-16,success,,,/mnt/data/dheeraj/dicertation/inference-profile/runs/revised-rerun-20260415-145100-g7-opt67b-c512-1024/raw/points/decode/decode-facebook-opt-6-7b-seq-1024-block-1024-mode-vram-sm-16.csv
facebook/opt-6.7b,1024,1024,gemv,out_proj,16,3,110.59200018644333,428072960,428081152,8192,8192,vram,2026-04-15T13:53:36Z,baseline_nvml_pt,nvidia-smi,ok,0.0,109.0,1695.0,7601.0,66.96,0.27136000990867615,408.375,408.375,0.1328125,True,,65.96,66.75,63.92,estimated,,decode-facebook-opt-6-7b-seq-1024-block-1024-mode-vram-sm-16,success,,,/mnt/data/dheeraj/dicertation/inference-profile/runs/revised-rerun-20260415-145100-g7-opt67b-c512-1024/raw/points/decode/decode-facebook-opt-6-7b-seq-1024-block-1024-mode-vram-sm-16.csv
facebook/opt-6.7b,1024,1024,gemv,fc1,16,3,259.0720057487488,428072960,428105728,32768,32768,vram,2026-04-15T13:53:36Z,baseline_nvml_pt,nvidia-smi,ok,0.0,109.0,1695.0,7601.0,66.96,0.27136000990867615,408.375,408.375,0.1328125,True,,65.96,66.75,63.92,estimated,,decode-facebook-opt-6-7b-seq-1024-block-1024-mode-vram-sm-16,success,,,/mnt/data/dheeraj/dicertation/inference-profile/runs/revised-rerun-20260415-145100-g7-opt67b-c512-1024/raw/points/decode/decode-facebook-opt-6-7b-seq-1024-block-1024-mode-vram-sm-16.csv
facebook/opt-6.7b,1024,1024,gemv,fc2,16,3,246.7840015888214,428072960,428081152,8192,8192,vram,2026-04-15T13:53:36Z,baseline_nvml_pt,nvidia-smi,ok,0.0,109.0,1695.0,7601.0,66.96,0.27136000990867615,408.375,408.375,0.1328125,True,,65.96,66.75,63.92,estimated,,decode-facebook-opt-6-7b-seq-1024-block-1024-mode-vram-sm-16,success,,,/mnt/data/dheeraj/dicertation/inference-profile/runs/revised-rerun-20260415-145100-g7-opt67b-c512-1024/raw/points/decode/decode-facebook-opt-6-7b-seq-1024-block-1024-mode-vram-sm-16.csv
facebook/opt-6.7b,1024,1024,attention_fetch_compute,,16,3,125.95200538635254,428072960,428212224,139264,139264,vram,2026-04-15T13:53:36Z,baseline_nvml_pt,nvidia-smi,ok,0.0,109.0,1695.0,7601.0,66.96,0.27136000990867615,408.375,408.375,0.1328125,True,,65.96,66.75,63.92,estimated,,decode-facebook-opt-6-7b-seq-1024-block-1024-mode-vram-sm-16,success,,,/mnt/data/dheeraj/dicertation/inference-profile/runs/revised-rerun-20260415-145100-g7-opt67b-c512-1024/raw/points/decode/decode-facebook-opt-6-7b-seq-1024-block-1024-mode-vram-sm-16.csv
facebook/opt-6.7b,1024,1024,reduction_overhead,,16,3,20.479999482631683,428212224,428212224,0,8192,vram,2026-04-15T13:53:36Z,baseline_nvml_pt,nvidia-smi,ok,0.0,109.0,1695.0,7601.0,66.96,0.27136000990867615,408.375,408.375,0.1328125,True,,65.96,66.75,63.92,estimated,,decode-facebook-opt-6-7b-seq-1024-block-1024-mode-vram-sm-16,success,,,/mnt/data/dheeraj/dicertation/inference-profile/runs/revised-rerun-20260415-145100-g7-opt67b-c512-1024/raw/points/decode/decode-facebook-opt-6-7b-seq-1024-block-1024-mode-vram-sm-16.csv
facebook/opt-6.7b,1024,1024,gemv,q_proj,16,4,114.68800157308578,428072960,428081152,8192,8192,vram,2026-04-15T13:53:36Z,baseline_nvml_pt,nvidia-smi,ok,0.0,109.0,1695.0,7601.0,66.96,0.27136000990867615,408.375,408.375,0.1328125,True,,65.96,66.75,63.92,estimated,,decode-facebook-opt-6-7b-seq-1024-block-1024-mode-vram-sm-16,success,,,/mnt/data/dheeraj/dicertation/inference-profile/runs/revised-rerun-20260415-145100-g7-opt67b-c512-1024/raw/points/decode/decode-facebook-opt-6-7b-seq-1024-block-1024-mode-vram-sm-16.csv
facebook/opt-6.7b,1024,1024,gemv,k_proj,16,4,112.64000087976456,428072960,428081152,8192,8192,vram,2026-04-15T13:53:36Z,baseline_nvml_pt,nvidia-smi,ok,0.0,109.0,1695.0,7601.0,66.96,0.27136000990867615,408.375,408.375,0.1328125,True,,65.96,66.75,63.92,estimated,,decode-facebook-opt-6-7b-seq-1024-block-1024-mode-vram-sm-16,success,,,/mnt/data/dheeraj/dicertation/inference-profile/runs/revised-rerun-20260415-145100-g7-opt67b-c512-1024/raw/points/decode/decode-facebook-opt-6-7b-seq-1024-block-1024-mode-vram-sm-16.csv
facebook/opt-6.7b,1024,1024,gemv,v_proj,16,4,112.47999966144562,428072960,428081152,8192,8192,vram,2026-04-15T13:53:36Z,baseline_nvml_pt,nvidia-smi,ok,0.0,109.0,1695.0,7601.0,66.96,0.27136000990867615,408.375,408.375,0.1328125,True,,65.96,66.75,63.92,estimated,,decode-facebook-opt-6-7b-seq-1024-block-1024-mode-vram-sm-16,success,,,/mnt/data/dheeraj/dicertation/inference-profile/runs/revised-rerun-20260415-145100-g7-opt67b-c512-1024/raw/points/decode/decode-facebook-opt-6-7b-seq-1024-block-1024-mode-vram-sm-16.csv
facebook/opt-6.7b,1024,1024,gemv,out_proj,16,4,112.38399893045425,428072960,428081152,8192,8192,vram,2026-04-15T13:53:36Z,baseline_nvml_pt,nvidia-smi,ok,0.0,109.0,1695.0,7601.0,66.96,0.27136000990867615,408.375,408.375,0.1328125,True,,65.96,66.75,63.92,estimated,,decode-facebook-opt-6-7b-seq-1024-block-1024-mode-vram-sm-16,success,,,/mnt/data/dheeraj/dicertation/inference-profile/runs/revised-rerun-20260415-145100-g7-opt67b-c512-1024/raw/points/decode/decode-facebook-opt-6-7b-seq-1024-block-1024-mode-vram-sm-16.csv
facebook/opt-6.7b,1024,1024,gemv,fc1,16,4,259.0720057487488,428072960,428105728,32768,32768,vram,2026-04-15T13:53:36Z,baseline_nvml_pt,nvidia-smi,ok,0.0,109.0,1695.0,7601.0,66.96,0.27136000990867615,408.375,408.375,0.1328125,True,,65.96,66.75,63.92,estimated,,decode-facebook-opt-6-7b-seq-1024-block-1024-mode-vram-sm-16,success,,,/mnt/data/dheeraj/dicertation/inference-profile/runs/revised-rerun-20260415-145100-g7-opt67b-c512-1024/raw/points/decode/decode-facebook-opt-6-7b-seq-1024-block-1024-mode-vram-sm-16.csv
facebook/opt-6.7b,1024,1024,gemv,fc2,16,4,252.9279887676239,428072960,428081152,8192,8192,vram,2026-04-15T13:53:36Z,baseline_nvml_pt,nvidia-smi,ok,0.0,109.0,1695.0,7601.0,66.96,0.27136000990867615,408.375,408.375,0.1328125,True,,65.96,66.75,63.92,estimated,,decode-facebook-opt-6-7b-seq-1024-block-1024-mode-vram-sm-16,success,,,/mnt/data/dheeraj/dicertation/inference-profile/runs/revised-rerun-20260415-145100-g7-opt67b-c512-1024/raw/points/decode/decode-facebook-opt-6-7b-seq-1024-block-1024-mode-vram-sm-16.csv
facebook/opt-6.7b,1024,1024,attention_fetch_compute,,16,4,134.2719942331314,428072960,428212224,139264,139264,vram,2026-04-15T13:53:36Z,baseline_nvml_pt,nvidia-smi,ok,0.0,109.0,1695.0,7601.0,66.96,0.27136000990867615,408.375,408.375,0.1328125,True,,65.96,66.75,63.92,estimated,,decode-facebook-opt-6-7b-seq-1024-block-1024-mode-vram-sm-16,success,,,/mnt/data/dheeraj/dicertation/inference-profile/runs/revised-rerun-20260415-145100-g7-opt67b-c512-1024/raw/points/decode/decode-facebook-opt-6-7b-seq-1024-block-1024-mode-vram-sm-16.csv
facebook/opt-6.7b,1024,1024,reduction_overhead,,16,4,24.383999407291412,428212224,428212224,0,8192,vram,2026-04-15T13:53:36Z,baseline_nvml_pt,nvidia-smi,ok,0.0,109.0,1695.0,7601.0,66.96,0.27136000990867615,408.375,408.375,0.1328125,True,,65.96,66.75,63.92,estimated,,decode-facebook-opt-6-7b-seq-1024-block-1024-mode-vram-sm-16,success,,,/mnt/data/dheeraj/dicertation/inference-profile/runs/revised-rerun-20260415-145100-g7-opt67b-c512-1024/raw/points/decode/decode-facebook-opt-6-7b-seq-1024-block-1024-mode-vram-sm-16.csv
facebook/opt-6.7b,1024,1024,gemv,q_proj,16,0,166.78400337696075,428072960,428081152,8192,8192,pcie_async,2026-04-15T13:53:43Z,baseline_nvml_pt,nvidia-smi,ok,0.0,109.0,1695.0,7601.0,67.07,0.2734079957008362,408.375,408.375,0.1328125,True,,62.83,71.4,61.44,estimated,,decode-facebook-opt-6-7b-seq-1024-block-1024-mode-pcie_async-sm-16,success,,,/mnt/data/dheeraj/dicertation/inference-profile/runs/revised-rerun-20260415-145100-g7-opt67b-c512-1024/raw/points/decode/decode-facebook-opt-6-7b-seq-1024-block-1024-mode-pcie_async-sm-16.csv
facebook/opt-6.7b,1024,1024,gemv,k_proj,16,0,138.2399946451187,428072960,428081152,8192,8192,pcie_async,2026-04-15T13:53:43Z,baseline_nvml_pt,nvidia-smi,ok,0.0,109.0,1695.0,7601.0,67.07,0.2734079957008362,408.375,408.375,0.1328125,True,,62.83,71.4,61.44,estimated,,decode-facebook-opt-6-7b-seq-1024-block-1024-mode-pcie_async-sm-16,success,,,/mnt/data/dheeraj/dicertation/inference-profile/runs/revised-rerun-20260415-145100-g7-opt67b-c512-1024/raw/points/decode/decode-facebook-opt-6-7b-seq-1024-block-1024-mode-pcie_async-sm-16.csv
facebook/opt-6.7b,1024,1024,gemv,v_proj,16,0,120.57600170373917,428072960,428081152,8192,8192,pcie_async,2026-04-15T13:53:43Z,baseline_nvml_pt,nvidia-smi,ok,0.0,109.0,1695.0,7601.0,67.07,0.2734079957008362,408.375,408.375,0.1328125,True,,62.83,71.4,61.44,estimated,,decode-facebook-opt-6-7b-seq-1024-block-1024-mode-pcie_async-sm-16,success,,,/mnt/data/dheeraj/dicertation/inference-profile/runs/revised-rerun-20260415-145100-g7-opt67b-c512-1024/raw/points/decode/decode-facebook-opt-6-7b-seq-1024-block-1024-mode-pcie_async-sm-16.csv
facebook/opt-6.7b,1024,1024,gemv,out_proj,16,0,116.5120005607605,428072960,428081152,8192,8192,pcie_async,2026-04-15T13:53:43Z,baseline_nvml_pt,nvidia-smi,ok,0.0,109.0,1695.0,7601.0,67.07,0.2734079957008362,408.375,408.375,0.1328125,True,,62.83,71.4,61.44,estimated,,decode-facebook-opt-6-7b-seq-1024-block-1024-mode-pcie_async-sm-16,success,,,/mnt/data/dheeraj/dicertation/inference-profile/runs/revised-rerun-20260415-145100-g7-opt67b-c512-1024/raw/points/decode/decode-facebook-opt-6-7b-seq-1024-block-1024-mode-pcie_async-sm-16.csv
facebook/opt-6.7b,1024,1024,gemv,fc1,16,0,273.4079957008362,428072960,428105728,32768,32768,pcie_async,2026-04-15T13:53:43Z,baseline_nvml_pt,nvidia-smi,ok,0.0,109.0,1695.0,7601.0,67.07,0.2734079957008362,408.375,408.375,0.1328125,True,,62.83,71.4,61.44,estimated,,decode-facebook-opt-6-7b-seq-1024-block-1024-mode-pcie_async-sm-16,success,,,/mnt/data/dheeraj/dicertation/inference-profile/runs/revised-rerun-20260415-145100-g7-opt67b-c512-1024/raw/points/decode/decode-facebook-opt-6-7b-seq-1024-block-1024-mode-pcie_async-sm-16.csv
facebook/opt-6.7b,1024,1024,gemv,fc2,16,0,254.97600436210632,428072960,428081152,8192,8192,pcie_async,2026-04-15T13:53:43Z,baseline_nvml_pt,nvidia-smi,ok,0.0,109.0,1695.0,7601.0,67.07,0.2734079957008362,408.375,408.375,0.1328125,True,,62.83,71.4,61.44,estimated,,decode-facebook-opt-6-7b-seq-1024-block-1024-mode-pcie_async-sm-16,success,,,/mnt/data/dheeraj/dicertation/inference-profile/runs/revised-rerun-20260415-145100-g7-opt67b-c512-1024/raw/points/decode/decode-facebook-opt-6-7b-seq-1024-block-1024-mode-pcie_async-sm-16.csv
facebook/opt-6.7b,1024,1024,attention_fetch_compute,,16,0,139.55199718475342,428072960,428212224,139264,139264,pcie_async,2026-04-15T13:53:43Z,baseline_nvml_pt,nvidia-smi,ok,0.0,109.0,1695.0,7601.0,67.07,0.2734079957008362,408.375,408.375,0.1328125,True,,62.83,71.4,61.44,estimated,,decode-facebook-opt-6-7b-seq-1024-block-1024-mode-pcie_async-sm-16,success,,,/mnt/data/dheeraj/dicertation/inference-profile/runs/revised-rerun-20260415-145100-g7-opt67b-c512-1024/raw/points/decode/decode-facebook-opt-6-7b-seq-1024-block-1024-mode-pcie_async-sm-16.csv
facebook/opt-6.7b,1024,1024,reduction_overhead,,16,0,22.52800017595291,428212224,428212224,0,8192,pcie_async,2026-04-15T13:53:43Z,baseline_nvml_pt,nvidia-smi,ok,0.0,109.0,1695.0,7601.0,67.07,0.2734079957008362,408.375,408.375,0.1328125,True,,62.83,71.4,61.44,estimated,,decode-facebook-opt-6-7b-seq-1024-block-1024-mode-pcie_async-sm-16,success,,,/mnt/data/dheeraj/dicertation/inference-profile/runs/revised-rerun-20260415-145100-g7-opt67b-c512-1024/raw/points/decode/decode-facebook-opt-6-7b-seq-1024-block-1024-mode-pcie_async-sm-16.csv
facebook/opt-6.7b,1024,1024,gemv,q_proj,16,1,119.80800330638885,428072960,428081152,8192,8192,pcie_async,2026-04-15T13:53:43Z,baseline_nvml_pt,nvidia-smi,ok,0.0,109.0,1695.0,7601.0,67.07,0.2734079957008362,408.375,408.375,0.1328125,True,,62.83,71.4,61.44,estimated,,decode-facebook-opt-6-7b-seq-1024-block-1024-mode-pcie_async-sm-16,success,,,/mnt/data/dheeraj/dicertation/inference-profile/runs/revised-rerun-20260415-145100-g7-opt67b-c512-1024/raw/points/decode/decode-facebook-opt-6-7b-seq-1024-block-1024-mode-pcie_async-sm-16.csv
facebook/opt-6.7b,1024,1024,gemv,k_proj,16,1,112.64000087976456,428072960,428081152,8192,8192,pcie_async,2026-04-15T13:53:43Z,baseline_nvml_pt,nvidia-smi,ok,0.0,109.0,1695.0,7601.0,67.07,0.2734079957008362,408.375,408.375,0.1328125,True,,62.83,71.4,61.44,estimated,,decode-facebook-opt-6-7b-seq-1024-block-1024-mode-pcie_async-sm-16,success,,,/mnt/data/dheeraj/dicertation/inference-profile/runs/revised-rerun-20260415-145100-g7-opt67b-c512-1024/raw/points/decode/decode-facebook-opt-6-7b-seq-1024-block-1024-mode-pcie_async-sm-16.csv
facebook/opt-6.7b,1024,1024,gemv,v_proj,16,1,111.64800077676773,428072960,428081152,8192,8192,pcie_async,2026-04-15T13:53:43Z,baseline_nvml_pt,nvidia-smi,ok,0.0,109.0,1695.0,7601.0,67.07,0.2734079957008362,408.375,408.375,0.1328125,True,,62.83,71.4,61.44,estimated,,decode-facebook-opt-6-7b-seq-1024-block-1024-mode-pcie_async-sm-16,success,,,/mnt/data/dheeraj/dicertation/inference-profile/runs/revised-rerun-20260415-145100-g7-opt67b-c512-1024/raw/points/decode/decode-facebook-opt-6-7b-seq-1024-block-1024-mode-pcie_async-sm-16.csv
facebook/opt-6.7b,1024,1024,gemv,out_proj,16,1,113.66400122642517,428072960,428081152,8192,8192,pcie_async,2026-04-15T13:53:43Z,baseline_nvml_pt,nvidia-smi,ok,0.0,109.0,1695.0,7601.0,67.07,0.2734079957008362,408.375,408.375,0.1328125,True,,62.83,71.4,61.44,estimated,,decode-facebook-opt-6-7b-seq-1024-block-1024-mode-pcie_async-sm-16,success,,,/mnt/data/dheeraj/dicertation/inference-profile/runs/revised-rerun-20260415-145100-g7-opt67b-c512-1024/raw/points/decode/decode-facebook-opt-6-7b-seq-1024-block-1024-mode-pcie_async-sm-16.csv
facebook/opt-6.7b,1024,1024,gemv,fc1,16,1,264.19198513031006,428072960,428105728,32768,32768,pcie_async,2026-04-15T13:53:43Z,baseline_nvml_pt,nvidia-smi,ok,0.0,109.0,1695.0,7601.0,67.07,0.2734079957008362,408.375,408.375,0.1328125,True,,62.83,71.4,61.44,estimated,,decode-facebook-opt-6-7b-seq-1024-block-1024-mode-pcie_async-sm-16,success,,,/mnt/data/dheeraj/dicertation/inference-profile/runs/revised-rerun-20260415-145100-g7-opt67b-c512-1024/raw/points/decode/decode-facebook-opt-6-7b-seq-1024-block-1024-mode-pcie_async-sm-16.csv
facebook/opt-6.7b,1024,1024,gemv,fc2,16,1,249.85599517822266,428072960,428081152,8192,8192,pcie_async,2026-04-15T13:53:43Z,baseline_nvml_pt,nvidia-smi,ok,0.0,109.0,1695.0,7601.0,67.07,0.2734079957008362,408.375,408.375,0.1328125,True,,62.83,71.4,61.44,estimated,,decode-facebook-opt-6-7b-seq-1024-block-1024-mode-pcie_async-sm-16,success,,,/mnt/data/dheeraj/dicertation/inference-profile/runs/revised-rerun-20260415-145100-g7-opt67b-c512-1024/raw/points/decode/decode-facebook-opt-6-7b-seq-1024-block-1024-mode-pcie_async-sm-16.csv
facebook/opt-6.7b,1024,1024,attention_fetch_compute,,16,1,129.92000579833984,428072960,428212224,139264,139264,pcie_async,2026-04-15T13:53:43Z,baseline_nvml_pt,nvidia-smi,ok,0.0,109.0,1695.0,7601.0,67.07,0.2734079957008362,408.375,408.375,0.1328125,True,,62.83,71.4,61.44,estimated,,decode-facebook-opt-6-7b-seq-1024-block-1024-mode-pcie_async-sm-16,success,,,/mnt/data/dheeraj/dicertation/inference-profile/runs/revised-rerun-20260415-145100-g7-opt67b-c512-1024/raw/points/decode/decode-facebook-opt-6-7b-seq-1024-block-1024-mode-pcie_async-sm-16.csv
facebook/opt-6.7b,1024,1024,reduction_overhead,,16,1,25.472000241279602,428212224,428212224,0,8192,pcie_async,2026-04-15T13:53:43Z,baseline_nvml_pt,nvidia-smi,ok,0.0,109.0,1695.0,7601.0,67.07,0.2734079957008362,408.375,408.375,0.1328125,True,,62.83,71.4,61.44,estimated,,decode-facebook-opt-6-7b-seq-1024-block-1024-mode-pcie_async-sm-16,success,,,/mnt/data/dheeraj/dicertation/inference-profile/runs/revised-rerun-20260415-145100-g7-opt67b-c512-1024/raw/points/decode/decode-facebook-opt-6-7b-seq-1024-block-1024-mode-pcie_async-sm-16.csv
facebook/opt-6.7b,1024,1024,gemv,q_proj,16,2,123.90399724245071,428072960,428081152,8192,8192,pcie_async,2026-04-15T13:53:43Z,baseline_nvml_pt,nvidia-smi,ok,0.0,109.0,1695.0,7601.0,67.07,0.2734079957008362,408.375,408.375,0.1328125,True,,62.83,71.4,61.44,estimated,,decode-facebook-opt-6-7b-seq-1024-block-1024-mode-pcie_async-sm-16,success,,,/mnt/data/dheeraj/dicertation/inference-profile/runs/revised-rerun-20260415-145100-g7-opt67b-c512-1024/raw/points/decode/decode-facebook-opt-6-7b-seq-1024-block-1024-mode-pcie_async-sm-16.csv
facebook/opt-6.7b,1024,1024,gemv,k_proj,16,2,120.7360029220581,428072960,428081152,8192,8192,pcie_async,2026-04-15T13:53:43Z,baseline_nvml_pt,nvidia-smi,ok,0.0,109.0,1695.0,7601.0,67.07,0.2734079957008362,408.375,408.375,0.1328125,True,,62.83,71.4,61.44,estimated,,decode-facebook-opt-6-7b-seq-1024-block-1024-mode-pcie_async-sm-16,success,,,/mnt/data/dheeraj/dicertation/inference-profile/runs/revised-rerun-20260415-145100-g7-opt67b-c512-1024/raw/points/decode/decode-facebook-opt-6-7b-seq-1024-block-1024-mode-pcie_async-sm-16.csv
facebook/opt-6.7b,1024,1024,gemv,v_proj,16,2,113.66400122642517,428072960,428081152,8192,8192,pcie_async,2026-04-15T13:53:43Z,baseline_nvml_pt,nvidia-smi,ok,0.0,109.0,1695.0,7601.0,67.07,0.2734079957008362,408.375,408.375,0.1328125,True,,62.83,71.4,61.44,estimated,,decode-facebook-opt-6-7b-seq-1024-block-1024-mode-pcie_async-sm-16,success,,,/mnt/data/dheeraj/dicertation/inference-profile/runs/revised-rerun-20260415-145100-g7-opt67b-c512-1024/raw/points/decode/decode-facebook-opt-6-7b-seq-1024-block-1024-mode-pcie_async-sm-16.csv
facebook/opt-6.7b,1024,1024,gemv,out_proj,16,2,111.61600053310394,428072960,428081152,8192,8192,pcie_async,2026-04-15T13:53:43Z,baseline_nvml_pt,nvidia-smi,ok,0.0,109.0,1695.0,7601.0,67.07,0.2734079957008362,408.375,408.375,0.1328125,True,,62.83,71.4,61.44,estimated,,decode-facebook-opt-6-7b-seq-1024-block-1024-mode-pcie_async-sm-16,success,,,/mnt/data/dheeraj/dicertation/inference-profile/runs/revised-rerun-20260415-145100-g7-opt67b-c512-1024/raw/points/decode/decode-facebook-opt-6-7b-seq-1024-block-1024-mode-pcie_async-sm-16.csv
facebook/opt-6.7b,1024,1024,gemv,fc1,16,2,259.0720057487488,428072960,428105728,32768,32768,pcie_async,2026-04-15T13:53:43Z,baseline_nvml_pt,nvidia-smi,ok,0.0,109.0,1695.0,7601.0,67.07,0.2734079957008362,408.375,408.375,0.1328125,True,,62.83,71.4,61.44,estimated,,decode-facebook-opt-6-7b-seq-1024-block-1024-mode-pcie_async-sm-16,success,,,/mnt/data/dheeraj/dicertation/inference-profile/runs/revised-rerun-20260415-145100-g7-opt67b-c512-1024/raw/points/decode/decode-facebook-opt-6-7b-seq-1024-block-1024-mode-pcie_async-sm-16.csv
facebook/opt-6.7b,1024,1024,gemv,fc2,16,2,251.8399953842163,428072960,428081152,8192,8192,pcie_async,2026-04-15T13:53:43Z,baseline_nvml_pt,nvidia-smi,ok,0.0,109.0,1695.0,7601.0,67.07,0.2734079957008362,408.375,408.375,0.1328125,True,,62.83,71.4,61.44,estimated,,decode-facebook-opt-6-7b-seq-1024-block-1024-mode-pcie_async-sm-16,success,,,/mnt/data/dheeraj/dicertation/inference-profile/runs/revised-rerun-20260415-145100-g7-opt67b-c512-1024/raw/points/decode/decode-facebook-opt-6-7b-seq-1024-block-1024-mode-pcie_async-sm-16.csv
facebook/opt-6.7b,1024,1024,attention_fetch_compute,,16,2,144.3839967250824,428072960,428212224,139264,139264,pcie_async,2026-04-15T13:53:43Z,baseline_nvml_pt,nvidia-smi,ok,0.0,109.0,1695.0,7601.0,67.07,0.2734079957008362,408.375,408.375,0.1328125,True,,62.83,71.4,61.44,estimated,,decode-facebook-opt-6-7b-seq-1024-block-1024-mode-pcie_async-sm-16,success,,,/mnt/data/dheeraj/dicertation/inference-profile/runs/revised-rerun-20260415-145100-g7-opt67b-c512-1024/raw/points/decode/decode-facebook-opt-6-7b-seq-1024-block-1024-mode-pcie_async-sm-16.csv
facebook/opt-6.7b,1024,1024,reduction_overhead,,16,2,20.640000700950623,428212224,428212224,0,8192,pcie_async,2026-04-15T13:53:43Z,baseline_nvml_pt,nvidia-smi,ok,0.0,109.0,1695.0,7601.0,67.07,0.2734079957008362,408.375,408.375,0.1328125,True,,62.83,71.4,61.44,estimated,,decode-facebook-opt-6-7b-seq-1024-block-1024-mode-pcie_async-sm-16,success,,,/mnt/data/dheeraj/dicertation/inference-profile/runs/revised-rerun-20260415-145100-g7-opt67b-c512-1024/raw/points/decode/decode-facebook-opt-6-7b-seq-1024-block-1024-mode-pcie_async-sm-16.csv
facebook/opt-6.7b,1024,1024,gemv,q_proj,16,3,117.66400188207626,428072960,428081152,8192,8192,pcie_async,2026-04-15T13:53:43Z,baseline_nvml_pt,nvidia-smi,ok,0.0,109.0,1695.0,7601.0,67.07,0.2734079957008362,408.375,408.375,0.1328125,True,,62.83,71.4,61.44,estimated,,decode-facebook-opt-6-7b-seq-1024-block-1024-mode-pcie_async-sm-16,success,,,/mnt/data/dheeraj/dicertation/inference-profile/runs/revised-rerun-20260415-145100-g7-opt67b-c512-1024/raw/points/decode/decode-facebook-opt-6-7b-seq-1024-block-1024-mode-pcie_async-sm-16.csv
facebook/opt-6.7b,1024,1024,gemv,k_proj,16,3,115.7120019197464,428072960,428081152,8192,8192,pcie_async,2026-04-15T13:53:43Z,baseline_nvml_pt,nvidia-smi,ok,0.0,109.0,1695.0,7601.0,67.07,0.2734079957008362,408.375,408.375,0.1328125,True,,62.83,71.4,61.44,estimated,,decode-facebook-opt-6-7b-seq-1024-block-1024-mode-pcie_async-sm-16,success,,,/mnt/data/dheeraj/dicertation/inference-profile/runs/revised-rerun-20260415-145100-g7-opt67b-c512-1024/raw/points/decode/decode-facebook-opt-6-7b-seq-1024-block-1024-mode-pcie_async-sm-16.csv
facebook/opt-6.7b,1024,1024,gemv,v_proj,16,3,110.59200018644333,428072960,428081152,8192,8192,pcie_async,2026-04-15T13:53:43Z,baseline_nvml_pt,nvidia-smi,ok,0.0,109.0,1695.0,7601.0,67.07,0.2734079957008362,408.375,408.375,0.1328125,True,,62.83,71.4,61.44,estimated,,decode-facebook-opt-6-7b-seq-1024-block-1024-mode-pcie_async-sm-16,success,,,/mnt/data/dheeraj/dicertation/inference-profile/runs/revised-rerun-20260415-145100-g7-opt67b-c512-1024/raw/points/decode/decode-facebook-opt-6-7b-seq-1024-block-1024-mode-pcie_async-sm-16.csv
facebook/opt-6.7b,1024,1024,gemv,out_proj,16,3,109.56799983978271,428072960,428081152,8192,8192,pcie_async,2026-04-15T13:53:43Z,baseline_nvml_pt,nvidia-smi,ok,0.0,109.0,1695.0,7601.0,67.07,0.2734079957008362,408.375,408.375,0.1328125,True,,62.83,71.4,61.44,estimated,,decode-facebook-opt-6-7b-seq-1024-block-1024-mode-pcie_async-sm-16,success,,,/mnt/data/dheeraj/dicertation/inference-profile/runs/revised-rerun-20260415-145100-g7-opt67b-c512-1024/raw/points/decode/decode-facebook-opt-6-7b-seq-1024-block-1024-mode-pcie_async-sm-16.csv
facebook/opt-6.7b,1024,1024,gemv,fc1,16,3,259.90399718284607,428072960,428105728,32768,32768,pcie_async,2026-04-15T13:53:43Z,baseline_nvml_pt,nvidia-smi,ok,0.0,109.0,1695.0,7601.0,67.07,0.2734079957008362,408.375,408.375,0.1328125,True,,62.83,71.4,61.44,estimated,,decode-facebook-opt-6-7b-seq-1024-block-1024-mode-pcie_async-sm-16,success,,,/mnt/data/dheeraj/dicertation/inference-profile/runs/revised-rerun-20260415-145100-g7-opt67b-c512-1024/raw/points/decode/decode-facebook-opt-6-7b-seq-1024-block-1024-mode-pcie_async-sm-16.csv
facebook/opt-6.7b,1024,1024,gemv,fc2,16,3,246.7840015888214,428072960,428081152,8192,8192,pcie_async,2026-04-15T13:53:43Z,baseline_nvml_pt,nvidia-smi,ok,0.0,109.0,1695.0,7601.0,67.07,0.2734079957008362,408.375,408.375,0.1328125,True,,62.83,71.4,61.44,estimated,,decode-facebook-opt-6-7b-seq-1024-block-1024-mode-pcie_async-sm-16,success,,,/mnt/data/dheeraj/dicertation/inference-profile/runs/revised-rerun-20260415-145100-g7-opt67b-c512-1024/raw/points/decode/decode-facebook-opt-6-7b-seq-1024-block-1024-mode-pcie_async-sm-16.csv
facebook/opt-6.7b,1024,1024,attention_fetch_compute,,16,3,126.14400684833527,428072960,428212224,139264,139264,pcie_async,2026-04-15T13:53:43Z,baseline_nvml_pt,nvidia-smi,ok,0.0,109.0,1695.0,7601.0,67.07,0.2734079957008362,408.375,408.375,0.1328125,True,,62.83,71.4,61.44,estimated,,decode-facebook-opt-6-7b-seq-1024-block-1024-mode-pcie_async-sm-16,success,,,/mnt/data/dheeraj/dicertation/inference-profile/runs/revised-rerun-20260415-145100-g7-opt67b-c512-1024/raw/points/decode/decode-facebook-opt-6-7b-seq-1024-block-1024-mode-pcie_async-sm-16.csv
facebook/opt-6.7b,1024,1024,reduction_overhead,,16,3,20.479999482631683,428212224,428212224,0,8192,pcie_async,2026-04-15T13:53:43Z,baseline_nvml_pt,nvidia-smi,ok,0.0,109.0,1695.0,7601.0,67.07,0.2734079957008362,408.375,408.375,0.1328125,True,,62.83,71.4,61.44,estimated,,decode-facebook-opt-6-7b-seq-1024-block-1024-mode-pcie_async-sm-16,success,,,/mnt/data/dheeraj/dicertation/inference-profile/runs/revised-rerun-20260415-145100-g7-opt67b-c512-1024/raw/points/decode/decode-facebook-opt-6-7b-seq-1024-block-1024-mode-pcie_async-sm-16.csv
facebook/opt-6.7b,1024,1024,gemv,q_proj,16,4,114.68800157308578,428072960,428081152,8192,8192,pcie_async,2026-04-15T13:53:43Z,baseline_nvml_pt,nvidia-smi,ok,0.0,109.0,1695.0,7601.0,67.07,0.2734079957008362,408.375,408.375,0.1328125,True,,62.83,71.4,61.44,estimated,,decode-facebook-opt-6-7b-seq-1024-block-1024-mode-pcie_async-sm-16,success,,,/mnt/data/dheeraj/dicertation/inference-profile/runs/revised-rerun-20260415-145100-g7-opt67b-c512-1024/raw/points/decode/decode-facebook-opt-6-7b-seq-1024-block-1024-mode-pcie_async-sm-16.csv
facebook/opt-6.7b,1024,1024,gemv,k_proj,16,4,111.61600053310394,428072960,428081152,8192,8192,pcie_async,2026-04-15T13:53:43Z,baseline_nvml_pt,nvidia-smi,ok,0.0,109.0,1695.0,7601.0,67.07,0.2734079957008362,408.375,408.375,0.1328125,True,,62.83,71.4,61.44,estimated,,decode-facebook-opt-6-7b-seq-1024-block-1024-mode-pcie_async-sm-16,success,,,/mnt/data/dheeraj/dicertation/inference-profile/runs/revised-rerun-20260415-145100-g7-opt67b-c512-1024/raw/points/decode/decode-facebook-opt-6-7b-seq-1024-block-1024-mode-pcie_async-sm-16.csv
facebook/opt-6.7b,1024,1024,gemv,v_proj,16,4,111.61600053310394,428072960,428081152,8192,8192,pcie_async,2026-04-15T13:53:43Z,baseline_nvml_pt,nvidia-smi,ok,0.0,109.0,1695.0,7601.0,67.07,0.2734079957008362,408.375,408.375,0.1328125,True,,62.83,71.4,61.44,estimated,,decode-facebook-opt-6-7b-seq-1024-block-1024-mode-pcie_async-sm-16,success,,,/mnt/data/dheeraj/dicertation/inference-profile/runs/revised-rerun-20260415-145100-g7-opt67b-c512-1024/raw/points/decode/decode-facebook-opt-6-7b-seq-1024-block-1024-mode-pcie_async-sm-16.csv
facebook/opt-6.7b,1024,1024,gemv,out_proj,16,4,110.59200018644333,428072960,428081152,8192,8192,pcie_async,2026-04-15T13:53:43Z,baseline_nvml_pt,nvidia-smi,ok,0.0,109.0,1695.0,7601.0,67.07,0.2734079957008362,408.375,408.375,0.1328125,True,,62.83,71.4,61.44,estimated,,decode-facebook-opt-6-7b-seq-1024-block-1024-mode-pcie_async-sm-16,success,,,/mnt/data/dheeraj/dicertation/inference-profile/runs/revised-rerun-20260415-145100-g7-opt67b-c512-1024/raw/points/decode/decode-facebook-opt-6-7b-seq-1024-block-1024-mode-pcie_async-sm-16.csv
facebook/opt-6.7b,1024,1024,gemv,fc1,16,4,260.09601354599,428072960,428105728,32768,32768,pcie_async,2026-04-15T13:53:43Z,baseline_nvml_pt,nvidia-smi,ok,0.0,109.0,1695.0,7601.0,67.07,0.2734079957008362,408.375,408.375,0.1328125,True,,62.83,71.4,61.44,estimated,,decode-facebook-opt-6-7b-seq-1024-block-1024-mode-pcie_async-sm-16,success,,,/mnt/data/dheeraj/dicertation/inference-profile/runs/revised-rerun-20260415-145100-g7-opt67b-c512-1024/raw/points/decode/decode-facebook-opt-6-7b-seq-1024-block-1024-mode-pcie_async-sm-16.csv
facebook/opt-6.7b,1024,1024,gemv,fc2,16,4,246.7840015888214,428072960,428081152,8192,8192,pcie_async,2026-04-15T13:53:43Z,baseline_nvml_pt,nvidia-smi,ok,0.0,109.0,1695.0,7601.0,67.07,0.2734079957008362,408.375,408.375,0.1328125,True,,62.83,71.4,61.44,estimated,,decode-facebook-opt-6-7b-seq-1024-block-1024-mode-pcie_async-sm-16,success,,,/mnt/data/dheeraj/dicertation/inference-profile/runs/revised-rerun-20260415-145100-g7-opt67b-c512-1024/raw/points/decode/decode-facebook-opt-6-7b-seq-1024-block-1024-mode-pcie_async-sm-16.csv
facebook/opt-6.7b,1024,1024,attention_fetch_compute,,16,4,151.5520066022873,428072960,428212224,139264,139264,pcie_async,2026-04-15T13:53:43Z,baseline_nvml_pt,nvidia-smi,ok,0.0,109.0,1695.0,7601.0,67.07,0.2734079957008362,408.375,408.375,0.1328125,True,,62.83,71.4,61.44,estimated,,decode-facebook-opt-6-7b-seq-1024-block-1024-mode-pcie_async-sm-16,success,,,/mnt/data/dheeraj/dicertation/inference-profile/runs/revised-rerun-20260415-145100-g7-opt67b-c512-1024/raw/points/decode/decode-facebook-opt-6-7b-seq-1024-block-1024-mode-pcie_async-sm-16.csv
facebook/opt-6.7b,1024,1024,reduction_overhead,,16,4,20.479999482631683,428212224,428212224,0,8192,pcie_async,2026-04-15T13:53:43Z,baseline_nvml_pt,nvidia-smi,ok,0.0,109.0,1695.0,7601.0,67.07,0.2734079957008362,408.375,408.375,0.1328125,True,,62.83,71.4,61.44,estimated,,decode-facebook-opt-6-7b-seq-1024-block-1024-mode-pcie_async-sm-16,success,,,/mnt/data/dheeraj/dicertation/inference-profile/runs/revised-rerun-20260415-145100-g7-opt67b-c512-1024/raw/points/decode/decode-facebook-opt-6-7b-seq-1024-block-1024-mode-pcie_async-sm-16.csv
facebook/opt-6.7b,1024,1024,gemv,q_proj,24,0,163.83999586105347,428072960,428081152,8192,8192,vram,2026-04-15T13:53:49Z,baseline_nvml_pt,nvidia-smi,ok,0.0,109.0,1695.0,7601.0,66.81,3.832832098007202,408.375,408.375,0.1328125,True,,70.81,64.525,69.56,estimated,,decode-facebook-opt-6-7b-seq-1024-block-1024-mode-vram-sm-24,success,,,/mnt/data/dheeraj/dicertation/inference-profile/runs/revised-rerun-20260415-145100-g7-opt67b-c512-1024/raw/points/decode/decode-facebook-opt-6-7b-seq-1024-block-1024-mode-vram-sm-24.csv
facebook/opt-6.7b,1024,1024,gemv,k_proj,24,0,3431.23197555542,428072960,428081152,8192,8192,vram,2026-04-15T13:53:49Z,baseline_nvml_pt,nvidia-smi,ok,0.0,109.0,1695.0,7601.0,66.81,3.832832098007202,408.375,408.375,0.1328125,True,,70.81,64.525,69.56,estimated,,decode-facebook-opt-6-7b-seq-1024-block-1024-mode-vram-sm-24,success,,,/mnt/data/dheeraj/dicertation/inference-profile/runs/revised-rerun-20260415-145100-g7-opt67b-c512-1024/raw/points/decode/decode-facebook-opt-6-7b-seq-1024-block-1024-mode-vram-sm-24.csv
facebook/opt-6.7b,1024,1024,gemv,v_proj,24,0,119.80800330638885,428072960,428081152,8192,8192,vram,2026-04-15T13:53:49Z,baseline_nvml_pt,nvidia-smi,ok,0.0,109.0,1695.0,7601.0,66.81,3.832832098007202,408.375,408.375,0.1328125,True,,70.81,64.525,69.56,estimated,,decode-facebook-opt-6-7b-seq-1024-block-1024-mode-vram-sm-24,success,,,/mnt/data/dheeraj/dicertation/inference-profile/runs/revised-rerun-20260415-145100-g7-opt67b-c512-1024/raw/points/decode/decode-facebook-opt-6-7b-seq-1024-block-1024-mode-vram-sm-24.csv
facebook/opt-6.7b,1024,1024,gemv,out_proj,24,0,116.54400080442429,428072960,428081152,8192,8192,vram,2026-04-15T13:53:49Z,baseline_nvml_pt,nvidia-smi,ok,0.0,109.0,1695.0,7601.0,66.81,3.832832098007202,408.375,408.375,0.1328125,True,,70.81,64.525,69.56,estimated,,decode-facebook-opt-6-7b-seq-1024-block-1024-mode-vram-sm-24,success,,,/mnt/data/dheeraj/dicertation/inference-profile/runs/revised-rerun-20260415-145100-g7-opt67b-c512-1024/raw/points/decode/decode-facebook-opt-6-7b-seq-1024-block-1024-mode-vram-sm-24.csv
facebook/opt-6.7b,1024,1024,gemv,fc1,24,0,275.4560112953186,428072960,428105728,32768,32768,vram,2026-04-15T13:53:49Z,baseline_nvml_pt,nvidia-smi,ok,0.0,109.0,1695.0,7601.0,66.81,3.832832098007202,408.375,408.375,0.1328125,True,,70.81,64.525,69.56,estimated,,decode-facebook-opt-6-7b-seq-1024-block-1024-mode-vram-sm-24,success,,,/mnt/data/dheeraj/dicertation/inference-profile/runs/revised-rerun-20260415-145100-g7-opt67b-c512-1024/raw/points/decode/decode-facebook-opt-6-7b-seq-1024-block-1024-mode-vram-sm-24.csv
facebook/opt-6.7b,1024,1024,gemv,fc2,24,0,261.1199915409088,428072960,428081152,8192,8192,vram,2026-04-15T13:53:49Z,baseline_nvml_pt,nvidia-smi,ok,0.0,109.0,1695.0,7601.0,66.81,3.832832098007202,408.375,408.375,0.1328125,True,,70.81,64.525,69.56,estimated,,decode-facebook-opt-6-7b-seq-1024-block-1024-mode-vram-sm-24,success,,,/mnt/data/dheeraj/dicertation/inference-profile/runs/revised-rerun-20260415-145100-g7-opt67b-c512-1024/raw/points/decode/decode-facebook-opt-6-7b-seq-1024-block-1024-mode-vram-sm-24.csv
facebook/opt-6.7b,1024,1024,attention_fetch_compute,,24,0,136.25599443912506,428072960,428212224,139264,139264,vram,2026-04-15T13:53:49Z,baseline_nvml_pt,nvidia-smi,ok,0.0,109.0,1695.0,7601.0,66.81,3.832832098007202,408.375,408.375,0.1328125,True,,70.81,64.525,69.56,estimated,,decode-facebook-opt-6-7b-seq-1024-block-1024-mode-vram-sm-24,success,,,/mnt/data/dheeraj/dicertation/inference-profile/runs/revised-rerun-20260415-145100-g7-opt67b-c512-1024/raw/points/decode/decode-facebook-opt-6-7b-seq-1024-block-1024-mode-vram-sm-24.csv
facebook/opt-6.7b,1024,1024,reduction_overhead,,24,0,31.520001590251923,428212224,428212224,0,8192,vram,2026-04-15T13:53:49Z,baseline_nvml_pt,nvidia-smi,ok,0.0,109.0,1695.0,7601.0,66.81,3.832832098007202,408.375,408.375,0.1328125,True,,70.81,64.525,69.56,estimated,,decode-facebook-opt-6-7b-seq-1024-block-1024-mode-vram-sm-24,success,,,/mnt/data/dheeraj/dicertation/inference-profile/runs/revised-rerun-20260415-145100-g7-opt67b-c512-1024/raw/points/decode/decode-facebook-opt-6-7b-seq-1024-block-1024-mode-vram-sm-24.csv
facebook/opt-6.7b,1024,1024,gemv,q_proj,24,1,118.75200271606445,428072960,428081152,8192,8192,vram,2026-04-15T13:53:49Z,baseline_nvml_pt,nvidia-smi,ok,0.0,109.0,1695.0,7601.0,66.81,3.832832098007202,408.375,408.375,0.1328125,True,,70.81,64.525,69.56,estimated,,decode-facebook-opt-6-7b-seq-1024-block-1024-mode-vram-sm-24,success,,,/mnt/data/dheeraj/dicertation/inference-profile/runs/revised-rerun-20260415-145100-g7-opt67b-c512-1024/raw/points/decode/decode-facebook-opt-6-7b-seq-1024-block-1024-mode-vram-sm-24.csv
facebook/opt-6.7b,1024,1024,gemv,k_proj,24,1,113.56800049543381,428072960,428081152,8192,8192,vram,2026-04-15T13:53:49Z,baseline_nvml_pt,nvidia-smi,ok,0.0,109.0,1695.0,7601.0,66.81,3.832832098007202,408.375,408.375,0.1328125,True,,70.81,64.525,69.56,estimated,,decode-facebook-opt-6-7b-seq-1024-block-1024-mode-vram-sm-24,success,,,/mnt/data/dheeraj/dicertation/inference-profile/runs/revised-rerun-20260415-145100-g7-opt67b-c512-1024/raw/points/decode/decode-facebook-opt-6-7b-seq-1024-block-1024-mode-vram-sm-24.csv
facebook/opt-6.7b,1024,1024,gemv,v_proj,24,1,3832.832098007202,428072960,428081152,8192,8192,vram,2026-04-15T13:53:49Z,baseline_nvml_pt,nvidia-smi,ok,0.0,109.0,1695.0,7601.0,66.81,3.832832098007202,408.375,408.375,0.1328125,True,,70.81,64.525,69.56,estimated,,decode-facebook-opt-6-7b-seq-1024-block-1024-mode-vram-sm-24,success,,,/mnt/data/dheeraj/dicertation/inference-profile/runs/revised-rerun-20260415-145100-g7-opt67b-c512-1024/raw/points/decode/decode-facebook-opt-6-7b-seq-1024-block-1024-mode-vram-sm-24.csv
facebook/opt-6.7b,1024,1024,gemv,out_proj,24,1,114.68800157308578,428072960,428081152,8192,8192,vram,2026-04-15T13:53:49Z,baseline_nvml_pt,nvidia-smi,ok,0.0,109.0,1695.0,7601.0,66.81,3.832832098007202,408.375,408.375,0.1328125,True,,70.81,64.525,69.56,estimated,,decode-facebook-opt-6-7b-seq-1024-block-1024-mode-vram-sm-24,success,,,/mnt/data/dheeraj/dicertation/inference-profile/runs/revised-rerun-20260415-145100-g7-opt67b-c512-1024/raw/points/decode/decode-facebook-opt-6-7b-seq-1024-block-1024-mode-vram-sm-24.csv
facebook/opt-6.7b,1024,1024,gemv,fc1,24,1,260.09601354599,428072960,428105728,32768,32768,vram,2026-04-15T13:53:49Z,baseline_nvml_pt,nvidia-smi,ok,0.0,109.0,1695.0,7601.0,66.81,3.832832098007202,408.375,408.375,0.1328125,True,,70.81,64.525,69.56,estimated,,decode-facebook-opt-6-7b-seq-1024-block-1024-mode-vram-sm-24,success,,,/mnt/data/dheeraj/dicertation/inference-profile/runs/revised-rerun-20260415-145100-g7-opt67b-c512-1024/raw/points/decode/decode-facebook-opt-6-7b-seq-1024-block-1024-mode-vram-sm-24.csv
facebook/opt-6.7b,1024,1024,gemv,fc2,24,1,249.85599517822266,428072960,428081152,8192,8192,vram,2026-04-15T13:53:49Z,baseline_nvml_pt,nvidia-smi,ok,0.0,109.0,1695.0,7601.0,66.81,3.832832098007202,408.375,408.375,0.1328125,True,,70.81,64.525,69.56,estimated,,decode-facebook-opt-6-7b-seq-1024-block-1024-mode-vram-sm-24,success,,,/mnt/data/dheeraj/dicertation/inference-profile/runs/revised-rerun-20260415-145100-g7-opt67b-c512-1024/raw/points/decode/decode-facebook-opt-6-7b-seq-1024-block-1024-mode-vram-sm-24.csv
facebook/opt-6.7b,1024,1024,attention_fetch_compute,,24,1,141.31200313568115,428072960,428212224,139264,139264,vram,2026-04-15T13:53:49Z,baseline_nvml_pt,nvidia-smi,ok,0.0,109.0,1695.0,7601.0,66.81,3.832832098007202,408.375,408.375,0.1328125,True,,70.81,64.525,69.56,estimated,,decode-facebook-opt-6-7b-seq-1024-block-1024-mode-vram-sm-24,success,,,/mnt/data/dheeraj/dicertation/inference-profile/runs/revised-rerun-20260415-145100-g7-opt67b-c512-1024/raw/points/decode/decode-facebook-opt-6-7b-seq-1024-block-1024-mode-vram-sm-24.csv
facebook/opt-6.7b,1024,1024,reduction_overhead,,24,1,21.503999829292297,428212224,428212224,0,8192,vram,2026-04-15T13:53:49Z,baseline_nvml_pt,nvidia-smi,ok,0.0,109.0,1695.0,7601.0,66.81,3.832832098007202,408.375,408.375,0.1328125,True,,70.81,64.525,69.56,estimated,,decode-facebook-opt-6-7b-seq-1024-block-1024-mode-vram-sm-24,success,,,/mnt/data/dheeraj/dicertation/inference-profile/runs/revised-rerun-20260415-145100-g7-opt67b-c512-1024/raw/points/decode/decode-facebook-opt-6-7b-seq-1024-block-1024-mode-vram-sm-24.csv
facebook/opt-6.7b,1024,1024,gemv,q_proj,24,2,119.80800330638885,428072960,428081152,8192,8192,vram,2026-04-15T13:53:49Z,baseline_nvml_pt,nvidia-smi,ok,0.0,109.0,1695.0,7601.0,66.81,3.832832098007202,408.375,408.375,0.1328125,True,,70.81,64.525,69.56,estimated,,decode-facebook-opt-6-7b-seq-1024-block-1024-mode-vram-sm-24,success,,,/mnt/data/dheeraj/dicertation/inference-profile/runs/revised-rerun-20260415-145100-g7-opt67b-c512-1024/raw/points/decode/decode-facebook-opt-6-7b-seq-1024-block-1024-mode-vram-sm-24.csv
facebook/opt-6.7b,1024,1024,gemv,k_proj,24,2,115.64800143241882,428072960,428081152,8192,8192,vram,2026-04-15T13:53:49Z,baseline_nvml_pt,nvidia-smi,ok,0.0,109.0,1695.0,7601.0,66.81,3.832832098007202,408.375,408.375,0.1328125,True,,70.81,64.525,69.56,estimated,,decode-facebook-opt-6-7b-seq-1024-block-1024-mode-vram-sm-24,success,,,/mnt/data/dheeraj/dicertation/inference-profile/runs/revised-rerun-20260415-145100-g7-opt67b-c512-1024/raw/points/decode/decode-facebook-opt-6-7b-seq-1024-block-1024-mode-vram-sm-24.csv
facebook/opt-6.7b,1024,1024,gemv,v_proj,24,2,113.63200098276138,428072960,428081152,8192,8192,vram,2026-04-15T13:53:49Z,baseline_nvml_pt,nvidia-smi,ok,0.0,109.0,1695.0,7601.0,66.81,3.832832098007202,408.375,408.375,0.1328125,True,,70.81,64.525,69.56,estimated,,decode-facebook-opt-6-7b-seq-1024-block-1024-mode-vram-sm-24,success,,,/mnt/data/dheeraj/dicertation/inference-profile/runs/revised-rerun-20260415-145100-g7-opt67b-c512-1024/raw/points/decode/decode-facebook-opt-6-7b-seq-1024-block-1024-mode-vram-sm-24.csv
facebook/opt-6.7b,1024,1024,gemv,out_proj,24,2,110.59200018644333,428072960,428081152,8192,8192,vram,2026-04-15T13:53:49Z,baseline_nvml_pt,nvidia-smi,ok,0.0,109.0,1695.0,7601.0,66.81,3.832832098007202,408.375,408.375,0.1328125,True,,70.81,64.525,69.56,estimated,,decode-facebook-opt-6-7b-seq-1024-block-1024-mode-vram-sm-24,success,,,/mnt/data/dheeraj/dicertation/inference-profile/runs/revised-rerun-20260415-145100-g7-opt67b-c512-1024/raw/points/decode/decode-facebook-opt-6-7b-seq-1024-block-1024-mode-vram-sm-24.csv
facebook/opt-6.7b,1024,1024,gemv,fc1,24,2,261.1199915409088,428072960,428105728,32768,32768,vram,2026-04-15T13:53:49Z,baseline_nvml_pt,nvidia-smi,ok,0.0,109.0,1695.0,7601.0,66.81,3.832832098007202,408.375,408.375,0.1328125,True,,70.81,64.525,69.56,estimated,,decode-facebook-opt-6-7b-seq-1024-block-1024-mode-vram-sm-24,success,,,/mnt/data/dheeraj/dicertation/inference-profile/runs/revised-rerun-20260415-145100-g7-opt67b-c512-1024/raw/points/decode/decode-facebook-opt-6-7b-seq-1024-block-1024-mode-vram-sm-24.csv
facebook/opt-6.7b,1024,1024,gemv,fc2,24,2,249.85599517822266,428072960,428081152,8192,8192,vram,2026-04-15T13:53:49Z,baseline_nvml_pt,nvidia-smi,ok,0.0,109.0,1695.0,7601.0,66.81,3.832832098007202,408.375,408.375,0.1328125,True,,70.81,64.525,69.56,estimated,,decode-facebook-opt-6-7b-seq-1024-block-1024-mode-vram-sm-24,success,,,/mnt/data/dheeraj/dicertation/inference-profile/runs/revised-rerun-20260415-145100-g7-opt67b-c512-1024/raw/points/decode/decode-facebook-opt-6-7b-seq-1024-block-1024-mode-vram-sm-24.csv
facebook/opt-6.7b,1024,1024,attention_fetch_compute,,24,2,129.02399897575378,428072960,428212224,139264,139264,vram,2026-04-15T13:53:49Z,baseline_nvml_pt,nvidia-smi,ok,0.0,109.0,1695.0,7601.0,66.81,3.832832098007202,408.375,408.375,0.1328125,True,,70.81,64.525,69.56,estimated,,decode-facebook-opt-6-7b-seq-1024-block-1024-mode-vram-sm-24,success,,,/mnt/data/dheeraj/dicertation/inference-profile/runs/revised-rerun-20260415-145100-g7-opt67b-c512-1024/raw/points/decode/decode-facebook-opt-6-7b-seq-1024-block-1024-mode-vram-sm-24.csv
facebook/opt-6.7b,1024,1024,reduction_overhead,,24,2,20.38400061428547,428212224,428212224,0,8192,vram,2026-04-15T13:53:49Z,baseline_nvml_pt,nvidia-smi,ok,0.0,109.0,1695.0,7601.0,66.81,3.832832098007202,408.375,408.375,0.1328125,True,,70.81,64.525,69.56,estimated,,decode-facebook-opt-6-7b-seq-1024-block-1024-mode-vram-sm-24,success,,,/mnt/data/dheeraj/dicertation/inference-profile/runs/revised-rerun-20260415-145100-g7-opt67b-c512-1024/raw/points/decode/decode-facebook-opt-6-7b-seq-1024-block-1024-mode-vram-sm-24.csv
facebook/opt-6.7b,1024,1024,gemv,q_proj,24,3,118.72000247240067,428072960,428081152,8192,8192,vram,2026-04-15T13:53:49Z,baseline_nvml_pt,nvidia-smi,ok,0.0,109.0,1695.0,7601.0,66.81,3.832832098007202,408.375,408.375,0.1328125,True,,70.81,64.525,69.56,estimated,,decode-facebook-opt-6-7b-seq-1024-block-1024-mode-vram-sm-24,success,,,/mnt/data/dheeraj/dicertation/inference-profile/runs/revised-rerun-20260415-145100-g7-opt67b-c512-1024/raw/points/decode/decode-facebook-opt-6-7b-seq-1024-block-1024-mode-vram-sm-24.csv
facebook/opt-6.7b,1024,1024,gemv,k_proj,24,3,115.7120019197464,428072960,428081152,8192,8192,vram,2026-04-15T13:53:49Z,baseline_nvml_pt,nvidia-smi,ok,0.0,109.0,1695.0,7601.0,66.81,3.832832098007202,408.375,408.375,0.1328125,True,,70.81,64.525,69.56,estimated,,decode-facebook-opt-6-7b-seq-1024-block-1024-mode-vram-sm-24,success,,,/mnt/data/dheeraj/dicertation/inference-profile/runs/revised-rerun-20260415-145100-g7-opt67b-c512-1024/raw/points/decode/decode-facebook-opt-6-7b-seq-1024-block-1024-mode-vram-sm-24.csv
facebook/opt-6.7b,1024,1024,gemv,v_proj,24,3,112.64000087976456,428072960,428081152,8192,8192,vram,2026-04-15T13:53:49Z,baseline_nvml_pt,nvidia-smi,ok,0.0,109.0,1695.0,7601.0,66.81,3.832832098007202,408.375,408.375,0.1328125,True,,70.81,64.525,69.56,estimated,,decode-facebook-opt-6-7b-seq-1024-block-1024-mode-vram-sm-24,success,,,/mnt/data/dheeraj/dicertation/inference-profile/runs/revised-rerun-20260415-145100-g7-opt67b-c512-1024/raw/points/decode/decode-facebook-opt-6-7b-seq-1024-block-1024-mode-vram-sm-24.csv
facebook/opt-6.7b,1024,1024,gemv,out_proj,24,3,110.3999987244606,428072960,428081152,8192,8192,vram,2026-04-15T13:53:49Z,baseline_nvml_pt,nvidia-smi,ok,0.0,109.0,1695.0,7601.0,66.81,3.832832098007202,408.375,408.375,0.1328125,True,,70.81,64.525,69.56,estimated,,decode-facebook-opt-6-7b-seq-1024-block-1024-mode-vram-sm-24,success,,,/mnt/data/dheeraj/dicertation/inference-profile/runs/revised-rerun-20260415-145100-g7-opt67b-c512-1024/raw/points/decode/decode-facebook-opt-6-7b-seq-1024-block-1024-mode-vram-sm-24.csv
facebook/opt-6.7b,1024,1024,gemv,fc1,24,3,258.04799795150757,428072960,428105728,32768,32768,vram,2026-04-15T13:53:49Z,baseline_nvml_pt,nvidia-smi,ok,0.0,109.0,1695.0,7601.0,66.81,3.832832098007202,408.375,408.375,0.1328125,True,,70.81,64.525,69.56,estimated,,decode-facebook-opt-6-7b-seq-1024-block-1024-mode-vram-sm-24,success,,,/mnt/data/dheeraj/dicertation/inference-profile/runs/revised-rerun-20260415-145100-g7-opt67b-c512-1024/raw/points/decode/decode-facebook-opt-6-7b-seq-1024-block-1024-mode-vram-sm-24.csv
facebook/opt-6.7b,1024,1024,gemv,fc2,24,3,249.85599517822266,428072960,428081152,8192,8192,vram,2026-04-15T13:53:49Z,baseline_nvml_pt,nvidia-smi,ok,0.0,109.0,1695.0,7601.0,66.81,3.832832098007202,408.375,408.375,0.1328125,True,,70.81,64.525,69.56,estimated,,decode-facebook-opt-6-7b-seq-1024-block-1024-mode-vram-sm-24,success,,,/mnt/data/dheeraj/dicertation/inference-profile/runs/revised-rerun-20260415-145100-g7-opt67b-c512-1024/raw/points/decode/decode-facebook-opt-6-7b-seq-1024-block-1024-mode-vram-sm-24.csv
facebook/opt-6.7b,1024,1024,attention_fetch_compute,,24,3,132.32000172138214,428072960,428212224,139264,139264,vram,2026-04-15T13:53:49Z,baseline_nvml_pt,nvidia-smi,ok,0.0,109.0,1695.0,7601.0,66.81,3.832832098007202,408.375,408.375,0.1328125,True,,70.81,64.525,69.56,estimated,,decode-facebook-opt-6-7b-seq-1024-block-1024-mode-vram-sm-24,success,,,/mnt/data/dheeraj/dicertation/inference-profile/runs/revised-rerun-20260415-145100-g7-opt67b-c512-1024/raw/points/decode/decode-facebook-opt-6-7b-seq-1024-block-1024-mode-vram-sm-24.csv
facebook/opt-6.7b,1024,1024,reduction_overhead,,24,3,20.479999482631683,428212224,428212224,0,8192,vram,2026-04-15T13:53:49Z,baseline_nvml_pt,nvidia-smi,ok,0.0,109.0,1695.0,7601.0,66.81,3.832832098007202,408.375,408.375,0.1328125,True,,70.81,64.525,69.56,estimated,,decode-facebook-opt-6-7b-seq-1024-block-1024-mode-vram-sm-24,success,,,/mnt/data/dheeraj/dicertation/inference-profile/runs/revised-rerun-20260415-145100-g7-opt67b-c512-1024/raw/points/decode/decode-facebook-opt-6-7b-seq-1024-block-1024-mode-vram-sm-24.csv
facebook/opt-6.7b,1024,1024,gemv,q_proj,24,4,116.73600226640701,428072960,428081152,8192,8192,vram,2026-04-15T13:53:49Z,baseline_nvml_pt,nvidia-smi,ok,0.0,109.0,1695.0,7601.0,66.81,3.832832098007202,408.375,408.375,0.1328125,True,,70.81,64.525,69.56,estimated,,decode-facebook-opt-6-7b-seq-1024-block-1024-mode-vram-sm-24,success,,,/mnt/data/dheeraj/dicertation/inference-profile/runs/revised-rerun-20260415-145100-g7-opt67b-c512-1024/raw/points/decode/decode-facebook-opt-6-7b-seq-1024-block-1024-mode-vram-sm-24.csv
facebook/opt-6.7b,1024,1024,gemv,k_proj,24,4,111.61600053310394,428072960,428081152,8192,8192,vram,2026-04-15T13:53:49Z,baseline_nvml_pt,nvidia-smi,ok,0.0,109.0,1695.0,7601.0,66.81,3.832832098007202,408.375,408.375,0.1328125,True,,70.81,64.525,69.56,estimated,,decode-facebook-opt-6-7b-seq-1024-block-1024-mode-vram-sm-24,success,,,/mnt/data/dheeraj/dicertation/inference-profile/runs/revised-rerun-20260415-145100-g7-opt67b-c512-1024/raw/points/decode/decode-facebook-opt-6-7b-seq-1024-block-1024-mode-vram-sm-24.csv
facebook/opt-6.7b,1024,1024,gemv,v_proj,24,4,115.7120019197464,428072960,428081152,8192,8192,vram,2026-04-15T13:53:49Z,baseline_nvml_pt,nvidia-smi,ok,0.0,109.0,1695.0,7601.0,66.81,3.832832098007202,408.375,408.375,0.1328125,True,,70.81,64.525,69.56,estimated,,decode-facebook-opt-6-7b-seq-1024-block-1024-mode-vram-sm-24,success,,,/mnt/data/dheeraj/dicertation/inference-profile/runs/revised-rerun-20260415-145100-g7-opt67b-c512-1024/raw/points/decode/decode-facebook-opt-6-7b-seq-1024-block-1024-mode-vram-sm-24.csv
facebook/opt-6.7b,1024,1024,gemv,out_proj,24,4,132.9600065946579,428072960,428081152,8192,8192,vram,2026-04-15T13:53:49Z,baseline_nvml_pt,nvidia-smi,ok,0.0,109.0,1695.0,7601.0,66.81,3.832832098007202,408.375,408.375,0.1328125,True,,70.81,64.525,69.56,estimated,,decode-facebook-opt-6-7b-seq-1024-block-1024-mode-vram-sm-24,success,,,/mnt/data/dheeraj/dicertation/inference-profile/runs/revised-rerun-20260415-145100-g7-opt67b-c512-1024/raw/points/decode/decode-facebook-opt-6-7b-seq-1024-block-1024-mode-vram-sm-24.csv
facebook/opt-6.7b,1024,1024,gemv,fc1,24,4,257.9520046710968,428072960,428105728,32768,32768,vram,2026-04-15T13:53:49Z,baseline_nvml_pt,nvidia-smi,ok,0.0,109.0,1695.0,7601.0,66.81,3.832832098007202,408.375,408.375,0.1328125,True,,70.81,64.525,69.56,estimated,,decode-facebook-opt-6-7b-seq-1024-block-1024-mode-vram-sm-24,success,,,/mnt/data/dheeraj/dicertation/inference-profile/runs/revised-rerun-20260415-145100-g7-opt67b-c512-1024/raw/points/decode/decode-facebook-opt-6-7b-seq-1024-block-1024-mode-vram-sm-24.csv
facebook/opt-6.7b,1024,1024,gemv,fc2,24,4,246.7840015888214,428072960,428081152,8192,8192,vram,2026-04-15T13:53:49Z,baseline_nvml_pt,nvidia-smi,ok,0.0,109.0,1695.0,7601.0,66.81,3.832832098007202,408.375,408.375,0.1328125,True,,70.81,64.525,69.56,estimated,,decode-facebook-opt-6-7b-seq-1024-block-1024-mode-vram-sm-24,success,,,/mnt/data/dheeraj/dicertation/inference-profile/runs/revised-rerun-20260415-145100-g7-opt67b-c512-1024/raw/points/decode/decode-facebook-opt-6-7b-seq-1024-block-1024-mode-vram-sm-24.csv
facebook/opt-6.7b,1024,1024,attention_fetch_compute,,24,4,132.09599256515503,428072960,428212224,139264,139264,vram,2026-04-15T13:53:49Z,baseline_nvml_pt,nvidia-smi,ok,0.0,109.0,1695.0,7601.0,66.81,3.832832098007202,408.375,408.375,0.1328125,True,,70.81,64.525,69.56,estimated,,decode-facebook-opt-6-7b-seq-1024-block-1024-mode-vram-sm-24,success,,,/mnt/data/dheeraj/dicertation/inference-profile/runs/revised-rerun-20260415-145100-g7-opt67b-c512-1024/raw/points/decode/decode-facebook-opt-6-7b-seq-1024-block-1024-mode-vram-sm-24.csv
facebook/opt-6.7b,1024,1024,reduction_overhead,,24,4,21.47199958562851,428212224,428212224,0,8192,vram,2026-04-15T13:53:49Z,baseline_nvml_pt,nvidia-smi,ok,0.0,109.0,1695.0,7601.0,66.81,3.832832098007202,408.375,408.375,0.1328125,True,,70.81,64.525,69.56,estimated,,decode-facebook-opt-6-7b-seq-1024-block-1024-mode-vram-sm-24,success,,,/mnt/data/dheeraj/dicertation/inference-profile/runs/revised-rerun-20260415-145100-g7-opt67b-c512-1024/raw/points/decode/decode-facebook-opt-6-7b-seq-1024-block-1024-mode-vram-sm-24.csv
