model_id,chunk_tokens,op_type,op_name,sm_ai_partition,timed_iteration,duration_us,baseline_vram_bytes,peak_vram_bytes,dynamic_workspace_bytes,output_bytes,max_input_tokens,telemetry_ts,telemetry_tier,telemetry_provider,telemetry_status,gpu_util,gpu_mem_used_mb,sm_clock_mhz,mem_clock_mhz,power_w,pt_step_ms,pt_mem_alloc_mb,pt_mem_reserved_mb,pt_workspace_mb,nvml_available,sampling_error,acu_pct,gbu_pct,smu_pct,microscopic_telemetry_status,microscopic_error,point_id,public_status,failure_kind,failure_cause,raw_output_path
facebook/opt-125m,64,gemm,q_proj,8,0,174.0799993276596,24524288,24622592,98304,98304,1024,2026-04-15T13:51:20Z,baseline_nvml_pt,nvidia-smi,ok,0.0,35.0,1695.0,7601.0,60.69,3.7641921043395996,23.76318359375,23.76318359375,0.375,True,,71.10000000000001,70.0,62.1,estimated,,prefill-facebook-opt-125m-chunk-64-sm-8,success,,,/mnt/data/dheeraj/dicertation/inference-profile/runs/revised-rerun-20260415-145100-g0-opt125m/raw/points/prefill/prefill-facebook-opt-125m-chunk-64-sm-8.csv
facebook/opt-125m,64,gemm,k_proj,8,0,119.80800330638885,24524288,24622592,98304,98304,1024,2026-04-15T13:51:20Z,baseline_nvml_pt,nvidia-smi,ok,0.0,35.0,1695.0,7601.0,60.69,3.7641921043395996,23.76318359375,23.76318359375,0.375,True,,71.10000000000001,70.0,62.1,estimated,,prefill-facebook-opt-125m-chunk-64-sm-8,success,,,/mnt/data/dheeraj/dicertation/inference-profile/runs/revised-rerun-20260415-145100-g0-opt125m/raw/points/prefill/prefill-facebook-opt-125m-chunk-64-sm-8.csv
facebook/opt-125m,64,gemm,v_proj,8,0,89.08800035715103,24524288,24622592,98304,98304,1024,2026-04-15T13:51:20Z,baseline_nvml_pt,nvidia-smi,ok,0.0,35.0,1695.0,7601.0,60.69,3.7641921043395996,23.76318359375,23.76318359375,0.375,True,,71.10000000000001,70.0,62.1,estimated,,prefill-facebook-opt-125m-chunk-64-sm-8,success,,,/mnt/data/dheeraj/dicertation/inference-profile/runs/revised-rerun-20260415-145100-g0-opt125m/raw/points/prefill/prefill-facebook-opt-125m-chunk-64-sm-8.csv
facebook/opt-125m,64,gemm,out_proj,8,0,87.16800063848495,24524288,24622592,98304,98304,1024,2026-04-15T13:51:20Z,baseline_nvml_pt,nvidia-smi,ok,0.0,35.0,1695.0,7601.0,60.69,3.7641921043395996,23.76318359375,23.76318359375,0.375,True,,71.10000000000001,70.0,62.1,estimated,,prefill-facebook-opt-125m-chunk-64-sm-8,success,,,/mnt/data/dheeraj/dicertation/inference-profile/runs/revised-rerun-20260415-145100-g0-opt125m/raw/points/prefill/prefill-facebook-opt-125m-chunk-64-sm-8.csv
facebook/opt-125m,64,gemm,fc1,8,0,87.2960016131401,24524288,24917504,393216,393216,1024,2026-04-15T13:51:20Z,baseline_nvml_pt,nvidia-smi,ok,0.0,35.0,1695.0,7601.0,60.69,3.7641921043395996,23.76318359375,23.76318359375,0.375,True,,71.10000000000001,70.0,62.1,estimated,,prefill-facebook-opt-125m-chunk-64-sm-8,success,,,/mnt/data/dheeraj/dicertation/inference-profile/runs/revised-rerun-20260415-145100-g0-opt125m/raw/points/prefill/prefill-facebook-opt-125m-chunk-64-sm-8.csv
facebook/opt-125m,64,gemm,fc2,8,0,83.96799862384796,24524288,24622592,98304,98304,1024,2026-04-15T13:51:20Z,baseline_nvml_pt,nvidia-smi,ok,0.0,35.0,1695.0,7601.0,60.69,3.7641921043395996,23.76318359375,23.76318359375,0.375,True,,71.10000000000001,70.0,62.1,estimated,,prefill-facebook-opt-125m-chunk-64-sm-8,success,,,/mnt/data/dheeraj/dicertation/inference-profile/runs/revised-rerun-20260415-145100-g0-opt125m/raw/points/prefill/prefill-facebook-opt-125m-chunk-64-sm-8.csv
facebook/opt-125m,64,attention,attention,8,0,62.463998794555664,24524288,24626688,102400,98304,1024,2026-04-15T13:51:20Z,baseline_nvml_pt,nvidia-smi,ok,0.0,35.0,1695.0,7601.0,60.69,3.7641921043395996,23.76318359375,23.76318359375,0.375,True,,71.10000000000001,70.0,62.1,estimated,,prefill-facebook-opt-125m-chunk-64-sm-8,success,,,/mnt/data/dheeraj/dicertation/inference-profile/runs/revised-rerun-20260415-145100-g0-opt125m/raw/points/prefill/prefill-facebook-opt-125m-chunk-64-sm-8.csv
facebook/opt-125m,64,gemm,q_proj,8,1,82.87999778985977,24524288,24622592,98304,98304,1024,2026-04-15T13:51:20Z,baseline_nvml_pt,nvidia-smi,ok,0.0,35.0,1695.0,7601.0,60.69,3.7641921043395996,23.76318359375,23.76318359375,0.375,True,,71.10000000000001,70.0,62.1,estimated,,prefill-facebook-opt-125m-chunk-64-sm-8,success,,,/mnt/data/dheeraj/dicertation/inference-profile/runs/revised-rerun-20260415-145100-g0-opt125m/raw/points/prefill/prefill-facebook-opt-125m-chunk-64-sm-8.csv
facebook/opt-125m,64,gemm,k_proj,8,1,80.60800284147263,24524288,24622592,98304,98304,1024,2026-04-15T13:51:20Z,baseline_nvml_pt,nvidia-smi,ok,0.0,35.0,1695.0,7601.0,60.69,3.7641921043395996,23.76318359375,23.76318359375,0.375,True,,71.10000000000001,70.0,62.1,estimated,,prefill-facebook-opt-125m-chunk-64-sm-8,success,,,/mnt/data/dheeraj/dicertation/inference-profile/runs/revised-rerun-20260415-145100-g0-opt125m/raw/points/prefill/prefill-facebook-opt-125m-chunk-64-sm-8.csv
facebook/opt-125m,64,gemm,v_proj,8,1,73.60000163316727,24524288,24622592,98304,98304,1024,2026-04-15T13:51:20Z,baseline_nvml_pt,nvidia-smi,ok,0.0,35.0,1695.0,7601.0,60.69,3.7641921043395996,23.76318359375,23.76318359375,0.375,True,,71.10000000000001,70.0,62.1,estimated,,prefill-facebook-opt-125m-chunk-64-sm-8,success,,,/mnt/data/dheeraj/dicertation/inference-profile/runs/revised-rerun-20260415-145100-g0-opt125m/raw/points/prefill/prefill-facebook-opt-125m-chunk-64-sm-8.csv
facebook/opt-125m,64,gemm,out_proj,8,1,75.77600330114365,24524288,24622592,98304,98304,1024,2026-04-15T13:51:20Z,baseline_nvml_pt,nvidia-smi,ok,0.0,35.0,1695.0,7601.0,60.69,3.7641921043395996,23.76318359375,23.76318359375,0.375,True,,71.10000000000001,70.0,62.1,estimated,,prefill-facebook-opt-125m-chunk-64-sm-8,success,,,/mnt/data/dheeraj/dicertation/inference-profile/runs/revised-rerun-20260415-145100-g0-opt125m/raw/points/prefill/prefill-facebook-opt-125m-chunk-64-sm-8.csv
facebook/opt-125m,64,gemm,fc1,8,1,71.3919997215271,24524288,24917504,393216,393216,1024,2026-04-15T13:51:20Z,baseline_nvml_pt,nvidia-smi,ok,0.0,35.0,1695.0,7601.0,60.69,3.7641921043395996,23.76318359375,23.76318359375,0.375,True,,71.10000000000001,70.0,62.1,estimated,,prefill-facebook-opt-125m-chunk-64-sm-8,success,,,/mnt/data/dheeraj/dicertation/inference-profile/runs/revised-rerun-20260415-145100-g0-opt125m/raw/points/prefill/prefill-facebook-opt-125m-chunk-64-sm-8.csv
facebook/opt-125m,64,gemm,fc2,8,1,72.86400347948074,24524288,24622592,98304,98304,1024,2026-04-15T13:51:20Z,baseline_nvml_pt,nvidia-smi,ok,0.0,35.0,1695.0,7601.0,60.69,3.7641921043395996,23.76318359375,23.76318359375,0.375,True,,71.10000000000001,70.0,62.1,estimated,,prefill-facebook-opt-125m-chunk-64-sm-8,success,,,/mnt/data/dheeraj/dicertation/inference-profile/runs/revised-rerun-20260415-145100-g0-opt125m/raw/points/prefill/prefill-facebook-opt-125m-chunk-64-sm-8.csv
facebook/opt-125m,64,attention,attention,8,1,59.39200147986412,24524288,24626688,102400,98304,1024,2026-04-15T13:51:20Z,baseline_nvml_pt,nvidia-smi,ok,0.0,35.0,1695.0,7601.0,60.69,3.7641921043395996,23.76318359375,23.76318359375,0.375,True,,71.10000000000001,70.0,62.1,estimated,,prefill-facebook-opt-125m-chunk-64-sm-8,success,,,/mnt/data/dheeraj/dicertation/inference-profile/runs/revised-rerun-20260415-145100-g0-opt125m/raw/points/prefill/prefill-facebook-opt-125m-chunk-64-sm-8.csv
facebook/opt-125m,64,gemm,q_proj,8,2,84.89599823951721,24524288,24622592,98304,98304,1024,2026-04-15T13:51:20Z,baseline_nvml_pt,nvidia-smi,ok,0.0,35.0,1695.0,7601.0,60.69,3.7641921043395996,23.76318359375,23.76318359375,0.375,True,,71.10000000000001,70.0,62.1,estimated,,prefill-facebook-opt-125m-chunk-64-sm-8,success,,,/mnt/data/dheeraj/dicertation/inference-profile/runs/revised-rerun-20260415-145100-g0-opt125m/raw/points/prefill/prefill-facebook-opt-125m-chunk-64-sm-8.csv
facebook/opt-125m,64,gemm,k_proj,8,2,85.75999736785889,24524288,24622592,98304,98304,1024,2026-04-15T13:51:20Z,baseline_nvml_pt,nvidia-smi,ok,0.0,35.0,1695.0,7601.0,60.69,3.7641921043395996,23.76318359375,23.76318359375,0.375,True,,71.10000000000001,70.0,62.1,estimated,,prefill-facebook-opt-125m-chunk-64-sm-8,success,,,/mnt/data/dheeraj/dicertation/inference-profile/runs/revised-rerun-20260415-145100-g0-opt125m/raw/points/prefill/prefill-facebook-opt-125m-chunk-64-sm-8.csv
facebook/opt-125m,64,gemm,v_proj,8,2,74.75200295448303,24524288,24622592,98304,98304,1024,2026-04-15T13:51:20Z,baseline_nvml_pt,nvidia-smi,ok,0.0,35.0,1695.0,7601.0,60.69,3.7641921043395996,23.76318359375,23.76318359375,0.375,True,,71.10000000000001,70.0,62.1,estimated,,prefill-facebook-opt-125m-chunk-64-sm-8,success,,,/mnt/data/dheeraj/dicertation/inference-profile/runs/revised-rerun-20260415-145100-g0-opt125m/raw/points/prefill/prefill-facebook-opt-125m-chunk-64-sm-8.csv
facebook/opt-125m,64,gemm,out_proj,8,2,74.75200295448303,24524288,24622592,98304,98304,1024,2026-04-15T13:51:20Z,baseline_nvml_pt,nvidia-smi,ok,0.0,35.0,1695.0,7601.0,60.69,3.7641921043395996,23.76318359375,23.76318359375,0.375,True,,71.10000000000001,70.0,62.1,estimated,,prefill-facebook-opt-125m-chunk-64-sm-8,success,,,/mnt/data/dheeraj/dicertation/inference-profile/runs/revised-rerun-20260415-145100-g0-opt125m/raw/points/prefill/prefill-facebook-opt-125m-chunk-64-sm-8.csv
facebook/opt-125m,64,gemm,fc1,8,2,71.9359964132309,24524288,24917504,393216,393216,1024,2026-04-15T13:51:20Z,baseline_nvml_pt,nvidia-smi,ok,0.0,35.0,1695.0,7601.0,60.69,3.7641921043395996,23.76318359375,23.76318359375,0.375,True,,71.10000000000001,70.0,62.1,estimated,,prefill-facebook-opt-125m-chunk-64-sm-8,success,,,/mnt/data/dheeraj/dicertation/inference-profile/runs/revised-rerun-20260415-145100-g0-opt125m/raw/points/prefill/prefill-facebook-opt-125m-chunk-64-sm-8.csv
facebook/opt-125m,64,gemm,fc2,8,2,71.68000191450119,24524288,24622592,98304,98304,1024,2026-04-15T13:51:20Z,baseline_nvml_pt,nvidia-smi,ok,0.0,35.0,1695.0,7601.0,60.69,3.7641921043395996,23.76318359375,23.76318359375,0.375,True,,71.10000000000001,70.0,62.1,estimated,,prefill-facebook-opt-125m-chunk-64-sm-8,success,,,/mnt/data/dheeraj/dicertation/inference-profile/runs/revised-rerun-20260415-145100-g0-opt125m/raw/points/prefill/prefill-facebook-opt-125m-chunk-64-sm-8.csv
facebook/opt-125m,64,attention,attention,8,2,59.39200147986412,24524288,24626688,102400,98304,1024,2026-04-15T13:51:20Z,baseline_nvml_pt,nvidia-smi,ok,0.0,35.0,1695.0,7601.0,60.69,3.7641921043395996,23.76318359375,23.76318359375,0.375,True,,71.10000000000001,70.0,62.1,estimated,,prefill-facebook-opt-125m-chunk-64-sm-8,success,,,/mnt/data/dheeraj/dicertation/inference-profile/runs/revised-rerun-20260415-145100-g0-opt125m/raw/points/prefill/prefill-facebook-opt-125m-chunk-64-sm-8.csv
facebook/opt-125m,64,gemm,q_proj,8,3,3764.1921043395996,24524288,24622592,98304,98304,1024,2026-04-15T13:51:20Z,baseline_nvml_pt,nvidia-smi,ok,0.0,35.0,1695.0,7601.0,60.69,3.7641921043395996,23.76318359375,23.76318359375,0.375,True,,71.10000000000001,70.0,62.1,estimated,,prefill-facebook-opt-125m-chunk-64-sm-8,success,,,/mnt/data/dheeraj/dicertation/inference-profile/runs/revised-rerun-20260415-145100-g0-opt125m/raw/points/prefill/prefill-facebook-opt-125m-chunk-64-sm-8.csv
facebook/opt-125m,64,gemm,k_proj,8,3,84.25600081682205,24524288,24622592,98304,98304,1024,2026-04-15T13:51:20Z,baseline_nvml_pt,nvidia-smi,ok,0.0,35.0,1695.0,7601.0,60.69,3.7641921043395996,23.76318359375,23.76318359375,0.375,True,,71.10000000000001,70.0,62.1,estimated,,prefill-facebook-opt-125m-chunk-64-sm-8,success,,,/mnt/data/dheeraj/dicertation/inference-profile/runs/revised-rerun-20260415-145100-g0-opt125m/raw/points/prefill/prefill-facebook-opt-125m-chunk-64-sm-8.csv
facebook/opt-125m,64,gemm,v_proj,8,3,75.77600330114365,24524288,24622592,98304,98304,1024,2026-04-15T13:51:20Z,baseline_nvml_pt,nvidia-smi,ok,0.0,35.0,1695.0,7601.0,60.69,3.7641921043395996,23.76318359375,23.76318359375,0.375,True,,71.10000000000001,70.0,62.1,estimated,,prefill-facebook-opt-125m-chunk-64-sm-8,success,,,/mnt/data/dheeraj/dicertation/inference-profile/runs/revised-rerun-20260415-145100-g0-opt125m/raw/points/prefill/prefill-facebook-opt-125m-chunk-64-sm-8.csv
facebook/opt-125m,64,gemm,out_proj,8,3,72.95999675989151,24524288,24622592,98304,98304,1024,2026-04-15T13:51:20Z,baseline_nvml_pt,nvidia-smi,ok,0.0,35.0,1695.0,7601.0,60.69,3.7641921043395996,23.76318359375,23.76318359375,0.375,True,,71.10000000000001,70.0,62.1,estimated,,prefill-facebook-opt-125m-chunk-64-sm-8,success,,,/mnt/data/dheeraj/dicertation/inference-profile/runs/revised-rerun-20260415-145100-g0-opt125m/raw/points/prefill/prefill-facebook-opt-125m-chunk-64-sm-8.csv
facebook/opt-125m,64,gemm,fc1,8,3,70.65600156784058,24524288,24917504,393216,393216,1024,2026-04-15T13:51:20Z,baseline_nvml_pt,nvidia-smi,ok,0.0,35.0,1695.0,7601.0,60.69,3.7641921043395996,23.76318359375,23.76318359375,0.375,True,,71.10000000000001,70.0,62.1,estimated,,prefill-facebook-opt-125m-chunk-64-sm-8,success,,,/mnt/data/dheeraj/dicertation/inference-profile/runs/revised-rerun-20260415-145100-g0-opt125m/raw/points/prefill/prefill-facebook-opt-125m-chunk-64-sm-8.csv
facebook/opt-125m,64,gemm,fc2,8,3,69.63200122117996,24524288,24622592,98304,98304,1024,2026-04-15T13:51:20Z,baseline_nvml_pt,nvidia-smi,ok,0.0,35.0,1695.0,7601.0,60.69,3.7641921043395996,23.76318359375,23.76318359375,0.375,True,,71.10000000000001,70.0,62.1,estimated,,prefill-facebook-opt-125m-chunk-64-sm-8,success,,,/mnt/data/dheeraj/dicertation/inference-profile/runs/revised-rerun-20260415-145100-g0-opt125m/raw/points/prefill/prefill-facebook-opt-125m-chunk-64-sm-8.csv
facebook/opt-125m,64,attention,attention,8,3,57.151999324560165,24524288,24626688,102400,98304,1024,2026-04-15T13:51:20Z,baseline_nvml_pt,nvidia-smi,ok,0.0,35.0,1695.0,7601.0,60.69,3.7641921043395996,23.76318359375,23.76318359375,0.375,True,,71.10000000000001,70.0,62.1,estimated,,prefill-facebook-opt-125m-chunk-64-sm-8,success,,,/mnt/data/dheeraj/dicertation/inference-profile/runs/revised-rerun-20260415-145100-g0-opt125m/raw/points/prefill/prefill-facebook-opt-125m-chunk-64-sm-8.csv
facebook/opt-125m,64,gemm,q_proj,8,4,83.93599838018417,24524288,24622592,98304,98304,1024,2026-04-15T13:51:20Z,baseline_nvml_pt,nvidia-smi,ok,0.0,35.0,1695.0,7601.0,60.69,3.7641921043395996,23.76318359375,23.76318359375,0.375,True,,71.10000000000001,70.0,62.1,estimated,,prefill-facebook-opt-125m-chunk-64-sm-8,success,,,/mnt/data/dheeraj/dicertation/inference-profile/runs/revised-rerun-20260415-145100-g0-opt125m/raw/points/prefill/prefill-facebook-opt-125m-chunk-64-sm-8.csv
facebook/opt-125m,64,gemm,k_proj,8,4,73.72800260782242,24524288,24622592,98304,98304,1024,2026-04-15T13:51:20Z,baseline_nvml_pt,nvidia-smi,ok,0.0,35.0,1695.0,7601.0,60.69,3.7641921043395996,23.76318359375,23.76318359375,0.375,True,,71.10000000000001,70.0,62.1,estimated,,prefill-facebook-opt-125m-chunk-64-sm-8,success,,,/mnt/data/dheeraj/dicertation/inference-profile/runs/revised-rerun-20260415-145100-g0-opt125m/raw/points/prefill/prefill-facebook-opt-125m-chunk-64-sm-8.csv
facebook/opt-125m,64,gemm,v_proj,8,4,72.86400347948074,24524288,24622592,98304,98304,1024,2026-04-15T13:51:20Z,baseline_nvml_pt,nvidia-smi,ok,0.0,35.0,1695.0,7601.0,60.69,3.7641921043395996,23.76318359375,23.76318359375,0.375,True,,71.10000000000001,70.0,62.1,estimated,,prefill-facebook-opt-125m-chunk-64-sm-8,success,,,/mnt/data/dheeraj/dicertation/inference-profile/runs/revised-rerun-20260415-145100-g0-opt125m/raw/points/prefill/prefill-facebook-opt-125m-chunk-64-sm-8.csv
facebook/opt-125m,64,gemm,out_proj,8,4,71.3919997215271,24524288,24622592,98304,98304,1024,2026-04-15T13:51:20Z,baseline_nvml_pt,nvidia-smi,ok,0.0,35.0,1695.0,7601.0,60.69,3.7641921043395996,23.76318359375,23.76318359375,0.375,True,,71.10000000000001,70.0,62.1,estimated,,prefill-facebook-opt-125m-chunk-64-sm-8,success,,,/mnt/data/dheeraj/dicertation/inference-profile/runs/revised-rerun-20260415-145100-g0-opt125m/raw/points/prefill/prefill-facebook-opt-125m-chunk-64-sm-8.csv
facebook/opt-125m,64,gemm,fc1,8,4,70.75200229883194,24524288,24917504,393216,393216,1024,2026-04-15T13:51:20Z,baseline_nvml_pt,nvidia-smi,ok,0.0,35.0,1695.0,7601.0,60.69,3.7641921043395996,23.76318359375,23.76318359375,0.375,True,,71.10000000000001,70.0,62.1,estimated,,prefill-facebook-opt-125m-chunk-64-sm-8,success,,,/mnt/data/dheeraj/dicertation/inference-profile/runs/revised-rerun-20260415-145100-g0-opt125m/raw/points/prefill/prefill-facebook-opt-125m-chunk-64-sm-8.csv
facebook/opt-125m,64,gemm,fc2,8,4,68.60800087451935,24524288,24622592,98304,98304,1024,2026-04-15T13:51:20Z,baseline_nvml_pt,nvidia-smi,ok,0.0,35.0,1695.0,7601.0,60.69,3.7641921043395996,23.76318359375,23.76318359375,0.375,True,,71.10000000000001,70.0,62.1,estimated,,prefill-facebook-opt-125m-chunk-64-sm-8,success,,,/mnt/data/dheeraj/dicertation/inference-profile/runs/revised-rerun-20260415-145100-g0-opt125m/raw/points/prefill/prefill-facebook-opt-125m-chunk-64-sm-8.csv
facebook/opt-125m,64,attention,attention,8,4,58.240000158548355,24524288,24626688,102400,98304,1024,2026-04-15T13:51:20Z,baseline_nvml_pt,nvidia-smi,ok,0.0,35.0,1695.0,7601.0,60.69,3.7641921043395996,23.76318359375,23.76318359375,0.375,True,,71.10000000000001,70.0,62.1,estimated,,prefill-facebook-opt-125m-chunk-64-sm-8,success,,,/mnt/data/dheeraj/dicertation/inference-profile/runs/revised-rerun-20260415-145100-g0-opt125m/raw/points/prefill/prefill-facebook-opt-125m-chunk-64-sm-8.csv
facebook/opt-125m,64,gemm,q_proj,16,0,173.0560064315796,24524288,24622592,98304,98304,1024,2026-04-15T13:51:28Z,baseline_nvml_pt,nvidia-smi,ok,0.0,35.0,1695.0,7601.0,60.67,3.1006720066070557,23.76318359375,23.76318359375,0.375,True,,77.4,63.84000000000001,69.0,estimated,,prefill-facebook-opt-125m-chunk-64-sm-16,success,,,/mnt/data/dheeraj/dicertation/inference-profile/runs/revised-rerun-20260415-145100-g0-opt125m/raw/points/prefill/prefill-facebook-opt-125m-chunk-64-sm-16.csv
facebook/opt-125m,64,gemm,k_proj,16,0,112.89600282907486,24524288,24622592,98304,98304,1024,2026-04-15T13:51:28Z,baseline_nvml_pt,nvidia-smi,ok,0.0,35.0,1695.0,7601.0,60.67,3.1006720066070557,23.76318359375,23.76318359375,0.375,True,,77.4,63.84000000000001,69.0,estimated,,prefill-facebook-opt-125m-chunk-64-sm-16,success,,,/mnt/data/dheeraj/dicertation/inference-profile/runs/revised-rerun-20260415-145100-g0-opt125m/raw/points/prefill/prefill-facebook-opt-125m-chunk-64-sm-16.csv
facebook/opt-125m,64,gemm,v_proj,16,0,87.8399983048439,24524288,24622592,98304,98304,1024,2026-04-15T13:51:28Z,baseline_nvml_pt,nvidia-smi,ok,0.0,35.0,1695.0,7601.0,60.67,3.1006720066070557,23.76318359375,23.76318359375,0.375,True,,77.4,63.84000000000001,69.0,estimated,,prefill-facebook-opt-125m-chunk-64-sm-16,success,,,/mnt/data/dheeraj/dicertation/inference-profile/runs/revised-rerun-20260415-145100-g0-opt125m/raw/points/prefill/prefill-facebook-opt-125m-chunk-64-sm-16.csv
facebook/opt-125m,64,gemm,out_proj,16,0,131.1040073633194,24524288,24622592,98304,98304,1024,2026-04-15T13:51:28Z,baseline_nvml_pt,nvidia-smi,ok,0.0,35.0,1695.0,7601.0,60.67,3.1006720066070557,23.76318359375,23.76318359375,0.375,True,,77.4,63.84000000000001,69.0,estimated,,prefill-facebook-opt-125m-chunk-64-sm-16,success,,,/mnt/data/dheeraj/dicertation/inference-profile/runs/revised-rerun-20260415-145100-g0-opt125m/raw/points/prefill/prefill-facebook-opt-125m-chunk-64-sm-16.csv
facebook/opt-125m,64,gemm,fc1,16,0,82.94399827718735,24524288,24917504,393216,393216,1024,2026-04-15T13:51:28Z,baseline_nvml_pt,nvidia-smi,ok,0.0,35.0,1695.0,7601.0,60.67,3.1006720066070557,23.76318359375,23.76318359375,0.375,True,,77.4,63.84000000000001,69.0,estimated,,prefill-facebook-opt-125m-chunk-64-sm-16,success,,,/mnt/data/dheeraj/dicertation/inference-profile/runs/revised-rerun-20260415-145100-g0-opt125m/raw/points/prefill/prefill-facebook-opt-125m-chunk-64-sm-16.csv
facebook/opt-125m,64,gemm,fc2,16,0,86.01599931716919,24524288,24622592,98304,98304,1024,2026-04-15T13:51:28Z,baseline_nvml_pt,nvidia-smi,ok,0.0,35.0,1695.0,7601.0,60.67,3.1006720066070557,23.76318359375,23.76318359375,0.375,True,,77.4,63.84000000000001,69.0,estimated,,prefill-facebook-opt-125m-chunk-64-sm-16,success,,,/mnt/data/dheeraj/dicertation/inference-profile/runs/revised-rerun-20260415-145100-g0-opt125m/raw/points/prefill/prefill-facebook-opt-125m-chunk-64-sm-16.csv
facebook/opt-125m,64,attention,attention,16,0,63.29599767923355,24524288,24626688,102400,98304,1024,2026-04-15T13:51:28Z,baseline_nvml_pt,nvidia-smi,ok,0.0,35.0,1695.0,7601.0,60.67,3.1006720066070557,23.76318359375,23.76318359375,0.375,True,,77.4,63.84000000000001,69.0,estimated,,prefill-facebook-opt-125m-chunk-64-sm-16,success,,,/mnt/data/dheeraj/dicertation/inference-profile/runs/revised-rerun-20260415-145100-g0-opt125m/raw/points/prefill/prefill-facebook-opt-125m-chunk-64-sm-16.csv
facebook/opt-125m,64,gemm,q_proj,16,1,81.91999793052673,24524288,24622592,98304,98304,1024,2026-04-15T13:51:28Z,baseline_nvml_pt,nvidia-smi,ok,0.0,35.0,1695.0,7601.0,60.67,3.1006720066070557,23.76318359375,23.76318359375,0.375,True,,77.4,63.84000000000001,69.0,estimated,,prefill-facebook-opt-125m-chunk-64-sm-16,success,,,/mnt/data/dheeraj/dicertation/inference-profile/runs/revised-rerun-20260415-145100-g0-opt125m/raw/points/prefill/prefill-facebook-opt-125m-chunk-64-sm-16.csv
facebook/opt-125m,64,gemm,k_proj,16,1,78.84799689054489,24524288,24622592,98304,98304,1024,2026-04-15T13:51:28Z,baseline_nvml_pt,nvidia-smi,ok,0.0,35.0,1695.0,7601.0,60.67,3.1006720066070557,23.76318359375,23.76318359375,0.375,True,,77.4,63.84000000000001,69.0,estimated,,prefill-facebook-opt-125m-chunk-64-sm-16,success,,,/mnt/data/dheeraj/dicertation/inference-profile/runs/revised-rerun-20260415-145100-g0-opt125m/raw/points/prefill/prefill-facebook-opt-125m-chunk-64-sm-16.csv
facebook/opt-125m,64,gemm,v_proj,16,1,72.83200323581696,24524288,24622592,98304,98304,1024,2026-04-15T13:51:28Z,baseline_nvml_pt,nvidia-smi,ok,0.0,35.0,1695.0,7601.0,60.67,3.1006720066070557,23.76318359375,23.76318359375,0.375,True,,77.4,63.84000000000001,69.0,estimated,,prefill-facebook-opt-125m-chunk-64-sm-16,success,,,/mnt/data/dheeraj/dicertation/inference-profile/runs/revised-rerun-20260415-145100-g0-opt125m/raw/points/prefill/prefill-facebook-opt-125m-chunk-64-sm-16.csv
facebook/opt-125m,64,gemm,out_proj,16,1,72.48000055551529,24524288,24622592,98304,98304,1024,2026-04-15T13:51:28Z,baseline_nvml_pt,nvidia-smi,ok,0.0,35.0,1695.0,7601.0,60.67,3.1006720066070557,23.76318359375,23.76318359375,0.375,True,,77.4,63.84000000000001,69.0,estimated,,prefill-facebook-opt-125m-chunk-64-sm-16,success,,,/mnt/data/dheeraj/dicertation/inference-profile/runs/revised-rerun-20260415-145100-g0-opt125m/raw/points/prefill/prefill-facebook-opt-125m-chunk-64-sm-16.csv
facebook/opt-125m,64,gemm,fc1,16,1,3083.264112472534,24524288,24917504,393216,393216,1024,2026-04-15T13:51:28Z,baseline_nvml_pt,nvidia-smi,ok,0.0,35.0,1695.0,7601.0,60.67,3.1006720066070557,23.76318359375,23.76318359375,0.375,True,,77.4,63.84000000000001,69.0,estimated,,prefill-facebook-opt-125m-chunk-64-sm-16,success,,,/mnt/data/dheeraj/dicertation/inference-profile/runs/revised-rerun-20260415-145100-g0-opt125m/raw/points/prefill/prefill-facebook-opt-125m-chunk-64-sm-16.csv
facebook/opt-125m,64,gemm,fc2,16,1,82.94399827718735,24524288,24622592,98304,98304,1024,2026-04-15T13:51:28Z,baseline_nvml_pt,nvidia-smi,ok,0.0,35.0,1695.0,7601.0,60.67,3.1006720066070557,23.76318359375,23.76318359375,0.375,True,,77.4,63.84000000000001,69.0,estimated,,prefill-facebook-opt-125m-chunk-64-sm-16,success,,,/mnt/data/dheeraj/dicertation/inference-profile/runs/revised-rerun-20260415-145100-g0-opt125m/raw/points/prefill/prefill-facebook-opt-125m-chunk-64-sm-16.csv
facebook/opt-125m,64,attention,attention,16,1,75.77600330114365,24524288,24626688,102400,98304,1024,2026-04-15T13:51:28Z,baseline_nvml_pt,nvidia-smi,ok,0.0,35.0,1695.0,7601.0,60.67,3.1006720066070557,23.76318359375,23.76318359375,0.375,True,,77.4,63.84000000000001,69.0,estimated,,prefill-facebook-opt-125m-chunk-64-sm-16,success,,,/mnt/data/dheeraj/dicertation/inference-profile/runs/revised-rerun-20260415-145100-g0-opt125m/raw/points/prefill/prefill-facebook-opt-125m-chunk-64-sm-16.csv
facebook/opt-125m,64,gemm,q_proj,16,2,103.42399775981903,24524288,24622592,98304,98304,1024,2026-04-15T13:51:28Z,baseline_nvml_pt,nvidia-smi,ok,0.0,35.0,1695.0,7601.0,60.67,3.1006720066070557,23.76318359375,23.76318359375,0.375,True,,77.4,63.84000000000001,69.0,estimated,,prefill-facebook-opt-125m-chunk-64-sm-16,success,,,/mnt/data/dheeraj/dicertation/inference-profile/runs/revised-rerun-20260415-145100-g0-opt125m/raw/points/prefill/prefill-facebook-opt-125m-chunk-64-sm-16.csv
facebook/opt-125m,64,gemm,k_proj,16,2,116.73600226640701,24524288,24622592,98304,98304,1024,2026-04-15T13:51:28Z,baseline_nvml_pt,nvidia-smi,ok,0.0,35.0,1695.0,7601.0,60.67,3.1006720066070557,23.76318359375,23.76318359375,0.375,True,,77.4,63.84000000000001,69.0,estimated,,prefill-facebook-opt-125m-chunk-64-sm-16,success,,,/mnt/data/dheeraj/dicertation/inference-profile/runs/revised-rerun-20260415-145100-g0-opt125m/raw/points/prefill/prefill-facebook-opt-125m-chunk-64-sm-16.csv
facebook/opt-125m,64,gemm,v_proj,16,2,80.89599758386612,24524288,24622592,98304,98304,1024,2026-04-15T13:51:28Z,baseline_nvml_pt,nvidia-smi,ok,0.0,35.0,1695.0,7601.0,60.67,3.1006720066070557,23.76318359375,23.76318359375,0.375,True,,77.4,63.84000000000001,69.0,estimated,,prefill-facebook-opt-125m-chunk-64-sm-16,success,,,/mnt/data/dheeraj/dicertation/inference-profile/runs/revised-rerun-20260415-145100-g0-opt125m/raw/points/prefill/prefill-facebook-opt-125m-chunk-64-sm-16.csv
facebook/opt-125m,64,gemm,out_proj,16,2,76.80000364780426,24524288,24622592,98304,98304,1024,2026-04-15T13:51:28Z,baseline_nvml_pt,nvidia-smi,ok,0.0,35.0,1695.0,7601.0,60.67,3.1006720066070557,23.76318359375,23.76318359375,0.375,True,,77.4,63.84000000000001,69.0,estimated,,prefill-facebook-opt-125m-chunk-64-sm-16,success,,,/mnt/data/dheeraj/dicertation/inference-profile/runs/revised-rerun-20260415-145100-g0-opt125m/raw/points/prefill/prefill-facebook-opt-125m-chunk-64-sm-16.csv
facebook/opt-125m,64,gemm,fc1,16,2,72.7040022611618,24524288,24917504,393216,393216,1024,2026-04-15T13:51:28Z,baseline_nvml_pt,nvidia-smi,ok,0.0,35.0,1695.0,7601.0,60.67,3.1006720066070557,23.76318359375,23.76318359375,0.375,True,,77.4,63.84000000000001,69.0,estimated,,prefill-facebook-opt-125m-chunk-64-sm-16,success,,,/mnt/data/dheeraj/dicertation/inference-profile/runs/revised-rerun-20260415-145100-g0-opt125m/raw/points/prefill/prefill-facebook-opt-125m-chunk-64-sm-16.csv
facebook/opt-125m,64,gemm,fc2,16,2,73.72800260782242,24524288,24622592,98304,98304,1024,2026-04-15T13:51:28Z,baseline_nvml_pt,nvidia-smi,ok,0.0,35.0,1695.0,7601.0,60.67,3.1006720066070557,23.76318359375,23.76318359375,0.375,True,,77.4,63.84000000000001,69.0,estimated,,prefill-facebook-opt-125m-chunk-64-sm-16,success,,,/mnt/data/dheeraj/dicertation/inference-profile/runs/revised-rerun-20260415-145100-g0-opt125m/raw/points/prefill/prefill-facebook-opt-125m-chunk-64-sm-16.csv
facebook/opt-125m,64,attention,attention,16,2,68.44799965620041,24524288,24626688,102400,98304,1024,2026-04-15T13:51:28Z,baseline_nvml_pt,nvidia-smi,ok,0.0,35.0,1695.0,7601.0,60.67,3.1006720066070557,23.76318359375,23.76318359375,0.375,True,,77.4,63.84000000000001,69.0,estimated,,prefill-facebook-opt-125m-chunk-64-sm-16,success,,,/mnt/data/dheeraj/dicertation/inference-profile/runs/revised-rerun-20260415-145100-g0-opt125m/raw/points/prefill/prefill-facebook-opt-125m-chunk-64-sm-16.csv
facebook/opt-125m,64,gemm,q_proj,16,3,3100.6720066070557,24524288,24622592,98304,98304,1024,2026-04-15T13:51:28Z,baseline_nvml_pt,nvidia-smi,ok,0.0,35.0,1695.0,7601.0,60.67,3.1006720066070557,23.76318359375,23.76318359375,0.375,True,,77.4,63.84000000000001,69.0,estimated,,prefill-facebook-opt-125m-chunk-64-sm-16,success,,,/mnt/data/dheeraj/dicertation/inference-profile/runs/revised-rerun-20260415-145100-g0-opt125m/raw/points/prefill/prefill-facebook-opt-125m-chunk-64-sm-16.csv
facebook/opt-125m,64,gemm,k_proj,16,3,82.0159986615181,24524288,24622592,98304,98304,1024,2026-04-15T13:51:28Z,baseline_nvml_pt,nvidia-smi,ok,0.0,35.0,1695.0,7601.0,60.67,3.1006720066070557,23.76318359375,23.76318359375,0.375,True,,77.4,63.84000000000001,69.0,estimated,,prefill-facebook-opt-125m-chunk-64-sm-16,success,,,/mnt/data/dheeraj/dicertation/inference-profile/runs/revised-rerun-20260415-145100-g0-opt125m/raw/points/prefill/prefill-facebook-opt-125m-chunk-64-sm-16.csv
facebook/opt-125m,64,gemm,v_proj,16,3,72.76800274848938,24524288,24622592,98304,98304,1024,2026-04-15T13:51:28Z,baseline_nvml_pt,nvidia-smi,ok,0.0,35.0,1695.0,7601.0,60.67,3.1006720066070557,23.76318359375,23.76318359375,0.375,True,,77.4,63.84000000000001,69.0,estimated,,prefill-facebook-opt-125m-chunk-64-sm-16,success,,,/mnt/data/dheeraj/dicertation/inference-profile/runs/revised-rerun-20260415-145100-g0-opt125m/raw/points/prefill/prefill-facebook-opt-125m-chunk-64-sm-16.csv
facebook/opt-125m,64,gemm,out_proj,16,3,79.6160027384758,24524288,24622592,98304,98304,1024,2026-04-15T13:51:28Z,baseline_nvml_pt,nvidia-smi,ok,0.0,35.0,1695.0,7601.0,60.67,3.1006720066070557,23.76318359375,23.76318359375,0.375,True,,77.4,63.84000000000001,69.0,estimated,,prefill-facebook-opt-125m-chunk-64-sm-16,success,,,/mnt/data/dheeraj/dicertation/inference-profile/runs/revised-rerun-20260415-145100-g0-opt125m/raw/points/prefill/prefill-facebook-opt-125m-chunk-64-sm-16.csv
facebook/opt-125m,64,gemm,fc1,16,3,70.65600156784058,24524288,24917504,393216,393216,1024,2026-04-15T13:51:28Z,baseline_nvml_pt,nvidia-smi,ok,0.0,35.0,1695.0,7601.0,60.67,3.1006720066070557,23.76318359375,23.76318359375,0.375,True,,77.4,63.84000000000001,69.0,estimated,,prefill-facebook-opt-125m-chunk-64-sm-16,success,,,/mnt/data/dheeraj/dicertation/inference-profile/runs/revised-rerun-20260415-145100-g0-opt125m/raw/points/prefill/prefill-facebook-opt-125m-chunk-64-sm-16.csv
facebook/opt-125m,64,gemm,fc2,16,3,70.56000083684921,24524288,24622592,98304,98304,1024,2026-04-15T13:51:28Z,baseline_nvml_pt,nvidia-smi,ok,0.0,35.0,1695.0,7601.0,60.67,3.1006720066070557,23.76318359375,23.76318359375,0.375,True,,77.4,63.84000000000001,69.0,estimated,,prefill-facebook-opt-125m-chunk-64-sm-16,success,,,/mnt/data/dheeraj/dicertation/inference-profile/runs/revised-rerun-20260415-145100-g0-opt125m/raw/points/prefill/prefill-facebook-opt-125m-chunk-64-sm-16.csv
facebook/opt-125m,64,attention,attention,16,3,61.43999844789505,24524288,24626688,102400,98304,1024,2026-04-15T13:51:28Z,baseline_nvml_pt,nvidia-smi,ok,0.0,35.0,1695.0,7601.0,60.67,3.1006720066070557,23.76318359375,23.76318359375,0.375,True,,77.4,63.84000000000001,69.0,estimated,,prefill-facebook-opt-125m-chunk-64-sm-16,success,,,/mnt/data/dheeraj/dicertation/inference-profile/runs/revised-rerun-20260415-145100-g0-opt125m/raw/points/prefill/prefill-facebook-opt-125m-chunk-64-sm-16.csv
facebook/opt-125m,64,gemm,q_proj,16,4,75.77600330114365,24524288,24622592,98304,98304,1024,2026-04-15T13:51:28Z,baseline_nvml_pt,nvidia-smi,ok,0.0,35.0,1695.0,7601.0,60.67,3.1006720066070557,23.76318359375,23.76318359375,0.375,True,,77.4,63.84000000000001,69.0,estimated,,prefill-facebook-opt-125m-chunk-64-sm-16,success,,,/mnt/data/dheeraj/dicertation/inference-profile/runs/revised-rerun-20260415-145100-g0-opt125m/raw/points/prefill/prefill-facebook-opt-125m-chunk-64-sm-16.csv
facebook/opt-125m,64,gemm,k_proj,16,4,71.68000191450119,24524288,24622592,98304,98304,1024,2026-04-15T13:51:28Z,baseline_nvml_pt,nvidia-smi,ok,0.0,35.0,1695.0,7601.0,60.67,3.1006720066070557,23.76318359375,23.76318359375,0.375,True,,77.4,63.84000000000001,69.0,estimated,,prefill-facebook-opt-125m-chunk-64-sm-16,success,,,/mnt/data/dheeraj/dicertation/inference-profile/runs/revised-rerun-20260415-145100-g0-opt125m/raw/points/prefill/prefill-facebook-opt-125m-chunk-64-sm-16.csv
facebook/opt-125m,64,gemm,v_proj,16,4,70.65600156784058,24524288,24622592,98304,98304,1024,2026-04-15T13:51:28Z,baseline_nvml_pt,nvidia-smi,ok,0.0,35.0,1695.0,7601.0,60.67,3.1006720066070557,23.76318359375,23.76318359375,0.375,True,,77.4,63.84000000000001,69.0,estimated,,prefill-facebook-opt-125m-chunk-64-sm-16,success,,,/mnt/data/dheeraj/dicertation/inference-profile/runs/revised-rerun-20260415-145100-g0-opt125m/raw/points/prefill/prefill-facebook-opt-125m-chunk-64-sm-16.csv
facebook/opt-125m,64,gemm,out_proj,16,4,83.80799740552902,24524288,24622592,98304,98304,1024,2026-04-15T13:51:28Z,baseline_nvml_pt,nvidia-smi,ok,0.0,35.0,1695.0,7601.0,60.67,3.1006720066070557,23.76318359375,23.76318359375,0.375,True,,77.4,63.84000000000001,69.0,estimated,,prefill-facebook-opt-125m-chunk-64-sm-16,success,,,/mnt/data/dheeraj/dicertation/inference-profile/runs/revised-rerun-20260415-145100-g0-opt125m/raw/points/prefill/prefill-facebook-opt-125m-chunk-64-sm-16.csv
facebook/opt-125m,64,gemm,fc1,16,4,66.56000018119812,24524288,24917504,393216,393216,1024,2026-04-15T13:51:28Z,baseline_nvml_pt,nvidia-smi,ok,0.0,35.0,1695.0,7601.0,60.67,3.1006720066070557,23.76318359375,23.76318359375,0.375,True,,77.4,63.84000000000001,69.0,estimated,,prefill-facebook-opt-125m-chunk-64-sm-16,success,,,/mnt/data/dheeraj/dicertation/inference-profile/runs/revised-rerun-20260415-145100-g0-opt125m/raw/points/prefill/prefill-facebook-opt-125m-chunk-64-sm-16.csv
facebook/opt-125m,64,gemm,fc2,16,4,67.87200272083282,24524288,24622592,98304,98304,1024,2026-04-15T13:51:28Z,baseline_nvml_pt,nvidia-smi,ok,0.0,35.0,1695.0,7601.0,60.67,3.1006720066070557,23.76318359375,23.76318359375,0.375,True,,77.4,63.84000000000001,69.0,estimated,,prefill-facebook-opt-125m-chunk-64-sm-16,success,,,/mnt/data/dheeraj/dicertation/inference-profile/runs/revised-rerun-20260415-145100-g0-opt125m/raw/points/prefill/prefill-facebook-opt-125m-chunk-64-sm-16.csv
facebook/opt-125m,64,attention,attention,16,4,62.463998794555664,24524288,24626688,102400,98304,1024,2026-04-15T13:51:28Z,baseline_nvml_pt,nvidia-smi,ok,0.0,35.0,1695.0,7601.0,60.67,3.1006720066070557,23.76318359375,23.76318359375,0.375,True,,77.4,63.84000000000001,69.0,estimated,,prefill-facebook-opt-125m-chunk-64-sm-16,success,,,/mnt/data/dheeraj/dicertation/inference-profile/runs/revised-rerun-20260415-145100-g0-opt125m/raw/points/prefill/prefill-facebook-opt-125m-chunk-64-sm-16.csv
facebook/opt-125m,64,gemm,q_proj,24,0,173.08799922466278,24524288,24622592,98304,98304,1024,2026-04-15T13:51:33Z,baseline_nvml_pt,nvidia-smi,ok,0.0,35.0,1695.0,7601.0,61.66,0.5692160129547119,23.76318359375,23.76318359375,0.375,True,,83.7,57.68000000000001,75.9,estimated,,prefill-facebook-opt-125m-chunk-64-sm-24,success,,,/mnt/data/dheeraj/dicertation/inference-profile/runs/revised-rerun-20260415-145100-g0-opt125m/raw/points/prefill/prefill-facebook-opt-125m-chunk-64-sm-24.csv
facebook/opt-125m,64,gemm,k_proj,24,0,119.80800330638885,24524288,24622592,98304,98304,1024,2026-04-15T13:51:33Z,baseline_nvml_pt,nvidia-smi,ok,0.0,35.0,1695.0,7601.0,61.66,0.5692160129547119,23.76318359375,23.76318359375,0.375,True,,83.7,57.68000000000001,75.9,estimated,,prefill-facebook-opt-125m-chunk-64-sm-24,success,,,/mnt/data/dheeraj/dicertation/inference-profile/runs/revised-rerun-20260415-145100-g0-opt125m/raw/points/prefill/prefill-facebook-opt-125m-chunk-64-sm-24.csv
facebook/opt-125m,64,gemm,v_proj,24,0,96.47999703884125,24524288,24622592,98304,98304,1024,2026-04-15T13:51:33Z,baseline_nvml_pt,nvidia-smi,ok,0.0,35.0,1695.0,7601.0,61.66,0.5692160129547119,23.76318359375,23.76318359375,0.375,True,,83.7,57.68000000000001,75.9,estimated,,prefill-facebook-opt-125m-chunk-64-sm-24,success,,,/mnt/data/dheeraj/dicertation/inference-profile/runs/revised-rerun-20260415-145100-g0-opt125m/raw/points/prefill/prefill-facebook-opt-125m-chunk-64-sm-24.csv
facebook/opt-125m,64,gemm,out_proj,24,0,108.5439994931221,24524288,24622592,98304,98304,1024,2026-04-15T13:51:33Z,baseline_nvml_pt,nvidia-smi,ok,0.0,35.0,1695.0,7601.0,61.66,0.5692160129547119,23.76318359375,23.76318359375,0.375,True,,83.7,57.68000000000001,75.9,estimated,,prefill-facebook-opt-125m-chunk-64-sm-24,success,,,/mnt/data/dheeraj/dicertation/inference-profile/runs/revised-rerun-20260415-145100-g0-opt125m/raw/points/prefill/prefill-facebook-opt-125m-chunk-64-sm-24.csv
facebook/opt-125m,64,gemm,fc1,24,0,89.9839997291565,24524288,24917504,393216,393216,1024,2026-04-15T13:51:33Z,baseline_nvml_pt,nvidia-smi,ok,0.0,35.0,1695.0,7601.0,61.66,0.5692160129547119,23.76318359375,23.76318359375,0.375,True,,83.7,57.68000000000001,75.9,estimated,,prefill-facebook-opt-125m-chunk-64-sm-24,success,,,/mnt/data/dheeraj/dicertation/inference-profile/runs/revised-rerun-20260415-145100-g0-opt125m/raw/points/prefill/prefill-facebook-opt-125m-chunk-64-sm-24.csv
facebook/opt-125m,64,gemm,fc2,24,0,77.82399654388428,24524288,24622592,98304,98304,1024,2026-04-15T13:51:33Z,baseline_nvml_pt,nvidia-smi,ok,0.0,35.0,1695.0,7601.0,61.66,0.5692160129547119,23.76318359375,23.76318359375,0.375,True,,83.7,57.68000000000001,75.9,estimated,,prefill-facebook-opt-125m-chunk-64-sm-24,success,,,/mnt/data/dheeraj/dicertation/inference-profile/runs/revised-rerun-20260415-145100-g0-opt125m/raw/points/prefill/prefill-facebook-opt-125m-chunk-64-sm-24.csv
facebook/opt-125m,64,attention,attention,24,0,66.56000018119812,24524288,24626688,102400,98304,1024,2026-04-15T13:51:33Z,baseline_nvml_pt,nvidia-smi,ok,0.0,35.0,1695.0,7601.0,61.66,0.5692160129547119,23.76318359375,23.76318359375,0.375,True,,83.7,57.68000000000001,75.9,estimated,,prefill-facebook-opt-125m-chunk-64-sm-24,success,,,/mnt/data/dheeraj/dicertation/inference-profile/runs/revised-rerun-20260415-145100-g0-opt125m/raw/points/prefill/prefill-facebook-opt-125m-chunk-64-sm-24.csv
facebook/opt-125m,64,gemm,q_proj,24,1,84.99199897050858,24524288,24622592,98304,98304,1024,2026-04-15T13:51:33Z,baseline_nvml_pt,nvidia-smi,ok,0.0,35.0,1695.0,7601.0,61.66,0.5692160129547119,23.76318359375,23.76318359375,0.375,True,,83.7,57.68000000000001,75.9,estimated,,prefill-facebook-opt-125m-chunk-64-sm-24,success,,,/mnt/data/dheeraj/dicertation/inference-profile/runs/revised-rerun-20260415-145100-g0-opt125m/raw/points/prefill/prefill-facebook-opt-125m-chunk-64-sm-24.csv
facebook/opt-125m,64,gemm,k_proj,24,1,81.91999793052673,24524288,24622592,98304,98304,1024,2026-04-15T13:51:33Z,baseline_nvml_pt,nvidia-smi,ok,0.0,35.0,1695.0,7601.0,61.66,0.5692160129547119,23.76318359375,23.76318359375,0.375,True,,83.7,57.68000000000001,75.9,estimated,,prefill-facebook-opt-125m-chunk-64-sm-24,success,,,/mnt/data/dheeraj/dicertation/inference-profile/runs/revised-rerun-20260415-145100-g0-opt125m/raw/points/prefill/prefill-facebook-opt-125m-chunk-64-sm-24.csv
facebook/opt-125m,64,gemm,v_proj,24,1,74.75200295448303,24524288,24622592,98304,98304,1024,2026-04-15T13:51:33Z,baseline_nvml_pt,nvidia-smi,ok,0.0,35.0,1695.0,7601.0,61.66,0.5692160129547119,23.76318359375,23.76318359375,0.375,True,,83.7,57.68000000000001,75.9,estimated,,prefill-facebook-opt-125m-chunk-64-sm-24,success,,,/mnt/data/dheeraj/dicertation/inference-profile/runs/revised-rerun-20260415-145100-g0-opt125m/raw/points/prefill/prefill-facebook-opt-125m-chunk-64-sm-24.csv
facebook/opt-125m,64,gemm,out_proj,24,1,73.98399710655212,24524288,24622592,98304,98304,1024,2026-04-15T13:51:33Z,baseline_nvml_pt,nvidia-smi,ok,0.0,35.0,1695.0,7601.0,61.66,0.5692160129547119,23.76318359375,23.76318359375,0.375,True,,83.7,57.68000000000001,75.9,estimated,,prefill-facebook-opt-125m-chunk-64-sm-24,success,,,/mnt/data/dheeraj/dicertation/inference-profile/runs/revised-rerun-20260415-145100-g0-opt125m/raw/points/prefill/prefill-facebook-opt-125m-chunk-64-sm-24.csv
facebook/opt-125m,64,gemm,fc1,24,1,70.49600034952164,24524288,24917504,393216,393216,1024,2026-04-15T13:51:33Z,baseline_nvml_pt,nvidia-smi,ok,0.0,35.0,1695.0,7601.0,61.66,0.5692160129547119,23.76318359375,23.76318359375,0.375,True,,83.7,57.68000000000001,75.9,estimated,,prefill-facebook-opt-125m-chunk-64-sm-24,success,,,/mnt/data/dheeraj/dicertation/inference-profile/runs/revised-rerun-20260415-145100-g0-opt125m/raw/points/prefill/prefill-facebook-opt-125m-chunk-64-sm-24.csv
facebook/opt-125m,64,gemm,fc2,24,1,72.7040022611618,24524288,24622592,98304,98304,1024,2026-04-15T13:51:33Z,baseline_nvml_pt,nvidia-smi,ok,0.0,35.0,1695.0,7601.0,61.66,0.5692160129547119,23.76318359375,23.76318359375,0.375,True,,83.7,57.68000000000001,75.9,estimated,,prefill-facebook-opt-125m-chunk-64-sm-24,success,,,/mnt/data/dheeraj/dicertation/inference-profile/runs/revised-rerun-20260415-145100-g0-opt125m/raw/points/prefill/prefill-facebook-opt-125m-chunk-64-sm-24.csv
facebook/opt-125m,64,attention,attention,24,1,61.535999178886414,24524288,24626688,102400,98304,1024,2026-04-15T13:51:33Z,baseline_nvml_pt,nvidia-smi,ok,0.0,35.0,1695.0,7601.0,61.66,0.5692160129547119,23.76318359375,23.76318359375,0.375,True,,83.7,57.68000000000001,75.9,estimated,,prefill-facebook-opt-125m-chunk-64-sm-24,success,,,/mnt/data/dheeraj/dicertation/inference-profile/runs/revised-rerun-20260415-145100-g0-opt125m/raw/points/prefill/prefill-facebook-opt-125m-chunk-64-sm-24.csv
facebook/opt-125m,64,gemm,q_proj,24,2,78.59200239181519,24524288,24622592,98304,98304,1024,2026-04-15T13:51:33Z,baseline_nvml_pt,nvidia-smi,ok,0.0,35.0,1695.0,7601.0,61.66,0.5692160129547119,23.76318359375,23.76318359375,0.375,True,,83.7,57.68000000000001,75.9,estimated,,prefill-facebook-opt-125m-chunk-64-sm-24,success,,,/mnt/data/dheeraj/dicertation/inference-profile/runs/revised-rerun-20260415-145100-g0-opt125m/raw/points/prefill/prefill-facebook-opt-125m-chunk-64-sm-24.csv
facebook/opt-125m,64,gemm,k_proj,24,2,238.71999979019165,24524288,24622592,98304,98304,1024,2026-04-15T13:51:33Z,baseline_nvml_pt,nvidia-smi,ok,0.0,35.0,1695.0,7601.0,61.66,0.5692160129547119,23.76318359375,23.76318359375,0.375,True,,83.7,57.68000000000001,75.9,estimated,,prefill-facebook-opt-125m-chunk-64-sm-24,success,,,/mnt/data/dheeraj/dicertation/inference-profile/runs/revised-rerun-20260415-145100-g0-opt125m/raw/points/prefill/prefill-facebook-opt-125m-chunk-64-sm-24.csv
facebook/opt-125m,64,gemm,v_proj,24,2,91.13600105047226,24524288,24622592,98304,98304,1024,2026-04-15T13:51:33Z,baseline_nvml_pt,nvidia-smi,ok,0.0,35.0,1695.0,7601.0,61.66,0.5692160129547119,23.76318359375,23.76318359375,0.375,True,,83.7,57.68000000000001,75.9,estimated,,prefill-facebook-opt-125m-chunk-64-sm-24,success,,,/mnt/data/dheeraj/dicertation/inference-profile/runs/revised-rerun-20260415-145100-g0-opt125m/raw/points/prefill/prefill-facebook-opt-125m-chunk-64-sm-24.csv
facebook/opt-125m,64,gemm,out_proj,24,2,84.99199897050858,24524288,24622592,98304,98304,1024,2026-04-15T13:51:33Z,baseline_nvml_pt,nvidia-smi,ok,0.0,35.0,1695.0,7601.0,61.66,0.5692160129547119,23.76318359375,23.76318359375,0.375,True,,83.7,57.68000000000001,75.9,estimated,,prefill-facebook-opt-125m-chunk-64-sm-24,success,,,/mnt/data/dheeraj/dicertation/inference-profile/runs/revised-rerun-20260415-145100-g0-opt125m/raw/points/prefill/prefill-facebook-opt-125m-chunk-64-sm-24.csv
facebook/opt-125m,64,gemm,fc1,24,2,89.28000181913376,24524288,24917504,393216,393216,1024,2026-04-15T13:51:33Z,baseline_nvml_pt,nvidia-smi,ok,0.0,35.0,1695.0,7601.0,61.66,0.5692160129547119,23.76318359375,23.76318359375,0.375,True,,83.7,57.68000000000001,75.9,estimated,,prefill-facebook-opt-125m-chunk-64-sm-24,success,,,/mnt/data/dheeraj/dicertation/inference-profile/runs/revised-rerun-20260415-145100-g0-opt125m/raw/points/prefill/prefill-facebook-opt-125m-chunk-64-sm-24.csv
facebook/opt-125m,64,gemm,fc2,24,2,90.94399958848953,24524288,24622592,98304,98304,1024,2026-04-15T13:51:33Z,baseline_nvml_pt,nvidia-smi,ok,0.0,35.0,1695.0,7601.0,61.66,0.5692160129547119,23.76318359375,23.76318359375,0.375,True,,83.7,57.68000000000001,75.9,estimated,,prefill-facebook-opt-125m-chunk-64-sm-24,success,,,/mnt/data/dheeraj/dicertation/inference-profile/runs/revised-rerun-20260415-145100-g0-opt125m/raw/points/prefill/prefill-facebook-opt-125m-chunk-64-sm-24.csv
facebook/opt-125m,64,attention,attention,24,2,83.8719978928566,24524288,24626688,102400,98304,1024,2026-04-15T13:51:33Z,baseline_nvml_pt,nvidia-smi,ok,0.0,35.0,1695.0,7601.0,61.66,0.5692160129547119,23.76318359375,23.76318359375,0.375,True,,83.7,57.68000000000001,75.9,estimated,,prefill-facebook-opt-125m-chunk-64-sm-24,success,,,/mnt/data/dheeraj/dicertation/inference-profile/runs/revised-rerun-20260415-145100-g0-opt125m/raw/points/prefill/prefill-facebook-opt-125m-chunk-64-sm-24.csv
facebook/opt-125m,64,gemm,q_proj,24,3,78.91199737787247,24524288,24622592,98304,98304,1024,2026-04-15T13:51:33Z,baseline_nvml_pt,nvidia-smi,ok,0.0,35.0,1695.0,7601.0,61.66,0.5692160129547119,23.76318359375,23.76318359375,0.375,True,,83.7,57.68000000000001,75.9,estimated,,prefill-facebook-opt-125m-chunk-64-sm-24,success,,,/mnt/data/dheeraj/dicertation/inference-profile/runs/revised-rerun-20260415-145100-g0-opt125m/raw/points/prefill/prefill-facebook-opt-125m-chunk-64-sm-24.csv
facebook/opt-125m,64,gemm,k_proj,24,3,76.89599692821503,24524288,24622592,98304,98304,1024,2026-04-15T13:51:33Z,baseline_nvml_pt,nvidia-smi,ok,0.0,35.0,1695.0,7601.0,61.66,0.5692160129547119,23.76318359375,23.76318359375,0.375,True,,83.7,57.68000000000001,75.9,estimated,,prefill-facebook-opt-125m-chunk-64-sm-24,success,,,/mnt/data/dheeraj/dicertation/inference-profile/runs/revised-rerun-20260415-145100-g0-opt125m/raw/points/prefill/prefill-facebook-opt-125m-chunk-64-sm-24.csv
facebook/opt-125m,64,gemm,v_proj,24,3,74.5920017361641,24524288,24622592,98304,98304,1024,2026-04-15T13:51:33Z,baseline_nvml_pt,nvidia-smi,ok,0.0,35.0,1695.0,7601.0,61.66,0.5692160129547119,23.76318359375,23.76318359375,0.375,True,,83.7,57.68000000000001,75.9,estimated,,prefill-facebook-opt-125m-chunk-64-sm-24,success,,,/mnt/data/dheeraj/dicertation/inference-profile/runs/revised-rerun-20260415-145100-g0-opt125m/raw/points/prefill/prefill-facebook-opt-125m-chunk-64-sm-24.csv
facebook/opt-125m,64,gemm,out_proj,24,3,72.76800274848938,24524288,24622592,98304,98304,1024,2026-04-15T13:51:33Z,baseline_nvml_pt,nvidia-smi,ok,0.0,35.0,1695.0,7601.0,61.66,0.5692160129547119,23.76318359375,23.76318359375,0.375,True,,83.7,57.68000000000001,75.9,estimated,,prefill-facebook-opt-125m-chunk-64-sm-24,success,,,/mnt/data/dheeraj/dicertation/inference-profile/runs/revised-rerun-20260415-145100-g0-opt125m/raw/points/prefill/prefill-facebook-opt-125m-chunk-64-sm-24.csv
facebook/opt-125m,64,gemm,fc1,24,3,98.30400347709656,24524288,24917504,393216,393216,1024,2026-04-15T13:51:33Z,baseline_nvml_pt,nvidia-smi,ok,0.0,35.0,1695.0,7601.0,61.66,0.5692160129547119,23.76318359375,23.76318359375,0.375,True,,83.7,57.68000000000001,75.9,estimated,,prefill-facebook-opt-125m-chunk-64-sm-24,success,,,/mnt/data/dheeraj/dicertation/inference-profile/runs/revised-rerun-20260415-145100-g0-opt125m/raw/points/prefill/prefill-facebook-opt-125m-chunk-64-sm-24.csv
facebook/opt-125m,64,gemm,fc2,24,3,101.31199657917023,24524288,24622592,98304,98304,1024,2026-04-15T13:51:33Z,baseline_nvml_pt,nvidia-smi,ok,0.0,35.0,1695.0,7601.0,61.66,0.5692160129547119,23.76318359375,23.76318359375,0.375,True,,83.7,57.68000000000001,75.9,estimated,,prefill-facebook-opt-125m-chunk-64-sm-24,success,,,/mnt/data/dheeraj/dicertation/inference-profile/runs/revised-rerun-20260415-145100-g0-opt125m/raw/points/prefill/prefill-facebook-opt-125m-chunk-64-sm-24.csv
facebook/opt-125m,64,attention,attention,24,3,63.61600011587143,24524288,24626688,102400,98304,1024,2026-04-15T13:51:33Z,baseline_nvml_pt,nvidia-smi,ok,0.0,35.0,1695.0,7601.0,61.66,0.5692160129547119,23.76318359375,23.76318359375,0.375,True,,83.7,57.68000000000001,75.9,estimated,,prefill-facebook-opt-125m-chunk-64-sm-24,success,,,/mnt/data/dheeraj/dicertation/inference-profile/runs/revised-rerun-20260415-145100-g0-opt125m/raw/points/prefill/prefill-facebook-opt-125m-chunk-64-sm-24.csv
facebook/opt-125m,64,gemm,q_proj,24,4,569.2160129547119,24524288,24622592,98304,98304,1024,2026-04-15T13:51:33Z,baseline_nvml_pt,nvidia-smi,ok,0.0,35.0,1695.0,7601.0,61.66,0.5692160129547119,23.76318359375,23.76318359375,0.375,True,,83.7,57.68000000000001,75.9,estimated,,prefill-facebook-opt-125m-chunk-64-sm-24,success,,,/mnt/data/dheeraj/dicertation/inference-profile/runs/revised-rerun-20260415-145100-g0-opt125m/raw/points/prefill/prefill-facebook-opt-125m-chunk-64-sm-24.csv
facebook/opt-125m,64,gemm,k_proj,24,4,87.8399983048439,24524288,24622592,98304,98304,1024,2026-04-15T13:51:33Z,baseline_nvml_pt,nvidia-smi,ok,0.0,35.0,1695.0,7601.0,61.66,0.5692160129547119,23.76318359375,23.76318359375,0.375,True,,83.7,57.68000000000001,75.9,estimated,,prefill-facebook-opt-125m-chunk-64-sm-24,success,,,/mnt/data/dheeraj/dicertation/inference-profile/runs/revised-rerun-20260415-145100-g0-opt125m/raw/points/prefill/prefill-facebook-opt-125m-chunk-64-sm-24.csv
facebook/opt-125m,64,gemm,v_proj,24,4,79.8719972372055,24524288,24622592,98304,98304,1024,2026-04-15T13:51:33Z,baseline_nvml_pt,nvidia-smi,ok,0.0,35.0,1695.0,7601.0,61.66,0.5692160129547119,23.76318359375,23.76318359375,0.375,True,,83.7,57.68000000000001,75.9,estimated,,prefill-facebook-opt-125m-chunk-64-sm-24,success,,,/mnt/data/dheeraj/dicertation/inference-profile/runs/revised-rerun-20260415-145100-g0-opt125m/raw/points/prefill/prefill-facebook-opt-125m-chunk-64-sm-24.csv
facebook/opt-125m,64,gemm,out_proj,24,4,72.51200079917908,24524288,24622592,98304,98304,1024,2026-04-15T13:51:33Z,baseline_nvml_pt,nvidia-smi,ok,0.0,35.0,1695.0,7601.0,61.66,0.5692160129547119,23.76318359375,23.76318359375,0.375,True,,83.7,57.68000000000001,75.9,estimated,,prefill-facebook-opt-125m-chunk-64-sm-24,success,,,/mnt/data/dheeraj/dicertation/inference-profile/runs/revised-rerun-20260415-145100-g0-opt125m/raw/points/prefill/prefill-facebook-opt-125m-chunk-64-sm-24.csv
facebook/opt-125m,64,gemm,fc1,24,4,93.02400052547455,24524288,24917504,393216,393216,1024,2026-04-15T13:51:33Z,baseline_nvml_pt,nvidia-smi,ok,0.0,35.0,1695.0,7601.0,61.66,0.5692160129547119,23.76318359375,23.76318359375,0.375,True,,83.7,57.68000000000001,75.9,estimated,,prefill-facebook-opt-125m-chunk-64-sm-24,success,,,/mnt/data/dheeraj/dicertation/inference-profile/runs/revised-rerun-20260415-145100-g0-opt125m/raw/points/prefill/prefill-facebook-opt-125m-chunk-64-sm-24.csv
facebook/opt-125m,64,gemm,fc2,24,4,71.58400118350983,24524288,24622592,98304,98304,1024,2026-04-15T13:51:33Z,baseline_nvml_pt,nvidia-smi,ok,0.0,35.0,1695.0,7601.0,61.66,0.5692160129547119,23.76318359375,23.76318359375,0.375,True,,83.7,57.68000000000001,75.9,estimated,,prefill-facebook-opt-125m-chunk-64-sm-24,success,,,/mnt/data/dheeraj/dicertation/inference-profile/runs/revised-rerun-20260415-145100-g0-opt125m/raw/points/prefill/prefill-facebook-opt-125m-chunk-64-sm-24.csv
facebook/opt-125m,64,attention,attention,24,4,61.43999844789505,24524288,24626688,102400,98304,1024,2026-04-15T13:51:33Z,baseline_nvml_pt,nvidia-smi,ok,0.0,35.0,1695.0,7601.0,61.66,0.5692160129547119,23.76318359375,23.76318359375,0.375,True,,83.7,57.68000000000001,75.9,estimated,,prefill-facebook-opt-125m-chunk-64-sm-24,success,,,/mnt/data/dheeraj/dicertation/inference-profile/runs/revised-rerun-20260415-145100-g0-opt125m/raw/points/prefill/prefill-facebook-opt-125m-chunk-64-sm-24.csv
facebook/opt-125m,64,gemm,q_proj,32,0,132.35199451446533,24524288,24622592,98304,98304,1024,2026-04-15T13:51:39Z,baseline_nvml_pt,nvidia-smi,ok,0.0,35.0,1695.0,7601.0,61.6,0.5826560258865356,23.76318359375,23.76318359375,0.375,True,,90.0,51.52000000000001,82.8,estimated,,prefill-facebook-opt-125m-chunk-64-sm-32,success,,,/mnt/data/dheeraj/dicertation/inference-profile/runs/revised-rerun-20260415-145100-g0-opt125m/raw/points/prefill/prefill-facebook-opt-125m-chunk-64-sm-32.csv
facebook/opt-125m,64,gemm,k_proj,32,0,101.3759970664978,24524288,24622592,98304,98304,1024,2026-04-15T13:51:39Z,baseline_nvml_pt,nvidia-smi,ok,0.0,35.0,1695.0,7601.0,61.6,0.5826560258865356,23.76318359375,23.76318359375,0.375,True,,90.0,51.52000000000001,82.8,estimated,,prefill-facebook-opt-125m-chunk-64-sm-32,success,,,/mnt/data/dheeraj/dicertation/inference-profile/runs/revised-rerun-20260415-145100-g0-opt125m/raw/points/prefill/prefill-facebook-opt-125m-chunk-64-sm-32.csv
facebook/opt-125m,64,gemm,v_proj,32,0,88.28800171613693,24524288,24622592,98304,98304,1024,2026-04-15T13:51:39Z,baseline_nvml_pt,nvidia-smi,ok,0.0,35.0,1695.0,7601.0,61.6,0.5826560258865356,23.76318359375,23.76318359375,0.375,True,,90.0,51.52000000000001,82.8,estimated,,prefill-facebook-opt-125m-chunk-64-sm-32,success,,,/mnt/data/dheeraj/dicertation/inference-profile/runs/revised-rerun-20260415-145100-g0-opt125m/raw/points/prefill/prefill-facebook-opt-125m-chunk-64-sm-32.csv
facebook/opt-125m,64,gemm,out_proj,32,0,93.18400174379349,24524288,24622592,98304,98304,1024,2026-04-15T13:51:39Z,baseline_nvml_pt,nvidia-smi,ok,0.0,35.0,1695.0,7601.0,61.6,0.5826560258865356,23.76318359375,23.76318359375,0.375,True,,90.0,51.52000000000001,82.8,estimated,,prefill-facebook-opt-125m-chunk-64-sm-32,success,,,/mnt/data/dheeraj/dicertation/inference-profile/runs/revised-rerun-20260415-145100-g0-opt125m/raw/points/prefill/prefill-facebook-opt-125m-chunk-64-sm-32.csv
facebook/opt-125m,64,gemm,fc1,32,0,71.68000191450119,24524288,24917504,393216,393216,1024,2026-04-15T13:51:39Z,baseline_nvml_pt,nvidia-smi,ok,0.0,35.0,1695.0,7601.0,61.6,0.5826560258865356,23.76318359375,23.76318359375,0.375,True,,90.0,51.52000000000001,82.8,estimated,,prefill-facebook-opt-125m-chunk-64-sm-32,success,,,/mnt/data/dheeraj/dicertation/inference-profile/runs/revised-rerun-20260415-145100-g0-opt125m/raw/points/prefill/prefill-facebook-opt-125m-chunk-64-sm-32.csv
facebook/opt-125m,64,gemm,fc2,32,0,73.72800260782242,24524288,24622592,98304,98304,1024,2026-04-15T13:51:39Z,baseline_nvml_pt,nvidia-smi,ok,0.0,35.0,1695.0,7601.0,61.6,0.5826560258865356,23.76318359375,23.76318359375,0.375,True,,90.0,51.52000000000001,82.8,estimated,,prefill-facebook-opt-125m-chunk-64-sm-32,success,,,/mnt/data/dheeraj/dicertation/inference-profile/runs/revised-rerun-20260415-145100-g0-opt125m/raw/points/prefill/prefill-facebook-opt-125m-chunk-64-sm-32.csv
facebook/opt-125m,64,attention,attention,32,0,65.50399959087372,24524288,24626688,102400,98304,1024,2026-04-15T13:51:39Z,baseline_nvml_pt,nvidia-smi,ok,0.0,35.0,1695.0,7601.0,61.6,0.5826560258865356,23.76318359375,23.76318359375,0.375,True,,90.0,51.52000000000001,82.8,estimated,,prefill-facebook-opt-125m-chunk-64-sm-32,success,,,/mnt/data/dheeraj/dicertation/inference-profile/runs/revised-rerun-20260415-145100-g0-opt125m/raw/points/prefill/prefill-facebook-opt-125m-chunk-64-sm-32.csv
facebook/opt-125m,64,gemm,q_proj,32,1,78.87999713420868,24524288,24622592,98304,98304,1024,2026-04-15T13:51:39Z,baseline_nvml_pt,nvidia-smi,ok,0.0,35.0,1695.0,7601.0,61.6,0.5826560258865356,23.76318359375,23.76318359375,0.375,True,,90.0,51.52000000000001,82.8,estimated,,prefill-facebook-opt-125m-chunk-64-sm-32,success,,,/mnt/data/dheeraj/dicertation/inference-profile/runs/revised-rerun-20260415-145100-g0-opt125m/raw/points/prefill/prefill-facebook-opt-125m-chunk-64-sm-32.csv
facebook/opt-125m,64,gemm,k_proj,32,1,80.89599758386612,24524288,24622592,98304,98304,1024,2026-04-15T13:51:39Z,baseline_nvml_pt,nvidia-smi,ok,0.0,35.0,1695.0,7601.0,61.6,0.5826560258865356,23.76318359375,23.76318359375,0.375,True,,90.0,51.52000000000001,82.8,estimated,,prefill-facebook-opt-125m-chunk-64-sm-32,success,,,/mnt/data/dheeraj/dicertation/inference-profile/runs/revised-rerun-20260415-145100-g0-opt125m/raw/points/prefill/prefill-facebook-opt-125m-chunk-64-sm-32.csv
facebook/opt-125m,64,gemm,v_proj,32,1,87.23200112581253,24524288,24622592,98304,98304,1024,2026-04-15T13:51:39Z,baseline_nvml_pt,nvidia-smi,ok,0.0,35.0,1695.0,7601.0,61.6,0.5826560258865356,23.76318359375,23.76318359375,0.375,True,,90.0,51.52000000000001,82.8,estimated,,prefill-facebook-opt-125m-chunk-64-sm-32,success,,,/mnt/data/dheeraj/dicertation/inference-profile/runs/revised-rerun-20260415-145100-g0-opt125m/raw/points/prefill/prefill-facebook-opt-125m-chunk-64-sm-32.csv
facebook/opt-125m,64,gemm,out_proj,32,1,86.87999844551086,24524288,24622592,98304,98304,1024,2026-04-15T13:51:39Z,baseline_nvml_pt,nvidia-smi,ok,0.0,35.0,1695.0,7601.0,61.6,0.5826560258865356,23.76318359375,23.76318359375,0.375,True,,90.0,51.52000000000001,82.8,estimated,,prefill-facebook-opt-125m-chunk-64-sm-32,success,,,/mnt/data/dheeraj/dicertation/inference-profile/runs/revised-rerun-20260415-145100-g0-opt125m/raw/points/prefill/prefill-facebook-opt-125m-chunk-64-sm-32.csv
facebook/opt-125m,64,gemm,fc1,32,1,70.65600156784058,24524288,24917504,393216,393216,1024,2026-04-15T13:51:39Z,baseline_nvml_pt,nvidia-smi,ok,0.0,35.0,1695.0,7601.0,61.6,0.5826560258865356,23.76318359375,23.76318359375,0.375,True,,90.0,51.52000000000001,82.8,estimated,,prefill-facebook-opt-125m-chunk-64-sm-32,success,,,/mnt/data/dheeraj/dicertation/inference-profile/runs/revised-rerun-20260415-145100-g0-opt125m/raw/points/prefill/prefill-facebook-opt-125m-chunk-64-sm-32.csv
facebook/opt-125m,64,gemm,fc2,32,1,70.56000083684921,24524288,24622592,98304,98304,1024,2026-04-15T13:51:39Z,baseline_nvml_pt,nvidia-smi,ok,0.0,35.0,1695.0,7601.0,61.6,0.5826560258865356,23.76318359375,23.76318359375,0.375,True,,90.0,51.52000000000001,82.8,estimated,,prefill-facebook-opt-125m-chunk-64-sm-32,success,,,/mnt/data/dheeraj/dicertation/inference-profile/runs/revised-rerun-20260415-145100-g0-opt125m/raw/points/prefill/prefill-facebook-opt-125m-chunk-64-sm-32.csv
facebook/opt-125m,64,attention,attention,32,1,58.36800113320351,24524288,24626688,102400,98304,1024,2026-04-15T13:51:39Z,baseline_nvml_pt,nvidia-smi,ok,0.0,35.0,1695.0,7601.0,61.6,0.5826560258865356,23.76318359375,23.76318359375,0.375,True,,90.0,51.52000000000001,82.8,estimated,,prefill-facebook-opt-125m-chunk-64-sm-32,success,,,/mnt/data/dheeraj/dicertation/inference-profile/runs/revised-rerun-20260415-145100-g0-opt125m/raw/points/prefill/prefill-facebook-opt-125m-chunk-64-sm-32.csv
facebook/opt-125m,64,gemm,q_proj,32,2,87.0399996638298,24524288,24622592,98304,98304,1024,2026-04-15T13:51:39Z,baseline_nvml_pt,nvidia-smi,ok,0.0,35.0,1695.0,7601.0,61.6,0.5826560258865356,23.76318359375,23.76318359375,0.375,True,,90.0,51.52000000000001,82.8,estimated,,prefill-facebook-opt-125m-chunk-64-sm-32,success,,,/mnt/data/dheeraj/dicertation/inference-profile/runs/revised-rerun-20260415-145100-g0-opt125m/raw/points/prefill/prefill-facebook-opt-125m-chunk-64-sm-32.csv
facebook/opt-125m,64,gemm,k_proj,32,2,86.01599931716919,24524288,24622592,98304,98304,1024,2026-04-15T13:51:39Z,baseline_nvml_pt,nvidia-smi,ok,0.0,35.0,1695.0,7601.0,61.6,0.5826560258865356,23.76318359375,23.76318359375,0.375,True,,90.0,51.52000000000001,82.8,estimated,,prefill-facebook-opt-125m-chunk-64-sm-32,success,,,/mnt/data/dheeraj/dicertation/inference-profile/runs/revised-rerun-20260415-145100-g0-opt125m/raw/points/prefill/prefill-facebook-opt-125m-chunk-64-sm-32.csv
facebook/opt-125m,64,gemm,v_proj,32,2,582.6560258865356,24524288,24622592,98304,98304,1024,2026-04-15T13:51:39Z,baseline_nvml_pt,nvidia-smi,ok,0.0,35.0,1695.0,7601.0,61.6,0.5826560258865356,23.76318359375,23.76318359375,0.375,True,,90.0,51.52000000000001,82.8,estimated,,prefill-facebook-opt-125m-chunk-64-sm-32,success,,,/mnt/data/dheeraj/dicertation/inference-profile/runs/revised-rerun-20260415-145100-g0-opt125m/raw/points/prefill/prefill-facebook-opt-125m-chunk-64-sm-32.csv
facebook/opt-125m,64,gemm,out_proj,32,2,76.80000364780426,24524288,24622592,98304,98304,1024,2026-04-15T13:51:39Z,baseline_nvml_pt,nvidia-smi,ok,0.0,35.0,1695.0,7601.0,61.6,0.5826560258865356,23.76318359375,23.76318359375,0.375,True,,90.0,51.52000000000001,82.8,estimated,,prefill-facebook-opt-125m-chunk-64-sm-32,success,,,/mnt/data/dheeraj/dicertation/inference-profile/runs/revised-rerun-20260415-145100-g0-opt125m/raw/points/prefill/prefill-facebook-opt-125m-chunk-64-sm-32.csv
facebook/opt-125m,64,gemm,fc1,32,2,67.6800012588501,24524288,24917504,393216,393216,1024,2026-04-15T13:51:39Z,baseline_nvml_pt,nvidia-smi,ok,0.0,35.0,1695.0,7601.0,61.6,0.5826560258865356,23.76318359375,23.76318359375,0.375,True,,90.0,51.52000000000001,82.8,estimated,,prefill-facebook-opt-125m-chunk-64-sm-32,success,,,/mnt/data/dheeraj/dicertation/inference-profile/runs/revised-rerun-20260415-145100-g0-opt125m/raw/points/prefill/prefill-facebook-opt-125m-chunk-64-sm-32.csv
facebook/opt-125m,64,gemm,fc2,32,2,69.63200122117996,24524288,24622592,98304,98304,1024,2026-04-15T13:51:39Z,baseline_nvml_pt,nvidia-smi,ok,0.0,35.0,1695.0,7601.0,61.6,0.5826560258865356,23.76318359375,23.76318359375,0.375,True,,90.0,51.52000000000001,82.8,estimated,,prefill-facebook-opt-125m-chunk-64-sm-32,success,,,/mnt/data/dheeraj/dicertation/inference-profile/runs/revised-rerun-20260415-145100-g0-opt125m/raw/points/prefill/prefill-facebook-opt-125m-chunk-64-sm-32.csv
facebook/opt-125m,64,attention,attention,32,2,57.34400078654289,24524288,24626688,102400,98304,1024,2026-04-15T13:51:39Z,baseline_nvml_pt,nvidia-smi,ok,0.0,35.0,1695.0,7601.0,61.6,0.5826560258865356,23.76318359375,23.76318359375,0.375,True,,90.0,51.52000000000001,82.8,estimated,,prefill-facebook-opt-125m-chunk-64-sm-32,success,,,/mnt/data/dheeraj/dicertation/inference-profile/runs/revised-rerun-20260415-145100-g0-opt125m/raw/points/prefill/prefill-facebook-opt-125m-chunk-64-sm-32.csv
facebook/opt-125m,64,gemm,q_proj,32,3,75.87199658155441,24524288,24622592,98304,98304,1024,2026-04-15T13:51:39Z,baseline_nvml_pt,nvidia-smi,ok,0.0,35.0,1695.0,7601.0,61.6,0.5826560258865356,23.76318359375,23.76318359375,0.375,True,,90.0,51.52000000000001,82.8,estimated,,prefill-facebook-opt-125m-chunk-64-sm-32,success,,,/mnt/data/dheeraj/dicertation/inference-profile/runs/revised-rerun-20260415-145100-g0-opt125m/raw/points/prefill/prefill-facebook-opt-125m-chunk-64-sm-32.csv
facebook/opt-125m,64,gemm,k_proj,32,3,72.7040022611618,24524288,24622592,98304,98304,1024,2026-04-15T13:51:39Z,baseline_nvml_pt,nvidia-smi,ok,0.0,35.0,1695.0,7601.0,61.6,0.5826560258865356,23.76318359375,23.76318359375,0.375,True,,90.0,51.52000000000001,82.8,estimated,,prefill-facebook-opt-125m-chunk-64-sm-32,success,,,/mnt/data/dheeraj/dicertation/inference-profile/runs/revised-rerun-20260415-145100-g0-opt125m/raw/points/prefill/prefill-facebook-opt-125m-chunk-64-sm-32.csv
facebook/opt-125m,64,gemm,v_proj,32,3,73.60000163316727,24524288,24622592,98304,98304,1024,2026-04-15T13:51:39Z,baseline_nvml_pt,nvidia-smi,ok,0.0,35.0,1695.0,7601.0,61.6,0.5826560258865356,23.76318359375,23.76318359375,0.375,True,,90.0,51.52000000000001,82.8,estimated,,prefill-facebook-opt-125m-chunk-64-sm-32,success,,,/mnt/data/dheeraj/dicertation/inference-profile/runs/revised-rerun-20260415-145100-g0-opt125m/raw/points/prefill/prefill-facebook-opt-125m-chunk-64-sm-32.csv
facebook/opt-125m,64,gemm,out_proj,32,3,71.68000191450119,24524288,24622592,98304,98304,1024,2026-04-15T13:51:39Z,baseline_nvml_pt,nvidia-smi,ok,0.0,35.0,1695.0,7601.0,61.6,0.5826560258865356,23.76318359375,23.76318359375,0.375,True,,90.0,51.52000000000001,82.8,estimated,,prefill-facebook-opt-125m-chunk-64-sm-32,success,,,/mnt/data/dheeraj/dicertation/inference-profile/runs/revised-rerun-20260415-145100-g0-opt125m/raw/points/prefill/prefill-facebook-opt-125m-chunk-64-sm-32.csv
facebook/opt-125m,64,gemm,fc1,32,3,423.74399304389954,24524288,24917504,393216,393216,1024,2026-04-15T13:51:39Z,baseline_nvml_pt,nvidia-smi,ok,0.0,35.0,1695.0,7601.0,61.6,0.5826560258865356,23.76318359375,23.76318359375,0.375,True,,90.0,51.52000000000001,82.8,estimated,,prefill-facebook-opt-125m-chunk-64-sm-32,success,,,/mnt/data/dheeraj/dicertation/inference-profile/runs/revised-rerun-20260415-145100-g0-opt125m/raw/points/prefill/prefill-facebook-opt-125m-chunk-64-sm-32.csv
facebook/opt-125m,64,gemm,fc2,32,3,76.89599692821503,24524288,24622592,98304,98304,1024,2026-04-15T13:51:39Z,baseline_nvml_pt,nvidia-smi,ok,0.0,35.0,1695.0,7601.0,61.6,0.5826560258865356,23.76318359375,23.76318359375,0.375,True,,90.0,51.52000000000001,82.8,estimated,,prefill-facebook-opt-125m-chunk-64-sm-32,success,,,/mnt/data/dheeraj/dicertation/inference-profile/runs/revised-rerun-20260415-145100-g0-opt125m/raw/points/prefill/prefill-facebook-opt-125m-chunk-64-sm-32.csv
facebook/opt-125m,64,attention,attention,32,3,116.99199676513672,24524288,24626688,102400,98304,1024,2026-04-15T13:51:39Z,baseline_nvml_pt,nvidia-smi,ok,0.0,35.0,1695.0,7601.0,61.6,0.5826560258865356,23.76318359375,23.76318359375,0.375,True,,90.0,51.52000000000001,82.8,estimated,,prefill-facebook-opt-125m-chunk-64-sm-32,success,,,/mnt/data/dheeraj/dicertation/inference-profile/runs/revised-rerun-20260415-145100-g0-opt125m/raw/points/prefill/prefill-facebook-opt-125m-chunk-64-sm-32.csv
facebook/opt-125m,64,gemm,q_proj,32,4,133.85599851608276,24524288,24622592,98304,98304,1024,2026-04-15T13:51:39Z,baseline_nvml_pt,nvidia-smi,ok,0.0,35.0,1695.0,7601.0,61.6,0.5826560258865356,23.76318359375,23.76318359375,0.375,True,,90.0,51.52000000000001,82.8,estimated,,prefill-facebook-opt-125m-chunk-64-sm-32,success,,,/mnt/data/dheeraj/dicertation/inference-profile/runs/revised-rerun-20260415-145100-g0-opt125m/raw/points/prefill/prefill-facebook-opt-125m-chunk-64-sm-32.csv
facebook/opt-125m,64,gemm,k_proj,32,4,84.927998483181,24524288,24622592,98304,98304,1024,2026-04-15T13:51:39Z,baseline_nvml_pt,nvidia-smi,ok,0.0,35.0,1695.0,7601.0,61.6,0.5826560258865356,23.76318359375,23.76318359375,0.375,True,,90.0,51.52000000000001,82.8,estimated,,prefill-facebook-opt-125m-chunk-64-sm-32,success,,,/mnt/data/dheeraj/dicertation/inference-profile/runs/revised-rerun-20260415-145100-g0-opt125m/raw/points/prefill/prefill-facebook-opt-125m-chunk-64-sm-32.csv
facebook/opt-125m,64,gemm,v_proj,32,4,77.82399654388428,24524288,24622592,98304,98304,1024,2026-04-15T13:51:39Z,baseline_nvml_pt,nvidia-smi,ok,0.0,35.0,1695.0,7601.0,61.6,0.5826560258865356,23.76318359375,23.76318359375,0.375,True,,90.0,51.52000000000001,82.8,estimated,,prefill-facebook-opt-125m-chunk-64-sm-32,success,,,/mnt/data/dheeraj/dicertation/inference-profile/runs/revised-rerun-20260415-145100-g0-opt125m/raw/points/prefill/prefill-facebook-opt-125m-chunk-64-sm-32.csv
facebook/opt-125m,64,gemm,out_proj,32,4,76.80000364780426,24524288,24622592,98304,98304,1024,2026-04-15T13:51:39Z,baseline_nvml_pt,nvidia-smi,ok,0.0,35.0,1695.0,7601.0,61.6,0.5826560258865356,23.76318359375,23.76318359375,0.375,True,,90.0,51.52000000000001,82.8,estimated,,prefill-facebook-opt-125m-chunk-64-sm-32,success,,,/mnt/data/dheeraj/dicertation/inference-profile/runs/revised-rerun-20260415-145100-g0-opt125m/raw/points/prefill/prefill-facebook-opt-125m-chunk-64-sm-32.csv
facebook/opt-125m,64,gemm,fc1,32,4,80.89599758386612,24524288,24917504,393216,393216,1024,2026-04-15T13:51:39Z,baseline_nvml_pt,nvidia-smi,ok,0.0,35.0,1695.0,7601.0,61.6,0.5826560258865356,23.76318359375,23.76318359375,0.375,True,,90.0,51.52000000000001,82.8,estimated,,prefill-facebook-opt-125m-chunk-64-sm-32,success,,,/mnt/data/dheeraj/dicertation/inference-profile/runs/revised-rerun-20260415-145100-g0-opt125m/raw/points/prefill/prefill-facebook-opt-125m-chunk-64-sm-32.csv
facebook/opt-125m,64,gemm,fc2,32,4,73.63200187683105,24524288,24622592,98304,98304,1024,2026-04-15T13:51:39Z,baseline_nvml_pt,nvidia-smi,ok,0.0,35.0,1695.0,7601.0,61.6,0.5826560258865356,23.76318359375,23.76318359375,0.375,True,,90.0,51.52000000000001,82.8,estimated,,prefill-facebook-opt-125m-chunk-64-sm-32,success,,,/mnt/data/dheeraj/dicertation/inference-profile/runs/revised-rerun-20260415-145100-g0-opt125m/raw/points/prefill/prefill-facebook-opt-125m-chunk-64-sm-32.csv
facebook/opt-125m,64,attention,attention,32,4,62.6240000128746,24524288,24626688,102400,98304,1024,2026-04-15T13:51:39Z,baseline_nvml_pt,nvidia-smi,ok,0.0,35.0,1695.0,7601.0,61.6,0.5826560258865356,23.76318359375,23.76318359375,0.375,True,,90.0,51.52000000000001,82.8,estimated,,prefill-facebook-opt-125m-chunk-64-sm-32,success,,,/mnt/data/dheeraj/dicertation/inference-profile/runs/revised-rerun-20260415-145100-g0-opt125m/raw/points/prefill/prefill-facebook-opt-125m-chunk-64-sm-32.csv
facebook/opt-125m,128,gemm,q_proj,8,0,164.86400365829468,25310720,25507328,196608,196608,1024,2026-04-15T13:51:46Z,baseline_nvml_pt,nvidia-smi,ok,0.0,35.0,1695.0,7601.0,61.37,3.136512041091919,24.88818359375,24.88818359375,0.75,True,,75.05,66.25000000000001,64.8,estimated,,prefill-facebook-opt-125m-chunk-128-sm-8,success,,,/mnt/data/dheeraj/dicertation/inference-profile/runs/revised-rerun-20260415-145100-g0-opt125m/raw/points/prefill/prefill-facebook-opt-125m-chunk-128-sm-8.csv
facebook/opt-125m,128,gemm,k_proj,8,0,120.86399644613266,25310720,25507328,196608,196608,1024,2026-04-15T13:51:46Z,baseline_nvml_pt,nvidia-smi,ok,0.0,35.0,1695.0,7601.0,61.37,3.136512041091919,24.88818359375,24.88818359375,0.75,True,,75.05,66.25000000000001,64.8,estimated,,prefill-facebook-opt-125m-chunk-128-sm-8,success,,,/mnt/data/dheeraj/dicertation/inference-profile/runs/revised-rerun-20260415-145100-g0-opt125m/raw/points/prefill/prefill-facebook-opt-125m-chunk-128-sm-8.csv
facebook/opt-125m,128,gemm,v_proj,8,0,96.16000205278397,25310720,25507328,196608,196608,1024,2026-04-15T13:51:46Z,baseline_nvml_pt,nvidia-smi,ok,0.0,35.0,1695.0,7601.0,61.37,3.136512041091919,24.88818359375,24.88818359375,0.75,True,,75.05,66.25000000000001,64.8,estimated,,prefill-facebook-opt-125m-chunk-128-sm-8,success,,,/mnt/data/dheeraj/dicertation/inference-profile/runs/revised-rerun-20260415-145100-g0-opt125m/raw/points/prefill/prefill-facebook-opt-125m-chunk-128-sm-8.csv
facebook/opt-125m,128,gemm,out_proj,8,0,3117.856025695801,25310720,25507328,196608,196608,1024,2026-04-15T13:51:46Z,baseline_nvml_pt,nvidia-smi,ok,0.0,35.0,1695.0,7601.0,61.37,3.136512041091919,24.88818359375,24.88818359375,0.75,True,,75.05,66.25000000000001,64.8,estimated,,prefill-facebook-opt-125m-chunk-128-sm-8,success,,,/mnt/data/dheeraj/dicertation/inference-profile/runs/revised-rerun-20260415-145100-g0-opt125m/raw/points/prefill/prefill-facebook-opt-125m-chunk-128-sm-8.csv
facebook/opt-125m,128,gemm,fc1,8,0,86.01599931716919,25310720,26097152,786432,786432,1024,2026-04-15T13:51:46Z,baseline_nvml_pt,nvidia-smi,ok,0.0,35.0,1695.0,7601.0,61.37,3.136512041091919,24.88818359375,24.88818359375,0.75,True,,75.05,66.25000000000001,64.8,estimated,,prefill-facebook-opt-125m-chunk-128-sm-8,success,,,/mnt/data/dheeraj/dicertation/inference-profile/runs/revised-rerun-20260415-145100-g0-opt125m/raw/points/prefill/prefill-facebook-opt-125m-chunk-128-sm-8.csv
facebook/opt-125m,128,gemm,fc2,8,0,82.87999778985977,25310720,25507328,196608,196608,1024,2026-04-15T13:51:46Z,baseline_nvml_pt,nvidia-smi,ok,0.0,35.0,1695.0,7601.0,61.37,3.136512041091919,24.88818359375,24.88818359375,0.75,True,,75.05,66.25000000000001,64.8,estimated,,prefill-facebook-opt-125m-chunk-128-sm-8,success,,,/mnt/data/dheeraj/dicertation/inference-profile/runs/revised-rerun-20260415-145100-g0-opt125m/raw/points/prefill/prefill-facebook-opt-125m-chunk-128-sm-8.csv
facebook/opt-125m,128,attention,attention,8,0,64.38399851322174,25310720,25514496,203776,196608,1024,2026-04-15T13:51:46Z,baseline_nvml_pt,nvidia-smi,ok,0.0,35.0,1695.0,7601.0,61.37,3.136512041091919,24.88818359375,24.88818359375,0.75,True,,75.05,66.25000000000001,64.8,estimated,,prefill-facebook-opt-125m-chunk-128-sm-8,success,,,/mnt/data/dheeraj/dicertation/inference-profile/runs/revised-rerun-20260415-145100-g0-opt125m/raw/points/prefill/prefill-facebook-opt-125m-chunk-128-sm-8.csv
facebook/opt-125m,128,gemm,q_proj,8,1,84.99199897050858,25310720,25507328,196608,196608,1024,2026-04-15T13:51:46Z,baseline_nvml_pt,nvidia-smi,ok,0.0,35.0,1695.0,7601.0,61.37,3.136512041091919,24.88818359375,24.88818359375,0.75,True,,75.05,66.25000000000001,64.8,estimated,,prefill-facebook-opt-125m-chunk-128-sm-8,success,,,/mnt/data/dheeraj/dicertation/inference-profile/runs/revised-rerun-20260415-145100-g0-opt125m/raw/points/prefill/prefill-facebook-opt-125m-chunk-128-sm-8.csv
facebook/opt-125m,128,gemm,k_proj,8,1,80.89599758386612,25310720,25507328,196608,196608,1024,2026-04-15T13:51:46Z,baseline_nvml_pt,nvidia-smi,ok,0.0,35.0,1695.0,7601.0,61.37,3.136512041091919,24.88818359375,24.88818359375,0.75,True,,75.05,66.25000000000001,64.8,estimated,,prefill-facebook-opt-125m-chunk-128-sm-8,success,,,/mnt/data/dheeraj/dicertation/inference-profile/runs/revised-rerun-20260415-145100-g0-opt125m/raw/points/prefill/prefill-facebook-opt-125m-chunk-128-sm-8.csv
facebook/opt-125m,128,gemm,v_proj,8,1,75.6160020828247,25310720,25507328,196608,196608,1024,2026-04-15T13:51:46Z,baseline_nvml_pt,nvidia-smi,ok,0.0,35.0,1695.0,7601.0,61.37,3.136512041091919,24.88818359375,24.88818359375,0.75,True,,75.05,66.25000000000001,64.8,estimated,,prefill-facebook-opt-125m-chunk-128-sm-8,success,,,/mnt/data/dheeraj/dicertation/inference-profile/runs/revised-rerun-20260415-145100-g0-opt125m/raw/points/prefill/prefill-facebook-opt-125m-chunk-128-sm-8.csv
facebook/opt-125m,128,gemm,out_proj,8,1,74.75200295448303,25310720,25507328,196608,196608,1024,2026-04-15T13:51:46Z,baseline_nvml_pt,nvidia-smi,ok,0.0,35.0,1695.0,7601.0,61.37,3.136512041091919,24.88818359375,24.88818359375,0.75,True,,75.05,66.25000000000001,64.8,estimated,,prefill-facebook-opt-125m-chunk-128-sm-8,success,,,/mnt/data/dheeraj/dicertation/inference-profile/runs/revised-rerun-20260415-145100-g0-opt125m/raw/points/prefill/prefill-facebook-opt-125m-chunk-128-sm-8.csv
facebook/opt-125m,128,gemm,fc1,8,1,67.391999065876,25310720,26097152,786432,786432,1024,2026-04-15T13:51:46Z,baseline_nvml_pt,nvidia-smi,ok,0.0,35.0,1695.0,7601.0,61.37,3.136512041091919,24.88818359375,24.88818359375,0.75,True,,75.05,66.25000000000001,64.8,estimated,,prefill-facebook-opt-125m-chunk-128-sm-8,success,,,/mnt/data/dheeraj/dicertation/inference-profile/runs/revised-rerun-20260415-145100-g0-opt125m/raw/points/prefill/prefill-facebook-opt-125m-chunk-128-sm-8.csv
facebook/opt-125m,128,gemm,fc2,8,1,3136.512041091919,25310720,25507328,196608,196608,1024,2026-04-15T13:51:46Z,baseline_nvml_pt,nvidia-smi,ok,0.0,35.0,1695.0,7601.0,61.37,3.136512041091919,24.88818359375,24.88818359375,0.75,True,,75.05,66.25000000000001,64.8,estimated,,prefill-facebook-opt-125m-chunk-128-sm-8,success,,,/mnt/data/dheeraj/dicertation/inference-profile/runs/revised-rerun-20260415-145100-g0-opt125m/raw/points/prefill/prefill-facebook-opt-125m-chunk-128-sm-8.csv
facebook/opt-125m,128,attention,attention,8,1,63.26399743556976,25310720,25514496,203776,196608,1024,2026-04-15T13:51:46Z,baseline_nvml_pt,nvidia-smi,ok,0.0,35.0,1695.0,7601.0,61.37,3.136512041091919,24.88818359375,24.88818359375,0.75,True,,75.05,66.25000000000001,64.8,estimated,,prefill-facebook-opt-125m-chunk-128-sm-8,success,,,/mnt/data/dheeraj/dicertation/inference-profile/runs/revised-rerun-20260415-145100-g0-opt125m/raw/points/prefill/prefill-facebook-opt-125m-chunk-128-sm-8.csv
facebook/opt-125m,128,gemm,q_proj,8,2,81.82399719953537,25310720,25507328,196608,196608,1024,2026-04-15T13:51:46Z,baseline_nvml_pt,nvidia-smi,ok,0.0,35.0,1695.0,7601.0,61.37,3.136512041091919,24.88818359375,24.88818359375,0.75,True,,75.05,66.25000000000001,64.8,estimated,,prefill-facebook-opt-125m-chunk-128-sm-8,success,,,/mnt/data/dheeraj/dicertation/inference-profile/runs/revised-rerun-20260415-145100-g0-opt125m/raw/points/prefill/prefill-facebook-opt-125m-chunk-128-sm-8.csv
facebook/opt-125m,128,gemm,k_proj,8,2,83.96799862384796,25310720,25507328,196608,196608,1024,2026-04-15T13:51:46Z,baseline_nvml_pt,nvidia-smi,ok,0.0,35.0,1695.0,7601.0,61.37,3.136512041091919,24.88818359375,24.88818359375,0.75,True,,75.05,66.25000000000001,64.8,estimated,,prefill-facebook-opt-125m-chunk-128-sm-8,success,,,/mnt/data/dheeraj/dicertation/inference-profile/runs/revised-rerun-20260415-145100-g0-opt125m/raw/points/prefill/prefill-facebook-opt-125m-chunk-128-sm-8.csv
facebook/opt-125m,128,gemm,v_proj,8,2,73.60000163316727,25310720,25507328,196608,196608,1024,2026-04-15T13:51:46Z,baseline_nvml_pt,nvidia-smi,ok,0.0,35.0,1695.0,7601.0,61.37,3.136512041091919,24.88818359375,24.88818359375,0.75,True,,75.05,66.25000000000001,64.8,estimated,,prefill-facebook-opt-125m-chunk-128-sm-8,success,,,/mnt/data/dheeraj/dicertation/inference-profile/runs/revised-rerun-20260415-145100-g0-opt125m/raw/points/prefill/prefill-facebook-opt-125m-chunk-128-sm-8.csv
facebook/opt-125m,128,gemm,out_proj,8,2,81.91999793052673,25310720,25507328,196608,196608,1024,2026-04-15T13:51:46Z,baseline_nvml_pt,nvidia-smi,ok,0.0,35.0,1695.0,7601.0,61.37,3.136512041091919,24.88818359375,24.88818359375,0.75,True,,75.05,66.25000000000001,64.8,estimated,,prefill-facebook-opt-125m-chunk-128-sm-8,success,,,/mnt/data/dheeraj/dicertation/inference-profile/runs/revised-rerun-20260415-145100-g0-opt125m/raw/points/prefill/prefill-facebook-opt-125m-chunk-128-sm-8.csv
facebook/opt-125m,128,gemm,fc1,8,2,68.60800087451935,25310720,26097152,786432,786432,1024,2026-04-15T13:51:46Z,baseline_nvml_pt,nvidia-smi,ok,0.0,35.0,1695.0,7601.0,61.37,3.136512041091919,24.88818359375,24.88818359375,0.75,True,,75.05,66.25000000000001,64.8,estimated,,prefill-facebook-opt-125m-chunk-128-sm-8,success,,,/mnt/data/dheeraj/dicertation/inference-profile/runs/revised-rerun-20260415-145100-g0-opt125m/raw/points/prefill/prefill-facebook-opt-125m-chunk-128-sm-8.csv
facebook/opt-125m,128,gemm,fc2,8,2,75.93599706888199,25310720,25507328,196608,196608,1024,2026-04-15T13:51:46Z,baseline_nvml_pt,nvidia-smi,ok,0.0,35.0,1695.0,7601.0,61.37,3.136512041091919,24.88818359375,24.88818359375,0.75,True,,75.05,66.25000000000001,64.8,estimated,,prefill-facebook-opt-125m-chunk-128-sm-8,success,,,/mnt/data/dheeraj/dicertation/inference-profile/runs/revised-rerun-20260415-145100-g0-opt125m/raw/points/prefill/prefill-facebook-opt-125m-chunk-128-sm-8.csv
facebook/opt-125m,128,attention,attention,8,2,60.416001826524734,25310720,25514496,203776,196608,1024,2026-04-15T13:51:46Z,baseline_nvml_pt,nvidia-smi,ok,0.0,35.0,1695.0,7601.0,61.37,3.136512041091919,24.88818359375,24.88818359375,0.75,True,,75.05,66.25000000000001,64.8,estimated,,prefill-facebook-opt-125m-chunk-128-sm-8,success,,,/mnt/data/dheeraj/dicertation/inference-profile/runs/revised-rerun-20260415-145100-g0-opt125m/raw/points/prefill/prefill-facebook-opt-125m-chunk-128-sm-8.csv
facebook/opt-125m,128,gemm,q_proj,8,3,75.77600330114365,25310720,25507328,196608,196608,1024,2026-04-15T13:51:46Z,baseline_nvml_pt,nvidia-smi,ok,0.0,35.0,1695.0,7601.0,61.37,3.136512041091919,24.88818359375,24.88818359375,0.75,True,,75.05,66.25000000000001,64.8,estimated,,prefill-facebook-opt-125m-chunk-128-sm-8,success,,,/mnt/data/dheeraj/dicertation/inference-profile/runs/revised-rerun-20260415-145100-g0-opt125m/raw/points/prefill/prefill-facebook-opt-125m-chunk-128-sm-8.csv
facebook/opt-125m,128,gemm,k_proj,8,3,75.77600330114365,25310720,25507328,196608,196608,1024,2026-04-15T13:51:46Z,baseline_nvml_pt,nvidia-smi,ok,0.0,35.0,1695.0,7601.0,61.37,3.136512041091919,24.88818359375,24.88818359375,0.75,True,,75.05,66.25000000000001,64.8,estimated,,prefill-facebook-opt-125m-chunk-128-sm-8,success,,,/mnt/data/dheeraj/dicertation/inference-profile/runs/revised-rerun-20260415-145100-g0-opt125m/raw/points/prefill/prefill-facebook-opt-125m-chunk-128-sm-8.csv
facebook/opt-125m,128,gemm,v_proj,8,3,74.75200295448303,25310720,25507328,196608,196608,1024,2026-04-15T13:51:46Z,baseline_nvml_pt,nvidia-smi,ok,0.0,35.0,1695.0,7601.0,61.37,3.136512041091919,24.88818359375,24.88818359375,0.75,True,,75.05,66.25000000000001,64.8,estimated,,prefill-facebook-opt-125m-chunk-128-sm-8,success,,,/mnt/data/dheeraj/dicertation/inference-profile/runs/revised-rerun-20260415-145100-g0-opt125m/raw/points/prefill/prefill-facebook-opt-125m-chunk-128-sm-8.csv
facebook/opt-125m,128,gemm,out_proj,8,3,73.72800260782242,25310720,25507328,196608,196608,1024,2026-04-15T13:51:46Z,baseline_nvml_pt,nvidia-smi,ok,0.0,35.0,1695.0,7601.0,61.37,3.136512041091919,24.88818359375,24.88818359375,0.75,True,,75.05,66.25000000000001,64.8,estimated,,prefill-facebook-opt-125m-chunk-128-sm-8,success,,,/mnt/data/dheeraj/dicertation/inference-profile/runs/revised-rerun-20260415-145100-g0-opt125m/raw/points/prefill/prefill-facebook-opt-125m-chunk-128-sm-8.csv
facebook/opt-125m,128,gemm,fc1,8,3,65.72800129652023,25310720,26097152,786432,786432,1024,2026-04-15T13:51:46Z,baseline_nvml_pt,nvidia-smi,ok,0.0,35.0,1695.0,7601.0,61.37,3.136512041091919,24.88818359375,24.88818359375,0.75,True,,75.05,66.25000000000001,64.8,estimated,,prefill-facebook-opt-125m-chunk-128-sm-8,success,,,/mnt/data/dheeraj/dicertation/inference-profile/runs/revised-rerun-20260415-145100-g0-opt125m/raw/points/prefill/prefill-facebook-opt-125m-chunk-128-sm-8.csv
facebook/opt-125m,128,gemm,fc2,8,3,90.11200070381165,25310720,25507328,196608,196608,1024,2026-04-15T13:51:46Z,baseline_nvml_pt,nvidia-smi,ok,0.0,35.0,1695.0,7601.0,61.37,3.136512041091919,24.88818359375,24.88818359375,0.75,True,,75.05,66.25000000000001,64.8,estimated,,prefill-facebook-opt-125m-chunk-128-sm-8,success,,,/mnt/data/dheeraj/dicertation/inference-profile/runs/revised-rerun-20260415-145100-g0-opt125m/raw/points/prefill/prefill-facebook-opt-125m-chunk-128-sm-8.csv
facebook/opt-125m,128,attention,attention,8,3,62.463998794555664,25310720,25514496,203776,196608,1024,2026-04-15T13:51:46Z,baseline_nvml_pt,nvidia-smi,ok,0.0,35.0,1695.0,7601.0,61.37,3.136512041091919,24.88818359375,24.88818359375,0.75,True,,75.05,66.25000000000001,64.8,estimated,,prefill-facebook-opt-125m-chunk-128-sm-8,success,,,/mnt/data/dheeraj/dicertation/inference-profile/runs/revised-rerun-20260415-145100-g0-opt125m/raw/points/prefill/prefill-facebook-opt-125m-chunk-128-sm-8.csv
facebook/opt-125m,128,gemm,q_proj,8,4,76.83199644088745,25310720,25507328,196608,196608,1024,2026-04-15T13:51:46Z,baseline_nvml_pt,nvidia-smi,ok,0.0,35.0,1695.0,7601.0,61.37,3.136512041091919,24.88818359375,24.88818359375,0.75,True,,75.05,66.25000000000001,64.8,estimated,,prefill-facebook-opt-125m-chunk-128-sm-8,success,,,/mnt/data/dheeraj/dicertation/inference-profile/runs/revised-rerun-20260415-145100-g0-opt125m/raw/points/prefill/prefill-facebook-opt-125m-chunk-128-sm-8.csv
facebook/opt-125m,128,gemm,k_proj,8,4,74.75200295448303,25310720,25507328,196608,196608,1024,2026-04-15T13:51:46Z,baseline_nvml_pt,nvidia-smi,ok,0.0,35.0,1695.0,7601.0,61.37,3.136512041091919,24.88818359375,24.88818359375,0.75,True,,75.05,66.25000000000001,64.8,estimated,,prefill-facebook-opt-125m-chunk-128-sm-8,success,,,/mnt/data/dheeraj/dicertation/inference-profile/runs/revised-rerun-20260415-145100-g0-opt125m/raw/points/prefill/prefill-facebook-opt-125m-chunk-128-sm-8.csv
facebook/opt-125m,128,gemm,v_proj,8,4,72.4480003118515,25310720,25507328,196608,196608,1024,2026-04-15T13:51:46Z,baseline_nvml_pt,nvidia-smi,ok,0.0,35.0,1695.0,7601.0,61.37,3.136512041091919,24.88818359375,24.88818359375,0.75,True,,75.05,66.25000000000001,64.8,estimated,,prefill-facebook-opt-125m-chunk-128-sm-8,success,,,/mnt/data/dheeraj/dicertation/inference-profile/runs/revised-rerun-20260415-145100-g0-opt125m/raw/points/prefill/prefill-facebook-opt-125m-chunk-128-sm-8.csv
facebook/opt-125m,128,gemm,out_proj,8,4,70.56000083684921,25310720,25507328,196608,196608,1024,2026-04-15T13:51:46Z,baseline_nvml_pt,nvidia-smi,ok,0.0,35.0,1695.0,7601.0,61.37,3.136512041091919,24.88818359375,24.88818359375,0.75,True,,75.05,66.25000000000001,64.8,estimated,,prefill-facebook-opt-125m-chunk-128-sm-8,success,,,/mnt/data/dheeraj/dicertation/inference-profile/runs/revised-rerun-20260415-145100-g0-opt125m/raw/points/prefill/prefill-facebook-opt-125m-chunk-128-sm-8.csv
facebook/opt-125m,128,gemm,fc1,8,4,72.51200079917908,25310720,26097152,786432,786432,1024,2026-04-15T13:51:46Z,baseline_nvml_pt,nvidia-smi,ok,0.0,35.0,1695.0,7601.0,61.37,3.136512041091919,24.88818359375,24.88818359375,0.75,True,,75.05,66.25000000000001,64.8,estimated,,prefill-facebook-opt-125m-chunk-128-sm-8,success,,,/mnt/data/dheeraj/dicertation/inference-profile/runs/revised-rerun-20260415-145100-g0-opt125m/raw/points/prefill/prefill-facebook-opt-125m-chunk-128-sm-8.csv
facebook/opt-125m,128,gemm,fc2,8,4,73.44000041484833,25310720,25507328,196608,196608,1024,2026-04-15T13:51:46Z,baseline_nvml_pt,nvidia-smi,ok,0.0,35.0,1695.0,7601.0,61.37,3.136512041091919,24.88818359375,24.88818359375,0.75,True,,75.05,66.25000000000001,64.8,estimated,,prefill-facebook-opt-125m-chunk-128-sm-8,success,,,/mnt/data/dheeraj/dicertation/inference-profile/runs/revised-rerun-20260415-145100-g0-opt125m/raw/points/prefill/prefill-facebook-opt-125m-chunk-128-sm-8.csv
facebook/opt-125m,128,attention,attention,8,4,58.36800113320351,25310720,25514496,203776,196608,1024,2026-04-15T13:51:46Z,baseline_nvml_pt,nvidia-smi,ok,0.0,35.0,1695.0,7601.0,61.37,3.136512041091919,24.88818359375,24.88818359375,0.75,True,,75.05,66.25000000000001,64.8,estimated,,prefill-facebook-opt-125m-chunk-128-sm-8,success,,,/mnt/data/dheeraj/dicertation/inference-profile/runs/revised-rerun-20260415-145100-g0-opt125m/raw/points/prefill/prefill-facebook-opt-125m-chunk-128-sm-8.csv
facebook/opt-125m,128,gemm,q_proj,16,0,756.7359805107117,25310720,25507328,196608,196608,1024,2026-04-15T13:51:52Z,baseline_nvml_pt,nvidia-smi,ok,0.0,35.0,1695.0,7601.0,61.46,0.7567359805107117,24.88818359375,24.88818359375,0.75,True,,81.69999999999999,60.42000000000001,72.0,estimated,,prefill-facebook-opt-125m-chunk-128-sm-16,success,,,/mnt/data/dheeraj/dicertation/inference-profile/runs/revised-rerun-20260415-145100-g0-opt125m/raw/points/prefill/prefill-facebook-opt-125m-chunk-128-sm-16.csv
facebook/opt-125m,128,gemm,k_proj,16,0,231.4240038394928,25310720,25507328,196608,196608,1024,2026-04-15T13:51:52Z,baseline_nvml_pt,nvidia-smi,ok,0.0,35.0,1695.0,7601.0,61.46,0.7567359805107117,24.88818359375,24.88818359375,0.75,True,,81.69999999999999,60.42000000000001,72.0,estimated,,prefill-facebook-opt-125m-chunk-128-sm-16,success,,,/mnt/data/dheeraj/dicertation/inference-profile/runs/revised-rerun-20260415-145100-g0-opt125m/raw/points/prefill/prefill-facebook-opt-125m-chunk-128-sm-16.csv
facebook/opt-125m,128,gemm,v_proj,16,0,194.7840005159378,25310720,25507328,196608,196608,1024,2026-04-15T13:51:52Z,baseline_nvml_pt,nvidia-smi,ok,0.0,35.0,1695.0,7601.0,61.46,0.7567359805107117,24.88818359375,24.88818359375,0.75,True,,81.69999999999999,60.42000000000001,72.0,estimated,,prefill-facebook-opt-125m-chunk-128-sm-16,success,,,/mnt/data/dheeraj/dicertation/inference-profile/runs/revised-rerun-20260415-145100-g0-opt125m/raw/points/prefill/prefill-facebook-opt-125m-chunk-128-sm-16.csv
facebook/opt-125m,128,gemm,out_proj,16,0,187.391996383667,25310720,25507328,196608,196608,1024,2026-04-15T13:51:52Z,baseline_nvml_pt,nvidia-smi,ok,0.0,35.0,1695.0,7601.0,61.46,0.7567359805107117,24.88818359375,24.88818359375,0.75,True,,81.69999999999999,60.42000000000001,72.0,estimated,,prefill-facebook-opt-125m-chunk-128-sm-16,success,,,/mnt/data/dheeraj/dicertation/inference-profile/runs/revised-rerun-20260415-145100-g0-opt125m/raw/points/prefill/prefill-facebook-opt-125m-chunk-128-sm-16.csv
facebook/opt-125m,128,gemm,fc1,16,0,106.72000050544739,25310720,26097152,786432,786432,1024,2026-04-15T13:51:52Z,baseline_nvml_pt,nvidia-smi,ok,0.0,35.0,1695.0,7601.0,61.46,0.7567359805107117,24.88818359375,24.88818359375,0.75,True,,81.69999999999999,60.42000000000001,72.0,estimated,,prefill-facebook-opt-125m-chunk-128-sm-16,success,,,/mnt/data/dheeraj/dicertation/inference-profile/runs/revised-rerun-20260415-145100-g0-opt125m/raw/points/prefill/prefill-facebook-opt-125m-chunk-128-sm-16.csv
facebook/opt-125m,128,gemm,fc2,16,0,113.66400122642517,25310720,25507328,196608,196608,1024,2026-04-15T13:51:52Z,baseline_nvml_pt,nvidia-smi,ok,0.0,35.0,1695.0,7601.0,61.46,0.7567359805107117,24.88818359375,24.88818359375,0.75,True,,81.69999999999999,60.42000000000001,72.0,estimated,,prefill-facebook-opt-125m-chunk-128-sm-16,success,,,/mnt/data/dheeraj/dicertation/inference-profile/runs/revised-rerun-20260415-145100-g0-opt125m/raw/points/prefill/prefill-facebook-opt-125m-chunk-128-sm-16.csv
facebook/opt-125m,128,attention,attention,16,0,72.7040022611618,25310720,25514496,203776,196608,1024,2026-04-15T13:51:52Z,baseline_nvml_pt,nvidia-smi,ok,0.0,35.0,1695.0,7601.0,61.46,0.7567359805107117,24.88818359375,24.88818359375,0.75,True,,81.69999999999999,60.42000000000001,72.0,estimated,,prefill-facebook-opt-125m-chunk-128-sm-16,success,,,/mnt/data/dheeraj/dicertation/inference-profile/runs/revised-rerun-20260415-145100-g0-opt125m/raw/points/prefill/prefill-facebook-opt-125m-chunk-128-sm-16.csv
facebook/opt-125m,128,gemm,q_proj,16,1,106.49599879980087,25310720,25507328,196608,196608,1024,2026-04-15T13:51:52Z,baseline_nvml_pt,nvidia-smi,ok,0.0,35.0,1695.0,7601.0,61.46,0.7567359805107117,24.88818359375,24.88818359375,0.75,True,,81.69999999999999,60.42000000000001,72.0,estimated,,prefill-facebook-opt-125m-chunk-128-sm-16,success,,,/mnt/data/dheeraj/dicertation/inference-profile/runs/revised-rerun-20260415-145100-g0-opt125m/raw/points/prefill/prefill-facebook-opt-125m-chunk-128-sm-16.csv
facebook/opt-125m,128,gemm,k_proj,16,1,87.0399996638298,25310720,25507328,196608,196608,1024,2026-04-15T13:51:52Z,baseline_nvml_pt,nvidia-smi,ok,0.0,35.0,1695.0,7601.0,61.46,0.7567359805107117,24.88818359375,24.88818359375,0.75,True,,81.69999999999999,60.42000000000001,72.0,estimated,,prefill-facebook-opt-125m-chunk-128-sm-16,success,,,/mnt/data/dheeraj/dicertation/inference-profile/runs/revised-rerun-20260415-145100-g0-opt125m/raw/points/prefill/prefill-facebook-opt-125m-chunk-128-sm-16.csv
facebook/opt-125m,128,gemm,v_proj,16,1,77.79199630022049,25310720,25507328,196608,196608,1024,2026-04-15T13:51:52Z,baseline_nvml_pt,nvidia-smi,ok,0.0,35.0,1695.0,7601.0,61.46,0.7567359805107117,24.88818359375,24.88818359375,0.75,True,,81.69999999999999,60.42000000000001,72.0,estimated,,prefill-facebook-opt-125m-chunk-128-sm-16,success,,,/mnt/data/dheeraj/dicertation/inference-profile/runs/revised-rerun-20260415-145100-g0-opt125m/raw/points/prefill/prefill-facebook-opt-125m-chunk-128-sm-16.csv
facebook/opt-125m,128,gemm,out_proj,16,1,74.75200295448303,25310720,25507328,196608,196608,1024,2026-04-15T13:51:52Z,baseline_nvml_pt,nvidia-smi,ok,0.0,35.0,1695.0,7601.0,61.46,0.7567359805107117,24.88818359375,24.88818359375,0.75,True,,81.69999999999999,60.42000000000001,72.0,estimated,,prefill-facebook-opt-125m-chunk-128-sm-16,success,,,/mnt/data/dheeraj/dicertation/inference-profile/runs/revised-rerun-20260415-145100-g0-opt125m/raw/points/prefill/prefill-facebook-opt-125m-chunk-128-sm-16.csv
facebook/opt-125m,128,gemm,fc1,16,1,76.60800218582153,25310720,26097152,786432,786432,1024,2026-04-15T13:51:52Z,baseline_nvml_pt,nvidia-smi,ok,0.0,35.0,1695.0,7601.0,61.46,0.7567359805107117,24.88818359375,24.88818359375,0.75,True,,81.69999999999999,60.42000000000001,72.0,estimated,,prefill-facebook-opt-125m-chunk-128-sm-16,success,,,/mnt/data/dheeraj/dicertation/inference-profile/runs/revised-rerun-20260415-145100-g0-opt125m/raw/points/prefill/prefill-facebook-opt-125m-chunk-128-sm-16.csv
facebook/opt-125m,128,gemm,fc2,16,1,86.91199868917465,25310720,25507328,196608,196608,1024,2026-04-15T13:51:52Z,baseline_nvml_pt,nvidia-smi,ok,0.0,35.0,1695.0,7601.0,61.46,0.7567359805107117,24.88818359375,24.88818359375,0.75,True,,81.69999999999999,60.42000000000001,72.0,estimated,,prefill-facebook-opt-125m-chunk-128-sm-16,success,,,/mnt/data/dheeraj/dicertation/inference-profile/runs/revised-rerun-20260415-145100-g0-opt125m/raw/points/prefill/prefill-facebook-opt-125m-chunk-128-sm-16.csv
facebook/opt-125m,128,attention,attention,16,1,63.48799914121628,25310720,25514496,203776,196608,1024,2026-04-15T13:51:52Z,baseline_nvml_pt,nvidia-smi,ok,0.0,35.0,1695.0,7601.0,61.46,0.7567359805107117,24.88818359375,24.88818359375,0.75,True,,81.69999999999999,60.42000000000001,72.0,estimated,,prefill-facebook-opt-125m-chunk-128-sm-16,success,,,/mnt/data/dheeraj/dicertation/inference-profile/runs/revised-rerun-20260415-145100-g0-opt125m/raw/points/prefill/prefill-facebook-opt-125m-chunk-128-sm-16.csv
facebook/opt-125m,128,gemm,q_proj,16,2,78.04799824953079,25310720,25507328,196608,196608,1024,2026-04-15T13:51:52Z,baseline_nvml_pt,nvidia-smi,ok,0.0,35.0,1695.0,7601.0,61.46,0.7567359805107117,24.88818359375,24.88818359375,0.75,True,,81.69999999999999,60.42000000000001,72.0,estimated,,prefill-facebook-opt-125m-chunk-128-sm-16,success,,,/mnt/data/dheeraj/dicertation/inference-profile/runs/revised-rerun-20260415-145100-g0-opt125m/raw/points/prefill/prefill-facebook-opt-125m-chunk-128-sm-16.csv
facebook/opt-125m,128,gemm,k_proj,16,2,92.16000139713287,25310720,25507328,196608,196608,1024,2026-04-15T13:51:52Z,baseline_nvml_pt,nvidia-smi,ok,0.0,35.0,1695.0,7601.0,61.46,0.7567359805107117,24.88818359375,24.88818359375,0.75,True,,81.69999999999999,60.42000000000001,72.0,estimated,,prefill-facebook-opt-125m-chunk-128-sm-16,success,,,/mnt/data/dheeraj/dicertation/inference-profile/runs/revised-rerun-20260415-145100-g0-opt125m/raw/points/prefill/prefill-facebook-opt-125m-chunk-128-sm-16.csv
facebook/opt-125m,128,gemm,v_proj,16,2,71.68000191450119,25310720,25507328,196608,196608,1024,2026-04-15T13:51:52Z,baseline_nvml_pt,nvidia-smi,ok,0.0,35.0,1695.0,7601.0,61.46,0.7567359805107117,24.88818359375,24.88818359375,0.75,True,,81.69999999999999,60.42000000000001,72.0,estimated,,prefill-facebook-opt-125m-chunk-128-sm-16,success,,,/mnt/data/dheeraj/dicertation/inference-profile/runs/revised-rerun-20260415-145100-g0-opt125m/raw/points/prefill/prefill-facebook-opt-125m-chunk-128-sm-16.csv
facebook/opt-125m,128,gemm,out_proj,16,2,72.95999675989151,25310720,25507328,196608,196608,1024,2026-04-15T13:51:52Z,baseline_nvml_pt,nvidia-smi,ok,0.0,35.0,1695.0,7601.0,61.46,0.7567359805107117,24.88818359375,24.88818359375,0.75,True,,81.69999999999999,60.42000000000001,72.0,estimated,,prefill-facebook-opt-125m-chunk-128-sm-16,success,,,/mnt/data/dheeraj/dicertation/inference-profile/runs/revised-rerun-20260415-145100-g0-opt125m/raw/points/prefill/prefill-facebook-opt-125m-chunk-128-sm-16.csv
facebook/opt-125m,128,gemm,fc1,16,2,67.74400174617767,25310720,26097152,786432,786432,1024,2026-04-15T13:51:52Z,baseline_nvml_pt,nvidia-smi,ok,0.0,35.0,1695.0,7601.0,61.46,0.7567359805107117,24.88818359375,24.88818359375,0.75,True,,81.69999999999999,60.42000000000001,72.0,estimated,,prefill-facebook-opt-125m-chunk-128-sm-16,success,,,/mnt/data/dheeraj/dicertation/inference-profile/runs/revised-rerun-20260415-145100-g0-opt125m/raw/points/prefill/prefill-facebook-opt-125m-chunk-128-sm-16.csv
facebook/opt-125m,128,gemm,fc2,16,2,80.89599758386612,25310720,25507328,196608,196608,1024,2026-04-15T13:51:52Z,baseline_nvml_pt,nvidia-smi,ok,0.0,35.0,1695.0,7601.0,61.46,0.7567359805107117,24.88818359375,24.88818359375,0.75,True,,81.69999999999999,60.42000000000001,72.0,estimated,,prefill-facebook-opt-125m-chunk-128-sm-16,success,,,/mnt/data/dheeraj/dicertation/inference-profile/runs/revised-rerun-20260415-145100-g0-opt125m/raw/points/prefill/prefill-facebook-opt-125m-chunk-128-sm-16.csv
facebook/opt-125m,128,attention,attention,16,2,64.51199948787689,25310720,25514496,203776,196608,1024,2026-04-15T13:51:52Z,baseline_nvml_pt,nvidia-smi,ok,0.0,35.0,1695.0,7601.0,61.46,0.7567359805107117,24.88818359375,24.88818359375,0.75,True,,81.69999999999999,60.42000000000001,72.0,estimated,,prefill-facebook-opt-125m-chunk-128-sm-16,success,,,/mnt/data/dheeraj/dicertation/inference-profile/runs/revised-rerun-20260415-145100-g0-opt125m/raw/points/prefill/prefill-facebook-opt-125m-chunk-128-sm-16.csv
facebook/opt-125m,128,gemm,q_proj,16,3,78.68800312280655,25310720,25507328,196608,196608,1024,2026-04-15T13:51:52Z,baseline_nvml_pt,nvidia-smi,ok,0.0,35.0,1695.0,7601.0,61.46,0.7567359805107117,24.88818359375,24.88818359375,0.75,True,,81.69999999999999,60.42000000000001,72.0,estimated,,prefill-facebook-opt-125m-chunk-128-sm-16,success,,,/mnt/data/dheeraj/dicertation/inference-profile/runs/revised-rerun-20260415-145100-g0-opt125m/raw/points/prefill/prefill-facebook-opt-125m-chunk-128-sm-16.csv
facebook/opt-125m,128,gemm,k_proj,16,3,71.68000191450119,25310720,25507328,196608,196608,1024,2026-04-15T13:51:52Z,baseline_nvml_pt,nvidia-smi,ok,0.0,35.0,1695.0,7601.0,61.46,0.7567359805107117,24.88818359375,24.88818359375,0.75,True,,81.69999999999999,60.42000000000001,72.0,estimated,,prefill-facebook-opt-125m-chunk-128-sm-16,success,,,/mnt/data/dheeraj/dicertation/inference-profile/runs/revised-rerun-20260415-145100-g0-opt125m/raw/points/prefill/prefill-facebook-opt-125m-chunk-128-sm-16.csv
facebook/opt-125m,128,gemm,v_proj,16,3,72.7040022611618,25310720,25507328,196608,196608,1024,2026-04-15T13:51:52Z,baseline_nvml_pt,nvidia-smi,ok,0.0,35.0,1695.0,7601.0,61.46,0.7567359805107117,24.88818359375,24.88818359375,0.75,True,,81.69999999999999,60.42000000000001,72.0,estimated,,prefill-facebook-opt-125m-chunk-128-sm-16,success,,,/mnt/data/dheeraj/dicertation/inference-profile/runs/revised-rerun-20260415-145100-g0-opt125m/raw/points/prefill/prefill-facebook-opt-125m-chunk-128-sm-16.csv
facebook/opt-125m,128,gemm,out_proj,16,3,70.65600156784058,25310720,25507328,196608,196608,1024,2026-04-15T13:51:52Z,baseline_nvml_pt,nvidia-smi,ok,0.0,35.0,1695.0,7601.0,61.46,0.7567359805107117,24.88818359375,24.88818359375,0.75,True,,81.69999999999999,60.42000000000001,72.0,estimated,,prefill-facebook-opt-125m-chunk-128-sm-16,success,,,/mnt/data/dheeraj/dicertation/inference-profile/runs/revised-rerun-20260415-145100-g0-opt125m/raw/points/prefill/prefill-facebook-opt-125m-chunk-128-sm-16.csv
facebook/opt-125m,128,gemm,fc1,16,3,70.68800181150436,25310720,26097152,786432,786432,1024,2026-04-15T13:51:52Z,baseline_nvml_pt,nvidia-smi,ok,0.0,35.0,1695.0,7601.0,61.46,0.7567359805107117,24.88818359375,24.88818359375,0.75,True,,81.69999999999999,60.42000000000001,72.0,estimated,,prefill-facebook-opt-125m-chunk-128-sm-16,success,,,/mnt/data/dheeraj/dicertation/inference-profile/runs/revised-rerun-20260415-145100-g0-opt125m/raw/points/prefill/prefill-facebook-opt-125m-chunk-128-sm-16.csv
facebook/opt-125m,128,gemm,fc2,16,3,80.64000308513641,25310720,25507328,196608,196608,1024,2026-04-15T13:51:52Z,baseline_nvml_pt,nvidia-smi,ok,0.0,35.0,1695.0,7601.0,61.46,0.7567359805107117,24.88818359375,24.88818359375,0.75,True,,81.69999999999999,60.42000000000001,72.0,estimated,,prefill-facebook-opt-125m-chunk-128-sm-16,success,,,/mnt/data/dheeraj/dicertation/inference-profile/runs/revised-rerun-20260415-145100-g0-opt125m/raw/points/prefill/prefill-facebook-opt-125m-chunk-128-sm-16.csv
facebook/opt-125m,128,attention,attention,16,3,60.127999633550644,25310720,25514496,203776,196608,1024,2026-04-15T13:51:52Z,baseline_nvml_pt,nvidia-smi,ok,0.0,35.0,1695.0,7601.0,61.46,0.7567359805107117,24.88818359375,24.88818359375,0.75,True,,81.69999999999999,60.42000000000001,72.0,estimated,,prefill-facebook-opt-125m-chunk-128-sm-16,success,,,/mnt/data/dheeraj/dicertation/inference-profile/runs/revised-rerun-20260415-145100-g0-opt125m/raw/points/prefill/prefill-facebook-opt-125m-chunk-128-sm-16.csv
facebook/opt-125m,128,gemm,q_proj,16,4,73.53600114583969,25310720,25507328,196608,196608,1024,2026-04-15T13:51:52Z,baseline_nvml_pt,nvidia-smi,ok,0.0,35.0,1695.0,7601.0,61.46,0.7567359805107117,24.88818359375,24.88818359375,0.75,True,,81.69999999999999,60.42000000000001,72.0,estimated,,prefill-facebook-opt-125m-chunk-128-sm-16,success,,,/mnt/data/dheeraj/dicertation/inference-profile/runs/revised-rerun-20260415-145100-g0-opt125m/raw/points/prefill/prefill-facebook-opt-125m-chunk-128-sm-16.csv
facebook/opt-125m,128,gemm,k_proj,16,4,78.72000336647034,25310720,25507328,196608,196608,1024,2026-04-15T13:51:52Z,baseline_nvml_pt,nvidia-smi,ok,0.0,35.0,1695.0,7601.0,61.46,0.7567359805107117,24.88818359375,24.88818359375,0.75,True,,81.69999999999999,60.42000000000001,72.0,estimated,,prefill-facebook-opt-125m-chunk-128-sm-16,success,,,/mnt/data/dheeraj/dicertation/inference-profile/runs/revised-rerun-20260415-145100-g0-opt125m/raw/points/prefill/prefill-facebook-opt-125m-chunk-128-sm-16.csv
facebook/opt-125m,128,gemm,v_proj,16,4,71.68000191450119,25310720,25507328,196608,196608,1024,2026-04-15T13:51:52Z,baseline_nvml_pt,nvidia-smi,ok,0.0,35.0,1695.0,7601.0,61.46,0.7567359805107117,24.88818359375,24.88818359375,0.75,True,,81.69999999999999,60.42000000000001,72.0,estimated,,prefill-facebook-opt-125m-chunk-128-sm-16,success,,,/mnt/data/dheeraj/dicertation/inference-profile/runs/revised-rerun-20260415-145100-g0-opt125m/raw/points/prefill/prefill-facebook-opt-125m-chunk-128-sm-16.csv
facebook/opt-125m,128,gemm,out_proj,16,4,68.83200258016586,25310720,25507328,196608,196608,1024,2026-04-15T13:51:52Z,baseline_nvml_pt,nvidia-smi,ok,0.0,35.0,1695.0,7601.0,61.46,0.7567359805107117,24.88818359375,24.88818359375,0.75,True,,81.69999999999999,60.42000000000001,72.0,estimated,,prefill-facebook-opt-125m-chunk-128-sm-16,success,,,/mnt/data/dheeraj/dicertation/inference-profile/runs/revised-rerun-20260415-145100-g0-opt125m/raw/points/prefill/prefill-facebook-opt-125m-chunk-128-sm-16.csv
facebook/opt-125m,128,gemm,fc1,16,4,63.26399743556976,25310720,26097152,786432,786432,1024,2026-04-15T13:51:52Z,baseline_nvml_pt,nvidia-smi,ok,0.0,35.0,1695.0,7601.0,61.46,0.7567359805107117,24.88818359375,24.88818359375,0.75,True,,81.69999999999999,60.42000000000001,72.0,estimated,,prefill-facebook-opt-125m-chunk-128-sm-16,success,,,/mnt/data/dheeraj/dicertation/inference-profile/runs/revised-rerun-20260415-145100-g0-opt125m/raw/points/prefill/prefill-facebook-opt-125m-chunk-128-sm-16.csv
facebook/opt-125m,128,gemm,fc2,16,4,79.1039988398552,25310720,25507328,196608,196608,1024,2026-04-15T13:51:52Z,baseline_nvml_pt,nvidia-smi,ok,0.0,35.0,1695.0,7601.0,61.46,0.7567359805107117,24.88818359375,24.88818359375,0.75,True,,81.69999999999999,60.42000000000001,72.0,estimated,,prefill-facebook-opt-125m-chunk-128-sm-16,success,,,/mnt/data/dheeraj/dicertation/inference-profile/runs/revised-rerun-20260415-145100-g0-opt125m/raw/points/prefill/prefill-facebook-opt-125m-chunk-128-sm-16.csv
facebook/opt-125m,128,attention,attention,16,4,58.6559996008873,25310720,25514496,203776,196608,1024,2026-04-15T13:51:52Z,baseline_nvml_pt,nvidia-smi,ok,0.0,35.0,1695.0,7601.0,61.46,0.7567359805107117,24.88818359375,24.88818359375,0.75,True,,81.69999999999999,60.42000000000001,72.0,estimated,,prefill-facebook-opt-125m-chunk-128-sm-16,success,,,/mnt/data/dheeraj/dicertation/inference-profile/runs/revised-rerun-20260415-145100-g0-opt125m/raw/points/prefill/prefill-facebook-opt-125m-chunk-128-sm-16.csv
facebook/opt-125m,128,gemm,q_proj,24,0,118.78400295972824,25310720,25507328,196608,196608,1024,2026-04-15T13:52:01Z,baseline_nvml_pt,nvidia-smi,ok,0.0,35.0,1695.0,8001.0,62.17,3.256319999694824,24.88818359375,24.88818359375,0.75,True,,88.35,54.59,79.19999999999999,estimated,,prefill-facebook-opt-125m-chunk-128-sm-24,success,,,/mnt/data/dheeraj/dicertation/inference-profile/runs/revised-rerun-20260415-145100-g0-opt125m/raw/points/prefill/prefill-facebook-opt-125m-chunk-128-sm-24.csv
facebook/opt-125m,128,gemm,k_proj,24,0,94.11200135946274,25310720,25507328,196608,196608,1024,2026-04-15T13:52:01Z,baseline_nvml_pt,nvidia-smi,ok,0.0,35.0,1695.0,8001.0,62.17,3.256319999694824,24.88818359375,24.88818359375,0.75,True,,88.35,54.59,79.19999999999999,estimated,,prefill-facebook-opt-125m-chunk-128-sm-24,success,,,/mnt/data/dheeraj/dicertation/inference-profile/runs/revised-rerun-20260415-145100-g0-opt125m/raw/points/prefill/prefill-facebook-opt-125m-chunk-128-sm-24.csv
facebook/opt-125m,128,gemm,v_proj,24,0,82.94399827718735,25310720,25507328,196608,196608,1024,2026-04-15T13:52:01Z,baseline_nvml_pt,nvidia-smi,ok,0.0,35.0,1695.0,8001.0,62.17,3.256319999694824,24.88818359375,24.88818359375,0.75,True,,88.35,54.59,79.19999999999999,estimated,,prefill-facebook-opt-125m-chunk-128-sm-24,success,,,/mnt/data/dheeraj/dicertation/inference-profile/runs/revised-rerun-20260415-145100-g0-opt125m/raw/points/prefill/prefill-facebook-opt-125m-chunk-128-sm-24.csv
facebook/opt-125m,128,gemm,out_proj,24,0,87.90399879217148,25310720,25507328,196608,196608,1024,2026-04-15T13:52:01Z,baseline_nvml_pt,nvidia-smi,ok,0.0,35.0,1695.0,8001.0,62.17,3.256319999694824,24.88818359375,24.88818359375,0.75,True,,88.35,54.59,79.19999999999999,estimated,,prefill-facebook-opt-125m-chunk-128-sm-24,success,,,/mnt/data/dheeraj/dicertation/inference-profile/runs/revised-rerun-20260415-145100-g0-opt125m/raw/points/prefill/prefill-facebook-opt-125m-chunk-128-sm-24.csv
facebook/opt-125m,128,gemm,fc1,24,0,71.68000191450119,25310720,26097152,786432,786432,1024,2026-04-15T13:52:01Z,baseline_nvml_pt,nvidia-smi,ok,0.0,35.0,1695.0,8001.0,62.17,3.256319999694824,24.88818359375,24.88818359375,0.75,True,,88.35,54.59,79.19999999999999,estimated,,prefill-facebook-opt-125m-chunk-128-sm-24,success,,,/mnt/data/dheeraj/dicertation/inference-profile/runs/revised-rerun-20260415-145100-g0-opt125m/raw/points/prefill/prefill-facebook-opt-125m-chunk-128-sm-24.csv
facebook/opt-125m,128,gemm,fc2,24,0,77.82399654388428,25310720,25507328,196608,196608,1024,2026-04-15T13:52:01Z,baseline_nvml_pt,nvidia-smi,ok,0.0,35.0,1695.0,8001.0,62.17,3.256319999694824,24.88818359375,24.88818359375,0.75,True,,88.35,54.59,79.19999999999999,estimated,,prefill-facebook-opt-125m-chunk-128-sm-24,success,,,/mnt/data/dheeraj/dicertation/inference-profile/runs/revised-rerun-20260415-145100-g0-opt125m/raw/points/prefill/prefill-facebook-opt-125m-chunk-128-sm-24.csv
facebook/opt-125m,128,attention,attention,24,0,61.69600039720535,25310720,25514496,203776,196608,1024,2026-04-15T13:52:01Z,baseline_nvml_pt,nvidia-smi,ok,0.0,35.0,1695.0,8001.0,62.17,3.256319999694824,24.88818359375,24.88818359375,0.75,True,,88.35,54.59,79.19999999999999,estimated,,prefill-facebook-opt-125m-chunk-128-sm-24,success,,,/mnt/data/dheeraj/dicertation/inference-profile/runs/revised-rerun-20260415-145100-g0-opt125m/raw/points/prefill/prefill-facebook-opt-125m-chunk-128-sm-24.csv
facebook/opt-125m,128,gemm,q_proj,24,1,78.84799689054489,25310720,25507328,196608,196608,1024,2026-04-15T13:52:01Z,baseline_nvml_pt,nvidia-smi,ok,0.0,35.0,1695.0,8001.0,62.17,3.256319999694824,24.88818359375,24.88818359375,0.75,True,,88.35,54.59,79.19999999999999,estimated,,prefill-facebook-opt-125m-chunk-128-sm-24,success,,,/mnt/data/dheeraj/dicertation/inference-profile/runs/revised-rerun-20260415-145100-g0-opt125m/raw/points/prefill/prefill-facebook-opt-125m-chunk-128-sm-24.csv
facebook/opt-125m,128,gemm,k_proj,24,1,74.75200295448303,25310720,25507328,196608,196608,1024,2026-04-15T13:52:01Z,baseline_nvml_pt,nvidia-smi,ok,0.0,35.0,1695.0,8001.0,62.17,3.256319999694824,24.88818359375,24.88818359375,0.75,True,,88.35,54.59,79.19999999999999,estimated,,prefill-facebook-opt-125m-chunk-128-sm-24,success,,,/mnt/data/dheeraj/dicertation/inference-profile/runs/revised-rerun-20260415-145100-g0-opt125m/raw/points/prefill/prefill-facebook-opt-125m-chunk-128-sm-24.csv
facebook/opt-125m,128,gemm,v_proj,24,1,71.68000191450119,25310720,25507328,196608,196608,1024,2026-04-15T13:52:01Z,baseline_nvml_pt,nvidia-smi,ok,0.0,35.0,1695.0,8001.0,62.17,3.256319999694824,24.88818359375,24.88818359375,0.75,True,,88.35,54.59,79.19999999999999,estimated,,prefill-facebook-opt-125m-chunk-128-sm-24,success,,,/mnt/data/dheeraj/dicertation/inference-profile/runs/revised-rerun-20260415-145100-g0-opt125m/raw/points/prefill/prefill-facebook-opt-125m-chunk-128-sm-24.csv
facebook/opt-125m,128,gemm,out_proj,24,1,72.4480003118515,25310720,25507328,196608,196608,1024,2026-04-15T13:52:01Z,baseline_nvml_pt,nvidia-smi,ok,0.0,35.0,1695.0,8001.0,62.17,3.256319999694824,24.88818359375,24.88818359375,0.75,True,,88.35,54.59,79.19999999999999,estimated,,prefill-facebook-opt-125m-chunk-128-sm-24,success,,,/mnt/data/dheeraj/dicertation/inference-profile/runs/revised-rerun-20260415-145100-g0-opt125m/raw/points/prefill/prefill-facebook-opt-125m-chunk-128-sm-24.csv
facebook/opt-125m,128,gemm,fc1,24,1,63.48799914121628,25310720,26097152,786432,786432,1024,2026-04-15T13:52:01Z,baseline_nvml_pt,nvidia-smi,ok,0.0,35.0,1695.0,8001.0,62.17,3.256319999694824,24.88818359375,24.88818359375,0.75,True,,88.35,54.59,79.19999999999999,estimated,,prefill-facebook-opt-125m-chunk-128-sm-24,success,,,/mnt/data/dheeraj/dicertation/inference-profile/runs/revised-rerun-20260415-145100-g0-opt125m/raw/points/prefill/prefill-facebook-opt-125m-chunk-128-sm-24.csv
facebook/opt-125m,128,gemm,fc2,24,1,3256.319999694824,25310720,25507328,196608,196608,1024,2026-04-15T13:52:01Z,baseline_nvml_pt,nvidia-smi,ok,0.0,35.0,1695.0,8001.0,62.17,3.256319999694824,24.88818359375,24.88818359375,0.75,True,,88.35,54.59,79.19999999999999,estimated,,prefill-facebook-opt-125m-chunk-128-sm-24,success,,,/mnt/data/dheeraj/dicertation/inference-profile/runs/revised-rerun-20260415-145100-g0-opt125m/raw/points/prefill/prefill-facebook-opt-125m-chunk-128-sm-24.csv
facebook/opt-125m,128,attention,attention,24,1,60.15999987721443,25310720,25514496,203776,196608,1024,2026-04-15T13:52:01Z,baseline_nvml_pt,nvidia-smi,ok,0.0,35.0,1695.0,8001.0,62.17,3.256319999694824,24.88818359375,24.88818359375,0.75,True,,88.35,54.59,79.19999999999999,estimated,,prefill-facebook-opt-125m-chunk-128-sm-24,success,,,/mnt/data/dheeraj/dicertation/inference-profile/runs/revised-rerun-20260415-145100-g0-opt125m/raw/points/prefill/prefill-facebook-opt-125m-chunk-128-sm-24.csv
facebook/opt-125m,128,gemm,q_proj,24,2,77.85599678754807,25310720,25507328,196608,196608,1024,2026-04-15T13:52:01Z,baseline_nvml_pt,nvidia-smi,ok,0.0,35.0,1695.0,8001.0,62.17,3.256319999694824,24.88818359375,24.88818359375,0.75,True,,88.35,54.59,79.19999999999999,estimated,,prefill-facebook-opt-125m-chunk-128-sm-24,success,,,/mnt/data/dheeraj/dicertation/inference-profile/runs/revised-rerun-20260415-145100-g0-opt125m/raw/points/prefill/prefill-facebook-opt-125m-chunk-128-sm-24.csv
facebook/opt-125m,128,gemm,k_proj,24,2,84.99199897050858,25310720,25507328,196608,196608,1024,2026-04-15T13:52:01Z,baseline_nvml_pt,nvidia-smi,ok,0.0,35.0,1695.0,8001.0,62.17,3.256319999694824,24.88818359375,24.88818359375,0.75,True,,88.35,54.59,79.19999999999999,estimated,,prefill-facebook-opt-125m-chunk-128-sm-24,success,,,/mnt/data/dheeraj/dicertation/inference-profile/runs/revised-rerun-20260415-145100-g0-opt125m/raw/points/prefill/prefill-facebook-opt-125m-chunk-128-sm-24.csv
facebook/opt-125m,128,gemm,v_proj,24,2,72.7040022611618,25310720,25507328,196608,196608,1024,2026-04-15T13:52:01Z,baseline_nvml_pt,nvidia-smi,ok,0.0,35.0,1695.0,8001.0,62.17,3.256319999694824,24.88818359375,24.88818359375,0.75,True,,88.35,54.59,79.19999999999999,estimated,,prefill-facebook-opt-125m-chunk-128-sm-24,success,,,/mnt/data/dheeraj/dicertation/inference-profile/runs/revised-rerun-20260415-145100-g0-opt125m/raw/points/prefill/prefill-facebook-opt-125m-chunk-128-sm-24.csv
facebook/opt-125m,128,gemm,out_proj,24,2,70.68800181150436,25310720,25507328,196608,196608,1024,2026-04-15T13:52:01Z,baseline_nvml_pt,nvidia-smi,ok,0.0,35.0,1695.0,8001.0,62.17,3.256319999694824,24.88818359375,24.88818359375,0.75,True,,88.35,54.59,79.19999999999999,estimated,,prefill-facebook-opt-125m-chunk-128-sm-24,success,,,/mnt/data/dheeraj/dicertation/inference-profile/runs/revised-rerun-20260415-145100-g0-opt125m/raw/points/prefill/prefill-facebook-opt-125m-chunk-128-sm-24.csv
facebook/opt-125m,128,gemm,fc1,24,2,3252.9919147491455,25310720,26097152,786432,786432,1024,2026-04-15T13:52:01Z,baseline_nvml_pt,nvidia-smi,ok,0.0,35.0,1695.0,8001.0,62.17,3.256319999694824,24.88818359375,24.88818359375,0.75,True,,88.35,54.59,79.19999999999999,estimated,,prefill-facebook-opt-125m-chunk-128-sm-24,success,,,/mnt/data/dheeraj/dicertation/inference-profile/runs/revised-rerun-20260415-145100-g0-opt125m/raw/points/prefill/prefill-facebook-opt-125m-chunk-128-sm-24.csv
facebook/opt-125m,128,gemm,fc2,24,2,75.87199658155441,25310720,25507328,196608,196608,1024,2026-04-15T13:52:01Z,baseline_nvml_pt,nvidia-smi,ok,0.0,35.0,1695.0,8001.0,62.17,3.256319999694824,24.88818359375,24.88818359375,0.75,True,,88.35,54.59,79.19999999999999,estimated,,prefill-facebook-opt-125m-chunk-128-sm-24,success,,,/mnt/data/dheeraj/dicertation/inference-profile/runs/revised-rerun-20260415-145100-g0-opt125m/raw/points/prefill/prefill-facebook-opt-125m-chunk-128-sm-24.csv
facebook/opt-125m,128,attention,attention,24,2,60.38400158286095,25310720,25514496,203776,196608,1024,2026-04-15T13:52:01Z,baseline_nvml_pt,nvidia-smi,ok,0.0,35.0,1695.0,8001.0,62.17,3.256319999694824,24.88818359375,24.88818359375,0.75,True,,88.35,54.59,79.19999999999999,estimated,,prefill-facebook-opt-125m-chunk-128-sm-24,success,,,/mnt/data/dheeraj/dicertation/inference-profile/runs/revised-rerun-20260415-145100-g0-opt125m/raw/points/prefill/prefill-facebook-opt-125m-chunk-128-sm-24.csv
facebook/opt-125m,128,gemm,q_proj,24,3,74.8480036854744,25310720,25507328,196608,196608,1024,2026-04-15T13:52:01Z,baseline_nvml_pt,nvidia-smi,ok,0.0,35.0,1695.0,8001.0,62.17,3.256319999694824,24.88818359375,24.88818359375,0.75,True,,88.35,54.59,79.19999999999999,estimated,,prefill-facebook-opt-125m-chunk-128-sm-24,success,,,/mnt/data/dheeraj/dicertation/inference-profile/runs/revised-rerun-20260415-145100-g0-opt125m/raw/points/prefill/prefill-facebook-opt-125m-chunk-128-sm-24.csv
facebook/opt-125m,128,gemm,k_proj,24,3,72.67200201749802,25310720,25507328,196608,196608,1024,2026-04-15T13:52:01Z,baseline_nvml_pt,nvidia-smi,ok,0.0,35.0,1695.0,8001.0,62.17,3.256319999694824,24.88818359375,24.88818359375,0.75,True,,88.35,54.59,79.19999999999999,estimated,,prefill-facebook-opt-125m-chunk-128-sm-24,success,,,/mnt/data/dheeraj/dicertation/inference-profile/runs/revised-rerun-20260415-145100-g0-opt125m/raw/points/prefill/prefill-facebook-opt-125m-chunk-128-sm-24.csv
facebook/opt-125m,128,gemm,v_proj,24,3,71.77600264549255,25310720,25507328,196608,196608,1024,2026-04-15T13:52:01Z,baseline_nvml_pt,nvidia-smi,ok,0.0,35.0,1695.0,8001.0,62.17,3.256319999694824,24.88818359375,24.88818359375,0.75,True,,88.35,54.59,79.19999999999999,estimated,,prefill-facebook-opt-125m-chunk-128-sm-24,success,,,/mnt/data/dheeraj/dicertation/inference-profile/runs/revised-rerun-20260415-145100-g0-opt125m/raw/points/prefill/prefill-facebook-opt-125m-chunk-128-sm-24.csv
facebook/opt-125m,128,gemm,out_proj,24,3,79.8719972372055,25310720,25507328,196608,196608,1024,2026-04-15T13:52:01Z,baseline_nvml_pt,nvidia-smi,ok,0.0,35.0,1695.0,8001.0,62.17,3.256319999694824,24.88818359375,24.88818359375,0.75,True,,88.35,54.59,79.19999999999999,estimated,,prefill-facebook-opt-125m-chunk-128-sm-24,success,,,/mnt/data/dheeraj/dicertation/inference-profile/runs/revised-rerun-20260415-145100-g0-opt125m/raw/points/prefill/prefill-facebook-opt-125m-chunk-128-sm-24.csv
facebook/opt-125m,128,gemm,fc1,24,3,65.2799978852272,25310720,26097152,786432,786432,1024,2026-04-15T13:52:01Z,baseline_nvml_pt,nvidia-smi,ok,0.0,35.0,1695.0,8001.0,62.17,3.256319999694824,24.88818359375,24.88818359375,0.75,True,,88.35,54.59,79.19999999999999,estimated,,prefill-facebook-opt-125m-chunk-128-sm-24,success,,,/mnt/data/dheeraj/dicertation/inference-profile/runs/revised-rerun-20260415-145100-g0-opt125m/raw/points/prefill/prefill-facebook-opt-125m-chunk-128-sm-24.csv
facebook/opt-125m,128,gemm,fc2,24,3,70.65600156784058,25310720,25507328,196608,196608,1024,2026-04-15T13:52:01Z,baseline_nvml_pt,nvidia-smi,ok,0.0,35.0,1695.0,8001.0,62.17,3.256319999694824,24.88818359375,24.88818359375,0.75,True,,88.35,54.59,79.19999999999999,estimated,,prefill-facebook-opt-125m-chunk-128-sm-24,success,,,/mnt/data/dheeraj/dicertation/inference-profile/runs/revised-rerun-20260415-145100-g0-opt125m/raw/points/prefill/prefill-facebook-opt-125m-chunk-128-sm-24.csv
facebook/opt-125m,128,attention,attention,24,3,59.29600074887276,25310720,25514496,203776,196608,1024,2026-04-15T13:52:01Z,baseline_nvml_pt,nvidia-smi,ok,0.0,35.0,1695.0,8001.0,62.17,3.256319999694824,24.88818359375,24.88818359375,0.75,True,,88.35,54.59,79.19999999999999,estimated,,prefill-facebook-opt-125m-chunk-128-sm-24,success,,,/mnt/data/dheeraj/dicertation/inference-profile/runs/revised-rerun-20260415-145100-g0-opt125m/raw/points/prefill/prefill-facebook-opt-125m-chunk-128-sm-24.csv
facebook/opt-125m,128,gemm,q_proj,24,4,76.80000364780426,25310720,25507328,196608,196608,1024,2026-04-15T13:52:01Z,baseline_nvml_pt,nvidia-smi,ok,0.0,35.0,1695.0,8001.0,62.17,3.256319999694824,24.88818359375,24.88818359375,0.75,True,,88.35,54.59,79.19999999999999,estimated,,prefill-facebook-opt-125m-chunk-128-sm-24,success,,,/mnt/data/dheeraj/dicertation/inference-profile/runs/revised-rerun-20260415-145100-g0-opt125m/raw/points/prefill/prefill-facebook-opt-125m-chunk-128-sm-24.csv
facebook/opt-125m,128,gemm,k_proj,24,4,69.69600170850754,25310720,25507328,196608,196608,1024,2026-04-15T13:52:01Z,baseline_nvml_pt,nvidia-smi,ok,0.0,35.0,1695.0,8001.0,62.17,3.256319999694824,24.88818359375,24.88818359375,0.75,True,,88.35,54.59,79.19999999999999,estimated,,prefill-facebook-opt-125m-chunk-128-sm-24,success,,,/mnt/data/dheeraj/dicertation/inference-profile/runs/revised-rerun-20260415-145100-g0-opt125m/raw/points/prefill/prefill-facebook-opt-125m-chunk-128-sm-24.csv
facebook/opt-125m,128,gemm,v_proj,24,4,70.65600156784058,25310720,25507328,196608,196608,1024,2026-04-15T13:52:01Z,baseline_nvml_pt,nvidia-smi,ok,0.0,35.0,1695.0,8001.0,62.17,3.256319999694824,24.88818359375,24.88818359375,0.75,True,,88.35,54.59,79.19999999999999,estimated,,prefill-facebook-opt-125m-chunk-128-sm-24,success,,,/mnt/data/dheeraj/dicertation/inference-profile/runs/revised-rerun-20260415-145100-g0-opt125m/raw/points/prefill/prefill-facebook-opt-125m-chunk-128-sm-24.csv
facebook/opt-125m,128,gemm,out_proj,24,4,69.69600170850754,25310720,25507328,196608,196608,1024,2026-04-15T13:52:01Z,baseline_nvml_pt,nvidia-smi,ok,0.0,35.0,1695.0,8001.0,62.17,3.256319999694824,24.88818359375,24.88818359375,0.75,True,,88.35,54.59,79.19999999999999,estimated,,prefill-facebook-opt-125m-chunk-128-sm-24,success,,,/mnt/data/dheeraj/dicertation/inference-profile/runs/revised-rerun-20260415-145100-g0-opt125m/raw/points/prefill/prefill-facebook-opt-125m-chunk-128-sm-24.csv
facebook/opt-125m,128,gemm,fc1,24,4,60.60799956321716,25310720,26097152,786432,786432,1024,2026-04-15T13:52:01Z,baseline_nvml_pt,nvidia-smi,ok,0.0,35.0,1695.0,8001.0,62.17,3.256319999694824,24.88818359375,24.88818359375,0.75,True,,88.35,54.59,79.19999999999999,estimated,,prefill-facebook-opt-125m-chunk-128-sm-24,success,,,/mnt/data/dheeraj/dicertation/inference-profile/runs/revised-rerun-20260415-145100-g0-opt125m/raw/points/prefill/prefill-facebook-opt-125m-chunk-128-sm-24.csv
facebook/opt-125m,128,gemm,fc2,24,4,71.58400118350983,25310720,25507328,196608,196608,1024,2026-04-15T13:52:01Z,baseline_nvml_pt,nvidia-smi,ok,0.0,35.0,1695.0,8001.0,62.17,3.256319999694824,24.88818359375,24.88818359375,0.75,True,,88.35,54.59,79.19999999999999,estimated,,prefill-facebook-opt-125m-chunk-128-sm-24,success,,,/mnt/data/dheeraj/dicertation/inference-profile/runs/revised-rerun-20260415-145100-g0-opt125m/raw/points/prefill/prefill-facebook-opt-125m-chunk-128-sm-24.csv
facebook/opt-125m,128,attention,attention,24,4,56.32000043988228,25310720,25514496,203776,196608,1024,2026-04-15T13:52:01Z,baseline_nvml_pt,nvidia-smi,ok,0.0,35.0,1695.0,8001.0,62.17,3.256319999694824,24.88818359375,24.88818359375,0.75,True,,88.35,54.59,79.19999999999999,estimated,,prefill-facebook-opt-125m-chunk-128-sm-24,success,,,/mnt/data/dheeraj/dicertation/inference-profile/runs/revised-rerun-20260415-145100-g0-opt125m/raw/points/prefill/prefill-facebook-opt-125m-chunk-128-sm-24.csv
facebook/opt-125m,128,gemm,q_proj,32,0,100.35199671983719,25310720,25507328,196608,196608,1024,2026-04-15T13:52:08Z,baseline_nvml_pt,nvidia-smi,ok,0.0,35.0,1695.0,7601.0,61.76,0.10035199671983719,24.88818359375,24.88818359375,0.75,True,,95.0,48.760000000000005,86.39999999999999,estimated,,prefill-facebook-opt-125m-chunk-128-sm-32,success,,,/mnt/data/dheeraj/dicertation/inference-profile/runs/revised-rerun-20260415-145100-g0-opt125m/raw/points/prefill/prefill-facebook-opt-125m-chunk-128-sm-32.csv
facebook/opt-125m,128,gemm,k_proj,32,0,89.08800035715103,25310720,25507328,196608,196608,1024,2026-04-15T13:52:08Z,baseline_nvml_pt,nvidia-smi,ok,0.0,35.0,1695.0,7601.0,61.76,0.10035199671983719,24.88818359375,24.88818359375,0.75,True,,95.0,48.760000000000005,86.39999999999999,estimated,,prefill-facebook-opt-125m-chunk-128-sm-32,success,,,/mnt/data/dheeraj/dicertation/inference-profile/runs/revised-rerun-20260415-145100-g0-opt125m/raw/points/prefill/prefill-facebook-opt-125m-chunk-128-sm-32.csv
facebook/opt-125m,128,gemm,v_proj,32,0,77.82399654388428,25310720,25507328,196608,196608,1024,2026-04-15T13:52:08Z,baseline_nvml_pt,nvidia-smi,ok,0.0,35.0,1695.0,7601.0,61.76,0.10035199671983719,24.88818359375,24.88818359375,0.75,True,,95.0,48.760000000000005,86.39999999999999,estimated,,prefill-facebook-opt-125m-chunk-128-sm-32,success,,,/mnt/data/dheeraj/dicertation/inference-profile/runs/revised-rerun-20260415-145100-g0-opt125m/raw/points/prefill/prefill-facebook-opt-125m-chunk-128-sm-32.csv
facebook/opt-125m,128,gemm,out_proj,32,0,82.91199803352356,25310720,25507328,196608,196608,1024,2026-04-15T13:52:08Z,baseline_nvml_pt,nvidia-smi,ok,0.0,35.0,1695.0,7601.0,61.76,0.10035199671983719,24.88818359375,24.88818359375,0.75,True,,95.0,48.760000000000005,86.39999999999999,estimated,,prefill-facebook-opt-125m-chunk-128-sm-32,success,,,/mnt/data/dheeraj/dicertation/inference-profile/runs/revised-rerun-20260415-145100-g0-opt125m/raw/points/prefill/prefill-facebook-opt-125m-chunk-128-sm-32.csv
facebook/opt-125m,128,gemm,fc1,32,0,66.78400188684464,25310720,26097152,786432,786432,1024,2026-04-15T13:52:08Z,baseline_nvml_pt,nvidia-smi,ok,0.0,35.0,1695.0,7601.0,61.76,0.10035199671983719,24.88818359375,24.88818359375,0.75,True,,95.0,48.760000000000005,86.39999999999999,estimated,,prefill-facebook-opt-125m-chunk-128-sm-32,success,,,/mnt/data/dheeraj/dicertation/inference-profile/runs/revised-rerun-20260415-145100-g0-opt125m/raw/points/prefill/prefill-facebook-opt-125m-chunk-128-sm-32.csv
facebook/opt-125m,128,gemm,fc2,32,0,74.01599735021591,25310720,25507328,196608,196608,1024,2026-04-15T13:52:08Z,baseline_nvml_pt,nvidia-smi,ok,0.0,35.0,1695.0,7601.0,61.76,0.10035199671983719,24.88818359375,24.88818359375,0.75,True,,95.0,48.760000000000005,86.39999999999999,estimated,,prefill-facebook-opt-125m-chunk-128-sm-32,success,,,/mnt/data/dheeraj/dicertation/inference-profile/runs/revised-rerun-20260415-145100-g0-opt125m/raw/points/prefill/prefill-facebook-opt-125m-chunk-128-sm-32.csv
facebook/opt-125m,128,attention,attention,32,0,60.70400029420853,25310720,25514496,203776,196608,1024,2026-04-15T13:52:08Z,baseline_nvml_pt,nvidia-smi,ok,0.0,35.0,1695.0,7601.0,61.76,0.10035199671983719,24.88818359375,24.88818359375,0.75,True,,95.0,48.760000000000005,86.39999999999999,estimated,,prefill-facebook-opt-125m-chunk-128-sm-32,success,,,/mnt/data/dheeraj/dicertation/inference-profile/runs/revised-rerun-20260415-145100-g0-opt125m/raw/points/prefill/prefill-facebook-opt-125m-chunk-128-sm-32.csv
facebook/opt-125m,128,gemm,q_proj,32,1,77.82399654388428,25310720,25507328,196608,196608,1024,2026-04-15T13:52:08Z,baseline_nvml_pt,nvidia-smi,ok,0.0,35.0,1695.0,7601.0,61.76,0.10035199671983719,24.88818359375,24.88818359375,0.75,True,,95.0,48.760000000000005,86.39999999999999,estimated,,prefill-facebook-opt-125m-chunk-128-sm-32,success,,,/mnt/data/dheeraj/dicertation/inference-profile/runs/revised-rerun-20260415-145100-g0-opt125m/raw/points/prefill/prefill-facebook-opt-125m-chunk-128-sm-32.csv
facebook/opt-125m,128,gemm,k_proj,32,1,76.86399668455124,25310720,25507328,196608,196608,1024,2026-04-15T13:52:08Z,baseline_nvml_pt,nvidia-smi,ok,0.0,35.0,1695.0,7601.0,61.76,0.10035199671983719,24.88818359375,24.88818359375,0.75,True,,95.0,48.760000000000005,86.39999999999999,estimated,,prefill-facebook-opt-125m-chunk-128-sm-32,success,,,/mnt/data/dheeraj/dicertation/inference-profile/runs/revised-rerun-20260415-145100-g0-opt125m/raw/points/prefill/prefill-facebook-opt-125m-chunk-128-sm-32.csv
facebook/opt-125m,128,gemm,v_proj,32,1,72.89600372314453,25310720,25507328,196608,196608,1024,2026-04-15T13:52:08Z,baseline_nvml_pt,nvidia-smi,ok,0.0,35.0,1695.0,7601.0,61.76,0.10035199671983719,24.88818359375,24.88818359375,0.75,True,,95.0,48.760000000000005,86.39999999999999,estimated,,prefill-facebook-opt-125m-chunk-128-sm-32,success,,,/mnt/data/dheeraj/dicertation/inference-profile/runs/revised-rerun-20260415-145100-g0-opt125m/raw/points/prefill/prefill-facebook-opt-125m-chunk-128-sm-32.csv
facebook/opt-125m,128,gemm,out_proj,32,1,72.76800274848938,25310720,25507328,196608,196608,1024,2026-04-15T13:52:08Z,baseline_nvml_pt,nvidia-smi,ok,0.0,35.0,1695.0,7601.0,61.76,0.10035199671983719,24.88818359375,24.88818359375,0.75,True,,95.0,48.760000000000005,86.39999999999999,estimated,,prefill-facebook-opt-125m-chunk-128-sm-32,success,,,/mnt/data/dheeraj/dicertation/inference-profile/runs/revised-rerun-20260415-145100-g0-opt125m/raw/points/prefill/prefill-facebook-opt-125m-chunk-128-sm-32.csv
facebook/opt-125m,128,gemm,fc1,32,1,62.49599903821945,25310720,26097152,786432,786432,1024,2026-04-15T13:52:08Z,baseline_nvml_pt,nvidia-smi,ok,0.0,35.0,1695.0,7601.0,61.76,0.10035199671983719,24.88818359375,24.88818359375,0.75,True,,95.0,48.760000000000005,86.39999999999999,estimated,,prefill-facebook-opt-125m-chunk-128-sm-32,success,,,/mnt/data/dheeraj/dicertation/inference-profile/runs/revised-rerun-20260415-145100-g0-opt125m/raw/points/prefill/prefill-facebook-opt-125m-chunk-128-sm-32.csv
facebook/opt-125m,128,gemm,fc2,32,1,71.68000191450119,25310720,25507328,196608,196608,1024,2026-04-15T13:52:08Z,baseline_nvml_pt,nvidia-smi,ok,0.0,35.0,1695.0,7601.0,61.76,0.10035199671983719,24.88818359375,24.88818359375,0.75,True,,95.0,48.760000000000005,86.39999999999999,estimated,,prefill-facebook-opt-125m-chunk-128-sm-32,success,,,/mnt/data/dheeraj/dicertation/inference-profile/runs/revised-rerun-20260415-145100-g0-opt125m/raw/points/prefill/prefill-facebook-opt-125m-chunk-128-sm-32.csv
facebook/opt-125m,128,attention,attention,32,1,57.53599852323532,25310720,25514496,203776,196608,1024,2026-04-15T13:52:08Z,baseline_nvml_pt,nvidia-smi,ok,0.0,35.0,1695.0,7601.0,61.76,0.10035199671983719,24.88818359375,24.88818359375,0.75,True,,95.0,48.760000000000005,86.39999999999999,estimated,,prefill-facebook-opt-125m-chunk-128-sm-32,success,,,/mnt/data/dheeraj/dicertation/inference-profile/runs/revised-rerun-20260415-145100-g0-opt125m/raw/points/prefill/prefill-facebook-opt-125m-chunk-128-sm-32.csv
facebook/opt-125m,128,gemm,q_proj,32,2,75.77600330114365,25310720,25507328,196608,196608,1024,2026-04-15T13:52:08Z,baseline_nvml_pt,nvidia-smi,ok,0.0,35.0,1695.0,7601.0,61.76,0.10035199671983719,24.88818359375,24.88818359375,0.75,True,,95.0,48.760000000000005,86.39999999999999,estimated,,prefill-facebook-opt-125m-chunk-128-sm-32,success,,,/mnt/data/dheeraj/dicertation/inference-profile/runs/revised-rerun-20260415-145100-g0-opt125m/raw/points/prefill/prefill-facebook-opt-125m-chunk-128-sm-32.csv
facebook/opt-125m,128,gemm,k_proj,32,2,81.82399719953537,25310720,25507328,196608,196608,1024,2026-04-15T13:52:08Z,baseline_nvml_pt,nvidia-smi,ok,0.0,35.0,1695.0,7601.0,61.76,0.10035199671983719,24.88818359375,24.88818359375,0.75,True,,95.0,48.760000000000005,86.39999999999999,estimated,,prefill-facebook-opt-125m-chunk-128-sm-32,success,,,/mnt/data/dheeraj/dicertation/inference-profile/runs/revised-rerun-20260415-145100-g0-opt125m/raw/points/prefill/prefill-facebook-opt-125m-chunk-128-sm-32.csv
facebook/opt-125m,128,gemm,v_proj,32,2,74.75200295448303,25310720,25507328,196608,196608,1024,2026-04-15T13:52:08Z,baseline_nvml_pt,nvidia-smi,ok,0.0,35.0,1695.0,7601.0,61.76,0.10035199671983719,24.88818359375,24.88818359375,0.75,True,,95.0,48.760000000000005,86.39999999999999,estimated,,prefill-facebook-opt-125m-chunk-128-sm-32,success,,,/mnt/data/dheeraj/dicertation/inference-profile/runs/revised-rerun-20260415-145100-g0-opt125m/raw/points/prefill/prefill-facebook-opt-125m-chunk-128-sm-32.csv
facebook/opt-125m,128,gemm,out_proj,32,2,72.95999675989151,25310720,25507328,196608,196608,1024,2026-04-15T13:52:08Z,baseline_nvml_pt,nvidia-smi,ok,0.0,35.0,1695.0,7601.0,61.76,0.10035199671983719,24.88818359375,24.88818359375,0.75,True,,95.0,48.760000000000005,86.39999999999999,estimated,,prefill-facebook-opt-125m-chunk-128-sm-32,success,,,/mnt/data/dheeraj/dicertation/inference-profile/runs/revised-rerun-20260415-145100-g0-opt125m/raw/points/prefill/prefill-facebook-opt-125m-chunk-128-sm-32.csv
facebook/opt-125m,128,gemm,fc1,32,2,63.391998410224915,25310720,26097152,786432,786432,1024,2026-04-15T13:52:08Z,baseline_nvml_pt,nvidia-smi,ok,0.0,35.0,1695.0,7601.0,61.76,0.10035199671983719,24.88818359375,24.88818359375,0.75,True,,95.0,48.760000000000005,86.39999999999999,estimated,,prefill-facebook-opt-125m-chunk-128-sm-32,success,,,/mnt/data/dheeraj/dicertation/inference-profile/runs/revised-rerun-20260415-145100-g0-opt125m/raw/points/prefill/prefill-facebook-opt-125m-chunk-128-sm-32.csv
facebook/opt-125m,128,gemm,fc2,32,2,69.63200122117996,25310720,25507328,196608,196608,1024,2026-04-15T13:52:08Z,baseline_nvml_pt,nvidia-smi,ok,0.0,35.0,1695.0,7601.0,61.76,0.10035199671983719,24.88818359375,24.88818359375,0.75,True,,95.0,48.760000000000005,86.39999999999999,estimated,,prefill-facebook-opt-125m-chunk-128-sm-32,success,,,/mnt/data/dheeraj/dicertation/inference-profile/runs/revised-rerun-20260415-145100-g0-opt125m/raw/points/prefill/prefill-facebook-opt-125m-chunk-128-sm-32.csv
facebook/opt-125m,128,attention,attention,32,2,59.328000992536545,25310720,25514496,203776,196608,1024,2026-04-15T13:52:08Z,baseline_nvml_pt,nvidia-smi,ok,0.0,35.0,1695.0,7601.0,61.76,0.10035199671983719,24.88818359375,24.88818359375,0.75,True,,95.0,48.760000000000005,86.39999999999999,estimated,,prefill-facebook-opt-125m-chunk-128-sm-32,success,,,/mnt/data/dheeraj/dicertation/inference-profile/runs/revised-rerun-20260415-145100-g0-opt125m/raw/points/prefill/prefill-facebook-opt-125m-chunk-128-sm-32.csv
facebook/opt-125m,128,gemm,q_proj,32,3,74.75200295448303,25310720,25507328,196608,196608,1024,2026-04-15T13:52:08Z,baseline_nvml_pt,nvidia-smi,ok,0.0,35.0,1695.0,7601.0,61.76,0.10035199671983719,24.88818359375,24.88818359375,0.75,True,,95.0,48.760000000000005,86.39999999999999,estimated,,prefill-facebook-opt-125m-chunk-128-sm-32,success,,,/mnt/data/dheeraj/dicertation/inference-profile/runs/revised-rerun-20260415-145100-g0-opt125m/raw/points/prefill/prefill-facebook-opt-125m-chunk-128-sm-32.csv
facebook/opt-125m,128,gemm,k_proj,32,3,72.7040022611618,25310720,25507328,196608,196608,1024,2026-04-15T13:52:08Z,baseline_nvml_pt,nvidia-smi,ok,0.0,35.0,1695.0,7601.0,61.76,0.10035199671983719,24.88818359375,24.88818359375,0.75,True,,95.0,48.760000000000005,86.39999999999999,estimated,,prefill-facebook-opt-125m-chunk-128-sm-32,success,,,/mnt/data/dheeraj/dicertation/inference-profile/runs/revised-rerun-20260415-145100-g0-opt125m/raw/points/prefill/prefill-facebook-opt-125m-chunk-128-sm-32.csv
facebook/opt-125m,128,gemm,v_proj,32,3,72.7040022611618,25310720,25507328,196608,196608,1024,2026-04-15T13:52:08Z,baseline_nvml_pt,nvidia-smi,ok,0.0,35.0,1695.0,7601.0,61.76,0.10035199671983719,24.88818359375,24.88818359375,0.75,True,,95.0,48.760000000000005,86.39999999999999,estimated,,prefill-facebook-opt-125m-chunk-128-sm-32,success,,,/mnt/data/dheeraj/dicertation/inference-profile/runs/revised-rerun-20260415-145100-g0-opt125m/raw/points/prefill/prefill-facebook-opt-125m-chunk-128-sm-32.csv
facebook/opt-125m,128,gemm,out_proj,32,3,72.89600372314453,25310720,25507328,196608,196608,1024,2026-04-15T13:52:08Z,baseline_nvml_pt,nvidia-smi,ok,0.0,35.0,1695.0,7601.0,61.76,0.10035199671983719,24.88818359375,24.88818359375,0.75,True,,95.0,48.760000000000005,86.39999999999999,estimated,,prefill-facebook-opt-125m-chunk-128-sm-32,success,,,/mnt/data/dheeraj/dicertation/inference-profile/runs/revised-rerun-20260415-145100-g0-opt125m/raw/points/prefill/prefill-facebook-opt-125m-chunk-128-sm-32.csv
facebook/opt-125m,128,gemm,fc1,32,3,63.48799914121628,25310720,26097152,786432,786432,1024,2026-04-15T13:52:08Z,baseline_nvml_pt,nvidia-smi,ok,0.0,35.0,1695.0,7601.0,61.76,0.10035199671983719,24.88818359375,24.88818359375,0.75,True,,95.0,48.760000000000005,86.39999999999999,estimated,,prefill-facebook-opt-125m-chunk-128-sm-32,success,,,/mnt/data/dheeraj/dicertation/inference-profile/runs/revised-rerun-20260415-145100-g0-opt125m/raw/points/prefill/prefill-facebook-opt-125m-chunk-128-sm-32.csv
facebook/opt-125m,128,gemm,fc2,32,3,75.77600330114365,25310720,25507328,196608,196608,1024,2026-04-15T13:52:08Z,baseline_nvml_pt,nvidia-smi,ok,0.0,35.0,1695.0,7601.0,61.76,0.10035199671983719,24.88818359375,24.88818359375,0.75,True,,95.0,48.760000000000005,86.39999999999999,estimated,,prefill-facebook-opt-125m-chunk-128-sm-32,success,,,/mnt/data/dheeraj/dicertation/inference-profile/runs/revised-rerun-20260415-145100-g0-opt125m/raw/points/prefill/prefill-facebook-opt-125m-chunk-128-sm-32.csv
facebook/opt-125m,128,attention,attention,32,3,56.41600117087364,25310720,25514496,203776,196608,1024,2026-04-15T13:52:08Z,baseline_nvml_pt,nvidia-smi,ok,0.0,35.0,1695.0,7601.0,61.76,0.10035199671983719,24.88818359375,24.88818359375,0.75,True,,95.0,48.760000000000005,86.39999999999999,estimated,,prefill-facebook-opt-125m-chunk-128-sm-32,success,,,/mnt/data/dheeraj/dicertation/inference-profile/runs/revised-rerun-20260415-145100-g0-opt125m/raw/points/prefill/prefill-facebook-opt-125m-chunk-128-sm-32.csv
facebook/opt-125m,128,gemm,q_proj,32,4,74.75200295448303,25310720,25507328,196608,196608,1024,2026-04-15T13:52:08Z,baseline_nvml_pt,nvidia-smi,ok,0.0,35.0,1695.0,7601.0,61.76,0.10035199671983719,24.88818359375,24.88818359375,0.75,True,,95.0,48.760000000000005,86.39999999999999,estimated,,prefill-facebook-opt-125m-chunk-128-sm-32,success,,,/mnt/data/dheeraj/dicertation/inference-profile/runs/revised-rerun-20260415-145100-g0-opt125m/raw/points/prefill/prefill-facebook-opt-125m-chunk-128-sm-32.csv
facebook/opt-125m,128,gemm,k_proj,32,4,71.68000191450119,25310720,25507328,196608,196608,1024,2026-04-15T13:52:08Z,baseline_nvml_pt,nvidia-smi,ok,0.0,35.0,1695.0,7601.0,61.76,0.10035199671983719,24.88818359375,24.88818359375,0.75,True,,95.0,48.760000000000005,86.39999999999999,estimated,,prefill-facebook-opt-125m-chunk-128-sm-32,success,,,/mnt/data/dheeraj/dicertation/inference-profile/runs/revised-rerun-20260415-145100-g0-opt125m/raw/points/prefill/prefill-facebook-opt-125m-chunk-128-sm-32.csv
facebook/opt-125m,128,gemm,v_proj,32,4,71.58400118350983,25310720,25507328,196608,196608,1024,2026-04-15T13:52:08Z,baseline_nvml_pt,nvidia-smi,ok,0.0,35.0,1695.0,7601.0,61.76,0.10035199671983719,24.88818359375,24.88818359375,0.75,True,,95.0,48.760000000000005,86.39999999999999,estimated,,prefill-facebook-opt-125m-chunk-128-sm-32,success,,,/mnt/data/dheeraj/dicertation/inference-profile/runs/revised-rerun-20260415-145100-g0-opt125m/raw/points/prefill/prefill-facebook-opt-125m-chunk-128-sm-32.csv
facebook/opt-125m,128,gemm,out_proj,32,4,69.50400024652481,25310720,25507328,196608,196608,1024,2026-04-15T13:52:08Z,baseline_nvml_pt,nvidia-smi,ok,0.0,35.0,1695.0,7601.0,61.76,0.10035199671983719,24.88818359375,24.88818359375,0.75,True,,95.0,48.760000000000005,86.39999999999999,estimated,,prefill-facebook-opt-125m-chunk-128-sm-32,success,,,/mnt/data/dheeraj/dicertation/inference-profile/runs/revised-rerun-20260415-145100-g0-opt125m/raw/points/prefill/prefill-facebook-opt-125m-chunk-128-sm-32.csv
facebook/opt-125m,128,gemm,fc1,32,4,60.416001826524734,25310720,26097152,786432,786432,1024,2026-04-15T13:52:08Z,baseline_nvml_pt,nvidia-smi,ok,0.0,35.0,1695.0,7601.0,61.76,0.10035199671983719,24.88818359375,24.88818359375,0.75,True,,95.0,48.760000000000005,86.39999999999999,estimated,,prefill-facebook-opt-125m-chunk-128-sm-32,success,,,/mnt/data/dheeraj/dicertation/inference-profile/runs/revised-rerun-20260415-145100-g0-opt125m/raw/points/prefill/prefill-facebook-opt-125m-chunk-128-sm-32.csv
facebook/opt-125m,128,gemm,fc2,32,4,73.72800260782242,25310720,25507328,196608,196608,1024,2026-04-15T13:52:08Z,baseline_nvml_pt,nvidia-smi,ok,0.0,35.0,1695.0,7601.0,61.76,0.10035199671983719,24.88818359375,24.88818359375,0.75,True,,95.0,48.760000000000005,86.39999999999999,estimated,,prefill-facebook-opt-125m-chunk-128-sm-32,success,,,/mnt/data/dheeraj/dicertation/inference-profile/runs/revised-rerun-20260415-145100-g0-opt125m/raw/points/prefill/prefill-facebook-opt-125m-chunk-128-sm-32.csv
facebook/opt-125m,128,attention,attention,32,4,56.28800019621849,25310720,25514496,203776,196608,1024,2026-04-15T13:52:08Z,baseline_nvml_pt,nvidia-smi,ok,0.0,35.0,1695.0,7601.0,61.76,0.10035199671983719,24.88818359375,24.88818359375,0.75,True,,95.0,48.760000000000005,86.39999999999999,estimated,,prefill-facebook-opt-125m-chunk-128-sm-32,success,,,/mnt/data/dheeraj/dicertation/inference-profile/runs/revised-rerun-20260415-145100-g0-opt125m/raw/points/prefill/prefill-facebook-opt-125m-chunk-128-sm-32.csv
facebook/opt-125m,256,gemm,q_proj,8,0,96.25600278377533,26883584,27276800,393216,393216,1024,2026-04-15T13:52:14Z,baseline_nvml_pt,nvidia-smi,ok,0.0,35.0,1695.0,7601.0,62.36,0.09625600278377533,27.13818359375,27.13818359375,1.5,True,,79.0,62.5,67.5,estimated,,prefill-facebook-opt-125m-chunk-256-sm-8,success,,,/mnt/data/dheeraj/dicertation/inference-profile/runs/revised-rerun-20260415-145100-g0-opt125m/raw/points/prefill/prefill-facebook-opt-125m-chunk-256-sm-8.csv
facebook/opt-125m,256,gemm,k_proj,8,0,84.06399935483932,26883584,27276800,393216,393216,1024,2026-04-15T13:52:14Z,baseline_nvml_pt,nvidia-smi,ok,0.0,35.0,1695.0,7601.0,62.36,0.09625600278377533,27.13818359375,27.13818359375,1.5,True,,79.0,62.5,67.5,estimated,,prefill-facebook-opt-125m-chunk-256-sm-8,success,,,/mnt/data/dheeraj/dicertation/inference-profile/runs/revised-rerun-20260415-145100-g0-opt125m/raw/points/prefill/prefill-facebook-opt-125m-chunk-256-sm-8.csv
facebook/opt-125m,256,gemm,v_proj,8,0,75.83999633789062,26883584,27276800,393216,393216,1024,2026-04-15T13:52:14Z,baseline_nvml_pt,nvidia-smi,ok,0.0,35.0,1695.0,7601.0,62.36,0.09625600278377533,27.13818359375,27.13818359375,1.5,True,,79.0,62.5,67.5,estimated,,prefill-facebook-opt-125m-chunk-256-sm-8,success,,,/mnt/data/dheeraj/dicertation/inference-profile/runs/revised-rerun-20260415-145100-g0-opt125m/raw/points/prefill/prefill-facebook-opt-125m-chunk-256-sm-8.csv
facebook/opt-125m,256,gemm,out_proj,8,0,75.58400183916092,26883584,27276800,393216,393216,1024,2026-04-15T13:52:14Z,baseline_nvml_pt,nvidia-smi,ok,0.0,35.0,1695.0,7601.0,62.36,0.09625600278377533,27.13818359375,27.13818359375,1.5,True,,79.0,62.5,67.5,estimated,,prefill-facebook-opt-125m-chunk-256-sm-8,success,,,/mnt/data/dheeraj/dicertation/inference-profile/runs/revised-rerun-20260415-145100-g0-opt125m/raw/points/prefill/prefill-facebook-opt-125m-chunk-256-sm-8.csv
facebook/opt-125m,256,gemm,fc1,8,0,83.96799862384796,26883584,28456448,1572864,1572864,1024,2026-04-15T13:52:14Z,baseline_nvml_pt,nvidia-smi,ok,0.0,35.0,1695.0,7601.0,62.36,0.09625600278377533,27.13818359375,27.13818359375,1.5,True,,79.0,62.5,67.5,estimated,,prefill-facebook-opt-125m-chunk-256-sm-8,success,,,/mnt/data/dheeraj/dicertation/inference-profile/runs/revised-rerun-20260415-145100-g0-opt125m/raw/points/prefill/prefill-facebook-opt-125m-chunk-256-sm-8.csv
facebook/opt-125m,256,gemm,fc2,8,0,71.48800045251846,26883584,27276800,393216,393216,1024,2026-04-15T13:52:14Z,baseline_nvml_pt,nvidia-smi,ok,0.0,35.0,1695.0,7601.0,62.36,0.09625600278377533,27.13818359375,27.13818359375,1.5,True,,79.0,62.5,67.5,estimated,,prefill-facebook-opt-125m-chunk-256-sm-8,success,,,/mnt/data/dheeraj/dicertation/inference-profile/runs/revised-rerun-20260415-145100-g0-opt125m/raw/points/prefill/prefill-facebook-opt-125m-chunk-256-sm-8.csv
facebook/opt-125m,256,attention,attention,8,0,62.463998794555664,26883584,27290112,406528,393216,1024,2026-04-15T13:52:14Z,baseline_nvml_pt,nvidia-smi,ok,0.0,35.0,1695.0,7601.0,62.36,0.09625600278377533,27.13818359375,27.13818359375,1.5,True,,79.0,62.5,67.5,estimated,,prefill-facebook-opt-125m-chunk-256-sm-8,success,,,/mnt/data/dheeraj/dicertation/inference-profile/runs/revised-rerun-20260415-145100-g0-opt125m/raw/points/prefill/prefill-facebook-opt-125m-chunk-256-sm-8.csv
facebook/opt-125m,256,gemm,q_proj,8,1,70.91200351715088,26883584,27276800,393216,393216,1024,2026-04-15T13:52:14Z,baseline_nvml_pt,nvidia-smi,ok,0.0,35.0,1695.0,7601.0,62.36,0.09625600278377533,27.13818359375,27.13818359375,1.5,True,,79.0,62.5,67.5,estimated,,prefill-facebook-opt-125m-chunk-256-sm-8,success,,,/mnt/data/dheeraj/dicertation/inference-profile/runs/revised-rerun-20260415-145100-g0-opt125m/raw/points/prefill/prefill-facebook-opt-125m-chunk-256-sm-8.csv
facebook/opt-125m,256,gemm,k_proj,8,1,72.7040022611618,26883584,27276800,393216,393216,1024,2026-04-15T13:52:14Z,baseline_nvml_pt,nvidia-smi,ok,0.0,35.0,1695.0,7601.0,62.36,0.09625600278377533,27.13818359375,27.13818359375,1.5,True,,79.0,62.5,67.5,estimated,,prefill-facebook-opt-125m-chunk-256-sm-8,success,,,/mnt/data/dheeraj/dicertation/inference-profile/runs/revised-rerun-20260415-145100-g0-opt125m/raw/points/prefill/prefill-facebook-opt-125m-chunk-256-sm-8.csv
facebook/opt-125m,256,gemm,v_proj,8,1,65.5359998345375,26883584,27276800,393216,393216,1024,2026-04-15T13:52:14Z,baseline_nvml_pt,nvidia-smi,ok,0.0,35.0,1695.0,7601.0,62.36,0.09625600278377533,27.13818359375,27.13818359375,1.5,True,,79.0,62.5,67.5,estimated,,prefill-facebook-opt-125m-chunk-256-sm-8,success,,,/mnt/data/dheeraj/dicertation/inference-profile/runs/revised-rerun-20260415-145100-g0-opt125m/raw/points/prefill/prefill-facebook-opt-125m-chunk-256-sm-8.csv
facebook/opt-125m,256,gemm,out_proj,8,1,65.69600105285645,26883584,27276800,393216,393216,1024,2026-04-15T13:52:14Z,baseline_nvml_pt,nvidia-smi,ok,0.0,35.0,1695.0,7601.0,62.36,0.09625600278377533,27.13818359375,27.13818359375,1.5,True,,79.0,62.5,67.5,estimated,,prefill-facebook-opt-125m-chunk-256-sm-8,success,,,/mnt/data/dheeraj/dicertation/inference-profile/runs/revised-rerun-20260415-145100-g0-opt125m/raw/points/prefill/prefill-facebook-opt-125m-chunk-256-sm-8.csv
facebook/opt-125m,256,gemm,fc1,8,1,84.99199897050858,26883584,28456448,1572864,1572864,1024,2026-04-15T13:52:14Z,baseline_nvml_pt,nvidia-smi,ok,0.0,35.0,1695.0,7601.0,62.36,0.09625600278377533,27.13818359375,27.13818359375,1.5,True,,79.0,62.5,67.5,estimated,,prefill-facebook-opt-125m-chunk-256-sm-8,success,,,/mnt/data/dheeraj/dicertation/inference-profile/runs/revised-rerun-20260415-145100-g0-opt125m/raw/points/prefill/prefill-facebook-opt-125m-chunk-256-sm-8.csv
facebook/opt-125m,256,gemm,fc2,8,1,69.47200000286102,26883584,27276800,393216,393216,1024,2026-04-15T13:52:14Z,baseline_nvml_pt,nvidia-smi,ok,0.0,35.0,1695.0,7601.0,62.36,0.09625600278377533,27.13818359375,27.13818359375,1.5,True,,79.0,62.5,67.5,estimated,,prefill-facebook-opt-125m-chunk-256-sm-8,success,,,/mnt/data/dheeraj/dicertation/inference-profile/runs/revised-rerun-20260415-145100-g0-opt125m/raw/points/prefill/prefill-facebook-opt-125m-chunk-256-sm-8.csv
facebook/opt-125m,256,attention,attention,8,1,59.39200147986412,26883584,27290112,406528,393216,1024,2026-04-15T13:52:14Z,baseline_nvml_pt,nvidia-smi,ok,0.0,35.0,1695.0,7601.0,62.36,0.09625600278377533,27.13818359375,27.13818359375,1.5,True,,79.0,62.5,67.5,estimated,,prefill-facebook-opt-125m-chunk-256-sm-8,success,,,/mnt/data/dheeraj/dicertation/inference-profile/runs/revised-rerun-20260415-145100-g0-opt125m/raw/points/prefill/prefill-facebook-opt-125m-chunk-256-sm-8.csv
facebook/opt-125m,256,gemm,q_proj,8,2,71.74400240182877,26883584,27276800,393216,393216,1024,2026-04-15T13:52:14Z,baseline_nvml_pt,nvidia-smi,ok,0.0,35.0,1695.0,7601.0,62.36,0.09625600278377533,27.13818359375,27.13818359375,1.5,True,,79.0,62.5,67.5,estimated,,prefill-facebook-opt-125m-chunk-256-sm-8,success,,,/mnt/data/dheeraj/dicertation/inference-profile/runs/revised-rerun-20260415-145100-g0-opt125m/raw/points/prefill/prefill-facebook-opt-125m-chunk-256-sm-8.csv
facebook/opt-125m,256,gemm,k_proj,8,2,73.88799637556076,26883584,27276800,393216,393216,1024,2026-04-15T13:52:14Z,baseline_nvml_pt,nvidia-smi,ok,0.0,35.0,1695.0,7601.0,62.36,0.09625600278377533,27.13818359375,27.13818359375,1.5,True,,79.0,62.5,67.5,estimated,,prefill-facebook-opt-125m-chunk-256-sm-8,success,,,/mnt/data/dheeraj/dicertation/inference-profile/runs/revised-rerun-20260415-145100-g0-opt125m/raw/points/prefill/prefill-facebook-opt-125m-chunk-256-sm-8.csv
facebook/opt-125m,256,gemm,v_proj,8,2,74.75200295448303,26883584,27276800,393216,393216,1024,2026-04-15T13:52:14Z,baseline_nvml_pt,nvidia-smi,ok,0.0,35.0,1695.0,7601.0,62.36,0.09625600278377533,27.13818359375,27.13818359375,1.5,True,,79.0,62.5,67.5,estimated,,prefill-facebook-opt-125m-chunk-256-sm-8,success,,,/mnt/data/dheeraj/dicertation/inference-profile/runs/revised-rerun-20260415-145100-g0-opt125m/raw/points/prefill/prefill-facebook-opt-125m-chunk-256-sm-8.csv
facebook/opt-125m,256,gemm,out_proj,8,2,66.46399945020676,26883584,27276800,393216,393216,1024,2026-04-15T13:52:14Z,baseline_nvml_pt,nvidia-smi,ok,0.0,35.0,1695.0,7601.0,62.36,0.09625600278377533,27.13818359375,27.13818359375,1.5,True,,79.0,62.5,67.5,estimated,,prefill-facebook-opt-125m-chunk-256-sm-8,success,,,/mnt/data/dheeraj/dicertation/inference-profile/runs/revised-rerun-20260415-145100-g0-opt125m/raw/points/prefill/prefill-facebook-opt-125m-chunk-256-sm-8.csv
facebook/opt-125m,256,gemm,fc1,8,2,81.91999793052673,26883584,28456448,1572864,1572864,1024,2026-04-15T13:52:14Z,baseline_nvml_pt,nvidia-smi,ok,0.0,35.0,1695.0,7601.0,62.36,0.09625600278377533,27.13818359375,27.13818359375,1.5,True,,79.0,62.5,67.5,estimated,,prefill-facebook-opt-125m-chunk-256-sm-8,success,,,/mnt/data/dheeraj/dicertation/inference-profile/runs/revised-rerun-20260415-145100-g0-opt125m/raw/points/prefill/prefill-facebook-opt-125m-chunk-256-sm-8.csv
facebook/opt-125m,256,gemm,fc2,8,2,68.54400038719177,26883584,27276800,393216,393216,1024,2026-04-15T13:52:14Z,baseline_nvml_pt,nvidia-smi,ok,0.0,35.0,1695.0,7601.0,62.36,0.09625600278377533,27.13818359375,27.13818359375,1.5,True,,79.0,62.5,67.5,estimated,,prefill-facebook-opt-125m-chunk-256-sm-8,success,,,/mnt/data/dheeraj/dicertation/inference-profile/runs/revised-rerun-20260415-145100-g0-opt125m/raw/points/prefill/prefill-facebook-opt-125m-chunk-256-sm-8.csv
facebook/opt-125m,256,attention,attention,8,2,59.39200147986412,26883584,27290112,406528,393216,1024,2026-04-15T13:52:14Z,baseline_nvml_pt,nvidia-smi,ok,0.0,35.0,1695.0,7601.0,62.36,0.09625600278377533,27.13818359375,27.13818359375,1.5,True,,79.0,62.5,67.5,estimated,,prefill-facebook-opt-125m-chunk-256-sm-8,success,,,/mnt/data/dheeraj/dicertation/inference-profile/runs/revised-rerun-20260415-145100-g0-opt125m/raw/points/prefill/prefill-facebook-opt-125m-chunk-256-sm-8.csv
facebook/opt-125m,256,gemm,q_proj,8,3,68.60800087451935,26883584,27276800,393216,393216,1024,2026-04-15T13:52:14Z,baseline_nvml_pt,nvidia-smi,ok,0.0,35.0,1695.0,7601.0,62.36,0.09625600278377533,27.13818359375,27.13818359375,1.5,True,,79.0,62.5,67.5,estimated,,prefill-facebook-opt-125m-chunk-256-sm-8,success,,,/mnt/data/dheeraj/dicertation/inference-profile/runs/revised-rerun-20260415-145100-g0-opt125m/raw/points/prefill/prefill-facebook-opt-125m-chunk-256-sm-8.csv
facebook/opt-125m,256,gemm,k_proj,8,3,72.7040022611618,26883584,27276800,393216,393216,1024,2026-04-15T13:52:14Z,baseline_nvml_pt,nvidia-smi,ok,0.0,35.0,1695.0,7601.0,62.36,0.09625600278377533,27.13818359375,27.13818359375,1.5,True,,79.0,62.5,67.5,estimated,,prefill-facebook-opt-125m-chunk-256-sm-8,success,,,/mnt/data/dheeraj/dicertation/inference-profile/runs/revised-rerun-20260415-145100-g0-opt125m/raw/points/prefill/prefill-facebook-opt-125m-chunk-256-sm-8.csv
facebook/opt-125m,256,gemm,v_proj,8,3,66.56000018119812,26883584,27276800,393216,393216,1024,2026-04-15T13:52:14Z,baseline_nvml_pt,nvidia-smi,ok,0.0,35.0,1695.0,7601.0,62.36,0.09625600278377533,27.13818359375,27.13818359375,1.5,True,,79.0,62.5,67.5,estimated,,prefill-facebook-opt-125m-chunk-256-sm-8,success,,,/mnt/data/dheeraj/dicertation/inference-profile/runs/revised-rerun-20260415-145100-g0-opt125m/raw/points/prefill/prefill-facebook-opt-125m-chunk-256-sm-8.csv
facebook/opt-125m,256,gemm,out_proj,8,3,65.31199812889099,26883584,27276800,393216,393216,1024,2026-04-15T13:52:14Z,baseline_nvml_pt,nvidia-smi,ok,0.0,35.0,1695.0,7601.0,62.36,0.09625600278377533,27.13818359375,27.13818359375,1.5,True,,79.0,62.5,67.5,estimated,,prefill-facebook-opt-125m-chunk-256-sm-8,success,,,/mnt/data/dheeraj/dicertation/inference-profile/runs/revised-rerun-20260415-145100-g0-opt125m/raw/points/prefill/prefill-facebook-opt-125m-chunk-256-sm-8.csv
facebook/opt-125m,256,gemm,fc1,8,3,82.94399827718735,26883584,28456448,1572864,1572864,1024,2026-04-15T13:52:14Z,baseline_nvml_pt,nvidia-smi,ok,0.0,35.0,1695.0,7601.0,62.36,0.09625600278377533,27.13818359375,27.13818359375,1.5,True,,79.0,62.5,67.5,estimated,,prefill-facebook-opt-125m-chunk-256-sm-8,success,,,/mnt/data/dheeraj/dicertation/inference-profile/runs/revised-rerun-20260415-145100-g0-opt125m/raw/points/prefill/prefill-facebook-opt-125m-chunk-256-sm-8.csv
facebook/opt-125m,256,gemm,fc2,8,3,67.4239993095398,26883584,27276800,393216,393216,1024,2026-04-15T13:52:14Z,baseline_nvml_pt,nvidia-smi,ok,0.0,35.0,1695.0,7601.0,62.36,0.09625600278377533,27.13818359375,27.13818359375,1.5,True,,79.0,62.5,67.5,estimated,,prefill-facebook-opt-125m-chunk-256-sm-8,success,,,/mnt/data/dheeraj/dicertation/inference-profile/runs/revised-rerun-20260415-145100-g0-opt125m/raw/points/prefill/prefill-facebook-opt-125m-chunk-256-sm-8.csv
facebook/opt-125m,256,attention,attention,8,3,57.34400078654289,26883584,27290112,406528,393216,1024,2026-04-15T13:52:14Z,baseline_nvml_pt,nvidia-smi,ok,0.0,35.0,1695.0,7601.0,62.36,0.09625600278377533,27.13818359375,27.13818359375,1.5,True,,79.0,62.5,67.5,estimated,,prefill-facebook-opt-125m-chunk-256-sm-8,success,,,/mnt/data/dheeraj/dicertation/inference-profile/runs/revised-rerun-20260415-145100-g0-opt125m/raw/points/prefill/prefill-facebook-opt-125m-chunk-256-sm-8.csv
facebook/opt-125m,256,gemm,q_proj,8,4,67.58400052785873,26883584,27276800,393216,393216,1024,2026-04-15T13:52:14Z,baseline_nvml_pt,nvidia-smi,ok,0.0,35.0,1695.0,7601.0,62.36,0.09625600278377533,27.13818359375,27.13818359375,1.5,True,,79.0,62.5,67.5,estimated,,prefill-facebook-opt-125m-chunk-256-sm-8,success,,,/mnt/data/dheeraj/dicertation/inference-profile/runs/revised-rerun-20260415-145100-g0-opt125m/raw/points/prefill/prefill-facebook-opt-125m-chunk-256-sm-8.csv
facebook/opt-125m,256,gemm,k_proj,8,4,66.56000018119812,26883584,27276800,393216,393216,1024,2026-04-15T13:52:14Z,baseline_nvml_pt,nvidia-smi,ok,0.0,35.0,1695.0,7601.0,62.36,0.09625600278377533,27.13818359375,27.13818359375,1.5,True,,79.0,62.5,67.5,estimated,,prefill-facebook-opt-125m-chunk-256-sm-8,success,,,/mnt/data/dheeraj/dicertation/inference-profile/runs/revised-rerun-20260415-145100-g0-opt125m/raw/points/prefill/prefill-facebook-opt-125m-chunk-256-sm-8.csv
facebook/opt-125m,256,gemm,v_proj,8,4,63.58399987220764,26883584,27276800,393216,393216,1024,2026-04-15T13:52:14Z,baseline_nvml_pt,nvidia-smi,ok,0.0,35.0,1695.0,7601.0,62.36,0.09625600278377533,27.13818359375,27.13818359375,1.5,True,,79.0,62.5,67.5,estimated,,prefill-facebook-opt-125m-chunk-256-sm-8,success,,,/mnt/data/dheeraj/dicertation/inference-profile/runs/revised-rerun-20260415-145100-g0-opt125m/raw/points/prefill/prefill-facebook-opt-125m-chunk-256-sm-8.csv
facebook/opt-125m,256,gemm,out_proj,8,4,62.49599903821945,26883584,27276800,393216,393216,1024,2026-04-15T13:52:14Z,baseline_nvml_pt,nvidia-smi,ok,0.0,35.0,1695.0,7601.0,62.36,0.09625600278377533,27.13818359375,27.13818359375,1.5,True,,79.0,62.5,67.5,estimated,,prefill-facebook-opt-125m-chunk-256-sm-8,success,,,/mnt/data/dheeraj/dicertation/inference-profile/runs/revised-rerun-20260415-145100-g0-opt125m/raw/points/prefill/prefill-facebook-opt-125m-chunk-256-sm-8.csv
facebook/opt-125m,256,gemm,fc1,8,4,80.89599758386612,26883584,28456448,1572864,1572864,1024,2026-04-15T13:52:14Z,baseline_nvml_pt,nvidia-smi,ok,0.0,35.0,1695.0,7601.0,62.36,0.09625600278377533,27.13818359375,27.13818359375,1.5,True,,79.0,62.5,67.5,estimated,,prefill-facebook-opt-125m-chunk-256-sm-8,success,,,/mnt/data/dheeraj/dicertation/inference-profile/runs/revised-rerun-20260415-145100-g0-opt125m/raw/points/prefill/prefill-facebook-opt-125m-chunk-256-sm-8.csv
facebook/opt-125m,256,gemm,fc2,8,4,66.56000018119812,26883584,27276800,393216,393216,1024,2026-04-15T13:52:14Z,baseline_nvml_pt,nvidia-smi,ok,0.0,35.0,1695.0,7601.0,62.36,0.09625600278377533,27.13818359375,27.13818359375,1.5,True,,79.0,62.5,67.5,estimated,,prefill-facebook-opt-125m-chunk-256-sm-8,success,,,/mnt/data/dheeraj/dicertation/inference-profile/runs/revised-rerun-20260415-145100-g0-opt125m/raw/points/prefill/prefill-facebook-opt-125m-chunk-256-sm-8.csv
facebook/opt-125m,256,attention,attention,8,4,57.34400078654289,26883584,27290112,406528,393216,1024,2026-04-15T13:52:14Z,baseline_nvml_pt,nvidia-smi,ok,0.0,35.0,1695.0,7601.0,62.36,0.09625600278377533,27.13818359375,27.13818359375,1.5,True,,79.0,62.5,67.5,estimated,,prefill-facebook-opt-125m-chunk-256-sm-8,success,,,/mnt/data/dheeraj/dicertation/inference-profile/runs/revised-rerun-20260415-145100-g0-opt125m/raw/points/prefill/prefill-facebook-opt-125m-chunk-256-sm-8.csv
facebook/opt-125m,256,gemm,q_proj,16,0,213.82400393486023,26883584,27276800,393216,393216,1024,2026-04-15T13:52:20Z,baseline_nvml_pt,nvidia-smi,ok,0.0,35.0,1695.0,7601.0,62.36,0.21382400393486023,27.13818359375,27.13818359375,1.5,True,,86.0,57.00000000000001,75.0,estimated,,prefill-facebook-opt-125m-chunk-256-sm-16,success,,,/mnt/data/dheeraj/dicertation/inference-profile/runs/revised-rerun-20260415-145100-g0-opt125m/raw/points/prefill/prefill-facebook-opt-125m-chunk-256-sm-16.csv
facebook/opt-125m,256,gemm,k_proj,16,0,83.96799862384796,26883584,27276800,393216,393216,1024,2026-04-15T13:52:20Z,baseline_nvml_pt,nvidia-smi,ok,0.0,35.0,1695.0,7601.0,62.36,0.21382400393486023,27.13818359375,27.13818359375,1.5,True,,86.0,57.00000000000001,75.0,estimated,,prefill-facebook-opt-125m-chunk-256-sm-16,success,,,/mnt/data/dheeraj/dicertation/inference-profile/runs/revised-rerun-20260415-145100-g0-opt125m/raw/points/prefill/prefill-facebook-opt-125m-chunk-256-sm-16.csv
facebook/opt-125m,256,gemm,v_proj,16,0,72.7040022611618,26883584,27276800,393216,393216,1024,2026-04-15T13:52:20Z,baseline_nvml_pt,nvidia-smi,ok,0.0,35.0,1695.0,7601.0,62.36,0.21382400393486023,27.13818359375,27.13818359375,1.5,True,,86.0,57.00000000000001,75.0,estimated,,prefill-facebook-opt-125m-chunk-256-sm-16,success,,,/mnt/data/dheeraj/dicertation/inference-profile/runs/revised-rerun-20260415-145100-g0-opt125m/raw/points/prefill/prefill-facebook-opt-125m-chunk-256-sm-16.csv
facebook/opt-125m,256,gemm,out_proj,16,0,101.21600329875946,26883584,27276800,393216,393216,1024,2026-04-15T13:52:20Z,baseline_nvml_pt,nvidia-smi,ok,0.0,35.0,1695.0,7601.0,62.36,0.21382400393486023,27.13818359375,27.13818359375,1.5,True,,86.0,57.00000000000001,75.0,estimated,,prefill-facebook-opt-125m-chunk-256-sm-16,success,,,/mnt/data/dheeraj/dicertation/inference-profile/runs/revised-rerun-20260415-145100-g0-opt125m/raw/points/prefill/prefill-facebook-opt-125m-chunk-256-sm-16.csv
facebook/opt-125m,256,gemm,fc1,16,0,136.19199395179749,26883584,28456448,1572864,1572864,1024,2026-04-15T13:52:20Z,baseline_nvml_pt,nvidia-smi,ok,0.0,35.0,1695.0,7601.0,62.36,0.21382400393486023,27.13818359375,27.13818359375,1.5,True,,86.0,57.00000000000001,75.0,estimated,,prefill-facebook-opt-125m-chunk-256-sm-16,success,,,/mnt/data/dheeraj/dicertation/inference-profile/runs/revised-rerun-20260415-145100-g0-opt125m/raw/points/prefill/prefill-facebook-opt-125m-chunk-256-sm-16.csv
facebook/opt-125m,256,gemm,fc2,16,0,84.89599823951721,26883584,27276800,393216,393216,1024,2026-04-15T13:52:20Z,baseline_nvml_pt,nvidia-smi,ok,0.0,35.0,1695.0,7601.0,62.36,0.21382400393486023,27.13818359375,27.13818359375,1.5,True,,86.0,57.00000000000001,75.0,estimated,,prefill-facebook-opt-125m-chunk-256-sm-16,success,,,/mnt/data/dheeraj/dicertation/inference-profile/runs/revised-rerun-20260415-145100-g0-opt125m/raw/points/prefill/prefill-facebook-opt-125m-chunk-256-sm-16.csv
facebook/opt-125m,256,attention,attention,16,0,70.65600156784058,26883584,27290112,406528,393216,1024,2026-04-15T13:52:20Z,baseline_nvml_pt,nvidia-smi,ok,0.0,35.0,1695.0,7601.0,62.36,0.21382400393486023,27.13818359375,27.13818359375,1.5,True,,86.0,57.00000000000001,75.0,estimated,,prefill-facebook-opt-125m-chunk-256-sm-16,success,,,/mnt/data/dheeraj/dicertation/inference-profile/runs/revised-rerun-20260415-145100-g0-opt125m/raw/points/prefill/prefill-facebook-opt-125m-chunk-256-sm-16.csv
facebook/opt-125m,256,gemm,q_proj,16,1,73.72800260782242,26883584,27276800,393216,393216,1024,2026-04-15T13:52:20Z,baseline_nvml_pt,nvidia-smi,ok,0.0,35.0,1695.0,7601.0,62.36,0.21382400393486023,27.13818359375,27.13818359375,1.5,True,,86.0,57.00000000000001,75.0,estimated,,prefill-facebook-opt-125m-chunk-256-sm-16,success,,,/mnt/data/dheeraj/dicertation/inference-profile/runs/revised-rerun-20260415-145100-g0-opt125m/raw/points/prefill/prefill-facebook-opt-125m-chunk-256-sm-16.csv
facebook/opt-125m,256,gemm,k_proj,16,1,70.68800181150436,26883584,27276800,393216,393216,1024,2026-04-15T13:52:20Z,baseline_nvml_pt,nvidia-smi,ok,0.0,35.0,1695.0,7601.0,62.36,0.21382400393486023,27.13818359375,27.13818359375,1.5,True,,86.0,57.00000000000001,75.0,estimated,,prefill-facebook-opt-125m-chunk-256-sm-16,success,,,/mnt/data/dheeraj/dicertation/inference-profile/runs/revised-rerun-20260415-145100-g0-opt125m/raw/points/prefill/prefill-facebook-opt-125m-chunk-256-sm-16.csv
facebook/opt-125m,256,gemm,v_proj,16,1,65.63200056552887,26883584,27276800,393216,393216,1024,2026-04-15T13:52:20Z,baseline_nvml_pt,nvidia-smi,ok,0.0,35.0,1695.0,7601.0,62.36,0.21382400393486023,27.13818359375,27.13818359375,1.5,True,,86.0,57.00000000000001,75.0,estimated,,prefill-facebook-opt-125m-chunk-256-sm-16,success,,,/mnt/data/dheeraj/dicertation/inference-profile/runs/revised-rerun-20260415-145100-g0-opt125m/raw/points/prefill/prefill-facebook-opt-125m-chunk-256-sm-16.csv
facebook/opt-125m,256,gemm,out_proj,16,1,68.60800087451935,26883584,27276800,393216,393216,1024,2026-04-15T13:52:20Z,baseline_nvml_pt,nvidia-smi,ok,0.0,35.0,1695.0,7601.0,62.36,0.21382400393486023,27.13818359375,27.13818359375,1.5,True,,86.0,57.00000000000001,75.0,estimated,,prefill-facebook-opt-125m-chunk-256-sm-16,success,,,/mnt/data/dheeraj/dicertation/inference-profile/runs/revised-rerun-20260415-145100-g0-opt125m/raw/points/prefill/prefill-facebook-opt-125m-chunk-256-sm-16.csv
facebook/opt-125m,256,gemm,fc1,16,1,94.2080020904541,26883584,28456448,1572864,1572864,1024,2026-04-15T13:52:20Z,baseline_nvml_pt,nvidia-smi,ok,0.0,35.0,1695.0,7601.0,62.36,0.21382400393486023,27.13818359375,27.13818359375,1.5,True,,86.0,57.00000000000001,75.0,estimated,,prefill-facebook-opt-125m-chunk-256-sm-16,success,,,/mnt/data/dheeraj/dicertation/inference-profile/runs/revised-rerun-20260415-145100-g0-opt125m/raw/points/prefill/prefill-facebook-opt-125m-chunk-256-sm-16.csv
facebook/opt-125m,256,gemm,fc2,16,1,72.7040022611618,26883584,27276800,393216,393216,1024,2026-04-15T13:52:20Z,baseline_nvml_pt,nvidia-smi,ok,0.0,35.0,1695.0,7601.0,62.36,0.21382400393486023,27.13818359375,27.13818359375,1.5,True,,86.0,57.00000000000001,75.0,estimated,,prefill-facebook-opt-125m-chunk-256-sm-16,success,,,/mnt/data/dheeraj/dicertation/inference-profile/runs/revised-rerun-20260415-145100-g0-opt125m/raw/points/prefill/prefill-facebook-opt-125m-chunk-256-sm-16.csv
facebook/opt-125m,256,attention,attention,16,1,63.58399987220764,26883584,27290112,406528,393216,1024,2026-04-15T13:52:20Z,baseline_nvml_pt,nvidia-smi,ok,0.0,35.0,1695.0,7601.0,62.36,0.21382400393486023,27.13818359375,27.13818359375,1.5,True,,86.0,57.00000000000001,75.0,estimated,,prefill-facebook-opt-125m-chunk-256-sm-16,success,,,/mnt/data/dheeraj/dicertation/inference-profile/runs/revised-rerun-20260415-145100-g0-opt125m/raw/points/prefill/prefill-facebook-opt-125m-chunk-256-sm-16.csv
facebook/opt-125m,256,gemm,q_proj,16,2,108.5439994931221,26883584,27276800,393216,393216,1024,2026-04-15T13:52:20Z,baseline_nvml_pt,nvidia-smi,ok,0.0,35.0,1695.0,7601.0,62.36,0.21382400393486023,27.13818359375,27.13818359375,1.5,True,,86.0,57.00000000000001,75.0,estimated,,prefill-facebook-opt-125m-chunk-256-sm-16,success,,,/mnt/data/dheeraj/dicertation/inference-profile/runs/revised-rerun-20260415-145100-g0-opt125m/raw/points/prefill/prefill-facebook-opt-125m-chunk-256-sm-16.csv
facebook/opt-125m,256,gemm,k_proj,16,2,102.39999741315842,26883584,27276800,393216,393216,1024,2026-04-15T13:52:20Z,baseline_nvml_pt,nvidia-smi,ok,0.0,35.0,1695.0,7601.0,62.36,0.21382400393486023,27.13818359375,27.13818359375,1.5,True,,86.0,57.00000000000001,75.0,estimated,,prefill-facebook-opt-125m-chunk-256-sm-16,success,,,/mnt/data/dheeraj/dicertation/inference-profile/runs/revised-rerun-20260415-145100-g0-opt125m/raw/points/prefill/prefill-facebook-opt-125m-chunk-256-sm-16.csv
facebook/opt-125m,256,gemm,v_proj,16,2,70.68800181150436,26883584,27276800,393216,393216,1024,2026-04-15T13:52:20Z,baseline_nvml_pt,nvidia-smi,ok,0.0,35.0,1695.0,7601.0,62.36,0.21382400393486023,27.13818359375,27.13818359375,1.5,True,,86.0,57.00000000000001,75.0,estimated,,prefill-facebook-opt-125m-chunk-256-sm-16,success,,,/mnt/data/dheeraj/dicertation/inference-profile/runs/revised-rerun-20260415-145100-g0-opt125m/raw/points/prefill/prefill-facebook-opt-125m-chunk-256-sm-16.csv
facebook/opt-125m,256,gemm,out_proj,16,2,69.63200122117996,26883584,27276800,393216,393216,1024,2026-04-15T13:52:20Z,baseline_nvml_pt,nvidia-smi,ok,0.0,35.0,1695.0,7601.0,62.36,0.21382400393486023,27.13818359375,27.13818359375,1.5,True,,86.0,57.00000000000001,75.0,estimated,,prefill-facebook-opt-125m-chunk-256-sm-16,success,,,/mnt/data/dheeraj/dicertation/inference-profile/runs/revised-rerun-20260415-145100-g0-opt125m/raw/points/prefill/prefill-facebook-opt-125m-chunk-256-sm-16.csv
facebook/opt-125m,256,gemm,fc1,16,2,114.656001329422,26883584,28456448,1572864,1572864,1024,2026-04-15T13:52:20Z,baseline_nvml_pt,nvidia-smi,ok,0.0,35.0,1695.0,7601.0,62.36,0.21382400393486023,27.13818359375,27.13818359375,1.5,True,,86.0,57.00000000000001,75.0,estimated,,prefill-facebook-opt-125m-chunk-256-sm-16,success,,,/mnt/data/dheeraj/dicertation/inference-profile/runs/revised-rerun-20260415-145100-g0-opt125m/raw/points/prefill/prefill-facebook-opt-125m-chunk-256-sm-16.csv
facebook/opt-125m,256,gemm,fc2,16,2,73.72800260782242,26883584,27276800,393216,393216,1024,2026-04-15T13:52:20Z,baseline_nvml_pt,nvidia-smi,ok,0.0,35.0,1695.0,7601.0,62.36,0.21382400393486023,27.13818359375,27.13818359375,1.5,True,,86.0,57.00000000000001,75.0,estimated,,prefill-facebook-opt-125m-chunk-256-sm-16,success,,,/mnt/data/dheeraj/dicertation/inference-profile/runs/revised-rerun-20260415-145100-g0-opt125m/raw/points/prefill/prefill-facebook-opt-125m-chunk-256-sm-16.csv
facebook/opt-125m,256,attention,attention,16,2,86.20800077915192,26883584,27290112,406528,393216,1024,2026-04-15T13:52:20Z,baseline_nvml_pt,nvidia-smi,ok,0.0,35.0,1695.0,7601.0,62.36,0.21382400393486023,27.13818359375,27.13818359375,1.5,True,,86.0,57.00000000000001,75.0,estimated,,prefill-facebook-opt-125m-chunk-256-sm-16,success,,,/mnt/data/dheeraj/dicertation/inference-profile/runs/revised-rerun-20260415-145100-g0-opt125m/raw/points/prefill/prefill-facebook-opt-125m-chunk-256-sm-16.csv
facebook/opt-125m,256,gemm,q_proj,16,3,70.65600156784058,26883584,27276800,393216,393216,1024,2026-04-15T13:52:20Z,baseline_nvml_pt,nvidia-smi,ok,0.0,35.0,1695.0,7601.0,62.36,0.21382400393486023,27.13818359375,27.13818359375,1.5,True,,86.0,57.00000000000001,75.0,estimated,,prefill-facebook-opt-125m-chunk-256-sm-16,success,,,/mnt/data/dheeraj/dicertation/inference-profile/runs/revised-rerun-20260415-145100-g0-opt125m/raw/points/prefill/prefill-facebook-opt-125m-chunk-256-sm-16.csv
facebook/opt-125m,256,gemm,k_proj,16,3,66.56000018119812,26883584,27276800,393216,393216,1024,2026-04-15T13:52:20Z,baseline_nvml_pt,nvidia-smi,ok,0.0,35.0,1695.0,7601.0,62.36,0.21382400393486023,27.13818359375,27.13818359375,1.5,True,,86.0,57.00000000000001,75.0,estimated,,prefill-facebook-opt-125m-chunk-256-sm-16,success,,,/mnt/data/dheeraj/dicertation/inference-profile/runs/revised-rerun-20260415-145100-g0-opt125m/raw/points/prefill/prefill-facebook-opt-125m-chunk-256-sm-16.csv
facebook/opt-125m,256,gemm,v_proj,16,3,68.57600063085556,26883584,27276800,393216,393216,1024,2026-04-15T13:52:20Z,baseline_nvml_pt,nvidia-smi,ok,0.0,35.0,1695.0,7601.0,62.36,0.21382400393486023,27.13818359375,27.13818359375,1.5,True,,86.0,57.00000000000001,75.0,estimated,,prefill-facebook-opt-125m-chunk-256-sm-16,success,,,/mnt/data/dheeraj/dicertation/inference-profile/runs/revised-rerun-20260415-145100-g0-opt125m/raw/points/prefill/prefill-facebook-opt-125m-chunk-256-sm-16.csv
facebook/opt-125m,256,gemm,out_proj,16,3,74.72000271081924,26883584,27276800,393216,393216,1024,2026-04-15T13:52:20Z,baseline_nvml_pt,nvidia-smi,ok,0.0,35.0,1695.0,7601.0,62.36,0.21382400393486023,27.13818359375,27.13818359375,1.5,True,,86.0,57.00000000000001,75.0,estimated,,prefill-facebook-opt-125m-chunk-256-sm-16,success,,,/mnt/data/dheeraj/dicertation/inference-profile/runs/revised-rerun-20260415-145100-g0-opt125m/raw/points/prefill/prefill-facebook-opt-125m-chunk-256-sm-16.csv
facebook/opt-125m,256,gemm,fc1,16,3,97.28000313043594,26883584,28456448,1572864,1572864,1024,2026-04-15T13:52:20Z,baseline_nvml_pt,nvidia-smi,ok,0.0,35.0,1695.0,7601.0,62.36,0.21382400393486023,27.13818359375,27.13818359375,1.5,True,,86.0,57.00000000000001,75.0,estimated,,prefill-facebook-opt-125m-chunk-256-sm-16,success,,,/mnt/data/dheeraj/dicertation/inference-profile/runs/revised-rerun-20260415-145100-g0-opt125m/raw/points/prefill/prefill-facebook-opt-125m-chunk-256-sm-16.csv
facebook/opt-125m,256,gemm,fc2,16,3,69.63200122117996,26883584,27276800,393216,393216,1024,2026-04-15T13:52:20Z,baseline_nvml_pt,nvidia-smi,ok,0.0,35.0,1695.0,7601.0,62.36,0.21382400393486023,27.13818359375,27.13818359375,1.5,True,,86.0,57.00000000000001,75.0,estimated,,prefill-facebook-opt-125m-chunk-256-sm-16,success,,,/mnt/data/dheeraj/dicertation/inference-profile/runs/revised-rerun-20260415-145100-g0-opt125m/raw/points/prefill/prefill-facebook-opt-125m-chunk-256-sm-16.csv
facebook/opt-125m,256,attention,attention,16,3,63.231997191905975,26883584,27290112,406528,393216,1024,2026-04-15T13:52:20Z,baseline_nvml_pt,nvidia-smi,ok,0.0,35.0,1695.0,7601.0,62.36,0.21382400393486023,27.13818359375,27.13818359375,1.5,True,,86.0,57.00000000000001,75.0,estimated,,prefill-facebook-opt-125m-chunk-256-sm-16,success,,,/mnt/data/dheeraj/dicertation/inference-profile/runs/revised-rerun-20260415-145100-g0-opt125m/raw/points/prefill/prefill-facebook-opt-125m-chunk-256-sm-16.csv
facebook/opt-125m,256,gemm,q_proj,16,4,67.80800223350525,26883584,27276800,393216,393216,1024,2026-04-15T13:52:20Z,baseline_nvml_pt,nvidia-smi,ok,0.0,35.0,1695.0,7601.0,62.36,0.21382400393486023,27.13818359375,27.13818359375,1.5,True,,86.0,57.00000000000001,75.0,estimated,,prefill-facebook-opt-125m-chunk-256-sm-16,success,,,/mnt/data/dheeraj/dicertation/inference-profile/runs/revised-rerun-20260415-145100-g0-opt125m/raw/points/prefill/prefill-facebook-opt-125m-chunk-256-sm-16.csv
facebook/opt-125m,256,gemm,k_proj,16,4,70.72000205516815,26883584,27276800,393216,393216,1024,2026-04-15T13:52:20Z,baseline_nvml_pt,nvidia-smi,ok,0.0,35.0,1695.0,7601.0,62.36,0.21382400393486023,27.13818359375,27.13818359375,1.5,True,,86.0,57.00000000000001,75.0,estimated,,prefill-facebook-opt-125m-chunk-256-sm-16,success,,,/mnt/data/dheeraj/dicertation/inference-profile/runs/revised-rerun-20260415-145100-g0-opt125m/raw/points/prefill/prefill-facebook-opt-125m-chunk-256-sm-16.csv
facebook/opt-125m,256,gemm,v_proj,16,4,65.5359998345375,26883584,27276800,393216,393216,1024,2026-04-15T13:52:20Z,baseline_nvml_pt,nvidia-smi,ok,0.0,35.0,1695.0,7601.0,62.36,0.21382400393486023,27.13818359375,27.13818359375,1.5,True,,86.0,57.00000000000001,75.0,estimated,,prefill-facebook-opt-125m-chunk-256-sm-16,success,,,/mnt/data/dheeraj/dicertation/inference-profile/runs/revised-rerun-20260415-145100-g0-opt125m/raw/points/prefill/prefill-facebook-opt-125m-chunk-256-sm-16.csv
facebook/opt-125m,256,gemm,out_proj,16,4,62.49599903821945,26883584,27276800,393216,393216,1024,2026-04-15T13:52:20Z,baseline_nvml_pt,nvidia-smi,ok,0.0,35.0,1695.0,7601.0,62.36,0.21382400393486023,27.13818359375,27.13818359375,1.5,True,,86.0,57.00000000000001,75.0,estimated,,prefill-facebook-opt-125m-chunk-256-sm-16,success,,,/mnt/data/dheeraj/dicertation/inference-profile/runs/revised-rerun-20260415-145100-g0-opt125m/raw/points/prefill/prefill-facebook-opt-125m-chunk-256-sm-16.csv
facebook/opt-125m,256,gemm,fc1,16,4,93.18400174379349,26883584,28456448,1572864,1572864,1024,2026-04-15T13:52:20Z,baseline_nvml_pt,nvidia-smi,ok,0.0,35.0,1695.0,7601.0,62.36,0.21382400393486023,27.13818359375,27.13818359375,1.5,True,,86.0,57.00000000000001,75.0,estimated,,prefill-facebook-opt-125m-chunk-256-sm-16,success,,,/mnt/data/dheeraj/dicertation/inference-profile/runs/revised-rerun-20260415-145100-g0-opt125m/raw/points/prefill/prefill-facebook-opt-125m-chunk-256-sm-16.csv
facebook/opt-125m,256,gemm,fc2,16,4,69.63200122117996,26883584,27276800,393216,393216,1024,2026-04-15T13:52:20Z,baseline_nvml_pt,nvidia-smi,ok,0.0,35.0,1695.0,7601.0,62.36,0.21382400393486023,27.13818359375,27.13818359375,1.5,True,,86.0,57.00000000000001,75.0,estimated,,prefill-facebook-opt-125m-chunk-256-sm-16,success,,,/mnt/data/dheeraj/dicertation/inference-profile/runs/revised-rerun-20260415-145100-g0-opt125m/raw/points/prefill/prefill-facebook-opt-125m-chunk-256-sm-16.csv
facebook/opt-125m,256,attention,attention,16,4,59.39200147986412,26883584,27290112,406528,393216,1024,2026-04-15T13:52:20Z,baseline_nvml_pt,nvidia-smi,ok,0.0,35.0,1695.0,7601.0,62.36,0.21382400393486023,27.13818359375,27.13818359375,1.5,True,,86.0,57.00000000000001,75.0,estimated,,prefill-facebook-opt-125m-chunk-256-sm-16,success,,,/mnt/data/dheeraj/dicertation/inference-profile/runs/revised-rerun-20260415-145100-g0-opt125m/raw/points/prefill/prefill-facebook-opt-125m-chunk-256-sm-16.csv
facebook/opt-125m,256,gemm,q_proj,24,0,106.49599879980087,26883584,27276800,393216,393216,1024,2026-04-15T13:52:26Z,baseline_nvml_pt,nvidia-smi,ok,0.0,35.0,1695.0,8001.0,62.9,3.9690239429473877,27.13818359375,27.13818359375,1.5,True,,93.0,51.5,82.5,estimated,,prefill-facebook-opt-125m-chunk-256-sm-24,success,,,/mnt/data/dheeraj/dicertation/inference-profile/runs/revised-rerun-20260415-145100-g0-opt125m/raw/points/prefill/prefill-facebook-opt-125m-chunk-256-sm-24.csv
facebook/opt-125m,256,gemm,k_proj,24,0,93.31200271844864,26883584,27276800,393216,393216,1024,2026-04-15T13:52:26Z,baseline_nvml_pt,nvidia-smi,ok,0.0,35.0,1695.0,8001.0,62.9,3.9690239429473877,27.13818359375,27.13818359375,1.5,True,,93.0,51.5,82.5,estimated,,prefill-facebook-opt-125m-chunk-256-sm-24,success,,,/mnt/data/dheeraj/dicertation/inference-profile/runs/revised-rerun-20260415-145100-g0-opt125m/raw/points/prefill/prefill-facebook-opt-125m-chunk-256-sm-24.csv
facebook/opt-125m,256,gemm,v_proj,24,0,76.80000364780426,26883584,27276800,393216,393216,1024,2026-04-15T13:52:26Z,baseline_nvml_pt,nvidia-smi,ok,0.0,35.0,1695.0,8001.0,62.9,3.9690239429473877,27.13818359375,27.13818359375,1.5,True,,93.0,51.5,82.5,estimated,,prefill-facebook-opt-125m-chunk-256-sm-24,success,,,/mnt/data/dheeraj/dicertation/inference-profile/runs/revised-rerun-20260415-145100-g0-opt125m/raw/points/prefill/prefill-facebook-opt-125m-chunk-256-sm-24.csv
facebook/opt-125m,256,gemm,out_proj,24,0,78.87999713420868,26883584,27276800,393216,393216,1024,2026-04-15T13:52:26Z,baseline_nvml_pt,nvidia-smi,ok,0.0,35.0,1695.0,8001.0,62.9,3.9690239429473877,27.13818359375,27.13818359375,1.5,True,,93.0,51.5,82.5,estimated,,prefill-facebook-opt-125m-chunk-256-sm-24,success,,,/mnt/data/dheeraj/dicertation/inference-profile/runs/revised-rerun-20260415-145100-g0-opt125m/raw/points/prefill/prefill-facebook-opt-125m-chunk-256-sm-24.csv
facebook/opt-125m,256,gemm,fc1,24,0,88.06400001049042,26883584,28456448,1572864,1572864,1024,2026-04-15T13:52:26Z,baseline_nvml_pt,nvidia-smi,ok,0.0,35.0,1695.0,8001.0,62.9,3.9690239429473877,27.13818359375,27.13818359375,1.5,True,,93.0,51.5,82.5,estimated,,prefill-facebook-opt-125m-chunk-256-sm-24,success,,,/mnt/data/dheeraj/dicertation/inference-profile/runs/revised-rerun-20260415-145100-g0-opt125m/raw/points/prefill/prefill-facebook-opt-125m-chunk-256-sm-24.csv
facebook/opt-125m,256,gemm,fc2,24,0,69.63200122117996,26883584,27276800,393216,393216,1024,2026-04-15T13:52:26Z,baseline_nvml_pt,nvidia-smi,ok,0.0,35.0,1695.0,8001.0,62.9,3.9690239429473877,27.13818359375,27.13818359375,1.5,True,,93.0,51.5,82.5,estimated,,prefill-facebook-opt-125m-chunk-256-sm-24,success,,,/mnt/data/dheeraj/dicertation/inference-profile/runs/revised-rerun-20260415-145100-g0-opt125m/raw/points/prefill/prefill-facebook-opt-125m-chunk-256-sm-24.csv
facebook/opt-125m,256,attention,attention,24,0,62.463998794555664,26883584,27290112,406528,393216,1024,2026-04-15T13:52:26Z,baseline_nvml_pt,nvidia-smi,ok,0.0,35.0,1695.0,8001.0,62.9,3.9690239429473877,27.13818359375,27.13818359375,1.5,True,,93.0,51.5,82.5,estimated,,prefill-facebook-opt-125m-chunk-256-sm-24,success,,,/mnt/data/dheeraj/dicertation/inference-profile/runs/revised-rerun-20260415-145100-g0-opt125m/raw/points/prefill/prefill-facebook-opt-125m-chunk-256-sm-24.csv
facebook/opt-125m,256,gemm,q_proj,24,1,80.9599980711937,26883584,27276800,393216,393216,1024,2026-04-15T13:52:26Z,baseline_nvml_pt,nvidia-smi,ok,0.0,35.0,1695.0,8001.0,62.9,3.9690239429473877,27.13818359375,27.13818359375,1.5,True,,93.0,51.5,82.5,estimated,,prefill-facebook-opt-125m-chunk-256-sm-24,success,,,/mnt/data/dheeraj/dicertation/inference-profile/runs/revised-rerun-20260415-145100-g0-opt125m/raw/points/prefill/prefill-facebook-opt-125m-chunk-256-sm-24.csv
facebook/opt-125m,256,gemm,k_proj,24,1,69.63200122117996,26883584,27276800,393216,393216,1024,2026-04-15T13:52:26Z,baseline_nvml_pt,nvidia-smi,ok,0.0,35.0,1695.0,8001.0,62.9,3.9690239429473877,27.13818359375,27.13818359375,1.5,True,,93.0,51.5,82.5,estimated,,prefill-facebook-opt-125m-chunk-256-sm-24,success,,,/mnt/data/dheeraj/dicertation/inference-profile/runs/revised-rerun-20260415-145100-g0-opt125m/raw/points/prefill/prefill-facebook-opt-125m-chunk-256-sm-24.csv
facebook/opt-125m,256,gemm,v_proj,24,1,65.5359998345375,26883584,27276800,393216,393216,1024,2026-04-15T13:52:26Z,baseline_nvml_pt,nvidia-smi,ok,0.0,35.0,1695.0,8001.0,62.9,3.9690239429473877,27.13818359375,27.13818359375,1.5,True,,93.0,51.5,82.5,estimated,,prefill-facebook-opt-125m-chunk-256-sm-24,success,,,/mnt/data/dheeraj/dicertation/inference-profile/runs/revised-rerun-20260415-145100-g0-opt125m/raw/points/prefill/prefill-facebook-opt-125m-chunk-256-sm-24.csv
facebook/opt-125m,256,gemm,out_proj,24,1,67.58400052785873,26883584,27276800,393216,393216,1024,2026-04-15T13:52:26Z,baseline_nvml_pt,nvidia-smi,ok,0.0,35.0,1695.0,8001.0,62.9,3.9690239429473877,27.13818359375,27.13818359375,1.5,True,,93.0,51.5,82.5,estimated,,prefill-facebook-opt-125m-chunk-256-sm-24,success,,,/mnt/data/dheeraj/dicertation/inference-profile/runs/revised-rerun-20260415-145100-g0-opt125m/raw/points/prefill/prefill-facebook-opt-125m-chunk-256-sm-24.csv
facebook/opt-125m,256,gemm,fc1,24,1,83.96799862384796,26883584,28456448,1572864,1572864,1024,2026-04-15T13:52:26Z,baseline_nvml_pt,nvidia-smi,ok,0.0,35.0,1695.0,8001.0,62.9,3.9690239429473877,27.13818359375,27.13818359375,1.5,True,,93.0,51.5,82.5,estimated,,prefill-facebook-opt-125m-chunk-256-sm-24,success,,,/mnt/data/dheeraj/dicertation/inference-profile/runs/revised-rerun-20260415-145100-g0-opt125m/raw/points/prefill/prefill-facebook-opt-125m-chunk-256-sm-24.csv
facebook/opt-125m,256,gemm,fc2,24,1,67.58400052785873,26883584,27276800,393216,393216,1024,2026-04-15T13:52:26Z,baseline_nvml_pt,nvidia-smi,ok,0.0,35.0,1695.0,8001.0,62.9,3.9690239429473877,27.13818359375,27.13818359375,1.5,True,,93.0,51.5,82.5,estimated,,prefill-facebook-opt-125m-chunk-256-sm-24,success,,,/mnt/data/dheeraj/dicertation/inference-profile/runs/revised-rerun-20260415-145100-g0-opt125m/raw/points/prefill/prefill-facebook-opt-125m-chunk-256-sm-24.csv
facebook/opt-125m,256,attention,attention,24,1,60.416001826524734,26883584,27290112,406528,393216,1024,2026-04-15T13:52:26Z,baseline_nvml_pt,nvidia-smi,ok,0.0,35.0,1695.0,8001.0,62.9,3.9690239429473877,27.13818359375,27.13818359375,1.5,True,,93.0,51.5,82.5,estimated,,prefill-facebook-opt-125m-chunk-256-sm-24,success,,,/mnt/data/dheeraj/dicertation/inference-profile/runs/revised-rerun-20260415-145100-g0-opt125m/raw/points/prefill/prefill-facebook-opt-125m-chunk-256-sm-24.csv
facebook/opt-125m,256,gemm,q_proj,24,2,70.65600156784058,26883584,27276800,393216,393216,1024,2026-04-15T13:52:26Z,baseline_nvml_pt,nvidia-smi,ok,0.0,35.0,1695.0,8001.0,62.9,3.9690239429473877,27.13818359375,27.13818359375,1.5,True,,93.0,51.5,82.5,estimated,,prefill-facebook-opt-125m-chunk-256-sm-24,success,,,/mnt/data/dheeraj/dicertation/inference-profile/runs/revised-rerun-20260415-145100-g0-opt125m/raw/points/prefill/prefill-facebook-opt-125m-chunk-256-sm-24.csv
facebook/opt-125m,256,gemm,k_proj,24,2,79.8719972372055,26883584,27276800,393216,393216,1024,2026-04-15T13:52:26Z,baseline_nvml_pt,nvidia-smi,ok,0.0,35.0,1695.0,8001.0,62.9,3.9690239429473877,27.13818359375,27.13818359375,1.5,True,,93.0,51.5,82.5,estimated,,prefill-facebook-opt-125m-chunk-256-sm-24,success,,,/mnt/data/dheeraj/dicertation/inference-profile/runs/revised-rerun-20260415-145100-g0-opt125m/raw/points/prefill/prefill-facebook-opt-125m-chunk-256-sm-24.csv
facebook/opt-125m,256,gemm,v_proj,24,2,68.54400038719177,26883584,27276800,393216,393216,1024,2026-04-15T13:52:26Z,baseline_nvml_pt,nvidia-smi,ok,0.0,35.0,1695.0,8001.0,62.9,3.9690239429473877,27.13818359375,27.13818359375,1.5,True,,93.0,51.5,82.5,estimated,,prefill-facebook-opt-125m-chunk-256-sm-24,success,,,/mnt/data/dheeraj/dicertation/inference-profile/runs/revised-rerun-20260415-145100-g0-opt125m/raw/points/prefill/prefill-facebook-opt-125m-chunk-256-sm-24.csv
facebook/opt-125m,256,gemm,out_proj,24,2,65.60000032186508,26883584,27276800,393216,393216,1024,2026-04-15T13:52:26Z,baseline_nvml_pt,nvidia-smi,ok,0.0,35.0,1695.0,8001.0,62.9,3.9690239429473877,27.13818359375,27.13818359375,1.5,True,,93.0,51.5,82.5,estimated,,prefill-facebook-opt-125m-chunk-256-sm-24,success,,,/mnt/data/dheeraj/dicertation/inference-profile/runs/revised-rerun-20260415-145100-g0-opt125m/raw/points/prefill/prefill-facebook-opt-125m-chunk-256-sm-24.csv
facebook/opt-125m,256,gemm,fc1,24,2,86.01599931716919,26883584,28456448,1572864,1572864,1024,2026-04-15T13:52:26Z,baseline_nvml_pt,nvidia-smi,ok,0.0,35.0,1695.0,8001.0,62.9,3.9690239429473877,27.13818359375,27.13818359375,1.5,True,,93.0,51.5,82.5,estimated,,prefill-facebook-opt-125m-chunk-256-sm-24,success,,,/mnt/data/dheeraj/dicertation/inference-profile/runs/revised-rerun-20260415-145100-g0-opt125m/raw/points/prefill/prefill-facebook-opt-125m-chunk-256-sm-24.csv
facebook/opt-125m,256,gemm,fc2,24,2,67.32799857854843,26883584,27276800,393216,393216,1024,2026-04-15T13:52:26Z,baseline_nvml_pt,nvidia-smi,ok,0.0,35.0,1695.0,8001.0,62.9,3.9690239429473877,27.13818359375,27.13818359375,1.5,True,,93.0,51.5,82.5,estimated,,prefill-facebook-opt-125m-chunk-256-sm-24,success,,,/mnt/data/dheeraj/dicertation/inference-profile/runs/revised-rerun-20260415-145100-g0-opt125m/raw/points/prefill/prefill-facebook-opt-125m-chunk-256-sm-24.csv
facebook/opt-125m,256,attention,attention,24,2,59.67999994754791,26883584,27290112,406528,393216,1024,2026-04-15T13:52:26Z,baseline_nvml_pt,nvidia-smi,ok,0.0,35.0,1695.0,8001.0,62.9,3.9690239429473877,27.13818359375,27.13818359375,1.5,True,,93.0,51.5,82.5,estimated,,prefill-facebook-opt-125m-chunk-256-sm-24,success,,,/mnt/data/dheeraj/dicertation/inference-profile/runs/revised-rerun-20260415-145100-g0-opt125m/raw/points/prefill/prefill-facebook-opt-125m-chunk-256-sm-24.csv
facebook/opt-125m,256,gemm,q_proj,24,3,69.63200122117996,26883584,27276800,393216,393216,1024,2026-04-15T13:52:26Z,baseline_nvml_pt,nvidia-smi,ok,0.0,35.0,1695.0,8001.0,62.9,3.9690239429473877,27.13818359375,27.13818359375,1.5,True,,93.0,51.5,82.5,estimated,,prefill-facebook-opt-125m-chunk-256-sm-24,success,,,/mnt/data/dheeraj/dicertation/inference-profile/runs/revised-rerun-20260415-145100-g0-opt125m/raw/points/prefill/prefill-facebook-opt-125m-chunk-256-sm-24.csv
facebook/opt-125m,256,gemm,k_proj,24,3,66.30399823188782,26883584,27276800,393216,393216,1024,2026-04-15T13:52:26Z,baseline_nvml_pt,nvidia-smi,ok,0.0,35.0,1695.0,8001.0,62.9,3.9690239429473877,27.13818359375,27.13818359375,1.5,True,,93.0,51.5,82.5,estimated,,prefill-facebook-opt-125m-chunk-256-sm-24,success,,,/mnt/data/dheeraj/dicertation/inference-profile/runs/revised-rerun-20260415-145100-g0-opt125m/raw/points/prefill/prefill-facebook-opt-125m-chunk-256-sm-24.csv
facebook/opt-125m,256,gemm,v_proj,24,3,65.5359998345375,26883584,27276800,393216,393216,1024,2026-04-15T13:52:26Z,baseline_nvml_pt,nvidia-smi,ok,0.0,35.0,1695.0,8001.0,62.9,3.9690239429473877,27.13818359375,27.13818359375,1.5,True,,93.0,51.5,82.5,estimated,,prefill-facebook-opt-125m-chunk-256-sm-24,success,,,/mnt/data/dheeraj/dicertation/inference-profile/runs/revised-rerun-20260415-145100-g0-opt125m/raw/points/prefill/prefill-facebook-opt-125m-chunk-256-sm-24.csv
facebook/opt-125m,256,gemm,out_proj,24,3,3969.0239429473877,26883584,27276800,393216,393216,1024,2026-04-15T13:52:26Z,baseline_nvml_pt,nvidia-smi,ok,0.0,35.0,1695.0,8001.0,62.9,3.9690239429473877,27.13818359375,27.13818359375,1.5,True,,93.0,51.5,82.5,estimated,,prefill-facebook-opt-125m-chunk-256-sm-24,success,,,/mnt/data/dheeraj/dicertation/inference-profile/runs/revised-rerun-20260415-145100-g0-opt125m/raw/points/prefill/prefill-facebook-opt-125m-chunk-256-sm-24.csv
facebook/opt-125m,256,gemm,fc1,24,3,85.24800091981888,26883584,28456448,1572864,1572864,1024,2026-04-15T13:52:26Z,baseline_nvml_pt,nvidia-smi,ok,0.0,35.0,1695.0,8001.0,62.9,3.9690239429473877,27.13818359375,27.13818359375,1.5,True,,93.0,51.5,82.5,estimated,,prefill-facebook-opt-125m-chunk-256-sm-24,success,,,/mnt/data/dheeraj/dicertation/inference-profile/runs/revised-rerun-20260415-145100-g0-opt125m/raw/points/prefill/prefill-facebook-opt-125m-chunk-256-sm-24.csv
facebook/opt-125m,256,gemm,fc2,24,3,67.77600198984146,26883584,27276800,393216,393216,1024,2026-04-15T13:52:26Z,baseline_nvml_pt,nvidia-smi,ok,0.0,35.0,1695.0,8001.0,62.9,3.9690239429473877,27.13818359375,27.13818359375,1.5,True,,93.0,51.5,82.5,estimated,,prefill-facebook-opt-125m-chunk-256-sm-24,success,,,/mnt/data/dheeraj/dicertation/inference-profile/runs/revised-rerun-20260415-145100-g0-opt125m/raw/points/prefill/prefill-facebook-opt-125m-chunk-256-sm-24.csv
facebook/opt-125m,256,attention,attention,24,3,60.416001826524734,26883584,27290112,406528,393216,1024,2026-04-15T13:52:26Z,baseline_nvml_pt,nvidia-smi,ok,0.0,35.0,1695.0,8001.0,62.9,3.9690239429473877,27.13818359375,27.13818359375,1.5,True,,93.0,51.5,82.5,estimated,,prefill-facebook-opt-125m-chunk-256-sm-24,success,,,/mnt/data/dheeraj/dicertation/inference-profile/runs/revised-rerun-20260415-145100-g0-opt125m/raw/points/prefill/prefill-facebook-opt-125m-chunk-256-sm-24.csv
facebook/opt-125m,256,gemm,q_proj,24,4,69.56800073385239,26883584,27276800,393216,393216,1024,2026-04-15T13:52:26Z,baseline_nvml_pt,nvidia-smi,ok,0.0,35.0,1695.0,8001.0,62.9,3.9690239429473877,27.13818359375,27.13818359375,1.5,True,,93.0,51.5,82.5,estimated,,prefill-facebook-opt-125m-chunk-256-sm-24,success,,,/mnt/data/dheeraj/dicertation/inference-profile/runs/revised-rerun-20260415-145100-g0-opt125m/raw/points/prefill/prefill-facebook-opt-125m-chunk-256-sm-24.csv
facebook/opt-125m,256,gemm,k_proj,24,4,64.51199948787689,26883584,27276800,393216,393216,1024,2026-04-15T13:52:26Z,baseline_nvml_pt,nvidia-smi,ok,0.0,35.0,1695.0,8001.0,62.9,3.9690239429473877,27.13818359375,27.13818359375,1.5,True,,93.0,51.5,82.5,estimated,,prefill-facebook-opt-125m-chunk-256-sm-24,success,,,/mnt/data/dheeraj/dicertation/inference-profile/runs/revised-rerun-20260415-145100-g0-opt125m/raw/points/prefill/prefill-facebook-opt-125m-chunk-256-sm-24.csv
facebook/opt-125m,256,gemm,v_proj,24,4,63.48799914121628,26883584,27276800,393216,393216,1024,2026-04-15T13:52:26Z,baseline_nvml_pt,nvidia-smi,ok,0.0,35.0,1695.0,8001.0,62.9,3.9690239429473877,27.13818359375,27.13818359375,1.5,True,,93.0,51.5,82.5,estimated,,prefill-facebook-opt-125m-chunk-256-sm-24,success,,,/mnt/data/dheeraj/dicertation/inference-profile/runs/revised-rerun-20260415-145100-g0-opt125m/raw/points/prefill/prefill-facebook-opt-125m-chunk-256-sm-24.csv
facebook/opt-125m,256,gemm,out_proj,24,4,64.51199948787689,26883584,27276800,393216,393216,1024,2026-04-15T13:52:26Z,baseline_nvml_pt,nvidia-smi,ok,0.0,35.0,1695.0,8001.0,62.9,3.9690239429473877,27.13818359375,27.13818359375,1.5,True,,93.0,51.5,82.5,estimated,,prefill-facebook-opt-125m-chunk-256-sm-24,success,,,/mnt/data/dheeraj/dicertation/inference-profile/runs/revised-rerun-20260415-145100-g0-opt125m/raw/points/prefill/prefill-facebook-opt-125m-chunk-256-sm-24.csv
facebook/opt-125m,256,gemm,fc1,24,4,80.89599758386612,26883584,28456448,1572864,1572864,1024,2026-04-15T13:52:26Z,baseline_nvml_pt,nvidia-smi,ok,0.0,35.0,1695.0,8001.0,62.9,3.9690239429473877,27.13818359375,27.13818359375,1.5,True,,93.0,51.5,82.5,estimated,,prefill-facebook-opt-125m-chunk-256-sm-24,success,,,/mnt/data/dheeraj/dicertation/inference-profile/runs/revised-rerun-20260415-145100-g0-opt125m/raw/points/prefill/prefill-facebook-opt-125m-chunk-256-sm-24.csv
facebook/opt-125m,256,gemm,fc2,24,4,66.65600091218948,26883584,27276800,393216,393216,1024,2026-04-15T13:52:26Z,baseline_nvml_pt,nvidia-smi,ok,0.0,35.0,1695.0,8001.0,62.9,3.9690239429473877,27.13818359375,27.13818359375,1.5,True,,93.0,51.5,82.5,estimated,,prefill-facebook-opt-125m-chunk-256-sm-24,success,,,/mnt/data/dheeraj/dicertation/inference-profile/runs/revised-rerun-20260415-145100-g0-opt125m/raw/points/prefill/prefill-facebook-opt-125m-chunk-256-sm-24.csv
facebook/opt-125m,256,attention,attention,24,4,59.39200147986412,26883584,27290112,406528,393216,1024,2026-04-15T13:52:26Z,baseline_nvml_pt,nvidia-smi,ok,0.0,35.0,1695.0,8001.0,62.9,3.9690239429473877,27.13818359375,27.13818359375,1.5,True,,93.0,51.5,82.5,estimated,,prefill-facebook-opt-125m-chunk-256-sm-24,success,,,/mnt/data/dheeraj/dicertation/inference-profile/runs/revised-rerun-20260415-145100-g0-opt125m/raw/points/prefill/prefill-facebook-opt-125m-chunk-256-sm-24.csv
facebook/opt-125m,256,gemm,q_proj,32,0,754.688024520874,26883584,27276800,393216,393216,1024,2026-04-15T13:52:31Z,baseline_nvml_pt,nvidia-smi,ok,0.0,35.0,1695.0,8001.0,62.79,2.5366721153259277,27.13818359375,27.13818359375,1.5,True,,100.0,46.0,89.99999999999999,estimated,,prefill-facebook-opt-125m-chunk-256-sm-32,success,,,/mnt/data/dheeraj/dicertation/inference-profile/runs/revised-rerun-20260415-145100-g0-opt125m/raw/points/prefill/prefill-facebook-opt-125m-chunk-256-sm-32.csv
facebook/opt-125m,256,gemm,k_proj,32,0,128.00000607967377,26883584,27276800,393216,393216,1024,2026-04-15T13:52:31Z,baseline_nvml_pt,nvidia-smi,ok,0.0,35.0,1695.0,8001.0,62.79,2.5366721153259277,27.13818359375,27.13818359375,1.5,True,,100.0,46.0,89.99999999999999,estimated,,prefill-facebook-opt-125m-chunk-256-sm-32,success,,,/mnt/data/dheeraj/dicertation/inference-profile/runs/revised-rerun-20260415-145100-g0-opt125m/raw/points/prefill/prefill-facebook-opt-125m-chunk-256-sm-32.csv
facebook/opt-125m,256,gemm,v_proj,32,0,78.84799689054489,26883584,27276800,393216,393216,1024,2026-04-15T13:52:31Z,baseline_nvml_pt,nvidia-smi,ok,0.0,35.0,1695.0,8001.0,62.79,2.5366721153259277,27.13818359375,27.13818359375,1.5,True,,100.0,46.0,89.99999999999999,estimated,,prefill-facebook-opt-125m-chunk-256-sm-32,success,,,/mnt/data/dheeraj/dicertation/inference-profile/runs/revised-rerun-20260415-145100-g0-opt125m/raw/points/prefill/prefill-facebook-opt-125m-chunk-256-sm-32.csv
facebook/opt-125m,256,gemm,out_proj,32,0,77.72800326347351,26883584,27276800,393216,393216,1024,2026-04-15T13:52:31Z,baseline_nvml_pt,nvidia-smi,ok,0.0,35.0,1695.0,8001.0,62.79,2.5366721153259277,27.13818359375,27.13818359375,1.5,True,,100.0,46.0,89.99999999999999,estimated,,prefill-facebook-opt-125m-chunk-256-sm-32,success,,,/mnt/data/dheeraj/dicertation/inference-profile/runs/revised-rerun-20260415-145100-g0-opt125m/raw/points/prefill/prefill-facebook-opt-125m-chunk-256-sm-32.csv
facebook/opt-125m,256,gemm,fc1,32,0,148.3840048313141,26883584,28456448,1572864,1572864,1024,2026-04-15T13:52:31Z,baseline_nvml_pt,nvidia-smi,ok,0.0,35.0,1695.0,8001.0,62.79,2.5366721153259277,27.13818359375,27.13818359375,1.5,True,,100.0,46.0,89.99999999999999,estimated,,prefill-facebook-opt-125m-chunk-256-sm-32,success,,,/mnt/data/dheeraj/dicertation/inference-profile/runs/revised-rerun-20260415-145100-g0-opt125m/raw/points/prefill/prefill-facebook-opt-125m-chunk-256-sm-32.csv
facebook/opt-125m,256,gemm,fc2,32,0,100.38399696350098,26883584,27276800,393216,393216,1024,2026-04-15T13:52:31Z,baseline_nvml_pt,nvidia-smi,ok,0.0,35.0,1695.0,8001.0,62.79,2.5366721153259277,27.13818359375,27.13818359375,1.5,True,,100.0,46.0,89.99999999999999,estimated,,prefill-facebook-opt-125m-chunk-256-sm-32,success,,,/mnt/data/dheeraj/dicertation/inference-profile/runs/revised-rerun-20260415-145100-g0-opt125m/raw/points/prefill/prefill-facebook-opt-125m-chunk-256-sm-32.csv
facebook/opt-125m,256,attention,attention,32,0,59.39200147986412,26883584,27290112,406528,393216,1024,2026-04-15T13:52:31Z,baseline_nvml_pt,nvidia-smi,ok,0.0,35.0,1695.0,8001.0,62.79,2.5366721153259277,27.13818359375,27.13818359375,1.5,True,,100.0,46.0,89.99999999999999,estimated,,prefill-facebook-opt-125m-chunk-256-sm-32,success,,,/mnt/data/dheeraj/dicertation/inference-profile/runs/revised-rerun-20260415-145100-g0-opt125m/raw/points/prefill/prefill-facebook-opt-125m-chunk-256-sm-32.csv
facebook/opt-125m,256,gemm,q_proj,32,1,69.56800073385239,26883584,27276800,393216,393216,1024,2026-04-15T13:52:31Z,baseline_nvml_pt,nvidia-smi,ok,0.0,35.0,1695.0,8001.0,62.79,2.5366721153259277,27.13818359375,27.13818359375,1.5,True,,100.0,46.0,89.99999999999999,estimated,,prefill-facebook-opt-125m-chunk-256-sm-32,success,,,/mnt/data/dheeraj/dicertation/inference-profile/runs/revised-rerun-20260415-145100-g0-opt125m/raw/points/prefill/prefill-facebook-opt-125m-chunk-256-sm-32.csv
facebook/opt-125m,256,gemm,k_proj,32,1,66.6240006685257,26883584,27276800,393216,393216,1024,2026-04-15T13:52:31Z,baseline_nvml_pt,nvidia-smi,ok,0.0,35.0,1695.0,8001.0,62.79,2.5366721153259277,27.13818359375,27.13818359375,1.5,True,,100.0,46.0,89.99999999999999,estimated,,prefill-facebook-opt-125m-chunk-256-sm-32,success,,,/mnt/data/dheeraj/dicertation/inference-profile/runs/revised-rerun-20260415-145100-g0-opt125m/raw/points/prefill/prefill-facebook-opt-125m-chunk-256-sm-32.csv
facebook/opt-125m,256,gemm,v_proj,32,1,67.55200028419495,26883584,27276800,393216,393216,1024,2026-04-15T13:52:31Z,baseline_nvml_pt,nvidia-smi,ok,0.0,35.0,1695.0,8001.0,62.79,2.5366721153259277,27.13818359375,27.13818359375,1.5,True,,100.0,46.0,89.99999999999999,estimated,,prefill-facebook-opt-125m-chunk-256-sm-32,success,,,/mnt/data/dheeraj/dicertation/inference-profile/runs/revised-rerun-20260415-145100-g0-opt125m/raw/points/prefill/prefill-facebook-opt-125m-chunk-256-sm-32.csv
facebook/opt-125m,256,gemm,out_proj,32,1,63.48799914121628,26883584,27276800,393216,393216,1024,2026-04-15T13:52:31Z,baseline_nvml_pt,nvidia-smi,ok,0.0,35.0,1695.0,8001.0,62.79,2.5366721153259277,27.13818359375,27.13818359375,1.5,True,,100.0,46.0,89.99999999999999,estimated,,prefill-facebook-opt-125m-chunk-256-sm-32,success,,,/mnt/data/dheeraj/dicertation/inference-profile/runs/revised-rerun-20260415-145100-g0-opt125m/raw/points/prefill/prefill-facebook-opt-125m-chunk-256-sm-32.csv
facebook/opt-125m,256,gemm,fc1,32,1,81.91999793052673,26883584,28456448,1572864,1572864,1024,2026-04-15T13:52:31Z,baseline_nvml_pt,nvidia-smi,ok,0.0,35.0,1695.0,8001.0,62.79,2.5366721153259277,27.13818359375,27.13818359375,1.5,True,,100.0,46.0,89.99999999999999,estimated,,prefill-facebook-opt-125m-chunk-256-sm-32,success,,,/mnt/data/dheeraj/dicertation/inference-profile/runs/revised-rerun-20260415-145100-g0-opt125m/raw/points/prefill/prefill-facebook-opt-125m-chunk-256-sm-32.csv
facebook/opt-125m,256,gemm,fc2,32,1,68.60800087451935,26883584,27276800,393216,393216,1024,2026-04-15T13:52:31Z,baseline_nvml_pt,nvidia-smi,ok,0.0,35.0,1695.0,8001.0,62.79,2.5366721153259277,27.13818359375,27.13818359375,1.5,True,,100.0,46.0,89.99999999999999,estimated,,prefill-facebook-opt-125m-chunk-256-sm-32,success,,,/mnt/data/dheeraj/dicertation/inference-profile/runs/revised-rerun-20260415-145100-g0-opt125m/raw/points/prefill/prefill-facebook-opt-125m-chunk-256-sm-32.csv
facebook/opt-125m,256,attention,attention,32,1,55.424001067876816,26883584,27290112,406528,393216,1024,2026-04-15T13:52:31Z,baseline_nvml_pt,nvidia-smi,ok,0.0,35.0,1695.0,8001.0,62.79,2.5366721153259277,27.13818359375,27.13818359375,1.5,True,,100.0,46.0,89.99999999999999,estimated,,prefill-facebook-opt-125m-chunk-256-sm-32,success,,,/mnt/data/dheeraj/dicertation/inference-profile/runs/revised-rerun-20260415-145100-g0-opt125m/raw/points/prefill/prefill-facebook-opt-125m-chunk-256-sm-32.csv
facebook/opt-125m,256,gemm,q_proj,32,2,69.63200122117996,26883584,27276800,393216,393216,1024,2026-04-15T13:52:31Z,baseline_nvml_pt,nvidia-smi,ok,0.0,35.0,1695.0,8001.0,62.79,2.5366721153259277,27.13818359375,27.13818359375,1.5,True,,100.0,46.0,89.99999999999999,estimated,,prefill-facebook-opt-125m-chunk-256-sm-32,success,,,/mnt/data/dheeraj/dicertation/inference-profile/runs/revised-rerun-20260415-145100-g0-opt125m/raw/points/prefill/prefill-facebook-opt-125m-chunk-256-sm-32.csv
facebook/opt-125m,256,gemm,k_proj,32,2,73.85600358247757,26883584,27276800,393216,393216,1024,2026-04-15T13:52:31Z,baseline_nvml_pt,nvidia-smi,ok,0.0,35.0,1695.0,8001.0,62.79,2.5366721153259277,27.13818359375,27.13818359375,1.5,True,,100.0,46.0,89.99999999999999,estimated,,prefill-facebook-opt-125m-chunk-256-sm-32,success,,,/mnt/data/dheeraj/dicertation/inference-profile/runs/revised-rerun-20260415-145100-g0-opt125m/raw/points/prefill/prefill-facebook-opt-125m-chunk-256-sm-32.csv
facebook/opt-125m,256,gemm,v_proj,32,2,65.5359998345375,26883584,27276800,393216,393216,1024,2026-04-15T13:52:31Z,baseline_nvml_pt,nvidia-smi,ok,0.0,35.0,1695.0,8001.0,62.79,2.5366721153259277,27.13818359375,27.13818359375,1.5,True,,100.0,46.0,89.99999999999999,estimated,,prefill-facebook-opt-125m-chunk-256-sm-32,success,,,/mnt/data/dheeraj/dicertation/inference-profile/runs/revised-rerun-20260415-145100-g0-opt125m/raw/points/prefill/prefill-facebook-opt-125m-chunk-256-sm-32.csv
facebook/opt-125m,256,gemm,out_proj,32,2,65.37599861621857,26883584,27276800,393216,393216,1024,2026-04-15T13:52:31Z,baseline_nvml_pt,nvidia-smi,ok,0.0,35.0,1695.0,8001.0,62.79,2.5366721153259277,27.13818359375,27.13818359375,1.5,True,,100.0,46.0,89.99999999999999,estimated,,prefill-facebook-opt-125m-chunk-256-sm-32,success,,,/mnt/data/dheeraj/dicertation/inference-profile/runs/revised-rerun-20260415-145100-g0-opt125m/raw/points/prefill/prefill-facebook-opt-125m-chunk-256-sm-32.csv
facebook/opt-125m,256,gemm,fc1,32,2,82.94399827718735,26883584,28456448,1572864,1572864,1024,2026-04-15T13:52:31Z,baseline_nvml_pt,nvidia-smi,ok,0.0,35.0,1695.0,8001.0,62.79,2.5366721153259277,27.13818359375,27.13818359375,1.5,True,,100.0,46.0,89.99999999999999,estimated,,prefill-facebook-opt-125m-chunk-256-sm-32,success,,,/mnt/data/dheeraj/dicertation/inference-profile/runs/revised-rerun-20260415-145100-g0-opt125m/raw/points/prefill/prefill-facebook-opt-125m-chunk-256-sm-32.csv
facebook/opt-125m,256,gemm,fc2,32,2,66.56000018119812,26883584,27276800,393216,393216,1024,2026-04-15T13:52:31Z,baseline_nvml_pt,nvidia-smi,ok,0.0,35.0,1695.0,8001.0,62.79,2.5366721153259277,27.13818359375,27.13818359375,1.5,True,,100.0,46.0,89.99999999999999,estimated,,prefill-facebook-opt-125m-chunk-256-sm-32,success,,,/mnt/data/dheeraj/dicertation/inference-profile/runs/revised-rerun-20260415-145100-g0-opt125m/raw/points/prefill/prefill-facebook-opt-125m-chunk-256-sm-32.csv
facebook/opt-125m,256,attention,attention,32,2,79.8719972372055,26883584,27290112,406528,393216,1024,2026-04-15T13:52:31Z,baseline_nvml_pt,nvidia-smi,ok,0.0,35.0,1695.0,8001.0,62.79,2.5366721153259277,27.13818359375,27.13818359375,1.5,True,,100.0,46.0,89.99999999999999,estimated,,prefill-facebook-opt-125m-chunk-256-sm-32,success,,,/mnt/data/dheeraj/dicertation/inference-profile/runs/revised-rerun-20260415-145100-g0-opt125m/raw/points/prefill/prefill-facebook-opt-125m-chunk-256-sm-32.csv
facebook/opt-125m,256,gemm,q_proj,32,3,68.60800087451935,26883584,27276800,393216,393216,1024,2026-04-15T13:52:31Z,baseline_nvml_pt,nvidia-smi,ok,0.0,35.0,1695.0,8001.0,62.79,2.5366721153259277,27.13818359375,27.13818359375,1.5,True,,100.0,46.0,89.99999999999999,estimated,,prefill-facebook-opt-125m-chunk-256-sm-32,success,,,/mnt/data/dheeraj/dicertation/inference-profile/runs/revised-rerun-20260415-145100-g0-opt125m/raw/points/prefill/prefill-facebook-opt-125m-chunk-256-sm-32.csv
facebook/opt-125m,256,gemm,k_proj,32,3,64.51199948787689,26883584,27276800,393216,393216,1024,2026-04-15T13:52:31Z,baseline_nvml_pt,nvidia-smi,ok,0.0,35.0,1695.0,8001.0,62.79,2.5366721153259277,27.13818359375,27.13818359375,1.5,True,,100.0,46.0,89.99999999999999,estimated,,prefill-facebook-opt-125m-chunk-256-sm-32,success,,,/mnt/data/dheeraj/dicertation/inference-profile/runs/revised-rerun-20260415-145100-g0-opt125m/raw/points/prefill/prefill-facebook-opt-125m-chunk-256-sm-32.csv
facebook/opt-125m,256,gemm,v_proj,32,3,63.48799914121628,26883584,27276800,393216,393216,1024,2026-04-15T13:52:31Z,baseline_nvml_pt,nvidia-smi,ok,0.0,35.0,1695.0,8001.0,62.79,2.5366721153259277,27.13818359375,27.13818359375,1.5,True,,100.0,46.0,89.99999999999999,estimated,,prefill-facebook-opt-125m-chunk-256-sm-32,success,,,/mnt/data/dheeraj/dicertation/inference-profile/runs/revised-rerun-20260415-145100-g0-opt125m/raw/points/prefill/prefill-facebook-opt-125m-chunk-256-sm-32.csv
facebook/opt-125m,256,gemm,out_proj,32,3,66.56000018119812,26883584,27276800,393216,393216,1024,2026-04-15T13:52:31Z,baseline_nvml_pt,nvidia-smi,ok,0.0,35.0,1695.0,8001.0,62.79,2.5366721153259277,27.13818359375,27.13818359375,1.5,True,,100.0,46.0,89.99999999999999,estimated,,prefill-facebook-opt-125m-chunk-256-sm-32,success,,,/mnt/data/dheeraj/dicertation/inference-profile/runs/revised-rerun-20260415-145100-g0-opt125m/raw/points/prefill/prefill-facebook-opt-125m-chunk-256-sm-32.csv
facebook/opt-125m,256,gemm,fc1,32,3,81.91999793052673,26883584,28456448,1572864,1572864,1024,2026-04-15T13:52:31Z,baseline_nvml_pt,nvidia-smi,ok,0.0,35.0,1695.0,8001.0,62.79,2.5366721153259277,27.13818359375,27.13818359375,1.5,True,,100.0,46.0,89.99999999999999,estimated,,prefill-facebook-opt-125m-chunk-256-sm-32,success,,,/mnt/data/dheeraj/dicertation/inference-profile/runs/revised-rerun-20260415-145100-g0-opt125m/raw/points/prefill/prefill-facebook-opt-125m-chunk-256-sm-32.csv
facebook/opt-125m,256,gemm,fc2,32,3,2536.6721153259277,26883584,27276800,393216,393216,1024,2026-04-15T13:52:31Z,baseline_nvml_pt,nvidia-smi,ok,0.0,35.0,1695.0,8001.0,62.79,2.5366721153259277,27.13818359375,27.13818359375,1.5,True,,100.0,46.0,89.99999999999999,estimated,,prefill-facebook-opt-125m-chunk-256-sm-32,success,,,/mnt/data/dheeraj/dicertation/inference-profile/runs/revised-rerun-20260415-145100-g0-opt125m/raw/points/prefill/prefill-facebook-opt-125m-chunk-256-sm-32.csv
facebook/opt-125m,256,attention,attention,32,3,68.60800087451935,26883584,27290112,406528,393216,1024,2026-04-15T13:52:31Z,baseline_nvml_pt,nvidia-smi,ok,0.0,35.0,1695.0,8001.0,62.79,2.5366721153259277,27.13818359375,27.13818359375,1.5,True,,100.0,46.0,89.99999999999999,estimated,,prefill-facebook-opt-125m-chunk-256-sm-32,success,,,/mnt/data/dheeraj/dicertation/inference-profile/runs/revised-rerun-20260415-145100-g0-opt125m/raw/points/prefill/prefill-facebook-opt-125m-chunk-256-sm-32.csv
facebook/opt-125m,256,gemm,q_proj,32,4,77.82399654388428,26883584,27276800,393216,393216,1024,2026-04-15T13:52:31Z,baseline_nvml_pt,nvidia-smi,ok,0.0,35.0,1695.0,8001.0,62.79,2.5366721153259277,27.13818359375,27.13818359375,1.5,True,,100.0,46.0,89.99999999999999,estimated,,prefill-facebook-opt-125m-chunk-256-sm-32,success,,,/mnt/data/dheeraj/dicertation/inference-profile/runs/revised-rerun-20260415-145100-g0-opt125m/raw/points/prefill/prefill-facebook-opt-125m-chunk-256-sm-32.csv
facebook/opt-125m,256,gemm,k_proj,32,4,81.91999793052673,26883584,27276800,393216,393216,1024,2026-04-15T13:52:31Z,baseline_nvml_pt,nvidia-smi,ok,0.0,35.0,1695.0,8001.0,62.79,2.5366721153259277,27.13818359375,27.13818359375,1.5,True,,100.0,46.0,89.99999999999999,estimated,,prefill-facebook-opt-125m-chunk-256-sm-32,success,,,/mnt/data/dheeraj/dicertation/inference-profile/runs/revised-rerun-20260415-145100-g0-opt125m/raw/points/prefill/prefill-facebook-opt-125m-chunk-256-sm-32.csv
facebook/opt-125m,256,gemm,v_proj,32,4,65.5359998345375,26883584,27276800,393216,393216,1024,2026-04-15T13:52:31Z,baseline_nvml_pt,nvidia-smi,ok,0.0,35.0,1695.0,8001.0,62.79,2.5366721153259277,27.13818359375,27.13818359375,1.5,True,,100.0,46.0,89.99999999999999,estimated,,prefill-facebook-opt-125m-chunk-256-sm-32,success,,,/mnt/data/dheeraj/dicertation/inference-profile/runs/revised-rerun-20260415-145100-g0-opt125m/raw/points/prefill/prefill-facebook-opt-125m-chunk-256-sm-32.csv
facebook/opt-125m,256,gemm,out_proj,32,4,74.75200295448303,26883584,27276800,393216,393216,1024,2026-04-15T13:52:31Z,baseline_nvml_pt,nvidia-smi,ok,0.0,35.0,1695.0,8001.0,62.79,2.5366721153259277,27.13818359375,27.13818359375,1.5,True,,100.0,46.0,89.99999999999999,estimated,,prefill-facebook-opt-125m-chunk-256-sm-32,success,,,/mnt/data/dheeraj/dicertation/inference-profile/runs/revised-rerun-20260415-145100-g0-opt125m/raw/points/prefill/prefill-facebook-opt-125m-chunk-256-sm-32.csv
facebook/opt-125m,256,gemm,fc1,32,4,84.99199897050858,26883584,28456448,1572864,1572864,1024,2026-04-15T13:52:31Z,baseline_nvml_pt,nvidia-smi,ok,0.0,35.0,1695.0,8001.0,62.79,2.5366721153259277,27.13818359375,27.13818359375,1.5,True,,100.0,46.0,89.99999999999999,estimated,,prefill-facebook-opt-125m-chunk-256-sm-32,success,,,/mnt/data/dheeraj/dicertation/inference-profile/runs/revised-rerun-20260415-145100-g0-opt125m/raw/points/prefill/prefill-facebook-opt-125m-chunk-256-sm-32.csv
facebook/opt-125m,256,gemm,fc2,32,4,67.58400052785873,26883584,27276800,393216,393216,1024,2026-04-15T13:52:31Z,baseline_nvml_pt,nvidia-smi,ok,0.0,35.0,1695.0,8001.0,62.79,2.5366721153259277,27.13818359375,27.13818359375,1.5,True,,100.0,46.0,89.99999999999999,estimated,,prefill-facebook-opt-125m-chunk-256-sm-32,success,,,/mnt/data/dheeraj/dicertation/inference-profile/runs/revised-rerun-20260415-145100-g0-opt125m/raw/points/prefill/prefill-facebook-opt-125m-chunk-256-sm-32.csv
facebook/opt-125m,256,attention,attention,32,4,55.296000093221664,26883584,27290112,406528,393216,1024,2026-04-15T13:52:31Z,baseline_nvml_pt,nvidia-smi,ok,0.0,35.0,1695.0,8001.0,62.79,2.5366721153259277,27.13818359375,27.13818359375,1.5,True,,100.0,46.0,89.99999999999999,estimated,,prefill-facebook-opt-125m-chunk-256-sm-32,success,,,/mnt/data/dheeraj/dicertation/inference-profile/runs/revised-rerun-20260415-145100-g0-opt125m/raw/points/prefill/prefill-facebook-opt-125m-chunk-256-sm-32.csv
facebook/opt-125m,512,gemm,q_proj,8,0,152.48000621795654,30029312,30815744,786432,786432,1024,2026-04-15T13:52:37Z,baseline_nvml_pt,nvidia-smi,ok,0.0,35.0,1695.0,7601.0,62.43,0.15248000621795654,32.13818359375,32.13818359375,3.5,True,,82.95000000000002,58.74999999999999,70.19999999999999,estimated,,prefill-facebook-opt-125m-chunk-512-sm-8,success,,,/mnt/data/dheeraj/dicertation/inference-profile/runs/revised-rerun-20260415-145100-g0-opt125m/raw/points/prefill/prefill-facebook-opt-125m-chunk-512-sm-8.csv
facebook/opt-125m,512,gemm,k_proj,8,0,88.06400001049042,30029312,30815744,786432,786432,1024,2026-04-15T13:52:37Z,baseline_nvml_pt,nvidia-smi,ok,0.0,35.0,1695.0,7601.0,62.43,0.15248000621795654,32.13818359375,32.13818359375,3.5,True,,82.95000000000002,58.74999999999999,70.19999999999999,estimated,,prefill-facebook-opt-125m-chunk-512-sm-8,success,,,/mnt/data/dheeraj/dicertation/inference-profile/runs/revised-rerun-20260415-145100-g0-opt125m/raw/points/prefill/prefill-facebook-opt-125m-chunk-512-sm-8.csv
facebook/opt-125m,512,gemm,v_proj,8,0,67.58400052785873,30029312,30815744,786432,786432,1024,2026-04-15T13:52:37Z,baseline_nvml_pt,nvidia-smi,ok,0.0,35.0,1695.0,7601.0,62.43,0.15248000621795654,32.13818359375,32.13818359375,3.5,True,,82.95000000000002,58.74999999999999,70.19999999999999,estimated,,prefill-facebook-opt-125m-chunk-512-sm-8,success,,,/mnt/data/dheeraj/dicertation/inference-profile/runs/revised-rerun-20260415-145100-g0-opt125m/raw/points/prefill/prefill-facebook-opt-125m-chunk-512-sm-8.csv
facebook/opt-125m,512,gemm,out_proj,8,0,75.80800354480743,30029312,30815744,786432,786432,1024,2026-04-15T13:52:37Z,baseline_nvml_pt,nvidia-smi,ok,0.0,35.0,1695.0,7601.0,62.43,0.15248000621795654,32.13818359375,32.13818359375,3.5,True,,82.95000000000002,58.74999999999999,70.19999999999999,estimated,,prefill-facebook-opt-125m-chunk-512-sm-8,success,,,/mnt/data/dheeraj/dicertation/inference-profile/runs/revised-rerun-20260415-145100-g0-opt125m/raw/points/prefill/prefill-facebook-opt-125m-chunk-512-sm-8.csv
facebook/opt-125m,512,gemm,fc1,8,0,134.14399325847626,30029312,33699328,3670016,3145728,1024,2026-04-15T13:52:37Z,baseline_nvml_pt,nvidia-smi,ok,0.0,35.0,1695.0,7601.0,62.43,0.15248000621795654,32.13818359375,32.13818359375,3.5,True,,82.95000000000002,58.74999999999999,70.19999999999999,estimated,,prefill-facebook-opt-125m-chunk-512-sm-8,success,,,/mnt/data/dheeraj/dicertation/inference-profile/runs/revised-rerun-20260415-145100-g0-opt125m/raw/points/prefill/prefill-facebook-opt-125m-chunk-512-sm-8.csv
facebook/opt-125m,512,gemm,fc2,8,0,93.18400174379349,30029312,30815744,786432,786432,1024,2026-04-15T13:52:37Z,baseline_nvml_pt,nvidia-smi,ok,0.0,35.0,1695.0,7601.0,62.43,0.15248000621795654,32.13818359375,32.13818359375,3.5,True,,82.95000000000002,58.74999999999999,70.19999999999999,estimated,,prefill-facebook-opt-125m-chunk-512-sm-8,success,,,/mnt/data/dheeraj/dicertation/inference-profile/runs/revised-rerun-20260415-145100-g0-opt125m/raw/points/prefill/prefill-facebook-opt-125m-chunk-512-sm-8.csv
facebook/opt-125m,512,attention,attention,8,0,60.416001826524734,30029312,30841344,812032,786432,1024,2026-04-15T13:52:37Z,baseline_nvml_pt,nvidia-smi,ok,0.0,35.0,1695.0,7601.0,62.43,0.15248000621795654,32.13818359375,32.13818359375,3.5,True,,82.95000000000002,58.74999999999999,70.19999999999999,estimated,,prefill-facebook-opt-125m-chunk-512-sm-8,success,,,/mnt/data/dheeraj/dicertation/inference-profile/runs/revised-rerun-20260415-145100-g0-opt125m/raw/points/prefill/prefill-facebook-opt-125m-chunk-512-sm-8.csv
facebook/opt-125m,512,gemm,q_proj,8,1,67.6800012588501,30029312,30815744,786432,786432,1024,2026-04-15T13:52:37Z,baseline_nvml_pt,nvidia-smi,ok,0.0,35.0,1695.0,7601.0,62.43,0.15248000621795654,32.13818359375,32.13818359375,3.5,True,,82.95000000000002,58.74999999999999,70.19999999999999,estimated,,prefill-facebook-opt-125m-chunk-512-sm-8,success,,,/mnt/data/dheeraj/dicertation/inference-profile/runs/revised-rerun-20260415-145100-g0-opt125m/raw/points/prefill/prefill-facebook-opt-125m-chunk-512-sm-8.csv
facebook/opt-125m,512,gemm,k_proj,8,1,64.35199826955795,30029312,30815744,786432,786432,1024,2026-04-15T13:52:37Z,baseline_nvml_pt,nvidia-smi,ok,0.0,35.0,1695.0,7601.0,62.43,0.15248000621795654,32.13818359375,32.13818359375,3.5,True,,82.95000000000002,58.74999999999999,70.19999999999999,estimated,,prefill-facebook-opt-125m-chunk-512-sm-8,success,,,/mnt/data/dheeraj/dicertation/inference-profile/runs/revised-rerun-20260415-145100-g0-opt125m/raw/points/prefill/prefill-facebook-opt-125m-chunk-512-sm-8.csv
facebook/opt-125m,512,gemm,v_proj,8,1,72.7040022611618,30029312,30815744,786432,786432,1024,2026-04-15T13:52:37Z,baseline_nvml_pt,nvidia-smi,ok,0.0,35.0,1695.0,7601.0,62.43,0.15248000621795654,32.13818359375,32.13818359375,3.5,True,,82.95000000000002,58.74999999999999,70.19999999999999,estimated,,prefill-facebook-opt-125m-chunk-512-sm-8,success,,,/mnt/data/dheeraj/dicertation/inference-profile/runs/revised-rerun-20260415-145100-g0-opt125m/raw/points/prefill/prefill-facebook-opt-125m-chunk-512-sm-8.csv
facebook/opt-125m,512,gemm,out_proj,8,1,78.84799689054489,30029312,30815744,786432,786432,1024,2026-04-15T13:52:37Z,baseline_nvml_pt,nvidia-smi,ok,0.0,35.0,1695.0,7601.0,62.43,0.15248000621795654,32.13818359375,32.13818359375,3.5,True,,82.95000000000002,58.74999999999999,70.19999999999999,estimated,,prefill-facebook-opt-125m-chunk-512-sm-8,success,,,/mnt/data/dheeraj/dicertation/inference-profile/runs/revised-rerun-20260415-145100-g0-opt125m/raw/points/prefill/prefill-facebook-opt-125m-chunk-512-sm-8.csv
facebook/opt-125m,512,gemm,fc1,8,1,112.64000087976456,30029312,33699328,3670016,3145728,1024,2026-04-15T13:52:37Z,baseline_nvml_pt,nvidia-smi,ok,0.0,35.0,1695.0,7601.0,62.43,0.15248000621795654,32.13818359375,32.13818359375,3.5,True,,82.95000000000002,58.74999999999999,70.19999999999999,estimated,,prefill-facebook-opt-125m-chunk-512-sm-8,success,,,/mnt/data/dheeraj/dicertation/inference-profile/runs/revised-rerun-20260415-145100-g0-opt125m/raw/points/prefill/prefill-facebook-opt-125m-chunk-512-sm-8.csv
facebook/opt-125m,512,gemm,fc2,8,1,84.95999872684479,30029312,30815744,786432,786432,1024,2026-04-15T13:52:37Z,baseline_nvml_pt,nvidia-smi,ok,0.0,35.0,1695.0,7601.0,62.43,0.15248000621795654,32.13818359375,32.13818359375,3.5,True,,82.95000000000002,58.74999999999999,70.19999999999999,estimated,,prefill-facebook-opt-125m-chunk-512-sm-8,success,,,/mnt/data/dheeraj/dicertation/inference-profile/runs/revised-rerun-20260415-145100-g0-opt125m/raw/points/prefill/prefill-facebook-opt-125m-chunk-512-sm-8.csv
facebook/opt-125m,512,attention,attention,8,1,59.39200147986412,30029312,30841344,812032,786432,1024,2026-04-15T13:52:37Z,baseline_nvml_pt,nvidia-smi,ok,0.0,35.0,1695.0,7601.0,62.43,0.15248000621795654,32.13818359375,32.13818359375,3.5,True,,82.95000000000002,58.74999999999999,70.19999999999999,estimated,,prefill-facebook-opt-125m-chunk-512-sm-8,success,,,/mnt/data/dheeraj/dicertation/inference-profile/runs/revised-rerun-20260415-145100-g0-opt125m/raw/points/prefill/prefill-facebook-opt-125m-chunk-512-sm-8.csv
facebook/opt-125m,512,gemm,q_proj,8,2,67.6800012588501,30029312,30815744,786432,786432,1024,2026-04-15T13:52:37Z,baseline_nvml_pt,nvidia-smi,ok,0.0,35.0,1695.0,7601.0,62.43,0.15248000621795654,32.13818359375,32.13818359375,3.5,True,,82.95000000000002,58.74999999999999,70.19999999999999,estimated,,prefill-facebook-opt-125m-chunk-512-sm-8,success,,,/mnt/data/dheeraj/dicertation/inference-profile/runs/revised-rerun-20260415-145100-g0-opt125m/raw/points/prefill/prefill-facebook-opt-125m-chunk-512-sm-8.csv
facebook/opt-125m,512,gemm,k_proj,8,2,94.40000355243683,30029312,30815744,786432,786432,1024,2026-04-15T13:52:37Z,baseline_nvml_pt,nvidia-smi,ok,0.0,35.0,1695.0,7601.0,62.43,0.15248000621795654,32.13818359375,32.13818359375,3.5,True,,82.95000000000002,58.74999999999999,70.19999999999999,estimated,,prefill-facebook-opt-125m-chunk-512-sm-8,success,,,/mnt/data/dheeraj/dicertation/inference-profile/runs/revised-rerun-20260415-145100-g0-opt125m/raw/points/prefill/prefill-facebook-opt-125m-chunk-512-sm-8.csv
facebook/opt-125m,512,gemm,v_proj,8,2,66.56000018119812,30029312,30815744,786432,786432,1024,2026-04-15T13:52:37Z,baseline_nvml_pt,nvidia-smi,ok,0.0,35.0,1695.0,7601.0,62.43,0.15248000621795654,32.13818359375,32.13818359375,3.5,True,,82.95000000000002,58.74999999999999,70.19999999999999,estimated,,prefill-facebook-opt-125m-chunk-512-sm-8,success,,,/mnt/data/dheeraj/dicertation/inference-profile/runs/revised-rerun-20260415-145100-g0-opt125m/raw/points/prefill/prefill-facebook-opt-125m-chunk-512-sm-8.csv
facebook/opt-125m,512,gemm,out_proj,8,2,64.51199948787689,30029312,30815744,786432,786432,1024,2026-04-15T13:52:37Z,baseline_nvml_pt,nvidia-smi,ok,0.0,35.0,1695.0,7601.0,62.43,0.15248000621795654,32.13818359375,32.13818359375,3.5,True,,82.95000000000002,58.74999999999999,70.19999999999999,estimated,,prefill-facebook-opt-125m-chunk-512-sm-8,success,,,/mnt/data/dheeraj/dicertation/inference-profile/runs/revised-rerun-20260415-145100-g0-opt125m/raw/points/prefill/prefill-facebook-opt-125m-chunk-512-sm-8.csv
facebook/opt-125m,512,gemm,fc1,8,2,116.54400080442429,30029312,33699328,3670016,3145728,1024,2026-04-15T13:52:37Z,baseline_nvml_pt,nvidia-smi,ok,0.0,35.0,1695.0,7601.0,62.43,0.15248000621795654,32.13818359375,32.13818359375,3.5,True,,82.95000000000002,58.74999999999999,70.19999999999999,estimated,,prefill-facebook-opt-125m-chunk-512-sm-8,success,,,/mnt/data/dheeraj/dicertation/inference-profile/runs/revised-rerun-20260415-145100-g0-opt125m/raw/points/prefill/prefill-facebook-opt-125m-chunk-512-sm-8.csv
facebook/opt-125m,512,gemm,fc2,8,2,85.9839990735054,30029312,30815744,786432,786432,1024,2026-04-15T13:52:37Z,baseline_nvml_pt,nvidia-smi,ok,0.0,35.0,1695.0,7601.0,62.43,0.15248000621795654,32.13818359375,32.13818359375,3.5,True,,82.95000000000002,58.74999999999999,70.19999999999999,estimated,,prefill-facebook-opt-125m-chunk-512-sm-8,success,,,/mnt/data/dheeraj/dicertation/inference-profile/runs/revised-rerun-20260415-145100-g0-opt125m/raw/points/prefill/prefill-facebook-opt-125m-chunk-512-sm-8.csv
facebook/opt-125m,512,attention,attention,8,2,64.51199948787689,30029312,30841344,812032,786432,1024,2026-04-15T13:52:37Z,baseline_nvml_pt,nvidia-smi,ok,0.0,35.0,1695.0,7601.0,62.43,0.15248000621795654,32.13818359375,32.13818359375,3.5,True,,82.95000000000002,58.74999999999999,70.19999999999999,estimated,,prefill-facebook-opt-125m-chunk-512-sm-8,success,,,/mnt/data/dheeraj/dicertation/inference-profile/runs/revised-rerun-20260415-145100-g0-opt125m/raw/points/prefill/prefill-facebook-opt-125m-chunk-512-sm-8.csv
facebook/opt-125m,512,gemm,q_proj,8,3,65.5359998345375,30029312,30815744,786432,786432,1024,2026-04-15T13:52:37Z,baseline_nvml_pt,nvidia-smi,ok,0.0,35.0,1695.0,7601.0,62.43,0.15248000621795654,32.13818359375,32.13818359375,3.5,True,,82.95000000000002,58.74999999999999,70.19999999999999,estimated,,prefill-facebook-opt-125m-chunk-512-sm-8,success,,,/mnt/data/dheeraj/dicertation/inference-profile/runs/revised-rerun-20260415-145100-g0-opt125m/raw/points/prefill/prefill-facebook-opt-125m-chunk-512-sm-8.csv
facebook/opt-125m,512,gemm,k_proj,8,3,63.61600011587143,30029312,30815744,786432,786432,1024,2026-04-15T13:52:37Z,baseline_nvml_pt,nvidia-smi,ok,0.0,35.0,1695.0,7601.0,62.43,0.15248000621795654,32.13818359375,32.13818359375,3.5,True,,82.95000000000002,58.74999999999999,70.19999999999999,estimated,,prefill-facebook-opt-125m-chunk-512-sm-8,success,,,/mnt/data/dheeraj/dicertation/inference-profile/runs/revised-rerun-20260415-145100-g0-opt125m/raw/points/prefill/prefill-facebook-opt-125m-chunk-512-sm-8.csv
facebook/opt-125m,512,gemm,v_proj,8,3,62.6240000128746,30029312,30815744,786432,786432,1024,2026-04-15T13:52:37Z,baseline_nvml_pt,nvidia-smi,ok,0.0,35.0,1695.0,7601.0,62.43,0.15248000621795654,32.13818359375,32.13818359375,3.5,True,,82.95000000000002,58.74999999999999,70.19999999999999,estimated,,prefill-facebook-opt-125m-chunk-512-sm-8,success,,,/mnt/data/dheeraj/dicertation/inference-profile/runs/revised-rerun-20260415-145100-g0-opt125m/raw/points/prefill/prefill-facebook-opt-125m-chunk-512-sm-8.csv
facebook/opt-125m,512,gemm,out_proj,8,3,61.43999844789505,30029312,30815744,786432,786432,1024,2026-04-15T13:52:37Z,baseline_nvml_pt,nvidia-smi,ok,0.0,35.0,1695.0,7601.0,62.43,0.15248000621795654,32.13818359375,32.13818359375,3.5,True,,82.95000000000002,58.74999999999999,70.19999999999999,estimated,,prefill-facebook-opt-125m-chunk-512-sm-8,success,,,/mnt/data/dheeraj/dicertation/inference-profile/runs/revised-rerun-20260415-145100-g0-opt125m/raw/points/prefill/prefill-facebook-opt-125m-chunk-512-sm-8.csv
facebook/opt-125m,512,gemm,fc1,8,3,142.33599603176117,30029312,33699328,3670016,3145728,1024,2026-04-15T13:52:37Z,baseline_nvml_pt,nvidia-smi,ok,0.0,35.0,1695.0,7601.0,62.43,0.15248000621795654,32.13818359375,32.13818359375,3.5,True,,82.95000000000002,58.74999999999999,70.19999999999999,estimated,,prefill-facebook-opt-125m-chunk-512-sm-8,success,,,/mnt/data/dheeraj/dicertation/inference-profile/runs/revised-rerun-20260415-145100-g0-opt125m/raw/points/prefill/prefill-facebook-opt-125m-chunk-512-sm-8.csv
facebook/opt-125m,512,gemm,fc2,8,3,89.08800035715103,30029312,30815744,786432,786432,1024,2026-04-15T13:52:37Z,baseline_nvml_pt,nvidia-smi,ok,0.0,35.0,1695.0,7601.0,62.43,0.15248000621795654,32.13818359375,32.13818359375,3.5,True,,82.95000000000002,58.74999999999999,70.19999999999999,estimated,,prefill-facebook-opt-125m-chunk-512-sm-8,success,,,/mnt/data/dheeraj/dicertation/inference-profile/runs/revised-rerun-20260415-145100-g0-opt125m/raw/points/prefill/prefill-facebook-opt-125m-chunk-512-sm-8.csv
facebook/opt-125m,512,attention,attention,8,3,68.51200014352798,30029312,30841344,812032,786432,1024,2026-04-15T13:52:37Z,baseline_nvml_pt,nvidia-smi,ok,0.0,35.0,1695.0,7601.0,62.43,0.15248000621795654,32.13818359375,32.13818359375,3.5,True,,82.95000000000002,58.74999999999999,70.19999999999999,estimated,,prefill-facebook-opt-125m-chunk-512-sm-8,success,,,/mnt/data/dheeraj/dicertation/inference-profile/runs/revised-rerun-20260415-145100-g0-opt125m/raw/points/prefill/prefill-facebook-opt-125m-chunk-512-sm-8.csv
facebook/opt-125m,512,gemm,q_proj,8,4,70.65600156784058,30029312,30815744,786432,786432,1024,2026-04-15T13:52:37Z,baseline_nvml_pt,nvidia-smi,ok,0.0,35.0,1695.0,7601.0,62.43,0.15248000621795654,32.13818359375,32.13818359375,3.5,True,,82.95000000000002,58.74999999999999,70.19999999999999,estimated,,prefill-facebook-opt-125m-chunk-512-sm-8,success,,,/mnt/data/dheeraj/dicertation/inference-profile/runs/revised-rerun-20260415-145100-g0-opt125m/raw/points/prefill/prefill-facebook-opt-125m-chunk-512-sm-8.csv
facebook/opt-125m,512,gemm,k_proj,8,4,65.37599861621857,30029312,30815744,786432,786432,1024,2026-04-15T13:52:37Z,baseline_nvml_pt,nvidia-smi,ok,0.0,35.0,1695.0,7601.0,62.43,0.15248000621795654,32.13818359375,32.13818359375,3.5,True,,82.95000000000002,58.74999999999999,70.19999999999999,estimated,,prefill-facebook-opt-125m-chunk-512-sm-8,success,,,/mnt/data/dheeraj/dicertation/inference-profile/runs/revised-rerun-20260415-145100-g0-opt125m/raw/points/prefill/prefill-facebook-opt-125m-chunk-512-sm-8.csv
facebook/opt-125m,512,gemm,v_proj,8,4,62.463998794555664,30029312,30815744,786432,786432,1024,2026-04-15T13:52:37Z,baseline_nvml_pt,nvidia-smi,ok,0.0,35.0,1695.0,7601.0,62.43,0.15248000621795654,32.13818359375,32.13818359375,3.5,True,,82.95000000000002,58.74999999999999,70.19999999999999,estimated,,prefill-facebook-opt-125m-chunk-512-sm-8,success,,,/mnt/data/dheeraj/dicertation/inference-profile/runs/revised-rerun-20260415-145100-g0-opt125m/raw/points/prefill/prefill-facebook-opt-125m-chunk-512-sm-8.csv
facebook/opt-125m,512,gemm,out_proj,8,4,64.51199948787689,30029312,30815744,786432,786432,1024,2026-04-15T13:52:37Z,baseline_nvml_pt,nvidia-smi,ok,0.0,35.0,1695.0,7601.0,62.43,0.15248000621795654,32.13818359375,32.13818359375,3.5,True,,82.95000000000002,58.74999999999999,70.19999999999999,estimated,,prefill-facebook-opt-125m-chunk-512-sm-8,success,,,/mnt/data/dheeraj/dicertation/inference-profile/runs/revised-rerun-20260415-145100-g0-opt125m/raw/points/prefill/prefill-facebook-opt-125m-chunk-512-sm-8.csv
facebook/opt-125m,512,gemm,fc1,8,4,108.5439994931221,30029312,33699328,3670016,3145728,1024,2026-04-15T13:52:37Z,baseline_nvml_pt,nvidia-smi,ok,0.0,35.0,1695.0,7601.0,62.43,0.15248000621795654,32.13818359375,32.13818359375,3.5,True,,82.95000000000002,58.74999999999999,70.19999999999999,estimated,,prefill-facebook-opt-125m-chunk-512-sm-8,success,,,/mnt/data/dheeraj/dicertation/inference-profile/runs/revised-rerun-20260415-145100-g0-opt125m/raw/points/prefill/prefill-facebook-opt-125m-chunk-512-sm-8.csv
facebook/opt-125m,512,gemm,fc2,8,4,83.96799862384796,30029312,30815744,786432,786432,1024,2026-04-15T13:52:37Z,baseline_nvml_pt,nvidia-smi,ok,0.0,35.0,1695.0,7601.0,62.43,0.15248000621795654,32.13818359375,32.13818359375,3.5,True,,82.95000000000002,58.74999999999999,70.19999999999999,estimated,,prefill-facebook-opt-125m-chunk-512-sm-8,success,,,/mnt/data/dheeraj/dicertation/inference-profile/runs/revised-rerun-20260415-145100-g0-opt125m/raw/points/prefill/prefill-facebook-opt-125m-chunk-512-sm-8.csv
facebook/opt-125m,512,attention,attention,8,4,65.5359998345375,30029312,30841344,812032,786432,1024,2026-04-15T13:52:37Z,baseline_nvml_pt,nvidia-smi,ok,0.0,35.0,1695.0,7601.0,62.43,0.15248000621795654,32.13818359375,32.13818359375,3.5,True,,82.95000000000002,58.74999999999999,70.19999999999999,estimated,,prefill-facebook-opt-125m-chunk-512-sm-8,success,,,/mnt/data/dheeraj/dicertation/inference-profile/runs/revised-rerun-20260415-145100-g0-opt125m/raw/points/prefill/prefill-facebook-opt-125m-chunk-512-sm-8.csv
facebook/opt-125m,512,gemm,q_proj,16,0,88.35200220346451,30029312,30815744,786432,786432,1024,2026-04-15T13:52:42Z,baseline_nvml_pt,nvidia-smi,ok,0.0,35.0,1695.0,7601.0,62.67,3.0259199142456055,32.13818359375,32.13818359375,3.5,True,,90.3,53.580000000000005,78.0,estimated,,prefill-facebook-opt-125m-chunk-512-sm-16,success,,,/mnt/data/dheeraj/dicertation/inference-profile/runs/revised-rerun-20260415-145100-g0-opt125m/raw/points/prefill/prefill-facebook-opt-125m-chunk-512-sm-16.csv
facebook/opt-125m,512,gemm,k_proj,16,0,83.96799862384796,30029312,30815744,786432,786432,1024,2026-04-15T13:52:42Z,baseline_nvml_pt,nvidia-smi,ok,0.0,35.0,1695.0,7601.0,62.67,3.0259199142456055,32.13818359375,32.13818359375,3.5,True,,90.3,53.580000000000005,78.0,estimated,,prefill-facebook-opt-125m-chunk-512-sm-16,success,,,/mnt/data/dheeraj/dicertation/inference-profile/runs/revised-rerun-20260415-145100-g0-opt125m/raw/points/prefill/prefill-facebook-opt-125m-chunk-512-sm-16.csv
facebook/opt-125m,512,gemm,v_proj,16,0,69.76000219583511,30029312,30815744,786432,786432,1024,2026-04-15T13:52:42Z,baseline_nvml_pt,nvidia-smi,ok,0.0,35.0,1695.0,7601.0,62.67,3.0259199142456055,32.13818359375,32.13818359375,3.5,True,,90.3,53.580000000000005,78.0,estimated,,prefill-facebook-opt-125m-chunk-512-sm-16,success,,,/mnt/data/dheeraj/dicertation/inference-profile/runs/revised-rerun-20260415-145100-g0-opt125m/raw/points/prefill/prefill-facebook-opt-125m-chunk-512-sm-16.csv
facebook/opt-125m,512,gemm,out_proj,16,0,88.8959988951683,30029312,30815744,786432,786432,1024,2026-04-15T13:52:42Z,baseline_nvml_pt,nvidia-smi,ok,0.0,35.0,1695.0,7601.0,62.67,3.0259199142456055,32.13818359375,32.13818359375,3.5,True,,90.3,53.580000000000005,78.0,estimated,,prefill-facebook-opt-125m-chunk-512-sm-16,success,,,/mnt/data/dheeraj/dicertation/inference-profile/runs/revised-rerun-20260415-145100-g0-opt125m/raw/points/prefill/prefill-facebook-opt-125m-chunk-512-sm-16.csv
facebook/opt-125m,512,gemm,fc1,16,0,116.73600226640701,30029312,33699328,3670016,3145728,1024,2026-04-15T13:52:42Z,baseline_nvml_pt,nvidia-smi,ok,0.0,35.0,1695.0,7601.0,62.67,3.0259199142456055,32.13818359375,32.13818359375,3.5,True,,90.3,53.580000000000005,78.0,estimated,,prefill-facebook-opt-125m-chunk-512-sm-16,success,,,/mnt/data/dheeraj/dicertation/inference-profile/runs/revised-rerun-20260415-145100-g0-opt125m/raw/points/prefill/prefill-facebook-opt-125m-chunk-512-sm-16.csv
facebook/opt-125m,512,gemm,fc2,16,0,86.01599931716919,30029312,30815744,786432,786432,1024,2026-04-15T13:52:42Z,baseline_nvml_pt,nvidia-smi,ok,0.0,35.0,1695.0,7601.0,62.67,3.0259199142456055,32.13818359375,32.13818359375,3.5,True,,90.3,53.580000000000005,78.0,estimated,,prefill-facebook-opt-125m-chunk-512-sm-16,success,,,/mnt/data/dheeraj/dicertation/inference-profile/runs/revised-rerun-20260415-145100-g0-opt125m/raw/points/prefill/prefill-facebook-opt-125m-chunk-512-sm-16.csv
facebook/opt-125m,512,attention,attention,16,0,61.43999844789505,30029312,30841344,812032,786432,1024,2026-04-15T13:52:42Z,baseline_nvml_pt,nvidia-smi,ok,0.0,35.0,1695.0,7601.0,62.67,3.0259199142456055,32.13818359375,32.13818359375,3.5,True,,90.3,53.580000000000005,78.0,estimated,,prefill-facebook-opt-125m-chunk-512-sm-16,success,,,/mnt/data/dheeraj/dicertation/inference-profile/runs/revised-rerun-20260415-145100-g0-opt125m/raw/points/prefill/prefill-facebook-opt-125m-chunk-512-sm-16.csv
facebook/opt-125m,512,gemm,q_proj,16,1,67.80800223350525,30029312,30815744,786432,786432,1024,2026-04-15T13:52:42Z,baseline_nvml_pt,nvidia-smi,ok,0.0,35.0,1695.0,7601.0,62.67,3.0259199142456055,32.13818359375,32.13818359375,3.5,True,,90.3,53.580000000000005,78.0,estimated,,prefill-facebook-opt-125m-chunk-512-sm-16,success,,,/mnt/data/dheeraj/dicertation/inference-profile/runs/revised-rerun-20260415-145100-g0-opt125m/raw/points/prefill/prefill-facebook-opt-125m-chunk-512-sm-16.csv
facebook/opt-125m,512,gemm,k_proj,16,1,65.69600105285645,30029312,30815744,786432,786432,1024,2026-04-15T13:52:42Z,baseline_nvml_pt,nvidia-smi,ok,0.0,35.0,1695.0,7601.0,62.67,3.0259199142456055,32.13818359375,32.13818359375,3.5,True,,90.3,53.580000000000005,78.0,estimated,,prefill-facebook-opt-125m-chunk-512-sm-16,success,,,/mnt/data/dheeraj/dicertation/inference-profile/runs/revised-rerun-20260415-145100-g0-opt125m/raw/points/prefill/prefill-facebook-opt-125m-chunk-512-sm-16.csv
facebook/opt-125m,512,gemm,v_proj,16,1,64.41599875688553,30029312,30815744,786432,786432,1024,2026-04-15T13:52:42Z,baseline_nvml_pt,nvidia-smi,ok,0.0,35.0,1695.0,7601.0,62.67,3.0259199142456055,32.13818359375,32.13818359375,3.5,True,,90.3,53.580000000000005,78.0,estimated,,prefill-facebook-opt-125m-chunk-512-sm-16,success,,,/mnt/data/dheeraj/dicertation/inference-profile/runs/revised-rerun-20260415-145100-g0-opt125m/raw/points/prefill/prefill-facebook-opt-125m-chunk-512-sm-16.csv
facebook/opt-125m,512,gemm,out_proj,16,1,62.463998794555664,30029312,30815744,786432,786432,1024,2026-04-15T13:52:42Z,baseline_nvml_pt,nvidia-smi,ok,0.0,35.0,1695.0,7601.0,62.67,3.0259199142456055,32.13818359375,32.13818359375,3.5,True,,90.3,53.580000000000005,78.0,estimated,,prefill-facebook-opt-125m-chunk-512-sm-16,success,,,/mnt/data/dheeraj/dicertation/inference-profile/runs/revised-rerun-20260415-145100-g0-opt125m/raw/points/prefill/prefill-facebook-opt-125m-chunk-512-sm-16.csv
facebook/opt-125m,512,gemm,fc1,16,1,105.47199845314026,30029312,33699328,3670016,3145728,1024,2026-04-15T13:52:42Z,baseline_nvml_pt,nvidia-smi,ok,0.0,35.0,1695.0,7601.0,62.67,3.0259199142456055,32.13818359375,32.13818359375,3.5,True,,90.3,53.580000000000005,78.0,estimated,,prefill-facebook-opt-125m-chunk-512-sm-16,success,,,/mnt/data/dheeraj/dicertation/inference-profile/runs/revised-rerun-20260415-145100-g0-opt125m/raw/points/prefill/prefill-facebook-opt-125m-chunk-512-sm-16.csv
facebook/opt-125m,512,gemm,fc2,16,1,83.96799862384796,30029312,30815744,786432,786432,1024,2026-04-15T13:52:42Z,baseline_nvml_pt,nvidia-smi,ok,0.0,35.0,1695.0,7601.0,62.67,3.0259199142456055,32.13818359375,32.13818359375,3.5,True,,90.3,53.580000000000005,78.0,estimated,,prefill-facebook-opt-125m-chunk-512-sm-16,success,,,/mnt/data/dheeraj/dicertation/inference-profile/runs/revised-rerun-20260415-145100-g0-opt125m/raw/points/prefill/prefill-facebook-opt-125m-chunk-512-sm-16.csv
facebook/opt-125m,512,attention,attention,16,1,58.36800113320351,30029312,30841344,812032,786432,1024,2026-04-15T13:52:42Z,baseline_nvml_pt,nvidia-smi,ok,0.0,35.0,1695.0,7601.0,62.67,3.0259199142456055,32.13818359375,32.13818359375,3.5,True,,90.3,53.580000000000005,78.0,estimated,,prefill-facebook-opt-125m-chunk-512-sm-16,success,,,/mnt/data/dheeraj/dicertation/inference-profile/runs/revised-rerun-20260415-145100-g0-opt125m/raw/points/prefill/prefill-facebook-opt-125m-chunk-512-sm-16.csv
facebook/opt-125m,512,gemm,q_proj,16,2,67.58400052785873,30029312,30815744,786432,786432,1024,2026-04-15T13:52:42Z,baseline_nvml_pt,nvidia-smi,ok,0.0,35.0,1695.0,7601.0,62.67,3.0259199142456055,32.13818359375,32.13818359375,3.5,True,,90.3,53.580000000000005,78.0,estimated,,prefill-facebook-opt-125m-chunk-512-sm-16,success,,,/mnt/data/dheeraj/dicertation/inference-profile/runs/revised-rerun-20260415-145100-g0-opt125m/raw/points/prefill/prefill-facebook-opt-125m-chunk-512-sm-16.csv
facebook/opt-125m,512,gemm,k_proj,16,2,71.74400240182877,30029312,30815744,786432,786432,1024,2026-04-15T13:52:42Z,baseline_nvml_pt,nvidia-smi,ok,0.0,35.0,1695.0,7601.0,62.67,3.0259199142456055,32.13818359375,32.13818359375,3.5,True,,90.3,53.580000000000005,78.0,estimated,,prefill-facebook-opt-125m-chunk-512-sm-16,success,,,/mnt/data/dheeraj/dicertation/inference-profile/runs/revised-rerun-20260415-145100-g0-opt125m/raw/points/prefill/prefill-facebook-opt-125m-chunk-512-sm-16.csv
facebook/opt-125m,512,gemm,v_proj,16,2,63.48799914121628,30029312,30815744,786432,786432,1024,2026-04-15T13:52:42Z,baseline_nvml_pt,nvidia-smi,ok,0.0,35.0,1695.0,7601.0,62.67,3.0259199142456055,32.13818359375,32.13818359375,3.5,True,,90.3,53.580000000000005,78.0,estimated,,prefill-facebook-opt-125m-chunk-512-sm-16,success,,,/mnt/data/dheeraj/dicertation/inference-profile/runs/revised-rerun-20260415-145100-g0-opt125m/raw/points/prefill/prefill-facebook-opt-125m-chunk-512-sm-16.csv
facebook/opt-125m,512,gemm,out_proj,16,2,67.58400052785873,30029312,30815744,786432,786432,1024,2026-04-15T13:52:42Z,baseline_nvml_pt,nvidia-smi,ok,0.0,35.0,1695.0,7601.0,62.67,3.0259199142456055,32.13818359375,32.13818359375,3.5,True,,90.3,53.580000000000005,78.0,estimated,,prefill-facebook-opt-125m-chunk-512-sm-16,success,,,/mnt/data/dheeraj/dicertation/inference-profile/runs/revised-rerun-20260415-145100-g0-opt125m/raw/points/prefill/prefill-facebook-opt-125m-chunk-512-sm-16.csv
facebook/opt-125m,512,gemm,fc1,16,2,110.59200018644333,30029312,33699328,3670016,3145728,1024,2026-04-15T13:52:42Z,baseline_nvml_pt,nvidia-smi,ok,0.0,35.0,1695.0,7601.0,62.67,3.0259199142456055,32.13818359375,32.13818359375,3.5,True,,90.3,53.580000000000005,78.0,estimated,,prefill-facebook-opt-125m-chunk-512-sm-16,success,,,/mnt/data/dheeraj/dicertation/inference-profile/runs/revised-rerun-20260415-145100-g0-opt125m/raw/points/prefill/prefill-facebook-opt-125m-chunk-512-sm-16.csv
facebook/opt-125m,512,gemm,fc2,16,2,83.74399691820145,30029312,30815744,786432,786432,1024,2026-04-15T13:52:42Z,baseline_nvml_pt,nvidia-smi,ok,0.0,35.0,1695.0,7601.0,62.67,3.0259199142456055,32.13818359375,32.13818359375,3.5,True,,90.3,53.580000000000005,78.0,estimated,,prefill-facebook-opt-125m-chunk-512-sm-16,success,,,/mnt/data/dheeraj/dicertation/inference-profile/runs/revised-rerun-20260415-145100-g0-opt125m/raw/points/prefill/prefill-facebook-opt-125m-chunk-512-sm-16.csv
facebook/opt-125m,512,attention,attention,16,2,60.60799956321716,30029312,30841344,812032,786432,1024,2026-04-15T13:52:42Z,baseline_nvml_pt,nvidia-smi,ok,0.0,35.0,1695.0,7601.0,62.67,3.0259199142456055,32.13818359375,32.13818359375,3.5,True,,90.3,53.580000000000005,78.0,estimated,,prefill-facebook-opt-125m-chunk-512-sm-16,success,,,/mnt/data/dheeraj/dicertation/inference-profile/runs/revised-rerun-20260415-145100-g0-opt125m/raw/points/prefill/prefill-facebook-opt-125m-chunk-512-sm-16.csv
facebook/opt-125m,512,gemm,q_proj,16,3,65.5359998345375,30029312,30815744,786432,786432,1024,2026-04-15T13:52:42Z,baseline_nvml_pt,nvidia-smi,ok,0.0,35.0,1695.0,7601.0,62.67,3.0259199142456055,32.13818359375,32.13818359375,3.5,True,,90.3,53.580000000000005,78.0,estimated,,prefill-facebook-opt-125m-chunk-512-sm-16,success,,,/mnt/data/dheeraj/dicertation/inference-profile/runs/revised-rerun-20260415-145100-g0-opt125m/raw/points/prefill/prefill-facebook-opt-125m-chunk-512-sm-16.csv
facebook/opt-125m,512,gemm,k_proj,16,3,61.59999966621399,30029312,30815744,786432,786432,1024,2026-04-15T13:52:42Z,baseline_nvml_pt,nvidia-smi,ok,0.0,35.0,1695.0,7601.0,62.67,3.0259199142456055,32.13818359375,32.13818359375,3.5,True,,90.3,53.580000000000005,78.0,estimated,,prefill-facebook-opt-125m-chunk-512-sm-16,success,,,/mnt/data/dheeraj/dicertation/inference-profile/runs/revised-rerun-20260415-145100-g0-opt125m/raw/points/prefill/prefill-facebook-opt-125m-chunk-512-sm-16.csv
facebook/opt-125m,512,gemm,v_proj,16,3,62.463998794555664,30029312,30815744,786432,786432,1024,2026-04-15T13:52:42Z,baseline_nvml_pt,nvidia-smi,ok,0.0,35.0,1695.0,7601.0,62.67,3.0259199142456055,32.13818359375,32.13818359375,3.5,True,,90.3,53.580000000000005,78.0,estimated,,prefill-facebook-opt-125m-chunk-512-sm-16,success,,,/mnt/data/dheeraj/dicertation/inference-profile/runs/revised-rerun-20260415-145100-g0-opt125m/raw/points/prefill/prefill-facebook-opt-125m-chunk-512-sm-16.csv
facebook/opt-125m,512,gemm,out_proj,16,3,63.48799914121628,30029312,30815744,786432,786432,1024,2026-04-15T13:52:42Z,baseline_nvml_pt,nvidia-smi,ok,0.0,35.0,1695.0,7601.0,62.67,3.0259199142456055,32.13818359375,32.13818359375,3.5,True,,90.3,53.580000000000005,78.0,estimated,,prefill-facebook-opt-125m-chunk-512-sm-16,success,,,/mnt/data/dheeraj/dicertation/inference-profile/runs/revised-rerun-20260415-145100-g0-opt125m/raw/points/prefill/prefill-facebook-opt-125m-chunk-512-sm-16.csv
facebook/opt-125m,512,gemm,fc1,16,3,106.49599879980087,30029312,33699328,3670016,3145728,1024,2026-04-15T13:52:42Z,baseline_nvml_pt,nvidia-smi,ok,0.0,35.0,1695.0,7601.0,62.67,3.0259199142456055,32.13818359375,32.13818359375,3.5,True,,90.3,53.580000000000005,78.0,estimated,,prefill-facebook-opt-125m-chunk-512-sm-16,success,,,/mnt/data/dheeraj/dicertation/inference-profile/runs/revised-rerun-20260415-145100-g0-opt125m/raw/points/prefill/prefill-facebook-opt-125m-chunk-512-sm-16.csv
facebook/opt-125m,512,gemm,fc2,16,3,3025.9199142456055,30029312,30815744,786432,786432,1024,2026-04-15T13:52:42Z,baseline_nvml_pt,nvidia-smi,ok,0.0,35.0,1695.0,7601.0,62.67,3.0259199142456055,32.13818359375,32.13818359375,3.5,True,,90.3,53.580000000000005,78.0,estimated,,prefill-facebook-opt-125m-chunk-512-sm-16,success,,,/mnt/data/dheeraj/dicertation/inference-profile/runs/revised-rerun-20260415-145100-g0-opt125m/raw/points/prefill/prefill-facebook-opt-125m-chunk-512-sm-16.csv
facebook/opt-125m,512,attention,attention,16,3,56.44800141453743,30029312,30841344,812032,786432,1024,2026-04-15T13:52:42Z,baseline_nvml_pt,nvidia-smi,ok,0.0,35.0,1695.0,7601.0,62.67,3.0259199142456055,32.13818359375,32.13818359375,3.5,True,,90.3,53.580000000000005,78.0,estimated,,prefill-facebook-opt-125m-chunk-512-sm-16,success,,,/mnt/data/dheeraj/dicertation/inference-profile/runs/revised-rerun-20260415-145100-g0-opt125m/raw/points/prefill/prefill-facebook-opt-125m-chunk-512-sm-16.csv
facebook/opt-125m,512,gemm,q_proj,16,4,65.60000032186508,30029312,30815744,786432,786432,1024,2026-04-15T13:52:42Z,baseline_nvml_pt,nvidia-smi,ok,0.0,35.0,1695.0,7601.0,62.67,3.0259199142456055,32.13818359375,32.13818359375,3.5,True,,90.3,53.580000000000005,78.0,estimated,,prefill-facebook-opt-125m-chunk-512-sm-16,success,,,/mnt/data/dheeraj/dicertation/inference-profile/runs/revised-rerun-20260415-145100-g0-opt125m/raw/points/prefill/prefill-facebook-opt-125m-chunk-512-sm-16.csv
facebook/opt-125m,512,gemm,k_proj,16,4,62.33600154519081,30029312,30815744,786432,786432,1024,2026-04-15T13:52:42Z,baseline_nvml_pt,nvidia-smi,ok,0.0,35.0,1695.0,7601.0,62.67,3.0259199142456055,32.13818359375,32.13818359375,3.5,True,,90.3,53.580000000000005,78.0,estimated,,prefill-facebook-opt-125m-chunk-512-sm-16,success,,,/mnt/data/dheeraj/dicertation/inference-profile/runs/revised-rerun-20260415-145100-g0-opt125m/raw/points/prefill/prefill-facebook-opt-125m-chunk-512-sm-16.csv
facebook/opt-125m,512,gemm,v_proj,16,4,62.272001057863235,30029312,30815744,786432,786432,1024,2026-04-15T13:52:42Z,baseline_nvml_pt,nvidia-smi,ok,0.0,35.0,1695.0,7601.0,62.67,3.0259199142456055,32.13818359375,32.13818359375,3.5,True,,90.3,53.580000000000005,78.0,estimated,,prefill-facebook-opt-125m-chunk-512-sm-16,success,,,/mnt/data/dheeraj/dicertation/inference-profile/runs/revised-rerun-20260415-145100-g0-opt125m/raw/points/prefill/prefill-facebook-opt-125m-chunk-512-sm-16.csv
facebook/opt-125m,512,gemm,out_proj,16,4,60.447998344898224,30029312,30815744,786432,786432,1024,2026-04-15T13:52:42Z,baseline_nvml_pt,nvidia-smi,ok,0.0,35.0,1695.0,7601.0,62.67,3.0259199142456055,32.13818359375,32.13818359375,3.5,True,,90.3,53.580000000000005,78.0,estimated,,prefill-facebook-opt-125m-chunk-512-sm-16,success,,,/mnt/data/dheeraj/dicertation/inference-profile/runs/revised-rerun-20260415-145100-g0-opt125m/raw/points/prefill/prefill-facebook-opt-125m-chunk-512-sm-16.csv
facebook/opt-125m,512,gemm,fc1,16,4,104.3199971318245,30029312,33699328,3670016,3145728,1024,2026-04-15T13:52:42Z,baseline_nvml_pt,nvidia-smi,ok,0.0,35.0,1695.0,7601.0,62.67,3.0259199142456055,32.13818359375,32.13818359375,3.5,True,,90.3,53.580000000000005,78.0,estimated,,prefill-facebook-opt-125m-chunk-512-sm-16,success,,,/mnt/data/dheeraj/dicertation/inference-profile/runs/revised-rerun-20260415-145100-g0-opt125m/raw/points/prefill/prefill-facebook-opt-125m-chunk-512-sm-16.csv
facebook/opt-125m,512,gemm,fc2,16,4,81.69600367546082,30029312,30815744,786432,786432,1024,2026-04-15T13:52:42Z,baseline_nvml_pt,nvidia-smi,ok,0.0,35.0,1695.0,7601.0,62.67,3.0259199142456055,32.13818359375,32.13818359375,3.5,True,,90.3,53.580000000000005,78.0,estimated,,prefill-facebook-opt-125m-chunk-512-sm-16,success,,,/mnt/data/dheeraj/dicertation/inference-profile/runs/revised-rerun-20260415-145100-g0-opt125m/raw/points/prefill/prefill-facebook-opt-125m-chunk-512-sm-16.csv
facebook/opt-125m,512,attention,attention,16,4,56.41600117087364,30029312,30841344,812032,786432,1024,2026-04-15T13:52:42Z,baseline_nvml_pt,nvidia-smi,ok,0.0,35.0,1695.0,7601.0,62.67,3.0259199142456055,32.13818359375,32.13818359375,3.5,True,,90.3,53.580000000000005,78.0,estimated,,prefill-facebook-opt-125m-chunk-512-sm-16,success,,,/mnt/data/dheeraj/dicertation/inference-profile/runs/revised-rerun-20260415-145100-g0-opt125m/raw/points/prefill/prefill-facebook-opt-125m-chunk-512-sm-16.csv
facebook/opt-125m,512,gemm,q_proj,24,0,107.26399719715118,30029312,30815744,786432,786432,1024,2026-04-15T13:52:48Z,baseline_nvml_pt,nvidia-smi,ok,0.0,35.0,1695.0,8001.0,63.18,3.889120101928711,32.13818359375,32.13818359375,3.5,True,,97.64999999999999,48.41,85.8,estimated,,prefill-facebook-opt-125m-chunk-512-sm-24,success,,,/mnt/data/dheeraj/dicertation/inference-profile/runs/revised-rerun-20260415-145100-g0-opt125m/raw/points/prefill/prefill-facebook-opt-125m-chunk-512-sm-24.csv
facebook/opt-125m,512,gemm,k_proj,24,0,78.84799689054489,30029312,30815744,786432,786432,1024,2026-04-15T13:52:48Z,baseline_nvml_pt,nvidia-smi,ok,0.0,35.0,1695.0,8001.0,63.18,3.889120101928711,32.13818359375,32.13818359375,3.5,True,,97.64999999999999,48.41,85.8,estimated,,prefill-facebook-opt-125m-chunk-512-sm-24,success,,,/mnt/data/dheeraj/dicertation/inference-profile/runs/revised-rerun-20260415-145100-g0-opt125m/raw/points/prefill/prefill-facebook-opt-125m-chunk-512-sm-24.csv
facebook/opt-125m,512,gemm,v_proj,24,0,70.39999961853027,30029312,30815744,786432,786432,1024,2026-04-15T13:52:48Z,baseline_nvml_pt,nvidia-smi,ok,0.0,35.0,1695.0,8001.0,63.18,3.889120101928711,32.13818359375,32.13818359375,3.5,True,,97.64999999999999,48.41,85.8,estimated,,prefill-facebook-opt-125m-chunk-512-sm-24,success,,,/mnt/data/dheeraj/dicertation/inference-profile/runs/revised-rerun-20260415-145100-g0-opt125m/raw/points/prefill/prefill-facebook-opt-125m-chunk-512-sm-24.csv
facebook/opt-125m,512,gemm,out_proj,24,0,70.65600156784058,30029312,30815744,786432,786432,1024,2026-04-15T13:52:48Z,baseline_nvml_pt,nvidia-smi,ok,0.0,35.0,1695.0,8001.0,63.18,3.889120101928711,32.13818359375,32.13818359375,3.5,True,,97.64999999999999,48.41,85.8,estimated,,prefill-facebook-opt-125m-chunk-512-sm-24,success,,,/mnt/data/dheeraj/dicertation/inference-profile/runs/revised-rerun-20260415-145100-g0-opt125m/raw/points/prefill/prefill-facebook-opt-125m-chunk-512-sm-24.csv
facebook/opt-125m,512,gemm,fc1,24,0,120.83200365304947,30029312,33699328,3670016,3145728,1024,2026-04-15T13:52:48Z,baseline_nvml_pt,nvidia-smi,ok,0.0,35.0,1695.0,8001.0,63.18,3.889120101928711,32.13818359375,32.13818359375,3.5,True,,97.64999999999999,48.41,85.8,estimated,,prefill-facebook-opt-125m-chunk-512-sm-24,success,,,/mnt/data/dheeraj/dicertation/inference-profile/runs/revised-rerun-20260415-145100-g0-opt125m/raw/points/prefill/prefill-facebook-opt-125m-chunk-512-sm-24.csv
facebook/opt-125m,512,gemm,fc2,24,0,88.06400001049042,30029312,30815744,786432,786432,1024,2026-04-15T13:52:48Z,baseline_nvml_pt,nvidia-smi,ok,0.0,35.0,1695.0,8001.0,63.18,3.889120101928711,32.13818359375,32.13818359375,3.5,True,,97.64999999999999,48.41,85.8,estimated,,prefill-facebook-opt-125m-chunk-512-sm-24,success,,,/mnt/data/dheeraj/dicertation/inference-profile/runs/revised-rerun-20260415-145100-g0-opt125m/raw/points/prefill/prefill-facebook-opt-125m-chunk-512-sm-24.csv
facebook/opt-125m,512,attention,attention,24,0,59.36000123620033,30029312,30841344,812032,786432,1024,2026-04-15T13:52:48Z,baseline_nvml_pt,nvidia-smi,ok,0.0,35.0,1695.0,8001.0,63.18,3.889120101928711,32.13818359375,32.13818359375,3.5,True,,97.64999999999999,48.41,85.8,estimated,,prefill-facebook-opt-125m-chunk-512-sm-24,success,,,/mnt/data/dheeraj/dicertation/inference-profile/runs/revised-rerun-20260415-145100-g0-opt125m/raw/points/prefill/prefill-facebook-opt-125m-chunk-512-sm-24.csv
facebook/opt-125m,512,gemm,q_proj,24,1,78.84799689054489,30029312,30815744,786432,786432,1024,2026-04-15T13:52:48Z,baseline_nvml_pt,nvidia-smi,ok,0.0,35.0,1695.0,8001.0,63.18,3.889120101928711,32.13818359375,32.13818359375,3.5,True,,97.64999999999999,48.41,85.8,estimated,,prefill-facebook-opt-125m-chunk-512-sm-24,success,,,/mnt/data/dheeraj/dicertation/inference-profile/runs/revised-rerun-20260415-145100-g0-opt125m/raw/points/prefill/prefill-facebook-opt-125m-chunk-512-sm-24.csv
facebook/opt-125m,512,gemm,k_proj,24,1,63.680000603199005,30029312,30815744,786432,786432,1024,2026-04-15T13:52:48Z,baseline_nvml_pt,nvidia-smi,ok,0.0,35.0,1695.0,8001.0,63.18,3.889120101928711,32.13818359375,32.13818359375,3.5,True,,97.64999999999999,48.41,85.8,estimated,,prefill-facebook-opt-125m-chunk-512-sm-24,success,,,/mnt/data/dheeraj/dicertation/inference-profile/runs/revised-rerun-20260415-145100-g0-opt125m/raw/points/prefill/prefill-facebook-opt-125m-chunk-512-sm-24.csv
facebook/opt-125m,512,gemm,v_proj,24,1,60.416001826524734,30029312,30815744,786432,786432,1024,2026-04-15T13:52:48Z,baseline_nvml_pt,nvidia-smi,ok,0.0,35.0,1695.0,8001.0,63.18,3.889120101928711,32.13818359375,32.13818359375,3.5,True,,97.64999999999999,48.41,85.8,estimated,,prefill-facebook-opt-125m-chunk-512-sm-24,success,,,/mnt/data/dheeraj/dicertation/inference-profile/runs/revised-rerun-20260415-145100-g0-opt125m/raw/points/prefill/prefill-facebook-opt-125m-chunk-512-sm-24.csv
facebook/opt-125m,512,gemm,out_proj,24,1,61.28000095486641,30029312,30815744,786432,786432,1024,2026-04-15T13:52:48Z,baseline_nvml_pt,nvidia-smi,ok,0.0,35.0,1695.0,8001.0,63.18,3.889120101928711,32.13818359375,32.13818359375,3.5,True,,97.64999999999999,48.41,85.8,estimated,,prefill-facebook-opt-125m-chunk-512-sm-24,success,,,/mnt/data/dheeraj/dicertation/inference-profile/runs/revised-rerun-20260415-145100-g0-opt125m/raw/points/prefill/prefill-facebook-opt-125m-chunk-512-sm-24.csv
facebook/opt-125m,512,gemm,fc1,24,1,137.2160017490387,30029312,33699328,3670016,3145728,1024,2026-04-15T13:52:48Z,baseline_nvml_pt,nvidia-smi,ok,0.0,35.0,1695.0,8001.0,63.18,3.889120101928711,32.13818359375,32.13818359375,3.5,True,,97.64999999999999,48.41,85.8,estimated,,prefill-facebook-opt-125m-chunk-512-sm-24,success,,,/mnt/data/dheeraj/dicertation/inference-profile/runs/revised-rerun-20260415-145100-g0-opt125m/raw/points/prefill/prefill-facebook-opt-125m-chunk-512-sm-24.csv
facebook/opt-125m,512,gemm,fc2,24,1,86.01599931716919,30029312,30815744,786432,786432,1024,2026-04-15T13:52:48Z,baseline_nvml_pt,nvidia-smi,ok,0.0,35.0,1695.0,8001.0,63.18,3.889120101928711,32.13818359375,32.13818359375,3.5,True,,97.64999999999999,48.41,85.8,estimated,,prefill-facebook-opt-125m-chunk-512-sm-24,success,,,/mnt/data/dheeraj/dicertation/inference-profile/runs/revised-rerun-20260415-145100-g0-opt125m/raw/points/prefill/prefill-facebook-opt-125m-chunk-512-sm-24.csv
facebook/opt-125m,512,attention,attention,24,1,65.63200056552887,30029312,30841344,812032,786432,1024,2026-04-15T13:52:48Z,baseline_nvml_pt,nvidia-smi,ok,0.0,35.0,1695.0,8001.0,63.18,3.889120101928711,32.13818359375,32.13818359375,3.5,True,,97.64999999999999,48.41,85.8,estimated,,prefill-facebook-opt-125m-chunk-512-sm-24,success,,,/mnt/data/dheeraj/dicertation/inference-profile/runs/revised-rerun-20260415-145100-g0-opt125m/raw/points/prefill/prefill-facebook-opt-125m-chunk-512-sm-24.csv
facebook/opt-125m,512,gemm,q_proj,24,2,67.58400052785873,30029312,30815744,786432,786432,1024,2026-04-15T13:52:48Z,baseline_nvml_pt,nvidia-smi,ok,0.0,35.0,1695.0,8001.0,63.18,3.889120101928711,32.13818359375,32.13818359375,3.5,True,,97.64999999999999,48.41,85.8,estimated,,prefill-facebook-opt-125m-chunk-512-sm-24,success,,,/mnt/data/dheeraj/dicertation/inference-profile/runs/revised-rerun-20260415-145100-g0-opt125m/raw/points/prefill/prefill-facebook-opt-125m-chunk-512-sm-24.csv
facebook/opt-125m,512,gemm,k_proj,24,2,71.80800288915634,30029312,30815744,786432,786432,1024,2026-04-15T13:52:48Z,baseline_nvml_pt,nvidia-smi,ok,0.0,35.0,1695.0,8001.0,63.18,3.889120101928711,32.13818359375,32.13818359375,3.5,True,,97.64999999999999,48.41,85.8,estimated,,prefill-facebook-opt-125m-chunk-512-sm-24,success,,,/mnt/data/dheeraj/dicertation/inference-profile/runs/revised-rerun-20260415-145100-g0-opt125m/raw/points/prefill/prefill-facebook-opt-125m-chunk-512-sm-24.csv
facebook/opt-125m,512,gemm,v_proj,24,2,63.61600011587143,30029312,30815744,786432,786432,1024,2026-04-15T13:52:48Z,baseline_nvml_pt,nvidia-smi,ok,0.0,35.0,1695.0,8001.0,63.18,3.889120101928711,32.13818359375,32.13818359375,3.5,True,,97.64999999999999,48.41,85.8,estimated,,prefill-facebook-opt-125m-chunk-512-sm-24,success,,,/mnt/data/dheeraj/dicertation/inference-profile/runs/revised-rerun-20260415-145100-g0-opt125m/raw/points/prefill/prefill-facebook-opt-125m-chunk-512-sm-24.csv
facebook/opt-125m,512,gemm,out_proj,24,2,62.463998794555664,30029312,30815744,786432,786432,1024,2026-04-15T13:52:48Z,baseline_nvml_pt,nvidia-smi,ok,0.0,35.0,1695.0,8001.0,63.18,3.889120101928711,32.13818359375,32.13818359375,3.5,True,,97.64999999999999,48.41,85.8,estimated,,prefill-facebook-opt-125m-chunk-512-sm-24,success,,,/mnt/data/dheeraj/dicertation/inference-profile/runs/revised-rerun-20260415-145100-g0-opt125m/raw/points/prefill/prefill-facebook-opt-125m-chunk-512-sm-24.csv
facebook/opt-125m,512,gemm,fc1,24,2,3889.120101928711,30029312,33699328,3670016,3145728,1024,2026-04-15T13:52:48Z,baseline_nvml_pt,nvidia-smi,ok,0.0,35.0,1695.0,8001.0,63.18,3.889120101928711,32.13818359375,32.13818359375,3.5,True,,97.64999999999999,48.41,85.8,estimated,,prefill-facebook-opt-125m-chunk-512-sm-24,success,,,/mnt/data/dheeraj/dicertation/inference-profile/runs/revised-rerun-20260415-145100-g0-opt125m/raw/points/prefill/prefill-facebook-opt-125m-chunk-512-sm-24.csv
facebook/opt-125m,512,gemm,fc2,24,2,87.23200112581253,30029312,30815744,786432,786432,1024,2026-04-15T13:52:48Z,baseline_nvml_pt,nvidia-smi,ok,0.0,35.0,1695.0,8001.0,63.18,3.889120101928711,32.13818359375,32.13818359375,3.5,True,,97.64999999999999,48.41,85.8,estimated,,prefill-facebook-opt-125m-chunk-512-sm-24,success,,,/mnt/data/dheeraj/dicertation/inference-profile/runs/revised-rerun-20260415-145100-g0-opt125m/raw/points/prefill/prefill-facebook-opt-125m-chunk-512-sm-24.csv
facebook/opt-125m,512,attention,attention,24,2,58.559998869895935,30029312,30841344,812032,786432,1024,2026-04-15T13:52:48Z,baseline_nvml_pt,nvidia-smi,ok,0.0,35.0,1695.0,8001.0,63.18,3.889120101928711,32.13818359375,32.13818359375,3.5,True,,97.64999999999999,48.41,85.8,estimated,,prefill-facebook-opt-125m-chunk-512-sm-24,success,,,/mnt/data/dheeraj/dicertation/inference-profile/runs/revised-rerun-20260415-145100-g0-opt125m/raw/points/prefill/prefill-facebook-opt-125m-chunk-512-sm-24.csv
facebook/opt-125m,512,gemm,q_proj,24,3,65.5359998345375,30029312,30815744,786432,786432,1024,2026-04-15T13:52:48Z,baseline_nvml_pt,nvidia-smi,ok,0.0,35.0,1695.0,8001.0,63.18,3.889120101928711,32.13818359375,32.13818359375,3.5,True,,97.64999999999999,48.41,85.8,estimated,,prefill-facebook-opt-125m-chunk-512-sm-24,success,,,/mnt/data/dheeraj/dicertation/inference-profile/runs/revised-rerun-20260415-145100-g0-opt125m/raw/points/prefill/prefill-facebook-opt-125m-chunk-512-sm-24.csv
facebook/opt-125m,512,gemm,k_proj,24,3,75.6480023264885,30029312,30815744,786432,786432,1024,2026-04-15T13:52:48Z,baseline_nvml_pt,nvidia-smi,ok,0.0,35.0,1695.0,8001.0,63.18,3.889120101928711,32.13818359375,32.13818359375,3.5,True,,97.64999999999999,48.41,85.8,estimated,,prefill-facebook-opt-125m-chunk-512-sm-24,success,,,/mnt/data/dheeraj/dicertation/inference-profile/runs/revised-rerun-20260415-145100-g0-opt125m/raw/points/prefill/prefill-facebook-opt-125m-chunk-512-sm-24.csv
facebook/opt-125m,512,gemm,v_proj,24,3,65.72800129652023,30029312,30815744,786432,786432,1024,2026-04-15T13:52:48Z,baseline_nvml_pt,nvidia-smi,ok,0.0,35.0,1695.0,8001.0,63.18,3.889120101928711,32.13818359375,32.13818359375,3.5,True,,97.64999999999999,48.41,85.8,estimated,,prefill-facebook-opt-125m-chunk-512-sm-24,success,,,/mnt/data/dheeraj/dicertation/inference-profile/runs/revised-rerun-20260415-145100-g0-opt125m/raw/points/prefill/prefill-facebook-opt-125m-chunk-512-sm-24.csv
facebook/opt-125m,512,gemm,out_proj,24,3,61.63199990987778,30029312,30815744,786432,786432,1024,2026-04-15T13:52:48Z,baseline_nvml_pt,nvidia-smi,ok,0.0,35.0,1695.0,8001.0,63.18,3.889120101928711,32.13818359375,32.13818359375,3.5,True,,97.64999999999999,48.41,85.8,estimated,,prefill-facebook-opt-125m-chunk-512-sm-24,success,,,/mnt/data/dheeraj/dicertation/inference-profile/runs/revised-rerun-20260415-145100-g0-opt125m/raw/points/prefill/prefill-facebook-opt-125m-chunk-512-sm-24.csv
facebook/opt-125m,512,gemm,fc1,24,3,106.49599879980087,30029312,33699328,3670016,3145728,1024,2026-04-15T13:52:48Z,baseline_nvml_pt,nvidia-smi,ok,0.0,35.0,1695.0,8001.0,63.18,3.889120101928711,32.13818359375,32.13818359375,3.5,True,,97.64999999999999,48.41,85.8,estimated,,prefill-facebook-opt-125m-chunk-512-sm-24,success,,,/mnt/data/dheeraj/dicertation/inference-profile/runs/revised-rerun-20260415-145100-g0-opt125m/raw/points/prefill/prefill-facebook-opt-125m-chunk-512-sm-24.csv
facebook/opt-125m,512,gemm,fc2,24,3,80.89599758386612,30029312,30815744,786432,786432,1024,2026-04-15T13:52:48Z,baseline_nvml_pt,nvidia-smi,ok,0.0,35.0,1695.0,8001.0,63.18,3.889120101928711,32.13818359375,32.13818359375,3.5,True,,97.64999999999999,48.41,85.8,estimated,,prefill-facebook-opt-125m-chunk-512-sm-24,success,,,/mnt/data/dheeraj/dicertation/inference-profile/runs/revised-rerun-20260415-145100-g0-opt125m/raw/points/prefill/prefill-facebook-opt-125m-chunk-512-sm-24.csv
facebook/opt-125m,512,attention,attention,24,3,55.424001067876816,30029312,30841344,812032,786432,1024,2026-04-15T13:52:48Z,baseline_nvml_pt,nvidia-smi,ok,0.0,35.0,1695.0,8001.0,63.18,3.889120101928711,32.13818359375,32.13818359375,3.5,True,,97.64999999999999,48.41,85.8,estimated,,prefill-facebook-opt-125m-chunk-512-sm-24,success,,,/mnt/data/dheeraj/dicertation/inference-profile/runs/revised-rerun-20260415-145100-g0-opt125m/raw/points/prefill/prefill-facebook-opt-125m-chunk-512-sm-24.csv
facebook/opt-125m,512,gemm,q_proj,24,4,68.41599941253662,30029312,30815744,786432,786432,1024,2026-04-15T13:52:48Z,baseline_nvml_pt,nvidia-smi,ok,0.0,35.0,1695.0,8001.0,63.18,3.889120101928711,32.13818359375,32.13818359375,3.5,True,,97.64999999999999,48.41,85.8,estimated,,prefill-facebook-opt-125m-chunk-512-sm-24,success,,,/mnt/data/dheeraj/dicertation/inference-profile/runs/revised-rerun-20260415-145100-g0-opt125m/raw/points/prefill/prefill-facebook-opt-125m-chunk-512-sm-24.csv
facebook/opt-125m,512,gemm,k_proj,24,4,63.391998410224915,30029312,30815744,786432,786432,1024,2026-04-15T13:52:48Z,baseline_nvml_pt,nvidia-smi,ok,0.0,35.0,1695.0,8001.0,63.18,3.889120101928711,32.13818359375,32.13818359375,3.5,True,,97.64999999999999,48.41,85.8,estimated,,prefill-facebook-opt-125m-chunk-512-sm-24,success,,,/mnt/data/dheeraj/dicertation/inference-profile/runs/revised-rerun-20260415-145100-g0-opt125m/raw/points/prefill/prefill-facebook-opt-125m-chunk-512-sm-24.csv
facebook/opt-125m,512,gemm,v_proj,24,4,61.43999844789505,30029312,30815744,786432,786432,1024,2026-04-15T13:52:48Z,baseline_nvml_pt,nvidia-smi,ok,0.0,35.0,1695.0,8001.0,63.18,3.889120101928711,32.13818359375,32.13818359375,3.5,True,,97.64999999999999,48.41,85.8,estimated,,prefill-facebook-opt-125m-chunk-512-sm-24,success,,,/mnt/data/dheeraj/dicertation/inference-profile/runs/revised-rerun-20260415-145100-g0-opt125m/raw/points/prefill/prefill-facebook-opt-125m-chunk-512-sm-24.csv
facebook/opt-125m,512,gemm,out_proj,24,4,61.43999844789505,30029312,30815744,786432,786432,1024,2026-04-15T13:52:48Z,baseline_nvml_pt,nvidia-smi,ok,0.0,35.0,1695.0,8001.0,63.18,3.889120101928711,32.13818359375,32.13818359375,3.5,True,,97.64999999999999,48.41,85.8,estimated,,prefill-facebook-opt-125m-chunk-512-sm-24,success,,,/mnt/data/dheeraj/dicertation/inference-profile/runs/revised-rerun-20260415-145100-g0-opt125m/raw/points/prefill/prefill-facebook-opt-125m-chunk-512-sm-24.csv
facebook/opt-125m,512,gemm,fc1,24,4,103.64799946546555,30029312,33699328,3670016,3145728,1024,2026-04-15T13:52:48Z,baseline_nvml_pt,nvidia-smi,ok,0.0,35.0,1695.0,8001.0,63.18,3.889120101928711,32.13818359375,32.13818359375,3.5,True,,97.64999999999999,48.41,85.8,estimated,,prefill-facebook-opt-125m-chunk-512-sm-24,success,,,/mnt/data/dheeraj/dicertation/inference-profile/runs/revised-rerun-20260415-145100-g0-opt125m/raw/points/prefill/prefill-facebook-opt-125m-chunk-512-sm-24.csv
facebook/opt-125m,512,gemm,fc2,24,4,81.66400343179703,30029312,30815744,786432,786432,1024,2026-04-15T13:52:48Z,baseline_nvml_pt,nvidia-smi,ok,0.0,35.0,1695.0,8001.0,63.18,3.889120101928711,32.13818359375,32.13818359375,3.5,True,,97.64999999999999,48.41,85.8,estimated,,prefill-facebook-opt-125m-chunk-512-sm-24,success,,,/mnt/data/dheeraj/dicertation/inference-profile/runs/revised-rerun-20260415-145100-g0-opt125m/raw/points/prefill/prefill-facebook-opt-125m-chunk-512-sm-24.csv
facebook/opt-125m,512,attention,attention,24,4,56.543998420238495,30029312,30841344,812032,786432,1024,2026-04-15T13:52:48Z,baseline_nvml_pt,nvidia-smi,ok,0.0,35.0,1695.0,8001.0,63.18,3.889120101928711,32.13818359375,32.13818359375,3.5,True,,97.64999999999999,48.41,85.8,estimated,,prefill-facebook-opt-125m-chunk-512-sm-24,success,,,/mnt/data/dheeraj/dicertation/inference-profile/runs/revised-rerun-20260415-145100-g0-opt125m/raw/points/prefill/prefill-facebook-opt-125m-chunk-512-sm-24.csv
facebook/opt-125m,512,gemm,q_proj,32,0,83.80799740552902,30029312,30815744,786432,786432,1024,2026-04-15T13:52:53Z,baseline_nvml_pt,nvidia-smi,ok,0.0,35.0,1695.0,7601.0,63.18,3.708928108215332,32.13818359375,32.13818359375,3.5,True,,100.0,43.24,93.6,estimated,,prefill-facebook-opt-125m-chunk-512-sm-32,success,,,/mnt/data/dheeraj/dicertation/inference-profile/runs/revised-rerun-20260415-145100-g0-opt125m/raw/points/prefill/prefill-facebook-opt-125m-chunk-512-sm-32.csv
facebook/opt-125m,512,gemm,k_proj,32,0,78.8159966468811,30029312,30815744,786432,786432,1024,2026-04-15T13:52:53Z,baseline_nvml_pt,nvidia-smi,ok,0.0,35.0,1695.0,7601.0,63.18,3.708928108215332,32.13818359375,32.13818359375,3.5,True,,100.0,43.24,93.6,estimated,,prefill-facebook-opt-125m-chunk-512-sm-32,success,,,/mnt/data/dheeraj/dicertation/inference-profile/runs/revised-rerun-20260415-145100-g0-opt125m/raw/points/prefill/prefill-facebook-opt-125m-chunk-512-sm-32.csv
facebook/opt-125m,512,gemm,v_proj,32,0,68.4799998998642,30029312,30815744,786432,786432,1024,2026-04-15T13:52:53Z,baseline_nvml_pt,nvidia-smi,ok,0.0,35.0,1695.0,7601.0,63.18,3.708928108215332,32.13818359375,32.13818359375,3.5,True,,100.0,43.24,93.6,estimated,,prefill-facebook-opt-125m-chunk-512-sm-32,success,,,/mnt/data/dheeraj/dicertation/inference-profile/runs/revised-rerun-20260415-145100-g0-opt125m/raw/points/prefill/prefill-facebook-opt-125m-chunk-512-sm-32.csv
facebook/opt-125m,512,gemm,out_proj,32,0,3460.9599113464355,30029312,30815744,786432,786432,1024,2026-04-15T13:52:53Z,baseline_nvml_pt,nvidia-smi,ok,0.0,35.0,1695.0,7601.0,63.18,3.708928108215332,32.13818359375,32.13818359375,3.5,True,,100.0,43.24,93.6,estimated,,prefill-facebook-opt-125m-chunk-512-sm-32,success,,,/mnt/data/dheeraj/dicertation/inference-profile/runs/revised-rerun-20260415-145100-g0-opt125m/raw/points/prefill/prefill-facebook-opt-125m-chunk-512-sm-32.csv
facebook/opt-125m,512,gemm,fc1,32,0,111.61600053310394,30029312,33699328,3670016,3145728,1024,2026-04-15T13:52:53Z,baseline_nvml_pt,nvidia-smi,ok,0.0,35.0,1695.0,7601.0,63.18,3.708928108215332,32.13818359375,32.13818359375,3.5,True,,100.0,43.24,93.6,estimated,,prefill-facebook-opt-125m-chunk-512-sm-32,success,,,/mnt/data/dheeraj/dicertation/inference-profile/runs/revised-rerun-20260415-145100-g0-opt125m/raw/points/prefill/prefill-facebook-opt-125m-chunk-512-sm-32.csv
facebook/opt-125m,512,gemm,fc2,32,0,87.0399996638298,30029312,30815744,786432,786432,1024,2026-04-15T13:52:53Z,baseline_nvml_pt,nvidia-smi,ok,0.0,35.0,1695.0,7601.0,63.18,3.708928108215332,32.13818359375,32.13818359375,3.5,True,,100.0,43.24,93.6,estimated,,prefill-facebook-opt-125m-chunk-512-sm-32,success,,,/mnt/data/dheeraj/dicertation/inference-profile/runs/revised-rerun-20260415-145100-g0-opt125m/raw/points/prefill/prefill-facebook-opt-125m-chunk-512-sm-32.csv
facebook/opt-125m,512,attention,attention,32,0,61.43999844789505,30029312,30841344,812032,786432,1024,2026-04-15T13:52:53Z,baseline_nvml_pt,nvidia-smi,ok,0.0,35.0,1695.0,7601.0,63.18,3.708928108215332,32.13818359375,32.13818359375,3.5,True,,100.0,43.24,93.6,estimated,,prefill-facebook-opt-125m-chunk-512-sm-32,success,,,/mnt/data/dheeraj/dicertation/inference-profile/runs/revised-rerun-20260415-145100-g0-opt125m/raw/points/prefill/prefill-facebook-opt-125m-chunk-512-sm-32.csv
facebook/opt-125m,512,gemm,q_proj,32,1,68.60800087451935,30029312,30815744,786432,786432,1024,2026-04-15T13:52:53Z,baseline_nvml_pt,nvidia-smi,ok,0.0,35.0,1695.0,7601.0,63.18,3.708928108215332,32.13818359375,32.13818359375,3.5,True,,100.0,43.24,93.6,estimated,,prefill-facebook-opt-125m-chunk-512-sm-32,success,,,/mnt/data/dheeraj/dicertation/inference-profile/runs/revised-rerun-20260415-145100-g0-opt125m/raw/points/prefill/prefill-facebook-opt-125m-chunk-512-sm-32.csv
facebook/opt-125m,512,gemm,k_proj,32,1,65.5359998345375,30029312,30815744,786432,786432,1024,2026-04-15T13:52:53Z,baseline_nvml_pt,nvidia-smi,ok,0.0,35.0,1695.0,7601.0,63.18,3.708928108215332,32.13818359375,32.13818359375,3.5,True,,100.0,43.24,93.6,estimated,,prefill-facebook-opt-125m-chunk-512-sm-32,success,,,/mnt/data/dheeraj/dicertation/inference-profile/runs/revised-rerun-20260415-145100-g0-opt125m/raw/points/prefill/prefill-facebook-opt-125m-chunk-512-sm-32.csv
facebook/opt-125m,512,gemm,v_proj,32,1,62.463998794555664,30029312,30815744,786432,786432,1024,2026-04-15T13:52:53Z,baseline_nvml_pt,nvidia-smi,ok,0.0,35.0,1695.0,7601.0,63.18,3.708928108215332,32.13818359375,32.13818359375,3.5,True,,100.0,43.24,93.6,estimated,,prefill-facebook-opt-125m-chunk-512-sm-32,success,,,/mnt/data/dheeraj/dicertation/inference-profile/runs/revised-rerun-20260415-145100-g0-opt125m/raw/points/prefill/prefill-facebook-opt-125m-chunk-512-sm-32.csv
facebook/opt-125m,512,gemm,out_proj,32,1,62.463998794555664,30029312,30815744,786432,786432,1024,2026-04-15T13:52:53Z,baseline_nvml_pt,nvidia-smi,ok,0.0,35.0,1695.0,7601.0,63.18,3.708928108215332,32.13818359375,32.13818359375,3.5,True,,100.0,43.24,93.6,estimated,,prefill-facebook-opt-125m-chunk-512-sm-32,success,,,/mnt/data/dheeraj/dicertation/inference-profile/runs/revised-rerun-20260415-145100-g0-opt125m/raw/points/prefill/prefill-facebook-opt-125m-chunk-512-sm-32.csv
facebook/opt-125m,512,gemm,fc1,32,1,105.43999820947647,30029312,33699328,3670016,3145728,1024,2026-04-15T13:52:53Z,baseline_nvml_pt,nvidia-smi,ok,0.0,35.0,1695.0,7601.0,63.18,3.708928108215332,32.13818359375,32.13818359375,3.5,True,,100.0,43.24,93.6,estimated,,prefill-facebook-opt-125m-chunk-512-sm-32,success,,,/mnt/data/dheeraj/dicertation/inference-profile/runs/revised-rerun-20260415-145100-g0-opt125m/raw/points/prefill/prefill-facebook-opt-125m-chunk-512-sm-32.csv
facebook/opt-125m,512,gemm,fc2,32,1,84.86399799585342,30029312,30815744,786432,786432,1024,2026-04-15T13:52:53Z,baseline_nvml_pt,nvidia-smi,ok,0.0,35.0,1695.0,7601.0,63.18,3.708928108215332,32.13818359375,32.13818359375,3.5,True,,100.0,43.24,93.6,estimated,,prefill-facebook-opt-125m-chunk-512-sm-32,success,,,/mnt/data/dheeraj/dicertation/inference-profile/runs/revised-rerun-20260415-145100-g0-opt125m/raw/points/prefill/prefill-facebook-opt-125m-chunk-512-sm-32.csv
facebook/opt-125m,512,attention,attention,32,1,58.400001376867294,30029312,30841344,812032,786432,1024,2026-04-15T13:52:53Z,baseline_nvml_pt,nvidia-smi,ok,0.0,35.0,1695.0,7601.0,63.18,3.708928108215332,32.13818359375,32.13818359375,3.5,True,,100.0,43.24,93.6,estimated,,prefill-facebook-opt-125m-chunk-512-sm-32,success,,,/mnt/data/dheeraj/dicertation/inference-profile/runs/revised-rerun-20260415-145100-g0-opt125m/raw/points/prefill/prefill-facebook-opt-125m-chunk-512-sm-32.csv
facebook/opt-125m,512,gemm,q_proj,32,2,3700.7360458374023,30029312,30815744,786432,786432,1024,2026-04-15T13:52:53Z,baseline_nvml_pt,nvidia-smi,ok,0.0,35.0,1695.0,7601.0,63.18,3.708928108215332,32.13818359375,32.13818359375,3.5,True,,100.0,43.24,93.6,estimated,,prefill-facebook-opt-125m-chunk-512-sm-32,success,,,/mnt/data/dheeraj/dicertation/inference-profile/runs/revised-rerun-20260415-145100-g0-opt125m/raw/points/prefill/prefill-facebook-opt-125m-chunk-512-sm-32.csv
facebook/opt-125m,512,gemm,k_proj,32,2,72.7040022611618,30029312,30815744,786432,786432,1024,2026-04-15T13:52:53Z,baseline_nvml_pt,nvidia-smi,ok,0.0,35.0,1695.0,7601.0,63.18,3.708928108215332,32.13818359375,32.13818359375,3.5,True,,100.0,43.24,93.6,estimated,,prefill-facebook-opt-125m-chunk-512-sm-32,success,,,/mnt/data/dheeraj/dicertation/inference-profile/runs/revised-rerun-20260415-145100-g0-opt125m/raw/points/prefill/prefill-facebook-opt-125m-chunk-512-sm-32.csv
facebook/opt-125m,512,gemm,v_proj,32,2,64.51199948787689,30029312,30815744,786432,786432,1024,2026-04-15T13:52:53Z,baseline_nvml_pt,nvidia-smi,ok,0.0,35.0,1695.0,7601.0,63.18,3.708928108215332,32.13818359375,32.13818359375,3.5,True,,100.0,43.24,93.6,estimated,,prefill-facebook-opt-125m-chunk-512-sm-32,success,,,/mnt/data/dheeraj/dicertation/inference-profile/runs/revised-rerun-20260415-145100-g0-opt125m/raw/points/prefill/prefill-facebook-opt-125m-chunk-512-sm-32.csv
facebook/opt-125m,512,gemm,out_proj,32,2,61.43999844789505,30029312,30815744,786432,786432,1024,2026-04-15T13:52:53Z,baseline_nvml_pt,nvidia-smi,ok,0.0,35.0,1695.0,7601.0,63.18,3.708928108215332,32.13818359375,32.13818359375,3.5,True,,100.0,43.24,93.6,estimated,,prefill-facebook-opt-125m-chunk-512-sm-32,success,,,/mnt/data/dheeraj/dicertation/inference-profile/runs/revised-rerun-20260415-145100-g0-opt125m/raw/points/prefill/prefill-facebook-opt-125m-chunk-512-sm-32.csv
facebook/opt-125m,512,gemm,fc1,32,2,107.51999914646149,30029312,33699328,3670016,3145728,1024,2026-04-15T13:52:53Z,baseline_nvml_pt,nvidia-smi,ok,0.0,35.0,1695.0,7601.0,63.18,3.708928108215332,32.13818359375,32.13818359375,3.5,True,,100.0,43.24,93.6,estimated,,prefill-facebook-opt-125m-chunk-512-sm-32,success,,,/mnt/data/dheeraj/dicertation/inference-profile/runs/revised-rerun-20260415-145100-g0-opt125m/raw/points/prefill/prefill-facebook-opt-125m-chunk-512-sm-32.csv
facebook/opt-125m,512,gemm,fc2,32,2,81.91999793052673,30029312,30815744,786432,786432,1024,2026-04-15T13:52:53Z,baseline_nvml_pt,nvidia-smi,ok,0.0,35.0,1695.0,7601.0,63.18,3.708928108215332,32.13818359375,32.13818359375,3.5,True,,100.0,43.24,93.6,estimated,,prefill-facebook-opt-125m-chunk-512-sm-32,success,,,/mnt/data/dheeraj/dicertation/inference-profile/runs/revised-rerun-20260415-145100-g0-opt125m/raw/points/prefill/prefill-facebook-opt-125m-chunk-512-sm-32.csv
facebook/opt-125m,512,attention,attention,32,2,57.34400078654289,30029312,30841344,812032,786432,1024,2026-04-15T13:52:53Z,baseline_nvml_pt,nvidia-smi,ok,0.0,35.0,1695.0,7601.0,63.18,3.708928108215332,32.13818359375,32.13818359375,3.5,True,,100.0,43.24,93.6,estimated,,prefill-facebook-opt-125m-chunk-512-sm-32,success,,,/mnt/data/dheeraj/dicertation/inference-profile/runs/revised-rerun-20260415-145100-g0-opt125m/raw/points/prefill/prefill-facebook-opt-125m-chunk-512-sm-32.csv
facebook/opt-125m,512,gemm,q_proj,32,3,72.48000055551529,30029312,30815744,786432,786432,1024,2026-04-15T13:52:53Z,baseline_nvml_pt,nvidia-smi,ok,0.0,35.0,1695.0,7601.0,63.18,3.708928108215332,32.13818359375,32.13818359375,3.5,True,,100.0,43.24,93.6,estimated,,prefill-facebook-opt-125m-chunk-512-sm-32,success,,,/mnt/data/dheeraj/dicertation/inference-profile/runs/revised-rerun-20260415-145100-g0-opt125m/raw/points/prefill/prefill-facebook-opt-125m-chunk-512-sm-32.csv
facebook/opt-125m,512,gemm,k_proj,32,3,63.26399743556976,30029312,30815744,786432,786432,1024,2026-04-15T13:52:53Z,baseline_nvml_pt,nvidia-smi,ok,0.0,35.0,1695.0,7601.0,63.18,3.708928108215332,32.13818359375,32.13818359375,3.5,True,,100.0,43.24,93.6,estimated,,prefill-facebook-opt-125m-chunk-512-sm-32,success,,,/mnt/data/dheeraj/dicertation/inference-profile/runs/revised-rerun-20260415-145100-g0-opt125m/raw/points/prefill/prefill-facebook-opt-125m-chunk-512-sm-32.csv
facebook/opt-125m,512,gemm,v_proj,32,3,63.48799914121628,30029312,30815744,786432,786432,1024,2026-04-15T13:52:53Z,baseline_nvml_pt,nvidia-smi,ok,0.0,35.0,1695.0,7601.0,63.18,3.708928108215332,32.13818359375,32.13818359375,3.5,True,,100.0,43.24,93.6,estimated,,prefill-facebook-opt-125m-chunk-512-sm-32,success,,,/mnt/data/dheeraj/dicertation/inference-profile/runs/revised-rerun-20260415-145100-g0-opt125m/raw/points/prefill/prefill-facebook-opt-125m-chunk-512-sm-32.csv
facebook/opt-125m,512,gemm,out_proj,32,3,61.216000467538834,30029312,30815744,786432,786432,1024,2026-04-15T13:52:53Z,baseline_nvml_pt,nvidia-smi,ok,0.0,35.0,1695.0,7601.0,63.18,3.708928108215332,32.13818359375,32.13818359375,3.5,True,,100.0,43.24,93.6,estimated,,prefill-facebook-opt-125m-chunk-512-sm-32,success,,,/mnt/data/dheeraj/dicertation/inference-profile/runs/revised-rerun-20260415-145100-g0-opt125m/raw/points/prefill/prefill-facebook-opt-125m-chunk-512-sm-32.csv
facebook/opt-125m,512,gemm,fc1,32,3,107.26399719715118,30029312,33699328,3670016,3145728,1024,2026-04-15T13:52:53Z,baseline_nvml_pt,nvidia-smi,ok,0.0,35.0,1695.0,7601.0,63.18,3.708928108215332,32.13818359375,32.13818359375,3.5,True,,100.0,43.24,93.6,estimated,,prefill-facebook-opt-125m-chunk-512-sm-32,success,,,/mnt/data/dheeraj/dicertation/inference-profile/runs/revised-rerun-20260415-145100-g0-opt125m/raw/points/prefill/prefill-facebook-opt-125m-chunk-512-sm-32.csv
facebook/opt-125m,512,gemm,fc2,32,3,82.94399827718735,30029312,30815744,786432,786432,1024,2026-04-15T13:52:53Z,baseline_nvml_pt,nvidia-smi,ok,0.0,35.0,1695.0,7601.0,63.18,3.708928108215332,32.13818359375,32.13818359375,3.5,True,,100.0,43.24,93.6,estimated,,prefill-facebook-opt-125m-chunk-512-sm-32,success,,,/mnt/data/dheeraj/dicertation/inference-profile/runs/revised-rerun-20260415-145100-g0-opt125m/raw/points/prefill/prefill-facebook-opt-125m-chunk-512-sm-32.csv
facebook/opt-125m,512,attention,attention,32,3,57.53599852323532,30029312,30841344,812032,786432,1024,2026-04-15T13:52:53Z,baseline_nvml_pt,nvidia-smi,ok,0.0,35.0,1695.0,7601.0,63.18,3.708928108215332,32.13818359375,32.13818359375,3.5,True,,100.0,43.24,93.6,estimated,,prefill-facebook-opt-125m-chunk-512-sm-32,success,,,/mnt/data/dheeraj/dicertation/inference-profile/runs/revised-rerun-20260415-145100-g0-opt125m/raw/points/prefill/prefill-facebook-opt-125m-chunk-512-sm-32.csv
facebook/opt-125m,512,gemm,q_proj,32,4,63.48799914121628,30029312,30815744,786432,786432,1024,2026-04-15T13:52:53Z,baseline_nvml_pt,nvidia-smi,ok,0.0,35.0,1695.0,7601.0,63.18,3.708928108215332,32.13818359375,32.13818359375,3.5,True,,100.0,43.24,93.6,estimated,,prefill-facebook-opt-125m-chunk-512-sm-32,success,,,/mnt/data/dheeraj/dicertation/inference-profile/runs/revised-rerun-20260415-145100-g0-opt125m/raw/points/prefill/prefill-facebook-opt-125m-chunk-512-sm-32.csv
facebook/opt-125m,512,gemm,k_proj,32,4,62.49599903821945,30029312,30815744,786432,786432,1024,2026-04-15T13:52:53Z,baseline_nvml_pt,nvidia-smi,ok,0.0,35.0,1695.0,7601.0,63.18,3.708928108215332,32.13818359375,32.13818359375,3.5,True,,100.0,43.24,93.6,estimated,,prefill-facebook-opt-125m-chunk-512-sm-32,success,,,/mnt/data/dheeraj/dicertation/inference-profile/runs/revised-rerun-20260415-145100-g0-opt125m/raw/points/prefill/prefill-facebook-opt-125m-chunk-512-sm-32.csv
facebook/opt-125m,512,gemm,v_proj,32,4,60.416001826524734,30029312,30815744,786432,786432,1024,2026-04-15T13:52:53Z,baseline_nvml_pt,nvidia-smi,ok,0.0,35.0,1695.0,7601.0,63.18,3.708928108215332,32.13818359375,32.13818359375,3.5,True,,100.0,43.24,93.6,estimated,,prefill-facebook-opt-125m-chunk-512-sm-32,success,,,/mnt/data/dheeraj/dicertation/inference-profile/runs/revised-rerun-20260415-145100-g0-opt125m/raw/points/prefill/prefill-facebook-opt-125m-chunk-512-sm-32.csv
facebook/opt-125m,512,gemm,out_proj,32,4,58.36800113320351,30029312,30815744,786432,786432,1024,2026-04-15T13:52:53Z,baseline_nvml_pt,nvidia-smi,ok,0.0,35.0,1695.0,7601.0,63.18,3.708928108215332,32.13818359375,32.13818359375,3.5,True,,100.0,43.24,93.6,estimated,,prefill-facebook-opt-125m-chunk-512-sm-32,success,,,/mnt/data/dheeraj/dicertation/inference-profile/runs/revised-rerun-20260415-145100-g0-opt125m/raw/points/prefill/prefill-facebook-opt-125m-chunk-512-sm-32.csv
facebook/opt-125m,512,gemm,fc1,32,4,3708.928108215332,30029312,33699328,3670016,3145728,1024,2026-04-15T13:52:53Z,baseline_nvml_pt,nvidia-smi,ok,0.0,35.0,1695.0,7601.0,63.18,3.708928108215332,32.13818359375,32.13818359375,3.5,True,,100.0,43.24,93.6,estimated,,prefill-facebook-opt-125m-chunk-512-sm-32,success,,,/mnt/data/dheeraj/dicertation/inference-profile/runs/revised-rerun-20260415-145100-g0-opt125m/raw/points/prefill/prefill-facebook-opt-125m-chunk-512-sm-32.csv
facebook/opt-125m,512,gemm,fc2,32,4,82.94399827718735,30029312,30815744,786432,786432,1024,2026-04-15T13:52:53Z,baseline_nvml_pt,nvidia-smi,ok,0.0,35.0,1695.0,7601.0,63.18,3.708928108215332,32.13818359375,32.13818359375,3.5,True,,100.0,43.24,93.6,estimated,,prefill-facebook-opt-125m-chunk-512-sm-32,success,,,/mnt/data/dheeraj/dicertation/inference-profile/runs/revised-rerun-20260415-145100-g0-opt125m/raw/points/prefill/prefill-facebook-opt-125m-chunk-512-sm-32.csv
facebook/opt-125m,512,attention,attention,32,4,57.34400078654289,30029312,30841344,812032,786432,1024,2026-04-15T13:52:53Z,baseline_nvml_pt,nvidia-smi,ok,0.0,35.0,1695.0,7601.0,63.18,3.708928108215332,32.13818359375,32.13818359375,3.5,True,,100.0,43.24,93.6,estimated,,prefill-facebook-opt-125m-chunk-512-sm-32,success,,,/mnt/data/dheeraj/dicertation/inference-profile/runs/revised-rerun-20260415-145100-g0-opt125m/raw/points/prefill/prefill-facebook-opt-125m-chunk-512-sm-32.csv
facebook/opt-125m,1024,gemm,q_proj,8,0,88.06400001049042,36845056,38417920,1572864,1572864,1024,2026-04-15T13:52:58Z,baseline_nvml_pt,nvidia-smi,ok,6.0,35.0,1695.0,8001.0,63.8,0.12185599654912949,41.13818359375,41.13818359375,6.0,True,,86.9,55.00000000000001,72.89999999999999,estimated,,prefill-facebook-opt-125m-chunk-1024-sm-8,success,,,/mnt/data/dheeraj/dicertation/inference-profile/runs/revised-rerun-20260415-145100-g0-opt125m/raw/points/prefill/prefill-facebook-opt-125m-chunk-1024-sm-8.csv
facebook/opt-125m,1024,gemm,k_proj,8,0,84.99199897050858,36845056,38417920,1572864,1572864,1024,2026-04-15T13:52:58Z,baseline_nvml_pt,nvidia-smi,ok,6.0,35.0,1695.0,8001.0,63.8,0.12185599654912949,41.13818359375,41.13818359375,6.0,True,,86.9,55.00000000000001,72.89999999999999,estimated,,prefill-facebook-opt-125m-chunk-1024-sm-8,success,,,/mnt/data/dheeraj/dicertation/inference-profile/runs/revised-rerun-20260415-145100-g0-opt125m/raw/points/prefill/prefill-facebook-opt-125m-chunk-1024-sm-8.csv
facebook/opt-125m,1024,gemm,v_proj,8,0,72.4480003118515,36845056,38417920,1572864,1572864,1024,2026-04-15T13:52:58Z,baseline_nvml_pt,nvidia-smi,ok,6.0,35.0,1695.0,8001.0,63.8,0.12185599654912949,41.13818359375,41.13818359375,6.0,True,,86.9,55.00000000000001,72.89999999999999,estimated,,prefill-facebook-opt-125m-chunk-1024-sm-8,success,,,/mnt/data/dheeraj/dicertation/inference-profile/runs/revised-rerun-20260415-145100-g0-opt125m/raw/points/prefill/prefill-facebook-opt-125m-chunk-1024-sm-8.csv
facebook/opt-125m,1024,gemm,out_proj,8,0,80.89599758386612,36845056,38417920,1572864,1572864,1024,2026-04-15T13:52:58Z,baseline_nvml_pt,nvidia-smi,ok,6.0,35.0,1695.0,8001.0,63.8,0.12185599654912949,41.13818359375,41.13818359375,6.0,True,,86.9,55.00000000000001,72.89999999999999,estimated,,prefill-facebook-opt-125m-chunk-1024-sm-8,success,,,/mnt/data/dheeraj/dicertation/inference-profile/runs/revised-rerun-20260415-145100-g0-opt125m/raw/points/prefill/prefill-facebook-opt-125m-chunk-1024-sm-8.csv
facebook/opt-125m,1024,gemm,fc1,8,0,121.85599654912949,36845056,43136512,6291456,6291456,1024,2026-04-15T13:52:58Z,baseline_nvml_pt,nvidia-smi,ok,6.0,35.0,1695.0,8001.0,63.8,0.12185599654912949,41.13818359375,41.13818359375,6.0,True,,86.9,55.00000000000001,72.89999999999999,estimated,,prefill-facebook-opt-125m-chunk-1024-sm-8,success,,,/mnt/data/dheeraj/dicertation/inference-profile/runs/revised-rerun-20260415-145100-g0-opt125m/raw/points/prefill/prefill-facebook-opt-125m-chunk-1024-sm-8.csv
facebook/opt-125m,1024,gemm,fc2,8,0,111.61600053310394,36845056,38417920,1572864,1572864,1024,2026-04-15T13:52:58Z,baseline_nvml_pt,nvidia-smi,ok,6.0,35.0,1695.0,8001.0,63.8,0.12185599654912949,41.13818359375,41.13818359375,6.0,True,,86.9,55.00000000000001,72.89999999999999,estimated,,prefill-facebook-opt-125m-chunk-1024-sm-8,success,,,/mnt/data/dheeraj/dicertation/inference-profile/runs/revised-rerun-20260415-145100-g0-opt125m/raw/points/prefill/prefill-facebook-opt-125m-chunk-1024-sm-8.csv
facebook/opt-125m,1024,attention,attention,8,0,97.28000313043594,36845056,38468096,1623040,1572864,1024,2026-04-15T13:52:58Z,baseline_nvml_pt,nvidia-smi,ok,6.0,35.0,1695.0,8001.0,63.8,0.12185599654912949,41.13818359375,41.13818359375,6.0,True,,86.9,55.00000000000001,72.89999999999999,estimated,,prefill-facebook-opt-125m-chunk-1024-sm-8,success,,,/mnt/data/dheeraj/dicertation/inference-profile/runs/revised-rerun-20260415-145100-g0-opt125m/raw/points/prefill/prefill-facebook-opt-125m-chunk-1024-sm-8.csv
facebook/opt-125m,1024,gemm,q_proj,8,1,72.7040022611618,36845056,38417920,1572864,1572864,1024,2026-04-15T13:52:58Z,baseline_nvml_pt,nvidia-smi,ok,6.0,35.0,1695.0,8001.0,63.8,0.12185599654912949,41.13818359375,41.13818359375,6.0,True,,86.9,55.00000000000001,72.89999999999999,estimated,,prefill-facebook-opt-125m-chunk-1024-sm-8,success,,,/mnt/data/dheeraj/dicertation/inference-profile/runs/revised-rerun-20260415-145100-g0-opt125m/raw/points/prefill/prefill-facebook-opt-125m-chunk-1024-sm-8.csv
facebook/opt-125m,1024,gemm,k_proj,8,1,70.65600156784058,36845056,38417920,1572864,1572864,1024,2026-04-15T13:52:58Z,baseline_nvml_pt,nvidia-smi,ok,6.0,35.0,1695.0,8001.0,63.8,0.12185599654912949,41.13818359375,41.13818359375,6.0,True,,86.9,55.00000000000001,72.89999999999999,estimated,,prefill-facebook-opt-125m-chunk-1024-sm-8,success,,,/mnt/data/dheeraj/dicertation/inference-profile/runs/revised-rerun-20260415-145100-g0-opt125m/raw/points/prefill/prefill-facebook-opt-125m-chunk-1024-sm-8.csv
facebook/opt-125m,1024,gemm,v_proj,8,1,66.46399945020676,36845056,38417920,1572864,1572864,1024,2026-04-15T13:52:58Z,baseline_nvml_pt,nvidia-smi,ok,6.0,35.0,1695.0,8001.0,63.8,0.12185599654912949,41.13818359375,41.13818359375,6.0,True,,86.9,55.00000000000001,72.89999999999999,estimated,,prefill-facebook-opt-125m-chunk-1024-sm-8,success,,,/mnt/data/dheeraj/dicertation/inference-profile/runs/revised-rerun-20260415-145100-g0-opt125m/raw/points/prefill/prefill-facebook-opt-125m-chunk-1024-sm-8.csv
facebook/opt-125m,1024,gemm,out_proj,8,1,65.5359998345375,36845056,38417920,1572864,1572864,1024,2026-04-15T13:52:58Z,baseline_nvml_pt,nvidia-smi,ok,6.0,35.0,1695.0,8001.0,63.8,0.12185599654912949,41.13818359375,41.13818359375,6.0,True,,86.9,55.00000000000001,72.89999999999999,estimated,,prefill-facebook-opt-125m-chunk-1024-sm-8,success,,,/mnt/data/dheeraj/dicertation/inference-profile/runs/revised-rerun-20260415-145100-g0-opt125m/raw/points/prefill/prefill-facebook-opt-125m-chunk-1024-sm-8.csv
facebook/opt-125m,1024,gemm,fc1,8,1,119.77600306272507,36845056,43136512,6291456,6291456,1024,2026-04-15T13:52:58Z,baseline_nvml_pt,nvidia-smi,ok,6.0,35.0,1695.0,8001.0,63.8,0.12185599654912949,41.13818359375,41.13818359375,6.0,True,,86.9,55.00000000000001,72.89999999999999,estimated,,prefill-facebook-opt-125m-chunk-1024-sm-8,success,,,/mnt/data/dheeraj/dicertation/inference-profile/runs/revised-rerun-20260415-145100-g0-opt125m/raw/points/prefill/prefill-facebook-opt-125m-chunk-1024-sm-8.csv
facebook/opt-125m,1024,gemm,fc2,8,1,113.72800171375275,36845056,38417920,1572864,1572864,1024,2026-04-15T13:52:58Z,baseline_nvml_pt,nvidia-smi,ok,6.0,35.0,1695.0,8001.0,63.8,0.12185599654912949,41.13818359375,41.13818359375,6.0,True,,86.9,55.00000000000001,72.89999999999999,estimated,,prefill-facebook-opt-125m-chunk-1024-sm-8,success,,,/mnt/data/dheeraj/dicertation/inference-profile/runs/revised-rerun-20260415-145100-g0-opt125m/raw/points/prefill/prefill-facebook-opt-125m-chunk-1024-sm-8.csv
facebook/opt-125m,1024,attention,attention,8,1,94.2080020904541,36845056,38468096,1623040,1572864,1024,2026-04-15T13:52:58Z,baseline_nvml_pt,nvidia-smi,ok,6.0,35.0,1695.0,8001.0,63.8,0.12185599654912949,41.13818359375,41.13818359375,6.0,True,,86.9,55.00000000000001,72.89999999999999,estimated,,prefill-facebook-opt-125m-chunk-1024-sm-8,success,,,/mnt/data/dheeraj/dicertation/inference-profile/runs/revised-rerun-20260415-145100-g0-opt125m/raw/points/prefill/prefill-facebook-opt-125m-chunk-1024-sm-8.csv
facebook/opt-125m,1024,gemm,q_proj,8,2,71.42399996519089,36845056,38417920,1572864,1572864,1024,2026-04-15T13:52:58Z,baseline_nvml_pt,nvidia-smi,ok,6.0,35.0,1695.0,8001.0,63.8,0.12185599654912949,41.13818359375,41.13818359375,6.0,True,,86.9,55.00000000000001,72.89999999999999,estimated,,prefill-facebook-opt-125m-chunk-1024-sm-8,success,,,/mnt/data/dheeraj/dicertation/inference-profile/runs/revised-rerun-20260415-145100-g0-opt125m/raw/points/prefill/prefill-facebook-opt-125m-chunk-1024-sm-8.csv
facebook/opt-125m,1024,gemm,k_proj,8,2,74.91199672222137,36845056,38417920,1572864,1572864,1024,2026-04-15T13:52:58Z,baseline_nvml_pt,nvidia-smi,ok,6.0,35.0,1695.0,8001.0,63.8,0.12185599654912949,41.13818359375,41.13818359375,6.0,True,,86.9,55.00000000000001,72.89999999999999,estimated,,prefill-facebook-opt-125m-chunk-1024-sm-8,success,,,/mnt/data/dheeraj/dicertation/inference-profile/runs/revised-rerun-20260415-145100-g0-opt125m/raw/points/prefill/prefill-facebook-opt-125m-chunk-1024-sm-8.csv
facebook/opt-125m,1024,gemm,v_proj,8,2,67.58400052785873,36845056,38417920,1572864,1572864,1024,2026-04-15T13:52:58Z,baseline_nvml_pt,nvidia-smi,ok,6.0,35.0,1695.0,8001.0,63.8,0.12185599654912949,41.13818359375,41.13818359375,6.0,True,,86.9,55.00000000000001,72.89999999999999,estimated,,prefill-facebook-opt-125m-chunk-1024-sm-8,success,,,/mnt/data/dheeraj/dicertation/inference-profile/runs/revised-rerun-20260415-145100-g0-opt125m/raw/points/prefill/prefill-facebook-opt-125m-chunk-1024-sm-8.csv
facebook/opt-125m,1024,gemm,out_proj,8,2,70.81600278615952,36845056,38417920,1572864,1572864,1024,2026-04-15T13:52:58Z,baseline_nvml_pt,nvidia-smi,ok,6.0,35.0,1695.0,8001.0,63.8,0.12185599654912949,41.13818359375,41.13818359375,6.0,True,,86.9,55.00000000000001,72.89999999999999,estimated,,prefill-facebook-opt-125m-chunk-1024-sm-8,success,,,/mnt/data/dheeraj/dicertation/inference-profile/runs/revised-rerun-20260415-145100-g0-opt125m/raw/points/prefill/prefill-facebook-opt-125m-chunk-1024-sm-8.csv
facebook/opt-125m,1024,gemm,fc1,8,2,119.80800330638885,36845056,43136512,6291456,6291456,1024,2026-04-15T13:52:58Z,baseline_nvml_pt,nvidia-smi,ok,6.0,35.0,1695.0,8001.0,63.8,0.12185599654912949,41.13818359375,41.13818359375,6.0,True,,86.9,55.00000000000001,72.89999999999999,estimated,,prefill-facebook-opt-125m-chunk-1024-sm-8,success,,,/mnt/data/dheeraj/dicertation/inference-profile/runs/revised-rerun-20260415-145100-g0-opt125m/raw/points/prefill/prefill-facebook-opt-125m-chunk-1024-sm-8.csv
facebook/opt-125m,1024,gemm,fc2,8,2,108.5439994931221,36845056,38417920,1572864,1572864,1024,2026-04-15T13:52:58Z,baseline_nvml_pt,nvidia-smi,ok,6.0,35.0,1695.0,8001.0,63.8,0.12185599654912949,41.13818359375,41.13818359375,6.0,True,,86.9,55.00000000000001,72.89999999999999,estimated,,prefill-facebook-opt-125m-chunk-1024-sm-8,success,,,/mnt/data/dheeraj/dicertation/inference-profile/runs/revised-rerun-20260415-145100-g0-opt125m/raw/points/prefill/prefill-facebook-opt-125m-chunk-1024-sm-8.csv
facebook/opt-125m,1024,attention,attention,8,2,96.25600278377533,36845056,38468096,1623040,1572864,1024,2026-04-15T13:52:58Z,baseline_nvml_pt,nvidia-smi,ok,6.0,35.0,1695.0,8001.0,63.8,0.12185599654912949,41.13818359375,41.13818359375,6.0,True,,86.9,55.00000000000001,72.89999999999999,estimated,,prefill-facebook-opt-125m-chunk-1024-sm-8,success,,,/mnt/data/dheeraj/dicertation/inference-profile/runs/revised-rerun-20260415-145100-g0-opt125m/raw/points/prefill/prefill-facebook-opt-125m-chunk-1024-sm-8.csv
facebook/opt-125m,1024,gemm,q_proj,8,3,67.80800223350525,36845056,38417920,1572864,1572864,1024,2026-04-15T13:52:58Z,baseline_nvml_pt,nvidia-smi,ok,6.0,35.0,1695.0,8001.0,63.8,0.12185599654912949,41.13818359375,41.13818359375,6.0,True,,86.9,55.00000000000001,72.89999999999999,estimated,,prefill-facebook-opt-125m-chunk-1024-sm-8,success,,,/mnt/data/dheeraj/dicertation/inference-profile/runs/revised-rerun-20260415-145100-g0-opt125m/raw/points/prefill/prefill-facebook-opt-125m-chunk-1024-sm-8.csv
facebook/opt-125m,1024,gemm,k_proj,8,3,65.66400080919266,36845056,38417920,1572864,1572864,1024,2026-04-15T13:52:58Z,baseline_nvml_pt,nvidia-smi,ok,6.0,35.0,1695.0,8001.0,63.8,0.12185599654912949,41.13818359375,41.13818359375,6.0,True,,86.9,55.00000000000001,72.89999999999999,estimated,,prefill-facebook-opt-125m-chunk-1024-sm-8,success,,,/mnt/data/dheeraj/dicertation/inference-profile/runs/revised-rerun-20260415-145100-g0-opt125m/raw/points/prefill/prefill-facebook-opt-125m-chunk-1024-sm-8.csv
facebook/opt-125m,1024,gemm,v_proj,8,3,67.58400052785873,36845056,38417920,1572864,1572864,1024,2026-04-15T13:52:58Z,baseline_nvml_pt,nvidia-smi,ok,6.0,35.0,1695.0,8001.0,63.8,0.12185599654912949,41.13818359375,41.13818359375,6.0,True,,86.9,55.00000000000001,72.89999999999999,estimated,,prefill-facebook-opt-125m-chunk-1024-sm-8,success,,,/mnt/data/dheeraj/dicertation/inference-profile/runs/revised-rerun-20260415-145100-g0-opt125m/raw/points/prefill/prefill-facebook-opt-125m-chunk-1024-sm-8.csv
facebook/opt-125m,1024,gemm,out_proj,8,3,65.79200178384781,36845056,38417920,1572864,1572864,1024,2026-04-15T13:52:58Z,baseline_nvml_pt,nvidia-smi,ok,6.0,35.0,1695.0,8001.0,63.8,0.12185599654912949,41.13818359375,41.13818359375,6.0,True,,86.9,55.00000000000001,72.89999999999999,estimated,,prefill-facebook-opt-125m-chunk-1024-sm-8,success,,,/mnt/data/dheeraj/dicertation/inference-profile/runs/revised-rerun-20260415-145100-g0-opt125m/raw/points/prefill/prefill-facebook-opt-125m-chunk-1024-sm-8.csv
facebook/opt-125m,1024,gemm,fc1,8,3,118.9119964838028,36845056,43136512,6291456,6291456,1024,2026-04-15T13:52:58Z,baseline_nvml_pt,nvidia-smi,ok,6.0,35.0,1695.0,8001.0,63.8,0.12185599654912949,41.13818359375,41.13818359375,6.0,True,,86.9,55.00000000000001,72.89999999999999,estimated,,prefill-facebook-opt-125m-chunk-1024-sm-8,success,,,/mnt/data/dheeraj/dicertation/inference-profile/runs/revised-rerun-20260415-145100-g0-opt125m/raw/points/prefill/prefill-facebook-opt-125m-chunk-1024-sm-8.csv
facebook/opt-125m,1024,gemm,fc2,8,3,112.64000087976456,36845056,38417920,1572864,1572864,1024,2026-04-15T13:52:58Z,baseline_nvml_pt,nvidia-smi,ok,6.0,35.0,1695.0,8001.0,63.8,0.12185599654912949,41.13818359375,41.13818359375,6.0,True,,86.9,55.00000000000001,72.89999999999999,estimated,,prefill-facebook-opt-125m-chunk-1024-sm-8,success,,,/mnt/data/dheeraj/dicertation/inference-profile/runs/revised-rerun-20260415-145100-g0-opt125m/raw/points/prefill/prefill-facebook-opt-125m-chunk-1024-sm-8.csv
facebook/opt-125m,1024,attention,attention,8,3,93.18400174379349,36845056,38468096,1623040,1572864,1024,2026-04-15T13:52:58Z,baseline_nvml_pt,nvidia-smi,ok,6.0,35.0,1695.0,8001.0,63.8,0.12185599654912949,41.13818359375,41.13818359375,6.0,True,,86.9,55.00000000000001,72.89999999999999,estimated,,prefill-facebook-opt-125m-chunk-1024-sm-8,success,,,/mnt/data/dheeraj/dicertation/inference-profile/runs/revised-rerun-20260415-145100-g0-opt125m/raw/points/prefill/prefill-facebook-opt-125m-chunk-1024-sm-8.csv
facebook/opt-125m,1024,gemm,q_proj,8,4,68.60800087451935,36845056,38417920,1572864,1572864,1024,2026-04-15T13:52:58Z,baseline_nvml_pt,nvidia-smi,ok,6.0,35.0,1695.0,8001.0,63.8,0.12185599654912949,41.13818359375,41.13818359375,6.0,True,,86.9,55.00000000000001,72.89999999999999,estimated,,prefill-facebook-opt-125m-chunk-1024-sm-8,success,,,/mnt/data/dheeraj/dicertation/inference-profile/runs/revised-rerun-20260415-145100-g0-opt125m/raw/points/prefill/prefill-facebook-opt-125m-chunk-1024-sm-8.csv
facebook/opt-125m,1024,gemm,k_proj,8,4,66.49599969387054,36845056,38417920,1572864,1572864,1024,2026-04-15T13:52:58Z,baseline_nvml_pt,nvidia-smi,ok,6.0,35.0,1695.0,8001.0,63.8,0.12185599654912949,41.13818359375,41.13818359375,6.0,True,,86.9,55.00000000000001,72.89999999999999,estimated,,prefill-facebook-opt-125m-chunk-1024-sm-8,success,,,/mnt/data/dheeraj/dicertation/inference-profile/runs/revised-rerun-20260415-145100-g0-opt125m/raw/points/prefill/prefill-facebook-opt-125m-chunk-1024-sm-8.csv
facebook/opt-125m,1024,gemm,v_proj,8,4,65.37599861621857,36845056,38417920,1572864,1572864,1024,2026-04-15T13:52:58Z,baseline_nvml_pt,nvidia-smi,ok,6.0,35.0,1695.0,8001.0,63.8,0.12185599654912949,41.13818359375,41.13818359375,6.0,True,,86.9,55.00000000000001,72.89999999999999,estimated,,prefill-facebook-opt-125m-chunk-1024-sm-8,success,,,/mnt/data/dheeraj/dicertation/inference-profile/runs/revised-rerun-20260415-145100-g0-opt125m/raw/points/prefill/prefill-facebook-opt-125m-chunk-1024-sm-8.csv
facebook/opt-125m,1024,gemm,out_proj,8,4,63.48799914121628,36845056,38417920,1572864,1572864,1024,2026-04-15T13:52:58Z,baseline_nvml_pt,nvidia-smi,ok,6.0,35.0,1695.0,8001.0,63.8,0.12185599654912949,41.13818359375,41.13818359375,6.0,True,,86.9,55.00000000000001,72.89999999999999,estimated,,prefill-facebook-opt-125m-chunk-1024-sm-8,success,,,/mnt/data/dheeraj/dicertation/inference-profile/runs/revised-rerun-20260415-145100-g0-opt125m/raw/points/prefill/prefill-facebook-opt-125m-chunk-1024-sm-8.csv
facebook/opt-125m,1024,gemm,fc1,8,4,117.76000261306763,36845056,43136512,6291456,6291456,1024,2026-04-15T13:52:58Z,baseline_nvml_pt,nvidia-smi,ok,6.0,35.0,1695.0,8001.0,63.8,0.12185599654912949,41.13818359375,41.13818359375,6.0,True,,86.9,55.00000000000001,72.89999999999999,estimated,,prefill-facebook-opt-125m-chunk-1024-sm-8,success,,,/mnt/data/dheeraj/dicertation/inference-profile/runs/revised-rerun-20260415-145100-g0-opt125m/raw/points/prefill/prefill-facebook-opt-125m-chunk-1024-sm-8.csv
facebook/opt-125m,1024,gemm,fc2,8,4,110.3999987244606,36845056,38417920,1572864,1572864,1024,2026-04-15T13:52:58Z,baseline_nvml_pt,nvidia-smi,ok,6.0,35.0,1695.0,8001.0,63.8,0.12185599654912949,41.13818359375,41.13818359375,6.0,True,,86.9,55.00000000000001,72.89999999999999,estimated,,prefill-facebook-opt-125m-chunk-1024-sm-8,success,,,/mnt/data/dheeraj/dicertation/inference-profile/runs/revised-rerun-20260415-145100-g0-opt125m/raw/points/prefill/prefill-facebook-opt-125m-chunk-1024-sm-8.csv
facebook/opt-125m,1024,attention,attention,8,4,93.18400174379349,36845056,38468096,1623040,1572864,1024,2026-04-15T13:52:58Z,baseline_nvml_pt,nvidia-smi,ok,6.0,35.0,1695.0,8001.0,63.8,0.12185599654912949,41.13818359375,41.13818359375,6.0,True,,86.9,55.00000000000001,72.89999999999999,estimated,,prefill-facebook-opt-125m-chunk-1024-sm-8,success,,,/mnt/data/dheeraj/dicertation/inference-profile/runs/revised-rerun-20260415-145100-g0-opt125m/raw/points/prefill/prefill-facebook-opt-125m-chunk-1024-sm-8.csv
facebook/opt-125m,1024,gemm,q_proj,16,0,85.21600067615509,36845056,38417920,1572864,1572864,1024,2026-04-15T13:53:05Z,baseline_nvml_pt,nvidia-smi,ok,0.0,35.0,1695.0,7601.0,63.22,3.1723520755767822,41.13818359375,41.13818359375,6.0,True,,94.60000000000001,50.160000000000004,81.0,estimated,,prefill-facebook-opt-125m-chunk-1024-sm-16,success,,,/mnt/data/dheeraj/dicertation/inference-profile/runs/revised-rerun-20260415-145100-g0-opt125m/raw/points/prefill/prefill-facebook-opt-125m-chunk-1024-sm-16.csv
facebook/opt-125m,1024,gemm,k_proj,16,0,82.04799890518188,36845056,38417920,1572864,1572864,1024,2026-04-15T13:53:05Z,baseline_nvml_pt,nvidia-smi,ok,0.0,35.0,1695.0,7601.0,63.22,3.1723520755767822,41.13818359375,41.13818359375,6.0,True,,94.60000000000001,50.160000000000004,81.0,estimated,,prefill-facebook-opt-125m-chunk-1024-sm-16,success,,,/mnt/data/dheeraj/dicertation/inference-profile/runs/revised-rerun-20260415-145100-g0-opt125m/raw/points/prefill/prefill-facebook-opt-125m-chunk-1024-sm-16.csv
facebook/opt-125m,1024,gemm,v_proj,16,0,70.68800181150436,36845056,38417920,1572864,1572864,1024,2026-04-15T13:53:05Z,baseline_nvml_pt,nvidia-smi,ok,0.0,35.0,1695.0,7601.0,63.22,3.1723520755767822,41.13818359375,41.13818359375,6.0,True,,94.60000000000001,50.160000000000004,81.0,estimated,,prefill-facebook-opt-125m-chunk-1024-sm-16,success,,,/mnt/data/dheeraj/dicertation/inference-profile/runs/revised-rerun-20260415-145100-g0-opt125m/raw/points/prefill/prefill-facebook-opt-125m-chunk-1024-sm-16.csv
facebook/opt-125m,1024,gemm,out_proj,16,0,78.84799689054489,36845056,38417920,1572864,1572864,1024,2026-04-15T13:53:05Z,baseline_nvml_pt,nvidia-smi,ok,0.0,35.0,1695.0,7601.0,63.22,3.1723520755767822,41.13818359375,41.13818359375,6.0,True,,94.60000000000001,50.160000000000004,81.0,estimated,,prefill-facebook-opt-125m-chunk-1024-sm-16,success,,,/mnt/data/dheeraj/dicertation/inference-profile/runs/revised-rerun-20260415-145100-g0-opt125m/raw/points/prefill/prefill-facebook-opt-125m-chunk-1024-sm-16.csv
facebook/opt-125m,1024,gemm,fc1,16,0,121.56800180673599,36845056,43136512,6291456,6291456,1024,2026-04-15T13:53:05Z,baseline_nvml_pt,nvidia-smi,ok,0.0,35.0,1695.0,7601.0,63.22,3.1723520755767822,41.13818359375,41.13818359375,6.0,True,,94.60000000000001,50.160000000000004,81.0,estimated,,prefill-facebook-opt-125m-chunk-1024-sm-16,success,,,/mnt/data/dheeraj/dicertation/inference-profile/runs/revised-rerun-20260415-145100-g0-opt125m/raw/points/prefill/prefill-facebook-opt-125m-chunk-1024-sm-16.csv
facebook/opt-125m,1024,gemm,fc2,16,0,635.9040141105652,36845056,38417920,1572864,1572864,1024,2026-04-15T13:53:05Z,baseline_nvml_pt,nvidia-smi,ok,0.0,35.0,1695.0,7601.0,63.22,3.1723520755767822,41.13818359375,41.13818359375,6.0,True,,94.60000000000001,50.160000000000004,81.0,estimated,,prefill-facebook-opt-125m-chunk-1024-sm-16,success,,,/mnt/data/dheeraj/dicertation/inference-profile/runs/revised-rerun-20260415-145100-g0-opt125m/raw/points/prefill/prefill-facebook-opt-125m-chunk-1024-sm-16.csv
facebook/opt-125m,1024,attention,attention,16,0,95.23200243711472,36845056,38468096,1623040,1572864,1024,2026-04-15T13:53:05Z,baseline_nvml_pt,nvidia-smi,ok,0.0,35.0,1695.0,7601.0,63.22,3.1723520755767822,41.13818359375,41.13818359375,6.0,True,,94.60000000000001,50.160000000000004,81.0,estimated,,prefill-facebook-opt-125m-chunk-1024-sm-16,success,,,/mnt/data/dheeraj/dicertation/inference-profile/runs/revised-rerun-20260415-145100-g0-opt125m/raw/points/prefill/prefill-facebook-opt-125m-chunk-1024-sm-16.csv
facebook/opt-125m,1024,gemm,q_proj,16,1,76.80000364780426,36845056,38417920,1572864,1572864,1024,2026-04-15T13:53:05Z,baseline_nvml_pt,nvidia-smi,ok,0.0,35.0,1695.0,7601.0,63.22,3.1723520755767822,41.13818359375,41.13818359375,6.0,True,,94.60000000000001,50.160000000000004,81.0,estimated,,prefill-facebook-opt-125m-chunk-1024-sm-16,success,,,/mnt/data/dheeraj/dicertation/inference-profile/runs/revised-rerun-20260415-145100-g0-opt125m/raw/points/prefill/prefill-facebook-opt-125m-chunk-1024-sm-16.csv
facebook/opt-125m,1024,gemm,k_proj,16,1,70.81600278615952,36845056,38417920,1572864,1572864,1024,2026-04-15T13:53:05Z,baseline_nvml_pt,nvidia-smi,ok,0.0,35.0,1695.0,7601.0,63.22,3.1723520755767822,41.13818359375,41.13818359375,6.0,True,,94.60000000000001,50.160000000000004,81.0,estimated,,prefill-facebook-opt-125m-chunk-1024-sm-16,success,,,/mnt/data/dheeraj/dicertation/inference-profile/runs/revised-rerun-20260415-145100-g0-opt125m/raw/points/prefill/prefill-facebook-opt-125m-chunk-1024-sm-16.csv
facebook/opt-125m,1024,gemm,v_proj,16,1,63.77600133419037,36845056,38417920,1572864,1572864,1024,2026-04-15T13:53:05Z,baseline_nvml_pt,nvidia-smi,ok,0.0,35.0,1695.0,7601.0,63.22,3.1723520755767822,41.13818359375,41.13818359375,6.0,True,,94.60000000000001,50.160000000000004,81.0,estimated,,prefill-facebook-opt-125m-chunk-1024-sm-16,success,,,/mnt/data/dheeraj/dicertation/inference-profile/runs/revised-rerun-20260415-145100-g0-opt125m/raw/points/prefill/prefill-facebook-opt-125m-chunk-1024-sm-16.csv
facebook/opt-125m,1024,gemm,out_proj,16,1,66.56000018119812,36845056,38417920,1572864,1572864,1024,2026-04-15T13:53:05Z,baseline_nvml_pt,nvidia-smi,ok,0.0,35.0,1695.0,7601.0,63.22,3.1723520755767822,41.13818359375,41.13818359375,6.0,True,,94.60000000000001,50.160000000000004,81.0,estimated,,prefill-facebook-opt-125m-chunk-1024-sm-16,success,,,/mnt/data/dheeraj/dicertation/inference-profile/runs/revised-rerun-20260415-145100-g0-opt125m/raw/points/prefill/prefill-facebook-opt-125m-chunk-1024-sm-16.csv
facebook/opt-125m,1024,gemm,fc1,16,1,119.80800330638885,36845056,43136512,6291456,6291456,1024,2026-04-15T13:53:05Z,baseline_nvml_pt,nvidia-smi,ok,0.0,35.0,1695.0,7601.0,63.22,3.1723520755767822,41.13818359375,41.13818359375,6.0,True,,94.60000000000001,50.160000000000004,81.0,estimated,,prefill-facebook-opt-125m-chunk-1024-sm-16,success,,,/mnt/data/dheeraj/dicertation/inference-profile/runs/revised-rerun-20260415-145100-g0-opt125m/raw/points/prefill/prefill-facebook-opt-125m-chunk-1024-sm-16.csv
facebook/opt-125m,1024,gemm,fc2,16,1,109.56799983978271,36845056,38417920,1572864,1572864,1024,2026-04-15T13:53:05Z,baseline_nvml_pt,nvidia-smi,ok,0.0,35.0,1695.0,7601.0,63.22,3.1723520755767822,41.13818359375,41.13818359375,6.0,True,,94.60000000000001,50.160000000000004,81.0,estimated,,prefill-facebook-opt-125m-chunk-1024-sm-16,success,,,/mnt/data/dheeraj/dicertation/inference-profile/runs/revised-rerun-20260415-145100-g0-opt125m/raw/points/prefill/prefill-facebook-opt-125m-chunk-1024-sm-16.csv
facebook/opt-125m,1024,attention,attention,16,1,94.2080020904541,36845056,38468096,1623040,1572864,1024,2026-04-15T13:53:05Z,baseline_nvml_pt,nvidia-smi,ok,0.0,35.0,1695.0,7601.0,63.22,3.1723520755767822,41.13818359375,41.13818359375,6.0,True,,94.60000000000001,50.160000000000004,81.0,estimated,,prefill-facebook-opt-125m-chunk-1024-sm-16,success,,,/mnt/data/dheeraj/dicertation/inference-profile/runs/revised-rerun-20260415-145100-g0-opt125m/raw/points/prefill/prefill-facebook-opt-125m-chunk-1024-sm-16.csv
facebook/opt-125m,1024,gemm,q_proj,16,2,70.36799937486649,36845056,38417920,1572864,1572864,1024,2026-04-15T13:53:05Z,baseline_nvml_pt,nvidia-smi,ok,0.0,35.0,1695.0,7601.0,63.22,3.1723520755767822,41.13818359375,41.13818359375,6.0,True,,94.60000000000001,50.160000000000004,81.0,estimated,,prefill-facebook-opt-125m-chunk-1024-sm-16,success,,,/mnt/data/dheeraj/dicertation/inference-profile/runs/revised-rerun-20260415-145100-g0-opt125m/raw/points/prefill/prefill-facebook-opt-125m-chunk-1024-sm-16.csv
facebook/opt-125m,1024,gemm,k_proj,16,2,79.8719972372055,36845056,38417920,1572864,1572864,1024,2026-04-15T13:53:05Z,baseline_nvml_pt,nvidia-smi,ok,0.0,35.0,1695.0,7601.0,63.22,3.1723520755767822,41.13818359375,41.13818359375,6.0,True,,94.60000000000001,50.160000000000004,81.0,estimated,,prefill-facebook-opt-125m-chunk-1024-sm-16,success,,,/mnt/data/dheeraj/dicertation/inference-profile/runs/revised-rerun-20260415-145100-g0-opt125m/raw/points/prefill/prefill-facebook-opt-125m-chunk-1024-sm-16.csv
facebook/opt-125m,1024,gemm,v_proj,16,2,68.57600063085556,36845056,38417920,1572864,1572864,1024,2026-04-15T13:53:05Z,baseline_nvml_pt,nvidia-smi,ok,0.0,35.0,1695.0,7601.0,63.22,3.1723520755767822,41.13818359375,41.13818359375,6.0,True,,94.60000000000001,50.160000000000004,81.0,estimated,,prefill-facebook-opt-125m-chunk-1024-sm-16,success,,,/mnt/data/dheeraj/dicertation/inference-profile/runs/revised-rerun-20260415-145100-g0-opt125m/raw/points/prefill/prefill-facebook-opt-125m-chunk-1024-sm-16.csv
facebook/opt-125m,1024,gemm,out_proj,16,2,66.56000018119812,36845056,38417920,1572864,1572864,1024,2026-04-15T13:53:05Z,baseline_nvml_pt,nvidia-smi,ok,0.0,35.0,1695.0,7601.0,63.22,3.1723520755767822,41.13818359375,41.13818359375,6.0,True,,94.60000000000001,50.160000000000004,81.0,estimated,,prefill-facebook-opt-125m-chunk-1024-sm-16,success,,,/mnt/data/dheeraj/dicertation/inference-profile/runs/revised-rerun-20260415-145100-g0-opt125m/raw/points/prefill/prefill-facebook-opt-125m-chunk-1024-sm-16.csv
facebook/opt-125m,1024,gemm,fc1,16,2,118.78400295972824,36845056,43136512,6291456,6291456,1024,2026-04-15T13:53:05Z,baseline_nvml_pt,nvidia-smi,ok,0.0,35.0,1695.0,7601.0,63.22,3.1723520755767822,41.13818359375,41.13818359375,6.0,True,,94.60000000000001,50.160000000000004,81.0,estimated,,prefill-facebook-opt-125m-chunk-1024-sm-16,success,,,/mnt/data/dheeraj/dicertation/inference-profile/runs/revised-rerun-20260415-145100-g0-opt125m/raw/points/prefill/prefill-facebook-opt-125m-chunk-1024-sm-16.csv
facebook/opt-125m,1024,gemm,fc2,16,2,108.5439994931221,36845056,38417920,1572864,1572864,1024,2026-04-15T13:53:05Z,baseline_nvml_pt,nvidia-smi,ok,0.0,35.0,1695.0,7601.0,63.22,3.1723520755767822,41.13818359375,41.13818359375,6.0,True,,94.60000000000001,50.160000000000004,81.0,estimated,,prefill-facebook-opt-125m-chunk-1024-sm-16,success,,,/mnt/data/dheeraj/dicertation/inference-profile/runs/revised-rerun-20260415-145100-g0-opt125m/raw/points/prefill/prefill-facebook-opt-125m-chunk-1024-sm-16.csv
facebook/opt-125m,1024,attention,attention,16,2,100.28800368309021,36845056,38468096,1623040,1572864,1024,2026-04-15T13:53:05Z,baseline_nvml_pt,nvidia-smi,ok,0.0,35.0,1695.0,7601.0,63.22,3.1723520755767822,41.13818359375,41.13818359375,6.0,True,,94.60000000000001,50.160000000000004,81.0,estimated,,prefill-facebook-opt-125m-chunk-1024-sm-16,success,,,/mnt/data/dheeraj/dicertation/inference-profile/runs/revised-rerun-20260415-145100-g0-opt125m/raw/points/prefill/prefill-facebook-opt-125m-chunk-1024-sm-16.csv
facebook/opt-125m,1024,gemm,q_proj,16,3,75.00799745321274,36845056,38417920,1572864,1572864,1024,2026-04-15T13:53:05Z,baseline_nvml_pt,nvidia-smi,ok,0.0,35.0,1695.0,7601.0,63.22,3.1723520755767822,41.13818359375,41.13818359375,6.0,True,,94.60000000000001,50.160000000000004,81.0,estimated,,prefill-facebook-opt-125m-chunk-1024-sm-16,success,,,/mnt/data/dheeraj/dicertation/inference-profile/runs/revised-rerun-20260415-145100-g0-opt125m/raw/points/prefill/prefill-facebook-opt-125m-chunk-1024-sm-16.csv
facebook/opt-125m,1024,gemm,k_proj,16,3,66.59200042486191,36845056,38417920,1572864,1572864,1024,2026-04-15T13:53:05Z,baseline_nvml_pt,nvidia-smi,ok,0.0,35.0,1695.0,7601.0,63.22,3.1723520755767822,41.13818359375,41.13818359375,6.0,True,,94.60000000000001,50.160000000000004,81.0,estimated,,prefill-facebook-opt-125m-chunk-1024-sm-16,success,,,/mnt/data/dheeraj/dicertation/inference-profile/runs/revised-rerun-20260415-145100-g0-opt125m/raw/points/prefill/prefill-facebook-opt-125m-chunk-1024-sm-16.csv
facebook/opt-125m,1024,gemm,v_proj,16,3,66.56000018119812,36845056,38417920,1572864,1572864,1024,2026-04-15T13:53:05Z,baseline_nvml_pt,nvidia-smi,ok,0.0,35.0,1695.0,7601.0,63.22,3.1723520755767822,41.13818359375,41.13818359375,6.0,True,,94.60000000000001,50.160000000000004,81.0,estimated,,prefill-facebook-opt-125m-chunk-1024-sm-16,success,,,/mnt/data/dheeraj/dicertation/inference-profile/runs/revised-rerun-20260415-145100-g0-opt125m/raw/points/prefill/prefill-facebook-opt-125m-chunk-1024-sm-16.csv
facebook/opt-125m,1024,gemm,out_proj,16,3,66.81600213050842,36845056,38417920,1572864,1572864,1024,2026-04-15T13:53:05Z,baseline_nvml_pt,nvidia-smi,ok,0.0,35.0,1695.0,7601.0,63.22,3.1723520755767822,41.13818359375,41.13818359375,6.0,True,,94.60000000000001,50.160000000000004,81.0,estimated,,prefill-facebook-opt-125m-chunk-1024-sm-16,success,,,/mnt/data/dheeraj/dicertation/inference-profile/runs/revised-rerun-20260415-145100-g0-opt125m/raw/points/prefill/prefill-facebook-opt-125m-chunk-1024-sm-16.csv
facebook/opt-125m,1024,gemm,fc1,16,3,119.6800023317337,36845056,43136512,6291456,6291456,1024,2026-04-15T13:53:05Z,baseline_nvml_pt,nvidia-smi,ok,0.0,35.0,1695.0,7601.0,63.22,3.1723520755767822,41.13818359375,41.13818359375,6.0,True,,94.60000000000001,50.160000000000004,81.0,estimated,,prefill-facebook-opt-125m-chunk-1024-sm-16,success,,,/mnt/data/dheeraj/dicertation/inference-profile/runs/revised-rerun-20260415-145100-g0-opt125m/raw/points/prefill/prefill-facebook-opt-125m-chunk-1024-sm-16.csv
facebook/opt-125m,1024,gemm,fc2,16,3,109.56799983978271,36845056,38417920,1572864,1572864,1024,2026-04-15T13:53:05Z,baseline_nvml_pt,nvidia-smi,ok,0.0,35.0,1695.0,7601.0,63.22,3.1723520755767822,41.13818359375,41.13818359375,6.0,True,,94.60000000000001,50.160000000000004,81.0,estimated,,prefill-facebook-opt-125m-chunk-1024-sm-16,success,,,/mnt/data/dheeraj/dicertation/inference-profile/runs/revised-rerun-20260415-145100-g0-opt125m/raw/points/prefill/prefill-facebook-opt-125m-chunk-1024-sm-16.csv
facebook/opt-125m,1024,attention,attention,16,3,92.16000139713287,36845056,38468096,1623040,1572864,1024,2026-04-15T13:53:05Z,baseline_nvml_pt,nvidia-smi,ok,0.0,35.0,1695.0,7601.0,63.22,3.1723520755767822,41.13818359375,41.13818359375,6.0,True,,94.60000000000001,50.160000000000004,81.0,estimated,,prefill-facebook-opt-125m-chunk-1024-sm-16,success,,,/mnt/data/dheeraj/dicertation/inference-profile/runs/revised-rerun-20260415-145100-g0-opt125m/raw/points/prefill/prefill-facebook-opt-125m-chunk-1024-sm-16.csv
facebook/opt-125m,1024,gemm,q_proj,16,4,71.42399996519089,36845056,38417920,1572864,1572864,1024,2026-04-15T13:53:05Z,baseline_nvml_pt,nvidia-smi,ok,0.0,35.0,1695.0,7601.0,63.22,3.1723520755767822,41.13818359375,41.13818359375,6.0,True,,94.60000000000001,50.160000000000004,81.0,estimated,,prefill-facebook-opt-125m-chunk-1024-sm-16,success,,,/mnt/data/dheeraj/dicertation/inference-profile/runs/revised-rerun-20260415-145100-g0-opt125m/raw/points/prefill/prefill-facebook-opt-125m-chunk-1024-sm-16.csv
facebook/opt-125m,1024,gemm,k_proj,16,4,3172.352075576782,36845056,38417920,1572864,1572864,1024,2026-04-15T13:53:05Z,baseline_nvml_pt,nvidia-smi,ok,0.0,35.0,1695.0,7601.0,63.22,3.1723520755767822,41.13818359375,41.13818359375,6.0,True,,94.60000000000001,50.160000000000004,81.0,estimated,,prefill-facebook-opt-125m-chunk-1024-sm-16,success,,,/mnt/data/dheeraj/dicertation/inference-profile/runs/revised-rerun-20260415-145100-g0-opt125m/raw/points/prefill/prefill-facebook-opt-125m-chunk-1024-sm-16.csv
facebook/opt-125m,1024,gemm,v_proj,16,4,69.85600292682648,36845056,38417920,1572864,1572864,1024,2026-04-15T13:53:05Z,baseline_nvml_pt,nvidia-smi,ok,0.0,35.0,1695.0,7601.0,63.22,3.1723520755767822,41.13818359375,41.13818359375,6.0,True,,94.60000000000001,50.160000000000004,81.0,estimated,,prefill-facebook-opt-125m-chunk-1024-sm-16,success,,,/mnt/data/dheeraj/dicertation/inference-profile/runs/revised-rerun-20260415-145100-g0-opt125m/raw/points/prefill/prefill-facebook-opt-125m-chunk-1024-sm-16.csv
facebook/opt-125m,1024,gemm,out_proj,16,4,64.51199948787689,36845056,38417920,1572864,1572864,1024,2026-04-15T13:53:05Z,baseline_nvml_pt,nvidia-smi,ok,0.0,35.0,1695.0,7601.0,63.22,3.1723520755767822,41.13818359375,41.13818359375,6.0,True,,94.60000000000001,50.160000000000004,81.0,estimated,,prefill-facebook-opt-125m-chunk-1024-sm-16,success,,,/mnt/data/dheeraj/dicertation/inference-profile/runs/revised-rerun-20260415-145100-g0-opt125m/raw/points/prefill/prefill-facebook-opt-125m-chunk-1024-sm-16.csv
facebook/opt-125m,1024,gemm,fc1,16,4,118.78400295972824,36845056,43136512,6291456,6291456,1024,2026-04-15T13:53:05Z,baseline_nvml_pt,nvidia-smi,ok,0.0,35.0,1695.0,7601.0,63.22,3.1723520755767822,41.13818359375,41.13818359375,6.0,True,,94.60000000000001,50.160000000000004,81.0,estimated,,prefill-facebook-opt-125m-chunk-1024-sm-16,success,,,/mnt/data/dheeraj/dicertation/inference-profile/runs/revised-rerun-20260415-145100-g0-opt125m/raw/points/prefill/prefill-facebook-opt-125m-chunk-1024-sm-16.csv
facebook/opt-125m,1024,gemm,fc2,16,4,752.6400089263916,36845056,38417920,1572864,1572864,1024,2026-04-15T13:53:05Z,baseline_nvml_pt,nvidia-smi,ok,0.0,35.0,1695.0,7601.0,63.22,3.1723520755767822,41.13818359375,41.13818359375,6.0,True,,94.60000000000001,50.160000000000004,81.0,estimated,,prefill-facebook-opt-125m-chunk-1024-sm-16,success,,,/mnt/data/dheeraj/dicertation/inference-profile/runs/revised-rerun-20260415-145100-g0-opt125m/raw/points/prefill/prefill-facebook-opt-125m-chunk-1024-sm-16.csv
facebook/opt-125m,1024,attention,attention,16,4,94.11200135946274,36845056,38468096,1623040,1572864,1024,2026-04-15T13:53:05Z,baseline_nvml_pt,nvidia-smi,ok,0.0,35.0,1695.0,7601.0,63.22,3.1723520755767822,41.13818359375,41.13818359375,6.0,True,,94.60000000000001,50.160000000000004,81.0,estimated,,prefill-facebook-opt-125m-chunk-1024-sm-16,success,,,/mnt/data/dheeraj/dicertation/inference-profile/runs/revised-rerun-20260415-145100-g0-opt125m/raw/points/prefill/prefill-facebook-opt-125m-chunk-1024-sm-16.csv
facebook/opt-125m,1024,gemm,q_proj,24,0,95.13600170612335,36845056,38417920,1572864,1572864,1024,2026-04-15T13:53:11Z,baseline_nvml_pt,nvidia-smi,ok,0.0,35.0,1695.0,8001.0,63.67,1.6832000017166138,41.13818359375,41.13818359375,6.0,True,,100.0,45.32,89.1,estimated,,prefill-facebook-opt-125m-chunk-1024-sm-24,success,,,/mnt/data/dheeraj/dicertation/inference-profile/runs/revised-rerun-20260415-145100-g0-opt125m/raw/points/prefill/prefill-facebook-opt-125m-chunk-1024-sm-24.csv
facebook/opt-125m,1024,gemm,k_proj,24,0,81.91999793052673,36845056,38417920,1572864,1572864,1024,2026-04-15T13:53:11Z,baseline_nvml_pt,nvidia-smi,ok,0.0,35.0,1695.0,8001.0,63.67,1.6832000017166138,41.13818359375,41.13818359375,6.0,True,,100.0,45.32,89.1,estimated,,prefill-facebook-opt-125m-chunk-1024-sm-24,success,,,/mnt/data/dheeraj/dicertation/inference-profile/runs/revised-rerun-20260415-145100-g0-opt125m/raw/points/prefill/prefill-facebook-opt-125m-chunk-1024-sm-24.csv
facebook/opt-125m,1024,gemm,v_proj,24,0,74.75200295448303,36845056,38417920,1572864,1572864,1024,2026-04-15T13:53:11Z,baseline_nvml_pt,nvidia-smi,ok,0.0,35.0,1695.0,8001.0,63.67,1.6832000017166138,41.13818359375,41.13818359375,6.0,True,,100.0,45.32,89.1,estimated,,prefill-facebook-opt-125m-chunk-1024-sm-24,success,,,/mnt/data/dheeraj/dicertation/inference-profile/runs/revised-rerun-20260415-145100-g0-opt125m/raw/points/prefill/prefill-facebook-opt-125m-chunk-1024-sm-24.csv
facebook/opt-125m,1024,gemm,out_proj,24,0,113.8560026884079,36845056,38417920,1572864,1572864,1024,2026-04-15T13:53:11Z,baseline_nvml_pt,nvidia-smi,ok,0.0,35.0,1695.0,8001.0,63.67,1.6832000017166138,41.13818359375,41.13818359375,6.0,True,,100.0,45.32,89.1,estimated,,prefill-facebook-opt-125m-chunk-1024-sm-24,success,,,/mnt/data/dheeraj/dicertation/inference-profile/runs/revised-rerun-20260415-145100-g0-opt125m/raw/points/prefill/prefill-facebook-opt-125m-chunk-1024-sm-24.csv
facebook/opt-125m,1024,gemm,fc1,24,0,141.184002161026,36845056,43136512,6291456,6291456,1024,2026-04-15T13:53:11Z,baseline_nvml_pt,nvidia-smi,ok,0.0,35.0,1695.0,8001.0,63.67,1.6832000017166138,41.13818359375,41.13818359375,6.0,True,,100.0,45.32,89.1,estimated,,prefill-facebook-opt-125m-chunk-1024-sm-24,success,,,/mnt/data/dheeraj/dicertation/inference-profile/runs/revised-rerun-20260415-145100-g0-opt125m/raw/points/prefill/prefill-facebook-opt-125m-chunk-1024-sm-24.csv
facebook/opt-125m,1024,gemm,fc2,24,0,130.048006772995,36845056,38417920,1572864,1572864,1024,2026-04-15T13:53:11Z,baseline_nvml_pt,nvidia-smi,ok,0.0,35.0,1695.0,8001.0,63.67,1.6832000017166138,41.13818359375,41.13818359375,6.0,True,,100.0,45.32,89.1,estimated,,prefill-facebook-opt-125m-chunk-1024-sm-24,success,,,/mnt/data/dheeraj/dicertation/inference-profile/runs/revised-rerun-20260415-145100-g0-opt125m/raw/points/prefill/prefill-facebook-opt-125m-chunk-1024-sm-24.csv
facebook/opt-125m,1024,attention,attention,24,0,95.23200243711472,36845056,38468096,1623040,1572864,1024,2026-04-15T13:53:11Z,baseline_nvml_pt,nvidia-smi,ok,0.0,35.0,1695.0,8001.0,63.67,1.6832000017166138,41.13818359375,41.13818359375,6.0,True,,100.0,45.32,89.1,estimated,,prefill-facebook-opt-125m-chunk-1024-sm-24,success,,,/mnt/data/dheeraj/dicertation/inference-profile/runs/revised-rerun-20260415-145100-g0-opt125m/raw/points/prefill/prefill-facebook-opt-125m-chunk-1024-sm-24.csv
facebook/opt-125m,1024,gemm,q_proj,24,1,74.75200295448303,36845056,38417920,1572864,1572864,1024,2026-04-15T13:53:11Z,baseline_nvml_pt,nvidia-smi,ok,0.0,35.0,1695.0,8001.0,63.67,1.6832000017166138,41.13818359375,41.13818359375,6.0,True,,100.0,45.32,89.1,estimated,,prefill-facebook-opt-125m-chunk-1024-sm-24,success,,,/mnt/data/dheeraj/dicertation/inference-profile/runs/revised-rerun-20260415-145100-g0-opt125m/raw/points/prefill/prefill-facebook-opt-125m-chunk-1024-sm-24.csv
facebook/opt-125m,1024,gemm,k_proj,24,1,69.56800073385239,36845056,38417920,1572864,1572864,1024,2026-04-15T13:53:11Z,baseline_nvml_pt,nvidia-smi,ok,0.0,35.0,1695.0,8001.0,63.67,1.6832000017166138,41.13818359375,41.13818359375,6.0,True,,100.0,45.32,89.1,estimated,,prefill-facebook-opt-125m-chunk-1024-sm-24,success,,,/mnt/data/dheeraj/dicertation/inference-profile/runs/revised-rerun-20260415-145100-g0-opt125m/raw/points/prefill/prefill-facebook-opt-125m-chunk-1024-sm-24.csv
facebook/opt-125m,1024,gemm,v_proj,24,1,69.63200122117996,36845056,38417920,1572864,1572864,1024,2026-04-15T13:53:11Z,baseline_nvml_pt,nvidia-smi,ok,0.0,35.0,1695.0,8001.0,63.67,1.6832000017166138,41.13818359375,41.13818359375,6.0,True,,100.0,45.32,89.1,estimated,,prefill-facebook-opt-125m-chunk-1024-sm-24,success,,,/mnt/data/dheeraj/dicertation/inference-profile/runs/revised-rerun-20260415-145100-g0-opt125m/raw/points/prefill/prefill-facebook-opt-125m-chunk-1024-sm-24.csv
facebook/opt-125m,1024,gemm,out_proj,24,1,66.56000018119812,36845056,38417920,1572864,1572864,1024,2026-04-15T13:53:11Z,baseline_nvml_pt,nvidia-smi,ok,0.0,35.0,1695.0,8001.0,63.67,1.6832000017166138,41.13818359375,41.13818359375,6.0,True,,100.0,45.32,89.1,estimated,,prefill-facebook-opt-125m-chunk-1024-sm-24,success,,,/mnt/data/dheeraj/dicertation/inference-profile/runs/revised-rerun-20260415-145100-g0-opt125m/raw/points/prefill/prefill-facebook-opt-125m-chunk-1024-sm-24.csv
facebook/opt-125m,1024,gemm,fc1,24,1,1683.2000017166138,36845056,43136512,6291456,6291456,1024,2026-04-15T13:53:11Z,baseline_nvml_pt,nvidia-smi,ok,0.0,35.0,1695.0,8001.0,63.67,1.6832000017166138,41.13818359375,41.13818359375,6.0,True,,100.0,45.32,89.1,estimated,,prefill-facebook-opt-125m-chunk-1024-sm-24,success,,,/mnt/data/dheeraj/dicertation/inference-profile/runs/revised-rerun-20260415-145100-g0-opt125m/raw/points/prefill/prefill-facebook-opt-125m-chunk-1024-sm-24.csv
facebook/opt-125m,1024,gemm,fc2,24,1,116.86400324106216,36845056,38417920,1572864,1572864,1024,2026-04-15T13:53:11Z,baseline_nvml_pt,nvidia-smi,ok,0.0,35.0,1695.0,8001.0,63.67,1.6832000017166138,41.13818359375,41.13818359375,6.0,True,,100.0,45.32,89.1,estimated,,prefill-facebook-opt-125m-chunk-1024-sm-24,success,,,/mnt/data/dheeraj/dicertation/inference-profile/runs/revised-rerun-20260415-145100-g0-opt125m/raw/points/prefill/prefill-facebook-opt-125m-chunk-1024-sm-24.csv
facebook/opt-125m,1024,attention,attention,24,1,95.23200243711472,36845056,38468096,1623040,1572864,1024,2026-04-15T13:53:11Z,baseline_nvml_pt,nvidia-smi,ok,0.0,35.0,1695.0,8001.0,63.67,1.6832000017166138,41.13818359375,41.13818359375,6.0,True,,100.0,45.32,89.1,estimated,,prefill-facebook-opt-125m-chunk-1024-sm-24,success,,,/mnt/data/dheeraj/dicertation/inference-profile/runs/revised-rerun-20260415-145100-g0-opt125m/raw/points/prefill/prefill-facebook-opt-125m-chunk-1024-sm-24.csv
facebook/opt-125m,1024,gemm,q_proj,24,2,72.7040022611618,36845056,38417920,1572864,1572864,1024,2026-04-15T13:53:11Z,baseline_nvml_pt,nvidia-smi,ok,0.0,35.0,1695.0,8001.0,63.67,1.6832000017166138,41.13818359375,41.13818359375,6.0,True,,100.0,45.32,89.1,estimated,,prefill-facebook-opt-125m-chunk-1024-sm-24,success,,,/mnt/data/dheeraj/dicertation/inference-profile/runs/revised-rerun-20260415-145100-g0-opt125m/raw/points/prefill/prefill-facebook-opt-125m-chunk-1024-sm-24.csv
facebook/opt-125m,1024,gemm,k_proj,24,2,77.82399654388428,36845056,38417920,1572864,1572864,1024,2026-04-15T13:53:11Z,baseline_nvml_pt,nvidia-smi,ok,0.0,35.0,1695.0,8001.0,63.67,1.6832000017166138,41.13818359375,41.13818359375,6.0,True,,100.0,45.32,89.1,estimated,,prefill-facebook-opt-125m-chunk-1024-sm-24,success,,,/mnt/data/dheeraj/dicertation/inference-profile/runs/revised-rerun-20260415-145100-g0-opt125m/raw/points/prefill/prefill-facebook-opt-125m-chunk-1024-sm-24.csv
facebook/opt-125m,1024,gemm,v_proj,24,2,67.58400052785873,36845056,38417920,1572864,1572864,1024,2026-04-15T13:53:11Z,baseline_nvml_pt,nvidia-smi,ok,0.0,35.0,1695.0,8001.0,63.67,1.6832000017166138,41.13818359375,41.13818359375,6.0,True,,100.0,45.32,89.1,estimated,,prefill-facebook-opt-125m-chunk-1024-sm-24,success,,,/mnt/data/dheeraj/dicertation/inference-profile/runs/revised-rerun-20260415-145100-g0-opt125m/raw/points/prefill/prefill-facebook-opt-125m-chunk-1024-sm-24.csv
facebook/opt-125m,1024,gemm,out_proj,24,2,71.68000191450119,36845056,38417920,1572864,1572864,1024,2026-04-15T13:53:11Z,baseline_nvml_pt,nvidia-smi,ok,0.0,35.0,1695.0,8001.0,63.67,1.6832000017166138,41.13818359375,41.13818359375,6.0,True,,100.0,45.32,89.1,estimated,,prefill-facebook-opt-125m-chunk-1024-sm-24,success,,,/mnt/data/dheeraj/dicertation/inference-profile/runs/revised-rerun-20260415-145100-g0-opt125m/raw/points/prefill/prefill-facebook-opt-125m-chunk-1024-sm-24.csv
facebook/opt-125m,1024,gemm,fc1,24,2,120.83200365304947,36845056,43136512,6291456,6291456,1024,2026-04-15T13:53:11Z,baseline_nvml_pt,nvidia-smi,ok,0.0,35.0,1695.0,8001.0,63.67,1.6832000017166138,41.13818359375,41.13818359375,6.0,True,,100.0,45.32,89.1,estimated,,prefill-facebook-opt-125m-chunk-1024-sm-24,success,,,/mnt/data/dheeraj/dicertation/inference-profile/runs/revised-rerun-20260415-145100-g0-opt125m/raw/points/prefill/prefill-facebook-opt-125m-chunk-1024-sm-24.csv
facebook/opt-125m,1024,gemm,fc2,24,2,109.56799983978271,36845056,38417920,1572864,1572864,1024,2026-04-15T13:53:11Z,baseline_nvml_pt,nvidia-smi,ok,0.0,35.0,1695.0,8001.0,63.67,1.6832000017166138,41.13818359375,41.13818359375,6.0,True,,100.0,45.32,89.1,estimated,,prefill-facebook-opt-125m-chunk-1024-sm-24,success,,,/mnt/data/dheeraj/dicertation/inference-profile/runs/revised-rerun-20260415-145100-g0-opt125m/raw/points/prefill/prefill-facebook-opt-125m-chunk-1024-sm-24.csv
facebook/opt-125m,1024,attention,attention,24,2,94.2080020904541,36845056,38468096,1623040,1572864,1024,2026-04-15T13:53:11Z,baseline_nvml_pt,nvidia-smi,ok,0.0,35.0,1695.0,8001.0,63.67,1.6832000017166138,41.13818359375,41.13818359375,6.0,True,,100.0,45.32,89.1,estimated,,prefill-facebook-opt-125m-chunk-1024-sm-24,success,,,/mnt/data/dheeraj/dicertation/inference-profile/runs/revised-rerun-20260415-145100-g0-opt125m/raw/points/prefill/prefill-facebook-opt-125m-chunk-1024-sm-24.csv
facebook/opt-125m,1024,gemm,q_proj,24,3,71.68000191450119,36845056,38417920,1572864,1572864,1024,2026-04-15T13:53:11Z,baseline_nvml_pt,nvidia-smi,ok,0.0,35.0,1695.0,8001.0,63.67,1.6832000017166138,41.13818359375,41.13818359375,6.0,True,,100.0,45.32,89.1,estimated,,prefill-facebook-opt-125m-chunk-1024-sm-24,success,,,/mnt/data/dheeraj/dicertation/inference-profile/runs/revised-rerun-20260415-145100-g0-opt125m/raw/points/prefill/prefill-facebook-opt-125m-chunk-1024-sm-24.csv
facebook/opt-125m,1024,gemm,k_proj,24,3,68.60800087451935,36845056,38417920,1572864,1572864,1024,2026-04-15T13:53:11Z,baseline_nvml_pt,nvidia-smi,ok,0.0,35.0,1695.0,8001.0,63.67,1.6832000017166138,41.13818359375,41.13818359375,6.0,True,,100.0,45.32,89.1,estimated,,prefill-facebook-opt-125m-chunk-1024-sm-24,success,,,/mnt/data/dheeraj/dicertation/inference-profile/runs/revised-rerun-20260415-145100-g0-opt125m/raw/points/prefill/prefill-facebook-opt-125m-chunk-1024-sm-24.csv
facebook/opt-125m,1024,gemm,v_proj,24,3,78.78399640321732,36845056,38417920,1572864,1572864,1024,2026-04-15T13:53:11Z,baseline_nvml_pt,nvidia-smi,ok,0.0,35.0,1695.0,8001.0,63.67,1.6832000017166138,41.13818359375,41.13818359375,6.0,True,,100.0,45.32,89.1,estimated,,prefill-facebook-opt-125m-chunk-1024-sm-24,success,,,/mnt/data/dheeraj/dicertation/inference-profile/runs/revised-rerun-20260415-145100-g0-opt125m/raw/points/prefill/prefill-facebook-opt-125m-chunk-1024-sm-24.csv
facebook/opt-125m,1024,gemm,out_proj,24,3,77.02399790287018,36845056,38417920,1572864,1572864,1024,2026-04-15T13:53:11Z,baseline_nvml_pt,nvidia-smi,ok,0.0,35.0,1695.0,8001.0,63.67,1.6832000017166138,41.13818359375,41.13818359375,6.0,True,,100.0,45.32,89.1,estimated,,prefill-facebook-opt-125m-chunk-1024-sm-24,success,,,/mnt/data/dheeraj/dicertation/inference-profile/runs/revised-rerun-20260415-145100-g0-opt125m/raw/points/prefill/prefill-facebook-opt-125m-chunk-1024-sm-24.csv
facebook/opt-125m,1024,gemm,fc1,24,3,122.91199713945389,36845056,43136512,6291456,6291456,1024,2026-04-15T13:53:11Z,baseline_nvml_pt,nvidia-smi,ok,0.0,35.0,1695.0,8001.0,63.67,1.6832000017166138,41.13818359375,41.13818359375,6.0,True,,100.0,45.32,89.1,estimated,,prefill-facebook-opt-125m-chunk-1024-sm-24,success,,,/mnt/data/dheeraj/dicertation/inference-profile/runs/revised-rerun-20260415-145100-g0-opt125m/raw/points/prefill/prefill-facebook-opt-125m-chunk-1024-sm-24.csv
facebook/opt-125m,1024,gemm,fc2,24,3,109.50399935245514,36845056,38417920,1572864,1572864,1024,2026-04-15T13:53:11Z,baseline_nvml_pt,nvidia-smi,ok,0.0,35.0,1695.0,8001.0,63.67,1.6832000017166138,41.13818359375,41.13818359375,6.0,True,,100.0,45.32,89.1,estimated,,prefill-facebook-opt-125m-chunk-1024-sm-24,success,,,/mnt/data/dheeraj/dicertation/inference-profile/runs/revised-rerun-20260415-145100-g0-opt125m/raw/points/prefill/prefill-facebook-opt-125m-chunk-1024-sm-24.csv
facebook/opt-125m,1024,attention,attention,24,3,98.30400347709656,36845056,38468096,1623040,1572864,1024,2026-04-15T13:53:11Z,baseline_nvml_pt,nvidia-smi,ok,0.0,35.0,1695.0,8001.0,63.67,1.6832000017166138,41.13818359375,41.13818359375,6.0,True,,100.0,45.32,89.1,estimated,,prefill-facebook-opt-125m-chunk-1024-sm-24,success,,,/mnt/data/dheeraj/dicertation/inference-profile/runs/revised-rerun-20260415-145100-g0-opt125m/raw/points/prefill/prefill-facebook-opt-125m-chunk-1024-sm-24.csv
facebook/opt-125m,1024,gemm,q_proj,24,4,73.82400333881378,36845056,38417920,1572864,1572864,1024,2026-04-15T13:53:11Z,baseline_nvml_pt,nvidia-smi,ok,0.0,35.0,1695.0,8001.0,63.67,1.6832000017166138,41.13818359375,41.13818359375,6.0,True,,100.0,45.32,89.1,estimated,,prefill-facebook-opt-125m-chunk-1024-sm-24,success,,,/mnt/data/dheeraj/dicertation/inference-profile/runs/revised-rerun-20260415-145100-g0-opt125m/raw/points/prefill/prefill-facebook-opt-125m-chunk-1024-sm-24.csv
facebook/opt-125m,1024,gemm,k_proj,24,4,70.49600034952164,36845056,38417920,1572864,1572864,1024,2026-04-15T13:53:11Z,baseline_nvml_pt,nvidia-smi,ok,0.0,35.0,1695.0,8001.0,63.67,1.6832000017166138,41.13818359375,41.13818359375,6.0,True,,100.0,45.32,89.1,estimated,,prefill-facebook-opt-125m-chunk-1024-sm-24,success,,,/mnt/data/dheeraj/dicertation/inference-profile/runs/revised-rerun-20260415-145100-g0-opt125m/raw/points/prefill/prefill-facebook-opt-125m-chunk-1024-sm-24.csv
facebook/opt-125m,1024,gemm,v_proj,24,4,67.80800223350525,36845056,38417920,1572864,1572864,1024,2026-04-15T13:53:11Z,baseline_nvml_pt,nvidia-smi,ok,0.0,35.0,1695.0,8001.0,63.67,1.6832000017166138,41.13818359375,41.13818359375,6.0,True,,100.0,45.32,89.1,estimated,,prefill-facebook-opt-125m-chunk-1024-sm-24,success,,,/mnt/data/dheeraj/dicertation/inference-profile/runs/revised-rerun-20260415-145100-g0-opt125m/raw/points/prefill/prefill-facebook-opt-125m-chunk-1024-sm-24.csv
facebook/opt-125m,1024,gemm,out_proj,24,4,66.56000018119812,36845056,38417920,1572864,1572864,1024,2026-04-15T13:53:11Z,baseline_nvml_pt,nvidia-smi,ok,0.0,35.0,1695.0,8001.0,63.67,1.6832000017166138,41.13818359375,41.13818359375,6.0,True,,100.0,45.32,89.1,estimated,,prefill-facebook-opt-125m-chunk-1024-sm-24,success,,,/mnt/data/dheeraj/dicertation/inference-profile/runs/revised-rerun-20260415-145100-g0-opt125m/raw/points/prefill/prefill-facebook-opt-125m-chunk-1024-sm-24.csv
facebook/opt-125m,1024,gemm,fc1,24,4,117.76000261306763,36845056,43136512,6291456,6291456,1024,2026-04-15T13:53:11Z,baseline_nvml_pt,nvidia-smi,ok,0.0,35.0,1695.0,8001.0,63.67,1.6832000017166138,41.13818359375,41.13818359375,6.0,True,,100.0,45.32,89.1,estimated,,prefill-facebook-opt-125m-chunk-1024-sm-24,success,,,/mnt/data/dheeraj/dicertation/inference-profile/runs/revised-rerun-20260415-145100-g0-opt125m/raw/points/prefill/prefill-facebook-opt-125m-chunk-1024-sm-24.csv
facebook/opt-125m,1024,gemm,fc2,24,4,109.56799983978271,36845056,38417920,1572864,1572864,1024,2026-04-15T13:53:11Z,baseline_nvml_pt,nvidia-smi,ok,0.0,35.0,1695.0,8001.0,63.67,1.6832000017166138,41.13818359375,41.13818359375,6.0,True,,100.0,45.32,89.1,estimated,,prefill-facebook-opt-125m-chunk-1024-sm-24,success,,,/mnt/data/dheeraj/dicertation/inference-profile/runs/revised-rerun-20260415-145100-g0-opt125m/raw/points/prefill/prefill-facebook-opt-125m-chunk-1024-sm-24.csv
facebook/opt-125m,1024,attention,attention,24,4,92.16000139713287,36845056,38468096,1623040,1572864,1024,2026-04-15T13:53:11Z,baseline_nvml_pt,nvidia-smi,ok,0.0,35.0,1695.0,8001.0,63.67,1.6832000017166138,41.13818359375,41.13818359375,6.0,True,,100.0,45.32,89.1,estimated,,prefill-facebook-opt-125m-chunk-1024-sm-24,success,,,/mnt/data/dheeraj/dicertation/inference-profile/runs/revised-rerun-20260415-145100-g0-opt125m/raw/points/prefill/prefill-facebook-opt-125m-chunk-1024-sm-24.csv
facebook/opt-125m,1024,gemm,q_proj,32,0,140.28799533843994,36845056,38417920,1572864,1572864,1024,2026-04-15T13:53:16Z,baseline_nvml_pt,nvidia-smi,ok,0.0,35.0,1695.0,7601.0,63.45,0.14028799533843994,41.13818359375,41.13818359375,6.0,True,,100.0,40.48,97.2,estimated,,prefill-facebook-opt-125m-chunk-1024-sm-32,success,,,/mnt/data/dheeraj/dicertation/inference-profile/runs/revised-rerun-20260415-145100-g0-opt125m/raw/points/prefill/prefill-facebook-opt-125m-chunk-1024-sm-32.csv
facebook/opt-125m,1024,gemm,k_proj,32,0,88.32000195980072,36845056,38417920,1572864,1572864,1024,2026-04-15T13:53:16Z,baseline_nvml_pt,nvidia-smi,ok,0.0,35.0,1695.0,7601.0,63.45,0.14028799533843994,41.13818359375,41.13818359375,6.0,True,,100.0,40.48,97.2,estimated,,prefill-facebook-opt-125m-chunk-1024-sm-32,success,,,/mnt/data/dheeraj/dicertation/inference-profile/runs/revised-rerun-20260415-145100-g0-opt125m/raw/points/prefill/prefill-facebook-opt-125m-chunk-1024-sm-32.csv
facebook/opt-125m,1024,gemm,v_proj,32,0,72.60800153017044,36845056,38417920,1572864,1572864,1024,2026-04-15T13:53:16Z,baseline_nvml_pt,nvidia-smi,ok,0.0,35.0,1695.0,7601.0,63.45,0.14028799533843994,41.13818359375,41.13818359375,6.0,True,,100.0,40.48,97.2,estimated,,prefill-facebook-opt-125m-chunk-1024-sm-32,success,,,/mnt/data/dheeraj/dicertation/inference-profile/runs/revised-rerun-20260415-145100-g0-opt125m/raw/points/prefill/prefill-facebook-opt-125m-chunk-1024-sm-32.csv
facebook/opt-125m,1024,gemm,out_proj,32,0,74.75200295448303,36845056,38417920,1572864,1572864,1024,2026-04-15T13:53:16Z,baseline_nvml_pt,nvidia-smi,ok,0.0,35.0,1695.0,7601.0,63.45,0.14028799533843994,41.13818359375,41.13818359375,6.0,True,,100.0,40.48,97.2,estimated,,prefill-facebook-opt-125m-chunk-1024-sm-32,success,,,/mnt/data/dheeraj/dicertation/inference-profile/runs/revised-rerun-20260415-145100-g0-opt125m/raw/points/prefill/prefill-facebook-opt-125m-chunk-1024-sm-32.csv
facebook/opt-125m,1024,gemm,fc1,32,0,125.95200538635254,36845056,43136512,6291456,6291456,1024,2026-04-15T13:53:16Z,baseline_nvml_pt,nvidia-smi,ok,0.0,35.0,1695.0,7601.0,63.45,0.14028799533843994,41.13818359375,41.13818359375,6.0,True,,100.0,40.48,97.2,estimated,,prefill-facebook-opt-125m-chunk-1024-sm-32,success,,,/mnt/data/dheeraj/dicertation/inference-profile/runs/revised-rerun-20260415-145100-g0-opt125m/raw/points/prefill/prefill-facebook-opt-125m-chunk-1024-sm-32.csv
facebook/opt-125m,1024,gemm,fc2,32,0,112.57600039243698,36845056,38417920,1572864,1572864,1024,2026-04-15T13:53:16Z,baseline_nvml_pt,nvidia-smi,ok,0.0,35.0,1695.0,7601.0,63.45,0.14028799533843994,41.13818359375,41.13818359375,6.0,True,,100.0,40.48,97.2,estimated,,prefill-facebook-opt-125m-chunk-1024-sm-32,success,,,/mnt/data/dheeraj/dicertation/inference-profile/runs/revised-rerun-20260415-145100-g0-opt125m/raw/points/prefill/prefill-facebook-opt-125m-chunk-1024-sm-32.csv
facebook/opt-125m,1024,attention,attention,32,0,95.23200243711472,36845056,38468096,1623040,1572864,1024,2026-04-15T13:53:16Z,baseline_nvml_pt,nvidia-smi,ok,0.0,35.0,1695.0,7601.0,63.45,0.14028799533843994,41.13818359375,41.13818359375,6.0,True,,100.0,40.48,97.2,estimated,,prefill-facebook-opt-125m-chunk-1024-sm-32,success,,,/mnt/data/dheeraj/dicertation/inference-profile/runs/revised-rerun-20260415-145100-g0-opt125m/raw/points/prefill/prefill-facebook-opt-125m-chunk-1024-sm-32.csv
facebook/opt-125m,1024,gemm,q_proj,32,1,70.56000083684921,36845056,38417920,1572864,1572864,1024,2026-04-15T13:53:16Z,baseline_nvml_pt,nvidia-smi,ok,0.0,35.0,1695.0,7601.0,63.45,0.14028799533843994,41.13818359375,41.13818359375,6.0,True,,100.0,40.48,97.2,estimated,,prefill-facebook-opt-125m-chunk-1024-sm-32,success,,,/mnt/data/dheeraj/dicertation/inference-profile/runs/revised-rerun-20260415-145100-g0-opt125m/raw/points/prefill/prefill-facebook-opt-125m-chunk-1024-sm-32.csv
facebook/opt-125m,1024,gemm,k_proj,32,1,67.74400174617767,36845056,38417920,1572864,1572864,1024,2026-04-15T13:53:16Z,baseline_nvml_pt,nvidia-smi,ok,0.0,35.0,1695.0,7601.0,63.45,0.14028799533843994,41.13818359375,41.13818359375,6.0,True,,100.0,40.48,97.2,estimated,,prefill-facebook-opt-125m-chunk-1024-sm-32,success,,,/mnt/data/dheeraj/dicertation/inference-profile/runs/revised-rerun-20260415-145100-g0-opt125m/raw/points/prefill/prefill-facebook-opt-125m-chunk-1024-sm-32.csv
facebook/opt-125m,1024,gemm,v_proj,32,1,64.51199948787689,36845056,38417920,1572864,1572864,1024,2026-04-15T13:53:16Z,baseline_nvml_pt,nvidia-smi,ok,0.0,35.0,1695.0,7601.0,63.45,0.14028799533843994,41.13818359375,41.13818359375,6.0,True,,100.0,40.48,97.2,estimated,,prefill-facebook-opt-125m-chunk-1024-sm-32,success,,,/mnt/data/dheeraj/dicertation/inference-profile/runs/revised-rerun-20260415-145100-g0-opt125m/raw/points/prefill/prefill-facebook-opt-125m-chunk-1024-sm-32.csv
facebook/opt-125m,1024,gemm,out_proj,32,1,81.91999793052673,36845056,38417920,1572864,1572864,1024,2026-04-15T13:53:16Z,baseline_nvml_pt,nvidia-smi,ok,0.0,35.0,1695.0,7601.0,63.45,0.14028799533843994,41.13818359375,41.13818359375,6.0,True,,100.0,40.48,97.2,estimated,,prefill-facebook-opt-125m-chunk-1024-sm-32,success,,,/mnt/data/dheeraj/dicertation/inference-profile/runs/revised-rerun-20260415-145100-g0-opt125m/raw/points/prefill/prefill-facebook-opt-125m-chunk-1024-sm-32.csv
facebook/opt-125m,1024,gemm,fc1,32,1,121.85599654912949,36845056,43136512,6291456,6291456,1024,2026-04-15T13:53:16Z,baseline_nvml_pt,nvidia-smi,ok,0.0,35.0,1695.0,7601.0,63.45,0.14028799533843994,41.13818359375,41.13818359375,6.0,True,,100.0,40.48,97.2,estimated,,prefill-facebook-opt-125m-chunk-1024-sm-32,success,,,/mnt/data/dheeraj/dicertation/inference-profile/runs/revised-rerun-20260415-145100-g0-opt125m/raw/points/prefill/prefill-facebook-opt-125m-chunk-1024-sm-32.csv
facebook/opt-125m,1024,gemm,fc2,32,1,110.59200018644333,36845056,38417920,1572864,1572864,1024,2026-04-15T13:53:16Z,baseline_nvml_pt,nvidia-smi,ok,0.0,35.0,1695.0,7601.0,63.45,0.14028799533843994,41.13818359375,41.13818359375,6.0,True,,100.0,40.48,97.2,estimated,,prefill-facebook-opt-125m-chunk-1024-sm-32,success,,,/mnt/data/dheeraj/dicertation/inference-profile/runs/revised-rerun-20260415-145100-g0-opt125m/raw/points/prefill/prefill-facebook-opt-125m-chunk-1024-sm-32.csv
facebook/opt-125m,1024,attention,attention,32,1,97.05600142478943,36845056,38468096,1623040,1572864,1024,2026-04-15T13:53:16Z,baseline_nvml_pt,nvidia-smi,ok,0.0,35.0,1695.0,7601.0,63.45,0.14028799533843994,41.13818359375,41.13818359375,6.0,True,,100.0,40.48,97.2,estimated,,prefill-facebook-opt-125m-chunk-1024-sm-32,success,,,/mnt/data/dheeraj/dicertation/inference-profile/runs/revised-rerun-20260415-145100-g0-opt125m/raw/points/prefill/prefill-facebook-opt-125m-chunk-1024-sm-32.csv
facebook/opt-125m,1024,gemm,q_proj,32,2,70.65600156784058,36845056,38417920,1572864,1572864,1024,2026-04-15T13:53:16Z,baseline_nvml_pt,nvidia-smi,ok,0.0,35.0,1695.0,7601.0,63.45,0.14028799533843994,41.13818359375,41.13818359375,6.0,True,,100.0,40.48,97.2,estimated,,prefill-facebook-opt-125m-chunk-1024-sm-32,success,,,/mnt/data/dheeraj/dicertation/inference-profile/runs/revised-rerun-20260415-145100-g0-opt125m/raw/points/prefill/prefill-facebook-opt-125m-chunk-1024-sm-32.csv
facebook/opt-125m,1024,gemm,k_proj,32,2,115.64800143241882,36845056,38417920,1572864,1572864,1024,2026-04-15T13:53:16Z,baseline_nvml_pt,nvidia-smi,ok,0.0,35.0,1695.0,7601.0,63.45,0.14028799533843994,41.13818359375,41.13818359375,6.0,True,,100.0,40.48,97.2,estimated,,prefill-facebook-opt-125m-chunk-1024-sm-32,success,,,/mnt/data/dheeraj/dicertation/inference-profile/runs/revised-rerun-20260415-145100-g0-opt125m/raw/points/prefill/prefill-facebook-opt-125m-chunk-1024-sm-32.csv
facebook/opt-125m,1024,gemm,v_proj,32,2,66.59200042486191,36845056,38417920,1572864,1572864,1024,2026-04-15T13:53:16Z,baseline_nvml_pt,nvidia-smi,ok,0.0,35.0,1695.0,7601.0,63.45,0.14028799533843994,41.13818359375,41.13818359375,6.0,True,,100.0,40.48,97.2,estimated,,prefill-facebook-opt-125m-chunk-1024-sm-32,success,,,/mnt/data/dheeraj/dicertation/inference-profile/runs/revised-rerun-20260415-145100-g0-opt125m/raw/points/prefill/prefill-facebook-opt-125m-chunk-1024-sm-32.csv
facebook/opt-125m,1024,gemm,out_proj,32,2,66.3359984755516,36845056,38417920,1572864,1572864,1024,2026-04-15T13:53:16Z,baseline_nvml_pt,nvidia-smi,ok,0.0,35.0,1695.0,7601.0,63.45,0.14028799533843994,41.13818359375,41.13818359375,6.0,True,,100.0,40.48,97.2,estimated,,prefill-facebook-opt-125m-chunk-1024-sm-32,success,,,/mnt/data/dheeraj/dicertation/inference-profile/runs/revised-rerun-20260415-145100-g0-opt125m/raw/points/prefill/prefill-facebook-opt-125m-chunk-1024-sm-32.csv
facebook/opt-125m,1024,gemm,fc1,32,2,122.8799968957901,36845056,43136512,6291456,6291456,1024,2026-04-15T13:53:16Z,baseline_nvml_pt,nvidia-smi,ok,0.0,35.0,1695.0,7601.0,63.45,0.14028799533843994,41.13818359375,41.13818359375,6.0,True,,100.0,40.48,97.2,estimated,,prefill-facebook-opt-125m-chunk-1024-sm-32,success,,,/mnt/data/dheeraj/dicertation/inference-profile/runs/revised-rerun-20260415-145100-g0-opt125m/raw/points/prefill/prefill-facebook-opt-125m-chunk-1024-sm-32.csv
facebook/opt-125m,1024,gemm,fc2,32,2,110.59200018644333,36845056,38417920,1572864,1572864,1024,2026-04-15T13:53:16Z,baseline_nvml_pt,nvidia-smi,ok,0.0,35.0,1695.0,7601.0,63.45,0.14028799533843994,41.13818359375,41.13818359375,6.0,True,,100.0,40.48,97.2,estimated,,prefill-facebook-opt-125m-chunk-1024-sm-32,success,,,/mnt/data/dheeraj/dicertation/inference-profile/runs/revised-rerun-20260415-145100-g0-opt125m/raw/points/prefill/prefill-facebook-opt-125m-chunk-1024-sm-32.csv
facebook/opt-125m,1024,attention,attention,32,2,111.61600053310394,36845056,38468096,1623040,1572864,1024,2026-04-15T13:53:16Z,baseline_nvml_pt,nvidia-smi,ok,0.0,35.0,1695.0,7601.0,63.45,0.14028799533843994,41.13818359375,41.13818359375,6.0,True,,100.0,40.48,97.2,estimated,,prefill-facebook-opt-125m-chunk-1024-sm-32,success,,,/mnt/data/dheeraj/dicertation/inference-profile/runs/revised-rerun-20260415-145100-g0-opt125m/raw/points/prefill/prefill-facebook-opt-125m-chunk-1024-sm-32.csv
facebook/opt-125m,1024,gemm,q_proj,32,3,69.63200122117996,36845056,38417920,1572864,1572864,1024,2026-04-15T13:53:16Z,baseline_nvml_pt,nvidia-smi,ok,0.0,35.0,1695.0,7601.0,63.45,0.14028799533843994,41.13818359375,41.13818359375,6.0,True,,100.0,40.48,97.2,estimated,,prefill-facebook-opt-125m-chunk-1024-sm-32,success,,,/mnt/data/dheeraj/dicertation/inference-profile/runs/revised-rerun-20260415-145100-g0-opt125m/raw/points/prefill/prefill-facebook-opt-125m-chunk-1024-sm-32.csv
facebook/opt-125m,1024,gemm,k_proj,32,3,65.5359998345375,36845056,38417920,1572864,1572864,1024,2026-04-15T13:53:16Z,baseline_nvml_pt,nvidia-smi,ok,0.0,35.0,1695.0,7601.0,63.45,0.14028799533843994,41.13818359375,41.13818359375,6.0,True,,100.0,40.48,97.2,estimated,,prefill-facebook-opt-125m-chunk-1024-sm-32,success,,,/mnt/data/dheeraj/dicertation/inference-profile/runs/revised-rerun-20260415-145100-g0-opt125m/raw/points/prefill/prefill-facebook-opt-125m-chunk-1024-sm-32.csv
facebook/opt-125m,1024,gemm,v_proj,32,3,65.5359998345375,36845056,38417920,1572864,1572864,1024,2026-04-15T13:53:16Z,baseline_nvml_pt,nvidia-smi,ok,0.0,35.0,1695.0,7601.0,63.45,0.14028799533843994,41.13818359375,41.13818359375,6.0,True,,100.0,40.48,97.2,estimated,,prefill-facebook-opt-125m-chunk-1024-sm-32,success,,,/mnt/data/dheeraj/dicertation/inference-profile/runs/revised-rerun-20260415-145100-g0-opt125m/raw/points/prefill/prefill-facebook-opt-125m-chunk-1024-sm-32.csv
facebook/opt-125m,1024,gemm,out_proj,32,3,70.65600156784058,36845056,38417920,1572864,1572864,1024,2026-04-15T13:53:16Z,baseline_nvml_pt,nvidia-smi,ok,0.0,35.0,1695.0,7601.0,63.45,0.14028799533843994,41.13818359375,41.13818359375,6.0,True,,100.0,40.48,97.2,estimated,,prefill-facebook-opt-125m-chunk-1024-sm-32,success,,,/mnt/data/dheeraj/dicertation/inference-profile/runs/revised-rerun-20260415-145100-g0-opt125m/raw/points/prefill/prefill-facebook-opt-125m-chunk-1024-sm-32.csv
facebook/opt-125m,1024,gemm,fc1,32,3,121.76000326871872,36845056,43136512,6291456,6291456,1024,2026-04-15T13:53:16Z,baseline_nvml_pt,nvidia-smi,ok,0.0,35.0,1695.0,7601.0,63.45,0.14028799533843994,41.13818359375,41.13818359375,6.0,True,,100.0,40.48,97.2,estimated,,prefill-facebook-opt-125m-chunk-1024-sm-32,success,,,/mnt/data/dheeraj/dicertation/inference-profile/runs/revised-rerun-20260415-145100-g0-opt125m/raw/points/prefill/prefill-facebook-opt-125m-chunk-1024-sm-32.csv
facebook/opt-125m,1024,gemm,fc2,32,3,108.5439994931221,36845056,38417920,1572864,1572864,1024,2026-04-15T13:53:16Z,baseline_nvml_pt,nvidia-smi,ok,0.0,35.0,1695.0,7601.0,63.45,0.14028799533843994,41.13818359375,41.13818359375,6.0,True,,100.0,40.48,97.2,estimated,,prefill-facebook-opt-125m-chunk-1024-sm-32,success,,,/mnt/data/dheeraj/dicertation/inference-profile/runs/revised-rerun-20260415-145100-g0-opt125m/raw/points/prefill/prefill-facebook-opt-125m-chunk-1024-sm-32.csv
facebook/opt-125m,1024,attention,attention,32,3,97.31200337409973,36845056,38468096,1623040,1572864,1024,2026-04-15T13:53:16Z,baseline_nvml_pt,nvidia-smi,ok,0.0,35.0,1695.0,7601.0,63.45,0.14028799533843994,41.13818359375,41.13818359375,6.0,True,,100.0,40.48,97.2,estimated,,prefill-facebook-opt-125m-chunk-1024-sm-32,success,,,/mnt/data/dheeraj/dicertation/inference-profile/runs/revised-rerun-20260415-145100-g0-opt125m/raw/points/prefill/prefill-facebook-opt-125m-chunk-1024-sm-32.csv
facebook/opt-125m,1024,gemm,q_proj,32,4,68.44799965620041,36845056,38417920,1572864,1572864,1024,2026-04-15T13:53:16Z,baseline_nvml_pt,nvidia-smi,ok,0.0,35.0,1695.0,7601.0,63.45,0.14028799533843994,41.13818359375,41.13818359375,6.0,True,,100.0,40.48,97.2,estimated,,prefill-facebook-opt-125m-chunk-1024-sm-32,success,,,/mnt/data/dheeraj/dicertation/inference-profile/runs/revised-rerun-20260415-145100-g0-opt125m/raw/points/prefill/prefill-facebook-opt-125m-chunk-1024-sm-32.csv
facebook/opt-125m,1024,gemm,k_proj,32,4,64.51199948787689,36845056,38417920,1572864,1572864,1024,2026-04-15T13:53:16Z,baseline_nvml_pt,nvidia-smi,ok,0.0,35.0,1695.0,7601.0,63.45,0.14028799533843994,41.13818359375,41.13818359375,6.0,True,,100.0,40.48,97.2,estimated,,prefill-facebook-opt-125m-chunk-1024-sm-32,success,,,/mnt/data/dheeraj/dicertation/inference-profile/runs/revised-rerun-20260415-145100-g0-opt125m/raw/points/prefill/prefill-facebook-opt-125m-chunk-1024-sm-32.csv
facebook/opt-125m,1024,gemm,v_proj,32,4,66.27199798822403,36845056,38417920,1572864,1572864,1024,2026-04-15T13:53:16Z,baseline_nvml_pt,nvidia-smi,ok,0.0,35.0,1695.0,7601.0,63.45,0.14028799533843994,41.13818359375,41.13818359375,6.0,True,,100.0,40.48,97.2,estimated,,prefill-facebook-opt-125m-chunk-1024-sm-32,success,,,/mnt/data/dheeraj/dicertation/inference-profile/runs/revised-rerun-20260415-145100-g0-opt125m/raw/points/prefill/prefill-facebook-opt-125m-chunk-1024-sm-32.csv
facebook/opt-125m,1024,gemm,out_proj,32,4,61.43999844789505,36845056,38417920,1572864,1572864,1024,2026-04-15T13:53:16Z,baseline_nvml_pt,nvidia-smi,ok,0.0,35.0,1695.0,7601.0,63.45,0.14028799533843994,41.13818359375,41.13818359375,6.0,True,,100.0,40.48,97.2,estimated,,prefill-facebook-opt-125m-chunk-1024-sm-32,success,,,/mnt/data/dheeraj/dicertation/inference-profile/runs/revised-rerun-20260415-145100-g0-opt125m/raw/points/prefill/prefill-facebook-opt-125m-chunk-1024-sm-32.csv
facebook/opt-125m,1024,gemm,fc1,32,4,116.73600226640701,36845056,43136512,6291456,6291456,1024,2026-04-15T13:53:16Z,baseline_nvml_pt,nvidia-smi,ok,0.0,35.0,1695.0,7601.0,63.45,0.14028799533843994,41.13818359375,41.13818359375,6.0,True,,100.0,40.48,97.2,estimated,,prefill-facebook-opt-125m-chunk-1024-sm-32,success,,,/mnt/data/dheeraj/dicertation/inference-profile/runs/revised-rerun-20260415-145100-g0-opt125m/raw/points/prefill/prefill-facebook-opt-125m-chunk-1024-sm-32.csv
facebook/opt-125m,1024,gemm,fc2,32,4,120.83200365304947,36845056,38417920,1572864,1572864,1024,2026-04-15T13:53:16Z,baseline_nvml_pt,nvidia-smi,ok,0.0,35.0,1695.0,7601.0,63.45,0.14028799533843994,41.13818359375,41.13818359375,6.0,True,,100.0,40.48,97.2,estimated,,prefill-facebook-opt-125m-chunk-1024-sm-32,success,,,/mnt/data/dheeraj/dicertation/inference-profile/runs/revised-rerun-20260415-145100-g0-opt125m/raw/points/prefill/prefill-facebook-opt-125m-chunk-1024-sm-32.csv
facebook/opt-125m,1024,attention,attention,32,4,101.3759970664978,36845056,38468096,1623040,1572864,1024,2026-04-15T13:53:16Z,baseline_nvml_pt,nvidia-smi,ok,0.0,35.0,1695.0,7601.0,63.45,0.14028799533843994,41.13818359375,41.13818359375,6.0,True,,100.0,40.48,97.2,estimated,,prefill-facebook-opt-125m-chunk-1024-sm-32,success,,,/mnt/data/dheeraj/dicertation/inference-profile/runs/revised-rerun-20260415-145100-g0-opt125m/raw/points/prefill/prefill-facebook-opt-125m-chunk-1024-sm-32.csv
