model_id,chunk_tokens,op_type,op_name,sm_ai_partition,timed_iteration,duration_us,baseline_vram_bytes,peak_vram_bytes,dynamic_workspace_bytes,output_bytes,max_input_tokens,telemetry_ts,telemetry_tier,telemetry_provider,telemetry_status,gpu_util,gpu_mem_used_mb,sm_clock_mhz,mem_clock_mhz,power_w,pt_step_ms,pt_mem_alloc_mb,pt_mem_reserved_mb,pt_workspace_mb,nvml_available,sampling_error,acu_pct,gbu_pct,smu_pct,microscopic_telemetry_status,microscopic_error,point_id,public_status,failure_kind,failure_cause,raw_output_path
facebook/opt-125m,64,gemm,q_proj,8,0,150.52799880504608,24524288,24622592,98304,98304,1024,2026-04-14T11:52:50Z,baseline_nvml_pt,nvidia-smi,ok,1.0,7.0,1695.0,7601.0,62.23,0.15052799880504608,23.76318359375,23.76318359375,0.375,True,,,,,unavailable,,prefill-facebook-opt-125m-chunk-64-sm-8,success,,,/mnt/data/dheeraj/dicertation/inference-profile/runs/revised-full-20260414-g0-opt125m/raw/points/prefill/prefill-facebook-opt-125m-chunk-64-sm-8.csv
facebook/opt-125m,64,gemm,k_proj,8,0,106.49599879980087,24524288,24622592,98304,98304,1024,2026-04-14T11:52:50Z,baseline_nvml_pt,nvidia-smi,ok,1.0,7.0,1695.0,7601.0,62.23,0.15052799880504608,23.76318359375,23.76318359375,0.375,True,,,,,unavailable,,prefill-facebook-opt-125m-chunk-64-sm-8,success,,,/mnt/data/dheeraj/dicertation/inference-profile/runs/revised-full-20260414-g0-opt125m/raw/points/prefill/prefill-facebook-opt-125m-chunk-64-sm-8.csv
facebook/opt-125m,64,gemm,v_proj,8,0,87.07199990749359,24524288,24622592,98304,98304,1024,2026-04-14T11:52:50Z,baseline_nvml_pt,nvidia-smi,ok,1.0,7.0,1695.0,7601.0,62.23,0.15052799880504608,23.76318359375,23.76318359375,0.375,True,,,,,unavailable,,prefill-facebook-opt-125m-chunk-64-sm-8,success,,,/mnt/data/dheeraj/dicertation/inference-profile/runs/revised-full-20260414-g0-opt125m/raw/points/prefill/prefill-facebook-opt-125m-chunk-64-sm-8.csv
facebook/opt-125m,64,gemm,out_proj,8,0,92.00000017881393,24524288,24622592,98304,98304,1024,2026-04-14T11:52:50Z,baseline_nvml_pt,nvidia-smi,ok,1.0,7.0,1695.0,7601.0,62.23,0.15052799880504608,23.76318359375,23.76318359375,0.375,True,,,,,unavailable,,prefill-facebook-opt-125m-chunk-64-sm-8,success,,,/mnt/data/dheeraj/dicertation/inference-profile/runs/revised-full-20260414-g0-opt125m/raw/points/prefill/prefill-facebook-opt-125m-chunk-64-sm-8.csv
facebook/opt-125m,64,gemm,fc1,8,0,74.75200295448303,24524288,24917504,393216,393216,1024,2026-04-14T11:52:50Z,baseline_nvml_pt,nvidia-smi,ok,1.0,7.0,1695.0,7601.0,62.23,0.15052799880504608,23.76318359375,23.76318359375,0.375,True,,,,,unavailable,,prefill-facebook-opt-125m-chunk-64-sm-8,success,,,/mnt/data/dheeraj/dicertation/inference-profile/runs/revised-full-20260414-g0-opt125m/raw/points/prefill/prefill-facebook-opt-125m-chunk-64-sm-8.csv
facebook/opt-125m,64,gemm,fc2,8,0,72.7040022611618,24524288,24622592,98304,98304,1024,2026-04-14T11:52:50Z,baseline_nvml_pt,nvidia-smi,ok,1.0,7.0,1695.0,7601.0,62.23,0.15052799880504608,23.76318359375,23.76318359375,0.375,True,,,,,unavailable,,prefill-facebook-opt-125m-chunk-64-sm-8,success,,,/mnt/data/dheeraj/dicertation/inference-profile/runs/revised-full-20260414-g0-opt125m/raw/points/prefill/prefill-facebook-opt-125m-chunk-64-sm-8.csv
facebook/opt-125m,64,attention,attention,8,0,63.48799914121628,24524288,24626688,102400,98304,1024,2026-04-14T11:52:50Z,baseline_nvml_pt,nvidia-smi,ok,1.0,7.0,1695.0,7601.0,62.23,0.15052799880504608,23.76318359375,23.76318359375,0.375,True,,,,,unavailable,,prefill-facebook-opt-125m-chunk-64-sm-8,success,,,/mnt/data/dheeraj/dicertation/inference-profile/runs/revised-full-20260414-g0-opt125m/raw/points/prefill/prefill-facebook-opt-125m-chunk-64-sm-8.csv
facebook/opt-125m,64,gemm,q_proj,8,1,76.80000364780426,24524288,24622592,98304,98304,1024,2026-04-14T11:52:50Z,baseline_nvml_pt,nvidia-smi,ok,1.0,7.0,1695.0,7601.0,62.23,0.15052799880504608,23.76318359375,23.76318359375,0.375,True,,,,,unavailable,,prefill-facebook-opt-125m-chunk-64-sm-8,success,,,/mnt/data/dheeraj/dicertation/inference-profile/runs/revised-full-20260414-g0-opt125m/raw/points/prefill/prefill-facebook-opt-125m-chunk-64-sm-8.csv
facebook/opt-125m,64,gemm,k_proj,8,1,76.80000364780426,24524288,24622592,98304,98304,1024,2026-04-14T11:52:50Z,baseline_nvml_pt,nvidia-smi,ok,1.0,7.0,1695.0,7601.0,62.23,0.15052799880504608,23.76318359375,23.76318359375,0.375,True,,,,,unavailable,,prefill-facebook-opt-125m-chunk-64-sm-8,success,,,/mnt/data/dheeraj/dicertation/inference-profile/runs/revised-full-20260414-g0-opt125m/raw/points/prefill/prefill-facebook-opt-125m-chunk-64-sm-8.csv
facebook/opt-125m,64,gemm,v_proj,8,1,70.65600156784058,24524288,24622592,98304,98304,1024,2026-04-14T11:52:50Z,baseline_nvml_pt,nvidia-smi,ok,1.0,7.0,1695.0,7601.0,62.23,0.15052799880504608,23.76318359375,23.76318359375,0.375,True,,,,,unavailable,,prefill-facebook-opt-125m-chunk-64-sm-8,success,,,/mnt/data/dheeraj/dicertation/inference-profile/runs/revised-full-20260414-g0-opt125m/raw/points/prefill/prefill-facebook-opt-125m-chunk-64-sm-8.csv
facebook/opt-125m,64,gemm,out_proj,8,1,68.41599941253662,24524288,24622592,98304,98304,1024,2026-04-14T11:52:50Z,baseline_nvml_pt,nvidia-smi,ok,1.0,7.0,1695.0,7601.0,62.23,0.15052799880504608,23.76318359375,23.76318359375,0.375,True,,,,,unavailable,,prefill-facebook-opt-125m-chunk-64-sm-8,success,,,/mnt/data/dheeraj/dicertation/inference-profile/runs/revised-full-20260414-g0-opt125m/raw/points/prefill/prefill-facebook-opt-125m-chunk-64-sm-8.csv
facebook/opt-125m,64,gemm,fc1,8,1,79.8719972372055,24524288,24917504,393216,393216,1024,2026-04-14T11:52:50Z,baseline_nvml_pt,nvidia-smi,ok,1.0,7.0,1695.0,7601.0,62.23,0.15052799880504608,23.76318359375,23.76318359375,0.375,True,,,,,unavailable,,prefill-facebook-opt-125m-chunk-64-sm-8,success,,,/mnt/data/dheeraj/dicertation/inference-profile/runs/revised-full-20260414-g0-opt125m/raw/points/prefill/prefill-facebook-opt-125m-chunk-64-sm-8.csv
facebook/opt-125m,64,gemm,fc2,8,1,66.56000018119812,24524288,24622592,98304,98304,1024,2026-04-14T11:52:50Z,baseline_nvml_pt,nvidia-smi,ok,1.0,7.0,1695.0,7601.0,62.23,0.15052799880504608,23.76318359375,23.76318359375,0.375,True,,,,,unavailable,,prefill-facebook-opt-125m-chunk-64-sm-8,success,,,/mnt/data/dheeraj/dicertation/inference-profile/runs/revised-full-20260414-g0-opt125m/raw/points/prefill/prefill-facebook-opt-125m-chunk-64-sm-8.csv
facebook/opt-125m,64,attention,attention,8,1,59.328000992536545,24524288,24626688,102400,98304,1024,2026-04-14T11:52:50Z,baseline_nvml_pt,nvidia-smi,ok,1.0,7.0,1695.0,7601.0,62.23,0.15052799880504608,23.76318359375,23.76318359375,0.375,True,,,,,unavailable,,prefill-facebook-opt-125m-chunk-64-sm-8,success,,,/mnt/data/dheeraj/dicertation/inference-profile/runs/revised-full-20260414-g0-opt125m/raw/points/prefill/prefill-facebook-opt-125m-chunk-64-sm-8.csv
facebook/opt-125m,64,gemm,q_proj,8,2,73.69600236415863,24524288,24622592,98304,98304,1024,2026-04-14T11:52:50Z,baseline_nvml_pt,nvidia-smi,ok,1.0,7.0,1695.0,7601.0,62.23,0.15052799880504608,23.76318359375,23.76318359375,0.375,True,,,,,unavailable,,prefill-facebook-opt-125m-chunk-64-sm-8,success,,,/mnt/data/dheeraj/dicertation/inference-profile/runs/revised-full-20260414-g0-opt125m/raw/points/prefill/prefill-facebook-opt-125m-chunk-64-sm-8.csv
facebook/opt-125m,64,gemm,k_proj,8,2,71.48800045251846,24524288,24622592,98304,98304,1024,2026-04-14T11:52:50Z,baseline_nvml_pt,nvidia-smi,ok,1.0,7.0,1695.0,7601.0,62.23,0.15052799880504608,23.76318359375,23.76318359375,0.375,True,,,,,unavailable,,prefill-facebook-opt-125m-chunk-64-sm-8,success,,,/mnt/data/dheeraj/dicertation/inference-profile/runs/revised-full-20260414-g0-opt125m/raw/points/prefill/prefill-facebook-opt-125m-chunk-64-sm-8.csv
facebook/opt-125m,64,gemm,v_proj,8,2,85.24800091981888,24524288,24622592,98304,98304,1024,2026-04-14T11:52:50Z,baseline_nvml_pt,nvidia-smi,ok,1.0,7.0,1695.0,7601.0,62.23,0.15052799880504608,23.76318359375,23.76318359375,0.375,True,,,,,unavailable,,prefill-facebook-opt-125m-chunk-64-sm-8,success,,,/mnt/data/dheeraj/dicertation/inference-profile/runs/revised-full-20260414-g0-opt125m/raw/points/prefill/prefill-facebook-opt-125m-chunk-64-sm-8.csv
facebook/opt-125m,64,gemm,out_proj,8,2,69.63200122117996,24524288,24622592,98304,98304,1024,2026-04-14T11:52:50Z,baseline_nvml_pt,nvidia-smi,ok,1.0,7.0,1695.0,7601.0,62.23,0.15052799880504608,23.76318359375,23.76318359375,0.375,True,,,,,unavailable,,prefill-facebook-opt-125m-chunk-64-sm-8,success,,,/mnt/data/dheeraj/dicertation/inference-profile/runs/revised-full-20260414-g0-opt125m/raw/points/prefill/prefill-facebook-opt-125m-chunk-64-sm-8.csv
facebook/opt-125m,64,gemm,fc1,8,2,84.99199897050858,24524288,24917504,393216,393216,1024,2026-04-14T11:52:50Z,baseline_nvml_pt,nvidia-smi,ok,1.0,7.0,1695.0,7601.0,62.23,0.15052799880504608,23.76318359375,23.76318359375,0.375,True,,,,,unavailable,,prefill-facebook-opt-125m-chunk-64-sm-8,success,,,/mnt/data/dheeraj/dicertation/inference-profile/runs/revised-full-20260414-g0-opt125m/raw/points/prefill/prefill-facebook-opt-125m-chunk-64-sm-8.csv
facebook/opt-125m,64,gemm,fc2,8,2,68.60800087451935,24524288,24622592,98304,98304,1024,2026-04-14T11:52:50Z,baseline_nvml_pt,nvidia-smi,ok,1.0,7.0,1695.0,7601.0,62.23,0.15052799880504608,23.76318359375,23.76318359375,0.375,True,,,,,unavailable,,prefill-facebook-opt-125m-chunk-64-sm-8,success,,,/mnt/data/dheeraj/dicertation/inference-profile/runs/revised-full-20260414-g0-opt125m/raw/points/prefill/prefill-facebook-opt-125m-chunk-64-sm-8.csv
facebook/opt-125m,64,attention,attention,8,2,59.20000001788139,24524288,24626688,102400,98304,1024,2026-04-14T11:52:50Z,baseline_nvml_pt,nvidia-smi,ok,1.0,7.0,1695.0,7601.0,62.23,0.15052799880504608,23.76318359375,23.76318359375,0.375,True,,,,,unavailable,,prefill-facebook-opt-125m-chunk-64-sm-8,success,,,/mnt/data/dheeraj/dicertation/inference-profile/runs/revised-full-20260414-g0-opt125m/raw/points/prefill/prefill-facebook-opt-125m-chunk-64-sm-8.csv
facebook/opt-125m,64,gemm,q_proj,8,3,72.64000177383423,24524288,24622592,98304,98304,1024,2026-04-14T11:52:50Z,baseline_nvml_pt,nvidia-smi,ok,1.0,7.0,1695.0,7601.0,62.23,0.15052799880504608,23.76318359375,23.76318359375,0.375,True,,,,,unavailable,,prefill-facebook-opt-125m-chunk-64-sm-8,success,,,/mnt/data/dheeraj/dicertation/inference-profile/runs/revised-full-20260414-g0-opt125m/raw/points/prefill/prefill-facebook-opt-125m-chunk-64-sm-8.csv
facebook/opt-125m,64,gemm,k_proj,8,3,69.40799951553345,24524288,24622592,98304,98304,1024,2026-04-14T11:52:50Z,baseline_nvml_pt,nvidia-smi,ok,1.0,7.0,1695.0,7601.0,62.23,0.15052799880504608,23.76318359375,23.76318359375,0.375,True,,,,,unavailable,,prefill-facebook-opt-125m-chunk-64-sm-8,success,,,/mnt/data/dheeraj/dicertation/inference-profile/runs/revised-full-20260414-g0-opt125m/raw/points/prefill/prefill-facebook-opt-125m-chunk-64-sm-8.csv
facebook/opt-125m,64,gemm,v_proj,8,3,67.58400052785873,24524288,24622592,98304,98304,1024,2026-04-14T11:52:50Z,baseline_nvml_pt,nvidia-smi,ok,1.0,7.0,1695.0,7601.0,62.23,0.15052799880504608,23.76318359375,23.76318359375,0.375,True,,,,,unavailable,,prefill-facebook-opt-125m-chunk-64-sm-8,success,,,/mnt/data/dheeraj/dicertation/inference-profile/runs/revised-full-20260414-g0-opt125m/raw/points/prefill/prefill-facebook-opt-125m-chunk-64-sm-8.csv
facebook/opt-125m,64,gemm,out_proj,8,3,67.58400052785873,24524288,24622592,98304,98304,1024,2026-04-14T11:52:50Z,baseline_nvml_pt,nvidia-smi,ok,1.0,7.0,1695.0,7601.0,62.23,0.15052799880504608,23.76318359375,23.76318359375,0.375,True,,,,,unavailable,,prefill-facebook-opt-125m-chunk-64-sm-8,success,,,/mnt/data/dheeraj/dicertation/inference-profile/runs/revised-full-20260414-g0-opt125m/raw/points/prefill/prefill-facebook-opt-125m-chunk-64-sm-8.csv
facebook/opt-125m,64,gemm,fc1,8,3,69.63200122117996,24524288,24917504,393216,393216,1024,2026-04-14T11:52:50Z,baseline_nvml_pt,nvidia-smi,ok,1.0,7.0,1695.0,7601.0,62.23,0.15052799880504608,23.76318359375,23.76318359375,0.375,True,,,,,unavailable,,prefill-facebook-opt-125m-chunk-64-sm-8,success,,,/mnt/data/dheeraj/dicertation/inference-profile/runs/revised-full-20260414-g0-opt125m/raw/points/prefill/prefill-facebook-opt-125m-chunk-64-sm-8.csv
facebook/opt-125m,64,gemm,fc2,8,3,68.60800087451935,24524288,24622592,98304,98304,1024,2026-04-14T11:52:50Z,baseline_nvml_pt,nvidia-smi,ok,1.0,7.0,1695.0,7601.0,62.23,0.15052799880504608,23.76318359375,23.76318359375,0.375,True,,,,,unavailable,,prefill-facebook-opt-125m-chunk-64-sm-8,success,,,/mnt/data/dheeraj/dicertation/inference-profile/runs/revised-full-20260414-g0-opt125m/raw/points/prefill/prefill-facebook-opt-125m-chunk-64-sm-8.csv
facebook/opt-125m,64,attention,attention,8,3,53.279999643564224,24524288,24626688,102400,98304,1024,2026-04-14T11:52:50Z,baseline_nvml_pt,nvidia-smi,ok,1.0,7.0,1695.0,7601.0,62.23,0.15052799880504608,23.76318359375,23.76318359375,0.375,True,,,,,unavailable,,prefill-facebook-opt-125m-chunk-64-sm-8,success,,,/mnt/data/dheeraj/dicertation/inference-profile/runs/revised-full-20260414-g0-opt125m/raw/points/prefill/prefill-facebook-opt-125m-chunk-64-sm-8.csv
facebook/opt-125m,64,gemm,q_proj,8,4,77.82399654388428,24524288,24622592,98304,98304,1024,2026-04-14T11:52:50Z,baseline_nvml_pt,nvidia-smi,ok,1.0,7.0,1695.0,7601.0,62.23,0.15052799880504608,23.76318359375,23.76318359375,0.375,True,,,,,unavailable,,prefill-facebook-opt-125m-chunk-64-sm-8,success,,,/mnt/data/dheeraj/dicertation/inference-profile/runs/revised-full-20260414-g0-opt125m/raw/points/prefill/prefill-facebook-opt-125m-chunk-64-sm-8.csv
facebook/opt-125m,64,gemm,k_proj,8,4,68.60800087451935,24524288,24622592,98304,98304,1024,2026-04-14T11:52:50Z,baseline_nvml_pt,nvidia-smi,ok,1.0,7.0,1695.0,7601.0,62.23,0.15052799880504608,23.76318359375,23.76318359375,0.375,True,,,,,unavailable,,prefill-facebook-opt-125m-chunk-64-sm-8,success,,,/mnt/data/dheeraj/dicertation/inference-profile/runs/revised-full-20260414-g0-opt125m/raw/points/prefill/prefill-facebook-opt-125m-chunk-64-sm-8.csv
facebook/opt-125m,64,gemm,v_proj,8,4,66.46399945020676,24524288,24622592,98304,98304,1024,2026-04-14T11:52:50Z,baseline_nvml_pt,nvidia-smi,ok,1.0,7.0,1695.0,7601.0,62.23,0.15052799880504608,23.76318359375,23.76318359375,0.375,True,,,,,unavailable,,prefill-facebook-opt-125m-chunk-64-sm-8,success,,,/mnt/data/dheeraj/dicertation/inference-profile/runs/revised-full-20260414-g0-opt125m/raw/points/prefill/prefill-facebook-opt-125m-chunk-64-sm-8.csv
facebook/opt-125m,64,gemm,out_proj,8,4,67.4239993095398,24524288,24622592,98304,98304,1024,2026-04-14T11:52:50Z,baseline_nvml_pt,nvidia-smi,ok,1.0,7.0,1695.0,7601.0,62.23,0.15052799880504608,23.76318359375,23.76318359375,0.375,True,,,,,unavailable,,prefill-facebook-opt-125m-chunk-64-sm-8,success,,,/mnt/data/dheeraj/dicertation/inference-profile/runs/revised-full-20260414-g0-opt125m/raw/points/prefill/prefill-facebook-opt-125m-chunk-64-sm-8.csv
facebook/opt-125m,64,gemm,fc1,8,4,62.463998794555664,24524288,24917504,393216,393216,1024,2026-04-14T11:52:50Z,baseline_nvml_pt,nvidia-smi,ok,1.0,7.0,1695.0,7601.0,62.23,0.15052799880504608,23.76318359375,23.76318359375,0.375,True,,,,,unavailable,,prefill-facebook-opt-125m-chunk-64-sm-8,success,,,/mnt/data/dheeraj/dicertation/inference-profile/runs/revised-full-20260414-g0-opt125m/raw/points/prefill/prefill-facebook-opt-125m-chunk-64-sm-8.csv
facebook/opt-125m,64,gemm,fc2,8,4,64.51199948787689,24524288,24622592,98304,98304,1024,2026-04-14T11:52:50Z,baseline_nvml_pt,nvidia-smi,ok,1.0,7.0,1695.0,7601.0,62.23,0.15052799880504608,23.76318359375,23.76318359375,0.375,True,,,,,unavailable,,prefill-facebook-opt-125m-chunk-64-sm-8,success,,,/mnt/data/dheeraj/dicertation/inference-profile/runs/revised-full-20260414-g0-opt125m/raw/points/prefill/prefill-facebook-opt-125m-chunk-64-sm-8.csv
facebook/opt-125m,64,attention,attention,8,4,52.22399905323982,24524288,24626688,102400,98304,1024,2026-04-14T11:52:50Z,baseline_nvml_pt,nvidia-smi,ok,1.0,7.0,1695.0,7601.0,62.23,0.15052799880504608,23.76318359375,23.76318359375,0.375,True,,,,,unavailable,,prefill-facebook-opt-125m-chunk-64-sm-8,success,,,/mnt/data/dheeraj/dicertation/inference-profile/runs/revised-full-20260414-g0-opt125m/raw/points/prefill/prefill-facebook-opt-125m-chunk-64-sm-8.csv
facebook/opt-125m,64,gemm,q_proj,16,0,136.09600067138672,24524288,24622592,98304,98304,1024,2026-04-14T11:52:57Z,baseline_nvml_pt,nvidia-smi,ok,0.0,7.0,1695.0,7601.0,62.16,0.13609600067138672,23.76318359375,23.76318359375,0.375,True,,,,,unavailable,,prefill-facebook-opt-125m-chunk-64-sm-16,success,,,/mnt/data/dheeraj/dicertation/inference-profile/runs/revised-full-20260414-g0-opt125m/raw/points/prefill/prefill-facebook-opt-125m-chunk-64-sm-16.csv
facebook/opt-125m,64,gemm,k_proj,16,0,104.44799810647964,24524288,24622592,98304,98304,1024,2026-04-14T11:52:57Z,baseline_nvml_pt,nvidia-smi,ok,0.0,7.0,1695.0,7601.0,62.16,0.13609600067138672,23.76318359375,23.76318359375,0.375,True,,,,,unavailable,,prefill-facebook-opt-125m-chunk-64-sm-16,success,,,/mnt/data/dheeraj/dicertation/inference-profile/runs/revised-full-20260414-g0-opt125m/raw/points/prefill/prefill-facebook-opt-125m-chunk-64-sm-16.csv
facebook/opt-125m,64,gemm,v_proj,16,0,94.2080020904541,24524288,24622592,98304,98304,1024,2026-04-14T11:52:57Z,baseline_nvml_pt,nvidia-smi,ok,0.0,7.0,1695.0,7601.0,62.16,0.13609600067138672,23.76318359375,23.76318359375,0.375,True,,,,,unavailable,,prefill-facebook-opt-125m-chunk-64-sm-16,success,,,/mnt/data/dheeraj/dicertation/inference-profile/runs/revised-full-20260414-g0-opt125m/raw/points/prefill/prefill-facebook-opt-125m-chunk-64-sm-16.csv
facebook/opt-125m,64,gemm,out_proj,16,0,88.83199840784073,24524288,24622592,98304,98304,1024,2026-04-14T11:52:57Z,baseline_nvml_pt,nvidia-smi,ok,0.0,7.0,1695.0,7601.0,62.16,0.13609600067138672,23.76318359375,23.76318359375,0.375,True,,,,,unavailable,,prefill-facebook-opt-125m-chunk-64-sm-16,success,,,/mnt/data/dheeraj/dicertation/inference-profile/runs/revised-full-20260414-g0-opt125m/raw/points/prefill/prefill-facebook-opt-125m-chunk-64-sm-16.csv
facebook/opt-125m,64,gemm,fc1,16,0,75.83999633789062,24524288,24917504,393216,393216,1024,2026-04-14T11:52:57Z,baseline_nvml_pt,nvidia-smi,ok,0.0,7.0,1695.0,7601.0,62.16,0.13609600067138672,23.76318359375,23.76318359375,0.375,True,,,,,unavailable,,prefill-facebook-opt-125m-chunk-64-sm-16,success,,,/mnt/data/dheeraj/dicertation/inference-profile/runs/revised-full-20260414-g0-opt125m/raw/points/prefill/prefill-facebook-opt-125m-chunk-64-sm-16.csv
facebook/opt-125m,64,gemm,fc2,16,0,73.72800260782242,24524288,24622592,98304,98304,1024,2026-04-14T11:52:57Z,baseline_nvml_pt,nvidia-smi,ok,0.0,7.0,1695.0,7601.0,62.16,0.13609600067138672,23.76318359375,23.76318359375,0.375,True,,,,,unavailable,,prefill-facebook-opt-125m-chunk-64-sm-16,success,,,/mnt/data/dheeraj/dicertation/inference-profile/runs/revised-full-20260414-g0-opt125m/raw/points/prefill/prefill-facebook-opt-125m-chunk-64-sm-16.csv
facebook/opt-125m,64,attention,attention,16,0,61.664000153541565,24524288,24626688,102400,98304,1024,2026-04-14T11:52:57Z,baseline_nvml_pt,nvidia-smi,ok,0.0,7.0,1695.0,7601.0,62.16,0.13609600067138672,23.76318359375,23.76318359375,0.375,True,,,,,unavailable,,prefill-facebook-opt-125m-chunk-64-sm-16,success,,,/mnt/data/dheeraj/dicertation/inference-profile/runs/revised-full-20260414-g0-opt125m/raw/points/prefill/prefill-facebook-opt-125m-chunk-64-sm-16.csv
facebook/opt-125m,64,gemm,q_proj,16,1,78.87999713420868,24524288,24622592,98304,98304,1024,2026-04-14T11:52:57Z,baseline_nvml_pt,nvidia-smi,ok,0.0,7.0,1695.0,7601.0,62.16,0.13609600067138672,23.76318359375,23.76318359375,0.375,True,,,,,unavailable,,prefill-facebook-opt-125m-chunk-64-sm-16,success,,,/mnt/data/dheeraj/dicertation/inference-profile/runs/revised-full-20260414-g0-opt125m/raw/points/prefill/prefill-facebook-opt-125m-chunk-64-sm-16.csv
facebook/opt-125m,64,gemm,k_proj,16,1,75.71200281381607,24524288,24622592,98304,98304,1024,2026-04-14T11:52:57Z,baseline_nvml_pt,nvidia-smi,ok,0.0,7.0,1695.0,7601.0,62.16,0.13609600067138672,23.76318359375,23.76318359375,0.375,True,,,,,unavailable,,prefill-facebook-opt-125m-chunk-64-sm-16,success,,,/mnt/data/dheeraj/dicertation/inference-profile/runs/revised-full-20260414-g0-opt125m/raw/points/prefill/prefill-facebook-opt-125m-chunk-64-sm-16.csv
facebook/opt-125m,64,gemm,v_proj,16,1,71.6480016708374,24524288,24622592,98304,98304,1024,2026-04-14T11:52:57Z,baseline_nvml_pt,nvidia-smi,ok,0.0,7.0,1695.0,7601.0,62.16,0.13609600067138672,23.76318359375,23.76318359375,0.375,True,,,,,unavailable,,prefill-facebook-opt-125m-chunk-64-sm-16,success,,,/mnt/data/dheeraj/dicertation/inference-profile/runs/revised-full-20260414-g0-opt125m/raw/points/prefill/prefill-facebook-opt-125m-chunk-64-sm-16.csv
facebook/opt-125m,64,gemm,out_proj,16,1,68.60800087451935,24524288,24622592,98304,98304,1024,2026-04-14T11:52:57Z,baseline_nvml_pt,nvidia-smi,ok,0.0,7.0,1695.0,7601.0,62.16,0.13609600067138672,23.76318359375,23.76318359375,0.375,True,,,,,unavailable,,prefill-facebook-opt-125m-chunk-64-sm-16,success,,,/mnt/data/dheeraj/dicertation/inference-profile/runs/revised-full-20260414-g0-opt125m/raw/points/prefill/prefill-facebook-opt-125m-chunk-64-sm-16.csv
facebook/opt-125m,64,gemm,fc1,16,1,66.56000018119812,24524288,24917504,393216,393216,1024,2026-04-14T11:52:57Z,baseline_nvml_pt,nvidia-smi,ok,0.0,7.0,1695.0,7601.0,62.16,0.13609600067138672,23.76318359375,23.76318359375,0.375,True,,,,,unavailable,,prefill-facebook-opt-125m-chunk-64-sm-16,success,,,/mnt/data/dheeraj/dicertation/inference-profile/runs/revised-full-20260414-g0-opt125m/raw/points/prefill/prefill-facebook-opt-125m-chunk-64-sm-16.csv
facebook/opt-125m,64,gemm,fc2,16,1,66.59200042486191,24524288,24622592,98304,98304,1024,2026-04-14T11:52:57Z,baseline_nvml_pt,nvidia-smi,ok,0.0,7.0,1695.0,7601.0,62.16,0.13609600067138672,23.76318359375,23.76318359375,0.375,True,,,,,unavailable,,prefill-facebook-opt-125m-chunk-64-sm-16,success,,,/mnt/data/dheeraj/dicertation/inference-profile/runs/revised-full-20260414-g0-opt125m/raw/points/prefill/prefill-facebook-opt-125m-chunk-64-sm-16.csv
facebook/opt-125m,64,attention,attention,16,1,58.36800113320351,24524288,24626688,102400,98304,1024,2026-04-14T11:52:57Z,baseline_nvml_pt,nvidia-smi,ok,0.0,7.0,1695.0,7601.0,62.16,0.13609600067138672,23.76318359375,23.76318359375,0.375,True,,,,,unavailable,,prefill-facebook-opt-125m-chunk-64-sm-16,success,,,/mnt/data/dheeraj/dicertation/inference-profile/runs/revised-full-20260414-g0-opt125m/raw/points/prefill/prefill-facebook-opt-125m-chunk-64-sm-16.csv
facebook/opt-125m,64,gemm,q_proj,16,2,72.7040022611618,24524288,24622592,98304,98304,1024,2026-04-14T11:52:57Z,baseline_nvml_pt,nvidia-smi,ok,0.0,7.0,1695.0,7601.0,62.16,0.13609600067138672,23.76318359375,23.76318359375,0.375,True,,,,,unavailable,,prefill-facebook-opt-125m-chunk-64-sm-16,success,,,/mnt/data/dheeraj/dicertation/inference-profile/runs/revised-full-20260414-g0-opt125m/raw/points/prefill/prefill-facebook-opt-125m-chunk-64-sm-16.csv
facebook/opt-125m,64,gemm,k_proj,16,2,70.65600156784058,24524288,24622592,98304,98304,1024,2026-04-14T11:52:57Z,baseline_nvml_pt,nvidia-smi,ok,0.0,7.0,1695.0,7601.0,62.16,0.13609600067138672,23.76318359375,23.76318359375,0.375,True,,,,,unavailable,,prefill-facebook-opt-125m-chunk-64-sm-16,success,,,/mnt/data/dheeraj/dicertation/inference-profile/runs/revised-full-20260414-g0-opt125m/raw/points/prefill/prefill-facebook-opt-125m-chunk-64-sm-16.csv
facebook/opt-125m,64,gemm,v_proj,16,2,78.84799689054489,24524288,24622592,98304,98304,1024,2026-04-14T11:52:57Z,baseline_nvml_pt,nvidia-smi,ok,0.0,7.0,1695.0,7601.0,62.16,0.13609600067138672,23.76318359375,23.76318359375,0.375,True,,,,,unavailable,,prefill-facebook-opt-125m-chunk-64-sm-16,success,,,/mnt/data/dheeraj/dicertation/inference-profile/runs/revised-full-20260414-g0-opt125m/raw/points/prefill/prefill-facebook-opt-125m-chunk-64-sm-16.csv
facebook/opt-125m,64,gemm,out_proj,16,2,70.65600156784058,24524288,24622592,98304,98304,1024,2026-04-14T11:52:57Z,baseline_nvml_pt,nvidia-smi,ok,0.0,7.0,1695.0,7601.0,62.16,0.13609600067138672,23.76318359375,23.76318359375,0.375,True,,,,,unavailable,,prefill-facebook-opt-125m-chunk-64-sm-16,success,,,/mnt/data/dheeraj/dicertation/inference-profile/runs/revised-full-20260414-g0-opt125m/raw/points/prefill/prefill-facebook-opt-125m-chunk-64-sm-16.csv
facebook/opt-125m,64,gemm,fc1,16,2,66.56000018119812,24524288,24917504,393216,393216,1024,2026-04-14T11:52:57Z,baseline_nvml_pt,nvidia-smi,ok,0.0,7.0,1695.0,7601.0,62.16,0.13609600067138672,23.76318359375,23.76318359375,0.375,True,,,,,unavailable,,prefill-facebook-opt-125m-chunk-64-sm-16,success,,,/mnt/data/dheeraj/dicertation/inference-profile/runs/revised-full-20260414-g0-opt125m/raw/points/prefill/prefill-facebook-opt-125m-chunk-64-sm-16.csv
facebook/opt-125m,64,gemm,fc2,16,2,77.08799839019775,24524288,24622592,98304,98304,1024,2026-04-14T11:52:57Z,baseline_nvml_pt,nvidia-smi,ok,0.0,7.0,1695.0,7601.0,62.16,0.13609600067138672,23.76318359375,23.76318359375,0.375,True,,,,,unavailable,,prefill-facebook-opt-125m-chunk-64-sm-16,success,,,/mnt/data/dheeraj/dicertation/inference-profile/runs/revised-full-20260414-g0-opt125m/raw/points/prefill/prefill-facebook-opt-125m-chunk-64-sm-16.csv
facebook/opt-125m,64,attention,attention,16,2,57.40800127387047,24524288,24626688,102400,98304,1024,2026-04-14T11:52:57Z,baseline_nvml_pt,nvidia-smi,ok,0.0,7.0,1695.0,7601.0,62.16,0.13609600067138672,23.76318359375,23.76318359375,0.375,True,,,,,unavailable,,prefill-facebook-opt-125m-chunk-64-sm-16,success,,,/mnt/data/dheeraj/dicertation/inference-profile/runs/revised-full-20260414-g0-opt125m/raw/points/prefill/prefill-facebook-opt-125m-chunk-64-sm-16.csv
facebook/opt-125m,64,gemm,q_proj,16,3,71.74400240182877,24524288,24622592,98304,98304,1024,2026-04-14T11:52:57Z,baseline_nvml_pt,nvidia-smi,ok,0.0,7.0,1695.0,7601.0,62.16,0.13609600067138672,23.76318359375,23.76318359375,0.375,True,,,,,unavailable,,prefill-facebook-opt-125m-chunk-64-sm-16,success,,,/mnt/data/dheeraj/dicertation/inference-profile/runs/revised-full-20260414-g0-opt125m/raw/points/prefill/prefill-facebook-opt-125m-chunk-64-sm-16.csv
facebook/opt-125m,64,gemm,k_proj,16,3,67.77600198984146,24524288,24622592,98304,98304,1024,2026-04-14T11:52:57Z,baseline_nvml_pt,nvidia-smi,ok,0.0,7.0,1695.0,7601.0,62.16,0.13609600067138672,23.76318359375,23.76318359375,0.375,True,,,,,unavailable,,prefill-facebook-opt-125m-chunk-64-sm-16,success,,,/mnt/data/dheeraj/dicertation/inference-profile/runs/revised-full-20260414-g0-opt125m/raw/points/prefill/prefill-facebook-opt-125m-chunk-64-sm-16.csv
facebook/opt-125m,64,gemm,v_proj,16,3,68.51200014352798,24524288,24622592,98304,98304,1024,2026-04-14T11:52:57Z,baseline_nvml_pt,nvidia-smi,ok,0.0,7.0,1695.0,7601.0,62.16,0.13609600067138672,23.76318359375,23.76318359375,0.375,True,,,,,unavailable,,prefill-facebook-opt-125m-chunk-64-sm-16,success,,,/mnt/data/dheeraj/dicertation/inference-profile/runs/revised-full-20260414-g0-opt125m/raw/points/prefill/prefill-facebook-opt-125m-chunk-64-sm-16.csv
facebook/opt-125m,64,gemm,out_proj,16,3,68.76800209283829,24524288,24622592,98304,98304,1024,2026-04-14T11:52:57Z,baseline_nvml_pt,nvidia-smi,ok,0.0,7.0,1695.0,7601.0,62.16,0.13609600067138672,23.76318359375,23.76318359375,0.375,True,,,,,unavailable,,prefill-facebook-opt-125m-chunk-64-sm-16,success,,,/mnt/data/dheeraj/dicertation/inference-profile/runs/revised-full-20260414-g0-opt125m/raw/points/prefill/prefill-facebook-opt-125m-chunk-64-sm-16.csv
facebook/opt-125m,64,gemm,fc1,16,3,63.519999384880066,24524288,24917504,393216,393216,1024,2026-04-14T11:52:57Z,baseline_nvml_pt,nvidia-smi,ok,0.0,7.0,1695.0,7601.0,62.16,0.13609600067138672,23.76318359375,23.76318359375,0.375,True,,,,,unavailable,,prefill-facebook-opt-125m-chunk-64-sm-16,success,,,/mnt/data/dheeraj/dicertation/inference-profile/runs/revised-full-20260414-g0-opt125m/raw/points/prefill/prefill-facebook-opt-125m-chunk-64-sm-16.csv
facebook/opt-125m,64,gemm,fc2,16,3,67.58400052785873,24524288,24622592,98304,98304,1024,2026-04-14T11:52:57Z,baseline_nvml_pt,nvidia-smi,ok,0.0,7.0,1695.0,7601.0,62.16,0.13609600067138672,23.76318359375,23.76318359375,0.375,True,,,,,unavailable,,prefill-facebook-opt-125m-chunk-64-sm-16,success,,,/mnt/data/dheeraj/dicertation/inference-profile/runs/revised-full-20260414-g0-opt125m/raw/points/prefill/prefill-facebook-opt-125m-chunk-64-sm-16.csv
facebook/opt-125m,64,attention,attention,16,3,54.27199974656105,24524288,24626688,102400,98304,1024,2026-04-14T11:52:57Z,baseline_nvml_pt,nvidia-smi,ok,0.0,7.0,1695.0,7601.0,62.16,0.13609600067138672,23.76318359375,23.76318359375,0.375,True,,,,,unavailable,,prefill-facebook-opt-125m-chunk-64-sm-16,success,,,/mnt/data/dheeraj/dicertation/inference-profile/runs/revised-full-20260414-g0-opt125m/raw/points/prefill/prefill-facebook-opt-125m-chunk-64-sm-16.csv
facebook/opt-125m,64,gemm,q_proj,16,4,70.65600156784058,24524288,24622592,98304,98304,1024,2026-04-14T11:52:57Z,baseline_nvml_pt,nvidia-smi,ok,0.0,7.0,1695.0,7601.0,62.16,0.13609600067138672,23.76318359375,23.76318359375,0.375,True,,,,,unavailable,,prefill-facebook-opt-125m-chunk-64-sm-16,success,,,/mnt/data/dheeraj/dicertation/inference-profile/runs/revised-full-20260414-g0-opt125m/raw/points/prefill/prefill-facebook-opt-125m-chunk-64-sm-16.csv
facebook/opt-125m,64,gemm,k_proj,16,4,72.64000177383423,24524288,24622592,98304,98304,1024,2026-04-14T11:52:57Z,baseline_nvml_pt,nvidia-smi,ok,0.0,7.0,1695.0,7601.0,62.16,0.13609600067138672,23.76318359375,23.76318359375,0.375,True,,,,,unavailable,,prefill-facebook-opt-125m-chunk-64-sm-16,success,,,/mnt/data/dheeraj/dicertation/inference-profile/runs/revised-full-20260414-g0-opt125m/raw/points/prefill/prefill-facebook-opt-125m-chunk-64-sm-16.csv
facebook/opt-125m,64,gemm,v_proj,16,4,67.58400052785873,24524288,24622592,98304,98304,1024,2026-04-14T11:52:57Z,baseline_nvml_pt,nvidia-smi,ok,0.0,7.0,1695.0,7601.0,62.16,0.13609600067138672,23.76318359375,23.76318359375,0.375,True,,,,,unavailable,,prefill-facebook-opt-125m-chunk-64-sm-16,success,,,/mnt/data/dheeraj/dicertation/inference-profile/runs/revised-full-20260414-g0-opt125m/raw/points/prefill/prefill-facebook-opt-125m-chunk-64-sm-16.csv
facebook/opt-125m,64,gemm,out_proj,16,4,67.58400052785873,24524288,24622592,98304,98304,1024,2026-04-14T11:52:57Z,baseline_nvml_pt,nvidia-smi,ok,0.0,7.0,1695.0,7601.0,62.16,0.13609600067138672,23.76318359375,23.76318359375,0.375,True,,,,,unavailable,,prefill-facebook-opt-125m-chunk-64-sm-16,success,,,/mnt/data/dheeraj/dicertation/inference-profile/runs/revised-full-20260414-g0-opt125m/raw/points/prefill/prefill-facebook-opt-125m-chunk-64-sm-16.csv
facebook/opt-125m,64,gemm,fc1,16,4,63.61600011587143,24524288,24917504,393216,393216,1024,2026-04-14T11:52:57Z,baseline_nvml_pt,nvidia-smi,ok,0.0,7.0,1695.0,7601.0,62.16,0.13609600067138672,23.76318359375,23.76318359375,0.375,True,,,,,unavailable,,prefill-facebook-opt-125m-chunk-64-sm-16,success,,,/mnt/data/dheeraj/dicertation/inference-profile/runs/revised-full-20260414-g0-opt125m/raw/points/prefill/prefill-facebook-opt-125m-chunk-64-sm-16.csv
facebook/opt-125m,64,gemm,fc2,16,4,66.49599969387054,24524288,24622592,98304,98304,1024,2026-04-14T11:52:57Z,baseline_nvml_pt,nvidia-smi,ok,0.0,7.0,1695.0,7601.0,62.16,0.13609600067138672,23.76318359375,23.76318359375,0.375,True,,,,,unavailable,,prefill-facebook-opt-125m-chunk-64-sm-16,success,,,/mnt/data/dheeraj/dicertation/inference-profile/runs/revised-full-20260414-g0-opt125m/raw/points/prefill/prefill-facebook-opt-125m-chunk-64-sm-16.csv
facebook/opt-125m,64,attention,attention,16,4,53.247999399900436,24524288,24626688,102400,98304,1024,2026-04-14T11:52:57Z,baseline_nvml_pt,nvidia-smi,ok,0.0,7.0,1695.0,7601.0,62.16,0.13609600067138672,23.76318359375,23.76318359375,0.375,True,,,,,unavailable,,prefill-facebook-opt-125m-chunk-64-sm-16,success,,,/mnt/data/dheeraj/dicertation/inference-profile/runs/revised-full-20260414-g0-opt125m/raw/points/prefill/prefill-facebook-opt-125m-chunk-64-sm-16.csv
facebook/opt-125m,64,gemm,q_proj,24,0,117.79200285673141,24524288,24622592,98304,98304,1024,2026-04-14T11:53:02Z,baseline_nvml_pt,nvidia-smi,ok,0.0,7.0,1695.0,7601.0,62.1,0.11779200285673141,23.76318359375,23.76318359375,0.375,True,,,,,unavailable,,prefill-facebook-opt-125m-chunk-64-sm-24,success,,,/mnt/data/dheeraj/dicertation/inference-profile/runs/revised-full-20260414-g0-opt125m/raw/points/prefill/prefill-facebook-opt-125m-chunk-64-sm-24.csv
facebook/opt-125m,64,gemm,k_proj,24,0,93.18400174379349,24524288,24622592,98304,98304,1024,2026-04-14T11:53:02Z,baseline_nvml_pt,nvidia-smi,ok,0.0,7.0,1695.0,7601.0,62.1,0.11779200285673141,23.76318359375,23.76318359375,0.375,True,,,,,unavailable,,prefill-facebook-opt-125m-chunk-64-sm-24,success,,,/mnt/data/dheeraj/dicertation/inference-profile/runs/revised-full-20260414-g0-opt125m/raw/points/prefill/prefill-facebook-opt-125m-chunk-64-sm-24.csv
facebook/opt-125m,64,gemm,v_proj,24,0,86.11200004816055,24524288,24622592,98304,98304,1024,2026-04-14T11:53:02Z,baseline_nvml_pt,nvidia-smi,ok,0.0,7.0,1695.0,7601.0,62.1,0.11779200285673141,23.76318359375,23.76318359375,0.375,True,,,,,unavailable,,prefill-facebook-opt-125m-chunk-64-sm-24,success,,,/mnt/data/dheeraj/dicertation/inference-profile/runs/revised-full-20260414-g0-opt125m/raw/points/prefill/prefill-facebook-opt-125m-chunk-64-sm-24.csv
facebook/opt-125m,64,gemm,out_proj,24,0,81.727996468544,24524288,24622592,98304,98304,1024,2026-04-14T11:53:02Z,baseline_nvml_pt,nvidia-smi,ok,0.0,7.0,1695.0,7601.0,62.1,0.11779200285673141,23.76318359375,23.76318359375,0.375,True,,,,,unavailable,,prefill-facebook-opt-125m-chunk-64-sm-24,success,,,/mnt/data/dheeraj/dicertation/inference-profile/runs/revised-full-20260414-g0-opt125m/raw/points/prefill/prefill-facebook-opt-125m-chunk-64-sm-24.csv
facebook/opt-125m,64,gemm,fc1,24,0,69.63200122117996,24524288,24917504,393216,393216,1024,2026-04-14T11:53:02Z,baseline_nvml_pt,nvidia-smi,ok,0.0,7.0,1695.0,7601.0,62.1,0.11779200285673141,23.76318359375,23.76318359375,0.375,True,,,,,unavailable,,prefill-facebook-opt-125m-chunk-64-sm-24,success,,,/mnt/data/dheeraj/dicertation/inference-profile/runs/revised-full-20260414-g0-opt125m/raw/points/prefill/prefill-facebook-opt-125m-chunk-64-sm-24.csv
facebook/opt-125m,64,gemm,fc2,24,0,75.55200159549713,24524288,24622592,98304,98304,1024,2026-04-14T11:53:02Z,baseline_nvml_pt,nvidia-smi,ok,0.0,7.0,1695.0,7601.0,62.1,0.11779200285673141,23.76318359375,23.76318359375,0.375,True,,,,,unavailable,,prefill-facebook-opt-125m-chunk-64-sm-24,success,,,/mnt/data/dheeraj/dicertation/inference-profile/runs/revised-full-20260414-g0-opt125m/raw/points/prefill/prefill-facebook-opt-125m-chunk-64-sm-24.csv
facebook/opt-125m,64,attention,attention,24,0,58.43200162053108,24524288,24626688,102400,98304,1024,2026-04-14T11:53:02Z,baseline_nvml_pt,nvidia-smi,ok,0.0,7.0,1695.0,7601.0,62.1,0.11779200285673141,23.76318359375,23.76318359375,0.375,True,,,,,unavailable,,prefill-facebook-opt-125m-chunk-64-sm-24,success,,,/mnt/data/dheeraj/dicertation/inference-profile/runs/revised-full-20260414-g0-opt125m/raw/points/prefill/prefill-facebook-opt-125m-chunk-64-sm-24.csv
facebook/opt-125m,64,gemm,q_proj,24,1,74.75200295448303,24524288,24622592,98304,98304,1024,2026-04-14T11:53:02Z,baseline_nvml_pt,nvidia-smi,ok,0.0,7.0,1695.0,7601.0,62.1,0.11779200285673141,23.76318359375,23.76318359375,0.375,True,,,,,unavailable,,prefill-facebook-opt-125m-chunk-64-sm-24,success,,,/mnt/data/dheeraj/dicertation/inference-profile/runs/revised-full-20260414-g0-opt125m/raw/points/prefill/prefill-facebook-opt-125m-chunk-64-sm-24.csv
facebook/opt-125m,64,gemm,k_proj,24,1,87.0399996638298,24524288,24622592,98304,98304,1024,2026-04-14T11:53:02Z,baseline_nvml_pt,nvidia-smi,ok,0.0,7.0,1695.0,7601.0,62.1,0.11779200285673141,23.76318359375,23.76318359375,0.375,True,,,,,unavailable,,prefill-facebook-opt-125m-chunk-64-sm-24,success,,,/mnt/data/dheeraj/dicertation/inference-profile/runs/revised-full-20260414-g0-opt125m/raw/points/prefill/prefill-facebook-opt-125m-chunk-64-sm-24.csv
facebook/opt-125m,64,gemm,v_proj,24,1,69.63200122117996,24524288,24622592,98304,98304,1024,2026-04-14T11:53:02Z,baseline_nvml_pt,nvidia-smi,ok,0.0,7.0,1695.0,7601.0,62.1,0.11779200285673141,23.76318359375,23.76318359375,0.375,True,,,,,unavailable,,prefill-facebook-opt-125m-chunk-64-sm-24,success,,,/mnt/data/dheeraj/dicertation/inference-profile/runs/revised-full-20260414-g0-opt125m/raw/points/prefill/prefill-facebook-opt-125m-chunk-64-sm-24.csv
facebook/opt-125m,64,gemm,out_proj,24,1,66.56000018119812,24524288,24622592,98304,98304,1024,2026-04-14T11:53:02Z,baseline_nvml_pt,nvidia-smi,ok,0.0,7.0,1695.0,7601.0,62.1,0.11779200285673141,23.76318359375,23.76318359375,0.375,True,,,,,unavailable,,prefill-facebook-opt-125m-chunk-64-sm-24,success,,,/mnt/data/dheeraj/dicertation/inference-profile/runs/revised-full-20260414-g0-opt125m/raw/points/prefill/prefill-facebook-opt-125m-chunk-64-sm-24.csv
facebook/opt-125m,64,gemm,fc1,24,1,63.48799914121628,24524288,24917504,393216,393216,1024,2026-04-14T11:53:02Z,baseline_nvml_pt,nvidia-smi,ok,0.0,7.0,1695.0,7601.0,62.1,0.11779200285673141,23.76318359375,23.76318359375,0.375,True,,,,,unavailable,,prefill-facebook-opt-125m-chunk-64-sm-24,success,,,/mnt/data/dheeraj/dicertation/inference-profile/runs/revised-full-20260414-g0-opt125m/raw/points/prefill/prefill-facebook-opt-125m-chunk-64-sm-24.csv
facebook/opt-125m,64,gemm,fc2,24,1,66.49599969387054,24524288,24622592,98304,98304,1024,2026-04-14T11:53:02Z,baseline_nvml_pt,nvidia-smi,ok,0.0,7.0,1695.0,7601.0,62.1,0.11779200285673141,23.76318359375,23.76318359375,0.375,True,,,,,unavailable,,prefill-facebook-opt-125m-chunk-64-sm-24,success,,,/mnt/data/dheeraj/dicertation/inference-profile/runs/revised-full-20260414-g0-opt125m/raw/points/prefill/prefill-facebook-opt-125m-chunk-64-sm-24.csv
facebook/opt-125m,64,attention,attention,24,1,55.296000093221664,24524288,24626688,102400,98304,1024,2026-04-14T11:53:02Z,baseline_nvml_pt,nvidia-smi,ok,0.0,7.0,1695.0,7601.0,62.1,0.11779200285673141,23.76318359375,23.76318359375,0.375,True,,,,,unavailable,,prefill-facebook-opt-125m-chunk-64-sm-24,success,,,/mnt/data/dheeraj/dicertation/inference-profile/runs/revised-full-20260414-g0-opt125m/raw/points/prefill/prefill-facebook-opt-125m-chunk-64-sm-24.csv
facebook/opt-125m,64,gemm,q_proj,24,2,73.72800260782242,24524288,24622592,98304,98304,1024,2026-04-14T11:53:02Z,baseline_nvml_pt,nvidia-smi,ok,0.0,7.0,1695.0,7601.0,62.1,0.11779200285673141,23.76318359375,23.76318359375,0.375,True,,,,,unavailable,,prefill-facebook-opt-125m-chunk-64-sm-24,success,,,/mnt/data/dheeraj/dicertation/inference-profile/runs/revised-full-20260414-g0-opt125m/raw/points/prefill/prefill-facebook-opt-125m-chunk-64-sm-24.csv
facebook/opt-125m,64,gemm,k_proj,24,2,70.65600156784058,24524288,24622592,98304,98304,1024,2026-04-14T11:53:02Z,baseline_nvml_pt,nvidia-smi,ok,0.0,7.0,1695.0,7601.0,62.1,0.11779200285673141,23.76318359375,23.76318359375,0.375,True,,,,,unavailable,,prefill-facebook-opt-125m-chunk-64-sm-24,success,,,/mnt/data/dheeraj/dicertation/inference-profile/runs/revised-full-20260414-g0-opt125m/raw/points/prefill/prefill-facebook-opt-125m-chunk-64-sm-24.csv
facebook/opt-125m,64,gemm,v_proj,24,2,83.90399813652039,24524288,24622592,98304,98304,1024,2026-04-14T11:53:02Z,baseline_nvml_pt,nvidia-smi,ok,0.0,7.0,1695.0,7601.0,62.1,0.11779200285673141,23.76318359375,23.76318359375,0.375,True,,,,,unavailable,,prefill-facebook-opt-125m-chunk-64-sm-24,success,,,/mnt/data/dheeraj/dicertation/inference-profile/runs/revised-full-20260414-g0-opt125m/raw/points/prefill/prefill-facebook-opt-125m-chunk-64-sm-24.csv
facebook/opt-125m,64,gemm,out_proj,24,2,69.63200122117996,24524288,24622592,98304,98304,1024,2026-04-14T11:53:02Z,baseline_nvml_pt,nvidia-smi,ok,0.0,7.0,1695.0,7601.0,62.1,0.11779200285673141,23.76318359375,23.76318359375,0.375,True,,,,,unavailable,,prefill-facebook-opt-125m-chunk-64-sm-24,success,,,/mnt/data/dheeraj/dicertation/inference-profile/runs/revised-full-20260414-g0-opt125m/raw/points/prefill/prefill-facebook-opt-125m-chunk-64-sm-24.csv
facebook/opt-125m,64,gemm,fc1,24,2,68.89600306749344,24524288,24917504,393216,393216,1024,2026-04-14T11:53:02Z,baseline_nvml_pt,nvidia-smi,ok,0.0,7.0,1695.0,7601.0,62.1,0.11779200285673141,23.76318359375,23.76318359375,0.375,True,,,,,unavailable,,prefill-facebook-opt-125m-chunk-64-sm-24,success,,,/mnt/data/dheeraj/dicertation/inference-profile/runs/revised-full-20260414-g0-opt125m/raw/points/prefill/prefill-facebook-opt-125m-chunk-64-sm-24.csv
facebook/opt-125m,64,gemm,fc2,24,2,68.60800087451935,24524288,24622592,98304,98304,1024,2026-04-14T11:53:02Z,baseline_nvml_pt,nvidia-smi,ok,0.0,7.0,1695.0,7601.0,62.1,0.11779200285673141,23.76318359375,23.76318359375,0.375,True,,,,,unavailable,,prefill-facebook-opt-125m-chunk-64-sm-24,success,,,/mnt/data/dheeraj/dicertation/inference-profile/runs/revised-full-20260414-g0-opt125m/raw/points/prefill/prefill-facebook-opt-125m-chunk-64-sm-24.csv
facebook/opt-125m,64,attention,attention,24,2,59.23200026154518,24524288,24626688,102400,98304,1024,2026-04-14T11:53:02Z,baseline_nvml_pt,nvidia-smi,ok,0.0,7.0,1695.0,7601.0,62.1,0.11779200285673141,23.76318359375,23.76318359375,0.375,True,,,,,unavailable,,prefill-facebook-opt-125m-chunk-64-sm-24,success,,,/mnt/data/dheeraj/dicertation/inference-profile/runs/revised-full-20260414-g0-opt125m/raw/points/prefill/prefill-facebook-opt-125m-chunk-64-sm-24.csv
facebook/opt-125m,64,gemm,q_proj,24,3,71.77600264549255,24524288,24622592,98304,98304,1024,2026-04-14T11:53:02Z,baseline_nvml_pt,nvidia-smi,ok,0.0,7.0,1695.0,7601.0,62.1,0.11779200285673141,23.76318359375,23.76318359375,0.375,True,,,,,unavailable,,prefill-facebook-opt-125m-chunk-64-sm-24,success,,,/mnt/data/dheeraj/dicertation/inference-profile/runs/revised-full-20260414-g0-opt125m/raw/points/prefill/prefill-facebook-opt-125m-chunk-64-sm-24.csv
facebook/opt-125m,64,gemm,k_proj,24,3,66.68800115585327,24524288,24622592,98304,98304,1024,2026-04-14T11:53:02Z,baseline_nvml_pt,nvidia-smi,ok,0.0,7.0,1695.0,7601.0,62.1,0.11779200285673141,23.76318359375,23.76318359375,0.375,True,,,,,unavailable,,prefill-facebook-opt-125m-chunk-64-sm-24,success,,,/mnt/data/dheeraj/dicertation/inference-profile/runs/revised-full-20260414-g0-opt125m/raw/points/prefill/prefill-facebook-opt-125m-chunk-64-sm-24.csv
facebook/opt-125m,64,gemm,v_proj,24,3,70.65600156784058,24524288,24622592,98304,98304,1024,2026-04-14T11:53:02Z,baseline_nvml_pt,nvidia-smi,ok,0.0,7.0,1695.0,7601.0,62.1,0.11779200285673141,23.76318359375,23.76318359375,0.375,True,,,,,unavailable,,prefill-facebook-opt-125m-chunk-64-sm-24,success,,,/mnt/data/dheeraj/dicertation/inference-profile/runs/revised-full-20260414-g0-opt125m/raw/points/prefill/prefill-facebook-opt-125m-chunk-64-sm-24.csv
facebook/opt-125m,64,gemm,out_proj,24,3,66.56000018119812,24524288,24622592,98304,98304,1024,2026-04-14T11:53:02Z,baseline_nvml_pt,nvidia-smi,ok,0.0,7.0,1695.0,7601.0,62.1,0.11779200285673141,23.76318359375,23.76318359375,0.375,True,,,,,unavailable,,prefill-facebook-opt-125m-chunk-64-sm-24,success,,,/mnt/data/dheeraj/dicertation/inference-profile/runs/revised-full-20260414-g0-opt125m/raw/points/prefill/prefill-facebook-opt-125m-chunk-64-sm-24.csv
facebook/opt-125m,64,gemm,fc1,24,3,63.48799914121628,24524288,24917504,393216,393216,1024,2026-04-14T11:53:02Z,baseline_nvml_pt,nvidia-smi,ok,0.0,7.0,1695.0,7601.0,62.1,0.11779200285673141,23.76318359375,23.76318359375,0.375,True,,,,,unavailable,,prefill-facebook-opt-125m-chunk-64-sm-24,success,,,/mnt/data/dheeraj/dicertation/inference-profile/runs/revised-full-20260414-g0-opt125m/raw/points/prefill/prefill-facebook-opt-125m-chunk-64-sm-24.csv
facebook/opt-125m,64,gemm,fc2,24,3,67.58400052785873,24524288,24622592,98304,98304,1024,2026-04-14T11:53:02Z,baseline_nvml_pt,nvidia-smi,ok,0.0,7.0,1695.0,7601.0,62.1,0.11779200285673141,23.76318359375,23.76318359375,0.375,True,,,,,unavailable,,prefill-facebook-opt-125m-chunk-64-sm-24,success,,,/mnt/data/dheeraj/dicertation/inference-profile/runs/revised-full-20260414-g0-opt125m/raw/points/prefill/prefill-facebook-opt-125m-chunk-64-sm-24.csv
facebook/opt-125m,64,attention,attention,24,3,55.296000093221664,24524288,24626688,102400,98304,1024,2026-04-14T11:53:02Z,baseline_nvml_pt,nvidia-smi,ok,0.0,7.0,1695.0,7601.0,62.1,0.11779200285673141,23.76318359375,23.76318359375,0.375,True,,,,,unavailable,,prefill-facebook-opt-125m-chunk-64-sm-24,success,,,/mnt/data/dheeraj/dicertation/inference-profile/runs/revised-full-20260414-g0-opt125m/raw/points/prefill/prefill-facebook-opt-125m-chunk-64-sm-24.csv
facebook/opt-125m,64,gemm,q_proj,24,4,71.68000191450119,24524288,24622592,98304,98304,1024,2026-04-14T11:53:02Z,baseline_nvml_pt,nvidia-smi,ok,0.0,7.0,1695.0,7601.0,62.1,0.11779200285673141,23.76318359375,23.76318359375,0.375,True,,,,,unavailable,,prefill-facebook-opt-125m-chunk-64-sm-24,success,,,/mnt/data/dheeraj/dicertation/inference-profile/runs/revised-full-20260414-g0-opt125m/raw/points/prefill/prefill-facebook-opt-125m-chunk-64-sm-24.csv
facebook/opt-125m,64,gemm,k_proj,24,4,67.58400052785873,24524288,24622592,98304,98304,1024,2026-04-14T11:53:02Z,baseline_nvml_pt,nvidia-smi,ok,0.0,7.0,1695.0,7601.0,62.1,0.11779200285673141,23.76318359375,23.76318359375,0.375,True,,,,,unavailable,,prefill-facebook-opt-125m-chunk-64-sm-24,success,,,/mnt/data/dheeraj/dicertation/inference-profile/runs/revised-full-20260414-g0-opt125m/raw/points/prefill/prefill-facebook-opt-125m-chunk-64-sm-24.csv
facebook/opt-125m,64,gemm,v_proj,24,4,65.5359998345375,24524288,24622592,98304,98304,1024,2026-04-14T11:53:02Z,baseline_nvml_pt,nvidia-smi,ok,0.0,7.0,1695.0,7601.0,62.1,0.11779200285673141,23.76318359375,23.76318359375,0.375,True,,,,,unavailable,,prefill-facebook-opt-125m-chunk-64-sm-24,success,,,/mnt/data/dheeraj/dicertation/inference-profile/runs/revised-full-20260414-g0-opt125m/raw/points/prefill/prefill-facebook-opt-125m-chunk-64-sm-24.csv
facebook/opt-125m,64,gemm,out_proj,24,4,67.32799857854843,24524288,24622592,98304,98304,1024,2026-04-14T11:53:02Z,baseline_nvml_pt,nvidia-smi,ok,0.0,7.0,1695.0,7601.0,62.1,0.11779200285673141,23.76318359375,23.76318359375,0.375,True,,,,,unavailable,,prefill-facebook-opt-125m-chunk-64-sm-24,success,,,/mnt/data/dheeraj/dicertation/inference-profile/runs/revised-full-20260414-g0-opt125m/raw/points/prefill/prefill-facebook-opt-125m-chunk-64-sm-24.csv
facebook/opt-125m,64,gemm,fc1,24,4,62.463998794555664,24524288,24917504,393216,393216,1024,2026-04-14T11:53:02Z,baseline_nvml_pt,nvidia-smi,ok,0.0,7.0,1695.0,7601.0,62.1,0.11779200285673141,23.76318359375,23.76318359375,0.375,True,,,,,unavailable,,prefill-facebook-opt-125m-chunk-64-sm-24,success,,,/mnt/data/dheeraj/dicertation/inference-profile/runs/revised-full-20260414-g0-opt125m/raw/points/prefill/prefill-facebook-opt-125m-chunk-64-sm-24.csv
facebook/opt-125m,64,gemm,fc2,24,4,63.71200084686279,24524288,24622592,98304,98304,1024,2026-04-14T11:53:02Z,baseline_nvml_pt,nvidia-smi,ok,0.0,7.0,1695.0,7601.0,62.1,0.11779200285673141,23.76318359375,23.76318359375,0.375,True,,,,,unavailable,,prefill-facebook-opt-125m-chunk-64-sm-24,success,,,/mnt/data/dheeraj/dicertation/inference-profile/runs/revised-full-20260414-g0-opt125m/raw/points/prefill/prefill-facebook-opt-125m-chunk-64-sm-24.csv
facebook/opt-125m,64,attention,attention,24,4,53.02400141954422,24524288,24626688,102400,98304,1024,2026-04-14T11:53:02Z,baseline_nvml_pt,nvidia-smi,ok,0.0,7.0,1695.0,7601.0,62.1,0.11779200285673141,23.76318359375,23.76318359375,0.375,True,,,,,unavailable,,prefill-facebook-opt-125m-chunk-64-sm-24,success,,,/mnt/data/dheeraj/dicertation/inference-profile/runs/revised-full-20260414-g0-opt125m/raw/points/prefill/prefill-facebook-opt-125m-chunk-64-sm-24.csv
facebook/opt-125m,64,gemm,q_proj,32,0,108.5439994931221,24524288,24622592,98304,98304,1024,2026-04-14T11:53:07Z,baseline_nvml_pt,nvidia-smi,ok,1.0,7.0,1695.0,7601.0,62.17,0.1085439994931221,23.76318359375,23.76318359375,0.375,True,,,,,unavailable,,prefill-facebook-opt-125m-chunk-64-sm-32,success,,,/mnt/data/dheeraj/dicertation/inference-profile/runs/revised-full-20260414-g0-opt125m/raw/points/prefill/prefill-facebook-opt-125m-chunk-64-sm-32.csv
facebook/opt-125m,64,gemm,k_proj,32,0,90.97599983215332,24524288,24622592,98304,98304,1024,2026-04-14T11:53:07Z,baseline_nvml_pt,nvidia-smi,ok,1.0,7.0,1695.0,7601.0,62.17,0.1085439994931221,23.76318359375,23.76318359375,0.375,True,,,,,unavailable,,prefill-facebook-opt-125m-chunk-64-sm-32,success,,,/mnt/data/dheeraj/dicertation/inference-profile/runs/revised-full-20260414-g0-opt125m/raw/points/prefill/prefill-facebook-opt-125m-chunk-64-sm-32.csv
facebook/opt-125m,64,gemm,v_proj,32,0,75.77600330114365,24524288,24622592,98304,98304,1024,2026-04-14T11:53:07Z,baseline_nvml_pt,nvidia-smi,ok,1.0,7.0,1695.0,7601.0,62.17,0.1085439994931221,23.76318359375,23.76318359375,0.375,True,,,,,unavailable,,prefill-facebook-opt-125m-chunk-64-sm-32,success,,,/mnt/data/dheeraj/dicertation/inference-profile/runs/revised-full-20260414-g0-opt125m/raw/points/prefill/prefill-facebook-opt-125m-chunk-64-sm-32.csv
facebook/opt-125m,64,gemm,out_proj,32,0,79.64800298213959,24524288,24622592,98304,98304,1024,2026-04-14T11:53:07Z,baseline_nvml_pt,nvidia-smi,ok,1.0,7.0,1695.0,7601.0,62.17,0.1085439994931221,23.76318359375,23.76318359375,0.375,True,,,,,unavailable,,prefill-facebook-opt-125m-chunk-64-sm-32,success,,,/mnt/data/dheeraj/dicertation/inference-profile/runs/revised-full-20260414-g0-opt125m/raw/points/prefill/prefill-facebook-opt-125m-chunk-64-sm-32.csv
facebook/opt-125m,64,gemm,fc1,32,0,67.58400052785873,24524288,24917504,393216,393216,1024,2026-04-14T11:53:07Z,baseline_nvml_pt,nvidia-smi,ok,1.0,7.0,1695.0,7601.0,62.17,0.1085439994931221,23.76318359375,23.76318359375,0.375,True,,,,,unavailable,,prefill-facebook-opt-125m-chunk-64-sm-32,success,,,/mnt/data/dheeraj/dicertation/inference-profile/runs/revised-full-20260414-g0-opt125m/raw/points/prefill/prefill-facebook-opt-125m-chunk-64-sm-32.csv
facebook/opt-125m,64,gemm,fc2,32,0,66.68800115585327,24524288,24622592,98304,98304,1024,2026-04-14T11:53:07Z,baseline_nvml_pt,nvidia-smi,ok,1.0,7.0,1695.0,7601.0,62.17,0.1085439994931221,23.76318359375,23.76318359375,0.375,True,,,,,unavailable,,prefill-facebook-opt-125m-chunk-64-sm-32,success,,,/mnt/data/dheeraj/dicertation/inference-profile/runs/revised-full-20260414-g0-opt125m/raw/points/prefill/prefill-facebook-opt-125m-chunk-64-sm-32.csv
facebook/opt-125m,64,attention,attention,32,0,63.64800035953522,24524288,24626688,102400,98304,1024,2026-04-14T11:53:07Z,baseline_nvml_pt,nvidia-smi,ok,1.0,7.0,1695.0,7601.0,62.17,0.1085439994931221,23.76318359375,23.76318359375,0.375,True,,,,,unavailable,,prefill-facebook-opt-125m-chunk-64-sm-32,success,,,/mnt/data/dheeraj/dicertation/inference-profile/runs/revised-full-20260414-g0-opt125m/raw/points/prefill/prefill-facebook-opt-125m-chunk-64-sm-32.csv
facebook/opt-125m,64,gemm,q_proj,32,1,74.62400197982788,24524288,24622592,98304,98304,1024,2026-04-14T11:53:07Z,baseline_nvml_pt,nvidia-smi,ok,1.0,7.0,1695.0,7601.0,62.17,0.1085439994931221,23.76318359375,23.76318359375,0.375,True,,,,,unavailable,,prefill-facebook-opt-125m-chunk-64-sm-32,success,,,/mnt/data/dheeraj/dicertation/inference-profile/runs/revised-full-20260414-g0-opt125m/raw/points/prefill/prefill-facebook-opt-125m-chunk-64-sm-32.csv
facebook/opt-125m,64,gemm,k_proj,32,1,70.68800181150436,24524288,24622592,98304,98304,1024,2026-04-14T11:53:07Z,baseline_nvml_pt,nvidia-smi,ok,1.0,7.0,1695.0,7601.0,62.17,0.1085439994931221,23.76318359375,23.76318359375,0.375,True,,,,,unavailable,,prefill-facebook-opt-125m-chunk-64-sm-32,success,,,/mnt/data/dheeraj/dicertation/inference-profile/runs/revised-full-20260414-g0-opt125m/raw/points/prefill/prefill-facebook-opt-125m-chunk-64-sm-32.csv
facebook/opt-125m,64,gemm,v_proj,32,1,68.60800087451935,24524288,24622592,98304,98304,1024,2026-04-14T11:53:07Z,baseline_nvml_pt,nvidia-smi,ok,1.0,7.0,1695.0,7601.0,62.17,0.1085439994931221,23.76318359375,23.76318359375,0.375,True,,,,,unavailable,,prefill-facebook-opt-125m-chunk-64-sm-32,success,,,/mnt/data/dheeraj/dicertation/inference-profile/runs/revised-full-20260414-g0-opt125m/raw/points/prefill/prefill-facebook-opt-125m-chunk-64-sm-32.csv
facebook/opt-125m,64,gemm,out_proj,32,1,69.63200122117996,24524288,24622592,98304,98304,1024,2026-04-14T11:53:07Z,baseline_nvml_pt,nvidia-smi,ok,1.0,7.0,1695.0,7601.0,62.17,0.1085439994931221,23.76318359375,23.76318359375,0.375,True,,,,,unavailable,,prefill-facebook-opt-125m-chunk-64-sm-32,success,,,/mnt/data/dheeraj/dicertation/inference-profile/runs/revised-full-20260414-g0-opt125m/raw/points/prefill/prefill-facebook-opt-125m-chunk-64-sm-32.csv
facebook/opt-125m,64,gemm,fc1,32,1,62.39999830722809,24524288,24917504,393216,393216,1024,2026-04-14T11:53:07Z,baseline_nvml_pt,nvidia-smi,ok,1.0,7.0,1695.0,7601.0,62.17,0.1085439994931221,23.76318359375,23.76318359375,0.375,True,,,,,unavailable,,prefill-facebook-opt-125m-chunk-64-sm-32,success,,,/mnt/data/dheeraj/dicertation/inference-profile/runs/revised-full-20260414-g0-opt125m/raw/points/prefill/prefill-facebook-opt-125m-chunk-64-sm-32.csv
facebook/opt-125m,64,gemm,fc2,32,1,62.52799928188324,24524288,24622592,98304,98304,1024,2026-04-14T11:53:07Z,baseline_nvml_pt,nvidia-smi,ok,1.0,7.0,1695.0,7601.0,62.17,0.1085439994931221,23.76318359375,23.76318359375,0.375,True,,,,,unavailable,,prefill-facebook-opt-125m-chunk-64-sm-32,success,,,/mnt/data/dheeraj/dicertation/inference-profile/runs/revised-full-20260414-g0-opt125m/raw/points/prefill/prefill-facebook-opt-125m-chunk-64-sm-32.csv
facebook/opt-125m,64,attention,attention,32,1,55.1999993622303,24524288,24626688,102400,98304,1024,2026-04-14T11:53:07Z,baseline_nvml_pt,nvidia-smi,ok,1.0,7.0,1695.0,7601.0,62.17,0.1085439994931221,23.76318359375,23.76318359375,0.375,True,,,,,unavailable,,prefill-facebook-opt-125m-chunk-64-sm-32,success,,,/mnt/data/dheeraj/dicertation/inference-profile/runs/revised-full-20260414-g0-opt125m/raw/points/prefill/prefill-facebook-opt-125m-chunk-64-sm-32.csv
facebook/opt-125m,64,gemm,q_proj,32,2,72.7040022611618,24524288,24622592,98304,98304,1024,2026-04-14T11:53:07Z,baseline_nvml_pt,nvidia-smi,ok,1.0,7.0,1695.0,7601.0,62.17,0.1085439994931221,23.76318359375,23.76318359375,0.375,True,,,,,unavailable,,prefill-facebook-opt-125m-chunk-64-sm-32,success,,,/mnt/data/dheeraj/dicertation/inference-profile/runs/revised-full-20260414-g0-opt125m/raw/points/prefill/prefill-facebook-opt-125m-chunk-64-sm-32.csv
facebook/opt-125m,64,gemm,k_proj,32,2,68.60800087451935,24524288,24622592,98304,98304,1024,2026-04-14T11:53:07Z,baseline_nvml_pt,nvidia-smi,ok,1.0,7.0,1695.0,7601.0,62.17,0.1085439994931221,23.76318359375,23.76318359375,0.375,True,,,,,unavailable,,prefill-facebook-opt-125m-chunk-64-sm-32,success,,,/mnt/data/dheeraj/dicertation/inference-profile/runs/revised-full-20260414-g0-opt125m/raw/points/prefill/prefill-facebook-opt-125m-chunk-64-sm-32.csv
facebook/opt-125m,64,gemm,v_proj,32,2,78.84799689054489,24524288,24622592,98304,98304,1024,2026-04-14T11:53:07Z,baseline_nvml_pt,nvidia-smi,ok,1.0,7.0,1695.0,7601.0,62.17,0.1085439994931221,23.76318359375,23.76318359375,0.375,True,,,,,unavailable,,prefill-facebook-opt-125m-chunk-64-sm-32,success,,,/mnt/data/dheeraj/dicertation/inference-profile/runs/revised-full-20260414-g0-opt125m/raw/points/prefill/prefill-facebook-opt-125m-chunk-64-sm-32.csv
facebook/opt-125m,64,gemm,out_proj,32,2,75.77600330114365,24524288,24622592,98304,98304,1024,2026-04-14T11:53:07Z,baseline_nvml_pt,nvidia-smi,ok,1.0,7.0,1695.0,7601.0,62.17,0.1085439994931221,23.76318359375,23.76318359375,0.375,True,,,,,unavailable,,prefill-facebook-opt-125m-chunk-64-sm-32,success,,,/mnt/data/dheeraj/dicertation/inference-profile/runs/revised-full-20260414-g0-opt125m/raw/points/prefill/prefill-facebook-opt-125m-chunk-64-sm-32.csv
facebook/opt-125m,64,gemm,fc1,32,2,64.51199948787689,24524288,24917504,393216,393216,1024,2026-04-14T11:53:07Z,baseline_nvml_pt,nvidia-smi,ok,1.0,7.0,1695.0,7601.0,62.17,0.1085439994931221,23.76318359375,23.76318359375,0.375,True,,,,,unavailable,,prefill-facebook-opt-125m-chunk-64-sm-32,success,,,/mnt/data/dheeraj/dicertation/inference-profile/runs/revised-full-20260414-g0-opt125m/raw/points/prefill/prefill-facebook-opt-125m-chunk-64-sm-32.csv
facebook/opt-125m,64,gemm,fc2,32,2,66.56000018119812,24524288,24622592,98304,98304,1024,2026-04-14T11:53:07Z,baseline_nvml_pt,nvidia-smi,ok,1.0,7.0,1695.0,7601.0,62.17,0.1085439994931221,23.76318359375,23.76318359375,0.375,True,,,,,unavailable,,prefill-facebook-opt-125m-chunk-64-sm-32,success,,,/mnt/data/dheeraj/dicertation/inference-profile/runs/revised-full-20260414-g0-opt125m/raw/points/prefill/prefill-facebook-opt-125m-chunk-64-sm-32.csv
facebook/opt-125m,64,attention,attention,32,2,55.296000093221664,24524288,24626688,102400,98304,1024,2026-04-14T11:53:07Z,baseline_nvml_pt,nvidia-smi,ok,1.0,7.0,1695.0,7601.0,62.17,0.1085439994931221,23.76318359375,23.76318359375,0.375,True,,,,,unavailable,,prefill-facebook-opt-125m-chunk-64-sm-32,success,,,/mnt/data/dheeraj/dicertation/inference-profile/runs/revised-full-20260414-g0-opt125m/raw/points/prefill/prefill-facebook-opt-125m-chunk-64-sm-32.csv
facebook/opt-125m,64,gemm,q_proj,32,3,70.81600278615952,24524288,24622592,98304,98304,1024,2026-04-14T11:53:07Z,baseline_nvml_pt,nvidia-smi,ok,1.0,7.0,1695.0,7601.0,62.17,0.1085439994931221,23.76318359375,23.76318359375,0.375,True,,,,,unavailable,,prefill-facebook-opt-125m-chunk-64-sm-32,success,,,/mnt/data/dheeraj/dicertation/inference-profile/runs/revised-full-20260414-g0-opt125m/raw/points/prefill/prefill-facebook-opt-125m-chunk-64-sm-32.csv
facebook/opt-125m,64,gemm,k_proj,32,3,67.35999882221222,24524288,24622592,98304,98304,1024,2026-04-14T11:53:07Z,baseline_nvml_pt,nvidia-smi,ok,1.0,7.0,1695.0,7601.0,62.17,0.1085439994931221,23.76318359375,23.76318359375,0.375,True,,,,,unavailable,,prefill-facebook-opt-125m-chunk-64-sm-32,success,,,/mnt/data/dheeraj/dicertation/inference-profile/runs/revised-full-20260414-g0-opt125m/raw/points/prefill/prefill-facebook-opt-125m-chunk-64-sm-32.csv
facebook/opt-125m,64,gemm,v_proj,32,3,65.5359998345375,24524288,24622592,98304,98304,1024,2026-04-14T11:53:07Z,baseline_nvml_pt,nvidia-smi,ok,1.0,7.0,1695.0,7601.0,62.17,0.1085439994931221,23.76318359375,23.76318359375,0.375,True,,,,,unavailable,,prefill-facebook-opt-125m-chunk-64-sm-32,success,,,/mnt/data/dheeraj/dicertation/inference-profile/runs/revised-full-20260414-g0-opt125m/raw/points/prefill/prefill-facebook-opt-125m-chunk-64-sm-32.csv
facebook/opt-125m,64,gemm,out_proj,32,3,71.68000191450119,24524288,24622592,98304,98304,1024,2026-04-14T11:53:07Z,baseline_nvml_pt,nvidia-smi,ok,1.0,7.0,1695.0,7601.0,62.17,0.1085439994931221,23.76318359375,23.76318359375,0.375,True,,,,,unavailable,,prefill-facebook-opt-125m-chunk-64-sm-32,success,,,/mnt/data/dheeraj/dicertation/inference-profile/runs/revised-full-20260414-g0-opt125m/raw/points/prefill/prefill-facebook-opt-125m-chunk-64-sm-32.csv
facebook/opt-125m,64,gemm,fc1,32,3,64.41599875688553,24524288,24917504,393216,393216,1024,2026-04-14T11:53:07Z,baseline_nvml_pt,nvidia-smi,ok,1.0,7.0,1695.0,7601.0,62.17,0.1085439994931221,23.76318359375,23.76318359375,0.375,True,,,,,unavailable,,prefill-facebook-opt-125m-chunk-64-sm-32,success,,,/mnt/data/dheeraj/dicertation/inference-profile/runs/revised-full-20260414-g0-opt125m/raw/points/prefill/prefill-facebook-opt-125m-chunk-64-sm-32.csv
facebook/opt-125m,64,gemm,fc2,32,3,66.56000018119812,24524288,24622592,98304,98304,1024,2026-04-14T11:53:07Z,baseline_nvml_pt,nvidia-smi,ok,1.0,7.0,1695.0,7601.0,62.17,0.1085439994931221,23.76318359375,23.76318359375,0.375,True,,,,,unavailable,,prefill-facebook-opt-125m-chunk-64-sm-32,success,,,/mnt/data/dheeraj/dicertation/inference-profile/runs/revised-full-20260414-g0-opt125m/raw/points/prefill/prefill-facebook-opt-125m-chunk-64-sm-32.csv
facebook/opt-125m,64,attention,attention,32,3,61.43999844789505,24524288,24626688,102400,98304,1024,2026-04-14T11:53:07Z,baseline_nvml_pt,nvidia-smi,ok,1.0,7.0,1695.0,7601.0,62.17,0.1085439994931221,23.76318359375,23.76318359375,0.375,True,,,,,unavailable,,prefill-facebook-opt-125m-chunk-64-sm-32,success,,,/mnt/data/dheeraj/dicertation/inference-profile/runs/revised-full-20260414-g0-opt125m/raw/points/prefill/prefill-facebook-opt-125m-chunk-64-sm-32.csv
facebook/opt-125m,64,gemm,q_proj,32,4,69.82400268316269,24524288,24622592,98304,98304,1024,2026-04-14T11:53:07Z,baseline_nvml_pt,nvidia-smi,ok,1.0,7.0,1695.0,7601.0,62.17,0.1085439994931221,23.76318359375,23.76318359375,0.375,True,,,,,unavailable,,prefill-facebook-opt-125m-chunk-64-sm-32,success,,,/mnt/data/dheeraj/dicertation/inference-profile/runs/revised-full-20260414-g0-opt125m/raw/points/prefill/prefill-facebook-opt-125m-chunk-64-sm-32.csv
facebook/opt-125m,64,gemm,k_proj,32,4,66.56000018119812,24524288,24622592,98304,98304,1024,2026-04-14T11:53:07Z,baseline_nvml_pt,nvidia-smi,ok,1.0,7.0,1695.0,7601.0,62.17,0.1085439994931221,23.76318359375,23.76318359375,0.375,True,,,,,unavailable,,prefill-facebook-opt-125m-chunk-64-sm-32,success,,,/mnt/data/dheeraj/dicertation/inference-profile/runs/revised-full-20260414-g0-opt125m/raw/points/prefill/prefill-facebook-opt-125m-chunk-64-sm-32.csv
facebook/opt-125m,64,gemm,v_proj,32,4,65.5359998345375,24524288,24622592,98304,98304,1024,2026-04-14T11:53:07Z,baseline_nvml_pt,nvidia-smi,ok,1.0,7.0,1695.0,7601.0,62.17,0.1085439994931221,23.76318359375,23.76318359375,0.375,True,,,,,unavailable,,prefill-facebook-opt-125m-chunk-64-sm-32,success,,,/mnt/data/dheeraj/dicertation/inference-profile/runs/revised-full-20260414-g0-opt125m/raw/points/prefill/prefill-facebook-opt-125m-chunk-64-sm-32.csv
facebook/opt-125m,64,gemm,out_proj,32,4,67.58400052785873,24524288,24622592,98304,98304,1024,2026-04-14T11:53:07Z,baseline_nvml_pt,nvidia-smi,ok,1.0,7.0,1695.0,7601.0,62.17,0.1085439994931221,23.76318359375,23.76318359375,0.375,True,,,,,unavailable,,prefill-facebook-opt-125m-chunk-64-sm-32,success,,,/mnt/data/dheeraj/dicertation/inference-profile/runs/revised-full-20260414-g0-opt125m/raw/points/prefill/prefill-facebook-opt-125m-chunk-64-sm-32.csv
facebook/opt-125m,64,gemm,fc1,32,4,62.463998794555664,24524288,24917504,393216,393216,1024,2026-04-14T11:53:07Z,baseline_nvml_pt,nvidia-smi,ok,1.0,7.0,1695.0,7601.0,62.17,0.1085439994931221,23.76318359375,23.76318359375,0.375,True,,,,,unavailable,,prefill-facebook-opt-125m-chunk-64-sm-32,success,,,/mnt/data/dheeraj/dicertation/inference-profile/runs/revised-full-20260414-g0-opt125m/raw/points/prefill/prefill-facebook-opt-125m-chunk-64-sm-32.csv
facebook/opt-125m,64,gemm,fc2,32,4,62.6240000128746,24524288,24622592,98304,98304,1024,2026-04-14T11:53:07Z,baseline_nvml_pt,nvidia-smi,ok,1.0,7.0,1695.0,7601.0,62.17,0.1085439994931221,23.76318359375,23.76318359375,0.375,True,,,,,unavailable,,prefill-facebook-opt-125m-chunk-64-sm-32,success,,,/mnt/data/dheeraj/dicertation/inference-profile/runs/revised-full-20260414-g0-opt125m/raw/points/prefill/prefill-facebook-opt-125m-chunk-64-sm-32.csv
facebook/opt-125m,64,attention,attention,32,4,52.22399905323982,24524288,24626688,102400,98304,1024,2026-04-14T11:53:07Z,baseline_nvml_pt,nvidia-smi,ok,1.0,7.0,1695.0,7601.0,62.17,0.1085439994931221,23.76318359375,23.76318359375,0.375,True,,,,,unavailable,,prefill-facebook-opt-125m-chunk-64-sm-32,success,,,/mnt/data/dheeraj/dicertation/inference-profile/runs/revised-full-20260414-g0-opt125m/raw/points/prefill/prefill-facebook-opt-125m-chunk-64-sm-32.csv
facebook/opt-125m,128,gemm,q_proj,8,0,106.49599879980087,25310720,25507328,196608,196608,1024,2026-04-14T11:53:12Z,baseline_nvml_pt,nvidia-smi,ok,0.0,7.0,1695.0,7601.0,62.56,0.10649599879980087,24.88818359375,24.88818359375,0.75,True,,,,,unavailable,,prefill-facebook-opt-125m-chunk-128-sm-8,success,,,/mnt/data/dheeraj/dicertation/inference-profile/runs/revised-full-20260414-g0-opt125m/raw/points/prefill/prefill-facebook-opt-125m-chunk-128-sm-8.csv
facebook/opt-125m,128,gemm,k_proj,8,0,87.2960016131401,25310720,25507328,196608,196608,1024,2026-04-14T11:53:12Z,baseline_nvml_pt,nvidia-smi,ok,0.0,7.0,1695.0,7601.0,62.56,0.10649599879980087,24.88818359375,24.88818359375,0.75,True,,,,,unavailable,,prefill-facebook-opt-125m-chunk-128-sm-8,success,,,/mnt/data/dheeraj/dicertation/inference-profile/runs/revised-full-20260414-g0-opt125m/raw/points/prefill/prefill-facebook-opt-125m-chunk-128-sm-8.csv
facebook/opt-125m,128,gemm,v_proj,8,0,75.00799745321274,25310720,25507328,196608,196608,1024,2026-04-14T11:53:12Z,baseline_nvml_pt,nvidia-smi,ok,0.0,7.0,1695.0,7601.0,62.56,0.10649599879980087,24.88818359375,24.88818359375,0.75,True,,,,,unavailable,,prefill-facebook-opt-125m-chunk-128-sm-8,success,,,/mnt/data/dheeraj/dicertation/inference-profile/runs/revised-full-20260414-g0-opt125m/raw/points/prefill/prefill-facebook-opt-125m-chunk-128-sm-8.csv
facebook/opt-125m,128,gemm,out_proj,8,0,87.0399996638298,25310720,25507328,196608,196608,1024,2026-04-14T11:53:12Z,baseline_nvml_pt,nvidia-smi,ok,0.0,7.0,1695.0,7601.0,62.56,0.10649599879980087,24.88818359375,24.88818359375,0.75,True,,,,,unavailable,,prefill-facebook-opt-125m-chunk-128-sm-8,success,,,/mnt/data/dheeraj/dicertation/inference-profile/runs/revised-full-20260414-g0-opt125m/raw/points/prefill/prefill-facebook-opt-125m-chunk-128-sm-8.csv
facebook/opt-125m,128,gemm,fc1,8,0,66.56000018119812,25310720,26097152,786432,786432,1024,2026-04-14T11:53:12Z,baseline_nvml_pt,nvidia-smi,ok,0.0,7.0,1695.0,7601.0,62.56,0.10649599879980087,24.88818359375,24.88818359375,0.75,True,,,,,unavailable,,prefill-facebook-opt-125m-chunk-128-sm-8,success,,,/mnt/data/dheeraj/dicertation/inference-profile/runs/revised-full-20260414-g0-opt125m/raw/points/prefill/prefill-facebook-opt-125m-chunk-128-sm-8.csv
facebook/opt-125m,128,gemm,fc2,8,0,71.61600142717361,25310720,25507328,196608,196608,1024,2026-04-14T11:53:12Z,baseline_nvml_pt,nvidia-smi,ok,0.0,7.0,1695.0,7601.0,62.56,0.10649599879980087,24.88818359375,24.88818359375,0.75,True,,,,,unavailable,,prefill-facebook-opt-125m-chunk-128-sm-8,success,,,/mnt/data/dheeraj/dicertation/inference-profile/runs/revised-full-20260414-g0-opt125m/raw/points/prefill/prefill-facebook-opt-125m-chunk-128-sm-8.csv
facebook/opt-125m,128,attention,attention,8,0,58.49599838256836,25310720,25514496,203776,196608,1024,2026-04-14T11:53:12Z,baseline_nvml_pt,nvidia-smi,ok,0.0,7.0,1695.0,7601.0,62.56,0.10649599879980087,24.88818359375,24.88818359375,0.75,True,,,,,unavailable,,prefill-facebook-opt-125m-chunk-128-sm-8,success,,,/mnt/data/dheeraj/dicertation/inference-profile/runs/revised-full-20260414-g0-opt125m/raw/points/prefill/prefill-facebook-opt-125m-chunk-128-sm-8.csv
facebook/opt-125m,128,gemm,q_proj,8,1,76.80000364780426,25310720,25507328,196608,196608,1024,2026-04-14T11:53:12Z,baseline_nvml_pt,nvidia-smi,ok,0.0,7.0,1695.0,7601.0,62.56,0.10649599879980087,24.88818359375,24.88818359375,0.75,True,,,,,unavailable,,prefill-facebook-opt-125m-chunk-128-sm-8,success,,,/mnt/data/dheeraj/dicertation/inference-profile/runs/revised-full-20260414-g0-opt125m/raw/points/prefill/prefill-facebook-opt-125m-chunk-128-sm-8.csv
facebook/opt-125m,128,gemm,k_proj,8,1,80.79999685287476,25310720,25507328,196608,196608,1024,2026-04-14T11:53:12Z,baseline_nvml_pt,nvidia-smi,ok,0.0,7.0,1695.0,7601.0,62.56,0.10649599879980087,24.88818359375,24.88818359375,0.75,True,,,,,unavailable,,prefill-facebook-opt-125m-chunk-128-sm-8,success,,,/mnt/data/dheeraj/dicertation/inference-profile/runs/revised-full-20260414-g0-opt125m/raw/points/prefill/prefill-facebook-opt-125m-chunk-128-sm-8.csv
facebook/opt-125m,128,gemm,v_proj,8,1,72.7040022611618,25310720,25507328,196608,196608,1024,2026-04-14T11:53:12Z,baseline_nvml_pt,nvidia-smi,ok,0.0,7.0,1695.0,7601.0,62.56,0.10649599879980087,24.88818359375,24.88818359375,0.75,True,,,,,unavailable,,prefill-facebook-opt-125m-chunk-128-sm-8,success,,,/mnt/data/dheeraj/dicertation/inference-profile/runs/revised-full-20260414-g0-opt125m/raw/points/prefill/prefill-facebook-opt-125m-chunk-128-sm-8.csv
facebook/opt-125m,128,gemm,out_proj,8,1,69.63200122117996,25310720,25507328,196608,196608,1024,2026-04-14T11:53:12Z,baseline_nvml_pt,nvidia-smi,ok,0.0,7.0,1695.0,7601.0,62.56,0.10649599879980087,24.88818359375,24.88818359375,0.75,True,,,,,unavailable,,prefill-facebook-opt-125m-chunk-128-sm-8,success,,,/mnt/data/dheeraj/dicertation/inference-profile/runs/revised-full-20260414-g0-opt125m/raw/points/prefill/prefill-facebook-opt-125m-chunk-128-sm-8.csv
facebook/opt-125m,128,gemm,fc1,8,1,60.416001826524734,25310720,26097152,786432,786432,1024,2026-04-14T11:53:12Z,baseline_nvml_pt,nvidia-smi,ok,0.0,7.0,1695.0,7601.0,62.56,0.10649599879980087,24.88818359375,24.88818359375,0.75,True,,,,,unavailable,,prefill-facebook-opt-125m-chunk-128-sm-8,success,,,/mnt/data/dheeraj/dicertation/inference-profile/runs/revised-full-20260414-g0-opt125m/raw/points/prefill/prefill-facebook-opt-125m-chunk-128-sm-8.csv
facebook/opt-125m,128,gemm,fc2,8,1,67.58400052785873,25310720,25507328,196608,196608,1024,2026-04-14T11:53:12Z,baseline_nvml_pt,nvidia-smi,ok,0.0,7.0,1695.0,7601.0,62.56,0.10649599879980087,24.88818359375,24.88818359375,0.75,True,,,,,unavailable,,prefill-facebook-opt-125m-chunk-128-sm-8,success,,,/mnt/data/dheeraj/dicertation/inference-profile/runs/revised-full-20260414-g0-opt125m/raw/points/prefill/prefill-facebook-opt-125m-chunk-128-sm-8.csv
facebook/opt-125m,128,attention,attention,8,1,56.063998490571976,25310720,25514496,203776,196608,1024,2026-04-14T11:53:12Z,baseline_nvml_pt,nvidia-smi,ok,0.0,7.0,1695.0,7601.0,62.56,0.10649599879980087,24.88818359375,24.88818359375,0.75,True,,,,,unavailable,,prefill-facebook-opt-125m-chunk-128-sm-8,success,,,/mnt/data/dheeraj/dicertation/inference-profile/runs/revised-full-20260414-g0-opt125m/raw/points/prefill/prefill-facebook-opt-125m-chunk-128-sm-8.csv
facebook/opt-125m,128,gemm,q_proj,8,2,74.75200295448303,25310720,25507328,196608,196608,1024,2026-04-14T11:53:12Z,baseline_nvml_pt,nvidia-smi,ok,0.0,7.0,1695.0,7601.0,62.56,0.10649599879980087,24.88818359375,24.88818359375,0.75,True,,,,,unavailable,,prefill-facebook-opt-125m-chunk-128-sm-8,success,,,/mnt/data/dheeraj/dicertation/inference-profile/runs/revised-full-20260414-g0-opt125m/raw/points/prefill/prefill-facebook-opt-125m-chunk-128-sm-8.csv
facebook/opt-125m,128,gemm,k_proj,8,2,76.67200267314911,25310720,25507328,196608,196608,1024,2026-04-14T11:53:12Z,baseline_nvml_pt,nvidia-smi,ok,0.0,7.0,1695.0,7601.0,62.56,0.10649599879980087,24.88818359375,24.88818359375,0.75,True,,,,,unavailable,,prefill-facebook-opt-125m-chunk-128-sm-8,success,,,/mnt/data/dheeraj/dicertation/inference-profile/runs/revised-full-20260414-g0-opt125m/raw/points/prefill/prefill-facebook-opt-125m-chunk-128-sm-8.csv
facebook/opt-125m,128,gemm,v_proj,8,2,80.89599758386612,25310720,25507328,196608,196608,1024,2026-04-14T11:53:12Z,baseline_nvml_pt,nvidia-smi,ok,0.0,7.0,1695.0,7601.0,62.56,0.10649599879980087,24.88818359375,24.88818359375,0.75,True,,,,,unavailable,,prefill-facebook-opt-125m-chunk-128-sm-8,success,,,/mnt/data/dheeraj/dicertation/inference-profile/runs/revised-full-20260414-g0-opt125m/raw/points/prefill/prefill-facebook-opt-125m-chunk-128-sm-8.csv
facebook/opt-125m,128,gemm,out_proj,8,2,70.65600156784058,25310720,25507328,196608,196608,1024,2026-04-14T11:53:12Z,baseline_nvml_pt,nvidia-smi,ok,0.0,7.0,1695.0,7601.0,62.56,0.10649599879980087,24.88818359375,24.88818359375,0.75,True,,,,,unavailable,,prefill-facebook-opt-125m-chunk-128-sm-8,success,,,/mnt/data/dheeraj/dicertation/inference-profile/runs/revised-full-20260414-g0-opt125m/raw/points/prefill/prefill-facebook-opt-125m-chunk-128-sm-8.csv
facebook/opt-125m,128,gemm,fc1,8,2,75.77600330114365,25310720,26097152,786432,786432,1024,2026-04-14T11:53:12Z,baseline_nvml_pt,nvidia-smi,ok,0.0,7.0,1695.0,7601.0,62.56,0.10649599879980087,24.88818359375,24.88818359375,0.75,True,,,,,unavailable,,prefill-facebook-opt-125m-chunk-128-sm-8,success,,,/mnt/data/dheeraj/dicertation/inference-profile/runs/revised-full-20260414-g0-opt125m/raw/points/prefill/prefill-facebook-opt-125m-chunk-128-sm-8.csv
facebook/opt-125m,128,gemm,fc2,8,2,76.80000364780426,25310720,25507328,196608,196608,1024,2026-04-14T11:53:12Z,baseline_nvml_pt,nvidia-smi,ok,0.0,7.0,1695.0,7601.0,62.56,0.10649599879980087,24.88818359375,24.88818359375,0.75,True,,,,,unavailable,,prefill-facebook-opt-125m-chunk-128-sm-8,success,,,/mnt/data/dheeraj/dicertation/inference-profile/runs/revised-full-20260414-g0-opt125m/raw/points/prefill/prefill-facebook-opt-125m-chunk-128-sm-8.csv
facebook/opt-125m,128,attention,attention,8,2,57.34400078654289,25310720,25514496,203776,196608,1024,2026-04-14T11:53:12Z,baseline_nvml_pt,nvidia-smi,ok,0.0,7.0,1695.0,7601.0,62.56,0.10649599879980087,24.88818359375,24.88818359375,0.75,True,,,,,unavailable,,prefill-facebook-opt-125m-chunk-128-sm-8,success,,,/mnt/data/dheeraj/dicertation/inference-profile/runs/revised-full-20260414-g0-opt125m/raw/points/prefill/prefill-facebook-opt-125m-chunk-128-sm-8.csv
facebook/opt-125m,128,gemm,q_proj,8,3,72.73600250482559,25310720,25507328,196608,196608,1024,2026-04-14T11:53:12Z,baseline_nvml_pt,nvidia-smi,ok,0.0,7.0,1695.0,7601.0,62.56,0.10649599879980087,24.88818359375,24.88818359375,0.75,True,,,,,unavailable,,prefill-facebook-opt-125m-chunk-128-sm-8,success,,,/mnt/data/dheeraj/dicertation/inference-profile/runs/revised-full-20260414-g0-opt125m/raw/points/prefill/prefill-facebook-opt-125m-chunk-128-sm-8.csv
facebook/opt-125m,128,gemm,k_proj,8,3,69.60000097751617,25310720,25507328,196608,196608,1024,2026-04-14T11:53:12Z,baseline_nvml_pt,nvidia-smi,ok,0.0,7.0,1695.0,7601.0,62.56,0.10649599879980087,24.88818359375,24.88818359375,0.75,True,,,,,unavailable,,prefill-facebook-opt-125m-chunk-128-sm-8,success,,,/mnt/data/dheeraj/dicertation/inference-profile/runs/revised-full-20260414-g0-opt125m/raw/points/prefill/prefill-facebook-opt-125m-chunk-128-sm-8.csv
facebook/opt-125m,128,gemm,v_proj,8,3,70.52800059318542,25310720,25507328,196608,196608,1024,2026-04-14T11:53:12Z,baseline_nvml_pt,nvidia-smi,ok,0.0,7.0,1695.0,7601.0,62.56,0.10649599879980087,24.88818359375,24.88818359375,0.75,True,,,,,unavailable,,prefill-facebook-opt-125m-chunk-128-sm-8,success,,,/mnt/data/dheeraj/dicertation/inference-profile/runs/revised-full-20260414-g0-opt125m/raw/points/prefill/prefill-facebook-opt-125m-chunk-128-sm-8.csv
facebook/opt-125m,128,gemm,out_proj,8,3,70.49600034952164,25310720,25507328,196608,196608,1024,2026-04-14T11:53:12Z,baseline_nvml_pt,nvidia-smi,ok,0.0,7.0,1695.0,7601.0,62.56,0.10649599879980087,24.88818359375,24.88818359375,0.75,True,,,,,unavailable,,prefill-facebook-opt-125m-chunk-128-sm-8,success,,,/mnt/data/dheeraj/dicertation/inference-profile/runs/revised-full-20260414-g0-opt125m/raw/points/prefill/prefill-facebook-opt-125m-chunk-128-sm-8.csv
facebook/opt-125m,128,gemm,fc1,8,3,60.416001826524734,25310720,26097152,786432,786432,1024,2026-04-14T11:53:12Z,baseline_nvml_pt,nvidia-smi,ok,0.0,7.0,1695.0,7601.0,62.56,0.10649599879980087,24.88818359375,24.88818359375,0.75,True,,,,,unavailable,,prefill-facebook-opt-125m-chunk-128-sm-8,success,,,/mnt/data/dheeraj/dicertation/inference-profile/runs/revised-full-20260414-g0-opt125m/raw/points/prefill/prefill-facebook-opt-125m-chunk-128-sm-8.csv
facebook/opt-125m,128,gemm,fc2,8,3,69.63200122117996,25310720,25507328,196608,196608,1024,2026-04-14T11:53:12Z,baseline_nvml_pt,nvidia-smi,ok,0.0,7.0,1695.0,7601.0,62.56,0.10649599879980087,24.88818359375,24.88818359375,0.75,True,,,,,unavailable,,prefill-facebook-opt-125m-chunk-128-sm-8,success,,,/mnt/data/dheeraj/dicertation/inference-profile/runs/revised-full-20260414-g0-opt125m/raw/points/prefill/prefill-facebook-opt-125m-chunk-128-sm-8.csv
facebook/opt-125m,128,attention,attention,8,3,55.296000093221664,25310720,25514496,203776,196608,1024,2026-04-14T11:53:12Z,baseline_nvml_pt,nvidia-smi,ok,0.0,7.0,1695.0,7601.0,62.56,0.10649599879980087,24.88818359375,24.88818359375,0.75,True,,,,,unavailable,,prefill-facebook-opt-125m-chunk-128-sm-8,success,,,/mnt/data/dheeraj/dicertation/inference-profile/runs/revised-full-20260414-g0-opt125m/raw/points/prefill/prefill-facebook-opt-125m-chunk-128-sm-8.csv
facebook/opt-125m,128,gemm,q_proj,8,4,73.63200187683105,25310720,25507328,196608,196608,1024,2026-04-14T11:53:12Z,baseline_nvml_pt,nvidia-smi,ok,0.0,7.0,1695.0,7601.0,62.56,0.10649599879980087,24.88818359375,24.88818359375,0.75,True,,,,,unavailable,,prefill-facebook-opt-125m-chunk-128-sm-8,success,,,/mnt/data/dheeraj/dicertation/inference-profile/runs/revised-full-20260414-g0-opt125m/raw/points/prefill/prefill-facebook-opt-125m-chunk-128-sm-8.csv
facebook/opt-125m,128,gemm,k_proj,8,4,76.7040029168129,25310720,25507328,196608,196608,1024,2026-04-14T11:53:12Z,baseline_nvml_pt,nvidia-smi,ok,0.0,7.0,1695.0,7601.0,62.56,0.10649599879980087,24.88818359375,24.88818359375,0.75,True,,,,,unavailable,,prefill-facebook-opt-125m-chunk-128-sm-8,success,,,/mnt/data/dheeraj/dicertation/inference-profile/runs/revised-full-20260414-g0-opt125m/raw/points/prefill/prefill-facebook-opt-125m-chunk-128-sm-8.csv
facebook/opt-125m,128,gemm,v_proj,8,4,68.57600063085556,25310720,25507328,196608,196608,1024,2026-04-14T11:53:12Z,baseline_nvml_pt,nvidia-smi,ok,0.0,7.0,1695.0,7601.0,62.56,0.10649599879980087,24.88818359375,24.88818359375,0.75,True,,,,,unavailable,,prefill-facebook-opt-125m-chunk-128-sm-8,success,,,/mnt/data/dheeraj/dicertation/inference-profile/runs/revised-full-20260414-g0-opt125m/raw/points/prefill/prefill-facebook-opt-125m-chunk-128-sm-8.csv
facebook/opt-125m,128,gemm,out_proj,8,4,68.76800209283829,25310720,25507328,196608,196608,1024,2026-04-14T11:53:12Z,baseline_nvml_pt,nvidia-smi,ok,0.0,7.0,1695.0,7601.0,62.56,0.10649599879980087,24.88818359375,24.88818359375,0.75,True,,,,,unavailable,,prefill-facebook-opt-125m-chunk-128-sm-8,success,,,/mnt/data/dheeraj/dicertation/inference-profile/runs/revised-full-20260414-g0-opt125m/raw/points/prefill/prefill-facebook-opt-125m-chunk-128-sm-8.csv
facebook/opt-125m,128,gemm,fc1,8,4,60.416001826524734,25310720,26097152,786432,786432,1024,2026-04-14T11:53:12Z,baseline_nvml_pt,nvidia-smi,ok,0.0,7.0,1695.0,7601.0,62.56,0.10649599879980087,24.88818359375,24.88818359375,0.75,True,,,,,unavailable,,prefill-facebook-opt-125m-chunk-128-sm-8,success,,,/mnt/data/dheeraj/dicertation/inference-profile/runs/revised-full-20260414-g0-opt125m/raw/points/prefill/prefill-facebook-opt-125m-chunk-128-sm-8.csv
facebook/opt-125m,128,gemm,fc2,8,4,67.58400052785873,25310720,25507328,196608,196608,1024,2026-04-14T11:53:12Z,baseline_nvml_pt,nvidia-smi,ok,0.0,7.0,1695.0,7601.0,62.56,0.10649599879980087,24.88818359375,24.88818359375,0.75,True,,,,,unavailable,,prefill-facebook-opt-125m-chunk-128-sm-8,success,,,/mnt/data/dheeraj/dicertation/inference-profile/runs/revised-full-20260414-g0-opt125m/raw/points/prefill/prefill-facebook-opt-125m-chunk-128-sm-8.csv
facebook/opt-125m,128,attention,attention,8,4,53.247999399900436,25310720,25514496,203776,196608,1024,2026-04-14T11:53:12Z,baseline_nvml_pt,nvidia-smi,ok,0.0,7.0,1695.0,7601.0,62.56,0.10649599879980087,24.88818359375,24.88818359375,0.75,True,,,,,unavailable,,prefill-facebook-opt-125m-chunk-128-sm-8,success,,,/mnt/data/dheeraj/dicertation/inference-profile/runs/revised-full-20260414-g0-opt125m/raw/points/prefill/prefill-facebook-opt-125m-chunk-128-sm-8.csv
facebook/opt-125m,128,gemm,q_proj,16,0,117.76000261306763,25310720,25507328,196608,196608,1024,2026-04-14T11:53:17Z,baseline_nvml_pt,nvidia-smi,ok,1.0,7.0,1695.0,7601.0,62.93,0.11776000261306763,24.88818359375,24.88818359375,0.75,True,,,,,unavailable,,prefill-facebook-opt-125m-chunk-128-sm-16,success,,,/mnt/data/dheeraj/dicertation/inference-profile/runs/revised-full-20260414-g0-opt125m/raw/points/prefill/prefill-facebook-opt-125m-chunk-128-sm-16.csv
facebook/opt-125m,128,gemm,k_proj,16,0,91.13600105047226,25310720,25507328,196608,196608,1024,2026-04-14T11:53:17Z,baseline_nvml_pt,nvidia-smi,ok,1.0,7.0,1695.0,7601.0,62.93,0.11776000261306763,24.88818359375,24.88818359375,0.75,True,,,,,unavailable,,prefill-facebook-opt-125m-chunk-128-sm-16,success,,,/mnt/data/dheeraj/dicertation/inference-profile/runs/revised-full-20260414-g0-opt125m/raw/points/prefill/prefill-facebook-opt-125m-chunk-128-sm-16.csv
facebook/opt-125m,128,gemm,v_proj,16,0,77.53600180149078,25310720,25507328,196608,196608,1024,2026-04-14T11:53:17Z,baseline_nvml_pt,nvidia-smi,ok,1.0,7.0,1695.0,7601.0,62.93,0.11776000261306763,24.88818359375,24.88818359375,0.75,True,,,,,unavailable,,prefill-facebook-opt-125m-chunk-128-sm-16,success,,,/mnt/data/dheeraj/dicertation/inference-profile/runs/revised-full-20260414-g0-opt125m/raw/points/prefill/prefill-facebook-opt-125m-chunk-128-sm-16.csv
facebook/opt-125m,128,gemm,out_proj,16,0,81.91999793052673,25310720,25507328,196608,196608,1024,2026-04-14T11:53:17Z,baseline_nvml_pt,nvidia-smi,ok,1.0,7.0,1695.0,7601.0,62.93,0.11776000261306763,24.88818359375,24.88818359375,0.75,True,,,,,unavailable,,prefill-facebook-opt-125m-chunk-128-sm-16,success,,,/mnt/data/dheeraj/dicertation/inference-profile/runs/revised-full-20260414-g0-opt125m/raw/points/prefill/prefill-facebook-opt-125m-chunk-128-sm-16.csv
facebook/opt-125m,128,gemm,fc1,16,0,66.39999896287918,25310720,26097152,786432,786432,1024,2026-04-14T11:53:17Z,baseline_nvml_pt,nvidia-smi,ok,1.0,7.0,1695.0,7601.0,62.93,0.11776000261306763,24.88818359375,24.88818359375,0.75,True,,,,,unavailable,,prefill-facebook-opt-125m-chunk-128-sm-16,success,,,/mnt/data/dheeraj/dicertation/inference-profile/runs/revised-full-20260414-g0-opt125m/raw/points/prefill/prefill-facebook-opt-125m-chunk-128-sm-16.csv
facebook/opt-125m,128,gemm,fc2,16,0,70.56000083684921,25310720,25507328,196608,196608,1024,2026-04-14T11:53:17Z,baseline_nvml_pt,nvidia-smi,ok,1.0,7.0,1695.0,7601.0,62.93,0.11776000261306763,24.88818359375,24.88818359375,0.75,True,,,,,unavailable,,prefill-facebook-opt-125m-chunk-128-sm-16,success,,,/mnt/data/dheeraj/dicertation/inference-profile/runs/revised-full-20260414-g0-opt125m/raw/points/prefill/prefill-facebook-opt-125m-chunk-128-sm-16.csv
facebook/opt-125m,128,attention,attention,16,0,59.51999872922897,25310720,25514496,203776,196608,1024,2026-04-14T11:53:17Z,baseline_nvml_pt,nvidia-smi,ok,1.0,7.0,1695.0,7601.0,62.93,0.11776000261306763,24.88818359375,24.88818359375,0.75,True,,,,,unavailable,,prefill-facebook-opt-125m-chunk-128-sm-16,success,,,/mnt/data/dheeraj/dicertation/inference-profile/runs/revised-full-20260414-g0-opt125m/raw/points/prefill/prefill-facebook-opt-125m-chunk-128-sm-16.csv
facebook/opt-125m,128,gemm,q_proj,16,1,77.82399654388428,25310720,25507328,196608,196608,1024,2026-04-14T11:53:17Z,baseline_nvml_pt,nvidia-smi,ok,1.0,7.0,1695.0,7601.0,62.93,0.11776000261306763,24.88818359375,24.88818359375,0.75,True,,,,,unavailable,,prefill-facebook-opt-125m-chunk-128-sm-16,success,,,/mnt/data/dheeraj/dicertation/inference-profile/runs/revised-full-20260414-g0-opt125m/raw/points/prefill/prefill-facebook-opt-125m-chunk-128-sm-16.csv
facebook/opt-125m,128,gemm,k_proj,16,1,72.7040022611618,25310720,25507328,196608,196608,1024,2026-04-14T11:53:17Z,baseline_nvml_pt,nvidia-smi,ok,1.0,7.0,1695.0,7601.0,62.93,0.11776000261306763,24.88818359375,24.88818359375,0.75,True,,,,,unavailable,,prefill-facebook-opt-125m-chunk-128-sm-16,success,,,/mnt/data/dheeraj/dicertation/inference-profile/runs/revised-full-20260414-g0-opt125m/raw/points/prefill/prefill-facebook-opt-125m-chunk-128-sm-16.csv
facebook/opt-125m,128,gemm,v_proj,16,1,67.58400052785873,25310720,25507328,196608,196608,1024,2026-04-14T11:53:17Z,baseline_nvml_pt,nvidia-smi,ok,1.0,7.0,1695.0,7601.0,62.93,0.11776000261306763,24.88818359375,24.88818359375,0.75,True,,,,,unavailable,,prefill-facebook-opt-125m-chunk-128-sm-16,success,,,/mnt/data/dheeraj/dicertation/inference-profile/runs/revised-full-20260414-g0-opt125m/raw/points/prefill/prefill-facebook-opt-125m-chunk-128-sm-16.csv
facebook/opt-125m,128,gemm,out_proj,16,1,71.96799665689468,25310720,25507328,196608,196608,1024,2026-04-14T11:53:17Z,baseline_nvml_pt,nvidia-smi,ok,1.0,7.0,1695.0,7601.0,62.93,0.11776000261306763,24.88818359375,24.88818359375,0.75,True,,,,,unavailable,,prefill-facebook-opt-125m-chunk-128-sm-16,success,,,/mnt/data/dheeraj/dicertation/inference-profile/runs/revised-full-20260414-g0-opt125m/raw/points/prefill/prefill-facebook-opt-125m-chunk-128-sm-16.csv
facebook/opt-125m,128,gemm,fc1,16,1,58.46399813890457,25310720,26097152,786432,786432,1024,2026-04-14T11:53:17Z,baseline_nvml_pt,nvidia-smi,ok,1.0,7.0,1695.0,7601.0,62.93,0.11776000261306763,24.88818359375,24.88818359375,0.75,True,,,,,unavailable,,prefill-facebook-opt-125m-chunk-128-sm-16,success,,,/mnt/data/dheeraj/dicertation/inference-profile/runs/revised-full-20260414-g0-opt125m/raw/points/prefill/prefill-facebook-opt-125m-chunk-128-sm-16.csv
facebook/opt-125m,128,gemm,fc2,16,1,64.51199948787689,25310720,25507328,196608,196608,1024,2026-04-14T11:53:17Z,baseline_nvml_pt,nvidia-smi,ok,1.0,7.0,1695.0,7601.0,62.93,0.11776000261306763,24.88818359375,24.88818359375,0.75,True,,,,,unavailable,,prefill-facebook-opt-125m-chunk-128-sm-16,success,,,/mnt/data/dheeraj/dicertation/inference-profile/runs/revised-full-20260414-g0-opt125m/raw/points/prefill/prefill-facebook-opt-125m-chunk-128-sm-16.csv
facebook/opt-125m,128,attention,attention,16,1,54.4000007212162,25310720,25514496,203776,196608,1024,2026-04-14T11:53:17Z,baseline_nvml_pt,nvidia-smi,ok,1.0,7.0,1695.0,7601.0,62.93,0.11776000261306763,24.88818359375,24.88818359375,0.75,True,,,,,unavailable,,prefill-facebook-opt-125m-chunk-128-sm-16,success,,,/mnt/data/dheeraj/dicertation/inference-profile/runs/revised-full-20260414-g0-opt125m/raw/points/prefill/prefill-facebook-opt-125m-chunk-128-sm-16.csv
facebook/opt-125m,128,gemm,q_proj,16,2,72.7040022611618,25310720,25507328,196608,196608,1024,2026-04-14T11:53:17Z,baseline_nvml_pt,nvidia-smi,ok,1.0,7.0,1695.0,7601.0,62.93,0.11776000261306763,24.88818359375,24.88818359375,0.75,True,,,,,unavailable,,prefill-facebook-opt-125m-chunk-128-sm-16,success,,,/mnt/data/dheeraj/dicertation/inference-profile/runs/revised-full-20260414-g0-opt125m/raw/points/prefill/prefill-facebook-opt-125m-chunk-128-sm-16.csv
facebook/opt-125m,128,gemm,k_proj,16,2,67.77600198984146,25310720,25507328,196608,196608,1024,2026-04-14T11:53:17Z,baseline_nvml_pt,nvidia-smi,ok,1.0,7.0,1695.0,7601.0,62.93,0.11776000261306763,24.88818359375,24.88818359375,0.75,True,,,,,unavailable,,prefill-facebook-opt-125m-chunk-128-sm-16,success,,,/mnt/data/dheeraj/dicertation/inference-profile/runs/revised-full-20260414-g0-opt125m/raw/points/prefill/prefill-facebook-opt-125m-chunk-128-sm-16.csv
facebook/opt-125m,128,gemm,v_proj,16,2,80.89599758386612,25310720,25507328,196608,196608,1024,2026-04-14T11:53:17Z,baseline_nvml_pt,nvidia-smi,ok,1.0,7.0,1695.0,7601.0,62.93,0.11776000261306763,24.88818359375,24.88818359375,0.75,True,,,,,unavailable,,prefill-facebook-opt-125m-chunk-128-sm-16,success,,,/mnt/data/dheeraj/dicertation/inference-profile/runs/revised-full-20260414-g0-opt125m/raw/points/prefill/prefill-facebook-opt-125m-chunk-128-sm-16.csv
facebook/opt-125m,128,gemm,out_proj,16,2,67.58400052785873,25310720,25507328,196608,196608,1024,2026-04-14T11:53:17Z,baseline_nvml_pt,nvidia-smi,ok,1.0,7.0,1695.0,7601.0,62.93,0.11776000261306763,24.88818359375,24.88818359375,0.75,True,,,,,unavailable,,prefill-facebook-opt-125m-chunk-128-sm-16,success,,,/mnt/data/dheeraj/dicertation/inference-profile/runs/revised-full-20260414-g0-opt125m/raw/points/prefill/prefill-facebook-opt-125m-chunk-128-sm-16.csv
facebook/opt-125m,128,gemm,fc1,16,2,61.43999844789505,25310720,26097152,786432,786432,1024,2026-04-14T11:53:17Z,baseline_nvml_pt,nvidia-smi,ok,1.0,7.0,1695.0,7601.0,62.93,0.11776000261306763,24.88818359375,24.88818359375,0.75,True,,,,,unavailable,,prefill-facebook-opt-125m-chunk-128-sm-16,success,,,/mnt/data/dheeraj/dicertation/inference-profile/runs/revised-full-20260414-g0-opt125m/raw/points/prefill/prefill-facebook-opt-125m-chunk-128-sm-16.csv
facebook/opt-125m,128,gemm,fc2,16,2,67.58400052785873,25310720,25507328,196608,196608,1024,2026-04-14T11:53:17Z,baseline_nvml_pt,nvidia-smi,ok,1.0,7.0,1695.0,7601.0,62.93,0.11776000261306763,24.88818359375,24.88818359375,0.75,True,,,,,unavailable,,prefill-facebook-opt-125m-chunk-128-sm-16,success,,,/mnt/data/dheeraj/dicertation/inference-profile/runs/revised-full-20260414-g0-opt125m/raw/points/prefill/prefill-facebook-opt-125m-chunk-128-sm-16.csv
facebook/opt-125m,128,attention,attention,16,2,56.32000043988228,25310720,25514496,203776,196608,1024,2026-04-14T11:53:17Z,baseline_nvml_pt,nvidia-smi,ok,1.0,7.0,1695.0,7601.0,62.93,0.11776000261306763,24.88818359375,24.88818359375,0.75,True,,,,,unavailable,,prefill-facebook-opt-125m-chunk-128-sm-16,success,,,/mnt/data/dheeraj/dicertation/inference-profile/runs/revised-full-20260414-g0-opt125m/raw/points/prefill/prefill-facebook-opt-125m-chunk-128-sm-16.csv
facebook/opt-125m,128,gemm,q_proj,16,3,78.84799689054489,25310720,25507328,196608,196608,1024,2026-04-14T11:53:17Z,baseline_nvml_pt,nvidia-smi,ok,1.0,7.0,1695.0,7601.0,62.93,0.11776000261306763,24.88818359375,24.88818359375,0.75,True,,,,,unavailable,,prefill-facebook-opt-125m-chunk-128-sm-16,success,,,/mnt/data/dheeraj/dicertation/inference-profile/runs/revised-full-20260414-g0-opt125m/raw/points/prefill/prefill-facebook-opt-125m-chunk-128-sm-16.csv
facebook/opt-125m,128,gemm,k_proj,16,3,66.56000018119812,25310720,25507328,196608,196608,1024,2026-04-14T11:53:17Z,baseline_nvml_pt,nvidia-smi,ok,1.0,7.0,1695.0,7601.0,62.93,0.11776000261306763,24.88818359375,24.88818359375,0.75,True,,,,,unavailable,,prefill-facebook-opt-125m-chunk-128-sm-16,success,,,/mnt/data/dheeraj/dicertation/inference-profile/runs/revised-full-20260414-g0-opt125m/raw/points/prefill/prefill-facebook-opt-125m-chunk-128-sm-16.csv
facebook/opt-125m,128,gemm,v_proj,16,3,65.5359998345375,25310720,25507328,196608,196608,1024,2026-04-14T11:53:17Z,baseline_nvml_pt,nvidia-smi,ok,1.0,7.0,1695.0,7601.0,62.93,0.11776000261306763,24.88818359375,24.88818359375,0.75,True,,,,,unavailable,,prefill-facebook-opt-125m-chunk-128-sm-16,success,,,/mnt/data/dheeraj/dicertation/inference-profile/runs/revised-full-20260414-g0-opt125m/raw/points/prefill/prefill-facebook-opt-125m-chunk-128-sm-16.csv
facebook/opt-125m,128,gemm,out_proj,16,3,66.56000018119812,25310720,25507328,196608,196608,1024,2026-04-14T11:53:17Z,baseline_nvml_pt,nvidia-smi,ok,1.0,7.0,1695.0,7601.0,62.93,0.11776000261306763,24.88818359375,24.88818359375,0.75,True,,,,,unavailable,,prefill-facebook-opt-125m-chunk-128-sm-16,success,,,/mnt/data/dheeraj/dicertation/inference-profile/runs/revised-full-20260414-g0-opt125m/raw/points/prefill/prefill-facebook-opt-125m-chunk-128-sm-16.csv
facebook/opt-125m,128,gemm,fc1,16,3,59.39200147986412,25310720,26097152,786432,786432,1024,2026-04-14T11:53:17Z,baseline_nvml_pt,nvidia-smi,ok,1.0,7.0,1695.0,7601.0,62.93,0.11776000261306763,24.88818359375,24.88818359375,0.75,True,,,,,unavailable,,prefill-facebook-opt-125m-chunk-128-sm-16,success,,,/mnt/data/dheeraj/dicertation/inference-profile/runs/revised-full-20260414-g0-opt125m/raw/points/prefill/prefill-facebook-opt-125m-chunk-128-sm-16.csv
facebook/opt-125m,128,gemm,fc2,16,3,64.51199948787689,25310720,25507328,196608,196608,1024,2026-04-14T11:53:17Z,baseline_nvml_pt,nvidia-smi,ok,1.0,7.0,1695.0,7601.0,62.93,0.11776000261306763,24.88818359375,24.88818359375,0.75,True,,,,,unavailable,,prefill-facebook-opt-125m-chunk-128-sm-16,success,,,/mnt/data/dheeraj/dicertation/inference-profile/runs/revised-full-20260414-g0-opt125m/raw/points/prefill/prefill-facebook-opt-125m-chunk-128-sm-16.csv
facebook/opt-125m,128,attention,attention,16,3,52.44800075888634,25310720,25514496,203776,196608,1024,2026-04-14T11:53:17Z,baseline_nvml_pt,nvidia-smi,ok,1.0,7.0,1695.0,7601.0,62.93,0.11776000261306763,24.88818359375,24.88818359375,0.75,True,,,,,unavailable,,prefill-facebook-opt-125m-chunk-128-sm-16,success,,,/mnt/data/dheeraj/dicertation/inference-profile/runs/revised-full-20260414-g0-opt125m/raw/points/prefill/prefill-facebook-opt-125m-chunk-128-sm-16.csv
facebook/opt-125m,128,gemm,q_proj,16,4,70.56000083684921,25310720,25507328,196608,196608,1024,2026-04-14T11:53:17Z,baseline_nvml_pt,nvidia-smi,ok,1.0,7.0,1695.0,7601.0,62.93,0.11776000261306763,24.88818359375,24.88818359375,0.75,True,,,,,unavailable,,prefill-facebook-opt-125m-chunk-128-sm-16,success,,,/mnt/data/dheeraj/dicertation/inference-profile/runs/revised-full-20260414-g0-opt125m/raw/points/prefill/prefill-facebook-opt-125m-chunk-128-sm-16.csv
facebook/opt-125m,128,gemm,k_proj,16,4,64.7360011935234,25310720,25507328,196608,196608,1024,2026-04-14T11:53:17Z,baseline_nvml_pt,nvidia-smi,ok,1.0,7.0,1695.0,7601.0,62.93,0.11776000261306763,24.88818359375,24.88818359375,0.75,True,,,,,unavailable,,prefill-facebook-opt-125m-chunk-128-sm-16,success,,,/mnt/data/dheeraj/dicertation/inference-profile/runs/revised-full-20260414-g0-opt125m/raw/points/prefill/prefill-facebook-opt-125m-chunk-128-sm-16.csv
facebook/opt-125m,128,gemm,v_proj,16,4,64.51199948787689,25310720,25507328,196608,196608,1024,2026-04-14T11:53:17Z,baseline_nvml_pt,nvidia-smi,ok,1.0,7.0,1695.0,7601.0,62.93,0.11776000261306763,24.88818359375,24.88818359375,0.75,True,,,,,unavailable,,prefill-facebook-opt-125m-chunk-128-sm-16,success,,,/mnt/data/dheeraj/dicertation/inference-profile/runs/revised-full-20260414-g0-opt125m/raw/points/prefill/prefill-facebook-opt-125m-chunk-128-sm-16.csv
facebook/opt-125m,128,gemm,out_proj,16,4,66.27199798822403,25310720,25507328,196608,196608,1024,2026-04-14T11:53:17Z,baseline_nvml_pt,nvidia-smi,ok,1.0,7.0,1695.0,7601.0,62.93,0.11776000261306763,24.88818359375,24.88818359375,0.75,True,,,,,unavailable,,prefill-facebook-opt-125m-chunk-128-sm-16,success,,,/mnt/data/dheeraj/dicertation/inference-profile/runs/revised-full-20260414-g0-opt125m/raw/points/prefill/prefill-facebook-opt-125m-chunk-128-sm-16.csv
facebook/opt-125m,128,gemm,fc1,16,4,58.62399935722351,25310720,26097152,786432,786432,1024,2026-04-14T11:53:17Z,baseline_nvml_pt,nvidia-smi,ok,1.0,7.0,1695.0,7601.0,62.93,0.11776000261306763,24.88818359375,24.88818359375,0.75,True,,,,,unavailable,,prefill-facebook-opt-125m-chunk-128-sm-16,success,,,/mnt/data/dheeraj/dicertation/inference-profile/runs/revised-full-20260414-g0-opt125m/raw/points/prefill/prefill-facebook-opt-125m-chunk-128-sm-16.csv
facebook/opt-125m,128,gemm,fc2,16,4,63.48799914121628,25310720,25507328,196608,196608,1024,2026-04-14T11:53:17Z,baseline_nvml_pt,nvidia-smi,ok,1.0,7.0,1695.0,7601.0,62.93,0.11776000261306763,24.88818359375,24.88818359375,0.75,True,,,,,unavailable,,prefill-facebook-opt-125m-chunk-128-sm-16,success,,,/mnt/data/dheeraj/dicertation/inference-profile/runs/revised-full-20260414-g0-opt125m/raw/points/prefill/prefill-facebook-opt-125m-chunk-128-sm-16.csv
facebook/opt-125m,128,attention,attention,16,4,51.19999870657921,25310720,25514496,203776,196608,1024,2026-04-14T11:53:17Z,baseline_nvml_pt,nvidia-smi,ok,1.0,7.0,1695.0,7601.0,62.93,0.11776000261306763,24.88818359375,24.88818359375,0.75,True,,,,,unavailable,,prefill-facebook-opt-125m-chunk-128-sm-16,success,,,/mnt/data/dheeraj/dicertation/inference-profile/runs/revised-full-20260414-g0-opt125m/raw/points/prefill/prefill-facebook-opt-125m-chunk-128-sm-16.csv
facebook/opt-125m,128,gemm,q_proj,24,0,154.84799444675446,25310720,25507328,196608,196608,1024,2026-04-14T11:53:21Z,baseline_nvml_pt,nvidia-smi,ok,0.0,7.0,1695.0,7601.0,63.62,0.15484799444675446,24.88818359375,24.88818359375,0.75,True,,,,,unavailable,,prefill-facebook-opt-125m-chunk-128-sm-24,success,,,/mnt/data/dheeraj/dicertation/inference-profile/runs/revised-full-20260414-g0-opt125m/raw/points/prefill/prefill-facebook-opt-125m-chunk-128-sm-24.csv
facebook/opt-125m,128,gemm,k_proj,24,0,102.39999741315842,25310720,25507328,196608,196608,1024,2026-04-14T11:53:21Z,baseline_nvml_pt,nvidia-smi,ok,0.0,7.0,1695.0,7601.0,63.62,0.15484799444675446,24.88818359375,24.88818359375,0.75,True,,,,,unavailable,,prefill-facebook-opt-125m-chunk-128-sm-24,success,,,/mnt/data/dheeraj/dicertation/inference-profile/runs/revised-full-20260414-g0-opt125m/raw/points/prefill/prefill-facebook-opt-125m-chunk-128-sm-24.csv
facebook/opt-125m,128,gemm,v_proj,24,0,83.67999643087387,25310720,25507328,196608,196608,1024,2026-04-14T11:53:21Z,baseline_nvml_pt,nvidia-smi,ok,0.0,7.0,1695.0,7601.0,63.62,0.15484799444675446,24.88818359375,24.88818359375,0.75,True,,,,,unavailable,,prefill-facebook-opt-125m-chunk-128-sm-24,success,,,/mnt/data/dheeraj/dicertation/inference-profile/runs/revised-full-20260414-g0-opt125m/raw/points/prefill/prefill-facebook-opt-125m-chunk-128-sm-24.csv
facebook/opt-125m,128,gemm,out_proj,24,0,84.1279998421669,25310720,25507328,196608,196608,1024,2026-04-14T11:53:21Z,baseline_nvml_pt,nvidia-smi,ok,0.0,7.0,1695.0,7601.0,63.62,0.15484799444675446,24.88818359375,24.88818359375,0.75,True,,,,,unavailable,,prefill-facebook-opt-125m-chunk-128-sm-24,success,,,/mnt/data/dheeraj/dicertation/inference-profile/runs/revised-full-20260414-g0-opt125m/raw/points/prefill/prefill-facebook-opt-125m-chunk-128-sm-24.csv
facebook/opt-125m,128,gemm,fc1,24,0,71.42399996519089,25310720,26097152,786432,786432,1024,2026-04-14T11:53:21Z,baseline_nvml_pt,nvidia-smi,ok,0.0,7.0,1695.0,7601.0,63.62,0.15484799444675446,24.88818359375,24.88818359375,0.75,True,,,,,unavailable,,prefill-facebook-opt-125m-chunk-128-sm-24,success,,,/mnt/data/dheeraj/dicertation/inference-profile/runs/revised-full-20260414-g0-opt125m/raw/points/prefill/prefill-facebook-opt-125m-chunk-128-sm-24.csv
facebook/opt-125m,128,gemm,fc2,24,0,77.82399654388428,25310720,25507328,196608,196608,1024,2026-04-14T11:53:21Z,baseline_nvml_pt,nvidia-smi,ok,0.0,7.0,1695.0,7601.0,63.62,0.15484799444675446,24.88818359375,24.88818359375,0.75,True,,,,,unavailable,,prefill-facebook-opt-125m-chunk-128-sm-24,success,,,/mnt/data/dheeraj/dicertation/inference-profile/runs/revised-full-20260414-g0-opt125m/raw/points/prefill/prefill-facebook-opt-125m-chunk-128-sm-24.csv
facebook/opt-125m,128,attention,attention,24,0,58.59199911355972,25310720,25514496,203776,196608,1024,2026-04-14T11:53:21Z,baseline_nvml_pt,nvidia-smi,ok,0.0,7.0,1695.0,7601.0,63.62,0.15484799444675446,24.88818359375,24.88818359375,0.75,True,,,,,unavailable,,prefill-facebook-opt-125m-chunk-128-sm-24,success,,,/mnt/data/dheeraj/dicertation/inference-profile/runs/revised-full-20260414-g0-opt125m/raw/points/prefill/prefill-facebook-opt-125m-chunk-128-sm-24.csv
facebook/opt-125m,128,gemm,q_proj,24,1,75.77600330114365,25310720,25507328,196608,196608,1024,2026-04-14T11:53:21Z,baseline_nvml_pt,nvidia-smi,ok,0.0,7.0,1695.0,7601.0,63.62,0.15484799444675446,24.88818359375,24.88818359375,0.75,True,,,,,unavailable,,prefill-facebook-opt-125m-chunk-128-sm-24,success,,,/mnt/data/dheeraj/dicertation/inference-profile/runs/revised-full-20260414-g0-opt125m/raw/points/prefill/prefill-facebook-opt-125m-chunk-128-sm-24.csv
facebook/opt-125m,128,gemm,k_proj,24,1,75.77600330114365,25310720,25507328,196608,196608,1024,2026-04-14T11:53:21Z,baseline_nvml_pt,nvidia-smi,ok,0.0,7.0,1695.0,7601.0,63.62,0.15484799444675446,24.88818359375,24.88818359375,0.75,True,,,,,unavailable,,prefill-facebook-opt-125m-chunk-128-sm-24,success,,,/mnt/data/dheeraj/dicertation/inference-profile/runs/revised-full-20260414-g0-opt125m/raw/points/prefill/prefill-facebook-opt-125m-chunk-128-sm-24.csv
facebook/opt-125m,128,gemm,v_proj,24,1,69.82400268316269,25310720,25507328,196608,196608,1024,2026-04-14T11:53:21Z,baseline_nvml_pt,nvidia-smi,ok,0.0,7.0,1695.0,7601.0,63.62,0.15484799444675446,24.88818359375,24.88818359375,0.75,True,,,,,unavailable,,prefill-facebook-opt-125m-chunk-128-sm-24,success,,,/mnt/data/dheeraj/dicertation/inference-profile/runs/revised-full-20260414-g0-opt125m/raw/points/prefill/prefill-facebook-opt-125m-chunk-128-sm-24.csv
facebook/opt-125m,128,gemm,out_proj,24,1,67.64800101518631,25310720,25507328,196608,196608,1024,2026-04-14T11:53:21Z,baseline_nvml_pt,nvidia-smi,ok,0.0,7.0,1695.0,7601.0,63.62,0.15484799444675446,24.88818359375,24.88818359375,0.75,True,,,,,unavailable,,prefill-facebook-opt-125m-chunk-128-sm-24,success,,,/mnt/data/dheeraj/dicertation/inference-profile/runs/revised-full-20260414-g0-opt125m/raw/points/prefill/prefill-facebook-opt-125m-chunk-128-sm-24.csv
facebook/opt-125m,128,gemm,fc1,24,1,62.39999830722809,25310720,26097152,786432,786432,1024,2026-04-14T11:53:21Z,baseline_nvml_pt,nvidia-smi,ok,0.0,7.0,1695.0,7601.0,63.62,0.15484799444675446,24.88818359375,24.88818359375,0.75,True,,,,,unavailable,,prefill-facebook-opt-125m-chunk-128-sm-24,success,,,/mnt/data/dheeraj/dicertation/inference-profile/runs/revised-full-20260414-g0-opt125m/raw/points/prefill/prefill-facebook-opt-125m-chunk-128-sm-24.csv
facebook/opt-125m,128,gemm,fc2,24,1,67.74400174617767,25310720,25507328,196608,196608,1024,2026-04-14T11:53:21Z,baseline_nvml_pt,nvidia-smi,ok,0.0,7.0,1695.0,7601.0,63.62,0.15484799444675446,24.88818359375,24.88818359375,0.75,True,,,,,unavailable,,prefill-facebook-opt-125m-chunk-128-sm-24,success,,,/mnt/data/dheeraj/dicertation/inference-profile/runs/revised-full-20260414-g0-opt125m/raw/points/prefill/prefill-facebook-opt-125m-chunk-128-sm-24.csv
facebook/opt-125m,128,attention,attention,24,1,56.32000043988228,25310720,25514496,203776,196608,1024,2026-04-14T11:53:21Z,baseline_nvml_pt,nvidia-smi,ok,0.0,7.0,1695.0,7601.0,63.62,0.15484799444675446,24.88818359375,24.88818359375,0.75,True,,,,,unavailable,,prefill-facebook-opt-125m-chunk-128-sm-24,success,,,/mnt/data/dheeraj/dicertation/inference-profile/runs/revised-full-20260414-g0-opt125m/raw/points/prefill/prefill-facebook-opt-125m-chunk-128-sm-24.csv
facebook/opt-125m,128,gemm,q_proj,24,2,74.78400319814682,25310720,25507328,196608,196608,1024,2026-04-14T11:53:21Z,baseline_nvml_pt,nvidia-smi,ok,0.0,7.0,1695.0,7601.0,63.62,0.15484799444675446,24.88818359375,24.88818359375,0.75,True,,,,,unavailable,,prefill-facebook-opt-125m-chunk-128-sm-24,success,,,/mnt/data/dheeraj/dicertation/inference-profile/runs/revised-full-20260414-g0-opt125m/raw/points/prefill/prefill-facebook-opt-125m-chunk-128-sm-24.csv
facebook/opt-125m,128,gemm,k_proj,24,2,71.68000191450119,25310720,25507328,196608,196608,1024,2026-04-14T11:53:21Z,baseline_nvml_pt,nvidia-smi,ok,0.0,7.0,1695.0,7601.0,63.62,0.15484799444675446,24.88818359375,24.88818359375,0.75,True,,,,,unavailable,,prefill-facebook-opt-125m-chunk-128-sm-24,success,,,/mnt/data/dheeraj/dicertation/inference-profile/runs/revised-full-20260414-g0-opt125m/raw/points/prefill/prefill-facebook-opt-125m-chunk-128-sm-24.csv
facebook/opt-125m,128,gemm,v_proj,24,2,89.08800035715103,25310720,25507328,196608,196608,1024,2026-04-14T11:53:21Z,baseline_nvml_pt,nvidia-smi,ok,0.0,7.0,1695.0,7601.0,63.62,0.15484799444675446,24.88818359375,24.88818359375,0.75,True,,,,,unavailable,,prefill-facebook-opt-125m-chunk-128-sm-24,success,,,/mnt/data/dheeraj/dicertation/inference-profile/runs/revised-full-20260414-g0-opt125m/raw/points/prefill/prefill-facebook-opt-125m-chunk-128-sm-24.csv
facebook/opt-125m,128,gemm,out_proj,24,2,68.86400282382965,25310720,25507328,196608,196608,1024,2026-04-14T11:53:21Z,baseline_nvml_pt,nvidia-smi,ok,0.0,7.0,1695.0,7601.0,63.62,0.15484799444675446,24.88818359375,24.88818359375,0.75,True,,,,,unavailable,,prefill-facebook-opt-125m-chunk-128-sm-24,success,,,/mnt/data/dheeraj/dicertation/inference-profile/runs/revised-full-20260414-g0-opt125m/raw/points/prefill/prefill-facebook-opt-125m-chunk-128-sm-24.csv
facebook/opt-125m,128,gemm,fc1,24,2,64.51199948787689,25310720,26097152,786432,786432,1024,2026-04-14T11:53:21Z,baseline_nvml_pt,nvidia-smi,ok,0.0,7.0,1695.0,7601.0,63.62,0.15484799444675446,24.88818359375,24.88818359375,0.75,True,,,,,unavailable,,prefill-facebook-opt-125m-chunk-128-sm-24,success,,,/mnt/data/dheeraj/dicertation/inference-profile/runs/revised-full-20260414-g0-opt125m/raw/points/prefill/prefill-facebook-opt-125m-chunk-128-sm-24.csv
facebook/opt-125m,128,gemm,fc2,24,2,71.87200337648392,25310720,25507328,196608,196608,1024,2026-04-14T11:53:21Z,baseline_nvml_pt,nvidia-smi,ok,0.0,7.0,1695.0,7601.0,63.62,0.15484799444675446,24.88818359375,24.88818359375,0.75,True,,,,,unavailable,,prefill-facebook-opt-125m-chunk-128-sm-24,success,,,/mnt/data/dheeraj/dicertation/inference-profile/runs/revised-full-20260414-g0-opt125m/raw/points/prefill/prefill-facebook-opt-125m-chunk-128-sm-24.csv
facebook/opt-125m,128,attention,attention,24,2,60.28800085186958,25310720,25514496,203776,196608,1024,2026-04-14T11:53:21Z,baseline_nvml_pt,nvidia-smi,ok,0.0,7.0,1695.0,7601.0,63.62,0.15484799444675446,24.88818359375,24.88818359375,0.75,True,,,,,unavailable,,prefill-facebook-opt-125m-chunk-128-sm-24,success,,,/mnt/data/dheeraj/dicertation/inference-profile/runs/revised-full-20260414-g0-opt125m/raw/points/prefill/prefill-facebook-opt-125m-chunk-128-sm-24.csv
facebook/opt-125m,128,gemm,q_proj,24,3,72.60800153017044,25310720,25507328,196608,196608,1024,2026-04-14T11:53:21Z,baseline_nvml_pt,nvidia-smi,ok,0.0,7.0,1695.0,7601.0,63.62,0.15484799444675446,24.88818359375,24.88818359375,0.75,True,,,,,unavailable,,prefill-facebook-opt-125m-chunk-128-sm-24,success,,,/mnt/data/dheeraj/dicertation/inference-profile/runs/revised-full-20260414-g0-opt125m/raw/points/prefill/prefill-facebook-opt-125m-chunk-128-sm-24.csv
facebook/opt-125m,128,gemm,k_proj,24,3,68.60800087451935,25310720,25507328,196608,196608,1024,2026-04-14T11:53:21Z,baseline_nvml_pt,nvidia-smi,ok,0.0,7.0,1695.0,7601.0,63.62,0.15484799444675446,24.88818359375,24.88818359375,0.75,True,,,,,unavailable,,prefill-facebook-opt-125m-chunk-128-sm-24,success,,,/mnt/data/dheeraj/dicertation/inference-profile/runs/revised-full-20260414-g0-opt125m/raw/points/prefill/prefill-facebook-opt-125m-chunk-128-sm-24.csv
facebook/opt-125m,128,gemm,v_proj,24,3,69.63200122117996,25310720,25507328,196608,196608,1024,2026-04-14T11:53:21Z,baseline_nvml_pt,nvidia-smi,ok,0.0,7.0,1695.0,7601.0,63.62,0.15484799444675446,24.88818359375,24.88818359375,0.75,True,,,,,unavailable,,prefill-facebook-opt-125m-chunk-128-sm-24,success,,,/mnt/data/dheeraj/dicertation/inference-profile/runs/revised-full-20260414-g0-opt125m/raw/points/prefill/prefill-facebook-opt-125m-chunk-128-sm-24.csv
facebook/opt-125m,128,gemm,out_proj,24,3,68.60800087451935,25310720,25507328,196608,196608,1024,2026-04-14T11:53:21Z,baseline_nvml_pt,nvidia-smi,ok,0.0,7.0,1695.0,7601.0,63.62,0.15484799444675446,24.88818359375,24.88818359375,0.75,True,,,,,unavailable,,prefill-facebook-opt-125m-chunk-128-sm-24,success,,,/mnt/data/dheeraj/dicertation/inference-profile/runs/revised-full-20260414-g0-opt125m/raw/points/prefill/prefill-facebook-opt-125m-chunk-128-sm-24.csv
facebook/opt-125m,128,gemm,fc1,24,3,61.3120011985302,25310720,26097152,786432,786432,1024,2026-04-14T11:53:21Z,baseline_nvml_pt,nvidia-smi,ok,0.0,7.0,1695.0,7601.0,63.62,0.15484799444675446,24.88818359375,24.88818359375,0.75,True,,,,,unavailable,,prefill-facebook-opt-125m-chunk-128-sm-24,success,,,/mnt/data/dheeraj/dicertation/inference-profile/runs/revised-full-20260414-g0-opt125m/raw/points/prefill/prefill-facebook-opt-125m-chunk-128-sm-24.csv
facebook/opt-125m,128,gemm,fc2,24,3,70.8480030298233,25310720,25507328,196608,196608,1024,2026-04-14T11:53:21Z,baseline_nvml_pt,nvidia-smi,ok,0.0,7.0,1695.0,7601.0,63.62,0.15484799444675446,24.88818359375,24.88818359375,0.75,True,,,,,unavailable,,prefill-facebook-opt-125m-chunk-128-sm-24,success,,,/mnt/data/dheeraj/dicertation/inference-profile/runs/revised-full-20260414-g0-opt125m/raw/points/prefill/prefill-facebook-opt-125m-chunk-128-sm-24.csv
facebook/opt-125m,128,attention,attention,24,3,55.296000093221664,25310720,25514496,203776,196608,1024,2026-04-14T11:53:21Z,baseline_nvml_pt,nvidia-smi,ok,0.0,7.0,1695.0,7601.0,63.62,0.15484799444675446,24.88818359375,24.88818359375,0.75,True,,,,,unavailable,,prefill-facebook-opt-125m-chunk-128-sm-24,success,,,/mnt/data/dheeraj/dicertation/inference-profile/runs/revised-full-20260414-g0-opt125m/raw/points/prefill/prefill-facebook-opt-125m-chunk-128-sm-24.csv
facebook/opt-125m,128,gemm,q_proj,24,4,72.7040022611618,25310720,25507328,196608,196608,1024,2026-04-14T11:53:21Z,baseline_nvml_pt,nvidia-smi,ok,0.0,7.0,1695.0,7601.0,63.62,0.15484799444675446,24.88818359375,24.88818359375,0.75,True,,,,,unavailable,,prefill-facebook-opt-125m-chunk-128-sm-24,success,,,/mnt/data/dheeraj/dicertation/inference-profile/runs/revised-full-20260414-g0-opt125m/raw/points/prefill/prefill-facebook-opt-125m-chunk-128-sm-24.csv
facebook/opt-125m,128,gemm,k_proj,24,4,67.58400052785873,25310720,25507328,196608,196608,1024,2026-04-14T11:53:21Z,baseline_nvml_pt,nvidia-smi,ok,0.0,7.0,1695.0,7601.0,63.62,0.15484799444675446,24.88818359375,24.88818359375,0.75,True,,,,,unavailable,,prefill-facebook-opt-125m-chunk-128-sm-24,success,,,/mnt/data/dheeraj/dicertation/inference-profile/runs/revised-full-20260414-g0-opt125m/raw/points/prefill/prefill-facebook-opt-125m-chunk-128-sm-24.csv
facebook/opt-125m,128,gemm,v_proj,24,4,68.70400160551071,25310720,25507328,196608,196608,1024,2026-04-14T11:53:21Z,baseline_nvml_pt,nvidia-smi,ok,0.0,7.0,1695.0,7601.0,63.62,0.15484799444675446,24.88818359375,24.88818359375,0.75,True,,,,,unavailable,,prefill-facebook-opt-125m-chunk-128-sm-24,success,,,/mnt/data/dheeraj/dicertation/inference-profile/runs/revised-full-20260414-g0-opt125m/raw/points/prefill/prefill-facebook-opt-125m-chunk-128-sm-24.csv
facebook/opt-125m,128,gemm,out_proj,24,4,67.58400052785873,25310720,25507328,196608,196608,1024,2026-04-14T11:53:21Z,baseline_nvml_pt,nvidia-smi,ok,0.0,7.0,1695.0,7601.0,63.62,0.15484799444675446,24.88818359375,24.88818359375,0.75,True,,,,,unavailable,,prefill-facebook-opt-125m-chunk-128-sm-24,success,,,/mnt/data/dheeraj/dicertation/inference-profile/runs/revised-full-20260414-g0-opt125m/raw/points/prefill/prefill-facebook-opt-125m-chunk-128-sm-24.csv
facebook/opt-125m,128,gemm,fc1,24,4,71.58400118350983,25310720,26097152,786432,786432,1024,2026-04-14T11:53:21Z,baseline_nvml_pt,nvidia-smi,ok,0.0,7.0,1695.0,7601.0,63.62,0.15484799444675446,24.88818359375,24.88818359375,0.75,True,,,,,unavailable,,prefill-facebook-opt-125m-chunk-128-sm-24,success,,,/mnt/data/dheeraj/dicertation/inference-profile/runs/revised-full-20260414-g0-opt125m/raw/points/prefill/prefill-facebook-opt-125m-chunk-128-sm-24.csv
facebook/opt-125m,128,gemm,fc2,24,4,72.80000299215317,25310720,25507328,196608,196608,1024,2026-04-14T11:53:21Z,baseline_nvml_pt,nvidia-smi,ok,0.0,7.0,1695.0,7601.0,63.62,0.15484799444675446,24.88818359375,24.88818359375,0.75,True,,,,,unavailable,,prefill-facebook-opt-125m-chunk-128-sm-24,success,,,/mnt/data/dheeraj/dicertation/inference-profile/runs/revised-full-20260414-g0-opt125m/raw/points/prefill/prefill-facebook-opt-125m-chunk-128-sm-24.csv
facebook/opt-125m,128,attention,attention,24,4,54.1439987719059,25310720,25514496,203776,196608,1024,2026-04-14T11:53:21Z,baseline_nvml_pt,nvidia-smi,ok,0.0,7.0,1695.0,7601.0,63.62,0.15484799444675446,24.88818359375,24.88818359375,0.75,True,,,,,unavailable,,prefill-facebook-opt-125m-chunk-128-sm-24,success,,,/mnt/data/dheeraj/dicertation/inference-profile/runs/revised-full-20260414-g0-opt125m/raw/points/prefill/prefill-facebook-opt-125m-chunk-128-sm-24.csv
facebook/opt-125m,128,gemm,q_proj,32,0,136.3839954137802,25310720,25507328,196608,196608,1024,2026-04-14T11:53:26Z,baseline_nvml_pt,nvidia-smi,ok,0.0,7.0,1695.0,7601.0,62.88,0.1363839954137802,24.88818359375,24.88818359375,0.75,True,,,,,unavailable,,prefill-facebook-opt-125m-chunk-128-sm-32,success,,,/mnt/data/dheeraj/dicertation/inference-profile/runs/revised-full-20260414-g0-opt125m/raw/points/prefill/prefill-facebook-opt-125m-chunk-128-sm-32.csv
facebook/opt-125m,128,gemm,k_proj,32,0,95.04000097513199,25310720,25507328,196608,196608,1024,2026-04-14T11:53:26Z,baseline_nvml_pt,nvidia-smi,ok,0.0,7.0,1695.0,7601.0,62.88,0.1363839954137802,24.88818359375,24.88818359375,0.75,True,,,,,unavailable,,prefill-facebook-opt-125m-chunk-128-sm-32,success,,,/mnt/data/dheeraj/dicertation/inference-profile/runs/revised-full-20260414-g0-opt125m/raw/points/prefill/prefill-facebook-opt-125m-chunk-128-sm-32.csv
facebook/opt-125m,128,gemm,v_proj,32,0,78.84799689054489,25310720,25507328,196608,196608,1024,2026-04-14T11:53:26Z,baseline_nvml_pt,nvidia-smi,ok,0.0,7.0,1695.0,7601.0,62.88,0.1363839954137802,24.88818359375,24.88818359375,0.75,True,,,,,unavailable,,prefill-facebook-opt-125m-chunk-128-sm-32,success,,,/mnt/data/dheeraj/dicertation/inference-profile/runs/revised-full-20260414-g0-opt125m/raw/points/prefill/prefill-facebook-opt-125m-chunk-128-sm-32.csv
facebook/opt-125m,128,gemm,out_proj,32,0,88.22400122880936,25310720,25507328,196608,196608,1024,2026-04-14T11:53:26Z,baseline_nvml_pt,nvidia-smi,ok,0.0,7.0,1695.0,7601.0,62.88,0.1363839954137802,24.88818359375,24.88818359375,0.75,True,,,,,unavailable,,prefill-facebook-opt-125m-chunk-128-sm-32,success,,,/mnt/data/dheeraj/dicertation/inference-profile/runs/revised-full-20260414-g0-opt125m/raw/points/prefill/prefill-facebook-opt-125m-chunk-128-sm-32.csv
facebook/opt-125m,128,gemm,fc1,32,0,71.61600142717361,25310720,26097152,786432,786432,1024,2026-04-14T11:53:26Z,baseline_nvml_pt,nvidia-smi,ok,0.0,7.0,1695.0,7601.0,62.88,0.1363839954137802,24.88818359375,24.88818359375,0.75,True,,,,,unavailable,,prefill-facebook-opt-125m-chunk-128-sm-32,success,,,/mnt/data/dheeraj/dicertation/inference-profile/runs/revised-full-20260414-g0-opt125m/raw/points/prefill/prefill-facebook-opt-125m-chunk-128-sm-32.csv
facebook/opt-125m,128,gemm,fc2,32,0,73.72800260782242,25310720,25507328,196608,196608,1024,2026-04-14T11:53:26Z,baseline_nvml_pt,nvidia-smi,ok,0.0,7.0,1695.0,7601.0,62.88,0.1363839954137802,24.88818359375,24.88818359375,0.75,True,,,,,unavailable,,prefill-facebook-opt-125m-chunk-128-sm-32,success,,,/mnt/data/dheeraj/dicertation/inference-profile/runs/revised-full-20260414-g0-opt125m/raw/points/prefill/prefill-facebook-opt-125m-chunk-128-sm-32.csv
facebook/opt-125m,128,attention,attention,32,0,59.23200026154518,25310720,25514496,203776,196608,1024,2026-04-14T11:53:26Z,baseline_nvml_pt,nvidia-smi,ok,0.0,7.0,1695.0,7601.0,62.88,0.1363839954137802,24.88818359375,24.88818359375,0.75,True,,,,,unavailable,,prefill-facebook-opt-125m-chunk-128-sm-32,success,,,/mnt/data/dheeraj/dicertation/inference-profile/runs/revised-full-20260414-g0-opt125m/raw/points/prefill/prefill-facebook-opt-125m-chunk-128-sm-32.csv
facebook/opt-125m,128,gemm,q_proj,32,1,76.80000364780426,25310720,25507328,196608,196608,1024,2026-04-14T11:53:26Z,baseline_nvml_pt,nvidia-smi,ok,0.0,7.0,1695.0,7601.0,62.88,0.1363839954137802,24.88818359375,24.88818359375,0.75,True,,,,,unavailable,,prefill-facebook-opt-125m-chunk-128-sm-32,success,,,/mnt/data/dheeraj/dicertation/inference-profile/runs/revised-full-20260414-g0-opt125m/raw/points/prefill/prefill-facebook-opt-125m-chunk-128-sm-32.csv
facebook/opt-125m,128,gemm,k_proj,32,1,73.72800260782242,25310720,25507328,196608,196608,1024,2026-04-14T11:53:26Z,baseline_nvml_pt,nvidia-smi,ok,0.0,7.0,1695.0,7601.0,62.88,0.1363839954137802,24.88818359375,24.88818359375,0.75,True,,,,,unavailable,,prefill-facebook-opt-125m-chunk-128-sm-32,success,,,/mnt/data/dheeraj/dicertation/inference-profile/runs/revised-full-20260414-g0-opt125m/raw/points/prefill/prefill-facebook-opt-125m-chunk-128-sm-32.csv
facebook/opt-125m,128,gemm,v_proj,32,1,71.42399996519089,25310720,25507328,196608,196608,1024,2026-04-14T11:53:26Z,baseline_nvml_pt,nvidia-smi,ok,0.0,7.0,1695.0,7601.0,62.88,0.1363839954137802,24.88818359375,24.88818359375,0.75,True,,,,,unavailable,,prefill-facebook-opt-125m-chunk-128-sm-32,success,,,/mnt/data/dheeraj/dicertation/inference-profile/runs/revised-full-20260414-g0-opt125m/raw/points/prefill/prefill-facebook-opt-125m-chunk-128-sm-32.csv
facebook/opt-125m,128,gemm,out_proj,32,1,67.58400052785873,25310720,25507328,196608,196608,1024,2026-04-14T11:53:26Z,baseline_nvml_pt,nvidia-smi,ok,0.0,7.0,1695.0,7601.0,62.88,0.1363839954137802,24.88818359375,24.88818359375,0.75,True,,,,,unavailable,,prefill-facebook-opt-125m-chunk-128-sm-32,success,,,/mnt/data/dheeraj/dicertation/inference-profile/runs/revised-full-20260414-g0-opt125m/raw/points/prefill/prefill-facebook-opt-125m-chunk-128-sm-32.csv
facebook/opt-125m,128,gemm,fc1,32,1,59.36000123620033,25310720,26097152,786432,786432,1024,2026-04-14T11:53:26Z,baseline_nvml_pt,nvidia-smi,ok,0.0,7.0,1695.0,7601.0,62.88,0.1363839954137802,24.88818359375,24.88818359375,0.75,True,,,,,unavailable,,prefill-facebook-opt-125m-chunk-128-sm-32,success,,,/mnt/data/dheeraj/dicertation/inference-profile/runs/revised-full-20260414-g0-opt125m/raw/points/prefill/prefill-facebook-opt-125m-chunk-128-sm-32.csv
facebook/opt-125m,128,gemm,fc2,32,1,75.77600330114365,25310720,25507328,196608,196608,1024,2026-04-14T11:53:26Z,baseline_nvml_pt,nvidia-smi,ok,0.0,7.0,1695.0,7601.0,62.88,0.1363839954137802,24.88818359375,24.88818359375,0.75,True,,,,,unavailable,,prefill-facebook-opt-125m-chunk-128-sm-32,success,,,/mnt/data/dheeraj/dicertation/inference-profile/runs/revised-full-20260414-g0-opt125m/raw/points/prefill/prefill-facebook-opt-125m-chunk-128-sm-32.csv
facebook/opt-125m,128,attention,attention,32,1,55.296000093221664,25310720,25514496,203776,196608,1024,2026-04-14T11:53:26Z,baseline_nvml_pt,nvidia-smi,ok,0.0,7.0,1695.0,7601.0,62.88,0.1363839954137802,24.88818359375,24.88818359375,0.75,True,,,,,unavailable,,prefill-facebook-opt-125m-chunk-128-sm-32,success,,,/mnt/data/dheeraj/dicertation/inference-profile/runs/revised-full-20260414-g0-opt125m/raw/points/prefill/prefill-facebook-opt-125m-chunk-128-sm-32.csv
facebook/opt-125m,128,gemm,q_proj,32,2,81.91999793052673,25310720,25507328,196608,196608,1024,2026-04-14T11:53:26Z,baseline_nvml_pt,nvidia-smi,ok,0.0,7.0,1695.0,7601.0,62.88,0.1363839954137802,24.88818359375,24.88818359375,0.75,True,,,,,unavailable,,prefill-facebook-opt-125m-chunk-128-sm-32,success,,,/mnt/data/dheeraj/dicertation/inference-profile/runs/revised-full-20260414-g0-opt125m/raw/points/prefill/prefill-facebook-opt-125m-chunk-128-sm-32.csv
facebook/opt-125m,128,gemm,k_proj,32,2,69.63200122117996,25310720,25507328,196608,196608,1024,2026-04-14T11:53:26Z,baseline_nvml_pt,nvidia-smi,ok,0.0,7.0,1695.0,7601.0,62.88,0.1363839954137802,24.88818359375,24.88818359375,0.75,True,,,,,unavailable,,prefill-facebook-opt-125m-chunk-128-sm-32,success,,,/mnt/data/dheeraj/dicertation/inference-profile/runs/revised-full-20260414-g0-opt125m/raw/points/prefill/prefill-facebook-opt-125m-chunk-128-sm-32.csv
facebook/opt-125m,128,gemm,v_proj,32,2,87.0399996638298,25310720,25507328,196608,196608,1024,2026-04-14T11:53:26Z,baseline_nvml_pt,nvidia-smi,ok,0.0,7.0,1695.0,7601.0,62.88,0.1363839954137802,24.88818359375,24.88818359375,0.75,True,,,,,unavailable,,prefill-facebook-opt-125m-chunk-128-sm-32,success,,,/mnt/data/dheeraj/dicertation/inference-profile/runs/revised-full-20260414-g0-opt125m/raw/points/prefill/prefill-facebook-opt-125m-chunk-128-sm-32.csv
facebook/opt-125m,128,gemm,out_proj,32,2,70.65600156784058,25310720,25507328,196608,196608,1024,2026-04-14T11:53:26Z,baseline_nvml_pt,nvidia-smi,ok,0.0,7.0,1695.0,7601.0,62.88,0.1363839954137802,24.88818359375,24.88818359375,0.75,True,,,,,unavailable,,prefill-facebook-opt-125m-chunk-128-sm-32,success,,,/mnt/data/dheeraj/dicertation/inference-profile/runs/revised-full-20260414-g0-opt125m/raw/points/prefill/prefill-facebook-opt-125m-chunk-128-sm-32.csv
facebook/opt-125m,128,gemm,fc1,32,2,62.463998794555664,25310720,26097152,786432,786432,1024,2026-04-14T11:53:26Z,baseline_nvml_pt,nvidia-smi,ok,0.0,7.0,1695.0,7601.0,62.88,0.1363839954137802,24.88818359375,24.88818359375,0.75,True,,,,,unavailable,,prefill-facebook-opt-125m-chunk-128-sm-32,success,,,/mnt/data/dheeraj/dicertation/inference-profile/runs/revised-full-20260414-g0-opt125m/raw/points/prefill/prefill-facebook-opt-125m-chunk-128-sm-32.csv
facebook/opt-125m,128,gemm,fc2,32,2,68.60800087451935,25310720,25507328,196608,196608,1024,2026-04-14T11:53:26Z,baseline_nvml_pt,nvidia-smi,ok,0.0,7.0,1695.0,7601.0,62.88,0.1363839954137802,24.88818359375,24.88818359375,0.75,True,,,,,unavailable,,prefill-facebook-opt-125m-chunk-128-sm-32,success,,,/mnt/data/dheeraj/dicertation/inference-profile/runs/revised-full-20260414-g0-opt125m/raw/points/prefill/prefill-facebook-opt-125m-chunk-128-sm-32.csv
facebook/opt-125m,128,attention,attention,32,2,58.14399942755699,25310720,25514496,203776,196608,1024,2026-04-14T11:53:26Z,baseline_nvml_pt,nvidia-smi,ok,0.0,7.0,1695.0,7601.0,62.88,0.1363839954137802,24.88818359375,24.88818359375,0.75,True,,,,,unavailable,,prefill-facebook-opt-125m-chunk-128-sm-32,success,,,/mnt/data/dheeraj/dicertation/inference-profile/runs/revised-full-20260414-g0-opt125m/raw/points/prefill/prefill-facebook-opt-125m-chunk-128-sm-32.csv
facebook/opt-125m,128,gemm,q_proj,32,3,72.7040022611618,25310720,25507328,196608,196608,1024,2026-04-14T11:53:26Z,baseline_nvml_pt,nvidia-smi,ok,0.0,7.0,1695.0,7601.0,62.88,0.1363839954137802,24.88818359375,24.88818359375,0.75,True,,,,,unavailable,,prefill-facebook-opt-125m-chunk-128-sm-32,success,,,/mnt/data/dheeraj/dicertation/inference-profile/runs/revised-full-20260414-g0-opt125m/raw/points/prefill/prefill-facebook-opt-125m-chunk-128-sm-32.csv
facebook/opt-125m,128,gemm,k_proj,32,3,67.58400052785873,25310720,25507328,196608,196608,1024,2026-04-14T11:53:26Z,baseline_nvml_pt,nvidia-smi,ok,0.0,7.0,1695.0,7601.0,62.88,0.1363839954137802,24.88818359375,24.88818359375,0.75,True,,,,,unavailable,,prefill-facebook-opt-125m-chunk-128-sm-32,success,,,/mnt/data/dheeraj/dicertation/inference-profile/runs/revised-full-20260414-g0-opt125m/raw/points/prefill/prefill-facebook-opt-125m-chunk-128-sm-32.csv
facebook/opt-125m,128,gemm,v_proj,32,3,79.03999835252762,25310720,25507328,196608,196608,1024,2026-04-14T11:53:26Z,baseline_nvml_pt,nvidia-smi,ok,0.0,7.0,1695.0,7601.0,62.88,0.1363839954137802,24.88818359375,24.88818359375,0.75,True,,,,,unavailable,,prefill-facebook-opt-125m-chunk-128-sm-32,success,,,/mnt/data/dheeraj/dicertation/inference-profile/runs/revised-full-20260414-g0-opt125m/raw/points/prefill/prefill-facebook-opt-125m-chunk-128-sm-32.csv
facebook/opt-125m,128,gemm,out_proj,32,3,69.63200122117996,25310720,25507328,196608,196608,1024,2026-04-14T11:53:26Z,baseline_nvml_pt,nvidia-smi,ok,0.0,7.0,1695.0,7601.0,62.88,0.1363839954137802,24.88818359375,24.88818359375,0.75,True,,,,,unavailable,,prefill-facebook-opt-125m-chunk-128-sm-32,success,,,/mnt/data/dheeraj/dicertation/inference-profile/runs/revised-full-20260414-g0-opt125m/raw/points/prefill/prefill-facebook-opt-125m-chunk-128-sm-32.csv
facebook/opt-125m,128,gemm,fc1,32,3,59.26400050520897,25310720,26097152,786432,786432,1024,2026-04-14T11:53:26Z,baseline_nvml_pt,nvidia-smi,ok,0.0,7.0,1695.0,7601.0,62.88,0.1363839954137802,24.88818359375,24.88818359375,0.75,True,,,,,unavailable,,prefill-facebook-opt-125m-chunk-128-sm-32,success,,,/mnt/data/dheeraj/dicertation/inference-profile/runs/revised-full-20260414-g0-opt125m/raw/points/prefill/prefill-facebook-opt-125m-chunk-128-sm-32.csv
facebook/opt-125m,128,gemm,fc2,32,3,68.70400160551071,25310720,25507328,196608,196608,1024,2026-04-14T11:53:26Z,baseline_nvml_pt,nvidia-smi,ok,0.0,7.0,1695.0,7601.0,62.88,0.1363839954137802,24.88818359375,24.88818359375,0.75,True,,,,,unavailable,,prefill-facebook-opt-125m-chunk-128-sm-32,success,,,/mnt/data/dheeraj/dicertation/inference-profile/runs/revised-full-20260414-g0-opt125m/raw/points/prefill/prefill-facebook-opt-125m-chunk-128-sm-32.csv
facebook/opt-125m,128,attention,attention,32,3,53.247999399900436,25310720,25514496,203776,196608,1024,2026-04-14T11:53:26Z,baseline_nvml_pt,nvidia-smi,ok,0.0,7.0,1695.0,7601.0,62.88,0.1363839954137802,24.88818359375,24.88818359375,0.75,True,,,,,unavailable,,prefill-facebook-opt-125m-chunk-128-sm-32,success,,,/mnt/data/dheeraj/dicertation/inference-profile/runs/revised-full-20260414-g0-opt125m/raw/points/prefill/prefill-facebook-opt-125m-chunk-128-sm-32.csv
facebook/opt-125m,128,gemm,q_proj,32,4,70.91200351715088,25310720,25507328,196608,196608,1024,2026-04-14T11:53:26Z,baseline_nvml_pt,nvidia-smi,ok,0.0,7.0,1695.0,7601.0,62.88,0.1363839954137802,24.88818359375,24.88818359375,0.75,True,,,,,unavailable,,prefill-facebook-opt-125m-chunk-128-sm-32,success,,,/mnt/data/dheeraj/dicertation/inference-profile/runs/revised-full-20260414-g0-opt125m/raw/points/prefill/prefill-facebook-opt-125m-chunk-128-sm-32.csv
facebook/opt-125m,128,gemm,k_proj,32,4,67.74400174617767,25310720,25507328,196608,196608,1024,2026-04-14T11:53:26Z,baseline_nvml_pt,nvidia-smi,ok,0.0,7.0,1695.0,7601.0,62.88,0.1363839954137802,24.88818359375,24.88818359375,0.75,True,,,,,unavailable,,prefill-facebook-opt-125m-chunk-128-sm-32,success,,,/mnt/data/dheeraj/dicertation/inference-profile/runs/revised-full-20260414-g0-opt125m/raw/points/prefill/prefill-facebook-opt-125m-chunk-128-sm-32.csv
facebook/opt-125m,128,gemm,v_proj,32,4,67.58400052785873,25310720,25507328,196608,196608,1024,2026-04-14T11:53:26Z,baseline_nvml_pt,nvidia-smi,ok,0.0,7.0,1695.0,7601.0,62.88,0.1363839954137802,24.88818359375,24.88818359375,0.75,True,,,,,unavailable,,prefill-facebook-opt-125m-chunk-128-sm-32,success,,,/mnt/data/dheeraj/dicertation/inference-profile/runs/revised-full-20260414-g0-opt125m/raw/points/prefill/prefill-facebook-opt-125m-chunk-128-sm-32.csv
facebook/opt-125m,128,gemm,out_proj,32,4,66.75200164318085,25310720,25507328,196608,196608,1024,2026-04-14T11:53:26Z,baseline_nvml_pt,nvidia-smi,ok,0.0,7.0,1695.0,7601.0,62.88,0.1363839954137802,24.88818359375,24.88818359375,0.75,True,,,,,unavailable,,prefill-facebook-opt-125m-chunk-128-sm-32,success,,,/mnt/data/dheeraj/dicertation/inference-profile/runs/revised-full-20260414-g0-opt125m/raw/points/prefill/prefill-facebook-opt-125m-chunk-128-sm-32.csv
facebook/opt-125m,128,gemm,fc1,32,4,59.23200026154518,25310720,26097152,786432,786432,1024,2026-04-14T11:53:26Z,baseline_nvml_pt,nvidia-smi,ok,0.0,7.0,1695.0,7601.0,62.88,0.1363839954137802,24.88818359375,24.88818359375,0.75,True,,,,,unavailable,,prefill-facebook-opt-125m-chunk-128-sm-32,success,,,/mnt/data/dheeraj/dicertation/inference-profile/runs/revised-full-20260414-g0-opt125m/raw/points/prefill/prefill-facebook-opt-125m-chunk-128-sm-32.csv
facebook/opt-125m,128,gemm,fc2,32,4,71.68000191450119,25310720,25507328,196608,196608,1024,2026-04-14T11:53:26Z,baseline_nvml_pt,nvidia-smi,ok,0.0,7.0,1695.0,7601.0,62.88,0.1363839954137802,24.88818359375,24.88818359375,0.75,True,,,,,unavailable,,prefill-facebook-opt-125m-chunk-128-sm-32,success,,,/mnt/data/dheeraj/dicertation/inference-profile/runs/revised-full-20260414-g0-opt125m/raw/points/prefill/prefill-facebook-opt-125m-chunk-128-sm-32.csv
facebook/opt-125m,128,attention,attention,32,4,53.247999399900436,25310720,25514496,203776,196608,1024,2026-04-14T11:53:26Z,baseline_nvml_pt,nvidia-smi,ok,0.0,7.0,1695.0,7601.0,62.88,0.1363839954137802,24.88818359375,24.88818359375,0.75,True,,,,,unavailable,,prefill-facebook-opt-125m-chunk-128-sm-32,success,,,/mnt/data/dheeraj/dicertation/inference-profile/runs/revised-full-20260414-g0-opt125m/raw/points/prefill/prefill-facebook-opt-125m-chunk-128-sm-32.csv
facebook/opt-125m,256,gemm,q_proj,8,0,91.13600105047226,26883584,27276800,393216,393216,1024,2026-04-14T11:53:31Z,baseline_nvml_pt,nvidia-smi,ok,1.0,7.0,1695.0,7601.0,63.34,0.3203519880771637,27.13818359375,27.13818359375,1.5,True,,,,,unavailable,,prefill-facebook-opt-125m-chunk-256-sm-8,success,,,/mnt/data/dheeraj/dicertation/inference-profile/runs/revised-full-20260414-g0-opt125m/raw/points/prefill/prefill-facebook-opt-125m-chunk-256-sm-8.csv
facebook/opt-125m,256,gemm,k_proj,8,0,77.95199751853943,26883584,27276800,393216,393216,1024,2026-04-14T11:53:31Z,baseline_nvml_pt,nvidia-smi,ok,1.0,7.0,1695.0,7601.0,63.34,0.3203519880771637,27.13818359375,27.13818359375,1.5,True,,,,,unavailable,,prefill-facebook-opt-125m-chunk-256-sm-8,success,,,/mnt/data/dheeraj/dicertation/inference-profile/runs/revised-full-20260414-g0-opt125m/raw/points/prefill/prefill-facebook-opt-125m-chunk-256-sm-8.csv
facebook/opt-125m,256,gemm,v_proj,8,0,68.67200136184692,26883584,27276800,393216,393216,1024,2026-04-14T11:53:31Z,baseline_nvml_pt,nvidia-smi,ok,1.0,7.0,1695.0,7601.0,63.34,0.3203519880771637,27.13818359375,27.13818359375,1.5,True,,,,,unavailable,,prefill-facebook-opt-125m-chunk-256-sm-8,success,,,/mnt/data/dheeraj/dicertation/inference-profile/runs/revised-full-20260414-g0-opt125m/raw/points/prefill/prefill-facebook-opt-125m-chunk-256-sm-8.csv
facebook/opt-125m,256,gemm,out_proj,8,0,77.72800326347351,26883584,27276800,393216,393216,1024,2026-04-14T11:53:31Z,baseline_nvml_pt,nvidia-smi,ok,1.0,7.0,1695.0,7601.0,63.34,0.3203519880771637,27.13818359375,27.13818359375,1.5,True,,,,,unavailable,,prefill-facebook-opt-125m-chunk-256-sm-8,success,,,/mnt/data/dheeraj/dicertation/inference-profile/runs/revised-full-20260414-g0-opt125m/raw/points/prefill/prefill-facebook-opt-125m-chunk-256-sm-8.csv
facebook/opt-125m,256,gemm,fc1,8,0,83.96799862384796,26883584,28456448,1572864,1572864,1024,2026-04-14T11:53:31Z,baseline_nvml_pt,nvidia-smi,ok,1.0,7.0,1695.0,7601.0,63.34,0.3203519880771637,27.13818359375,27.13818359375,1.5,True,,,,,unavailable,,prefill-facebook-opt-125m-chunk-256-sm-8,success,,,/mnt/data/dheeraj/dicertation/inference-profile/runs/revised-full-20260414-g0-opt125m/raw/points/prefill/prefill-facebook-opt-125m-chunk-256-sm-8.csv
facebook/opt-125m,256,gemm,fc2,8,0,66.56000018119812,26883584,27276800,393216,393216,1024,2026-04-14T11:53:31Z,baseline_nvml_pt,nvidia-smi,ok,1.0,7.0,1695.0,7601.0,63.34,0.3203519880771637,27.13818359375,27.13818359375,1.5,True,,,,,unavailable,,prefill-facebook-opt-125m-chunk-256-sm-8,success,,,/mnt/data/dheeraj/dicertation/inference-profile/runs/revised-full-20260414-g0-opt125m/raw/points/prefill/prefill-facebook-opt-125m-chunk-256-sm-8.csv
facebook/opt-125m,256,attention,attention,8,0,60.416001826524734,26883584,27290112,406528,393216,1024,2026-04-14T11:53:31Z,baseline_nvml_pt,nvidia-smi,ok,1.0,7.0,1695.0,7601.0,63.34,0.3203519880771637,27.13818359375,27.13818359375,1.5,True,,,,,unavailable,,prefill-facebook-opt-125m-chunk-256-sm-8,success,,,/mnt/data/dheeraj/dicertation/inference-profile/runs/revised-full-20260414-g0-opt125m/raw/points/prefill/prefill-facebook-opt-125m-chunk-256-sm-8.csv
facebook/opt-125m,256,gemm,q_proj,8,1,67.58400052785873,26883584,27276800,393216,393216,1024,2026-04-14T11:53:31Z,baseline_nvml_pt,nvidia-smi,ok,1.0,7.0,1695.0,7601.0,63.34,0.3203519880771637,27.13818359375,27.13818359375,1.5,True,,,,,unavailable,,prefill-facebook-opt-125m-chunk-256-sm-8,success,,,/mnt/data/dheeraj/dicertation/inference-profile/runs/revised-full-20260414-g0-opt125m/raw/points/prefill/prefill-facebook-opt-125m-chunk-256-sm-8.csv
facebook/opt-125m,256,gemm,k_proj,8,1,67.32799857854843,26883584,27276800,393216,393216,1024,2026-04-14T11:53:31Z,baseline_nvml_pt,nvidia-smi,ok,1.0,7.0,1695.0,7601.0,63.34,0.3203519880771637,27.13818359375,27.13818359375,1.5,True,,,,,unavailable,,prefill-facebook-opt-125m-chunk-256-sm-8,success,,,/mnt/data/dheeraj/dicertation/inference-profile/runs/revised-full-20260414-g0-opt125m/raw/points/prefill/prefill-facebook-opt-125m-chunk-256-sm-8.csv
facebook/opt-125m,256,gemm,v_proj,8,1,320.3519880771637,26883584,27276800,393216,393216,1024,2026-04-14T11:53:31Z,baseline_nvml_pt,nvidia-smi,ok,1.0,7.0,1695.0,7601.0,63.34,0.3203519880771637,27.13818359375,27.13818359375,1.5,True,,,,,unavailable,,prefill-facebook-opt-125m-chunk-256-sm-8,success,,,/mnt/data/dheeraj/dicertation/inference-profile/runs/revised-full-20260414-g0-opt125m/raw/points/prefill/prefill-facebook-opt-125m-chunk-256-sm-8.csv
facebook/opt-125m,256,gemm,out_proj,8,1,68.60800087451935,26883584,27276800,393216,393216,1024,2026-04-14T11:53:31Z,baseline_nvml_pt,nvidia-smi,ok,1.0,7.0,1695.0,7601.0,63.34,0.3203519880771637,27.13818359375,27.13818359375,1.5,True,,,,,unavailable,,prefill-facebook-opt-125m-chunk-256-sm-8,success,,,/mnt/data/dheeraj/dicertation/inference-profile/runs/revised-full-20260414-g0-opt125m/raw/points/prefill/prefill-facebook-opt-125m-chunk-256-sm-8.csv
facebook/opt-125m,256,gemm,fc1,8,1,125.95200538635254,26883584,28456448,1572864,1572864,1024,2026-04-14T11:53:31Z,baseline_nvml_pt,nvidia-smi,ok,1.0,7.0,1695.0,7601.0,63.34,0.3203519880771637,27.13818359375,27.13818359375,1.5,True,,,,,unavailable,,prefill-facebook-opt-125m-chunk-256-sm-8,success,,,/mnt/data/dheeraj/dicertation/inference-profile/runs/revised-full-20260414-g0-opt125m/raw/points/prefill/prefill-facebook-opt-125m-chunk-256-sm-8.csv
facebook/opt-125m,256,gemm,fc2,8,1,92.16000139713287,26883584,27276800,393216,393216,1024,2026-04-14T11:53:31Z,baseline_nvml_pt,nvidia-smi,ok,1.0,7.0,1695.0,7601.0,63.34,0.3203519880771637,27.13818359375,27.13818359375,1.5,True,,,,,unavailable,,prefill-facebook-opt-125m-chunk-256-sm-8,success,,,/mnt/data/dheeraj/dicertation/inference-profile/runs/revised-full-20260414-g0-opt125m/raw/points/prefill/prefill-facebook-opt-125m-chunk-256-sm-8.csv
facebook/opt-125m,256,attention,attention,8,1,106.49599879980087,26883584,27290112,406528,393216,1024,2026-04-14T11:53:31Z,baseline_nvml_pt,nvidia-smi,ok,1.0,7.0,1695.0,7601.0,63.34,0.3203519880771637,27.13818359375,27.13818359375,1.5,True,,,,,unavailable,,prefill-facebook-opt-125m-chunk-256-sm-8,success,,,/mnt/data/dheeraj/dicertation/inference-profile/runs/revised-full-20260414-g0-opt125m/raw/points/prefill/prefill-facebook-opt-125m-chunk-256-sm-8.csv
facebook/opt-125m,256,gemm,q_proj,8,2,68.60800087451935,26883584,27276800,393216,393216,1024,2026-04-14T11:53:31Z,baseline_nvml_pt,nvidia-smi,ok,1.0,7.0,1695.0,7601.0,63.34,0.3203519880771637,27.13818359375,27.13818359375,1.5,True,,,,,unavailable,,prefill-facebook-opt-125m-chunk-256-sm-8,success,,,/mnt/data/dheeraj/dicertation/inference-profile/runs/revised-full-20260414-g0-opt125m/raw/points/prefill/prefill-facebook-opt-125m-chunk-256-sm-8.csv
facebook/opt-125m,256,gemm,k_proj,8,2,72.7040022611618,26883584,27276800,393216,393216,1024,2026-04-14T11:53:31Z,baseline_nvml_pt,nvidia-smi,ok,1.0,7.0,1695.0,7601.0,63.34,0.3203519880771637,27.13818359375,27.13818359375,1.5,True,,,,,unavailable,,prefill-facebook-opt-125m-chunk-256-sm-8,success,,,/mnt/data/dheeraj/dicertation/inference-profile/runs/revised-full-20260414-g0-opt125m/raw/points/prefill/prefill-facebook-opt-125m-chunk-256-sm-8.csv
facebook/opt-125m,256,gemm,v_proj,8,2,73.88799637556076,26883584,27276800,393216,393216,1024,2026-04-14T11:53:31Z,baseline_nvml_pt,nvidia-smi,ok,1.0,7.0,1695.0,7601.0,63.34,0.3203519880771637,27.13818359375,27.13818359375,1.5,True,,,,,unavailable,,prefill-facebook-opt-125m-chunk-256-sm-8,success,,,/mnt/data/dheeraj/dicertation/inference-profile/runs/revised-full-20260414-g0-opt125m/raw/points/prefill/prefill-facebook-opt-125m-chunk-256-sm-8.csv
facebook/opt-125m,256,gemm,out_proj,8,2,61.43999844789505,26883584,27276800,393216,393216,1024,2026-04-14T11:53:31Z,baseline_nvml_pt,nvidia-smi,ok,1.0,7.0,1695.0,7601.0,63.34,0.3203519880771637,27.13818359375,27.13818359375,1.5,True,,,,,unavailable,,prefill-facebook-opt-125m-chunk-256-sm-8,success,,,/mnt/data/dheeraj/dicertation/inference-profile/runs/revised-full-20260414-g0-opt125m/raw/points/prefill/prefill-facebook-opt-125m-chunk-256-sm-8.csv
facebook/opt-125m,256,gemm,fc1,8,2,86.01599931716919,26883584,28456448,1572864,1572864,1024,2026-04-14T11:53:31Z,baseline_nvml_pt,nvidia-smi,ok,1.0,7.0,1695.0,7601.0,63.34,0.3203519880771637,27.13818359375,27.13818359375,1.5,True,,,,,unavailable,,prefill-facebook-opt-125m-chunk-256-sm-8,success,,,/mnt/data/dheeraj/dicertation/inference-profile/runs/revised-full-20260414-g0-opt125m/raw/points/prefill/prefill-facebook-opt-125m-chunk-256-sm-8.csv
facebook/opt-125m,256,gemm,fc2,8,2,68.41599941253662,26883584,27276800,393216,393216,1024,2026-04-14T11:53:31Z,baseline_nvml_pt,nvidia-smi,ok,1.0,7.0,1695.0,7601.0,63.34,0.3203519880771637,27.13818359375,27.13818359375,1.5,True,,,,,unavailable,,prefill-facebook-opt-125m-chunk-256-sm-8,success,,,/mnt/data/dheeraj/dicertation/inference-profile/runs/revised-full-20260414-g0-opt125m/raw/points/prefill/prefill-facebook-opt-125m-chunk-256-sm-8.csv
facebook/opt-125m,256,attention,attention,8,2,62.463998794555664,26883584,27290112,406528,393216,1024,2026-04-14T11:53:31Z,baseline_nvml_pt,nvidia-smi,ok,1.0,7.0,1695.0,7601.0,63.34,0.3203519880771637,27.13818359375,27.13818359375,1.5,True,,,,,unavailable,,prefill-facebook-opt-125m-chunk-256-sm-8,success,,,/mnt/data/dheeraj/dicertation/inference-profile/runs/revised-full-20260414-g0-opt125m/raw/points/prefill/prefill-facebook-opt-125m-chunk-256-sm-8.csv
facebook/opt-125m,256,gemm,q_proj,8,3,64.64000046253204,26883584,27276800,393216,393216,1024,2026-04-14T11:53:31Z,baseline_nvml_pt,nvidia-smi,ok,1.0,7.0,1695.0,7601.0,63.34,0.3203519880771637,27.13818359375,27.13818359375,1.5,True,,,,,unavailable,,prefill-facebook-opt-125m-chunk-256-sm-8,success,,,/mnt/data/dheeraj/dicertation/inference-profile/runs/revised-full-20260414-g0-opt125m/raw/points/prefill/prefill-facebook-opt-125m-chunk-256-sm-8.csv
facebook/opt-125m,256,gemm,k_proj,8,3,61.43999844789505,26883584,27276800,393216,393216,1024,2026-04-14T11:53:31Z,baseline_nvml_pt,nvidia-smi,ok,1.0,7.0,1695.0,7601.0,63.34,0.3203519880771637,27.13818359375,27.13818359375,1.5,True,,,,,unavailable,,prefill-facebook-opt-125m-chunk-256-sm-8,success,,,/mnt/data/dheeraj/dicertation/inference-profile/runs/revised-full-20260414-g0-opt125m/raw/points/prefill/prefill-facebook-opt-125m-chunk-256-sm-8.csv
facebook/opt-125m,256,gemm,v_proj,8,3,60.416001826524734,26883584,27276800,393216,393216,1024,2026-04-14T11:53:31Z,baseline_nvml_pt,nvidia-smi,ok,1.0,7.0,1695.0,7601.0,63.34,0.3203519880771637,27.13818359375,27.13818359375,1.5,True,,,,,unavailable,,prefill-facebook-opt-125m-chunk-256-sm-8,success,,,/mnt/data/dheeraj/dicertation/inference-profile/runs/revised-full-20260414-g0-opt125m/raw/points/prefill/prefill-facebook-opt-125m-chunk-256-sm-8.csv
facebook/opt-125m,256,gemm,out_proj,8,3,61.43999844789505,26883584,27276800,393216,393216,1024,2026-04-14T11:53:31Z,baseline_nvml_pt,nvidia-smi,ok,1.0,7.0,1695.0,7601.0,63.34,0.3203519880771637,27.13818359375,27.13818359375,1.5,True,,,,,unavailable,,prefill-facebook-opt-125m-chunk-256-sm-8,success,,,/mnt/data/dheeraj/dicertation/inference-profile/runs/revised-full-20260414-g0-opt125m/raw/points/prefill/prefill-facebook-opt-125m-chunk-256-sm-8.csv
facebook/opt-125m,256,gemm,fc1,8,3,78.72000336647034,26883584,28456448,1572864,1572864,1024,2026-04-14T11:53:31Z,baseline_nvml_pt,nvidia-smi,ok,1.0,7.0,1695.0,7601.0,63.34,0.3203519880771637,27.13818359375,27.13818359375,1.5,True,,,,,unavailable,,prefill-facebook-opt-125m-chunk-256-sm-8,success,,,/mnt/data/dheeraj/dicertation/inference-profile/runs/revised-full-20260414-g0-opt125m/raw/points/prefill/prefill-facebook-opt-125m-chunk-256-sm-8.csv
facebook/opt-125m,256,gemm,fc2,8,3,65.5359998345375,26883584,27276800,393216,393216,1024,2026-04-14T11:53:31Z,baseline_nvml_pt,nvidia-smi,ok,1.0,7.0,1695.0,7601.0,63.34,0.3203519880771637,27.13818359375,27.13818359375,1.5,True,,,,,unavailable,,prefill-facebook-opt-125m-chunk-256-sm-8,success,,,/mnt/data/dheeraj/dicertation/inference-profile/runs/revised-full-20260414-g0-opt125m/raw/points/prefill/prefill-facebook-opt-125m-chunk-256-sm-8.csv
facebook/opt-125m,256,attention,attention,8,3,51.96800082921982,26883584,27290112,406528,393216,1024,2026-04-14T11:53:31Z,baseline_nvml_pt,nvidia-smi,ok,1.0,7.0,1695.0,7601.0,63.34,0.3203519880771637,27.13818359375,27.13818359375,1.5,True,,,,,unavailable,,prefill-facebook-opt-125m-chunk-256-sm-8,success,,,/mnt/data/dheeraj/dicertation/inference-profile/runs/revised-full-20260414-g0-opt125m/raw/points/prefill/prefill-facebook-opt-125m-chunk-256-sm-8.csv
facebook/opt-125m,256,gemm,q_proj,8,4,63.48799914121628,26883584,27276800,393216,393216,1024,2026-04-14T11:53:31Z,baseline_nvml_pt,nvidia-smi,ok,1.0,7.0,1695.0,7601.0,63.34,0.3203519880771637,27.13818359375,27.13818359375,1.5,True,,,,,unavailable,,prefill-facebook-opt-125m-chunk-256-sm-8,success,,,/mnt/data/dheeraj/dicertation/inference-profile/runs/revised-full-20260414-g0-opt125m/raw/points/prefill/prefill-facebook-opt-125m-chunk-256-sm-8.csv
facebook/opt-125m,256,gemm,k_proj,8,4,58.36800113320351,26883584,27276800,393216,393216,1024,2026-04-14T11:53:31Z,baseline_nvml_pt,nvidia-smi,ok,1.0,7.0,1695.0,7601.0,63.34,0.3203519880771637,27.13818359375,27.13818359375,1.5,True,,,,,unavailable,,prefill-facebook-opt-125m-chunk-256-sm-8,success,,,/mnt/data/dheeraj/dicertation/inference-profile/runs/revised-full-20260414-g0-opt125m/raw/points/prefill/prefill-facebook-opt-125m-chunk-256-sm-8.csv
facebook/opt-125m,256,gemm,v_proj,8,4,60.416001826524734,26883584,27276800,393216,393216,1024,2026-04-14T11:53:31Z,baseline_nvml_pt,nvidia-smi,ok,1.0,7.0,1695.0,7601.0,63.34,0.3203519880771637,27.13818359375,27.13818359375,1.5,True,,,,,unavailable,,prefill-facebook-opt-125m-chunk-256-sm-8,success,,,/mnt/data/dheeraj/dicertation/inference-profile/runs/revised-full-20260414-g0-opt125m/raw/points/prefill/prefill-facebook-opt-125m-chunk-256-sm-8.csv
facebook/opt-125m,256,gemm,out_proj,8,4,59.4559982419014,26883584,27276800,393216,393216,1024,2026-04-14T11:53:31Z,baseline_nvml_pt,nvidia-smi,ok,1.0,7.0,1695.0,7601.0,63.34,0.3203519880771637,27.13818359375,27.13818359375,1.5,True,,,,,unavailable,,prefill-facebook-opt-125m-chunk-256-sm-8,success,,,/mnt/data/dheeraj/dicertation/inference-profile/runs/revised-full-20260414-g0-opt125m/raw/points/prefill/prefill-facebook-opt-125m-chunk-256-sm-8.csv
facebook/opt-125m,256,gemm,fc1,8,4,77.82399654388428,26883584,28456448,1572864,1572864,1024,2026-04-14T11:53:31Z,baseline_nvml_pt,nvidia-smi,ok,1.0,7.0,1695.0,7601.0,63.34,0.3203519880771637,27.13818359375,27.13818359375,1.5,True,,,,,unavailable,,prefill-facebook-opt-125m-chunk-256-sm-8,success,,,/mnt/data/dheeraj/dicertation/inference-profile/runs/revised-full-20260414-g0-opt125m/raw/points/prefill/prefill-facebook-opt-125m-chunk-256-sm-8.csv
facebook/opt-125m,256,gemm,fc2,8,4,73.72800260782242,26883584,27276800,393216,393216,1024,2026-04-14T11:53:31Z,baseline_nvml_pt,nvidia-smi,ok,1.0,7.0,1695.0,7601.0,63.34,0.3203519880771637,27.13818359375,27.13818359375,1.5,True,,,,,unavailable,,prefill-facebook-opt-125m-chunk-256-sm-8,success,,,/mnt/data/dheeraj/dicertation/inference-profile/runs/revised-full-20260414-g0-opt125m/raw/points/prefill/prefill-facebook-opt-125m-chunk-256-sm-8.csv
facebook/opt-125m,256,attention,attention,8,4,51.35999992489815,26883584,27290112,406528,393216,1024,2026-04-14T11:53:31Z,baseline_nvml_pt,nvidia-smi,ok,1.0,7.0,1695.0,7601.0,63.34,0.3203519880771637,27.13818359375,27.13818359375,1.5,True,,,,,unavailable,,prefill-facebook-opt-125m-chunk-256-sm-8,success,,,/mnt/data/dheeraj/dicertation/inference-profile/runs/revised-full-20260414-g0-opt125m/raw/points/prefill/prefill-facebook-opt-125m-chunk-256-sm-8.csv
facebook/opt-125m,256,gemm,q_proj,16,0,90.11200070381165,26883584,27276800,393216,393216,1024,2026-04-14T11:53:35Z,baseline_nvml_pt,nvidia-smi,ok,2.0,7.0,1695.0,8001.0,63.87,0.09011200070381165,27.13818359375,27.13818359375,1.5,True,,,,,unavailable,,prefill-facebook-opt-125m-chunk-256-sm-16,success,,,/mnt/data/dheeraj/dicertation/inference-profile/runs/revised-full-20260414-g0-opt125m/raw/points/prefill/prefill-facebook-opt-125m-chunk-256-sm-16.csv
facebook/opt-125m,256,gemm,k_proj,16,0,86.01599931716919,26883584,27276800,393216,393216,1024,2026-04-14T11:53:35Z,baseline_nvml_pt,nvidia-smi,ok,2.0,7.0,1695.0,8001.0,63.87,0.09011200070381165,27.13818359375,27.13818359375,1.5,True,,,,,unavailable,,prefill-facebook-opt-125m-chunk-256-sm-16,success,,,/mnt/data/dheeraj/dicertation/inference-profile/runs/revised-full-20260414-g0-opt125m/raw/points/prefill/prefill-facebook-opt-125m-chunk-256-sm-16.csv
facebook/opt-125m,256,gemm,v_proj,16,0,67.58400052785873,26883584,27276800,393216,393216,1024,2026-04-14T11:53:35Z,baseline_nvml_pt,nvidia-smi,ok,2.0,7.0,1695.0,8001.0,63.87,0.09011200070381165,27.13818359375,27.13818359375,1.5,True,,,,,unavailable,,prefill-facebook-opt-125m-chunk-256-sm-16,success,,,/mnt/data/dheeraj/dicertation/inference-profile/runs/revised-full-20260414-g0-opt125m/raw/points/prefill/prefill-facebook-opt-125m-chunk-256-sm-16.csv
facebook/opt-125m,256,gemm,out_proj,16,0,73.72800260782242,26883584,27276800,393216,393216,1024,2026-04-14T11:53:35Z,baseline_nvml_pt,nvidia-smi,ok,2.0,7.0,1695.0,8001.0,63.87,0.09011200070381165,27.13818359375,27.13818359375,1.5,True,,,,,unavailable,,prefill-facebook-opt-125m-chunk-256-sm-16,success,,,/mnt/data/dheeraj/dicertation/inference-profile/runs/revised-full-20260414-g0-opt125m/raw/points/prefill/prefill-facebook-opt-125m-chunk-256-sm-16.csv
facebook/opt-125m,256,gemm,fc1,16,0,90.11200070381165,26883584,28456448,1572864,1572864,1024,2026-04-14T11:53:35Z,baseline_nvml_pt,nvidia-smi,ok,2.0,7.0,1695.0,8001.0,63.87,0.09011200070381165,27.13818359375,27.13818359375,1.5,True,,,,,unavailable,,prefill-facebook-opt-125m-chunk-256-sm-16,success,,,/mnt/data/dheeraj/dicertation/inference-profile/runs/revised-full-20260414-g0-opt125m/raw/points/prefill/prefill-facebook-opt-125m-chunk-256-sm-16.csv
facebook/opt-125m,256,gemm,fc2,16,0,67.58400052785873,26883584,27276800,393216,393216,1024,2026-04-14T11:53:35Z,baseline_nvml_pt,nvidia-smi,ok,2.0,7.0,1695.0,8001.0,63.87,0.09011200070381165,27.13818359375,27.13818359375,1.5,True,,,,,unavailable,,prefill-facebook-opt-125m-chunk-256-sm-16,success,,,/mnt/data/dheeraj/dicertation/inference-profile/runs/revised-full-20260414-g0-opt125m/raw/points/prefill/prefill-facebook-opt-125m-chunk-256-sm-16.csv
facebook/opt-125m,256,attention,attention,16,0,56.32000043988228,26883584,27290112,406528,393216,1024,2026-04-14T11:53:35Z,baseline_nvml_pt,nvidia-smi,ok,2.0,7.0,1695.0,8001.0,63.87,0.09011200070381165,27.13818359375,27.13818359375,1.5,True,,,,,unavailable,,prefill-facebook-opt-125m-chunk-256-sm-16,success,,,/mnt/data/dheeraj/dicertation/inference-profile/runs/revised-full-20260414-g0-opt125m/raw/points/prefill/prefill-facebook-opt-125m-chunk-256-sm-16.csv
facebook/opt-125m,256,gemm,q_proj,16,1,66.72000139951706,26883584,27276800,393216,393216,1024,2026-04-14T11:53:35Z,baseline_nvml_pt,nvidia-smi,ok,2.0,7.0,1695.0,8001.0,63.87,0.09011200070381165,27.13818359375,27.13818359375,1.5,True,,,,,unavailable,,prefill-facebook-opt-125m-chunk-256-sm-16,success,,,/mnt/data/dheeraj/dicertation/inference-profile/runs/revised-full-20260414-g0-opt125m/raw/points/prefill/prefill-facebook-opt-125m-chunk-256-sm-16.csv
facebook/opt-125m,256,gemm,k_proj,16,1,65.79200178384781,26883584,27276800,393216,393216,1024,2026-04-14T11:53:35Z,baseline_nvml_pt,nvidia-smi,ok,2.0,7.0,1695.0,8001.0,63.87,0.09011200070381165,27.13818359375,27.13818359375,1.5,True,,,,,unavailable,,prefill-facebook-opt-125m-chunk-256-sm-16,success,,,/mnt/data/dheeraj/dicertation/inference-profile/runs/revised-full-20260414-g0-opt125m/raw/points/prefill/prefill-facebook-opt-125m-chunk-256-sm-16.csv
facebook/opt-125m,256,gemm,v_proj,16,1,61.40799820423126,26883584,27276800,393216,393216,1024,2026-04-14T11:53:35Z,baseline_nvml_pt,nvidia-smi,ok,2.0,7.0,1695.0,8001.0,63.87,0.09011200070381165,27.13818359375,27.13818359375,1.5,True,,,,,unavailable,,prefill-facebook-opt-125m-chunk-256-sm-16,success,,,/mnt/data/dheeraj/dicertation/inference-profile/runs/revised-full-20260414-g0-opt125m/raw/points/prefill/prefill-facebook-opt-125m-chunk-256-sm-16.csv
facebook/opt-125m,256,gemm,out_proj,16,1,59.39200147986412,26883584,27276800,393216,393216,1024,2026-04-14T11:53:35Z,baseline_nvml_pt,nvidia-smi,ok,2.0,7.0,1695.0,8001.0,63.87,0.09011200070381165,27.13818359375,27.13818359375,1.5,True,,,,,unavailable,,prefill-facebook-opt-125m-chunk-256-sm-16,success,,,/mnt/data/dheeraj/dicertation/inference-profile/runs/revised-full-20260414-g0-opt125m/raw/points/prefill/prefill-facebook-opt-125m-chunk-256-sm-16.csv
facebook/opt-125m,256,gemm,fc1,16,1,78.84799689054489,26883584,28456448,1572864,1572864,1024,2026-04-14T11:53:35Z,baseline_nvml_pt,nvidia-smi,ok,2.0,7.0,1695.0,8001.0,63.87,0.09011200070381165,27.13818359375,27.13818359375,1.5,True,,,,,unavailable,,prefill-facebook-opt-125m-chunk-256-sm-16,success,,,/mnt/data/dheeraj/dicertation/inference-profile/runs/revised-full-20260414-g0-opt125m/raw/points/prefill/prefill-facebook-opt-125m-chunk-256-sm-16.csv
facebook/opt-125m,256,gemm,fc2,16,1,63.48799914121628,26883584,27276800,393216,393216,1024,2026-04-14T11:53:35Z,baseline_nvml_pt,nvidia-smi,ok,2.0,7.0,1695.0,8001.0,63.87,0.09011200070381165,27.13818359375,27.13818359375,1.5,True,,,,,unavailable,,prefill-facebook-opt-125m-chunk-256-sm-16,success,,,/mnt/data/dheeraj/dicertation/inference-profile/runs/revised-full-20260414-g0-opt125m/raw/points/prefill/prefill-facebook-opt-125m-chunk-256-sm-16.csv
facebook/opt-125m,256,attention,attention,16,1,54.27199974656105,26883584,27290112,406528,393216,1024,2026-04-14T11:53:35Z,baseline_nvml_pt,nvidia-smi,ok,2.0,7.0,1695.0,8001.0,63.87,0.09011200070381165,27.13818359375,27.13818359375,1.5,True,,,,,unavailable,,prefill-facebook-opt-125m-chunk-256-sm-16,success,,,/mnt/data/dheeraj/dicertation/inference-profile/runs/revised-full-20260414-g0-opt125m/raw/points/prefill/prefill-facebook-opt-125m-chunk-256-sm-16.csv
facebook/opt-125m,256,gemm,q_proj,16,2,71.68000191450119,26883584,27276800,393216,393216,1024,2026-04-14T11:53:35Z,baseline_nvml_pt,nvidia-smi,ok,2.0,7.0,1695.0,8001.0,63.87,0.09011200070381165,27.13818359375,27.13818359375,1.5,True,,,,,unavailable,,prefill-facebook-opt-125m-chunk-256-sm-16,success,,,/mnt/data/dheeraj/dicertation/inference-profile/runs/revised-full-20260414-g0-opt125m/raw/points/prefill/prefill-facebook-opt-125m-chunk-256-sm-16.csv
facebook/opt-125m,256,gemm,k_proj,16,2,62.463998794555664,26883584,27276800,393216,393216,1024,2026-04-14T11:53:35Z,baseline_nvml_pt,nvidia-smi,ok,2.0,7.0,1695.0,8001.0,63.87,0.09011200070381165,27.13818359375,27.13818359375,1.5,True,,,,,unavailable,,prefill-facebook-opt-125m-chunk-256-sm-16,success,,,/mnt/data/dheeraj/dicertation/inference-profile/runs/revised-full-20260414-g0-opt125m/raw/points/prefill/prefill-facebook-opt-125m-chunk-256-sm-16.csv
facebook/opt-125m,256,gemm,v_proj,16,2,72.73600250482559,26883584,27276800,393216,393216,1024,2026-04-14T11:53:35Z,baseline_nvml_pt,nvidia-smi,ok,2.0,7.0,1695.0,8001.0,63.87,0.09011200070381165,27.13818359375,27.13818359375,1.5,True,,,,,unavailable,,prefill-facebook-opt-125m-chunk-256-sm-16,success,,,/mnt/data/dheeraj/dicertation/inference-profile/runs/revised-full-20260414-g0-opt125m/raw/points/prefill/prefill-facebook-opt-125m-chunk-256-sm-16.csv
facebook/opt-125m,256,gemm,out_proj,16,2,62.39999830722809,26883584,27276800,393216,393216,1024,2026-04-14T11:53:35Z,baseline_nvml_pt,nvidia-smi,ok,2.0,7.0,1695.0,8001.0,63.87,0.09011200070381165,27.13818359375,27.13818359375,1.5,True,,,,,unavailable,,prefill-facebook-opt-125m-chunk-256-sm-16,success,,,/mnt/data/dheeraj/dicertation/inference-profile/runs/revised-full-20260414-g0-opt125m/raw/points/prefill/prefill-facebook-opt-125m-chunk-256-sm-16.csv
facebook/opt-125m,256,gemm,fc1,16,2,80.76799660921097,26883584,28456448,1572864,1572864,1024,2026-04-14T11:53:35Z,baseline_nvml_pt,nvidia-smi,ok,2.0,7.0,1695.0,8001.0,63.87,0.09011200070381165,27.13818359375,27.13818359375,1.5,True,,,,,unavailable,,prefill-facebook-opt-125m-chunk-256-sm-16,success,,,/mnt/data/dheeraj/dicertation/inference-profile/runs/revised-full-20260414-g0-opt125m/raw/points/prefill/prefill-facebook-opt-125m-chunk-256-sm-16.csv
facebook/opt-125m,256,gemm,fc2,16,2,64.51199948787689,26883584,27276800,393216,393216,1024,2026-04-14T11:53:35Z,baseline_nvml_pt,nvidia-smi,ok,2.0,7.0,1695.0,8001.0,63.87,0.09011200070381165,27.13818359375,27.13818359375,1.5,True,,,,,unavailable,,prefill-facebook-opt-125m-chunk-256-sm-16,success,,,/mnt/data/dheeraj/dicertation/inference-profile/runs/revised-full-20260414-g0-opt125m/raw/points/prefill/prefill-facebook-opt-125m-chunk-256-sm-16.csv
facebook/opt-125m,256,attention,attention,16,2,55.296000093221664,26883584,27290112,406528,393216,1024,2026-04-14T11:53:35Z,baseline_nvml_pt,nvidia-smi,ok,2.0,7.0,1695.0,8001.0,63.87,0.09011200070381165,27.13818359375,27.13818359375,1.5,True,,,,,unavailable,,prefill-facebook-opt-125m-chunk-256-sm-16,success,,,/mnt/data/dheeraj/dicertation/inference-profile/runs/revised-full-20260414-g0-opt125m/raw/points/prefill/prefill-facebook-opt-125m-chunk-256-sm-16.csv
facebook/opt-125m,256,gemm,q_proj,16,3,64.51199948787689,26883584,27276800,393216,393216,1024,2026-04-14T11:53:35Z,baseline_nvml_pt,nvidia-smi,ok,2.0,7.0,1695.0,8001.0,63.87,0.09011200070381165,27.13818359375,27.13818359375,1.5,True,,,,,unavailable,,prefill-facebook-opt-125m-chunk-256-sm-16,success,,,/mnt/data/dheeraj/dicertation/inference-profile/runs/revised-full-20260414-g0-opt125m/raw/points/prefill/prefill-facebook-opt-125m-chunk-256-sm-16.csv
facebook/opt-125m,256,gemm,k_proj,16,3,60.416001826524734,26883584,27276800,393216,393216,1024,2026-04-14T11:53:35Z,baseline_nvml_pt,nvidia-smi,ok,2.0,7.0,1695.0,8001.0,63.87,0.09011200070381165,27.13818359375,27.13818359375,1.5,True,,,,,unavailable,,prefill-facebook-opt-125m-chunk-256-sm-16,success,,,/mnt/data/dheeraj/dicertation/inference-profile/runs/revised-full-20260414-g0-opt125m/raw/points/prefill/prefill-facebook-opt-125m-chunk-256-sm-16.csv
facebook/opt-125m,256,gemm,v_proj,16,3,57.34400078654289,26883584,27276800,393216,393216,1024,2026-04-14T11:53:35Z,baseline_nvml_pt,nvidia-smi,ok,2.0,7.0,1695.0,8001.0,63.87,0.09011200070381165,27.13818359375,27.13818359375,1.5,True,,,,,unavailable,,prefill-facebook-opt-125m-chunk-256-sm-16,success,,,/mnt/data/dheeraj/dicertation/inference-profile/runs/revised-full-20260414-g0-opt125m/raw/points/prefill/prefill-facebook-opt-125m-chunk-256-sm-16.csv
facebook/opt-125m,256,gemm,out_proj,16,3,62.463998794555664,26883584,27276800,393216,393216,1024,2026-04-14T11:53:35Z,baseline_nvml_pt,nvidia-smi,ok,2.0,7.0,1695.0,8001.0,63.87,0.09011200070381165,27.13818359375,27.13818359375,1.5,True,,,,,unavailable,,prefill-facebook-opt-125m-chunk-256-sm-16,success,,,/mnt/data/dheeraj/dicertation/inference-profile/runs/revised-full-20260414-g0-opt125m/raw/points/prefill/prefill-facebook-opt-125m-chunk-256-sm-16.csv
facebook/opt-125m,256,gemm,fc1,16,3,88.06400001049042,26883584,28456448,1572864,1572864,1024,2026-04-14T11:53:35Z,baseline_nvml_pt,nvidia-smi,ok,2.0,7.0,1695.0,8001.0,63.87,0.09011200070381165,27.13818359375,27.13818359375,1.5,True,,,,,unavailable,,prefill-facebook-opt-125m-chunk-256-sm-16,success,,,/mnt/data/dheeraj/dicertation/inference-profile/runs/revised-full-20260414-g0-opt125m/raw/points/prefill/prefill-facebook-opt-125m-chunk-256-sm-16.csv
facebook/opt-125m,256,gemm,fc2,16,3,65.47199934720993,26883584,27276800,393216,393216,1024,2026-04-14T11:53:35Z,baseline_nvml_pt,nvidia-smi,ok,2.0,7.0,1695.0,8001.0,63.87,0.09011200070381165,27.13818359375,27.13818359375,1.5,True,,,,,unavailable,,prefill-facebook-opt-125m-chunk-256-sm-16,success,,,/mnt/data/dheeraj/dicertation/inference-profile/runs/revised-full-20260414-g0-opt125m/raw/points/prefill/prefill-facebook-opt-125m-chunk-256-sm-16.csv
facebook/opt-125m,256,attention,attention,16,3,52.41600051522255,26883584,27290112,406528,393216,1024,2026-04-14T11:53:35Z,baseline_nvml_pt,nvidia-smi,ok,2.0,7.0,1695.0,8001.0,63.87,0.09011200070381165,27.13818359375,27.13818359375,1.5,True,,,,,unavailable,,prefill-facebook-opt-125m-chunk-256-sm-16,success,,,/mnt/data/dheeraj/dicertation/inference-profile/runs/revised-full-20260414-g0-opt125m/raw/points/prefill/prefill-facebook-opt-125m-chunk-256-sm-16.csv
facebook/opt-125m,256,gemm,q_proj,16,4,62.463998794555664,26883584,27276800,393216,393216,1024,2026-04-14T11:53:35Z,baseline_nvml_pt,nvidia-smi,ok,2.0,7.0,1695.0,8001.0,63.87,0.09011200070381165,27.13818359375,27.13818359375,1.5,True,,,,,unavailable,,prefill-facebook-opt-125m-chunk-256-sm-16,success,,,/mnt/data/dheeraj/dicertation/inference-profile/runs/revised-full-20260414-g0-opt125m/raw/points/prefill/prefill-facebook-opt-125m-chunk-256-sm-16.csv
facebook/opt-125m,256,gemm,k_proj,16,4,59.23200026154518,26883584,27276800,393216,393216,1024,2026-04-14T11:53:35Z,baseline_nvml_pt,nvidia-smi,ok,2.0,7.0,1695.0,8001.0,63.87,0.09011200070381165,27.13818359375,27.13818359375,1.5,True,,,,,unavailable,,prefill-facebook-opt-125m-chunk-256-sm-16,success,,,/mnt/data/dheeraj/dicertation/inference-profile/runs/revised-full-20260414-g0-opt125m/raw/points/prefill/prefill-facebook-opt-125m-chunk-256-sm-16.csv
facebook/opt-125m,256,gemm,v_proj,16,4,60.22400036454201,26883584,27276800,393216,393216,1024,2026-04-14T11:53:35Z,baseline_nvml_pt,nvidia-smi,ok,2.0,7.0,1695.0,8001.0,63.87,0.09011200070381165,27.13818359375,27.13818359375,1.5,True,,,,,unavailable,,prefill-facebook-opt-125m-chunk-256-sm-16,success,,,/mnt/data/dheeraj/dicertation/inference-profile/runs/revised-full-20260414-g0-opt125m/raw/points/prefill/prefill-facebook-opt-125m-chunk-256-sm-16.csv
facebook/opt-125m,256,gemm,out_proj,16,4,60.416001826524734,26883584,27276800,393216,393216,1024,2026-04-14T11:53:35Z,baseline_nvml_pt,nvidia-smi,ok,2.0,7.0,1695.0,8001.0,63.87,0.09011200070381165,27.13818359375,27.13818359375,1.5,True,,,,,unavailable,,prefill-facebook-opt-125m-chunk-256-sm-16,success,,,/mnt/data/dheeraj/dicertation/inference-profile/runs/revised-full-20260414-g0-opt125m/raw/points/prefill/prefill-facebook-opt-125m-chunk-256-sm-16.csv
facebook/opt-125m,256,gemm,fc1,16,4,78.84799689054489,26883584,28456448,1572864,1572864,1024,2026-04-14T11:53:35Z,baseline_nvml_pt,nvidia-smi,ok,2.0,7.0,1695.0,8001.0,63.87,0.09011200070381165,27.13818359375,27.13818359375,1.5,True,,,,,unavailable,,prefill-facebook-opt-125m-chunk-256-sm-16,success,,,/mnt/data/dheeraj/dicertation/inference-profile/runs/revised-full-20260414-g0-opt125m/raw/points/prefill/prefill-facebook-opt-125m-chunk-256-sm-16.csv
facebook/opt-125m,256,gemm,fc2,16,4,63.48799914121628,26883584,27276800,393216,393216,1024,2026-04-14T11:53:35Z,baseline_nvml_pt,nvidia-smi,ok,2.0,7.0,1695.0,8001.0,63.87,0.09011200070381165,27.13818359375,27.13818359375,1.5,True,,,,,unavailable,,prefill-facebook-opt-125m-chunk-256-sm-16,success,,,/mnt/data/dheeraj/dicertation/inference-profile/runs/revised-full-20260414-g0-opt125m/raw/points/prefill/prefill-facebook-opt-125m-chunk-256-sm-16.csv
facebook/opt-125m,256,attention,attention,16,4,53.247999399900436,26883584,27290112,406528,393216,1024,2026-04-14T11:53:35Z,baseline_nvml_pt,nvidia-smi,ok,2.0,7.0,1695.0,8001.0,63.87,0.09011200070381165,27.13818359375,27.13818359375,1.5,True,,,,,unavailable,,prefill-facebook-opt-125m-chunk-256-sm-16,success,,,/mnt/data/dheeraj/dicertation/inference-profile/runs/revised-full-20260414-g0-opt125m/raw/points/prefill/prefill-facebook-opt-125m-chunk-256-sm-16.csv
facebook/opt-125m,256,gemm,q_proj,24,0,94.40000355243683,26883584,27276800,393216,393216,1024,2026-04-14T11:53:40Z,baseline_nvml_pt,nvidia-smi,ok,1.0,7.0,1695.0,7601.0,63.96,0.09440000355243683,27.13818359375,27.13818359375,1.5,True,,,,,unavailable,,prefill-facebook-opt-125m-chunk-256-sm-24,success,,,/mnt/data/dheeraj/dicertation/inference-profile/runs/revised-full-20260414-g0-opt125m/raw/points/prefill/prefill-facebook-opt-125m-chunk-256-sm-24.csv
facebook/opt-125m,256,gemm,k_proj,24,0,82.94399827718735,26883584,27276800,393216,393216,1024,2026-04-14T11:53:40Z,baseline_nvml_pt,nvidia-smi,ok,1.0,7.0,1695.0,7601.0,63.96,0.09440000355243683,27.13818359375,27.13818359375,1.5,True,,,,,unavailable,,prefill-facebook-opt-125m-chunk-256-sm-24,success,,,/mnt/data/dheeraj/dicertation/inference-profile/runs/revised-full-20260414-g0-opt125m/raw/points/prefill/prefill-facebook-opt-125m-chunk-256-sm-24.csv
facebook/opt-125m,256,gemm,v_proj,24,0,69.63200122117996,26883584,27276800,393216,393216,1024,2026-04-14T11:53:40Z,baseline_nvml_pt,nvidia-smi,ok,1.0,7.0,1695.0,7601.0,63.96,0.09440000355243683,27.13818359375,27.13818359375,1.5,True,,,,,unavailable,,prefill-facebook-opt-125m-chunk-256-sm-24,success,,,/mnt/data/dheeraj/dicertation/inference-profile/runs/revised-full-20260414-g0-opt125m/raw/points/prefill/prefill-facebook-opt-125m-chunk-256-sm-24.csv
facebook/opt-125m,256,gemm,out_proj,24,0,84.99199897050858,26883584,27276800,393216,393216,1024,2026-04-14T11:53:40Z,baseline_nvml_pt,nvidia-smi,ok,1.0,7.0,1695.0,7601.0,63.96,0.09440000355243683,27.13818359375,27.13818359375,1.5,True,,,,,unavailable,,prefill-facebook-opt-125m-chunk-256-sm-24,success,,,/mnt/data/dheeraj/dicertation/inference-profile/runs/revised-full-20260414-g0-opt125m/raw/points/prefill/prefill-facebook-opt-125m-chunk-256-sm-24.csv
facebook/opt-125m,256,gemm,fc1,24,0,84.73599702119827,26883584,28456448,1572864,1572864,1024,2026-04-14T11:53:40Z,baseline_nvml_pt,nvidia-smi,ok,1.0,7.0,1695.0,7601.0,63.96,0.09440000355243683,27.13818359375,27.13818359375,1.5,True,,,,,unavailable,,prefill-facebook-opt-125m-chunk-256-sm-24,success,,,/mnt/data/dheeraj/dicertation/inference-profile/runs/revised-full-20260414-g0-opt125m/raw/points/prefill/prefill-facebook-opt-125m-chunk-256-sm-24.csv
facebook/opt-125m,256,gemm,fc2,24,0,66.56000018119812,26883584,27276800,393216,393216,1024,2026-04-14T11:53:40Z,baseline_nvml_pt,nvidia-smi,ok,1.0,7.0,1695.0,7601.0,63.96,0.09440000355243683,27.13818359375,27.13818359375,1.5,True,,,,,unavailable,,prefill-facebook-opt-125m-chunk-256-sm-24,success,,,/mnt/data/dheeraj/dicertation/inference-profile/runs/revised-full-20260414-g0-opt125m/raw/points/prefill/prefill-facebook-opt-125m-chunk-256-sm-24.csv
facebook/opt-125m,256,attention,attention,24,0,60.416001826524734,26883584,27290112,406528,393216,1024,2026-04-14T11:53:40Z,baseline_nvml_pt,nvidia-smi,ok,1.0,7.0,1695.0,7601.0,63.96,0.09440000355243683,27.13818359375,27.13818359375,1.5,True,,,,,unavailable,,prefill-facebook-opt-125m-chunk-256-sm-24,success,,,/mnt/data/dheeraj/dicertation/inference-profile/runs/revised-full-20260414-g0-opt125m/raw/points/prefill/prefill-facebook-opt-125m-chunk-256-sm-24.csv
facebook/opt-125m,256,gemm,q_proj,24,1,71.42399996519089,26883584,27276800,393216,393216,1024,2026-04-14T11:53:40Z,baseline_nvml_pt,nvidia-smi,ok,1.0,7.0,1695.0,7601.0,63.96,0.09440000355243683,27.13818359375,27.13818359375,1.5,True,,,,,unavailable,,prefill-facebook-opt-125m-chunk-256-sm-24,success,,,/mnt/data/dheeraj/dicertation/inference-profile/runs/revised-full-20260414-g0-opt125m/raw/points/prefill/prefill-facebook-opt-125m-chunk-256-sm-24.csv
facebook/opt-125m,256,gemm,k_proj,24,1,66.56000018119812,26883584,27276800,393216,393216,1024,2026-04-14T11:53:40Z,baseline_nvml_pt,nvidia-smi,ok,1.0,7.0,1695.0,7601.0,63.96,0.09440000355243683,27.13818359375,27.13818359375,1.5,True,,,,,unavailable,,prefill-facebook-opt-125m-chunk-256-sm-24,success,,,/mnt/data/dheeraj/dicertation/inference-profile/runs/revised-full-20260414-g0-opt125m/raw/points/prefill/prefill-facebook-opt-125m-chunk-256-sm-24.csv
facebook/opt-125m,256,gemm,v_proj,24,1,62.463998794555664,26883584,27276800,393216,393216,1024,2026-04-14T11:53:40Z,baseline_nvml_pt,nvidia-smi,ok,1.0,7.0,1695.0,7601.0,63.96,0.09440000355243683,27.13818359375,27.13818359375,1.5,True,,,,,unavailable,,prefill-facebook-opt-125m-chunk-256-sm-24,success,,,/mnt/data/dheeraj/dicertation/inference-profile/runs/revised-full-20260414-g0-opt125m/raw/points/prefill/prefill-facebook-opt-125m-chunk-256-sm-24.csv
facebook/opt-125m,256,gemm,out_proj,24,1,62.463998794555664,26883584,27276800,393216,393216,1024,2026-04-14T11:53:40Z,baseline_nvml_pt,nvidia-smi,ok,1.0,7.0,1695.0,7601.0,63.96,0.09440000355243683,27.13818359375,27.13818359375,1.5,True,,,,,unavailable,,prefill-facebook-opt-125m-chunk-256-sm-24,success,,,/mnt/data/dheeraj/dicertation/inference-profile/runs/revised-full-20260414-g0-opt125m/raw/points/prefill/prefill-facebook-opt-125m-chunk-256-sm-24.csv
facebook/opt-125m,256,gemm,fc1,24,1,79.8719972372055,26883584,28456448,1572864,1572864,1024,2026-04-14T11:53:40Z,baseline_nvml_pt,nvidia-smi,ok,1.0,7.0,1695.0,7601.0,63.96,0.09440000355243683,27.13818359375,27.13818359375,1.5,True,,,,,unavailable,,prefill-facebook-opt-125m-chunk-256-sm-24,success,,,/mnt/data/dheeraj/dicertation/inference-profile/runs/revised-full-20260414-g0-opt125m/raw/points/prefill/prefill-facebook-opt-125m-chunk-256-sm-24.csv
facebook/opt-125m,256,gemm,fc2,24,1,64.51199948787689,26883584,27276800,393216,393216,1024,2026-04-14T11:53:40Z,baseline_nvml_pt,nvidia-smi,ok,1.0,7.0,1695.0,7601.0,63.96,0.09440000355243683,27.13818359375,27.13818359375,1.5,True,,,,,unavailable,,prefill-facebook-opt-125m-chunk-256-sm-24,success,,,/mnt/data/dheeraj/dicertation/inference-profile/runs/revised-full-20260414-g0-opt125m/raw/points/prefill/prefill-facebook-opt-125m-chunk-256-sm-24.csv
facebook/opt-125m,256,attention,attention,24,1,62.30400130152702,26883584,27290112,406528,393216,1024,2026-04-14T11:53:40Z,baseline_nvml_pt,nvidia-smi,ok,1.0,7.0,1695.0,7601.0,63.96,0.09440000355243683,27.13818359375,27.13818359375,1.5,True,,,,,unavailable,,prefill-facebook-opt-125m-chunk-256-sm-24,success,,,/mnt/data/dheeraj/dicertation/inference-profile/runs/revised-full-20260414-g0-opt125m/raw/points/prefill/prefill-facebook-opt-125m-chunk-256-sm-24.csv
facebook/opt-125m,256,gemm,q_proj,24,2,68.4799998998642,26883584,27276800,393216,393216,1024,2026-04-14T11:53:40Z,baseline_nvml_pt,nvidia-smi,ok,1.0,7.0,1695.0,7601.0,63.96,0.09440000355243683,27.13818359375,27.13818359375,1.5,True,,,,,unavailable,,prefill-facebook-opt-125m-chunk-256-sm-24,success,,,/mnt/data/dheeraj/dicertation/inference-profile/runs/revised-full-20260414-g0-opt125m/raw/points/prefill/prefill-facebook-opt-125m-chunk-256-sm-24.csv
facebook/opt-125m,256,gemm,k_proj,24,2,63.48799914121628,26883584,27276800,393216,393216,1024,2026-04-14T11:53:40Z,baseline_nvml_pt,nvidia-smi,ok,1.0,7.0,1695.0,7601.0,63.96,0.09440000355243683,27.13818359375,27.13818359375,1.5,True,,,,,unavailable,,prefill-facebook-opt-125m-chunk-256-sm-24,success,,,/mnt/data/dheeraj/dicertation/inference-profile/runs/revised-full-20260414-g0-opt125m/raw/points/prefill/prefill-facebook-opt-125m-chunk-256-sm-24.csv
facebook/opt-125m,256,gemm,v_proj,24,2,73.72800260782242,26883584,27276800,393216,393216,1024,2026-04-14T11:53:40Z,baseline_nvml_pt,nvidia-smi,ok,1.0,7.0,1695.0,7601.0,63.96,0.09440000355243683,27.13818359375,27.13818359375,1.5,True,,,,,unavailable,,prefill-facebook-opt-125m-chunk-256-sm-24,success,,,/mnt/data/dheeraj/dicertation/inference-profile/runs/revised-full-20260414-g0-opt125m/raw/points/prefill/prefill-facebook-opt-125m-chunk-256-sm-24.csv
facebook/opt-125m,256,gemm,out_proj,24,2,64.51199948787689,26883584,27276800,393216,393216,1024,2026-04-14T11:53:40Z,baseline_nvml_pt,nvidia-smi,ok,1.0,7.0,1695.0,7601.0,63.96,0.09440000355243683,27.13818359375,27.13818359375,1.5,True,,,,,unavailable,,prefill-facebook-opt-125m-chunk-256-sm-24,success,,,/mnt/data/dheeraj/dicertation/inference-profile/runs/revised-full-20260414-g0-opt125m/raw/points/prefill/prefill-facebook-opt-125m-chunk-256-sm-24.csv
facebook/opt-125m,256,gemm,fc1,24,2,80.89599758386612,26883584,28456448,1572864,1572864,1024,2026-04-14T11:53:40Z,baseline_nvml_pt,nvidia-smi,ok,1.0,7.0,1695.0,7601.0,63.96,0.09440000355243683,27.13818359375,27.13818359375,1.5,True,,,,,unavailable,,prefill-facebook-opt-125m-chunk-256-sm-24,success,,,/mnt/data/dheeraj/dicertation/inference-profile/runs/revised-full-20260414-g0-opt125m/raw/points/prefill/prefill-facebook-opt-125m-chunk-256-sm-24.csv
facebook/opt-125m,256,gemm,fc2,24,2,67.58400052785873,26883584,27276800,393216,393216,1024,2026-04-14T11:53:40Z,baseline_nvml_pt,nvidia-smi,ok,1.0,7.0,1695.0,7601.0,63.96,0.09440000355243683,27.13818359375,27.13818359375,1.5,True,,,,,unavailable,,prefill-facebook-opt-125m-chunk-256-sm-24,success,,,/mnt/data/dheeraj/dicertation/inference-profile/runs/revised-full-20260414-g0-opt125m/raw/points/prefill/prefill-facebook-opt-125m-chunk-256-sm-24.csv
facebook/opt-125m,256,attention,attention,24,2,64.38399851322174,26883584,27290112,406528,393216,1024,2026-04-14T11:53:40Z,baseline_nvml_pt,nvidia-smi,ok,1.0,7.0,1695.0,7601.0,63.96,0.09440000355243683,27.13818359375,27.13818359375,1.5,True,,,,,unavailable,,prefill-facebook-opt-125m-chunk-256-sm-24,success,,,/mnt/data/dheeraj/dicertation/inference-profile/runs/revised-full-20260414-g0-opt125m/raw/points/prefill/prefill-facebook-opt-125m-chunk-256-sm-24.csv
facebook/opt-125m,256,gemm,q_proj,24,3,66.56000018119812,26883584,27276800,393216,393216,1024,2026-04-14T11:53:40Z,baseline_nvml_pt,nvidia-smi,ok,1.0,7.0,1695.0,7601.0,63.96,0.09440000355243683,27.13818359375,27.13818359375,1.5,True,,,,,unavailable,,prefill-facebook-opt-125m-chunk-256-sm-24,success,,,/mnt/data/dheeraj/dicertation/inference-profile/runs/revised-full-20260414-g0-opt125m/raw/points/prefill/prefill-facebook-opt-125m-chunk-256-sm-24.csv
facebook/opt-125m,256,gemm,k_proj,24,3,60.47999858856201,26883584,27276800,393216,393216,1024,2026-04-14T11:53:40Z,baseline_nvml_pt,nvidia-smi,ok,1.0,7.0,1695.0,7601.0,63.96,0.09440000355243683,27.13818359375,27.13818359375,1.5,True,,,,,unavailable,,prefill-facebook-opt-125m-chunk-256-sm-24,success,,,/mnt/data/dheeraj/dicertation/inference-profile/runs/revised-full-20260414-g0-opt125m/raw/points/prefill/prefill-facebook-opt-125m-chunk-256-sm-24.csv
facebook/opt-125m,256,gemm,v_proj,24,3,59.39200147986412,26883584,27276800,393216,393216,1024,2026-04-14T11:53:40Z,baseline_nvml_pt,nvidia-smi,ok,1.0,7.0,1695.0,7601.0,63.96,0.09440000355243683,27.13818359375,27.13818359375,1.5,True,,,,,unavailable,,prefill-facebook-opt-125m-chunk-256-sm-24,success,,,/mnt/data/dheeraj/dicertation/inference-profile/runs/revised-full-20260414-g0-opt125m/raw/points/prefill/prefill-facebook-opt-125m-chunk-256-sm-24.csv
facebook/opt-125m,256,gemm,out_proj,24,3,62.463998794555664,26883584,27276800,393216,393216,1024,2026-04-14T11:53:40Z,baseline_nvml_pt,nvidia-smi,ok,1.0,7.0,1695.0,7601.0,63.96,0.09440000355243683,27.13818359375,27.13818359375,1.5,True,,,,,unavailable,,prefill-facebook-opt-125m-chunk-256-sm-24,success,,,/mnt/data/dheeraj/dicertation/inference-profile/runs/revised-full-20260414-g0-opt125m/raw/points/prefill/prefill-facebook-opt-125m-chunk-256-sm-24.csv
facebook/opt-125m,256,gemm,fc1,24,3,80.89599758386612,26883584,28456448,1572864,1572864,1024,2026-04-14T11:53:40Z,baseline_nvml_pt,nvidia-smi,ok,1.0,7.0,1695.0,7601.0,63.96,0.09440000355243683,27.13818359375,27.13818359375,1.5,True,,,,,unavailable,,prefill-facebook-opt-125m-chunk-256-sm-24,success,,,/mnt/data/dheeraj/dicertation/inference-profile/runs/revised-full-20260414-g0-opt125m/raw/points/prefill/prefill-facebook-opt-125m-chunk-256-sm-24.csv
facebook/opt-125m,256,gemm,fc2,24,3,65.5359998345375,26883584,27276800,393216,393216,1024,2026-04-14T11:53:40Z,baseline_nvml_pt,nvidia-smi,ok,1.0,7.0,1695.0,7601.0,63.96,0.09440000355243683,27.13818359375,27.13818359375,1.5,True,,,,,unavailable,,prefill-facebook-opt-125m-chunk-256-sm-24,success,,,/mnt/data/dheeraj/dicertation/inference-profile/runs/revised-full-20260414-g0-opt125m/raw/points/prefill/prefill-facebook-opt-125m-chunk-256-sm-24.csv
facebook/opt-125m,256,attention,attention,24,3,55.296000093221664,26883584,27290112,406528,393216,1024,2026-04-14T11:53:40Z,baseline_nvml_pt,nvidia-smi,ok,1.0,7.0,1695.0,7601.0,63.96,0.09440000355243683,27.13818359375,27.13818359375,1.5,True,,,,,unavailable,,prefill-facebook-opt-125m-chunk-256-sm-24,success,,,/mnt/data/dheeraj/dicertation/inference-profile/runs/revised-full-20260414-g0-opt125m/raw/points/prefill/prefill-facebook-opt-125m-chunk-256-sm-24.csv
facebook/opt-125m,256,gemm,q_proj,24,4,65.5359998345375,26883584,27276800,393216,393216,1024,2026-04-14T11:53:40Z,baseline_nvml_pt,nvidia-smi,ok,1.0,7.0,1695.0,7601.0,63.96,0.09440000355243683,27.13818359375,27.13818359375,1.5,True,,,,,unavailable,,prefill-facebook-opt-125m-chunk-256-sm-24,success,,,/mnt/data/dheeraj/dicertation/inference-profile/runs/revised-full-20260414-g0-opt125m/raw/points/prefill/prefill-facebook-opt-125m-chunk-256-sm-24.csv
facebook/opt-125m,256,gemm,k_proj,24,4,60.22400036454201,26883584,27276800,393216,393216,1024,2026-04-14T11:53:40Z,baseline_nvml_pt,nvidia-smi,ok,1.0,7.0,1695.0,7601.0,63.96,0.09440000355243683,27.13818359375,27.13818359375,1.5,True,,,,,unavailable,,prefill-facebook-opt-125m-chunk-256-sm-24,success,,,/mnt/data/dheeraj/dicertation/inference-profile/runs/revised-full-20260414-g0-opt125m/raw/points/prefill/prefill-facebook-opt-125m-chunk-256-sm-24.csv
facebook/opt-125m,256,gemm,v_proj,24,4,79.8719972372055,26883584,27276800,393216,393216,1024,2026-04-14T11:53:40Z,baseline_nvml_pt,nvidia-smi,ok,1.0,7.0,1695.0,7601.0,63.96,0.09440000355243683,27.13818359375,27.13818359375,1.5,True,,,,,unavailable,,prefill-facebook-opt-125m-chunk-256-sm-24,success,,,/mnt/data/dheeraj/dicertation/inference-profile/runs/revised-full-20260414-g0-opt125m/raw/points/prefill/prefill-facebook-opt-125m-chunk-256-sm-24.csv
facebook/opt-125m,256,gemm,out_proj,24,4,62.6240000128746,26883584,27276800,393216,393216,1024,2026-04-14T11:53:40Z,baseline_nvml_pt,nvidia-smi,ok,1.0,7.0,1695.0,7601.0,63.96,0.09440000355243683,27.13818359375,27.13818359375,1.5,True,,,,,unavailable,,prefill-facebook-opt-125m-chunk-256-sm-24,success,,,/mnt/data/dheeraj/dicertation/inference-profile/runs/revised-full-20260414-g0-opt125m/raw/points/prefill/prefill-facebook-opt-125m-chunk-256-sm-24.csv
facebook/opt-125m,256,gemm,fc1,24,4,79.80799674987793,26883584,28456448,1572864,1572864,1024,2026-04-14T11:53:40Z,baseline_nvml_pt,nvidia-smi,ok,1.0,7.0,1695.0,7601.0,63.96,0.09440000355243683,27.13818359375,27.13818359375,1.5,True,,,,,unavailable,,prefill-facebook-opt-125m-chunk-256-sm-24,success,,,/mnt/data/dheeraj/dicertation/inference-profile/runs/revised-full-20260414-g0-opt125m/raw/points/prefill/prefill-facebook-opt-125m-chunk-256-sm-24.csv
facebook/opt-125m,256,gemm,fc2,24,4,64.51199948787689,26883584,27276800,393216,393216,1024,2026-04-14T11:53:40Z,baseline_nvml_pt,nvidia-smi,ok,1.0,7.0,1695.0,7601.0,63.96,0.09440000355243683,27.13818359375,27.13818359375,1.5,True,,,,,unavailable,,prefill-facebook-opt-125m-chunk-256-sm-24,success,,,/mnt/data/dheeraj/dicertation/inference-profile/runs/revised-full-20260414-g0-opt125m/raw/points/prefill/prefill-facebook-opt-125m-chunk-256-sm-24.csv
facebook/opt-125m,256,attention,attention,24,4,53.247999399900436,26883584,27290112,406528,393216,1024,2026-04-14T11:53:40Z,baseline_nvml_pt,nvidia-smi,ok,1.0,7.0,1695.0,7601.0,63.96,0.09440000355243683,27.13818359375,27.13818359375,1.5,True,,,,,unavailable,,prefill-facebook-opt-125m-chunk-256-sm-24,success,,,/mnt/data/dheeraj/dicertation/inference-profile/runs/revised-full-20260414-g0-opt125m/raw/points/prefill/prefill-facebook-opt-125m-chunk-256-sm-24.csv
facebook/opt-125m,256,gemm,q_proj,32,0,87.13600039482117,26883584,27276800,393216,393216,1024,2026-04-14T11:53:45Z,baseline_nvml_pt,nvidia-smi,ok,0.0,7.0,1695.0,7601.0,63.6,0.08713600039482117,27.13818359375,27.13818359375,1.5,True,,,,,unavailable,,prefill-facebook-opt-125m-chunk-256-sm-32,success,,,/mnt/data/dheeraj/dicertation/inference-profile/runs/revised-full-20260414-g0-opt125m/raw/points/prefill/prefill-facebook-opt-125m-chunk-256-sm-32.csv
facebook/opt-125m,256,gemm,k_proj,32,0,79.8719972372055,26883584,27276800,393216,393216,1024,2026-04-14T11:53:45Z,baseline_nvml_pt,nvidia-smi,ok,0.0,7.0,1695.0,7601.0,63.6,0.08713600039482117,27.13818359375,27.13818359375,1.5,True,,,,,unavailable,,prefill-facebook-opt-125m-chunk-256-sm-32,success,,,/mnt/data/dheeraj/dicertation/inference-profile/runs/revised-full-20260414-g0-opt125m/raw/points/prefill/prefill-facebook-opt-125m-chunk-256-sm-32.csv
facebook/opt-125m,256,gemm,v_proj,32,0,68.60800087451935,26883584,27276800,393216,393216,1024,2026-04-14T11:53:45Z,baseline_nvml_pt,nvidia-smi,ok,0.0,7.0,1695.0,7601.0,63.6,0.08713600039482117,27.13818359375,27.13818359375,1.5,True,,,,,unavailable,,prefill-facebook-opt-125m-chunk-256-sm-32,success,,,/mnt/data/dheeraj/dicertation/inference-profile/runs/revised-full-20260414-g0-opt125m/raw/points/prefill/prefill-facebook-opt-125m-chunk-256-sm-32.csv
facebook/opt-125m,256,gemm,out_proj,32,0,72.7040022611618,26883584,27276800,393216,393216,1024,2026-04-14T11:53:45Z,baseline_nvml_pt,nvidia-smi,ok,0.0,7.0,1695.0,7601.0,63.6,0.08713600039482117,27.13818359375,27.13818359375,1.5,True,,,,,unavailable,,prefill-facebook-opt-125m-chunk-256-sm-32,success,,,/mnt/data/dheeraj/dicertation/inference-profile/runs/revised-full-20260414-g0-opt125m/raw/points/prefill/prefill-facebook-opt-125m-chunk-256-sm-32.csv
facebook/opt-125m,256,gemm,fc1,32,0,84.99199897050858,26883584,28456448,1572864,1572864,1024,2026-04-14T11:53:45Z,baseline_nvml_pt,nvidia-smi,ok,0.0,7.0,1695.0,7601.0,63.6,0.08713600039482117,27.13818359375,27.13818359375,1.5,True,,,,,unavailable,,prefill-facebook-opt-125m-chunk-256-sm-32,success,,,/mnt/data/dheeraj/dicertation/inference-profile/runs/revised-full-20260414-g0-opt125m/raw/points/prefill/prefill-facebook-opt-125m-chunk-256-sm-32.csv
facebook/opt-125m,256,gemm,fc2,32,0,68.54400038719177,26883584,27276800,393216,393216,1024,2026-04-14T11:53:45Z,baseline_nvml_pt,nvidia-smi,ok,0.0,7.0,1695.0,7601.0,63.6,0.08713600039482117,27.13818359375,27.13818359375,1.5,True,,,,,unavailable,,prefill-facebook-opt-125m-chunk-256-sm-32,success,,,/mnt/data/dheeraj/dicertation/inference-profile/runs/revised-full-20260414-g0-opt125m/raw/points/prefill/prefill-facebook-opt-125m-chunk-256-sm-32.csv
facebook/opt-125m,256,attention,attention,32,0,60.19200012087822,26883584,27290112,406528,393216,1024,2026-04-14T11:53:45Z,baseline_nvml_pt,nvidia-smi,ok,0.0,7.0,1695.0,7601.0,63.6,0.08713600039482117,27.13818359375,27.13818359375,1.5,True,,,,,unavailable,,prefill-facebook-opt-125m-chunk-256-sm-32,success,,,/mnt/data/dheeraj/dicertation/inference-profile/runs/revised-full-20260414-g0-opt125m/raw/points/prefill/prefill-facebook-opt-125m-chunk-256-sm-32.csv
facebook/opt-125m,256,gemm,q_proj,32,1,70.75200229883194,26883584,27276800,393216,393216,1024,2026-04-14T11:53:45Z,baseline_nvml_pt,nvidia-smi,ok,0.0,7.0,1695.0,7601.0,63.6,0.08713600039482117,27.13818359375,27.13818359375,1.5,True,,,,,unavailable,,prefill-facebook-opt-125m-chunk-256-sm-32,success,,,/mnt/data/dheeraj/dicertation/inference-profile/runs/revised-full-20260414-g0-opt125m/raw/points/prefill/prefill-facebook-opt-125m-chunk-256-sm-32.csv
facebook/opt-125m,256,gemm,k_proj,32,1,65.50399959087372,26883584,27276800,393216,393216,1024,2026-04-14T11:53:45Z,baseline_nvml_pt,nvidia-smi,ok,0.0,7.0,1695.0,7601.0,63.6,0.08713600039482117,27.13818359375,27.13818359375,1.5,True,,,,,unavailable,,prefill-facebook-opt-125m-chunk-256-sm-32,success,,,/mnt/data/dheeraj/dicertation/inference-profile/runs/revised-full-20260414-g0-opt125m/raw/points/prefill/prefill-facebook-opt-125m-chunk-256-sm-32.csv
facebook/opt-125m,256,gemm,v_proj,32,1,62.463998794555664,26883584,27276800,393216,393216,1024,2026-04-14T11:53:45Z,baseline_nvml_pt,nvidia-smi,ok,0.0,7.0,1695.0,7601.0,63.6,0.08713600039482117,27.13818359375,27.13818359375,1.5,True,,,,,unavailable,,prefill-facebook-opt-125m-chunk-256-sm-32,success,,,/mnt/data/dheeraj/dicertation/inference-profile/runs/revised-full-20260414-g0-opt125m/raw/points/prefill/prefill-facebook-opt-125m-chunk-256-sm-32.csv
facebook/opt-125m,256,gemm,out_proj,32,1,61.69600039720535,26883584,27276800,393216,393216,1024,2026-04-14T11:53:45Z,baseline_nvml_pt,nvidia-smi,ok,0.0,7.0,1695.0,7601.0,63.6,0.08713600039482117,27.13818359375,27.13818359375,1.5,True,,,,,unavailable,,prefill-facebook-opt-125m-chunk-256-sm-32,success,,,/mnt/data/dheeraj/dicertation/inference-profile/runs/revised-full-20260414-g0-opt125m/raw/points/prefill/prefill-facebook-opt-125m-chunk-256-sm-32.csv
facebook/opt-125m,256,gemm,fc1,32,1,81.91999793052673,26883584,28456448,1572864,1572864,1024,2026-04-14T11:53:45Z,baseline_nvml_pt,nvidia-smi,ok,0.0,7.0,1695.0,7601.0,63.6,0.08713600039482117,27.13818359375,27.13818359375,1.5,True,,,,,unavailable,,prefill-facebook-opt-125m-chunk-256-sm-32,success,,,/mnt/data/dheeraj/dicertation/inference-profile/runs/revised-full-20260414-g0-opt125m/raw/points/prefill/prefill-facebook-opt-125m-chunk-256-sm-32.csv
facebook/opt-125m,256,gemm,fc2,32,1,65.5359998345375,26883584,27276800,393216,393216,1024,2026-04-14T11:53:45Z,baseline_nvml_pt,nvidia-smi,ok,0.0,7.0,1695.0,7601.0,63.6,0.08713600039482117,27.13818359375,27.13818359375,1.5,True,,,,,unavailable,,prefill-facebook-opt-125m-chunk-256-sm-32,success,,,/mnt/data/dheeraj/dicertation/inference-profile/runs/revised-full-20260414-g0-opt125m/raw/points/prefill/prefill-facebook-opt-125m-chunk-256-sm-32.csv
facebook/opt-125m,256,attention,attention,32,1,57.34400078654289,26883584,27290112,406528,393216,1024,2026-04-14T11:53:45Z,baseline_nvml_pt,nvidia-smi,ok,0.0,7.0,1695.0,7601.0,63.6,0.08713600039482117,27.13818359375,27.13818359375,1.5,True,,,,,unavailable,,prefill-facebook-opt-125m-chunk-256-sm-32,success,,,/mnt/data/dheeraj/dicertation/inference-profile/runs/revised-full-20260414-g0-opt125m/raw/points/prefill/prefill-facebook-opt-125m-chunk-256-sm-32.csv
facebook/opt-125m,256,gemm,q_proj,32,2,69.60000097751617,26883584,27276800,393216,393216,1024,2026-04-14T11:53:45Z,baseline_nvml_pt,nvidia-smi,ok,0.0,7.0,1695.0,7601.0,63.6,0.08713600039482117,27.13818359375,27.13818359375,1.5,True,,,,,unavailable,,prefill-facebook-opt-125m-chunk-256-sm-32,success,,,/mnt/data/dheeraj/dicertation/inference-profile/runs/revised-full-20260414-g0-opt125m/raw/points/prefill/prefill-facebook-opt-125m-chunk-256-sm-32.csv
facebook/opt-125m,256,gemm,k_proj,32,2,62.6240000128746,26883584,27276800,393216,393216,1024,2026-04-14T11:53:45Z,baseline_nvml_pt,nvidia-smi,ok,0.0,7.0,1695.0,7601.0,63.6,0.08713600039482117,27.13818359375,27.13818359375,1.5,True,,,,,unavailable,,prefill-facebook-opt-125m-chunk-256-sm-32,success,,,/mnt/data/dheeraj/dicertation/inference-profile/runs/revised-full-20260414-g0-opt125m/raw/points/prefill/prefill-facebook-opt-125m-chunk-256-sm-32.csv
facebook/opt-125m,256,gemm,v_proj,32,2,73.72800260782242,26883584,27276800,393216,393216,1024,2026-04-14T11:53:45Z,baseline_nvml_pt,nvidia-smi,ok,0.0,7.0,1695.0,7601.0,63.6,0.08713600039482117,27.13818359375,27.13818359375,1.5,True,,,,,unavailable,,prefill-facebook-opt-125m-chunk-256-sm-32,success,,,/mnt/data/dheeraj/dicertation/inference-profile/runs/revised-full-20260414-g0-opt125m/raw/points/prefill/prefill-facebook-opt-125m-chunk-256-sm-32.csv
facebook/opt-125m,256,gemm,out_proj,32,2,62.463998794555664,26883584,27276800,393216,393216,1024,2026-04-14T11:53:45Z,baseline_nvml_pt,nvidia-smi,ok,0.0,7.0,1695.0,7601.0,63.6,0.08713600039482117,27.13818359375,27.13818359375,1.5,True,,,,,unavailable,,prefill-facebook-opt-125m-chunk-256-sm-32,success,,,/mnt/data/dheeraj/dicertation/inference-profile/runs/revised-full-20260414-g0-opt125m/raw/points/prefill/prefill-facebook-opt-125m-chunk-256-sm-32.csv
facebook/opt-125m,256,gemm,fc1,32,2,86.01599931716919,26883584,28456448,1572864,1572864,1024,2026-04-14T11:53:45Z,baseline_nvml_pt,nvidia-smi,ok,0.0,7.0,1695.0,7601.0,63.6,0.08713600039482117,27.13818359375,27.13818359375,1.5,True,,,,,unavailable,,prefill-facebook-opt-125m-chunk-256-sm-32,success,,,/mnt/data/dheeraj/dicertation/inference-profile/runs/revised-full-20260414-g0-opt125m/raw/points/prefill/prefill-facebook-opt-125m-chunk-256-sm-32.csv
facebook/opt-125m,256,gemm,fc2,32,2,68.51200014352798,26883584,27276800,393216,393216,1024,2026-04-14T11:53:45Z,baseline_nvml_pt,nvidia-smi,ok,0.0,7.0,1695.0,7601.0,63.6,0.08713600039482117,27.13818359375,27.13818359375,1.5,True,,,,,unavailable,,prefill-facebook-opt-125m-chunk-256-sm-32,success,,,/mnt/data/dheeraj/dicertation/inference-profile/runs/revised-full-20260414-g0-opt125m/raw/points/prefill/prefill-facebook-opt-125m-chunk-256-sm-32.csv
facebook/opt-125m,256,attention,attention,32,2,60.19200012087822,26883584,27290112,406528,393216,1024,2026-04-14T11:53:45Z,baseline_nvml_pt,nvidia-smi,ok,0.0,7.0,1695.0,7601.0,63.6,0.08713600039482117,27.13818359375,27.13818359375,1.5,True,,,,,unavailable,,prefill-facebook-opt-125m-chunk-256-sm-32,success,,,/mnt/data/dheeraj/dicertation/inference-profile/runs/revised-full-20260414-g0-opt125m/raw/points/prefill/prefill-facebook-opt-125m-chunk-256-sm-32.csv
facebook/opt-125m,256,gemm,q_proj,32,3,66.43199920654297,26883584,27276800,393216,393216,1024,2026-04-14T11:53:45Z,baseline_nvml_pt,nvidia-smi,ok,0.0,7.0,1695.0,7601.0,63.6,0.08713600039482117,27.13818359375,27.13818359375,1.5,True,,,,,unavailable,,prefill-facebook-opt-125m-chunk-256-sm-32,success,,,/mnt/data/dheeraj/dicertation/inference-profile/runs/revised-full-20260414-g0-opt125m/raw/points/prefill/prefill-facebook-opt-125m-chunk-256-sm-32.csv
facebook/opt-125m,256,gemm,k_proj,32,3,63.48799914121628,26883584,27276800,393216,393216,1024,2026-04-14T11:53:45Z,baseline_nvml_pt,nvidia-smi,ok,0.0,7.0,1695.0,7601.0,63.6,0.08713600039482117,27.13818359375,27.13818359375,1.5,True,,,,,unavailable,,prefill-facebook-opt-125m-chunk-256-sm-32,success,,,/mnt/data/dheeraj/dicertation/inference-profile/runs/revised-full-20260414-g0-opt125m/raw/points/prefill/prefill-facebook-opt-125m-chunk-256-sm-32.csv
facebook/opt-125m,256,gemm,v_proj,32,3,61.43999844789505,26883584,27276800,393216,393216,1024,2026-04-14T11:53:45Z,baseline_nvml_pt,nvidia-smi,ok,0.0,7.0,1695.0,7601.0,63.6,0.08713600039482117,27.13818359375,27.13818359375,1.5,True,,,,,unavailable,,prefill-facebook-opt-125m-chunk-256-sm-32,success,,,/mnt/data/dheeraj/dicertation/inference-profile/runs/revised-full-20260414-g0-opt125m/raw/points/prefill/prefill-facebook-opt-125m-chunk-256-sm-32.csv
facebook/opt-125m,256,gemm,out_proj,32,3,63.48799914121628,26883584,27276800,393216,393216,1024,2026-04-14T11:53:45Z,baseline_nvml_pt,nvidia-smi,ok,0.0,7.0,1695.0,7601.0,63.6,0.08713600039482117,27.13818359375,27.13818359375,1.5,True,,,,,unavailable,,prefill-facebook-opt-125m-chunk-256-sm-32,success,,,/mnt/data/dheeraj/dicertation/inference-profile/runs/revised-full-20260414-g0-opt125m/raw/points/prefill/prefill-facebook-opt-125m-chunk-256-sm-32.csv
facebook/opt-125m,256,gemm,fc1,32,3,80.89599758386612,26883584,28456448,1572864,1572864,1024,2026-04-14T11:53:45Z,baseline_nvml_pt,nvidia-smi,ok,0.0,7.0,1695.0,7601.0,63.6,0.08713600039482117,27.13818359375,27.13818359375,1.5,True,,,,,unavailable,,prefill-facebook-opt-125m-chunk-256-sm-32,success,,,/mnt/data/dheeraj/dicertation/inference-profile/runs/revised-full-20260414-g0-opt125m/raw/points/prefill/prefill-facebook-opt-125m-chunk-256-sm-32.csv
facebook/opt-125m,256,gemm,fc2,32,3,68.60800087451935,26883584,27276800,393216,393216,1024,2026-04-14T11:53:45Z,baseline_nvml_pt,nvidia-smi,ok,0.0,7.0,1695.0,7601.0,63.6,0.08713600039482117,27.13818359375,27.13818359375,1.5,True,,,,,unavailable,,prefill-facebook-opt-125m-chunk-256-sm-32,success,,,/mnt/data/dheeraj/dicertation/inference-profile/runs/revised-full-20260414-g0-opt125m/raw/points/prefill/prefill-facebook-opt-125m-chunk-256-sm-32.csv
facebook/opt-125m,256,attention,attention,32,3,55.296000093221664,26883584,27290112,406528,393216,1024,2026-04-14T11:53:45Z,baseline_nvml_pt,nvidia-smi,ok,0.0,7.0,1695.0,7601.0,63.6,0.08713600039482117,27.13818359375,27.13818359375,1.5,True,,,,,unavailable,,prefill-facebook-opt-125m-chunk-256-sm-32,success,,,/mnt/data/dheeraj/dicertation/inference-profile/runs/revised-full-20260414-g0-opt125m/raw/points/prefill/prefill-facebook-opt-125m-chunk-256-sm-32.csv
facebook/opt-125m,256,gemm,q_proj,32,4,72.41600006818771,26883584,27276800,393216,393216,1024,2026-04-14T11:53:45Z,baseline_nvml_pt,nvidia-smi,ok,0.0,7.0,1695.0,7601.0,63.6,0.08713600039482117,27.13818359375,27.13818359375,1.5,True,,,,,unavailable,,prefill-facebook-opt-125m-chunk-256-sm-32,success,,,/mnt/data/dheeraj/dicertation/inference-profile/runs/revised-full-20260414-g0-opt125m/raw/points/prefill/prefill-facebook-opt-125m-chunk-256-sm-32.csv
facebook/opt-125m,256,gemm,k_proj,32,4,63.48799914121628,26883584,27276800,393216,393216,1024,2026-04-14T11:53:45Z,baseline_nvml_pt,nvidia-smi,ok,0.0,7.0,1695.0,7601.0,63.6,0.08713600039482117,27.13818359375,27.13818359375,1.5,True,,,,,unavailable,,prefill-facebook-opt-125m-chunk-256-sm-32,success,,,/mnt/data/dheeraj/dicertation/inference-profile/runs/revised-full-20260414-g0-opt125m/raw/points/prefill/prefill-facebook-opt-125m-chunk-256-sm-32.csv
facebook/opt-125m,256,gemm,v_proj,32,4,61.37600168585777,26883584,27276800,393216,393216,1024,2026-04-14T11:53:45Z,baseline_nvml_pt,nvidia-smi,ok,0.0,7.0,1695.0,7601.0,63.6,0.08713600039482117,27.13818359375,27.13818359375,1.5,True,,,,,unavailable,,prefill-facebook-opt-125m-chunk-256-sm-32,success,,,/mnt/data/dheeraj/dicertation/inference-profile/runs/revised-full-20260414-g0-opt125m/raw/points/prefill/prefill-facebook-opt-125m-chunk-256-sm-32.csv
facebook/opt-125m,256,gemm,out_proj,32,4,61.43999844789505,26883584,27276800,393216,393216,1024,2026-04-14T11:53:45Z,baseline_nvml_pt,nvidia-smi,ok,0.0,7.0,1695.0,7601.0,63.6,0.08713600039482117,27.13818359375,27.13818359375,1.5,True,,,,,unavailable,,prefill-facebook-opt-125m-chunk-256-sm-32,success,,,/mnt/data/dheeraj/dicertation/inference-profile/runs/revised-full-20260414-g0-opt125m/raw/points/prefill/prefill-facebook-opt-125m-chunk-256-sm-32.csv
facebook/opt-125m,256,gemm,fc1,32,4,80.83199709653854,26883584,28456448,1572864,1572864,1024,2026-04-14T11:53:45Z,baseline_nvml_pt,nvidia-smi,ok,0.0,7.0,1695.0,7601.0,63.6,0.08713600039482117,27.13818359375,27.13818359375,1.5,True,,,,,unavailable,,prefill-facebook-opt-125m-chunk-256-sm-32,success,,,/mnt/data/dheeraj/dicertation/inference-profile/runs/revised-full-20260414-g0-opt125m/raw/points/prefill/prefill-facebook-opt-125m-chunk-256-sm-32.csv
facebook/opt-125m,256,gemm,fc2,32,4,65.47199934720993,26883584,27276800,393216,393216,1024,2026-04-14T11:53:45Z,baseline_nvml_pt,nvidia-smi,ok,0.0,7.0,1695.0,7601.0,63.6,0.08713600039482117,27.13818359375,27.13818359375,1.5,True,,,,,unavailable,,prefill-facebook-opt-125m-chunk-256-sm-32,success,,,/mnt/data/dheeraj/dicertation/inference-profile/runs/revised-full-20260414-g0-opt125m/raw/points/prefill/prefill-facebook-opt-125m-chunk-256-sm-32.csv
facebook/opt-125m,256,attention,attention,32,4,54.46400120854378,26883584,27290112,406528,393216,1024,2026-04-14T11:53:45Z,baseline_nvml_pt,nvidia-smi,ok,0.0,7.0,1695.0,7601.0,63.6,0.08713600039482117,27.13818359375,27.13818359375,1.5,True,,,,,unavailable,,prefill-facebook-opt-125m-chunk-256-sm-32,success,,,/mnt/data/dheeraj/dicertation/inference-profile/runs/revised-full-20260414-g0-opt125m/raw/points/prefill/prefill-facebook-opt-125m-chunk-256-sm-32.csv
facebook/opt-125m,512,gemm,q_proj,8,0,85.7279971241951,30029312,30815744,786432,786432,1024,2026-04-14T11:53:49Z,baseline_nvml_pt,nvidia-smi,ok,0.0,7.0,1695.0,7601.0,64.12,0.11468800157308578,32.13818359375,32.13818359375,3.5,True,,,,,unavailable,,prefill-facebook-opt-125m-chunk-512-sm-8,success,,,/mnt/data/dheeraj/dicertation/inference-profile/runs/revised-full-20260414-g0-opt125m/raw/points/prefill/prefill-facebook-opt-125m-chunk-512-sm-8.csv
facebook/opt-125m,512,gemm,k_proj,8,0,72.7040022611618,30029312,30815744,786432,786432,1024,2026-04-14T11:53:49Z,baseline_nvml_pt,nvidia-smi,ok,0.0,7.0,1695.0,7601.0,64.12,0.11468800157308578,32.13818359375,32.13818359375,3.5,True,,,,,unavailable,,prefill-facebook-opt-125m-chunk-512-sm-8,success,,,/mnt/data/dheeraj/dicertation/inference-profile/runs/revised-full-20260414-g0-opt125m/raw/points/prefill/prefill-facebook-opt-125m-chunk-512-sm-8.csv
facebook/opt-125m,512,gemm,v_proj,8,0,64.51199948787689,30029312,30815744,786432,786432,1024,2026-04-14T11:53:49Z,baseline_nvml_pt,nvidia-smi,ok,0.0,7.0,1695.0,7601.0,64.12,0.11468800157308578,32.13818359375,32.13818359375,3.5,True,,,,,unavailable,,prefill-facebook-opt-125m-chunk-512-sm-8,success,,,/mnt/data/dheeraj/dicertation/inference-profile/runs/revised-full-20260414-g0-opt125m/raw/points/prefill/prefill-facebook-opt-125m-chunk-512-sm-8.csv
facebook/opt-125m,512,gemm,out_proj,8,0,68.4799998998642,30029312,30815744,786432,786432,1024,2026-04-14T11:53:49Z,baseline_nvml_pt,nvidia-smi,ok,0.0,7.0,1695.0,7601.0,64.12,0.11468800157308578,32.13818359375,32.13818359375,3.5,True,,,,,unavailable,,prefill-facebook-opt-125m-chunk-512-sm-8,success,,,/mnt/data/dheeraj/dicertation/inference-profile/runs/revised-full-20260414-g0-opt125m/raw/points/prefill/prefill-facebook-opt-125m-chunk-512-sm-8.csv
facebook/opt-125m,512,gemm,fc1,8,0,114.68800157308578,30029312,33699328,3670016,3145728,1024,2026-04-14T11:53:49Z,baseline_nvml_pt,nvidia-smi,ok,0.0,7.0,1695.0,7601.0,64.12,0.11468800157308578,32.13818359375,32.13818359375,3.5,True,,,,,unavailable,,prefill-facebook-opt-125m-chunk-512-sm-8,success,,,/mnt/data/dheeraj/dicertation/inference-profile/runs/revised-full-20260414-g0-opt125m/raw/points/prefill/prefill-facebook-opt-125m-chunk-512-sm-8.csv
facebook/opt-125m,512,gemm,fc2,8,0,80.89599758386612,30029312,30815744,786432,786432,1024,2026-04-14T11:53:49Z,baseline_nvml_pt,nvidia-smi,ok,0.0,7.0,1695.0,7601.0,64.12,0.11468800157308578,32.13818359375,32.13818359375,3.5,True,,,,,unavailable,,prefill-facebook-opt-125m-chunk-512-sm-8,success,,,/mnt/data/dheeraj/dicertation/inference-profile/runs/revised-full-20260414-g0-opt125m/raw/points/prefill/prefill-facebook-opt-125m-chunk-512-sm-8.csv
facebook/opt-125m,512,attention,attention,8,0,54.368000477552414,30029312,30841344,812032,786432,1024,2026-04-14T11:53:49Z,baseline_nvml_pt,nvidia-smi,ok,0.0,7.0,1695.0,7601.0,64.12,0.11468800157308578,32.13818359375,32.13818359375,3.5,True,,,,,unavailable,,prefill-facebook-opt-125m-chunk-512-sm-8,success,,,/mnt/data/dheeraj/dicertation/inference-profile/runs/revised-full-20260414-g0-opt125m/raw/points/prefill/prefill-facebook-opt-125m-chunk-512-sm-8.csv
facebook/opt-125m,512,gemm,q_proj,8,1,68.60800087451935,30029312,30815744,786432,786432,1024,2026-04-14T11:53:49Z,baseline_nvml_pt,nvidia-smi,ok,0.0,7.0,1695.0,7601.0,64.12,0.11468800157308578,32.13818359375,32.13818359375,3.5,True,,,,,unavailable,,prefill-facebook-opt-125m-chunk-512-sm-8,success,,,/mnt/data/dheeraj/dicertation/inference-profile/runs/revised-full-20260414-g0-opt125m/raw/points/prefill/prefill-facebook-opt-125m-chunk-512-sm-8.csv
facebook/opt-125m,512,gemm,k_proj,8,1,62.463998794555664,30029312,30815744,786432,786432,1024,2026-04-14T11:53:49Z,baseline_nvml_pt,nvidia-smi,ok,0.0,7.0,1695.0,7601.0,64.12,0.11468800157308578,32.13818359375,32.13818359375,3.5,True,,,,,unavailable,,prefill-facebook-opt-125m-chunk-512-sm-8,success,,,/mnt/data/dheeraj/dicertation/inference-profile/runs/revised-full-20260414-g0-opt125m/raw/points/prefill/prefill-facebook-opt-125m-chunk-512-sm-8.csv
facebook/opt-125m,512,gemm,v_proj,8,1,58.36800113320351,30029312,30815744,786432,786432,1024,2026-04-14T11:53:49Z,baseline_nvml_pt,nvidia-smi,ok,0.0,7.0,1695.0,7601.0,64.12,0.11468800157308578,32.13818359375,32.13818359375,3.5,True,,,,,unavailable,,prefill-facebook-opt-125m-chunk-512-sm-8,success,,,/mnt/data/dheeraj/dicertation/inference-profile/runs/revised-full-20260414-g0-opt125m/raw/points/prefill/prefill-facebook-opt-125m-chunk-512-sm-8.csv
facebook/opt-125m,512,gemm,out_proj,8,1,56.32000043988228,30029312,30815744,786432,786432,1024,2026-04-14T11:53:49Z,baseline_nvml_pt,nvidia-smi,ok,0.0,7.0,1695.0,7601.0,64.12,0.11468800157308578,32.13818359375,32.13818359375,3.5,True,,,,,unavailable,,prefill-facebook-opt-125m-chunk-512-sm-8,success,,,/mnt/data/dheeraj/dicertation/inference-profile/runs/revised-full-20260414-g0-opt125m/raw/points/prefill/prefill-facebook-opt-125m-chunk-512-sm-8.csv
facebook/opt-125m,512,gemm,fc1,8,1,103.67999970912933,30029312,33699328,3670016,3145728,1024,2026-04-14T11:53:49Z,baseline_nvml_pt,nvidia-smi,ok,0.0,7.0,1695.0,7601.0,64.12,0.11468800157308578,32.13818359375,32.13818359375,3.5,True,,,,,unavailable,,prefill-facebook-opt-125m-chunk-512-sm-8,success,,,/mnt/data/dheeraj/dicertation/inference-profile/runs/revised-full-20260414-g0-opt125m/raw/points/prefill/prefill-facebook-opt-125m-chunk-512-sm-8.csv
facebook/opt-125m,512,gemm,fc2,8,1,77.82399654388428,30029312,30815744,786432,786432,1024,2026-04-14T11:53:49Z,baseline_nvml_pt,nvidia-smi,ok,0.0,7.0,1695.0,7601.0,64.12,0.11468800157308578,32.13818359375,32.13818359375,3.5,True,,,,,unavailable,,prefill-facebook-opt-125m-chunk-512-sm-8,success,,,/mnt/data/dheeraj/dicertation/inference-profile/runs/revised-full-20260414-g0-opt125m/raw/points/prefill/prefill-facebook-opt-125m-chunk-512-sm-8.csv
facebook/opt-125m,512,attention,attention,8,1,52.22399905323982,30029312,30841344,812032,786432,1024,2026-04-14T11:53:49Z,baseline_nvml_pt,nvidia-smi,ok,0.0,7.0,1695.0,7601.0,64.12,0.11468800157308578,32.13818359375,32.13818359375,3.5,True,,,,,unavailable,,prefill-facebook-opt-125m-chunk-512-sm-8,success,,,/mnt/data/dheeraj/dicertation/inference-profile/runs/revised-full-20260414-g0-opt125m/raw/points/prefill/prefill-facebook-opt-125m-chunk-512-sm-8.csv
facebook/opt-125m,512,gemm,q_proj,8,2,63.48799914121628,30029312,30815744,786432,786432,1024,2026-04-14T11:53:49Z,baseline_nvml_pt,nvidia-smi,ok,0.0,7.0,1695.0,7601.0,64.12,0.11468800157308578,32.13818359375,32.13818359375,3.5,True,,,,,unavailable,,prefill-facebook-opt-125m-chunk-512-sm-8,success,,,/mnt/data/dheeraj/dicertation/inference-profile/runs/revised-full-20260414-g0-opt125m/raw/points/prefill/prefill-facebook-opt-125m-chunk-512-sm-8.csv
facebook/opt-125m,512,gemm,k_proj,8,2,59.167999774217606,30029312,30815744,786432,786432,1024,2026-04-14T11:53:49Z,baseline_nvml_pt,nvidia-smi,ok,0.0,7.0,1695.0,7601.0,64.12,0.11468800157308578,32.13818359375,32.13818359375,3.5,True,,,,,unavailable,,prefill-facebook-opt-125m-chunk-512-sm-8,success,,,/mnt/data/dheeraj/dicertation/inference-profile/runs/revised-full-20260414-g0-opt125m/raw/points/prefill/prefill-facebook-opt-125m-chunk-512-sm-8.csv
facebook/opt-125m,512,gemm,v_proj,8,2,66.59200042486191,30029312,30815744,786432,786432,1024,2026-04-14T11:53:49Z,baseline_nvml_pt,nvidia-smi,ok,0.0,7.0,1695.0,7601.0,64.12,0.11468800157308578,32.13818359375,32.13818359375,3.5,True,,,,,unavailable,,prefill-facebook-opt-125m-chunk-512-sm-8,success,,,/mnt/data/dheeraj/dicertation/inference-profile/runs/revised-full-20260414-g0-opt125m/raw/points/prefill/prefill-facebook-opt-125m-chunk-512-sm-8.csv
facebook/opt-125m,512,gemm,out_proj,8,2,59.39200147986412,30029312,30815744,786432,786432,1024,2026-04-14T11:53:49Z,baseline_nvml_pt,nvidia-smi,ok,0.0,7.0,1695.0,7601.0,64.12,0.11468800157308578,32.13818359375,32.13818359375,3.5,True,,,,,unavailable,,prefill-facebook-opt-125m-chunk-512-sm-8,success,,,/mnt/data/dheeraj/dicertation/inference-profile/runs/revised-full-20260414-g0-opt125m/raw/points/prefill/prefill-facebook-opt-125m-chunk-512-sm-8.csv
facebook/opt-125m,512,gemm,fc1,8,2,103.35999727249146,30029312,33699328,3670016,3145728,1024,2026-04-14T11:53:49Z,baseline_nvml_pt,nvidia-smi,ok,0.0,7.0,1695.0,7601.0,64.12,0.11468800157308578,32.13818359375,32.13818359375,3.5,True,,,,,unavailable,,prefill-facebook-opt-125m-chunk-512-sm-8,success,,,/mnt/data/dheeraj/dicertation/inference-profile/runs/revised-full-20260414-g0-opt125m/raw/points/prefill/prefill-facebook-opt-125m-chunk-512-sm-8.csv
facebook/opt-125m,512,gemm,fc2,8,2,78.84799689054489,30029312,30815744,786432,786432,1024,2026-04-14T11:53:49Z,baseline_nvml_pt,nvidia-smi,ok,0.0,7.0,1695.0,7601.0,64.12,0.11468800157308578,32.13818359375,32.13818359375,3.5,True,,,,,unavailable,,prefill-facebook-opt-125m-chunk-512-sm-8,success,,,/mnt/data/dheeraj/dicertation/inference-profile/runs/revised-full-20260414-g0-opt125m/raw/points/prefill/prefill-facebook-opt-125m-chunk-512-sm-8.csv
facebook/opt-125m,512,attention,attention,8,2,53.247999399900436,30029312,30841344,812032,786432,1024,2026-04-14T11:53:49Z,baseline_nvml_pt,nvidia-smi,ok,0.0,7.0,1695.0,7601.0,64.12,0.11468800157308578,32.13818359375,32.13818359375,3.5,True,,,,,unavailable,,prefill-facebook-opt-125m-chunk-512-sm-8,success,,,/mnt/data/dheeraj/dicertation/inference-profile/runs/revised-full-20260414-g0-opt125m/raw/points/prefill/prefill-facebook-opt-125m-chunk-512-sm-8.csv
facebook/opt-125m,512,gemm,q_proj,8,3,62.3680017888546,30029312,30815744,786432,786432,1024,2026-04-14T11:53:49Z,baseline_nvml_pt,nvidia-smi,ok,0.0,7.0,1695.0,7601.0,64.12,0.11468800157308578,32.13818359375,32.13818359375,3.5,True,,,,,unavailable,,prefill-facebook-opt-125m-chunk-512-sm-8,success,,,/mnt/data/dheeraj/dicertation/inference-profile/runs/revised-full-20260414-g0-opt125m/raw/points/prefill/prefill-facebook-opt-125m-chunk-512-sm-8.csv
facebook/opt-125m,512,gemm,k_proj,8,3,57.34400078654289,30029312,30815744,786432,786432,1024,2026-04-14T11:53:49Z,baseline_nvml_pt,nvidia-smi,ok,0.0,7.0,1695.0,7601.0,64.12,0.11468800157308578,32.13818359375,32.13818359375,3.5,True,,,,,unavailable,,prefill-facebook-opt-125m-chunk-512-sm-8,success,,,/mnt/data/dheeraj/dicertation/inference-profile/runs/revised-full-20260414-g0-opt125m/raw/points/prefill/prefill-facebook-opt-125m-chunk-512-sm-8.csv
facebook/opt-125m,512,gemm,v_proj,8,3,56.32000043988228,30029312,30815744,786432,786432,1024,2026-04-14T11:53:49Z,baseline_nvml_pt,nvidia-smi,ok,0.0,7.0,1695.0,7601.0,64.12,0.11468800157308578,32.13818359375,32.13818359375,3.5,True,,,,,unavailable,,prefill-facebook-opt-125m-chunk-512-sm-8,success,,,/mnt/data/dheeraj/dicertation/inference-profile/runs/revised-full-20260414-g0-opt125m/raw/points/prefill/prefill-facebook-opt-125m-chunk-512-sm-8.csv
facebook/opt-125m,512,gemm,out_proj,8,3,60.35200133919716,30029312,30815744,786432,786432,1024,2026-04-14T11:53:49Z,baseline_nvml_pt,nvidia-smi,ok,0.0,7.0,1695.0,7601.0,64.12,0.11468800157308578,32.13818359375,32.13818359375,3.5,True,,,,,unavailable,,prefill-facebook-opt-125m-chunk-512-sm-8,success,,,/mnt/data/dheeraj/dicertation/inference-profile/runs/revised-full-20260414-g0-opt125m/raw/points/prefill/prefill-facebook-opt-125m-chunk-512-sm-8.csv
facebook/opt-125m,512,gemm,fc1,8,3,103.42399775981903,30029312,33699328,3670016,3145728,1024,2026-04-14T11:53:49Z,baseline_nvml_pt,nvidia-smi,ok,0.0,7.0,1695.0,7601.0,64.12,0.11468800157308578,32.13818359375,32.13818359375,3.5,True,,,,,unavailable,,prefill-facebook-opt-125m-chunk-512-sm-8,success,,,/mnt/data/dheeraj/dicertation/inference-profile/runs/revised-full-20260414-g0-opt125m/raw/points/prefill/prefill-facebook-opt-125m-chunk-512-sm-8.csv
facebook/opt-125m,512,gemm,fc2,8,3,79.83999699354172,30029312,30815744,786432,786432,1024,2026-04-14T11:53:49Z,baseline_nvml_pt,nvidia-smi,ok,0.0,7.0,1695.0,7601.0,64.12,0.11468800157308578,32.13818359375,32.13818359375,3.5,True,,,,,unavailable,,prefill-facebook-opt-125m-chunk-512-sm-8,success,,,/mnt/data/dheeraj/dicertation/inference-profile/runs/revised-full-20260414-g0-opt125m/raw/points/prefill/prefill-facebook-opt-125m-chunk-512-sm-8.csv
facebook/opt-125m,512,attention,attention,8,3,53.247999399900436,30029312,30841344,812032,786432,1024,2026-04-14T11:53:49Z,baseline_nvml_pt,nvidia-smi,ok,0.0,7.0,1695.0,7601.0,64.12,0.11468800157308578,32.13818359375,32.13818359375,3.5,True,,,,,unavailable,,prefill-facebook-opt-125m-chunk-512-sm-8,success,,,/mnt/data/dheeraj/dicertation/inference-profile/runs/revised-full-20260414-g0-opt125m/raw/points/prefill/prefill-facebook-opt-125m-chunk-512-sm-8.csv
facebook/opt-125m,512,gemm,q_proj,8,4,60.575999319553375,30029312,30815744,786432,786432,1024,2026-04-14T11:53:49Z,baseline_nvml_pt,nvidia-smi,ok,0.0,7.0,1695.0,7601.0,64.12,0.11468800157308578,32.13818359375,32.13818359375,3.5,True,,,,,unavailable,,prefill-facebook-opt-125m-chunk-512-sm-8,success,,,/mnt/data/dheeraj/dicertation/inference-profile/runs/revised-full-20260414-g0-opt125m/raw/points/prefill/prefill-facebook-opt-125m-chunk-512-sm-8.csv
facebook/opt-125m,512,gemm,k_proj,8,4,56.32000043988228,30029312,30815744,786432,786432,1024,2026-04-14T11:53:49Z,baseline_nvml_pt,nvidia-smi,ok,0.0,7.0,1695.0,7601.0,64.12,0.11468800157308578,32.13818359375,32.13818359375,3.5,True,,,,,unavailable,,prefill-facebook-opt-125m-chunk-512-sm-8,success,,,/mnt/data/dheeraj/dicertation/inference-profile/runs/revised-full-20260414-g0-opt125m/raw/points/prefill/prefill-facebook-opt-125m-chunk-512-sm-8.csv
facebook/opt-125m,512,gemm,v_proj,8,4,69.60000097751617,30029312,30815744,786432,786432,1024,2026-04-14T11:53:49Z,baseline_nvml_pt,nvidia-smi,ok,0.0,7.0,1695.0,7601.0,64.12,0.11468800157308578,32.13818359375,32.13818359375,3.5,True,,,,,unavailable,,prefill-facebook-opt-125m-chunk-512-sm-8,success,,,/mnt/data/dheeraj/dicertation/inference-profile/runs/revised-full-20260414-g0-opt125m/raw/points/prefill/prefill-facebook-opt-125m-chunk-512-sm-8.csv
facebook/opt-125m,512,gemm,out_proj,8,4,58.36800113320351,30029312,30815744,786432,786432,1024,2026-04-14T11:53:49Z,baseline_nvml_pt,nvidia-smi,ok,0.0,7.0,1695.0,7601.0,64.12,0.11468800157308578,32.13818359375,32.13818359375,3.5,True,,,,,unavailable,,prefill-facebook-opt-125m-chunk-512-sm-8,success,,,/mnt/data/dheeraj/dicertation/inference-profile/runs/revised-full-20260414-g0-opt125m/raw/points/prefill/prefill-facebook-opt-125m-chunk-512-sm-8.csv
facebook/opt-125m,512,gemm,fc1,8,4,102.49599814414978,30029312,33699328,3670016,3145728,1024,2026-04-14T11:53:49Z,baseline_nvml_pt,nvidia-smi,ok,0.0,7.0,1695.0,7601.0,64.12,0.11468800157308578,32.13818359375,32.13818359375,3.5,True,,,,,unavailable,,prefill-facebook-opt-125m-chunk-512-sm-8,success,,,/mnt/data/dheeraj/dicertation/inference-profile/runs/revised-full-20260414-g0-opt125m/raw/points/prefill/prefill-facebook-opt-125m-chunk-512-sm-8.csv
facebook/opt-125m,512,gemm,fc2,8,4,78.62400263547897,30029312,30815744,786432,786432,1024,2026-04-14T11:53:49Z,baseline_nvml_pt,nvidia-smi,ok,0.0,7.0,1695.0,7601.0,64.12,0.11468800157308578,32.13818359375,32.13818359375,3.5,True,,,,,unavailable,,prefill-facebook-opt-125m-chunk-512-sm-8,success,,,/mnt/data/dheeraj/dicertation/inference-profile/runs/revised-full-20260414-g0-opt125m/raw/points/prefill/prefill-facebook-opt-125m-chunk-512-sm-8.csv
facebook/opt-125m,512,attention,attention,8,4,53.247999399900436,30029312,30841344,812032,786432,1024,2026-04-14T11:53:49Z,baseline_nvml_pt,nvidia-smi,ok,0.0,7.0,1695.0,7601.0,64.12,0.11468800157308578,32.13818359375,32.13818359375,3.5,True,,,,,unavailable,,prefill-facebook-opt-125m-chunk-512-sm-8,success,,,/mnt/data/dheeraj/dicertation/inference-profile/runs/revised-full-20260414-g0-opt125m/raw/points/prefill/prefill-facebook-opt-125m-chunk-512-sm-8.csv
facebook/opt-125m,512,gemm,q_proj,16,0,83.96799862384796,30029312,30815744,786432,786432,1024,2026-04-14T11:53:53Z,baseline_nvml_pt,nvidia-smi,ok,0.0,7.0,1695.0,7601.0,55.19,0.10956799983978271,32.13818359375,32.13818359375,3.5,True,,,,,unavailable,,prefill-facebook-opt-125m-chunk-512-sm-16,success,,,/mnt/data/dheeraj/dicertation/inference-profile/runs/revised-full-20260414-g0-opt125m/raw/points/prefill/prefill-facebook-opt-125m-chunk-512-sm-16.csv
facebook/opt-125m,512,gemm,k_proj,16,0,74.01599735021591,30029312,30815744,786432,786432,1024,2026-04-14T11:53:53Z,baseline_nvml_pt,nvidia-smi,ok,0.0,7.0,1695.0,7601.0,55.19,0.10956799983978271,32.13818359375,32.13818359375,3.5,True,,,,,unavailable,,prefill-facebook-opt-125m-chunk-512-sm-16,success,,,/mnt/data/dheeraj/dicertation/inference-profile/runs/revised-full-20260414-g0-opt125m/raw/points/prefill/prefill-facebook-opt-125m-chunk-512-sm-16.csv
facebook/opt-125m,512,gemm,v_proj,16,0,62.49599903821945,30029312,30815744,786432,786432,1024,2026-04-14T11:53:53Z,baseline_nvml_pt,nvidia-smi,ok,0.0,7.0,1695.0,7601.0,55.19,0.10956799983978271,32.13818359375,32.13818359375,3.5,True,,,,,unavailable,,prefill-facebook-opt-125m-chunk-512-sm-16,success,,,/mnt/data/dheeraj/dicertation/inference-profile/runs/revised-full-20260414-g0-opt125m/raw/points/prefill/prefill-facebook-opt-125m-chunk-512-sm-16.csv
facebook/opt-125m,512,gemm,out_proj,16,0,67.58400052785873,30029312,30815744,786432,786432,1024,2026-04-14T11:53:53Z,baseline_nvml_pt,nvidia-smi,ok,0.0,7.0,1695.0,7601.0,55.19,0.10956799983978271,32.13818359375,32.13818359375,3.5,True,,,,,unavailable,,prefill-facebook-opt-125m-chunk-512-sm-16,success,,,/mnt/data/dheeraj/dicertation/inference-profile/runs/revised-full-20260414-g0-opt125m/raw/points/prefill/prefill-facebook-opt-125m-chunk-512-sm-16.csv
facebook/opt-125m,512,gemm,fc1,16,0,109.56799983978271,30029312,33699328,3670016,3145728,1024,2026-04-14T11:53:53Z,baseline_nvml_pt,nvidia-smi,ok,0.0,7.0,1695.0,7601.0,55.19,0.10956799983978271,32.13818359375,32.13818359375,3.5,True,,,,,unavailable,,prefill-facebook-opt-125m-chunk-512-sm-16,success,,,/mnt/data/dheeraj/dicertation/inference-profile/runs/revised-full-20260414-g0-opt125m/raw/points/prefill/prefill-facebook-opt-125m-chunk-512-sm-16.csv
facebook/opt-125m,512,gemm,fc2,16,0,80.89599758386612,30029312,30815744,786432,786432,1024,2026-04-14T11:53:53Z,baseline_nvml_pt,nvidia-smi,ok,0.0,7.0,1695.0,7601.0,55.19,0.10956799983978271,32.13818359375,32.13818359375,3.5,True,,,,,unavailable,,prefill-facebook-opt-125m-chunk-512-sm-16,success,,,/mnt/data/dheeraj/dicertation/inference-profile/runs/revised-full-20260414-g0-opt125m/raw/points/prefill/prefill-facebook-opt-125m-chunk-512-sm-16.csv
facebook/opt-125m,512,attention,attention,16,0,62.463998794555664,30029312,30841344,812032,786432,1024,2026-04-14T11:53:53Z,baseline_nvml_pt,nvidia-smi,ok,0.0,7.0,1695.0,7601.0,55.19,0.10956799983978271,32.13818359375,32.13818359375,3.5,True,,,,,unavailable,,prefill-facebook-opt-125m-chunk-512-sm-16,success,,,/mnt/data/dheeraj/dicertation/inference-profile/runs/revised-full-20260414-g0-opt125m/raw/points/prefill/prefill-facebook-opt-125m-chunk-512-sm-16.csv
facebook/opt-125m,512,gemm,q_proj,16,1,64.51199948787689,30029312,30815744,786432,786432,1024,2026-04-14T11:53:53Z,baseline_nvml_pt,nvidia-smi,ok,0.0,7.0,1695.0,7601.0,55.19,0.10956799983978271,32.13818359375,32.13818359375,3.5,True,,,,,unavailable,,prefill-facebook-opt-125m-chunk-512-sm-16,success,,,/mnt/data/dheeraj/dicertation/inference-profile/runs/revised-full-20260414-g0-opt125m/raw/points/prefill/prefill-facebook-opt-125m-chunk-512-sm-16.csv
facebook/opt-125m,512,gemm,k_proj,16,1,63.391998410224915,30029312,30815744,786432,786432,1024,2026-04-14T11:53:53Z,baseline_nvml_pt,nvidia-smi,ok,0.0,7.0,1695.0,7601.0,55.19,0.10956799983978271,32.13818359375,32.13818359375,3.5,True,,,,,unavailable,,prefill-facebook-opt-125m-chunk-512-sm-16,success,,,/mnt/data/dheeraj/dicertation/inference-profile/runs/revised-full-20260414-g0-opt125m/raw/points/prefill/prefill-facebook-opt-125m-chunk-512-sm-16.csv
facebook/opt-125m,512,gemm,v_proj,16,1,58.17599967122078,30029312,30815744,786432,786432,1024,2026-04-14T11:53:53Z,baseline_nvml_pt,nvidia-smi,ok,0.0,7.0,1695.0,7601.0,55.19,0.10956799983978271,32.13818359375,32.13818359375,3.5,True,,,,,unavailable,,prefill-facebook-opt-125m-chunk-512-sm-16,success,,,/mnt/data/dheeraj/dicertation/inference-profile/runs/revised-full-20260414-g0-opt125m/raw/points/prefill/prefill-facebook-opt-125m-chunk-512-sm-16.csv
facebook/opt-125m,512,gemm,out_proj,16,1,72.57600128650665,30029312,30815744,786432,786432,1024,2026-04-14T11:53:53Z,baseline_nvml_pt,nvidia-smi,ok,0.0,7.0,1695.0,7601.0,55.19,0.10956799983978271,32.13818359375,32.13818359375,3.5,True,,,,,unavailable,,prefill-facebook-opt-125m-chunk-512-sm-16,success,,,/mnt/data/dheeraj/dicertation/inference-profile/runs/revised-full-20260414-g0-opt125m/raw/points/prefill/prefill-facebook-opt-125m-chunk-512-sm-16.csv
facebook/opt-125m,512,gemm,fc1,16,1,103.16800326108932,30029312,33699328,3670016,3145728,1024,2026-04-14T11:53:53Z,baseline_nvml_pt,nvidia-smi,ok,0.0,7.0,1695.0,7601.0,55.19,0.10956799983978271,32.13818359375,32.13818359375,3.5,True,,,,,unavailable,,prefill-facebook-opt-125m-chunk-512-sm-16,success,,,/mnt/data/dheeraj/dicertation/inference-profile/runs/revised-full-20260414-g0-opt125m/raw/points/prefill/prefill-facebook-opt-125m-chunk-512-sm-16.csv
facebook/opt-125m,512,gemm,fc2,16,1,78.84799689054489,30029312,30815744,786432,786432,1024,2026-04-14T11:53:53Z,baseline_nvml_pt,nvidia-smi,ok,0.0,7.0,1695.0,7601.0,55.19,0.10956799983978271,32.13818359375,32.13818359375,3.5,True,,,,,unavailable,,prefill-facebook-opt-125m-chunk-512-sm-16,success,,,/mnt/data/dheeraj/dicertation/inference-profile/runs/revised-full-20260414-g0-opt125m/raw/points/prefill/prefill-facebook-opt-125m-chunk-512-sm-16.csv
facebook/opt-125m,512,attention,attention,16,1,56.15999922156334,30029312,30841344,812032,786432,1024,2026-04-14T11:53:53Z,baseline_nvml_pt,nvidia-smi,ok,0.0,7.0,1695.0,7601.0,55.19,0.10956799983978271,32.13818359375,32.13818359375,3.5,True,,,,,unavailable,,prefill-facebook-opt-125m-chunk-512-sm-16,success,,,/mnt/data/dheeraj/dicertation/inference-profile/runs/revised-full-20260414-g0-opt125m/raw/points/prefill/prefill-facebook-opt-125m-chunk-512-sm-16.csv
facebook/opt-125m,512,gemm,q_proj,16,2,63.48799914121628,30029312,30815744,786432,786432,1024,2026-04-14T11:53:53Z,baseline_nvml_pt,nvidia-smi,ok,0.0,7.0,1695.0,7601.0,55.19,0.10956799983978271,32.13818359375,32.13818359375,3.5,True,,,,,unavailable,,prefill-facebook-opt-125m-chunk-512-sm-16,success,,,/mnt/data/dheeraj/dicertation/inference-profile/runs/revised-full-20260414-g0-opt125m/raw/points/prefill/prefill-facebook-opt-125m-chunk-512-sm-16.csv
facebook/opt-125m,512,gemm,k_proj,16,2,59.4559982419014,30029312,30815744,786432,786432,1024,2026-04-14T11:53:53Z,baseline_nvml_pt,nvidia-smi,ok,0.0,7.0,1695.0,7601.0,55.19,0.10956799983978271,32.13818359375,32.13818359375,3.5,True,,,,,unavailable,,prefill-facebook-opt-125m-chunk-512-sm-16,success,,,/mnt/data/dheeraj/dicertation/inference-profile/runs/revised-full-20260414-g0-opt125m/raw/points/prefill/prefill-facebook-opt-125m-chunk-512-sm-16.csv
facebook/opt-125m,512,gemm,v_proj,16,2,80.89599758386612,30029312,30815744,786432,786432,1024,2026-04-14T11:53:53Z,baseline_nvml_pt,nvidia-smi,ok,0.0,7.0,1695.0,7601.0,55.19,0.10956799983978271,32.13818359375,32.13818359375,3.5,True,,,,,unavailable,,prefill-facebook-opt-125m-chunk-512-sm-16,success,,,/mnt/data/dheeraj/dicertation/inference-profile/runs/revised-full-20260414-g0-opt125m/raw/points/prefill/prefill-facebook-opt-125m-chunk-512-sm-16.csv
facebook/opt-125m,512,gemm,out_proj,16,2,58.6559996008873,30029312,30815744,786432,786432,1024,2026-04-14T11:53:53Z,baseline_nvml_pt,nvidia-smi,ok,0.0,7.0,1695.0,7601.0,55.19,0.10956799983978271,32.13818359375,32.13818359375,3.5,True,,,,,unavailable,,prefill-facebook-opt-125m-chunk-512-sm-16,success,,,/mnt/data/dheeraj/dicertation/inference-profile/runs/revised-full-20260414-g0-opt125m/raw/points/prefill/prefill-facebook-opt-125m-chunk-512-sm-16.csv
facebook/opt-125m,512,gemm,fc1,16,2,108.5439994931221,30029312,33699328,3670016,3145728,1024,2026-04-14T11:53:53Z,baseline_nvml_pt,nvidia-smi,ok,0.0,7.0,1695.0,7601.0,55.19,0.10956799983978271,32.13818359375,32.13818359375,3.5,True,,,,,unavailable,,prefill-facebook-opt-125m-chunk-512-sm-16,success,,,/mnt/data/dheeraj/dicertation/inference-profile/runs/revised-full-20260414-g0-opt125m/raw/points/prefill/prefill-facebook-opt-125m-chunk-512-sm-16.csv
facebook/opt-125m,512,gemm,fc2,16,2,83.96799862384796,30029312,30815744,786432,786432,1024,2026-04-14T11:53:53Z,baseline_nvml_pt,nvidia-smi,ok,0.0,7.0,1695.0,7601.0,55.19,0.10956799983978271,32.13818359375,32.13818359375,3.5,True,,,,,unavailable,,prefill-facebook-opt-125m-chunk-512-sm-16,success,,,/mnt/data/dheeraj/dicertation/inference-profile/runs/revised-full-20260414-g0-opt125m/raw/points/prefill/prefill-facebook-opt-125m-chunk-512-sm-16.csv
facebook/opt-125m,512,attention,attention,16,2,61.43999844789505,30029312,30841344,812032,786432,1024,2026-04-14T11:53:53Z,baseline_nvml_pt,nvidia-smi,ok,0.0,7.0,1695.0,7601.0,55.19,0.10956799983978271,32.13818359375,32.13818359375,3.5,True,,,,,unavailable,,prefill-facebook-opt-125m-chunk-512-sm-16,success,,,/mnt/data/dheeraj/dicertation/inference-profile/runs/revised-full-20260414-g0-opt125m/raw/points/prefill/prefill-facebook-opt-125m-chunk-512-sm-16.csv
facebook/opt-125m,512,gemm,q_proj,16,3,60.575999319553375,30029312,30815744,786432,786432,1024,2026-04-14T11:53:53Z,baseline_nvml_pt,nvidia-smi,ok,0.0,7.0,1695.0,7601.0,55.19,0.10956799983978271,32.13818359375,32.13818359375,3.5,True,,,,,unavailable,,prefill-facebook-opt-125m-chunk-512-sm-16,success,,,/mnt/data/dheeraj/dicertation/inference-profile/runs/revised-full-20260414-g0-opt125m/raw/points/prefill/prefill-facebook-opt-125m-chunk-512-sm-16.csv
facebook/opt-125m,512,gemm,k_proj,16,3,59.39200147986412,30029312,30815744,786432,786432,1024,2026-04-14T11:53:53Z,baseline_nvml_pt,nvidia-smi,ok,0.0,7.0,1695.0,7601.0,55.19,0.10956799983978271,32.13818359375,32.13818359375,3.5,True,,,,,unavailable,,prefill-facebook-opt-125m-chunk-512-sm-16,success,,,/mnt/data/dheeraj/dicertation/inference-profile/runs/revised-full-20260414-g0-opt125m/raw/points/prefill/prefill-facebook-opt-125m-chunk-512-sm-16.csv
facebook/opt-125m,512,gemm,v_proj,16,3,57.34400078654289,30029312,30815744,786432,786432,1024,2026-04-14T11:53:53Z,baseline_nvml_pt,nvidia-smi,ok,0.0,7.0,1695.0,7601.0,55.19,0.10956799983978271,32.13818359375,32.13818359375,3.5,True,,,,,unavailable,,prefill-facebook-opt-125m-chunk-512-sm-16,success,,,/mnt/data/dheeraj/dicertation/inference-profile/runs/revised-full-20260414-g0-opt125m/raw/points/prefill/prefill-facebook-opt-125m-chunk-512-sm-16.csv
facebook/opt-125m,512,gemm,out_proj,16,3,57.34400078654289,30029312,30815744,786432,786432,1024,2026-04-14T11:53:53Z,baseline_nvml_pt,nvidia-smi,ok,0.0,7.0,1695.0,7601.0,55.19,0.10956799983978271,32.13818359375,32.13818359375,3.5,True,,,,,unavailable,,prefill-facebook-opt-125m-chunk-512-sm-16,success,,,/mnt/data/dheeraj/dicertation/inference-profile/runs/revised-full-20260414-g0-opt125m/raw/points/prefill/prefill-facebook-opt-125m-chunk-512-sm-16.csv
facebook/opt-125m,512,gemm,fc1,16,3,103.42399775981903,30029312,33699328,3670016,3145728,1024,2026-04-14T11:53:53Z,baseline_nvml_pt,nvidia-smi,ok,0.0,7.0,1695.0,7601.0,55.19,0.10956799983978271,32.13818359375,32.13818359375,3.5,True,,,,,unavailable,,prefill-facebook-opt-125m-chunk-512-sm-16,success,,,/mnt/data/dheeraj/dicertation/inference-profile/runs/revised-full-20260414-g0-opt125m/raw/points/prefill/prefill-facebook-opt-125m-chunk-512-sm-16.csv
facebook/opt-125m,512,gemm,fc2,16,3,80.89599758386612,30029312,30815744,786432,786432,1024,2026-04-14T11:53:53Z,baseline_nvml_pt,nvidia-smi,ok,0.0,7.0,1695.0,7601.0,55.19,0.10956799983978271,32.13818359375,32.13818359375,3.5,True,,,,,unavailable,,prefill-facebook-opt-125m-chunk-512-sm-16,success,,,/mnt/data/dheeraj/dicertation/inference-profile/runs/revised-full-20260414-g0-opt125m/raw/points/prefill/prefill-facebook-opt-125m-chunk-512-sm-16.csv
facebook/opt-125m,512,attention,attention,16,3,53.119998425245285,30029312,30841344,812032,786432,1024,2026-04-14T11:53:53Z,baseline_nvml_pt,nvidia-smi,ok,0.0,7.0,1695.0,7601.0,55.19,0.10956799983978271,32.13818359375,32.13818359375,3.5,True,,,,,unavailable,,prefill-facebook-opt-125m-chunk-512-sm-16,success,,,/mnt/data/dheeraj/dicertation/inference-profile/runs/revised-full-20260414-g0-opt125m/raw/points/prefill/prefill-facebook-opt-125m-chunk-512-sm-16.csv
facebook/opt-125m,512,gemm,q_proj,16,4,59.39200147986412,30029312,30815744,786432,786432,1024,2026-04-14T11:53:53Z,baseline_nvml_pt,nvidia-smi,ok,0.0,7.0,1695.0,7601.0,55.19,0.10956799983978271,32.13818359375,32.13818359375,3.5,True,,,,,unavailable,,prefill-facebook-opt-125m-chunk-512-sm-16,success,,,/mnt/data/dheeraj/dicertation/inference-profile/runs/revised-full-20260414-g0-opt125m/raw/points/prefill/prefill-facebook-opt-125m-chunk-512-sm-16.csv
facebook/opt-125m,512,gemm,k_proj,16,4,59.39200147986412,30029312,30815744,786432,786432,1024,2026-04-14T11:53:53Z,baseline_nvml_pt,nvidia-smi,ok,0.0,7.0,1695.0,7601.0,55.19,0.10956799983978271,32.13818359375,32.13818359375,3.5,True,,,,,unavailable,,prefill-facebook-opt-125m-chunk-512-sm-16,success,,,/mnt/data/dheeraj/dicertation/inference-profile/runs/revised-full-20260414-g0-opt125m/raw/points/prefill/prefill-facebook-opt-125m-chunk-512-sm-16.csv
facebook/opt-125m,512,gemm,v_proj,16,4,58.36800113320351,30029312,30815744,786432,786432,1024,2026-04-14T11:53:53Z,baseline_nvml_pt,nvidia-smi,ok,0.0,7.0,1695.0,7601.0,55.19,0.10956799983978271,32.13818359375,32.13818359375,3.5,True,,,,,unavailable,,prefill-facebook-opt-125m-chunk-512-sm-16,success,,,/mnt/data/dheeraj/dicertation/inference-profile/runs/revised-full-20260414-g0-opt125m/raw/points/prefill/prefill-facebook-opt-125m-chunk-512-sm-16.csv
facebook/opt-125m,512,gemm,out_proj,16,4,57.34400078654289,30029312,30815744,786432,786432,1024,2026-04-14T11:53:53Z,baseline_nvml_pt,nvidia-smi,ok,0.0,7.0,1695.0,7601.0,55.19,0.10956799983978271,32.13818359375,32.13818359375,3.5,True,,,,,unavailable,,prefill-facebook-opt-125m-chunk-512-sm-16,success,,,/mnt/data/dheeraj/dicertation/inference-profile/runs/revised-full-20260414-g0-opt125m/raw/points/prefill/prefill-facebook-opt-125m-chunk-512-sm-16.csv
facebook/opt-125m,512,gemm,fc1,16,4,102.4319976568222,30029312,33699328,3670016,3145728,1024,2026-04-14T11:53:53Z,baseline_nvml_pt,nvidia-smi,ok,0.0,7.0,1695.0,7601.0,55.19,0.10956799983978271,32.13818359375,32.13818359375,3.5,True,,,,,unavailable,,prefill-facebook-opt-125m-chunk-512-sm-16,success,,,/mnt/data/dheeraj/dicertation/inference-profile/runs/revised-full-20260414-g0-opt125m/raw/points/prefill/prefill-facebook-opt-125m-chunk-512-sm-16.csv
facebook/opt-125m,512,gemm,fc2,16,4,79.80799674987793,30029312,30815744,786432,786432,1024,2026-04-14T11:53:53Z,baseline_nvml_pt,nvidia-smi,ok,0.0,7.0,1695.0,7601.0,55.19,0.10956799983978271,32.13818359375,32.13818359375,3.5,True,,,,,unavailable,,prefill-facebook-opt-125m-chunk-512-sm-16,success,,,/mnt/data/dheeraj/dicertation/inference-profile/runs/revised-full-20260414-g0-opt125m/raw/points/prefill/prefill-facebook-opt-125m-chunk-512-sm-16.csv
facebook/opt-125m,512,attention,attention,16,4,53.247999399900436,30029312,30841344,812032,786432,1024,2026-04-14T11:53:53Z,baseline_nvml_pt,nvidia-smi,ok,0.0,7.0,1695.0,7601.0,55.19,0.10956799983978271,32.13818359375,32.13818359375,3.5,True,,,,,unavailable,,prefill-facebook-opt-125m-chunk-512-sm-16,success,,,/mnt/data/dheeraj/dicertation/inference-profile/runs/revised-full-20260414-g0-opt125m/raw/points/prefill/prefill-facebook-opt-125m-chunk-512-sm-16.csv
facebook/opt-125m,512,gemm,q_proj,24,0,88.28800171613693,30029312,30815744,786432,786432,1024,2026-04-14T11:53:57Z,baseline_nvml_pt,nvidia-smi,ok,2.0,7.0,1695.0,7601.0,54.04,0.11059200018644333,32.13818359375,32.13818359375,3.5,True,,,,,unavailable,,prefill-facebook-opt-125m-chunk-512-sm-24,success,,,/mnt/data/dheeraj/dicertation/inference-profile/runs/revised-full-20260414-g0-opt125m/raw/points/prefill/prefill-facebook-opt-125m-chunk-512-sm-24.csv
facebook/opt-125m,512,gemm,k_proj,24,0,75.96799731254578,30029312,30815744,786432,786432,1024,2026-04-14T11:53:57Z,baseline_nvml_pt,nvidia-smi,ok,2.0,7.0,1695.0,7601.0,54.04,0.11059200018644333,32.13818359375,32.13818359375,3.5,True,,,,,unavailable,,prefill-facebook-opt-125m-chunk-512-sm-24,success,,,/mnt/data/dheeraj/dicertation/inference-profile/runs/revised-full-20260414-g0-opt125m/raw/points/prefill/prefill-facebook-opt-125m-chunk-512-sm-24.csv
facebook/opt-125m,512,gemm,v_proj,24,0,65.69600105285645,30029312,30815744,786432,786432,1024,2026-04-14T11:53:57Z,baseline_nvml_pt,nvidia-smi,ok,2.0,7.0,1695.0,7601.0,54.04,0.11059200018644333,32.13818359375,32.13818359375,3.5,True,,,,,unavailable,,prefill-facebook-opt-125m-chunk-512-sm-24,success,,,/mnt/data/dheeraj/dicertation/inference-profile/runs/revised-full-20260414-g0-opt125m/raw/points/prefill/prefill-facebook-opt-125m-chunk-512-sm-24.csv
facebook/opt-125m,512,gemm,out_proj,24,0,75.77600330114365,30029312,30815744,786432,786432,1024,2026-04-14T11:53:57Z,baseline_nvml_pt,nvidia-smi,ok,2.0,7.0,1695.0,7601.0,54.04,0.11059200018644333,32.13818359375,32.13818359375,3.5,True,,,,,unavailable,,prefill-facebook-opt-125m-chunk-512-sm-24,success,,,/mnt/data/dheeraj/dicertation/inference-profile/runs/revised-full-20260414-g0-opt125m/raw/points/prefill/prefill-facebook-opt-125m-chunk-512-sm-24.csv
facebook/opt-125m,512,gemm,fc1,24,0,110.59200018644333,30029312,33699328,3670016,3145728,1024,2026-04-14T11:53:57Z,baseline_nvml_pt,nvidia-smi,ok,2.0,7.0,1695.0,7601.0,54.04,0.11059200018644333,32.13818359375,32.13818359375,3.5,True,,,,,unavailable,,prefill-facebook-opt-125m-chunk-512-sm-24,success,,,/mnt/data/dheeraj/dicertation/inference-profile/runs/revised-full-20260414-g0-opt125m/raw/points/prefill/prefill-facebook-opt-125m-chunk-512-sm-24.csv
facebook/opt-125m,512,gemm,fc2,24,0,82.94399827718735,30029312,30815744,786432,786432,1024,2026-04-14T11:53:57Z,baseline_nvml_pt,nvidia-smi,ok,2.0,7.0,1695.0,7601.0,54.04,0.11059200018644333,32.13818359375,32.13818359375,3.5,True,,,,,unavailable,,prefill-facebook-opt-125m-chunk-512-sm-24,success,,,/mnt/data/dheeraj/dicertation/inference-profile/runs/revised-full-20260414-g0-opt125m/raw/points/prefill/prefill-facebook-opt-125m-chunk-512-sm-24.csv
facebook/opt-125m,512,attention,attention,24,0,59.39200147986412,30029312,30841344,812032,786432,1024,2026-04-14T11:53:57Z,baseline_nvml_pt,nvidia-smi,ok,2.0,7.0,1695.0,7601.0,54.04,0.11059200018644333,32.13818359375,32.13818359375,3.5,True,,,,,unavailable,,prefill-facebook-opt-125m-chunk-512-sm-24,success,,,/mnt/data/dheeraj/dicertation/inference-profile/runs/revised-full-20260414-g0-opt125m/raw/points/prefill/prefill-facebook-opt-125m-chunk-512-sm-24.csv
facebook/opt-125m,512,gemm,q_proj,24,1,66.56000018119812,30029312,30815744,786432,786432,1024,2026-04-14T11:53:57Z,baseline_nvml_pt,nvidia-smi,ok,2.0,7.0,1695.0,7601.0,54.04,0.11059200018644333,32.13818359375,32.13818359375,3.5,True,,,,,unavailable,,prefill-facebook-opt-125m-chunk-512-sm-24,success,,,/mnt/data/dheeraj/dicertation/inference-profile/runs/revised-full-20260414-g0-opt125m/raw/points/prefill/prefill-facebook-opt-125m-chunk-512-sm-24.csv
facebook/opt-125m,512,gemm,k_proj,24,1,64.38399851322174,30029312,30815744,786432,786432,1024,2026-04-14T11:53:57Z,baseline_nvml_pt,nvidia-smi,ok,2.0,7.0,1695.0,7601.0,54.04,0.11059200018644333,32.13818359375,32.13818359375,3.5,True,,,,,unavailable,,prefill-facebook-opt-125m-chunk-512-sm-24,success,,,/mnt/data/dheeraj/dicertation/inference-profile/runs/revised-full-20260414-g0-opt125m/raw/points/prefill/prefill-facebook-opt-125m-chunk-512-sm-24.csv
facebook/opt-125m,512,gemm,v_proj,24,1,62.20800057053566,30029312,30815744,786432,786432,1024,2026-04-14T11:53:57Z,baseline_nvml_pt,nvidia-smi,ok,2.0,7.0,1695.0,7601.0,54.04,0.11059200018644333,32.13818359375,32.13818359375,3.5,True,,,,,unavailable,,prefill-facebook-opt-125m-chunk-512-sm-24,success,,,/mnt/data/dheeraj/dicertation/inference-profile/runs/revised-full-20260414-g0-opt125m/raw/points/prefill/prefill-facebook-opt-125m-chunk-512-sm-24.csv
facebook/opt-125m,512,gemm,out_proj,24,1,60.575999319553375,30029312,30815744,786432,786432,1024,2026-04-14T11:53:57Z,baseline_nvml_pt,nvidia-smi,ok,2.0,7.0,1695.0,7601.0,54.04,0.11059200018644333,32.13818359375,32.13818359375,3.5,True,,,,,unavailable,,prefill-facebook-opt-125m-chunk-512-sm-24,success,,,/mnt/data/dheeraj/dicertation/inference-profile/runs/revised-full-20260414-g0-opt125m/raw/points/prefill/prefill-facebook-opt-125m-chunk-512-sm-24.csv
facebook/opt-125m,512,gemm,fc1,24,1,104.22399640083313,30029312,33699328,3670016,3145728,1024,2026-04-14T11:53:57Z,baseline_nvml_pt,nvidia-smi,ok,2.0,7.0,1695.0,7601.0,54.04,0.11059200018644333,32.13818359375,32.13818359375,3.5,True,,,,,unavailable,,prefill-facebook-opt-125m-chunk-512-sm-24,success,,,/mnt/data/dheeraj/dicertation/inference-profile/runs/revised-full-20260414-g0-opt125m/raw/points/prefill/prefill-facebook-opt-125m-chunk-512-sm-24.csv
facebook/opt-125m,512,gemm,fc2,24,1,79.99999821186066,30029312,30815744,786432,786432,1024,2026-04-14T11:53:57Z,baseline_nvml_pt,nvidia-smi,ok,2.0,7.0,1695.0,7601.0,54.04,0.11059200018644333,32.13818359375,32.13818359375,3.5,True,,,,,unavailable,,prefill-facebook-opt-125m-chunk-512-sm-24,success,,,/mnt/data/dheeraj/dicertation/inference-profile/runs/revised-full-20260414-g0-opt125m/raw/points/prefill/prefill-facebook-opt-125m-chunk-512-sm-24.csv
facebook/opt-125m,512,attention,attention,24,1,56.352000683546066,30029312,30841344,812032,786432,1024,2026-04-14T11:53:57Z,baseline_nvml_pt,nvidia-smi,ok,2.0,7.0,1695.0,7601.0,54.04,0.11059200018644333,32.13818359375,32.13818359375,3.5,True,,,,,unavailable,,prefill-facebook-opt-125m-chunk-512-sm-24,success,,,/mnt/data/dheeraj/dicertation/inference-profile/runs/revised-full-20260414-g0-opt125m/raw/points/prefill/prefill-facebook-opt-125m-chunk-512-sm-24.csv
facebook/opt-125m,512,gemm,q_proj,24,2,63.77600133419037,30029312,30815744,786432,786432,1024,2026-04-14T11:53:57Z,baseline_nvml_pt,nvidia-smi,ok,2.0,7.0,1695.0,7601.0,54.04,0.11059200018644333,32.13818359375,32.13818359375,3.5,True,,,,,unavailable,,prefill-facebook-opt-125m-chunk-512-sm-24,success,,,/mnt/data/dheeraj/dicertation/inference-profile/runs/revised-full-20260414-g0-opt125m/raw/points/prefill/prefill-facebook-opt-125m-chunk-512-sm-24.csv
facebook/opt-125m,512,gemm,k_proj,24,2,61.43999844789505,30029312,30815744,786432,786432,1024,2026-04-14T11:53:57Z,baseline_nvml_pt,nvidia-smi,ok,2.0,7.0,1695.0,7601.0,54.04,0.11059200018644333,32.13818359375,32.13818359375,3.5,True,,,,,unavailable,,prefill-facebook-opt-125m-chunk-512-sm-24,success,,,/mnt/data/dheeraj/dicertation/inference-profile/runs/revised-full-20260414-g0-opt125m/raw/points/prefill/prefill-facebook-opt-125m-chunk-512-sm-24.csv
facebook/opt-125m,512,gemm,v_proj,24,2,69.60000097751617,30029312,30815744,786432,786432,1024,2026-04-14T11:53:57Z,baseline_nvml_pt,nvidia-smi,ok,2.0,7.0,1695.0,7601.0,54.04,0.11059200018644333,32.13818359375,32.13818359375,3.5,True,,,,,unavailable,,prefill-facebook-opt-125m-chunk-512-sm-24,success,,,/mnt/data/dheeraj/dicertation/inference-profile/runs/revised-full-20260414-g0-opt125m/raw/points/prefill/prefill-facebook-opt-125m-chunk-512-sm-24.csv
facebook/opt-125m,512,gemm,out_proj,24,2,60.416001826524734,30029312,30815744,786432,786432,1024,2026-04-14T11:53:57Z,baseline_nvml_pt,nvidia-smi,ok,2.0,7.0,1695.0,7601.0,54.04,0.11059200018644333,32.13818359375,32.13818359375,3.5,True,,,,,unavailable,,prefill-facebook-opt-125m-chunk-512-sm-24,success,,,/mnt/data/dheeraj/dicertation/inference-profile/runs/revised-full-20260414-g0-opt125m/raw/points/prefill/prefill-facebook-opt-125m-chunk-512-sm-24.csv
facebook/opt-125m,512,gemm,fc1,24,2,105.47199845314026,30029312,33699328,3670016,3145728,1024,2026-04-14T11:53:57Z,baseline_nvml_pt,nvidia-smi,ok,2.0,7.0,1695.0,7601.0,54.04,0.11059200018644333,32.13818359375,32.13818359375,3.5,True,,,,,unavailable,,prefill-facebook-opt-125m-chunk-512-sm-24,success,,,/mnt/data/dheeraj/dicertation/inference-profile/runs/revised-full-20260414-g0-opt125m/raw/points/prefill/prefill-facebook-opt-125m-chunk-512-sm-24.csv
facebook/opt-125m,512,gemm,fc2,24,2,81.66400343179703,30029312,30815744,786432,786432,1024,2026-04-14T11:53:57Z,baseline_nvml_pt,nvidia-smi,ok,2.0,7.0,1695.0,7601.0,54.04,0.11059200018644333,32.13818359375,32.13818359375,3.5,True,,,,,unavailable,,prefill-facebook-opt-125m-chunk-512-sm-24,success,,,/mnt/data/dheeraj/dicertation/inference-profile/runs/revised-full-20260414-g0-opt125m/raw/points/prefill/prefill-facebook-opt-125m-chunk-512-sm-24.csv
facebook/opt-125m,512,attention,attention,24,2,56.32000043988228,30029312,30841344,812032,786432,1024,2026-04-14T11:53:57Z,baseline_nvml_pt,nvidia-smi,ok,2.0,7.0,1695.0,7601.0,54.04,0.11059200018644333,32.13818359375,32.13818359375,3.5,True,,,,,unavailable,,prefill-facebook-opt-125m-chunk-512-sm-24,success,,,/mnt/data/dheeraj/dicertation/inference-profile/runs/revised-full-20260414-g0-opt125m/raw/points/prefill/prefill-facebook-opt-125m-chunk-512-sm-24.csv
facebook/opt-125m,512,gemm,q_proj,24,3,65.5359998345375,30029312,30815744,786432,786432,1024,2026-04-14T11:53:57Z,baseline_nvml_pt,nvidia-smi,ok,2.0,7.0,1695.0,7601.0,54.04,0.11059200018644333,32.13818359375,32.13818359375,3.5,True,,,,,unavailable,,prefill-facebook-opt-125m-chunk-512-sm-24,success,,,/mnt/data/dheeraj/dicertation/inference-profile/runs/revised-full-20260414-g0-opt125m/raw/points/prefill/prefill-facebook-opt-125m-chunk-512-sm-24.csv
facebook/opt-125m,512,gemm,k_proj,24,3,58.36800113320351,30029312,30815744,786432,786432,1024,2026-04-14T11:53:57Z,baseline_nvml_pt,nvidia-smi,ok,2.0,7.0,1695.0,7601.0,54.04,0.11059200018644333,32.13818359375,32.13818359375,3.5,True,,,,,unavailable,,prefill-facebook-opt-125m-chunk-512-sm-24,success,,,/mnt/data/dheeraj/dicertation/inference-profile/runs/revised-full-20260414-g0-opt125m/raw/points/prefill/prefill-facebook-opt-125m-chunk-512-sm-24.csv
facebook/opt-125m,512,gemm,v_proj,24,3,57.34400078654289,30029312,30815744,786432,786432,1024,2026-04-14T11:53:57Z,baseline_nvml_pt,nvidia-smi,ok,2.0,7.0,1695.0,7601.0,54.04,0.11059200018644333,32.13818359375,32.13818359375,3.5,True,,,,,unavailable,,prefill-facebook-opt-125m-chunk-512-sm-24,success,,,/mnt/data/dheeraj/dicertation/inference-profile/runs/revised-full-20260414-g0-opt125m/raw/points/prefill/prefill-facebook-opt-125m-chunk-512-sm-24.csv
facebook/opt-125m,512,gemm,out_proj,24,3,60.32000109553337,30029312,30815744,786432,786432,1024,2026-04-14T11:53:57Z,baseline_nvml_pt,nvidia-smi,ok,2.0,7.0,1695.0,7601.0,54.04,0.11059200018644333,32.13818359375,32.13818359375,3.5,True,,,,,unavailable,,prefill-facebook-opt-125m-chunk-512-sm-24,success,,,/mnt/data/dheeraj/dicertation/inference-profile/runs/revised-full-20260414-g0-opt125m/raw/points/prefill/prefill-facebook-opt-125m-chunk-512-sm-24.csv
facebook/opt-125m,512,gemm,fc1,24,3,105.47199845314026,30029312,33699328,3670016,3145728,1024,2026-04-14T11:53:57Z,baseline_nvml_pt,nvidia-smi,ok,2.0,7.0,1695.0,7601.0,54.04,0.11059200018644333,32.13818359375,32.13818359375,3.5,True,,,,,unavailable,,prefill-facebook-opt-125m-chunk-512-sm-24,success,,,/mnt/data/dheeraj/dicertation/inference-profile/runs/revised-full-20260414-g0-opt125m/raw/points/prefill/prefill-facebook-opt-125m-chunk-512-sm-24.csv
facebook/opt-125m,512,gemm,fc2,24,3,81.88799768686295,30029312,30815744,786432,786432,1024,2026-04-14T11:53:57Z,baseline_nvml_pt,nvidia-smi,ok,2.0,7.0,1695.0,7601.0,54.04,0.11059200018644333,32.13818359375,32.13818359375,3.5,True,,,,,unavailable,,prefill-facebook-opt-125m-chunk-512-sm-24,success,,,/mnt/data/dheeraj/dicertation/inference-profile/runs/revised-full-20260414-g0-opt125m/raw/points/prefill/prefill-facebook-opt-125m-chunk-512-sm-24.csv
facebook/opt-125m,512,attention,attention,24,3,54.27199974656105,30029312,30841344,812032,786432,1024,2026-04-14T11:53:57Z,baseline_nvml_pt,nvidia-smi,ok,2.0,7.0,1695.0,7601.0,54.04,0.11059200018644333,32.13818359375,32.13818359375,3.5,True,,,,,unavailable,,prefill-facebook-opt-125m-chunk-512-sm-24,success,,,/mnt/data/dheeraj/dicertation/inference-profile/runs/revised-full-20260414-g0-opt125m/raw/points/prefill/prefill-facebook-opt-125m-chunk-512-sm-24.csv
facebook/opt-125m,512,gemm,q_proj,24,4,62.72000074386597,30029312,30815744,786432,786432,1024,2026-04-14T11:53:57Z,baseline_nvml_pt,nvidia-smi,ok,2.0,7.0,1695.0,7601.0,54.04,0.11059200018644333,32.13818359375,32.13818359375,3.5,True,,,,,unavailable,,prefill-facebook-opt-125m-chunk-512-sm-24,success,,,/mnt/data/dheeraj/dicertation/inference-profile/runs/revised-full-20260414-g0-opt125m/raw/points/prefill/prefill-facebook-opt-125m-chunk-512-sm-24.csv
facebook/opt-125m,512,gemm,k_proj,24,4,58.52799862623215,30029312,30815744,786432,786432,1024,2026-04-14T11:53:57Z,baseline_nvml_pt,nvidia-smi,ok,2.0,7.0,1695.0,7601.0,54.04,0.11059200018644333,32.13818359375,32.13818359375,3.5,True,,,,,unavailable,,prefill-facebook-opt-125m-chunk-512-sm-24,success,,,/mnt/data/dheeraj/dicertation/inference-profile/runs/revised-full-20260414-g0-opt125m/raw/points/prefill/prefill-facebook-opt-125m-chunk-512-sm-24.csv
facebook/opt-125m,512,gemm,v_proj,24,4,58.14399942755699,30029312,30815744,786432,786432,1024,2026-04-14T11:53:57Z,baseline_nvml_pt,nvidia-smi,ok,2.0,7.0,1695.0,7601.0,54.04,0.11059200018644333,32.13818359375,32.13818359375,3.5,True,,,,,unavailable,,prefill-facebook-opt-125m-chunk-512-sm-24,success,,,/mnt/data/dheeraj/dicertation/inference-profile/runs/revised-full-20260414-g0-opt125m/raw/points/prefill/prefill-facebook-opt-125m-chunk-512-sm-24.csv
facebook/opt-125m,512,gemm,out_proj,24,4,68.60800087451935,30029312,30815744,786432,786432,1024,2026-04-14T11:53:57Z,baseline_nvml_pt,nvidia-smi,ok,2.0,7.0,1695.0,7601.0,54.04,0.11059200018644333,32.13818359375,32.13818359375,3.5,True,,,,,unavailable,,prefill-facebook-opt-125m-chunk-512-sm-24,success,,,/mnt/data/dheeraj/dicertation/inference-profile/runs/revised-full-20260414-g0-opt125m/raw/points/prefill/prefill-facebook-opt-125m-chunk-512-sm-24.csv
facebook/opt-125m,512,gemm,fc1,24,4,103.4879982471466,30029312,33699328,3670016,3145728,1024,2026-04-14T11:53:57Z,baseline_nvml_pt,nvidia-smi,ok,2.0,7.0,1695.0,7601.0,54.04,0.11059200018644333,32.13818359375,32.13818359375,3.5,True,,,,,unavailable,,prefill-facebook-opt-125m-chunk-512-sm-24,success,,,/mnt/data/dheeraj/dicertation/inference-profile/runs/revised-full-20260414-g0-opt125m/raw/points/prefill/prefill-facebook-opt-125m-chunk-512-sm-24.csv
facebook/opt-125m,512,gemm,fc2,24,4,78.84799689054489,30029312,30815744,786432,786432,1024,2026-04-14T11:53:57Z,baseline_nvml_pt,nvidia-smi,ok,2.0,7.0,1695.0,7601.0,54.04,0.11059200018644333,32.13818359375,32.13818359375,3.5,True,,,,,unavailable,,prefill-facebook-opt-125m-chunk-512-sm-24,success,,,/mnt/data/dheeraj/dicertation/inference-profile/runs/revised-full-20260414-g0-opt125m/raw/points/prefill/prefill-facebook-opt-125m-chunk-512-sm-24.csv
facebook/opt-125m,512,attention,attention,24,4,54.23999950289726,30029312,30841344,812032,786432,1024,2026-04-14T11:53:57Z,baseline_nvml_pt,nvidia-smi,ok,2.0,7.0,1695.0,7601.0,54.04,0.11059200018644333,32.13818359375,32.13818359375,3.5,True,,,,,unavailable,,prefill-facebook-opt-125m-chunk-512-sm-24,success,,,/mnt/data/dheeraj/dicertation/inference-profile/runs/revised-full-20260414-g0-opt125m/raw/points/prefill/prefill-facebook-opt-125m-chunk-512-sm-24.csv
facebook/opt-125m,512,gemm,q_proj,32,0,94.2080020904541,30029312,30815744,786432,786432,1024,2026-04-14T11:54:02Z,baseline_nvml_pt,nvidia-smi,ok,7.0,7.0,1695.0,8001.0,64.41,0.10956799983978271,32.13818359375,32.13818359375,3.5,True,,,,,unavailable,,prefill-facebook-opt-125m-chunk-512-sm-32,success,,,/mnt/data/dheeraj/dicertation/inference-profile/runs/revised-full-20260414-g0-opt125m/raw/points/prefill/prefill-facebook-opt-125m-chunk-512-sm-32.csv
facebook/opt-125m,512,gemm,k_proj,32,0,74.75200295448303,30029312,30815744,786432,786432,1024,2026-04-14T11:54:02Z,baseline_nvml_pt,nvidia-smi,ok,7.0,7.0,1695.0,8001.0,64.41,0.10956799983978271,32.13818359375,32.13818359375,3.5,True,,,,,unavailable,,prefill-facebook-opt-125m-chunk-512-sm-32,success,,,/mnt/data/dheeraj/dicertation/inference-profile/runs/revised-full-20260414-g0-opt125m/raw/points/prefill/prefill-facebook-opt-125m-chunk-512-sm-32.csv
facebook/opt-125m,512,gemm,v_proj,32,0,62.591999769210815,30029312,30815744,786432,786432,1024,2026-04-14T11:54:02Z,baseline_nvml_pt,nvidia-smi,ok,7.0,7.0,1695.0,8001.0,64.41,0.10956799983978271,32.13818359375,32.13818359375,3.5,True,,,,,unavailable,,prefill-facebook-opt-125m-chunk-512-sm-32,success,,,/mnt/data/dheeraj/dicertation/inference-profile/runs/revised-full-20260414-g0-opt125m/raw/points/prefill/prefill-facebook-opt-125m-chunk-512-sm-32.csv
facebook/opt-125m,512,gemm,out_proj,32,0,71.68000191450119,30029312,30815744,786432,786432,1024,2026-04-14T11:54:02Z,baseline_nvml_pt,nvidia-smi,ok,7.0,7.0,1695.0,8001.0,64.41,0.10956799983978271,32.13818359375,32.13818359375,3.5,True,,,,,unavailable,,prefill-facebook-opt-125m-chunk-512-sm-32,success,,,/mnt/data/dheeraj/dicertation/inference-profile/runs/revised-full-20260414-g0-opt125m/raw/points/prefill/prefill-facebook-opt-125m-chunk-512-sm-32.csv
facebook/opt-125m,512,gemm,fc1,32,0,109.56799983978271,30029312,33699328,3670016,3145728,1024,2026-04-14T11:54:02Z,baseline_nvml_pt,nvidia-smi,ok,7.0,7.0,1695.0,8001.0,64.41,0.10956799983978271,32.13818359375,32.13818359375,3.5,True,,,,,unavailable,,prefill-facebook-opt-125m-chunk-512-sm-32,success,,,/mnt/data/dheeraj/dicertation/inference-profile/runs/revised-full-20260414-g0-opt125m/raw/points/prefill/prefill-facebook-opt-125m-chunk-512-sm-32.csv
facebook/opt-125m,512,gemm,fc2,32,0,81.91999793052673,30029312,30815744,786432,786432,1024,2026-04-14T11:54:02Z,baseline_nvml_pt,nvidia-smi,ok,7.0,7.0,1695.0,8001.0,64.41,0.10956799983978271,32.13818359375,32.13818359375,3.5,True,,,,,unavailable,,prefill-facebook-opt-125m-chunk-512-sm-32,success,,,/mnt/data/dheeraj/dicertation/inference-profile/runs/revised-full-20260414-g0-opt125m/raw/points/prefill/prefill-facebook-opt-125m-chunk-512-sm-32.csv
facebook/opt-125m,512,attention,attention,32,0,60.127999633550644,30029312,30841344,812032,786432,1024,2026-04-14T11:54:02Z,baseline_nvml_pt,nvidia-smi,ok,7.0,7.0,1695.0,8001.0,64.41,0.10956799983978271,32.13818359375,32.13818359375,3.5,True,,,,,unavailable,,prefill-facebook-opt-125m-chunk-512-sm-32,success,,,/mnt/data/dheeraj/dicertation/inference-profile/runs/revised-full-20260414-g0-opt125m/raw/points/prefill/prefill-facebook-opt-125m-chunk-512-sm-32.csv
facebook/opt-125m,512,gemm,q_proj,32,1,66.3359984755516,30029312,30815744,786432,786432,1024,2026-04-14T11:54:02Z,baseline_nvml_pt,nvidia-smi,ok,7.0,7.0,1695.0,8001.0,64.41,0.10956799983978271,32.13818359375,32.13818359375,3.5,True,,,,,unavailable,,prefill-facebook-opt-125m-chunk-512-sm-32,success,,,/mnt/data/dheeraj/dicertation/inference-profile/runs/revised-full-20260414-g0-opt125m/raw/points/prefill/prefill-facebook-opt-125m-chunk-512-sm-32.csv
facebook/opt-125m,512,gemm,k_proj,32,1,64.51199948787689,30029312,30815744,786432,786432,1024,2026-04-14T11:54:02Z,baseline_nvml_pt,nvidia-smi,ok,7.0,7.0,1695.0,8001.0,64.41,0.10956799983978271,32.13818359375,32.13818359375,3.5,True,,,,,unavailable,,prefill-facebook-opt-125m-chunk-512-sm-32,success,,,/mnt/data/dheeraj/dicertation/inference-profile/runs/revised-full-20260414-g0-opt125m/raw/points/prefill/prefill-facebook-opt-125m-chunk-512-sm-32.csv
facebook/opt-125m,512,gemm,v_proj,32,1,57.34400078654289,30029312,30815744,786432,786432,1024,2026-04-14T11:54:02Z,baseline_nvml_pt,nvidia-smi,ok,7.0,7.0,1695.0,8001.0,64.41,0.10956799983978271,32.13818359375,32.13818359375,3.5,True,,,,,unavailable,,prefill-facebook-opt-125m-chunk-512-sm-32,success,,,/mnt/data/dheeraj/dicertation/inference-profile/runs/revised-full-20260414-g0-opt125m/raw/points/prefill/prefill-facebook-opt-125m-chunk-512-sm-32.csv
facebook/opt-125m,512,gemm,out_proj,32,1,64.51199948787689,30029312,30815744,786432,786432,1024,2026-04-14T11:54:02Z,baseline_nvml_pt,nvidia-smi,ok,7.0,7.0,1695.0,8001.0,64.41,0.10956799983978271,32.13818359375,32.13818359375,3.5,True,,,,,unavailable,,prefill-facebook-opt-125m-chunk-512-sm-32,success,,,/mnt/data/dheeraj/dicertation/inference-profile/runs/revised-full-20260414-g0-opt125m/raw/points/prefill/prefill-facebook-opt-125m-chunk-512-sm-32.csv
facebook/opt-125m,512,gemm,fc1,32,1,101.3759970664978,30029312,33699328,3670016,3145728,1024,2026-04-14T11:54:02Z,baseline_nvml_pt,nvidia-smi,ok,7.0,7.0,1695.0,8001.0,64.41,0.10956799983978271,32.13818359375,32.13818359375,3.5,True,,,,,unavailable,,prefill-facebook-opt-125m-chunk-512-sm-32,success,,,/mnt/data/dheeraj/dicertation/inference-profile/runs/revised-full-20260414-g0-opt125m/raw/points/prefill/prefill-facebook-opt-125m-chunk-512-sm-32.csv
facebook/opt-125m,512,gemm,fc2,32,1,78.84799689054489,30029312,30815744,786432,786432,1024,2026-04-14T11:54:02Z,baseline_nvml_pt,nvidia-smi,ok,7.0,7.0,1695.0,8001.0,64.41,0.10956799983978271,32.13818359375,32.13818359375,3.5,True,,,,,unavailable,,prefill-facebook-opt-125m-chunk-512-sm-32,success,,,/mnt/data/dheeraj/dicertation/inference-profile/runs/revised-full-20260414-g0-opt125m/raw/points/prefill/prefill-facebook-opt-125m-chunk-512-sm-32.csv
facebook/opt-125m,512,attention,attention,32,1,53.98400127887726,30029312,30841344,812032,786432,1024,2026-04-14T11:54:02Z,baseline_nvml_pt,nvidia-smi,ok,7.0,7.0,1695.0,8001.0,64.41,0.10956799983978271,32.13818359375,32.13818359375,3.5,True,,,,,unavailable,,prefill-facebook-opt-125m-chunk-512-sm-32,success,,,/mnt/data/dheeraj/dicertation/inference-profile/runs/revised-full-20260414-g0-opt125m/raw/points/prefill/prefill-facebook-opt-125m-chunk-512-sm-32.csv
facebook/opt-125m,512,gemm,q_proj,32,2,62.52799928188324,30029312,30815744,786432,786432,1024,2026-04-14T11:54:02Z,baseline_nvml_pt,nvidia-smi,ok,7.0,7.0,1695.0,8001.0,64.41,0.10956799983978271,32.13818359375,32.13818359375,3.5,True,,,,,unavailable,,prefill-facebook-opt-125m-chunk-512-sm-32,success,,,/mnt/data/dheeraj/dicertation/inference-profile/runs/revised-full-20260414-g0-opt125m/raw/points/prefill/prefill-facebook-opt-125m-chunk-512-sm-32.csv
facebook/opt-125m,512,gemm,k_proj,32,2,57.34400078654289,30029312,30815744,786432,786432,1024,2026-04-14T11:54:02Z,baseline_nvml_pt,nvidia-smi,ok,7.0,7.0,1695.0,8001.0,64.41,0.10956799983978271,32.13818359375,32.13818359375,3.5,True,,,,,unavailable,,prefill-facebook-opt-125m-chunk-512-sm-32,success,,,/mnt/data/dheeraj/dicertation/inference-profile/runs/revised-full-20260414-g0-opt125m/raw/points/prefill/prefill-facebook-opt-125m-chunk-512-sm-32.csv
facebook/opt-125m,512,gemm,v_proj,32,2,78.84799689054489,30029312,30815744,786432,786432,1024,2026-04-14T11:54:02Z,baseline_nvml_pt,nvidia-smi,ok,7.0,7.0,1695.0,8001.0,64.41,0.10956799983978271,32.13818359375,32.13818359375,3.5,True,,,,,unavailable,,prefill-facebook-opt-125m-chunk-512-sm-32,success,,,/mnt/data/dheeraj/dicertation/inference-profile/runs/revised-full-20260414-g0-opt125m/raw/points/prefill/prefill-facebook-opt-125m-chunk-512-sm-32.csv
facebook/opt-125m,512,gemm,out_proj,32,2,59.29600074887276,30029312,30815744,786432,786432,1024,2026-04-14T11:54:02Z,baseline_nvml_pt,nvidia-smi,ok,7.0,7.0,1695.0,8001.0,64.41,0.10956799983978271,32.13818359375,32.13818359375,3.5,True,,,,,unavailable,,prefill-facebook-opt-125m-chunk-512-sm-32,success,,,/mnt/data/dheeraj/dicertation/inference-profile/runs/revised-full-20260414-g0-opt125m/raw/points/prefill/prefill-facebook-opt-125m-chunk-512-sm-32.csv
facebook/opt-125m,512,gemm,fc1,32,2,106.49599879980087,30029312,33699328,3670016,3145728,1024,2026-04-14T11:54:02Z,baseline_nvml_pt,nvidia-smi,ok,7.0,7.0,1695.0,8001.0,64.41,0.10956799983978271,32.13818359375,32.13818359375,3.5,True,,,,,unavailable,,prefill-facebook-opt-125m-chunk-512-sm-32,success,,,/mnt/data/dheeraj/dicertation/inference-profile/runs/revised-full-20260414-g0-opt125m/raw/points/prefill/prefill-facebook-opt-125m-chunk-512-sm-32.csv
facebook/opt-125m,512,gemm,fc2,32,2,80.89599758386612,30029312,30815744,786432,786432,1024,2026-04-14T11:54:02Z,baseline_nvml_pt,nvidia-smi,ok,7.0,7.0,1695.0,8001.0,64.41,0.10956799983978271,32.13818359375,32.13818359375,3.5,True,,,,,unavailable,,prefill-facebook-opt-125m-chunk-512-sm-32,success,,,/mnt/data/dheeraj/dicertation/inference-profile/runs/revised-full-20260414-g0-opt125m/raw/points/prefill/prefill-facebook-opt-125m-chunk-512-sm-32.csv
facebook/opt-125m,512,attention,attention,32,2,57.34400078654289,30029312,30841344,812032,786432,1024,2026-04-14T11:54:02Z,baseline_nvml_pt,nvidia-smi,ok,7.0,7.0,1695.0,8001.0,64.41,0.10956799983978271,32.13818359375,32.13818359375,3.5,True,,,,,unavailable,,prefill-facebook-opt-125m-chunk-512-sm-32,success,,,/mnt/data/dheeraj/dicertation/inference-profile/runs/revised-full-20260414-g0-opt125m/raw/points/prefill/prefill-facebook-opt-125m-chunk-512-sm-32.csv
facebook/opt-125m,512,gemm,q_proj,32,3,62.463998794555664,30029312,30815744,786432,786432,1024,2026-04-14T11:54:02Z,baseline_nvml_pt,nvidia-smi,ok,7.0,7.0,1695.0,8001.0,64.41,0.10956799983978271,32.13818359375,32.13818359375,3.5,True,,,,,unavailable,,prefill-facebook-opt-125m-chunk-512-sm-32,success,,,/mnt/data/dheeraj/dicertation/inference-profile/runs/revised-full-20260414-g0-opt125m/raw/points/prefill/prefill-facebook-opt-125m-chunk-512-sm-32.csv
facebook/opt-125m,512,gemm,k_proj,32,3,58.14399942755699,30029312,30815744,786432,786432,1024,2026-04-14T11:54:02Z,baseline_nvml_pt,nvidia-smi,ok,7.0,7.0,1695.0,8001.0,64.41,0.10956799983978271,32.13818359375,32.13818359375,3.5,True,,,,,unavailable,,prefill-facebook-opt-125m-chunk-512-sm-32,success,,,/mnt/data/dheeraj/dicertation/inference-profile/runs/revised-full-20260414-g0-opt125m/raw/points/prefill/prefill-facebook-opt-125m-chunk-512-sm-32.csv
facebook/opt-125m,512,gemm,v_proj,32,3,55.296000093221664,30029312,30815744,786432,786432,1024,2026-04-14T11:54:02Z,baseline_nvml_pt,nvidia-smi,ok,7.0,7.0,1695.0,8001.0,64.41,0.10956799983978271,32.13818359375,32.13818359375,3.5,True,,,,,unavailable,,prefill-facebook-opt-125m-chunk-512-sm-32,success,,,/mnt/data/dheeraj/dicertation/inference-profile/runs/revised-full-20260414-g0-opt125m/raw/points/prefill/prefill-facebook-opt-125m-chunk-512-sm-32.csv
facebook/opt-125m,512,gemm,out_proj,32,3,59.39200147986412,30029312,30815744,786432,786432,1024,2026-04-14T11:54:02Z,baseline_nvml_pt,nvidia-smi,ok,7.0,7.0,1695.0,8001.0,64.41,0.10956799983978271,32.13818359375,32.13818359375,3.5,True,,,,,unavailable,,prefill-facebook-opt-125m-chunk-512-sm-32,success,,,/mnt/data/dheeraj/dicertation/inference-profile/runs/revised-full-20260414-g0-opt125m/raw/points/prefill/prefill-facebook-opt-125m-chunk-512-sm-32.csv
facebook/opt-125m,512,gemm,fc1,32,3,102.39999741315842,30029312,33699328,3670016,3145728,1024,2026-04-14T11:54:02Z,baseline_nvml_pt,nvidia-smi,ok,7.0,7.0,1695.0,8001.0,64.41,0.10956799983978271,32.13818359375,32.13818359375,3.5,True,,,,,unavailable,,prefill-facebook-opt-125m-chunk-512-sm-32,success,,,/mnt/data/dheeraj/dicertation/inference-profile/runs/revised-full-20260414-g0-opt125m/raw/points/prefill/prefill-facebook-opt-125m-chunk-512-sm-32.csv
facebook/opt-125m,512,gemm,fc2,32,3,78.84799689054489,30029312,30815744,786432,786432,1024,2026-04-14T11:54:02Z,baseline_nvml_pt,nvidia-smi,ok,7.0,7.0,1695.0,8001.0,64.41,0.10956799983978271,32.13818359375,32.13818359375,3.5,True,,,,,unavailable,,prefill-facebook-opt-125m-chunk-512-sm-32,success,,,/mnt/data/dheeraj/dicertation/inference-profile/runs/revised-full-20260414-g0-opt125m/raw/points/prefill/prefill-facebook-opt-125m-chunk-512-sm-32.csv
facebook/opt-125m,512,attention,attention,32,3,53.247999399900436,30029312,30841344,812032,786432,1024,2026-04-14T11:54:02Z,baseline_nvml_pt,nvidia-smi,ok,7.0,7.0,1695.0,8001.0,64.41,0.10956799983978271,32.13818359375,32.13818359375,3.5,True,,,,,unavailable,,prefill-facebook-opt-125m-chunk-512-sm-32,success,,,/mnt/data/dheeraj/dicertation/inference-profile/runs/revised-full-20260414-g0-opt125m/raw/points/prefill/prefill-facebook-opt-125m-chunk-512-sm-32.csv
facebook/opt-125m,512,gemm,q_proj,32,4,60.416001826524734,30029312,30815744,786432,786432,1024,2026-04-14T11:54:02Z,baseline_nvml_pt,nvidia-smi,ok,7.0,7.0,1695.0,8001.0,64.41,0.10956799983978271,32.13818359375,32.13818359375,3.5,True,,,,,unavailable,,prefill-facebook-opt-125m-chunk-512-sm-32,success,,,/mnt/data/dheeraj/dicertation/inference-profile/runs/revised-full-20260414-g0-opt125m/raw/points/prefill/prefill-facebook-opt-125m-chunk-512-sm-32.csv
facebook/opt-125m,512,gemm,k_proj,32,4,55.424001067876816,30029312,30815744,786432,786432,1024,2026-04-14T11:54:02Z,baseline_nvml_pt,nvidia-smi,ok,7.0,7.0,1695.0,8001.0,64.41,0.10956799983978271,32.13818359375,32.13818359375,3.5,True,,,,,unavailable,,prefill-facebook-opt-125m-chunk-512-sm-32,success,,,/mnt/data/dheeraj/dicertation/inference-profile/runs/revised-full-20260414-g0-opt125m/raw/points/prefill/prefill-facebook-opt-125m-chunk-512-sm-32.csv
facebook/opt-125m,512,gemm,v_proj,32,4,57.312000542879105,30029312,30815744,786432,786432,1024,2026-04-14T11:54:02Z,baseline_nvml_pt,nvidia-smi,ok,7.0,7.0,1695.0,8001.0,64.41,0.10956799983978271,32.13818359375,32.13818359375,3.5,True,,,,,unavailable,,prefill-facebook-opt-125m-chunk-512-sm-32,success,,,/mnt/data/dheeraj/dicertation/inference-profile/runs/revised-full-20260414-g0-opt125m/raw/points/prefill/prefill-facebook-opt-125m-chunk-512-sm-32.csv
facebook/opt-125m,512,gemm,out_proj,32,4,58.20799991488457,30029312,30815744,786432,786432,1024,2026-04-14T11:54:02Z,baseline_nvml_pt,nvidia-smi,ok,7.0,7.0,1695.0,8001.0,64.41,0.10956799983978271,32.13818359375,32.13818359375,3.5,True,,,,,unavailable,,prefill-facebook-opt-125m-chunk-512-sm-32,success,,,/mnt/data/dheeraj/dicertation/inference-profile/runs/revised-full-20260414-g0-opt125m/raw/points/prefill/prefill-facebook-opt-125m-chunk-512-sm-32.csv
facebook/opt-125m,512,gemm,fc1,32,4,101.3759970664978,30029312,33699328,3670016,3145728,1024,2026-04-14T11:54:02Z,baseline_nvml_pt,nvidia-smi,ok,7.0,7.0,1695.0,8001.0,64.41,0.10956799983978271,32.13818359375,32.13818359375,3.5,True,,,,,unavailable,,prefill-facebook-opt-125m-chunk-512-sm-32,success,,,/mnt/data/dheeraj/dicertation/inference-profile/runs/revised-full-20260414-g0-opt125m/raw/points/prefill/prefill-facebook-opt-125m-chunk-512-sm-32.csv
facebook/opt-125m,512,gemm,fc2,32,4,77.69600301980972,30029312,30815744,786432,786432,1024,2026-04-14T11:54:02Z,baseline_nvml_pt,nvidia-smi,ok,7.0,7.0,1695.0,8001.0,64.41,0.10956799983978271,32.13818359375,32.13818359375,3.5,True,,,,,unavailable,,prefill-facebook-opt-125m-chunk-512-sm-32,success,,,/mnt/data/dheeraj/dicertation/inference-profile/runs/revised-full-20260414-g0-opt125m/raw/points/prefill/prefill-facebook-opt-125m-chunk-512-sm-32.csv
facebook/opt-125m,512,attention,attention,32,4,63.48799914121628,30029312,30841344,812032,786432,1024,2026-04-14T11:54:02Z,baseline_nvml_pt,nvidia-smi,ok,7.0,7.0,1695.0,8001.0,64.41,0.10956799983978271,32.13818359375,32.13818359375,3.5,True,,,,,unavailable,,prefill-facebook-opt-125m-chunk-512-sm-32,success,,,/mnt/data/dheeraj/dicertation/inference-profile/runs/revised-full-20260414-g0-opt125m/raw/points/prefill/prefill-facebook-opt-125m-chunk-512-sm-32.csv
facebook/opt-125m,1024,gemm,q_proj,8,0,90.11200070381165,36845056,38417920,1572864,1572864,1024,2026-04-14T11:54:08Z,baseline_nvml_pt,nvidia-smi,ok,4.0,7.0,1695.0,7601.0,64.42,0.12390399724245071,41.13818359375,41.13818359375,6.0,True,,,,,unavailable,,prefill-facebook-opt-125m-chunk-1024-sm-8,success,,,/mnt/data/dheeraj/dicertation/inference-profile/runs/revised-full-20260414-g0-opt125m/raw/points/prefill/prefill-facebook-opt-125m-chunk-1024-sm-8.csv
facebook/opt-125m,1024,gemm,k_proj,8,0,75.6160020828247,36845056,38417920,1572864,1572864,1024,2026-04-14T11:54:08Z,baseline_nvml_pt,nvidia-smi,ok,4.0,7.0,1695.0,7601.0,64.42,0.12390399724245071,41.13818359375,41.13818359375,6.0,True,,,,,unavailable,,prefill-facebook-opt-125m-chunk-1024-sm-8,success,,,/mnt/data/dheeraj/dicertation/inference-profile/runs/revised-full-20260414-g0-opt125m/raw/points/prefill/prefill-facebook-opt-125m-chunk-1024-sm-8.csv
facebook/opt-125m,1024,gemm,v_proj,8,0,64.51199948787689,36845056,38417920,1572864,1572864,1024,2026-04-14T11:54:08Z,baseline_nvml_pt,nvidia-smi,ok,4.0,7.0,1695.0,7601.0,64.42,0.12390399724245071,41.13818359375,41.13818359375,6.0,True,,,,,unavailable,,prefill-facebook-opt-125m-chunk-1024-sm-8,success,,,/mnt/data/dheeraj/dicertation/inference-profile/runs/revised-full-20260414-g0-opt125m/raw/points/prefill/prefill-facebook-opt-125m-chunk-1024-sm-8.csv
facebook/opt-125m,1024,gemm,out_proj,8,0,72.7040022611618,36845056,38417920,1572864,1572864,1024,2026-04-14T11:54:08Z,baseline_nvml_pt,nvidia-smi,ok,4.0,7.0,1695.0,7601.0,64.42,0.12390399724245071,41.13818359375,41.13818359375,6.0,True,,,,,unavailable,,prefill-facebook-opt-125m-chunk-1024-sm-8,success,,,/mnt/data/dheeraj/dicertation/inference-profile/runs/revised-full-20260414-g0-opt125m/raw/points/prefill/prefill-facebook-opt-125m-chunk-1024-sm-8.csv
facebook/opt-125m,1024,gemm,fc1,8,0,123.90399724245071,36845056,43136512,6291456,6291456,1024,2026-04-14T11:54:08Z,baseline_nvml_pt,nvidia-smi,ok,4.0,7.0,1695.0,7601.0,64.42,0.12390399724245071,41.13818359375,41.13818359375,6.0,True,,,,,unavailable,,prefill-facebook-opt-125m-chunk-1024-sm-8,success,,,/mnt/data/dheeraj/dicertation/inference-profile/runs/revised-full-20260414-g0-opt125m/raw/points/prefill/prefill-facebook-opt-125m-chunk-1024-sm-8.csv
facebook/opt-125m,1024,gemm,fc2,8,0,108.5439994931221,36845056,38417920,1572864,1572864,1024,2026-04-14T11:54:08Z,baseline_nvml_pt,nvidia-smi,ok,4.0,7.0,1695.0,7601.0,64.42,0.12390399724245071,41.13818359375,41.13818359375,6.0,True,,,,,unavailable,,prefill-facebook-opt-125m-chunk-1024-sm-8,success,,,/mnt/data/dheeraj/dicertation/inference-profile/runs/revised-full-20260414-g0-opt125m/raw/points/prefill/prefill-facebook-opt-125m-chunk-1024-sm-8.csv
facebook/opt-125m,1024,attention,attention,8,0,92.16000139713287,36845056,38468096,1623040,1572864,1024,2026-04-14T11:54:08Z,baseline_nvml_pt,nvidia-smi,ok,4.0,7.0,1695.0,7601.0,64.42,0.12390399724245071,41.13818359375,41.13818359375,6.0,True,,,,,unavailable,,prefill-facebook-opt-125m-chunk-1024-sm-8,success,,,/mnt/data/dheeraj/dicertation/inference-profile/runs/revised-full-20260414-g0-opt125m/raw/points/prefill/prefill-facebook-opt-125m-chunk-1024-sm-8.csv
facebook/opt-125m,1024,gemm,q_proj,8,1,66.56000018119812,36845056,38417920,1572864,1572864,1024,2026-04-14T11:54:08Z,baseline_nvml_pt,nvidia-smi,ok,4.0,7.0,1695.0,7601.0,64.42,0.12390399724245071,41.13818359375,41.13818359375,6.0,True,,,,,unavailable,,prefill-facebook-opt-125m-chunk-1024-sm-8,success,,,/mnt/data/dheeraj/dicertation/inference-profile/runs/revised-full-20260414-g0-opt125m/raw/points/prefill/prefill-facebook-opt-125m-chunk-1024-sm-8.csv
facebook/opt-125m,1024,gemm,k_proj,8,1,78.87999713420868,36845056,38417920,1572864,1572864,1024,2026-04-14T11:54:08Z,baseline_nvml_pt,nvidia-smi,ok,4.0,7.0,1695.0,7601.0,64.42,0.12390399724245071,41.13818359375,41.13818359375,6.0,True,,,,,unavailable,,prefill-facebook-opt-125m-chunk-1024-sm-8,success,,,/mnt/data/dheeraj/dicertation/inference-profile/runs/revised-full-20260414-g0-opt125m/raw/points/prefill/prefill-facebook-opt-125m-chunk-1024-sm-8.csv
facebook/opt-125m,1024,gemm,v_proj,8,1,63.48799914121628,36845056,38417920,1572864,1572864,1024,2026-04-14T11:54:08Z,baseline_nvml_pt,nvidia-smi,ok,4.0,7.0,1695.0,7601.0,64.42,0.12390399724245071,41.13818359375,41.13818359375,6.0,True,,,,,unavailable,,prefill-facebook-opt-125m-chunk-1024-sm-8,success,,,/mnt/data/dheeraj/dicertation/inference-profile/runs/revised-full-20260414-g0-opt125m/raw/points/prefill/prefill-facebook-opt-125m-chunk-1024-sm-8.csv
facebook/opt-125m,1024,gemm,out_proj,8,1,59.39200147986412,36845056,38417920,1572864,1572864,1024,2026-04-14T11:54:08Z,baseline_nvml_pt,nvidia-smi,ok,4.0,7.0,1695.0,7601.0,64.42,0.12390399724245071,41.13818359375,41.13818359375,6.0,True,,,,,unavailable,,prefill-facebook-opt-125m-chunk-1024-sm-8,success,,,/mnt/data/dheeraj/dicertation/inference-profile/runs/revised-full-20260414-g0-opt125m/raw/points/prefill/prefill-facebook-opt-125m-chunk-1024-sm-8.csv
facebook/opt-125m,1024,gemm,fc1,8,1,114.97599631547928,36845056,43136512,6291456,6291456,1024,2026-04-14T11:54:08Z,baseline_nvml_pt,nvidia-smi,ok,4.0,7.0,1695.0,7601.0,64.42,0.12390399724245071,41.13818359375,41.13818359375,6.0,True,,,,,unavailable,,prefill-facebook-opt-125m-chunk-1024-sm-8,success,,,/mnt/data/dheeraj/dicertation/inference-profile/runs/revised-full-20260414-g0-opt125m/raw/points/prefill/prefill-facebook-opt-125m-chunk-1024-sm-8.csv
facebook/opt-125m,1024,gemm,fc2,8,1,107.32799768447876,36845056,38417920,1572864,1572864,1024,2026-04-14T11:54:08Z,baseline_nvml_pt,nvidia-smi,ok,4.0,7.0,1695.0,7601.0,64.42,0.12390399724245071,41.13818359375,41.13818359375,6.0,True,,,,,unavailable,,prefill-facebook-opt-125m-chunk-1024-sm-8,success,,,/mnt/data/dheeraj/dicertation/inference-profile/runs/revised-full-20260414-g0-opt125m/raw/points/prefill/prefill-facebook-opt-125m-chunk-1024-sm-8.csv
facebook/opt-125m,1024,attention,attention,8,1,90.11200070381165,36845056,38468096,1623040,1572864,1024,2026-04-14T11:54:08Z,baseline_nvml_pt,nvidia-smi,ok,4.0,7.0,1695.0,7601.0,64.42,0.12390399724245071,41.13818359375,41.13818359375,6.0,True,,,,,unavailable,,prefill-facebook-opt-125m-chunk-1024-sm-8,success,,,/mnt/data/dheeraj/dicertation/inference-profile/runs/revised-full-20260414-g0-opt125m/raw/points/prefill/prefill-facebook-opt-125m-chunk-1024-sm-8.csv
facebook/opt-125m,1024,gemm,q_proj,8,2,64.51199948787689,36845056,38417920,1572864,1572864,1024,2026-04-14T11:54:08Z,baseline_nvml_pt,nvidia-smi,ok,4.0,7.0,1695.0,7601.0,64.42,0.12390399724245071,41.13818359375,41.13818359375,6.0,True,,,,,unavailable,,prefill-facebook-opt-125m-chunk-1024-sm-8,success,,,/mnt/data/dheeraj/dicertation/inference-profile/runs/revised-full-20260414-g0-opt125m/raw/points/prefill/prefill-facebook-opt-125m-chunk-1024-sm-8.csv
facebook/opt-125m,1024,gemm,k_proj,8,2,61.664000153541565,36845056,38417920,1572864,1572864,1024,2026-04-14T11:54:08Z,baseline_nvml_pt,nvidia-smi,ok,4.0,7.0,1695.0,7601.0,64.42,0.12390399724245071,41.13818359375,41.13818359375,6.0,True,,,,,unavailable,,prefill-facebook-opt-125m-chunk-1024-sm-8,success,,,/mnt/data/dheeraj/dicertation/inference-profile/runs/revised-full-20260414-g0-opt125m/raw/points/prefill/prefill-facebook-opt-125m-chunk-1024-sm-8.csv
facebook/opt-125m,1024,gemm,v_proj,8,2,79.96799796819687,36845056,38417920,1572864,1572864,1024,2026-04-14T11:54:08Z,baseline_nvml_pt,nvidia-smi,ok,4.0,7.0,1695.0,7601.0,64.42,0.12390399724245071,41.13818359375,41.13818359375,6.0,True,,,,,unavailable,,prefill-facebook-opt-125m-chunk-1024-sm-8,success,,,/mnt/data/dheeraj/dicertation/inference-profile/runs/revised-full-20260414-g0-opt125m/raw/points/prefill/prefill-facebook-opt-125m-chunk-1024-sm-8.csv
facebook/opt-125m,1024,gemm,out_proj,8,2,63.48799914121628,36845056,38417920,1572864,1572864,1024,2026-04-14T11:54:08Z,baseline_nvml_pt,nvidia-smi,ok,4.0,7.0,1695.0,7601.0,64.42,0.12390399724245071,41.13818359375,41.13818359375,6.0,True,,,,,unavailable,,prefill-facebook-opt-125m-chunk-1024-sm-8,success,,,/mnt/data/dheeraj/dicertation/inference-profile/runs/revised-full-20260414-g0-opt125m/raw/points/prefill/prefill-facebook-opt-125m-chunk-1024-sm-8.csv
facebook/opt-125m,1024,gemm,fc1,8,2,117.50400066375732,36845056,43136512,6291456,6291456,1024,2026-04-14T11:54:08Z,baseline_nvml_pt,nvidia-smi,ok,4.0,7.0,1695.0,7601.0,64.42,0.12390399724245071,41.13818359375,41.13818359375,6.0,True,,,,,unavailable,,prefill-facebook-opt-125m-chunk-1024-sm-8,success,,,/mnt/data/dheeraj/dicertation/inference-profile/runs/revised-full-20260414-g0-opt125m/raw/points/prefill/prefill-facebook-opt-125m-chunk-1024-sm-8.csv
facebook/opt-125m,1024,gemm,fc2,8,2,107.84000158309937,36845056,38417920,1572864,1572864,1024,2026-04-14T11:54:08Z,baseline_nvml_pt,nvidia-smi,ok,4.0,7.0,1695.0,7601.0,64.42,0.12390399724245071,41.13818359375,41.13818359375,6.0,True,,,,,unavailable,,prefill-facebook-opt-125m-chunk-1024-sm-8,success,,,/mnt/data/dheeraj/dicertation/inference-profile/runs/revised-full-20260414-g0-opt125m/raw/points/prefill/prefill-facebook-opt-125m-chunk-1024-sm-8.csv
facebook/opt-125m,1024,attention,attention,8,2,97.28000313043594,36845056,38468096,1623040,1572864,1024,2026-04-14T11:54:08Z,baseline_nvml_pt,nvidia-smi,ok,4.0,7.0,1695.0,7601.0,64.42,0.12390399724245071,41.13818359375,41.13818359375,6.0,True,,,,,unavailable,,prefill-facebook-opt-125m-chunk-1024-sm-8,success,,,/mnt/data/dheeraj/dicertation/inference-profile/runs/revised-full-20260414-g0-opt125m/raw/points/prefill/prefill-facebook-opt-125m-chunk-1024-sm-8.csv
facebook/opt-125m,1024,gemm,q_proj,8,3,66.3679987192154,36845056,38417920,1572864,1572864,1024,2026-04-14T11:54:08Z,baseline_nvml_pt,nvidia-smi,ok,4.0,7.0,1695.0,7601.0,64.42,0.12390399724245071,41.13818359375,41.13818359375,6.0,True,,,,,unavailable,,prefill-facebook-opt-125m-chunk-1024-sm-8,success,,,/mnt/data/dheeraj/dicertation/inference-profile/runs/revised-full-20260414-g0-opt125m/raw/points/prefill/prefill-facebook-opt-125m-chunk-1024-sm-8.csv
facebook/opt-125m,1024,gemm,k_proj,8,3,60.38400158286095,36845056,38417920,1572864,1572864,1024,2026-04-14T11:54:08Z,baseline_nvml_pt,nvidia-smi,ok,4.0,7.0,1695.0,7601.0,64.42,0.12390399724245071,41.13818359375,41.13818359375,6.0,True,,,,,unavailable,,prefill-facebook-opt-125m-chunk-1024-sm-8,success,,,/mnt/data/dheeraj/dicertation/inference-profile/runs/revised-full-20260414-g0-opt125m/raw/points/prefill/prefill-facebook-opt-125m-chunk-1024-sm-8.csv
facebook/opt-125m,1024,gemm,v_proj,8,3,59.39200147986412,36845056,38417920,1572864,1572864,1024,2026-04-14T11:54:08Z,baseline_nvml_pt,nvidia-smi,ok,4.0,7.0,1695.0,7601.0,64.42,0.12390399724245071,41.13818359375,41.13818359375,6.0,True,,,,,unavailable,,prefill-facebook-opt-125m-chunk-1024-sm-8,success,,,/mnt/data/dheeraj/dicertation/inference-profile/runs/revised-full-20260414-g0-opt125m/raw/points/prefill/prefill-facebook-opt-125m-chunk-1024-sm-8.csv
facebook/opt-125m,1024,gemm,out_proj,8,3,62.463998794555664,36845056,38417920,1572864,1572864,1024,2026-04-14T11:54:08Z,baseline_nvml_pt,nvidia-smi,ok,4.0,7.0,1695.0,7601.0,64.42,0.12390399724245071,41.13818359375,41.13818359375,6.0,True,,,,,unavailable,,prefill-facebook-opt-125m-chunk-1024-sm-8,success,,,/mnt/data/dheeraj/dicertation/inference-profile/runs/revised-full-20260414-g0-opt125m/raw/points/prefill/prefill-facebook-opt-125m-chunk-1024-sm-8.csv
facebook/opt-125m,1024,gemm,fc1,8,3,116.70400202274323,36845056,43136512,6291456,6291456,1024,2026-04-14T11:54:08Z,baseline_nvml_pt,nvidia-smi,ok,4.0,7.0,1695.0,7601.0,64.42,0.12390399724245071,41.13818359375,41.13818359375,6.0,True,,,,,unavailable,,prefill-facebook-opt-125m-chunk-1024-sm-8,success,,,/mnt/data/dheeraj/dicertation/inference-profile/runs/revised-full-20260414-g0-opt125m/raw/points/prefill/prefill-facebook-opt-125m-chunk-1024-sm-8.csv
facebook/opt-125m,1024,gemm,fc2,8,3,106.72000050544739,36845056,38417920,1572864,1572864,1024,2026-04-14T11:54:08Z,baseline_nvml_pt,nvidia-smi,ok,4.0,7.0,1695.0,7601.0,64.42,0.12390399724245071,41.13818359375,41.13818359375,6.0,True,,,,,unavailable,,prefill-facebook-opt-125m-chunk-1024-sm-8,success,,,/mnt/data/dheeraj/dicertation/inference-profile/runs/revised-full-20260414-g0-opt125m/raw/points/prefill/prefill-facebook-opt-125m-chunk-1024-sm-8.csv
facebook/opt-125m,1024,attention,attention,8,3,90.11200070381165,36845056,38468096,1623040,1572864,1024,2026-04-14T11:54:08Z,baseline_nvml_pt,nvidia-smi,ok,4.0,7.0,1695.0,7601.0,64.42,0.12390399724245071,41.13818359375,41.13818359375,6.0,True,,,,,unavailable,,prefill-facebook-opt-125m-chunk-1024-sm-8,success,,,/mnt/data/dheeraj/dicertation/inference-profile/runs/revised-full-20260414-g0-opt125m/raw/points/prefill/prefill-facebook-opt-125m-chunk-1024-sm-8.csv
facebook/opt-125m,1024,gemm,q_proj,8,4,64.51199948787689,36845056,38417920,1572864,1572864,1024,2026-04-14T11:54:08Z,baseline_nvml_pt,nvidia-smi,ok,4.0,7.0,1695.0,7601.0,64.42,0.12390399724245071,41.13818359375,41.13818359375,6.0,True,,,,,unavailable,,prefill-facebook-opt-125m-chunk-1024-sm-8,success,,,/mnt/data/dheeraj/dicertation/inference-profile/runs/revised-full-20260414-g0-opt125m/raw/points/prefill/prefill-facebook-opt-125m-chunk-1024-sm-8.csv
facebook/opt-125m,1024,gemm,k_proj,8,4,59.23200026154518,36845056,38417920,1572864,1572864,1024,2026-04-14T11:54:08Z,baseline_nvml_pt,nvidia-smi,ok,4.0,7.0,1695.0,7601.0,64.42,0.12390399724245071,41.13818359375,41.13818359375,6.0,True,,,,,unavailable,,prefill-facebook-opt-125m-chunk-1024-sm-8,success,,,/mnt/data/dheeraj/dicertation/inference-profile/runs/revised-full-20260414-g0-opt125m/raw/points/prefill/prefill-facebook-opt-125m-chunk-1024-sm-8.csv
facebook/opt-125m,1024,gemm,v_proj,8,4,60.416001826524734,36845056,38417920,1572864,1572864,1024,2026-04-14T11:54:08Z,baseline_nvml_pt,nvidia-smi,ok,4.0,7.0,1695.0,7601.0,64.42,0.12390399724245071,41.13818359375,41.13818359375,6.0,True,,,,,unavailable,,prefill-facebook-opt-125m-chunk-1024-sm-8,success,,,/mnt/data/dheeraj/dicertation/inference-profile/runs/revised-full-20260414-g0-opt125m/raw/points/prefill/prefill-facebook-opt-125m-chunk-1024-sm-8.csv
facebook/opt-125m,1024,gemm,out_proj,8,4,60.416001826524734,36845056,38417920,1572864,1572864,1024,2026-04-14T11:54:08Z,baseline_nvml_pt,nvidia-smi,ok,4.0,7.0,1695.0,7601.0,64.42,0.12390399724245071,41.13818359375,41.13818359375,6.0,True,,,,,unavailable,,prefill-facebook-opt-125m-chunk-1024-sm-8,success,,,/mnt/data/dheeraj/dicertation/inference-profile/runs/revised-full-20260414-g0-opt125m/raw/points/prefill/prefill-facebook-opt-125m-chunk-1024-sm-8.csv
facebook/opt-125m,1024,gemm,fc1,8,4,115.7120019197464,36845056,43136512,6291456,6291456,1024,2026-04-14T11:54:08Z,baseline_nvml_pt,nvidia-smi,ok,4.0,7.0,1695.0,7601.0,64.42,0.12390399724245071,41.13818359375,41.13818359375,6.0,True,,,,,unavailable,,prefill-facebook-opt-125m-chunk-1024-sm-8,success,,,/mnt/data/dheeraj/dicertation/inference-profile/runs/revised-full-20260414-g0-opt125m/raw/points/prefill/prefill-facebook-opt-125m-chunk-1024-sm-8.csv
facebook/opt-125m,1024,gemm,fc2,8,4,105.47199845314026,36845056,38417920,1572864,1572864,1024,2026-04-14T11:54:08Z,baseline_nvml_pt,nvidia-smi,ok,4.0,7.0,1695.0,7601.0,64.42,0.12390399724245071,41.13818359375,41.13818359375,6.0,True,,,,,unavailable,,prefill-facebook-opt-125m-chunk-1024-sm-8,success,,,/mnt/data/dheeraj/dicertation/inference-profile/runs/revised-full-20260414-g0-opt125m/raw/points/prefill/prefill-facebook-opt-125m-chunk-1024-sm-8.csv
facebook/opt-125m,1024,attention,attention,8,4,90.11200070381165,36845056,38468096,1623040,1572864,1024,2026-04-14T11:54:08Z,baseline_nvml_pt,nvidia-smi,ok,4.0,7.0,1695.0,7601.0,64.42,0.12390399724245071,41.13818359375,41.13818359375,6.0,True,,,,,unavailable,,prefill-facebook-opt-125m-chunk-1024-sm-8,success,,,/mnt/data/dheeraj/dicertation/inference-profile/runs/revised-full-20260414-g0-opt125m/raw/points/prefill/prefill-facebook-opt-125m-chunk-1024-sm-8.csv
facebook/opt-125m,1024,gemm,q_proj,16,0,90.27200192213058,36845056,38417920,1572864,1572864,1024,2026-04-14T11:54:13Z,baseline_nvml_pt,nvidia-smi,ok,0.0,7.0,1695.0,7601.0,65.25,0.11955200135707855,41.13818359375,41.13818359375,6.0,True,,,,,unavailable,,prefill-facebook-opt-125m-chunk-1024-sm-16,success,,,/mnt/data/dheeraj/dicertation/inference-profile/runs/revised-full-20260414-g0-opt125m/raw/points/prefill/prefill-facebook-opt-125m-chunk-1024-sm-16.csv
facebook/opt-125m,1024,gemm,k_proj,16,0,79.8719972372055,36845056,38417920,1572864,1572864,1024,2026-04-14T11:54:13Z,baseline_nvml_pt,nvidia-smi,ok,0.0,7.0,1695.0,7601.0,65.25,0.11955200135707855,41.13818359375,41.13818359375,6.0,True,,,,,unavailable,,prefill-facebook-opt-125m-chunk-1024-sm-16,success,,,/mnt/data/dheeraj/dicertation/inference-profile/runs/revised-full-20260414-g0-opt125m/raw/points/prefill/prefill-facebook-opt-125m-chunk-1024-sm-16.csv
facebook/opt-125m,1024,gemm,v_proj,16,0,69.63200122117996,36845056,38417920,1572864,1572864,1024,2026-04-14T11:54:13Z,baseline_nvml_pt,nvidia-smi,ok,0.0,7.0,1695.0,7601.0,65.25,0.11955200135707855,41.13818359375,41.13818359375,6.0,True,,,,,unavailable,,prefill-facebook-opt-125m-chunk-1024-sm-16,success,,,/mnt/data/dheeraj/dicertation/inference-profile/runs/revised-full-20260414-g0-opt125m/raw/points/prefill/prefill-facebook-opt-125m-chunk-1024-sm-16.csv
facebook/opt-125m,1024,gemm,out_proj,16,0,71.68000191450119,36845056,38417920,1572864,1572864,1024,2026-04-14T11:54:13Z,baseline_nvml_pt,nvidia-smi,ok,0.0,7.0,1695.0,7601.0,65.25,0.11955200135707855,41.13818359375,41.13818359375,6.0,True,,,,,unavailable,,prefill-facebook-opt-125m-chunk-1024-sm-16,success,,,/mnt/data/dheeraj/dicertation/inference-profile/runs/revised-full-20260414-g0-opt125m/raw/points/prefill/prefill-facebook-opt-125m-chunk-1024-sm-16.csv
facebook/opt-125m,1024,gemm,fc1,16,0,119.55200135707855,36845056,43136512,6291456,6291456,1024,2026-04-14T11:54:13Z,baseline_nvml_pt,nvidia-smi,ok,0.0,7.0,1695.0,7601.0,65.25,0.11955200135707855,41.13818359375,41.13818359375,6.0,True,,,,,unavailable,,prefill-facebook-opt-125m-chunk-1024-sm-16,success,,,/mnt/data/dheeraj/dicertation/inference-profile/runs/revised-full-20260414-g0-opt125m/raw/points/prefill/prefill-facebook-opt-125m-chunk-1024-sm-16.csv
facebook/opt-125m,1024,gemm,fc2,16,0,109.56799983978271,36845056,38417920,1572864,1572864,1024,2026-04-14T11:54:13Z,baseline_nvml_pt,nvidia-smi,ok,0.0,7.0,1695.0,7601.0,65.25,0.11955200135707855,41.13818359375,41.13818359375,6.0,True,,,,,unavailable,,prefill-facebook-opt-125m-chunk-1024-sm-16,success,,,/mnt/data/dheeraj/dicertation/inference-profile/runs/revised-full-20260414-g0-opt125m/raw/points/prefill/prefill-facebook-opt-125m-chunk-1024-sm-16.csv
facebook/opt-125m,1024,attention,attention,16,0,94.97600048780441,36845056,38468096,1623040,1572864,1024,2026-04-14T11:54:13Z,baseline_nvml_pt,nvidia-smi,ok,0.0,7.0,1695.0,7601.0,65.25,0.11955200135707855,41.13818359375,41.13818359375,6.0,True,,,,,unavailable,,prefill-facebook-opt-125m-chunk-1024-sm-16,success,,,/mnt/data/dheeraj/dicertation/inference-profile/runs/revised-full-20260414-g0-opt125m/raw/points/prefill/prefill-facebook-opt-125m-chunk-1024-sm-16.csv
facebook/opt-125m,1024,gemm,q_proj,16,1,69.43999975919724,36845056,38417920,1572864,1572864,1024,2026-04-14T11:54:13Z,baseline_nvml_pt,nvidia-smi,ok,0.0,7.0,1695.0,7601.0,65.25,0.11955200135707855,41.13818359375,41.13818359375,6.0,True,,,,,unavailable,,prefill-facebook-opt-125m-chunk-1024-sm-16,success,,,/mnt/data/dheeraj/dicertation/inference-profile/runs/revised-full-20260414-g0-opt125m/raw/points/prefill/prefill-facebook-opt-125m-chunk-1024-sm-16.csv
facebook/opt-125m,1024,gemm,k_proj,16,1,68.51200014352798,36845056,38417920,1572864,1572864,1024,2026-04-14T11:54:13Z,baseline_nvml_pt,nvidia-smi,ok,0.0,7.0,1695.0,7601.0,65.25,0.11955200135707855,41.13818359375,41.13818359375,6.0,True,,,,,unavailable,,prefill-facebook-opt-125m-chunk-1024-sm-16,success,,,/mnt/data/dheeraj/dicertation/inference-profile/runs/revised-full-20260414-g0-opt125m/raw/points/prefill/prefill-facebook-opt-125m-chunk-1024-sm-16.csv
facebook/opt-125m,1024,gemm,v_proj,16,1,62.463998794555664,36845056,38417920,1572864,1572864,1024,2026-04-14T11:54:13Z,baseline_nvml_pt,nvidia-smi,ok,0.0,7.0,1695.0,7601.0,65.25,0.11955200135707855,41.13818359375,41.13818359375,6.0,True,,,,,unavailable,,prefill-facebook-opt-125m-chunk-1024-sm-16,success,,,/mnt/data/dheeraj/dicertation/inference-profile/runs/revised-full-20260414-g0-opt125m/raw/points/prefill/prefill-facebook-opt-125m-chunk-1024-sm-16.csv
facebook/opt-125m,1024,gemm,out_proj,16,1,71.68000191450119,36845056,38417920,1572864,1572864,1024,2026-04-14T11:54:13Z,baseline_nvml_pt,nvidia-smi,ok,0.0,7.0,1695.0,7601.0,65.25,0.11955200135707855,41.13818359375,41.13818359375,6.0,True,,,,,unavailable,,prefill-facebook-opt-125m-chunk-1024-sm-16,success,,,/mnt/data/dheeraj/dicertation/inference-profile/runs/revised-full-20260414-g0-opt125m/raw/points/prefill/prefill-facebook-opt-125m-chunk-1024-sm-16.csv
facebook/opt-125m,1024,gemm,fc1,16,1,115.58400094509125,36845056,43136512,6291456,6291456,1024,2026-04-14T11:54:13Z,baseline_nvml_pt,nvidia-smi,ok,0.0,7.0,1695.0,7601.0,65.25,0.11955200135707855,41.13818359375,41.13818359375,6.0,True,,,,,unavailable,,prefill-facebook-opt-125m-chunk-1024-sm-16,success,,,/mnt/data/dheeraj/dicertation/inference-profile/runs/revised-full-20260414-g0-opt125m/raw/points/prefill/prefill-facebook-opt-125m-chunk-1024-sm-16.csv
facebook/opt-125m,1024,gemm,fc2,16,1,106.49599879980087,36845056,38417920,1572864,1572864,1024,2026-04-14T11:54:13Z,baseline_nvml_pt,nvidia-smi,ok,0.0,7.0,1695.0,7601.0,65.25,0.11955200135707855,41.13818359375,41.13818359375,6.0,True,,,,,unavailable,,prefill-facebook-opt-125m-chunk-1024-sm-16,success,,,/mnt/data/dheeraj/dicertation/inference-profile/runs/revised-full-20260414-g0-opt125m/raw/points/prefill/prefill-facebook-opt-125m-chunk-1024-sm-16.csv
facebook/opt-125m,1024,attention,attention,16,1,91.13600105047226,36845056,38468096,1623040,1572864,1024,2026-04-14T11:54:13Z,baseline_nvml_pt,nvidia-smi,ok,0.0,7.0,1695.0,7601.0,65.25,0.11955200135707855,41.13818359375,41.13818359375,6.0,True,,,,,unavailable,,prefill-facebook-opt-125m-chunk-1024-sm-16,success,,,/mnt/data/dheeraj/dicertation/inference-profile/runs/revised-full-20260414-g0-opt125m/raw/points/prefill/prefill-facebook-opt-125m-chunk-1024-sm-16.csv
facebook/opt-125m,1024,gemm,q_proj,16,2,68.60800087451935,36845056,38417920,1572864,1572864,1024,2026-04-14T11:54:13Z,baseline_nvml_pt,nvidia-smi,ok,0.0,7.0,1695.0,7601.0,65.25,0.11955200135707855,41.13818359375,41.13818359375,6.0,True,,,,,unavailable,,prefill-facebook-opt-125m-chunk-1024-sm-16,success,,,/mnt/data/dheeraj/dicertation/inference-profile/runs/revised-full-20260414-g0-opt125m/raw/points/prefill/prefill-facebook-opt-125m-chunk-1024-sm-16.csv
facebook/opt-125m,1024,gemm,k_proj,16,2,62.463998794555664,36845056,38417920,1572864,1572864,1024,2026-04-14T11:54:13Z,baseline_nvml_pt,nvidia-smi,ok,0.0,7.0,1695.0,7601.0,65.25,0.11955200135707855,41.13818359375,41.13818359375,6.0,True,,,,,unavailable,,prefill-facebook-opt-125m-chunk-1024-sm-16,success,,,/mnt/data/dheeraj/dicertation/inference-profile/runs/revised-full-20260414-g0-opt125m/raw/points/prefill/prefill-facebook-opt-125m-chunk-1024-sm-16.csv
facebook/opt-125m,1024,gemm,v_proj,16,2,70.65600156784058,36845056,38417920,1572864,1572864,1024,2026-04-14T11:54:13Z,baseline_nvml_pt,nvidia-smi,ok,0.0,7.0,1695.0,7601.0,65.25,0.11955200135707855,41.13818359375,41.13818359375,6.0,True,,,,,unavailable,,prefill-facebook-opt-125m-chunk-1024-sm-16,success,,,/mnt/data/dheeraj/dicertation/inference-profile/runs/revised-full-20260414-g0-opt125m/raw/points/prefill/prefill-facebook-opt-125m-chunk-1024-sm-16.csv
facebook/opt-125m,1024,gemm,out_proj,16,2,61.59999966621399,36845056,38417920,1572864,1572864,1024,2026-04-14T11:54:13Z,baseline_nvml_pt,nvidia-smi,ok,0.0,7.0,1695.0,7601.0,65.25,0.11955200135707855,41.13818359375,41.13818359375,6.0,True,,,,,unavailable,,prefill-facebook-opt-125m-chunk-1024-sm-16,success,,,/mnt/data/dheeraj/dicertation/inference-profile/runs/revised-full-20260414-g0-opt125m/raw/points/prefill/prefill-facebook-opt-125m-chunk-1024-sm-16.csv
facebook/opt-125m,1024,gemm,fc1,16,2,118.65600198507309,36845056,43136512,6291456,6291456,1024,2026-04-14T11:54:13Z,baseline_nvml_pt,nvidia-smi,ok,0.0,7.0,1695.0,7601.0,65.25,0.11955200135707855,41.13818359375,41.13818359375,6.0,True,,,,,unavailable,,prefill-facebook-opt-125m-chunk-1024-sm-16,success,,,/mnt/data/dheeraj/dicertation/inference-profile/runs/revised-full-20260414-g0-opt125m/raw/points/prefill/prefill-facebook-opt-125m-chunk-1024-sm-16.csv
facebook/opt-125m,1024,gemm,fc2,16,2,107.51999914646149,36845056,38417920,1572864,1572864,1024,2026-04-14T11:54:13Z,baseline_nvml_pt,nvidia-smi,ok,0.0,7.0,1695.0,7601.0,65.25,0.11955200135707855,41.13818359375,41.13818359375,6.0,True,,,,,unavailable,,prefill-facebook-opt-125m-chunk-1024-sm-16,success,,,/mnt/data/dheeraj/dicertation/inference-profile/runs/revised-full-20260414-g0-opt125m/raw/points/prefill/prefill-facebook-opt-125m-chunk-1024-sm-16.csv
facebook/opt-125m,1024,attention,attention,16,2,91.96799993515015,36845056,38468096,1623040,1572864,1024,2026-04-14T11:54:13Z,baseline_nvml_pt,nvidia-smi,ok,0.0,7.0,1695.0,7601.0,65.25,0.11955200135707855,41.13818359375,41.13818359375,6.0,True,,,,,unavailable,,prefill-facebook-opt-125m-chunk-1024-sm-16,success,,,/mnt/data/dheeraj/dicertation/inference-profile/runs/revised-full-20260414-g0-opt125m/raw/points/prefill/prefill-facebook-opt-125m-chunk-1024-sm-16.csv
facebook/opt-125m,1024,gemm,q_proj,16,3,76.80000364780426,36845056,38417920,1572864,1572864,1024,2026-04-14T11:54:13Z,baseline_nvml_pt,nvidia-smi,ok,0.0,7.0,1695.0,7601.0,65.25,0.11955200135707855,41.13818359375,41.13818359375,6.0,True,,,,,unavailable,,prefill-facebook-opt-125m-chunk-1024-sm-16,success,,,/mnt/data/dheeraj/dicertation/inference-profile/runs/revised-full-20260414-g0-opt125m/raw/points/prefill/prefill-facebook-opt-125m-chunk-1024-sm-16.csv
facebook/opt-125m,1024,gemm,k_proj,16,3,63.29599767923355,36845056,38417920,1572864,1572864,1024,2026-04-14T11:54:13Z,baseline_nvml_pt,nvidia-smi,ok,0.0,7.0,1695.0,7601.0,65.25,0.11955200135707855,41.13818359375,41.13818359375,6.0,True,,,,,unavailable,,prefill-facebook-opt-125m-chunk-1024-sm-16,success,,,/mnt/data/dheeraj/dicertation/inference-profile/runs/revised-full-20260414-g0-opt125m/raw/points/prefill/prefill-facebook-opt-125m-chunk-1024-sm-16.csv
facebook/opt-125m,1024,gemm,v_proj,16,3,60.416001826524734,36845056,38417920,1572864,1572864,1024,2026-04-14T11:54:13Z,baseline_nvml_pt,nvidia-smi,ok,0.0,7.0,1695.0,7601.0,65.25,0.11955200135707855,41.13818359375,41.13818359375,6.0,True,,,,,unavailable,,prefill-facebook-opt-125m-chunk-1024-sm-16,success,,,/mnt/data/dheeraj/dicertation/inference-profile/runs/revised-full-20260414-g0-opt125m/raw/points/prefill/prefill-facebook-opt-125m-chunk-1024-sm-16.csv
facebook/opt-125m,1024,gemm,out_proj,16,3,62.463998794555664,36845056,38417920,1572864,1572864,1024,2026-04-14T11:54:13Z,baseline_nvml_pt,nvidia-smi,ok,0.0,7.0,1695.0,7601.0,65.25,0.11955200135707855,41.13818359375,41.13818359375,6.0,True,,,,,unavailable,,prefill-facebook-opt-125m-chunk-1024-sm-16,success,,,/mnt/data/dheeraj/dicertation/inference-profile/runs/revised-full-20260414-g0-opt125m/raw/points/prefill/prefill-facebook-opt-125m-chunk-1024-sm-16.csv
facebook/opt-125m,1024,gemm,fc1,16,3,117.69600212574005,36845056,43136512,6291456,6291456,1024,2026-04-14T11:54:13Z,baseline_nvml_pt,nvidia-smi,ok,0.0,7.0,1695.0,7601.0,65.25,0.11955200135707855,41.13818359375,41.13818359375,6.0,True,,,,,unavailable,,prefill-facebook-opt-125m-chunk-1024-sm-16,success,,,/mnt/data/dheeraj/dicertation/inference-profile/runs/revised-full-20260414-g0-opt125m/raw/points/prefill/prefill-facebook-opt-125m-chunk-1024-sm-16.csv
facebook/opt-125m,1024,gemm,fc2,16,3,108.5439994931221,36845056,38417920,1572864,1572864,1024,2026-04-14T11:54:13Z,baseline_nvml_pt,nvidia-smi,ok,0.0,7.0,1695.0,7601.0,65.25,0.11955200135707855,41.13818359375,41.13818359375,6.0,True,,,,,unavailable,,prefill-facebook-opt-125m-chunk-1024-sm-16,success,,,/mnt/data/dheeraj/dicertation/inference-profile/runs/revised-full-20260414-g0-opt125m/raw/points/prefill/prefill-facebook-opt-125m-chunk-1024-sm-16.csv
facebook/opt-125m,1024,attention,attention,16,3,90.11200070381165,36845056,38468096,1623040,1572864,1024,2026-04-14T11:54:13Z,baseline_nvml_pt,nvidia-smi,ok,0.0,7.0,1695.0,7601.0,65.25,0.11955200135707855,41.13818359375,41.13818359375,6.0,True,,,,,unavailable,,prefill-facebook-opt-125m-chunk-1024-sm-16,success,,,/mnt/data/dheeraj/dicertation/inference-profile/runs/revised-full-20260414-g0-opt125m/raw/points/prefill/prefill-facebook-opt-125m-chunk-1024-sm-16.csv
facebook/opt-125m,1024,gemm,q_proj,16,4,66.6240006685257,36845056,38417920,1572864,1572864,1024,2026-04-14T11:54:13Z,baseline_nvml_pt,nvidia-smi,ok,0.0,7.0,1695.0,7601.0,65.25,0.11955200135707855,41.13818359375,41.13818359375,6.0,True,,,,,unavailable,,prefill-facebook-opt-125m-chunk-1024-sm-16,success,,,/mnt/data/dheeraj/dicertation/inference-profile/runs/revised-full-20260414-g0-opt125m/raw/points/prefill/prefill-facebook-opt-125m-chunk-1024-sm-16.csv
facebook/opt-125m,1024,gemm,k_proj,16,4,60.416001826524734,36845056,38417920,1572864,1572864,1024,2026-04-14T11:54:13Z,baseline_nvml_pt,nvidia-smi,ok,0.0,7.0,1695.0,7601.0,65.25,0.11955200135707855,41.13818359375,41.13818359375,6.0,True,,,,,unavailable,,prefill-facebook-opt-125m-chunk-1024-sm-16,success,,,/mnt/data/dheeraj/dicertation/inference-profile/runs/revised-full-20260414-g0-opt125m/raw/points/prefill/prefill-facebook-opt-125m-chunk-1024-sm-16.csv
facebook/opt-125m,1024,gemm,v_proj,16,4,58.52799862623215,36845056,38417920,1572864,1572864,1024,2026-04-14T11:54:13Z,baseline_nvml_pt,nvidia-smi,ok,0.0,7.0,1695.0,7601.0,65.25,0.11955200135707855,41.13818359375,41.13818359375,6.0,True,,,,,unavailable,,prefill-facebook-opt-125m-chunk-1024-sm-16,success,,,/mnt/data/dheeraj/dicertation/inference-profile/runs/revised-full-20260414-g0-opt125m/raw/points/prefill/prefill-facebook-opt-125m-chunk-1024-sm-16.csv
facebook/opt-125m,1024,gemm,out_proj,16,4,61.664000153541565,36845056,38417920,1572864,1572864,1024,2026-04-14T11:54:13Z,baseline_nvml_pt,nvidia-smi,ok,0.0,7.0,1695.0,7601.0,65.25,0.11955200135707855,41.13818359375,41.13818359375,6.0,True,,,,,unavailable,,prefill-facebook-opt-125m-chunk-1024-sm-16,success,,,/mnt/data/dheeraj/dicertation/inference-profile/runs/revised-full-20260414-g0-opt125m/raw/points/prefill/prefill-facebook-opt-125m-chunk-1024-sm-16.csv
facebook/opt-125m,1024,gemm,fc1,16,4,115.7120019197464,36845056,43136512,6291456,6291456,1024,2026-04-14T11:54:13Z,baseline_nvml_pt,nvidia-smi,ok,0.0,7.0,1695.0,7601.0,65.25,0.11955200135707855,41.13818359375,41.13818359375,6.0,True,,,,,unavailable,,prefill-facebook-opt-125m-chunk-1024-sm-16,success,,,/mnt/data/dheeraj/dicertation/inference-profile/runs/revised-full-20260414-g0-opt125m/raw/points/prefill/prefill-facebook-opt-125m-chunk-1024-sm-16.csv
facebook/opt-125m,1024,gemm,fc2,16,4,106.49599879980087,36845056,38417920,1572864,1572864,1024,2026-04-14T11:54:13Z,baseline_nvml_pt,nvidia-smi,ok,0.0,7.0,1695.0,7601.0,65.25,0.11955200135707855,41.13818359375,41.13818359375,6.0,True,,,,,unavailable,,prefill-facebook-opt-125m-chunk-1024-sm-16,success,,,/mnt/data/dheeraj/dicertation/inference-profile/runs/revised-full-20260414-g0-opt125m/raw/points/prefill/prefill-facebook-opt-125m-chunk-1024-sm-16.csv
facebook/opt-125m,1024,attention,attention,16,4,89.08800035715103,36845056,38468096,1623040,1572864,1024,2026-04-14T11:54:13Z,baseline_nvml_pt,nvidia-smi,ok,0.0,7.0,1695.0,7601.0,65.25,0.11955200135707855,41.13818359375,41.13818359375,6.0,True,,,,,unavailable,,prefill-facebook-opt-125m-chunk-1024-sm-16,success,,,/mnt/data/dheeraj/dicertation/inference-profile/runs/revised-full-20260414-g0-opt125m/raw/points/prefill/prefill-facebook-opt-125m-chunk-1024-sm-16.csv
facebook/opt-125m,1024,gemm,q_proj,24,0,87.0399996638298,36845056,38417920,1572864,1572864,1024,2026-04-14T11:54:19Z,baseline_nvml_pt,nvidia-smi,ok,0.0,7.0,1695.0,7601.0,64.68,0.11980800330638885,41.13818359375,41.13818359375,6.0,True,,,,,unavailable,,prefill-facebook-opt-125m-chunk-1024-sm-24,success,,,/mnt/data/dheeraj/dicertation/inference-profile/runs/revised-full-20260414-g0-opt125m/raw/points/prefill/prefill-facebook-opt-125m-chunk-1024-sm-24.csv
facebook/opt-125m,1024,gemm,k_proj,24,0,76.80000364780426,36845056,38417920,1572864,1572864,1024,2026-04-14T11:54:19Z,baseline_nvml_pt,nvidia-smi,ok,0.0,7.0,1695.0,7601.0,64.68,0.11980800330638885,41.13818359375,41.13818359375,6.0,True,,,,,unavailable,,prefill-facebook-opt-125m-chunk-1024-sm-24,success,,,/mnt/data/dheeraj/dicertation/inference-profile/runs/revised-full-20260414-g0-opt125m/raw/points/prefill/prefill-facebook-opt-125m-chunk-1024-sm-24.csv
facebook/opt-125m,1024,gemm,v_proj,24,0,67.58400052785873,36845056,38417920,1572864,1572864,1024,2026-04-14T11:54:19Z,baseline_nvml_pt,nvidia-smi,ok,0.0,7.0,1695.0,7601.0,64.68,0.11980800330638885,41.13818359375,41.13818359375,6.0,True,,,,,unavailable,,prefill-facebook-opt-125m-chunk-1024-sm-24,success,,,/mnt/data/dheeraj/dicertation/inference-profile/runs/revised-full-20260414-g0-opt125m/raw/points/prefill/prefill-facebook-opt-125m-chunk-1024-sm-24.csv
facebook/opt-125m,1024,gemm,out_proj,24,0,76.80000364780426,36845056,38417920,1572864,1572864,1024,2026-04-14T11:54:19Z,baseline_nvml_pt,nvidia-smi,ok,0.0,7.0,1695.0,7601.0,64.68,0.11980800330638885,41.13818359375,41.13818359375,6.0,True,,,,,unavailable,,prefill-facebook-opt-125m-chunk-1024-sm-24,success,,,/mnt/data/dheeraj/dicertation/inference-profile/runs/revised-full-20260414-g0-opt125m/raw/points/prefill/prefill-facebook-opt-125m-chunk-1024-sm-24.csv
facebook/opt-125m,1024,gemm,fc1,24,0,119.80800330638885,36845056,43136512,6291456,6291456,1024,2026-04-14T11:54:19Z,baseline_nvml_pt,nvidia-smi,ok,0.0,7.0,1695.0,7601.0,64.68,0.11980800330638885,41.13818359375,41.13818359375,6.0,True,,,,,unavailable,,prefill-facebook-opt-125m-chunk-1024-sm-24,success,,,/mnt/data/dheeraj/dicertation/inference-profile/runs/revised-full-20260414-g0-opt125m/raw/points/prefill/prefill-facebook-opt-125m-chunk-1024-sm-24.csv
facebook/opt-125m,1024,gemm,fc2,24,0,108.5439994931221,36845056,38417920,1572864,1572864,1024,2026-04-14T11:54:19Z,baseline_nvml_pt,nvidia-smi,ok,0.0,7.0,1695.0,7601.0,64.68,0.11980800330638885,41.13818359375,41.13818359375,6.0,True,,,,,unavailable,,prefill-facebook-opt-125m-chunk-1024-sm-24,success,,,/mnt/data/dheeraj/dicertation/inference-profile/runs/revised-full-20260414-g0-opt125m/raw/points/prefill/prefill-facebook-opt-125m-chunk-1024-sm-24.csv
facebook/opt-125m,1024,attention,attention,24,0,97.50399738550186,36845056,38468096,1623040,1572864,1024,2026-04-14T11:54:19Z,baseline_nvml_pt,nvidia-smi,ok,0.0,7.0,1695.0,7601.0,64.68,0.11980800330638885,41.13818359375,41.13818359375,6.0,True,,,,,unavailable,,prefill-facebook-opt-125m-chunk-1024-sm-24,success,,,/mnt/data/dheeraj/dicertation/inference-profile/runs/revised-full-20260414-g0-opt125m/raw/points/prefill/prefill-facebook-opt-125m-chunk-1024-sm-24.csv
facebook/opt-125m,1024,gemm,q_proj,24,1,68.54400038719177,36845056,38417920,1572864,1572864,1024,2026-04-14T11:54:19Z,baseline_nvml_pt,nvidia-smi,ok,0.0,7.0,1695.0,7601.0,64.68,0.11980800330638885,41.13818359375,41.13818359375,6.0,True,,,,,unavailable,,prefill-facebook-opt-125m-chunk-1024-sm-24,success,,,/mnt/data/dheeraj/dicertation/inference-profile/runs/revised-full-20260414-g0-opt125m/raw/points/prefill/prefill-facebook-opt-125m-chunk-1024-sm-24.csv
facebook/opt-125m,1024,gemm,k_proj,24,1,66.56000018119812,36845056,38417920,1572864,1572864,1024,2026-04-14T11:54:19Z,baseline_nvml_pt,nvidia-smi,ok,0.0,7.0,1695.0,7601.0,64.68,0.11980800330638885,41.13818359375,41.13818359375,6.0,True,,,,,unavailable,,prefill-facebook-opt-125m-chunk-1024-sm-24,success,,,/mnt/data/dheeraj/dicertation/inference-profile/runs/revised-full-20260414-g0-opt125m/raw/points/prefill/prefill-facebook-opt-125m-chunk-1024-sm-24.csv
facebook/opt-125m,1024,gemm,v_proj,24,1,62.33600154519081,36845056,38417920,1572864,1572864,1024,2026-04-14T11:54:19Z,baseline_nvml_pt,nvidia-smi,ok,0.0,7.0,1695.0,7601.0,64.68,0.11980800330638885,41.13818359375,41.13818359375,6.0,True,,,,,unavailable,,prefill-facebook-opt-125m-chunk-1024-sm-24,success,,,/mnt/data/dheeraj/dicertation/inference-profile/runs/revised-full-20260414-g0-opt125m/raw/points/prefill/prefill-facebook-opt-125m-chunk-1024-sm-24.csv
facebook/opt-125m,1024,gemm,out_proj,24,1,62.463998794555664,36845056,38417920,1572864,1572864,1024,2026-04-14T11:54:19Z,baseline_nvml_pt,nvidia-smi,ok,0.0,7.0,1695.0,7601.0,64.68,0.11980800330638885,41.13818359375,41.13818359375,6.0,True,,,,,unavailable,,prefill-facebook-opt-125m-chunk-1024-sm-24,success,,,/mnt/data/dheeraj/dicertation/inference-profile/runs/revised-full-20260414-g0-opt125m/raw/points/prefill/prefill-facebook-opt-125m-chunk-1024-sm-24.csv
facebook/opt-125m,1024,gemm,fc1,24,1,115.7120019197464,36845056,43136512,6291456,6291456,1024,2026-04-14T11:54:19Z,baseline_nvml_pt,nvidia-smi,ok,0.0,7.0,1695.0,7601.0,64.68,0.11980800330638885,41.13818359375,41.13818359375,6.0,True,,,,,unavailable,,prefill-facebook-opt-125m-chunk-1024-sm-24,success,,,/mnt/data/dheeraj/dicertation/inference-profile/runs/revised-full-20260414-g0-opt125m/raw/points/prefill/prefill-facebook-opt-125m-chunk-1024-sm-24.csv
facebook/opt-125m,1024,gemm,fc2,24,1,106.20799660682678,36845056,38417920,1572864,1572864,1024,2026-04-14T11:54:19Z,baseline_nvml_pt,nvidia-smi,ok,0.0,7.0,1695.0,7601.0,64.68,0.11980800330638885,41.13818359375,41.13818359375,6.0,True,,,,,unavailable,,prefill-facebook-opt-125m-chunk-1024-sm-24,success,,,/mnt/data/dheeraj/dicertation/inference-profile/runs/revised-full-20260414-g0-opt125m/raw/points/prefill/prefill-facebook-opt-125m-chunk-1024-sm-24.csv
facebook/opt-125m,1024,attention,attention,24,1,93.18400174379349,36845056,38468096,1623040,1572864,1024,2026-04-14T11:54:19Z,baseline_nvml_pt,nvidia-smi,ok,0.0,7.0,1695.0,7601.0,64.68,0.11980800330638885,41.13818359375,41.13818359375,6.0,True,,,,,unavailable,,prefill-facebook-opt-125m-chunk-1024-sm-24,success,,,/mnt/data/dheeraj/dicertation/inference-profile/runs/revised-full-20260414-g0-opt125m/raw/points/prefill/prefill-facebook-opt-125m-chunk-1024-sm-24.csv
facebook/opt-125m,1024,gemm,q_proj,24,2,66.56000018119812,36845056,38417920,1572864,1572864,1024,2026-04-14T11:54:19Z,baseline_nvml_pt,nvidia-smi,ok,0.0,7.0,1695.0,7601.0,64.68,0.11980800330638885,41.13818359375,41.13818359375,6.0,True,,,,,unavailable,,prefill-facebook-opt-125m-chunk-1024-sm-24,success,,,/mnt/data/dheeraj/dicertation/inference-profile/runs/revised-full-20260414-g0-opt125m/raw/points/prefill/prefill-facebook-opt-125m-chunk-1024-sm-24.csv
facebook/opt-125m,1024,gemm,k_proj,24,2,62.463998794555664,36845056,38417920,1572864,1572864,1024,2026-04-14T11:54:19Z,baseline_nvml_pt,nvidia-smi,ok,0.0,7.0,1695.0,7601.0,64.68,0.11980800330638885,41.13818359375,41.13818359375,6.0,True,,,,,unavailable,,prefill-facebook-opt-125m-chunk-1024-sm-24,success,,,/mnt/data/dheeraj/dicertation/inference-profile/runs/revised-full-20260414-g0-opt125m/raw/points/prefill/prefill-facebook-opt-125m-chunk-1024-sm-24.csv
facebook/opt-125m,1024,gemm,v_proj,24,2,73.72800260782242,36845056,38417920,1572864,1572864,1024,2026-04-14T11:54:19Z,baseline_nvml_pt,nvidia-smi,ok,0.0,7.0,1695.0,7601.0,64.68,0.11980800330638885,41.13818359375,41.13818359375,6.0,True,,,,,unavailable,,prefill-facebook-opt-125m-chunk-1024-sm-24,success,,,/mnt/data/dheeraj/dicertation/inference-profile/runs/revised-full-20260414-g0-opt125m/raw/points/prefill/prefill-facebook-opt-125m-chunk-1024-sm-24.csv
facebook/opt-125m,1024,gemm,out_proj,24,2,68.64000111818314,36845056,38417920,1572864,1572864,1024,2026-04-14T11:54:19Z,baseline_nvml_pt,nvidia-smi,ok,0.0,7.0,1695.0,7601.0,64.68,0.11980800330638885,41.13818359375,41.13818359375,6.0,True,,,,,unavailable,,prefill-facebook-opt-125m-chunk-1024-sm-24,success,,,/mnt/data/dheeraj/dicertation/inference-profile/runs/revised-full-20260414-g0-opt125m/raw/points/prefill/prefill-facebook-opt-125m-chunk-1024-sm-24.csv
facebook/opt-125m,1024,gemm,fc1,24,2,118.75200271606445,36845056,43136512,6291456,6291456,1024,2026-04-14T11:54:19Z,baseline_nvml_pt,nvidia-smi,ok,0.0,7.0,1695.0,7601.0,64.68,0.11980800330638885,41.13818359375,41.13818359375,6.0,True,,,,,unavailable,,prefill-facebook-opt-125m-chunk-1024-sm-24,success,,,/mnt/data/dheeraj/dicertation/inference-profile/runs/revised-full-20260414-g0-opt125m/raw/points/prefill/prefill-facebook-opt-125m-chunk-1024-sm-24.csv
facebook/opt-125m,1024,gemm,fc2,24,2,107.45599865913391,36845056,38417920,1572864,1572864,1024,2026-04-14T11:54:19Z,baseline_nvml_pt,nvidia-smi,ok,0.0,7.0,1695.0,7601.0,64.68,0.11980800330638885,41.13818359375,41.13818359375,6.0,True,,,,,unavailable,,prefill-facebook-opt-125m-chunk-1024-sm-24,success,,,/mnt/data/dheeraj/dicertation/inference-profile/runs/revised-full-20260414-g0-opt125m/raw/points/prefill/prefill-facebook-opt-125m-chunk-1024-sm-24.csv
facebook/opt-125m,1024,attention,attention,24,2,94.01600062847137,36845056,38468096,1623040,1572864,1024,2026-04-14T11:54:19Z,baseline_nvml_pt,nvidia-smi,ok,0.0,7.0,1695.0,7601.0,64.68,0.11980800330638885,41.13818359375,41.13818359375,6.0,True,,,,,unavailable,,prefill-facebook-opt-125m-chunk-1024-sm-24,success,,,/mnt/data/dheeraj/dicertation/inference-profile/runs/revised-full-20260414-g0-opt125m/raw/points/prefill/prefill-facebook-opt-125m-chunk-1024-sm-24.csv
facebook/opt-125m,1024,gemm,q_proj,24,3,66.52799993753433,36845056,38417920,1572864,1572864,1024,2026-04-14T11:54:19Z,baseline_nvml_pt,nvidia-smi,ok,0.0,7.0,1695.0,7601.0,64.68,0.11980800330638885,41.13818359375,41.13818359375,6.0,True,,,,,unavailable,,prefill-facebook-opt-125m-chunk-1024-sm-24,success,,,/mnt/data/dheeraj/dicertation/inference-profile/runs/revised-full-20260414-g0-opt125m/raw/points/prefill/prefill-facebook-opt-125m-chunk-1024-sm-24.csv
facebook/opt-125m,1024,gemm,k_proj,24,3,61.37600168585777,36845056,38417920,1572864,1572864,1024,2026-04-14T11:54:19Z,baseline_nvml_pt,nvidia-smi,ok,0.0,7.0,1695.0,7601.0,64.68,0.11980800330638885,41.13818359375,41.13818359375,6.0,True,,,,,unavailable,,prefill-facebook-opt-125m-chunk-1024-sm-24,success,,,/mnt/data/dheeraj/dicertation/inference-profile/runs/revised-full-20260414-g0-opt125m/raw/points/prefill/prefill-facebook-opt-125m-chunk-1024-sm-24.csv
facebook/opt-125m,1024,gemm,v_proj,24,3,60.416001826524734,36845056,38417920,1572864,1572864,1024,2026-04-14T11:54:19Z,baseline_nvml_pt,nvidia-smi,ok,0.0,7.0,1695.0,7601.0,64.68,0.11980800330638885,41.13818359375,41.13818359375,6.0,True,,,,,unavailable,,prefill-facebook-opt-125m-chunk-1024-sm-24,success,,,/mnt/data/dheeraj/dicertation/inference-profile/runs/revised-full-20260414-g0-opt125m/raw/points/prefill/prefill-facebook-opt-125m-chunk-1024-sm-24.csv
facebook/opt-125m,1024,gemm,out_proj,24,3,63.48799914121628,36845056,38417920,1572864,1572864,1024,2026-04-14T11:54:19Z,baseline_nvml_pt,nvidia-smi,ok,0.0,7.0,1695.0,7601.0,64.68,0.11980800330638885,41.13818359375,41.13818359375,6.0,True,,,,,unavailable,,prefill-facebook-opt-125m-chunk-1024-sm-24,success,,,/mnt/data/dheeraj/dicertation/inference-profile/runs/revised-full-20260414-g0-opt125m/raw/points/prefill/prefill-facebook-opt-125m-chunk-1024-sm-24.csv
facebook/opt-125m,1024,gemm,fc1,24,3,116.73600226640701,36845056,43136512,6291456,6291456,1024,2026-04-14T11:54:19Z,baseline_nvml_pt,nvidia-smi,ok,0.0,7.0,1695.0,7601.0,64.68,0.11980800330638885,41.13818359375,41.13818359375,6.0,True,,,,,unavailable,,prefill-facebook-opt-125m-chunk-1024-sm-24,success,,,/mnt/data/dheeraj/dicertation/inference-profile/runs/revised-full-20260414-g0-opt125m/raw/points/prefill/prefill-facebook-opt-125m-chunk-1024-sm-24.csv
facebook/opt-125m,1024,gemm,fc2,24,3,107.51999914646149,36845056,38417920,1572864,1572864,1024,2026-04-14T11:54:19Z,baseline_nvml_pt,nvidia-smi,ok,0.0,7.0,1695.0,7601.0,64.68,0.11980800330638885,41.13818359375,41.13818359375,6.0,True,,,,,unavailable,,prefill-facebook-opt-125m-chunk-1024-sm-24,success,,,/mnt/data/dheeraj/dicertation/inference-profile/runs/revised-full-20260414-g0-opt125m/raw/points/prefill/prefill-facebook-opt-125m-chunk-1024-sm-24.csv
facebook/opt-125m,1024,attention,attention,24,3,92.0960009098053,36845056,38468096,1623040,1572864,1024,2026-04-14T11:54:19Z,baseline_nvml_pt,nvidia-smi,ok,0.0,7.0,1695.0,7601.0,64.68,0.11980800330638885,41.13818359375,41.13818359375,6.0,True,,,,,unavailable,,prefill-facebook-opt-125m-chunk-1024-sm-24,success,,,/mnt/data/dheeraj/dicertation/inference-profile/runs/revised-full-20260414-g0-opt125m/raw/points/prefill/prefill-facebook-opt-125m-chunk-1024-sm-24.csv
facebook/opt-125m,1024,gemm,q_proj,24,4,65.5359998345375,36845056,38417920,1572864,1572864,1024,2026-04-14T11:54:19Z,baseline_nvml_pt,nvidia-smi,ok,0.0,7.0,1695.0,7601.0,64.68,0.11980800330638885,41.13818359375,41.13818359375,6.0,True,,,,,unavailable,,prefill-facebook-opt-125m-chunk-1024-sm-24,success,,,/mnt/data/dheeraj/dicertation/inference-profile/runs/revised-full-20260414-g0-opt125m/raw/points/prefill/prefill-facebook-opt-125m-chunk-1024-sm-24.csv
facebook/opt-125m,1024,gemm,k_proj,24,4,60.416001826524734,36845056,38417920,1572864,1572864,1024,2026-04-14T11:54:19Z,baseline_nvml_pt,nvidia-smi,ok,0.0,7.0,1695.0,7601.0,64.68,0.11980800330638885,41.13818359375,41.13818359375,6.0,True,,,,,unavailable,,prefill-facebook-opt-125m-chunk-1024-sm-24,success,,,/mnt/data/dheeraj/dicertation/inference-profile/runs/revised-full-20260414-g0-opt125m/raw/points/prefill/prefill-facebook-opt-125m-chunk-1024-sm-24.csv
facebook/opt-125m,1024,gemm,v_proj,24,4,60.256000608205795,36845056,38417920,1572864,1572864,1024,2026-04-14T11:54:19Z,baseline_nvml_pt,nvidia-smi,ok,0.0,7.0,1695.0,7601.0,64.68,0.11980800330638885,41.13818359375,41.13818359375,6.0,True,,,,,unavailable,,prefill-facebook-opt-125m-chunk-1024-sm-24,success,,,/mnt/data/dheeraj/dicertation/inference-profile/runs/revised-full-20260414-g0-opt125m/raw/points/prefill/prefill-facebook-opt-125m-chunk-1024-sm-24.csv
facebook/opt-125m,1024,gemm,out_proj,24,4,62.463998794555664,36845056,38417920,1572864,1572864,1024,2026-04-14T11:54:19Z,baseline_nvml_pt,nvidia-smi,ok,0.0,7.0,1695.0,7601.0,64.68,0.11980800330638885,41.13818359375,41.13818359375,6.0,True,,,,,unavailable,,prefill-facebook-opt-125m-chunk-1024-sm-24,success,,,/mnt/data/dheeraj/dicertation/inference-profile/runs/revised-full-20260414-g0-opt125m/raw/points/prefill/prefill-facebook-opt-125m-chunk-1024-sm-24.csv
facebook/opt-125m,1024,gemm,fc1,24,4,115.61600118875504,36845056,43136512,6291456,6291456,1024,2026-04-14T11:54:19Z,baseline_nvml_pt,nvidia-smi,ok,0.0,7.0,1695.0,7601.0,64.68,0.11980800330638885,41.13818359375,41.13818359375,6.0,True,,,,,unavailable,,prefill-facebook-opt-125m-chunk-1024-sm-24,success,,,/mnt/data/dheeraj/dicertation/inference-profile/runs/revised-full-20260414-g0-opt125m/raw/points/prefill/prefill-facebook-opt-125m-chunk-1024-sm-24.csv
facebook/opt-125m,1024,gemm,fc2,24,4,104.44799810647964,36845056,38417920,1572864,1572864,1024,2026-04-14T11:54:19Z,baseline_nvml_pt,nvidia-smi,ok,0.0,7.0,1695.0,7601.0,64.68,0.11980800330638885,41.13818359375,41.13818359375,6.0,True,,,,,unavailable,,prefill-facebook-opt-125m-chunk-1024-sm-24,success,,,/mnt/data/dheeraj/dicertation/inference-profile/runs/revised-full-20260414-g0-opt125m/raw/points/prefill/prefill-facebook-opt-125m-chunk-1024-sm-24.csv
facebook/opt-125m,1024,attention,attention,24,4,91.13600105047226,36845056,38468096,1623040,1572864,1024,2026-04-14T11:54:19Z,baseline_nvml_pt,nvidia-smi,ok,0.0,7.0,1695.0,7601.0,64.68,0.11980800330638885,41.13818359375,41.13818359375,6.0,True,,,,,unavailable,,prefill-facebook-opt-125m-chunk-1024-sm-24,success,,,/mnt/data/dheeraj/dicertation/inference-profile/runs/revised-full-20260414-g0-opt125m/raw/points/prefill/prefill-facebook-opt-125m-chunk-1024-sm-24.csv
facebook/opt-125m,1024,gemm,q_proj,32,0,104.51199859380722,36845056,38417920,1572864,1572864,1024,2026-04-14T11:54:24Z,baseline_nvml_pt,nvidia-smi,ok,0.0,7.0,1695.0,7601.0,64.75,0.11878400295972824,41.13818359375,41.13818359375,6.0,True,,,,,unavailable,,prefill-facebook-opt-125m-chunk-1024-sm-32,success,,,/mnt/data/dheeraj/dicertation/inference-profile/runs/revised-full-20260414-g0-opt125m/raw/points/prefill/prefill-facebook-opt-125m-chunk-1024-sm-32.csv
facebook/opt-125m,1024,gemm,k_proj,32,0,74.68800246715546,36845056,38417920,1572864,1572864,1024,2026-04-14T11:54:24Z,baseline_nvml_pt,nvidia-smi,ok,0.0,7.0,1695.0,7601.0,64.75,0.11878400295972824,41.13818359375,41.13818359375,6.0,True,,,,,unavailable,,prefill-facebook-opt-125m-chunk-1024-sm-32,success,,,/mnt/data/dheeraj/dicertation/inference-profile/runs/revised-full-20260414-g0-opt125m/raw/points/prefill/prefill-facebook-opt-125m-chunk-1024-sm-32.csv
facebook/opt-125m,1024,gemm,v_proj,32,0,74.75200295448303,36845056,38417920,1572864,1572864,1024,2026-04-14T11:54:24Z,baseline_nvml_pt,nvidia-smi,ok,0.0,7.0,1695.0,7601.0,64.75,0.11878400295972824,41.13818359375,41.13818359375,6.0,True,,,,,unavailable,,prefill-facebook-opt-125m-chunk-1024-sm-32,success,,,/mnt/data/dheeraj/dicertation/inference-profile/runs/revised-full-20260414-g0-opt125m/raw/points/prefill/prefill-facebook-opt-125m-chunk-1024-sm-32.csv
facebook/opt-125m,1024,gemm,out_proj,32,0,72.48000055551529,36845056,38417920,1572864,1572864,1024,2026-04-14T11:54:24Z,baseline_nvml_pt,nvidia-smi,ok,0.0,7.0,1695.0,7601.0,64.75,0.11878400295972824,41.13818359375,41.13818359375,6.0,True,,,,,unavailable,,prefill-facebook-opt-125m-chunk-1024-sm-32,success,,,/mnt/data/dheeraj/dicertation/inference-profile/runs/revised-full-20260414-g0-opt125m/raw/points/prefill/prefill-facebook-opt-125m-chunk-1024-sm-32.csv
facebook/opt-125m,1024,gemm,fc1,32,0,118.78400295972824,36845056,43136512,6291456,6291456,1024,2026-04-14T11:54:24Z,baseline_nvml_pt,nvidia-smi,ok,0.0,7.0,1695.0,7601.0,64.75,0.11878400295972824,41.13818359375,41.13818359375,6.0,True,,,,,unavailable,,prefill-facebook-opt-125m-chunk-1024-sm-32,success,,,/mnt/data/dheeraj/dicertation/inference-profile/runs/revised-full-20260414-g0-opt125m/raw/points/prefill/prefill-facebook-opt-125m-chunk-1024-sm-32.csv
facebook/opt-125m,1024,gemm,fc2,32,0,114.94400352239609,36845056,38417920,1572864,1572864,1024,2026-04-14T11:54:24Z,baseline_nvml_pt,nvidia-smi,ok,0.0,7.0,1695.0,7601.0,64.75,0.11878400295972824,41.13818359375,41.13818359375,6.0,True,,,,,unavailable,,prefill-facebook-opt-125m-chunk-1024-sm-32,success,,,/mnt/data/dheeraj/dicertation/inference-profile/runs/revised-full-20260414-g0-opt125m/raw/points/prefill/prefill-facebook-opt-125m-chunk-1024-sm-32.csv
facebook/opt-125m,1024,attention,attention,32,0,92.00000017881393,36845056,38468096,1623040,1572864,1024,2026-04-14T11:54:24Z,baseline_nvml_pt,nvidia-smi,ok,0.0,7.0,1695.0,7601.0,64.75,0.11878400295972824,41.13818359375,41.13818359375,6.0,True,,,,,unavailable,,prefill-facebook-opt-125m-chunk-1024-sm-32,success,,,/mnt/data/dheeraj/dicertation/inference-profile/runs/revised-full-20260414-g0-opt125m/raw/points/prefill/prefill-facebook-opt-125m-chunk-1024-sm-32.csv
facebook/opt-125m,1024,gemm,q_proj,32,1,66.56000018119812,36845056,38417920,1572864,1572864,1024,2026-04-14T11:54:24Z,baseline_nvml_pt,nvidia-smi,ok,0.0,7.0,1695.0,7601.0,64.75,0.11878400295972824,41.13818359375,41.13818359375,6.0,True,,,,,unavailable,,prefill-facebook-opt-125m-chunk-1024-sm-32,success,,,/mnt/data/dheeraj/dicertation/inference-profile/runs/revised-full-20260414-g0-opt125m/raw/points/prefill/prefill-facebook-opt-125m-chunk-1024-sm-32.csv
facebook/opt-125m,1024,gemm,k_proj,32,1,66.56000018119812,36845056,38417920,1572864,1572864,1024,2026-04-14T11:54:24Z,baseline_nvml_pt,nvidia-smi,ok,0.0,7.0,1695.0,7601.0,64.75,0.11878400295972824,41.13818359375,41.13818359375,6.0,True,,,,,unavailable,,prefill-facebook-opt-125m-chunk-1024-sm-32,success,,,/mnt/data/dheeraj/dicertation/inference-profile/runs/revised-full-20260414-g0-opt125m/raw/points/prefill/prefill-facebook-opt-125m-chunk-1024-sm-32.csv
facebook/opt-125m,1024,gemm,v_proj,32,1,62.20800057053566,36845056,38417920,1572864,1572864,1024,2026-04-14T11:54:24Z,baseline_nvml_pt,nvidia-smi,ok,0.0,7.0,1695.0,7601.0,64.75,0.11878400295972824,41.13818359375,41.13818359375,6.0,True,,,,,unavailable,,prefill-facebook-opt-125m-chunk-1024-sm-32,success,,,/mnt/data/dheeraj/dicertation/inference-profile/runs/revised-full-20260414-g0-opt125m/raw/points/prefill/prefill-facebook-opt-125m-chunk-1024-sm-32.csv
facebook/opt-125m,1024,gemm,out_proj,32,1,58.62399935722351,36845056,38417920,1572864,1572864,1024,2026-04-14T11:54:24Z,baseline_nvml_pt,nvidia-smi,ok,0.0,7.0,1695.0,7601.0,64.75,0.11878400295972824,41.13818359375,41.13818359375,6.0,True,,,,,unavailable,,prefill-facebook-opt-125m-chunk-1024-sm-32,success,,,/mnt/data/dheeraj/dicertation/inference-profile/runs/revised-full-20260414-g0-opt125m/raw/points/prefill/prefill-facebook-opt-125m-chunk-1024-sm-32.csv
facebook/opt-125m,1024,gemm,fc1,32,1,114.68800157308578,36845056,43136512,6291456,6291456,1024,2026-04-14T11:54:24Z,baseline_nvml_pt,nvidia-smi,ok,0.0,7.0,1695.0,7601.0,64.75,0.11878400295972824,41.13818359375,41.13818359375,6.0,True,,,,,unavailable,,prefill-facebook-opt-125m-chunk-1024-sm-32,success,,,/mnt/data/dheeraj/dicertation/inference-profile/runs/revised-full-20260414-g0-opt125m/raw/points/prefill/prefill-facebook-opt-125m-chunk-1024-sm-32.csv
facebook/opt-125m,1024,gemm,fc2,32,1,107.51999914646149,36845056,38417920,1572864,1572864,1024,2026-04-14T11:54:24Z,baseline_nvml_pt,nvidia-smi,ok,0.0,7.0,1695.0,7601.0,64.75,0.11878400295972824,41.13818359375,41.13818359375,6.0,True,,,,,unavailable,,prefill-facebook-opt-125m-chunk-1024-sm-32,success,,,/mnt/data/dheeraj/dicertation/inference-profile/runs/revised-full-20260414-g0-opt125m/raw/points/prefill/prefill-facebook-opt-125m-chunk-1024-sm-32.csv
facebook/opt-125m,1024,attention,attention,32,1,90.94399958848953,36845056,38468096,1623040,1572864,1024,2026-04-14T11:54:24Z,baseline_nvml_pt,nvidia-smi,ok,0.0,7.0,1695.0,7601.0,64.75,0.11878400295972824,41.13818359375,41.13818359375,6.0,True,,,,,unavailable,,prefill-facebook-opt-125m-chunk-1024-sm-32,success,,,/mnt/data/dheeraj/dicertation/inference-profile/runs/revised-full-20260414-g0-opt125m/raw/points/prefill/prefill-facebook-opt-125m-chunk-1024-sm-32.csv
facebook/opt-125m,1024,gemm,q_proj,32,2,65.5359998345375,36845056,38417920,1572864,1572864,1024,2026-04-14T11:54:24Z,baseline_nvml_pt,nvidia-smi,ok,0.0,7.0,1695.0,7601.0,64.75,0.11878400295972824,41.13818359375,41.13818359375,6.0,True,,,,,unavailable,,prefill-facebook-opt-125m-chunk-1024-sm-32,success,,,/mnt/data/dheeraj/dicertation/inference-profile/runs/revised-full-20260414-g0-opt125m/raw/points/prefill/prefill-facebook-opt-125m-chunk-1024-sm-32.csv
facebook/opt-125m,1024,gemm,k_proj,32,2,63.4239986538887,36845056,38417920,1572864,1572864,1024,2026-04-14T11:54:24Z,baseline_nvml_pt,nvidia-smi,ok,0.0,7.0,1695.0,7601.0,64.75,0.11878400295972824,41.13818359375,41.13818359375,6.0,True,,,,,unavailable,,prefill-facebook-opt-125m-chunk-1024-sm-32,success,,,/mnt/data/dheeraj/dicertation/inference-profile/runs/revised-full-20260414-g0-opt125m/raw/points/prefill/prefill-facebook-opt-125m-chunk-1024-sm-32.csv
facebook/opt-125m,1024,gemm,v_proj,32,2,84.99199897050858,36845056,38417920,1572864,1572864,1024,2026-04-14T11:54:24Z,baseline_nvml_pt,nvidia-smi,ok,0.0,7.0,1695.0,7601.0,64.75,0.11878400295972824,41.13818359375,41.13818359375,6.0,True,,,,,unavailable,,prefill-facebook-opt-125m-chunk-1024-sm-32,success,,,/mnt/data/dheeraj/dicertation/inference-profile/runs/revised-full-20260414-g0-opt125m/raw/points/prefill/prefill-facebook-opt-125m-chunk-1024-sm-32.csv
facebook/opt-125m,1024,gemm,out_proj,32,2,62.752000987529755,36845056,38417920,1572864,1572864,1024,2026-04-14T11:54:24Z,baseline_nvml_pt,nvidia-smi,ok,0.0,7.0,1695.0,7601.0,64.75,0.11878400295972824,41.13818359375,41.13818359375,6.0,True,,,,,unavailable,,prefill-facebook-opt-125m-chunk-1024-sm-32,success,,,/mnt/data/dheeraj/dicertation/inference-profile/runs/revised-full-20260414-g0-opt125m/raw/points/prefill/prefill-facebook-opt-125m-chunk-1024-sm-32.csv
facebook/opt-125m,1024,gemm,fc1,32,2,117.76000261306763,36845056,43136512,6291456,6291456,1024,2026-04-14T11:54:24Z,baseline_nvml_pt,nvidia-smi,ok,0.0,7.0,1695.0,7601.0,64.75,0.11878400295972824,41.13818359375,41.13818359375,6.0,True,,,,,unavailable,,prefill-facebook-opt-125m-chunk-1024-sm-32,success,,,/mnt/data/dheeraj/dicertation/inference-profile/runs/revised-full-20260414-g0-opt125m/raw/points/prefill/prefill-facebook-opt-125m-chunk-1024-sm-32.csv
facebook/opt-125m,1024,gemm,fc2,32,2,107.51999914646149,36845056,38417920,1572864,1572864,1024,2026-04-14T11:54:24Z,baseline_nvml_pt,nvidia-smi,ok,0.0,7.0,1695.0,7601.0,64.75,0.11878400295972824,41.13818359375,41.13818359375,6.0,True,,,,,unavailable,,prefill-facebook-opt-125m-chunk-1024-sm-32,success,,,/mnt/data/dheeraj/dicertation/inference-profile/runs/revised-full-20260414-g0-opt125m/raw/points/prefill/prefill-facebook-opt-125m-chunk-1024-sm-32.csv
facebook/opt-125m,1024,attention,attention,32,2,96.25600278377533,36845056,38468096,1623040,1572864,1024,2026-04-14T11:54:24Z,baseline_nvml_pt,nvidia-smi,ok,0.0,7.0,1695.0,7601.0,64.75,0.11878400295972824,41.13818359375,41.13818359375,6.0,True,,,,,unavailable,,prefill-facebook-opt-125m-chunk-1024-sm-32,success,,,/mnt/data/dheeraj/dicertation/inference-profile/runs/revised-full-20260414-g0-opt125m/raw/points/prefill/prefill-facebook-opt-125m-chunk-1024-sm-32.csv
facebook/opt-125m,1024,gemm,q_proj,32,3,63.680000603199005,36845056,38417920,1572864,1572864,1024,2026-04-14T11:54:24Z,baseline_nvml_pt,nvidia-smi,ok,0.0,7.0,1695.0,7601.0,64.75,0.11878400295972824,41.13818359375,41.13818359375,6.0,True,,,,,unavailable,,prefill-facebook-opt-125m-chunk-1024-sm-32,success,,,/mnt/data/dheeraj/dicertation/inference-profile/runs/revised-full-20260414-g0-opt125m/raw/points/prefill/prefill-facebook-opt-125m-chunk-1024-sm-32.csv
facebook/opt-125m,1024,gemm,k_proj,32,3,61.43999844789505,36845056,38417920,1572864,1572864,1024,2026-04-14T11:54:24Z,baseline_nvml_pt,nvidia-smi,ok,0.0,7.0,1695.0,7601.0,64.75,0.11878400295972824,41.13818359375,41.13818359375,6.0,True,,,,,unavailable,,prefill-facebook-opt-125m-chunk-1024-sm-32,success,,,/mnt/data/dheeraj/dicertation/inference-profile/runs/revised-full-20260414-g0-opt125m/raw/points/prefill/prefill-facebook-opt-125m-chunk-1024-sm-32.csv
facebook/opt-125m,1024,gemm,v_proj,32,3,60.416001826524734,36845056,38417920,1572864,1572864,1024,2026-04-14T11:54:24Z,baseline_nvml_pt,nvidia-smi,ok,0.0,7.0,1695.0,7601.0,64.75,0.11878400295972824,41.13818359375,41.13818359375,6.0,True,,,,,unavailable,,prefill-facebook-opt-125m-chunk-1024-sm-32,success,,,/mnt/data/dheeraj/dicertation/inference-profile/runs/revised-full-20260414-g0-opt125m/raw/points/prefill/prefill-facebook-opt-125m-chunk-1024-sm-32.csv
facebook/opt-125m,1024,gemm,out_proj,32,3,61.24800071120262,36845056,38417920,1572864,1572864,1024,2026-04-14T11:54:24Z,baseline_nvml_pt,nvidia-smi,ok,0.0,7.0,1695.0,7601.0,64.75,0.11878400295972824,41.13818359375,41.13818359375,6.0,True,,,,,unavailable,,prefill-facebook-opt-125m-chunk-1024-sm-32,success,,,/mnt/data/dheeraj/dicertation/inference-profile/runs/revised-full-20260414-g0-opt125m/raw/points/prefill/prefill-facebook-opt-125m-chunk-1024-sm-32.csv
facebook/opt-125m,1024,gemm,fc1,32,3,115.90400338172913,36845056,43136512,6291456,6291456,1024,2026-04-14T11:54:24Z,baseline_nvml_pt,nvidia-smi,ok,0.0,7.0,1695.0,7601.0,64.75,0.11878400295972824,41.13818359375,41.13818359375,6.0,True,,,,,unavailable,,prefill-facebook-opt-125m-chunk-1024-sm-32,success,,,/mnt/data/dheeraj/dicertation/inference-profile/runs/revised-full-20260414-g0-opt125m/raw/points/prefill/prefill-facebook-opt-125m-chunk-1024-sm-32.csv
facebook/opt-125m,1024,gemm,fc2,32,3,108.2879975438118,36845056,38417920,1572864,1572864,1024,2026-04-14T11:54:24Z,baseline_nvml_pt,nvidia-smi,ok,0.0,7.0,1695.0,7601.0,64.75,0.11878400295972824,41.13818359375,41.13818359375,6.0,True,,,,,unavailable,,prefill-facebook-opt-125m-chunk-1024-sm-32,success,,,/mnt/data/dheeraj/dicertation/inference-profile/runs/revised-full-20260414-g0-opt125m/raw/points/prefill/prefill-facebook-opt-125m-chunk-1024-sm-32.csv
facebook/opt-125m,1024,attention,attention,32,3,90.11200070381165,36845056,38468096,1623040,1572864,1024,2026-04-14T11:54:24Z,baseline_nvml_pt,nvidia-smi,ok,0.0,7.0,1695.0,7601.0,64.75,0.11878400295972824,41.13818359375,41.13818359375,6.0,True,,,,,unavailable,,prefill-facebook-opt-125m-chunk-1024-sm-32,success,,,/mnt/data/dheeraj/dicertation/inference-profile/runs/revised-full-20260414-g0-opt125m/raw/points/prefill/prefill-facebook-opt-125m-chunk-1024-sm-32.csv
facebook/opt-125m,1024,gemm,q_proj,32,4,64.51199948787689,36845056,38417920,1572864,1572864,1024,2026-04-14T11:54:24Z,baseline_nvml_pt,nvidia-smi,ok,0.0,7.0,1695.0,7601.0,64.75,0.11878400295972824,41.13818359375,41.13818359375,6.0,True,,,,,unavailable,,prefill-facebook-opt-125m-chunk-1024-sm-32,success,,,/mnt/data/dheeraj/dicertation/inference-profile/runs/revised-full-20260414-g0-opt125m/raw/points/prefill/prefill-facebook-opt-125m-chunk-1024-sm-32.csv
facebook/opt-125m,1024,gemm,k_proj,32,4,60.22400036454201,36845056,38417920,1572864,1572864,1024,2026-04-14T11:54:24Z,baseline_nvml_pt,nvidia-smi,ok,0.0,7.0,1695.0,7601.0,64.75,0.11878400295972824,41.13818359375,41.13818359375,6.0,True,,,,,unavailable,,prefill-facebook-opt-125m-chunk-1024-sm-32,success,,,/mnt/data/dheeraj/dicertation/inference-profile/runs/revised-full-20260414-g0-opt125m/raw/points/prefill/prefill-facebook-opt-125m-chunk-1024-sm-32.csv
facebook/opt-125m,1024,gemm,v_proj,32,4,58.559998869895935,36845056,38417920,1572864,1572864,1024,2026-04-14T11:54:24Z,baseline_nvml_pt,nvidia-smi,ok,0.0,7.0,1695.0,7601.0,64.75,0.11878400295972824,41.13818359375,41.13818359375,6.0,True,,,,,unavailable,,prefill-facebook-opt-125m-chunk-1024-sm-32,success,,,/mnt/data/dheeraj/dicertation/inference-profile/runs/revised-full-20260414-g0-opt125m/raw/points/prefill/prefill-facebook-opt-125m-chunk-1024-sm-32.csv
facebook/opt-125m,1024,gemm,out_proj,32,4,59.39200147986412,36845056,38417920,1572864,1572864,1024,2026-04-14T11:54:24Z,baseline_nvml_pt,nvidia-smi,ok,0.0,7.0,1695.0,7601.0,64.75,0.11878400295972824,41.13818359375,41.13818359375,6.0,True,,,,,unavailable,,prefill-facebook-opt-125m-chunk-1024-sm-32,success,,,/mnt/data/dheeraj/dicertation/inference-profile/runs/revised-full-20260414-g0-opt125m/raw/points/prefill/prefill-facebook-opt-125m-chunk-1024-sm-32.csv
facebook/opt-125m,1024,gemm,fc1,32,4,116.99199676513672,36845056,43136512,6291456,6291456,1024,2026-04-14T11:54:24Z,baseline_nvml_pt,nvidia-smi,ok,0.0,7.0,1695.0,7601.0,64.75,0.11878400295972824,41.13818359375,41.13818359375,6.0,True,,,,,unavailable,,prefill-facebook-opt-125m-chunk-1024-sm-32,success,,,/mnt/data/dheeraj/dicertation/inference-profile/runs/revised-full-20260414-g0-opt125m/raw/points/prefill/prefill-facebook-opt-125m-chunk-1024-sm-32.csv
facebook/opt-125m,1024,gemm,fc2,32,4,105.47199845314026,36845056,38417920,1572864,1572864,1024,2026-04-14T11:54:24Z,baseline_nvml_pt,nvidia-smi,ok,0.0,7.0,1695.0,7601.0,64.75,0.11878400295972824,41.13818359375,41.13818359375,6.0,True,,,,,unavailable,,prefill-facebook-opt-125m-chunk-1024-sm-32,success,,,/mnt/data/dheeraj/dicertation/inference-profile/runs/revised-full-20260414-g0-opt125m/raw/points/prefill/prefill-facebook-opt-125m-chunk-1024-sm-32.csv
facebook/opt-125m,1024,attention,attention,32,4,89.05600011348724,36845056,38468096,1623040,1572864,1024,2026-04-14T11:54:24Z,baseline_nvml_pt,nvidia-smi,ok,0.0,7.0,1695.0,7601.0,64.75,0.11878400295972824,41.13818359375,41.13818359375,6.0,True,,,,,unavailable,,prefill-facebook-opt-125m-chunk-1024-sm-32,success,,,/mnt/data/dheeraj/dicertation/inference-profile/runs/revised-full-20260414-g0-opt125m/raw/points/prefill/prefill-facebook-opt-125m-chunk-1024-sm-32.csv
