model_id,chunk_tokens,op_type,op_name,sm_ai_partition,timed_iteration,duration_us,baseline_vram_bytes,peak_vram_bytes,dynamic_workspace_bytes,output_bytes,max_input_tokens,telemetry_ts,telemetry_tier,telemetry_provider,telemetry_status,gpu_util,gpu_mem_used_mb,sm_clock_mhz,mem_clock_mhz,power_w,pt_step_ms,pt_mem_alloc_mb,pt_mem_reserved_mb,pt_workspace_mb,nvml_available,sampling_error,acu_pct,gbu_pct,smu_pct,microscopic_telemetry_status,microscopic_error,point_id,public_status,failure_kind,failure_cause,raw_output_path
facebook/opt-1.3b,64,gemm,q_proj,8,0,93.18400174379347,112365568,112627712,262144,262144,1024,2026-04-15T01:04:14Z,baseline_nvml_pt,nvidia-smi,ok,7.0,2538.0,1695.0,7601.0,71.2,0.1075199991464614,108.16015625,108.16015625,1.0,True,,79.0,62.5,67.5,estimated,,prefill-facebook-opt-1-3b-chunk-64-sm-8,success,,,/mnt/data/dheeraj/dicertation/inference-profile/runs/revised-rerun-20260415-020401-g2-opt13b-c64-256/raw/points/prefill/prefill-facebook-opt-1-3b-chunk-64-sm-8.csv
facebook/opt-1.3b,64,gemm,k_proj,8,0,77.85599678754807,112365568,112627712,262144,262144,1024,2026-04-15T01:04:14Z,baseline_nvml_pt,nvidia-smi,ok,7.0,2538.0,1695.0,7601.0,71.2,0.1075199991464614,108.16015625,108.16015625,1.0,True,,79.0,62.5,67.5,estimated,,prefill-facebook-opt-1-3b-chunk-64-sm-8,success,,,/mnt/data/dheeraj/dicertation/inference-profile/runs/revised-rerun-20260415-020401-g2-opt13b-c64-256/raw/points/prefill/prefill-facebook-opt-1-3b-chunk-64-sm-8.csv
facebook/opt-1.3b,64,gemm,v_proj,8,0,70.62400132417679,112365568,112627712,262144,262144,1024,2026-04-15T01:04:14Z,baseline_nvml_pt,nvidia-smi,ok,7.0,2538.0,1695.0,7601.0,71.2,0.1075199991464614,108.16015625,108.16015625,1.0,True,,79.0,62.5,67.5,estimated,,prefill-facebook-opt-1-3b-chunk-64-sm-8,success,,,/mnt/data/dheeraj/dicertation/inference-profile/runs/revised-rerun-20260415-020401-g2-opt13b-c64-256/raw/points/prefill/prefill-facebook-opt-1-3b-chunk-64-sm-8.csv
facebook/opt-1.3b,64,gemm,out_proj,8,0,74.65600222349167,112365568,112627712,262144,262144,1024,2026-04-15T01:04:14Z,baseline_nvml_pt,nvidia-smi,ok,7.0,2538.0,1695.0,7601.0,71.2,0.1075199991464614,108.16015625,108.16015625,1.0,True,,79.0,62.5,67.5,estimated,,prefill-facebook-opt-1-3b-chunk-64-sm-8,success,,,/mnt/data/dheeraj/dicertation/inference-profile/runs/revised-rerun-20260415-020401-g2-opt13b-c64-256/raw/points/prefill/prefill-facebook-opt-1-3b-chunk-64-sm-8.csv
facebook/opt-1.3b,64,gemm,fc1,8,0,98.30400347709656,112365568,113414144,1048576,1048576,1024,2026-04-15T01:04:14Z,baseline_nvml_pt,nvidia-smi,ok,7.0,2538.0,1695.0,7601.0,71.2,0.1075199991464614,108.16015625,108.16015625,1.0,True,,79.0,62.5,67.5,estimated,,prefill-facebook-opt-1-3b-chunk-64-sm-8,success,,,/mnt/data/dheeraj/dicertation/inference-profile/runs/revised-rerun-20260415-020401-g2-opt13b-c64-256/raw/points/prefill/prefill-facebook-opt-1-3b-chunk-64-sm-8.csv
facebook/opt-1.3b,64,gemm,fc2,8,0,107.51999914646149,112365568,112627712,262144,262144,1024,2026-04-15T01:04:14Z,baseline_nvml_pt,nvidia-smi,ok,7.0,2538.0,1695.0,7601.0,71.2,0.1075199991464614,108.16015625,108.16015625,1.0,True,,79.0,62.5,67.5,estimated,,prefill-facebook-opt-1-3b-chunk-64-sm-8,success,,,/mnt/data/dheeraj/dicertation/inference-profile/runs/revised-rerun-20260415-020401-g2-opt13b-c64-256/raw/points/prefill/prefill-facebook-opt-1-3b-chunk-64-sm-8.csv
facebook/opt-1.3b,64,attention,attention,8,0,57.34400078654289,112365568,112636928,271360,262144,1024,2026-04-15T01:04:14Z,baseline_nvml_pt,nvidia-smi,ok,7.0,2538.0,1695.0,7601.0,71.2,0.1075199991464614,108.16015625,108.16015625,1.0,True,,79.0,62.5,67.5,estimated,,prefill-facebook-opt-1-3b-chunk-64-sm-8,success,,,/mnt/data/dheeraj/dicertation/inference-profile/runs/revised-rerun-20260415-020401-g2-opt13b-c64-256/raw/points/prefill/prefill-facebook-opt-1-3b-chunk-64-sm-8.csv
facebook/opt-1.3b,64,gemm,q_proj,8,1,68.60800087451935,112365568,112627712,262144,262144,1024,2026-04-15T01:04:14Z,baseline_nvml_pt,nvidia-smi,ok,7.0,2538.0,1695.0,7601.0,71.2,0.1075199991464614,108.16015625,108.16015625,1.0,True,,79.0,62.5,67.5,estimated,,prefill-facebook-opt-1-3b-chunk-64-sm-8,success,,,/mnt/data/dheeraj/dicertation/inference-profile/runs/revised-rerun-20260415-020401-g2-opt13b-c64-256/raw/points/prefill/prefill-facebook-opt-1-3b-chunk-64-sm-8.csv
facebook/opt-1.3b,64,gemm,k_proj,8,1,76.89599692821503,112365568,112627712,262144,262144,1024,2026-04-15T01:04:14Z,baseline_nvml_pt,nvidia-smi,ok,7.0,2538.0,1695.0,7601.0,71.2,0.1075199991464614,108.16015625,108.16015625,1.0,True,,79.0,62.5,67.5,estimated,,prefill-facebook-opt-1-3b-chunk-64-sm-8,success,,,/mnt/data/dheeraj/dicertation/inference-profile/runs/revised-rerun-20260415-020401-g2-opt13b-c64-256/raw/points/prefill/prefill-facebook-opt-1-3b-chunk-64-sm-8.csv
facebook/opt-1.3b,64,gemm,v_proj,8,1,64.67200070619583,112365568,112627712,262144,262144,1024,2026-04-15T01:04:14Z,baseline_nvml_pt,nvidia-smi,ok,7.0,2538.0,1695.0,7601.0,71.2,0.1075199991464614,108.16015625,108.16015625,1.0,True,,79.0,62.5,67.5,estimated,,prefill-facebook-opt-1-3b-chunk-64-sm-8,success,,,/mnt/data/dheeraj/dicertation/inference-profile/runs/revised-rerun-20260415-020401-g2-opt13b-c64-256/raw/points/prefill/prefill-facebook-opt-1-3b-chunk-64-sm-8.csv
facebook/opt-1.3b,64,gemm,out_proj,8,1,64.70400094985962,112365568,112627712,262144,262144,1024,2026-04-15T01:04:14Z,baseline_nvml_pt,nvidia-smi,ok,7.0,2538.0,1695.0,7601.0,71.2,0.1075199991464614,108.16015625,108.16015625,1.0,True,,79.0,62.5,67.5,estimated,,prefill-facebook-opt-1-3b-chunk-64-sm-8,success,,,/mnt/data/dheeraj/dicertation/inference-profile/runs/revised-rerun-20260415-020401-g2-opt13b-c64-256/raw/points/prefill/prefill-facebook-opt-1-3b-chunk-64-sm-8.csv
facebook/opt-1.3b,64,gemm,fc1,8,1,95.23200243711472,112365568,113414144,1048576,1048576,1024,2026-04-15T01:04:14Z,baseline_nvml_pt,nvidia-smi,ok,7.0,2538.0,1695.0,7601.0,71.2,0.1075199991464614,108.16015625,108.16015625,1.0,True,,79.0,62.5,67.5,estimated,,prefill-facebook-opt-1-3b-chunk-64-sm-8,success,,,/mnt/data/dheeraj/dicertation/inference-profile/runs/revised-rerun-20260415-020401-g2-opt13b-c64-256/raw/points/prefill/prefill-facebook-opt-1-3b-chunk-64-sm-8.csv
facebook/opt-1.3b,64,gemm,fc2,8,1,99.32799637317656,112365568,112627712,262144,262144,1024,2026-04-15T01:04:14Z,baseline_nvml_pt,nvidia-smi,ok,7.0,2538.0,1695.0,7601.0,71.2,0.1075199991464614,108.16015625,108.16015625,1.0,True,,79.0,62.5,67.5,estimated,,prefill-facebook-opt-1-3b-chunk-64-sm-8,success,,,/mnt/data/dheeraj/dicertation/inference-profile/runs/revised-rerun-20260415-020401-g2-opt13b-c64-256/raw/points/prefill/prefill-facebook-opt-1-3b-chunk-64-sm-8.csv
facebook/opt-1.3b,64,attention,attention,8,1,54.27199974656105,112365568,112636928,271360,262144,1024,2026-04-15T01:04:14Z,baseline_nvml_pt,nvidia-smi,ok,7.0,2538.0,1695.0,7601.0,71.2,0.1075199991464614,108.16015625,108.16015625,1.0,True,,79.0,62.5,67.5,estimated,,prefill-facebook-opt-1-3b-chunk-64-sm-8,success,,,/mnt/data/dheeraj/dicertation/inference-profile/runs/revised-rerun-20260415-020401-g2-opt13b-c64-256/raw/points/prefill/prefill-facebook-opt-1-3b-chunk-64-sm-8.csv
facebook/opt-1.3b,64,gemm,q_proj,8,2,68.60800087451935,112365568,112627712,262144,262144,1024,2026-04-15T01:04:14Z,baseline_nvml_pt,nvidia-smi,ok,7.0,2538.0,1695.0,7601.0,71.2,0.1075199991464614,108.16015625,108.16015625,1.0,True,,79.0,62.5,67.5,estimated,,prefill-facebook-opt-1-3b-chunk-64-sm-8,success,,,/mnt/data/dheeraj/dicertation/inference-profile/runs/revised-rerun-20260415-020401-g2-opt13b-c64-256/raw/points/prefill/prefill-facebook-opt-1-3b-chunk-64-sm-8.csv
facebook/opt-1.3b,64,gemm,k_proj,8,2,71.87200337648392,112365568,112627712,262144,262144,1024,2026-04-15T01:04:14Z,baseline_nvml_pt,nvidia-smi,ok,7.0,2538.0,1695.0,7601.0,71.2,0.1075199991464614,108.16015625,108.16015625,1.0,True,,79.0,62.5,67.5,estimated,,prefill-facebook-opt-1-3b-chunk-64-sm-8,success,,,/mnt/data/dheeraj/dicertation/inference-profile/runs/revised-rerun-20260415-020401-g2-opt13b-c64-256/raw/points/prefill/prefill-facebook-opt-1-3b-chunk-64-sm-8.csv
facebook/opt-1.3b,64,gemm,v_proj,8,2,65.31199812889099,112365568,112627712,262144,262144,1024,2026-04-15T01:04:14Z,baseline_nvml_pt,nvidia-smi,ok,7.0,2538.0,1695.0,7601.0,71.2,0.1075199991464614,108.16015625,108.16015625,1.0,True,,79.0,62.5,67.5,estimated,,prefill-facebook-opt-1-3b-chunk-64-sm-8,success,,,/mnt/data/dheeraj/dicertation/inference-profile/runs/revised-rerun-20260415-020401-g2-opt13b-c64-256/raw/points/prefill/prefill-facebook-opt-1-3b-chunk-64-sm-8.csv
facebook/opt-1.3b,64,gemm,out_proj,8,2,63.51999938488007,112365568,112627712,262144,262144,1024,2026-04-15T01:04:14Z,baseline_nvml_pt,nvidia-smi,ok,7.0,2538.0,1695.0,7601.0,71.2,0.1075199991464614,108.16015625,108.16015625,1.0,True,,79.0,62.5,67.5,estimated,,prefill-facebook-opt-1-3b-chunk-64-sm-8,success,,,/mnt/data/dheeraj/dicertation/inference-profile/runs/revised-rerun-20260415-020401-g2-opt13b-c64-256/raw/points/prefill/prefill-facebook-opt-1-3b-chunk-64-sm-8.csv
facebook/opt-1.3b,64,gemm,fc1,8,2,97.28000313043594,112365568,113414144,1048576,1048576,1024,2026-04-15T01:04:14Z,baseline_nvml_pt,nvidia-smi,ok,7.0,2538.0,1695.0,7601.0,71.2,0.1075199991464614,108.16015625,108.16015625,1.0,True,,79.0,62.5,67.5,estimated,,prefill-facebook-opt-1-3b-chunk-64-sm-8,success,,,/mnt/data/dheeraj/dicertation/inference-profile/runs/revised-rerun-20260415-020401-g2-opt13b-c64-256/raw/points/prefill/prefill-facebook-opt-1-3b-chunk-64-sm-8.csv
facebook/opt-1.3b,64,gemm,fc2,8,2,98.08000177145004,112365568,112627712,262144,262144,1024,2026-04-15T01:04:14Z,baseline_nvml_pt,nvidia-smi,ok,7.0,2538.0,1695.0,7601.0,71.2,0.1075199991464614,108.16015625,108.16015625,1.0,True,,79.0,62.5,67.5,estimated,,prefill-facebook-opt-1-3b-chunk-64-sm-8,success,,,/mnt/data/dheeraj/dicertation/inference-profile/runs/revised-rerun-20260415-020401-g2-opt13b-c64-256/raw/points/prefill/prefill-facebook-opt-1-3b-chunk-64-sm-8.csv
facebook/opt-1.3b,64,attention,attention,8,2,56.32000043988228,112365568,112636928,271360,262144,1024,2026-04-15T01:04:14Z,baseline_nvml_pt,nvidia-smi,ok,7.0,2538.0,1695.0,7601.0,71.2,0.1075199991464614,108.16015625,108.16015625,1.0,True,,79.0,62.5,67.5,estimated,,prefill-facebook-opt-1-3b-chunk-64-sm-8,success,,,/mnt/data/dheeraj/dicertation/inference-profile/runs/revised-rerun-20260415-020401-g2-opt13b-c64-256/raw/points/prefill/prefill-facebook-opt-1-3b-chunk-64-sm-8.csv
facebook/opt-1.3b,64,gemm,q_proj,8,3,66.75200164318085,112365568,112627712,262144,262144,1024,2026-04-15T01:04:14Z,baseline_nvml_pt,nvidia-smi,ok,7.0,2538.0,1695.0,7601.0,71.2,0.1075199991464614,108.16015625,108.16015625,1.0,True,,79.0,62.5,67.5,estimated,,prefill-facebook-opt-1-3b-chunk-64-sm-8,success,,,/mnt/data/dheeraj/dicertation/inference-profile/runs/revised-rerun-20260415-020401-g2-opt13b-c64-256/raw/points/prefill/prefill-facebook-opt-1-3b-chunk-64-sm-8.csv
facebook/opt-1.3b,64,gemm,k_proj,8,3,64.54399973154068,112365568,112627712,262144,262144,1024,2026-04-15T01:04:14Z,baseline_nvml_pt,nvidia-smi,ok,7.0,2538.0,1695.0,7601.0,71.2,0.1075199991464614,108.16015625,108.16015625,1.0,True,,79.0,62.5,67.5,estimated,,prefill-facebook-opt-1-3b-chunk-64-sm-8,success,,,/mnt/data/dheeraj/dicertation/inference-profile/runs/revised-rerun-20260415-020401-g2-opt13b-c64-256/raw/points/prefill/prefill-facebook-opt-1-3b-chunk-64-sm-8.csv
facebook/opt-1.3b,64,gemm,v_proj,8,3,65.43999910354614,112365568,112627712,262144,262144,1024,2026-04-15T01:04:14Z,baseline_nvml_pt,nvidia-smi,ok,7.0,2538.0,1695.0,7601.0,71.2,0.1075199991464614,108.16015625,108.16015625,1.0,True,,79.0,62.5,67.5,estimated,,prefill-facebook-opt-1-3b-chunk-64-sm-8,success,,,/mnt/data/dheeraj/dicertation/inference-profile/runs/revised-rerun-20260415-020401-g2-opt13b-c64-256/raw/points/prefill/prefill-facebook-opt-1-3b-chunk-64-sm-8.csv
facebook/opt-1.3b,64,gemm,out_proj,8,3,65.5359998345375,112365568,112627712,262144,262144,1024,2026-04-15T01:04:14Z,baseline_nvml_pt,nvidia-smi,ok,7.0,2538.0,1695.0,7601.0,71.2,0.1075199991464614,108.16015625,108.16015625,1.0,True,,79.0,62.5,67.5,estimated,,prefill-facebook-opt-1-3b-chunk-64-sm-8,success,,,/mnt/data/dheeraj/dicertation/inference-profile/runs/revised-rerun-20260415-020401-g2-opt13b-c64-256/raw/points/prefill/prefill-facebook-opt-1-3b-chunk-64-sm-8.csv
facebook/opt-1.3b,64,gemm,fc1,8,3,96.25600278377532,112365568,113414144,1048576,1048576,1024,2026-04-15T01:04:14Z,baseline_nvml_pt,nvidia-smi,ok,7.0,2538.0,1695.0,7601.0,71.2,0.1075199991464614,108.16015625,108.16015625,1.0,True,,79.0,62.5,67.5,estimated,,prefill-facebook-opt-1-3b-chunk-64-sm-8,success,,,/mnt/data/dheeraj/dicertation/inference-profile/runs/revised-rerun-20260415-020401-g2-opt13b-c64-256/raw/points/prefill/prefill-facebook-opt-1-3b-chunk-64-sm-8.csv
facebook/opt-1.3b,64,gemm,fc2,8,3,97.28000313043594,112365568,112627712,262144,262144,1024,2026-04-15T01:04:14Z,baseline_nvml_pt,nvidia-smi,ok,7.0,2538.0,1695.0,7601.0,71.2,0.1075199991464614,108.16015625,108.16015625,1.0,True,,79.0,62.5,67.5,estimated,,prefill-facebook-opt-1-3b-chunk-64-sm-8,success,,,/mnt/data/dheeraj/dicertation/inference-profile/runs/revised-rerun-20260415-020401-g2-opt13b-c64-256/raw/points/prefill/prefill-facebook-opt-1-3b-chunk-64-sm-8.csv
facebook/opt-1.3b,64,attention,attention,8,3,63.48799914121628,112365568,112636928,271360,262144,1024,2026-04-15T01:04:14Z,baseline_nvml_pt,nvidia-smi,ok,7.0,2538.0,1695.0,7601.0,71.2,0.1075199991464614,108.16015625,108.16015625,1.0,True,,79.0,62.5,67.5,estimated,,prefill-facebook-opt-1-3b-chunk-64-sm-8,success,,,/mnt/data/dheeraj/dicertation/inference-profile/runs/revised-rerun-20260415-020401-g2-opt13b-c64-256/raw/points/prefill/prefill-facebook-opt-1-3b-chunk-64-sm-8.csv
facebook/opt-1.3b,64,gemm,q_proj,8,4,67.58400052785873,112365568,112627712,262144,262144,1024,2026-04-15T01:04:14Z,baseline_nvml_pt,nvidia-smi,ok,7.0,2538.0,1695.0,7601.0,71.2,0.1075199991464614,108.16015625,108.16015625,1.0,True,,79.0,62.5,67.5,estimated,,prefill-facebook-opt-1-3b-chunk-64-sm-8,success,,,/mnt/data/dheeraj/dicertation/inference-profile/runs/revised-rerun-20260415-020401-g2-opt13b-c64-256/raw/points/prefill/prefill-facebook-opt-1-3b-chunk-64-sm-8.csv
facebook/opt-1.3b,64,gemm,k_proj,8,4,65.5359998345375,112365568,112627712,262144,262144,1024,2026-04-15T01:04:14Z,baseline_nvml_pt,nvidia-smi,ok,7.0,2538.0,1695.0,7601.0,71.2,0.1075199991464614,108.16015625,108.16015625,1.0,True,,79.0,62.5,67.5,estimated,,prefill-facebook-opt-1-3b-chunk-64-sm-8,success,,,/mnt/data/dheeraj/dicertation/inference-profile/runs/revised-rerun-20260415-020401-g2-opt13b-c64-256/raw/points/prefill/prefill-facebook-opt-1-3b-chunk-64-sm-8.csv
facebook/opt-1.3b,64,gemm,v_proj,8,4,64.51199948787689,112365568,112627712,262144,262144,1024,2026-04-15T01:04:14Z,baseline_nvml_pt,nvidia-smi,ok,7.0,2538.0,1695.0,7601.0,71.2,0.1075199991464614,108.16015625,108.16015625,1.0,True,,79.0,62.5,67.5,estimated,,prefill-facebook-opt-1-3b-chunk-64-sm-8,success,,,/mnt/data/dheeraj/dicertation/inference-profile/runs/revised-rerun-20260415-020401-g2-opt13b-c64-256/raw/points/prefill/prefill-facebook-opt-1-3b-chunk-64-sm-8.csv
facebook/opt-1.3b,64,gemm,out_proj,8,4,64.51199948787689,112365568,112627712,262144,262144,1024,2026-04-15T01:04:14Z,baseline_nvml_pt,nvidia-smi,ok,7.0,2538.0,1695.0,7601.0,71.2,0.1075199991464614,108.16015625,108.16015625,1.0,True,,79.0,62.5,67.5,estimated,,prefill-facebook-opt-1-3b-chunk-64-sm-8,success,,,/mnt/data/dheeraj/dicertation/inference-profile/runs/revised-rerun-20260415-020401-g2-opt13b-c64-256/raw/points/prefill/prefill-facebook-opt-1-3b-chunk-64-sm-8.csv
facebook/opt-1.3b,64,gemm,fc1,8,4,96.00000083446504,112365568,113414144,1048576,1048576,1024,2026-04-15T01:04:14Z,baseline_nvml_pt,nvidia-smi,ok,7.0,2538.0,1695.0,7601.0,71.2,0.1075199991464614,108.16015625,108.16015625,1.0,True,,79.0,62.5,67.5,estimated,,prefill-facebook-opt-1-3b-chunk-64-sm-8,success,,,/mnt/data/dheeraj/dicertation/inference-profile/runs/revised-rerun-20260415-020401-g2-opt13b-c64-256/raw/points/prefill/prefill-facebook-opt-1-3b-chunk-64-sm-8.csv
facebook/opt-1.3b,64,gemm,fc2,8,4,96.25600278377532,112365568,112627712,262144,262144,1024,2026-04-15T01:04:14Z,baseline_nvml_pt,nvidia-smi,ok,7.0,2538.0,1695.0,7601.0,71.2,0.1075199991464614,108.16015625,108.16015625,1.0,True,,79.0,62.5,67.5,estimated,,prefill-facebook-opt-1-3b-chunk-64-sm-8,success,,,/mnt/data/dheeraj/dicertation/inference-profile/runs/revised-rerun-20260415-020401-g2-opt13b-c64-256/raw/points/prefill/prefill-facebook-opt-1-3b-chunk-64-sm-8.csv
facebook/opt-1.3b,64,attention,attention,8,4,53.24799939990044,112365568,112636928,271360,262144,1024,2026-04-15T01:04:14Z,baseline_nvml_pt,nvidia-smi,ok,7.0,2538.0,1695.0,7601.0,71.2,0.1075199991464614,108.16015625,108.16015625,1.0,True,,79.0,62.5,67.5,estimated,,prefill-facebook-opt-1-3b-chunk-64-sm-8,success,,,/mnt/data/dheeraj/dicertation/inference-profile/runs/revised-rerun-20260415-020401-g2-opt13b-c64-256/raw/points/prefill/prefill-facebook-opt-1-3b-chunk-64-sm-8.csv
facebook/opt-1.3b,64,gemm,q_proj,16,0,93.21600198745728,112365568,112627712,262144,262144,1024,2026-04-15T01:04:19Z,baseline_nvml_pt,nvidia-smi,ok,0.0,2538.0,1695.0,7601.0,71.07,0.1012160032987594,108.16015625,108.16015625,1.0,True,,86.0,57.00000000000001,75.0,estimated,,prefill-facebook-opt-1-3b-chunk-64-sm-16,success,,,/mnt/data/dheeraj/dicertation/inference-profile/runs/revised-rerun-20260415-020401-g2-opt13b-c64-256/raw/points/prefill/prefill-facebook-opt-1-3b-chunk-64-sm-16.csv
facebook/opt-1.3b,64,gemm,k_proj,16,0,78.59200239181519,112365568,112627712,262144,262144,1024,2026-04-15T01:04:19Z,baseline_nvml_pt,nvidia-smi,ok,0.0,2538.0,1695.0,7601.0,71.07,0.1012160032987594,108.16015625,108.16015625,1.0,True,,86.0,57.00000000000001,75.0,estimated,,prefill-facebook-opt-1-3b-chunk-64-sm-16,success,,,/mnt/data/dheeraj/dicertation/inference-profile/runs/revised-rerun-20260415-020401-g2-opt13b-c64-256/raw/points/prefill/prefill-facebook-opt-1-3b-chunk-64-sm-16.csv
facebook/opt-1.3b,64,gemm,v_proj,16,0,69.63200122117996,112365568,112627712,262144,262144,1024,2026-04-15T01:04:19Z,baseline_nvml_pt,nvidia-smi,ok,0.0,2538.0,1695.0,7601.0,71.07,0.1012160032987594,108.16015625,108.16015625,1.0,True,,86.0,57.00000000000001,75.0,estimated,,prefill-facebook-opt-1-3b-chunk-64-sm-16,success,,,/mnt/data/dheeraj/dicertation/inference-profile/runs/revised-rerun-20260415-020401-g2-opt13b-c64-256/raw/points/prefill/prefill-facebook-opt-1-3b-chunk-64-sm-16.csv
facebook/opt-1.3b,64,gemm,out_proj,16,0,73.85600358247757,112365568,112627712,262144,262144,1024,2026-04-15T01:04:19Z,baseline_nvml_pt,nvidia-smi,ok,0.0,2538.0,1695.0,7601.0,71.07,0.1012160032987594,108.16015625,108.16015625,1.0,True,,86.0,57.00000000000001,75.0,estimated,,prefill-facebook-opt-1-3b-chunk-64-sm-16,success,,,/mnt/data/dheeraj/dicertation/inference-profile/runs/revised-rerun-20260415-020401-g2-opt13b-c64-256/raw/points/prefill/prefill-facebook-opt-1-3b-chunk-64-sm-16.csv
facebook/opt-1.3b,64,gemm,fc1,16,0,97.28000313043594,112365568,113414144,1048576,1048576,1024,2026-04-15T01:04:19Z,baseline_nvml_pt,nvidia-smi,ok,0.0,2538.0,1695.0,7601.0,71.07,0.1012160032987594,108.16015625,108.16015625,1.0,True,,86.0,57.00000000000001,75.0,estimated,,prefill-facebook-opt-1-3b-chunk-64-sm-16,success,,,/mnt/data/dheeraj/dicertation/inference-profile/runs/revised-rerun-20260415-020401-g2-opt13b-c64-256/raw/points/prefill/prefill-facebook-opt-1-3b-chunk-64-sm-16.csv
facebook/opt-1.3b,64,gemm,fc2,16,0,99.32799637317656,112365568,112627712,262144,262144,1024,2026-04-15T01:04:19Z,baseline_nvml_pt,nvidia-smi,ok,0.0,2538.0,1695.0,7601.0,71.07,0.1012160032987594,108.16015625,108.16015625,1.0,True,,86.0,57.00000000000001,75.0,estimated,,prefill-facebook-opt-1-3b-chunk-64-sm-16,success,,,/mnt/data/dheeraj/dicertation/inference-profile/runs/revised-rerun-20260415-020401-g2-opt13b-c64-256/raw/points/prefill/prefill-facebook-opt-1-3b-chunk-64-sm-16.csv
facebook/opt-1.3b,64,attention,attention,16,0,62.463998794555664,112365568,112636928,271360,262144,1024,2026-04-15T01:04:19Z,baseline_nvml_pt,nvidia-smi,ok,0.0,2538.0,1695.0,7601.0,71.07,0.1012160032987594,108.16015625,108.16015625,1.0,True,,86.0,57.00000000000001,75.0,estimated,,prefill-facebook-opt-1-3b-chunk-64-sm-16,success,,,/mnt/data/dheeraj/dicertation/inference-profile/runs/revised-rerun-20260415-020401-g2-opt13b-c64-256/raw/points/prefill/prefill-facebook-opt-1-3b-chunk-64-sm-16.csv
facebook/opt-1.3b,64,gemm,q_proj,16,1,70.65600156784058,112365568,112627712,262144,262144,1024,2026-04-15T01:04:19Z,baseline_nvml_pt,nvidia-smi,ok,0.0,2538.0,1695.0,7601.0,71.07,0.1012160032987594,108.16015625,108.16015625,1.0,True,,86.0,57.00000000000001,75.0,estimated,,prefill-facebook-opt-1-3b-chunk-64-sm-16,success,,,/mnt/data/dheeraj/dicertation/inference-profile/runs/revised-rerun-20260415-020401-g2-opt13b-c64-256/raw/points/prefill/prefill-facebook-opt-1-3b-chunk-64-sm-16.csv
facebook/opt-1.3b,64,gemm,k_proj,16,1,67.58400052785873,112365568,112627712,262144,262144,1024,2026-04-15T01:04:19Z,baseline_nvml_pt,nvidia-smi,ok,0.0,2538.0,1695.0,7601.0,71.07,0.1012160032987594,108.16015625,108.16015625,1.0,True,,86.0,57.00000000000001,75.0,estimated,,prefill-facebook-opt-1-3b-chunk-64-sm-16,success,,,/mnt/data/dheeraj/dicertation/inference-profile/runs/revised-rerun-20260415-020401-g2-opt13b-c64-256/raw/points/prefill/prefill-facebook-opt-1-3b-chunk-64-sm-16.csv
facebook/opt-1.3b,64,gemm,v_proj,16,1,66.56000018119812,112365568,112627712,262144,262144,1024,2026-04-15T01:04:19Z,baseline_nvml_pt,nvidia-smi,ok,0.0,2538.0,1695.0,7601.0,71.07,0.1012160032987594,108.16015625,108.16015625,1.0,True,,86.0,57.00000000000001,75.0,estimated,,prefill-facebook-opt-1-3b-chunk-64-sm-16,success,,,/mnt/data/dheeraj/dicertation/inference-profile/runs/revised-rerun-20260415-020401-g2-opt13b-c64-256/raw/points/prefill/prefill-facebook-opt-1-3b-chunk-64-sm-16.csv
facebook/opt-1.3b,64,gemm,out_proj,16,1,65.60000032186508,112365568,112627712,262144,262144,1024,2026-04-15T01:04:19Z,baseline_nvml_pt,nvidia-smi,ok,0.0,2538.0,1695.0,7601.0,71.07,0.1012160032987594,108.16015625,108.16015625,1.0,True,,86.0,57.00000000000001,75.0,estimated,,prefill-facebook-opt-1-3b-chunk-64-sm-16,success,,,/mnt/data/dheeraj/dicertation/inference-profile/runs/revised-rerun-20260415-020401-g2-opt13b-c64-256/raw/points/prefill/prefill-facebook-opt-1-3b-chunk-64-sm-16.csv
facebook/opt-1.3b,64,gemm,fc1,16,1,95.23200243711472,112365568,113414144,1048576,1048576,1024,2026-04-15T01:04:19Z,baseline_nvml_pt,nvidia-smi,ok,0.0,2538.0,1695.0,7601.0,71.07,0.1012160032987594,108.16015625,108.16015625,1.0,True,,86.0,57.00000000000001,75.0,estimated,,prefill-facebook-opt-1-3b-chunk-64-sm-16,success,,,/mnt/data/dheeraj/dicertation/inference-profile/runs/revised-rerun-20260415-020401-g2-opt13b-c64-256/raw/points/prefill/prefill-facebook-opt-1-3b-chunk-64-sm-16.csv
facebook/opt-1.3b,64,gemm,fc2,16,1,98.30400347709656,112365568,112627712,262144,262144,1024,2026-04-15T01:04:19Z,baseline_nvml_pt,nvidia-smi,ok,0.0,2538.0,1695.0,7601.0,71.07,0.1012160032987594,108.16015625,108.16015625,1.0,True,,86.0,57.00000000000001,75.0,estimated,,prefill-facebook-opt-1-3b-chunk-64-sm-16,success,,,/mnt/data/dheeraj/dicertation/inference-profile/runs/revised-rerun-20260415-020401-g2-opt13b-c64-256/raw/points/prefill/prefill-facebook-opt-1-3b-chunk-64-sm-16.csv
facebook/opt-1.3b,64,attention,attention,16,1,56.32000043988228,112365568,112636928,271360,262144,1024,2026-04-15T01:04:19Z,baseline_nvml_pt,nvidia-smi,ok,0.0,2538.0,1695.0,7601.0,71.07,0.1012160032987594,108.16015625,108.16015625,1.0,True,,86.0,57.00000000000001,75.0,estimated,,prefill-facebook-opt-1-3b-chunk-64-sm-16,success,,,/mnt/data/dheeraj/dicertation/inference-profile/runs/revised-rerun-20260415-020401-g2-opt13b-c64-256/raw/points/prefill/prefill-facebook-opt-1-3b-chunk-64-sm-16.csv
facebook/opt-1.3b,64,gemm,q_proj,16,2,68.60800087451935,112365568,112627712,262144,262144,1024,2026-04-15T01:04:19Z,baseline_nvml_pt,nvidia-smi,ok,0.0,2538.0,1695.0,7601.0,71.07,0.1012160032987594,108.16015625,108.16015625,1.0,True,,86.0,57.00000000000001,75.0,estimated,,prefill-facebook-opt-1-3b-chunk-64-sm-16,success,,,/mnt/data/dheeraj/dicertation/inference-profile/runs/revised-rerun-20260415-020401-g2-opt13b-c64-256/raw/points/prefill/prefill-facebook-opt-1-3b-chunk-64-sm-16.csv
facebook/opt-1.3b,64,gemm,k_proj,16,2,74.65600222349167,112365568,112627712,262144,262144,1024,2026-04-15T01:04:19Z,baseline_nvml_pt,nvidia-smi,ok,0.0,2538.0,1695.0,7601.0,71.07,0.1012160032987594,108.16015625,108.16015625,1.0,True,,86.0,57.00000000000001,75.0,estimated,,prefill-facebook-opt-1-3b-chunk-64-sm-16,success,,,/mnt/data/dheeraj/dicertation/inference-profile/runs/revised-rerun-20260415-020401-g2-opt13b-c64-256/raw/points/prefill/prefill-facebook-opt-1-3b-chunk-64-sm-16.csv
facebook/opt-1.3b,64,gemm,v_proj,16,2,66.56000018119812,112365568,112627712,262144,262144,1024,2026-04-15T01:04:19Z,baseline_nvml_pt,nvidia-smi,ok,0.0,2538.0,1695.0,7601.0,71.07,0.1012160032987594,108.16015625,108.16015625,1.0,True,,86.0,57.00000000000001,75.0,estimated,,prefill-facebook-opt-1-3b-chunk-64-sm-16,success,,,/mnt/data/dheeraj/dicertation/inference-profile/runs/revised-rerun-20260415-020401-g2-opt13b-c64-256/raw/points/prefill/prefill-facebook-opt-1-3b-chunk-64-sm-16.csv
facebook/opt-1.3b,64,gemm,out_proj,16,2,64.70400094985962,112365568,112627712,262144,262144,1024,2026-04-15T01:04:19Z,baseline_nvml_pt,nvidia-smi,ok,0.0,2538.0,1695.0,7601.0,71.07,0.1012160032987594,108.16015625,108.16015625,1.0,True,,86.0,57.00000000000001,75.0,estimated,,prefill-facebook-opt-1-3b-chunk-64-sm-16,success,,,/mnt/data/dheeraj/dicertation/inference-profile/runs/revised-rerun-20260415-020401-g2-opt13b-c64-256/raw/points/prefill/prefill-facebook-opt-1-3b-chunk-64-sm-16.csv
facebook/opt-1.3b,64,gemm,fc1,16,2,96.25600278377532,112365568,113414144,1048576,1048576,1024,2026-04-15T01:04:19Z,baseline_nvml_pt,nvidia-smi,ok,0.0,2538.0,1695.0,7601.0,71.07,0.1012160032987594,108.16015625,108.16015625,1.0,True,,86.0,57.00000000000001,75.0,estimated,,prefill-facebook-opt-1-3b-chunk-64-sm-16,success,,,/mnt/data/dheeraj/dicertation/inference-profile/runs/revised-rerun-20260415-020401-g2-opt13b-c64-256/raw/points/prefill/prefill-facebook-opt-1-3b-chunk-64-sm-16.csv
facebook/opt-1.3b,64,gemm,fc2,16,2,99.32799637317656,112365568,112627712,262144,262144,1024,2026-04-15T01:04:19Z,baseline_nvml_pt,nvidia-smi,ok,0.0,2538.0,1695.0,7601.0,71.07,0.1012160032987594,108.16015625,108.16015625,1.0,True,,86.0,57.00000000000001,75.0,estimated,,prefill-facebook-opt-1-3b-chunk-64-sm-16,success,,,/mnt/data/dheeraj/dicertation/inference-profile/runs/revised-rerun-20260415-020401-g2-opt13b-c64-256/raw/points/prefill/prefill-facebook-opt-1-3b-chunk-64-sm-16.csv
facebook/opt-1.3b,64,attention,attention,16,2,56.41600117087364,112365568,112636928,271360,262144,1024,2026-04-15T01:04:19Z,baseline_nvml_pt,nvidia-smi,ok,0.0,2538.0,1695.0,7601.0,71.07,0.1012160032987594,108.16015625,108.16015625,1.0,True,,86.0,57.00000000000001,75.0,estimated,,prefill-facebook-opt-1-3b-chunk-64-sm-16,success,,,/mnt/data/dheeraj/dicertation/inference-profile/runs/revised-rerun-20260415-020401-g2-opt13b-c64-256/raw/points/prefill/prefill-facebook-opt-1-3b-chunk-64-sm-16.csv
facebook/opt-1.3b,64,gemm,q_proj,16,3,66.56000018119812,112365568,112627712,262144,262144,1024,2026-04-15T01:04:19Z,baseline_nvml_pt,nvidia-smi,ok,0.0,2538.0,1695.0,7601.0,71.07,0.1012160032987594,108.16015625,108.16015625,1.0,True,,86.0,57.00000000000001,75.0,estimated,,prefill-facebook-opt-1-3b-chunk-64-sm-16,success,,,/mnt/data/dheeraj/dicertation/inference-profile/runs/revised-rerun-20260415-020401-g2-opt13b-c64-256/raw/points/prefill/prefill-facebook-opt-1-3b-chunk-64-sm-16.csv
facebook/opt-1.3b,64,gemm,k_proj,16,3,66.78400188684464,112365568,112627712,262144,262144,1024,2026-04-15T01:04:19Z,baseline_nvml_pt,nvidia-smi,ok,0.0,2538.0,1695.0,7601.0,71.07,0.1012160032987594,108.16015625,108.16015625,1.0,True,,86.0,57.00000000000001,75.0,estimated,,prefill-facebook-opt-1-3b-chunk-64-sm-16,success,,,/mnt/data/dheeraj/dicertation/inference-profile/runs/revised-rerun-20260415-020401-g2-opt13b-c64-256/raw/points/prefill/prefill-facebook-opt-1-3b-chunk-64-sm-16.csv
facebook/opt-1.3b,64,gemm,v_proj,16,3,65.5359998345375,112365568,112627712,262144,262144,1024,2026-04-15T01:04:19Z,baseline_nvml_pt,nvidia-smi,ok,0.0,2538.0,1695.0,7601.0,71.07,0.1012160032987594,108.16015625,108.16015625,1.0,True,,86.0,57.00000000000001,75.0,estimated,,prefill-facebook-opt-1-3b-chunk-64-sm-16,success,,,/mnt/data/dheeraj/dicertation/inference-profile/runs/revised-rerun-20260415-020401-g2-opt13b-c64-256/raw/points/prefill/prefill-facebook-opt-1-3b-chunk-64-sm-16.csv
facebook/opt-1.3b,64,gemm,out_proj,16,3,63.680000603199005,112365568,112627712,262144,262144,1024,2026-04-15T01:04:19Z,baseline_nvml_pt,nvidia-smi,ok,0.0,2538.0,1695.0,7601.0,71.07,0.1012160032987594,108.16015625,108.16015625,1.0,True,,86.0,57.00000000000001,75.0,estimated,,prefill-facebook-opt-1-3b-chunk-64-sm-16,success,,,/mnt/data/dheeraj/dicertation/inference-profile/runs/revised-rerun-20260415-020401-g2-opt13b-c64-256/raw/points/prefill/prefill-facebook-opt-1-3b-chunk-64-sm-16.csv
facebook/opt-1.3b,64,gemm,fc1,16,3,97.1520021557808,112365568,113414144,1048576,1048576,1024,2026-04-15T01:04:19Z,baseline_nvml_pt,nvidia-smi,ok,0.0,2538.0,1695.0,7601.0,71.07,0.1012160032987594,108.16015625,108.16015625,1.0,True,,86.0,57.00000000000001,75.0,estimated,,prefill-facebook-opt-1-3b-chunk-64-sm-16,success,,,/mnt/data/dheeraj/dicertation/inference-profile/runs/revised-rerun-20260415-020401-g2-opt13b-c64-256/raw/points/prefill/prefill-facebook-opt-1-3b-chunk-64-sm-16.csv
facebook/opt-1.3b,64,gemm,fc2,16,3,97.28000313043594,112365568,112627712,262144,262144,1024,2026-04-15T01:04:19Z,baseline_nvml_pt,nvidia-smi,ok,0.0,2538.0,1695.0,7601.0,71.07,0.1012160032987594,108.16015625,108.16015625,1.0,True,,86.0,57.00000000000001,75.0,estimated,,prefill-facebook-opt-1-3b-chunk-64-sm-16,success,,,/mnt/data/dheeraj/dicertation/inference-profile/runs/revised-rerun-20260415-020401-g2-opt13b-c64-256/raw/points/prefill/prefill-facebook-opt-1-3b-chunk-64-sm-16.csv
facebook/opt-1.3b,64,attention,attention,16,3,54.27199974656105,112365568,112636928,271360,262144,1024,2026-04-15T01:04:19Z,baseline_nvml_pt,nvidia-smi,ok,0.0,2538.0,1695.0,7601.0,71.07,0.1012160032987594,108.16015625,108.16015625,1.0,True,,86.0,57.00000000000001,75.0,estimated,,prefill-facebook-opt-1-3b-chunk-64-sm-16,success,,,/mnt/data/dheeraj/dicertation/inference-profile/runs/revised-rerun-20260415-020401-g2-opt13b-c64-256/raw/points/prefill/prefill-facebook-opt-1-3b-chunk-64-sm-16.csv
facebook/opt-1.3b,64,gemm,q_proj,16,4,82.94399827718735,112365568,112627712,262144,262144,1024,2026-04-15T01:04:19Z,baseline_nvml_pt,nvidia-smi,ok,0.0,2538.0,1695.0,7601.0,71.07,0.1012160032987594,108.16015625,108.16015625,1.0,True,,86.0,57.00000000000001,75.0,estimated,,prefill-facebook-opt-1-3b-chunk-64-sm-16,success,,,/mnt/data/dheeraj/dicertation/inference-profile/runs/revised-rerun-20260415-020401-g2-opt13b-c64-256/raw/points/prefill/prefill-facebook-opt-1-3b-chunk-64-sm-16.csv
facebook/opt-1.3b,64,gemm,k_proj,16,4,65.5359998345375,112365568,112627712,262144,262144,1024,2026-04-15T01:04:19Z,baseline_nvml_pt,nvidia-smi,ok,0.0,2538.0,1695.0,7601.0,71.07,0.1012160032987594,108.16015625,108.16015625,1.0,True,,86.0,57.00000000000001,75.0,estimated,,prefill-facebook-opt-1-3b-chunk-64-sm-16,success,,,/mnt/data/dheeraj/dicertation/inference-profile/runs/revised-rerun-20260415-020401-g2-opt13b-c64-256/raw/points/prefill/prefill-facebook-opt-1-3b-chunk-64-sm-16.csv
facebook/opt-1.3b,64,gemm,v_proj,16,4,63.48799914121628,112365568,112627712,262144,262144,1024,2026-04-15T01:04:19Z,baseline_nvml_pt,nvidia-smi,ok,0.0,2538.0,1695.0,7601.0,71.07,0.1012160032987594,108.16015625,108.16015625,1.0,True,,86.0,57.00000000000001,75.0,estimated,,prefill-facebook-opt-1-3b-chunk-64-sm-16,success,,,/mnt/data/dheeraj/dicertation/inference-profile/runs/revised-rerun-20260415-020401-g2-opt13b-c64-256/raw/points/prefill/prefill-facebook-opt-1-3b-chunk-64-sm-16.csv
facebook/opt-1.3b,64,gemm,out_proj,16,4,61.72800064086914,112365568,112627712,262144,262144,1024,2026-04-15T01:04:19Z,baseline_nvml_pt,nvidia-smi,ok,0.0,2538.0,1695.0,7601.0,71.07,0.1012160032987594,108.16015625,108.16015625,1.0,True,,86.0,57.00000000000001,75.0,estimated,,prefill-facebook-opt-1-3b-chunk-64-sm-16,success,,,/mnt/data/dheeraj/dicertation/inference-profile/runs/revised-rerun-20260415-020401-g2-opt13b-c64-256/raw/points/prefill/prefill-facebook-opt-1-3b-chunk-64-sm-16.csv
facebook/opt-1.3b,64,gemm,fc1,16,4,101.21600329875946,112365568,113414144,1048576,1048576,1024,2026-04-15T01:04:19Z,baseline_nvml_pt,nvidia-smi,ok,0.0,2538.0,1695.0,7601.0,71.07,0.1012160032987594,108.16015625,108.16015625,1.0,True,,86.0,57.00000000000001,75.0,estimated,,prefill-facebook-opt-1-3b-chunk-64-sm-16,success,,,/mnt/data/dheeraj/dicertation/inference-profile/runs/revised-rerun-20260415-020401-g2-opt13b-c64-256/raw/points/prefill/prefill-facebook-opt-1-3b-chunk-64-sm-16.csv
facebook/opt-1.3b,64,gemm,fc2,16,4,99.32799637317656,112365568,112627712,262144,262144,1024,2026-04-15T01:04:19Z,baseline_nvml_pt,nvidia-smi,ok,0.0,2538.0,1695.0,7601.0,71.07,0.1012160032987594,108.16015625,108.16015625,1.0,True,,86.0,57.00000000000001,75.0,estimated,,prefill-facebook-opt-1-3b-chunk-64-sm-16,success,,,/mnt/data/dheeraj/dicertation/inference-profile/runs/revised-rerun-20260415-020401-g2-opt13b-c64-256/raw/points/prefill/prefill-facebook-opt-1-3b-chunk-64-sm-16.csv
facebook/opt-1.3b,64,attention,attention,16,4,55.03999814391136,112365568,112636928,271360,262144,1024,2026-04-15T01:04:19Z,baseline_nvml_pt,nvidia-smi,ok,0.0,2538.0,1695.0,7601.0,71.07,0.1012160032987594,108.16015625,108.16015625,1.0,True,,86.0,57.00000000000001,75.0,estimated,,prefill-facebook-opt-1-3b-chunk-64-sm-16,success,,,/mnt/data/dheeraj/dicertation/inference-profile/runs/revised-rerun-20260415-020401-g2-opt13b-c64-256/raw/points/prefill/prefill-facebook-opt-1-3b-chunk-64-sm-16.csv
facebook/opt-1.3b,64,gemm,q_proj,24,0,83.23200047016144,112365568,112627712,262144,262144,1024,2026-04-15T01:04:24Z,baseline_nvml_pt,nvidia-smi,ok,3.0,2538.0,1695.0,7601.0,71.58,0.1004159972071647,108.16015625,108.16015625,1.0,True,,93.0,51.5,82.5,estimated,,prefill-facebook-opt-1-3b-chunk-64-sm-24,success,,,/mnt/data/dheeraj/dicertation/inference-profile/runs/revised-rerun-20260415-020401-g2-opt13b-c64-256/raw/points/prefill/prefill-facebook-opt-1-3b-chunk-64-sm-24.csv
facebook/opt-1.3b,64,gemm,k_proj,24,0,75.83999633789062,112365568,112627712,262144,262144,1024,2026-04-15T01:04:24Z,baseline_nvml_pt,nvidia-smi,ok,3.0,2538.0,1695.0,7601.0,71.58,0.1004159972071647,108.16015625,108.16015625,1.0,True,,93.0,51.5,82.5,estimated,,prefill-facebook-opt-1-3b-chunk-64-sm-24,success,,,/mnt/data/dheeraj/dicertation/inference-profile/runs/revised-rerun-20260415-020401-g2-opt13b-c64-256/raw/points/prefill/prefill-facebook-opt-1-3b-chunk-64-sm-24.csv
facebook/opt-1.3b,64,gemm,v_proj,24,0,68.60800087451935,112365568,112627712,262144,262144,1024,2026-04-15T01:04:24Z,baseline_nvml_pt,nvidia-smi,ok,3.0,2538.0,1695.0,7601.0,71.58,0.1004159972071647,108.16015625,108.16015625,1.0,True,,93.0,51.5,82.5,estimated,,prefill-facebook-opt-1-3b-chunk-64-sm-24,success,,,/mnt/data/dheeraj/dicertation/inference-profile/runs/revised-rerun-20260415-020401-g2-opt13b-c64-256/raw/points/prefill/prefill-facebook-opt-1-3b-chunk-64-sm-24.csv
facebook/opt-1.3b,64,gemm,out_proj,24,0,76.80000364780426,112365568,112627712,262144,262144,1024,2026-04-15T01:04:24Z,baseline_nvml_pt,nvidia-smi,ok,3.0,2538.0,1695.0,7601.0,71.58,0.1004159972071647,108.16015625,108.16015625,1.0,True,,93.0,51.5,82.5,estimated,,prefill-facebook-opt-1-3b-chunk-64-sm-24,success,,,/mnt/data/dheeraj/dicertation/inference-profile/runs/revised-rerun-20260415-020401-g2-opt13b-c64-256/raw/points/prefill/prefill-facebook-opt-1-3b-chunk-64-sm-24.csv
facebook/opt-1.3b,64,gemm,fc1,24,0,97.28000313043594,112365568,113414144,1048576,1048576,1024,2026-04-15T01:04:24Z,baseline_nvml_pt,nvidia-smi,ok,3.0,2538.0,1695.0,7601.0,71.58,0.1004159972071647,108.16015625,108.16015625,1.0,True,,93.0,51.5,82.5,estimated,,prefill-facebook-opt-1-3b-chunk-64-sm-24,success,,,/mnt/data/dheeraj/dicertation/inference-profile/runs/revised-rerun-20260415-020401-g2-opt13b-c64-256/raw/points/prefill/prefill-facebook-opt-1-3b-chunk-64-sm-24.csv
facebook/opt-1.3b,64,gemm,fc2,24,0,100.41599720716476,112365568,112627712,262144,262144,1024,2026-04-15T01:04:24Z,baseline_nvml_pt,nvidia-smi,ok,3.0,2538.0,1695.0,7601.0,71.58,0.1004159972071647,108.16015625,108.16015625,1.0,True,,93.0,51.5,82.5,estimated,,prefill-facebook-opt-1-3b-chunk-64-sm-24,success,,,/mnt/data/dheeraj/dicertation/inference-profile/runs/revised-rerun-20260415-020401-g2-opt13b-c64-256/raw/points/prefill/prefill-facebook-opt-1-3b-chunk-64-sm-24.csv
facebook/opt-1.3b,64,attention,attention,24,0,59.26400050520897,112365568,112636928,271360,262144,1024,2026-04-15T01:04:24Z,baseline_nvml_pt,nvidia-smi,ok,3.0,2538.0,1695.0,7601.0,71.58,0.1004159972071647,108.16015625,108.16015625,1.0,True,,93.0,51.5,82.5,estimated,,prefill-facebook-opt-1-3b-chunk-64-sm-24,success,,,/mnt/data/dheeraj/dicertation/inference-profile/runs/revised-rerun-20260415-020401-g2-opt13b-c64-256/raw/points/prefill/prefill-facebook-opt-1-3b-chunk-64-sm-24.csv
facebook/opt-1.3b,64,gemm,q_proj,24,1,68.7360018491745,112365568,112627712,262144,262144,1024,2026-04-15T01:04:24Z,baseline_nvml_pt,nvidia-smi,ok,3.0,2538.0,1695.0,7601.0,71.58,0.1004159972071647,108.16015625,108.16015625,1.0,True,,93.0,51.5,82.5,estimated,,prefill-facebook-opt-1-3b-chunk-64-sm-24,success,,,/mnt/data/dheeraj/dicertation/inference-profile/runs/revised-rerun-20260415-020401-g2-opt13b-c64-256/raw/points/prefill/prefill-facebook-opt-1-3b-chunk-64-sm-24.csv
facebook/opt-1.3b,64,gemm,k_proj,24,1,67.58400052785873,112365568,112627712,262144,262144,1024,2026-04-15T01:04:24Z,baseline_nvml_pt,nvidia-smi,ok,3.0,2538.0,1695.0,7601.0,71.58,0.1004159972071647,108.16015625,108.16015625,1.0,True,,93.0,51.5,82.5,estimated,,prefill-facebook-opt-1-3b-chunk-64-sm-24,success,,,/mnt/data/dheeraj/dicertation/inference-profile/runs/revised-rerun-20260415-020401-g2-opt13b-c64-256/raw/points/prefill/prefill-facebook-opt-1-3b-chunk-64-sm-24.csv
facebook/opt-1.3b,64,gemm,v_proj,24,1,64.51199948787689,112365568,112627712,262144,262144,1024,2026-04-15T01:04:24Z,baseline_nvml_pt,nvidia-smi,ok,3.0,2538.0,1695.0,7601.0,71.58,0.1004159972071647,108.16015625,108.16015625,1.0,True,,93.0,51.5,82.5,estimated,,prefill-facebook-opt-1-3b-chunk-64-sm-24,success,,,/mnt/data/dheeraj/dicertation/inference-profile/runs/revised-rerun-20260415-020401-g2-opt13b-c64-256/raw/points/prefill/prefill-facebook-opt-1-3b-chunk-64-sm-24.csv
facebook/opt-1.3b,64,gemm,out_proj,24,1,64.7680014371872,112365568,112627712,262144,262144,1024,2026-04-15T01:04:24Z,baseline_nvml_pt,nvidia-smi,ok,3.0,2538.0,1695.0,7601.0,71.58,0.1004159972071647,108.16015625,108.16015625,1.0,True,,93.0,51.5,82.5,estimated,,prefill-facebook-opt-1-3b-chunk-64-sm-24,success,,,/mnt/data/dheeraj/dicertation/inference-profile/runs/revised-rerun-20260415-020401-g2-opt13b-c64-256/raw/points/prefill/prefill-facebook-opt-1-3b-chunk-64-sm-24.csv
facebook/opt-1.3b,64,gemm,fc1,24,1,95.23200243711472,112365568,113414144,1048576,1048576,1024,2026-04-15T01:04:24Z,baseline_nvml_pt,nvidia-smi,ok,3.0,2538.0,1695.0,7601.0,71.58,0.1004159972071647,108.16015625,108.16015625,1.0,True,,93.0,51.5,82.5,estimated,,prefill-facebook-opt-1-3b-chunk-64-sm-24,success,,,/mnt/data/dheeraj/dicertation/inference-profile/runs/revised-rerun-20260415-020401-g2-opt13b-c64-256/raw/points/prefill/prefill-facebook-opt-1-3b-chunk-64-sm-24.csv
facebook/opt-1.3b,64,gemm,fc2,24,1,100.3519967198372,112365568,112627712,262144,262144,1024,2026-04-15T01:04:24Z,baseline_nvml_pt,nvidia-smi,ok,3.0,2538.0,1695.0,7601.0,71.58,0.1004159972071647,108.16015625,108.16015625,1.0,True,,93.0,51.5,82.5,estimated,,prefill-facebook-opt-1-3b-chunk-64-sm-24,success,,,/mnt/data/dheeraj/dicertation/inference-profile/runs/revised-rerun-20260415-020401-g2-opt13b-c64-256/raw/points/prefill/prefill-facebook-opt-1-3b-chunk-64-sm-24.csv
facebook/opt-1.3b,64,attention,attention,24,1,56.32000043988228,112365568,112636928,271360,262144,1024,2026-04-15T01:04:24Z,baseline_nvml_pt,nvidia-smi,ok,3.0,2538.0,1695.0,7601.0,71.58,0.1004159972071647,108.16015625,108.16015625,1.0,True,,93.0,51.5,82.5,estimated,,prefill-facebook-opt-1-3b-chunk-64-sm-24,success,,,/mnt/data/dheeraj/dicertation/inference-profile/runs/revised-rerun-20260415-020401-g2-opt13b-c64-256/raw/points/prefill/prefill-facebook-opt-1-3b-chunk-64-sm-24.csv
facebook/opt-1.3b,64,gemm,q_proj,24,2,67.58400052785873,112365568,112627712,262144,262144,1024,2026-04-15T01:04:24Z,baseline_nvml_pt,nvidia-smi,ok,3.0,2538.0,1695.0,7601.0,71.58,0.1004159972071647,108.16015625,108.16015625,1.0,True,,93.0,51.5,82.5,estimated,,prefill-facebook-opt-1-3b-chunk-64-sm-24,success,,,/mnt/data/dheeraj/dicertation/inference-profile/runs/revised-rerun-20260415-020401-g2-opt13b-c64-256/raw/points/prefill/prefill-facebook-opt-1-3b-chunk-64-sm-24.csv
facebook/opt-1.3b,64,gemm,k_proj,24,2,72.7040022611618,112365568,112627712,262144,262144,1024,2026-04-15T01:04:24Z,baseline_nvml_pt,nvidia-smi,ok,3.0,2538.0,1695.0,7601.0,71.58,0.1004159972071647,108.16015625,108.16015625,1.0,True,,93.0,51.5,82.5,estimated,,prefill-facebook-opt-1-3b-chunk-64-sm-24,success,,,/mnt/data/dheeraj/dicertation/inference-profile/runs/revised-rerun-20260415-020401-g2-opt13b-c64-256/raw/points/prefill/prefill-facebook-opt-1-3b-chunk-64-sm-24.csv
facebook/opt-1.3b,64,gemm,v_proj,24,2,64.51199948787689,112365568,112627712,262144,262144,1024,2026-04-15T01:04:24Z,baseline_nvml_pt,nvidia-smi,ok,3.0,2538.0,1695.0,7601.0,71.58,0.1004159972071647,108.16015625,108.16015625,1.0,True,,93.0,51.5,82.5,estimated,,prefill-facebook-opt-1-3b-chunk-64-sm-24,success,,,/mnt/data/dheeraj/dicertation/inference-profile/runs/revised-rerun-20260415-020401-g2-opt13b-c64-256/raw/points/prefill/prefill-facebook-opt-1-3b-chunk-64-sm-24.csv
facebook/opt-1.3b,64,gemm,out_proj,24,2,66.56000018119812,112365568,112627712,262144,262144,1024,2026-04-15T01:04:24Z,baseline_nvml_pt,nvidia-smi,ok,3.0,2538.0,1695.0,7601.0,71.58,0.1004159972071647,108.16015625,108.16015625,1.0,True,,93.0,51.5,82.5,estimated,,prefill-facebook-opt-1-3b-chunk-64-sm-24,success,,,/mnt/data/dheeraj/dicertation/inference-profile/runs/revised-rerun-20260415-020401-g2-opt13b-c64-256/raw/points/prefill/prefill-facebook-opt-1-3b-chunk-64-sm-24.csv
facebook/opt-1.3b,64,gemm,fc1,24,2,97.28000313043594,112365568,113414144,1048576,1048576,1024,2026-04-15T01:04:24Z,baseline_nvml_pt,nvidia-smi,ok,3.0,2538.0,1695.0,7601.0,71.58,0.1004159972071647,108.16015625,108.16015625,1.0,True,,93.0,51.5,82.5,estimated,,prefill-facebook-opt-1-3b-chunk-64-sm-24,success,,,/mnt/data/dheeraj/dicertation/inference-profile/runs/revised-rerun-20260415-020401-g2-opt13b-c64-256/raw/points/prefill/prefill-facebook-opt-1-3b-chunk-64-sm-24.csv
facebook/opt-1.3b,64,gemm,fc2,24,2,97.28000313043594,112365568,112627712,262144,262144,1024,2026-04-15T01:04:24Z,baseline_nvml_pt,nvidia-smi,ok,3.0,2538.0,1695.0,7601.0,71.58,0.1004159972071647,108.16015625,108.16015625,1.0,True,,93.0,51.5,82.5,estimated,,prefill-facebook-opt-1-3b-chunk-64-sm-24,success,,,/mnt/data/dheeraj/dicertation/inference-profile/runs/revised-rerun-20260415-020401-g2-opt13b-c64-256/raw/points/prefill/prefill-facebook-opt-1-3b-chunk-64-sm-24.csv
facebook/opt-1.3b,64,attention,attention,24,2,57.11999908089638,112365568,112636928,271360,262144,1024,2026-04-15T01:04:24Z,baseline_nvml_pt,nvidia-smi,ok,3.0,2538.0,1695.0,7601.0,71.58,0.1004159972071647,108.16015625,108.16015625,1.0,True,,93.0,51.5,82.5,estimated,,prefill-facebook-opt-1-3b-chunk-64-sm-24,success,,,/mnt/data/dheeraj/dicertation/inference-profile/runs/revised-rerun-20260415-020401-g2-opt13b-c64-256/raw/points/prefill/prefill-facebook-opt-1-3b-chunk-64-sm-24.csv
facebook/opt-1.3b,64,gemm,q_proj,24,3,68.60800087451935,112365568,112627712,262144,262144,1024,2026-04-15T01:04:24Z,baseline_nvml_pt,nvidia-smi,ok,3.0,2538.0,1695.0,7601.0,71.58,0.1004159972071647,108.16015625,108.16015625,1.0,True,,93.0,51.5,82.5,estimated,,prefill-facebook-opt-1-3b-chunk-64-sm-24,success,,,/mnt/data/dheeraj/dicertation/inference-profile/runs/revised-rerun-20260415-020401-g2-opt13b-c64-256/raw/points/prefill/prefill-facebook-opt-1-3b-chunk-64-sm-24.csv
facebook/opt-1.3b,64,gemm,k_proj,24,3,65.63200056552887,112365568,112627712,262144,262144,1024,2026-04-15T01:04:24Z,baseline_nvml_pt,nvidia-smi,ok,3.0,2538.0,1695.0,7601.0,71.58,0.1004159972071647,108.16015625,108.16015625,1.0,True,,93.0,51.5,82.5,estimated,,prefill-facebook-opt-1-3b-chunk-64-sm-24,success,,,/mnt/data/dheeraj/dicertation/inference-profile/runs/revised-rerun-20260415-020401-g2-opt13b-c64-256/raw/points/prefill/prefill-facebook-opt-1-3b-chunk-64-sm-24.csv
facebook/opt-1.3b,64,gemm,v_proj,24,3,65.5359998345375,112365568,112627712,262144,262144,1024,2026-04-15T01:04:24Z,baseline_nvml_pt,nvidia-smi,ok,3.0,2538.0,1695.0,7601.0,71.58,0.1004159972071647,108.16015625,108.16015625,1.0,True,,93.0,51.5,82.5,estimated,,prefill-facebook-opt-1-3b-chunk-64-sm-24,success,,,/mnt/data/dheeraj/dicertation/inference-profile/runs/revised-rerun-20260415-020401-g2-opt13b-c64-256/raw/points/prefill/prefill-facebook-opt-1-3b-chunk-64-sm-24.csv
facebook/opt-1.3b,64,gemm,out_proj,24,3,65.5359998345375,112365568,112627712,262144,262144,1024,2026-04-15T01:04:24Z,baseline_nvml_pt,nvidia-smi,ok,3.0,2538.0,1695.0,7601.0,71.58,0.1004159972071647,108.16015625,108.16015625,1.0,True,,93.0,51.5,82.5,estimated,,prefill-facebook-opt-1-3b-chunk-64-sm-24,success,,,/mnt/data/dheeraj/dicertation/inference-profile/runs/revised-rerun-20260415-020401-g2-opt13b-c64-256/raw/points/prefill/prefill-facebook-opt-1-3b-chunk-64-sm-24.csv
facebook/opt-1.3b,64,gemm,fc1,24,3,96.25600278377532,112365568,113414144,1048576,1048576,1024,2026-04-15T01:04:24Z,baseline_nvml_pt,nvidia-smi,ok,3.0,2538.0,1695.0,7601.0,71.58,0.1004159972071647,108.16015625,108.16015625,1.0,True,,93.0,51.5,82.5,estimated,,prefill-facebook-opt-1-3b-chunk-64-sm-24,success,,,/mnt/data/dheeraj/dicertation/inference-profile/runs/revised-rerun-20260415-020401-g2-opt13b-c64-256/raw/points/prefill/prefill-facebook-opt-1-3b-chunk-64-sm-24.csv
facebook/opt-1.3b,64,gemm,fc2,24,3,97.28000313043594,112365568,112627712,262144,262144,1024,2026-04-15T01:04:24Z,baseline_nvml_pt,nvidia-smi,ok,3.0,2538.0,1695.0,7601.0,71.58,0.1004159972071647,108.16015625,108.16015625,1.0,True,,93.0,51.5,82.5,estimated,,prefill-facebook-opt-1-3b-chunk-64-sm-24,success,,,/mnt/data/dheeraj/dicertation/inference-profile/runs/revised-rerun-20260415-020401-g2-opt13b-c64-256/raw/points/prefill/prefill-facebook-opt-1-3b-chunk-64-sm-24.csv
facebook/opt-1.3b,64,attention,attention,24,3,55.26399984955788,112365568,112636928,271360,262144,1024,2026-04-15T01:04:24Z,baseline_nvml_pt,nvidia-smi,ok,3.0,2538.0,1695.0,7601.0,71.58,0.1004159972071647,108.16015625,108.16015625,1.0,True,,93.0,51.5,82.5,estimated,,prefill-facebook-opt-1-3b-chunk-64-sm-24,success,,,/mnt/data/dheeraj/dicertation/inference-profile/runs/revised-rerun-20260415-020401-g2-opt13b-c64-256/raw/points/prefill/prefill-facebook-opt-1-3b-chunk-64-sm-24.csv
facebook/opt-1.3b,64,gemm,q_proj,24,4,67.32799857854843,112365568,112627712,262144,262144,1024,2026-04-15T01:04:24Z,baseline_nvml_pt,nvidia-smi,ok,3.0,2538.0,1695.0,7601.0,71.58,0.1004159972071647,108.16015625,108.16015625,1.0,True,,93.0,51.5,82.5,estimated,,prefill-facebook-opt-1-3b-chunk-64-sm-24,success,,,/mnt/data/dheeraj/dicertation/inference-profile/runs/revised-rerun-20260415-020401-g2-opt13b-c64-256/raw/points/prefill/prefill-facebook-opt-1-3b-chunk-64-sm-24.csv
facebook/opt-1.3b,64,gemm,k_proj,24,4,64.51199948787689,112365568,112627712,262144,262144,1024,2026-04-15T01:04:24Z,baseline_nvml_pt,nvidia-smi,ok,3.0,2538.0,1695.0,7601.0,71.58,0.1004159972071647,108.16015625,108.16015625,1.0,True,,93.0,51.5,82.5,estimated,,prefill-facebook-opt-1-3b-chunk-64-sm-24,success,,,/mnt/data/dheeraj/dicertation/inference-profile/runs/revised-rerun-20260415-020401-g2-opt13b-c64-256/raw/points/prefill/prefill-facebook-opt-1-3b-chunk-64-sm-24.csv
facebook/opt-1.3b,64,gemm,v_proj,24,4,64.51199948787689,112365568,112627712,262144,262144,1024,2026-04-15T01:04:24Z,baseline_nvml_pt,nvidia-smi,ok,3.0,2538.0,1695.0,7601.0,71.58,0.1004159972071647,108.16015625,108.16015625,1.0,True,,93.0,51.5,82.5,estimated,,prefill-facebook-opt-1-3b-chunk-64-sm-24,success,,,/mnt/data/dheeraj/dicertation/inference-profile/runs/revised-rerun-20260415-020401-g2-opt13b-c64-256/raw/points/prefill/prefill-facebook-opt-1-3b-chunk-64-sm-24.csv
facebook/opt-1.3b,64,gemm,out_proj,24,4,64.41599875688553,112365568,112627712,262144,262144,1024,2026-04-15T01:04:24Z,baseline_nvml_pt,nvidia-smi,ok,3.0,2538.0,1695.0,7601.0,71.58,0.1004159972071647,108.16015625,108.16015625,1.0,True,,93.0,51.5,82.5,estimated,,prefill-facebook-opt-1-3b-chunk-64-sm-24,success,,,/mnt/data/dheeraj/dicertation/inference-profile/runs/revised-rerun-20260415-020401-g2-opt13b-c64-256/raw/points/prefill/prefill-facebook-opt-1-3b-chunk-64-sm-24.csv
facebook/opt-1.3b,64,gemm,fc1,24,4,95.23200243711472,112365568,113414144,1048576,1048576,1024,2026-04-15T01:04:24Z,baseline_nvml_pt,nvidia-smi,ok,3.0,2538.0,1695.0,7601.0,71.58,0.1004159972071647,108.16015625,108.16015625,1.0,True,,93.0,51.5,82.5,estimated,,prefill-facebook-opt-1-3b-chunk-64-sm-24,success,,,/mnt/data/dheeraj/dicertation/inference-profile/runs/revised-rerun-20260415-020401-g2-opt13b-c64-256/raw/points/prefill/prefill-facebook-opt-1-3b-chunk-64-sm-24.csv
facebook/opt-1.3b,64,gemm,fc2,24,4,98.04800152778624,112365568,112627712,262144,262144,1024,2026-04-15T01:04:24Z,baseline_nvml_pt,nvidia-smi,ok,3.0,2538.0,1695.0,7601.0,71.58,0.1004159972071647,108.16015625,108.16015625,1.0,True,,93.0,51.5,82.5,estimated,,prefill-facebook-opt-1-3b-chunk-64-sm-24,success,,,/mnt/data/dheeraj/dicertation/inference-profile/runs/revised-rerun-20260415-020401-g2-opt13b-c64-256/raw/points/prefill/prefill-facebook-opt-1-3b-chunk-64-sm-24.csv
facebook/opt-1.3b,64,attention,attention,24,4,55.32800033688545,112365568,112636928,271360,262144,1024,2026-04-15T01:04:24Z,baseline_nvml_pt,nvidia-smi,ok,3.0,2538.0,1695.0,7601.0,71.58,0.1004159972071647,108.16015625,108.16015625,1.0,True,,93.0,51.5,82.5,estimated,,prefill-facebook-opt-1-3b-chunk-64-sm-24,success,,,/mnt/data/dheeraj/dicertation/inference-profile/runs/revised-rerun-20260415-020401-g2-opt13b-c64-256/raw/points/prefill/prefill-facebook-opt-1-3b-chunk-64-sm-24.csv
facebook/opt-1.3b,64,gemm,q_proj,32,0,98.43199700117113,112365568,112627712,262144,262144,1024,2026-04-15T01:04:28Z,baseline_nvml_pt,nvidia-smi,ok,4.0,2536.0,1695.0,7601.0,71.05,0.1003519967198371,108.16015625,108.16015625,1.0,True,,100.0,46.0,89.99999999999999,estimated,,prefill-facebook-opt-1-3b-chunk-64-sm-32,success,,,/mnt/data/dheeraj/dicertation/inference-profile/runs/revised-rerun-20260415-020401-g2-opt13b-c64-256/raw/points/prefill/prefill-facebook-opt-1-3b-chunk-64-sm-32.csv
facebook/opt-1.3b,64,gemm,k_proj,32,0,79.8719972372055,112365568,112627712,262144,262144,1024,2026-04-15T01:04:28Z,baseline_nvml_pt,nvidia-smi,ok,4.0,2536.0,1695.0,7601.0,71.05,0.1003519967198371,108.16015625,108.16015625,1.0,True,,100.0,46.0,89.99999999999999,estimated,,prefill-facebook-opt-1-3b-chunk-64-sm-32,success,,,/mnt/data/dheeraj/dicertation/inference-profile/runs/revised-rerun-20260415-020401-g2-opt13b-c64-256/raw/points/prefill/prefill-facebook-opt-1-3b-chunk-64-sm-32.csv
facebook/opt-1.3b,64,gemm,v_proj,32,0,70.65600156784058,112365568,112627712,262144,262144,1024,2026-04-15T01:04:28Z,baseline_nvml_pt,nvidia-smi,ok,4.0,2536.0,1695.0,7601.0,71.05,0.1003519967198371,108.16015625,108.16015625,1.0,True,,100.0,46.0,89.99999999999999,estimated,,prefill-facebook-opt-1-3b-chunk-64-sm-32,success,,,/mnt/data/dheeraj/dicertation/inference-profile/runs/revised-rerun-20260415-020401-g2-opt13b-c64-256/raw/points/prefill/prefill-facebook-opt-1-3b-chunk-64-sm-32.csv
facebook/opt-1.3b,64,gemm,out_proj,32,0,73.95199686288834,112365568,112627712,262144,262144,1024,2026-04-15T01:04:28Z,baseline_nvml_pt,nvidia-smi,ok,4.0,2536.0,1695.0,7601.0,71.05,0.1003519967198371,108.16015625,108.16015625,1.0,True,,100.0,46.0,89.99999999999999,estimated,,prefill-facebook-opt-1-3b-chunk-64-sm-32,success,,,/mnt/data/dheeraj/dicertation/inference-profile/runs/revised-rerun-20260415-020401-g2-opt13b-c64-256/raw/points/prefill/prefill-facebook-opt-1-3b-chunk-64-sm-32.csv
facebook/opt-1.3b,64,gemm,fc1,32,0,98.30400347709656,112365568,113414144,1048576,1048576,1024,2026-04-15T01:04:28Z,baseline_nvml_pt,nvidia-smi,ok,4.0,2536.0,1695.0,7601.0,71.05,0.1003519967198371,108.16015625,108.16015625,1.0,True,,100.0,46.0,89.99999999999999,estimated,,prefill-facebook-opt-1-3b-chunk-64-sm-32,success,,,/mnt/data/dheeraj/dicertation/inference-profile/runs/revised-rerun-20260415-020401-g2-opt13b-c64-256/raw/points/prefill/prefill-facebook-opt-1-3b-chunk-64-sm-32.csv
facebook/opt-1.3b,64,gemm,fc2,32,0,100.3519967198372,112365568,112627712,262144,262144,1024,2026-04-15T01:04:28Z,baseline_nvml_pt,nvidia-smi,ok,4.0,2536.0,1695.0,7601.0,71.05,0.1003519967198371,108.16015625,108.16015625,1.0,True,,100.0,46.0,89.99999999999999,estimated,,prefill-facebook-opt-1-3b-chunk-64-sm-32,success,,,/mnt/data/dheeraj/dicertation/inference-profile/runs/revised-rerun-20260415-020401-g2-opt13b-c64-256/raw/points/prefill/prefill-facebook-opt-1-3b-chunk-64-sm-32.csv
facebook/opt-1.3b,64,attention,attention,32,0,59.39200147986412,112365568,112636928,271360,262144,1024,2026-04-15T01:04:28Z,baseline_nvml_pt,nvidia-smi,ok,4.0,2536.0,1695.0,7601.0,71.05,0.1003519967198371,108.16015625,108.16015625,1.0,True,,100.0,46.0,89.99999999999999,estimated,,prefill-facebook-opt-1-3b-chunk-64-sm-32,success,,,/mnt/data/dheeraj/dicertation/inference-profile/runs/revised-rerun-20260415-020401-g2-opt13b-c64-256/raw/points/prefill/prefill-facebook-opt-1-3b-chunk-64-sm-32.csv
facebook/opt-1.3b,64,gemm,q_proj,32,1,71.6480016708374,112365568,112627712,262144,262144,1024,2026-04-15T01:04:28Z,baseline_nvml_pt,nvidia-smi,ok,4.0,2536.0,1695.0,7601.0,71.05,0.1003519967198371,108.16015625,108.16015625,1.0,True,,100.0,46.0,89.99999999999999,estimated,,prefill-facebook-opt-1-3b-chunk-64-sm-32,success,,,/mnt/data/dheeraj/dicertation/inference-profile/runs/revised-rerun-20260415-020401-g2-opt13b-c64-256/raw/points/prefill/prefill-facebook-opt-1-3b-chunk-64-sm-32.csv
facebook/opt-1.3b,64,gemm,k_proj,32,1,67.77600198984146,112365568,112627712,262144,262144,1024,2026-04-15T01:04:28Z,baseline_nvml_pt,nvidia-smi,ok,4.0,2536.0,1695.0,7601.0,71.05,0.1003519967198371,108.16015625,108.16015625,1.0,True,,100.0,46.0,89.99999999999999,estimated,,prefill-facebook-opt-1-3b-chunk-64-sm-32,success,,,/mnt/data/dheeraj/dicertation/inference-profile/runs/revised-rerun-20260415-020401-g2-opt13b-c64-256/raw/points/prefill/prefill-facebook-opt-1-3b-chunk-64-sm-32.csv
facebook/opt-1.3b,64,gemm,v_proj,32,1,63.48799914121628,112365568,112627712,262144,262144,1024,2026-04-15T01:04:28Z,baseline_nvml_pt,nvidia-smi,ok,4.0,2536.0,1695.0,7601.0,71.05,0.1003519967198371,108.16015625,108.16015625,1.0,True,,100.0,46.0,89.99999999999999,estimated,,prefill-facebook-opt-1-3b-chunk-64-sm-32,success,,,/mnt/data/dheeraj/dicertation/inference-profile/runs/revised-rerun-20260415-020401-g2-opt13b-c64-256/raw/points/prefill/prefill-facebook-opt-1-3b-chunk-64-sm-32.csv
facebook/opt-1.3b,64,gemm,out_proj,32,1,66.49599969387054,112365568,112627712,262144,262144,1024,2026-04-15T01:04:28Z,baseline_nvml_pt,nvidia-smi,ok,4.0,2536.0,1695.0,7601.0,71.05,0.1003519967198371,108.16015625,108.16015625,1.0,True,,100.0,46.0,89.99999999999999,estimated,,prefill-facebook-opt-1-3b-chunk-64-sm-32,success,,,/mnt/data/dheeraj/dicertation/inference-profile/runs/revised-rerun-20260415-020401-g2-opt13b-c64-256/raw/points/prefill/prefill-facebook-opt-1-3b-chunk-64-sm-32.csv
facebook/opt-1.3b,64,gemm,fc1,32,1,96.19200229644775,112365568,113414144,1048576,1048576,1024,2026-04-15T01:04:28Z,baseline_nvml_pt,nvidia-smi,ok,4.0,2536.0,1695.0,7601.0,71.05,0.1003519967198371,108.16015625,108.16015625,1.0,True,,100.0,46.0,89.99999999999999,estimated,,prefill-facebook-opt-1-3b-chunk-64-sm-32,success,,,/mnt/data/dheeraj/dicertation/inference-profile/runs/revised-rerun-20260415-020401-g2-opt13b-c64-256/raw/points/prefill/prefill-facebook-opt-1-3b-chunk-64-sm-32.csv
facebook/opt-1.3b,64,gemm,fc2,32,1,97.28000313043594,112365568,112627712,262144,262144,1024,2026-04-15T01:04:28Z,baseline_nvml_pt,nvidia-smi,ok,4.0,2536.0,1695.0,7601.0,71.05,0.1003519967198371,108.16015625,108.16015625,1.0,True,,100.0,46.0,89.99999999999999,estimated,,prefill-facebook-opt-1-3b-chunk-64-sm-32,success,,,/mnt/data/dheeraj/dicertation/inference-profile/runs/revised-rerun-20260415-020401-g2-opt13b-c64-256/raw/points/prefill/prefill-facebook-opt-1-3b-chunk-64-sm-32.csv
facebook/opt-1.3b,64,attention,attention,32,1,62.463998794555664,112365568,112636928,271360,262144,1024,2026-04-15T01:04:28Z,baseline_nvml_pt,nvidia-smi,ok,4.0,2536.0,1695.0,7601.0,71.05,0.1003519967198371,108.16015625,108.16015625,1.0,True,,100.0,46.0,89.99999999999999,estimated,,prefill-facebook-opt-1-3b-chunk-64-sm-32,success,,,/mnt/data/dheeraj/dicertation/inference-profile/runs/revised-rerun-20260415-020401-g2-opt13b-c64-256/raw/points/prefill/prefill-facebook-opt-1-3b-chunk-64-sm-32.csv
facebook/opt-1.3b,64,gemm,q_proj,32,2,69.63200122117996,112365568,112627712,262144,262144,1024,2026-04-15T01:04:28Z,baseline_nvml_pt,nvidia-smi,ok,4.0,2536.0,1695.0,7601.0,71.05,0.1003519967198371,108.16015625,108.16015625,1.0,True,,100.0,46.0,89.99999999999999,estimated,,prefill-facebook-opt-1-3b-chunk-64-sm-32,success,,,/mnt/data/dheeraj/dicertation/inference-profile/runs/revised-rerun-20260415-020401-g2-opt13b-c64-256/raw/points/prefill/prefill-facebook-opt-1-3b-chunk-64-sm-32.csv
facebook/opt-1.3b,64,gemm,k_proj,32,2,78.68800312280655,112365568,112627712,262144,262144,1024,2026-04-15T01:04:28Z,baseline_nvml_pt,nvidia-smi,ok,4.0,2536.0,1695.0,7601.0,71.05,0.1003519967198371,108.16015625,108.16015625,1.0,True,,100.0,46.0,89.99999999999999,estimated,,prefill-facebook-opt-1-3b-chunk-64-sm-32,success,,,/mnt/data/dheeraj/dicertation/inference-profile/runs/revised-rerun-20260415-020401-g2-opt13b-c64-256/raw/points/prefill/prefill-facebook-opt-1-3b-chunk-64-sm-32.csv
facebook/opt-1.3b,64,gemm,v_proj,32,2,66.56000018119812,112365568,112627712,262144,262144,1024,2026-04-15T01:04:28Z,baseline_nvml_pt,nvidia-smi,ok,4.0,2536.0,1695.0,7601.0,71.05,0.1003519967198371,108.16015625,108.16015625,1.0,True,,100.0,46.0,89.99999999999999,estimated,,prefill-facebook-opt-1-3b-chunk-64-sm-32,success,,,/mnt/data/dheeraj/dicertation/inference-profile/runs/revised-rerun-20260415-020401-g2-opt13b-c64-256/raw/points/prefill/prefill-facebook-opt-1-3b-chunk-64-sm-32.csv
facebook/opt-1.3b,64,gemm,out_proj,32,2,63.64800035953522,112365568,112627712,262144,262144,1024,2026-04-15T01:04:28Z,baseline_nvml_pt,nvidia-smi,ok,4.0,2536.0,1695.0,7601.0,71.05,0.1003519967198371,108.16015625,108.16015625,1.0,True,,100.0,46.0,89.99999999999999,estimated,,prefill-facebook-opt-1-3b-chunk-64-sm-32,success,,,/mnt/data/dheeraj/dicertation/inference-profile/runs/revised-rerun-20260415-020401-g2-opt13b-c64-256/raw/points/prefill/prefill-facebook-opt-1-3b-chunk-64-sm-32.csv
facebook/opt-1.3b,64,gemm,fc1,32,2,96.25600278377532,112365568,113414144,1048576,1048576,1024,2026-04-15T01:04:28Z,baseline_nvml_pt,nvidia-smi,ok,4.0,2536.0,1695.0,7601.0,71.05,0.1003519967198371,108.16015625,108.16015625,1.0,True,,100.0,46.0,89.99999999999999,estimated,,prefill-facebook-opt-1-3b-chunk-64-sm-32,success,,,/mnt/data/dheeraj/dicertation/inference-profile/runs/revised-rerun-20260415-020401-g2-opt13b-c64-256/raw/points/prefill/prefill-facebook-opt-1-3b-chunk-64-sm-32.csv
facebook/opt-1.3b,64,gemm,fc2,32,2,100.25600343942642,112365568,112627712,262144,262144,1024,2026-04-15T01:04:28Z,baseline_nvml_pt,nvidia-smi,ok,4.0,2536.0,1695.0,7601.0,71.05,0.1003519967198371,108.16015625,108.16015625,1.0,True,,100.0,46.0,89.99999999999999,estimated,,prefill-facebook-opt-1-3b-chunk-64-sm-32,success,,,/mnt/data/dheeraj/dicertation/inference-profile/runs/revised-rerun-20260415-020401-g2-opt13b-c64-256/raw/points/prefill/prefill-facebook-opt-1-3b-chunk-64-sm-32.csv
facebook/opt-1.3b,64,attention,attention,32,2,57.0559985935688,112365568,112636928,271360,262144,1024,2026-04-15T01:04:28Z,baseline_nvml_pt,nvidia-smi,ok,4.0,2536.0,1695.0,7601.0,71.05,0.1003519967198371,108.16015625,108.16015625,1.0,True,,100.0,46.0,89.99999999999999,estimated,,prefill-facebook-opt-1-3b-chunk-64-sm-32,success,,,/mnt/data/dheeraj/dicertation/inference-profile/runs/revised-rerun-20260415-020401-g2-opt13b-c64-256/raw/points/prefill/prefill-facebook-opt-1-3b-chunk-64-sm-32.csv
facebook/opt-1.3b,64,gemm,q_proj,32,3,67.32799857854843,112365568,112627712,262144,262144,1024,2026-04-15T01:04:28Z,baseline_nvml_pt,nvidia-smi,ok,4.0,2536.0,1695.0,7601.0,71.05,0.1003519967198371,108.16015625,108.16015625,1.0,True,,100.0,46.0,89.99999999999999,estimated,,prefill-facebook-opt-1-3b-chunk-64-sm-32,success,,,/mnt/data/dheeraj/dicertation/inference-profile/runs/revised-rerun-20260415-020401-g2-opt13b-c64-256/raw/points/prefill/prefill-facebook-opt-1-3b-chunk-64-sm-32.csv
facebook/opt-1.3b,64,gemm,k_proj,32,3,72.64000177383423,112365568,112627712,262144,262144,1024,2026-04-15T01:04:28Z,baseline_nvml_pt,nvidia-smi,ok,4.0,2536.0,1695.0,7601.0,71.05,0.1003519967198371,108.16015625,108.16015625,1.0,True,,100.0,46.0,89.99999999999999,estimated,,prefill-facebook-opt-1-3b-chunk-64-sm-32,success,,,/mnt/data/dheeraj/dicertation/inference-profile/runs/revised-rerun-20260415-020401-g2-opt13b-c64-256/raw/points/prefill/prefill-facebook-opt-1-3b-chunk-64-sm-32.csv
facebook/opt-1.3b,64,gemm,v_proj,32,3,67.32799857854843,112365568,112627712,262144,262144,1024,2026-04-15T01:04:28Z,baseline_nvml_pt,nvidia-smi,ok,4.0,2536.0,1695.0,7601.0,71.05,0.1003519967198371,108.16015625,108.16015625,1.0,True,,100.0,46.0,89.99999999999999,estimated,,prefill-facebook-opt-1-3b-chunk-64-sm-32,success,,,/mnt/data/dheeraj/dicertation/inference-profile/runs/revised-rerun-20260415-020401-g2-opt13b-c64-256/raw/points/prefill/prefill-facebook-opt-1-3b-chunk-64-sm-32.csv
facebook/opt-1.3b,64,gemm,out_proj,32,3,65.34399837255478,112365568,112627712,262144,262144,1024,2026-04-15T01:04:28Z,baseline_nvml_pt,nvidia-smi,ok,4.0,2536.0,1695.0,7601.0,71.05,0.1003519967198371,108.16015625,108.16015625,1.0,True,,100.0,46.0,89.99999999999999,estimated,,prefill-facebook-opt-1-3b-chunk-64-sm-32,success,,,/mnt/data/dheeraj/dicertation/inference-profile/runs/revised-rerun-20260415-020401-g2-opt13b-c64-256/raw/points/prefill/prefill-facebook-opt-1-3b-chunk-64-sm-32.csv
facebook/opt-1.3b,64,gemm,fc1,32,3,98.30400347709656,112365568,113414144,1048576,1048576,1024,2026-04-15T01:04:28Z,baseline_nvml_pt,nvidia-smi,ok,4.0,2536.0,1695.0,7601.0,71.05,0.1003519967198371,108.16015625,108.16015625,1.0,True,,100.0,46.0,89.99999999999999,estimated,,prefill-facebook-opt-1-3b-chunk-64-sm-32,success,,,/mnt/data/dheeraj/dicertation/inference-profile/runs/revised-rerun-20260415-020401-g2-opt13b-c64-256/raw/points/prefill/prefill-facebook-opt-1-3b-chunk-64-sm-32.csv
facebook/opt-1.3b,64,gemm,fc2,32,3,97.28000313043594,112365568,112627712,262144,262144,1024,2026-04-15T01:04:28Z,baseline_nvml_pt,nvidia-smi,ok,4.0,2536.0,1695.0,7601.0,71.05,0.1003519967198371,108.16015625,108.16015625,1.0,True,,100.0,46.0,89.99999999999999,estimated,,prefill-facebook-opt-1-3b-chunk-64-sm-32,success,,,/mnt/data/dheeraj/dicertation/inference-profile/runs/revised-rerun-20260415-020401-g2-opt13b-c64-256/raw/points/prefill/prefill-facebook-opt-1-3b-chunk-64-sm-32.csv
facebook/opt-1.3b,64,attention,attention,32,3,55.1999993622303,112365568,112636928,271360,262144,1024,2026-04-15T01:04:28Z,baseline_nvml_pt,nvidia-smi,ok,4.0,2536.0,1695.0,7601.0,71.05,0.1003519967198371,108.16015625,108.16015625,1.0,True,,100.0,46.0,89.99999999999999,estimated,,prefill-facebook-opt-1-3b-chunk-64-sm-32,success,,,/mnt/data/dheeraj/dicertation/inference-profile/runs/revised-rerun-20260415-020401-g2-opt13b-c64-256/raw/points/prefill/prefill-facebook-opt-1-3b-chunk-64-sm-32.csv
facebook/opt-1.3b,64,gemm,q_proj,32,4,67.58400052785873,112365568,112627712,262144,262144,1024,2026-04-15T01:04:28Z,baseline_nvml_pt,nvidia-smi,ok,4.0,2536.0,1695.0,7601.0,71.05,0.1003519967198371,108.16015625,108.16015625,1.0,True,,100.0,46.0,89.99999999999999,estimated,,prefill-facebook-opt-1-3b-chunk-64-sm-32,success,,,/mnt/data/dheeraj/dicertation/inference-profile/runs/revised-rerun-20260415-020401-g2-opt13b-c64-256/raw/points/prefill/prefill-facebook-opt-1-3b-chunk-64-sm-32.csv
facebook/opt-1.3b,64,gemm,k_proj,32,4,65.72800129652023,112365568,112627712,262144,262144,1024,2026-04-15T01:04:28Z,baseline_nvml_pt,nvidia-smi,ok,4.0,2536.0,1695.0,7601.0,71.05,0.1003519967198371,108.16015625,108.16015625,1.0,True,,100.0,46.0,89.99999999999999,estimated,,prefill-facebook-opt-1-3b-chunk-64-sm-32,success,,,/mnt/data/dheeraj/dicertation/inference-profile/runs/revised-rerun-20260415-020401-g2-opt13b-c64-256/raw/points/prefill/prefill-facebook-opt-1-3b-chunk-64-sm-32.csv
facebook/opt-1.3b,64,gemm,v_proj,32,4,65.34399837255478,112365568,112627712,262144,262144,1024,2026-04-15T01:04:28Z,baseline_nvml_pt,nvidia-smi,ok,4.0,2536.0,1695.0,7601.0,71.05,0.1003519967198371,108.16015625,108.16015625,1.0,True,,100.0,46.0,89.99999999999999,estimated,,prefill-facebook-opt-1-3b-chunk-64-sm-32,success,,,/mnt/data/dheeraj/dicertation/inference-profile/runs/revised-rerun-20260415-020401-g2-opt13b-c64-256/raw/points/prefill/prefill-facebook-opt-1-3b-chunk-64-sm-32.csv
facebook/opt-1.3b,64,gemm,out_proj,32,4,63.4239986538887,112365568,112627712,262144,262144,1024,2026-04-15T01:04:28Z,baseline_nvml_pt,nvidia-smi,ok,4.0,2536.0,1695.0,7601.0,71.05,0.1003519967198371,108.16015625,108.16015625,1.0,True,,100.0,46.0,89.99999999999999,estimated,,prefill-facebook-opt-1-3b-chunk-64-sm-32,success,,,/mnt/data/dheeraj/dicertation/inference-profile/runs/revised-rerun-20260415-020401-g2-opt13b-c64-256/raw/points/prefill/prefill-facebook-opt-1-3b-chunk-64-sm-32.csv
facebook/opt-1.3b,64,gemm,fc1,32,4,96.25600278377532,112365568,113414144,1048576,1048576,1024,2026-04-15T01:04:28Z,baseline_nvml_pt,nvidia-smi,ok,4.0,2536.0,1695.0,7601.0,71.05,0.1003519967198371,108.16015625,108.16015625,1.0,True,,100.0,46.0,89.99999999999999,estimated,,prefill-facebook-opt-1-3b-chunk-64-sm-32,success,,,/mnt/data/dheeraj/dicertation/inference-profile/runs/revised-rerun-20260415-020401-g2-opt13b-c64-256/raw/points/prefill/prefill-facebook-opt-1-3b-chunk-64-sm-32.csv
facebook/opt-1.3b,64,gemm,fc2,32,4,97.02400118112564,112365568,112627712,262144,262144,1024,2026-04-15T01:04:28Z,baseline_nvml_pt,nvidia-smi,ok,4.0,2536.0,1695.0,7601.0,71.05,0.1003519967198371,108.16015625,108.16015625,1.0,True,,100.0,46.0,89.99999999999999,estimated,,prefill-facebook-opt-1-3b-chunk-64-sm-32,success,,,/mnt/data/dheeraj/dicertation/inference-profile/runs/revised-rerun-20260415-020401-g2-opt13b-c64-256/raw/points/prefill/prefill-facebook-opt-1-3b-chunk-64-sm-32.csv
facebook/opt-1.3b,64,attention,attention,32,4,55.296000093221664,112365568,112636928,271360,262144,1024,2026-04-15T01:04:28Z,baseline_nvml_pt,nvidia-smi,ok,4.0,2536.0,1695.0,7601.0,71.05,0.1003519967198371,108.16015625,108.16015625,1.0,True,,100.0,46.0,89.99999999999999,estimated,,prefill-facebook-opt-1-3b-chunk-64-sm-32,success,,,/mnt/data/dheeraj/dicertation/inference-profile/runs/revised-rerun-20260415-020401-g2-opt13b-c64-256/raw/points/prefill/prefill-facebook-opt-1-3b-chunk-64-sm-32.csv
facebook/opt-1.3b,128,gemm,q_proj,8,0,76.80000364780426,114462720,114987008,524288,524288,1024,2026-04-15T01:04:34Z,baseline_nvml_pt,nvidia-smi,ok,0.0,2538.0,1695.0,7601.0,71.42,0.1206080019474029,111.16015625,111.16015625,2.0,True,,79.0,62.5,67.5,estimated,,prefill-facebook-opt-1-3b-chunk-128-sm-8,success,,,/mnt/data/dheeraj/dicertation/inference-profile/runs/revised-rerun-20260415-020401-g2-opt13b-c64-256/raw/points/prefill/prefill-facebook-opt-1-3b-chunk-128-sm-8.csv
facebook/opt-1.3b,128,gemm,k_proj,8,0,73.47200065851212,114462720,114987008,524288,524288,1024,2026-04-15T01:04:34Z,baseline_nvml_pt,nvidia-smi,ok,0.0,2538.0,1695.0,7601.0,71.42,0.1206080019474029,111.16015625,111.16015625,2.0,True,,79.0,62.5,67.5,estimated,,prefill-facebook-opt-1-3b-chunk-128-sm-8,success,,,/mnt/data/dheeraj/dicertation/inference-profile/runs/revised-rerun-20260415-020401-g2-opt13b-c64-256/raw/points/prefill/prefill-facebook-opt-1-3b-chunk-128-sm-8.csv
facebook/opt-1.3b,128,gemm,v_proj,8,0,66.56000018119812,114462720,114987008,524288,524288,1024,2026-04-15T01:04:34Z,baseline_nvml_pt,nvidia-smi,ok,0.0,2538.0,1695.0,7601.0,71.42,0.1206080019474029,111.16015625,111.16015625,2.0,True,,79.0,62.5,67.5,estimated,,prefill-facebook-opt-1-3b-chunk-128-sm-8,success,,,/mnt/data/dheeraj/dicertation/inference-profile/runs/revised-rerun-20260415-020401-g2-opt13b-c64-256/raw/points/prefill/prefill-facebook-opt-1-3b-chunk-128-sm-8.csv
facebook/opt-1.3b,128,gemm,out_proj,8,0,72.7040022611618,114462720,114987008,524288,524288,1024,2026-04-15T01:04:34Z,baseline_nvml_pt,nvidia-smi,ok,0.0,2538.0,1695.0,7601.0,71.42,0.1206080019474029,111.16015625,111.16015625,2.0,True,,79.0,62.5,67.5,estimated,,prefill-facebook-opt-1-3b-chunk-128-sm-8,success,,,/mnt/data/dheeraj/dicertation/inference-profile/runs/revised-rerun-20260415-020401-g2-opt13b-c64-256/raw/points/prefill/prefill-facebook-opt-1-3b-chunk-128-sm-8.csv
facebook/opt-1.3b,128,gemm,fc1,8,0,106.49599879980089,114462720,116559872,2097152,2097152,1024,2026-04-15T01:04:34Z,baseline_nvml_pt,nvidia-smi,ok,0.0,2538.0,1695.0,7601.0,71.42,0.1206080019474029,111.16015625,111.16015625,2.0,True,,79.0,62.5,67.5,estimated,,prefill-facebook-opt-1-3b-chunk-128-sm-8,success,,,/mnt/data/dheeraj/dicertation/inference-profile/runs/revised-rerun-20260415-020401-g2-opt13b-c64-256/raw/points/prefill/prefill-facebook-opt-1-3b-chunk-128-sm-8.csv
facebook/opt-1.3b,128,gemm,fc2,8,0,120.60800194740295,114462720,114987008,524288,524288,1024,2026-04-15T01:04:34Z,baseline_nvml_pt,nvidia-smi,ok,0.0,2538.0,1695.0,7601.0,71.42,0.1206080019474029,111.16015625,111.16015625,2.0,True,,79.0,62.5,67.5,estimated,,prefill-facebook-opt-1-3b-chunk-128-sm-8,success,,,/mnt/data/dheeraj/dicertation/inference-profile/runs/revised-rerun-20260415-020401-g2-opt13b-c64-256/raw/points/prefill/prefill-facebook-opt-1-3b-chunk-128-sm-8.csv
facebook/opt-1.3b,128,attention,attention,8,0,56.32000043988228,114462720,115004416,541696,524288,1024,2026-04-15T01:04:34Z,baseline_nvml_pt,nvidia-smi,ok,0.0,2538.0,1695.0,7601.0,71.42,0.1206080019474029,111.16015625,111.16015625,2.0,True,,79.0,62.5,67.5,estimated,,prefill-facebook-opt-1-3b-chunk-128-sm-8,success,,,/mnt/data/dheeraj/dicertation/inference-profile/runs/revised-rerun-20260415-020401-g2-opt13b-c64-256/raw/points/prefill/prefill-facebook-opt-1-3b-chunk-128-sm-8.csv
facebook/opt-1.3b,128,gemm,q_proj,8,1,65.37599861621857,114462720,114987008,524288,524288,1024,2026-04-15T01:04:34Z,baseline_nvml_pt,nvidia-smi,ok,0.0,2538.0,1695.0,7601.0,71.42,0.1206080019474029,111.16015625,111.16015625,2.0,True,,79.0,62.5,67.5,estimated,,prefill-facebook-opt-1-3b-chunk-128-sm-8,success,,,/mnt/data/dheeraj/dicertation/inference-profile/runs/revised-rerun-20260415-020401-g2-opt13b-c64-256/raw/points/prefill/prefill-facebook-opt-1-3b-chunk-128-sm-8.csv
facebook/opt-1.3b,128,gemm,k_proj,8,1,71.6480016708374,114462720,114987008,524288,524288,1024,2026-04-15T01:04:34Z,baseline_nvml_pt,nvidia-smi,ok,0.0,2538.0,1695.0,7601.0,71.42,0.1206080019474029,111.16015625,111.16015625,2.0,True,,79.0,62.5,67.5,estimated,,prefill-facebook-opt-1-3b-chunk-128-sm-8,success,,,/mnt/data/dheeraj/dicertation/inference-profile/runs/revised-rerun-20260415-020401-g2-opt13b-c64-256/raw/points/prefill/prefill-facebook-opt-1-3b-chunk-128-sm-8.csv
facebook/opt-1.3b,128,gemm,v_proj,8,1,61.43999844789505,114462720,114987008,524288,524288,1024,2026-04-15T01:04:34Z,baseline_nvml_pt,nvidia-smi,ok,0.0,2538.0,1695.0,7601.0,71.42,0.1206080019474029,111.16015625,111.16015625,2.0,True,,79.0,62.5,67.5,estimated,,prefill-facebook-opt-1-3b-chunk-128-sm-8,success,,,/mnt/data/dheeraj/dicertation/inference-profile/runs/revised-rerun-20260415-020401-g2-opt13b-c64-256/raw/points/prefill/prefill-facebook-opt-1-3b-chunk-128-sm-8.csv
facebook/opt-1.3b,128,gemm,out_proj,8,1,60.416001826524734,114462720,114987008,524288,524288,1024,2026-04-15T01:04:34Z,baseline_nvml_pt,nvidia-smi,ok,0.0,2538.0,1695.0,7601.0,71.42,0.1206080019474029,111.16015625,111.16015625,2.0,True,,79.0,62.5,67.5,estimated,,prefill-facebook-opt-1-3b-chunk-128-sm-8,success,,,/mnt/data/dheeraj/dicertation/inference-profile/runs/revised-rerun-20260415-020401-g2-opt13b-c64-256/raw/points/prefill/prefill-facebook-opt-1-3b-chunk-128-sm-8.csv
facebook/opt-1.3b,128,gemm,fc1,8,1,103.42399775981904,114462720,116559872,2097152,2097152,1024,2026-04-15T01:04:34Z,baseline_nvml_pt,nvidia-smi,ok,0.0,2538.0,1695.0,7601.0,71.42,0.1206080019474029,111.16015625,111.16015625,2.0,True,,79.0,62.5,67.5,estimated,,prefill-facebook-opt-1-3b-chunk-128-sm-8,success,,,/mnt/data/dheeraj/dicertation/inference-profile/runs/revised-rerun-20260415-020401-g2-opt13b-c64-256/raw/points/prefill/prefill-facebook-opt-1-3b-chunk-128-sm-8.csv
facebook/opt-1.3b,128,gemm,fc2,8,1,113.5680004954338,114462720,114987008,524288,524288,1024,2026-04-15T01:04:34Z,baseline_nvml_pt,nvidia-smi,ok,0.0,2538.0,1695.0,7601.0,71.42,0.1206080019474029,111.16015625,111.16015625,2.0,True,,79.0,62.5,67.5,estimated,,prefill-facebook-opt-1-3b-chunk-128-sm-8,success,,,/mnt/data/dheeraj/dicertation/inference-profile/runs/revised-rerun-20260415-020401-g2-opt13b-c64-256/raw/points/prefill/prefill-facebook-opt-1-3b-chunk-128-sm-8.csv
facebook/opt-1.3b,128,attention,attention,8,1,54.11199852824211,114462720,115004416,541696,524288,1024,2026-04-15T01:04:34Z,baseline_nvml_pt,nvidia-smi,ok,0.0,2538.0,1695.0,7601.0,71.42,0.1206080019474029,111.16015625,111.16015625,2.0,True,,79.0,62.5,67.5,estimated,,prefill-facebook-opt-1-3b-chunk-128-sm-8,success,,,/mnt/data/dheeraj/dicertation/inference-profile/runs/revised-rerun-20260415-020401-g2-opt13b-c64-256/raw/points/prefill/prefill-facebook-opt-1-3b-chunk-128-sm-8.csv
facebook/opt-1.3b,128,gemm,q_proj,8,2,65.43999910354614,114462720,114987008,524288,524288,1024,2026-04-15T01:04:34Z,baseline_nvml_pt,nvidia-smi,ok,0.0,2538.0,1695.0,7601.0,71.42,0.1206080019474029,111.16015625,111.16015625,2.0,True,,79.0,62.5,67.5,estimated,,prefill-facebook-opt-1-3b-chunk-128-sm-8,success,,,/mnt/data/dheeraj/dicertation/inference-profile/runs/revised-rerun-20260415-020401-g2-opt13b-c64-256/raw/points/prefill/prefill-facebook-opt-1-3b-chunk-128-sm-8.csv
facebook/opt-1.3b,128,gemm,k_proj,8,2,67.6800012588501,114462720,114987008,524288,524288,1024,2026-04-15T01:04:34Z,baseline_nvml_pt,nvidia-smi,ok,0.0,2538.0,1695.0,7601.0,71.42,0.1206080019474029,111.16015625,111.16015625,2.0,True,,79.0,62.5,67.5,estimated,,prefill-facebook-opt-1-3b-chunk-128-sm-8,success,,,/mnt/data/dheeraj/dicertation/inference-profile/runs/revised-rerun-20260415-020401-g2-opt13b-c64-256/raw/points/prefill/prefill-facebook-opt-1-3b-chunk-128-sm-8.csv
facebook/opt-1.3b,128,gemm,v_proj,8,2,62.463998794555664,114462720,114987008,524288,524288,1024,2026-04-15T01:04:34Z,baseline_nvml_pt,nvidia-smi,ok,0.0,2538.0,1695.0,7601.0,71.42,0.1206080019474029,111.16015625,111.16015625,2.0,True,,79.0,62.5,67.5,estimated,,prefill-facebook-opt-1-3b-chunk-128-sm-8,success,,,/mnt/data/dheeraj/dicertation/inference-profile/runs/revised-rerun-20260415-020401-g2-opt13b-c64-256/raw/points/prefill/prefill-facebook-opt-1-3b-chunk-128-sm-8.csv
facebook/opt-1.3b,128,gemm,out_proj,8,2,61.24800071120262,114462720,114987008,524288,524288,1024,2026-04-15T01:04:34Z,baseline_nvml_pt,nvidia-smi,ok,0.0,2538.0,1695.0,7601.0,71.42,0.1206080019474029,111.16015625,111.16015625,2.0,True,,79.0,62.5,67.5,estimated,,prefill-facebook-opt-1-3b-chunk-128-sm-8,success,,,/mnt/data/dheeraj/dicertation/inference-profile/runs/revised-rerun-20260415-020401-g2-opt13b-c64-256/raw/points/prefill/prefill-facebook-opt-1-3b-chunk-128-sm-8.csv
facebook/opt-1.3b,128,gemm,fc1,8,2,104.44799810647964,114462720,116559872,2097152,2097152,1024,2026-04-15T01:04:34Z,baseline_nvml_pt,nvidia-smi,ok,0.0,2538.0,1695.0,7601.0,71.42,0.1206080019474029,111.16015625,111.16015625,2.0,True,,79.0,62.5,67.5,estimated,,prefill-facebook-opt-1-3b-chunk-128-sm-8,success,,,/mnt/data/dheeraj/dicertation/inference-profile/runs/revised-rerun-20260415-020401-g2-opt13b-c64-256/raw/points/prefill/prefill-facebook-opt-1-3b-chunk-128-sm-8.csv
facebook/opt-1.3b,128,gemm,fc2,8,2,111.7440015077591,114462720,114987008,524288,524288,1024,2026-04-15T01:04:34Z,baseline_nvml_pt,nvidia-smi,ok,0.0,2538.0,1695.0,7601.0,71.42,0.1206080019474029,111.16015625,111.16015625,2.0,True,,79.0,62.5,67.5,estimated,,prefill-facebook-opt-1-3b-chunk-128-sm-8,success,,,/mnt/data/dheeraj/dicertation/inference-profile/runs/revised-rerun-20260415-020401-g2-opt13b-c64-256/raw/points/prefill/prefill-facebook-opt-1-3b-chunk-128-sm-8.csv
facebook/opt-1.3b,128,attention,attention,8,2,53.18399891257286,114462720,115004416,541696,524288,1024,2026-04-15T01:04:34Z,baseline_nvml_pt,nvidia-smi,ok,0.0,2538.0,1695.0,7601.0,71.42,0.1206080019474029,111.16015625,111.16015625,2.0,True,,79.0,62.5,67.5,estimated,,prefill-facebook-opt-1-3b-chunk-128-sm-8,success,,,/mnt/data/dheeraj/dicertation/inference-profile/runs/revised-rerun-20260415-020401-g2-opt13b-c64-256/raw/points/prefill/prefill-facebook-opt-1-3b-chunk-128-sm-8.csv
facebook/opt-1.3b,128,gemm,q_proj,8,3,67.58400052785873,114462720,114987008,524288,524288,1024,2026-04-15T01:04:34Z,baseline_nvml_pt,nvidia-smi,ok,0.0,2538.0,1695.0,7601.0,71.42,0.1206080019474029,111.16015625,111.16015625,2.0,True,,79.0,62.5,67.5,estimated,,prefill-facebook-opt-1-3b-chunk-128-sm-8,success,,,/mnt/data/dheeraj/dicertation/inference-profile/runs/revised-rerun-20260415-020401-g2-opt13b-c64-256/raw/points/prefill/prefill-facebook-opt-1-3b-chunk-128-sm-8.csv
facebook/opt-1.3b,128,gemm,k_proj,8,3,62.463998794555664,114462720,114987008,524288,524288,1024,2026-04-15T01:04:34Z,baseline_nvml_pt,nvidia-smi,ok,0.0,2538.0,1695.0,7601.0,71.42,0.1206080019474029,111.16015625,111.16015625,2.0,True,,79.0,62.5,67.5,estimated,,prefill-facebook-opt-1-3b-chunk-128-sm-8,success,,,/mnt/data/dheeraj/dicertation/inference-profile/runs/revised-rerun-20260415-020401-g2-opt13b-c64-256/raw/points/prefill/prefill-facebook-opt-1-3b-chunk-128-sm-8.csv
facebook/opt-1.3b,128,gemm,v_proj,8,3,61.43999844789505,114462720,114987008,524288,524288,1024,2026-04-15T01:04:34Z,baseline_nvml_pt,nvidia-smi,ok,0.0,2538.0,1695.0,7601.0,71.42,0.1206080019474029,111.16015625,111.16015625,2.0,True,,79.0,62.5,67.5,estimated,,prefill-facebook-opt-1-3b-chunk-128-sm-8,success,,,/mnt/data/dheeraj/dicertation/inference-profile/runs/revised-rerun-20260415-020401-g2-opt13b-c64-256/raw/points/prefill/prefill-facebook-opt-1-3b-chunk-128-sm-8.csv
facebook/opt-1.3b,128,gemm,out_proj,8,3,61.43999844789505,114462720,114987008,524288,524288,1024,2026-04-15T01:04:34Z,baseline_nvml_pt,nvidia-smi,ok,0.0,2538.0,1695.0,7601.0,71.42,0.1206080019474029,111.16015625,111.16015625,2.0,True,,79.0,62.5,67.5,estimated,,prefill-facebook-opt-1-3b-chunk-128-sm-8,success,,,/mnt/data/dheeraj/dicertation/inference-profile/runs/revised-rerun-20260415-020401-g2-opt13b-c64-256/raw/points/prefill/prefill-facebook-opt-1-3b-chunk-128-sm-8.csv
facebook/opt-1.3b,128,gemm,fc1,8,3,104.44799810647964,114462720,116559872,2097152,2097152,1024,2026-04-15T01:04:34Z,baseline_nvml_pt,nvidia-smi,ok,0.0,2538.0,1695.0,7601.0,71.42,0.1206080019474029,111.16015625,111.16015625,2.0,True,,79.0,62.5,67.5,estimated,,prefill-facebook-opt-1-3b-chunk-128-sm-8,success,,,/mnt/data/dheeraj/dicertation/inference-profile/runs/revised-rerun-20260415-020401-g2-opt13b-c64-256/raw/points/prefill/prefill-facebook-opt-1-3b-chunk-128-sm-8.csv
facebook/opt-1.3b,128,gemm,fc2,8,3,112.47999966144562,114462720,114987008,524288,524288,1024,2026-04-15T01:04:34Z,baseline_nvml_pt,nvidia-smi,ok,0.0,2538.0,1695.0,7601.0,71.42,0.1206080019474029,111.16015625,111.16015625,2.0,True,,79.0,62.5,67.5,estimated,,prefill-facebook-opt-1-3b-chunk-128-sm-8,success,,,/mnt/data/dheeraj/dicertation/inference-profile/runs/revised-rerun-20260415-020401-g2-opt13b-c64-256/raw/points/prefill/prefill-facebook-opt-1-3b-chunk-128-sm-8.csv
facebook/opt-1.3b,128,attention,attention,8,3,53.119998425245285,114462720,115004416,541696,524288,1024,2026-04-15T01:04:34Z,baseline_nvml_pt,nvidia-smi,ok,0.0,2538.0,1695.0,7601.0,71.42,0.1206080019474029,111.16015625,111.16015625,2.0,True,,79.0,62.5,67.5,estimated,,prefill-facebook-opt-1-3b-chunk-128-sm-8,success,,,/mnt/data/dheeraj/dicertation/inference-profile/runs/revised-rerun-20260415-020401-g2-opt13b-c64-256/raw/points/prefill/prefill-facebook-opt-1-3b-chunk-128-sm-8.csv
facebook/opt-1.3b,128,gemm,q_proj,8,4,63.680000603199005,114462720,114987008,524288,524288,1024,2026-04-15T01:04:34Z,baseline_nvml_pt,nvidia-smi,ok,0.0,2538.0,1695.0,7601.0,71.42,0.1206080019474029,111.16015625,111.16015625,2.0,True,,79.0,62.5,67.5,estimated,,prefill-facebook-opt-1-3b-chunk-128-sm-8,success,,,/mnt/data/dheeraj/dicertation/inference-profile/runs/revised-rerun-20260415-020401-g2-opt13b-c64-256/raw/points/prefill/prefill-facebook-opt-1-3b-chunk-128-sm-8.csv
facebook/opt-1.3b,128,gemm,k_proj,8,4,59.39200147986412,114462720,114987008,524288,524288,1024,2026-04-15T01:04:34Z,baseline_nvml_pt,nvidia-smi,ok,0.0,2538.0,1695.0,7601.0,71.42,0.1206080019474029,111.16015625,111.16015625,2.0,True,,79.0,62.5,67.5,estimated,,prefill-facebook-opt-1-3b-chunk-128-sm-8,success,,,/mnt/data/dheeraj/dicertation/inference-profile/runs/revised-rerun-20260415-020401-g2-opt13b-c64-256/raw/points/prefill/prefill-facebook-opt-1-3b-chunk-128-sm-8.csv
facebook/opt-1.3b,128,gemm,v_proj,8,4,60.28800085186958,114462720,114987008,524288,524288,1024,2026-04-15T01:04:34Z,baseline_nvml_pt,nvidia-smi,ok,0.0,2538.0,1695.0,7601.0,71.42,0.1206080019474029,111.16015625,111.16015625,2.0,True,,79.0,62.5,67.5,estimated,,prefill-facebook-opt-1-3b-chunk-128-sm-8,success,,,/mnt/data/dheeraj/dicertation/inference-profile/runs/revised-rerun-20260415-020401-g2-opt13b-c64-256/raw/points/prefill/prefill-facebook-opt-1-3b-chunk-128-sm-8.csv
facebook/opt-1.3b,128,gemm,out_proj,8,4,58.14399942755699,114462720,114987008,524288,524288,1024,2026-04-15T01:04:34Z,baseline_nvml_pt,nvidia-smi,ok,0.0,2538.0,1695.0,7601.0,71.42,0.1206080019474029,111.16015625,111.16015625,2.0,True,,79.0,62.5,67.5,estimated,,prefill-facebook-opt-1-3b-chunk-128-sm-8,success,,,/mnt/data/dheeraj/dicertation/inference-profile/runs/revised-rerun-20260415-020401-g2-opt13b-c64-256/raw/points/prefill/prefill-facebook-opt-1-3b-chunk-128-sm-8.csv
facebook/opt-1.3b,128,gemm,fc1,8,4,103.32799702882768,114462720,116559872,2097152,2097152,1024,2026-04-15T01:04:34Z,baseline_nvml_pt,nvidia-smi,ok,0.0,2538.0,1695.0,7601.0,71.42,0.1206080019474029,111.16015625,111.16015625,2.0,True,,79.0,62.5,67.5,estimated,,prefill-facebook-opt-1-3b-chunk-128-sm-8,success,,,/mnt/data/dheeraj/dicertation/inference-profile/runs/revised-rerun-20260415-020401-g2-opt13b-c64-256/raw/points/prefill/prefill-facebook-opt-1-3b-chunk-128-sm-8.csv
facebook/opt-1.3b,128,gemm,fc2,8,4,112.64000087976456,114462720,114987008,524288,524288,1024,2026-04-15T01:04:34Z,baseline_nvml_pt,nvidia-smi,ok,0.0,2538.0,1695.0,7601.0,71.42,0.1206080019474029,111.16015625,111.16015625,2.0,True,,79.0,62.5,67.5,estimated,,prefill-facebook-opt-1-3b-chunk-128-sm-8,success,,,/mnt/data/dheeraj/dicertation/inference-profile/runs/revised-rerun-20260415-020401-g2-opt13b-c64-256/raw/points/prefill/prefill-facebook-opt-1-3b-chunk-128-sm-8.csv
facebook/opt-1.3b,128,attention,attention,8,4,53.24799939990044,114462720,115004416,541696,524288,1024,2026-04-15T01:04:34Z,baseline_nvml_pt,nvidia-smi,ok,0.0,2538.0,1695.0,7601.0,71.42,0.1206080019474029,111.16015625,111.16015625,2.0,True,,79.0,62.5,67.5,estimated,,prefill-facebook-opt-1-3b-chunk-128-sm-8,success,,,/mnt/data/dheeraj/dicertation/inference-profile/runs/revised-rerun-20260415-020401-g2-opt13b-c64-256/raw/points/prefill/prefill-facebook-opt-1-3b-chunk-128-sm-8.csv
facebook/opt-1.3b,128,gemm,q_proj,16,0,78.84799689054489,114462720,114987008,524288,524288,1024,2026-04-15T01:04:40Z,baseline_nvml_pt,nvidia-smi,ok,7.0,2538.0,1695.0,7601.0,71.1,0.1146880015730857,111.16015625,111.16015625,2.0,True,,86.0,57.00000000000001,75.0,estimated,,prefill-facebook-opt-1-3b-chunk-128-sm-16,success,,,/mnt/data/dheeraj/dicertation/inference-profile/runs/revised-rerun-20260415-020401-g2-opt13b-c64-256/raw/points/prefill/prefill-facebook-opt-1-3b-chunk-128-sm-16.csv
facebook/opt-1.3b,128,gemm,k_proj,16,0,73.72800260782242,114462720,114987008,524288,524288,1024,2026-04-15T01:04:40Z,baseline_nvml_pt,nvidia-smi,ok,7.0,2538.0,1695.0,7601.0,71.1,0.1146880015730857,111.16015625,111.16015625,2.0,True,,86.0,57.00000000000001,75.0,estimated,,prefill-facebook-opt-1-3b-chunk-128-sm-16,success,,,/mnt/data/dheeraj/dicertation/inference-profile/runs/revised-rerun-20260415-020401-g2-opt13b-c64-256/raw/points/prefill/prefill-facebook-opt-1-3b-chunk-128-sm-16.csv
facebook/opt-1.3b,128,gemm,v_proj,16,0,67.74400174617767,114462720,114987008,524288,524288,1024,2026-04-15T01:04:40Z,baseline_nvml_pt,nvidia-smi,ok,7.0,2538.0,1695.0,7601.0,71.1,0.1146880015730857,111.16015625,111.16015625,2.0,True,,86.0,57.00000000000001,75.0,estimated,,prefill-facebook-opt-1-3b-chunk-128-sm-16,success,,,/mnt/data/dheeraj/dicertation/inference-profile/runs/revised-rerun-20260415-020401-g2-opt13b-c64-256/raw/points/prefill/prefill-facebook-opt-1-3b-chunk-128-sm-16.csv
facebook/opt-1.3b,128,gemm,out_proj,16,0,72.95999675989151,114462720,114987008,524288,524288,1024,2026-04-15T01:04:40Z,baseline_nvml_pt,nvidia-smi,ok,7.0,2538.0,1695.0,7601.0,71.1,0.1146880015730857,111.16015625,111.16015625,2.0,True,,86.0,57.00000000000001,75.0,estimated,,prefill-facebook-opt-1-3b-chunk-128-sm-16,success,,,/mnt/data/dheeraj/dicertation/inference-profile/runs/revised-rerun-20260415-020401-g2-opt13b-c64-256/raw/points/prefill/prefill-facebook-opt-1-3b-chunk-128-sm-16.csv
facebook/opt-1.3b,128,gemm,fc1,16,0,107.45599865913393,114462720,116559872,2097152,2097152,1024,2026-04-15T01:04:40Z,baseline_nvml_pt,nvidia-smi,ok,7.0,2538.0,1695.0,7601.0,71.1,0.1146880015730857,111.16015625,111.16015625,2.0,True,,86.0,57.00000000000001,75.0,estimated,,prefill-facebook-opt-1-3b-chunk-128-sm-16,success,,,/mnt/data/dheeraj/dicertation/inference-profile/runs/revised-rerun-20260415-020401-g2-opt13b-c64-256/raw/points/prefill/prefill-facebook-opt-1-3b-chunk-128-sm-16.csv
facebook/opt-1.3b,128,gemm,fc2,16,0,114.68800157308578,114462720,114987008,524288,524288,1024,2026-04-15T01:04:40Z,baseline_nvml_pt,nvidia-smi,ok,7.0,2538.0,1695.0,7601.0,71.1,0.1146880015730857,111.16015625,111.16015625,2.0,True,,86.0,57.00000000000001,75.0,estimated,,prefill-facebook-opt-1-3b-chunk-128-sm-16,success,,,/mnt/data/dheeraj/dicertation/inference-profile/runs/revised-rerun-20260415-020401-g2-opt13b-c64-256/raw/points/prefill/prefill-facebook-opt-1-3b-chunk-128-sm-16.csv
facebook/opt-1.3b,128,attention,attention,16,0,57.34400078654289,114462720,115004416,541696,524288,1024,2026-04-15T01:04:40Z,baseline_nvml_pt,nvidia-smi,ok,7.0,2538.0,1695.0,7601.0,71.1,0.1146880015730857,111.16015625,111.16015625,2.0,True,,86.0,57.00000000000001,75.0,estimated,,prefill-facebook-opt-1-3b-chunk-128-sm-16,success,,,/mnt/data/dheeraj/dicertation/inference-profile/runs/revised-rerun-20260415-020401-g2-opt13b-c64-256/raw/points/prefill/prefill-facebook-opt-1-3b-chunk-128-sm-16.csv
facebook/opt-1.3b,128,gemm,q_proj,16,1,65.63200056552887,114462720,114987008,524288,524288,1024,2026-04-15T01:04:40Z,baseline_nvml_pt,nvidia-smi,ok,7.0,2538.0,1695.0,7601.0,71.1,0.1146880015730857,111.16015625,111.16015625,2.0,True,,86.0,57.00000000000001,75.0,estimated,,prefill-facebook-opt-1-3b-chunk-128-sm-16,success,,,/mnt/data/dheeraj/dicertation/inference-profile/runs/revised-rerun-20260415-020401-g2-opt13b-c64-256/raw/points/prefill/prefill-facebook-opt-1-3b-chunk-128-sm-16.csv
facebook/opt-1.3b,128,gemm,k_proj,16,1,64.51199948787689,114462720,114987008,524288,524288,1024,2026-04-15T01:04:40Z,baseline_nvml_pt,nvidia-smi,ok,7.0,2538.0,1695.0,7601.0,71.1,0.1146880015730857,111.16015625,111.16015625,2.0,True,,86.0,57.00000000000001,75.0,estimated,,prefill-facebook-opt-1-3b-chunk-128-sm-16,success,,,/mnt/data/dheeraj/dicertation/inference-profile/runs/revised-rerun-20260415-020401-g2-opt13b-c64-256/raw/points/prefill/prefill-facebook-opt-1-3b-chunk-128-sm-16.csv
facebook/opt-1.3b,128,gemm,v_proj,16,1,61.43999844789505,114462720,114987008,524288,524288,1024,2026-04-15T01:04:40Z,baseline_nvml_pt,nvidia-smi,ok,7.0,2538.0,1695.0,7601.0,71.1,0.1146880015730857,111.16015625,111.16015625,2.0,True,,86.0,57.00000000000001,75.0,estimated,,prefill-facebook-opt-1-3b-chunk-128-sm-16,success,,,/mnt/data/dheeraj/dicertation/inference-profile/runs/revised-rerun-20260415-020401-g2-opt13b-c64-256/raw/points/prefill/prefill-facebook-opt-1-3b-chunk-128-sm-16.csv
facebook/opt-1.3b,128,gemm,out_proj,16,1,60.47999858856201,114462720,114987008,524288,524288,1024,2026-04-15T01:04:40Z,baseline_nvml_pt,nvidia-smi,ok,7.0,2538.0,1695.0,7601.0,71.1,0.1146880015730857,111.16015625,111.16015625,2.0,True,,86.0,57.00000000000001,75.0,estimated,,prefill-facebook-opt-1-3b-chunk-128-sm-16,success,,,/mnt/data/dheeraj/dicertation/inference-profile/runs/revised-rerun-20260415-020401-g2-opt13b-c64-256/raw/points/prefill/prefill-facebook-opt-1-3b-chunk-128-sm-16.csv
facebook/opt-1.3b,128,gemm,fc1,16,1,111.61600053310394,114462720,116559872,2097152,2097152,1024,2026-04-15T01:04:40Z,baseline_nvml_pt,nvidia-smi,ok,7.0,2538.0,1695.0,7601.0,71.1,0.1146880015730857,111.16015625,111.16015625,2.0,True,,86.0,57.00000000000001,75.0,estimated,,prefill-facebook-opt-1-3b-chunk-128-sm-16,success,,,/mnt/data/dheeraj/dicertation/inference-profile/runs/revised-rerun-20260415-020401-g2-opt13b-c64-256/raw/points/prefill/prefill-facebook-opt-1-3b-chunk-128-sm-16.csv
facebook/opt-1.3b,128,gemm,fc2,16,1,114.56000059843063,114462720,114987008,524288,524288,1024,2026-04-15T01:04:40Z,baseline_nvml_pt,nvidia-smi,ok,7.0,2538.0,1695.0,7601.0,71.1,0.1146880015730857,111.16015625,111.16015625,2.0,True,,86.0,57.00000000000001,75.0,estimated,,prefill-facebook-opt-1-3b-chunk-128-sm-16,success,,,/mnt/data/dheeraj/dicertation/inference-profile/runs/revised-rerun-20260415-020401-g2-opt13b-c64-256/raw/points/prefill/prefill-facebook-opt-1-3b-chunk-128-sm-16.csv
facebook/opt-1.3b,128,attention,attention,16,1,54.496001452207565,114462720,115004416,541696,524288,1024,2026-04-15T01:04:40Z,baseline_nvml_pt,nvidia-smi,ok,7.0,2538.0,1695.0,7601.0,71.1,0.1146880015730857,111.16015625,111.16015625,2.0,True,,86.0,57.00000000000001,75.0,estimated,,prefill-facebook-opt-1-3b-chunk-128-sm-16,success,,,/mnt/data/dheeraj/dicertation/inference-profile/runs/revised-rerun-20260415-020401-g2-opt13b-c64-256/raw/points/prefill/prefill-facebook-opt-1-3b-chunk-128-sm-16.csv
facebook/opt-1.3b,128,gemm,q_proj,16,2,73.72800260782242,114462720,114987008,524288,524288,1024,2026-04-15T01:04:40Z,baseline_nvml_pt,nvidia-smi,ok,7.0,2538.0,1695.0,7601.0,71.1,0.1146880015730857,111.16015625,111.16015625,2.0,True,,86.0,57.00000000000001,75.0,estimated,,prefill-facebook-opt-1-3b-chunk-128-sm-16,success,,,/mnt/data/dheeraj/dicertation/inference-profile/runs/revised-rerun-20260415-020401-g2-opt13b-c64-256/raw/points/prefill/prefill-facebook-opt-1-3b-chunk-128-sm-16.csv
facebook/opt-1.3b,128,gemm,k_proj,16,2,70.65600156784058,114462720,114987008,524288,524288,1024,2026-04-15T01:04:40Z,baseline_nvml_pt,nvidia-smi,ok,7.0,2538.0,1695.0,7601.0,71.1,0.1146880015730857,111.16015625,111.16015625,2.0,True,,86.0,57.00000000000001,75.0,estimated,,prefill-facebook-opt-1-3b-chunk-128-sm-16,success,,,/mnt/data/dheeraj/dicertation/inference-profile/runs/revised-rerun-20260415-020401-g2-opt13b-c64-256/raw/points/prefill/prefill-facebook-opt-1-3b-chunk-128-sm-16.csv
facebook/opt-1.3b,128,gemm,v_proj,16,2,63.48799914121628,114462720,114987008,524288,524288,1024,2026-04-15T01:04:40Z,baseline_nvml_pt,nvidia-smi,ok,7.0,2538.0,1695.0,7601.0,71.1,0.1146880015730857,111.16015625,111.16015625,2.0,True,,86.0,57.00000000000001,75.0,estimated,,prefill-facebook-opt-1-3b-chunk-128-sm-16,success,,,/mnt/data/dheeraj/dicertation/inference-profile/runs/revised-rerun-20260415-020401-g2-opt13b-c64-256/raw/points/prefill/prefill-facebook-opt-1-3b-chunk-128-sm-16.csv
facebook/opt-1.3b,128,gemm,out_proj,16,2,61.43999844789505,114462720,114987008,524288,524288,1024,2026-04-15T01:04:40Z,baseline_nvml_pt,nvidia-smi,ok,7.0,2538.0,1695.0,7601.0,71.1,0.1146880015730857,111.16015625,111.16015625,2.0,True,,86.0,57.00000000000001,75.0,estimated,,prefill-facebook-opt-1-3b-chunk-128-sm-16,success,,,/mnt/data/dheeraj/dicertation/inference-profile/runs/revised-rerun-20260415-020401-g2-opt13b-c64-256/raw/points/prefill/prefill-facebook-opt-1-3b-chunk-128-sm-16.csv
facebook/opt-1.3b,128,gemm,fc1,16,2,105.47199845314026,114462720,116559872,2097152,2097152,1024,2026-04-15T01:04:40Z,baseline_nvml_pt,nvidia-smi,ok,7.0,2538.0,1695.0,7601.0,71.1,0.1146880015730857,111.16015625,111.16015625,2.0,True,,86.0,57.00000000000001,75.0,estimated,,prefill-facebook-opt-1-3b-chunk-128-sm-16,success,,,/mnt/data/dheeraj/dicertation/inference-profile/runs/revised-rerun-20260415-020401-g2-opt13b-c64-256/raw/points/prefill/prefill-facebook-opt-1-3b-chunk-128-sm-16.csv
facebook/opt-1.3b,128,gemm,fc2,16,2,113.66400122642516,114462720,114987008,524288,524288,1024,2026-04-15T01:04:40Z,baseline_nvml_pt,nvidia-smi,ok,7.0,2538.0,1695.0,7601.0,71.1,0.1146880015730857,111.16015625,111.16015625,2.0,True,,86.0,57.00000000000001,75.0,estimated,,prefill-facebook-opt-1-3b-chunk-128-sm-16,success,,,/mnt/data/dheeraj/dicertation/inference-profile/runs/revised-rerun-20260415-020401-g2-opt13b-c64-256/raw/points/prefill/prefill-facebook-opt-1-3b-chunk-128-sm-16.csv
facebook/opt-1.3b,128,attention,attention,16,2,55.424001067876816,114462720,115004416,541696,524288,1024,2026-04-15T01:04:40Z,baseline_nvml_pt,nvidia-smi,ok,7.0,2538.0,1695.0,7601.0,71.1,0.1146880015730857,111.16015625,111.16015625,2.0,True,,86.0,57.00000000000001,75.0,estimated,,prefill-facebook-opt-1-3b-chunk-128-sm-16,success,,,/mnt/data/dheeraj/dicertation/inference-profile/runs/revised-rerun-20260415-020401-g2-opt13b-c64-256/raw/points/prefill/prefill-facebook-opt-1-3b-chunk-128-sm-16.csv
facebook/opt-1.3b,128,gemm,q_proj,16,3,64.51199948787689,114462720,114987008,524288,524288,1024,2026-04-15T01:04:40Z,baseline_nvml_pt,nvidia-smi,ok,7.0,2538.0,1695.0,7601.0,71.1,0.1146880015730857,111.16015625,111.16015625,2.0,True,,86.0,57.00000000000001,75.0,estimated,,prefill-facebook-opt-1-3b-chunk-128-sm-16,success,,,/mnt/data/dheeraj/dicertation/inference-profile/runs/revised-rerun-20260415-020401-g2-opt13b-c64-256/raw/points/prefill/prefill-facebook-opt-1-3b-chunk-128-sm-16.csv
facebook/opt-1.3b,128,gemm,k_proj,16,3,60.54399907588959,114462720,114987008,524288,524288,1024,2026-04-15T01:04:40Z,baseline_nvml_pt,nvidia-smi,ok,7.0,2538.0,1695.0,7601.0,71.1,0.1146880015730857,111.16015625,111.16015625,2.0,True,,86.0,57.00000000000001,75.0,estimated,,prefill-facebook-opt-1-3b-chunk-128-sm-16,success,,,/mnt/data/dheeraj/dicertation/inference-profile/runs/revised-rerun-20260415-020401-g2-opt13b-c64-256/raw/points/prefill/prefill-facebook-opt-1-3b-chunk-128-sm-16.csv
facebook/opt-1.3b,128,gemm,v_proj,16,3,62.52799928188324,114462720,114987008,524288,524288,1024,2026-04-15T01:04:40Z,baseline_nvml_pt,nvidia-smi,ok,7.0,2538.0,1695.0,7601.0,71.1,0.1146880015730857,111.16015625,111.16015625,2.0,True,,86.0,57.00000000000001,75.0,estimated,,prefill-facebook-opt-1-3b-chunk-128-sm-16,success,,,/mnt/data/dheeraj/dicertation/inference-profile/runs/revised-rerun-20260415-020401-g2-opt13b-c64-256/raw/points/prefill/prefill-facebook-opt-1-3b-chunk-128-sm-16.csv
facebook/opt-1.3b,128,gemm,out_proj,16,3,61.59999966621399,114462720,114987008,524288,524288,1024,2026-04-15T01:04:40Z,baseline_nvml_pt,nvidia-smi,ok,7.0,2538.0,1695.0,7601.0,71.1,0.1146880015730857,111.16015625,111.16015625,2.0,True,,86.0,57.00000000000001,75.0,estimated,,prefill-facebook-opt-1-3b-chunk-128-sm-16,success,,,/mnt/data/dheeraj/dicertation/inference-profile/runs/revised-rerun-20260415-020401-g2-opt13b-c64-256/raw/points/prefill/prefill-facebook-opt-1-3b-chunk-128-sm-16.csv
facebook/opt-1.3b,128,gemm,fc1,16,3,104.38399761915208,114462720,116559872,2097152,2097152,1024,2026-04-15T01:04:40Z,baseline_nvml_pt,nvidia-smi,ok,7.0,2538.0,1695.0,7601.0,71.1,0.1146880015730857,111.16015625,111.16015625,2.0,True,,86.0,57.00000000000001,75.0,estimated,,prefill-facebook-opt-1-3b-chunk-128-sm-16,success,,,/mnt/data/dheeraj/dicertation/inference-profile/runs/revised-rerun-20260415-020401-g2-opt13b-c64-256/raw/points/prefill/prefill-facebook-opt-1-3b-chunk-128-sm-16.csv
facebook/opt-1.3b,128,gemm,fc2,16,3,112.70400136709212,114462720,114987008,524288,524288,1024,2026-04-15T01:04:40Z,baseline_nvml_pt,nvidia-smi,ok,7.0,2538.0,1695.0,7601.0,71.1,0.1146880015730857,111.16015625,111.16015625,2.0,True,,86.0,57.00000000000001,75.0,estimated,,prefill-facebook-opt-1-3b-chunk-128-sm-16,success,,,/mnt/data/dheeraj/dicertation/inference-profile/runs/revised-rerun-20260415-020401-g2-opt13b-c64-256/raw/points/prefill/prefill-facebook-opt-1-3b-chunk-128-sm-16.csv
facebook/opt-1.3b,128,attention,attention,16,3,53.21599915623665,114462720,115004416,541696,524288,1024,2026-04-15T01:04:40Z,baseline_nvml_pt,nvidia-smi,ok,7.0,2538.0,1695.0,7601.0,71.1,0.1146880015730857,111.16015625,111.16015625,2.0,True,,86.0,57.00000000000001,75.0,estimated,,prefill-facebook-opt-1-3b-chunk-128-sm-16,success,,,/mnt/data/dheeraj/dicertation/inference-profile/runs/revised-rerun-20260415-020401-g2-opt13b-c64-256/raw/points/prefill/prefill-facebook-opt-1-3b-chunk-128-sm-16.csv
facebook/opt-1.3b,128,gemm,q_proj,16,4,62.75200098752976,114462720,114987008,524288,524288,1024,2026-04-15T01:04:40Z,baseline_nvml_pt,nvidia-smi,ok,7.0,2538.0,1695.0,7601.0,71.1,0.1146880015730857,111.16015625,111.16015625,2.0,True,,86.0,57.00000000000001,75.0,estimated,,prefill-facebook-opt-1-3b-chunk-128-sm-16,success,,,/mnt/data/dheeraj/dicertation/inference-profile/runs/revised-rerun-20260415-020401-g2-opt13b-c64-256/raw/points/prefill/prefill-facebook-opt-1-3b-chunk-128-sm-16.csv
facebook/opt-1.3b,128,gemm,k_proj,16,4,61.43999844789505,114462720,114987008,524288,524288,1024,2026-04-15T01:04:40Z,baseline_nvml_pt,nvidia-smi,ok,7.0,2538.0,1695.0,7601.0,71.1,0.1146880015730857,111.16015625,111.16015625,2.0,True,,86.0,57.00000000000001,75.0,estimated,,prefill-facebook-opt-1-3b-chunk-128-sm-16,success,,,/mnt/data/dheeraj/dicertation/inference-profile/runs/revised-rerun-20260415-020401-g2-opt13b-c64-256/raw/points/prefill/prefill-facebook-opt-1-3b-chunk-128-sm-16.csv
facebook/opt-1.3b,128,gemm,v_proj,16,4,62.3680017888546,114462720,114987008,524288,524288,1024,2026-04-15T01:04:40Z,baseline_nvml_pt,nvidia-smi,ok,7.0,2538.0,1695.0,7601.0,71.1,0.1146880015730857,111.16015625,111.16015625,2.0,True,,86.0,57.00000000000001,75.0,estimated,,prefill-facebook-opt-1-3b-chunk-128-sm-16,success,,,/mnt/data/dheeraj/dicertation/inference-profile/runs/revised-rerun-20260415-020401-g2-opt13b-c64-256/raw/points/prefill/prefill-facebook-opt-1-3b-chunk-128-sm-16.csv
facebook/opt-1.3b,128,gemm,out_proj,16,4,59.39200147986412,114462720,114987008,524288,524288,1024,2026-04-15T01:04:40Z,baseline_nvml_pt,nvidia-smi,ok,7.0,2538.0,1695.0,7601.0,71.1,0.1146880015730857,111.16015625,111.16015625,2.0,True,,86.0,57.00000000000001,75.0,estimated,,prefill-facebook-opt-1-3b-chunk-128-sm-16,success,,,/mnt/data/dheeraj/dicertation/inference-profile/runs/revised-rerun-20260415-020401-g2-opt13b-c64-256/raw/points/prefill/prefill-facebook-opt-1-3b-chunk-128-sm-16.csv
facebook/opt-1.3b,128,gemm,fc1,16,4,103.20000350475313,114462720,116559872,2097152,2097152,1024,2026-04-15T01:04:40Z,baseline_nvml_pt,nvidia-smi,ok,7.0,2538.0,1695.0,7601.0,71.1,0.1146880015730857,111.16015625,111.16015625,2.0,True,,86.0,57.00000000000001,75.0,estimated,,prefill-facebook-opt-1-3b-chunk-128-sm-16,success,,,/mnt/data/dheeraj/dicertation/inference-profile/runs/revised-rerun-20260415-020401-g2-opt13b-c64-256/raw/points/prefill/prefill-facebook-opt-1-3b-chunk-128-sm-16.csv
facebook/opt-1.3b,128,gemm,fc2,16,4,112.64000087976456,114462720,114987008,524288,524288,1024,2026-04-15T01:04:40Z,baseline_nvml_pt,nvidia-smi,ok,7.0,2538.0,1695.0,7601.0,71.1,0.1146880015730857,111.16015625,111.16015625,2.0,True,,86.0,57.00000000000001,75.0,estimated,,prefill-facebook-opt-1-3b-chunk-128-sm-16,success,,,/mnt/data/dheeraj/dicertation/inference-profile/runs/revised-rerun-20260415-020401-g2-opt13b-c64-256/raw/points/prefill/prefill-facebook-opt-1-3b-chunk-128-sm-16.csv
facebook/opt-1.3b,128,attention,attention,16,4,54.1439987719059,114462720,115004416,541696,524288,1024,2026-04-15T01:04:40Z,baseline_nvml_pt,nvidia-smi,ok,7.0,2538.0,1695.0,7601.0,71.1,0.1146880015730857,111.16015625,111.16015625,2.0,True,,86.0,57.00000000000001,75.0,estimated,,prefill-facebook-opt-1-3b-chunk-128-sm-16,success,,,/mnt/data/dheeraj/dicertation/inference-profile/runs/revised-rerun-20260415-020401-g2-opt13b-c64-256/raw/points/prefill/prefill-facebook-opt-1-3b-chunk-128-sm-16.csv
facebook/opt-1.3b,128,gemm,q_proj,24,0,98.30400347709656,114462720,114987008,524288,524288,1024,2026-04-15T01:04:45Z,baseline_nvml_pt,nvidia-smi,ok,0.0,2538.0,1695.0,7601.0,70.59,0.1208320036530494,111.16015625,111.16015625,2.0,True,,93.0,51.5,82.5,estimated,,prefill-facebook-opt-1-3b-chunk-128-sm-24,success,,,/mnt/data/dheeraj/dicertation/inference-profile/runs/revised-rerun-20260415-020401-g2-opt13b-c64-256/raw/points/prefill/prefill-facebook-opt-1-3b-chunk-128-sm-24.csv
facebook/opt-1.3b,128,gemm,k_proj,24,0,83.96799862384796,114462720,114987008,524288,524288,1024,2026-04-15T01:04:45Z,baseline_nvml_pt,nvidia-smi,ok,0.0,2538.0,1695.0,7601.0,70.59,0.1208320036530494,111.16015625,111.16015625,2.0,True,,93.0,51.5,82.5,estimated,,prefill-facebook-opt-1-3b-chunk-128-sm-24,success,,,/mnt/data/dheeraj/dicertation/inference-profile/runs/revised-rerun-20260415-020401-g2-opt13b-c64-256/raw/points/prefill/prefill-facebook-opt-1-3b-chunk-128-sm-24.csv
facebook/opt-1.3b,128,gemm,v_proj,24,0,69.69600170850754,114462720,114987008,524288,524288,1024,2026-04-15T01:04:45Z,baseline_nvml_pt,nvidia-smi,ok,0.0,2538.0,1695.0,7601.0,70.59,0.1208320036530494,111.16015625,111.16015625,2.0,True,,93.0,51.5,82.5,estimated,,prefill-facebook-opt-1-3b-chunk-128-sm-24,success,,,/mnt/data/dheeraj/dicertation/inference-profile/runs/revised-rerun-20260415-020401-g2-opt13b-c64-256/raw/points/prefill/prefill-facebook-opt-1-3b-chunk-128-sm-24.csv
facebook/opt-1.3b,128,gemm,out_proj,24,0,71.80800288915634,114462720,114987008,524288,524288,1024,2026-04-15T01:04:45Z,baseline_nvml_pt,nvidia-smi,ok,0.0,2538.0,1695.0,7601.0,70.59,0.1208320036530494,111.16015625,111.16015625,2.0,True,,93.0,51.5,82.5,estimated,,prefill-facebook-opt-1-3b-chunk-128-sm-24,success,,,/mnt/data/dheeraj/dicertation/inference-profile/runs/revised-rerun-20260415-020401-g2-opt13b-c64-256/raw/points/prefill/prefill-facebook-opt-1-3b-chunk-128-sm-24.csv
facebook/opt-1.3b,128,gemm,fc1,24,0,115.55200070142746,114462720,116559872,2097152,2097152,1024,2026-04-15T01:04:45Z,baseline_nvml_pt,nvidia-smi,ok,0.0,2538.0,1695.0,7601.0,70.59,0.1208320036530494,111.16015625,111.16015625,2.0,True,,93.0,51.5,82.5,estimated,,prefill-facebook-opt-1-3b-chunk-128-sm-24,success,,,/mnt/data/dheeraj/dicertation/inference-profile/runs/revised-rerun-20260415-020401-g2-opt13b-c64-256/raw/points/prefill/prefill-facebook-opt-1-3b-chunk-128-sm-24.csv
facebook/opt-1.3b,128,gemm,fc2,24,0,117.63200163841248,114462720,114987008,524288,524288,1024,2026-04-15T01:04:45Z,baseline_nvml_pt,nvidia-smi,ok,0.0,2538.0,1695.0,7601.0,70.59,0.1208320036530494,111.16015625,111.16015625,2.0,True,,93.0,51.5,82.5,estimated,,prefill-facebook-opt-1-3b-chunk-128-sm-24,success,,,/mnt/data/dheeraj/dicertation/inference-profile/runs/revised-rerun-20260415-020401-g2-opt13b-c64-256/raw/points/prefill/prefill-facebook-opt-1-3b-chunk-128-sm-24.csv
facebook/opt-1.3b,128,attention,attention,24,0,60.416001826524734,114462720,115004416,541696,524288,1024,2026-04-15T01:04:45Z,baseline_nvml_pt,nvidia-smi,ok,0.0,2538.0,1695.0,7601.0,70.59,0.1208320036530494,111.16015625,111.16015625,2.0,True,,93.0,51.5,82.5,estimated,,prefill-facebook-opt-1-3b-chunk-128-sm-24,success,,,/mnt/data/dheeraj/dicertation/inference-profile/runs/revised-rerun-20260415-020401-g2-opt13b-c64-256/raw/points/prefill/prefill-facebook-opt-1-3b-chunk-128-sm-24.csv
facebook/opt-1.3b,128,gemm,q_proj,24,1,69.5360004901886,114462720,114987008,524288,524288,1024,2026-04-15T01:04:45Z,baseline_nvml_pt,nvidia-smi,ok,0.0,2538.0,1695.0,7601.0,70.59,0.1208320036530494,111.16015625,111.16015625,2.0,True,,93.0,51.5,82.5,estimated,,prefill-facebook-opt-1-3b-chunk-128-sm-24,success,,,/mnt/data/dheeraj/dicertation/inference-profile/runs/revised-rerun-20260415-020401-g2-opt13b-c64-256/raw/points/prefill/prefill-facebook-opt-1-3b-chunk-128-sm-24.csv
facebook/opt-1.3b,128,gemm,k_proj,24,1,68.60800087451935,114462720,114987008,524288,524288,1024,2026-04-15T01:04:45Z,baseline_nvml_pt,nvidia-smi,ok,0.0,2538.0,1695.0,7601.0,70.59,0.1208320036530494,111.16015625,111.16015625,2.0,True,,93.0,51.5,82.5,estimated,,prefill-facebook-opt-1-3b-chunk-128-sm-24,success,,,/mnt/data/dheeraj/dicertation/inference-profile/runs/revised-rerun-20260415-020401-g2-opt13b-c64-256/raw/points/prefill/prefill-facebook-opt-1-3b-chunk-128-sm-24.csv
facebook/opt-1.3b,128,gemm,v_proj,24,1,63.48799914121628,114462720,114987008,524288,524288,1024,2026-04-15T01:04:45Z,baseline_nvml_pt,nvidia-smi,ok,0.0,2538.0,1695.0,7601.0,70.59,0.1208320036530494,111.16015625,111.16015625,2.0,True,,93.0,51.5,82.5,estimated,,prefill-facebook-opt-1-3b-chunk-128-sm-24,success,,,/mnt/data/dheeraj/dicertation/inference-profile/runs/revised-rerun-20260415-020401-g2-opt13b-c64-256/raw/points/prefill/prefill-facebook-opt-1-3b-chunk-128-sm-24.csv
facebook/opt-1.3b,128,gemm,out_proj,24,1,63.45599889755249,114462720,114987008,524288,524288,1024,2026-04-15T01:04:45Z,baseline_nvml_pt,nvidia-smi,ok,0.0,2538.0,1695.0,7601.0,70.59,0.1208320036530494,111.16015625,111.16015625,2.0,True,,93.0,51.5,82.5,estimated,,prefill-facebook-opt-1-3b-chunk-128-sm-24,success,,,/mnt/data/dheeraj/dicertation/inference-profile/runs/revised-rerun-20260415-020401-g2-opt13b-c64-256/raw/points/prefill/prefill-facebook-opt-1-3b-chunk-128-sm-24.csv
facebook/opt-1.3b,128,gemm,fc1,24,1,107.32799768447876,114462720,116559872,2097152,2097152,1024,2026-04-15T01:04:45Z,baseline_nvml_pt,nvidia-smi,ok,0.0,2538.0,1695.0,7601.0,70.59,0.1208320036530494,111.16015625,111.16015625,2.0,True,,93.0,51.5,82.5,estimated,,prefill-facebook-opt-1-3b-chunk-128-sm-24,success,,,/mnt/data/dheeraj/dicertation/inference-profile/runs/revised-rerun-20260415-020401-g2-opt13b-c64-256/raw/points/prefill/prefill-facebook-opt-1-3b-chunk-128-sm-24.csv
facebook/opt-1.3b,128,gemm,fc2,24,1,114.68800157308578,114462720,114987008,524288,524288,1024,2026-04-15T01:04:45Z,baseline_nvml_pt,nvidia-smi,ok,0.0,2538.0,1695.0,7601.0,70.59,0.1208320036530494,111.16015625,111.16015625,2.0,True,,93.0,51.5,82.5,estimated,,prefill-facebook-opt-1-3b-chunk-128-sm-24,success,,,/mnt/data/dheeraj/dicertation/inference-profile/runs/revised-rerun-20260415-020401-g2-opt13b-c64-256/raw/points/prefill/prefill-facebook-opt-1-3b-chunk-128-sm-24.csv
facebook/opt-1.3b,128,attention,attention,24,1,57.08799883723259,114462720,115004416,541696,524288,1024,2026-04-15T01:04:45Z,baseline_nvml_pt,nvidia-smi,ok,0.0,2538.0,1695.0,7601.0,70.59,0.1208320036530494,111.16015625,111.16015625,2.0,True,,93.0,51.5,82.5,estimated,,prefill-facebook-opt-1-3b-chunk-128-sm-24,success,,,/mnt/data/dheeraj/dicertation/inference-profile/runs/revised-rerun-20260415-020401-g2-opt13b-c64-256/raw/points/prefill/prefill-facebook-opt-1-3b-chunk-128-sm-24.csv
facebook/opt-1.3b,128,gemm,q_proj,24,2,68.60800087451935,114462720,114987008,524288,524288,1024,2026-04-15T01:04:45Z,baseline_nvml_pt,nvidia-smi,ok,0.0,2538.0,1695.0,7601.0,70.59,0.1208320036530494,111.16015625,111.16015625,2.0,True,,93.0,51.5,82.5,estimated,,prefill-facebook-opt-1-3b-chunk-128-sm-24,success,,,/mnt/data/dheeraj/dicertation/inference-profile/runs/revised-rerun-20260415-020401-g2-opt13b-c64-256/raw/points/prefill/prefill-facebook-opt-1-3b-chunk-128-sm-24.csv
facebook/opt-1.3b,128,gemm,k_proj,24,2,80.89599758386612,114462720,114987008,524288,524288,1024,2026-04-15T01:04:45Z,baseline_nvml_pt,nvidia-smi,ok,0.0,2538.0,1695.0,7601.0,70.59,0.1208320036530494,111.16015625,111.16015625,2.0,True,,93.0,51.5,82.5,estimated,,prefill-facebook-opt-1-3b-chunk-128-sm-24,success,,,/mnt/data/dheeraj/dicertation/inference-profile/runs/revised-rerun-20260415-020401-g2-opt13b-c64-256/raw/points/prefill/prefill-facebook-opt-1-3b-chunk-128-sm-24.csv
facebook/opt-1.3b,128,gemm,v_proj,24,2,64.44799900054932,114462720,114987008,524288,524288,1024,2026-04-15T01:04:45Z,baseline_nvml_pt,nvidia-smi,ok,0.0,2538.0,1695.0,7601.0,70.59,0.1208320036530494,111.16015625,111.16015625,2.0,True,,93.0,51.5,82.5,estimated,,prefill-facebook-opt-1-3b-chunk-128-sm-24,success,,,/mnt/data/dheeraj/dicertation/inference-profile/runs/revised-rerun-20260415-020401-g2-opt13b-c64-256/raw/points/prefill/prefill-facebook-opt-1-3b-chunk-128-sm-24.csv
facebook/opt-1.3b,128,gemm,out_proj,24,2,65.5359998345375,114462720,114987008,524288,524288,1024,2026-04-15T01:04:45Z,baseline_nvml_pt,nvidia-smi,ok,0.0,2538.0,1695.0,7601.0,70.59,0.1208320036530494,111.16015625,111.16015625,2.0,True,,93.0,51.5,82.5,estimated,,prefill-facebook-opt-1-3b-chunk-128-sm-24,success,,,/mnt/data/dheeraj/dicertation/inference-profile/runs/revised-rerun-20260415-020401-g2-opt13b-c64-256/raw/points/prefill/prefill-facebook-opt-1-3b-chunk-128-sm-24.csv
facebook/opt-1.3b,128,gemm,fc1,24,2,111.61600053310394,114462720,116559872,2097152,2097152,1024,2026-04-15T01:04:45Z,baseline_nvml_pt,nvidia-smi,ok,0.0,2538.0,1695.0,7601.0,70.59,0.1208320036530494,111.16015625,111.16015625,2.0,True,,93.0,51.5,82.5,estimated,,prefill-facebook-opt-1-3b-chunk-128-sm-24,success,,,/mnt/data/dheeraj/dicertation/inference-profile/runs/revised-rerun-20260415-020401-g2-opt13b-c64-256/raw/points/prefill/prefill-facebook-opt-1-3b-chunk-128-sm-24.csv
facebook/opt-1.3b,128,gemm,fc2,24,2,113.66400122642516,114462720,114987008,524288,524288,1024,2026-04-15T01:04:45Z,baseline_nvml_pt,nvidia-smi,ok,0.0,2538.0,1695.0,7601.0,70.59,0.1208320036530494,111.16015625,111.16015625,2.0,True,,93.0,51.5,82.5,estimated,,prefill-facebook-opt-1-3b-chunk-128-sm-24,success,,,/mnt/data/dheeraj/dicertation/inference-profile/runs/revised-rerun-20260415-020401-g2-opt13b-c64-256/raw/points/prefill/prefill-facebook-opt-1-3b-chunk-128-sm-24.csv
facebook/opt-1.3b,128,attention,attention,24,2,65.72800129652023,114462720,115004416,541696,524288,1024,2026-04-15T01:04:45Z,baseline_nvml_pt,nvidia-smi,ok,0.0,2538.0,1695.0,7601.0,70.59,0.1208320036530494,111.16015625,111.16015625,2.0,True,,93.0,51.5,82.5,estimated,,prefill-facebook-opt-1-3b-chunk-128-sm-24,success,,,/mnt/data/dheeraj/dicertation/inference-profile/runs/revised-rerun-20260415-020401-g2-opt13b-c64-256/raw/points/prefill/prefill-facebook-opt-1-3b-chunk-128-sm-24.csv
facebook/opt-1.3b,128,gemm,q_proj,24,3,67.32799857854843,114462720,114987008,524288,524288,1024,2026-04-15T01:04:45Z,baseline_nvml_pt,nvidia-smi,ok,0.0,2538.0,1695.0,7601.0,70.59,0.1208320036530494,111.16015625,111.16015625,2.0,True,,93.0,51.5,82.5,estimated,,prefill-facebook-opt-1-3b-chunk-128-sm-24,success,,,/mnt/data/dheeraj/dicertation/inference-profile/runs/revised-rerun-20260415-020401-g2-opt13b-c64-256/raw/points/prefill/prefill-facebook-opt-1-3b-chunk-128-sm-24.csv
facebook/opt-1.3b,128,gemm,k_proj,24,3,64.51199948787689,114462720,114987008,524288,524288,1024,2026-04-15T01:04:45Z,baseline_nvml_pt,nvidia-smi,ok,0.0,2538.0,1695.0,7601.0,70.59,0.1208320036530494,111.16015625,111.16015625,2.0,True,,93.0,51.5,82.5,estimated,,prefill-facebook-opt-1-3b-chunk-128-sm-24,success,,,/mnt/data/dheeraj/dicertation/inference-profile/runs/revised-rerun-20260415-020401-g2-opt13b-c64-256/raw/points/prefill/prefill-facebook-opt-1-3b-chunk-128-sm-24.csv
facebook/opt-1.3b,128,gemm,v_proj,24,3,64.28799778223038,114462720,114987008,524288,524288,1024,2026-04-15T01:04:45Z,baseline_nvml_pt,nvidia-smi,ok,0.0,2538.0,1695.0,7601.0,70.59,0.1208320036530494,111.16015625,111.16015625,2.0,True,,93.0,51.5,82.5,estimated,,prefill-facebook-opt-1-3b-chunk-128-sm-24,success,,,/mnt/data/dheeraj/dicertation/inference-profile/runs/revised-rerun-20260415-020401-g2-opt13b-c64-256/raw/points/prefill/prefill-facebook-opt-1-3b-chunk-128-sm-24.csv
facebook/opt-1.3b,128,gemm,out_proj,24,3,64.64000046253204,114462720,114987008,524288,524288,1024,2026-04-15T01:04:45Z,baseline_nvml_pt,nvidia-smi,ok,0.0,2538.0,1695.0,7601.0,70.59,0.1208320036530494,111.16015625,111.16015625,2.0,True,,93.0,51.5,82.5,estimated,,prefill-facebook-opt-1-3b-chunk-128-sm-24,success,,,/mnt/data/dheeraj/dicertation/inference-profile/runs/revised-rerun-20260415-020401-g2-opt13b-c64-256/raw/points/prefill/prefill-facebook-opt-1-3b-chunk-128-sm-24.csv
facebook/opt-1.3b,128,gemm,fc1,24,3,106.27199709415436,114462720,116559872,2097152,2097152,1024,2026-04-15T01:04:45Z,baseline_nvml_pt,nvidia-smi,ok,0.0,2538.0,1695.0,7601.0,70.59,0.1208320036530494,111.16015625,111.16015625,2.0,True,,93.0,51.5,82.5,estimated,,prefill-facebook-opt-1-3b-chunk-128-sm-24,success,,,/mnt/data/dheeraj/dicertation/inference-profile/runs/revised-rerun-20260415-020401-g2-opt13b-c64-256/raw/points/prefill/prefill-facebook-opt-1-3b-chunk-128-sm-24.csv
facebook/opt-1.3b,128,gemm,fc2,24,3,120.83200365304948,114462720,114987008,524288,524288,1024,2026-04-15T01:04:45Z,baseline_nvml_pt,nvidia-smi,ok,0.0,2538.0,1695.0,7601.0,70.59,0.1208320036530494,111.16015625,111.16015625,2.0,True,,93.0,51.5,82.5,estimated,,prefill-facebook-opt-1-3b-chunk-128-sm-24,success,,,/mnt/data/dheeraj/dicertation/inference-profile/runs/revised-rerun-20260415-020401-g2-opt13b-c64-256/raw/points/prefill/prefill-facebook-opt-1-3b-chunk-128-sm-24.csv
facebook/opt-1.3b,128,attention,attention,24,3,57.34400078654289,114462720,115004416,541696,524288,1024,2026-04-15T01:04:45Z,baseline_nvml_pt,nvidia-smi,ok,0.0,2538.0,1695.0,7601.0,70.59,0.1208320036530494,111.16015625,111.16015625,2.0,True,,93.0,51.5,82.5,estimated,,prefill-facebook-opt-1-3b-chunk-128-sm-24,success,,,/mnt/data/dheeraj/dicertation/inference-profile/runs/revised-rerun-20260415-020401-g2-opt13b-c64-256/raw/points/prefill/prefill-facebook-opt-1-3b-chunk-128-sm-24.csv
facebook/opt-1.3b,128,gemm,q_proj,24,4,66.46399945020676,114462720,114987008,524288,524288,1024,2026-04-15T01:04:45Z,baseline_nvml_pt,nvidia-smi,ok,0.0,2538.0,1695.0,7601.0,70.59,0.1208320036530494,111.16015625,111.16015625,2.0,True,,93.0,51.5,82.5,estimated,,prefill-facebook-opt-1-3b-chunk-128-sm-24,success,,,/mnt/data/dheeraj/dicertation/inference-profile/runs/revised-rerun-20260415-020401-g2-opt13b-c64-256/raw/points/prefill/prefill-facebook-opt-1-3b-chunk-128-sm-24.csv
facebook/opt-1.3b,128,gemm,k_proj,24,4,62.463998794555664,114462720,114987008,524288,524288,1024,2026-04-15T01:04:45Z,baseline_nvml_pt,nvidia-smi,ok,0.0,2538.0,1695.0,7601.0,70.59,0.1208320036530494,111.16015625,111.16015625,2.0,True,,93.0,51.5,82.5,estimated,,prefill-facebook-opt-1-3b-chunk-128-sm-24,success,,,/mnt/data/dheeraj/dicertation/inference-profile/runs/revised-rerun-20260415-020401-g2-opt13b-c64-256/raw/points/prefill/prefill-facebook-opt-1-3b-chunk-128-sm-24.csv
facebook/opt-1.3b,128,gemm,v_proj,24,4,64.51199948787689,114462720,114987008,524288,524288,1024,2026-04-15T01:04:45Z,baseline_nvml_pt,nvidia-smi,ok,0.0,2538.0,1695.0,7601.0,70.59,0.1208320036530494,111.16015625,111.16015625,2.0,True,,93.0,51.5,82.5,estimated,,prefill-facebook-opt-1-3b-chunk-128-sm-24,success,,,/mnt/data/dheeraj/dicertation/inference-profile/runs/revised-rerun-20260415-020401-g2-opt13b-c64-256/raw/points/prefill/prefill-facebook-opt-1-3b-chunk-128-sm-24.csv
facebook/opt-1.3b,128,gemm,out_proj,24,4,60.447998344898224,114462720,114987008,524288,524288,1024,2026-04-15T01:04:45Z,baseline_nvml_pt,nvidia-smi,ok,0.0,2538.0,1695.0,7601.0,70.59,0.1208320036530494,111.16015625,111.16015625,2.0,True,,93.0,51.5,82.5,estimated,,prefill-facebook-opt-1-3b-chunk-128-sm-24,success,,,/mnt/data/dheeraj/dicertation/inference-profile/runs/revised-rerun-20260415-020401-g2-opt13b-c64-256/raw/points/prefill/prefill-facebook-opt-1-3b-chunk-128-sm-24.csv
facebook/opt-1.3b,128,gemm,fc1,24,4,103.42399775981904,114462720,116559872,2097152,2097152,1024,2026-04-15T01:04:45Z,baseline_nvml_pt,nvidia-smi,ok,0.0,2538.0,1695.0,7601.0,70.59,0.1208320036530494,111.16015625,111.16015625,2.0,True,,93.0,51.5,82.5,estimated,,prefill-facebook-opt-1-3b-chunk-128-sm-24,success,,,/mnt/data/dheeraj/dicertation/inference-profile/runs/revised-rerun-20260415-020401-g2-opt13b-c64-256/raw/points/prefill/prefill-facebook-opt-1-3b-chunk-128-sm-24.csv
facebook/opt-1.3b,128,gemm,fc2,24,4,112.64000087976456,114462720,114987008,524288,524288,1024,2026-04-15T01:04:45Z,baseline_nvml_pt,nvidia-smi,ok,0.0,2538.0,1695.0,7601.0,70.59,0.1208320036530494,111.16015625,111.16015625,2.0,True,,93.0,51.5,82.5,estimated,,prefill-facebook-opt-1-3b-chunk-128-sm-24,success,,,/mnt/data/dheeraj/dicertation/inference-profile/runs/revised-rerun-20260415-020401-g2-opt13b-c64-256/raw/points/prefill/prefill-facebook-opt-1-3b-chunk-128-sm-24.csv
facebook/opt-1.3b,128,attention,attention,24,4,58.36800113320351,114462720,115004416,541696,524288,1024,2026-04-15T01:04:45Z,baseline_nvml_pt,nvidia-smi,ok,0.0,2538.0,1695.0,7601.0,70.59,0.1208320036530494,111.16015625,111.16015625,2.0,True,,93.0,51.5,82.5,estimated,,prefill-facebook-opt-1-3b-chunk-128-sm-24,success,,,/mnt/data/dheeraj/dicertation/inference-profile/runs/revised-rerun-20260415-020401-g2-opt13b-c64-256/raw/points/prefill/prefill-facebook-opt-1-3b-chunk-128-sm-24.csv
facebook/opt-1.3b,128,gemm,q_proj,32,0,83.96799862384796,114462720,114987008,524288,524288,1024,2026-04-15T01:04:49Z,baseline_nvml_pt,nvidia-smi,ok,3.0,2536.0,1695.0,7601.0,70.64,0.1146880015730857,111.16015625,111.16015625,2.0,True,,100.0,46.0,89.99999999999999,estimated,,prefill-facebook-opt-1-3b-chunk-128-sm-32,success,,,/mnt/data/dheeraj/dicertation/inference-profile/runs/revised-rerun-20260415-020401-g2-opt13b-c64-256/raw/points/prefill/prefill-facebook-opt-1-3b-chunk-128-sm-32.csv
facebook/opt-1.3b,128,gemm,k_proj,32,0,73.72800260782242,114462720,114987008,524288,524288,1024,2026-04-15T01:04:49Z,baseline_nvml_pt,nvidia-smi,ok,3.0,2536.0,1695.0,7601.0,70.64,0.1146880015730857,111.16015625,111.16015625,2.0,True,,100.0,46.0,89.99999999999999,estimated,,prefill-facebook-opt-1-3b-chunk-128-sm-32,success,,,/mnt/data/dheeraj/dicertation/inference-profile/runs/revised-rerun-20260415-020401-g2-opt13b-c64-256/raw/points/prefill/prefill-facebook-opt-1-3b-chunk-128-sm-32.csv
facebook/opt-1.3b,128,gemm,v_proj,32,0,67.58400052785873,114462720,114987008,524288,524288,1024,2026-04-15T01:04:49Z,baseline_nvml_pt,nvidia-smi,ok,3.0,2536.0,1695.0,7601.0,70.64,0.1146880015730857,111.16015625,111.16015625,2.0,True,,100.0,46.0,89.99999999999999,estimated,,prefill-facebook-opt-1-3b-chunk-128-sm-32,success,,,/mnt/data/dheeraj/dicertation/inference-profile/runs/revised-rerun-20260415-020401-g2-opt13b-c64-256/raw/points/prefill/prefill-facebook-opt-1-3b-chunk-128-sm-32.csv
facebook/opt-1.3b,128,gemm,out_proj,32,0,70.88000327348709,114462720,114987008,524288,524288,1024,2026-04-15T01:04:49Z,baseline_nvml_pt,nvidia-smi,ok,3.0,2536.0,1695.0,7601.0,70.64,0.1146880015730857,111.16015625,111.16015625,2.0,True,,100.0,46.0,89.99999999999999,estimated,,prefill-facebook-opt-1-3b-chunk-128-sm-32,success,,,/mnt/data/dheeraj/dicertation/inference-profile/runs/revised-rerun-20260415-020401-g2-opt13b-c64-256/raw/points/prefill/prefill-facebook-opt-1-3b-chunk-128-sm-32.csv
facebook/opt-1.3b,128,gemm,fc1,32,0,108.47999900579453,114462720,116559872,2097152,2097152,1024,2026-04-15T01:04:49Z,baseline_nvml_pt,nvidia-smi,ok,3.0,2536.0,1695.0,7601.0,70.64,0.1146880015730857,111.16015625,111.16015625,2.0,True,,100.0,46.0,89.99999999999999,estimated,,prefill-facebook-opt-1-3b-chunk-128-sm-32,success,,,/mnt/data/dheeraj/dicertation/inference-profile/runs/revised-rerun-20260415-020401-g2-opt13b-c64-256/raw/points/prefill/prefill-facebook-opt-1-3b-chunk-128-sm-32.csv
facebook/opt-1.3b,128,gemm,fc2,32,0,114.68800157308578,114462720,114987008,524288,524288,1024,2026-04-15T01:04:49Z,baseline_nvml_pt,nvidia-smi,ok,3.0,2536.0,1695.0,7601.0,70.64,0.1146880015730857,111.16015625,111.16015625,2.0,True,,100.0,46.0,89.99999999999999,estimated,,prefill-facebook-opt-1-3b-chunk-128-sm-32,success,,,/mnt/data/dheeraj/dicertation/inference-profile/runs/revised-rerun-20260415-020401-g2-opt13b-c64-256/raw/points/prefill/prefill-facebook-opt-1-3b-chunk-128-sm-32.csv
facebook/opt-1.3b,128,attention,attention,32,0,57.34400078654289,114462720,115004416,541696,524288,1024,2026-04-15T01:04:49Z,baseline_nvml_pt,nvidia-smi,ok,3.0,2536.0,1695.0,7601.0,70.64,0.1146880015730857,111.16015625,111.16015625,2.0,True,,100.0,46.0,89.99999999999999,estimated,,prefill-facebook-opt-1-3b-chunk-128-sm-32,success,,,/mnt/data/dheeraj/dicertation/inference-profile/runs/revised-rerun-20260415-020401-g2-opt13b-c64-256/raw/points/prefill/prefill-facebook-opt-1-3b-chunk-128-sm-32.csv
facebook/opt-1.3b,128,gemm,q_proj,32,1,67.35999882221222,114462720,114987008,524288,524288,1024,2026-04-15T01:04:49Z,baseline_nvml_pt,nvidia-smi,ok,3.0,2536.0,1695.0,7601.0,70.64,0.1146880015730857,111.16015625,111.16015625,2.0,True,,100.0,46.0,89.99999999999999,estimated,,prefill-facebook-opt-1-3b-chunk-128-sm-32,success,,,/mnt/data/dheeraj/dicertation/inference-profile/runs/revised-rerun-20260415-020401-g2-opt13b-c64-256/raw/points/prefill/prefill-facebook-opt-1-3b-chunk-128-sm-32.csv
facebook/opt-1.3b,128,gemm,k_proj,32,1,64.41599875688553,114462720,114987008,524288,524288,1024,2026-04-15T01:04:49Z,baseline_nvml_pt,nvidia-smi,ok,3.0,2536.0,1695.0,7601.0,70.64,0.1146880015730857,111.16015625,111.16015625,2.0,True,,100.0,46.0,89.99999999999999,estimated,,prefill-facebook-opt-1-3b-chunk-128-sm-32,success,,,/mnt/data/dheeraj/dicertation/inference-profile/runs/revised-rerun-20260415-020401-g2-opt13b-c64-256/raw/points/prefill/prefill-facebook-opt-1-3b-chunk-128-sm-32.csv
facebook/opt-1.3b,128,gemm,v_proj,32,1,62.463998794555664,114462720,114987008,524288,524288,1024,2026-04-15T01:04:49Z,baseline_nvml_pt,nvidia-smi,ok,3.0,2536.0,1695.0,7601.0,70.64,0.1146880015730857,111.16015625,111.16015625,2.0,True,,100.0,46.0,89.99999999999999,estimated,,prefill-facebook-opt-1-3b-chunk-128-sm-32,success,,,/mnt/data/dheeraj/dicertation/inference-profile/runs/revised-rerun-20260415-020401-g2-opt13b-c64-256/raw/points/prefill/prefill-facebook-opt-1-3b-chunk-128-sm-32.csv
facebook/opt-1.3b,128,gemm,out_proj,32,1,64.44799900054932,114462720,114987008,524288,524288,1024,2026-04-15T01:04:49Z,baseline_nvml_pt,nvidia-smi,ok,3.0,2536.0,1695.0,7601.0,70.64,0.1146880015730857,111.16015625,111.16015625,2.0,True,,100.0,46.0,89.99999999999999,estimated,,prefill-facebook-opt-1-3b-chunk-128-sm-32,success,,,/mnt/data/dheeraj/dicertation/inference-profile/runs/revised-rerun-20260415-020401-g2-opt13b-c64-256/raw/points/prefill/prefill-facebook-opt-1-3b-chunk-128-sm-32.csv
facebook/opt-1.3b,128,gemm,fc1,32,1,104.60799932479858,114462720,116559872,2097152,2097152,1024,2026-04-15T01:04:49Z,baseline_nvml_pt,nvidia-smi,ok,3.0,2536.0,1695.0,7601.0,70.64,0.1146880015730857,111.16015625,111.16015625,2.0,True,,100.0,46.0,89.99999999999999,estimated,,prefill-facebook-opt-1-3b-chunk-128-sm-32,success,,,/mnt/data/dheeraj/dicertation/inference-profile/runs/revised-rerun-20260415-020401-g2-opt13b-c64-256/raw/points/prefill/prefill-facebook-opt-1-3b-chunk-128-sm-32.csv
facebook/opt-1.3b,128,gemm,fc2,32,1,114.6240010857582,114462720,114987008,524288,524288,1024,2026-04-15T01:04:49Z,baseline_nvml_pt,nvidia-smi,ok,3.0,2536.0,1695.0,7601.0,70.64,0.1146880015730857,111.16015625,111.16015625,2.0,True,,100.0,46.0,89.99999999999999,estimated,,prefill-facebook-opt-1-3b-chunk-128-sm-32,success,,,/mnt/data/dheeraj/dicertation/inference-profile/runs/revised-rerun-20260415-020401-g2-opt13b-c64-256/raw/points/prefill/prefill-facebook-opt-1-3b-chunk-128-sm-32.csv
facebook/opt-1.3b,128,attention,attention,32,1,55.07199838757515,114462720,115004416,541696,524288,1024,2026-04-15T01:04:49Z,baseline_nvml_pt,nvidia-smi,ok,3.0,2536.0,1695.0,7601.0,70.64,0.1146880015730857,111.16015625,111.16015625,2.0,True,,100.0,46.0,89.99999999999999,estimated,,prefill-facebook-opt-1-3b-chunk-128-sm-32,success,,,/mnt/data/dheeraj/dicertation/inference-profile/runs/revised-rerun-20260415-020401-g2-opt13b-c64-256/raw/points/prefill/prefill-facebook-opt-1-3b-chunk-128-sm-32.csv
facebook/opt-1.3b,128,gemm,q_proj,32,2,65.37599861621857,114462720,114987008,524288,524288,1024,2026-04-15T01:04:49Z,baseline_nvml_pt,nvidia-smi,ok,3.0,2536.0,1695.0,7601.0,70.64,0.1146880015730857,111.16015625,111.16015625,2.0,True,,100.0,46.0,89.99999999999999,estimated,,prefill-facebook-opt-1-3b-chunk-128-sm-32,success,,,/mnt/data/dheeraj/dicertation/inference-profile/runs/revised-rerun-20260415-020401-g2-opt13b-c64-256/raw/points/prefill/prefill-facebook-opt-1-3b-chunk-128-sm-32.csv
facebook/opt-1.3b,128,gemm,k_proj,32,2,69.63200122117996,114462720,114987008,524288,524288,1024,2026-04-15T01:04:49Z,baseline_nvml_pt,nvidia-smi,ok,3.0,2536.0,1695.0,7601.0,70.64,0.1146880015730857,111.16015625,111.16015625,2.0,True,,100.0,46.0,89.99999999999999,estimated,,prefill-facebook-opt-1-3b-chunk-128-sm-32,success,,,/mnt/data/dheeraj/dicertation/inference-profile/runs/revised-rerun-20260415-020401-g2-opt13b-c64-256/raw/points/prefill/prefill-facebook-opt-1-3b-chunk-128-sm-32.csv
facebook/opt-1.3b,128,gemm,v_proj,32,2,62.463998794555664,114462720,114987008,524288,524288,1024,2026-04-15T01:04:49Z,baseline_nvml_pt,nvidia-smi,ok,3.0,2536.0,1695.0,7601.0,70.64,0.1146880015730857,111.16015625,111.16015625,2.0,True,,100.0,46.0,89.99999999999999,estimated,,prefill-facebook-opt-1-3b-chunk-128-sm-32,success,,,/mnt/data/dheeraj/dicertation/inference-profile/runs/revised-rerun-20260415-020401-g2-opt13b-c64-256/raw/points/prefill/prefill-facebook-opt-1-3b-chunk-128-sm-32.csv
facebook/opt-1.3b,128,gemm,out_proj,32,2,62.43199855089188,114462720,114987008,524288,524288,1024,2026-04-15T01:04:49Z,baseline_nvml_pt,nvidia-smi,ok,3.0,2536.0,1695.0,7601.0,70.64,0.1146880015730857,111.16015625,111.16015625,2.0,True,,100.0,46.0,89.99999999999999,estimated,,prefill-facebook-opt-1-3b-chunk-128-sm-32,success,,,/mnt/data/dheeraj/dicertation/inference-profile/runs/revised-rerun-20260415-020401-g2-opt13b-c64-256/raw/points/prefill/prefill-facebook-opt-1-3b-chunk-128-sm-32.csv
facebook/opt-1.3b,128,gemm,fc1,32,2,107.51999914646149,114462720,116559872,2097152,2097152,1024,2026-04-15T01:04:49Z,baseline_nvml_pt,nvidia-smi,ok,3.0,2536.0,1695.0,7601.0,70.64,0.1146880015730857,111.16015625,111.16015625,2.0,True,,100.0,46.0,89.99999999999999,estimated,,prefill-facebook-opt-1-3b-chunk-128-sm-32,success,,,/mnt/data/dheeraj/dicertation/inference-profile/runs/revised-rerun-20260415-020401-g2-opt13b-c64-256/raw/points/prefill/prefill-facebook-opt-1-3b-chunk-128-sm-32.csv
facebook/opt-1.3b,128,gemm,fc2,32,2,112.64000087976456,114462720,114987008,524288,524288,1024,2026-04-15T01:04:49Z,baseline_nvml_pt,nvidia-smi,ok,3.0,2536.0,1695.0,7601.0,70.64,0.1146880015730857,111.16015625,111.16015625,2.0,True,,100.0,46.0,89.99999999999999,estimated,,prefill-facebook-opt-1-3b-chunk-128-sm-32,success,,,/mnt/data/dheeraj/dicertation/inference-profile/runs/revised-rerun-20260415-020401-g2-opt13b-c64-256/raw/points/prefill/prefill-facebook-opt-1-3b-chunk-128-sm-32.csv
facebook/opt-1.3b,128,attention,attention,32,2,56.19199946522713,114462720,115004416,541696,524288,1024,2026-04-15T01:04:49Z,baseline_nvml_pt,nvidia-smi,ok,3.0,2536.0,1695.0,7601.0,70.64,0.1146880015730857,111.16015625,111.16015625,2.0,True,,100.0,46.0,89.99999999999999,estimated,,prefill-facebook-opt-1-3b-chunk-128-sm-32,success,,,/mnt/data/dheeraj/dicertation/inference-profile/runs/revised-rerun-20260415-020401-g2-opt13b-c64-256/raw/points/prefill/prefill-facebook-opt-1-3b-chunk-128-sm-32.csv
facebook/opt-1.3b,128,gemm,q_proj,32,3,63.64800035953522,114462720,114987008,524288,524288,1024,2026-04-15T01:04:49Z,baseline_nvml_pt,nvidia-smi,ok,3.0,2536.0,1695.0,7601.0,70.64,0.1146880015730857,111.16015625,111.16015625,2.0,True,,100.0,46.0,89.99999999999999,estimated,,prefill-facebook-opt-1-3b-chunk-128-sm-32,success,,,/mnt/data/dheeraj/dicertation/inference-profile/runs/revised-rerun-20260415-020401-g2-opt13b-c64-256/raw/points/prefill/prefill-facebook-opt-1-3b-chunk-128-sm-32.csv
facebook/opt-1.3b,128,gemm,k_proj,32,3,62.6240000128746,114462720,114987008,524288,524288,1024,2026-04-15T01:04:49Z,baseline_nvml_pt,nvidia-smi,ok,3.0,2536.0,1695.0,7601.0,70.64,0.1146880015730857,111.16015625,111.16015625,2.0,True,,100.0,46.0,89.99999999999999,estimated,,prefill-facebook-opt-1-3b-chunk-128-sm-32,success,,,/mnt/data/dheeraj/dicertation/inference-profile/runs/revised-rerun-20260415-020401-g2-opt13b-c64-256/raw/points/prefill/prefill-facebook-opt-1-3b-chunk-128-sm-32.csv
facebook/opt-1.3b,128,gemm,v_proj,32,3,62.463998794555664,114462720,114987008,524288,524288,1024,2026-04-15T01:04:49Z,baseline_nvml_pt,nvidia-smi,ok,3.0,2536.0,1695.0,7601.0,70.64,0.1146880015730857,111.16015625,111.16015625,2.0,True,,100.0,46.0,89.99999999999999,estimated,,prefill-facebook-opt-1-3b-chunk-128-sm-32,success,,,/mnt/data/dheeraj/dicertation/inference-profile/runs/revised-rerun-20260415-020401-g2-opt13b-c64-256/raw/points/prefill/prefill-facebook-opt-1-3b-chunk-128-sm-32.csv
facebook/opt-1.3b,128,gemm,out_proj,32,3,61.535999178886414,114462720,114987008,524288,524288,1024,2026-04-15T01:04:49Z,baseline_nvml_pt,nvidia-smi,ok,3.0,2536.0,1695.0,7601.0,70.64,0.1146880015730857,111.16015625,111.16015625,2.0,True,,100.0,46.0,89.99999999999999,estimated,,prefill-facebook-opt-1-3b-chunk-128-sm-32,success,,,/mnt/data/dheeraj/dicertation/inference-profile/runs/revised-rerun-20260415-020401-g2-opt13b-c64-256/raw/points/prefill/prefill-facebook-opt-1-3b-chunk-128-sm-32.csv
facebook/opt-1.3b,128,gemm,fc1,32,3,106.49599879980089,114462720,116559872,2097152,2097152,1024,2026-04-15T01:04:49Z,baseline_nvml_pt,nvidia-smi,ok,3.0,2536.0,1695.0,7601.0,70.64,0.1146880015730857,111.16015625,111.16015625,2.0,True,,100.0,46.0,89.99999999999999,estimated,,prefill-facebook-opt-1-3b-chunk-128-sm-32,success,,,/mnt/data/dheeraj/dicertation/inference-profile/runs/revised-rerun-20260415-020401-g2-opt13b-c64-256/raw/points/prefill/prefill-facebook-opt-1-3b-chunk-128-sm-32.csv
facebook/opt-1.3b,128,gemm,fc2,32,3,111.84000223875046,114462720,114987008,524288,524288,1024,2026-04-15T01:04:49Z,baseline_nvml_pt,nvidia-smi,ok,3.0,2536.0,1695.0,7601.0,70.64,0.1146880015730857,111.16015625,111.16015625,2.0,True,,100.0,46.0,89.99999999999999,estimated,,prefill-facebook-opt-1-3b-chunk-128-sm-32,success,,,/mnt/data/dheeraj/dicertation/inference-profile/runs/revised-rerun-20260415-020401-g2-opt13b-c64-256/raw/points/prefill/prefill-facebook-opt-1-3b-chunk-128-sm-32.csv
facebook/opt-1.3b,128,attention,attention,32,3,53.24799939990044,114462720,115004416,541696,524288,1024,2026-04-15T01:04:49Z,baseline_nvml_pt,nvidia-smi,ok,3.0,2536.0,1695.0,7601.0,70.64,0.1146880015730857,111.16015625,111.16015625,2.0,True,,100.0,46.0,89.99999999999999,estimated,,prefill-facebook-opt-1-3b-chunk-128-sm-32,success,,,/mnt/data/dheeraj/dicertation/inference-profile/runs/revised-rerun-20260415-020401-g2-opt13b-c64-256/raw/points/prefill/prefill-facebook-opt-1-3b-chunk-128-sm-32.csv
facebook/opt-1.3b,128,gemm,q_proj,32,4,64.51199948787689,114462720,114987008,524288,524288,1024,2026-04-15T01:04:49Z,baseline_nvml_pt,nvidia-smi,ok,3.0,2536.0,1695.0,7601.0,70.64,0.1146880015730857,111.16015625,111.16015625,2.0,True,,100.0,46.0,89.99999999999999,estimated,,prefill-facebook-opt-1-3b-chunk-128-sm-32,success,,,/mnt/data/dheeraj/dicertation/inference-profile/runs/revised-rerun-20260415-020401-g2-opt13b-c64-256/raw/points/prefill/prefill-facebook-opt-1-3b-chunk-128-sm-32.csv
facebook/opt-1.3b,128,gemm,k_proj,32,4,61.43999844789505,114462720,114987008,524288,524288,1024,2026-04-15T01:04:49Z,baseline_nvml_pt,nvidia-smi,ok,3.0,2536.0,1695.0,7601.0,70.64,0.1146880015730857,111.16015625,111.16015625,2.0,True,,100.0,46.0,89.99999999999999,estimated,,prefill-facebook-opt-1-3b-chunk-128-sm-32,success,,,/mnt/data/dheeraj/dicertation/inference-profile/runs/revised-rerun-20260415-020401-g2-opt13b-c64-256/raw/points/prefill/prefill-facebook-opt-1-3b-chunk-128-sm-32.csv
facebook/opt-1.3b,128,gemm,v_proj,32,4,60.416001826524734,114462720,114987008,524288,524288,1024,2026-04-15T01:04:49Z,baseline_nvml_pt,nvidia-smi,ok,3.0,2536.0,1695.0,7601.0,70.64,0.1146880015730857,111.16015625,111.16015625,2.0,True,,100.0,46.0,89.99999999999999,estimated,,prefill-facebook-opt-1-3b-chunk-128-sm-32,success,,,/mnt/data/dheeraj/dicertation/inference-profile/runs/revised-rerun-20260415-020401-g2-opt13b-c64-256/raw/points/prefill/prefill-facebook-opt-1-3b-chunk-128-sm-32.csv
facebook/opt-1.3b,128,gemm,out_proj,32,4,58.36800113320351,114462720,114987008,524288,524288,1024,2026-04-15T01:04:49Z,baseline_nvml_pt,nvidia-smi,ok,3.0,2536.0,1695.0,7601.0,70.64,0.1146880015730857,111.16015625,111.16015625,2.0,True,,100.0,46.0,89.99999999999999,estimated,,prefill-facebook-opt-1-3b-chunk-128-sm-32,success,,,/mnt/data/dheeraj/dicertation/inference-profile/runs/revised-rerun-20260415-020401-g2-opt13b-c64-256/raw/points/prefill/prefill-facebook-opt-1-3b-chunk-128-sm-32.csv
facebook/opt-1.3b,128,gemm,fc1,32,4,104.44799810647964,114462720,116559872,2097152,2097152,1024,2026-04-15T01:04:49Z,baseline_nvml_pt,nvidia-smi,ok,3.0,2536.0,1695.0,7601.0,70.64,0.1146880015730857,111.16015625,111.16015625,2.0,True,,100.0,46.0,89.99999999999999,estimated,,prefill-facebook-opt-1-3b-chunk-128-sm-32,success,,,/mnt/data/dheeraj/dicertation/inference-profile/runs/revised-rerun-20260415-020401-g2-opt13b-c64-256/raw/points/prefill/prefill-facebook-opt-1-3b-chunk-128-sm-32.csv
facebook/opt-1.3b,128,gemm,fc2,32,4,112.64000087976456,114462720,114987008,524288,524288,1024,2026-04-15T01:04:49Z,baseline_nvml_pt,nvidia-smi,ok,3.0,2536.0,1695.0,7601.0,70.64,0.1146880015730857,111.16015625,111.16015625,2.0,True,,100.0,46.0,89.99999999999999,estimated,,prefill-facebook-opt-1-3b-chunk-128-sm-32,success,,,/mnt/data/dheeraj/dicertation/inference-profile/runs/revised-rerun-20260415-020401-g2-opt13b-c64-256/raw/points/prefill/prefill-facebook-opt-1-3b-chunk-128-sm-32.csv
facebook/opt-1.3b,128,attention,attention,32,4,53.24799939990044,114462720,115004416,541696,524288,1024,2026-04-15T01:04:49Z,baseline_nvml_pt,nvidia-smi,ok,3.0,2536.0,1695.0,7601.0,70.64,0.1146880015730857,111.16015625,111.16015625,2.0,True,,100.0,46.0,89.99999999999999,estimated,,prefill-facebook-opt-1-3b-chunk-128-sm-32,success,,,/mnt/data/dheeraj/dicertation/inference-profile/runs/revised-rerun-20260415-020401-g2-opt13b-c64-256/raw/points/prefill/prefill-facebook-opt-1-3b-chunk-128-sm-32.csv
facebook/opt-1.3b,256,gemm,q_proj,8,0,108.5439994931221,118657024,119705600,1048576,1048576,1024,2026-04-15T01:04:54Z,baseline_nvml_pt,nvidia-smi,ok,0.0,2538.0,1695.0,7601.0,71.53,0.1913920044898986,117.16015625,117.16015625,4.0,True,,79.0,62.5,67.5,estimated,,prefill-facebook-opt-1-3b-chunk-256-sm-8,success,,,/mnt/data/dheeraj/dicertation/inference-profile/runs/revised-rerun-20260415-020401-g2-opt13b-c64-256/raw/points/prefill/prefill-facebook-opt-1-3b-chunk-256-sm-8.csv
facebook/opt-1.3b,256,gemm,k_proj,8,0,93.18400174379347,118657024,119705600,1048576,1048576,1024,2026-04-15T01:04:54Z,baseline_nvml_pt,nvidia-smi,ok,0.0,2538.0,1695.0,7601.0,71.53,0.1913920044898986,117.16015625,117.16015625,4.0,True,,79.0,62.5,67.5,estimated,,prefill-facebook-opt-1-3b-chunk-256-sm-8,success,,,/mnt/data/dheeraj/dicertation/inference-profile/runs/revised-rerun-20260415-020401-g2-opt13b-c64-256/raw/points/prefill/prefill-facebook-opt-1-3b-chunk-256-sm-8.csv
facebook/opt-1.3b,256,gemm,v_proj,8,0,85.91999858617783,118657024,119705600,1048576,1048576,1024,2026-04-15T01:04:54Z,baseline_nvml_pt,nvidia-smi,ok,0.0,2538.0,1695.0,7601.0,71.53,0.1913920044898986,117.16015625,117.16015625,4.0,True,,79.0,62.5,67.5,estimated,,prefill-facebook-opt-1-3b-chunk-256-sm-8,success,,,/mnt/data/dheeraj/dicertation/inference-profile/runs/revised-rerun-20260415-020401-g2-opt13b-c64-256/raw/points/prefill/prefill-facebook-opt-1-3b-chunk-256-sm-8.csv
facebook/opt-1.3b,256,gemm,out_proj,8,0,83.99999886751175,118657024,119705600,1048576,1048576,1024,2026-04-15T01:04:54Z,baseline_nvml_pt,nvidia-smi,ok,0.0,2538.0,1695.0,7601.0,71.53,0.1913920044898986,117.16015625,117.16015625,4.0,True,,79.0,62.5,67.5,estimated,,prefill-facebook-opt-1-3b-chunk-256-sm-8,success,,,/mnt/data/dheeraj/dicertation/inference-profile/runs/revised-rerun-20260415-020401-g2-opt13b-c64-256/raw/points/prefill/prefill-facebook-opt-1-3b-chunk-256-sm-8.csv
facebook/opt-1.3b,256,gemm,fc1,8,0,143.36000382900238,118657024,122851328,4194304,4194304,1024,2026-04-15T01:04:54Z,baseline_nvml_pt,nvidia-smi,ok,0.0,2538.0,1695.0,7601.0,71.53,0.1913920044898986,117.16015625,117.16015625,4.0,True,,79.0,62.5,67.5,estimated,,prefill-facebook-opt-1-3b-chunk-256-sm-8,success,,,/mnt/data/dheeraj/dicertation/inference-profile/runs/revised-rerun-20260415-020401-g2-opt13b-c64-256/raw/points/prefill/prefill-facebook-opt-1-3b-chunk-256-sm-8.csv
facebook/opt-1.3b,256,gemm,fc2,8,0,175.00799894332886,118657024,119705600,1048576,1048576,1024,2026-04-15T01:04:54Z,baseline_nvml_pt,nvidia-smi,ok,0.0,2538.0,1695.0,7601.0,71.53,0.1913920044898986,117.16015625,117.16015625,4.0,True,,79.0,62.5,67.5,estimated,,prefill-facebook-opt-1-3b-chunk-256-sm-8,success,,,/mnt/data/dheeraj/dicertation/inference-profile/runs/revised-rerun-20260415-020401-g2-opt13b-c64-256/raw/points/prefill/prefill-facebook-opt-1-3b-chunk-256-sm-8.csv
facebook/opt-1.3b,256,attention,attention,8,0,67.58400052785873,118657024,119739392,1082368,1048576,1024,2026-04-15T01:04:54Z,baseline_nvml_pt,nvidia-smi,ok,0.0,2538.0,1695.0,7601.0,71.53,0.1913920044898986,117.16015625,117.16015625,4.0,True,,79.0,62.5,67.5,estimated,,prefill-facebook-opt-1-3b-chunk-256-sm-8,success,,,/mnt/data/dheeraj/dicertation/inference-profile/runs/revised-rerun-20260415-020401-g2-opt13b-c64-256/raw/points/prefill/prefill-facebook-opt-1-3b-chunk-256-sm-8.csv
facebook/opt-1.3b,256,gemm,q_proj,8,1,87.10400015115738,118657024,119705600,1048576,1048576,1024,2026-04-15T01:04:54Z,baseline_nvml_pt,nvidia-smi,ok,0.0,2538.0,1695.0,7601.0,71.53,0.1913920044898986,117.16015625,117.16015625,4.0,True,,79.0,62.5,67.5,estimated,,prefill-facebook-opt-1-3b-chunk-256-sm-8,success,,,/mnt/data/dheeraj/dicertation/inference-profile/runs/revised-rerun-20260415-020401-g2-opt13b-c64-256/raw/points/prefill/prefill-facebook-opt-1-3b-chunk-256-sm-8.csv
facebook/opt-1.3b,256,gemm,k_proj,8,1,84.73599702119827,118657024,119705600,1048576,1048576,1024,2026-04-15T01:04:54Z,baseline_nvml_pt,nvidia-smi,ok,0.0,2538.0,1695.0,7601.0,71.53,0.1913920044898986,117.16015625,117.16015625,4.0,True,,79.0,62.5,67.5,estimated,,prefill-facebook-opt-1-3b-chunk-256-sm-8,success,,,/mnt/data/dheeraj/dicertation/inference-profile/runs/revised-rerun-20260415-020401-g2-opt13b-c64-256/raw/points/prefill/prefill-facebook-opt-1-3b-chunk-256-sm-8.csv
facebook/opt-1.3b,256,gemm,v_proj,8,1,94.17600184679031,118657024,119705600,1048576,1048576,1024,2026-04-15T01:04:54Z,baseline_nvml_pt,nvidia-smi,ok,0.0,2538.0,1695.0,7601.0,71.53,0.1913920044898986,117.16015625,117.16015625,4.0,True,,79.0,62.5,67.5,estimated,,prefill-facebook-opt-1-3b-chunk-256-sm-8,success,,,/mnt/data/dheeraj/dicertation/inference-profile/runs/revised-rerun-20260415-020401-g2-opt13b-c64-256/raw/points/prefill/prefill-facebook-opt-1-3b-chunk-256-sm-8.csv
facebook/opt-1.3b,256,gemm,out_proj,8,1,83.96799862384796,118657024,119705600,1048576,1048576,1024,2026-04-15T01:04:54Z,baseline_nvml_pt,nvidia-smi,ok,0.0,2538.0,1695.0,7601.0,71.53,0.1913920044898986,117.16015625,117.16015625,4.0,True,,79.0,62.5,67.5,estimated,,prefill-facebook-opt-1-3b-chunk-256-sm-8,success,,,/mnt/data/dheeraj/dicertation/inference-profile/runs/revised-rerun-20260415-020401-g2-opt13b-c64-256/raw/points/prefill/prefill-facebook-opt-1-3b-chunk-256-sm-8.csv
facebook/opt-1.3b,256,gemm,fc1,8,1,133.12000036239624,118657024,122851328,4194304,4194304,1024,2026-04-15T01:04:54Z,baseline_nvml_pt,nvidia-smi,ok,0.0,2538.0,1695.0,7601.0,71.53,0.1913920044898986,117.16015625,117.16015625,4.0,True,,79.0,62.5,67.5,estimated,,prefill-facebook-opt-1-3b-chunk-256-sm-8,success,,,/mnt/data/dheeraj/dicertation/inference-profile/runs/revised-rerun-20260415-020401-g2-opt13b-c64-256/raw/points/prefill/prefill-facebook-opt-1-3b-chunk-256-sm-8.csv
facebook/opt-1.3b,256,gemm,fc2,8,1,174.0799993276596,118657024,119705600,1048576,1048576,1024,2026-04-15T01:04:54Z,baseline_nvml_pt,nvidia-smi,ok,0.0,2538.0,1695.0,7601.0,71.53,0.1913920044898986,117.16015625,117.16015625,4.0,True,,79.0,62.5,67.5,estimated,,prefill-facebook-opt-1-3b-chunk-256-sm-8,success,,,/mnt/data/dheeraj/dicertation/inference-profile/runs/revised-rerun-20260415-020401-g2-opt13b-c64-256/raw/points/prefill/prefill-facebook-opt-1-3b-chunk-256-sm-8.csv
facebook/opt-1.3b,256,attention,attention,8,1,58.20799991488457,118657024,119739392,1082368,1048576,1024,2026-04-15T01:04:54Z,baseline_nvml_pt,nvidia-smi,ok,0.0,2538.0,1695.0,7601.0,71.53,0.1913920044898986,117.16015625,117.16015625,4.0,True,,79.0,62.5,67.5,estimated,,prefill-facebook-opt-1-3b-chunk-256-sm-8,success,,,/mnt/data/dheeraj/dicertation/inference-profile/runs/revised-rerun-20260415-020401-g2-opt13b-c64-256/raw/points/prefill/prefill-facebook-opt-1-3b-chunk-256-sm-8.csv
facebook/opt-1.3b,256,gemm,q_proj,8,2,87.87199854850769,118657024,119705600,1048576,1048576,1024,2026-04-15T01:04:54Z,baseline_nvml_pt,nvidia-smi,ok,0.0,2538.0,1695.0,7601.0,71.53,0.1913920044898986,117.16015625,117.16015625,4.0,True,,79.0,62.5,67.5,estimated,,prefill-facebook-opt-1-3b-chunk-256-sm-8,success,,,/mnt/data/dheeraj/dicertation/inference-profile/runs/revised-rerun-20260415-020401-g2-opt13b-c64-256/raw/points/prefill/prefill-facebook-opt-1-3b-chunk-256-sm-8.csv
facebook/opt-1.3b,256,gemm,k_proj,8,2,94.11200135946274,118657024,119705600,1048576,1048576,1024,2026-04-15T01:04:54Z,baseline_nvml_pt,nvidia-smi,ok,0.0,2538.0,1695.0,7601.0,71.53,0.1913920044898986,117.16015625,117.16015625,4.0,True,,79.0,62.5,67.5,estimated,,prefill-facebook-opt-1-3b-chunk-256-sm-8,success,,,/mnt/data/dheeraj/dicertation/inference-profile/runs/revised-rerun-20260415-020401-g2-opt13b-c64-256/raw/points/prefill/prefill-facebook-opt-1-3b-chunk-256-sm-8.csv
facebook/opt-1.3b,256,gemm,v_proj,8,2,83.96799862384796,118657024,119705600,1048576,1048576,1024,2026-04-15T01:04:54Z,baseline_nvml_pt,nvidia-smi,ok,0.0,2538.0,1695.0,7601.0,71.53,0.1913920044898986,117.16015625,117.16015625,4.0,True,,79.0,62.5,67.5,estimated,,prefill-facebook-opt-1-3b-chunk-256-sm-8,success,,,/mnt/data/dheeraj/dicertation/inference-profile/runs/revised-rerun-20260415-020401-g2-opt13b-c64-256/raw/points/prefill/prefill-facebook-opt-1-3b-chunk-256-sm-8.csv
facebook/opt-1.3b,256,gemm,out_proj,8,2,83.96799862384796,118657024,119705600,1048576,1048576,1024,2026-04-15T01:04:54Z,baseline_nvml_pt,nvidia-smi,ok,0.0,2538.0,1695.0,7601.0,71.53,0.1913920044898986,117.16015625,117.16015625,4.0,True,,79.0,62.5,67.5,estimated,,prefill-facebook-opt-1-3b-chunk-256-sm-8,success,,,/mnt/data/dheeraj/dicertation/inference-profile/runs/revised-rerun-20260415-020401-g2-opt13b-c64-256/raw/points/prefill/prefill-facebook-opt-1-3b-chunk-256-sm-8.csv
facebook/opt-1.3b,256,gemm,fc1,8,2,137.2160017490387,118657024,122851328,4194304,4194304,1024,2026-04-15T01:04:54Z,baseline_nvml_pt,nvidia-smi,ok,0.0,2538.0,1695.0,7601.0,71.53,0.1913920044898986,117.16015625,117.16015625,4.0,True,,79.0,62.5,67.5,estimated,,prefill-facebook-opt-1-3b-chunk-256-sm-8,success,,,/mnt/data/dheeraj/dicertation/inference-profile/runs/revised-rerun-20260415-020401-g2-opt13b-c64-256/raw/points/prefill/prefill-facebook-opt-1-3b-chunk-256-sm-8.csv
facebook/opt-1.3b,256,gemm,fc2,8,2,173.0560064315796,118657024,119705600,1048576,1048576,1024,2026-04-15T01:04:54Z,baseline_nvml_pt,nvidia-smi,ok,0.0,2538.0,1695.0,7601.0,71.53,0.1913920044898986,117.16015625,117.16015625,4.0,True,,79.0,62.5,67.5,estimated,,prefill-facebook-opt-1-3b-chunk-256-sm-8,success,,,/mnt/data/dheeraj/dicertation/inference-profile/runs/revised-rerun-20260415-020401-g2-opt13b-c64-256/raw/points/prefill/prefill-facebook-opt-1-3b-chunk-256-sm-8.csv
facebook/opt-1.3b,256,attention,attention,8,2,59.39200147986412,118657024,119739392,1082368,1048576,1024,2026-04-15T01:04:54Z,baseline_nvml_pt,nvidia-smi,ok,0.0,2538.0,1695.0,7601.0,71.53,0.1913920044898986,117.16015625,117.16015625,4.0,True,,79.0,62.5,67.5,estimated,,prefill-facebook-opt-1-3b-chunk-256-sm-8,success,,,/mnt/data/dheeraj/dicertation/inference-profile/runs/revised-rerun-20260415-020401-g2-opt13b-c64-256/raw/points/prefill/prefill-facebook-opt-1-3b-chunk-256-sm-8.csv
facebook/opt-1.3b,256,gemm,q_proj,8,3,86.01599931716919,118657024,119705600,1048576,1048576,1024,2026-04-15T01:04:54Z,baseline_nvml_pt,nvidia-smi,ok,0.0,2538.0,1695.0,7601.0,71.53,0.1913920044898986,117.16015625,117.16015625,4.0,True,,79.0,62.5,67.5,estimated,,prefill-facebook-opt-1-3b-chunk-256-sm-8,success,,,/mnt/data/dheeraj/dicertation/inference-profile/runs/revised-rerun-20260415-020401-g2-opt13b-c64-256/raw/points/prefill/prefill-facebook-opt-1-3b-chunk-256-sm-8.csv
facebook/opt-1.3b,256,gemm,k_proj,8,3,82.94399827718735,118657024,119705600,1048576,1048576,1024,2026-04-15T01:04:54Z,baseline_nvml_pt,nvidia-smi,ok,0.0,2538.0,1695.0,7601.0,71.53,0.1913920044898986,117.16015625,117.16015625,4.0,True,,79.0,62.5,67.5,estimated,,prefill-facebook-opt-1-3b-chunk-256-sm-8,success,,,/mnt/data/dheeraj/dicertation/inference-profile/runs/revised-rerun-20260415-020401-g2-opt13b-c64-256/raw/points/prefill/prefill-facebook-opt-1-3b-chunk-256-sm-8.csv
facebook/opt-1.3b,256,gemm,v_proj,8,3,82.94399827718735,118657024,119705600,1048576,1048576,1024,2026-04-15T01:04:54Z,baseline_nvml_pt,nvidia-smi,ok,0.0,2538.0,1695.0,7601.0,71.53,0.1913920044898986,117.16015625,117.16015625,4.0,True,,79.0,62.5,67.5,estimated,,prefill-facebook-opt-1-3b-chunk-256-sm-8,success,,,/mnt/data/dheeraj/dicertation/inference-profile/runs/revised-rerun-20260415-020401-g2-opt13b-c64-256/raw/points/prefill/prefill-facebook-opt-1-3b-chunk-256-sm-8.csv
facebook/opt-1.3b,256,gemm,out_proj,8,3,83.96799862384796,118657024,119705600,1048576,1048576,1024,2026-04-15T01:04:54Z,baseline_nvml_pt,nvidia-smi,ok,0.0,2538.0,1695.0,7601.0,71.53,0.1913920044898986,117.16015625,117.16015625,4.0,True,,79.0,62.5,67.5,estimated,,prefill-facebook-opt-1-3b-chunk-256-sm-8,success,,,/mnt/data/dheeraj/dicertation/inference-profile/runs/revised-rerun-20260415-020401-g2-opt13b-c64-256/raw/points/prefill/prefill-facebook-opt-1-3b-chunk-256-sm-8.csv
facebook/opt-1.3b,256,gemm,fc1,8,3,134.91199910640717,118657024,122851328,4194304,4194304,1024,2026-04-15T01:04:54Z,baseline_nvml_pt,nvidia-smi,ok,0.0,2538.0,1695.0,7601.0,71.53,0.1913920044898986,117.16015625,117.16015625,4.0,True,,79.0,62.5,67.5,estimated,,prefill-facebook-opt-1-3b-chunk-256-sm-8,success,,,/mnt/data/dheeraj/dicertation/inference-profile/runs/revised-rerun-20260415-020401-g2-opt13b-c64-256/raw/points/prefill/prefill-facebook-opt-1-3b-chunk-256-sm-8.csv
facebook/opt-1.3b,256,gemm,fc2,8,3,173.0560064315796,118657024,119705600,1048576,1048576,1024,2026-04-15T01:04:54Z,baseline_nvml_pt,nvidia-smi,ok,0.0,2538.0,1695.0,7601.0,71.53,0.1913920044898986,117.16015625,117.16015625,4.0,True,,79.0,62.5,67.5,estimated,,prefill-facebook-opt-1-3b-chunk-256-sm-8,success,,,/mnt/data/dheeraj/dicertation/inference-profile/runs/revised-rerun-20260415-020401-g2-opt13b-c64-256/raw/points/prefill/prefill-facebook-opt-1-3b-chunk-256-sm-8.csv
facebook/opt-1.3b,256,attention,attention,8,3,56.22399970889092,118657024,119739392,1082368,1048576,1024,2026-04-15T01:04:54Z,baseline_nvml_pt,nvidia-smi,ok,0.0,2538.0,1695.0,7601.0,71.53,0.1913920044898986,117.16015625,117.16015625,4.0,True,,79.0,62.5,67.5,estimated,,prefill-facebook-opt-1-3b-chunk-256-sm-8,success,,,/mnt/data/dheeraj/dicertation/inference-profile/runs/revised-rerun-20260415-020401-g2-opt13b-c64-256/raw/points/prefill/prefill-facebook-opt-1-3b-chunk-256-sm-8.csv
facebook/opt-1.3b,256,gemm,q_proj,8,4,86.01599931716919,118657024,119705600,1048576,1048576,1024,2026-04-15T01:04:54Z,baseline_nvml_pt,nvidia-smi,ok,0.0,2538.0,1695.0,7601.0,71.53,0.1913920044898986,117.16015625,117.16015625,4.0,True,,79.0,62.5,67.5,estimated,,prefill-facebook-opt-1-3b-chunk-256-sm-8,success,,,/mnt/data/dheeraj/dicertation/inference-profile/runs/revised-rerun-20260415-020401-g2-opt13b-c64-256/raw/points/prefill/prefill-facebook-opt-1-3b-chunk-256-sm-8.csv
facebook/opt-1.3b,256,gemm,k_proj,8,4,82.94399827718735,118657024,119705600,1048576,1048576,1024,2026-04-15T01:04:54Z,baseline_nvml_pt,nvidia-smi,ok,0.0,2538.0,1695.0,7601.0,71.53,0.1913920044898986,117.16015625,117.16015625,4.0,True,,79.0,62.5,67.5,estimated,,prefill-facebook-opt-1-3b-chunk-256-sm-8,success,,,/mnt/data/dheeraj/dicertation/inference-profile/runs/revised-rerun-20260415-020401-g2-opt13b-c64-256/raw/points/prefill/prefill-facebook-opt-1-3b-chunk-256-sm-8.csv
facebook/opt-1.3b,256,gemm,v_proj,8,4,83.90399813652039,118657024,119705600,1048576,1048576,1024,2026-04-15T01:04:54Z,baseline_nvml_pt,nvidia-smi,ok,0.0,2538.0,1695.0,7601.0,71.53,0.1913920044898986,117.16015625,117.16015625,4.0,True,,79.0,62.5,67.5,estimated,,prefill-facebook-opt-1-3b-chunk-256-sm-8,success,,,/mnt/data/dheeraj/dicertation/inference-profile/runs/revised-rerun-20260415-020401-g2-opt13b-c64-256/raw/points/prefill/prefill-facebook-opt-1-3b-chunk-256-sm-8.csv
facebook/opt-1.3b,256,gemm,out_proj,8,4,80.89599758386612,118657024,119705600,1048576,1048576,1024,2026-04-15T01:04:54Z,baseline_nvml_pt,nvidia-smi,ok,0.0,2538.0,1695.0,7601.0,71.53,0.1913920044898986,117.16015625,117.16015625,4.0,True,,79.0,62.5,67.5,estimated,,prefill-facebook-opt-1-3b-chunk-256-sm-8,success,,,/mnt/data/dheeraj/dicertation/inference-profile/runs/revised-rerun-20260415-020401-g2-opt13b-c64-256/raw/points/prefill/prefill-facebook-opt-1-3b-chunk-256-sm-8.csv
facebook/opt-1.3b,256,gemm,fc1,8,4,131.071999669075,118657024,122851328,4194304,4194304,1024,2026-04-15T01:04:54Z,baseline_nvml_pt,nvidia-smi,ok,0.0,2538.0,1695.0,7601.0,71.53,0.1913920044898986,117.16015625,117.16015625,4.0,True,,79.0,62.5,67.5,estimated,,prefill-facebook-opt-1-3b-chunk-256-sm-8,success,,,/mnt/data/dheeraj/dicertation/inference-profile/runs/revised-rerun-20260415-020401-g2-opt13b-c64-256/raw/points/prefill/prefill-facebook-opt-1-3b-chunk-256-sm-8.csv
facebook/opt-1.3b,256,gemm,fc2,8,4,191.39200448989868,118657024,119705600,1048576,1048576,1024,2026-04-15T01:04:54Z,baseline_nvml_pt,nvidia-smi,ok,0.0,2538.0,1695.0,7601.0,71.53,0.1913920044898986,117.16015625,117.16015625,4.0,True,,79.0,62.5,67.5,estimated,,prefill-facebook-opt-1-3b-chunk-256-sm-8,success,,,/mnt/data/dheeraj/dicertation/inference-profile/runs/revised-rerun-20260415-020401-g2-opt13b-c64-256/raw/points/prefill/prefill-facebook-opt-1-3b-chunk-256-sm-8.csv
facebook/opt-1.3b,256,attention,attention,8,4,55.296000093221664,118657024,119739392,1082368,1048576,1024,2026-04-15T01:04:54Z,baseline_nvml_pt,nvidia-smi,ok,0.0,2538.0,1695.0,7601.0,71.53,0.1913920044898986,117.16015625,117.16015625,4.0,True,,79.0,62.5,67.5,estimated,,prefill-facebook-opt-1-3b-chunk-256-sm-8,success,,,/mnt/data/dheeraj/dicertation/inference-profile/runs/revised-rerun-20260415-020401-g2-opt13b-c64-256/raw/points/prefill/prefill-facebook-opt-1-3b-chunk-256-sm-8.csv
facebook/opt-1.3b,256,gemm,q_proj,16,0,2035.7120037078855,118657024,119705600,1048576,1048576,1024,2026-04-15T01:04:59Z,baseline_nvml_pt,nvidia-smi,ok,6.0,2538.0,1695.0,7601.0,71.12,2.0357120037078857,117.16015625,117.16015625,4.0,True,,86.0,57.00000000000001,75.0,estimated,,prefill-facebook-opt-1-3b-chunk-256-sm-16,success,,,/mnt/data/dheeraj/dicertation/inference-profile/runs/revised-rerun-20260415-020401-g2-opt13b-c64-256/raw/points/prefill/prefill-facebook-opt-1-3b-chunk-256-sm-16.csv
facebook/opt-1.3b,256,gemm,k_proj,16,0,94.2080020904541,118657024,119705600,1048576,1048576,1024,2026-04-15T01:04:59Z,baseline_nvml_pt,nvidia-smi,ok,6.0,2538.0,1695.0,7601.0,71.12,2.0357120037078857,117.16015625,117.16015625,4.0,True,,86.0,57.00000000000001,75.0,estimated,,prefill-facebook-opt-1-3b-chunk-256-sm-16,success,,,/mnt/data/dheeraj/dicertation/inference-profile/runs/revised-rerun-20260415-020401-g2-opt13b-c64-256/raw/points/prefill/prefill-facebook-opt-1-3b-chunk-256-sm-16.csv
facebook/opt-1.3b,256,gemm,v_proj,16,0,114.68800157308578,118657024,119705600,1048576,1048576,1024,2026-04-15T01:04:59Z,baseline_nvml_pt,nvidia-smi,ok,6.0,2538.0,1695.0,7601.0,71.12,2.0357120037078857,117.16015625,117.16015625,4.0,True,,86.0,57.00000000000001,75.0,estimated,,prefill-facebook-opt-1-3b-chunk-256-sm-16,success,,,/mnt/data/dheeraj/dicertation/inference-profile/runs/revised-rerun-20260415-020401-g2-opt13b-c64-256/raw/points/prefill/prefill-facebook-opt-1-3b-chunk-256-sm-16.csv
facebook/opt-1.3b,256,gemm,out_proj,16,0,94.2080020904541,118657024,119705600,1048576,1048576,1024,2026-04-15T01:04:59Z,baseline_nvml_pt,nvidia-smi,ok,6.0,2538.0,1695.0,7601.0,71.12,2.0357120037078857,117.16015625,117.16015625,4.0,True,,86.0,57.00000000000001,75.0,estimated,,prefill-facebook-opt-1-3b-chunk-256-sm-16,success,,,/mnt/data/dheeraj/dicertation/inference-profile/runs/revised-rerun-20260415-020401-g2-opt13b-c64-256/raw/points/prefill/prefill-facebook-opt-1-3b-chunk-256-sm-16.csv
facebook/opt-1.3b,256,gemm,fc1,16,0,137.2160017490387,118657024,122851328,4194304,4194304,1024,2026-04-15T01:04:59Z,baseline_nvml_pt,nvidia-smi,ok,6.0,2538.0,1695.0,7601.0,71.12,2.0357120037078857,117.16015625,117.16015625,4.0,True,,86.0,57.00000000000001,75.0,estimated,,prefill-facebook-opt-1-3b-chunk-256-sm-16,success,,,/mnt/data/dheeraj/dicertation/inference-profile/runs/revised-rerun-20260415-020401-g2-opt13b-c64-256/raw/points/prefill/prefill-facebook-opt-1-3b-chunk-256-sm-16.csv
facebook/opt-1.3b,256,gemm,fc2,16,0,174.0799993276596,118657024,119705600,1048576,1048576,1024,2026-04-15T01:04:59Z,baseline_nvml_pt,nvidia-smi,ok,6.0,2538.0,1695.0,7601.0,71.12,2.0357120037078857,117.16015625,117.16015625,4.0,True,,86.0,57.00000000000001,75.0,estimated,,prefill-facebook-opt-1-3b-chunk-256-sm-16,success,,,/mnt/data/dheeraj/dicertation/inference-profile/runs/revised-rerun-20260415-020401-g2-opt13b-c64-256/raw/points/prefill/prefill-facebook-opt-1-3b-chunk-256-sm-16.csv
facebook/opt-1.3b,256,attention,attention,16,0,62.463998794555664,118657024,119739392,1082368,1048576,1024,2026-04-15T01:04:59Z,baseline_nvml_pt,nvidia-smi,ok,6.0,2538.0,1695.0,7601.0,71.12,2.0357120037078857,117.16015625,117.16015625,4.0,True,,86.0,57.00000000000001,75.0,estimated,,prefill-facebook-opt-1-3b-chunk-256-sm-16,success,,,/mnt/data/dheeraj/dicertation/inference-profile/runs/revised-rerun-20260415-020401-g2-opt13b-c64-256/raw/points/prefill/prefill-facebook-opt-1-3b-chunk-256-sm-16.csv
facebook/opt-1.3b,256,gemm,q_proj,16,1,89.9839997291565,118657024,119705600,1048576,1048576,1024,2026-04-15T01:04:59Z,baseline_nvml_pt,nvidia-smi,ok,6.0,2538.0,1695.0,7601.0,71.12,2.0357120037078857,117.16015625,117.16015625,4.0,True,,86.0,57.00000000000001,75.0,estimated,,prefill-facebook-opt-1-3b-chunk-256-sm-16,success,,,/mnt/data/dheeraj/dicertation/inference-profile/runs/revised-rerun-20260415-020401-g2-opt13b-c64-256/raw/points/prefill/prefill-facebook-opt-1-3b-chunk-256-sm-16.csv
facebook/opt-1.3b,256,gemm,k_proj,16,1,84.99199897050858,118657024,119705600,1048576,1048576,1024,2026-04-15T01:04:59Z,baseline_nvml_pt,nvidia-smi,ok,6.0,2538.0,1695.0,7601.0,71.12,2.0357120037078857,117.16015625,117.16015625,4.0,True,,86.0,57.00000000000001,75.0,estimated,,prefill-facebook-opt-1-3b-chunk-256-sm-16,success,,,/mnt/data/dheeraj/dicertation/inference-profile/runs/revised-rerun-20260415-020401-g2-opt13b-c64-256/raw/points/prefill/prefill-facebook-opt-1-3b-chunk-256-sm-16.csv
facebook/opt-1.3b,256,gemm,v_proj,16,1,84.89599823951721,118657024,119705600,1048576,1048576,1024,2026-04-15T01:04:59Z,baseline_nvml_pt,nvidia-smi,ok,6.0,2538.0,1695.0,7601.0,71.12,2.0357120037078857,117.16015625,117.16015625,4.0,True,,86.0,57.00000000000001,75.0,estimated,,prefill-facebook-opt-1-3b-chunk-256-sm-16,success,,,/mnt/data/dheeraj/dicertation/inference-profile/runs/revised-rerun-20260415-020401-g2-opt13b-c64-256/raw/points/prefill/prefill-facebook-opt-1-3b-chunk-256-sm-16.csv
facebook/opt-1.3b,256,gemm,out_proj,16,1,83.96799862384796,118657024,119705600,1048576,1048576,1024,2026-04-15T01:04:59Z,baseline_nvml_pt,nvidia-smi,ok,6.0,2538.0,1695.0,7601.0,71.12,2.0357120037078857,117.16015625,117.16015625,4.0,True,,86.0,57.00000000000001,75.0,estimated,,prefill-facebook-opt-1-3b-chunk-256-sm-16,success,,,/mnt/data/dheeraj/dicertation/inference-profile/runs/revised-rerun-20260415-020401-g2-opt13b-c64-256/raw/points/prefill/prefill-facebook-opt-1-3b-chunk-256-sm-16.csv
facebook/opt-1.3b,256,gemm,fc1,16,1,136.19199395179749,118657024,122851328,4194304,4194304,1024,2026-04-15T01:04:59Z,baseline_nvml_pt,nvidia-smi,ok,6.0,2538.0,1695.0,7601.0,71.12,2.0357120037078857,117.16015625,117.16015625,4.0,True,,86.0,57.00000000000001,75.0,estimated,,prefill-facebook-opt-1-3b-chunk-256-sm-16,success,,,/mnt/data/dheeraj/dicertation/inference-profile/runs/revised-rerun-20260415-020401-g2-opt13b-c64-256/raw/points/prefill/prefill-facebook-opt-1-3b-chunk-256-sm-16.csv
facebook/opt-1.3b,256,gemm,fc2,16,1,194.5600062608719,118657024,119705600,1048576,1048576,1024,2026-04-15T01:04:59Z,baseline_nvml_pt,nvidia-smi,ok,6.0,2538.0,1695.0,7601.0,71.12,2.0357120037078857,117.16015625,117.16015625,4.0,True,,86.0,57.00000000000001,75.0,estimated,,prefill-facebook-opt-1-3b-chunk-256-sm-16,success,,,/mnt/data/dheeraj/dicertation/inference-profile/runs/revised-rerun-20260415-020401-g2-opt13b-c64-256/raw/points/prefill/prefill-facebook-opt-1-3b-chunk-256-sm-16.csv
facebook/opt-1.3b,256,attention,attention,16,1,61.43999844789505,118657024,119739392,1082368,1048576,1024,2026-04-15T01:04:59Z,baseline_nvml_pt,nvidia-smi,ok,6.0,2538.0,1695.0,7601.0,71.12,2.0357120037078857,117.16015625,117.16015625,4.0,True,,86.0,57.00000000000001,75.0,estimated,,prefill-facebook-opt-1-3b-chunk-256-sm-16,success,,,/mnt/data/dheeraj/dicertation/inference-profile/runs/revised-rerun-20260415-020401-g2-opt13b-c64-256/raw/points/prefill/prefill-facebook-opt-1-3b-chunk-256-sm-16.csv
facebook/opt-1.3b,256,gemm,q_proj,16,2,87.87199854850769,118657024,119705600,1048576,1048576,1024,2026-04-15T01:04:59Z,baseline_nvml_pt,nvidia-smi,ok,6.0,2538.0,1695.0,7601.0,71.12,2.0357120037078857,117.16015625,117.16015625,4.0,True,,86.0,57.00000000000001,75.0,estimated,,prefill-facebook-opt-1-3b-chunk-256-sm-16,success,,,/mnt/data/dheeraj/dicertation/inference-profile/runs/revised-rerun-20260415-020401-g2-opt13b-c64-256/raw/points/prefill/prefill-facebook-opt-1-3b-chunk-256-sm-16.csv
facebook/opt-1.3b,256,gemm,k_proj,16,2,90.87999910116196,118657024,119705600,1048576,1048576,1024,2026-04-15T01:04:59Z,baseline_nvml_pt,nvidia-smi,ok,6.0,2538.0,1695.0,7601.0,71.12,2.0357120037078857,117.16015625,117.16015625,4.0,True,,86.0,57.00000000000001,75.0,estimated,,prefill-facebook-opt-1-3b-chunk-256-sm-16,success,,,/mnt/data/dheeraj/dicertation/inference-profile/runs/revised-rerun-20260415-020401-g2-opt13b-c64-256/raw/points/prefill/prefill-facebook-opt-1-3b-chunk-256-sm-16.csv
facebook/opt-1.3b,256,gemm,v_proj,16,2,100.2880036830902,118657024,119705600,1048576,1048576,1024,2026-04-15T01:04:59Z,baseline_nvml_pt,nvidia-smi,ok,6.0,2538.0,1695.0,7601.0,71.12,2.0357120037078857,117.16015625,117.16015625,4.0,True,,86.0,57.00000000000001,75.0,estimated,,prefill-facebook-opt-1-3b-chunk-256-sm-16,success,,,/mnt/data/dheeraj/dicertation/inference-profile/runs/revised-rerun-20260415-020401-g2-opt13b-c64-256/raw/points/prefill/prefill-facebook-opt-1-3b-chunk-256-sm-16.csv
facebook/opt-1.3b,256,gemm,out_proj,16,2,84.99199897050858,118657024,119705600,1048576,1048576,1024,2026-04-15T01:04:59Z,baseline_nvml_pt,nvidia-smi,ok,6.0,2538.0,1695.0,7601.0,71.12,2.0357120037078857,117.16015625,117.16015625,4.0,True,,86.0,57.00000000000001,75.0,estimated,,prefill-facebook-opt-1-3b-chunk-256-sm-16,success,,,/mnt/data/dheeraj/dicertation/inference-profile/runs/revised-rerun-20260415-020401-g2-opt13b-c64-256/raw/points/prefill/prefill-facebook-opt-1-3b-chunk-256-sm-16.csv
facebook/opt-1.3b,256,gemm,fc1,16,2,134.14399325847626,118657024,122851328,4194304,4194304,1024,2026-04-15T01:04:59Z,baseline_nvml_pt,nvidia-smi,ok,6.0,2538.0,1695.0,7601.0,71.12,2.0357120037078857,117.16015625,117.16015625,4.0,True,,86.0,57.00000000000001,75.0,estimated,,prefill-facebook-opt-1-3b-chunk-256-sm-16,success,,,/mnt/data/dheeraj/dicertation/inference-profile/runs/revised-rerun-20260415-020401-g2-opt13b-c64-256/raw/points/prefill/prefill-facebook-opt-1-3b-chunk-256-sm-16.csv
facebook/opt-1.3b,256,gemm,fc2,16,2,173.0560064315796,118657024,119705600,1048576,1048576,1024,2026-04-15T01:04:59Z,baseline_nvml_pt,nvidia-smi,ok,6.0,2538.0,1695.0,7601.0,71.12,2.0357120037078857,117.16015625,117.16015625,4.0,True,,86.0,57.00000000000001,75.0,estimated,,prefill-facebook-opt-1-3b-chunk-256-sm-16,success,,,/mnt/data/dheeraj/dicertation/inference-profile/runs/revised-rerun-20260415-020401-g2-opt13b-c64-256/raw/points/prefill/prefill-facebook-opt-1-3b-chunk-256-sm-16.csv
facebook/opt-1.3b,256,attention,attention,16,2,60.416001826524734,118657024,119739392,1082368,1048576,1024,2026-04-15T01:04:59Z,baseline_nvml_pt,nvidia-smi,ok,6.0,2538.0,1695.0,7601.0,71.12,2.0357120037078857,117.16015625,117.16015625,4.0,True,,86.0,57.00000000000001,75.0,estimated,,prefill-facebook-opt-1-3b-chunk-256-sm-16,success,,,/mnt/data/dheeraj/dicertation/inference-profile/runs/revised-rerun-20260415-020401-g2-opt13b-c64-256/raw/points/prefill/prefill-facebook-opt-1-3b-chunk-256-sm-16.csv
facebook/opt-1.3b,256,gemm,q_proj,16,3,87.0399996638298,118657024,119705600,1048576,1048576,1024,2026-04-15T01:04:59Z,baseline_nvml_pt,nvidia-smi,ok,6.0,2538.0,1695.0,7601.0,71.12,2.0357120037078857,117.16015625,117.16015625,4.0,True,,86.0,57.00000000000001,75.0,estimated,,prefill-facebook-opt-1-3b-chunk-256-sm-16,success,,,/mnt/data/dheeraj/dicertation/inference-profile/runs/revised-rerun-20260415-020401-g2-opt13b-c64-256/raw/points/prefill/prefill-facebook-opt-1-3b-chunk-256-sm-16.csv
facebook/opt-1.3b,256,gemm,k_proj,16,3,83.96799862384796,118657024,119705600,1048576,1048576,1024,2026-04-15T01:04:59Z,baseline_nvml_pt,nvidia-smi,ok,6.0,2538.0,1695.0,7601.0,71.12,2.0357120037078857,117.16015625,117.16015625,4.0,True,,86.0,57.00000000000001,75.0,estimated,,prefill-facebook-opt-1-3b-chunk-256-sm-16,success,,,/mnt/data/dheeraj/dicertation/inference-profile/runs/revised-rerun-20260415-020401-g2-opt13b-c64-256/raw/points/prefill/prefill-facebook-opt-1-3b-chunk-256-sm-16.csv
facebook/opt-1.3b,256,gemm,v_proj,16,3,85.75999736785889,118657024,119705600,1048576,1048576,1024,2026-04-15T01:04:59Z,baseline_nvml_pt,nvidia-smi,ok,6.0,2538.0,1695.0,7601.0,71.12,2.0357120037078857,117.16015625,117.16015625,4.0,True,,86.0,57.00000000000001,75.0,estimated,,prefill-facebook-opt-1-3b-chunk-256-sm-16,success,,,/mnt/data/dheeraj/dicertation/inference-profile/runs/revised-rerun-20260415-020401-g2-opt13b-c64-256/raw/points/prefill/prefill-facebook-opt-1-3b-chunk-256-sm-16.csv
facebook/opt-1.3b,256,gemm,out_proj,16,3,83.96799862384796,118657024,119705600,1048576,1048576,1024,2026-04-15T01:04:59Z,baseline_nvml_pt,nvidia-smi,ok,6.0,2538.0,1695.0,7601.0,71.12,2.0357120037078857,117.16015625,117.16015625,4.0,True,,86.0,57.00000000000001,75.0,estimated,,prefill-facebook-opt-1-3b-chunk-256-sm-16,success,,,/mnt/data/dheeraj/dicertation/inference-profile/runs/revised-rerun-20260415-020401-g2-opt13b-c64-256/raw/points/prefill/prefill-facebook-opt-1-3b-chunk-256-sm-16.csv
facebook/opt-1.3b,256,gemm,fc1,16,3,142.04800128936768,118657024,122851328,4194304,4194304,1024,2026-04-15T01:04:59Z,baseline_nvml_pt,nvidia-smi,ok,6.0,2538.0,1695.0,7601.0,71.12,2.0357120037078857,117.16015625,117.16015625,4.0,True,,86.0,57.00000000000001,75.0,estimated,,prefill-facebook-opt-1-3b-chunk-256-sm-16,success,,,/mnt/data/dheeraj/dicertation/inference-profile/runs/revised-rerun-20260415-020401-g2-opt13b-c64-256/raw/points/prefill/prefill-facebook-opt-1-3b-chunk-256-sm-16.csv
facebook/opt-1.3b,256,gemm,fc2,16,3,174.81599748134613,118657024,119705600,1048576,1048576,1024,2026-04-15T01:04:59Z,baseline_nvml_pt,nvidia-smi,ok,6.0,2538.0,1695.0,7601.0,71.12,2.0357120037078857,117.16015625,117.16015625,4.0,True,,86.0,57.00000000000001,75.0,estimated,,prefill-facebook-opt-1-3b-chunk-256-sm-16,success,,,/mnt/data/dheeraj/dicertation/inference-profile/runs/revised-rerun-20260415-020401-g2-opt13b-c64-256/raw/points/prefill/prefill-facebook-opt-1-3b-chunk-256-sm-16.csv
facebook/opt-1.3b,256,attention,attention,16,3,57.34400078654289,118657024,119739392,1082368,1048576,1024,2026-04-15T01:04:59Z,baseline_nvml_pt,nvidia-smi,ok,6.0,2538.0,1695.0,7601.0,71.12,2.0357120037078857,117.16015625,117.16015625,4.0,True,,86.0,57.00000000000001,75.0,estimated,,prefill-facebook-opt-1-3b-chunk-256-sm-16,success,,,/mnt/data/dheeraj/dicertation/inference-profile/runs/revised-rerun-20260415-020401-g2-opt13b-c64-256/raw/points/prefill/prefill-facebook-opt-1-3b-chunk-256-sm-16.csv
facebook/opt-1.3b,256,gemm,q_proj,16,4,93.18400174379347,118657024,119705600,1048576,1048576,1024,2026-04-15T01:04:59Z,baseline_nvml_pt,nvidia-smi,ok,6.0,2538.0,1695.0,7601.0,71.12,2.0357120037078857,117.16015625,117.16015625,4.0,True,,86.0,57.00000000000001,75.0,estimated,,prefill-facebook-opt-1-3b-chunk-256-sm-16,success,,,/mnt/data/dheeraj/dicertation/inference-profile/runs/revised-rerun-20260415-020401-g2-opt13b-c64-256/raw/points/prefill/prefill-facebook-opt-1-3b-chunk-256-sm-16.csv
facebook/opt-1.3b,256,gemm,k_proj,16,4,83.96799862384796,118657024,119705600,1048576,1048576,1024,2026-04-15T01:04:59Z,baseline_nvml_pt,nvidia-smi,ok,6.0,2538.0,1695.0,7601.0,71.12,2.0357120037078857,117.16015625,117.16015625,4.0,True,,86.0,57.00000000000001,75.0,estimated,,prefill-facebook-opt-1-3b-chunk-256-sm-16,success,,,/mnt/data/dheeraj/dicertation/inference-profile/runs/revised-rerun-20260415-020401-g2-opt13b-c64-256/raw/points/prefill/prefill-facebook-opt-1-3b-chunk-256-sm-16.csv
facebook/opt-1.3b,256,gemm,v_proj,16,4,82.94399827718735,118657024,119705600,1048576,1048576,1024,2026-04-15T01:04:59Z,baseline_nvml_pt,nvidia-smi,ok,6.0,2538.0,1695.0,7601.0,71.12,2.0357120037078857,117.16015625,117.16015625,4.0,True,,86.0,57.00000000000001,75.0,estimated,,prefill-facebook-opt-1-3b-chunk-256-sm-16,success,,,/mnt/data/dheeraj/dicertation/inference-profile/runs/revised-rerun-20260415-020401-g2-opt13b-c64-256/raw/points/prefill/prefill-facebook-opt-1-3b-chunk-256-sm-16.csv
facebook/opt-1.3b,256,gemm,out_proj,16,4,81.91999793052673,118657024,119705600,1048576,1048576,1024,2026-04-15T01:04:59Z,baseline_nvml_pt,nvidia-smi,ok,6.0,2538.0,1695.0,7601.0,71.12,2.0357120037078857,117.16015625,117.16015625,4.0,True,,86.0,57.00000000000001,75.0,estimated,,prefill-facebook-opt-1-3b-chunk-256-sm-16,success,,,/mnt/data/dheeraj/dicertation/inference-profile/runs/revised-rerun-20260415-020401-g2-opt13b-c64-256/raw/points/prefill/prefill-facebook-opt-1-3b-chunk-256-sm-16.csv
facebook/opt-1.3b,256,gemm,fc1,16,4,134.14399325847626,118657024,122851328,4194304,4194304,1024,2026-04-15T01:04:59Z,baseline_nvml_pt,nvidia-smi,ok,6.0,2538.0,1695.0,7601.0,71.12,2.0357120037078857,117.16015625,117.16015625,4.0,True,,86.0,57.00000000000001,75.0,estimated,,prefill-facebook-opt-1-3b-chunk-256-sm-16,success,,,/mnt/data/dheeraj/dicertation/inference-profile/runs/revised-rerun-20260415-020401-g2-opt13b-c64-256/raw/points/prefill/prefill-facebook-opt-1-3b-chunk-256-sm-16.csv
facebook/opt-1.3b,256,gemm,fc2,16,4,173.0560064315796,118657024,119705600,1048576,1048576,1024,2026-04-15T01:04:59Z,baseline_nvml_pt,nvidia-smi,ok,6.0,2538.0,1695.0,7601.0,71.12,2.0357120037078857,117.16015625,117.16015625,4.0,True,,86.0,57.00000000000001,75.0,estimated,,prefill-facebook-opt-1-3b-chunk-256-sm-16,success,,,/mnt/data/dheeraj/dicertation/inference-profile/runs/revised-rerun-20260415-020401-g2-opt13b-c64-256/raw/points/prefill/prefill-facebook-opt-1-3b-chunk-256-sm-16.csv
facebook/opt-1.3b,256,attention,attention,16,4,56.32000043988228,118657024,119739392,1082368,1048576,1024,2026-04-15T01:04:59Z,baseline_nvml_pt,nvidia-smi,ok,6.0,2538.0,1695.0,7601.0,71.12,2.0357120037078857,117.16015625,117.16015625,4.0,True,,86.0,57.00000000000001,75.0,estimated,,prefill-facebook-opt-1-3b-chunk-256-sm-16,success,,,/mnt/data/dheeraj/dicertation/inference-profile/runs/revised-rerun-20260415-020401-g2-opt13b-c64-256/raw/points/prefill/prefill-facebook-opt-1-3b-chunk-256-sm-16.csv
facebook/opt-1.3b,256,gemm,q_proj,24,0,96.25600278377532,118657024,119705600,1048576,1048576,1024,2026-04-15T01:05:04Z,baseline_nvml_pt,nvidia-smi,ok,3.0,2538.0,1695.0,7601.0,71.0,0.2006399929523468,117.16015625,117.16015625,4.0,True,,93.0,51.5,82.5,estimated,,prefill-facebook-opt-1-3b-chunk-256-sm-24,success,,,/mnt/data/dheeraj/dicertation/inference-profile/runs/revised-rerun-20260415-020401-g2-opt13b-c64-256/raw/points/prefill/prefill-facebook-opt-1-3b-chunk-256-sm-24.csv
facebook/opt-1.3b,256,gemm,k_proj,24,0,94.2080020904541,118657024,119705600,1048576,1048576,1024,2026-04-15T01:05:04Z,baseline_nvml_pt,nvidia-smi,ok,3.0,2538.0,1695.0,7601.0,71.0,0.2006399929523468,117.16015625,117.16015625,4.0,True,,93.0,51.5,82.5,estimated,,prefill-facebook-opt-1-3b-chunk-256-sm-24,success,,,/mnt/data/dheeraj/dicertation/inference-profile/runs/revised-rerun-20260415-020401-g2-opt13b-c64-256/raw/points/prefill/prefill-facebook-opt-1-3b-chunk-256-sm-24.csv
facebook/opt-1.3b,256,gemm,v_proj,24,0,87.0399996638298,118657024,119705600,1048576,1048576,1024,2026-04-15T01:05:04Z,baseline_nvml_pt,nvidia-smi,ok,3.0,2538.0,1695.0,7601.0,71.0,0.2006399929523468,117.16015625,117.16015625,4.0,True,,93.0,51.5,82.5,estimated,,prefill-facebook-opt-1-3b-chunk-256-sm-24,success,,,/mnt/data/dheeraj/dicertation/inference-profile/runs/revised-rerun-20260415-020401-g2-opt13b-c64-256/raw/points/prefill/prefill-facebook-opt-1-3b-chunk-256-sm-24.csv
facebook/opt-1.3b,256,gemm,out_proj,24,0,87.0399996638298,118657024,119705600,1048576,1048576,1024,2026-04-15T01:05:04Z,baseline_nvml_pt,nvidia-smi,ok,3.0,2538.0,1695.0,7601.0,71.0,0.2006399929523468,117.16015625,117.16015625,4.0,True,,93.0,51.5,82.5,estimated,,prefill-facebook-opt-1-3b-chunk-256-sm-24,success,,,/mnt/data/dheeraj/dicertation/inference-profile/runs/revised-rerun-20260415-020401-g2-opt13b-c64-256/raw/points/prefill/prefill-facebook-opt-1-3b-chunk-256-sm-24.csv
facebook/opt-1.3b,256,gemm,fc1,24,0,140.47999680042267,118657024,122851328,4194304,4194304,1024,2026-04-15T01:05:04Z,baseline_nvml_pt,nvidia-smi,ok,3.0,2538.0,1695.0,7601.0,71.0,0.2006399929523468,117.16015625,117.16015625,4.0,True,,93.0,51.5,82.5,estimated,,prefill-facebook-opt-1-3b-chunk-256-sm-24,success,,,/mnt/data/dheeraj/dicertation/inference-profile/runs/revised-rerun-20260415-020401-g2-opt13b-c64-256/raw/points/prefill/prefill-facebook-opt-1-3b-chunk-256-sm-24.csv
facebook/opt-1.3b,256,gemm,fc2,24,0,176.12800002098083,118657024,119705600,1048576,1048576,1024,2026-04-15T01:05:04Z,baseline_nvml_pt,nvidia-smi,ok,3.0,2538.0,1695.0,7601.0,71.0,0.2006399929523468,117.16015625,117.16015625,4.0,True,,93.0,51.5,82.5,estimated,,prefill-facebook-opt-1-3b-chunk-256-sm-24,success,,,/mnt/data/dheeraj/dicertation/inference-profile/runs/revised-rerun-20260415-020401-g2-opt13b-c64-256/raw/points/prefill/prefill-facebook-opt-1-3b-chunk-256-sm-24.csv
facebook/opt-1.3b,256,attention,attention,24,0,66.49599969387054,118657024,119739392,1082368,1048576,1024,2026-04-15T01:05:04Z,baseline_nvml_pt,nvidia-smi,ok,3.0,2538.0,1695.0,7601.0,71.0,0.2006399929523468,117.16015625,117.16015625,4.0,True,,93.0,51.5,82.5,estimated,,prefill-facebook-opt-1-3b-chunk-256-sm-24,success,,,/mnt/data/dheeraj/dicertation/inference-profile/runs/revised-rerun-20260415-020401-g2-opt13b-c64-256/raw/points/prefill/prefill-facebook-opt-1-3b-chunk-256-sm-24.csv
facebook/opt-1.3b,256,gemm,q_proj,24,1,88.06400001049042,118657024,119705600,1048576,1048576,1024,2026-04-15T01:05:04Z,baseline_nvml_pt,nvidia-smi,ok,3.0,2538.0,1695.0,7601.0,71.0,0.2006399929523468,117.16015625,117.16015625,4.0,True,,93.0,51.5,82.5,estimated,,prefill-facebook-opt-1-3b-chunk-256-sm-24,success,,,/mnt/data/dheeraj/dicertation/inference-profile/runs/revised-rerun-20260415-020401-g2-opt13b-c64-256/raw/points/prefill/prefill-facebook-opt-1-3b-chunk-256-sm-24.csv
facebook/opt-1.3b,256,gemm,k_proj,24,1,86.01599931716919,118657024,119705600,1048576,1048576,1024,2026-04-15T01:05:04Z,baseline_nvml_pt,nvidia-smi,ok,3.0,2538.0,1695.0,7601.0,71.0,0.2006399929523468,117.16015625,117.16015625,4.0,True,,93.0,51.5,82.5,estimated,,prefill-facebook-opt-1-3b-chunk-256-sm-24,success,,,/mnt/data/dheeraj/dicertation/inference-profile/runs/revised-rerun-20260415-020401-g2-opt13b-c64-256/raw/points/prefill/prefill-facebook-opt-1-3b-chunk-256-sm-24.csv
facebook/opt-1.3b,256,gemm,v_proj,24,1,85.11999994516373,118657024,119705600,1048576,1048576,1024,2026-04-15T01:05:04Z,baseline_nvml_pt,nvidia-smi,ok,3.0,2538.0,1695.0,7601.0,71.0,0.2006399929523468,117.16015625,117.16015625,4.0,True,,93.0,51.5,82.5,estimated,,prefill-facebook-opt-1-3b-chunk-256-sm-24,success,,,/mnt/data/dheeraj/dicertation/inference-profile/runs/revised-rerun-20260415-020401-g2-opt13b-c64-256/raw/points/prefill/prefill-facebook-opt-1-3b-chunk-256-sm-24.csv
facebook/opt-1.3b,256,gemm,out_proj,24,1,84.99199897050858,118657024,119705600,1048576,1048576,1024,2026-04-15T01:05:04Z,baseline_nvml_pt,nvidia-smi,ok,3.0,2538.0,1695.0,7601.0,71.0,0.2006399929523468,117.16015625,117.16015625,4.0,True,,93.0,51.5,82.5,estimated,,prefill-facebook-opt-1-3b-chunk-256-sm-24,success,,,/mnt/data/dheeraj/dicertation/inference-profile/runs/revised-rerun-20260415-020401-g2-opt13b-c64-256/raw/points/prefill/prefill-facebook-opt-1-3b-chunk-256-sm-24.csv
facebook/opt-1.3b,256,gemm,fc1,24,1,134.14399325847626,118657024,122851328,4194304,4194304,1024,2026-04-15T01:05:04Z,baseline_nvml_pt,nvidia-smi,ok,3.0,2538.0,1695.0,7601.0,71.0,0.2006399929523468,117.16015625,117.16015625,4.0,True,,93.0,51.5,82.5,estimated,,prefill-facebook-opt-1-3b-chunk-256-sm-24,success,,,/mnt/data/dheeraj/dicertation/inference-profile/runs/revised-rerun-20260415-020401-g2-opt13b-c64-256/raw/points/prefill/prefill-facebook-opt-1-3b-chunk-256-sm-24.csv
facebook/opt-1.3b,256,gemm,fc2,24,1,200.6399929523468,118657024,119705600,1048576,1048576,1024,2026-04-15T01:05:04Z,baseline_nvml_pt,nvidia-smi,ok,3.0,2538.0,1695.0,7601.0,71.0,0.2006399929523468,117.16015625,117.16015625,4.0,True,,93.0,51.5,82.5,estimated,,prefill-facebook-opt-1-3b-chunk-256-sm-24,success,,,/mnt/data/dheeraj/dicertation/inference-profile/runs/revised-rerun-20260415-020401-g2-opt13b-c64-256/raw/points/prefill/prefill-facebook-opt-1-3b-chunk-256-sm-24.csv
facebook/opt-1.3b,256,attention,attention,24,1,63.48799914121628,118657024,119739392,1082368,1048576,1024,2026-04-15T01:05:04Z,baseline_nvml_pt,nvidia-smi,ok,3.0,2538.0,1695.0,7601.0,71.0,0.2006399929523468,117.16015625,117.16015625,4.0,True,,93.0,51.5,82.5,estimated,,prefill-facebook-opt-1-3b-chunk-256-sm-24,success,,,/mnt/data/dheeraj/dicertation/inference-profile/runs/revised-rerun-20260415-020401-g2-opt13b-c64-256/raw/points/prefill/prefill-facebook-opt-1-3b-chunk-256-sm-24.csv
facebook/opt-1.3b,256,gemm,q_proj,24,2,89.08800035715103,118657024,119705600,1048576,1048576,1024,2026-04-15T01:05:04Z,baseline_nvml_pt,nvidia-smi,ok,3.0,2538.0,1695.0,7601.0,71.0,0.2006399929523468,117.16015625,117.16015625,4.0,True,,93.0,51.5,82.5,estimated,,prefill-facebook-opt-1-3b-chunk-256-sm-24,success,,,/mnt/data/dheeraj/dicertation/inference-profile/runs/revised-rerun-20260415-020401-g2-opt13b-c64-256/raw/points/prefill/prefill-facebook-opt-1-3b-chunk-256-sm-24.csv
facebook/opt-1.3b,256,gemm,k_proj,24,2,91.13600105047226,118657024,119705600,1048576,1048576,1024,2026-04-15T01:05:04Z,baseline_nvml_pt,nvidia-smi,ok,3.0,2538.0,1695.0,7601.0,71.0,0.2006399929523468,117.16015625,117.16015625,4.0,True,,93.0,51.5,82.5,estimated,,prefill-facebook-opt-1-3b-chunk-256-sm-24,success,,,/mnt/data/dheeraj/dicertation/inference-profile/runs/revised-rerun-20260415-020401-g2-opt13b-c64-256/raw/points/prefill/prefill-facebook-opt-1-3b-chunk-256-sm-24.csv
facebook/opt-1.3b,256,gemm,v_proj,24,2,94.2080020904541,118657024,119705600,1048576,1048576,1024,2026-04-15T01:05:04Z,baseline_nvml_pt,nvidia-smi,ok,3.0,2538.0,1695.0,7601.0,71.0,0.2006399929523468,117.16015625,117.16015625,4.0,True,,93.0,51.5,82.5,estimated,,prefill-facebook-opt-1-3b-chunk-256-sm-24,success,,,/mnt/data/dheeraj/dicertation/inference-profile/runs/revised-rerun-20260415-020401-g2-opt13b-c64-256/raw/points/prefill/prefill-facebook-opt-1-3b-chunk-256-sm-24.csv
facebook/opt-1.3b,256,gemm,out_proj,24,2,84.86399799585342,118657024,119705600,1048576,1048576,1024,2026-04-15T01:05:04Z,baseline_nvml_pt,nvidia-smi,ok,3.0,2538.0,1695.0,7601.0,71.0,0.2006399929523468,117.16015625,117.16015625,4.0,True,,93.0,51.5,82.5,estimated,,prefill-facebook-opt-1-3b-chunk-256-sm-24,success,,,/mnt/data/dheeraj/dicertation/inference-profile/runs/revised-rerun-20260415-020401-g2-opt13b-c64-256/raw/points/prefill/prefill-facebook-opt-1-3b-chunk-256-sm-24.csv
facebook/opt-1.3b,256,gemm,fc1,24,2,136.19199395179749,118657024,122851328,4194304,4194304,1024,2026-04-15T01:05:04Z,baseline_nvml_pt,nvidia-smi,ok,3.0,2538.0,1695.0,7601.0,71.0,0.2006399929523468,117.16015625,117.16015625,4.0,True,,93.0,51.5,82.5,estimated,,prefill-facebook-opt-1-3b-chunk-256-sm-24,success,,,/mnt/data/dheeraj/dicertation/inference-profile/runs/revised-rerun-20260415-020401-g2-opt13b-c64-256/raw/points/prefill/prefill-facebook-opt-1-3b-chunk-256-sm-24.csv
facebook/opt-1.3b,256,gemm,fc2,24,2,174.0799993276596,118657024,119705600,1048576,1048576,1024,2026-04-15T01:05:04Z,baseline_nvml_pt,nvidia-smi,ok,3.0,2538.0,1695.0,7601.0,71.0,0.2006399929523468,117.16015625,117.16015625,4.0,True,,93.0,51.5,82.5,estimated,,prefill-facebook-opt-1-3b-chunk-256-sm-24,success,,,/mnt/data/dheeraj/dicertation/inference-profile/runs/revised-rerun-20260415-020401-g2-opt13b-c64-256/raw/points/prefill/prefill-facebook-opt-1-3b-chunk-256-sm-24.csv
facebook/opt-1.3b,256,attention,attention,24,2,63.48799914121628,118657024,119739392,1082368,1048576,1024,2026-04-15T01:05:04Z,baseline_nvml_pt,nvidia-smi,ok,3.0,2538.0,1695.0,7601.0,71.0,0.2006399929523468,117.16015625,117.16015625,4.0,True,,93.0,51.5,82.5,estimated,,prefill-facebook-opt-1-3b-chunk-256-sm-24,success,,,/mnt/data/dheeraj/dicertation/inference-profile/runs/revised-rerun-20260415-020401-g2-opt13b-c64-256/raw/points/prefill/prefill-facebook-opt-1-3b-chunk-256-sm-24.csv
facebook/opt-1.3b,256,gemm,q_proj,24,3,87.0399996638298,118657024,119705600,1048576,1048576,1024,2026-04-15T01:05:04Z,baseline_nvml_pt,nvidia-smi,ok,3.0,2538.0,1695.0,7601.0,71.0,0.2006399929523468,117.16015625,117.16015625,4.0,True,,93.0,51.5,82.5,estimated,,prefill-facebook-opt-1-3b-chunk-256-sm-24,success,,,/mnt/data/dheeraj/dicertation/inference-profile/runs/revised-rerun-20260415-020401-g2-opt13b-c64-256/raw/points/prefill/prefill-facebook-opt-1-3b-chunk-256-sm-24.csv
facebook/opt-1.3b,256,gemm,k_proj,24,3,84.99199897050858,118657024,119705600,1048576,1048576,1024,2026-04-15T01:05:04Z,baseline_nvml_pt,nvidia-smi,ok,3.0,2538.0,1695.0,7601.0,71.0,0.2006399929523468,117.16015625,117.16015625,4.0,True,,93.0,51.5,82.5,estimated,,prefill-facebook-opt-1-3b-chunk-256-sm-24,success,,,/mnt/data/dheeraj/dicertation/inference-profile/runs/revised-rerun-20260415-020401-g2-opt13b-c64-256/raw/points/prefill/prefill-facebook-opt-1-3b-chunk-256-sm-24.csv
facebook/opt-1.3b,256,gemm,v_proj,24,3,86.01599931716919,118657024,119705600,1048576,1048576,1024,2026-04-15T01:05:04Z,baseline_nvml_pt,nvidia-smi,ok,3.0,2538.0,1695.0,7601.0,71.0,0.2006399929523468,117.16015625,117.16015625,4.0,True,,93.0,51.5,82.5,estimated,,prefill-facebook-opt-1-3b-chunk-256-sm-24,success,,,/mnt/data/dheeraj/dicertation/inference-profile/runs/revised-rerun-20260415-020401-g2-opt13b-c64-256/raw/points/prefill/prefill-facebook-opt-1-3b-chunk-256-sm-24.csv
facebook/opt-1.3b,256,gemm,out_proj,24,3,84.99199897050858,118657024,119705600,1048576,1048576,1024,2026-04-15T01:05:04Z,baseline_nvml_pt,nvidia-smi,ok,3.0,2538.0,1695.0,7601.0,71.0,0.2006399929523468,117.16015625,117.16015625,4.0,True,,93.0,51.5,82.5,estimated,,prefill-facebook-opt-1-3b-chunk-256-sm-24,success,,,/mnt/data/dheeraj/dicertation/inference-profile/runs/revised-rerun-20260415-020401-g2-opt13b-c64-256/raw/points/prefill/prefill-facebook-opt-1-3b-chunk-256-sm-24.csv
facebook/opt-1.3b,256,gemm,fc1,24,3,135.16800105571747,118657024,122851328,4194304,4194304,1024,2026-04-15T01:05:04Z,baseline_nvml_pt,nvidia-smi,ok,3.0,2538.0,1695.0,7601.0,71.0,0.2006399929523468,117.16015625,117.16015625,4.0,True,,93.0,51.5,82.5,estimated,,prefill-facebook-opt-1-3b-chunk-256-sm-24,success,,,/mnt/data/dheeraj/dicertation/inference-profile/runs/revised-rerun-20260415-020401-g2-opt13b-c64-256/raw/points/prefill/prefill-facebook-opt-1-3b-chunk-256-sm-24.csv
facebook/opt-1.3b,256,gemm,fc2,24,3,173.8560050725937,118657024,119705600,1048576,1048576,1024,2026-04-15T01:05:04Z,baseline_nvml_pt,nvidia-smi,ok,3.0,2538.0,1695.0,7601.0,71.0,0.2006399929523468,117.16015625,117.16015625,4.0,True,,93.0,51.5,82.5,estimated,,prefill-facebook-opt-1-3b-chunk-256-sm-24,success,,,/mnt/data/dheeraj/dicertation/inference-profile/runs/revised-rerun-20260415-020401-g2-opt13b-c64-256/raw/points/prefill/prefill-facebook-opt-1-3b-chunk-256-sm-24.csv
facebook/opt-1.3b,256,attention,attention,24,3,58.36800113320351,118657024,119739392,1082368,1048576,1024,2026-04-15T01:05:04Z,baseline_nvml_pt,nvidia-smi,ok,3.0,2538.0,1695.0,7601.0,71.0,0.2006399929523468,117.16015625,117.16015625,4.0,True,,93.0,51.5,82.5,estimated,,prefill-facebook-opt-1-3b-chunk-256-sm-24,success,,,/mnt/data/dheeraj/dicertation/inference-profile/runs/revised-rerun-20260415-020401-g2-opt13b-c64-256/raw/points/prefill/prefill-facebook-opt-1-3b-chunk-256-sm-24.csv
facebook/opt-1.3b,256,gemm,q_proj,24,4,87.16800063848495,118657024,119705600,1048576,1048576,1024,2026-04-15T01:05:04Z,baseline_nvml_pt,nvidia-smi,ok,3.0,2538.0,1695.0,7601.0,71.0,0.2006399929523468,117.16015625,117.16015625,4.0,True,,93.0,51.5,82.5,estimated,,prefill-facebook-opt-1-3b-chunk-256-sm-24,success,,,/mnt/data/dheeraj/dicertation/inference-profile/runs/revised-rerun-20260415-020401-g2-opt13b-c64-256/raw/points/prefill/prefill-facebook-opt-1-3b-chunk-256-sm-24.csv
facebook/opt-1.3b,256,gemm,k_proj,24,4,83.96799862384796,118657024,119705600,1048576,1048576,1024,2026-04-15T01:05:04Z,baseline_nvml_pt,nvidia-smi,ok,3.0,2538.0,1695.0,7601.0,71.0,0.2006399929523468,117.16015625,117.16015625,4.0,True,,93.0,51.5,82.5,estimated,,prefill-facebook-opt-1-3b-chunk-256-sm-24,success,,,/mnt/data/dheeraj/dicertation/inference-profile/runs/revised-rerun-20260415-020401-g2-opt13b-c64-256/raw/points/prefill/prefill-facebook-opt-1-3b-chunk-256-sm-24.csv
facebook/opt-1.3b,256,gemm,v_proj,24,4,82.94399827718735,118657024,119705600,1048576,1048576,1024,2026-04-15T01:05:04Z,baseline_nvml_pt,nvidia-smi,ok,3.0,2538.0,1695.0,7601.0,71.0,0.2006399929523468,117.16015625,117.16015625,4.0,True,,93.0,51.5,82.5,estimated,,prefill-facebook-opt-1-3b-chunk-256-sm-24,success,,,/mnt/data/dheeraj/dicertation/inference-profile/runs/revised-rerun-20260415-020401-g2-opt13b-c64-256/raw/points/prefill/prefill-facebook-opt-1-3b-chunk-256-sm-24.csv
facebook/opt-1.3b,256,gemm,out_proj,24,4,92.12800115346909,118657024,119705600,1048576,1048576,1024,2026-04-15T01:05:04Z,baseline_nvml_pt,nvidia-smi,ok,3.0,2538.0,1695.0,7601.0,71.0,0.2006399929523468,117.16015625,117.16015625,4.0,True,,93.0,51.5,82.5,estimated,,prefill-facebook-opt-1-3b-chunk-256-sm-24,success,,,/mnt/data/dheeraj/dicertation/inference-profile/runs/revised-rerun-20260415-020401-g2-opt13b-c64-256/raw/points/prefill/prefill-facebook-opt-1-3b-chunk-256-sm-24.csv
facebook/opt-1.3b,256,gemm,fc1,24,4,133.12000036239624,118657024,122851328,4194304,4194304,1024,2026-04-15T01:05:04Z,baseline_nvml_pt,nvidia-smi,ok,3.0,2538.0,1695.0,7601.0,71.0,0.2006399929523468,117.16015625,117.16015625,4.0,True,,93.0,51.5,82.5,estimated,,prefill-facebook-opt-1-3b-chunk-256-sm-24,success,,,/mnt/data/dheeraj/dicertation/inference-profile/runs/revised-rerun-20260415-020401-g2-opt13b-c64-256/raw/points/prefill/prefill-facebook-opt-1-3b-chunk-256-sm-24.csv
facebook/opt-1.3b,256,gemm,fc2,24,4,172.2559928894043,118657024,119705600,1048576,1048576,1024,2026-04-15T01:05:04Z,baseline_nvml_pt,nvidia-smi,ok,3.0,2538.0,1695.0,7601.0,71.0,0.2006399929523468,117.16015625,117.16015625,4.0,True,,93.0,51.5,82.5,estimated,,prefill-facebook-opt-1-3b-chunk-256-sm-24,success,,,/mnt/data/dheeraj/dicertation/inference-profile/runs/revised-rerun-20260415-020401-g2-opt13b-c64-256/raw/points/prefill/prefill-facebook-opt-1-3b-chunk-256-sm-24.csv
facebook/opt-1.3b,256,attention,attention,24,4,59.39200147986412,118657024,119739392,1082368,1048576,1024,2026-04-15T01:05:04Z,baseline_nvml_pt,nvidia-smi,ok,3.0,2538.0,1695.0,7601.0,71.0,0.2006399929523468,117.16015625,117.16015625,4.0,True,,93.0,51.5,82.5,estimated,,prefill-facebook-opt-1-3b-chunk-256-sm-24,success,,,/mnt/data/dheeraj/dicertation/inference-profile/runs/revised-rerun-20260415-020401-g2-opt13b-c64-256/raw/points/prefill/prefill-facebook-opt-1-3b-chunk-256-sm-24.csv
facebook/opt-1.3b,256,gemm,q_proj,32,0,114.68800157308578,118657024,119705600,1048576,1048576,1024,2026-04-15T01:05:09Z,baseline_nvml_pt,nvidia-smi,ok,1.0,2538.0,1695.0,7601.0,70.98,0.1789119988679886,117.16015625,117.16015625,4.0,True,,100.0,46.0,89.99999999999999,estimated,,prefill-facebook-opt-1-3b-chunk-256-sm-32,success,,,/mnt/data/dheeraj/dicertation/inference-profile/runs/revised-rerun-20260415-020401-g2-opt13b-c64-256/raw/points/prefill/prefill-facebook-opt-1-3b-chunk-256-sm-32.csv
facebook/opt-1.3b,256,gemm,k_proj,32,0,93.18400174379347,118657024,119705600,1048576,1048576,1024,2026-04-15T01:05:09Z,baseline_nvml_pt,nvidia-smi,ok,1.0,2538.0,1695.0,7601.0,70.98,0.1789119988679886,117.16015625,117.16015625,4.0,True,,100.0,46.0,89.99999999999999,estimated,,prefill-facebook-opt-1-3b-chunk-256-sm-32,success,,,/mnt/data/dheeraj/dicertation/inference-profile/runs/revised-rerun-20260415-020401-g2-opt13b-c64-256/raw/points/prefill/prefill-facebook-opt-1-3b-chunk-256-sm-32.csv
facebook/opt-1.3b,256,gemm,v_proj,32,0,85.82399785518646,118657024,119705600,1048576,1048576,1024,2026-04-15T01:05:09Z,baseline_nvml_pt,nvidia-smi,ok,1.0,2538.0,1695.0,7601.0,70.98,0.1789119988679886,117.16015625,117.16015625,4.0,True,,100.0,46.0,89.99999999999999,estimated,,prefill-facebook-opt-1-3b-chunk-256-sm-32,success,,,/mnt/data/dheeraj/dicertation/inference-profile/runs/revised-rerun-20260415-020401-g2-opt13b-c64-256/raw/points/prefill/prefill-facebook-opt-1-3b-chunk-256-sm-32.csv
facebook/opt-1.3b,256,gemm,out_proj,32,0,84.99199897050858,118657024,119705600,1048576,1048576,1024,2026-04-15T01:05:09Z,baseline_nvml_pt,nvidia-smi,ok,1.0,2538.0,1695.0,7601.0,70.98,0.1789119988679886,117.16015625,117.16015625,4.0,True,,100.0,46.0,89.99999999999999,estimated,,prefill-facebook-opt-1-3b-chunk-256-sm-32,success,,,/mnt/data/dheeraj/dicertation/inference-profile/runs/revised-rerun-20260415-020401-g2-opt13b-c64-256/raw/points/prefill/prefill-facebook-opt-1-3b-chunk-256-sm-32.csv
facebook/opt-1.3b,256,gemm,fc1,32,0,142.33599603176117,118657024,122851328,4194304,4194304,1024,2026-04-15T01:05:09Z,baseline_nvml_pt,nvidia-smi,ok,1.0,2538.0,1695.0,7601.0,70.98,0.1789119988679886,117.16015625,117.16015625,4.0,True,,100.0,46.0,89.99999999999999,estimated,,prefill-facebook-opt-1-3b-chunk-256-sm-32,success,,,/mnt/data/dheeraj/dicertation/inference-profile/runs/revised-rerun-20260415-020401-g2-opt13b-c64-256/raw/points/prefill/prefill-facebook-opt-1-3b-chunk-256-sm-32.csv
facebook/opt-1.3b,256,gemm,fc2,32,0,175.1679927110672,118657024,119705600,1048576,1048576,1024,2026-04-15T01:05:09Z,baseline_nvml_pt,nvidia-smi,ok,1.0,2538.0,1695.0,7601.0,70.98,0.1789119988679886,117.16015625,117.16015625,4.0,True,,100.0,46.0,89.99999999999999,estimated,,prefill-facebook-opt-1-3b-chunk-256-sm-32,success,,,/mnt/data/dheeraj/dicertation/inference-profile/runs/revised-rerun-20260415-020401-g2-opt13b-c64-256/raw/points/prefill/prefill-facebook-opt-1-3b-chunk-256-sm-32.csv
facebook/opt-1.3b,256,attention,attention,32,0,59.39200147986412,118657024,119739392,1082368,1048576,1024,2026-04-15T01:05:09Z,baseline_nvml_pt,nvidia-smi,ok,1.0,2538.0,1695.0,7601.0,70.98,0.1789119988679886,117.16015625,117.16015625,4.0,True,,100.0,46.0,89.99999999999999,estimated,,prefill-facebook-opt-1-3b-chunk-256-sm-32,success,,,/mnt/data/dheeraj/dicertation/inference-profile/runs/revised-rerun-20260415-020401-g2-opt13b-c64-256/raw/points/prefill/prefill-facebook-opt-1-3b-chunk-256-sm-32.csv
facebook/opt-1.3b,256,gemm,q_proj,32,1,88.06400001049042,118657024,119705600,1048576,1048576,1024,2026-04-15T01:05:09Z,baseline_nvml_pt,nvidia-smi,ok,1.0,2538.0,1695.0,7601.0,70.98,0.1789119988679886,117.16015625,117.16015625,4.0,True,,100.0,46.0,89.99999999999999,estimated,,prefill-facebook-opt-1-3b-chunk-256-sm-32,success,,,/mnt/data/dheeraj/dicertation/inference-profile/runs/revised-rerun-20260415-020401-g2-opt13b-c64-256/raw/points/prefill/prefill-facebook-opt-1-3b-chunk-256-sm-32.csv
facebook/opt-1.3b,256,gemm,k_proj,32,1,85.85599809885025,118657024,119705600,1048576,1048576,1024,2026-04-15T01:05:09Z,baseline_nvml_pt,nvidia-smi,ok,1.0,2538.0,1695.0,7601.0,70.98,0.1789119988679886,117.16015625,117.16015625,4.0,True,,100.0,46.0,89.99999999999999,estimated,,prefill-facebook-opt-1-3b-chunk-256-sm-32,success,,,/mnt/data/dheeraj/dicertation/inference-profile/runs/revised-rerun-20260415-020401-g2-opt13b-c64-256/raw/points/prefill/prefill-facebook-opt-1-3b-chunk-256-sm-32.csv
facebook/opt-1.3b,256,gemm,v_proj,32,1,83.96799862384796,118657024,119705600,1048576,1048576,1024,2026-04-15T01:05:09Z,baseline_nvml_pt,nvidia-smi,ok,1.0,2538.0,1695.0,7601.0,70.98,0.1789119988679886,117.16015625,117.16015625,4.0,True,,100.0,46.0,89.99999999999999,estimated,,prefill-facebook-opt-1-3b-chunk-256-sm-32,success,,,/mnt/data/dheeraj/dicertation/inference-profile/runs/revised-rerun-20260415-020401-g2-opt13b-c64-256/raw/points/prefill/prefill-facebook-opt-1-3b-chunk-256-sm-32.csv
facebook/opt-1.3b,256,gemm,out_proj,32,1,82.94399827718735,118657024,119705600,1048576,1048576,1024,2026-04-15T01:05:09Z,baseline_nvml_pt,nvidia-smi,ok,1.0,2538.0,1695.0,7601.0,70.98,0.1789119988679886,117.16015625,117.16015625,4.0,True,,100.0,46.0,89.99999999999999,estimated,,prefill-facebook-opt-1-3b-chunk-256-sm-32,success,,,/mnt/data/dheeraj/dicertation/inference-profile/runs/revised-rerun-20260415-020401-g2-opt13b-c64-256/raw/points/prefill/prefill-facebook-opt-1-3b-chunk-256-sm-32.csv
facebook/opt-1.3b,256,gemm,fc1,32,1,133.85599851608276,118657024,122851328,4194304,4194304,1024,2026-04-15T01:05:09Z,baseline_nvml_pt,nvidia-smi,ok,1.0,2538.0,1695.0,7601.0,70.98,0.1789119988679886,117.16015625,117.16015625,4.0,True,,100.0,46.0,89.99999999999999,estimated,,prefill-facebook-opt-1-3b-chunk-256-sm-32,success,,,/mnt/data/dheeraj/dicertation/inference-profile/runs/revised-rerun-20260415-020401-g2-opt13b-c64-256/raw/points/prefill/prefill-facebook-opt-1-3b-chunk-256-sm-32.csv
facebook/opt-1.3b,256,gemm,fc2,32,1,175.9359985589981,118657024,119705600,1048576,1048576,1024,2026-04-15T01:05:09Z,baseline_nvml_pt,nvidia-smi,ok,1.0,2538.0,1695.0,7601.0,70.98,0.1789119988679886,117.16015625,117.16015625,4.0,True,,100.0,46.0,89.99999999999999,estimated,,prefill-facebook-opt-1-3b-chunk-256-sm-32,success,,,/mnt/data/dheeraj/dicertation/inference-profile/runs/revised-rerun-20260415-020401-g2-opt13b-c64-256/raw/points/prefill/prefill-facebook-opt-1-3b-chunk-256-sm-32.csv
facebook/opt-1.3b,256,attention,attention,32,1,54.33600023388863,118657024,119739392,1082368,1048576,1024,2026-04-15T01:05:09Z,baseline_nvml_pt,nvidia-smi,ok,1.0,2538.0,1695.0,7601.0,70.98,0.1789119988679886,117.16015625,117.16015625,4.0,True,,100.0,46.0,89.99999999999999,estimated,,prefill-facebook-opt-1-3b-chunk-256-sm-32,success,,,/mnt/data/dheeraj/dicertation/inference-profile/runs/revised-rerun-20260415-020401-g2-opt13b-c64-256/raw/points/prefill/prefill-facebook-opt-1-3b-chunk-256-sm-32.csv
facebook/opt-1.3b,256,gemm,q_proj,32,2,87.0399996638298,118657024,119705600,1048576,1048576,1024,2026-04-15T01:05:09Z,baseline_nvml_pt,nvidia-smi,ok,1.0,2538.0,1695.0,7601.0,70.98,0.1789119988679886,117.16015625,117.16015625,4.0,True,,100.0,46.0,89.99999999999999,estimated,,prefill-facebook-opt-1-3b-chunk-256-sm-32,success,,,/mnt/data/dheeraj/dicertation/inference-profile/runs/revised-rerun-20260415-020401-g2-opt13b-c64-256/raw/points/prefill/prefill-facebook-opt-1-3b-chunk-256-sm-32.csv
facebook/opt-1.3b,256,gemm,k_proj,32,2,89.08800035715103,118657024,119705600,1048576,1048576,1024,2026-04-15T01:05:09Z,baseline_nvml_pt,nvidia-smi,ok,1.0,2538.0,1695.0,7601.0,70.98,0.1789119988679886,117.16015625,117.16015625,4.0,True,,100.0,46.0,89.99999999999999,estimated,,prefill-facebook-opt-1-3b-chunk-256-sm-32,success,,,/mnt/data/dheeraj/dicertation/inference-profile/runs/revised-rerun-20260415-020401-g2-opt13b-c64-256/raw/points/prefill/prefill-facebook-opt-1-3b-chunk-256-sm-32.csv
facebook/opt-1.3b,256,gemm,v_proj,32,2,82.11199939250946,118657024,119705600,1048576,1048576,1024,2026-04-15T01:05:09Z,baseline_nvml_pt,nvidia-smi,ok,1.0,2538.0,1695.0,7601.0,70.98,0.1789119988679886,117.16015625,117.16015625,4.0,True,,100.0,46.0,89.99999999999999,estimated,,prefill-facebook-opt-1-3b-chunk-256-sm-32,success,,,/mnt/data/dheeraj/dicertation/inference-profile/runs/revised-rerun-20260415-020401-g2-opt13b-c64-256/raw/points/prefill/prefill-facebook-opt-1-3b-chunk-256-sm-32.csv
facebook/opt-1.3b,256,gemm,out_proj,32,2,82.94399827718735,118657024,119705600,1048576,1048576,1024,2026-04-15T01:05:09Z,baseline_nvml_pt,nvidia-smi,ok,1.0,2538.0,1695.0,7601.0,70.98,0.1789119988679886,117.16015625,117.16015625,4.0,True,,100.0,46.0,89.99999999999999,estimated,,prefill-facebook-opt-1-3b-chunk-256-sm-32,success,,,/mnt/data/dheeraj/dicertation/inference-profile/runs/revised-rerun-20260415-020401-g2-opt13b-c64-256/raw/points/prefill/prefill-facebook-opt-1-3b-chunk-256-sm-32.csv
facebook/opt-1.3b,256,gemm,fc1,32,2,135.16800105571747,118657024,122851328,4194304,4194304,1024,2026-04-15T01:05:09Z,baseline_nvml_pt,nvidia-smi,ok,1.0,2538.0,1695.0,7601.0,70.98,0.1789119988679886,117.16015625,117.16015625,4.0,True,,100.0,46.0,89.99999999999999,estimated,,prefill-facebook-opt-1-3b-chunk-256-sm-32,success,,,/mnt/data/dheeraj/dicertation/inference-profile/runs/revised-rerun-20260415-020401-g2-opt13b-c64-256/raw/points/prefill/prefill-facebook-opt-1-3b-chunk-256-sm-32.csv
facebook/opt-1.3b,256,gemm,fc2,32,2,172.03199863433838,118657024,119705600,1048576,1048576,1024,2026-04-15T01:05:09Z,baseline_nvml_pt,nvidia-smi,ok,1.0,2538.0,1695.0,7601.0,70.98,0.1789119988679886,117.16015625,117.16015625,4.0,True,,100.0,46.0,89.99999999999999,estimated,,prefill-facebook-opt-1-3b-chunk-256-sm-32,success,,,/mnt/data/dheeraj/dicertation/inference-profile/runs/revised-rerun-20260415-020401-g2-opt13b-c64-256/raw/points/prefill/prefill-facebook-opt-1-3b-chunk-256-sm-32.csv
facebook/opt-1.3b,256,attention,attention,32,2,56.48000165820122,118657024,119739392,1082368,1048576,1024,2026-04-15T01:05:09Z,baseline_nvml_pt,nvidia-smi,ok,1.0,2538.0,1695.0,7601.0,70.98,0.1789119988679886,117.16015625,117.16015625,4.0,True,,100.0,46.0,89.99999999999999,estimated,,prefill-facebook-opt-1-3b-chunk-256-sm-32,success,,,/mnt/data/dheeraj/dicertation/inference-profile/runs/revised-rerun-20260415-020401-g2-opt13b-c64-256/raw/points/prefill/prefill-facebook-opt-1-3b-chunk-256-sm-32.csv
facebook/opt-1.3b,256,gemm,q_proj,32,3,86.01599931716919,118657024,119705600,1048576,1048576,1024,2026-04-15T01:05:09Z,baseline_nvml_pt,nvidia-smi,ok,1.0,2538.0,1695.0,7601.0,70.98,0.1789119988679886,117.16015625,117.16015625,4.0,True,,100.0,46.0,89.99999999999999,estimated,,prefill-facebook-opt-1-3b-chunk-256-sm-32,success,,,/mnt/data/dheeraj/dicertation/inference-profile/runs/revised-rerun-20260415-020401-g2-opt13b-c64-256/raw/points/prefill/prefill-facebook-opt-1-3b-chunk-256-sm-32.csv
facebook/opt-1.3b,256,gemm,k_proj,32,3,83.96799862384796,118657024,119705600,1048576,1048576,1024,2026-04-15T01:05:09Z,baseline_nvml_pt,nvidia-smi,ok,1.0,2538.0,1695.0,7601.0,70.98,0.1789119988679886,117.16015625,117.16015625,4.0,True,,100.0,46.0,89.99999999999999,estimated,,prefill-facebook-opt-1-3b-chunk-256-sm-32,success,,,/mnt/data/dheeraj/dicertation/inference-profile/runs/revised-rerun-20260415-020401-g2-opt13b-c64-256/raw/points/prefill/prefill-facebook-opt-1-3b-chunk-256-sm-32.csv
facebook/opt-1.3b,256,gemm,v_proj,32,3,81.79199695587158,118657024,119705600,1048576,1048576,1024,2026-04-15T01:05:09Z,baseline_nvml_pt,nvidia-smi,ok,1.0,2538.0,1695.0,7601.0,70.98,0.1789119988679886,117.16015625,117.16015625,4.0,True,,100.0,46.0,89.99999999999999,estimated,,prefill-facebook-opt-1-3b-chunk-256-sm-32,success,,,/mnt/data/dheeraj/dicertation/inference-profile/runs/revised-rerun-20260415-020401-g2-opt13b-c64-256/raw/points/prefill/prefill-facebook-opt-1-3b-chunk-256-sm-32.csv
facebook/opt-1.3b,256,gemm,out_proj,32,3,84.86399799585342,118657024,119705600,1048576,1048576,1024,2026-04-15T01:05:09Z,baseline_nvml_pt,nvidia-smi,ok,1.0,2538.0,1695.0,7601.0,70.98,0.1789119988679886,117.16015625,117.16015625,4.0,True,,100.0,46.0,89.99999999999999,estimated,,prefill-facebook-opt-1-3b-chunk-256-sm-32,success,,,/mnt/data/dheeraj/dicertation/inference-profile/runs/revised-rerun-20260415-020401-g2-opt13b-c64-256/raw/points/prefill/prefill-facebook-opt-1-3b-chunk-256-sm-32.csv
facebook/opt-1.3b,256,gemm,fc1,32,3,133.12000036239624,118657024,122851328,4194304,4194304,1024,2026-04-15T01:05:09Z,baseline_nvml_pt,nvidia-smi,ok,1.0,2538.0,1695.0,7601.0,70.98,0.1789119988679886,117.16015625,117.16015625,4.0,True,,100.0,46.0,89.99999999999999,estimated,,prefill-facebook-opt-1-3b-chunk-256-sm-32,success,,,/mnt/data/dheeraj/dicertation/inference-profile/runs/revised-rerun-20260415-020401-g2-opt13b-c64-256/raw/points/prefill/prefill-facebook-opt-1-3b-chunk-256-sm-32.csv
facebook/opt-1.3b,256,gemm,fc2,32,3,171.77599668502808,118657024,119705600,1048576,1048576,1024,2026-04-15T01:05:09Z,baseline_nvml_pt,nvidia-smi,ok,1.0,2538.0,1695.0,7601.0,70.98,0.1789119988679886,117.16015625,117.16015625,4.0,True,,100.0,46.0,89.99999999999999,estimated,,prefill-facebook-opt-1-3b-chunk-256-sm-32,success,,,/mnt/data/dheeraj/dicertation/inference-profile/runs/revised-rerun-20260415-020401-g2-opt13b-c64-256/raw/points/prefill/prefill-facebook-opt-1-3b-chunk-256-sm-32.csv
facebook/opt-1.3b,256,attention,attention,32,3,55.296000093221664,118657024,119739392,1082368,1048576,1024,2026-04-15T01:05:09Z,baseline_nvml_pt,nvidia-smi,ok,1.0,2538.0,1695.0,7601.0,70.98,0.1789119988679886,117.16015625,117.16015625,4.0,True,,100.0,46.0,89.99999999999999,estimated,,prefill-facebook-opt-1-3b-chunk-256-sm-32,success,,,/mnt/data/dheeraj/dicertation/inference-profile/runs/revised-rerun-20260415-020401-g2-opt13b-c64-256/raw/points/prefill/prefill-facebook-opt-1-3b-chunk-256-sm-32.csv
facebook/opt-1.3b,256,gemm,q_proj,32,4,83.96799862384796,118657024,119705600,1048576,1048576,1024,2026-04-15T01:05:09Z,baseline_nvml_pt,nvidia-smi,ok,1.0,2538.0,1695.0,7601.0,70.98,0.1789119988679886,117.16015625,117.16015625,4.0,True,,100.0,46.0,89.99999999999999,estimated,,prefill-facebook-opt-1-3b-chunk-256-sm-32,success,,,/mnt/data/dheeraj/dicertation/inference-profile/runs/revised-rerun-20260415-020401-g2-opt13b-c64-256/raw/points/prefill/prefill-facebook-opt-1-3b-chunk-256-sm-32.csv
facebook/opt-1.3b,256,gemm,k_proj,32,4,80.89599758386612,118657024,119705600,1048576,1048576,1024,2026-04-15T01:05:09Z,baseline_nvml_pt,nvidia-smi,ok,1.0,2538.0,1695.0,7601.0,70.98,0.1789119988679886,117.16015625,117.16015625,4.0,True,,100.0,46.0,89.99999999999999,estimated,,prefill-facebook-opt-1-3b-chunk-256-sm-32,success,,,/mnt/data/dheeraj/dicertation/inference-profile/runs/revised-rerun-20260415-020401-g2-opt13b-c64-256/raw/points/prefill/prefill-facebook-opt-1-3b-chunk-256-sm-32.csv
facebook/opt-1.3b,256,gemm,v_proj,32,4,82.78399705886841,118657024,119705600,1048576,1048576,1024,2026-04-15T01:05:09Z,baseline_nvml_pt,nvidia-smi,ok,1.0,2538.0,1695.0,7601.0,70.98,0.1789119988679886,117.16015625,117.16015625,4.0,True,,100.0,46.0,89.99999999999999,estimated,,prefill-facebook-opt-1-3b-chunk-256-sm-32,success,,,/mnt/data/dheeraj/dicertation/inference-profile/runs/revised-rerun-20260415-020401-g2-opt13b-c64-256/raw/points/prefill/prefill-facebook-opt-1-3b-chunk-256-sm-32.csv
facebook/opt-1.3b,256,gemm,out_proj,32,4,80.89599758386612,118657024,119705600,1048576,1048576,1024,2026-04-15T01:05:09Z,baseline_nvml_pt,nvidia-smi,ok,1.0,2538.0,1695.0,7601.0,70.98,0.1789119988679886,117.16015625,117.16015625,4.0,True,,100.0,46.0,89.99999999999999,estimated,,prefill-facebook-opt-1-3b-chunk-256-sm-32,success,,,/mnt/data/dheeraj/dicertation/inference-profile/runs/revised-rerun-20260415-020401-g2-opt13b-c64-256/raw/points/prefill/prefill-facebook-opt-1-3b-chunk-256-sm-32.csv
facebook/opt-1.3b,256,gemm,fc1,32,4,131.84000551700592,118657024,122851328,4194304,4194304,1024,2026-04-15T01:05:09Z,baseline_nvml_pt,nvidia-smi,ok,1.0,2538.0,1695.0,7601.0,70.98,0.1789119988679886,117.16015625,117.16015625,4.0,True,,100.0,46.0,89.99999999999999,estimated,,prefill-facebook-opt-1-3b-chunk-256-sm-32,success,,,/mnt/data/dheeraj/dicertation/inference-profile/runs/revised-rerun-20260415-020401-g2-opt13b-c64-256/raw/points/prefill/prefill-facebook-opt-1-3b-chunk-256-sm-32.csv
facebook/opt-1.3b,256,gemm,fc2,32,4,178.9119988679886,118657024,119705600,1048576,1048576,1024,2026-04-15T01:05:09Z,baseline_nvml_pt,nvidia-smi,ok,1.0,2538.0,1695.0,7601.0,70.98,0.1789119988679886,117.16015625,117.16015625,4.0,True,,100.0,46.0,89.99999999999999,estimated,,prefill-facebook-opt-1-3b-chunk-256-sm-32,success,,,/mnt/data/dheeraj/dicertation/inference-profile/runs/revised-rerun-20260415-020401-g2-opt13b-c64-256/raw/points/prefill/prefill-facebook-opt-1-3b-chunk-256-sm-32.csv
facebook/opt-1.3b,256,attention,attention,32,4,54.27199974656105,118657024,119739392,1082368,1048576,1024,2026-04-15T01:05:09Z,baseline_nvml_pt,nvidia-smi,ok,1.0,2538.0,1695.0,7601.0,70.98,0.1789119988679886,117.16015625,117.16015625,4.0,True,,100.0,46.0,89.99999999999999,estimated,,prefill-facebook-opt-1-3b-chunk-256-sm-32,success,,,/mnt/data/dheeraj/dicertation/inference-profile/runs/revised-rerun-20260415-020401-g2-opt13b-c64-256/raw/points/prefill/prefill-facebook-opt-1-3b-chunk-256-sm-32.csv
facebook/opt-1.3b,512,gemm,q_proj,8,0,121.60000205039978,127045632,129142784,2097152,2097152,1024,2026-04-15T01:04:15Z,baseline_nvml_pt,nvidia-smi,ok,8.0,2568.0,1695.0,7601.0,65.23,0.2652159929275512,129.16015625,129.16015625,8.0,True,,79.0,62.5,67.5,estimated,,prefill-facebook-opt-1-3b-chunk-512-sm-8,success,,,/mnt/data/dheeraj/dicertation/inference-profile/runs/revised-rerun-20260415-020401-g3-opt13b-c512-1024/raw/points/prefill/prefill-facebook-opt-1-3b-chunk-512-sm-8.csv
facebook/opt-1.3b,512,gemm,k_proj,8,0,110.46399921178818,127045632,129142784,2097152,2097152,1024,2026-04-15T01:04:15Z,baseline_nvml_pt,nvidia-smi,ok,8.0,2568.0,1695.0,7601.0,65.23,0.2652159929275512,129.16015625,129.16015625,8.0,True,,79.0,62.5,67.5,estimated,,prefill-facebook-opt-1-3b-chunk-512-sm-8,success,,,/mnt/data/dheeraj/dicertation/inference-profile/runs/revised-rerun-20260415-020401-g3-opt13b-c512-1024/raw/points/prefill/prefill-facebook-opt-1-3b-chunk-512-sm-8.csv
facebook/opt-1.3b,512,gemm,v_proj,8,0,98.36799651384354,127045632,129142784,2097152,2097152,1024,2026-04-15T01:04:15Z,baseline_nvml_pt,nvidia-smi,ok,8.0,2568.0,1695.0,7601.0,65.23,0.2652159929275512,129.16015625,129.16015625,8.0,True,,79.0,62.5,67.5,estimated,,prefill-facebook-opt-1-3b-chunk-512-sm-8,success,,,/mnt/data/dheeraj/dicertation/inference-profile/runs/revised-rerun-20260415-020401-g3-opt13b-c512-1024/raw/points/prefill/prefill-facebook-opt-1-3b-chunk-512-sm-8.csv
facebook/opt-1.3b,512,gemm,out_proj,8,0,94.2080020904541,127045632,129142784,2097152,2097152,1024,2026-04-15T01:04:15Z,baseline_nvml_pt,nvidia-smi,ok,8.0,2568.0,1695.0,7601.0,65.23,0.2652159929275512,129.16015625,129.16015625,8.0,True,,79.0,62.5,67.5,estimated,,prefill-facebook-opt-1-3b-chunk-512-sm-8,success,,,/mnt/data/dheeraj/dicertation/inference-profile/runs/revised-rerun-20260415-020401-g3-opt13b-c512-1024/raw/points/prefill/prefill-facebook-opt-1-3b-chunk-512-sm-8.csv
facebook/opt-1.3b,512,gemm,fc1,8,0,265.21599292755127,127045632,135434240,8388608,8388608,1024,2026-04-15T01:04:15Z,baseline_nvml_pt,nvidia-smi,ok,8.0,2568.0,1695.0,7601.0,65.23,0.2652159929275512,129.16015625,129.16015625,8.0,True,,79.0,62.5,67.5,estimated,,prefill-facebook-opt-1-3b-chunk-512-sm-8,success,,,/mnt/data/dheeraj/dicertation/inference-profile/runs/revised-rerun-20260415-020401-g3-opt13b-c512-1024/raw/points/prefill/prefill-facebook-opt-1-3b-chunk-512-sm-8.csv
facebook/opt-1.3b,512,gemm,fc2,8,0,227.32800245285037,127045632,129142784,2097152,2097152,1024,2026-04-15T01:04:15Z,baseline_nvml_pt,nvidia-smi,ok,8.0,2568.0,1695.0,7601.0,65.23,0.2652159929275512,129.16015625,129.16015625,8.0,True,,79.0,62.5,67.5,estimated,,prefill-facebook-opt-1-3b-chunk-512-sm-8,success,,,/mnt/data/dheeraj/dicertation/inference-profile/runs/revised-rerun-20260415-020401-g3-opt13b-c512-1024/raw/points/prefill/prefill-facebook-opt-1-3b-chunk-512-sm-8.csv
facebook/opt-1.3b,512,attention,attention,8,0,80.89599758386612,127045632,129209344,2163712,2097152,1024,2026-04-15T01:04:15Z,baseline_nvml_pt,nvidia-smi,ok,8.0,2568.0,1695.0,7601.0,65.23,0.2652159929275512,129.16015625,129.16015625,8.0,True,,79.0,62.5,67.5,estimated,,prefill-facebook-opt-1-3b-chunk-512-sm-8,success,,,/mnt/data/dheeraj/dicertation/inference-profile/runs/revised-rerun-20260415-020401-g3-opt13b-c512-1024/raw/points/prefill/prefill-facebook-opt-1-3b-chunk-512-sm-8.csv
facebook/opt-1.3b,512,gemm,q_proj,8,1,98.30400347709656,127045632,129142784,2097152,2097152,1024,2026-04-15T01:04:15Z,baseline_nvml_pt,nvidia-smi,ok,8.0,2568.0,1695.0,7601.0,65.23,0.2652159929275512,129.16015625,129.16015625,8.0,True,,79.0,62.5,67.5,estimated,,prefill-facebook-opt-1-3b-chunk-512-sm-8,success,,,/mnt/data/dheeraj/dicertation/inference-profile/runs/revised-rerun-20260415-020401-g3-opt13b-c512-1024/raw/points/prefill/prefill-facebook-opt-1-3b-chunk-512-sm-8.csv
facebook/opt-1.3b,512,gemm,k_proj,8,1,92.96000003814696,127045632,129142784,2097152,2097152,1024,2026-04-15T01:04:15Z,baseline_nvml_pt,nvidia-smi,ok,8.0,2568.0,1695.0,7601.0,65.23,0.2652159929275512,129.16015625,129.16015625,8.0,True,,79.0,62.5,67.5,estimated,,prefill-facebook-opt-1-3b-chunk-512-sm-8,success,,,/mnt/data/dheeraj/dicertation/inference-profile/runs/revised-rerun-20260415-020401-g3-opt13b-c512-1024/raw/points/prefill/prefill-facebook-opt-1-3b-chunk-512-sm-8.csv
facebook/opt-1.3b,512,gemm,v_proj,8,1,90.11200070381165,127045632,129142784,2097152,2097152,1024,2026-04-15T01:04:15Z,baseline_nvml_pt,nvidia-smi,ok,8.0,2568.0,1695.0,7601.0,65.23,0.2652159929275512,129.16015625,129.16015625,8.0,True,,79.0,62.5,67.5,estimated,,prefill-facebook-opt-1-3b-chunk-512-sm-8,success,,,/mnt/data/dheeraj/dicertation/inference-profile/runs/revised-rerun-20260415-020401-g3-opt13b-c512-1024/raw/points/prefill/prefill-facebook-opt-1-3b-chunk-512-sm-8.csv
facebook/opt-1.3b,512,gemm,out_proj,8,1,89.08800035715103,127045632,129142784,2097152,2097152,1024,2026-04-15T01:04:15Z,baseline_nvml_pt,nvidia-smi,ok,8.0,2568.0,1695.0,7601.0,65.23,0.2652159929275512,129.16015625,129.16015625,8.0,True,,79.0,62.5,67.5,estimated,,prefill-facebook-opt-1-3b-chunk-512-sm-8,success,,,/mnt/data/dheeraj/dicertation/inference-profile/runs/revised-rerun-20260415-020401-g3-opt13b-c512-1024/raw/points/prefill/prefill-facebook-opt-1-3b-chunk-512-sm-8.csv
facebook/opt-1.3b,512,gemm,fc1,8,1,253.6959946155548,127045632,135434240,8388608,8388608,1024,2026-04-15T01:04:15Z,baseline_nvml_pt,nvidia-smi,ok,8.0,2568.0,1695.0,7601.0,65.23,0.2652159929275512,129.16015625,129.16015625,8.0,True,,79.0,62.5,67.5,estimated,,prefill-facebook-opt-1-3b-chunk-512-sm-8,success,,,/mnt/data/dheeraj/dicertation/inference-profile/runs/revised-rerun-20260415-020401-g3-opt13b-c512-1024/raw/points/prefill/prefill-facebook-opt-1-3b-chunk-512-sm-8.csv
facebook/opt-1.3b,512,gemm,fc2,8,1,225.3119945526123,127045632,129142784,2097152,2097152,1024,2026-04-15T01:04:15Z,baseline_nvml_pt,nvidia-smi,ok,8.0,2568.0,1695.0,7601.0,65.23,0.2652159929275512,129.16015625,129.16015625,8.0,True,,79.0,62.5,67.5,estimated,,prefill-facebook-opt-1-3b-chunk-512-sm-8,success,,,/mnt/data/dheeraj/dicertation/inference-profile/runs/revised-rerun-20260415-020401-g3-opt13b-c512-1024/raw/points/prefill/prefill-facebook-opt-1-3b-chunk-512-sm-8.csv
facebook/opt-1.3b,512,attention,attention,8,1,72.4480003118515,127045632,129209344,2163712,2097152,1024,2026-04-15T01:04:15Z,baseline_nvml_pt,nvidia-smi,ok,8.0,2568.0,1695.0,7601.0,65.23,0.2652159929275512,129.16015625,129.16015625,8.0,True,,79.0,62.5,67.5,estimated,,prefill-facebook-opt-1-3b-chunk-512-sm-8,success,,,/mnt/data/dheeraj/dicertation/inference-profile/runs/revised-rerun-20260415-020401-g3-opt13b-c512-1024/raw/points/prefill/prefill-facebook-opt-1-3b-chunk-512-sm-8.csv
facebook/opt-1.3b,512,gemm,q_proj,8,2,96.25600278377532,127045632,129142784,2097152,2097152,1024,2026-04-15T01:04:15Z,baseline_nvml_pt,nvidia-smi,ok,8.0,2568.0,1695.0,7601.0,65.23,0.2652159929275512,129.16015625,129.16015625,8.0,True,,79.0,62.5,67.5,estimated,,prefill-facebook-opt-1-3b-chunk-512-sm-8,success,,,/mnt/data/dheeraj/dicertation/inference-profile/runs/revised-rerun-20260415-020401-g3-opt13b-c512-1024/raw/points/prefill/prefill-facebook-opt-1-3b-chunk-512-sm-8.csv
facebook/opt-1.3b,512,gemm,k_proj,8,2,101.3759970664978,127045632,129142784,2097152,2097152,1024,2026-04-15T01:04:15Z,baseline_nvml_pt,nvidia-smi,ok,8.0,2568.0,1695.0,7601.0,65.23,0.2652159929275512,129.16015625,129.16015625,8.0,True,,79.0,62.5,67.5,estimated,,prefill-facebook-opt-1-3b-chunk-512-sm-8,success,,,/mnt/data/dheeraj/dicertation/inference-profile/runs/revised-rerun-20260415-020401-g3-opt13b-c512-1024/raw/points/prefill/prefill-facebook-opt-1-3b-chunk-512-sm-8.csv
facebook/opt-1.3b,512,gemm,v_proj,8,2,93.18400174379347,127045632,129142784,2097152,2097152,1024,2026-04-15T01:04:15Z,baseline_nvml_pt,nvidia-smi,ok,8.0,2568.0,1695.0,7601.0,65.23,0.2652159929275512,129.16015625,129.16015625,8.0,True,,79.0,62.5,67.5,estimated,,prefill-facebook-opt-1-3b-chunk-512-sm-8,success,,,/mnt/data/dheeraj/dicertation/inference-profile/runs/revised-rerun-20260415-020401-g3-opt13b-c512-1024/raw/points/prefill/prefill-facebook-opt-1-3b-chunk-512-sm-8.csv
facebook/opt-1.3b,512,gemm,out_proj,8,2,90.11200070381165,127045632,129142784,2097152,2097152,1024,2026-04-15T01:04:15Z,baseline_nvml_pt,nvidia-smi,ok,8.0,2568.0,1695.0,7601.0,65.23,0.2652159929275512,129.16015625,129.16015625,8.0,True,,79.0,62.5,67.5,estimated,,prefill-facebook-opt-1-3b-chunk-512-sm-8,success,,,/mnt/data/dheeraj/dicertation/inference-profile/runs/revised-rerun-20260415-020401-g3-opt13b-c512-1024/raw/points/prefill/prefill-facebook-opt-1-3b-chunk-512-sm-8.csv
facebook/opt-1.3b,512,gemm,fc1,8,2,253.9519965648651,127045632,135434240,8388608,8388608,1024,2026-04-15T01:04:15Z,baseline_nvml_pt,nvidia-smi,ok,8.0,2568.0,1695.0,7601.0,65.23,0.2652159929275512,129.16015625,129.16015625,8.0,True,,79.0,62.5,67.5,estimated,,prefill-facebook-opt-1-3b-chunk-512-sm-8,success,,,/mnt/data/dheeraj/dicertation/inference-profile/runs/revised-rerun-20260415-020401-g3-opt13b-c512-1024/raw/points/prefill/prefill-facebook-opt-1-3b-chunk-512-sm-8.csv
facebook/opt-1.3b,512,gemm,fc2,8,2,224.2559939622879,127045632,129142784,2097152,2097152,1024,2026-04-15T01:04:15Z,baseline_nvml_pt,nvidia-smi,ok,8.0,2568.0,1695.0,7601.0,65.23,0.2652159929275512,129.16015625,129.16015625,8.0,True,,79.0,62.5,67.5,estimated,,prefill-facebook-opt-1-3b-chunk-512-sm-8,success,,,/mnt/data/dheeraj/dicertation/inference-profile/runs/revised-rerun-20260415-020401-g3-opt13b-c512-1024/raw/points/prefill/prefill-facebook-opt-1-3b-chunk-512-sm-8.csv
facebook/opt-1.3b,512,attention,attention,8,2,72.7040022611618,127045632,129209344,2163712,2097152,1024,2026-04-15T01:04:15Z,baseline_nvml_pt,nvidia-smi,ok,8.0,2568.0,1695.0,7601.0,65.23,0.2652159929275512,129.16015625,129.16015625,8.0,True,,79.0,62.5,67.5,estimated,,prefill-facebook-opt-1-3b-chunk-512-sm-8,success,,,/mnt/data/dheeraj/dicertation/inference-profile/runs/revised-rerun-20260415-020401-g3-opt13b-c512-1024/raw/points/prefill/prefill-facebook-opt-1-3b-chunk-512-sm-8.csv
facebook/opt-1.3b,512,gemm,q_proj,8,3,95.23200243711472,127045632,129142784,2097152,2097152,1024,2026-04-15T01:04:15Z,baseline_nvml_pt,nvidia-smi,ok,8.0,2568.0,1695.0,7601.0,65.23,0.2652159929275512,129.16015625,129.16015625,8.0,True,,79.0,62.5,67.5,estimated,,prefill-facebook-opt-1-3b-chunk-512-sm-8,success,,,/mnt/data/dheeraj/dicertation/inference-profile/runs/revised-rerun-20260415-020401-g3-opt13b-c512-1024/raw/points/prefill/prefill-facebook-opt-1-3b-chunk-512-sm-8.csv
facebook/opt-1.3b,512,gemm,k_proj,8,3,91.13600105047226,127045632,129142784,2097152,2097152,1024,2026-04-15T01:04:15Z,baseline_nvml_pt,nvidia-smi,ok,8.0,2568.0,1695.0,7601.0,65.23,0.2652159929275512,129.16015625,129.16015625,8.0,True,,79.0,62.5,67.5,estimated,,prefill-facebook-opt-1-3b-chunk-512-sm-8,success,,,/mnt/data/dheeraj/dicertation/inference-profile/runs/revised-rerun-20260415-020401-g3-opt13b-c512-1024/raw/points/prefill/prefill-facebook-opt-1-3b-chunk-512-sm-8.csv
facebook/opt-1.3b,512,gemm,v_proj,8,3,90.11200070381165,127045632,129142784,2097152,2097152,1024,2026-04-15T01:04:15Z,baseline_nvml_pt,nvidia-smi,ok,8.0,2568.0,1695.0,7601.0,65.23,0.2652159929275512,129.16015625,129.16015625,8.0,True,,79.0,62.5,67.5,estimated,,prefill-facebook-opt-1-3b-chunk-512-sm-8,success,,,/mnt/data/dheeraj/dicertation/inference-profile/runs/revised-rerun-20260415-020401-g3-opt13b-c512-1024/raw/points/prefill/prefill-facebook-opt-1-3b-chunk-512-sm-8.csv
facebook/opt-1.3b,512,gemm,out_proj,8,3,111.51999980211258,127045632,129142784,2097152,2097152,1024,2026-04-15T01:04:15Z,baseline_nvml_pt,nvidia-smi,ok,8.0,2568.0,1695.0,7601.0,65.23,0.2652159929275512,129.16015625,129.16015625,8.0,True,,79.0,62.5,67.5,estimated,,prefill-facebook-opt-1-3b-chunk-512-sm-8,success,,,/mnt/data/dheeraj/dicertation/inference-profile/runs/revised-rerun-20260415-020401-g3-opt13b-c512-1024/raw/points/prefill/prefill-facebook-opt-1-3b-chunk-512-sm-8.csv
facebook/opt-1.3b,512,gemm,fc1,8,3,254.7520101070404,127045632,135434240,8388608,8388608,1024,2026-04-15T01:04:15Z,baseline_nvml_pt,nvidia-smi,ok,8.0,2568.0,1695.0,7601.0,65.23,0.2652159929275512,129.16015625,129.16015625,8.0,True,,79.0,62.5,67.5,estimated,,prefill-facebook-opt-1-3b-chunk-512-sm-8,success,,,/mnt/data/dheeraj/dicertation/inference-profile/runs/revised-rerun-20260415-020401-g3-opt13b-c512-1024/raw/points/prefill/prefill-facebook-opt-1-3b-chunk-512-sm-8.csv
facebook/opt-1.3b,512,gemm,fc2,8,3,230.27199506759644,127045632,129142784,2097152,2097152,1024,2026-04-15T01:04:15Z,baseline_nvml_pt,nvidia-smi,ok,8.0,2568.0,1695.0,7601.0,65.23,0.2652159929275512,129.16015625,129.16015625,8.0,True,,79.0,62.5,67.5,estimated,,prefill-facebook-opt-1-3b-chunk-512-sm-8,success,,,/mnt/data/dheeraj/dicertation/inference-profile/runs/revised-rerun-20260415-020401-g3-opt13b-c512-1024/raw/points/prefill/prefill-facebook-opt-1-3b-chunk-512-sm-8.csv
facebook/opt-1.3b,512,attention,attention,8,3,69.63200122117996,127045632,129209344,2163712,2097152,1024,2026-04-15T01:04:15Z,baseline_nvml_pt,nvidia-smi,ok,8.0,2568.0,1695.0,7601.0,65.23,0.2652159929275512,129.16015625,129.16015625,8.0,True,,79.0,62.5,67.5,estimated,,prefill-facebook-opt-1-3b-chunk-512-sm-8,success,,,/mnt/data/dheeraj/dicertation/inference-profile/runs/revised-rerun-20260415-020401-g3-opt13b-c512-1024/raw/points/prefill/prefill-facebook-opt-1-3b-chunk-512-sm-8.csv
facebook/opt-1.3b,512,gemm,q_proj,8,4,94.2080020904541,127045632,129142784,2097152,2097152,1024,2026-04-15T01:04:15Z,baseline_nvml_pt,nvidia-smi,ok,8.0,2568.0,1695.0,7601.0,65.23,0.2652159929275512,129.16015625,129.16015625,8.0,True,,79.0,62.5,67.5,estimated,,prefill-facebook-opt-1-3b-chunk-512-sm-8,success,,,/mnt/data/dheeraj/dicertation/inference-profile/runs/revised-rerun-20260415-020401-g3-opt13b-c512-1024/raw/points/prefill/prefill-facebook-opt-1-3b-chunk-512-sm-8.csv
facebook/opt-1.3b,512,gemm,k_proj,8,4,89.31200206279755,127045632,129142784,2097152,2097152,1024,2026-04-15T01:04:15Z,baseline_nvml_pt,nvidia-smi,ok,8.0,2568.0,1695.0,7601.0,65.23,0.2652159929275512,129.16015625,129.16015625,8.0,True,,79.0,62.5,67.5,estimated,,prefill-facebook-opt-1-3b-chunk-512-sm-8,success,,,/mnt/data/dheeraj/dicertation/inference-profile/runs/revised-rerun-20260415-020401-g3-opt13b-c512-1024/raw/points/prefill/prefill-facebook-opt-1-3b-chunk-512-sm-8.csv
facebook/opt-1.3b,512,gemm,v_proj,8,4,90.11200070381165,127045632,129142784,2097152,2097152,1024,2026-04-15T01:04:15Z,baseline_nvml_pt,nvidia-smi,ok,8.0,2568.0,1695.0,7601.0,65.23,0.2652159929275512,129.16015625,129.16015625,8.0,True,,79.0,62.5,67.5,estimated,,prefill-facebook-opt-1-3b-chunk-512-sm-8,success,,,/mnt/data/dheeraj/dicertation/inference-profile/runs/revised-rerun-20260415-020401-g3-opt13b-c512-1024/raw/points/prefill/prefill-facebook-opt-1-3b-chunk-512-sm-8.csv
facebook/opt-1.3b,512,gemm,out_proj,8,4,87.26400136947632,127045632,129142784,2097152,2097152,1024,2026-04-15T01:04:15Z,baseline_nvml_pt,nvidia-smi,ok,8.0,2568.0,1695.0,7601.0,65.23,0.2652159929275512,129.16015625,129.16015625,8.0,True,,79.0,62.5,67.5,estimated,,prefill-facebook-opt-1-3b-chunk-512-sm-8,success,,,/mnt/data/dheeraj/dicertation/inference-profile/runs/revised-rerun-20260415-020401-g3-opt13b-c512-1024/raw/points/prefill/prefill-facebook-opt-1-3b-chunk-512-sm-8.csv
facebook/opt-1.3b,512,gemm,fc1,8,4,248.83200228214264,127045632,135434240,8388608,8388608,1024,2026-04-15T01:04:15Z,baseline_nvml_pt,nvidia-smi,ok,8.0,2568.0,1695.0,7601.0,65.23,0.2652159929275512,129.16015625,129.16015625,8.0,True,,79.0,62.5,67.5,estimated,,prefill-facebook-opt-1-3b-chunk-512-sm-8,success,,,/mnt/data/dheeraj/dicertation/inference-profile/runs/revised-rerun-20260415-020401-g3-opt13b-c512-1024/raw/points/prefill/prefill-facebook-opt-1-3b-chunk-512-sm-8.csv
facebook/opt-1.3b,512,gemm,fc2,8,4,222.20799326896667,127045632,129142784,2097152,2097152,1024,2026-04-15T01:04:15Z,baseline_nvml_pt,nvidia-smi,ok,8.0,2568.0,1695.0,7601.0,65.23,0.2652159929275512,129.16015625,129.16015625,8.0,True,,79.0,62.5,67.5,estimated,,prefill-facebook-opt-1-3b-chunk-512-sm-8,success,,,/mnt/data/dheeraj/dicertation/inference-profile/runs/revised-rerun-20260415-020401-g3-opt13b-c512-1024/raw/points/prefill/prefill-facebook-opt-1-3b-chunk-512-sm-8.csv
facebook/opt-1.3b,512,attention,attention,8,4,69.60000097751617,127045632,129209344,2163712,2097152,1024,2026-04-15T01:04:15Z,baseline_nvml_pt,nvidia-smi,ok,8.0,2568.0,1695.0,7601.0,65.23,0.2652159929275512,129.16015625,129.16015625,8.0,True,,79.0,62.5,67.5,estimated,,prefill-facebook-opt-1-3b-chunk-512-sm-8,success,,,/mnt/data/dheeraj/dicertation/inference-profile/runs/revised-rerun-20260415-020401-g3-opt13b-c512-1024/raw/points/prefill/prefill-facebook-opt-1-3b-chunk-512-sm-8.csv
facebook/opt-1.3b,512,gemm,q_proj,16,0,139.26400244235992,127045632,129142784,2097152,2097152,1024,2026-04-15T01:04:22Z,baseline_nvml_pt,nvidia-smi,ok,2.0,2568.0,1695.0,7601.0,66.02,0.2670080065727234,129.16015625,129.16015625,8.0,True,,86.0,57.00000000000001,75.0,estimated,,prefill-facebook-opt-1-3b-chunk-512-sm-16,success,,,/mnt/data/dheeraj/dicertation/inference-profile/runs/revised-rerun-20260415-020401-g3-opt13b-c512-1024/raw/points/prefill/prefill-facebook-opt-1-3b-chunk-512-sm-16.csv
facebook/opt-1.3b,512,gemm,k_proj,16,0,101.27999633550644,127045632,129142784,2097152,2097152,1024,2026-04-15T01:04:22Z,baseline_nvml_pt,nvidia-smi,ok,2.0,2568.0,1695.0,7601.0,66.02,0.2670080065727234,129.16015625,129.16015625,8.0,True,,86.0,57.00000000000001,75.0,estimated,,prefill-facebook-opt-1-3b-chunk-512-sm-16,success,,,/mnt/data/dheeraj/dicertation/inference-profile/runs/revised-rerun-20260415-020401-g3-opt13b-c512-1024/raw/points/prefill/prefill-facebook-opt-1-3b-chunk-512-sm-16.csv
facebook/opt-1.3b,512,gemm,v_proj,16,0,102.24000364542007,127045632,129142784,2097152,2097152,1024,2026-04-15T01:04:22Z,baseline_nvml_pt,nvidia-smi,ok,2.0,2568.0,1695.0,7601.0,66.02,0.2670080065727234,129.16015625,129.16015625,8.0,True,,86.0,57.00000000000001,75.0,estimated,,prefill-facebook-opt-1-3b-chunk-512-sm-16,success,,,/mnt/data/dheeraj/dicertation/inference-profile/runs/revised-rerun-20260415-020401-g3-opt13b-c512-1024/raw/points/prefill/prefill-facebook-opt-1-3b-chunk-512-sm-16.csv
facebook/opt-1.3b,512,gemm,out_proj,16,0,91.0400003194809,127045632,129142784,2097152,2097152,1024,2026-04-15T01:04:22Z,baseline_nvml_pt,nvidia-smi,ok,2.0,2568.0,1695.0,7601.0,66.02,0.2670080065727234,129.16015625,129.16015625,8.0,True,,86.0,57.00000000000001,75.0,estimated,,prefill-facebook-opt-1-3b-chunk-512-sm-16,success,,,/mnt/data/dheeraj/dicertation/inference-profile/runs/revised-rerun-20260415-020401-g3-opt13b-c512-1024/raw/points/prefill/prefill-facebook-opt-1-3b-chunk-512-sm-16.csv
facebook/opt-1.3b,512,gemm,fc1,16,0,267.0080065727234,127045632,135434240,8388608,8388608,1024,2026-04-15T01:04:22Z,baseline_nvml_pt,nvidia-smi,ok,2.0,2568.0,1695.0,7601.0,66.02,0.2670080065727234,129.16015625,129.16015625,8.0,True,,86.0,57.00000000000001,75.0,estimated,,prefill-facebook-opt-1-3b-chunk-512-sm-16,success,,,/mnt/data/dheeraj/dicertation/inference-profile/runs/revised-rerun-20260415-020401-g3-opt13b-c512-1024/raw/points/prefill/prefill-facebook-opt-1-3b-chunk-512-sm-16.csv
facebook/opt-1.3b,512,gemm,fc2,16,0,226.27200186252597,127045632,129142784,2097152,2097152,1024,2026-04-15T01:04:22Z,baseline_nvml_pt,nvidia-smi,ok,2.0,2568.0,1695.0,7601.0,66.02,0.2670080065727234,129.16015625,129.16015625,8.0,True,,86.0,57.00000000000001,75.0,estimated,,prefill-facebook-opt-1-3b-chunk-512-sm-16,success,,,/mnt/data/dheeraj/dicertation/inference-profile/runs/revised-rerun-20260415-020401-g3-opt13b-c512-1024/raw/points/prefill/prefill-facebook-opt-1-3b-chunk-512-sm-16.csv
facebook/opt-1.3b,512,attention,attention,16,0,72.7040022611618,127045632,129209344,2163712,2097152,1024,2026-04-15T01:04:22Z,baseline_nvml_pt,nvidia-smi,ok,2.0,2568.0,1695.0,7601.0,66.02,0.2670080065727234,129.16015625,129.16015625,8.0,True,,86.0,57.00000000000001,75.0,estimated,,prefill-facebook-opt-1-3b-chunk-512-sm-16,success,,,/mnt/data/dheeraj/dicertation/inference-profile/runs/revised-rerun-20260415-020401-g3-opt13b-c512-1024/raw/points/prefill/prefill-facebook-opt-1-3b-chunk-512-sm-16.csv
facebook/opt-1.3b,512,gemm,q_proj,16,1,102.39999741315842,127045632,129142784,2097152,2097152,1024,2026-04-15T01:04:22Z,baseline_nvml_pt,nvidia-smi,ok,2.0,2568.0,1695.0,7601.0,66.02,0.2670080065727234,129.16015625,129.16015625,8.0,True,,86.0,57.00000000000001,75.0,estimated,,prefill-facebook-opt-1-3b-chunk-512-sm-16,success,,,/mnt/data/dheeraj/dicertation/inference-profile/runs/revised-rerun-20260415-020401-g3-opt13b-c512-1024/raw/points/prefill/prefill-facebook-opt-1-3b-chunk-512-sm-16.csv
facebook/opt-1.3b,512,gemm,k_proj,16,1,92.16000139713287,127045632,129142784,2097152,2097152,1024,2026-04-15T01:04:22Z,baseline_nvml_pt,nvidia-smi,ok,2.0,2568.0,1695.0,7601.0,66.02,0.2670080065727234,129.16015625,129.16015625,8.0,True,,86.0,57.00000000000001,75.0,estimated,,prefill-facebook-opt-1-3b-chunk-512-sm-16,success,,,/mnt/data/dheeraj/dicertation/inference-profile/runs/revised-rerun-20260415-020401-g3-opt13b-c512-1024/raw/points/prefill/prefill-facebook-opt-1-3b-chunk-512-sm-16.csv
facebook/opt-1.3b,512,gemm,v_proj,16,1,88.8959988951683,127045632,129142784,2097152,2097152,1024,2026-04-15T01:04:22Z,baseline_nvml_pt,nvidia-smi,ok,2.0,2568.0,1695.0,7601.0,66.02,0.2670080065727234,129.16015625,129.16015625,8.0,True,,86.0,57.00000000000001,75.0,estimated,,prefill-facebook-opt-1-3b-chunk-512-sm-16,success,,,/mnt/data/dheeraj/dicertation/inference-profile/runs/revised-rerun-20260415-020401-g3-opt13b-c512-1024/raw/points/prefill/prefill-facebook-opt-1-3b-chunk-512-sm-16.csv
facebook/opt-1.3b,512,gemm,out_proj,16,1,90.11200070381165,127045632,129142784,2097152,2097152,1024,2026-04-15T01:04:22Z,baseline_nvml_pt,nvidia-smi,ok,2.0,2568.0,1695.0,7601.0,66.02,0.2670080065727234,129.16015625,129.16015625,8.0,True,,86.0,57.00000000000001,75.0,estimated,,prefill-facebook-opt-1-3b-chunk-512-sm-16,success,,,/mnt/data/dheeraj/dicertation/inference-profile/runs/revised-rerun-20260415-020401-g3-opt13b-c512-1024/raw/points/prefill/prefill-facebook-opt-1-3b-chunk-512-sm-16.csv
facebook/opt-1.3b,512,gemm,fc1,16,1,252.9279887676239,127045632,135434240,8388608,8388608,1024,2026-04-15T01:04:22Z,baseline_nvml_pt,nvidia-smi,ok,2.0,2568.0,1695.0,7601.0,66.02,0.2670080065727234,129.16015625,129.16015625,8.0,True,,86.0,57.00000000000001,75.0,estimated,,prefill-facebook-opt-1-3b-chunk-512-sm-16,success,,,/mnt/data/dheeraj/dicertation/inference-profile/runs/revised-rerun-20260415-020401-g3-opt13b-c512-1024/raw/points/prefill/prefill-facebook-opt-1-3b-chunk-512-sm-16.csv
facebook/opt-1.3b,512,gemm,fc2,16,1,224.2559939622879,127045632,129142784,2097152,2097152,1024,2026-04-15T01:04:22Z,baseline_nvml_pt,nvidia-smi,ok,2.0,2568.0,1695.0,7601.0,66.02,0.2670080065727234,129.16015625,129.16015625,8.0,True,,86.0,57.00000000000001,75.0,estimated,,prefill-facebook-opt-1-3b-chunk-512-sm-16,success,,,/mnt/data/dheeraj/dicertation/inference-profile/runs/revised-rerun-20260415-020401-g3-opt13b-c512-1024/raw/points/prefill/prefill-facebook-opt-1-3b-chunk-512-sm-16.csv
facebook/opt-1.3b,512,attention,attention,16,1,71.68000191450119,127045632,129209344,2163712,2097152,1024,2026-04-15T01:04:22Z,baseline_nvml_pt,nvidia-smi,ok,2.0,2568.0,1695.0,7601.0,66.02,0.2670080065727234,129.16015625,129.16015625,8.0,True,,86.0,57.00000000000001,75.0,estimated,,prefill-facebook-opt-1-3b-chunk-512-sm-16,success,,,/mnt/data/dheeraj/dicertation/inference-profile/runs/revised-rerun-20260415-020401-g3-opt13b-c512-1024/raw/points/prefill/prefill-facebook-opt-1-3b-chunk-512-sm-16.csv
facebook/opt-1.3b,512,gemm,q_proj,16,2,95.23200243711472,127045632,129142784,2097152,2097152,1024,2026-04-15T01:04:22Z,baseline_nvml_pt,nvidia-smi,ok,2.0,2568.0,1695.0,7601.0,66.02,0.2670080065727234,129.16015625,129.16015625,8.0,True,,86.0,57.00000000000001,75.0,estimated,,prefill-facebook-opt-1-3b-chunk-512-sm-16,success,,,/mnt/data/dheeraj/dicertation/inference-profile/runs/revised-rerun-20260415-020401-g3-opt13b-c512-1024/raw/points/prefill/prefill-facebook-opt-1-3b-chunk-512-sm-16.csv
facebook/opt-1.3b,512,gemm,k_proj,16,2,98.08000177145004,127045632,129142784,2097152,2097152,1024,2026-04-15T01:04:22Z,baseline_nvml_pt,nvidia-smi,ok,2.0,2568.0,1695.0,7601.0,66.02,0.2670080065727234,129.16015625,129.16015625,8.0,True,,86.0,57.00000000000001,75.0,estimated,,prefill-facebook-opt-1-3b-chunk-512-sm-16,success,,,/mnt/data/dheeraj/dicertation/inference-profile/runs/revised-rerun-20260415-020401-g3-opt13b-c512-1024/raw/points/prefill/prefill-facebook-opt-1-3b-chunk-512-sm-16.csv
facebook/opt-1.3b,512,gemm,v_proj,16,2,89.05600011348724,127045632,129142784,2097152,2097152,1024,2026-04-15T01:04:22Z,baseline_nvml_pt,nvidia-smi,ok,2.0,2568.0,1695.0,7601.0,66.02,0.2670080065727234,129.16015625,129.16015625,8.0,True,,86.0,57.00000000000001,75.0,estimated,,prefill-facebook-opt-1-3b-chunk-512-sm-16,success,,,/mnt/data/dheeraj/dicertation/inference-profile/runs/revised-rerun-20260415-020401-g3-opt13b-c512-1024/raw/points/prefill/prefill-facebook-opt-1-3b-chunk-512-sm-16.csv
facebook/opt-1.3b,512,gemm,out_proj,16,2,113.66400122642516,127045632,129142784,2097152,2097152,1024,2026-04-15T01:04:22Z,baseline_nvml_pt,nvidia-smi,ok,2.0,2568.0,1695.0,7601.0,66.02,0.2670080065727234,129.16015625,129.16015625,8.0,True,,86.0,57.00000000000001,75.0,estimated,,prefill-facebook-opt-1-3b-chunk-512-sm-16,success,,,/mnt/data/dheeraj/dicertation/inference-profile/runs/revised-rerun-20260415-020401-g3-opt13b-c512-1024/raw/points/prefill/prefill-facebook-opt-1-3b-chunk-512-sm-16.csv
facebook/opt-1.3b,512,gemm,fc1,16,2,259.93600487709045,127045632,135434240,8388608,8388608,1024,2026-04-15T01:04:22Z,baseline_nvml_pt,nvidia-smi,ok,2.0,2568.0,1695.0,7601.0,66.02,0.2670080065727234,129.16015625,129.16015625,8.0,True,,86.0,57.00000000000001,75.0,estimated,,prefill-facebook-opt-1-3b-chunk-512-sm-16,success,,,/mnt/data/dheeraj/dicertation/inference-profile/runs/revised-rerun-20260415-020401-g3-opt13b-c512-1024/raw/points/prefill/prefill-facebook-opt-1-3b-chunk-512-sm-16.csv
facebook/opt-1.3b,512,gemm,fc2,16,2,224.19199347496036,127045632,129142784,2097152,2097152,1024,2026-04-15T01:04:22Z,baseline_nvml_pt,nvidia-smi,ok,2.0,2568.0,1695.0,7601.0,66.02,0.2670080065727234,129.16015625,129.16015625,8.0,True,,86.0,57.00000000000001,75.0,estimated,,prefill-facebook-opt-1-3b-chunk-512-sm-16,success,,,/mnt/data/dheeraj/dicertation/inference-profile/runs/revised-rerun-20260415-020401-g3-opt13b-c512-1024/raw/points/prefill/prefill-facebook-opt-1-3b-chunk-512-sm-16.csv
facebook/opt-1.3b,512,attention,attention,16,2,78.65600287914276,127045632,129209344,2163712,2097152,1024,2026-04-15T01:04:22Z,baseline_nvml_pt,nvidia-smi,ok,2.0,2568.0,1695.0,7601.0,66.02,0.2670080065727234,129.16015625,129.16015625,8.0,True,,86.0,57.00000000000001,75.0,estimated,,prefill-facebook-opt-1-3b-chunk-512-sm-16,success,,,/mnt/data/dheeraj/dicertation/inference-profile/runs/revised-rerun-20260415-020401-g3-opt13b-c512-1024/raw/points/prefill/prefill-facebook-opt-1-3b-chunk-512-sm-16.csv
facebook/opt-1.3b,512,gemm,q_proj,16,3,93.18400174379347,127045632,129142784,2097152,2097152,1024,2026-04-15T01:04:22Z,baseline_nvml_pt,nvidia-smi,ok,2.0,2568.0,1695.0,7601.0,66.02,0.2670080065727234,129.16015625,129.16015625,8.0,True,,86.0,57.00000000000001,75.0,estimated,,prefill-facebook-opt-1-3b-chunk-512-sm-16,success,,,/mnt/data/dheeraj/dicertation/inference-profile/runs/revised-rerun-20260415-020401-g3-opt13b-c512-1024/raw/points/prefill/prefill-facebook-opt-1-3b-chunk-512-sm-16.csv
facebook/opt-1.3b,512,gemm,k_proj,16,3,89.15200084447861,127045632,129142784,2097152,2097152,1024,2026-04-15T01:04:22Z,baseline_nvml_pt,nvidia-smi,ok,2.0,2568.0,1695.0,7601.0,66.02,0.2670080065727234,129.16015625,129.16015625,8.0,True,,86.0,57.00000000000001,75.0,estimated,,prefill-facebook-opt-1-3b-chunk-512-sm-16,success,,,/mnt/data/dheeraj/dicertation/inference-profile/runs/revised-rerun-20260415-020401-g3-opt13b-c512-1024/raw/points/prefill/prefill-facebook-opt-1-3b-chunk-512-sm-16.csv
facebook/opt-1.3b,512,gemm,v_proj,16,3,90.11200070381165,127045632,129142784,2097152,2097152,1024,2026-04-15T01:04:22Z,baseline_nvml_pt,nvidia-smi,ok,2.0,2568.0,1695.0,7601.0,66.02,0.2670080065727234,129.16015625,129.16015625,8.0,True,,86.0,57.00000000000001,75.0,estimated,,prefill-facebook-opt-1-3b-chunk-512-sm-16,success,,,/mnt/data/dheeraj/dicertation/inference-profile/runs/revised-rerun-20260415-020401-g3-opt13b-c512-1024/raw/points/prefill/prefill-facebook-opt-1-3b-chunk-512-sm-16.csv
facebook/opt-1.3b,512,gemm,out_proj,16,3,89.08800035715103,127045632,129142784,2097152,2097152,1024,2026-04-15T01:04:22Z,baseline_nvml_pt,nvidia-smi,ok,2.0,2568.0,1695.0,7601.0,66.02,0.2670080065727234,129.16015625,129.16015625,8.0,True,,86.0,57.00000000000001,75.0,estimated,,prefill-facebook-opt-1-3b-chunk-512-sm-16,success,,,/mnt/data/dheeraj/dicertation/inference-profile/runs/revised-rerun-20260415-020401-g3-opt13b-c512-1024/raw/points/prefill/prefill-facebook-opt-1-3b-chunk-512-sm-16.csv
facebook/opt-1.3b,512,gemm,fc1,16,3,252.6719868183136,127045632,135434240,8388608,8388608,1024,2026-04-15T01:04:22Z,baseline_nvml_pt,nvidia-smi,ok,2.0,2568.0,1695.0,7601.0,66.02,0.2670080065727234,129.16015625,129.16015625,8.0,True,,86.0,57.00000000000001,75.0,estimated,,prefill-facebook-opt-1-3b-chunk-512-sm-16,success,,,/mnt/data/dheeraj/dicertation/inference-profile/runs/revised-rerun-20260415-020401-g3-opt13b-c512-1024/raw/points/prefill/prefill-facebook-opt-1-3b-chunk-512-sm-16.csv
facebook/opt-1.3b,512,gemm,fc2,16,3,224.2559939622879,127045632,129142784,2097152,2097152,1024,2026-04-15T01:04:22Z,baseline_nvml_pt,nvidia-smi,ok,2.0,2568.0,1695.0,7601.0,66.02,0.2670080065727234,129.16015625,129.16015625,8.0,True,,86.0,57.00000000000001,75.0,estimated,,prefill-facebook-opt-1-3b-chunk-512-sm-16,success,,,/mnt/data/dheeraj/dicertation/inference-profile/runs/revised-rerun-20260415-020401-g3-opt13b-c512-1024/raw/points/prefill/prefill-facebook-opt-1-3b-chunk-512-sm-16.csv
facebook/opt-1.3b,512,attention,attention,16,3,70.65600156784058,127045632,129209344,2163712,2097152,1024,2026-04-15T01:04:22Z,baseline_nvml_pt,nvidia-smi,ok,2.0,2568.0,1695.0,7601.0,66.02,0.2670080065727234,129.16015625,129.16015625,8.0,True,,86.0,57.00000000000001,75.0,estimated,,prefill-facebook-opt-1-3b-chunk-512-sm-16,success,,,/mnt/data/dheeraj/dicertation/inference-profile/runs/revised-rerun-20260415-020401-g3-opt13b-c512-1024/raw/points/prefill/prefill-facebook-opt-1-3b-chunk-512-sm-16.csv
facebook/opt-1.3b,512,gemm,q_proj,16,4,92.99200028181076,127045632,129142784,2097152,2097152,1024,2026-04-15T01:04:22Z,baseline_nvml_pt,nvidia-smi,ok,2.0,2568.0,1695.0,7601.0,66.02,0.2670080065727234,129.16015625,129.16015625,8.0,True,,86.0,57.00000000000001,75.0,estimated,,prefill-facebook-opt-1-3b-chunk-512-sm-16,success,,,/mnt/data/dheeraj/dicertation/inference-profile/runs/revised-rerun-20260415-020401-g3-opt13b-c512-1024/raw/points/prefill/prefill-facebook-opt-1-3b-chunk-512-sm-16.csv
facebook/opt-1.3b,512,gemm,k_proj,16,4,89.08800035715103,127045632,129142784,2097152,2097152,1024,2026-04-15T01:04:22Z,baseline_nvml_pt,nvidia-smi,ok,2.0,2568.0,1695.0,7601.0,66.02,0.2670080065727234,129.16015625,129.16015625,8.0,True,,86.0,57.00000000000001,75.0,estimated,,prefill-facebook-opt-1-3b-chunk-512-sm-16,success,,,/mnt/data/dheeraj/dicertation/inference-profile/runs/revised-rerun-20260415-020401-g3-opt13b-c512-1024/raw/points/prefill/prefill-facebook-opt-1-3b-chunk-512-sm-16.csv
facebook/opt-1.3b,512,gemm,v_proj,16,4,88.06400001049042,127045632,129142784,2097152,2097152,1024,2026-04-15T01:04:22Z,baseline_nvml_pt,nvidia-smi,ok,2.0,2568.0,1695.0,7601.0,66.02,0.2670080065727234,129.16015625,129.16015625,8.0,True,,86.0,57.00000000000001,75.0,estimated,,prefill-facebook-opt-1-3b-chunk-512-sm-16,success,,,/mnt/data/dheeraj/dicertation/inference-profile/runs/revised-rerun-20260415-020401-g3-opt13b-c512-1024/raw/points/prefill/prefill-facebook-opt-1-3b-chunk-512-sm-16.csv
facebook/opt-1.3b,512,gemm,out_proj,16,4,86.01599931716919,127045632,129142784,2097152,2097152,1024,2026-04-15T01:04:22Z,baseline_nvml_pt,nvidia-smi,ok,2.0,2568.0,1695.0,7601.0,66.02,0.2670080065727234,129.16015625,129.16015625,8.0,True,,86.0,57.00000000000001,75.0,estimated,,prefill-facebook-opt-1-3b-chunk-512-sm-16,success,,,/mnt/data/dheeraj/dicertation/inference-profile/runs/revised-rerun-20260415-020401-g3-opt13b-c512-1024/raw/points/prefill/prefill-facebook-opt-1-3b-chunk-512-sm-16.csv
facebook/opt-1.3b,512,gemm,fc1,16,4,252.86400318145752,127045632,135434240,8388608,8388608,1024,2026-04-15T01:04:22Z,baseline_nvml_pt,nvidia-smi,ok,2.0,2568.0,1695.0,7601.0,66.02,0.2670080065727234,129.16015625,129.16015625,8.0,True,,86.0,57.00000000000001,75.0,estimated,,prefill-facebook-opt-1-3b-chunk-512-sm-16,success,,,/mnt/data/dheeraj/dicertation/inference-profile/runs/revised-rerun-20260415-020401-g3-opt13b-c512-1024/raw/points/prefill/prefill-facebook-opt-1-3b-chunk-512-sm-16.csv
facebook/opt-1.3b,512,gemm,fc2,16,4,225.2800017595291,127045632,129142784,2097152,2097152,1024,2026-04-15T01:04:22Z,baseline_nvml_pt,nvidia-smi,ok,2.0,2568.0,1695.0,7601.0,66.02,0.2670080065727234,129.16015625,129.16015625,8.0,True,,86.0,57.00000000000001,75.0,estimated,,prefill-facebook-opt-1-3b-chunk-512-sm-16,success,,,/mnt/data/dheeraj/dicertation/inference-profile/runs/revised-rerun-20260415-020401-g3-opt13b-c512-1024/raw/points/prefill/prefill-facebook-opt-1-3b-chunk-512-sm-16.csv
facebook/opt-1.3b,512,attention,attention,16,4,72.73600250482559,127045632,129209344,2163712,2097152,1024,2026-04-15T01:04:22Z,baseline_nvml_pt,nvidia-smi,ok,2.0,2568.0,1695.0,7601.0,66.02,0.2670080065727234,129.16015625,129.16015625,8.0,True,,86.0,57.00000000000001,75.0,estimated,,prefill-facebook-opt-1-3b-chunk-512-sm-16,success,,,/mnt/data/dheeraj/dicertation/inference-profile/runs/revised-rerun-20260415-020401-g3-opt13b-c512-1024/raw/points/prefill/prefill-facebook-opt-1-3b-chunk-512-sm-16.csv
facebook/opt-1.3b,512,gemm,q_proj,24,0,145.11999487876892,127045632,129142784,2097152,2097152,1024,2026-04-15T01:04:28Z,baseline_nvml_pt,nvidia-smi,ok,0.0,2568.0,1695.0,7601.0,66.14,0.2775039970874786,129.16015625,129.16015625,8.0,True,,93.0,51.5,82.5,estimated,,prefill-facebook-opt-1-3b-chunk-512-sm-24,success,,,/mnt/data/dheeraj/dicertation/inference-profile/runs/revised-rerun-20260415-020401-g3-opt13b-c512-1024/raw/points/prefill/prefill-facebook-opt-1-3b-chunk-512-sm-24.csv
facebook/opt-1.3b,512,gemm,k_proj,24,0,121.85599654912949,127045632,129142784,2097152,2097152,1024,2026-04-15T01:04:28Z,baseline_nvml_pt,nvidia-smi,ok,0.0,2568.0,1695.0,7601.0,66.14,0.2775039970874786,129.16015625,129.16015625,8.0,True,,93.0,51.5,82.5,estimated,,prefill-facebook-opt-1-3b-chunk-512-sm-24,success,,,/mnt/data/dheeraj/dicertation/inference-profile/runs/revised-rerun-20260415-020401-g3-opt13b-c512-1024/raw/points/prefill/prefill-facebook-opt-1-3b-chunk-512-sm-24.csv
facebook/opt-1.3b,512,gemm,v_proj,24,0,116.736002266407,127045632,129142784,2097152,2097152,1024,2026-04-15T01:04:28Z,baseline_nvml_pt,nvidia-smi,ok,0.0,2568.0,1695.0,7601.0,66.14,0.2775039970874786,129.16015625,129.16015625,8.0,True,,93.0,51.5,82.5,estimated,,prefill-facebook-opt-1-3b-chunk-512-sm-24,success,,,/mnt/data/dheeraj/dicertation/inference-profile/runs/revised-rerun-20260415-020401-g3-opt13b-c512-1024/raw/points/prefill/prefill-facebook-opt-1-3b-chunk-512-sm-24.csv
facebook/opt-1.3b,512,gemm,out_proj,24,0,102.39999741315842,127045632,129142784,2097152,2097152,1024,2026-04-15T01:04:28Z,baseline_nvml_pt,nvidia-smi,ok,0.0,2568.0,1695.0,7601.0,66.14,0.2775039970874786,129.16015625,129.16015625,8.0,True,,93.0,51.5,82.5,estimated,,prefill-facebook-opt-1-3b-chunk-512-sm-24,success,,,/mnt/data/dheeraj/dicertation/inference-profile/runs/revised-rerun-20260415-020401-g3-opt13b-c512-1024/raw/points/prefill/prefill-facebook-opt-1-3b-chunk-512-sm-24.csv
facebook/opt-1.3b,512,gemm,fc1,24,0,277.50399708747864,127045632,135434240,8388608,8388608,1024,2026-04-15T01:04:28Z,baseline_nvml_pt,nvidia-smi,ok,0.0,2568.0,1695.0,7601.0,66.14,0.2775039970874786,129.16015625,129.16015625,8.0,True,,93.0,51.5,82.5,estimated,,prefill-facebook-opt-1-3b-chunk-512-sm-24,success,,,/mnt/data/dheeraj/dicertation/inference-profile/runs/revised-rerun-20260415-020401-g3-opt13b-c512-1024/raw/points/prefill/prefill-facebook-opt-1-3b-chunk-512-sm-24.csv
facebook/opt-1.3b,512,gemm,fc2,24,0,233.34400355815887,127045632,129142784,2097152,2097152,1024,2026-04-15T01:04:28Z,baseline_nvml_pt,nvidia-smi,ok,0.0,2568.0,1695.0,7601.0,66.14,0.2775039970874786,129.16015625,129.16015625,8.0,True,,93.0,51.5,82.5,estimated,,prefill-facebook-opt-1-3b-chunk-512-sm-24,success,,,/mnt/data/dheeraj/dicertation/inference-profile/runs/revised-rerun-20260415-020401-g3-opt13b-c512-1024/raw/points/prefill/prefill-facebook-opt-1-3b-chunk-512-sm-24.csv
facebook/opt-1.3b,512,attention,attention,24,0,84.99199897050858,127045632,129209344,2163712,2097152,1024,2026-04-15T01:04:28Z,baseline_nvml_pt,nvidia-smi,ok,0.0,2568.0,1695.0,7601.0,66.14,0.2775039970874786,129.16015625,129.16015625,8.0,True,,93.0,51.5,82.5,estimated,,prefill-facebook-opt-1-3b-chunk-512-sm-24,success,,,/mnt/data/dheeraj/dicertation/inference-profile/runs/revised-rerun-20260415-020401-g3-opt13b-c512-1024/raw/points/prefill/prefill-facebook-opt-1-3b-chunk-512-sm-24.csv
facebook/opt-1.3b,512,gemm,q_proj,24,1,102.39999741315842,127045632,129142784,2097152,2097152,1024,2026-04-15T01:04:28Z,baseline_nvml_pt,nvidia-smi,ok,0.0,2568.0,1695.0,7601.0,66.14,0.2775039970874786,129.16015625,129.16015625,8.0,True,,93.0,51.5,82.5,estimated,,prefill-facebook-opt-1-3b-chunk-512-sm-24,success,,,/mnt/data/dheeraj/dicertation/inference-profile/runs/revised-rerun-20260415-020401-g3-opt13b-c512-1024/raw/points/prefill/prefill-facebook-opt-1-3b-chunk-512-sm-24.csv
facebook/opt-1.3b,512,gemm,k_proj,24,1,94.24000233411788,127045632,129142784,2097152,2097152,1024,2026-04-15T01:04:28Z,baseline_nvml_pt,nvidia-smi,ok,0.0,2568.0,1695.0,7601.0,66.14,0.2775039970874786,129.16015625,129.16015625,8.0,True,,93.0,51.5,82.5,estimated,,prefill-facebook-opt-1-3b-chunk-512-sm-24,success,,,/mnt/data/dheeraj/dicertation/inference-profile/runs/revised-rerun-20260415-020401-g3-opt13b-c512-1024/raw/points/prefill/prefill-facebook-opt-1-3b-chunk-512-sm-24.csv
facebook/opt-1.3b,512,gemm,v_proj,24,1,90.11200070381165,127045632,129142784,2097152,2097152,1024,2026-04-15T01:04:28Z,baseline_nvml_pt,nvidia-smi,ok,0.0,2568.0,1695.0,7601.0,66.14,0.2775039970874786,129.16015625,129.16015625,8.0,True,,93.0,51.5,82.5,estimated,,prefill-facebook-opt-1-3b-chunk-512-sm-24,success,,,/mnt/data/dheeraj/dicertation/inference-profile/runs/revised-rerun-20260415-020401-g3-opt13b-c512-1024/raw/points/prefill/prefill-facebook-opt-1-3b-chunk-512-sm-24.csv
facebook/opt-1.3b,512,gemm,out_proj,24,1,102.1760031580925,127045632,129142784,2097152,2097152,1024,2026-04-15T01:04:28Z,baseline_nvml_pt,nvidia-smi,ok,0.0,2568.0,1695.0,7601.0,66.14,0.2775039970874786,129.16015625,129.16015625,8.0,True,,93.0,51.5,82.5,estimated,,prefill-facebook-opt-1-3b-chunk-512-sm-24,success,,,/mnt/data/dheeraj/dicertation/inference-profile/runs/revised-rerun-20260415-020401-g3-opt13b-c512-1024/raw/points/prefill/prefill-facebook-opt-1-3b-chunk-512-sm-24.csv
facebook/opt-1.3b,512,gemm,fc1,24,1,260.09601354599,127045632,135434240,8388608,8388608,1024,2026-04-15T01:04:28Z,baseline_nvml_pt,nvidia-smi,ok,0.0,2568.0,1695.0,7601.0,66.14,0.2775039970874786,129.16015625,129.16015625,8.0,True,,93.0,51.5,82.5,estimated,,prefill-facebook-opt-1-3b-chunk-512-sm-24,success,,,/mnt/data/dheeraj/dicertation/inference-profile/runs/revised-rerun-20260415-020401-g3-opt13b-c512-1024/raw/points/prefill/prefill-facebook-opt-1-3b-chunk-512-sm-24.csv
facebook/opt-1.3b,512,gemm,fc2,24,1,226.30399465560916,127045632,129142784,2097152,2097152,1024,2026-04-15T01:04:28Z,baseline_nvml_pt,nvidia-smi,ok,0.0,2568.0,1695.0,7601.0,66.14,0.2775039970874786,129.16015625,129.16015625,8.0,True,,93.0,51.5,82.5,estimated,,prefill-facebook-opt-1-3b-chunk-512-sm-24,success,,,/mnt/data/dheeraj/dicertation/inference-profile/runs/revised-rerun-20260415-020401-g3-opt13b-c512-1024/raw/points/prefill/prefill-facebook-opt-1-3b-chunk-512-sm-24.csv
facebook/opt-1.3b,512,attention,attention,24,1,75.77600330114365,127045632,129209344,2163712,2097152,1024,2026-04-15T01:04:28Z,baseline_nvml_pt,nvidia-smi,ok,0.0,2568.0,1695.0,7601.0,66.14,0.2775039970874786,129.16015625,129.16015625,8.0,True,,93.0,51.5,82.5,estimated,,prefill-facebook-opt-1-3b-chunk-512-sm-24,success,,,/mnt/data/dheeraj/dicertation/inference-profile/runs/revised-rerun-20260415-020401-g3-opt13b-c512-1024/raw/points/prefill/prefill-facebook-opt-1-3b-chunk-512-sm-24.csv
facebook/opt-1.3b,512,gemm,q_proj,24,2,97.120001912117,127045632,129142784,2097152,2097152,1024,2026-04-15T01:04:28Z,baseline_nvml_pt,nvidia-smi,ok,0.0,2568.0,1695.0,7601.0,66.14,0.2775039970874786,129.16015625,129.16015625,8.0,True,,93.0,51.5,82.5,estimated,,prefill-facebook-opt-1-3b-chunk-512-sm-24,success,,,/mnt/data/dheeraj/dicertation/inference-profile/runs/revised-rerun-20260415-020401-g3-opt13b-c512-1024/raw/points/prefill/prefill-facebook-opt-1-3b-chunk-512-sm-24.csv
facebook/opt-1.3b,512,gemm,k_proj,24,2,106.30399733781816,127045632,129142784,2097152,2097152,1024,2026-04-15T01:04:28Z,baseline_nvml_pt,nvidia-smi,ok,0.0,2568.0,1695.0,7601.0,66.14,0.2775039970874786,129.16015625,129.16015625,8.0,True,,93.0,51.5,82.5,estimated,,prefill-facebook-opt-1-3b-chunk-512-sm-24,success,,,/mnt/data/dheeraj/dicertation/inference-profile/runs/revised-rerun-20260415-020401-g3-opt13b-c512-1024/raw/points/prefill/prefill-facebook-opt-1-3b-chunk-512-sm-24.csv
facebook/opt-1.3b,512,gemm,v_proj,24,2,90.33600240945816,127045632,129142784,2097152,2097152,1024,2026-04-15T01:04:28Z,baseline_nvml_pt,nvidia-smi,ok,0.0,2568.0,1695.0,7601.0,66.14,0.2775039970874786,129.16015625,129.16015625,8.0,True,,93.0,51.5,82.5,estimated,,prefill-facebook-opt-1-3b-chunk-512-sm-24,success,,,/mnt/data/dheeraj/dicertation/inference-profile/runs/revised-rerun-20260415-020401-g3-opt13b-c512-1024/raw/points/prefill/prefill-facebook-opt-1-3b-chunk-512-sm-24.csv
facebook/opt-1.3b,512,gemm,out_proj,24,2,90.11200070381165,127045632,129142784,2097152,2097152,1024,2026-04-15T01:04:28Z,baseline_nvml_pt,nvidia-smi,ok,0.0,2568.0,1695.0,7601.0,66.14,0.2775039970874786,129.16015625,129.16015625,8.0,True,,93.0,51.5,82.5,estimated,,prefill-facebook-opt-1-3b-chunk-512-sm-24,success,,,/mnt/data/dheeraj/dicertation/inference-profile/runs/revised-rerun-20260415-020401-g3-opt13b-c512-1024/raw/points/prefill/prefill-facebook-opt-1-3b-chunk-512-sm-24.csv
facebook/opt-1.3b,512,gemm,fc1,24,2,264.0959918498993,127045632,135434240,8388608,8388608,1024,2026-04-15T01:04:28Z,baseline_nvml_pt,nvidia-smi,ok,0.0,2568.0,1695.0,7601.0,66.14,0.2775039970874786,129.16015625,129.16015625,8.0,True,,93.0,51.5,82.5,estimated,,prefill-facebook-opt-1-3b-chunk-512-sm-24,success,,,/mnt/data/dheeraj/dicertation/inference-profile/runs/revised-rerun-20260415-020401-g3-opt13b-c512-1024/raw/points/prefill/prefill-facebook-opt-1-3b-chunk-512-sm-24.csv
facebook/opt-1.3b,512,gemm,fc2,24,2,225.2800017595291,127045632,129142784,2097152,2097152,1024,2026-04-15T01:04:28Z,baseline_nvml_pt,nvidia-smi,ok,0.0,2568.0,1695.0,7601.0,66.14,0.2775039970874786,129.16015625,129.16015625,8.0,True,,93.0,51.5,82.5,estimated,,prefill-facebook-opt-1-3b-chunk-512-sm-24,success,,,/mnt/data/dheeraj/dicertation/inference-profile/runs/revised-rerun-20260415-020401-g3-opt13b-c512-1024/raw/points/prefill/prefill-facebook-opt-1-3b-chunk-512-sm-24.csv
facebook/opt-1.3b,512,attention,attention,24,2,82.94399827718735,127045632,129209344,2163712,2097152,1024,2026-04-15T01:04:28Z,baseline_nvml_pt,nvidia-smi,ok,0.0,2568.0,1695.0,7601.0,66.14,0.2775039970874786,129.16015625,129.16015625,8.0,True,,93.0,51.5,82.5,estimated,,prefill-facebook-opt-1-3b-chunk-512-sm-24,success,,,/mnt/data/dheeraj/dicertation/inference-profile/runs/revised-rerun-20260415-020401-g3-opt13b-c512-1024/raw/points/prefill/prefill-facebook-opt-1-3b-chunk-512-sm-24.csv
facebook/opt-1.3b,512,gemm,q_proj,24,3,96.00000083446504,127045632,129142784,2097152,2097152,1024,2026-04-15T01:04:28Z,baseline_nvml_pt,nvidia-smi,ok,0.0,2568.0,1695.0,7601.0,66.14,0.2775039970874786,129.16015625,129.16015625,8.0,True,,93.0,51.5,82.5,estimated,,prefill-facebook-opt-1-3b-chunk-512-sm-24,success,,,/mnt/data/dheeraj/dicertation/inference-profile/runs/revised-rerun-20260415-020401-g3-opt13b-c512-1024/raw/points/prefill/prefill-facebook-opt-1-3b-chunk-512-sm-24.csv
facebook/opt-1.3b,512,gemm,k_proj,24,3,90.94399958848952,127045632,129142784,2097152,2097152,1024,2026-04-15T01:04:28Z,baseline_nvml_pt,nvidia-smi,ok,0.0,2568.0,1695.0,7601.0,66.14,0.2775039970874786,129.16015625,129.16015625,8.0,True,,93.0,51.5,82.5,estimated,,prefill-facebook-opt-1-3b-chunk-512-sm-24,success,,,/mnt/data/dheeraj/dicertation/inference-profile/runs/revised-rerun-20260415-020401-g3-opt13b-c512-1024/raw/points/prefill/prefill-facebook-opt-1-3b-chunk-512-sm-24.csv
facebook/opt-1.3b,512,gemm,v_proj,24,3,91.13600105047226,127045632,129142784,2097152,2097152,1024,2026-04-15T01:04:28Z,baseline_nvml_pt,nvidia-smi,ok,0.0,2568.0,1695.0,7601.0,66.14,0.2775039970874786,129.16015625,129.16015625,8.0,True,,93.0,51.5,82.5,estimated,,prefill-facebook-opt-1-3b-chunk-512-sm-24,success,,,/mnt/data/dheeraj/dicertation/inference-profile/runs/revised-rerun-20260415-020401-g3-opt13b-c512-1024/raw/points/prefill/prefill-facebook-opt-1-3b-chunk-512-sm-24.csv
facebook/opt-1.3b,512,gemm,out_proj,24,3,90.11200070381165,127045632,129142784,2097152,2097152,1024,2026-04-15T01:04:28Z,baseline_nvml_pt,nvidia-smi,ok,0.0,2568.0,1695.0,7601.0,66.14,0.2775039970874786,129.16015625,129.16015625,8.0,True,,93.0,51.5,82.5,estimated,,prefill-facebook-opt-1-3b-chunk-512-sm-24,success,,,/mnt/data/dheeraj/dicertation/inference-profile/runs/revised-rerun-20260415-020401-g3-opt13b-c512-1024/raw/points/prefill/prefill-facebook-opt-1-3b-chunk-512-sm-24.csv
facebook/opt-1.3b,512,gemm,fc1,24,3,256.00001215934753,127045632,135434240,8388608,8388608,1024,2026-04-15T01:04:28Z,baseline_nvml_pt,nvidia-smi,ok,0.0,2568.0,1695.0,7601.0,66.14,0.2775039970874786,129.16015625,129.16015625,8.0,True,,93.0,51.5,82.5,estimated,,prefill-facebook-opt-1-3b-chunk-512-sm-24,success,,,/mnt/data/dheeraj/dicertation/inference-profile/runs/revised-rerun-20260415-020401-g3-opt13b-c512-1024/raw/points/prefill/prefill-facebook-opt-1-3b-chunk-512-sm-24.csv
facebook/opt-1.3b,512,gemm,fc2,24,3,225.0239998102188,127045632,129142784,2097152,2097152,1024,2026-04-15T01:04:28Z,baseline_nvml_pt,nvidia-smi,ok,0.0,2568.0,1695.0,7601.0,66.14,0.2775039970874786,129.16015625,129.16015625,8.0,True,,93.0,51.5,82.5,estimated,,prefill-facebook-opt-1-3b-chunk-512-sm-24,success,,,/mnt/data/dheeraj/dicertation/inference-profile/runs/revised-rerun-20260415-020401-g3-opt13b-c512-1024/raw/points/prefill/prefill-facebook-opt-1-3b-chunk-512-sm-24.csv
facebook/opt-1.3b,512,attention,attention,24,3,74.49600100517273,127045632,129209344,2163712,2097152,1024,2026-04-15T01:04:28Z,baseline_nvml_pt,nvidia-smi,ok,0.0,2568.0,1695.0,7601.0,66.14,0.2775039970874786,129.16015625,129.16015625,8.0,True,,93.0,51.5,82.5,estimated,,prefill-facebook-opt-1-3b-chunk-512-sm-24,success,,,/mnt/data/dheeraj/dicertation/inference-profile/runs/revised-rerun-20260415-020401-g3-opt13b-c512-1024/raw/points/prefill/prefill-facebook-opt-1-3b-chunk-512-sm-24.csv
facebook/opt-1.3b,512,gemm,q_proj,24,4,94.2080020904541,127045632,129142784,2097152,2097152,1024,2026-04-15T01:04:28Z,baseline_nvml_pt,nvidia-smi,ok,0.0,2568.0,1695.0,7601.0,66.14,0.2775039970874786,129.16015625,129.16015625,8.0,True,,93.0,51.5,82.5,estimated,,prefill-facebook-opt-1-3b-chunk-512-sm-24,success,,,/mnt/data/dheeraj/dicertation/inference-profile/runs/revised-rerun-20260415-020401-g3-opt13b-c512-1024/raw/points/prefill/prefill-facebook-opt-1-3b-chunk-512-sm-24.csv
facebook/opt-1.3b,512,gemm,k_proj,24,4,99.32799637317656,127045632,129142784,2097152,2097152,1024,2026-04-15T01:04:28Z,baseline_nvml_pt,nvidia-smi,ok,0.0,2568.0,1695.0,7601.0,66.14,0.2775039970874786,129.16015625,129.16015625,8.0,True,,93.0,51.5,82.5,estimated,,prefill-facebook-opt-1-3b-chunk-512-sm-24,success,,,/mnt/data/dheeraj/dicertation/inference-profile/runs/revised-rerun-20260415-020401-g3-opt13b-c512-1024/raw/points/prefill/prefill-facebook-opt-1-3b-chunk-512-sm-24.csv
facebook/opt-1.3b,512,gemm,v_proj,24,4,89.08800035715103,127045632,129142784,2097152,2097152,1024,2026-04-15T01:04:28Z,baseline_nvml_pt,nvidia-smi,ok,0.0,2568.0,1695.0,7601.0,66.14,0.2775039970874786,129.16015625,129.16015625,8.0,True,,93.0,51.5,82.5,estimated,,prefill-facebook-opt-1-3b-chunk-512-sm-24,success,,,/mnt/data/dheeraj/dicertation/inference-profile/runs/revised-rerun-20260415-020401-g3-opt13b-c512-1024/raw/points/prefill/prefill-facebook-opt-1-3b-chunk-512-sm-24.csv
facebook/opt-1.3b,512,gemm,out_proj,24,4,89.08800035715103,127045632,129142784,2097152,2097152,1024,2026-04-15T01:04:28Z,baseline_nvml_pt,nvidia-smi,ok,0.0,2568.0,1695.0,7601.0,66.14,0.2775039970874786,129.16015625,129.16015625,8.0,True,,93.0,51.5,82.5,estimated,,prefill-facebook-opt-1-3b-chunk-512-sm-24,success,,,/mnt/data/dheeraj/dicertation/inference-profile/runs/revised-rerun-20260415-020401-g3-opt13b-c512-1024/raw/points/prefill/prefill-facebook-opt-1-3b-chunk-512-sm-24.csv
facebook/opt-1.3b,512,gemm,fc1,24,4,254.11200523376465,127045632,135434240,8388608,8388608,1024,2026-04-15T01:04:28Z,baseline_nvml_pt,nvidia-smi,ok,0.0,2568.0,1695.0,7601.0,66.14,0.2775039970874786,129.16015625,129.16015625,8.0,True,,93.0,51.5,82.5,estimated,,prefill-facebook-opt-1-3b-chunk-512-sm-24,success,,,/mnt/data/dheeraj/dicertation/inference-profile/runs/revised-rerun-20260415-020401-g3-opt13b-c512-1024/raw/points/prefill/prefill-facebook-opt-1-3b-chunk-512-sm-24.csv
facebook/opt-1.3b,512,gemm,fc2,24,4,223.008006811142,127045632,129142784,2097152,2097152,1024,2026-04-15T01:04:28Z,baseline_nvml_pt,nvidia-smi,ok,0.0,2568.0,1695.0,7601.0,66.14,0.2775039970874786,129.16015625,129.16015625,8.0,True,,93.0,51.5,82.5,estimated,,prefill-facebook-opt-1-3b-chunk-512-sm-24,success,,,/mnt/data/dheeraj/dicertation/inference-profile/runs/revised-rerun-20260415-020401-g3-opt13b-c512-1024/raw/points/prefill/prefill-facebook-opt-1-3b-chunk-512-sm-24.csv
facebook/opt-1.3b,512,attention,attention,24,4,73.72800260782242,127045632,129209344,2163712,2097152,1024,2026-04-15T01:04:28Z,baseline_nvml_pt,nvidia-smi,ok,0.0,2568.0,1695.0,7601.0,66.14,0.2775039970874786,129.16015625,129.16015625,8.0,True,,93.0,51.5,82.5,estimated,,prefill-facebook-opt-1-3b-chunk-512-sm-24,success,,,/mnt/data/dheeraj/dicertation/inference-profile/runs/revised-rerun-20260415-020401-g3-opt13b-c512-1024/raw/points/prefill/prefill-facebook-opt-1-3b-chunk-512-sm-24.csv
facebook/opt-1.3b,512,gemm,q_proj,32,0,165.8879965543747,127045632,129142784,2097152,2097152,1024,2026-04-15T01:04:34Z,baseline_nvml_pt,nvidia-smi,ok,0.0,2568.0,1695.0,7601.0,66.61,0.279552012681961,129.16015625,129.16015625,8.0,True,,100.0,46.0,89.99999999999999,estimated,,prefill-facebook-opt-1-3b-chunk-512-sm-32,success,,,/mnt/data/dheeraj/dicertation/inference-profile/runs/revised-rerun-20260415-020401-g3-opt13b-c512-1024/raw/points/prefill/prefill-facebook-opt-1-3b-chunk-512-sm-32.csv
facebook/opt-1.3b,512,gemm,k_proj,32,0,103.42399775981904,127045632,129142784,2097152,2097152,1024,2026-04-15T01:04:34Z,baseline_nvml_pt,nvidia-smi,ok,0.0,2568.0,1695.0,7601.0,66.61,0.279552012681961,129.16015625,129.16015625,8.0,True,,100.0,46.0,89.99999999999999,estimated,,prefill-facebook-opt-1-3b-chunk-512-sm-32,success,,,/mnt/data/dheeraj/dicertation/inference-profile/runs/revised-rerun-20260415-020401-g3-opt13b-c512-1024/raw/points/prefill/prefill-facebook-opt-1-3b-chunk-512-sm-32.csv
facebook/opt-1.3b,512,gemm,v_proj,32,0,94.24000233411788,127045632,129142784,2097152,2097152,1024,2026-04-15T01:04:34Z,baseline_nvml_pt,nvidia-smi,ok,0.0,2568.0,1695.0,7601.0,66.61,0.279552012681961,129.16015625,129.16015625,8.0,True,,100.0,46.0,89.99999999999999,estimated,,prefill-facebook-opt-1-3b-chunk-512-sm-32,success,,,/mnt/data/dheeraj/dicertation/inference-profile/runs/revised-rerun-20260415-020401-g3-opt13b-c512-1024/raw/points/prefill/prefill-facebook-opt-1-3b-chunk-512-sm-32.csv
facebook/opt-1.3b,512,gemm,out_proj,32,0,90.11200070381165,127045632,129142784,2097152,2097152,1024,2026-04-15T01:04:34Z,baseline_nvml_pt,nvidia-smi,ok,0.0,2568.0,1695.0,7601.0,66.61,0.279552012681961,129.16015625,129.16015625,8.0,True,,100.0,46.0,89.99999999999999,estimated,,prefill-facebook-opt-1-3b-chunk-512-sm-32,success,,,/mnt/data/dheeraj/dicertation/inference-profile/runs/revised-rerun-20260415-020401-g3-opt13b-c512-1024/raw/points/prefill/prefill-facebook-opt-1-3b-chunk-512-sm-32.csv
facebook/opt-1.3b,512,gemm,fc1,32,0,279.55201268196106,127045632,135434240,8388608,8388608,1024,2026-04-15T01:04:34Z,baseline_nvml_pt,nvidia-smi,ok,0.0,2568.0,1695.0,7601.0,66.61,0.279552012681961,129.16015625,129.16015625,8.0,True,,100.0,46.0,89.99999999999999,estimated,,prefill-facebook-opt-1-3b-chunk-512-sm-32,success,,,/mnt/data/dheeraj/dicertation/inference-profile/runs/revised-rerun-20260415-020401-g3-opt13b-c512-1024/raw/points/prefill/prefill-facebook-opt-1-3b-chunk-512-sm-32.csv
facebook/opt-1.3b,512,gemm,fc2,32,0,230.3999960422516,127045632,129142784,2097152,2097152,1024,2026-04-15T01:04:34Z,baseline_nvml_pt,nvidia-smi,ok,0.0,2568.0,1695.0,7601.0,66.61,0.279552012681961,129.16015625,129.16015625,8.0,True,,100.0,46.0,89.99999999999999,estimated,,prefill-facebook-opt-1-3b-chunk-512-sm-32,success,,,/mnt/data/dheeraj/dicertation/inference-profile/runs/revised-rerun-20260415-020401-g3-opt13b-c512-1024/raw/points/prefill/prefill-facebook-opt-1-3b-chunk-512-sm-32.csv
facebook/opt-1.3b,512,attention,attention,32,0,93.12000125646593,127045632,129209344,2163712,2097152,1024,2026-04-15T01:04:34Z,baseline_nvml_pt,nvidia-smi,ok,0.0,2568.0,1695.0,7601.0,66.61,0.279552012681961,129.16015625,129.16015625,8.0,True,,100.0,46.0,89.99999999999999,estimated,,prefill-facebook-opt-1-3b-chunk-512-sm-32,success,,,/mnt/data/dheeraj/dicertation/inference-profile/runs/revised-rerun-20260415-020401-g3-opt13b-c512-1024/raw/points/prefill/prefill-facebook-opt-1-3b-chunk-512-sm-32.csv
facebook/opt-1.3b,512,gemm,q_proj,32,1,97.21600264310835,127045632,129142784,2097152,2097152,1024,2026-04-15T01:04:34Z,baseline_nvml_pt,nvidia-smi,ok,0.0,2568.0,1695.0,7601.0,66.61,0.279552012681961,129.16015625,129.16015625,8.0,True,,100.0,46.0,89.99999999999999,estimated,,prefill-facebook-opt-1-3b-chunk-512-sm-32,success,,,/mnt/data/dheeraj/dicertation/inference-profile/runs/revised-rerun-20260415-020401-g3-opt13b-c512-1024/raw/points/prefill/prefill-facebook-opt-1-3b-chunk-512-sm-32.csv
facebook/opt-1.3b,512,gemm,k_proj,32,1,90.11200070381165,127045632,129142784,2097152,2097152,1024,2026-04-15T01:04:34Z,baseline_nvml_pt,nvidia-smi,ok,0.0,2568.0,1695.0,7601.0,66.61,0.279552012681961,129.16015625,129.16015625,8.0,True,,100.0,46.0,89.99999999999999,estimated,,prefill-facebook-opt-1-3b-chunk-512-sm-32,success,,,/mnt/data/dheeraj/dicertation/inference-profile/runs/revised-rerun-20260415-020401-g3-opt13b-c512-1024/raw/points/prefill/prefill-facebook-opt-1-3b-chunk-512-sm-32.csv
facebook/opt-1.3b,512,gemm,v_proj,32,1,87.0399996638298,127045632,129142784,2097152,2097152,1024,2026-04-15T01:04:34Z,baseline_nvml_pt,nvidia-smi,ok,0.0,2568.0,1695.0,7601.0,66.61,0.279552012681961,129.16015625,129.16015625,8.0,True,,100.0,46.0,89.99999999999999,estimated,,prefill-facebook-opt-1-3b-chunk-512-sm-32,success,,,/mnt/data/dheeraj/dicertation/inference-profile/runs/revised-rerun-20260415-020401-g3-opt13b-c512-1024/raw/points/prefill/prefill-facebook-opt-1-3b-chunk-512-sm-32.csv
facebook/opt-1.3b,512,gemm,out_proj,32,1,90.11200070381165,127045632,129142784,2097152,2097152,1024,2026-04-15T01:04:34Z,baseline_nvml_pt,nvidia-smi,ok,0.0,2568.0,1695.0,7601.0,66.61,0.279552012681961,129.16015625,129.16015625,8.0,True,,100.0,46.0,89.99999999999999,estimated,,prefill-facebook-opt-1-3b-chunk-512-sm-32,success,,,/mnt/data/dheeraj/dicertation/inference-profile/runs/revised-rerun-20260415-020401-g3-opt13b-c512-1024/raw/points/prefill/prefill-facebook-opt-1-3b-chunk-512-sm-32.csv
facebook/opt-1.3b,512,gemm,fc1,32,1,261.1199915409088,127045632,135434240,8388608,8388608,1024,2026-04-15T01:04:34Z,baseline_nvml_pt,nvidia-smi,ok,0.0,2568.0,1695.0,7601.0,66.61,0.279552012681961,129.16015625,129.16015625,8.0,True,,100.0,46.0,89.99999999999999,estimated,,prefill-facebook-opt-1-3b-chunk-512-sm-32,success,,,/mnt/data/dheeraj/dicertation/inference-profile/runs/revised-rerun-20260415-020401-g3-opt13b-c512-1024/raw/points/prefill/prefill-facebook-opt-1-3b-chunk-512-sm-32.csv
facebook/opt-1.3b,512,gemm,fc2,32,1,234.49599742889404,127045632,129142784,2097152,2097152,1024,2026-04-15T01:04:34Z,baseline_nvml_pt,nvidia-smi,ok,0.0,2568.0,1695.0,7601.0,66.61,0.279552012681961,129.16015625,129.16015625,8.0,True,,100.0,46.0,89.99999999999999,estimated,,prefill-facebook-opt-1-3b-chunk-512-sm-32,success,,,/mnt/data/dheeraj/dicertation/inference-profile/runs/revised-rerun-20260415-020401-g3-opt13b-c512-1024/raw/points/prefill/prefill-facebook-opt-1-3b-chunk-512-sm-32.csv
facebook/opt-1.3b,512,attention,attention,32,1,78.84799689054489,127045632,129209344,2163712,2097152,1024,2026-04-15T01:04:34Z,baseline_nvml_pt,nvidia-smi,ok,0.0,2568.0,1695.0,7601.0,66.61,0.279552012681961,129.16015625,129.16015625,8.0,True,,100.0,46.0,89.99999999999999,estimated,,prefill-facebook-opt-1-3b-chunk-512-sm-32,success,,,/mnt/data/dheeraj/dicertation/inference-profile/runs/revised-rerun-20260415-020401-g3-opt13b-c512-1024/raw/points/prefill/prefill-facebook-opt-1-3b-chunk-512-sm-32.csv
facebook/opt-1.3b,512,gemm,q_proj,32,2,95.040000975132,127045632,129142784,2097152,2097152,1024,2026-04-15T01:04:34Z,baseline_nvml_pt,nvidia-smi,ok,0.0,2568.0,1695.0,7601.0,66.61,0.279552012681961,129.16015625,129.16015625,8.0,True,,100.0,46.0,89.99999999999999,estimated,,prefill-facebook-opt-1-3b-chunk-512-sm-32,success,,,/mnt/data/dheeraj/dicertation/inference-profile/runs/revised-rerun-20260415-020401-g3-opt13b-c512-1024/raw/points/prefill/prefill-facebook-opt-1-3b-chunk-512-sm-32.csv
facebook/opt-1.3b,512,gemm,k_proj,32,2,104.44799810647964,127045632,129142784,2097152,2097152,1024,2026-04-15T01:04:34Z,baseline_nvml_pt,nvidia-smi,ok,0.0,2568.0,1695.0,7601.0,66.61,0.279552012681961,129.16015625,129.16015625,8.0,True,,100.0,46.0,89.99999999999999,estimated,,prefill-facebook-opt-1-3b-chunk-512-sm-32,success,,,/mnt/data/dheeraj/dicertation/inference-profile/runs/revised-rerun-20260415-020401-g3-opt13b-c512-1024/raw/points/prefill/prefill-facebook-opt-1-3b-chunk-512-sm-32.csv
facebook/opt-1.3b,512,gemm,v_proj,32,2,89.08800035715103,127045632,129142784,2097152,2097152,1024,2026-04-15T01:04:34Z,baseline_nvml_pt,nvidia-smi,ok,0.0,2568.0,1695.0,7601.0,66.61,0.279552012681961,129.16015625,129.16015625,8.0,True,,100.0,46.0,89.99999999999999,estimated,,prefill-facebook-opt-1-3b-chunk-512-sm-32,success,,,/mnt/data/dheeraj/dicertation/inference-profile/runs/revised-rerun-20260415-020401-g3-opt13b-c512-1024/raw/points/prefill/prefill-facebook-opt-1-3b-chunk-512-sm-32.csv
facebook/opt-1.3b,512,gemm,out_proj,32,2,96.25600278377532,127045632,129142784,2097152,2097152,1024,2026-04-15T01:04:34Z,baseline_nvml_pt,nvidia-smi,ok,0.0,2568.0,1695.0,7601.0,66.61,0.279552012681961,129.16015625,129.16015625,8.0,True,,100.0,46.0,89.99999999999999,estimated,,prefill-facebook-opt-1-3b-chunk-512-sm-32,success,,,/mnt/data/dheeraj/dicertation/inference-profile/runs/revised-rerun-20260415-020401-g3-opt13b-c512-1024/raw/points/prefill/prefill-facebook-opt-1-3b-chunk-512-sm-32.csv
facebook/opt-1.3b,512,gemm,fc1,32,2,263.16800713539124,127045632,135434240,8388608,8388608,1024,2026-04-15T01:04:34Z,baseline_nvml_pt,nvidia-smi,ok,0.0,2568.0,1695.0,7601.0,66.61,0.279552012681961,129.16015625,129.16015625,8.0,True,,100.0,46.0,89.99999999999999,estimated,,prefill-facebook-opt-1-3b-chunk-512-sm-32,success,,,/mnt/data/dheeraj/dicertation/inference-profile/runs/revised-rerun-20260415-020401-g3-opt13b-c512-1024/raw/points/prefill/prefill-facebook-opt-1-3b-chunk-512-sm-32.csv
facebook/opt-1.3b,512,gemm,fc2,32,2,226.27200186252597,127045632,129142784,2097152,2097152,1024,2026-04-15T01:04:34Z,baseline_nvml_pt,nvidia-smi,ok,0.0,2568.0,1695.0,7601.0,66.61,0.279552012681961,129.16015625,129.16015625,8.0,True,,100.0,46.0,89.99999999999999,estimated,,prefill-facebook-opt-1-3b-chunk-512-sm-32,success,,,/mnt/data/dheeraj/dicertation/inference-profile/runs/revised-rerun-20260415-020401-g3-opt13b-c512-1024/raw/points/prefill/prefill-facebook-opt-1-3b-chunk-512-sm-32.csv
facebook/opt-1.3b,512,attention,attention,32,2,94.2080020904541,127045632,129209344,2163712,2097152,1024,2026-04-15T01:04:34Z,baseline_nvml_pt,nvidia-smi,ok,0.0,2568.0,1695.0,7601.0,66.61,0.279552012681961,129.16015625,129.16015625,8.0,True,,100.0,46.0,89.99999999999999,estimated,,prefill-facebook-opt-1-3b-chunk-512-sm-32,success,,,/mnt/data/dheeraj/dicertation/inference-profile/runs/revised-rerun-20260415-020401-g3-opt13b-c512-1024/raw/points/prefill/prefill-facebook-opt-1-3b-chunk-512-sm-32.csv
facebook/opt-1.3b,512,gemm,q_proj,32,3,94.2080020904541,127045632,129142784,2097152,2097152,1024,2026-04-15T01:04:34Z,baseline_nvml_pt,nvidia-smi,ok,0.0,2568.0,1695.0,7601.0,66.61,0.279552012681961,129.16015625,129.16015625,8.0,True,,100.0,46.0,89.99999999999999,estimated,,prefill-facebook-opt-1-3b-chunk-512-sm-32,success,,,/mnt/data/dheeraj/dicertation/inference-profile/runs/revised-rerun-20260415-020401-g3-opt13b-c512-1024/raw/points/prefill/prefill-facebook-opt-1-3b-chunk-512-sm-32.csv
facebook/opt-1.3b,512,gemm,k_proj,32,3,89.08800035715103,127045632,129142784,2097152,2097152,1024,2026-04-15T01:04:34Z,baseline_nvml_pt,nvidia-smi,ok,0.0,2568.0,1695.0,7601.0,66.61,0.279552012681961,129.16015625,129.16015625,8.0,True,,100.0,46.0,89.99999999999999,estimated,,prefill-facebook-opt-1-3b-chunk-512-sm-32,success,,,/mnt/data/dheeraj/dicertation/inference-profile/runs/revised-rerun-20260415-020401-g3-opt13b-c512-1024/raw/points/prefill/prefill-facebook-opt-1-3b-chunk-512-sm-32.csv
facebook/opt-1.3b,512,gemm,v_proj,32,3,92.00000017881392,127045632,129142784,2097152,2097152,1024,2026-04-15T01:04:34Z,baseline_nvml_pt,nvidia-smi,ok,0.0,2568.0,1695.0,7601.0,66.61,0.279552012681961,129.16015625,129.16015625,8.0,True,,100.0,46.0,89.99999999999999,estimated,,prefill-facebook-opt-1-3b-chunk-512-sm-32,success,,,/mnt/data/dheeraj/dicertation/inference-profile/runs/revised-rerun-20260415-020401-g3-opt13b-c512-1024/raw/points/prefill/prefill-facebook-opt-1-3b-chunk-512-sm-32.csv
facebook/opt-1.3b,512,gemm,out_proj,32,3,88.06400001049042,127045632,129142784,2097152,2097152,1024,2026-04-15T01:04:34Z,baseline_nvml_pt,nvidia-smi,ok,0.0,2568.0,1695.0,7601.0,66.61,0.279552012681961,129.16015625,129.16015625,8.0,True,,100.0,46.0,89.99999999999999,estimated,,prefill-facebook-opt-1-3b-chunk-512-sm-32,success,,,/mnt/data/dheeraj/dicertation/inference-profile/runs/revised-rerun-20260415-020401-g3-opt13b-c512-1024/raw/points/prefill/prefill-facebook-opt-1-3b-chunk-512-sm-32.csv
facebook/opt-1.3b,512,gemm,fc1,32,3,265.21599292755127,127045632,135434240,8388608,8388608,1024,2026-04-15T01:04:34Z,baseline_nvml_pt,nvidia-smi,ok,0.0,2568.0,1695.0,7601.0,66.61,0.279552012681961,129.16015625,129.16015625,8.0,True,,100.0,46.0,89.99999999999999,estimated,,prefill-facebook-opt-1-3b-chunk-512-sm-32,success,,,/mnt/data/dheeraj/dicertation/inference-profile/runs/revised-rerun-20260415-020401-g3-opt13b-c512-1024/raw/points/prefill/prefill-facebook-opt-1-3b-chunk-512-sm-32.csv
facebook/opt-1.3b,512,gemm,fc2,32,3,225.2800017595291,127045632,129142784,2097152,2097152,1024,2026-04-15T01:04:34Z,baseline_nvml_pt,nvidia-smi,ok,0.0,2568.0,1695.0,7601.0,66.61,0.279552012681961,129.16015625,129.16015625,8.0,True,,100.0,46.0,89.99999999999999,estimated,,prefill-facebook-opt-1-3b-chunk-512-sm-32,success,,,/mnt/data/dheeraj/dicertation/inference-profile/runs/revised-rerun-20260415-020401-g3-opt13b-c512-1024/raw/points/prefill/prefill-facebook-opt-1-3b-chunk-512-sm-32.csv
facebook/opt-1.3b,512,attention,attention,32,3,77.82399654388428,127045632,129209344,2163712,2097152,1024,2026-04-15T01:04:34Z,baseline_nvml_pt,nvidia-smi,ok,0.0,2568.0,1695.0,7601.0,66.61,0.279552012681961,129.16015625,129.16015625,8.0,True,,100.0,46.0,89.99999999999999,estimated,,prefill-facebook-opt-1-3b-chunk-512-sm-32,success,,,/mnt/data/dheeraj/dicertation/inference-profile/runs/revised-rerun-20260415-020401-g3-opt13b-c512-1024/raw/points/prefill/prefill-facebook-opt-1-3b-chunk-512-sm-32.csv
facebook/opt-1.3b,512,gemm,q_proj,32,4,94.2080020904541,127045632,129142784,2097152,2097152,1024,2026-04-15T01:04:34Z,baseline_nvml_pt,nvidia-smi,ok,0.0,2568.0,1695.0,7601.0,66.61,0.279552012681961,129.16015625,129.16015625,8.0,True,,100.0,46.0,89.99999999999999,estimated,,prefill-facebook-opt-1-3b-chunk-512-sm-32,success,,,/mnt/data/dheeraj/dicertation/inference-profile/runs/revised-rerun-20260415-020401-g3-opt13b-c512-1024/raw/points/prefill/prefill-facebook-opt-1-3b-chunk-512-sm-32.csv
facebook/opt-1.3b,512,gemm,k_proj,32,4,89.08800035715103,127045632,129142784,2097152,2097152,1024,2026-04-15T01:04:34Z,baseline_nvml_pt,nvidia-smi,ok,0.0,2568.0,1695.0,7601.0,66.61,0.279552012681961,129.16015625,129.16015625,8.0,True,,100.0,46.0,89.99999999999999,estimated,,prefill-facebook-opt-1-3b-chunk-512-sm-32,success,,,/mnt/data/dheeraj/dicertation/inference-profile/runs/revised-rerun-20260415-020401-g3-opt13b-c512-1024/raw/points/prefill/prefill-facebook-opt-1-3b-chunk-512-sm-32.csv
facebook/opt-1.3b,512,gemm,v_proj,32,4,89.08800035715103,127045632,129142784,2097152,2097152,1024,2026-04-15T01:04:34Z,baseline_nvml_pt,nvidia-smi,ok,0.0,2568.0,1695.0,7601.0,66.61,0.279552012681961,129.16015625,129.16015625,8.0,True,,100.0,46.0,89.99999999999999,estimated,,prefill-facebook-opt-1-3b-chunk-512-sm-32,success,,,/mnt/data/dheeraj/dicertation/inference-profile/runs/revised-rerun-20260415-020401-g3-opt13b-c512-1024/raw/points/prefill/prefill-facebook-opt-1-3b-chunk-512-sm-32.csv
facebook/opt-1.3b,512,gemm,out_proj,32,4,87.0399996638298,127045632,129142784,2097152,2097152,1024,2026-04-15T01:04:34Z,baseline_nvml_pt,nvidia-smi,ok,0.0,2568.0,1695.0,7601.0,66.61,0.279552012681961,129.16015625,129.16015625,8.0,True,,100.0,46.0,89.99999999999999,estimated,,prefill-facebook-opt-1-3b-chunk-512-sm-32,success,,,/mnt/data/dheeraj/dicertation/inference-profile/runs/revised-rerun-20260415-020401-g3-opt13b-c512-1024/raw/points/prefill/prefill-facebook-opt-1-3b-chunk-512-sm-32.csv
facebook/opt-1.3b,512,gemm,fc1,32,4,256.9279968738556,127045632,135434240,8388608,8388608,1024,2026-04-15T01:04:34Z,baseline_nvml_pt,nvidia-smi,ok,0.0,2568.0,1695.0,7601.0,66.61,0.279552012681961,129.16015625,129.16015625,8.0,True,,100.0,46.0,89.99999999999999,estimated,,prefill-facebook-opt-1-3b-chunk-512-sm-32,success,,,/mnt/data/dheeraj/dicertation/inference-profile/runs/revised-rerun-20260415-020401-g3-opt13b-c512-1024/raw/points/prefill/prefill-facebook-opt-1-3b-chunk-512-sm-32.csv
facebook/opt-1.3b,512,gemm,fc2,32,4,224.2559939622879,127045632,129142784,2097152,2097152,1024,2026-04-15T01:04:34Z,baseline_nvml_pt,nvidia-smi,ok,0.0,2568.0,1695.0,7601.0,66.61,0.279552012681961,129.16015625,129.16015625,8.0,True,,100.0,46.0,89.99999999999999,estimated,,prefill-facebook-opt-1-3b-chunk-512-sm-32,success,,,/mnt/data/dheeraj/dicertation/inference-profile/runs/revised-rerun-20260415-020401-g3-opt13b-c512-1024/raw/points/prefill/prefill-facebook-opt-1-3b-chunk-512-sm-32.csv
facebook/opt-1.3b,512,attention,attention,32,4,87.0399996638298,127045632,129209344,2163712,2097152,1024,2026-04-15T01:04:34Z,baseline_nvml_pt,nvidia-smi,ok,0.0,2568.0,1695.0,7601.0,66.61,0.279552012681961,129.16015625,129.16015625,8.0,True,,100.0,46.0,89.99999999999999,estimated,,prefill-facebook-opt-1-3b-chunk-512-sm-32,success,,,/mnt/data/dheeraj/dicertation/inference-profile/runs/revised-rerun-20260415-020401-g3-opt13b-c512-1024/raw/points/prefill/prefill-facebook-opt-1-3b-chunk-512-sm-32.csv
facebook/opt-1.3b,1024,gemm,q_proj,8,0,185.15199422836304,143822848,148017152,4194304,4194304,1024,2026-04-15T01:04:39Z,baseline_nvml_pt,nvidia-smi,ok,13.0,2568.0,1695.0,7601.0,68.52,0.4382719993591308,153.16015625,153.16015625,16.0,True,,79.0,62.5,67.5,estimated,,prefill-facebook-opt-1-3b-chunk-1024-sm-8,success,,,/mnt/data/dheeraj/dicertation/inference-profile/runs/revised-rerun-20260415-020401-g3-opt13b-c512-1024/raw/points/prefill/prefill-facebook-opt-1-3b-chunk-1024-sm-8.csv
facebook/opt-1.3b,1024,gemm,k_proj,8,0,161.76000237464905,143822848,148017152,4194304,4194304,1024,2026-04-15T01:04:39Z,baseline_nvml_pt,nvidia-smi,ok,13.0,2568.0,1695.0,7601.0,68.52,0.4382719993591308,153.16015625,153.16015625,16.0,True,,79.0,62.5,67.5,estimated,,prefill-facebook-opt-1-3b-chunk-1024-sm-8,success,,,/mnt/data/dheeraj/dicertation/inference-profile/runs/revised-rerun-20260415-020401-g3-opt13b-c512-1024/raw/points/prefill/prefill-facebook-opt-1-3b-chunk-1024-sm-8.csv
facebook/opt-1.3b,1024,gemm,v_proj,8,0,154.62400019168854,143822848,148017152,4194304,4194304,1024,2026-04-15T01:04:39Z,baseline_nvml_pt,nvidia-smi,ok,13.0,2568.0,1695.0,7601.0,68.52,0.4382719993591308,153.16015625,153.16015625,16.0,True,,79.0,62.5,67.5,estimated,,prefill-facebook-opt-1-3b-chunk-1024-sm-8,success,,,/mnt/data/dheeraj/dicertation/inference-profile/runs/revised-rerun-20260415-020401-g3-opt13b-c512-1024/raw/points/prefill/prefill-facebook-opt-1-3b-chunk-1024-sm-8.csv
facebook/opt-1.3b,1024,gemm,out_proj,8,0,152.5759994983673,143822848,148017152,4194304,4194304,1024,2026-04-15T01:04:39Z,baseline_nvml_pt,nvidia-smi,ok,13.0,2568.0,1695.0,7601.0,68.52,0.4382719993591308,153.16015625,153.16015625,16.0,True,,79.0,62.5,67.5,estimated,,prefill-facebook-opt-1-3b-chunk-1024-sm-8,success,,,/mnt/data/dheeraj/dicertation/inference-profile/runs/revised-rerun-20260415-020401-g3-opt13b-c512-1024/raw/points/prefill/prefill-facebook-opt-1-3b-chunk-1024-sm-8.csv
facebook/opt-1.3b,1024,gemm,fc1,8,0,438.27199935913086,143822848,160600064,16777216,16777216,1024,2026-04-15T01:04:39Z,baseline_nvml_pt,nvidia-smi,ok,13.0,2568.0,1695.0,7601.0,68.52,0.4382719993591308,153.16015625,153.16015625,16.0,True,,79.0,62.5,67.5,estimated,,prefill-facebook-opt-1-3b-chunk-1024-sm-8,success,,,/mnt/data/dheeraj/dicertation/inference-profile/runs/revised-rerun-20260415-020401-g3-opt13b-c512-1024/raw/points/prefill/prefill-facebook-opt-1-3b-chunk-1024-sm-8.csv
facebook/opt-1.3b,1024,gemm,fc2,8,0,376.5439987182617,143822848,148017152,4194304,4194304,1024,2026-04-15T01:04:39Z,baseline_nvml_pt,nvidia-smi,ok,13.0,2568.0,1695.0,7601.0,68.52,0.4382719993591308,153.16015625,153.16015625,16.0,True,,79.0,62.5,67.5,estimated,,prefill-facebook-opt-1-3b-chunk-1024-sm-8,success,,,/mnt/data/dheeraj/dicertation/inference-profile/runs/revised-rerun-20260415-020401-g3-opt13b-c512-1024/raw/points/prefill/prefill-facebook-opt-1-3b-chunk-1024-sm-8.csv
facebook/opt-1.3b,1024,attention,attention,8,0,150.52799880504608,143822848,148149248,4326400,4194304,1024,2026-04-15T01:04:39Z,baseline_nvml_pt,nvidia-smi,ok,13.0,2568.0,1695.0,7601.0,68.52,0.4382719993591308,153.16015625,153.16015625,16.0,True,,79.0,62.5,67.5,estimated,,prefill-facebook-opt-1-3b-chunk-1024-sm-8,success,,,/mnt/data/dheeraj/dicertation/inference-profile/runs/revised-rerun-20260415-020401-g3-opt13b-c512-1024/raw/points/prefill/prefill-facebook-opt-1-3b-chunk-1024-sm-8.csv
facebook/opt-1.3b,1024,gemm,q_proj,8,1,155.64799308776855,143822848,148017152,4194304,4194304,1024,2026-04-15T01:04:39Z,baseline_nvml_pt,nvidia-smi,ok,13.0,2568.0,1695.0,7601.0,68.52,0.4382719993591308,153.16015625,153.16015625,16.0,True,,79.0,62.5,67.5,estimated,,prefill-facebook-opt-1-3b-chunk-1024-sm-8,success,,,/mnt/data/dheeraj/dicertation/inference-profile/runs/revised-rerun-20260415-020401-g3-opt13b-c512-1024/raw/points/prefill/prefill-facebook-opt-1-3b-chunk-1024-sm-8.csv
facebook/opt-1.3b,1024,gemm,k_proj,8,1,154.62400019168854,143822848,148017152,4194304,4194304,1024,2026-04-15T01:04:39Z,baseline_nvml_pt,nvidia-smi,ok,13.0,2568.0,1695.0,7601.0,68.52,0.4382719993591308,153.16015625,153.16015625,16.0,True,,79.0,62.5,67.5,estimated,,prefill-facebook-opt-1-3b-chunk-1024-sm-8,success,,,/mnt/data/dheeraj/dicertation/inference-profile/runs/revised-rerun-20260415-020401-g3-opt13b-c512-1024/raw/points/prefill/prefill-facebook-opt-1-3b-chunk-1024-sm-8.csv
facebook/opt-1.3b,1024,gemm,v_proj,8,1,151.5520066022873,143822848,148017152,4194304,4194304,1024,2026-04-15T01:04:39Z,baseline_nvml_pt,nvidia-smi,ok,13.0,2568.0,1695.0,7601.0,68.52,0.4382719993591308,153.16015625,153.16015625,16.0,True,,79.0,62.5,67.5,estimated,,prefill-facebook-opt-1-3b-chunk-1024-sm-8,success,,,/mnt/data/dheeraj/dicertation/inference-profile/runs/revised-rerun-20260415-020401-g3-opt13b-c512-1024/raw/points/prefill/prefill-facebook-opt-1-3b-chunk-1024-sm-8.csv
facebook/opt-1.3b,1024,gemm,out_proj,8,1,151.296004652977,143822848,148017152,4194304,4194304,1024,2026-04-15T01:04:39Z,baseline_nvml_pt,nvidia-smi,ok,13.0,2568.0,1695.0,7601.0,68.52,0.4382719993591308,153.16015625,153.16015625,16.0,True,,79.0,62.5,67.5,estimated,,prefill-facebook-opt-1-3b-chunk-1024-sm-8,success,,,/mnt/data/dheeraj/dicertation/inference-profile/runs/revised-rerun-20260415-020401-g3-opt13b-c512-1024/raw/points/prefill/prefill-facebook-opt-1-3b-chunk-1024-sm-8.csv
facebook/opt-1.3b,1024,gemm,fc1,8,1,431.1040043830872,143822848,160600064,16777216,16777216,1024,2026-04-15T01:04:39Z,baseline_nvml_pt,nvidia-smi,ok,13.0,2568.0,1695.0,7601.0,68.52,0.4382719993591308,153.16015625,153.16015625,16.0,True,,79.0,62.5,67.5,estimated,,prefill-facebook-opt-1-3b-chunk-1024-sm-8,success,,,/mnt/data/dheeraj/dicertation/inference-profile/runs/revised-rerun-20260415-020401-g3-opt13b-c512-1024/raw/points/prefill/prefill-facebook-opt-1-3b-chunk-1024-sm-8.csv
facebook/opt-1.3b,1024,gemm,fc2,8,1,371.7119991779328,143822848,148017152,4194304,4194304,1024,2026-04-15T01:04:39Z,baseline_nvml_pt,nvidia-smi,ok,13.0,2568.0,1695.0,7601.0,68.52,0.4382719993591308,153.16015625,153.16015625,16.0,True,,79.0,62.5,67.5,estimated,,prefill-facebook-opt-1-3b-chunk-1024-sm-8,success,,,/mnt/data/dheeraj/dicertation/inference-profile/runs/revised-rerun-20260415-020401-g3-opt13b-c512-1024/raw/points/prefill/prefill-facebook-opt-1-3b-chunk-1024-sm-8.csv
facebook/opt-1.3b,1024,attention,attention,8,1,148.44800531864166,143822848,148149248,4326400,4194304,1024,2026-04-15T01:04:39Z,baseline_nvml_pt,nvidia-smi,ok,13.0,2568.0,1695.0,7601.0,68.52,0.4382719993591308,153.16015625,153.16015625,16.0,True,,79.0,62.5,67.5,estimated,,prefill-facebook-opt-1-3b-chunk-1024-sm-8,success,,,/mnt/data/dheeraj/dicertation/inference-profile/runs/revised-rerun-20260415-020401-g3-opt13b-c512-1024/raw/points/prefill/prefill-facebook-opt-1-3b-chunk-1024-sm-8.csv
facebook/opt-1.3b,1024,gemm,q_proj,8,2,155.64799308776855,143822848,148017152,4194304,4194304,1024,2026-04-15T01:04:39Z,baseline_nvml_pt,nvidia-smi,ok,13.0,2568.0,1695.0,7601.0,68.52,0.4382719993591308,153.16015625,153.16015625,16.0,True,,79.0,62.5,67.5,estimated,,prefill-facebook-opt-1-3b-chunk-1024-sm-8,success,,,/mnt/data/dheeraj/dicertation/inference-profile/runs/revised-rerun-20260415-020401-g3-opt13b-c512-1024/raw/points/prefill/prefill-facebook-opt-1-3b-chunk-1024-sm-8.csv
facebook/opt-1.3b,1024,gemm,k_proj,8,2,157.69599378108978,143822848,148017152,4194304,4194304,1024,2026-04-15T01:04:39Z,baseline_nvml_pt,nvidia-smi,ok,13.0,2568.0,1695.0,7601.0,68.52,0.4382719993591308,153.16015625,153.16015625,16.0,True,,79.0,62.5,67.5,estimated,,prefill-facebook-opt-1-3b-chunk-1024-sm-8,success,,,/mnt/data/dheeraj/dicertation/inference-profile/runs/revised-rerun-20260415-020401-g3-opt13b-c512-1024/raw/points/prefill/prefill-facebook-opt-1-3b-chunk-1024-sm-8.csv
facebook/opt-1.3b,1024,gemm,v_proj,8,2,151.2639969587326,143822848,148017152,4194304,4194304,1024,2026-04-15T01:04:39Z,baseline_nvml_pt,nvidia-smi,ok,13.0,2568.0,1695.0,7601.0,68.52,0.4382719993591308,153.16015625,153.16015625,16.0,True,,79.0,62.5,67.5,estimated,,prefill-facebook-opt-1-3b-chunk-1024-sm-8,success,,,/mnt/data/dheeraj/dicertation/inference-profile/runs/revised-rerun-20260415-020401-g3-opt13b-c512-1024/raw/points/prefill/prefill-facebook-opt-1-3b-chunk-1024-sm-8.csv
facebook/opt-1.3b,1024,gemm,out_proj,8,2,152.5759994983673,143822848,148017152,4194304,4194304,1024,2026-04-15T01:04:39Z,baseline_nvml_pt,nvidia-smi,ok,13.0,2568.0,1695.0,7601.0,68.52,0.4382719993591308,153.16015625,153.16015625,16.0,True,,79.0,62.5,67.5,estimated,,prefill-facebook-opt-1-3b-chunk-1024-sm-8,success,,,/mnt/data/dheeraj/dicertation/inference-profile/runs/revised-rerun-20260415-020401-g3-opt13b-c512-1024/raw/points/prefill/prefill-facebook-opt-1-3b-chunk-1024-sm-8.csv
facebook/opt-1.3b,1024,gemm,fc1,8,2,428.9920032024384,143822848,160600064,16777216,16777216,1024,2026-04-15T01:04:39Z,baseline_nvml_pt,nvidia-smi,ok,13.0,2568.0,1695.0,7601.0,68.52,0.4382719993591308,153.16015625,153.16015625,16.0,True,,79.0,62.5,67.5,estimated,,prefill-facebook-opt-1-3b-chunk-1024-sm-8,success,,,/mnt/data/dheeraj/dicertation/inference-profile/runs/revised-rerun-20260415-020401-g3-opt13b-c512-1024/raw/points/prefill/prefill-facebook-opt-1-3b-chunk-1024-sm-8.csv
facebook/opt-1.3b,1024,gemm,fc2,8,2,371.7119991779328,143822848,148017152,4194304,4194304,1024,2026-04-15T01:04:39Z,baseline_nvml_pt,nvidia-smi,ok,13.0,2568.0,1695.0,7601.0,68.52,0.4382719993591308,153.16015625,153.16015625,16.0,True,,79.0,62.5,67.5,estimated,,prefill-facebook-opt-1-3b-chunk-1024-sm-8,success,,,/mnt/data/dheeraj/dicertation/inference-profile/runs/revised-rerun-20260415-020401-g3-opt13b-c512-1024/raw/points/prefill/prefill-facebook-opt-1-3b-chunk-1024-sm-8.csv
facebook/opt-1.3b,1024,attention,attention,8,2,149.31200444698334,143822848,148149248,4326400,4194304,1024,2026-04-15T01:04:39Z,baseline_nvml_pt,nvidia-smi,ok,13.0,2568.0,1695.0,7601.0,68.52,0.4382719993591308,153.16015625,153.16015625,16.0,True,,79.0,62.5,67.5,estimated,,prefill-facebook-opt-1-3b-chunk-1024-sm-8,success,,,/mnt/data/dheeraj/dicertation/inference-profile/runs/revised-rerun-20260415-020401-g3-opt13b-c512-1024/raw/points/prefill/prefill-facebook-opt-1-3b-chunk-1024-sm-8.csv
facebook/opt-1.3b,1024,gemm,q_proj,8,3,155.64799308776855,143822848,148017152,4194304,4194304,1024,2026-04-15T01:04:39Z,baseline_nvml_pt,nvidia-smi,ok,13.0,2568.0,1695.0,7601.0,68.52,0.4382719993591308,153.16015625,153.16015625,16.0,True,,79.0,62.5,67.5,estimated,,prefill-facebook-opt-1-3b-chunk-1024-sm-8,success,,,/mnt/data/dheeraj/dicertation/inference-profile/runs/revised-rerun-20260415-020401-g3-opt13b-c512-1024/raw/points/prefill/prefill-facebook-opt-1-3b-chunk-1024-sm-8.csv
facebook/opt-1.3b,1024,gemm,k_proj,8,3,151.5520066022873,143822848,148017152,4194304,4194304,1024,2026-04-15T01:04:39Z,baseline_nvml_pt,nvidia-smi,ok,13.0,2568.0,1695.0,7601.0,68.52,0.4382719993591308,153.16015625,153.16015625,16.0,True,,79.0,62.5,67.5,estimated,,prefill-facebook-opt-1-3b-chunk-1024-sm-8,success,,,/mnt/data/dheeraj/dicertation/inference-profile/runs/revised-rerun-20260415-020401-g3-opt13b-c512-1024/raw/points/prefill/prefill-facebook-opt-1-3b-chunk-1024-sm-8.csv
facebook/opt-1.3b,1024,gemm,v_proj,8,3,151.5199989080429,143822848,148017152,4194304,4194304,1024,2026-04-15T01:04:39Z,baseline_nvml_pt,nvidia-smi,ok,13.0,2568.0,1695.0,7601.0,68.52,0.4382719993591308,153.16015625,153.16015625,16.0,True,,79.0,62.5,67.5,estimated,,prefill-facebook-opt-1-3b-chunk-1024-sm-8,success,,,/mnt/data/dheeraj/dicertation/inference-profile/runs/revised-rerun-20260415-020401-g3-opt13b-c512-1024/raw/points/prefill/prefill-facebook-opt-1-3b-chunk-1024-sm-8.csv
facebook/opt-1.3b,1024,gemm,out_proj,8,3,153.60000729560852,143822848,148017152,4194304,4194304,1024,2026-04-15T01:04:39Z,baseline_nvml_pt,nvidia-smi,ok,13.0,2568.0,1695.0,7601.0,68.52,0.4382719993591308,153.16015625,153.16015625,16.0,True,,79.0,62.5,67.5,estimated,,prefill-facebook-opt-1-3b-chunk-1024-sm-8,success,,,/mnt/data/dheeraj/dicertation/inference-profile/runs/revised-rerun-20260415-020401-g3-opt13b-c512-1024/raw/points/prefill/prefill-facebook-opt-1-3b-chunk-1024-sm-8.csv
facebook/opt-1.3b,1024,gemm,fc1,8,3,431.1040043830872,143822848,160600064,16777216,16777216,1024,2026-04-15T01:04:39Z,baseline_nvml_pt,nvidia-smi,ok,13.0,2568.0,1695.0,7601.0,68.52,0.4382719993591308,153.16015625,153.16015625,16.0,True,,79.0,62.5,67.5,estimated,,prefill-facebook-opt-1-3b-chunk-1024-sm-8,success,,,/mnt/data/dheeraj/dicertation/inference-profile/runs/revised-rerun-20260415-020401-g3-opt13b-c512-1024/raw/points/prefill/prefill-facebook-opt-1-3b-chunk-1024-sm-8.csv
facebook/opt-1.3b,1024,gemm,fc2,8,3,370.5280125141144,143822848,148017152,4194304,4194304,1024,2026-04-15T01:04:39Z,baseline_nvml_pt,nvidia-smi,ok,13.0,2568.0,1695.0,7601.0,68.52,0.4382719993591308,153.16015625,153.16015625,16.0,True,,79.0,62.5,67.5,estimated,,prefill-facebook-opt-1-3b-chunk-1024-sm-8,success,,,/mnt/data/dheeraj/dicertation/inference-profile/runs/revised-rerun-20260415-020401-g3-opt13b-c512-1024/raw/points/prefill/prefill-facebook-opt-1-3b-chunk-1024-sm-8.csv
facebook/opt-1.3b,1024,attention,attention,8,3,152.5759994983673,143822848,148149248,4326400,4194304,1024,2026-04-15T01:04:39Z,baseline_nvml_pt,nvidia-smi,ok,13.0,2568.0,1695.0,7601.0,68.52,0.4382719993591308,153.16015625,153.16015625,16.0,True,,79.0,62.5,67.5,estimated,,prefill-facebook-opt-1-3b-chunk-1024-sm-8,success,,,/mnt/data/dheeraj/dicertation/inference-profile/runs/revised-rerun-20260415-020401-g3-opt13b-c512-1024/raw/points/prefill/prefill-facebook-opt-1-3b-chunk-1024-sm-8.csv
facebook/opt-1.3b,1024,gemm,q_proj,8,4,154.62400019168854,143822848,148017152,4194304,4194304,1024,2026-04-15T01:04:39Z,baseline_nvml_pt,nvidia-smi,ok,13.0,2568.0,1695.0,7601.0,68.52,0.4382719993591308,153.16015625,153.16015625,16.0,True,,79.0,62.5,67.5,estimated,,prefill-facebook-opt-1-3b-chunk-1024-sm-8,success,,,/mnt/data/dheeraj/dicertation/inference-profile/runs/revised-rerun-20260415-020401-g3-opt13b-c512-1024/raw/points/prefill/prefill-facebook-opt-1-3b-chunk-1024-sm-8.csv
facebook/opt-1.3b,1024,gemm,k_proj,8,4,152.44799852371216,143822848,148017152,4194304,4194304,1024,2026-04-15T01:04:39Z,baseline_nvml_pt,nvidia-smi,ok,13.0,2568.0,1695.0,7601.0,68.52,0.4382719993591308,153.16015625,153.16015625,16.0,True,,79.0,62.5,67.5,estimated,,prefill-facebook-opt-1-3b-chunk-1024-sm-8,success,,,/mnt/data/dheeraj/dicertation/inference-profile/runs/revised-rerun-20260415-020401-g3-opt13b-c512-1024/raw/points/prefill/prefill-facebook-opt-1-3b-chunk-1024-sm-8.csv
facebook/opt-1.3b,1024,gemm,v_proj,8,4,151.64799988269806,143822848,148017152,4194304,4194304,1024,2026-04-15T01:04:39Z,baseline_nvml_pt,nvidia-smi,ok,13.0,2568.0,1695.0,7601.0,68.52,0.4382719993591308,153.16015625,153.16015625,16.0,True,,79.0,62.5,67.5,estimated,,prefill-facebook-opt-1-3b-chunk-1024-sm-8,success,,,/mnt/data/dheeraj/dicertation/inference-profile/runs/revised-rerun-20260415-020401-g3-opt13b-c512-1024/raw/points/prefill/prefill-facebook-opt-1-3b-chunk-1024-sm-8.csv
facebook/opt-1.3b,1024,gemm,out_proj,8,4,151.42400562763214,143822848,148017152,4194304,4194304,1024,2026-04-15T01:04:39Z,baseline_nvml_pt,nvidia-smi,ok,13.0,2568.0,1695.0,7601.0,68.52,0.4382719993591308,153.16015625,153.16015625,16.0,True,,79.0,62.5,67.5,estimated,,prefill-facebook-opt-1-3b-chunk-1024-sm-8,success,,,/mnt/data/dheeraj/dicertation/inference-profile/runs/revised-rerun-20260415-020401-g3-opt13b-c512-1024/raw/points/prefill/prefill-facebook-opt-1-3b-chunk-1024-sm-8.csv
facebook/opt-1.3b,1024,gemm,fc1,8,4,430.81599473953247,143822848,160600064,16777216,16777216,1024,2026-04-15T01:04:39Z,baseline_nvml_pt,nvidia-smi,ok,13.0,2568.0,1695.0,7601.0,68.52,0.4382719993591308,153.16015625,153.16015625,16.0,True,,79.0,62.5,67.5,estimated,,prefill-facebook-opt-1-3b-chunk-1024-sm-8,success,,,/mnt/data/dheeraj/dicertation/inference-profile/runs/revised-rerun-20260415-020401-g3-opt13b-c512-1024/raw/points/prefill/prefill-facebook-opt-1-3b-chunk-1024-sm-8.csv
facebook/opt-1.3b,1024,gemm,fc2,8,4,372.512012720108,143822848,148017152,4194304,4194304,1024,2026-04-15T01:04:39Z,baseline_nvml_pt,nvidia-smi,ok,13.0,2568.0,1695.0,7601.0,68.52,0.4382719993591308,153.16015625,153.16015625,16.0,True,,79.0,62.5,67.5,estimated,,prefill-facebook-opt-1-3b-chunk-1024-sm-8,success,,,/mnt/data/dheeraj/dicertation/inference-profile/runs/revised-rerun-20260415-020401-g3-opt13b-c512-1024/raw/points/prefill/prefill-facebook-opt-1-3b-chunk-1024-sm-8.csv
facebook/opt-1.3b,1024,attention,attention,8,4,148.47999811172485,143822848,148149248,4326400,4194304,1024,2026-04-15T01:04:39Z,baseline_nvml_pt,nvidia-smi,ok,13.0,2568.0,1695.0,7601.0,68.52,0.4382719993591308,153.16015625,153.16015625,16.0,True,,79.0,62.5,67.5,estimated,,prefill-facebook-opt-1-3b-chunk-1024-sm-8,success,,,/mnt/data/dheeraj/dicertation/inference-profile/runs/revised-rerun-20260415-020401-g3-opt13b-c512-1024/raw/points/prefill/prefill-facebook-opt-1-3b-chunk-1024-sm-8.csv
facebook/opt-1.3b,1024,gemm,q_proj,16,0,180.06399273872375,143822848,148017152,4194304,4194304,1024,2026-04-15T01:04:44Z,baseline_nvml_pt,nvidia-smi,ok,2.0,2568.0,1695.0,7601.0,68.68,0.4321280121803283,153.16015625,153.16015625,16.0,True,,86.0,57.00000000000001,75.0,estimated,,prefill-facebook-opt-1-3b-chunk-1024-sm-16,success,,,/mnt/data/dheeraj/dicertation/inference-profile/runs/revised-rerun-20260415-020401-g3-opt13b-c512-1024/raw/points/prefill/prefill-facebook-opt-1-3b-chunk-1024-sm-16.csv
facebook/opt-1.3b,1024,gemm,k_proj,16,0,161.79199516773224,143822848,148017152,4194304,4194304,1024,2026-04-15T01:04:44Z,baseline_nvml_pt,nvidia-smi,ok,2.0,2568.0,1695.0,7601.0,68.68,0.4321280121803283,153.16015625,153.16015625,16.0,True,,86.0,57.00000000000001,75.0,estimated,,prefill-facebook-opt-1-3b-chunk-1024-sm-16,success,,,/mnt/data/dheeraj/dicertation/inference-profile/runs/revised-rerun-20260415-020401-g3-opt13b-c512-1024/raw/points/prefill/prefill-facebook-opt-1-3b-chunk-1024-sm-16.csv
facebook/opt-1.3b,1024,gemm,v_proj,16,0,156.41599893569946,143822848,148017152,4194304,4194304,1024,2026-04-15T01:04:44Z,baseline_nvml_pt,nvidia-smi,ok,2.0,2568.0,1695.0,7601.0,68.68,0.4321280121803283,153.16015625,153.16015625,16.0,True,,86.0,57.00000000000001,75.0,estimated,,prefill-facebook-opt-1-3b-chunk-1024-sm-16,success,,,/mnt/data/dheeraj/dicertation/inference-profile/runs/revised-rerun-20260415-020401-g3-opt13b-c512-1024/raw/points/prefill/prefill-facebook-opt-1-3b-chunk-1024-sm-16.csv
facebook/opt-1.3b,1024,gemm,out_proj,16,0,154.62400019168854,143822848,148017152,4194304,4194304,1024,2026-04-15T01:04:44Z,baseline_nvml_pt,nvidia-smi,ok,2.0,2568.0,1695.0,7601.0,68.68,0.4321280121803283,153.16015625,153.16015625,16.0,True,,86.0,57.00000000000001,75.0,estimated,,prefill-facebook-opt-1-3b-chunk-1024-sm-16,success,,,/mnt/data/dheeraj/dicertation/inference-profile/runs/revised-rerun-20260415-020401-g3-opt13b-c512-1024/raw/points/prefill/prefill-facebook-opt-1-3b-chunk-1024-sm-16.csv
facebook/opt-1.3b,1024,gemm,fc1,16,0,432.1280121803284,143822848,160600064,16777216,16777216,1024,2026-04-15T01:04:44Z,baseline_nvml_pt,nvidia-smi,ok,2.0,2568.0,1695.0,7601.0,68.68,0.4321280121803283,153.16015625,153.16015625,16.0,True,,86.0,57.00000000000001,75.0,estimated,,prefill-facebook-opt-1-3b-chunk-1024-sm-16,success,,,/mnt/data/dheeraj/dicertation/inference-profile/runs/revised-rerun-20260415-020401-g3-opt13b-c512-1024/raw/points/prefill/prefill-facebook-opt-1-3b-chunk-1024-sm-16.csv
facebook/opt-1.3b,1024,gemm,fc2,16,0,378.84798645973206,143822848,148017152,4194304,4194304,1024,2026-04-15T01:04:44Z,baseline_nvml_pt,nvidia-smi,ok,2.0,2568.0,1695.0,7601.0,68.68,0.4321280121803283,153.16015625,153.16015625,16.0,True,,86.0,57.00000000000001,75.0,estimated,,prefill-facebook-opt-1-3b-chunk-1024-sm-16,success,,,/mnt/data/dheeraj/dicertation/inference-profile/runs/revised-rerun-20260415-020401-g3-opt13b-c512-1024/raw/points/prefill/prefill-facebook-opt-1-3b-chunk-1024-sm-16.csv
facebook/opt-1.3b,1024,attention,attention,16,0,152.319997549057,143822848,148149248,4326400,4194304,1024,2026-04-15T01:04:44Z,baseline_nvml_pt,nvidia-smi,ok,2.0,2568.0,1695.0,7601.0,68.68,0.4321280121803283,153.16015625,153.16015625,16.0,True,,86.0,57.00000000000001,75.0,estimated,,prefill-facebook-opt-1-3b-chunk-1024-sm-16,success,,,/mnt/data/dheeraj/dicertation/inference-profile/runs/revised-rerun-20260415-020401-g3-opt13b-c512-1024/raw/points/prefill/prefill-facebook-opt-1-3b-chunk-1024-sm-16.csv
facebook/opt-1.3b,1024,gemm,q_proj,16,1,156.67200088500977,143822848,148017152,4194304,4194304,1024,2026-04-15T01:04:44Z,baseline_nvml_pt,nvidia-smi,ok,2.0,2568.0,1695.0,7601.0,68.68,0.4321280121803283,153.16015625,153.16015625,16.0,True,,86.0,57.00000000000001,75.0,estimated,,prefill-facebook-opt-1-3b-chunk-1024-sm-16,success,,,/mnt/data/dheeraj/dicertation/inference-profile/runs/revised-rerun-20260415-020401-g3-opt13b-c512-1024/raw/points/prefill/prefill-facebook-opt-1-3b-chunk-1024-sm-16.csv
facebook/opt-1.3b,1024,gemm,k_proj,16,1,155.42399883270264,143822848,148017152,4194304,4194304,1024,2026-04-15T01:04:44Z,baseline_nvml_pt,nvidia-smi,ok,2.0,2568.0,1695.0,7601.0,68.68,0.4321280121803283,153.16015625,153.16015625,16.0,True,,86.0,57.00000000000001,75.0,estimated,,prefill-facebook-opt-1-3b-chunk-1024-sm-16,success,,,/mnt/data/dheeraj/dicertation/inference-profile/runs/revised-rerun-20260415-020401-g3-opt13b-c512-1024/raw/points/prefill/prefill-facebook-opt-1-3b-chunk-1024-sm-16.csv
facebook/opt-1.3b,1024,gemm,v_proj,16,1,151.45599842071533,143822848,148017152,4194304,4194304,1024,2026-04-15T01:04:44Z,baseline_nvml_pt,nvidia-smi,ok,2.0,2568.0,1695.0,7601.0,68.68,0.4321280121803283,153.16015625,153.16015625,16.0,True,,86.0,57.00000000000001,75.0,estimated,,prefill-facebook-opt-1-3b-chunk-1024-sm-16,success,,,/mnt/data/dheeraj/dicertation/inference-profile/runs/revised-rerun-20260415-020401-g3-opt13b-c512-1024/raw/points/prefill/prefill-facebook-opt-1-3b-chunk-1024-sm-16.csv
facebook/opt-1.3b,1024,gemm,out_proj,16,1,150.52799880504608,143822848,148017152,4194304,4194304,1024,2026-04-15T01:04:44Z,baseline_nvml_pt,nvidia-smi,ok,2.0,2568.0,1695.0,7601.0,68.68,0.4321280121803283,153.16015625,153.16015625,16.0,True,,86.0,57.00000000000001,75.0,estimated,,prefill-facebook-opt-1-3b-chunk-1024-sm-16,success,,,/mnt/data/dheeraj/dicertation/inference-profile/runs/revised-rerun-20260415-020401-g3-opt13b-c512-1024/raw/points/prefill/prefill-facebook-opt-1-3b-chunk-1024-sm-16.csv
facebook/opt-1.3b,1024,gemm,fc1,16,1,431.1040043830872,143822848,160600064,16777216,16777216,1024,2026-04-15T01:04:44Z,baseline_nvml_pt,nvidia-smi,ok,2.0,2568.0,1695.0,7601.0,68.68,0.4321280121803283,153.16015625,153.16015625,16.0,True,,86.0,57.00000000000001,75.0,estimated,,prefill-facebook-opt-1-3b-chunk-1024-sm-16,success,,,/mnt/data/dheeraj/dicertation/inference-profile/runs/revised-rerun-20260415-020401-g3-opt13b-c512-1024/raw/points/prefill/prefill-facebook-opt-1-3b-chunk-1024-sm-16.csv
facebook/opt-1.3b,1024,gemm,fc2,16,1,371.7119991779328,143822848,148017152,4194304,4194304,1024,2026-04-15T01:04:44Z,baseline_nvml_pt,nvidia-smi,ok,2.0,2568.0,1695.0,7601.0,68.68,0.4321280121803283,153.16015625,153.16015625,16.0,True,,86.0,57.00000000000001,75.0,estimated,,prefill-facebook-opt-1-3b-chunk-1024-sm-16,success,,,/mnt/data/dheeraj/dicertation/inference-profile/runs/revised-rerun-20260415-020401-g3-opt13b-c512-1024/raw/points/prefill/prefill-facebook-opt-1-3b-chunk-1024-sm-16.csv
facebook/opt-1.3b,1024,attention,attention,16,1,148.47999811172485,143822848,148149248,4326400,4194304,1024,2026-04-15T01:04:44Z,baseline_nvml_pt,nvidia-smi,ok,2.0,2568.0,1695.0,7601.0,68.68,0.4321280121803283,153.16015625,153.16015625,16.0,True,,86.0,57.00000000000001,75.0,estimated,,prefill-facebook-opt-1-3b-chunk-1024-sm-16,success,,,/mnt/data/dheeraj/dicertation/inference-profile/runs/revised-rerun-20260415-020401-g3-opt13b-c512-1024/raw/points/prefill/prefill-facebook-opt-1-3b-chunk-1024-sm-16.csv
facebook/opt-1.3b,1024,gemm,q_proj,16,2,156.47999942302704,143822848,148017152,4194304,4194304,1024,2026-04-15T01:04:44Z,baseline_nvml_pt,nvidia-smi,ok,2.0,2568.0,1695.0,7601.0,68.68,0.4321280121803283,153.16015625,153.16015625,16.0,True,,86.0,57.00000000000001,75.0,estimated,,prefill-facebook-opt-1-3b-chunk-1024-sm-16,success,,,/mnt/data/dheeraj/dicertation/inference-profile/runs/revised-rerun-20260415-020401-g3-opt13b-c512-1024/raw/points/prefill/prefill-facebook-opt-1-3b-chunk-1024-sm-16.csv
facebook/opt-1.3b,1024,gemm,k_proj,16,2,158.720001578331,143822848,148017152,4194304,4194304,1024,2026-04-15T01:04:44Z,baseline_nvml_pt,nvidia-smi,ok,2.0,2568.0,1695.0,7601.0,68.68,0.4321280121803283,153.16015625,153.16015625,16.0,True,,86.0,57.00000000000001,75.0,estimated,,prefill-facebook-opt-1-3b-chunk-1024-sm-16,success,,,/mnt/data/dheeraj/dicertation/inference-profile/runs/revised-rerun-20260415-020401-g3-opt13b-c512-1024/raw/points/prefill/prefill-facebook-opt-1-3b-chunk-1024-sm-16.csv
facebook/opt-1.3b,1024,gemm,v_proj,16,2,151.5520066022873,143822848,148017152,4194304,4194304,1024,2026-04-15T01:04:44Z,baseline_nvml_pt,nvidia-smi,ok,2.0,2568.0,1695.0,7601.0,68.68,0.4321280121803283,153.16015625,153.16015625,16.0,True,,86.0,57.00000000000001,75.0,estimated,,prefill-facebook-opt-1-3b-chunk-1024-sm-16,success,,,/mnt/data/dheeraj/dicertation/inference-profile/runs/revised-rerun-20260415-020401-g3-opt13b-c512-1024/raw/points/prefill/prefill-facebook-opt-1-3b-chunk-1024-sm-16.csv
facebook/opt-1.3b,1024,gemm,out_proj,16,2,154.55999970436096,143822848,148017152,4194304,4194304,1024,2026-04-15T01:04:44Z,baseline_nvml_pt,nvidia-smi,ok,2.0,2568.0,1695.0,7601.0,68.68,0.4321280121803283,153.16015625,153.16015625,16.0,True,,86.0,57.00000000000001,75.0,estimated,,prefill-facebook-opt-1-3b-chunk-1024-sm-16,success,,,/mnt/data/dheeraj/dicertation/inference-profile/runs/revised-rerun-20260415-020401-g3-opt13b-c512-1024/raw/points/prefill/prefill-facebook-opt-1-3b-chunk-1024-sm-16.csv
facebook/opt-1.3b,1024,gemm,fc1,16,2,431.1040043830872,143822848,160600064,16777216,16777216,1024,2026-04-15T01:04:44Z,baseline_nvml_pt,nvidia-smi,ok,2.0,2568.0,1695.0,7601.0,68.68,0.4321280121803283,153.16015625,153.16015625,16.0,True,,86.0,57.00000000000001,75.0,estimated,,prefill-facebook-opt-1-3b-chunk-1024-sm-16,success,,,/mnt/data/dheeraj/dicertation/inference-profile/runs/revised-rerun-20260415-020401-g3-opt13b-c512-1024/raw/points/prefill/prefill-facebook-opt-1-3b-chunk-1024-sm-16.csv
facebook/opt-1.3b,1024,gemm,fc2,16,2,371.7119991779328,143822848,148017152,4194304,4194304,1024,2026-04-15T01:04:44Z,baseline_nvml_pt,nvidia-smi,ok,2.0,2568.0,1695.0,7601.0,68.68,0.4321280121803283,153.16015625,153.16015625,16.0,True,,86.0,57.00000000000001,75.0,estimated,,prefill-facebook-opt-1-3b-chunk-1024-sm-16,success,,,/mnt/data/dheeraj/dicertation/inference-profile/runs/revised-rerun-20260415-020401-g3-opt13b-c512-1024/raw/points/prefill/prefill-facebook-opt-1-3b-chunk-1024-sm-16.csv
facebook/opt-1.3b,1024,attention,attention,16,2,148.47999811172485,143822848,148149248,4326400,4194304,1024,2026-04-15T01:04:44Z,baseline_nvml_pt,nvidia-smi,ok,2.0,2568.0,1695.0,7601.0,68.68,0.4321280121803283,153.16015625,153.16015625,16.0,True,,86.0,57.00000000000001,75.0,estimated,,prefill-facebook-opt-1-3b-chunk-1024-sm-16,success,,,/mnt/data/dheeraj/dicertation/inference-profile/runs/revised-rerun-20260415-020401-g3-opt13b-c512-1024/raw/points/prefill/prefill-facebook-opt-1-3b-chunk-1024-sm-16.csv
facebook/opt-1.3b,1024,gemm,q_proj,16,3,155.64799308776855,143822848,148017152,4194304,4194304,1024,2026-04-15T01:04:44Z,baseline_nvml_pt,nvidia-smi,ok,2.0,2568.0,1695.0,7601.0,68.68,0.4321280121803283,153.16015625,153.16015625,16.0,True,,86.0,57.00000000000001,75.0,estimated,,prefill-facebook-opt-1-3b-chunk-1024-sm-16,success,,,/mnt/data/dheeraj/dicertation/inference-profile/runs/revised-rerun-20260415-020401-g3-opt13b-c512-1024/raw/points/prefill/prefill-facebook-opt-1-3b-chunk-1024-sm-16.csv
facebook/opt-1.3b,1024,gemm,k_proj,16,3,152.5759994983673,143822848,148017152,4194304,4194304,1024,2026-04-15T01:04:44Z,baseline_nvml_pt,nvidia-smi,ok,2.0,2568.0,1695.0,7601.0,68.68,0.4321280121803283,153.16015625,153.16015625,16.0,True,,86.0,57.00000000000001,75.0,estimated,,prefill-facebook-opt-1-3b-chunk-1024-sm-16,success,,,/mnt/data/dheeraj/dicertation/inference-profile/runs/revised-rerun-20260415-020401-g3-opt13b-c512-1024/raw/points/prefill/prefill-facebook-opt-1-3b-chunk-1024-sm-16.csv
facebook/opt-1.3b,1024,gemm,v_proj,16,3,151.5520066022873,143822848,148017152,4194304,4194304,1024,2026-04-15T01:04:44Z,baseline_nvml_pt,nvidia-smi,ok,2.0,2568.0,1695.0,7601.0,68.68,0.4321280121803283,153.16015625,153.16015625,16.0,True,,86.0,57.00000000000001,75.0,estimated,,prefill-facebook-opt-1-3b-chunk-1024-sm-16,success,,,/mnt/data/dheeraj/dicertation/inference-profile/runs/revised-rerun-20260415-020401-g3-opt13b-c512-1024/raw/points/prefill/prefill-facebook-opt-1-3b-chunk-1024-sm-16.csv
facebook/opt-1.3b,1024,gemm,out_proj,16,3,154.4640064239502,143822848,148017152,4194304,4194304,1024,2026-04-15T01:04:44Z,baseline_nvml_pt,nvidia-smi,ok,2.0,2568.0,1695.0,7601.0,68.68,0.4321280121803283,153.16015625,153.16015625,16.0,True,,86.0,57.00000000000001,75.0,estimated,,prefill-facebook-opt-1-3b-chunk-1024-sm-16,success,,,/mnt/data/dheeraj/dicertation/inference-profile/runs/revised-rerun-20260415-020401-g3-opt13b-c512-1024/raw/points/prefill/prefill-facebook-opt-1-3b-chunk-1024-sm-16.csv
facebook/opt-1.3b,1024,gemm,fc1,16,3,430.81599473953247,143822848,160600064,16777216,16777216,1024,2026-04-15T01:04:44Z,baseline_nvml_pt,nvidia-smi,ok,2.0,2568.0,1695.0,7601.0,68.68,0.4321280121803283,153.16015625,153.16015625,16.0,True,,86.0,57.00000000000001,75.0,estimated,,prefill-facebook-opt-1-3b-chunk-1024-sm-16,success,,,/mnt/data/dheeraj/dicertation/inference-profile/runs/revised-rerun-20260415-020401-g3-opt13b-c512-1024/raw/points/prefill/prefill-facebook-opt-1-3b-chunk-1024-sm-16.csv
facebook/opt-1.3b,1024,gemm,fc2,16,3,371.8400001525879,143822848,148017152,4194304,4194304,1024,2026-04-15T01:04:44Z,baseline_nvml_pt,nvidia-smi,ok,2.0,2568.0,1695.0,7601.0,68.68,0.4321280121803283,153.16015625,153.16015625,16.0,True,,86.0,57.00000000000001,75.0,estimated,,prefill-facebook-opt-1-3b-chunk-1024-sm-16,success,,,/mnt/data/dheeraj/dicertation/inference-profile/runs/revised-rerun-20260415-020401-g3-opt13b-c512-1024/raw/points/prefill/prefill-facebook-opt-1-3b-chunk-1024-sm-16.csv
facebook/opt-1.3b,1024,attention,attention,16,3,148.51200580596924,143822848,148149248,4326400,4194304,1024,2026-04-15T01:04:44Z,baseline_nvml_pt,nvidia-smi,ok,2.0,2568.0,1695.0,7601.0,68.68,0.4321280121803283,153.16015625,153.16015625,16.0,True,,86.0,57.00000000000001,75.0,estimated,,prefill-facebook-opt-1-3b-chunk-1024-sm-16,success,,,/mnt/data/dheeraj/dicertation/inference-profile/runs/revised-rerun-20260415-020401-g3-opt13b-c512-1024/raw/points/prefill/prefill-facebook-opt-1-3b-chunk-1024-sm-16.csv
facebook/opt-1.3b,1024,gemm,q_proj,16,4,154.7199934720993,143822848,148017152,4194304,4194304,1024,2026-04-15T01:04:44Z,baseline_nvml_pt,nvidia-smi,ok,2.0,2568.0,1695.0,7601.0,68.68,0.4321280121803283,153.16015625,153.16015625,16.0,True,,86.0,57.00000000000001,75.0,estimated,,prefill-facebook-opt-1-3b-chunk-1024-sm-16,success,,,/mnt/data/dheeraj/dicertation/inference-profile/runs/revised-rerun-20260415-020401-g3-opt13b-c512-1024/raw/points/prefill/prefill-facebook-opt-1-3b-chunk-1024-sm-16.csv
facebook/opt-1.3b,1024,gemm,k_proj,16,4,152.3520052433014,143822848,148017152,4194304,4194304,1024,2026-04-15T01:04:44Z,baseline_nvml_pt,nvidia-smi,ok,2.0,2568.0,1695.0,7601.0,68.68,0.4321280121803283,153.16015625,153.16015625,16.0,True,,86.0,57.00000000000001,75.0,estimated,,prefill-facebook-opt-1-3b-chunk-1024-sm-16,success,,,/mnt/data/dheeraj/dicertation/inference-profile/runs/revised-rerun-20260415-020401-g3-opt13b-c512-1024/raw/points/prefill/prefill-facebook-opt-1-3b-chunk-1024-sm-16.csv
facebook/opt-1.3b,1024,gemm,v_proj,16,4,158.62399339675903,143822848,148017152,4194304,4194304,1024,2026-04-15T01:04:44Z,baseline_nvml_pt,nvidia-smi,ok,2.0,2568.0,1695.0,7601.0,68.68,0.4321280121803283,153.16015625,153.16015625,16.0,True,,86.0,57.00000000000001,75.0,estimated,,prefill-facebook-opt-1-3b-chunk-1024-sm-16,success,,,/mnt/data/dheeraj/dicertation/inference-profile/runs/revised-rerun-20260415-020401-g3-opt13b-c512-1024/raw/points/prefill/prefill-facebook-opt-1-3b-chunk-1024-sm-16.csv
facebook/opt-1.3b,1024,gemm,out_proj,16,4,151.5520066022873,143822848,148017152,4194304,4194304,1024,2026-04-15T01:04:44Z,baseline_nvml_pt,nvidia-smi,ok,2.0,2568.0,1695.0,7601.0,68.68,0.4321280121803283,153.16015625,153.16015625,16.0,True,,86.0,57.00000000000001,75.0,estimated,,prefill-facebook-opt-1-3b-chunk-1024-sm-16,success,,,/mnt/data/dheeraj/dicertation/inference-profile/runs/revised-rerun-20260415-020401-g3-opt13b-c512-1024/raw/points/prefill/prefill-facebook-opt-1-3b-chunk-1024-sm-16.csv
facebook/opt-1.3b,1024,gemm,fc1,16,4,429.0559887886048,143822848,160600064,16777216,16777216,1024,2026-04-15T01:04:44Z,baseline_nvml_pt,nvidia-smi,ok,2.0,2568.0,1695.0,7601.0,68.68,0.4321280121803283,153.16015625,153.16015625,16.0,True,,86.0,57.00000000000001,75.0,estimated,,prefill-facebook-opt-1-3b-chunk-1024-sm-16,success,,,/mnt/data/dheeraj/dicertation/inference-profile/runs/revised-rerun-20260415-020401-g3-opt13b-c512-1024/raw/points/prefill/prefill-facebook-opt-1-3b-chunk-1024-sm-16.csv
facebook/opt-1.3b,1024,gemm,fc2,16,4,371.6480135917664,143822848,148017152,4194304,4194304,1024,2026-04-15T01:04:44Z,baseline_nvml_pt,nvidia-smi,ok,2.0,2568.0,1695.0,7601.0,68.68,0.4321280121803283,153.16015625,153.16015625,16.0,True,,86.0,57.00000000000001,75.0,estimated,,prefill-facebook-opt-1-3b-chunk-1024-sm-16,success,,,/mnt/data/dheeraj/dicertation/inference-profile/runs/revised-rerun-20260415-020401-g3-opt13b-c512-1024/raw/points/prefill/prefill-facebook-opt-1-3b-chunk-1024-sm-16.csv
facebook/opt-1.3b,1024,attention,attention,16,4,148.3840048313141,143822848,148149248,4326400,4194304,1024,2026-04-15T01:04:44Z,baseline_nvml_pt,nvidia-smi,ok,2.0,2568.0,1695.0,7601.0,68.68,0.4321280121803283,153.16015625,153.16015625,16.0,True,,86.0,57.00000000000001,75.0,estimated,,prefill-facebook-opt-1-3b-chunk-1024-sm-16,success,,,/mnt/data/dheeraj/dicertation/inference-profile/runs/revised-rerun-20260415-020401-g3-opt13b-c512-1024/raw/points/prefill/prefill-facebook-opt-1-3b-chunk-1024-sm-16.csv
facebook/opt-1.3b,1024,gemm,q_proj,24,0,180.9920072555542,143822848,148017152,4194304,4194304,1024,2026-04-15T01:04:48Z,baseline_nvml_pt,nvidia-smi,ok,15.0,2568.0,1695.0,7601.0,69.13,0.4331519901752472,153.16015625,153.16015625,16.0,True,,93.0,51.5,82.5,estimated,,prefill-facebook-opt-1-3b-chunk-1024-sm-24,success,,,/mnt/data/dheeraj/dicertation/inference-profile/runs/revised-rerun-20260415-020401-g3-opt13b-c512-1024/raw/points/prefill/prefill-facebook-opt-1-3b-chunk-1024-sm-24.csv
facebook/opt-1.3b,1024,gemm,k_proj,24,0,162.75200247764587,143822848,148017152,4194304,4194304,1024,2026-04-15T01:04:48Z,baseline_nvml_pt,nvidia-smi,ok,15.0,2568.0,1695.0,7601.0,69.13,0.4331519901752472,153.16015625,153.16015625,16.0,True,,93.0,51.5,82.5,estimated,,prefill-facebook-opt-1-3b-chunk-1024-sm-24,success,,,/mnt/data/dheeraj/dicertation/inference-profile/runs/revised-rerun-20260415-020401-g3-opt13b-c512-1024/raw/points/prefill/prefill-facebook-opt-1-3b-chunk-1024-sm-24.csv
facebook/opt-1.3b,1024,gemm,v_proj,24,0,155.64799308776855,143822848,148017152,4194304,4194304,1024,2026-04-15T01:04:48Z,baseline_nvml_pt,nvidia-smi,ok,15.0,2568.0,1695.0,7601.0,69.13,0.4331519901752472,153.16015625,153.16015625,16.0,True,,93.0,51.5,82.5,estimated,,prefill-facebook-opt-1-3b-chunk-1024-sm-24,success,,,/mnt/data/dheeraj/dicertation/inference-profile/runs/revised-rerun-20260415-020401-g3-opt13b-c512-1024/raw/points/prefill/prefill-facebook-opt-1-3b-chunk-1024-sm-24.csv
facebook/opt-1.3b,1024,gemm,out_proj,24,0,153.79199385643005,143822848,148017152,4194304,4194304,1024,2026-04-15T01:04:48Z,baseline_nvml_pt,nvidia-smi,ok,15.0,2568.0,1695.0,7601.0,69.13,0.4331519901752472,153.16015625,153.16015625,16.0,True,,93.0,51.5,82.5,estimated,,prefill-facebook-opt-1-3b-chunk-1024-sm-24,success,,,/mnt/data/dheeraj/dicertation/inference-profile/runs/revised-rerun-20260415-020401-g3-opt13b-c512-1024/raw/points/prefill/prefill-facebook-opt-1-3b-chunk-1024-sm-24.csv
facebook/opt-1.3b,1024,gemm,fc1,24,0,432.9920113086701,143822848,160600064,16777216,16777216,1024,2026-04-15T01:04:48Z,baseline_nvml_pt,nvidia-smi,ok,15.0,2568.0,1695.0,7601.0,69.13,0.4331519901752472,153.16015625,153.16015625,16.0,True,,93.0,51.5,82.5,estimated,,prefill-facebook-opt-1-3b-chunk-1024-sm-24,success,,,/mnt/data/dheeraj/dicertation/inference-profile/runs/revised-rerun-20260415-020401-g3-opt13b-c512-1024/raw/points/prefill/prefill-facebook-opt-1-3b-chunk-1024-sm-24.csv
facebook/opt-1.3b,1024,gemm,fc2,24,0,379.9040019512177,143822848,148017152,4194304,4194304,1024,2026-04-15T01:04:48Z,baseline_nvml_pt,nvidia-smi,ok,15.0,2568.0,1695.0,7601.0,69.13,0.4331519901752472,153.16015625,153.16015625,16.0,True,,93.0,51.5,82.5,estimated,,prefill-facebook-opt-1-3b-chunk-1024-sm-24,success,,,/mnt/data/dheeraj/dicertation/inference-profile/runs/revised-rerun-20260415-020401-g3-opt13b-c512-1024/raw/points/prefill/prefill-facebook-opt-1-3b-chunk-1024-sm-24.csv
facebook/opt-1.3b,1024,attention,attention,24,0,151.296004652977,143822848,148149248,4326400,4194304,1024,2026-04-15T01:04:48Z,baseline_nvml_pt,nvidia-smi,ok,15.0,2568.0,1695.0,7601.0,69.13,0.4331519901752472,153.16015625,153.16015625,16.0,True,,93.0,51.5,82.5,estimated,,prefill-facebook-opt-1-3b-chunk-1024-sm-24,success,,,/mnt/data/dheeraj/dicertation/inference-profile/runs/revised-rerun-20260415-020401-g3-opt13b-c512-1024/raw/points/prefill/prefill-facebook-opt-1-3b-chunk-1024-sm-24.csv
facebook/opt-1.3b,1024,gemm,q_proj,24,1,156.6080003976822,143822848,148017152,4194304,4194304,1024,2026-04-15T01:04:48Z,baseline_nvml_pt,nvidia-smi,ok,15.0,2568.0,1695.0,7601.0,69.13,0.4331519901752472,153.16015625,153.16015625,16.0,True,,93.0,51.5,82.5,estimated,,prefill-facebook-opt-1-3b-chunk-1024-sm-24,success,,,/mnt/data/dheeraj/dicertation/inference-profile/runs/revised-rerun-20260415-020401-g3-opt13b-c512-1024/raw/points/prefill/prefill-facebook-opt-1-3b-chunk-1024-sm-24.csv
facebook/opt-1.3b,1024,gemm,k_proj,24,1,155.64799308776855,143822848,148017152,4194304,4194304,1024,2026-04-15T01:04:48Z,baseline_nvml_pt,nvidia-smi,ok,15.0,2568.0,1695.0,7601.0,69.13,0.4331519901752472,153.16015625,153.16015625,16.0,True,,93.0,51.5,82.5,estimated,,prefill-facebook-opt-1-3b-chunk-1024-sm-24,success,,,/mnt/data/dheeraj/dicertation/inference-profile/runs/revised-rerun-20260415-020401-g3-opt13b-c512-1024/raw/points/prefill/prefill-facebook-opt-1-3b-chunk-1024-sm-24.csv
facebook/opt-1.3b,1024,gemm,v_proj,24,1,152.5759994983673,143822848,148017152,4194304,4194304,1024,2026-04-15T01:04:48Z,baseline_nvml_pt,nvidia-smi,ok,15.0,2568.0,1695.0,7601.0,69.13,0.4331519901752472,153.16015625,153.16015625,16.0,True,,93.0,51.5,82.5,estimated,,prefill-facebook-opt-1-3b-chunk-1024-sm-24,success,,,/mnt/data/dheeraj/dicertation/inference-profile/runs/revised-rerun-20260415-020401-g3-opt13b-c512-1024/raw/points/prefill/prefill-facebook-opt-1-3b-chunk-1024-sm-24.csv
facebook/opt-1.3b,1024,gemm,out_proj,24,1,152.48000621795654,143822848,148017152,4194304,4194304,1024,2026-04-15T01:04:48Z,baseline_nvml_pt,nvidia-smi,ok,15.0,2568.0,1695.0,7601.0,69.13,0.4331519901752472,153.16015625,153.16015625,16.0,True,,93.0,51.5,82.5,estimated,,prefill-facebook-opt-1-3b-chunk-1024-sm-24,success,,,/mnt/data/dheeraj/dicertation/inference-profile/runs/revised-rerun-20260415-020401-g3-opt13b-c512-1024/raw/points/prefill/prefill-facebook-opt-1-3b-chunk-1024-sm-24.csv
facebook/opt-1.3b,1024,gemm,fc1,24,1,433.1519901752472,143822848,160600064,16777216,16777216,1024,2026-04-15T01:04:48Z,baseline_nvml_pt,nvidia-smi,ok,15.0,2568.0,1695.0,7601.0,69.13,0.4331519901752472,153.16015625,153.16015625,16.0,True,,93.0,51.5,82.5,estimated,,prefill-facebook-opt-1-3b-chunk-1024-sm-24,success,,,/mnt/data/dheeraj/dicertation/inference-profile/runs/revised-rerun-20260415-020401-g3-opt13b-c512-1024/raw/points/prefill/prefill-facebook-opt-1-3b-chunk-1024-sm-24.csv
facebook/opt-1.3b,1024,gemm,fc2,24,1,372.736006975174,143822848,148017152,4194304,4194304,1024,2026-04-15T01:04:48Z,baseline_nvml_pt,nvidia-smi,ok,15.0,2568.0,1695.0,7601.0,69.13,0.4331519901752472,153.16015625,153.16015625,16.0,True,,93.0,51.5,82.5,estimated,,prefill-facebook-opt-1-3b-chunk-1024-sm-24,success,,,/mnt/data/dheeraj/dicertation/inference-profile/runs/revised-rerun-20260415-020401-g3-opt13b-c512-1024/raw/points/prefill/prefill-facebook-opt-1-3b-chunk-1024-sm-24.csv
facebook/opt-1.3b,1024,attention,attention,24,1,149.50400590896606,143822848,148149248,4326400,4194304,1024,2026-04-15T01:04:48Z,baseline_nvml_pt,nvidia-smi,ok,15.0,2568.0,1695.0,7601.0,69.13,0.4331519901752472,153.16015625,153.16015625,16.0,True,,93.0,51.5,82.5,estimated,,prefill-facebook-opt-1-3b-chunk-1024-sm-24,success,,,/mnt/data/dheeraj/dicertation/inference-profile/runs/revised-rerun-20260415-020401-g3-opt13b-c512-1024/raw/points/prefill/prefill-facebook-opt-1-3b-chunk-1024-sm-24.csv
facebook/opt-1.3b,1024,gemm,q_proj,24,2,155.64799308776855,143822848,148017152,4194304,4194304,1024,2026-04-15T01:04:48Z,baseline_nvml_pt,nvidia-smi,ok,15.0,2568.0,1695.0,7601.0,69.13,0.4331519901752472,153.16015625,153.16015625,16.0,True,,93.0,51.5,82.5,estimated,,prefill-facebook-opt-1-3b-chunk-1024-sm-24,success,,,/mnt/data/dheeraj/dicertation/inference-profile/runs/revised-rerun-20260415-020401-g3-opt13b-c512-1024/raw/points/prefill/prefill-facebook-opt-1-3b-chunk-1024-sm-24.csv
facebook/opt-1.3b,1024,gemm,k_proj,24,2,159.743994474411,143822848,148017152,4194304,4194304,1024,2026-04-15T01:04:48Z,baseline_nvml_pt,nvidia-smi,ok,15.0,2568.0,1695.0,7601.0,69.13,0.4331519901752472,153.16015625,153.16015625,16.0,True,,93.0,51.5,82.5,estimated,,prefill-facebook-opt-1-3b-chunk-1024-sm-24,success,,,/mnt/data/dheeraj/dicertation/inference-profile/runs/revised-rerun-20260415-020401-g3-opt13b-c512-1024/raw/points/prefill/prefill-facebook-opt-1-3b-chunk-1024-sm-24.csv
facebook/opt-1.3b,1024,gemm,v_proj,24,2,152.5759994983673,143822848,148017152,4194304,4194304,1024,2026-04-15T01:04:48Z,baseline_nvml_pt,nvidia-smi,ok,15.0,2568.0,1695.0,7601.0,69.13,0.4331519901752472,153.16015625,153.16015625,16.0,True,,93.0,51.5,82.5,estimated,,prefill-facebook-opt-1-3b-chunk-1024-sm-24,success,,,/mnt/data/dheeraj/dicertation/inference-profile/runs/revised-rerun-20260415-020401-g3-opt13b-c512-1024/raw/points/prefill/prefill-facebook-opt-1-3b-chunk-1024-sm-24.csv
facebook/opt-1.3b,1024,gemm,out_proj,24,2,153.47200632095337,143822848,148017152,4194304,4194304,1024,2026-04-15T01:04:48Z,baseline_nvml_pt,nvidia-smi,ok,15.0,2568.0,1695.0,7601.0,69.13,0.4331519901752472,153.16015625,153.16015625,16.0,True,,93.0,51.5,82.5,estimated,,prefill-facebook-opt-1-3b-chunk-1024-sm-24,success,,,/mnt/data/dheeraj/dicertation/inference-profile/runs/revised-rerun-20260415-020401-g3-opt13b-c512-1024/raw/points/prefill/prefill-facebook-opt-1-3b-chunk-1024-sm-24.csv
facebook/opt-1.3b,1024,gemm,fc1,24,2,431.1040043830872,143822848,160600064,16777216,16777216,1024,2026-04-15T01:04:48Z,baseline_nvml_pt,nvidia-smi,ok,15.0,2568.0,1695.0,7601.0,69.13,0.4331519901752472,153.16015625,153.16015625,16.0,True,,93.0,51.5,82.5,estimated,,prefill-facebook-opt-1-3b-chunk-1024-sm-24,success,,,/mnt/data/dheeraj/dicertation/inference-profile/runs/revised-rerun-20260415-020401-g3-opt13b-c512-1024/raw/points/prefill/prefill-facebook-opt-1-3b-chunk-1024-sm-24.csv
facebook/opt-1.3b,1024,gemm,fc2,24,2,374.783992767334,143822848,148017152,4194304,4194304,1024,2026-04-15T01:04:48Z,baseline_nvml_pt,nvidia-smi,ok,15.0,2568.0,1695.0,7601.0,69.13,0.4331519901752472,153.16015625,153.16015625,16.0,True,,93.0,51.5,82.5,estimated,,prefill-facebook-opt-1-3b-chunk-1024-sm-24,success,,,/mnt/data/dheeraj/dicertation/inference-profile/runs/revised-rerun-20260415-020401-g3-opt13b-c512-1024/raw/points/prefill/prefill-facebook-opt-1-3b-chunk-1024-sm-24.csv
facebook/opt-1.3b,1024,attention,attention,24,2,152.5759994983673,143822848,148149248,4326400,4194304,1024,2026-04-15T01:04:48Z,baseline_nvml_pt,nvidia-smi,ok,15.0,2568.0,1695.0,7601.0,69.13,0.4331519901752472,153.16015625,153.16015625,16.0,True,,93.0,51.5,82.5,estimated,,prefill-facebook-opt-1-3b-chunk-1024-sm-24,success,,,/mnt/data/dheeraj/dicertation/inference-profile/runs/revised-rerun-20260415-020401-g3-opt13b-c512-1024/raw/points/prefill/prefill-facebook-opt-1-3b-chunk-1024-sm-24.csv
facebook/opt-1.3b,1024,gemm,q_proj,24,3,157.69599378108978,143822848,148017152,4194304,4194304,1024,2026-04-15T01:04:48Z,baseline_nvml_pt,nvidia-smi,ok,15.0,2568.0,1695.0,7601.0,69.13,0.4331519901752472,153.16015625,153.16015625,16.0,True,,93.0,51.5,82.5,estimated,,prefill-facebook-opt-1-3b-chunk-1024-sm-24,success,,,/mnt/data/dheeraj/dicertation/inference-profile/runs/revised-rerun-20260415-020401-g3-opt13b-c512-1024/raw/points/prefill/prefill-facebook-opt-1-3b-chunk-1024-sm-24.csv
facebook/opt-1.3b,1024,gemm,k_proj,24,3,153.60000729560852,143822848,148017152,4194304,4194304,1024,2026-04-15T01:04:48Z,baseline_nvml_pt,nvidia-smi,ok,15.0,2568.0,1695.0,7601.0,69.13,0.4331519901752472,153.16015625,153.16015625,16.0,True,,93.0,51.5,82.5,estimated,,prefill-facebook-opt-1-3b-chunk-1024-sm-24,success,,,/mnt/data/dheeraj/dicertation/inference-profile/runs/revised-rerun-20260415-020401-g3-opt13b-c512-1024/raw/points/prefill/prefill-facebook-opt-1-3b-chunk-1024-sm-24.csv
facebook/opt-1.3b,1024,gemm,v_proj,24,3,152.3520052433014,143822848,148017152,4194304,4194304,1024,2026-04-15T01:04:48Z,baseline_nvml_pt,nvidia-smi,ok,15.0,2568.0,1695.0,7601.0,69.13,0.4331519901752472,153.16015625,153.16015625,16.0,True,,93.0,51.5,82.5,estimated,,prefill-facebook-opt-1-3b-chunk-1024-sm-24,success,,,/mnt/data/dheeraj/dicertation/inference-profile/runs/revised-rerun-20260415-020401-g3-opt13b-c512-1024/raw/points/prefill/prefill-facebook-opt-1-3b-chunk-1024-sm-24.csv
facebook/opt-1.3b,1024,gemm,out_proj,24,3,153.60000729560852,143822848,148017152,4194304,4194304,1024,2026-04-15T01:04:48Z,baseline_nvml_pt,nvidia-smi,ok,15.0,2568.0,1695.0,7601.0,69.13,0.4331519901752472,153.16015625,153.16015625,16.0,True,,93.0,51.5,82.5,estimated,,prefill-facebook-opt-1-3b-chunk-1024-sm-24,success,,,/mnt/data/dheeraj/dicertation/inference-profile/runs/revised-rerun-20260415-020401-g3-opt13b-c512-1024/raw/points/prefill/prefill-facebook-opt-1-3b-chunk-1024-sm-24.csv
facebook/opt-1.3b,1024,gemm,fc1,24,3,432.1280121803284,143822848,160600064,16777216,16777216,1024,2026-04-15T01:04:48Z,baseline_nvml_pt,nvidia-smi,ok,15.0,2568.0,1695.0,7601.0,69.13,0.4331519901752472,153.16015625,153.16015625,16.0,True,,93.0,51.5,82.5,estimated,,prefill-facebook-opt-1-3b-chunk-1024-sm-24,success,,,/mnt/data/dheeraj/dicertation/inference-profile/runs/revised-rerun-20260415-020401-g3-opt13b-c512-1024/raw/points/prefill/prefill-facebook-opt-1-3b-chunk-1024-sm-24.csv
facebook/opt-1.3b,1024,gemm,fc2,24,3,374.5920062065125,143822848,148017152,4194304,4194304,1024,2026-04-15T01:04:48Z,baseline_nvml_pt,nvidia-smi,ok,15.0,2568.0,1695.0,7601.0,69.13,0.4331519901752472,153.16015625,153.16015625,16.0,True,,93.0,51.5,82.5,estimated,,prefill-facebook-opt-1-3b-chunk-1024-sm-24,success,,,/mnt/data/dheeraj/dicertation/inference-profile/runs/revised-rerun-20260415-020401-g3-opt13b-c512-1024/raw/points/prefill/prefill-facebook-opt-1-3b-chunk-1024-sm-24.csv
facebook/opt-1.3b,1024,attention,attention,24,3,151.296004652977,143822848,148149248,4326400,4194304,1024,2026-04-15T01:04:48Z,baseline_nvml_pt,nvidia-smi,ok,15.0,2568.0,1695.0,7601.0,69.13,0.4331519901752472,153.16015625,153.16015625,16.0,True,,93.0,51.5,82.5,estimated,,prefill-facebook-opt-1-3b-chunk-1024-sm-24,success,,,/mnt/data/dheeraj/dicertation/inference-profile/runs/revised-rerun-20260415-020401-g3-opt13b-c512-1024/raw/points/prefill/prefill-facebook-opt-1-3b-chunk-1024-sm-24.csv
facebook/opt-1.3b,1024,gemm,q_proj,24,4,155.64799308776855,143822848,148017152,4194304,4194304,1024,2026-04-15T01:04:48Z,baseline_nvml_pt,nvidia-smi,ok,15.0,2568.0,1695.0,7601.0,69.13,0.4331519901752472,153.16015625,153.16015625,16.0,True,,93.0,51.5,82.5,estimated,,prefill-facebook-opt-1-3b-chunk-1024-sm-24,success,,,/mnt/data/dheeraj/dicertation/inference-profile/runs/revised-rerun-20260415-020401-g3-opt13b-c512-1024/raw/points/prefill/prefill-facebook-opt-1-3b-chunk-1024-sm-24.csv
facebook/opt-1.3b,1024,gemm,k_proj,24,4,152.44799852371216,143822848,148017152,4194304,4194304,1024,2026-04-15T01:04:48Z,baseline_nvml_pt,nvidia-smi,ok,15.0,2568.0,1695.0,7601.0,69.13,0.4331519901752472,153.16015625,153.16015625,16.0,True,,93.0,51.5,82.5,estimated,,prefill-facebook-opt-1-3b-chunk-1024-sm-24,success,,,/mnt/data/dheeraj/dicertation/inference-profile/runs/revised-rerun-20260415-020401-g3-opt13b-c512-1024/raw/points/prefill/prefill-facebook-opt-1-3b-chunk-1024-sm-24.csv
facebook/opt-1.3b,1024,gemm,v_proj,24,4,153.60000729560852,143822848,148017152,4194304,4194304,1024,2026-04-15T01:04:48Z,baseline_nvml_pt,nvidia-smi,ok,15.0,2568.0,1695.0,7601.0,69.13,0.4331519901752472,153.16015625,153.16015625,16.0,True,,93.0,51.5,82.5,estimated,,prefill-facebook-opt-1-3b-chunk-1024-sm-24,success,,,/mnt/data/dheeraj/dicertation/inference-profile/runs/revised-rerun-20260415-020401-g3-opt13b-c512-1024/raw/points/prefill/prefill-facebook-opt-1-3b-chunk-1024-sm-24.csv
facebook/opt-1.3b,1024,gemm,out_proj,24,4,150.52799880504608,143822848,148017152,4194304,4194304,1024,2026-04-15T01:04:48Z,baseline_nvml_pt,nvidia-smi,ok,15.0,2568.0,1695.0,7601.0,69.13,0.4331519901752472,153.16015625,153.16015625,16.0,True,,93.0,51.5,82.5,estimated,,prefill-facebook-opt-1-3b-chunk-1024-sm-24,success,,,/mnt/data/dheeraj/dicertation/inference-profile/runs/revised-rerun-20260415-020401-g3-opt13b-c512-1024/raw/points/prefill/prefill-facebook-opt-1-3b-chunk-1024-sm-24.csv
facebook/opt-1.3b,1024,gemm,fc1,24,4,430.079996585846,143822848,160600064,16777216,16777216,1024,2026-04-15T01:04:48Z,baseline_nvml_pt,nvidia-smi,ok,15.0,2568.0,1695.0,7601.0,69.13,0.4331519901752472,153.16015625,153.16015625,16.0,True,,93.0,51.5,82.5,estimated,,prefill-facebook-opt-1-3b-chunk-1024-sm-24,success,,,/mnt/data/dheeraj/dicertation/inference-profile/runs/revised-rerun-20260415-020401-g3-opt13b-c512-1024/raw/points/prefill/prefill-facebook-opt-1-3b-chunk-1024-sm-24.csv
facebook/opt-1.3b,1024,gemm,fc2,24,4,371.7119991779328,143822848,148017152,4194304,4194304,1024,2026-04-15T01:04:48Z,baseline_nvml_pt,nvidia-smi,ok,15.0,2568.0,1695.0,7601.0,69.13,0.4331519901752472,153.16015625,153.16015625,16.0,True,,93.0,51.5,82.5,estimated,,prefill-facebook-opt-1-3b-chunk-1024-sm-24,success,,,/mnt/data/dheeraj/dicertation/inference-profile/runs/revised-rerun-20260415-020401-g3-opt13b-c512-1024/raw/points/prefill/prefill-facebook-opt-1-3b-chunk-1024-sm-24.csv
facebook/opt-1.3b,1024,attention,attention,24,4,148.28799664974213,143822848,148149248,4326400,4194304,1024,2026-04-15T01:04:48Z,baseline_nvml_pt,nvidia-smi,ok,15.0,2568.0,1695.0,7601.0,69.13,0.4331519901752472,153.16015625,153.16015625,16.0,True,,93.0,51.5,82.5,estimated,,prefill-facebook-opt-1-3b-chunk-1024-sm-24,success,,,/mnt/data/dheeraj/dicertation/inference-profile/runs/revised-rerun-20260415-020401-g3-opt13b-c512-1024/raw/points/prefill/prefill-facebook-opt-1-3b-chunk-1024-sm-24.csv
facebook/opt-1.3b,1024,gemm,q_proj,32,0,175.10400712490082,143822848,148017152,4194304,4194304,1024,2026-04-15T01:04:53Z,baseline_nvml_pt,nvidia-smi,ok,0.0,2568.0,1695.0,7601.0,69.46,0.4331519901752472,153.16015625,153.16015625,16.0,True,,100.0,46.0,89.99999999999999,estimated,,prefill-facebook-opt-1-3b-chunk-1024-sm-32,success,,,/mnt/data/dheeraj/dicertation/inference-profile/runs/revised-rerun-20260415-020401-g3-opt13b-c512-1024/raw/points/prefill/prefill-facebook-opt-1-3b-chunk-1024-sm-32.csv
facebook/opt-1.3b,1024,gemm,k_proj,32,0,160.76800227165222,143822848,148017152,4194304,4194304,1024,2026-04-15T01:04:53Z,baseline_nvml_pt,nvidia-smi,ok,0.0,2568.0,1695.0,7601.0,69.46,0.4331519901752472,153.16015625,153.16015625,16.0,True,,100.0,46.0,89.99999999999999,estimated,,prefill-facebook-opt-1-3b-chunk-1024-sm-32,success,,,/mnt/data/dheeraj/dicertation/inference-profile/runs/revised-rerun-20260415-020401-g3-opt13b-c512-1024/raw/points/prefill/prefill-facebook-opt-1-3b-chunk-1024-sm-32.csv
facebook/opt-1.3b,1024,gemm,v_proj,32,0,155.35999834537506,143822848,148017152,4194304,4194304,1024,2026-04-15T01:04:53Z,baseline_nvml_pt,nvidia-smi,ok,0.0,2568.0,1695.0,7601.0,69.46,0.4331519901752472,153.16015625,153.16015625,16.0,True,,100.0,46.0,89.99999999999999,estimated,,prefill-facebook-opt-1-3b-chunk-1024-sm-32,success,,,/mnt/data/dheeraj/dicertation/inference-profile/runs/revised-rerun-20260415-020401-g3-opt13b-c512-1024/raw/points/prefill/prefill-facebook-opt-1-3b-chunk-1024-sm-32.csv
facebook/opt-1.3b,1024,gemm,out_proj,32,0,155.42399883270264,143822848,148017152,4194304,4194304,1024,2026-04-15T01:04:53Z,baseline_nvml_pt,nvidia-smi,ok,0.0,2568.0,1695.0,7601.0,69.46,0.4331519901752472,153.16015625,153.16015625,16.0,True,,100.0,46.0,89.99999999999999,estimated,,prefill-facebook-opt-1-3b-chunk-1024-sm-32,success,,,/mnt/data/dheeraj/dicertation/inference-profile/runs/revised-rerun-20260415-020401-g3-opt13b-c512-1024/raw/points/prefill/prefill-facebook-opt-1-3b-chunk-1024-sm-32.csv
facebook/opt-1.3b,1024,gemm,fc1,32,0,433.1519901752472,143822848,160600064,16777216,16777216,1024,2026-04-15T01:04:53Z,baseline_nvml_pt,nvidia-smi,ok,0.0,2568.0,1695.0,7601.0,69.46,0.4331519901752472,153.16015625,153.16015625,16.0,True,,100.0,46.0,89.99999999999999,estimated,,prefill-facebook-opt-1-3b-chunk-1024-sm-32,success,,,/mnt/data/dheeraj/dicertation/inference-profile/runs/revised-rerun-20260415-020401-g3-opt13b-c512-1024/raw/points/prefill/prefill-facebook-opt-1-3b-chunk-1024-sm-32.csv
facebook/opt-1.3b,1024,gemm,fc2,32,0,378.8799941539765,143822848,148017152,4194304,4194304,1024,2026-04-15T01:04:53Z,baseline_nvml_pt,nvidia-smi,ok,0.0,2568.0,1695.0,7601.0,69.46,0.4331519901752472,153.16015625,153.16015625,16.0,True,,100.0,46.0,89.99999999999999,estimated,,prefill-facebook-opt-1-3b-chunk-1024-sm-32,success,,,/mnt/data/dheeraj/dicertation/inference-profile/runs/revised-rerun-20260415-020401-g3-opt13b-c512-1024/raw/points/prefill/prefill-facebook-opt-1-3b-chunk-1024-sm-32.csv
facebook/opt-1.3b,1024,attention,attention,32,0,153.72799336910248,143822848,148149248,4326400,4194304,1024,2026-04-15T01:04:53Z,baseline_nvml_pt,nvidia-smi,ok,0.0,2568.0,1695.0,7601.0,69.46,0.4331519901752472,153.16015625,153.16015625,16.0,True,,100.0,46.0,89.99999999999999,estimated,,prefill-facebook-opt-1-3b-chunk-1024-sm-32,success,,,/mnt/data/dheeraj/dicertation/inference-profile/runs/revised-rerun-20260415-020401-g3-opt13b-c512-1024/raw/points/prefill/prefill-facebook-opt-1-3b-chunk-1024-sm-32.csv
facebook/opt-1.3b,1024,gemm,q_proj,32,1,156.67200088500977,143822848,148017152,4194304,4194304,1024,2026-04-15T01:04:53Z,baseline_nvml_pt,nvidia-smi,ok,0.0,2568.0,1695.0,7601.0,69.46,0.4331519901752472,153.16015625,153.16015625,16.0,True,,100.0,46.0,89.99999999999999,estimated,,prefill-facebook-opt-1-3b-chunk-1024-sm-32,success,,,/mnt/data/dheeraj/dicertation/inference-profile/runs/revised-rerun-20260415-020401-g3-opt13b-c512-1024/raw/points/prefill/prefill-facebook-opt-1-3b-chunk-1024-sm-32.csv
facebook/opt-1.3b,1024,gemm,k_proj,32,1,153.60000729560852,143822848,148017152,4194304,4194304,1024,2026-04-15T01:04:53Z,baseline_nvml_pt,nvidia-smi,ok,0.0,2568.0,1695.0,7601.0,69.46,0.4331519901752472,153.16015625,153.16015625,16.0,True,,100.0,46.0,89.99999999999999,estimated,,prefill-facebook-opt-1-3b-chunk-1024-sm-32,success,,,/mnt/data/dheeraj/dicertation/inference-profile/runs/revised-rerun-20260415-020401-g3-opt13b-c512-1024/raw/points/prefill/prefill-facebook-opt-1-3b-chunk-1024-sm-32.csv
facebook/opt-1.3b,1024,gemm,v_proj,32,1,154.62400019168854,143822848,148017152,4194304,4194304,1024,2026-04-15T01:04:53Z,baseline_nvml_pt,nvidia-smi,ok,0.0,2568.0,1695.0,7601.0,69.46,0.4331519901752472,153.16015625,153.16015625,16.0,True,,100.0,46.0,89.99999999999999,estimated,,prefill-facebook-opt-1-3b-chunk-1024-sm-32,success,,,/mnt/data/dheeraj/dicertation/inference-profile/runs/revised-rerun-20260415-020401-g3-opt13b-c512-1024/raw/points/prefill/prefill-facebook-opt-1-3b-chunk-1024-sm-32.csv
facebook/opt-1.3b,1024,gemm,out_proj,32,1,151.5520066022873,143822848,148017152,4194304,4194304,1024,2026-04-15T01:04:53Z,baseline_nvml_pt,nvidia-smi,ok,0.0,2568.0,1695.0,7601.0,69.46,0.4331519901752472,153.16015625,153.16015625,16.0,True,,100.0,46.0,89.99999999999999,estimated,,prefill-facebook-opt-1-3b-chunk-1024-sm-32,success,,,/mnt/data/dheeraj/dicertation/inference-profile/runs/revised-rerun-20260415-020401-g3-opt13b-c512-1024/raw/points/prefill/prefill-facebook-opt-1-3b-chunk-1024-sm-32.csv
facebook/opt-1.3b,1024,gemm,fc1,32,1,431.1040043830872,143822848,160600064,16777216,16777216,1024,2026-04-15T01:04:53Z,baseline_nvml_pt,nvidia-smi,ok,0.0,2568.0,1695.0,7601.0,69.46,0.4331519901752472,153.16015625,153.16015625,16.0,True,,100.0,46.0,89.99999999999999,estimated,,prefill-facebook-opt-1-3b-chunk-1024-sm-32,success,,,/mnt/data/dheeraj/dicertation/inference-profile/runs/revised-rerun-20260415-020401-g3-opt13b-c512-1024/raw/points/prefill/prefill-facebook-opt-1-3b-chunk-1024-sm-32.csv
facebook/opt-1.3b,1024,gemm,fc2,32,1,374.783992767334,143822848,148017152,4194304,4194304,1024,2026-04-15T01:04:53Z,baseline_nvml_pt,nvidia-smi,ok,0.0,2568.0,1695.0,7601.0,69.46,0.4331519901752472,153.16015625,153.16015625,16.0,True,,100.0,46.0,89.99999999999999,estimated,,prefill-facebook-opt-1-3b-chunk-1024-sm-32,success,,,/mnt/data/dheeraj/dicertation/inference-profile/runs/revised-rerun-20260415-020401-g3-opt13b-c512-1024/raw/points/prefill/prefill-facebook-opt-1-3b-chunk-1024-sm-32.csv
facebook/opt-1.3b,1024,attention,attention,32,1,155.64799308776855,143822848,148149248,4326400,4194304,1024,2026-04-15T01:04:53Z,baseline_nvml_pt,nvidia-smi,ok,0.0,2568.0,1695.0,7601.0,69.46,0.4331519901752472,153.16015625,153.16015625,16.0,True,,100.0,46.0,89.99999999999999,estimated,,prefill-facebook-opt-1-3b-chunk-1024-sm-32,success,,,/mnt/data/dheeraj/dicertation/inference-profile/runs/revised-rerun-20260415-020401-g3-opt13b-c512-1024/raw/points/prefill/prefill-facebook-opt-1-3b-chunk-1024-sm-32.csv
facebook/opt-1.3b,1024,gemm,q_proj,32,2,157.50400722026825,143822848,148017152,4194304,4194304,1024,2026-04-15T01:04:53Z,baseline_nvml_pt,nvidia-smi,ok,0.0,2568.0,1695.0,7601.0,69.46,0.4331519901752472,153.16015625,153.16015625,16.0,True,,100.0,46.0,89.99999999999999,estimated,,prefill-facebook-opt-1-3b-chunk-1024-sm-32,success,,,/mnt/data/dheeraj/dicertation/inference-profile/runs/revised-rerun-20260415-020401-g3-opt13b-c512-1024/raw/points/prefill/prefill-facebook-opt-1-3b-chunk-1024-sm-32.csv
facebook/opt-1.3b,1024,gemm,k_proj,32,2,159.61599349975586,143822848,148017152,4194304,4194304,1024,2026-04-15T01:04:53Z,baseline_nvml_pt,nvidia-smi,ok,0.0,2568.0,1695.0,7601.0,69.46,0.4331519901752472,153.16015625,153.16015625,16.0,True,,100.0,46.0,89.99999999999999,estimated,,prefill-facebook-opt-1-3b-chunk-1024-sm-32,success,,,/mnt/data/dheeraj/dicertation/inference-profile/runs/revised-rerun-20260415-020401-g3-opt13b-c512-1024/raw/points/prefill/prefill-facebook-opt-1-3b-chunk-1024-sm-32.csv
facebook/opt-1.3b,1024,gemm,v_proj,32,2,150.52799880504608,143822848,148017152,4194304,4194304,1024,2026-04-15T01:04:53Z,baseline_nvml_pt,nvidia-smi,ok,0.0,2568.0,1695.0,7601.0,69.46,0.4331519901752472,153.16015625,153.16015625,16.0,True,,100.0,46.0,89.99999999999999,estimated,,prefill-facebook-opt-1-3b-chunk-1024-sm-32,success,,,/mnt/data/dheeraj/dicertation/inference-profile/runs/revised-rerun-20260415-020401-g3-opt13b-c512-1024/raw/points/prefill/prefill-facebook-opt-1-3b-chunk-1024-sm-32.csv
facebook/opt-1.3b,1024,gemm,out_proj,32,2,152.5759994983673,143822848,148017152,4194304,4194304,1024,2026-04-15T01:04:53Z,baseline_nvml_pt,nvidia-smi,ok,0.0,2568.0,1695.0,7601.0,69.46,0.4331519901752472,153.16015625,153.16015625,16.0,True,,100.0,46.0,89.99999999999999,estimated,,prefill-facebook-opt-1-3b-chunk-1024-sm-32,success,,,/mnt/data/dheeraj/dicertation/inference-profile/runs/revised-rerun-20260415-020401-g3-opt13b-c512-1024/raw/points/prefill/prefill-facebook-opt-1-3b-chunk-1024-sm-32.csv
facebook/opt-1.3b,1024,gemm,fc1,32,2,431.1040043830872,143822848,160600064,16777216,16777216,1024,2026-04-15T01:04:53Z,baseline_nvml_pt,nvidia-smi,ok,0.0,2568.0,1695.0,7601.0,69.46,0.4331519901752472,153.16015625,153.16015625,16.0,True,,100.0,46.0,89.99999999999999,estimated,,prefill-facebook-opt-1-3b-chunk-1024-sm-32,success,,,/mnt/data/dheeraj/dicertation/inference-profile/runs/revised-rerun-20260415-020401-g3-opt13b-c512-1024/raw/points/prefill/prefill-facebook-opt-1-3b-chunk-1024-sm-32.csv
facebook/opt-1.3b,1024,gemm,fc2,32,2,373.7600147724152,143822848,148017152,4194304,4194304,1024,2026-04-15T01:04:53Z,baseline_nvml_pt,nvidia-smi,ok,0.0,2568.0,1695.0,7601.0,69.46,0.4331519901752472,153.16015625,153.16015625,16.0,True,,100.0,46.0,89.99999999999999,estimated,,prefill-facebook-opt-1-3b-chunk-1024-sm-32,success,,,/mnt/data/dheeraj/dicertation/inference-profile/runs/revised-rerun-20260415-020401-g3-opt13b-c512-1024/raw/points/prefill/prefill-facebook-opt-1-3b-chunk-1024-sm-32.csv
facebook/opt-1.3b,1024,attention,attention,32,2,152.5759994983673,143822848,148149248,4326400,4194304,1024,2026-04-15T01:04:53Z,baseline_nvml_pt,nvidia-smi,ok,0.0,2568.0,1695.0,7601.0,69.46,0.4331519901752472,153.16015625,153.16015625,16.0,True,,100.0,46.0,89.99999999999999,estimated,,prefill-facebook-opt-1-3b-chunk-1024-sm-32,success,,,/mnt/data/dheeraj/dicertation/inference-profile/runs/revised-rerun-20260415-020401-g3-opt13b-c512-1024/raw/points/prefill/prefill-facebook-opt-1-3b-chunk-1024-sm-32.csv
facebook/opt-1.3b,1024,gemm,q_proj,32,3,154.62400019168854,143822848,148017152,4194304,4194304,1024,2026-04-15T01:04:53Z,baseline_nvml_pt,nvidia-smi,ok,0.0,2568.0,1695.0,7601.0,69.46,0.4331519901752472,153.16015625,153.16015625,16.0,True,,100.0,46.0,89.99999999999999,estimated,,prefill-facebook-opt-1-3b-chunk-1024-sm-32,success,,,/mnt/data/dheeraj/dicertation/inference-profile/runs/revised-rerun-20260415-020401-g3-opt13b-c512-1024/raw/points/prefill/prefill-facebook-opt-1-3b-chunk-1024-sm-32.csv
facebook/opt-1.3b,1024,gemm,k_proj,32,3,152.5759994983673,143822848,148017152,4194304,4194304,1024,2026-04-15T01:04:53Z,baseline_nvml_pt,nvidia-smi,ok,0.0,2568.0,1695.0,7601.0,69.46,0.4331519901752472,153.16015625,153.16015625,16.0,True,,100.0,46.0,89.99999999999999,estimated,,prefill-facebook-opt-1-3b-chunk-1024-sm-32,success,,,/mnt/data/dheeraj/dicertation/inference-profile/runs/revised-rerun-20260415-020401-g3-opt13b-c512-1024/raw/points/prefill/prefill-facebook-opt-1-3b-chunk-1024-sm-32.csv
facebook/opt-1.3b,1024,gemm,v_proj,32,3,151.64799988269806,143822848,148017152,4194304,4194304,1024,2026-04-15T01:04:53Z,baseline_nvml_pt,nvidia-smi,ok,0.0,2568.0,1695.0,7601.0,69.46,0.4331519901752472,153.16015625,153.16015625,16.0,True,,100.0,46.0,89.99999999999999,estimated,,prefill-facebook-opt-1-3b-chunk-1024-sm-32,success,,,/mnt/data/dheeraj/dicertation/inference-profile/runs/revised-rerun-20260415-020401-g3-opt13b-c512-1024/raw/points/prefill/prefill-facebook-opt-1-3b-chunk-1024-sm-32.csv
facebook/opt-1.3b,1024,gemm,out_proj,32,3,153.34400534629822,143822848,148017152,4194304,4194304,1024,2026-04-15T01:04:53Z,baseline_nvml_pt,nvidia-smi,ok,0.0,2568.0,1695.0,7601.0,69.46,0.4331519901752472,153.16015625,153.16015625,16.0,True,,100.0,46.0,89.99999999999999,estimated,,prefill-facebook-opt-1-3b-chunk-1024-sm-32,success,,,/mnt/data/dheeraj/dicertation/inference-profile/runs/revised-rerun-20260415-020401-g3-opt13b-c512-1024/raw/points/prefill/prefill-facebook-opt-1-3b-chunk-1024-sm-32.csv
facebook/opt-1.3b,1024,gemm,fc1,32,3,431.1040043830872,143822848,160600064,16777216,16777216,1024,2026-04-15T01:04:53Z,baseline_nvml_pt,nvidia-smi,ok,0.0,2568.0,1695.0,7601.0,69.46,0.4331519901752472,153.16015625,153.16015625,16.0,True,,100.0,46.0,89.99999999999999,estimated,,prefill-facebook-opt-1-3b-chunk-1024-sm-32,success,,,/mnt/data/dheeraj/dicertation/inference-profile/runs/revised-rerun-20260415-020401-g3-opt13b-c512-1024/raw/points/prefill/prefill-facebook-opt-1-3b-chunk-1024-sm-32.csv
facebook/opt-1.3b,1024,gemm,fc2,32,3,371.4880049228668,143822848,148017152,4194304,4194304,1024,2026-04-15T01:04:53Z,baseline_nvml_pt,nvidia-smi,ok,0.0,2568.0,1695.0,7601.0,69.46,0.4331519901752472,153.16015625,153.16015625,16.0,True,,100.0,46.0,89.99999999999999,estimated,,prefill-facebook-opt-1-3b-chunk-1024-sm-32,success,,,/mnt/data/dheeraj/dicertation/inference-profile/runs/revised-rerun-20260415-020401-g3-opt13b-c512-1024/raw/points/prefill/prefill-facebook-opt-1-3b-chunk-1024-sm-32.csv
facebook/opt-1.3b,1024,attention,attention,32,3,154.62400019168854,143822848,148149248,4326400,4194304,1024,2026-04-15T01:04:53Z,baseline_nvml_pt,nvidia-smi,ok,0.0,2568.0,1695.0,7601.0,69.46,0.4331519901752472,153.16015625,153.16015625,16.0,True,,100.0,46.0,89.99999999999999,estimated,,prefill-facebook-opt-1-3b-chunk-1024-sm-32,success,,,/mnt/data/dheeraj/dicertation/inference-profile/runs/revised-rerun-20260415-020401-g3-opt13b-c512-1024/raw/points/prefill/prefill-facebook-opt-1-3b-chunk-1024-sm-32.csv
facebook/opt-1.3b,1024,gemm,q_proj,32,4,154.4319987297058,143822848,148017152,4194304,4194304,1024,2026-04-15T01:04:53Z,baseline_nvml_pt,nvidia-smi,ok,0.0,2568.0,1695.0,7601.0,69.46,0.4331519901752472,153.16015625,153.16015625,16.0,True,,100.0,46.0,89.99999999999999,estimated,,prefill-facebook-opt-1-3b-chunk-1024-sm-32,success,,,/mnt/data/dheeraj/dicertation/inference-profile/runs/revised-rerun-20260415-020401-g3-opt13b-c512-1024/raw/points/prefill/prefill-facebook-opt-1-3b-chunk-1024-sm-32.csv
facebook/opt-1.3b,1024,gemm,k_proj,32,4,151.5520066022873,143822848,148017152,4194304,4194304,1024,2026-04-15T01:04:53Z,baseline_nvml_pt,nvidia-smi,ok,0.0,2568.0,1695.0,7601.0,69.46,0.4331519901752472,153.16015625,153.16015625,16.0,True,,100.0,46.0,89.99999999999999,estimated,,prefill-facebook-opt-1-3b-chunk-1024-sm-32,success,,,/mnt/data/dheeraj/dicertation/inference-profile/runs/revised-rerun-20260415-020401-g3-opt13b-c512-1024/raw/points/prefill/prefill-facebook-opt-1-3b-chunk-1024-sm-32.csv
facebook/opt-1.3b,1024,gemm,v_proj,32,4,151.5520066022873,143822848,148017152,4194304,4194304,1024,2026-04-15T01:04:53Z,baseline_nvml_pt,nvidia-smi,ok,0.0,2568.0,1695.0,7601.0,69.46,0.4331519901752472,153.16015625,153.16015625,16.0,True,,100.0,46.0,89.99999999999999,estimated,,prefill-facebook-opt-1-3b-chunk-1024-sm-32,success,,,/mnt/data/dheeraj/dicertation/inference-profile/runs/revised-rerun-20260415-020401-g3-opt13b-c512-1024/raw/points/prefill/prefill-facebook-opt-1-3b-chunk-1024-sm-32.csv
facebook/opt-1.3b,1024,gemm,out_proj,32,4,150.56000649929047,143822848,148017152,4194304,4194304,1024,2026-04-15T01:04:53Z,baseline_nvml_pt,nvidia-smi,ok,0.0,2568.0,1695.0,7601.0,69.46,0.4331519901752472,153.16015625,153.16015625,16.0,True,,100.0,46.0,89.99999999999999,estimated,,prefill-facebook-opt-1-3b-chunk-1024-sm-32,success,,,/mnt/data/dheeraj/dicertation/inference-profile/runs/revised-rerun-20260415-020401-g3-opt13b-c512-1024/raw/points/prefill/prefill-facebook-opt-1-3b-chunk-1024-sm-32.csv
facebook/opt-1.3b,1024,gemm,fc1,32,4,428.0320107936859,143822848,160600064,16777216,16777216,1024,2026-04-15T01:04:53Z,baseline_nvml_pt,nvidia-smi,ok,0.0,2568.0,1695.0,7601.0,69.46,0.4331519901752472,153.16015625,153.16015625,16.0,True,,100.0,46.0,89.99999999999999,estimated,,prefill-facebook-opt-1-3b-chunk-1024-sm-32,success,,,/mnt/data/dheeraj/dicertation/inference-profile/runs/revised-rerun-20260415-020401-g3-opt13b-c512-1024/raw/points/prefill/prefill-facebook-opt-1-3b-chunk-1024-sm-32.csv
facebook/opt-1.3b,1024,gemm,fc2,32,4,371.6480135917664,143822848,148017152,4194304,4194304,1024,2026-04-15T01:04:53Z,baseline_nvml_pt,nvidia-smi,ok,0.0,2568.0,1695.0,7601.0,69.46,0.4331519901752472,153.16015625,153.16015625,16.0,True,,100.0,46.0,89.99999999999999,estimated,,prefill-facebook-opt-1-3b-chunk-1024-sm-32,success,,,/mnt/data/dheeraj/dicertation/inference-profile/runs/revised-rerun-20260415-020401-g3-opt13b-c512-1024/raw/points/prefill/prefill-facebook-opt-1-3b-chunk-1024-sm-32.csv
facebook/opt-1.3b,1024,attention,attention,32,4,147.45600521564484,143822848,148149248,4326400,4194304,1024,2026-04-15T01:04:53Z,baseline_nvml_pt,nvidia-smi,ok,0.0,2568.0,1695.0,7601.0,69.46,0.4331519901752472,153.16015625,153.16015625,16.0,True,,100.0,46.0,89.99999999999999,estimated,,prefill-facebook-opt-1-3b-chunk-1024-sm-32,success,,,/mnt/data/dheeraj/dicertation/inference-profile/runs/revised-rerun-20260415-020401-g3-opt13b-c512-1024/raw/points/prefill/prefill-facebook-opt-1-3b-chunk-1024-sm-32.csv
