model_id,chunk_tokens,sequence_length,phase,mode,family,chunk_index,token_index,layer_index,atom_index,trace_interval_index,start_time_ms,end_time_ms,duration_ms
facebook/opt-125m,64,1024,prefill,prefill,prefill_gemm,0.0,,0,0,0,106695263.054431,106695263.202911,0.14847999811172485
facebook/opt-125m,64,1024,prefill,prefill,prefill_gemm,0.0,,0,1,0,106695263.202911,106695263.351391,0.14847999811172485
facebook/opt-125m,64,1024,prefill,prefill,prefill_gemm,0.0,,0,2,0,106695263.351391,106695263.499871,0.14847999811172485
facebook/opt-125m,64,1024,prefill,prefill,prefill_gemm,0.0,,0,3,0,106695263.499871,106695263.648351,0.14847999811172485
facebook/opt-125m,64,1024,prefill,prefill,prefill_gemm,0.0,,0,4,0,106695263.648351,106695263.796831,0.14847999811172485
facebook/opt-125m,64,1024,prefill,prefill,prefill_gemm,0.0,,0,5,0,106695263.796831,106695263.945311,0.14847999811172485
facebook/opt-125m,64,1024,prefill,prefill,prefill_gemm,0.0,,1,0,0,106695263.945311,106695264.093791,0.14847999811172485
facebook/opt-125m,64,1024,prefill,prefill,prefill_gemm,0.0,,1,1,0,106695264.093791,106695264.24227099,0.14847999811172485
facebook/opt-125m,64,1024,prefill,prefill,prefill_gemm,0.0,,1,2,0,106695264.24227099,106695264.39075099,0.14847999811172485
facebook/opt-125m,64,1024,prefill,prefill,prefill_gemm,0.0,,1,3,0,106695264.39075099,106695264.53923099,0.14847999811172485
facebook/opt-125m,64,1024,prefill,prefill,prefill_gemm,0.0,,1,4,0,106695264.53923099,106695264.68771099,0.14847999811172485
facebook/opt-125m,64,1024,prefill,prefill,prefill_gemm,0.0,,1,5,0,106695264.68771099,106695264.83619098,0.14847999811172485
facebook/opt-125m,64,1024,prefill,prefill,prefill_gemm,0.0,,2,0,0,106695264.83619098,106695264.98467098,0.14847999811172485
facebook/opt-125m,64,1024,prefill,prefill,prefill_gemm,0.0,,2,1,0,106695264.98467098,106695265.13315098,0.14847999811172485
facebook/opt-125m,64,1024,prefill,prefill,prefill_gemm,0.0,,2,2,0,106695265.13315098,106695265.28163098,0.14847999811172485
facebook/opt-125m,64,1024,prefill,prefill,prefill_gemm,0.0,,2,3,0,106695265.28163098,106695265.43011098,0.14847999811172485
facebook/opt-125m,64,1024,prefill,prefill,prefill_gemm,0.0,,2,4,0,106695265.43011098,106695265.57859097,0.14847999811172485
facebook/opt-125m,64,1024,prefill,prefill,prefill_gemm,0.0,,2,5,0,106695265.57859097,106695265.72707097,0.14847999811172485
facebook/opt-125m,64,1024,prefill,prefill,prefill_gemm,0.0,,3,0,0,106695265.72707097,106695265.87555097,0.14847999811172485
facebook/opt-125m,64,1024,prefill,prefill,prefill_gemm,0.0,,3,1,0,106695265.87555097,106695266.02403097,0.14847999811172485
facebook/opt-125m,64,1024,prefill,prefill,prefill_gemm,0.0,,3,2,0,106695266.02403097,106695266.17251097,0.14847999811172485
facebook/opt-125m,64,1024,prefill,prefill,prefill_gemm,0.0,,3,3,0,106695266.17251097,106695266.32099096,0.14847999811172485
facebook/opt-125m,64,1024,prefill,prefill,prefill_gemm,0.0,,3,4,0,106695266.32099096,106695266.46947096,0.14847999811172485
facebook/opt-125m,64,1024,prefill,prefill,prefill_gemm,0.0,,3,5,0,106695266.46947096,106695266.61795096,0.14847999811172485
facebook/opt-125m,64,1024,prefill,prefill,prefill_gemm,0.0,,4,0,0,106695266.61795096,106695266.76643096,0.14847999811172485
facebook/opt-125m,64,1024,prefill,prefill,prefill_gemm,0.0,,4,1,0,106695266.76643096,106695266.91491096,0.14847999811172485
facebook/opt-125m,64,1024,prefill,prefill,prefill_gemm,0.0,,4,2,0,106695266.91491096,106695267.06339096,0.14847999811172485
facebook/opt-125m,64,1024,prefill,prefill,prefill_gemm,0.0,,4,3,0,106695267.06339096,106695267.21187095,0.14847999811172485
facebook/opt-125m,64,1024,prefill,prefill,prefill_gemm,0.0,,4,4,0,106695267.21187095,106695267.36035095,0.14847999811172485
facebook/opt-125m,64,1024,prefill,prefill,prefill_gemm,0.0,,4,5,0,106695267.36035095,106695267.50883095,0.14847999811172485
facebook/opt-125m,64,1024,prefill,prefill,prefill_gemm,0.0,,5,0,0,106695267.50883095,106695267.65731095,0.14847999811172485
facebook/opt-125m,64,1024,prefill,prefill,prefill_gemm,0.0,,5,1,0,106695267.65731095,106695267.80579095,0.14847999811172485
facebook/opt-125m,64,1024,prefill,prefill,prefill_gemm,0.0,,5,2,0,106695267.80579095,106695267.95427094,0.14847999811172485
facebook/opt-125m,64,1024,prefill,prefill,prefill_gemm,0.0,,5,3,0,106695267.95427094,106695268.10275094,0.14847999811172485
facebook/opt-125m,64,1024,prefill,prefill,prefill_gemm,0.0,,5,4,0,106695268.10275094,106695268.25123094,0.14847999811172485
facebook/opt-125m,64,1024,prefill,prefill,prefill_gemm,0.0,,5,5,0,106695268.25123094,106695268.39971094,0.14847999811172485
facebook/opt-125m,64,1024,prefill,prefill,prefill_gemm,0.0,,6,0,0,106695268.39971094,106695268.54819094,0.14847999811172485
facebook/opt-125m,64,1024,prefill,prefill,prefill_gemm,0.0,,6,1,0,106695268.54819094,106695268.69667093,0.14847999811172485
facebook/opt-125m,64,1024,prefill,prefill,prefill_gemm,0.0,,6,2,0,106695268.69667093,106695268.84515093,0.14847999811172485
facebook/opt-125m,64,1024,prefill,prefill,prefill_gemm,0.0,,6,3,0,106695268.84515093,106695268.99363093,0.14847999811172485
facebook/opt-125m,64,1024,prefill,prefill,prefill_gemm,0.0,,6,4,0,106695268.99363093,106695269.14211093,0.14847999811172485
facebook/opt-125m,64,1024,prefill,prefill,prefill_gemm,0.0,,6,5,0,106695269.14211093,106695269.29059093,0.14847999811172485
facebook/opt-125m,64,1024,prefill,prefill,prefill_gemm,0.0,,7,0,0,106695269.29059093,106695269.43907093,0.14847999811172485
facebook/opt-125m,64,1024,prefill,prefill,prefill_gemm,0.0,,7,1,0,106695269.43907093,106695269.58755092,0.14847999811172485
facebook/opt-125m,64,1024,prefill,prefill,prefill_gemm,0.0,,7,2,0,106695269.58755092,106695269.73603092,0.14847999811172485
facebook/opt-125m,64,1024,prefill,prefill,prefill_gemm,0.0,,7,3,0,106695269.73603092,106695269.88451092,0.14847999811172485
facebook/opt-125m,64,1024,prefill,prefill,prefill_gemm,0.0,,7,4,0,106695269.88451092,106695270.03299092,0.14847999811172485
facebook/opt-125m,64,1024,prefill,prefill,prefill_gemm,0.0,,7,5,0,106695270.03299092,106695270.18147092,0.14847999811172485
facebook/opt-125m,64,1024,prefill,prefill,prefill_gemm,0.0,,8,0,0,106695270.18147092,106695270.32995091,0.14847999811172485
facebook/opt-125m,64,1024,prefill,prefill,prefill_gemm,0.0,,8,1,0,106695270.32995091,106695270.47843091,0.14847999811172485
facebook/opt-125m,64,1024,prefill,prefill,prefill_gemm,0.0,,8,2,0,106695270.47843091,106695270.62691091,0.14847999811172485
facebook/opt-125m,64,1024,prefill,prefill,prefill_gemm,0.0,,8,3,0,106695270.62691091,106695270.77539091,0.14847999811172485
facebook/opt-125m,64,1024,prefill,prefill,prefill_gemm,0.0,,8,4,0,106695270.77539091,106695270.9238709,0.14847999811172485
facebook/opt-125m,64,1024,prefill,prefill,prefill_gemm,0.0,,8,5,0,106695270.9238709,106695271.0723509,0.14847999811172485
facebook/opt-125m,64,1024,prefill,prefill,prefill_gemm,0.0,,9,0,0,106695271.0723509,106695271.2208309,0.14847999811172485
facebook/opt-125m,64,1024,prefill,prefill,prefill_gemm,0.0,,9,1,0,106695271.2208309,106695271.3693109,0.14847999811172485
facebook/opt-125m,64,1024,prefill,prefill,prefill_gemm,0.0,,9,2,0,106695271.3693109,106695271.5177909,0.14847999811172485
facebook/opt-125m,64,1024,prefill,prefill,prefill_gemm,0.0,,9,3,0,106695271.5177909,106695271.6662709,0.14847999811172485
facebook/opt-125m,64,1024,prefill,prefill,prefill_gemm,0.0,,9,4,0,106695271.6662709,106695271.8147509,0.14847999811172485
facebook/opt-125m,64,1024,prefill,prefill,prefill_gemm,0.0,,9,5,0,106695271.8147509,106695271.9632309,0.14847999811172485
facebook/opt-125m,64,1024,prefill,prefill,prefill_gemm,0.0,,10,0,0,106695271.9632309,106695272.11171089,0.14847999811172485
facebook/opt-125m,64,1024,prefill,prefill,prefill_gemm,0.0,,10,1,0,106695272.11171089,106695272.26019089,0.14847999811172485
facebook/opt-125m,64,1024,prefill,prefill,prefill_gemm,0.0,,10,2,0,106695272.26019089,106695272.40867089,0.14847999811172485
facebook/opt-125m,64,1024,prefill,prefill,prefill_gemm,0.0,,10,3,0,106695272.40867089,106695272.55715089,0.14847999811172485
facebook/opt-125m,64,1024,prefill,prefill,prefill_gemm,0.0,,10,4,0,106695272.55715089,106695272.70563088,0.14847999811172485
facebook/opt-125m,64,1024,prefill,prefill,prefill_gemm,0.0,,10,5,0,106695272.70563088,106695272.85411088,0.14847999811172485
facebook/opt-125m,64,1024,prefill,prefill,prefill_gemm,0.0,,11,0,0,106695272.85411088,106695273.00259088,0.14847999811172485
facebook/opt-125m,64,1024,prefill,prefill,prefill_gemm,0.0,,11,1,0,106695273.00259088,106695273.15107088,0.14847999811172485
facebook/opt-125m,64,1024,prefill,prefill,prefill_gemm,0.0,,11,2,0,106695273.15107088,106695273.29955088,0.14847999811172485
facebook/opt-125m,64,1024,prefill,prefill,prefill_gemm,0.0,,11,3,0,106695273.29955088,106695273.44803087,0.14847999811172485
facebook/opt-125m,64,1024,prefill,prefill,prefill_gemm,0.0,,11,4,0,106695273.44803087,106695273.59651087,0.14847999811172485
facebook/opt-125m,64,1024,prefill,prefill,prefill_gemm,0.0,,11,5,0,106695273.59651087,106695273.74499087,0.14847999811172485
facebook/opt-125m,64,1024,prefill,prefill,prefill_gemm,1.0,,0,0,0,106695273.74499087,106695273.89347087,0.14847999811172485
facebook/opt-125m,64,1024,prefill,prefill,prefill_gemm,1.0,,0,1,0,106695273.89347087,106695274.04195087,0.14847999811172485
facebook/opt-125m,64,1024,prefill,prefill,prefill_gemm,1.0,,0,2,0,106695274.04195087,106695274.19043086,0.14847999811172485
facebook/opt-125m,64,1024,prefill,prefill,prefill_gemm,1.0,,0,3,0,106695274.19043086,106695274.33891086,0.14847999811172485
facebook/opt-125m,64,1024,prefill,prefill,prefill_gemm,1.0,,0,4,0,106695274.33891086,106695274.48739086,0.14847999811172485
facebook/opt-125m,64,1024,prefill,prefill,prefill_gemm,1.0,,0,5,0,106695274.48739086,106695274.63587086,0.14847999811172485
facebook/opt-125m,64,1024,prefill,prefill,prefill_gemm,1.0,,1,0,1,106695274.774987,106695274.923467,0.14847999811172485
facebook/opt-125m,64,1024,prefill,prefill,prefill_gemm,1.0,,1,1,1,106695274.923467,106695275.071947,0.14847999811172485
facebook/opt-125m,64,1024,prefill,prefill,prefill_gemm,1.0,,1,2,1,106695275.071947,106695275.22042699,0.14847999811172485
facebook/opt-125m,64,1024,prefill,prefill,prefill_gemm,1.0,,1,3,1,106695275.22042699,106695275.36890699,0.14847999811172485
facebook/opt-125m,64,1024,prefill,prefill,prefill_gemm,1.0,,1,4,1,106695275.36890699,106695275.51738699,0.14847999811172485
facebook/opt-125m,64,1024,prefill,prefill,prefill_gemm,1.0,,1,5,1,106695275.51738699,106695275.66586699,0.14847999811172485
facebook/opt-125m,64,1024,prefill,prefill,prefill_gemm,1.0,,2,0,1,106695275.66586699,106695275.81434698,0.14847999811172485
facebook/opt-125m,64,1024,prefill,prefill,prefill_gemm,1.0,,2,1,1,106695275.81434698,106695275.96282698,0.14847999811172485
facebook/opt-125m,64,1024,prefill,prefill,prefill_gemm,1.0,,2,2,1,106695275.96282698,106695276.11130698,0.14847999811172485
facebook/opt-125m,64,1024,prefill,prefill,prefill_gemm,1.0,,2,3,1,106695276.11130698,106695276.25978698,0.14847999811172485
facebook/opt-125m,64,1024,prefill,prefill,prefill_gemm,1.0,,2,4,1,106695276.25978698,106695276.40826698,0.14847999811172485
facebook/opt-125m,64,1024,prefill,prefill,prefill_gemm,1.0,,2,5,1,106695276.40826698,106695276.55674697,0.14847999811172485
facebook/opt-125m,64,1024,prefill,prefill,prefill_gemm,1.0,,3,0,1,106695276.55674697,106695276.70522697,0.14847999811172485
facebook/opt-125m,64,1024,prefill,prefill,prefill_gemm,1.0,,3,1,1,106695276.70522697,106695276.85370697,0.14847999811172485
facebook/opt-125m,64,1024,prefill,prefill,prefill_gemm,1.0,,3,2,1,106695276.85370697,106695277.00218697,0.14847999811172485
facebook/opt-125m,64,1024,prefill,prefill,prefill_gemm,1.0,,3,3,1,106695277.00218697,106695277.15066697,0.14847999811172485
facebook/opt-125m,64,1024,prefill,prefill,prefill_gemm,1.0,,3,4,1,106695277.15066697,106695277.29914697,0.14847999811172485
facebook/opt-125m,64,1024,prefill,prefill,prefill_gemm,1.0,,3,5,1,106695277.29914697,106695277.44762696,0.14847999811172485
facebook/opt-125m,64,1024,prefill,prefill,prefill_gemm,1.0,,4,0,1,106695277.44762696,106695277.59610696,0.14847999811172485
facebook/opt-125m,64,1024,prefill,prefill,prefill_gemm,1.0,,4,1,1,106695277.59610696,106695277.74458696,0.14847999811172485
facebook/opt-125m,64,1024,prefill,prefill,prefill_gemm,1.0,,4,2,2,106695277.77227,106695277.92074999,0.14847999811172485
facebook/opt-125m,64,1024,prefill,prefill,prefill_gemm,1.0,,4,3,2,106695277.92074999,106695278.06922999,0.14847999811172485
facebook/opt-125m,64,1024,prefill,prefill,prefill_gemm,1.0,,4,4,2,106695278.06922999,106695278.21770999,0.14847999811172485
facebook/opt-125m,64,1024,prefill,prefill,prefill_gemm,1.0,,4,5,2,106695278.21770999,106695278.36618999,0.14847999811172485
facebook/opt-125m,64,1024,prefill,prefill,prefill_gemm,1.0,,5,0,2,106695278.36618999,106695278.51466998,0.14847999811172485
facebook/opt-125m,64,1024,prefill,prefill,prefill_gemm,1.0,,5,1,2,106695278.51466998,106695278.66314998,0.14847999811172485
facebook/opt-125m,64,1024,prefill,prefill,prefill_gemm,1.0,,5,2,2,106695278.66314998,106695278.81162998,0.14847999811172485
facebook/opt-125m,64,1024,prefill,prefill,prefill_gemm,1.0,,5,3,2,106695278.81162998,106695278.96010998,0.14847999811172485
facebook/opt-125m,64,1024,prefill,prefill,prefill_gemm,1.0,,5,4,2,106695278.96010998,106695279.10858998,0.14847999811172485
facebook/opt-125m,64,1024,prefill,prefill,prefill_gemm,1.0,,5,5,2,106695279.10858998,106695279.25706998,0.14847999811172485
facebook/opt-125m,64,1024,prefill,prefill,prefill_gemm,1.0,,6,0,2,106695279.25706998,106695279.40554997,0.14847999811172485
facebook/opt-125m,64,1024,prefill,prefill,prefill_gemm,1.0,,6,1,2,106695279.40554997,106695279.55402997,0.14847999811172485
facebook/opt-125m,64,1024,prefill,prefill,prefill_gemm,1.0,,6,2,2,106695279.55402997,106695279.70250997,0.14847999811172485
facebook/opt-125m,64,1024,prefill,prefill,prefill_gemm,1.0,,6,3,2,106695279.70250997,106695279.85098997,0.14847999811172485
facebook/opt-125m,64,1024,prefill,prefill,prefill_gemm,1.0,,6,4,3,106695279.993424,106695280.141904,0.14847999811172485
facebook/opt-125m,64,1024,prefill,prefill,prefill_gemm,1.0,,6,5,3,106695280.141904,106695280.290384,0.14847999811172485
facebook/opt-125m,64,1024,prefill,prefill,prefill_gemm,1.0,,7,0,3,106695280.290384,106695280.438864,0.14847999811172485
facebook/opt-125m,64,1024,prefill,prefill,prefill_gemm,1.0,,7,1,3,106695280.438864,106695280.58734399,0.14847999811172485
facebook/opt-125m,64,1024,prefill,prefill,prefill_gemm,1.0,,7,2,3,106695280.58734399,106695280.73582399,0.14847999811172485
facebook/opt-125m,64,1024,prefill,prefill,prefill_gemm,1.0,,7,3,3,106695280.73582399,106695280.88430399,0.14847999811172485
facebook/opt-125m,64,1024,prefill,prefill,prefill_gemm,1.0,,7,4,3,106695280.88430399,106695281.03278399,0.14847999811172485
facebook/opt-125m,64,1024,prefill,prefill,prefill_gemm,1.0,,7,5,3,106695281.03278399,106695281.18126398,0.14847999811172485
facebook/opt-125m,64,1024,prefill,prefill,prefill_gemm,1.0,,8,0,3,106695281.18126398,106695281.32974398,0.14847999811172485
facebook/opt-125m,64,1024,prefill,prefill,prefill_gemm,1.0,,8,1,3,106695281.32974398,106695281.47822398,0.14847999811172485
facebook/opt-125m,64,1024,prefill,prefill,prefill_gemm,1.0,,8,2,3,106695281.47822398,106695281.62670398,0.14847999811172485
facebook/opt-125m,64,1024,prefill,prefill,prefill_gemm,1.0,,8,3,3,106695281.62670398,106695281.77518398,0.14847999811172485
facebook/opt-125m,64,1024,prefill,prefill,prefill_gemm,1.0,,8,4,3,106695281.77518398,106695281.92366397,0.14847999811172485
facebook/opt-125m,64,1024,prefill,prefill,prefill_gemm,1.0,,8,5,3,106695281.92366397,106695282.07214397,0.14847999811172485
facebook/opt-125m,64,1024,prefill,prefill,prefill_gemm,1.0,,9,0,3,106695282.07214397,106695282.22062397,0.14847999811172485
facebook/opt-125m,64,1024,prefill,prefill,prefill_gemm,1.0,,9,1,3,106695282.22062397,106695282.36910397,0.14847999811172485
facebook/opt-125m,64,1024,prefill,prefill,prefill_gemm,1.0,,9,2,3,106695282.36910397,106695282.51758397,0.14847999811172485
facebook/opt-125m,64,1024,prefill,prefill,prefill_gemm,1.0,,9,3,3,106695282.51758397,106695282.66606396,0.14847999811172485
facebook/opt-125m,64,1024,prefill,prefill,prefill_gemm,1.0,,9,4,3,106695282.66606396,106695282.81454396,0.14847999811172485
facebook/opt-125m,64,1024,prefill,prefill,prefill_gemm,1.0,,9,5,4,106695282.906051,106695283.054531,0.14847999811172485
facebook/opt-125m,64,1024,prefill,prefill,prefill_gemm,1.0,,10,0,4,106695283.054531,106695283.20301099,0.14847999811172485
facebook/opt-125m,64,1024,prefill,prefill,prefill_gemm,1.0,,10,1,4,106695283.20301099,106695283.35149099,0.14847999811172485
facebook/opt-125m,64,1024,prefill,prefill,prefill_gemm,1.0,,10,2,4,106695283.35149099,106695283.49997099,0.14847999811172485
facebook/opt-125m,64,1024,prefill,prefill,prefill_gemm,1.0,,10,3,4,106695283.49997099,106695283.64845099,0.14847999811172485
facebook/opt-125m,64,1024,prefill,prefill,prefill_gemm,1.0,,10,4,4,106695283.64845099,106695283.79693098,0.14847999811172485
facebook/opt-125m,64,1024,prefill,prefill,prefill_gemm,1.0,,10,5,4,106695283.79693098,106695283.94541098,0.14847999811172485
facebook/opt-125m,64,1024,prefill,prefill,prefill_gemm,1.0,,11,0,4,106695283.94541098,106695284.09389098,0.14847999811172485
facebook/opt-125m,64,1024,prefill,prefill,prefill_gemm,1.0,,11,1,4,106695284.09389098,106695284.24237098,0.14847999811172485
facebook/opt-125m,64,1024,prefill,prefill,prefill_gemm,1.0,,11,2,4,106695284.24237098,106695284.39085098,0.14847999811172485
facebook/opt-125m,64,1024,prefill,prefill,prefill_gemm,1.0,,11,3,4,106695284.39085098,106695284.53933097,0.14847999811172485
facebook/opt-125m,64,1024,prefill,prefill,prefill_gemm,1.0,,11,4,4,106695284.53933097,106695284.68781097,0.14847999811172485
facebook/opt-125m,64,1024,prefill,prefill,prefill_gemm,1.0,,11,5,4,106695284.68781097,106695284.83629097,0.14847999811172485
facebook/opt-125m,64,1024,prefill,prefill,prefill_gemm,2.0,,0,0,4,106695284.83629097,106695284.98477097,0.14847999811172485
facebook/opt-125m,64,1024,prefill,prefill,prefill_gemm,2.0,,0,1,4,106695284.98477097,106695285.13325097,0.14847999811172485
facebook/opt-125m,64,1024,prefill,prefill,prefill_gemm,2.0,,0,2,4,106695285.13325097,106695285.28173096,0.14847999811172485
facebook/opt-125m,64,1024,prefill,prefill,prefill_gemm,2.0,,0,3,4,106695285.28173096,106695285.43021096,0.14847999811172485
facebook/opt-125m,64,1024,prefill,prefill,prefill_gemm,2.0,,0,4,4,106695285.43021096,106695285.57869096,0.14847999811172485
facebook/opt-125m,64,1024,prefill,prefill,prefill_gemm,2.0,,0,5,4,106695285.57869096,106695285.72717096,0.14847999811172485
facebook/opt-125m,64,1024,prefill,prefill,prefill_gemm,2.0,,1,0,4,106695285.72717096,106695285.87565096,0.14847999811172485
facebook/opt-125m,64,1024,prefill,prefill,prefill_gemm,2.0,,1,1,4,106695285.87565096,106695286.02413096,0.14847999811172485
facebook/opt-125m,64,1024,prefill,prefill,prefill_gemm,2.0,,1,2,4,106695286.02413096,106695286.17261095,0.14847999811172485
facebook/opt-125m,64,1024,prefill,prefill,prefill_gemm,2.0,,1,3,4,106695286.17261095,106695286.32109095,0.14847999811172485
facebook/opt-125m,64,1024,prefill,prefill,prefill_gemm,2.0,,1,4,4,106695286.32109095,106695286.46957095,0.14847999811172485
facebook/opt-125m,64,1024,prefill,prefill,prefill_gemm,2.0,,1,5,4,106695286.46957095,106695286.61805095,0.14847999811172485
facebook/opt-125m,64,1024,prefill,prefill,prefill_gemm,2.0,,2,0,4,106695286.61805095,106695286.76653095,0.14847999811172485
facebook/opt-125m,64,1024,prefill,prefill,prefill_gemm,2.0,,2,1,4,106695286.76653095,106695286.91501094,0.14847999811172485
facebook/opt-125m,64,1024,prefill,prefill,prefill_gemm,2.0,,2,2,4,106695286.91501094,106695287.06349094,0.14847999811172485
facebook/opt-125m,64,1024,prefill,prefill,prefill_gemm,2.0,,2,3,4,106695287.06349094,106695287.21197094,0.14847999811172485
facebook/opt-125m,64,1024,prefill,prefill,prefill_gemm,2.0,,2,4,4,106695287.21197094,106695287.36045094,0.14847999811172485
facebook/opt-125m,64,1024,prefill,prefill,prefill_gemm,2.0,,2,5,4,106695287.36045094,106695287.50893094,0.14847999811172485
facebook/opt-125m,64,1024,prefill,prefill,prefill_gemm,2.0,,3,0,4,106695287.50893094,106695287.65741093,0.14847999811172485
facebook/opt-125m,64,1024,prefill,prefill,prefill_gemm,2.0,,3,1,4,106695287.65741093,106695287.80589093,0.14847999811172485
facebook/opt-125m,64,1024,prefill,prefill,prefill_gemm,2.0,,3,2,4,106695287.80589093,106695287.95437093,0.14847999811172485
facebook/opt-125m,64,1024,prefill,prefill,prefill_gemm,2.0,,3,3,4,106695287.95437093,106695288.10285093,0.14847999811172485
facebook/opt-125m,64,1024,prefill,prefill,prefill_gemm,2.0,,3,4,4,106695288.10285093,106695288.25133093,0.14847999811172485
facebook/opt-125m,64,1024,prefill,prefill,prefill_gemm,2.0,,3,5,4,106695288.25133093,106695288.39981093,0.14847999811172485
facebook/opt-125m,64,1024,prefill,prefill,prefill_gemm,2.0,,4,0,4,106695288.39981093,106695288.54829092,0.14847999811172485
facebook/opt-125m,64,1024,prefill,prefill,prefill_gemm,2.0,,4,1,4,106695288.54829092,106695288.69677092,0.14847999811172485
facebook/opt-125m,64,1024,prefill,prefill,prefill_gemm,2.0,,4,2,4,106695288.69677092,106695288.84525092,0.14847999811172485
facebook/opt-125m,64,1024,prefill,prefill,prefill_gemm,2.0,,4,3,4,106695288.84525092,106695288.99373092,0.14847999811172485
facebook/opt-125m,64,1024,prefill,prefill,prefill_gemm,2.0,,4,4,4,106695288.99373092,106695289.14221092,0.14847999811172485
facebook/opt-125m,64,1024,prefill,prefill,prefill_gemm,2.0,,4,5,4,106695289.14221092,106695289.29069091,0.14847999811172485
facebook/opt-125m,64,1024,prefill,prefill,prefill_gemm,2.0,,5,0,4,106695289.29069091,106695289.43917091,0.14847999811172485
facebook/opt-125m,64,1024,prefill,prefill,prefill_gemm,2.0,,5,1,4,106695289.43917091,106695289.58765091,0.14847999811172485
facebook/opt-125m,64,1024,prefill,prefill,prefill_gemm,2.0,,5,2,4,106695289.58765091,106695289.73613091,0.14847999811172485
facebook/opt-125m,64,1024,prefill,prefill,prefill_gemm,2.0,,5,3,4,106695289.73613091,106695289.8846109,0.14847999811172485
facebook/opt-125m,64,1024,prefill,prefill,prefill_gemm,2.0,,5,4,4,106695289.8846109,106695290.0330909,0.14847999811172485
facebook/opt-125m,64,1024,prefill,prefill,prefill_gemm,2.0,,5,5,4,106695290.0330909,106695290.1815709,0.14847999811172485
facebook/opt-125m,64,1024,prefill,prefill,prefill_gemm,2.0,,6,0,4,106695290.1815709,106695290.3300509,0.14847999811172485
facebook/opt-125m,64,1024,prefill,prefill,prefill_gemm,2.0,,6,1,4,106695290.3300509,106695290.4785309,0.14847999811172485
facebook/opt-125m,64,1024,prefill,prefill,prefill_gemm,2.0,,6,2,4,106695290.4785309,106695290.6270109,0.14847999811172485
facebook/opt-125m,64,1024,prefill,prefill,prefill_gemm,2.0,,6,3,4,106695290.6270109,106695290.7754909,0.14847999811172485
facebook/opt-125m,64,1024,prefill,prefill,prefill_gemm,2.0,,6,4,4,106695290.7754909,106695290.9239709,0.14847999811172485
facebook/opt-125m,64,1024,prefill,prefill,prefill_gemm,2.0,,6,5,4,106695290.9239709,106695291.07245089,0.14847999811172485
facebook/opt-125m,64,1024,prefill,prefill,prefill_gemm,2.0,,7,0,4,106695291.07245089,106695291.22093089,0.14847999811172485
facebook/opt-125m,64,1024,prefill,prefill,prefill_gemm,2.0,,7,1,4,106695291.22093089,106695291.36941089,0.14847999811172485
facebook/opt-125m,64,1024,prefill,prefill,prefill_gemm,2.0,,7,2,4,106695291.36941089,106695291.51789089,0.14847999811172485
facebook/opt-125m,64,1024,prefill,prefill,prefill_gemm,2.0,,7,3,4,106695291.51789089,106695291.66637088,0.14847999811172485
facebook/opt-125m,64,1024,prefill,prefill,prefill_gemm,2.0,,7,4,4,106695291.66637088,106695291.81485088,0.14847999811172485
facebook/opt-125m,64,1024,prefill,prefill,prefill_gemm,2.0,,7,5,4,106695291.81485088,106695291.96333088,0.14847999811172485
facebook/opt-125m,64,1024,prefill,prefill,prefill_gemm,2.0,,8,0,4,106695291.96333088,106695292.11181088,0.14847999811172485
facebook/opt-125m,64,1024,prefill,prefill,prefill_gemm,2.0,,8,1,4,106695292.11181088,106695292.26029088,0.14847999811172485
facebook/opt-125m,64,1024,prefill,prefill,prefill_gemm,2.0,,8,2,4,106695292.26029088,106695292.40877087,0.14847999811172485
facebook/opt-125m,64,1024,prefill,prefill,prefill_gemm,2.0,,8,3,4,106695292.40877087,106695292.55725087,0.14847999811172485
facebook/opt-125m,64,1024,prefill,prefill,prefill_gemm,2.0,,8,4,4,106695292.55725087,106695292.70573087,0.14847999811172485
facebook/opt-125m,64,1024,prefill,prefill,prefill_gemm,2.0,,8,5,4,106695292.70573087,106695292.85421087,0.14847999811172485
facebook/opt-125m,64,1024,prefill,prefill,prefill_gemm,2.0,,9,0,4,106695292.85421087,106695293.00269087,0.14847999811172485
facebook/opt-125m,64,1024,prefill,prefill,prefill_gemm,2.0,,9,1,4,106695293.00269087,106695293.15117086,0.14847999811172485
facebook/opt-125m,64,1024,prefill,prefill,prefill_gemm,2.0,,9,2,4,106695293.15117086,106695293.29965086,0.14847999811172485
facebook/opt-125m,64,1024,prefill,prefill,prefill_gemm,2.0,,9,3,4,106695293.29965086,106695293.44813086,0.14847999811172485
facebook/opt-125m,64,1024,prefill,prefill,prefill_gemm,2.0,,9,4,4,106695293.44813086,106695293.59661086,0.14847999811172485
facebook/opt-125m,64,1024,prefill,prefill,prefill_gemm,2.0,,9,5,4,106695293.59661086,106695293.74509086,0.14847999811172485
facebook/opt-125m,64,1024,prefill,prefill,prefill_gemm,2.0,,10,0,4,106695293.74509086,106695293.89357086,0.14847999811172485
facebook/opt-125m,64,1024,prefill,prefill,prefill_gemm,2.0,,10,1,4,106695293.89357086,106695294.04205085,0.14847999811172485
facebook/opt-125m,64,1024,prefill,prefill,prefill_gemm,2.0,,10,2,4,106695294.04205085,106695294.19053085,0.14847999811172485
facebook/opt-125m,64,1024,prefill,prefill,prefill_gemm,2.0,,10,3,4,106695294.19053085,106695294.33901085,0.14847999811172485
facebook/opt-125m,64,1024,prefill,prefill,prefill_gemm,2.0,,10,4,4,106695294.33901085,106695294.48749085,0.14847999811172485
facebook/opt-125m,64,1024,prefill,prefill,prefill_gemm,2.0,,10,5,4,106695294.48749085,106695294.63597085,0.14847999811172485
facebook/opt-125m,64,1024,prefill,prefill,prefill_gemm,2.0,,11,0,4,106695294.63597085,106695294.78445084,0.14847999811172485
facebook/opt-125m,64,1024,prefill,prefill,prefill_gemm,2.0,,11,1,4,106695294.78445084,106695294.93293084,0.14847999811172485
facebook/opt-125m,64,1024,prefill,prefill,prefill_gemm,2.0,,11,2,4,106695294.93293084,106695295.08141084,0.14847999811172485
facebook/opt-125m,64,1024,prefill,prefill,prefill_gemm,2.0,,11,3,4,106695295.08141084,106695295.22989084,0.14847999811172485
facebook/opt-125m,64,1024,prefill,prefill,prefill_gemm,2.0,,11,4,4,106695295.22989084,106695295.37837084,0.14847999811172485
facebook/opt-125m,64,1024,prefill,prefill,prefill_gemm,2.0,,11,5,4,106695295.37837084,106695295.52685083,0.14847999811172485
facebook/opt-125m,64,1024,prefill,prefill,prefill_gemm,3.0,,0,0,4,106695295.52685083,106695295.67533083,0.14847999811172485
facebook/opt-125m,64,1024,prefill,prefill,prefill_gemm,3.0,,0,1,4,106695295.67533083,106695295.82381083,0.14847999811172485
facebook/opt-125m,64,1024,prefill,prefill,prefill_gemm,3.0,,0,2,4,106695295.82381083,106695295.97229083,0.14847999811172485
facebook/opt-125m,64,1024,prefill,prefill,prefill_gemm,3.0,,0,3,4,106695295.97229083,106695296.12077083,0.14847999811172485
facebook/opt-125m,64,1024,prefill,prefill,prefill_gemm,3.0,,0,4,4,106695296.12077083,106695296.26925083,0.14847999811172485
facebook/opt-125m,64,1024,prefill,prefill,prefill_gemm,3.0,,0,5,4,106695296.26925083,106695296.41773082,0.14847999811172485
facebook/opt-125m,64,1024,prefill,prefill,prefill_gemm,3.0,,1,0,4,106695296.41773082,106695296.56621082,0.14847999811172485
facebook/opt-125m,64,1024,prefill,prefill,prefill_gemm,3.0,,1,1,4,106695296.56621082,106695296.71469082,0.14847999811172485
facebook/opt-125m,64,1024,prefill,prefill,prefill_gemm,3.0,,1,2,4,106695296.71469082,106695296.86317082,0.14847999811172485
facebook/opt-125m,64,1024,prefill,prefill,prefill_gemm,3.0,,1,3,4,106695296.86317082,106695297.01165082,0.14847999811172485
facebook/opt-125m,64,1024,prefill,prefill,prefill_gemm,3.0,,1,4,4,106695297.01165082,106695297.16013081,0.14847999811172485
facebook/opt-125m,64,1024,prefill,prefill,prefill_gemm,3.0,,1,5,4,106695297.16013081,106695297.30861081,0.14847999811172485
facebook/opt-125m,64,1024,prefill,prefill,prefill_gemm,3.0,,2,0,4,106695297.30861081,106695297.45709081,0.14847999811172485
facebook/opt-125m,64,1024,prefill,prefill,prefill_gemm,3.0,,2,1,4,106695297.45709081,106695297.60557081,0.14847999811172485
facebook/opt-125m,64,1024,prefill,prefill,prefill_gemm,3.0,,2,2,4,106695297.60557081,106695297.7540508,0.14847999811172485
facebook/opt-125m,64,1024,prefill,prefill,prefill_gemm,3.0,,2,3,4,106695297.7540508,106695297.9025308,0.14847999811172485
facebook/opt-125m,64,1024,prefill,prefill,prefill_gemm,3.0,,2,4,4,106695297.9025308,106695298.0510108,0.14847999811172485
facebook/opt-125m,64,1024,prefill,prefill,prefill_gemm,3.0,,2,5,4,106695298.0510108,106695298.1994908,0.14847999811172485
facebook/opt-125m,64,1024,prefill,prefill,prefill_gemm,3.0,,3,0,4,106695298.1994908,106695298.3479708,0.14847999811172485
facebook/opt-125m,64,1024,prefill,prefill,prefill_gemm,3.0,,3,1,4,106695298.3479708,106695298.4964508,0.14847999811172485
facebook/opt-125m,64,1024,prefill,prefill,prefill_gemm,3.0,,3,2,4,106695298.4964508,106695298.6449308,0.14847999811172485
facebook/opt-125m,64,1024,prefill,prefill,prefill_gemm,3.0,,3,3,4,106695298.6449308,106695298.7934108,0.14847999811172485
facebook/opt-125m,64,1024,prefill,prefill,prefill_gemm,3.0,,3,4,4,106695298.7934108,106695298.94189079,0.14847999811172485
facebook/opt-125m,64,1024,prefill,prefill,prefill_gemm,3.0,,3,5,4,106695298.94189079,106695299.09037079,0.14847999811172485
facebook/opt-125m,64,1024,prefill,prefill,prefill_gemm,3.0,,4,0,4,106695299.09037079,106695299.23885079,0.14847999811172485
facebook/opt-125m,64,1024,prefill,prefill,prefill_gemm,3.0,,4,1,4,106695299.23885079,106695299.38733079,0.14847999811172485
facebook/opt-125m,64,1024,prefill,prefill,prefill_gemm,3.0,,4,2,4,106695299.38733079,106695299.53581078,0.14847999811172485
facebook/opt-125m,64,1024,prefill,prefill,prefill_gemm,3.0,,4,3,4,106695299.53581078,106695299.68429078,0.14847999811172485
facebook/opt-125m,64,1024,prefill,prefill,prefill_gemm,3.0,,4,4,4,106695299.68429078,106695299.83277078,0.14847999811172485
facebook/opt-125m,64,1024,prefill,prefill,prefill_gemm,3.0,,4,5,4,106695299.83277078,106695299.98125078,0.14847999811172485
facebook/opt-125m,64,1024,prefill,prefill,prefill_gemm,3.0,,5,0,4,106695299.98125078,106695300.12973078,0.14847999811172485
facebook/opt-125m,64,1024,prefill,prefill,prefill_gemm,3.0,,5,1,4,106695300.12973078,106695300.27821077,0.14847999811172485
facebook/opt-125m,64,1024,prefill,prefill,prefill_gemm,3.0,,5,2,4,106695300.27821077,106695300.42669077,0.14847999811172485
facebook/opt-125m,64,1024,prefill,prefill,prefill_gemm,3.0,,5,3,4,106695300.42669077,106695300.57517077,0.14847999811172485
facebook/opt-125m,64,1024,prefill,prefill,prefill_gemm,3.0,,5,4,4,106695300.57517077,106695300.72365077,0.14847999811172485
facebook/opt-125m,64,1024,prefill,prefill,prefill_gemm,3.0,,5,5,4,106695300.72365077,106695300.87213077,0.14847999811172485
facebook/opt-125m,64,1024,prefill,prefill,prefill_gemm,3.0,,6,0,4,106695300.87213077,106695301.02061076,0.14847999811172485
facebook/opt-125m,64,1024,prefill,prefill,prefill_gemm,3.0,,6,1,4,106695301.02061076,106695301.16909076,0.14847999811172485
facebook/opt-125m,64,1024,prefill,prefill,prefill_gemm,3.0,,6,2,4,106695301.16909076,106695301.31757076,0.14847999811172485
facebook/opt-125m,64,1024,prefill,prefill,prefill_gemm,3.0,,6,3,4,106695301.31757076,106695301.46605076,0.14847999811172485
facebook/opt-125m,64,1024,prefill,prefill,prefill_gemm,3.0,,6,4,4,106695301.46605076,106695301.61453076,0.14847999811172485
facebook/opt-125m,64,1024,prefill,prefill,prefill_gemm,3.0,,6,5,4,106695301.61453076,106695301.76301076,0.14847999811172485
facebook/opt-125m,64,1024,prefill,prefill,prefill_gemm,3.0,,7,0,4,106695301.76301076,106695301.91149075,0.14847999811172485
facebook/opt-125m,64,1024,prefill,prefill,prefill_gemm,3.0,,7,1,4,106695301.91149075,106695302.05997075,0.14847999811172485
facebook/opt-125m,64,1024,prefill,prefill,prefill_gemm,3.0,,7,2,4,106695302.05997075,106695302.20845075,0.14847999811172485
facebook/opt-125m,64,1024,prefill,prefill,prefill_gemm,3.0,,7,3,4,106695302.20845075,106695302.35693075,0.14847999811172485
facebook/opt-125m,64,1024,prefill,prefill,prefill_gemm,3.0,,7,4,4,106695302.35693075,106695302.50541075,0.14847999811172485
facebook/opt-125m,64,1024,prefill,prefill,prefill_gemm,3.0,,7,5,4,106695302.50541075,106695302.65389074,0.14847999811172485
facebook/opt-125m,64,1024,prefill,prefill,prefill_gemm,3.0,,8,0,4,106695302.65389074,106695302.80237074,0.14847999811172485
facebook/opt-125m,64,1024,prefill,prefill,prefill_gemm,3.0,,8,1,4,106695302.80237074,106695302.95085074,0.14847999811172485
facebook/opt-125m,64,1024,prefill,prefill,prefill_gemm,3.0,,8,2,4,106695302.95085074,106695303.09933074,0.14847999811172485
facebook/opt-125m,64,1024,prefill,prefill,prefill_gemm,3.0,,8,3,4,106695303.09933074,106695303.24781074,0.14847999811172485
facebook/opt-125m,64,1024,prefill,prefill,prefill_gemm,3.0,,8,4,4,106695303.24781074,106695303.39629073,0.14847999811172485
facebook/opt-125m,64,1024,prefill,prefill,prefill_gemm,3.0,,8,5,4,106695303.39629073,106695303.54477073,0.14847999811172485
facebook/opt-125m,64,1024,prefill,prefill,prefill_gemm,3.0,,9,0,4,106695303.54477073,106695303.69325073,0.14847999811172485
facebook/opt-125m,64,1024,prefill,prefill,prefill_gemm,3.0,,9,1,4,106695303.69325073,106695303.84173073,0.14847999811172485
facebook/opt-125m,64,1024,prefill,prefill,prefill_gemm,3.0,,9,2,4,106695303.84173073,106695303.99021073,0.14847999811172485
facebook/opt-125m,64,1024,prefill,prefill,prefill_gemm,3.0,,9,3,4,106695303.99021073,106695304.13869072,0.14847999811172485
facebook/opt-125m,64,1024,prefill,prefill,prefill_gemm,3.0,,9,4,4,106695304.13869072,106695304.28717072,0.14847999811172485
facebook/opt-125m,64,1024,prefill,prefill,prefill_gemm,3.0,,9,5,4,106695304.28717072,106695304.43565072,0.14847999811172485
facebook/opt-125m,64,1024,prefill,prefill,prefill_gemm,3.0,,10,0,4,106695304.43565072,106695304.58413072,0.14847999811172485
facebook/opt-125m,64,1024,prefill,prefill,prefill_gemm,3.0,,10,1,4,106695304.58413072,106695304.73261072,0.14847999811172485
facebook/opt-125m,64,1024,prefill,prefill,prefill_gemm,3.0,,10,2,4,106695304.73261072,106695304.88109072,0.14847999811172485
facebook/opt-125m,64,1024,prefill,prefill,prefill_gemm,3.0,,10,3,4,106695304.88109072,106695305.02957071,0.14847999811172485
facebook/opt-125m,64,1024,prefill,prefill,prefill_gemm,3.0,,10,4,4,106695305.02957071,106695305.17805071,0.14847999811172485
facebook/opt-125m,64,1024,prefill,prefill,prefill_gemm,3.0,,10,5,4,106695305.17805071,106695305.32653071,0.14847999811172485
facebook/opt-125m,64,1024,prefill,prefill,prefill_gemm,3.0,,11,0,4,106695305.32653071,106695305.47501071,0.14847999811172485
facebook/opt-125m,64,1024,prefill,prefill,prefill_gemm,3.0,,11,1,4,106695305.47501071,106695305.6234907,0.14847999811172485
facebook/opt-125m,64,1024,prefill,prefill,prefill_gemm,3.0,,11,2,4,106695305.6234907,106695305.7719707,0.14847999811172485
facebook/opt-125m,64,1024,prefill,prefill,prefill_gemm,3.0,,11,3,4,106695305.7719707,106695305.9204507,0.14847999811172485
facebook/opt-125m,64,1024,prefill,prefill,prefill_gemm,3.0,,11,4,4,106695305.9204507,106695306.0689307,0.14847999811172485
facebook/opt-125m,64,1024,prefill,prefill,prefill_gemm,3.0,,11,5,4,106695306.0689307,106695306.2174107,0.14847999811172485
facebook/opt-125m,64,1024,prefill,prefill,prefill_gemm,4.0,,0,0,4,106695306.2174107,106695306.3658907,0.14847999811172485
facebook/opt-125m,64,1024,prefill,prefill,prefill_gemm,4.0,,0,1,4,106695306.3658907,106695306.5143707,0.14847999811172485
facebook/opt-125m,64,1024,prefill,prefill,prefill_gemm,4.0,,0,2,4,106695306.5143707,106695306.6628507,0.14847999811172485
facebook/opt-125m,64,1024,prefill,prefill,prefill_gemm,4.0,,0,3,4,106695306.6628507,106695306.81133069,0.14847999811172485
facebook/opt-125m,64,1024,prefill,prefill,prefill_gemm,4.0,,0,4,4,106695306.81133069,106695306.95981069,0.14847999811172485
facebook/opt-125m,64,1024,prefill,prefill,prefill_gemm,4.0,,0,5,4,106695306.95981069,106695307.10829069,0.14847999811172485
facebook/opt-125m,64,1024,prefill,prefill,prefill_gemm,4.0,,1,0,4,106695307.10829069,106695307.25677069,0.14847999811172485
facebook/opt-125m,64,1024,prefill,prefill,prefill_gemm,4.0,,1,1,4,106695307.25677069,106695307.40525068,0.14847999811172485
facebook/opt-125m,64,1024,prefill,prefill,prefill_gemm,4.0,,1,2,4,106695307.40525068,106695307.55373068,0.14847999811172485
facebook/opt-125m,64,1024,prefill,prefill,prefill_gemm,4.0,,1,3,4,106695307.55373068,106695307.70221068,0.14847999811172485
facebook/opt-125m,64,1024,prefill,prefill,prefill_gemm,4.0,,1,4,4,106695307.70221068,106695307.85069068,0.14847999811172485
facebook/opt-125m,64,1024,prefill,prefill,prefill_gemm,4.0,,1,5,4,106695307.85069068,106695307.99917068,0.14847999811172485
facebook/opt-125m,64,1024,prefill,prefill,prefill_gemm,4.0,,2,0,4,106695307.99917068,106695308.14765067,0.14847999811172485
facebook/opt-125m,64,1024,prefill,prefill,prefill_gemm,4.0,,2,1,4,106695308.14765067,106695308.29613067,0.14847999811172485
facebook/opt-125m,64,1024,prefill,prefill,prefill_gemm,4.0,,2,2,4,106695308.29613067,106695308.44461067,0.14847999811172485
facebook/opt-125m,64,1024,prefill,prefill,prefill_gemm,4.0,,2,3,4,106695308.44461067,106695308.59309067,0.14847999811172485
facebook/opt-125m,64,1024,prefill,prefill,prefill_gemm,4.0,,2,4,4,106695308.59309067,106695308.74157067,0.14847999811172485
facebook/opt-125m,64,1024,prefill,prefill,prefill_gemm,4.0,,2,5,4,106695308.74157067,106695308.89005066,0.14847999811172485
facebook/opt-125m,64,1024,prefill,prefill,prefill_gemm,4.0,,3,0,4,106695308.89005066,106695309.03853066,0.14847999811172485
facebook/opt-125m,64,1024,prefill,prefill,prefill_gemm,4.0,,3,1,4,106695309.03853066,106695309.18701066,0.14847999811172485
facebook/opt-125m,64,1024,prefill,prefill,prefill_gemm,4.0,,3,2,4,106695309.18701066,106695309.33549066,0.14847999811172485
facebook/opt-125m,64,1024,prefill,prefill,prefill_gemm,4.0,,3,3,4,106695309.33549066,106695309.48397066,0.14847999811172485
facebook/opt-125m,64,1024,prefill,prefill,prefill_gemm,4.0,,3,4,4,106695309.48397066,106695309.63245066,0.14847999811172485
facebook/opt-125m,64,1024,prefill,prefill,prefill_gemm,4.0,,3,5,4,106695309.63245066,106695309.78093065,0.14847999811172485
facebook/opt-125m,64,1024,prefill,prefill,prefill_gemm,4.0,,4,0,4,106695309.78093065,106695309.92941065,0.14847999811172485
facebook/opt-125m,64,1024,prefill,prefill,prefill_gemm,4.0,,4,1,4,106695309.92941065,106695310.07789065,0.14847999811172485
facebook/opt-125m,64,1024,prefill,prefill,prefill_gemm,4.0,,4,2,4,106695310.07789065,106695310.22637065,0.14847999811172485
facebook/opt-125m,64,1024,prefill,prefill,prefill_gemm,4.0,,4,3,4,106695310.22637065,106695310.37485065,0.14847999811172485
facebook/opt-125m,64,1024,prefill,prefill,prefill_gemm,4.0,,4,4,4,106695310.37485065,106695310.52333064,0.14847999811172485
facebook/opt-125m,64,1024,prefill,prefill,prefill_gemm,4.0,,4,5,4,106695310.52333064,106695310.67181064,0.14847999811172485
facebook/opt-125m,64,1024,prefill,prefill,prefill_gemm,4.0,,5,0,4,106695310.67181064,106695310.82029064,0.14847999811172485
facebook/opt-125m,64,1024,prefill,prefill,prefill_gemm,4.0,,5,1,4,106695310.82029064,106695310.96877064,0.14847999811172485
facebook/opt-125m,64,1024,prefill,prefill,prefill_gemm,4.0,,5,2,4,106695310.96877064,106695311.11725064,0.14847999811172485
facebook/opt-125m,64,1024,prefill,prefill,prefill_gemm,4.0,,5,3,4,106695311.11725064,106695311.26573063,0.14847999811172485
facebook/opt-125m,64,1024,prefill,prefill,prefill_gemm,4.0,,5,4,4,106695311.26573063,106695311.41421063,0.14847999811172485
facebook/opt-125m,64,1024,prefill,prefill,prefill_gemm,4.0,,5,5,4,106695311.41421063,106695311.56269063,0.14847999811172485
facebook/opt-125m,64,1024,prefill,prefill,prefill_gemm,4.0,,6,0,4,106695311.56269063,106695311.71117063,0.14847999811172485
facebook/opt-125m,64,1024,prefill,prefill,prefill_gemm,4.0,,6,1,4,106695311.71117063,106695311.85965063,0.14847999811172485
facebook/opt-125m,64,1024,prefill,prefill,prefill_gemm,4.0,,6,2,4,106695311.85965063,106695312.00813062,0.14847999811172485
facebook/opt-125m,64,1024,prefill,prefill,prefill_gemm,4.0,,6,3,4,106695312.00813062,106695312.15661062,0.14847999811172485
facebook/opt-125m,64,1024,prefill,prefill,prefill_gemm,4.0,,6,4,4,106695312.15661062,106695312.30509062,0.14847999811172485
facebook/opt-125m,64,1024,prefill,prefill,prefill_gemm,4.0,,6,5,4,106695312.30509062,106695312.45357062,0.14847999811172485
facebook/opt-125m,64,1024,prefill,prefill,prefill_gemm,4.0,,7,0,4,106695312.45357062,106695312.60205062,0.14847999811172485
facebook/opt-125m,64,1024,prefill,prefill,prefill_gemm,4.0,,7,1,4,106695312.60205062,106695312.75053062,0.14847999811172485
facebook/opt-125m,64,1024,prefill,prefill,prefill_gemm,4.0,,7,2,4,106695312.75053062,106695312.89901061,0.14847999811172485
facebook/opt-125m,64,1024,prefill,prefill,prefill_gemm,4.0,,7,3,4,106695312.89901061,106695313.04749061,0.14847999811172485
facebook/opt-125m,64,1024,prefill,prefill,prefill_gemm,4.0,,7,4,4,106695313.04749061,106695313.19597061,0.14847999811172485
facebook/opt-125m,64,1024,prefill,prefill,prefill_gemm,4.0,,7,5,4,106695313.19597061,106695313.34445061,0.14847999811172485
facebook/opt-125m,64,1024,prefill,prefill,prefill_gemm,4.0,,8,0,4,106695313.34445061,106695313.4929306,0.14847999811172485
facebook/opt-125m,64,1024,prefill,prefill,prefill_gemm,4.0,,8,1,4,106695313.4929306,106695313.6414106,0.14847999811172485
facebook/opt-125m,64,1024,prefill,prefill,prefill_gemm,4.0,,8,2,4,106695313.6414106,106695313.7898906,0.14847999811172485
facebook/opt-125m,64,1024,prefill,prefill,prefill_gemm,4.0,,8,3,4,106695313.7898906,106695313.9383706,0.14847999811172485
facebook/opt-125m,64,1024,prefill,prefill,prefill_gemm,4.0,,8,4,4,106695313.9383706,106695314.0868506,0.14847999811172485
facebook/opt-125m,64,1024,prefill,prefill,prefill_gemm,4.0,,8,5,4,106695314.0868506,106695314.2353306,0.14847999811172485
facebook/opt-125m,64,1024,prefill,prefill,prefill_gemm,4.0,,9,0,4,106695314.2353306,106695314.3838106,0.14847999811172485
facebook/opt-125m,64,1024,prefill,prefill,prefill_gemm,4.0,,9,1,4,106695314.3838106,106695314.5322906,0.14847999811172485
facebook/opt-125m,64,1024,prefill,prefill,prefill_gemm,4.0,,9,2,4,106695314.5322906,106695314.68077059,0.14847999811172485
facebook/opt-125m,64,1024,prefill,prefill,prefill_gemm,4.0,,9,3,4,106695314.68077059,106695314.82925059,0.14847999811172485
facebook/opt-125m,64,1024,prefill,prefill,prefill_gemm,4.0,,9,4,4,106695314.82925059,106695314.97773059,0.14847999811172485
facebook/opt-125m,64,1024,prefill,prefill,prefill_gemm,4.0,,9,5,4,106695314.97773059,106695315.12621059,0.14847999811172485
facebook/opt-125m,64,1024,prefill,prefill,prefill_gemm,4.0,,10,0,4,106695315.12621059,106695315.27469058,0.14847999811172485
facebook/opt-125m,64,1024,prefill,prefill,prefill_gemm,4.0,,10,1,4,106695315.27469058,106695315.42317058,0.14847999811172485
facebook/opt-125m,64,1024,prefill,prefill,prefill_gemm,4.0,,10,2,4,106695315.42317058,106695315.57165058,0.14847999811172485
facebook/opt-125m,64,1024,prefill,prefill,prefill_gemm,4.0,,10,3,4,106695315.57165058,106695315.72013058,0.14847999811172485
facebook/opt-125m,64,1024,prefill,prefill,prefill_gemm,4.0,,10,4,4,106695315.72013058,106695315.86861058,0.14847999811172485
facebook/opt-125m,64,1024,prefill,prefill,prefill_gemm,4.0,,10,5,4,106695315.86861058,106695316.01709057,0.14847999811172485
facebook/opt-125m,64,1024,prefill,prefill,prefill_gemm,4.0,,11,0,4,106695316.01709057,106695316.16557057,0.14847999811172485
facebook/opt-125m,64,1024,prefill,prefill,prefill_gemm,4.0,,11,1,4,106695316.16557057,106695316.31405057,0.14847999811172485
facebook/opt-125m,64,1024,prefill,prefill,prefill_gemm,4.0,,11,2,4,106695316.31405057,106695316.46253057,0.14847999811172485
facebook/opt-125m,64,1024,prefill,prefill,prefill_gemm,4.0,,11,3,4,106695316.46253057,106695316.61101057,0.14847999811172485
facebook/opt-125m,64,1024,prefill,prefill,prefill_gemm,4.0,,11,4,4,106695316.61101057,106695316.75949056,0.14847999811172485
facebook/opt-125m,64,1024,prefill,prefill,prefill_gemm,4.0,,11,5,4,106695316.75949056,106695316.90797056,0.14847999811172485
facebook/opt-125m,64,1024,prefill,prefill,prefill_gemm,5.0,,0,0,4,106695316.90797056,106695317.05645056,0.14847999811172485
facebook/opt-125m,64,1024,prefill,prefill,prefill_gemm,5.0,,0,1,4,106695317.05645056,106695317.20493056,0.14847999811172485
facebook/opt-125m,64,1024,prefill,prefill,prefill_gemm,5.0,,0,2,4,106695317.20493056,106695317.35341056,0.14847999811172485
facebook/opt-125m,64,1024,prefill,prefill,prefill_gemm,5.0,,0,3,4,106695317.35341056,106695317.50189056,0.14847999811172485
facebook/opt-125m,64,1024,prefill,prefill,prefill_gemm,5.0,,0,4,4,106695317.50189056,106695317.65037055,0.14847999811172485
facebook/opt-125m,64,1024,prefill,prefill,prefill_gemm,5.0,,0,5,4,106695317.65037055,106695317.79885055,0.14847999811172485
facebook/opt-125m,64,1024,prefill,prefill,prefill_gemm,5.0,,1,0,4,106695317.79885055,106695317.94733055,0.14847999811172485
facebook/opt-125m,64,1024,prefill,prefill,prefill_gemm,5.0,,1,1,4,106695317.94733055,106695318.09581055,0.14847999811172485
facebook/opt-125m,64,1024,prefill,prefill,prefill_gemm,5.0,,1,2,4,106695318.09581055,106695318.24429055,0.14847999811172485
facebook/opt-125m,64,1024,prefill,prefill,prefill_gemm,5.0,,1,3,4,106695318.24429055,106695318.39277054,0.14847999811172485
facebook/opt-125m,64,1024,prefill,prefill,prefill_gemm,5.0,,1,4,4,106695318.39277054,106695318.54125054,0.14847999811172485
facebook/opt-125m,64,1024,prefill,prefill,prefill_gemm,5.0,,1,5,4,106695318.54125054,106695318.68973054,0.14847999811172485
facebook/opt-125m,64,1024,prefill,prefill,prefill_gemm,5.0,,2,0,4,106695318.68973054,106695318.83821054,0.14847999811172485
facebook/opt-125m,64,1024,prefill,prefill,prefill_gemm,5.0,,2,1,4,106695318.83821054,106695318.98669054,0.14847999811172485
facebook/opt-125m,64,1024,prefill,prefill,prefill_gemm,5.0,,2,2,4,106695318.98669054,106695319.13517053,0.14847999811172485
facebook/opt-125m,64,1024,prefill,prefill,prefill_gemm,5.0,,2,3,4,106695319.13517053,106695319.28365053,0.14847999811172485
facebook/opt-125m,64,1024,prefill,prefill,prefill_gemm,5.0,,2,4,4,106695319.28365053,106695319.43213053,0.14847999811172485
facebook/opt-125m,64,1024,prefill,prefill,prefill_gemm,5.0,,2,5,4,106695319.43213053,106695319.58061053,0.14847999811172485
facebook/opt-125m,64,1024,prefill,prefill,prefill_gemm,5.0,,3,0,4,106695319.58061053,106695319.72909053,0.14847999811172485
facebook/opt-125m,64,1024,prefill,prefill,prefill_gemm,5.0,,3,1,4,106695319.72909053,106695319.87757052,0.14847999811172485
facebook/opt-125m,64,1024,prefill,prefill,prefill_gemm,5.0,,3,2,4,106695319.87757052,106695320.02605052,0.14847999811172485
facebook/opt-125m,64,1024,prefill,prefill,prefill_gemm,5.0,,3,3,4,106695320.02605052,106695320.17453052,0.14847999811172485
facebook/opt-125m,64,1024,prefill,prefill,prefill_gemm,5.0,,3,4,4,106695320.17453052,106695320.32301052,0.14847999811172485
facebook/opt-125m,64,1024,prefill,prefill,prefill_gemm,5.0,,3,5,4,106695320.32301052,106695320.47149052,0.14847999811172485
facebook/opt-125m,64,1024,prefill,prefill,prefill_gemm,5.0,,4,0,4,106695320.47149052,106695320.61997052,0.14847999811172485
facebook/opt-125m,64,1024,prefill,prefill,prefill_gemm,5.0,,4,1,4,106695320.61997052,106695320.76845051,0.14847999811172485
facebook/opt-125m,64,1024,prefill,prefill,prefill_gemm,5.0,,4,2,4,106695320.76845051,106695320.91693051,0.14847999811172485
facebook/opt-125m,64,1024,prefill,prefill,prefill_gemm,5.0,,4,3,4,106695320.91693051,106695321.06541051,0.14847999811172485
facebook/opt-125m,64,1024,prefill,prefill,prefill_gemm,5.0,,4,4,4,106695321.06541051,106695321.21389051,0.14847999811172485
facebook/opt-125m,64,1024,prefill,prefill,prefill_gemm,5.0,,4,5,4,106695321.21389051,106695321.3623705,0.14847999811172485
facebook/opt-125m,64,1024,prefill,prefill,prefill_gemm,5.0,,5,0,4,106695321.3623705,106695321.5108505,0.14847999811172485
facebook/opt-125m,64,1024,prefill,prefill,prefill_gemm,5.0,,5,1,4,106695321.5108505,106695321.6593305,0.14847999811172485
facebook/opt-125m,64,1024,prefill,prefill,prefill_gemm,5.0,,5,2,4,106695321.6593305,106695321.8078105,0.14847999811172485
facebook/opt-125m,64,1024,prefill,prefill,prefill_gemm,5.0,,5,3,4,106695321.8078105,106695321.9562905,0.14847999811172485
facebook/opt-125m,64,1024,prefill,prefill,prefill_gemm,5.0,,5,4,4,106695321.9562905,106695322.1047705,0.14847999811172485
facebook/opt-125m,64,1024,prefill,prefill,prefill_gemm,5.0,,5,5,4,106695322.1047705,106695322.2532505,0.14847999811172485
facebook/opt-125m,64,1024,prefill,prefill,prefill_gemm,5.0,,6,0,4,106695322.2532505,106695322.4017305,0.14847999811172485
facebook/opt-125m,64,1024,prefill,prefill,prefill_gemm,5.0,,6,1,4,106695322.4017305,106695322.55021049,0.14847999811172485
facebook/opt-125m,64,1024,prefill,prefill,prefill_gemm,5.0,,6,2,4,106695322.55021049,106695322.69869049,0.14847999811172485
facebook/opt-125m,64,1024,prefill,prefill,prefill_gemm,5.0,,6,3,4,106695322.69869049,106695322.84717049,0.14847999811172485
facebook/opt-125m,64,1024,prefill,prefill,prefill_gemm,5.0,,6,4,4,106695322.84717049,106695322.99565049,0.14847999811172485
facebook/opt-125m,64,1024,prefill,prefill,prefill_gemm,5.0,,6,5,4,106695322.99565049,106695323.14413048,0.14847999811172485
facebook/opt-125m,64,1024,prefill,prefill,prefill_gemm,5.0,,7,0,4,106695323.14413048,106695323.29261048,0.14847999811172485
facebook/opt-125m,64,1024,prefill,prefill,prefill_gemm,5.0,,7,1,4,106695323.29261048,106695323.44109048,0.14847999811172485
facebook/opt-125m,64,1024,prefill,prefill,prefill_gemm,5.0,,7,2,4,106695323.44109048,106695323.58957048,0.14847999811172485
facebook/opt-125m,64,1024,prefill,prefill,prefill_gemm,5.0,,7,3,4,106695323.58957048,106695323.73805048,0.14847999811172485
facebook/opt-125m,64,1024,prefill,prefill,prefill_gemm,5.0,,7,4,4,106695323.73805048,106695323.88653047,0.14847999811172485
facebook/opt-125m,64,1024,prefill,prefill,prefill_gemm,5.0,,7,5,5,106695323.941596,106695324.090076,0.14847999811172485
facebook/opt-125m,64,1024,prefill,prefill,prefill_gemm,5.0,,8,0,5,106695324.090076,106695324.238556,0.14847999811172485
facebook/opt-125m,64,1024,prefill,prefill,prefill_gemm,5.0,,8,1,5,106695324.238556,106695324.387036,0.14847999811172485
facebook/opt-125m,64,1024,prefill,prefill,prefill_gemm,5.0,,8,2,5,106695324.387036,106695324.535516,0.14847999811172485
facebook/opt-125m,64,1024,prefill,prefill,prefill_gemm,5.0,,8,3,5,106695324.535516,106695324.68399599,0.14847999811172485
facebook/opt-125m,64,1024,prefill,prefill,prefill_gemm,5.0,,8,4,5,106695324.68399599,106695324.83247599,0.14847999811172485
facebook/opt-125m,64,1024,prefill,prefill,prefill_gemm,5.0,,8,5,5,106695324.83247599,106695324.98095599,0.14847999811172485
facebook/opt-125m,64,1024,prefill,prefill,prefill_gemm,5.0,,9,0,5,106695324.98095599,106695325.12943599,0.14847999811172485
facebook/opt-125m,64,1024,prefill,prefill,prefill_gemm,5.0,,9,1,5,106695325.12943599,106695325.27791598,0.14847999811172485
facebook/opt-125m,64,1024,prefill,prefill,prefill_gemm,5.0,,9,2,5,106695325.27791598,106695325.42639598,0.14847999811172485
facebook/opt-125m,64,1024,prefill,prefill,prefill_gemm,5.0,,9,3,5,106695325.42639598,106695325.57487598,0.14847999811172485
facebook/opt-125m,64,1024,prefill,prefill,prefill_gemm,5.0,,9,4,5,106695325.57487598,106695325.72335598,0.14847999811172485
facebook/opt-125m,64,1024,prefill,prefill,prefill_gemm,5.0,,9,5,5,106695325.72335598,106695325.87183598,0.14847999811172485
facebook/opt-125m,64,1024,prefill,prefill,prefill_gemm,5.0,,10,0,5,106695325.87183598,106695326.02031597,0.14847999811172485
facebook/opt-125m,64,1024,prefill,prefill,prefill_gemm,5.0,,10,1,5,106695326.02031597,106695326.16879597,0.14847999811172485
facebook/opt-125m,64,1024,prefill,prefill,prefill_gemm,5.0,,10,2,5,106695326.16879597,106695326.31727597,0.14847999811172485
facebook/opt-125m,64,1024,prefill,prefill,prefill_gemm,5.0,,10,3,5,106695326.31727597,106695326.46575597,0.14847999811172485
facebook/opt-125m,64,1024,prefill,prefill,prefill_gemm,5.0,,10,4,5,106695326.46575597,106695326.61423597,0.14847999811172485
facebook/opt-125m,64,1024,prefill,prefill,prefill_gemm,5.0,,10,5,5,106695326.61423597,106695326.76271597,0.14847999811172485
facebook/opt-125m,64,1024,prefill,prefill,prefill_gemm,5.0,,11,0,6,106695326.853775,106695327.002255,0.14847999811172485
facebook/opt-125m,64,1024,prefill,prefill,prefill_gemm,5.0,,11,1,6,106695327.002255,106695327.15073499,0.14847999811172485
facebook/opt-125m,64,1024,prefill,prefill,prefill_gemm,5.0,,11,2,6,106695327.15073499,106695327.29921499,0.14847999811172485
facebook/opt-125m,64,1024,prefill,prefill,prefill_gemm,5.0,,11,3,6,106695327.29921499,106695327.44769499,0.14847999811172485
facebook/opt-125m,64,1024,prefill,prefill,prefill_gemm,5.0,,11,4,6,106695327.44769499,106695327.59617499,0.14847999811172485
facebook/opt-125m,64,1024,prefill,prefill,prefill_gemm,5.0,,11,5,6,106695327.59617499,106695327.74465498,0.14847999811172485
facebook/opt-125m,64,1024,prefill,prefill,prefill_gemm,6.0,,0,0,6,106695327.74465498,106695327.89313498,0.14847999811172485
facebook/opt-125m,64,1024,prefill,prefill,prefill_gemm,6.0,,0,1,6,106695327.89313498,106695328.04161498,0.14847999811172485
facebook/opt-125m,64,1024,prefill,prefill,prefill_gemm,6.0,,0,2,6,106695328.04161498,106695328.19009498,0.14847999811172485
facebook/opt-125m,64,1024,prefill,prefill,prefill_gemm,6.0,,0,3,6,106695328.19009498,106695328.33857498,0.14847999811172485
facebook/opt-125m,64,1024,prefill,prefill,prefill_gemm,6.0,,0,4,6,106695328.33857498,106695328.48705497,0.14847999811172485
facebook/opt-125m,64,1024,prefill,prefill,prefill_gemm,6.0,,0,5,6,106695328.48705497,106695328.63553497,0.14847999811172485
facebook/opt-125m,64,1024,prefill,prefill,prefill_gemm,6.0,,1,0,6,106695328.63553497,106695328.78401497,0.14847999811172485
facebook/opt-125m,64,1024,prefill,prefill,prefill_gemm,6.0,,1,1,6,106695328.78401497,106695328.93249497,0.14847999811172485
facebook/opt-125m,64,1024,prefill,prefill,prefill_gemm,6.0,,1,2,7,106695329.031154,106695329.179634,0.14847999811172485
facebook/opt-125m,64,1024,prefill,prefill,prefill_gemm,6.0,,1,3,7,106695329.179634,106695329.328114,0.14847999811172485
facebook/opt-125m,64,1024,prefill,prefill,prefill_gemm,6.0,,1,4,7,106695329.328114,106695329.476594,0.14847999811172485
facebook/opt-125m,64,1024,prefill,prefill,prefill_gemm,6.0,,1,5,7,106695329.476594,106695329.625074,0.14847999811172485
facebook/opt-125m,64,1024,prefill,prefill,prefill_gemm,6.0,,2,0,7,106695329.625074,106695329.773554,0.14847999811172485
facebook/opt-125m,64,1024,prefill,prefill,prefill_gemm,6.0,,2,1,7,106695329.773554,106695329.922034,0.14847999811172485
facebook/opt-125m,64,1024,prefill,prefill,prefill_gemm,6.0,,2,2,7,106695329.922034,106695330.070514,0.14847999811172485
facebook/opt-125m,64,1024,prefill,prefill,prefill_gemm,6.0,,2,3,7,106695330.070514,106695330.21899399,0.14847999811172485
facebook/opt-125m,64,1024,prefill,prefill,prefill_gemm,6.0,,2,4,7,106695330.21899399,106695330.36747399,0.14847999811172485
facebook/opt-125m,64,1024,prefill,prefill,prefill_gemm,6.0,,2,5,7,106695330.36747399,106695330.51595399,0.14847999811172485
facebook/opt-125m,64,1024,prefill,prefill,prefill_gemm,6.0,,3,0,7,106695330.51595399,106695330.66443399,0.14847999811172485
facebook/opt-125m,64,1024,prefill,prefill,prefill_gemm,6.0,,3,1,7,106695330.66443399,106695330.81291398,0.14847999811172485
facebook/opt-125m,64,1024,prefill,prefill,prefill_gemm,6.0,,3,2,7,106695330.81291398,106695330.96139398,0.14847999811172485
facebook/opt-125m,64,1024,prefill,prefill,prefill_gemm,6.0,,3,3,7,106695330.96139398,106695331.10987398,0.14847999811172485
facebook/opt-125m,64,1024,prefill,prefill,prefill_gemm,6.0,,3,4,7,106695331.10987398,106695331.25835398,0.14847999811172485
facebook/opt-125m,64,1024,prefill,prefill,prefill_gemm,6.0,,3,5,8,106695331.33058,106695331.47906,0.14847999811172485
facebook/opt-125m,64,1024,prefill,prefill,prefill_gemm,6.0,,4,0,8,106695331.47906,106695331.62753999,0.14847999811172485
facebook/opt-125m,64,1024,prefill,prefill,prefill_gemm,6.0,,4,1,8,106695331.62753999,106695331.77601999,0.14847999811172485
facebook/opt-125m,64,1024,prefill,prefill,prefill_gemm,6.0,,4,2,8,106695331.77601999,106695331.92449999,0.14847999811172485
facebook/opt-125m,64,1024,prefill,prefill,prefill_gemm,6.0,,4,3,8,106695331.92449999,106695332.07297999,0.14847999811172485
facebook/opt-125m,64,1024,prefill,prefill,prefill_gemm,6.0,,4,4,8,106695332.07297999,106695332.22145998,0.14847999811172485
facebook/opt-125m,64,1024,prefill,prefill,prefill_gemm,6.0,,4,5,8,106695332.22145998,106695332.36993998,0.14847999811172485
facebook/opt-125m,64,1024,prefill,prefill,prefill_gemm,6.0,,5,0,8,106695332.36993998,106695332.51841998,0.14847999811172485
facebook/opt-125m,64,1024,prefill,prefill,prefill_gemm,6.0,,5,1,8,106695332.51841998,106695332.66689998,0.14847999811172485
facebook/opt-125m,64,1024,prefill,prefill,prefill_gemm,6.0,,5,2,8,106695332.66689998,106695332.81537998,0.14847999811172485
facebook/opt-125m,64,1024,prefill,prefill,prefill_gemm,6.0,,5,3,8,106695332.81537998,106695332.96385998,0.14847999811172485
facebook/opt-125m,64,1024,prefill,prefill,prefill_gemm,6.0,,5,4,8,106695332.96385998,106695333.11233997,0.14847999811172485
facebook/opt-125m,64,1024,prefill,prefill,prefill_gemm,6.0,,5,5,8,106695333.11233997,106695333.26081997,0.14847999811172485
facebook/opt-125m,64,1024,prefill,prefill,prefill_gemm,6.0,,6,0,8,106695333.26081997,106695333.40929997,0.14847999811172485
facebook/opt-125m,64,1024,prefill,prefill,prefill_gemm,6.0,,6,1,8,106695333.40929997,106695333.55777997,0.14847999811172485
facebook/opt-125m,64,1024,prefill,prefill,prefill_gemm,6.0,,6,2,8,106695333.55777997,106695333.70625997,0.14847999811172485
facebook/opt-125m,64,1024,prefill,prefill,prefill_gemm,6.0,,6,3,8,106695333.70625997,106695333.85473996,0.14847999811172485
facebook/opt-125m,64,1024,prefill,prefill,prefill_gemm,6.0,,6,4,8,106695333.85473996,106695334.00321996,0.14847999811172485
facebook/opt-125m,64,1024,prefill,prefill,prefill_gemm,6.0,,6,5,8,106695334.00321996,106695334.15169996,0.14847999811172485
facebook/opt-125m,64,1024,prefill,prefill,prefill_gemm,6.0,,7,0,8,106695334.15169996,106695334.30017996,0.14847999811172485
facebook/opt-125m,64,1024,prefill,prefill,prefill_gemm,6.0,,7,1,8,106695334.30017996,106695334.44865996,0.14847999811172485
facebook/opt-125m,64,1024,prefill,prefill,prefill_gemm,6.0,,7,2,8,106695334.44865996,106695334.59713995,0.14847999811172485
facebook/opt-125m,64,1024,prefill,prefill,prefill_gemm,6.0,,7,3,8,106695334.59713995,106695334.74561995,0.14847999811172485
facebook/opt-125m,64,1024,prefill,prefill,prefill_gemm,6.0,,7,4,8,106695334.74561995,106695334.89409995,0.14847999811172485
facebook/opt-125m,64,1024,prefill,prefill,prefill_gemm,6.0,,7,5,8,106695334.89409995,106695335.04257995,0.14847999811172485
facebook/opt-125m,64,1024,prefill,prefill,prefill_gemm,6.0,,8,0,8,106695335.04257995,106695335.19105995,0.14847999811172485
facebook/opt-125m,64,1024,prefill,prefill,prefill_gemm,6.0,,8,1,8,106695335.19105995,106695335.33953995,0.14847999811172485
facebook/opt-125m,64,1024,prefill,prefill,prefill_gemm,6.0,,8,2,8,106695335.33953995,106695335.48801994,0.14847999811172485
facebook/opt-125m,64,1024,prefill,prefill,prefill_gemm,6.0,,8,3,8,106695335.48801994,106695335.63649994,0.14847999811172485
facebook/opt-125m,64,1024,prefill,prefill,prefill_gemm,6.0,,8,4,8,106695335.63649994,106695335.78497994,0.14847999811172485
facebook/opt-125m,64,1024,prefill,prefill,prefill_gemm,6.0,,8,5,8,106695335.78497994,106695335.93345994,0.14847999811172485
facebook/opt-125m,64,1024,prefill,prefill,prefill_gemm,6.0,,9,0,8,106695335.93345994,106695336.08193994,0.14847999811172485
facebook/opt-125m,64,1024,prefill,prefill,prefill_gemm,6.0,,9,1,8,106695336.08193994,106695336.23041993,0.14847999811172485
facebook/opt-125m,64,1024,prefill,prefill,prefill_gemm,6.0,,9,2,8,106695336.23041993,106695336.37889993,0.14847999811172485
facebook/opt-125m,64,1024,prefill,prefill,prefill_gemm,6.0,,9,3,8,106695336.37889993,106695336.52737993,0.14847999811172485
facebook/opt-125m,64,1024,prefill,prefill,prefill_gemm,6.0,,9,4,8,106695336.52737993,106695336.67585993,0.14847999811172485
facebook/opt-125m,64,1024,prefill,prefill,prefill_gemm,6.0,,9,5,8,106695336.67585993,106695336.82433993,0.14847999811172485
facebook/opt-125m,64,1024,prefill,prefill,prefill_gemm,6.0,,10,0,8,106695336.82433993,106695336.97281992,0.14847999811172485
facebook/opt-125m,64,1024,prefill,prefill,prefill_gemm,6.0,,10,1,8,106695336.97281992,106695337.12129992,0.14847999811172485
facebook/opt-125m,64,1024,prefill,prefill,prefill_gemm,6.0,,10,2,8,106695337.12129992,106695337.26977992,0.14847999811172485
facebook/opt-125m,64,1024,prefill,prefill,prefill_gemm,6.0,,10,3,8,106695337.26977992,106695337.41825992,0.14847999811172485
facebook/opt-125m,64,1024,prefill,prefill,prefill_gemm,6.0,,10,4,8,106695337.41825992,106695337.56673992,0.14847999811172485
facebook/opt-125m,64,1024,prefill,prefill,prefill_gemm,6.0,,10,5,8,106695337.56673992,106695337.71521991,0.14847999811172485
facebook/opt-125m,64,1024,prefill,prefill,prefill_gemm,6.0,,11,0,8,106695337.71521991,106695337.86369991,0.14847999811172485
facebook/opt-125m,64,1024,prefill,prefill,prefill_gemm,6.0,,11,1,8,106695337.86369991,106695338.01217991,0.14847999811172485
facebook/opt-125m,64,1024,prefill,prefill,prefill_gemm,6.0,,11,2,8,106695338.01217991,106695338.16065991,0.14847999811172485
facebook/opt-125m,64,1024,prefill,prefill,prefill_gemm,6.0,,11,3,8,106695338.16065991,106695338.3091399,0.14847999811172485
facebook/opt-125m,64,1024,prefill,prefill,prefill_gemm,6.0,,11,4,8,106695338.3091399,106695338.4576199,0.14847999811172485
facebook/opt-125m,64,1024,prefill,prefill,prefill_gemm,6.0,,11,5,8,106695338.4576199,106695338.6060999,0.14847999811172485
facebook/opt-125m,64,1024,prefill,prefill,prefill_gemm,7.0,,0,0,8,106695338.6060999,106695338.7545799,0.14847999811172485
facebook/opt-125m,64,1024,prefill,prefill,prefill_gemm,7.0,,0,1,8,106695338.7545799,106695338.9030599,0.14847999811172485
facebook/opt-125m,64,1024,prefill,prefill,prefill_gemm,7.0,,0,2,8,106695338.9030599,106695339.0515399,0.14847999811172485
facebook/opt-125m,64,1024,prefill,prefill,prefill_gemm,7.0,,0,3,8,106695339.0515399,106695339.2000199,0.14847999811172485
facebook/opt-125m,64,1024,prefill,prefill,prefill_gemm,7.0,,0,4,8,106695339.2000199,106695339.3484999,0.14847999811172485
facebook/opt-125m,64,1024,prefill,prefill,prefill_gemm,7.0,,0,5,8,106695339.3484999,106695339.49697989,0.14847999811172485
facebook/opt-125m,64,1024,prefill,prefill,prefill_gemm,7.0,,1,0,8,106695339.49697989,106695339.64545989,0.14847999811172485
facebook/opt-125m,64,1024,prefill,prefill,prefill_gemm,7.0,,1,1,8,106695339.64545989,106695339.79393989,0.14847999811172485
facebook/opt-125m,64,1024,prefill,prefill,prefill_gemm,7.0,,1,2,8,106695339.79393989,106695339.94241989,0.14847999811172485
facebook/opt-125m,64,1024,prefill,prefill,prefill_gemm,7.0,,1,3,8,106695339.94241989,106695340.09089988,0.14847999811172485
facebook/opt-125m,64,1024,prefill,prefill,prefill_gemm,7.0,,1,4,8,106695340.09089988,106695340.23937988,0.14847999811172485
facebook/opt-125m,64,1024,prefill,prefill,prefill_gemm,7.0,,1,5,8,106695340.23937988,106695340.38785988,0.14847999811172485
facebook/opt-125m,64,1024,prefill,prefill,prefill_gemm,7.0,,2,0,8,106695340.38785988,106695340.53633988,0.14847999811172485
facebook/opt-125m,64,1024,prefill,prefill,prefill_gemm,7.0,,2,1,8,106695340.53633988,106695340.68481988,0.14847999811172485
facebook/opt-125m,64,1024,prefill,prefill,prefill_gemm,7.0,,2,2,8,106695340.68481988,106695340.83329988,0.14847999811172485
facebook/opt-125m,64,1024,prefill,prefill,prefill_gemm,7.0,,2,3,8,106695340.83329988,106695340.98177987,0.14847999811172485
facebook/opt-125m,64,1024,prefill,prefill,prefill_gemm,7.0,,2,4,8,106695340.98177987,106695341.13025987,0.14847999811172485
facebook/opt-125m,64,1024,prefill,prefill,prefill_gemm,7.0,,2,5,8,106695341.13025987,106695341.27873987,0.14847999811172485
facebook/opt-125m,64,1024,prefill,prefill,prefill_gemm,7.0,,3,0,8,106695341.27873987,106695341.42721987,0.14847999811172485
facebook/opt-125m,64,1024,prefill,prefill,prefill_gemm,7.0,,3,1,8,106695341.42721987,106695341.57569987,0.14847999811172485
facebook/opt-125m,64,1024,prefill,prefill,prefill_gemm,7.0,,3,2,8,106695341.57569987,106695341.72417986,0.14847999811172485
facebook/opt-125m,64,1024,prefill,prefill,prefill_gemm,7.0,,3,3,8,106695341.72417986,106695341.87265986,0.14847999811172485
facebook/opt-125m,64,1024,prefill,prefill,prefill_gemm,7.0,,3,4,8,106695341.87265986,106695342.02113986,0.14847999811172485
facebook/opt-125m,64,1024,prefill,prefill,prefill_gemm,7.0,,3,5,8,106695342.02113986,106695342.16961986,0.14847999811172485
facebook/opt-125m,64,1024,prefill,prefill,prefill_gemm,7.0,,4,0,8,106695342.16961986,106695342.31809986,0.14847999811172485
facebook/opt-125m,64,1024,prefill,prefill,prefill_gemm,7.0,,4,1,8,106695342.31809986,106695342.46657985,0.14847999811172485
facebook/opt-125m,64,1024,prefill,prefill,prefill_gemm,7.0,,4,2,8,106695342.46657985,106695342.61505985,0.14847999811172485
facebook/opt-125m,64,1024,prefill,prefill,prefill_gemm,7.0,,4,3,8,106695342.61505985,106695342.76353985,0.14847999811172485
facebook/opt-125m,64,1024,prefill,prefill,prefill_gemm,7.0,,4,4,8,106695342.76353985,106695342.91201985,0.14847999811172485
facebook/opt-125m,64,1024,prefill,prefill,prefill_gemm,7.0,,4,5,8,106695342.91201985,106695343.06049985,0.14847999811172485
facebook/opt-125m,64,1024,prefill,prefill,prefill_gemm,7.0,,5,0,8,106695343.06049985,106695343.20897985,0.14847999811172485
facebook/opt-125m,64,1024,prefill,prefill,prefill_gemm,7.0,,5,1,8,106695343.20897985,106695343.35745984,0.14847999811172485
facebook/opt-125m,64,1024,prefill,prefill,prefill_gemm,7.0,,5,2,8,106695343.35745984,106695343.50593984,0.14847999811172485
facebook/opt-125m,64,1024,prefill,prefill,prefill_gemm,7.0,,5,3,8,106695343.50593984,106695343.65441984,0.14847999811172485
facebook/opt-125m,64,1024,prefill,prefill,prefill_gemm,7.0,,5,4,8,106695343.65441984,106695343.80289984,0.14847999811172485
facebook/opt-125m,64,1024,prefill,prefill,prefill_gemm,7.0,,5,5,8,106695343.80289984,106695343.95137984,0.14847999811172485
facebook/opt-125m,64,1024,prefill,prefill,prefill_gemm,7.0,,6,0,8,106695343.95137984,106695344.09985983,0.14847999811172485
facebook/opt-125m,64,1024,prefill,prefill,prefill_gemm,7.0,,6,1,8,106695344.09985983,106695344.24833983,0.14847999811172485
facebook/opt-125m,64,1024,prefill,prefill,prefill_gemm,7.0,,6,2,8,106695344.24833983,106695344.39681983,0.14847999811172485
facebook/opt-125m,64,1024,prefill,prefill,prefill_gemm,7.0,,6,3,8,106695344.39681983,106695344.54529983,0.14847999811172485
facebook/opt-125m,64,1024,prefill,prefill,prefill_gemm,7.0,,6,4,8,106695344.54529983,106695344.69377983,0.14847999811172485
facebook/opt-125m,64,1024,prefill,prefill,prefill_gemm,7.0,,6,5,8,106695344.69377983,106695344.84225982,0.14847999811172485
facebook/opt-125m,64,1024,prefill,prefill,prefill_gemm,7.0,,7,0,8,106695344.84225982,106695344.99073982,0.14847999811172485
facebook/opt-125m,64,1024,prefill,prefill,prefill_gemm,7.0,,7,1,8,106695344.99073982,106695345.13921982,0.14847999811172485
facebook/opt-125m,64,1024,prefill,prefill,prefill_gemm,7.0,,7,2,8,106695345.13921982,106695345.28769982,0.14847999811172485
facebook/opt-125m,64,1024,prefill,prefill,prefill_gemm,7.0,,7,3,8,106695345.28769982,106695345.43617982,0.14847999811172485
facebook/opt-125m,64,1024,prefill,prefill,prefill_gemm,7.0,,7,4,9,106695345.532386,106695345.680866,0.14847999811172485
facebook/opt-125m,64,1024,prefill,prefill,prefill_gemm,7.0,,7,5,9,106695345.680866,106695345.829346,0.14847999811172485
facebook/opt-125m,64,1024,prefill,prefill,prefill_gemm,7.0,,8,0,9,106695345.829346,106695345.977826,0.14847999811172485
facebook/opt-125m,64,1024,prefill,prefill,prefill_gemm,7.0,,8,1,9,106695345.977826,106695346.126306,0.14847999811172485
facebook/opt-125m,64,1024,prefill,prefill,prefill_gemm,7.0,,8,2,9,106695346.126306,106695346.274786,0.14847999811172485
facebook/opt-125m,64,1024,prefill,prefill,prefill_gemm,7.0,,8,3,9,106695346.274786,106695346.423266,0.14847999811172485
facebook/opt-125m,64,1024,prefill,prefill,prefill_gemm,7.0,,8,4,9,106695346.423266,106695346.57174599,0.14847999811172485
facebook/opt-125m,64,1024,prefill,prefill,prefill_gemm,7.0,,8,5,9,106695346.57174599,106695346.72022599,0.14847999811172485
facebook/opt-125m,64,1024,prefill,prefill,prefill_gemm,7.0,,9,0,9,106695346.72022599,106695346.86870599,0.14847999811172485
facebook/opt-125m,64,1024,prefill,prefill,prefill_gemm,7.0,,9,1,9,106695346.86870599,106695347.01718599,0.14847999811172485
facebook/opt-125m,64,1024,prefill,prefill,prefill_gemm,7.0,,9,2,9,106695347.01718599,106695347.16566598,0.14847999811172485
facebook/opt-125m,64,1024,prefill,prefill,prefill_gemm,7.0,,9,3,9,106695347.16566598,106695347.31414598,0.14847999811172485
facebook/opt-125m,64,1024,prefill,prefill,prefill_gemm,7.0,,9,4,9,106695347.31414598,106695347.46262598,0.14847999811172485
facebook/opt-125m,64,1024,prefill,prefill,prefill_gemm,7.0,,9,5,9,106695347.46262598,106695347.61110598,0.14847999811172485
facebook/opt-125m,64,1024,prefill,prefill,prefill_gemm,7.0,,10,0,9,106695347.61110598,106695347.75958598,0.14847999811172485
facebook/opt-125m,64,1024,prefill,prefill,prefill_gemm,7.0,,10,1,9,106695347.75958598,106695347.90806597,0.14847999811172485
facebook/opt-125m,64,1024,prefill,prefill,prefill_gemm,7.0,,10,2,9,106695347.90806597,106695348.05654597,0.14847999811172485
facebook/opt-125m,64,1024,prefill,prefill,prefill_gemm,7.0,,10,3,9,106695348.05654597,106695348.20502597,0.14847999811172485
facebook/opt-125m,64,1024,prefill,prefill,prefill_gemm,7.0,,10,4,9,106695348.20502597,106695348.35350597,0.14847999811172485
facebook/opt-125m,64,1024,prefill,prefill,prefill_gemm,7.0,,10,5,10,106695348.441269,106695348.589749,0.14847999811172485
facebook/opt-125m,64,1024,prefill,prefill,prefill_gemm,7.0,,11,0,10,106695348.589749,106695348.73822899,0.14847999811172485
facebook/opt-125m,64,1024,prefill,prefill,prefill_gemm,7.0,,11,1,10,106695348.73822899,106695348.88670899,0.14847999811172485
facebook/opt-125m,64,1024,prefill,prefill,prefill_gemm,7.0,,11,2,10,106695348.88670899,106695349.03518899,0.14847999811172485
facebook/opt-125m,64,1024,prefill,prefill,prefill_gemm,7.0,,11,3,10,106695349.03518899,106695349.18366899,0.14847999811172485
facebook/opt-125m,64,1024,prefill,prefill,prefill_gemm,7.0,,11,4,10,106695349.18366899,106695349.33214898,0.14847999811172485
facebook/opt-125m,64,1024,prefill,prefill,prefill_gemm,7.0,,11,5,10,106695349.33214898,106695349.48062898,0.14847999811172485
facebook/opt-125m,64,1024,prefill,prefill,prefill_gemm,8.0,,0,0,10,106695349.48062898,106695349.62910898,0.14847999811172485
facebook/opt-125m,64,1024,prefill,prefill,prefill_gemm,8.0,,0,1,10,106695349.62910898,106695349.77758898,0.14847999811172485
facebook/opt-125m,64,1024,prefill,prefill,prefill_gemm,8.0,,0,2,10,106695349.77758898,106695349.92606898,0.14847999811172485
facebook/opt-125m,64,1024,prefill,prefill,prefill_gemm,8.0,,0,3,10,106695349.92606898,106695350.07454897,0.14847999811172485
facebook/opt-125m,64,1024,prefill,prefill,prefill_gemm,8.0,,0,4,10,106695350.07454897,106695350.22302897,0.14847999811172485
facebook/opt-125m,64,1024,prefill,prefill,prefill_gemm,8.0,,0,5,10,106695350.22302897,106695350.37150897,0.14847999811172485
facebook/opt-125m,64,1024,prefill,prefill,prefill_gemm,8.0,,1,0,10,106695350.37150897,106695350.51998897,0.14847999811172485
facebook/opt-125m,64,1024,prefill,prefill,prefill_gemm,8.0,,1,1,10,106695350.51998897,106695350.66846897,0.14847999811172485
facebook/opt-125m,64,1024,prefill,prefill,prefill_gemm,8.0,,1,2,10,106695350.66846897,106695350.81694897,0.14847999811172485
facebook/opt-125m,64,1024,prefill,prefill,prefill_gemm,8.0,,1,3,10,106695350.81694897,106695350.96542896,0.14847999811172485
facebook/opt-125m,64,1024,prefill,prefill,prefill_gemm,8.0,,1,4,10,106695350.96542896,106695351.11390896,0.14847999811172485
facebook/opt-125m,64,1024,prefill,prefill,prefill_gemm,8.0,,1,5,10,106695351.11390896,106695351.26238896,0.14847999811172485
facebook/opt-125m,64,1024,prefill,prefill,prefill_gemm,8.0,,2,0,10,106695351.26238896,106695351.41086896,0.14847999811172485
facebook/opt-125m,64,1024,prefill,prefill,prefill_gemm,8.0,,2,1,11,106695351.430312,106695351.57879199,0.14847999811172485
facebook/opt-125m,64,1024,prefill,prefill,prefill_gemm,8.0,,2,2,11,106695351.57879199,106695351.72727199,0.14847999811172485
facebook/opt-125m,64,1024,prefill,prefill,prefill_gemm,8.0,,2,3,11,106695351.72727199,106695351.87575199,0.14847999811172485
facebook/opt-125m,64,1024,prefill,prefill,prefill_gemm,8.0,,2,4,11,106695351.87575199,106695352.02423199,0.14847999811172485
facebook/opt-125m,64,1024,prefill,prefill,prefill_gemm,8.0,,2,5,11,106695352.02423199,106695352.17271198,0.14847999811172485
facebook/opt-125m,64,1024,prefill,prefill,prefill_gemm,8.0,,3,0,11,106695352.17271198,106695352.32119198,0.14847999811172485
facebook/opt-125m,64,1024,prefill,prefill,prefill_gemm,8.0,,3,1,11,106695352.32119198,106695352.46967198,0.14847999811172485
facebook/opt-125m,64,1024,prefill,prefill,prefill_gemm,8.0,,3,2,11,106695352.46967198,106695352.61815198,0.14847999811172485
facebook/opt-125m,64,1024,prefill,prefill,prefill_gemm,8.0,,3,3,11,106695352.61815198,106695352.76663198,0.14847999811172485
facebook/opt-125m,64,1024,prefill,prefill,prefill_gemm,8.0,,3,4,11,106695352.76663198,106695352.91511197,0.14847999811172485
facebook/opt-125m,64,1024,prefill,prefill,prefill_gemm,8.0,,3,5,11,106695352.91511197,106695353.06359197,0.14847999811172485
facebook/opt-125m,64,1024,prefill,prefill,prefill_gemm,8.0,,4,0,11,106695353.06359197,106695353.21207197,0.14847999811172485
facebook/opt-125m,64,1024,prefill,prefill,prefill_gemm,8.0,,4,1,11,106695353.21207197,106695353.36055197,0.14847999811172485
facebook/opt-125m,64,1024,prefill,prefill,prefill_gemm,8.0,,4,2,11,106695353.36055197,106695353.50903197,0.14847999811172485
facebook/opt-125m,64,1024,prefill,prefill,prefill_gemm,8.0,,4,3,11,106695353.50903197,106695353.65751196,0.14847999811172485
facebook/opt-125m,64,1024,prefill,prefill,prefill_gemm,8.0,,4,4,11,106695353.65751196,106695353.80599196,0.14847999811172485
facebook/opt-125m,64,1024,prefill,prefill,prefill_gemm,8.0,,4,5,11,106695353.80599196,106695353.95447196,0.14847999811172485
facebook/opt-125m,64,1024,prefill,prefill,prefill_gemm,8.0,,5,0,11,106695353.95447196,106695354.10295196,0.14847999811172485
facebook/opt-125m,64,1024,prefill,prefill,prefill_gemm,8.0,,5,1,11,106695354.10295196,106695354.25143196,0.14847999811172485
facebook/opt-125m,64,1024,prefill,prefill,prefill_gemm,8.0,,5,2,11,106695354.25143196,106695354.39991195,0.14847999811172485
facebook/opt-125m,64,1024,prefill,prefill,prefill_gemm,8.0,,5,3,12,106695354.498539,106695354.647019,0.14847999811172485
facebook/opt-125m,64,1024,prefill,prefill,prefill_gemm,8.0,,5,4,12,106695354.647019,106695354.795499,0.14847999811172485
facebook/opt-125m,64,1024,prefill,prefill,prefill_gemm,8.0,,5,5,12,106695354.795499,106695354.943979,0.14847999811172485
facebook/opt-125m,64,1024,prefill,prefill,prefill_gemm,8.0,,6,0,12,106695354.943979,106695355.092459,0.14847999811172485
facebook/opt-125m,64,1024,prefill,prefill,prefill_gemm,8.0,,6,1,12,106695355.092459,106695355.24093899,0.14847999811172485
facebook/opt-125m,64,1024,prefill,prefill,prefill_gemm,8.0,,6,2,12,106695355.24093899,106695355.38941899,0.14847999811172485
facebook/opt-125m,64,1024,prefill,prefill,prefill_gemm,8.0,,6,3,12,106695355.38941899,106695355.53789899,0.14847999811172485
facebook/opt-125m,64,1024,prefill,prefill,prefill_gemm,8.0,,6,4,12,106695355.53789899,106695355.68637899,0.14847999811172485
facebook/opt-125m,64,1024,prefill,prefill,prefill_gemm,8.0,,6,5,12,106695355.68637899,106695355.83485898,0.14847999811172485
facebook/opt-125m,64,1024,prefill,prefill,prefill_gemm,8.0,,7,0,12,106695355.83485898,106695355.98333898,0.14847999811172485
facebook/opt-125m,64,1024,prefill,prefill,prefill_gemm,8.0,,7,1,12,106695355.98333898,106695356.13181898,0.14847999811172485
facebook/opt-125m,64,1024,prefill,prefill,prefill_gemm,8.0,,7,2,12,106695356.13181898,106695356.28029898,0.14847999811172485
facebook/opt-125m,64,1024,prefill,prefill,prefill_gemm,8.0,,7,3,12,106695356.28029898,106695356.42877898,0.14847999811172485
facebook/opt-125m,64,1024,prefill,prefill,prefill_gemm,8.0,,7,4,12,106695356.42877898,106695356.57725897,0.14847999811172485
facebook/opt-125m,64,1024,prefill,prefill,prefill_gemm,8.0,,7,5,12,106695356.57725897,106695356.72573897,0.14847999811172485
facebook/opt-125m,64,1024,prefill,prefill,prefill_gemm,8.0,,8,0,12,106695356.72573897,106695356.87421897,0.14847999811172485
facebook/opt-125m,64,1024,prefill,prefill,prefill_gemm,8.0,,8,1,12,106695356.87421897,106695357.02269897,0.14847999811172485
facebook/opt-125m,64,1024,prefill,prefill,prefill_gemm,8.0,,8,2,12,106695357.02269897,106695357.17117897,0.14847999811172485
facebook/opt-125m,64,1024,prefill,prefill,prefill_gemm,8.0,,8,3,12,106695357.17117897,106695357.31965896,0.14847999811172485
facebook/opt-125m,64,1024,prefill,prefill,prefill_gemm,8.0,,8,4,12,106695357.31965896,106695357.46813896,0.14847999811172485
facebook/opt-125m,64,1024,prefill,prefill,prefill_gemm,8.0,,8,5,12,106695357.46813896,106695357.61661896,0.14847999811172485
facebook/opt-125m,64,1024,prefill,prefill,prefill_gemm,8.0,,9,0,12,106695357.61661896,106695357.76509896,0.14847999811172485
facebook/opt-125m,64,1024,prefill,prefill,prefill_gemm,8.0,,9,1,12,106695357.76509896,106695357.91357896,0.14847999811172485
facebook/opt-125m,64,1024,prefill,prefill,prefill_gemm,8.0,,9,2,12,106695357.91357896,106695358.06205896,0.14847999811172485
facebook/opt-125m,64,1024,prefill,prefill,prefill_gemm,8.0,,9,3,12,106695358.06205896,106695358.21053895,0.14847999811172485
facebook/opt-125m,64,1024,prefill,prefill,prefill_gemm,8.0,,9,4,12,106695358.21053895,106695358.35901895,0.14847999811172485
facebook/opt-125m,64,1024,prefill,prefill,prefill_gemm,8.0,,9,5,12,106695358.35901895,106695358.50749895,0.14847999811172485
facebook/opt-125m,64,1024,prefill,prefill,prefill_gemm,8.0,,10,0,12,106695358.50749895,106695358.65597895,0.14847999811172485
facebook/opt-125m,64,1024,prefill,prefill,prefill_gemm,8.0,,10,1,12,106695358.65597895,106695358.80445895,0.14847999811172485
facebook/opt-125m,64,1024,prefill,prefill,prefill_gemm,8.0,,10,2,12,106695358.80445895,106695358.95293894,0.14847999811172485
facebook/opt-125m,64,1024,prefill,prefill,prefill_gemm,8.0,,10,3,12,106695358.95293894,106695359.10141894,0.14847999811172485
facebook/opt-125m,64,1024,prefill,prefill,prefill_gemm,8.0,,10,4,12,106695359.10141894,106695359.24989894,0.14847999811172485
facebook/opt-125m,64,1024,prefill,prefill,prefill_gemm,8.0,,10,5,12,106695359.24989894,106695359.39837894,0.14847999811172485
facebook/opt-125m,64,1024,prefill,prefill,prefill_gemm,8.0,,11,0,12,106695359.39837894,106695359.54685894,0.14847999811172485
facebook/opt-125m,64,1024,prefill,prefill,prefill_gemm,8.0,,11,1,12,106695359.54685894,106695359.69533893,0.14847999811172485
facebook/opt-125m,64,1024,prefill,prefill,prefill_gemm,8.0,,11,2,12,106695359.69533893,106695359.84381893,0.14847999811172485
facebook/opt-125m,64,1024,prefill,prefill,prefill_gemm,8.0,,11,3,12,106695359.84381893,106695359.99229893,0.14847999811172485
facebook/opt-125m,64,1024,prefill,prefill,prefill_gemm,8.0,,11,4,12,106695359.99229893,106695360.14077893,0.14847999811172485
facebook/opt-125m,64,1024,prefill,prefill,prefill_gemm,8.0,,11,5,12,106695360.14077893,106695360.28925893,0.14847999811172485
facebook/opt-125m,64,1024,prefill,prefill,prefill_gemm,9.0,,0,0,12,106695360.28925893,106695360.43773893,0.14847999811172485
facebook/opt-125m,64,1024,prefill,prefill,prefill_gemm,9.0,,0,1,12,106695360.43773893,106695360.58621892,0.14847999811172485
facebook/opt-125m,64,1024,prefill,prefill,prefill_gemm,9.0,,0,2,12,106695360.58621892,106695360.73469892,0.14847999811172485
facebook/opt-125m,64,1024,prefill,prefill,prefill_gemm,9.0,,0,3,12,106695360.73469892,106695360.88317892,0.14847999811172485
facebook/opt-125m,64,1024,prefill,prefill,prefill_gemm,9.0,,0,4,12,106695360.88317892,106695361.03165892,0.14847999811172485
facebook/opt-125m,64,1024,prefill,prefill,prefill_gemm,9.0,,0,5,12,106695361.03165892,106695361.18013892,0.14847999811172485
facebook/opt-125m,64,1024,prefill,prefill,prefill_gemm,9.0,,1,0,12,106695361.18013892,106695361.32861891,0.14847999811172485
facebook/opt-125m,64,1024,prefill,prefill,prefill_gemm,9.0,,1,1,12,106695361.32861891,106695361.47709891,0.14847999811172485
facebook/opt-125m,64,1024,prefill,prefill,prefill_gemm,9.0,,1,2,12,106695361.47709891,106695361.62557891,0.14847999811172485
facebook/opt-125m,64,1024,prefill,prefill,prefill_gemm,9.0,,1,3,12,106695361.62557891,106695361.77405891,0.14847999811172485
facebook/opt-125m,64,1024,prefill,prefill,prefill_gemm,9.0,,1,4,12,106695361.77405891,106695361.9225389,0.14847999811172485
facebook/opt-125m,64,1024,prefill,prefill,prefill_gemm,9.0,,1,5,12,106695361.9225389,106695362.0710189,0.14847999811172485
facebook/opt-125m,64,1024,prefill,prefill,prefill_gemm,9.0,,2,0,12,106695362.0710189,106695362.2194989,0.14847999811172485
facebook/opt-125m,64,1024,prefill,prefill,prefill_gemm,9.0,,2,1,12,106695362.2194989,106695362.3679789,0.14847999811172485
facebook/opt-125m,64,1024,prefill,prefill,prefill_gemm,9.0,,2,2,12,106695362.3679789,106695362.5164589,0.14847999811172485
facebook/opt-125m,64,1024,prefill,prefill,prefill_gemm,9.0,,2,3,12,106695362.5164589,106695362.6649389,0.14847999811172485
facebook/opt-125m,64,1024,prefill,prefill,prefill_gemm,9.0,,2,4,12,106695362.6649389,106695362.8134189,0.14847999811172485
facebook/opt-125m,64,1024,prefill,prefill,prefill_gemm,9.0,,2,5,12,106695362.8134189,106695362.9618989,0.14847999811172485
facebook/opt-125m,64,1024,prefill,prefill,prefill_gemm,9.0,,3,0,12,106695362.9618989,106695363.11037889,0.14847999811172485
facebook/opt-125m,64,1024,prefill,prefill,prefill_gemm,9.0,,3,1,12,106695363.11037889,106695363.25885889,0.14847999811172485
facebook/opt-125m,64,1024,prefill,prefill,prefill_gemm,9.0,,3,2,12,106695363.25885889,106695363.40733889,0.14847999811172485
facebook/opt-125m,64,1024,prefill,prefill,prefill_gemm,9.0,,3,3,12,106695363.40733889,106695363.55581889,0.14847999811172485
facebook/opt-125m,64,1024,prefill,prefill,prefill_gemm,9.0,,3,4,12,106695363.55581889,106695363.70429888,0.14847999811172485
facebook/opt-125m,64,1024,prefill,prefill,prefill_gemm,9.0,,3,5,12,106695363.70429888,106695363.85277888,0.14847999811172485
facebook/opt-125m,64,1024,prefill,prefill,prefill_gemm,9.0,,4,0,12,106695363.85277888,106695364.00125888,0.14847999811172485
facebook/opt-125m,64,1024,prefill,prefill,prefill_gemm,9.0,,4,1,12,106695364.00125888,106695364.14973888,0.14847999811172485
facebook/opt-125m,64,1024,prefill,prefill,prefill_gemm,9.0,,4,2,12,106695364.14973888,106695364.29821888,0.14847999811172485
facebook/opt-125m,64,1024,prefill,prefill,prefill_gemm,9.0,,4,3,12,106695364.29821888,106695364.44669887,0.14847999811172485
facebook/opt-125m,64,1024,prefill,prefill,prefill_gemm,9.0,,4,4,12,106695364.44669887,106695364.59517887,0.14847999811172485
facebook/opt-125m,64,1024,prefill,prefill,prefill_gemm,9.0,,4,5,12,106695364.59517887,106695364.74365887,0.14847999811172485
facebook/opt-125m,64,1024,prefill,prefill,prefill_gemm,9.0,,5,0,12,106695364.74365887,106695364.89213887,0.14847999811172485
facebook/opt-125m,64,1024,prefill,prefill,prefill_gemm,9.0,,5,1,13,106695364.995958,106695365.144438,0.14847999811172485
facebook/opt-125m,64,1024,prefill,prefill,prefill_gemm,9.0,,5,2,13,106695365.144438,106695365.292918,0.14847999811172485
facebook/opt-125m,64,1024,prefill,prefill,prefill_gemm,9.0,,5,3,13,106695365.292918,106695365.441398,0.14847999811172485
facebook/opt-125m,64,1024,prefill,prefill,prefill_gemm,9.0,,5,4,13,106695365.441398,106695365.589878,0.14847999811172485
facebook/opt-125m,64,1024,prefill,prefill,prefill_gemm,9.0,,5,5,13,106695365.589878,106695365.73835799,0.14847999811172485
facebook/opt-125m,64,1024,prefill,prefill,prefill_gemm,9.0,,6,0,13,106695365.73835799,106695365.88683799,0.14847999811172485
facebook/opt-125m,64,1024,prefill,prefill,prefill_gemm,9.0,,6,1,13,106695365.88683799,106695366.03531799,0.14847999811172485
facebook/opt-125m,64,1024,prefill,prefill,prefill_gemm,9.0,,6,2,13,106695366.03531799,106695366.18379799,0.14847999811172485
facebook/opt-125m,64,1024,prefill,prefill,prefill_gemm,9.0,,6,3,13,106695366.18379799,106695366.33227798,0.14847999811172485
facebook/opt-125m,64,1024,prefill,prefill,prefill_gemm,9.0,,6,4,13,106695366.33227798,106695366.48075798,0.14847999811172485
facebook/opt-125m,64,1024,prefill,prefill,prefill_gemm,9.0,,6,5,13,106695366.48075798,106695366.62923798,0.14847999811172485
facebook/opt-125m,64,1024,prefill,prefill,prefill_gemm,9.0,,7,0,13,106695366.62923798,106695366.77771798,0.14847999811172485
facebook/opt-125m,64,1024,prefill,prefill,prefill_gemm,9.0,,7,1,13,106695366.77771798,106695366.92619798,0.14847999811172485
facebook/opt-125m,64,1024,prefill,prefill,prefill_gemm,9.0,,7,2,13,106695366.92619798,106695367.07467797,0.14847999811172485
facebook/opt-125m,64,1024,prefill,prefill,prefill_gemm,9.0,,7,3,13,106695367.07467797,106695367.22315797,0.14847999811172485
facebook/opt-125m,64,1024,prefill,prefill,prefill_gemm,9.0,,7,4,14,106695367.275288,106695367.423768,0.14847999811172485
facebook/opt-125m,64,1024,prefill,prefill,prefill_gemm,9.0,,7,5,14,106695367.423768,106695367.572248,0.14847999811172485
facebook/opt-125m,64,1024,prefill,prefill,prefill_gemm,9.0,,8,0,14,106695367.572248,106695367.720728,0.14847999811172485
facebook/opt-125m,64,1024,prefill,prefill,prefill_gemm,9.0,,8,1,14,106695367.720728,106695367.869208,0.14847999811172485
facebook/opt-125m,64,1024,prefill,prefill,prefill_gemm,9.0,,8,2,14,106695367.869208,106695368.01768799,0.14847999811172485
facebook/opt-125m,64,1024,prefill,prefill,prefill_gemm,9.0,,8,3,14,106695368.01768799,106695368.16616799,0.14847999811172485
facebook/opt-125m,64,1024,prefill,prefill,prefill_gemm,9.0,,8,4,14,106695368.16616799,106695368.31464799,0.14847999811172485
facebook/opt-125m,64,1024,prefill,prefill,prefill_gemm,9.0,,8,5,14,106695368.31464799,106695368.46312799,0.14847999811172485
facebook/opt-125m,64,1024,prefill,prefill,prefill_gemm,9.0,,9,0,14,106695368.46312799,106695368.61160798,0.14847999811172485
facebook/opt-125m,64,1024,prefill,prefill,prefill_gemm,9.0,,9,1,14,106695368.61160798,106695368.76008798,0.14847999811172485
facebook/opt-125m,64,1024,prefill,prefill,prefill_gemm,9.0,,9,2,14,106695368.76008798,106695368.90856798,0.14847999811172485
facebook/opt-125m,64,1024,prefill,prefill,prefill_gemm,9.0,,9,3,14,106695368.90856798,106695369.05704798,0.14847999811172485
facebook/opt-125m,64,1024,prefill,prefill,prefill_gemm,9.0,,9,4,14,106695369.05704798,106695369.20552798,0.14847999811172485
facebook/opt-125m,64,1024,prefill,prefill,prefill_gemm,9.0,,9,5,14,106695369.20552798,106695369.35400797,0.14847999811172485
facebook/opt-125m,64,1024,prefill,prefill,prefill_gemm,9.0,,10,0,14,106695369.35400797,106695369.50248797,0.14847999811172485
facebook/opt-125m,64,1024,prefill,prefill,prefill_gemm,9.0,,10,1,14,106695369.50248797,106695369.65096797,0.14847999811172485
facebook/opt-125m,64,1024,prefill,prefill,prefill_gemm,9.0,,10,2,14,106695369.65096797,106695369.79944797,0.14847999811172485
facebook/opt-125m,64,1024,prefill,prefill,prefill_gemm,9.0,,10,3,14,106695369.79944797,106695369.94792797,0.14847999811172485
facebook/opt-125m,64,1024,prefill,prefill,prefill_gemm,9.0,,10,4,14,106695369.94792797,106695370.09640796,0.14847999811172485
facebook/opt-125m,64,1024,prefill,prefill,prefill_gemm,9.0,,10,5,14,106695370.09640796,106695370.24488796,0.14847999811172485
facebook/opt-125m,64,1024,prefill,prefill,prefill_gemm,9.0,,11,0,14,106695370.24488796,106695370.39336796,0.14847999811172485
facebook/opt-125m,64,1024,prefill,prefill,prefill_gemm,9.0,,11,1,14,106695370.39336796,106695370.54184796,0.14847999811172485
facebook/opt-125m,64,1024,prefill,prefill,prefill_gemm,9.0,,11,2,14,106695370.54184796,106695370.69032796,0.14847999811172485
facebook/opt-125m,64,1024,prefill,prefill,prefill_gemm,9.0,,11,3,14,106695370.69032796,106695370.83880796,0.14847999811172485
facebook/opt-125m,64,1024,prefill,prefill,prefill_gemm,9.0,,11,4,14,106695370.83880796,106695370.98728795,0.14847999811172485
facebook/opt-125m,64,1024,prefill,prefill,prefill_gemm,9.0,,11,5,14,106695370.98728795,106695371.13576795,0.14847999811172485
facebook/opt-125m,64,1024,prefill,prefill,prefill_gemm,10.0,,0,0,14,106695371.13576795,106695371.28424795,0.14847999811172485
facebook/opt-125m,64,1024,prefill,prefill,prefill_gemm,10.0,,0,1,14,106695371.28424795,106695371.43272795,0.14847999811172485
facebook/opt-125m,64,1024,prefill,prefill,prefill_gemm,10.0,,0,2,14,106695371.43272795,106695371.58120795,0.14847999811172485
facebook/opt-125m,64,1024,prefill,prefill,prefill_gemm,10.0,,0,3,14,106695371.58120795,106695371.72968794,0.14847999811172485
facebook/opt-125m,64,1024,prefill,prefill,prefill_gemm,10.0,,0,4,14,106695371.72968794,106695371.87816794,0.14847999811172485
facebook/opt-125m,64,1024,prefill,prefill,prefill_gemm,10.0,,0,5,14,106695371.87816794,106695372.02664794,0.14847999811172485
facebook/opt-125m,64,1024,prefill,prefill,prefill_gemm,10.0,,1,0,14,106695372.02664794,106695372.17512794,0.14847999811172485
facebook/opt-125m,64,1024,prefill,prefill,prefill_gemm,10.0,,1,1,14,106695372.17512794,106695372.32360794,0.14847999811172485
facebook/opt-125m,64,1024,prefill,prefill,prefill_gemm,10.0,,1,2,14,106695372.32360794,106695372.47208793,0.14847999811172485
facebook/opt-125m,64,1024,prefill,prefill,prefill_gemm,10.0,,1,3,14,106695372.47208793,106695372.62056793,0.14847999811172485
facebook/opt-125m,64,1024,prefill,prefill,prefill_gemm,10.0,,1,4,14,106695372.62056793,106695372.76904793,0.14847999811172485
facebook/opt-125m,64,1024,prefill,prefill,prefill_gemm,10.0,,1,5,14,106695372.76904793,106695372.91752793,0.14847999811172485
facebook/opt-125m,64,1024,prefill,prefill,prefill_gemm,10.0,,2,0,14,106695372.91752793,106695373.06600793,0.14847999811172485
facebook/opt-125m,64,1024,prefill,prefill,prefill_gemm,10.0,,2,1,14,106695373.06600793,106695373.21448793,0.14847999811172485
facebook/opt-125m,64,1024,prefill,prefill,prefill_gemm,10.0,,2,2,14,106695373.21448793,106695373.36296792,0.14847999811172485
facebook/opt-125m,64,1024,prefill,prefill,prefill_gemm,10.0,,2,3,14,106695373.36296792,106695373.51144792,0.14847999811172485
facebook/opt-125m,64,1024,prefill,prefill,prefill_gemm,10.0,,2,4,14,106695373.51144792,106695373.65992792,0.14847999811172485
facebook/opt-125m,64,1024,prefill,prefill,prefill_gemm,10.0,,2,5,14,106695373.65992792,106695373.80840792,0.14847999811172485
facebook/opt-125m,64,1024,prefill,prefill,prefill_gemm,10.0,,3,0,14,106695373.80840792,106695373.95688792,0.14847999811172485
facebook/opt-125m,64,1024,prefill,prefill,prefill_gemm,10.0,,3,1,14,106695373.95688792,106695374.10536791,0.14847999811172485
facebook/opt-125m,64,1024,prefill,prefill,prefill_gemm,10.0,,3,2,14,106695374.10536791,106695374.25384791,0.14847999811172485
facebook/opt-125m,64,1024,prefill,prefill,prefill_gemm,10.0,,3,3,14,106695374.25384791,106695374.40232791,0.14847999811172485
facebook/opt-125m,64,1024,prefill,prefill,prefill_gemm,10.0,,3,4,14,106695374.40232791,106695374.55080791,0.14847999811172485
facebook/opt-125m,64,1024,prefill,prefill,prefill_gemm,10.0,,3,5,14,106695374.55080791,106695374.6992879,0.14847999811172485
facebook/opt-125m,64,1024,prefill,prefill,prefill_gemm,10.0,,4,0,14,106695374.6992879,106695374.8477679,0.14847999811172485
facebook/opt-125m,64,1024,prefill,prefill,prefill_gemm,10.0,,4,1,14,106695374.8477679,106695374.9962479,0.14847999811172485
facebook/opt-125m,64,1024,prefill,prefill,prefill_gemm,10.0,,4,2,14,106695374.9962479,106695375.1447279,0.14847999811172485
facebook/opt-125m,64,1024,prefill,prefill,prefill_gemm,10.0,,4,3,14,106695375.1447279,106695375.2932079,0.14847999811172485
facebook/opt-125m,64,1024,prefill,prefill,prefill_gemm,10.0,,4,4,14,106695375.2932079,106695375.4416879,0.14847999811172485
facebook/opt-125m,64,1024,prefill,prefill,prefill_gemm,10.0,,4,5,14,106695375.4416879,106695375.5901679,0.14847999811172485
facebook/opt-125m,64,1024,prefill,prefill,prefill_gemm,10.0,,5,0,14,106695375.5901679,106695375.7386479,0.14847999811172485
facebook/opt-125m,64,1024,prefill,prefill,prefill_gemm,10.0,,5,1,14,106695375.7386479,106695375.88712789,0.14847999811172485
facebook/opt-125m,64,1024,prefill,prefill,prefill_gemm,10.0,,5,2,14,106695375.88712789,106695376.03560789,0.14847999811172485
facebook/opt-125m,64,1024,prefill,prefill,prefill_gemm,10.0,,5,3,14,106695376.03560789,106695376.18408789,0.14847999811172485
facebook/opt-125m,64,1024,prefill,prefill,prefill_gemm,10.0,,5,4,14,106695376.18408789,106695376.33256789,0.14847999811172485
facebook/opt-125m,64,1024,prefill,prefill,prefill_gemm,10.0,,5,5,14,106695376.33256789,106695376.48104788,0.14847999811172485
facebook/opt-125m,64,1024,prefill,prefill,prefill_gemm,10.0,,6,0,14,106695376.48104788,106695376.62952788,0.14847999811172485
facebook/opt-125m,64,1024,prefill,prefill,prefill_gemm,10.0,,6,1,14,106695376.62952788,106695376.77800788,0.14847999811172485
facebook/opt-125m,64,1024,prefill,prefill,prefill_gemm,10.0,,6,2,14,106695376.77800788,106695376.92648788,0.14847999811172485
facebook/opt-125m,64,1024,prefill,prefill,prefill_gemm,10.0,,6,3,14,106695376.92648788,106695377.07496788,0.14847999811172485
facebook/opt-125m,64,1024,prefill,prefill,prefill_gemm,10.0,,6,4,14,106695377.07496788,106695377.22344787,0.14847999811172485
facebook/opt-125m,64,1024,prefill,prefill,prefill_gemm,10.0,,6,5,14,106695377.22344787,106695377.37192787,0.14847999811172485
facebook/opt-125m,64,1024,prefill,prefill,prefill_gemm,10.0,,7,0,14,106695377.37192787,106695377.52040787,0.14847999811172485
facebook/opt-125m,64,1024,prefill,prefill,prefill_gemm,10.0,,7,1,14,106695377.52040787,106695377.66888787,0.14847999811172485
facebook/opt-125m,64,1024,prefill,prefill,prefill_gemm,10.0,,7,2,14,106695377.66888787,106695377.81736787,0.14847999811172485
facebook/opt-125m,64,1024,prefill,prefill,prefill_gemm,10.0,,7,3,14,106695377.81736787,106695377.96584786,0.14847999811172485
facebook/opt-125m,64,1024,prefill,prefill,prefill_gemm,10.0,,7,4,14,106695377.96584786,106695378.11432786,0.14847999811172485
facebook/opt-125m,64,1024,prefill,prefill,prefill_gemm,10.0,,7,5,14,106695378.11432786,106695378.26280786,0.14847999811172485
facebook/opt-125m,64,1024,prefill,prefill,prefill_gemm,10.0,,8,0,14,106695378.26280786,106695378.41128786,0.14847999811172485
facebook/opt-125m,64,1024,prefill,prefill,prefill_gemm,10.0,,8,1,14,106695378.41128786,106695378.55976786,0.14847999811172485
facebook/opt-125m,64,1024,prefill,prefill,prefill_gemm,10.0,,8,2,14,106695378.55976786,106695378.70824786,0.14847999811172485
facebook/opt-125m,64,1024,prefill,prefill,prefill_gemm,10.0,,8,3,14,106695378.70824786,106695378.85672785,0.14847999811172485
facebook/opt-125m,64,1024,prefill,prefill,prefill_gemm,10.0,,8,4,14,106695378.85672785,106695379.00520785,0.14847999811172485
facebook/opt-125m,64,1024,prefill,prefill,prefill_gemm,10.0,,8,5,14,106695379.00520785,106695379.15368785,0.14847999811172485
facebook/opt-125m,64,1024,prefill,prefill,prefill_gemm,10.0,,9,0,14,106695379.15368785,106695379.30216785,0.14847999811172485
facebook/opt-125m,64,1024,prefill,prefill,prefill_gemm,10.0,,9,1,14,106695379.30216785,106695379.45064785,0.14847999811172485
facebook/opt-125m,64,1024,prefill,prefill,prefill_gemm,10.0,,9,2,14,106695379.45064785,106695379.59912784,0.14847999811172485
facebook/opt-125m,64,1024,prefill,prefill,prefill_gemm,10.0,,9,3,15,106695379.690165,106695379.838645,0.14847999811172485
facebook/opt-125m,64,1024,prefill,prefill,prefill_gemm,10.0,,9,4,15,106695379.838645,106695379.987125,0.14847999811172485
facebook/opt-125m,64,1024,prefill,prefill,prefill_gemm,10.0,,9,5,15,106695379.987125,106695380.13560499,0.14847999811172485
facebook/opt-125m,64,1024,prefill,prefill,prefill_gemm,10.0,,10,0,15,106695380.13560499,106695380.28408499,0.14847999811172485
facebook/opt-125m,64,1024,prefill,prefill,prefill_gemm,10.0,,10,1,15,106695380.28408499,106695380.43256499,0.14847999811172485
facebook/opt-125m,64,1024,prefill,prefill,prefill_gemm,10.0,,10,2,15,106695380.43256499,106695380.58104499,0.14847999811172485
facebook/opt-125m,64,1024,prefill,prefill,prefill_gemm,10.0,,10,3,15,106695380.58104499,106695380.72952498,0.14847999811172485
facebook/opt-125m,64,1024,prefill,prefill,prefill_gemm,10.0,,10,4,15,106695380.72952498,106695380.87800498,0.14847999811172485
facebook/opt-125m,64,1024,prefill,prefill,prefill_gemm,10.0,,10,5,15,106695380.87800498,106695381.02648498,0.14847999811172485
facebook/opt-125m,64,1024,prefill,prefill,prefill_gemm,10.0,,11,0,15,106695381.02648498,106695381.17496498,0.14847999811172485
facebook/opt-125m,64,1024,prefill,prefill,prefill_gemm,10.0,,11,1,15,106695381.17496498,106695381.32344498,0.14847999811172485
facebook/opt-125m,64,1024,prefill,prefill,prefill_gemm,10.0,,11,2,15,106695381.32344498,106695381.47192498,0.14847999811172485
facebook/opt-125m,64,1024,prefill,prefill,prefill_gemm,10.0,,11,3,16,106695381.503479,106695381.651959,0.14847999811172485
facebook/opt-125m,64,1024,prefill,prefill,prefill_gemm,10.0,,11,4,16,106695381.651959,106695381.800439,0.14847999811172485
facebook/opt-125m,64,1024,prefill,prefill,prefill_gemm,10.0,,11,5,16,106695381.800439,106695381.948919,0.14847999811172485
facebook/opt-125m,64,1024,prefill,prefill,prefill_gemm,11.0,,0,0,16,106695381.948919,106695382.097399,0.14847999811172485
facebook/opt-125m,64,1024,prefill,prefill,prefill_gemm,11.0,,0,1,16,106695382.097399,106695382.245879,0.14847999811172485
facebook/opt-125m,64,1024,prefill,prefill,prefill_gemm,11.0,,0,2,16,106695382.245879,106695382.394359,0.14847999811172485
facebook/opt-125m,64,1024,prefill,prefill,prefill_gemm,11.0,,0,3,16,106695382.394359,106695382.54283899,0.14847999811172485
facebook/opt-125m,64,1024,prefill,prefill,prefill_gemm,11.0,,0,4,16,106695382.54283899,106695382.69131899,0.14847999811172485
facebook/opt-125m,64,1024,prefill,prefill,prefill_gemm,11.0,,0,5,16,106695382.69131899,106695382.83979899,0.14847999811172485
facebook/opt-125m,64,1024,prefill,prefill,prefill_gemm,11.0,,1,0,16,106695382.83979899,106695382.98827899,0.14847999811172485
facebook/opt-125m,64,1024,prefill,prefill,prefill_gemm,11.0,,1,1,17,106695383.02596,106695383.17444,0.14847999811172485
facebook/opt-125m,64,1024,prefill,prefill,prefill_gemm,11.0,,1,2,17,106695383.17444,106695383.32292,0.14847999811172485
facebook/opt-125m,64,1024,prefill,prefill,prefill_gemm,11.0,,1,3,17,106695383.32292,106695383.4714,0.14847999811172485
facebook/opt-125m,64,1024,prefill,prefill,prefill_gemm,11.0,,1,4,17,106695383.4714,106695383.61987999,0.14847999811172485
facebook/opt-125m,64,1024,prefill,prefill,prefill_gemm,11.0,,1,5,17,106695383.61987999,106695383.76835999,0.14847999811172485
facebook/opt-125m,64,1024,prefill,prefill,prefill_gemm,11.0,,2,0,17,106695383.76835999,106695383.91683999,0.14847999811172485
facebook/opt-125m,64,1024,prefill,prefill,prefill_gemm,11.0,,2,1,17,106695383.91683999,106695384.06531999,0.14847999811172485
facebook/opt-125m,64,1024,prefill,prefill,prefill_gemm,11.0,,2,2,17,106695384.06531999,106695384.21379998,0.14847999811172485
facebook/opt-125m,64,1024,prefill,prefill,prefill_gemm,11.0,,2,3,17,106695384.21379998,106695384.36227998,0.14847999811172485
facebook/opt-125m,64,1024,prefill,prefill,prefill_gemm,11.0,,2,4,17,106695384.36227998,106695384.51075998,0.14847999811172485
facebook/opt-125m,64,1024,prefill,prefill,prefill_gemm,11.0,,2,5,17,106695384.51075998,106695384.65923998,0.14847999811172485
facebook/opt-125m,64,1024,prefill,prefill,prefill_gemm,11.0,,3,0,17,106695384.65923998,106695384.80771998,0.14847999811172485
facebook/opt-125m,64,1024,prefill,prefill,prefill_gemm,11.0,,3,1,17,106695384.80771998,106695384.95619997,0.14847999811172485
facebook/opt-125m,64,1024,prefill,prefill,prefill_gemm,11.0,,3,2,17,106695384.95619997,106695385.10467997,0.14847999811172485
facebook/opt-125m,64,1024,prefill,prefill,prefill_gemm,11.0,,3,3,17,106695385.10467997,106695385.25315997,0.14847999811172485
facebook/opt-125m,64,1024,prefill,prefill,prefill_gemm,11.0,,3,4,17,106695385.25315997,106695385.40163997,0.14847999811172485
facebook/opt-125m,64,1024,prefill,prefill,prefill_gemm,11.0,,3,5,17,106695385.40163997,106695385.55011997,0.14847999811172485
facebook/opt-125m,64,1024,prefill,prefill,prefill_gemm,11.0,,4,0,17,106695385.55011997,106695385.69859996,0.14847999811172485
facebook/opt-125m,64,1024,prefill,prefill,prefill_gemm,11.0,,4,1,17,106695385.69859996,106695385.84707996,0.14847999811172485
facebook/opt-125m,64,1024,prefill,prefill,prefill_gemm,11.0,,4,2,17,106695385.84707996,106695385.99555996,0.14847999811172485
facebook/opt-125m,64,1024,prefill,prefill,prefill_gemm,11.0,,4,3,17,106695385.99555996,106695386.14403996,0.14847999811172485
facebook/opt-125m,64,1024,prefill,prefill,prefill_gemm,11.0,,4,4,17,106695386.14403996,106695386.29251996,0.14847999811172485
facebook/opt-125m,64,1024,prefill,prefill,prefill_gemm,11.0,,4,5,17,106695386.29251996,106695386.44099995,0.14847999811172485
facebook/opt-125m,64,1024,prefill,prefill,prefill_gemm,11.0,,5,0,17,106695386.44099995,106695386.58947995,0.14847999811172485
facebook/opt-125m,64,1024,prefill,prefill,prefill_gemm,11.0,,5,1,17,106695386.58947995,106695386.73795995,0.14847999811172485
facebook/opt-125m,64,1024,prefill,prefill,prefill_gemm,11.0,,5,2,17,106695386.73795995,106695386.88643995,0.14847999811172485
facebook/opt-125m,64,1024,prefill,prefill,prefill_gemm,11.0,,5,3,17,106695386.88643995,106695387.03491995,0.14847999811172485
facebook/opt-125m,64,1024,prefill,prefill,prefill_gemm,11.0,,5,4,17,106695387.03491995,106695387.18339995,0.14847999811172485
facebook/opt-125m,64,1024,prefill,prefill,prefill_gemm,11.0,,5,5,17,106695387.18339995,106695387.33187994,0.14847999811172485
facebook/opt-125m,64,1024,prefill,prefill,prefill_gemm,11.0,,6,0,17,106695387.33187994,106695387.48035994,0.14847999811172485
facebook/opt-125m,64,1024,prefill,prefill,prefill_gemm,11.0,,6,1,17,106695387.48035994,106695387.62883994,0.14847999811172485
facebook/opt-125m,64,1024,prefill,prefill,prefill_gemm,11.0,,6,2,17,106695387.62883994,106695387.77731994,0.14847999811172485
facebook/opt-125m,64,1024,prefill,prefill,prefill_gemm,11.0,,6,3,17,106695387.77731994,106695387.92579994,0.14847999811172485
facebook/opt-125m,64,1024,prefill,prefill,prefill_gemm,11.0,,6,4,17,106695387.92579994,106695388.07427993,0.14847999811172485
facebook/opt-125m,64,1024,prefill,prefill,prefill_gemm,11.0,,6,5,17,106695388.07427993,106695388.22275993,0.14847999811172485
facebook/opt-125m,64,1024,prefill,prefill,prefill_gemm,11.0,,7,0,18,106695388.315901,106695388.464381,0.14847999811172485
facebook/opt-125m,64,1024,prefill,prefill,prefill_gemm,11.0,,7,1,18,106695388.464381,106695388.612861,0.14847999811172485
facebook/opt-125m,64,1024,prefill,prefill,prefill_gemm,11.0,,7,2,18,106695388.612861,106695388.76134099,0.14847999811172485
facebook/opt-125m,64,1024,prefill,prefill,prefill_gemm,11.0,,7,3,18,106695388.76134099,106695388.90982099,0.14847999811172485
facebook/opt-125m,64,1024,prefill,prefill,prefill_gemm,11.0,,7,4,18,106695388.90982099,106695389.05830099,0.14847999811172485
facebook/opt-125m,64,1024,prefill,prefill,prefill_gemm,11.0,,7,5,18,106695389.05830099,106695389.20678098,0.14847999811172485
facebook/opt-125m,64,1024,prefill,prefill,prefill_gemm,11.0,,8,0,18,106695389.20678098,106695389.35526098,0.14847999811172485
facebook/opt-125m,64,1024,prefill,prefill,prefill_gemm,11.0,,8,1,18,106695389.35526098,106695389.50374098,0.14847999811172485
facebook/opt-125m,64,1024,prefill,prefill,prefill_gemm,11.0,,8,2,18,106695389.50374098,106695389.65222098,0.14847999811172485
facebook/opt-125m,64,1024,prefill,prefill,prefill_gemm,11.0,,8,3,18,106695389.65222098,106695389.80070098,0.14847999811172485
facebook/opt-125m,64,1024,prefill,prefill,prefill_gemm,11.0,,8,4,18,106695389.80070098,106695389.94918098,0.14847999811172485
facebook/opt-125m,64,1024,prefill,prefill,prefill_gemm,11.0,,8,5,18,106695389.94918098,106695390.09766097,0.14847999811172485
facebook/opt-125m,64,1024,prefill,prefill,prefill_gemm,11.0,,9,0,18,106695390.09766097,106695390.24614097,0.14847999811172485
facebook/opt-125m,64,1024,prefill,prefill,prefill_gemm,11.0,,9,1,18,106695390.24614097,106695390.39462097,0.14847999811172485
facebook/opt-125m,64,1024,prefill,prefill,prefill_gemm,11.0,,9,2,18,106695390.39462097,106695390.54310097,0.14847999811172485
facebook/opt-125m,64,1024,prefill,prefill,prefill_gemm,11.0,,9,3,19,106695390.610848,106695390.759328,0.14847999811172485
facebook/opt-125m,64,1024,prefill,prefill,prefill_gemm,11.0,,9,4,19,106695390.759328,106695390.90780799,0.14847999811172485
facebook/opt-125m,64,1024,prefill,prefill,prefill_gemm,11.0,,9,5,19,106695390.90780799,106695391.05628799,0.14847999811172485
facebook/opt-125m,64,1024,prefill,prefill,prefill_gemm,11.0,,10,0,19,106695391.05628799,106695391.20476799,0.14847999811172485
facebook/opt-125m,64,1024,prefill,prefill,prefill_gemm,11.0,,10,1,19,106695391.20476799,106695391.35324799,0.14847999811172485
facebook/opt-125m,64,1024,prefill,prefill,prefill_gemm,11.0,,10,2,19,106695391.35324799,106695391.50172798,0.14847999811172485
facebook/opt-125m,64,1024,prefill,prefill,prefill_gemm,11.0,,10,3,19,106695391.50172798,106695391.65020798,0.14847999811172485
facebook/opt-125m,64,1024,prefill,prefill,prefill_gemm,11.0,,10,4,19,106695391.65020798,106695391.79868798,0.14847999811172485
facebook/opt-125m,64,1024,prefill,prefill,prefill_gemm,11.0,,10,5,19,106695391.79868798,106695391.94716798,0.14847999811172485
facebook/opt-125m,64,1024,prefill,prefill,prefill_gemm,11.0,,11,0,19,106695391.94716798,106695392.09564798,0.14847999811172485
facebook/opt-125m,64,1024,prefill,prefill,prefill_gemm,11.0,,11,1,19,106695392.09564798,106695392.24412797,0.14847999811172485
facebook/opt-125m,64,1024,prefill,prefill,prefill_gemm,11.0,,11,2,19,106695392.24412797,106695392.39260797,0.14847999811172485
facebook/opt-125m,64,1024,prefill,prefill,prefill_gemm,11.0,,11,3,19,106695392.39260797,106695392.54108797,0.14847999811172485
facebook/opt-125m,64,1024,prefill,prefill,prefill_gemm,11.0,,11,4,19,106695392.54108797,106695392.68956797,0.14847999811172485
facebook/opt-125m,64,1024,prefill,prefill,prefill_gemm,11.0,,11,5,19,106695392.68956797,106695392.83804797,0.14847999811172485
facebook/opt-125m,64,1024,prefill,prefill,prefill_gemm,12.0,,0,0,19,106695392.83804797,106695392.98652796,0.14847999811172485
facebook/opt-125m,64,1024,prefill,prefill,prefill_gemm,12.0,,0,1,19,106695392.98652796,106695393.13500796,0.14847999811172485
facebook/opt-125m,64,1024,prefill,prefill,prefill_gemm,12.0,,0,2,19,106695393.13500796,106695393.28348796,0.14847999811172485
facebook/opt-125m,64,1024,prefill,prefill,prefill_gemm,12.0,,0,3,19,106695393.28348796,106695393.43196796,0.14847999811172485
facebook/opt-125m,64,1024,prefill,prefill,prefill_gemm,12.0,,0,4,19,106695393.43196796,106695393.58044796,0.14847999811172485
facebook/opt-125m,64,1024,prefill,prefill,prefill_gemm,12.0,,0,5,19,106695393.58044796,106695393.72892796,0.14847999811172485
facebook/opt-125m,64,1024,prefill,prefill,prefill_gemm,12.0,,1,0,19,106695393.72892796,106695393.87740795,0.14847999811172485
facebook/opt-125m,64,1024,prefill,prefill,prefill_gemm,12.0,,1,1,19,106695393.87740795,106695394.02588795,0.14847999811172485
facebook/opt-125m,64,1024,prefill,prefill,prefill_gemm,12.0,,1,2,19,106695394.02588795,106695394.17436795,0.14847999811172485
facebook/opt-125m,64,1024,prefill,prefill,prefill_gemm,12.0,,1,3,19,106695394.17436795,106695394.32284795,0.14847999811172485
facebook/opt-125m,64,1024,prefill,prefill,prefill_gemm,12.0,,1,4,19,106695394.32284795,106695394.47132795,0.14847999811172485
facebook/opt-125m,64,1024,prefill,prefill,prefill_gemm,12.0,,1,5,19,106695394.47132795,106695394.61980794,0.14847999811172485
facebook/opt-125m,64,1024,prefill,prefill,prefill_gemm,12.0,,2,0,19,106695394.61980794,106695394.76828794,0.14847999811172485
facebook/opt-125m,64,1024,prefill,prefill,prefill_gemm,12.0,,2,1,19,106695394.76828794,106695394.91676794,0.14847999811172485
facebook/opt-125m,64,1024,prefill,prefill,prefill_gemm,12.0,,2,2,19,106695394.91676794,106695395.06524794,0.14847999811172485
facebook/opt-125m,64,1024,prefill,prefill,prefill_gemm,12.0,,2,3,19,106695395.06524794,106695395.21372794,0.14847999811172485
facebook/opt-125m,64,1024,prefill,prefill,prefill_gemm,12.0,,2,4,19,106695395.21372794,106695395.36220793,0.14847999811172485
facebook/opt-125m,64,1024,prefill,prefill,prefill_gemm,12.0,,2,5,19,106695395.36220793,106695395.51068793,0.14847999811172485
facebook/opt-125m,64,1024,prefill,prefill,prefill_gemm,12.0,,3,0,19,106695395.51068793,106695395.65916793,0.14847999811172485
facebook/opt-125m,64,1024,prefill,prefill,prefill_gemm,12.0,,3,1,19,106695395.65916793,106695395.80764793,0.14847999811172485
facebook/opt-125m,64,1024,prefill,prefill,prefill_gemm,12.0,,3,2,19,106695395.80764793,106695395.95612793,0.14847999811172485
facebook/opt-125m,64,1024,prefill,prefill,prefill_gemm,12.0,,3,3,19,106695395.95612793,106695396.10460792,0.14847999811172485
facebook/opt-125m,64,1024,prefill,prefill,prefill_gemm,12.0,,3,4,19,106695396.10460792,106695396.25308792,0.14847999811172485
facebook/opt-125m,64,1024,prefill,prefill,prefill_gemm,12.0,,3,5,19,106695396.25308792,106695396.40156792,0.14847999811172485
facebook/opt-125m,64,1024,prefill,prefill,prefill_gemm,12.0,,4,0,19,106695396.40156792,106695396.55004792,0.14847999811172485
facebook/opt-125m,64,1024,prefill,prefill,prefill_gemm,12.0,,4,1,19,106695396.55004792,106695396.69852792,0.14847999811172485
facebook/opt-125m,64,1024,prefill,prefill,prefill_gemm,12.0,,4,2,19,106695396.69852792,106695396.84700792,0.14847999811172485
facebook/opt-125m,64,1024,prefill,prefill,prefill_gemm,12.0,,4,3,19,106695396.84700792,106695396.99548791,0.14847999811172485
facebook/opt-125m,64,1024,prefill,prefill,prefill_gemm,12.0,,4,4,19,106695396.99548791,106695397.14396791,0.14847999811172485
facebook/opt-125m,64,1024,prefill,prefill,prefill_gemm,12.0,,4,5,19,106695397.14396791,106695397.29244791,0.14847999811172485
facebook/opt-125m,64,1024,prefill,prefill,prefill_gemm,12.0,,5,0,19,106695397.29244791,106695397.44092791,0.14847999811172485
facebook/opt-125m,64,1024,prefill,prefill,prefill_gemm,12.0,,5,1,19,106695397.44092791,106695397.5894079,0.14847999811172485
facebook/opt-125m,64,1024,prefill,prefill,prefill_gemm,12.0,,5,2,19,106695397.5894079,106695397.7378879,0.14847999811172485
facebook/opt-125m,64,1024,prefill,prefill,prefill_gemm,12.0,,5,3,19,106695397.7378879,106695397.8863679,0.14847999811172485
facebook/opt-125m,64,1024,prefill,prefill,prefill_gemm,12.0,,5,4,19,106695397.8863679,106695398.0348479,0.14847999811172485
facebook/opt-125m,64,1024,prefill,prefill,prefill_gemm,12.0,,5,5,19,106695398.0348479,106695398.1833279,0.14847999811172485
facebook/opt-125m,64,1024,prefill,prefill,prefill_gemm,12.0,,6,0,19,106695398.1833279,106695398.3318079,0.14847999811172485
facebook/opt-125m,64,1024,prefill,prefill,prefill_gemm,12.0,,6,1,19,106695398.3318079,106695398.4802879,0.14847999811172485
facebook/opt-125m,64,1024,prefill,prefill,prefill_gemm,12.0,,6,2,19,106695398.4802879,106695398.6287679,0.14847999811172485
facebook/opt-125m,64,1024,prefill,prefill,prefill_gemm,12.0,,6,3,19,106695398.6287679,106695398.77724789,0.14847999811172485
facebook/opt-125m,64,1024,prefill,prefill,prefill_gemm,12.0,,6,4,19,106695398.77724789,106695398.92572789,0.14847999811172485
facebook/opt-125m,64,1024,prefill,prefill,prefill_gemm,12.0,,6,5,19,106695398.92572789,106695399.07420789,0.14847999811172485
facebook/opt-125m,64,1024,prefill,prefill,prefill_gemm,12.0,,7,0,19,106695399.07420789,106695399.22268789,0.14847999811172485
facebook/opt-125m,64,1024,prefill,prefill,prefill_gemm,12.0,,7,1,19,106695399.22268789,106695399.37116788,0.14847999811172485
facebook/opt-125m,64,1024,prefill,prefill,prefill_gemm,12.0,,7,2,19,106695399.37116788,106695399.51964788,0.14847999811172485
facebook/opt-125m,64,1024,prefill,prefill,prefill_gemm,12.0,,7,3,20,106695399.614521,106695399.763001,0.14847999811172485
facebook/opt-125m,64,1024,prefill,prefill,prefill_gemm,12.0,,7,4,20,106695399.763001,106695399.911481,0.14847999811172485
facebook/opt-125m,64,1024,prefill,prefill,prefill_gemm,12.0,,7,5,20,106695399.911481,106695400.05996099,0.14847999811172485
facebook/opt-125m,64,1024,prefill,prefill,prefill_gemm,12.0,,8,0,20,106695400.05996099,106695400.20844099,0.14847999811172485
facebook/opt-125m,64,1024,prefill,prefill,prefill_gemm,12.0,,8,1,20,106695400.20844099,106695400.35692099,0.14847999811172485
facebook/opt-125m,64,1024,prefill,prefill,prefill_gemm,12.0,,8,2,20,106695400.35692099,106695400.50540099,0.14847999811172485
facebook/opt-125m,64,1024,prefill,prefill,prefill_gemm,12.0,,8,3,20,106695400.50540099,106695400.65388098,0.14847999811172485
facebook/opt-125m,64,1024,prefill,prefill,prefill_gemm,12.0,,8,4,20,106695400.65388098,106695400.80236098,0.14847999811172485
facebook/opt-125m,64,1024,prefill,prefill,prefill_gemm,12.0,,8,5,20,106695400.80236098,106695400.95084098,0.14847999811172485
facebook/opt-125m,64,1024,prefill,prefill,prefill_gemm,12.0,,9,0,20,106695400.95084098,106695401.09932098,0.14847999811172485
facebook/opt-125m,64,1024,prefill,prefill,prefill_gemm,12.0,,9,1,20,106695401.09932098,106695401.24780098,0.14847999811172485
facebook/opt-125m,64,1024,prefill,prefill,prefill_gemm,12.0,,9,2,20,106695401.24780098,106695401.39628097,0.14847999811172485
facebook/opt-125m,64,1024,prefill,prefill,prefill_gemm,12.0,,9,3,20,106695401.39628097,106695401.54476097,0.14847999811172485
facebook/opt-125m,64,1024,prefill,prefill,prefill_gemm,12.0,,9,4,20,106695401.54476097,106695401.69324097,0.14847999811172485
facebook/opt-125m,64,1024,prefill,prefill,prefill_gemm,12.0,,9,5,20,106695401.69324097,106695401.84172097,0.14847999811172485
facebook/opt-125m,64,1024,prefill,prefill,prefill_gemm,12.0,,10,0,20,106695401.84172097,106695401.99020097,0.14847999811172485
facebook/opt-125m,64,1024,prefill,prefill,prefill_gemm,12.0,,10,1,20,106695401.99020097,106695402.13868096,0.14847999811172485
facebook/opt-125m,64,1024,prefill,prefill,prefill_gemm,12.0,,10,2,20,106695402.13868096,106695402.28716096,0.14847999811172485
facebook/opt-125m,64,1024,prefill,prefill,prefill_gemm,12.0,,10,3,20,106695402.28716096,106695402.43564096,0.14847999811172485
facebook/opt-125m,64,1024,prefill,prefill,prefill_gemm,12.0,,10,4,20,106695402.43564096,106695402.58412096,0.14847999811172485
facebook/opt-125m,64,1024,prefill,prefill,prefill_gemm,12.0,,10,5,20,106695402.58412096,106695402.73260096,0.14847999811172485
facebook/opt-125m,64,1024,prefill,prefill,prefill_gemm,12.0,,11,0,20,106695402.73260096,106695402.88108096,0.14847999811172485
facebook/opt-125m,64,1024,prefill,prefill,prefill_gemm,12.0,,11,1,20,106695402.88108096,106695403.02956095,0.14847999811172485
facebook/opt-125m,64,1024,prefill,prefill,prefill_gemm,12.0,,11,2,21,106695403.1259,106695403.27438,0.14847999811172485
facebook/opt-125m,64,1024,prefill,prefill,prefill_gemm,12.0,,11,3,21,106695403.27438,106695403.42286,0.14847999811172485
facebook/opt-125m,64,1024,prefill,prefill,prefill_gemm,12.0,,11,4,21,106695403.42286,106695403.57134,0.14847999811172485
facebook/opt-125m,64,1024,prefill,prefill,prefill_gemm,12.0,,11,5,21,106695403.57134,106695403.71982,0.14847999811172485
facebook/opt-125m,64,1024,prefill,prefill,prefill_gemm,13.0,,0,0,21,106695403.71982,106695403.86829999,0.14847999811172485
facebook/opt-125m,64,1024,prefill,prefill,prefill_gemm,13.0,,0,1,21,106695403.86829999,106695404.01677999,0.14847999811172485
facebook/opt-125m,64,1024,prefill,prefill,prefill_gemm,13.0,,0,2,21,106695404.01677999,106695404.16525999,0.14847999811172485
facebook/opt-125m,64,1024,prefill,prefill,prefill_gemm,13.0,,0,3,21,106695404.16525999,106695404.31373999,0.14847999811172485
facebook/opt-125m,64,1024,prefill,prefill,prefill_gemm,13.0,,0,4,21,106695404.31373999,106695404.46221998,0.14847999811172485
facebook/opt-125m,64,1024,prefill,prefill,prefill_gemm,13.0,,0,5,21,106695404.46221998,106695404.61069998,0.14847999811172485
facebook/opt-125m,64,1024,prefill,prefill,prefill_gemm,13.0,,1,0,21,106695404.61069998,106695404.75917998,0.14847999811172485
facebook/opt-125m,64,1024,prefill,prefill,prefill_gemm,13.0,,1,1,21,106695404.75917998,106695404.90765998,0.14847999811172485
facebook/opt-125m,64,1024,prefill,prefill,prefill_gemm,13.0,,1,2,21,106695404.90765998,106695405.05613998,0.14847999811172485
facebook/opt-125m,64,1024,prefill,prefill,prefill_gemm,13.0,,1,3,21,106695405.05613998,106695405.20461997,0.14847999811172485
facebook/opt-125m,64,1024,prefill,prefill,prefill_gemm,13.0,,1,4,21,106695405.20461997,106695405.35309997,0.14847999811172485
facebook/opt-125m,64,1024,prefill,prefill,prefill_gemm,13.0,,1,5,21,106695405.35309997,106695405.50157997,0.14847999811172485
facebook/opt-125m,64,1024,prefill,prefill,prefill_gemm,13.0,,2,0,21,106695405.50157997,106695405.65005997,0.14847999811172485
facebook/opt-125m,64,1024,prefill,prefill,prefill_gemm,13.0,,2,1,21,106695405.65005997,106695405.79853997,0.14847999811172485
facebook/opt-125m,64,1024,prefill,prefill,prefill_gemm,13.0,,2,2,22,106695405.904383,106695406.052863,0.14847999811172485
facebook/opt-125m,64,1024,prefill,prefill,prefill_gemm,13.0,,2,3,22,106695406.052863,106695406.201343,0.14847999811172485
facebook/opt-125m,64,1024,prefill,prefill,prefill_gemm,13.0,,2,4,22,106695406.201343,106695406.349823,0.14847999811172485
facebook/opt-125m,64,1024,prefill,prefill,prefill_gemm,13.0,,2,5,22,106695406.349823,106695406.498303,0.14847999811172485
facebook/opt-125m,64,1024,prefill,prefill,prefill_gemm,13.0,,3,0,22,106695406.498303,106695406.646783,0.14847999811172485
facebook/opt-125m,64,1024,prefill,prefill,prefill_gemm,13.0,,3,1,22,106695406.646783,106695406.79526299,0.14847999811172485
facebook/opt-125m,64,1024,prefill,prefill,prefill_gemm,13.0,,3,2,22,106695406.79526299,106695406.94374299,0.14847999811172485
facebook/opt-125m,64,1024,prefill,prefill,prefill_gemm,13.0,,3,3,22,106695406.94374299,106695407.09222299,0.14847999811172485
facebook/opt-125m,64,1024,prefill,prefill,prefill_gemm,13.0,,3,4,22,106695407.09222299,106695407.24070299,0.14847999811172485
facebook/opt-125m,64,1024,prefill,prefill,prefill_gemm,13.0,,3,5,22,106695407.24070299,106695407.38918298,0.14847999811172485
facebook/opt-125m,64,1024,prefill,prefill,prefill_gemm,13.0,,4,0,22,106695407.38918298,106695407.53766298,0.14847999811172485
facebook/opt-125m,64,1024,prefill,prefill,prefill_gemm,13.0,,4,1,22,106695407.53766298,106695407.68614298,0.14847999811172485
facebook/opt-125m,64,1024,prefill,prefill,prefill_gemm,13.0,,4,2,22,106695407.68614298,106695407.83462298,0.14847999811172485
facebook/opt-125m,64,1024,prefill,prefill,prefill_gemm,13.0,,4,3,22,106695407.83462298,106695407.98310298,0.14847999811172485
facebook/opt-125m,64,1024,prefill,prefill,prefill_gemm,13.0,,4,4,22,106695407.98310298,106695408.13158298,0.14847999811172485
facebook/opt-125m,64,1024,prefill,prefill,prefill_gemm,13.0,,4,5,22,106695408.13158298,106695408.28006297,0.14847999811172485
facebook/opt-125m,64,1024,prefill,prefill,prefill_gemm,13.0,,5,0,22,106695408.28006297,106695408.42854297,0.14847999811172485
facebook/opt-125m,64,1024,prefill,prefill,prefill_gemm,13.0,,5,1,22,106695408.42854297,106695408.57702297,0.14847999811172485
facebook/opt-125m,64,1024,prefill,prefill,prefill_gemm,13.0,,5,2,22,106695408.57702297,106695408.72550297,0.14847999811172485
facebook/opt-125m,64,1024,prefill,prefill,prefill_gemm,13.0,,5,3,22,106695408.72550297,106695408.87398297,0.14847999811172485
facebook/opt-125m,64,1024,prefill,prefill,prefill_gemm,13.0,,5,4,22,106695408.87398297,106695409.02246296,0.14847999811172485
facebook/opt-125m,64,1024,prefill,prefill,prefill_gemm,13.0,,5,5,22,106695409.02246296,106695409.17094296,0.14847999811172485
facebook/opt-125m,64,1024,prefill,prefill,prefill_gemm,13.0,,6,0,22,106695409.17094296,106695409.31942296,0.14847999811172485
facebook/opt-125m,64,1024,prefill,prefill,prefill_gemm,13.0,,6,1,22,106695409.31942296,106695409.46790296,0.14847999811172485
facebook/opt-125m,64,1024,prefill,prefill,prefill_gemm,13.0,,6,2,22,106695409.46790296,106695409.61638296,0.14847999811172485
facebook/opt-125m,64,1024,prefill,prefill,prefill_gemm,13.0,,6,3,22,106695409.61638296,106695409.76486295,0.14847999811172485
facebook/opt-125m,64,1024,prefill,prefill,prefill_gemm,13.0,,6,4,22,106695409.76486295,106695409.91334295,0.14847999811172485
facebook/opt-125m,64,1024,prefill,prefill,prefill_gemm,13.0,,6,5,22,106695409.91334295,106695410.06182295,0.14847999811172485
facebook/opt-125m,64,1024,prefill,prefill,prefill_gemm,13.0,,7,0,22,106695410.06182295,106695410.21030295,0.14847999811172485
facebook/opt-125m,64,1024,prefill,prefill,prefill_gemm,13.0,,7,1,22,106695410.21030295,106695410.35878295,0.14847999811172485
facebook/opt-125m,64,1024,prefill,prefill,prefill_gemm,13.0,,7,2,22,106695410.35878295,106695410.50726295,0.14847999811172485
facebook/opt-125m,64,1024,prefill,prefill,prefill_gemm,13.0,,7,3,22,106695410.50726295,106695410.65574294,0.14847999811172485
facebook/opt-125m,64,1024,prefill,prefill,prefill_gemm,13.0,,7,4,22,106695410.65574294,106695410.80422294,0.14847999811172485
facebook/opt-125m,64,1024,prefill,prefill,prefill_gemm,13.0,,7,5,22,106695410.80422294,106695410.95270294,0.14847999811172485
facebook/opt-125m,64,1024,prefill,prefill,prefill_gemm,13.0,,8,0,22,106695410.95270294,106695411.10118294,0.14847999811172485
facebook/opt-125m,64,1024,prefill,prefill,prefill_gemm,13.0,,8,1,22,106695411.10118294,106695411.24966294,0.14847999811172485
facebook/opt-125m,64,1024,prefill,prefill,prefill_gemm,13.0,,8,2,22,106695411.24966294,106695411.39814293,0.14847999811172485
facebook/opt-125m,64,1024,prefill,prefill,prefill_gemm,13.0,,8,3,22,106695411.39814293,106695411.54662293,0.14847999811172485
facebook/opt-125m,64,1024,prefill,prefill,prefill_gemm,13.0,,8,4,22,106695411.54662293,106695411.69510293,0.14847999811172485
facebook/opt-125m,64,1024,prefill,prefill,prefill_gemm,13.0,,8,5,22,106695411.69510293,106695411.84358293,0.14847999811172485
facebook/opt-125m,64,1024,prefill,prefill,prefill_gemm,13.0,,9,0,22,106695411.84358293,106695411.99206293,0.14847999811172485
facebook/opt-125m,64,1024,prefill,prefill,prefill_gemm,13.0,,9,1,22,106695411.99206293,106695412.14054292,0.14847999811172485
facebook/opt-125m,64,1024,prefill,prefill,prefill_gemm,13.0,,9,2,22,106695412.14054292,106695412.28902292,0.14847999811172485
facebook/opt-125m,64,1024,prefill,prefill,prefill_gemm,13.0,,9,3,22,106695412.28902292,106695412.43750292,0.14847999811172485
facebook/opt-125m,64,1024,prefill,prefill,prefill_gemm,13.0,,9,4,22,106695412.43750292,106695412.58598292,0.14847999811172485
facebook/opt-125m,64,1024,prefill,prefill,prefill_gemm,13.0,,9,5,22,106695412.58598292,106695412.73446292,0.14847999811172485
facebook/opt-125m,64,1024,prefill,prefill,prefill_gemm,13.0,,10,0,22,106695412.73446292,106695412.88294291,0.14847999811172485
facebook/opt-125m,64,1024,prefill,prefill,prefill_gemm,13.0,,10,1,22,106695412.88294291,106695413.03142291,0.14847999811172485
facebook/opt-125m,64,1024,prefill,prefill,prefill_gemm,13.0,,10,2,22,106695413.03142291,106695413.17990291,0.14847999811172485
facebook/opt-125m,64,1024,prefill,prefill,prefill_gemm,13.0,,10,3,22,106695413.17990291,106695413.32838291,0.14847999811172485
facebook/opt-125m,64,1024,prefill,prefill,prefill_gemm,13.0,,10,4,22,106695413.32838291,106695413.4768629,0.14847999811172485
facebook/opt-125m,64,1024,prefill,prefill,prefill_gemm,13.0,,10,5,22,106695413.4768629,106695413.6253429,0.14847999811172485
facebook/opt-125m,64,1024,prefill,prefill,prefill_gemm,13.0,,11,0,22,106695413.6253429,106695413.7738229,0.14847999811172485
facebook/opt-125m,64,1024,prefill,prefill,prefill_gemm,13.0,,11,1,22,106695413.7738229,106695413.9223029,0.14847999811172485
facebook/opt-125m,64,1024,prefill,prefill,prefill_gemm,13.0,,11,2,22,106695413.9223029,106695414.0707829,0.14847999811172485
facebook/opt-125m,64,1024,prefill,prefill,prefill_gemm,13.0,,11,3,22,106695414.0707829,106695414.2192629,0.14847999811172485
facebook/opt-125m,64,1024,prefill,prefill,prefill_gemm,13.0,,11,4,22,106695414.2192629,106695414.3677429,0.14847999811172485
facebook/opt-125m,64,1024,prefill,prefill,prefill_gemm,13.0,,11,5,22,106695414.3677429,106695414.5162229,0.14847999811172485
facebook/opt-125m,64,1024,prefill,prefill,prefill_gemm,14.0,,0,0,22,106695414.5162229,106695414.66470289,0.14847999811172485
facebook/opt-125m,64,1024,prefill,prefill,prefill_gemm,14.0,,0,1,22,106695414.66470289,106695414.81318289,0.14847999811172485
facebook/opt-125m,64,1024,prefill,prefill,prefill_gemm,14.0,,0,2,22,106695414.81318289,106695414.96166289,0.14847999811172485
facebook/opt-125m,64,1024,prefill,prefill,prefill_gemm,14.0,,0,3,22,106695414.96166289,106695415.11014289,0.14847999811172485
facebook/opt-125m,64,1024,prefill,prefill,prefill_gemm,14.0,,0,4,22,106695415.11014289,106695415.25862288,0.14847999811172485
facebook/opt-125m,64,1024,prefill,prefill,prefill_gemm,14.0,,0,5,22,106695415.25862288,106695415.40710288,0.14847999811172485
facebook/opt-125m,64,1024,prefill,prefill,prefill_gemm,14.0,,1,0,22,106695415.40710288,106695415.55558288,0.14847999811172485
facebook/opt-125m,64,1024,prefill,prefill,prefill_gemm,14.0,,1,1,22,106695415.55558288,106695415.70406288,0.14847999811172485
facebook/opt-125m,64,1024,prefill,prefill,prefill_gemm,14.0,,1,2,22,106695415.70406288,106695415.85254288,0.14847999811172485
facebook/opt-125m,64,1024,prefill,prefill,prefill_gemm,14.0,,1,3,22,106695415.85254288,106695416.00102288,0.14847999811172485
facebook/opt-125m,64,1024,prefill,prefill,prefill_gemm,14.0,,1,4,22,106695416.00102288,106695416.14950287,0.14847999811172485
facebook/opt-125m,64,1024,prefill,prefill,prefill_gemm,14.0,,1,5,22,106695416.14950287,106695416.29798287,0.14847999811172485
facebook/opt-125m,64,1024,prefill,prefill,prefill_gemm,14.0,,2,0,22,106695416.29798287,106695416.44646287,0.14847999811172485
facebook/opt-125m,64,1024,prefill,prefill,prefill_gemm,14.0,,2,1,22,106695416.44646287,106695416.59494287,0.14847999811172485
facebook/opt-125m,64,1024,prefill,prefill,prefill_gemm,14.0,,2,2,22,106695416.59494287,106695416.74342287,0.14847999811172485
facebook/opt-125m,64,1024,prefill,prefill,prefill_gemm,14.0,,2,3,22,106695416.74342287,106695416.89190286,0.14847999811172485
facebook/opt-125m,64,1024,prefill,prefill,prefill_gemm,14.0,,2,4,22,106695416.89190286,106695417.04038286,0.14847999811172485
facebook/opt-125m,64,1024,prefill,prefill,prefill_gemm,14.0,,2,5,22,106695417.04038286,106695417.18886286,0.14847999811172485
facebook/opt-125m,64,1024,prefill,prefill,prefill_gemm,14.0,,3,0,22,106695417.18886286,106695417.33734286,0.14847999811172485
facebook/opt-125m,64,1024,prefill,prefill,prefill_gemm,14.0,,3,1,22,106695417.33734286,106695417.48582286,0.14847999811172485
facebook/opt-125m,64,1024,prefill,prefill,prefill_gemm,14.0,,3,2,22,106695417.48582286,106695417.63430285,0.14847999811172485
facebook/opt-125m,64,1024,prefill,prefill,prefill_gemm,14.0,,3,3,22,106695417.63430285,106695417.78278285,0.14847999811172485
facebook/opt-125m,64,1024,prefill,prefill,prefill_gemm,14.0,,3,4,22,106695417.78278285,106695417.93126285,0.14847999811172485
facebook/opt-125m,64,1024,prefill,prefill,prefill_gemm,14.0,,3,5,22,106695417.93126285,106695418.07974285,0.14847999811172485
facebook/opt-125m,64,1024,prefill,prefill,prefill_gemm,14.0,,4,0,22,106695418.07974285,106695418.22822285,0.14847999811172485
facebook/opt-125m,64,1024,prefill,prefill,prefill_gemm,14.0,,4,1,22,106695418.22822285,106695418.37670285,0.14847999811172485
facebook/opt-125m,64,1024,prefill,prefill,prefill_gemm,14.0,,4,2,22,106695418.37670285,106695418.52518284,0.14847999811172485
facebook/opt-125m,64,1024,prefill,prefill,prefill_gemm,14.0,,4,3,22,106695418.52518284,106695418.67366284,0.14847999811172485
facebook/opt-125m,64,1024,prefill,prefill,prefill_gemm,14.0,,4,4,22,106695418.67366284,106695418.82214284,0.14847999811172485
facebook/opt-125m,64,1024,prefill,prefill,prefill_gemm,14.0,,4,5,22,106695418.82214284,106695418.97062284,0.14847999811172485
facebook/opt-125m,64,1024,prefill,prefill,prefill_gemm,14.0,,5,0,22,106695418.97062284,106695419.11910284,0.14847999811172485
facebook/opt-125m,64,1024,prefill,prefill,prefill_gemm,14.0,,5,1,22,106695419.11910284,106695419.26758283,0.14847999811172485
facebook/opt-125m,64,1024,prefill,prefill,prefill_gemm,14.0,,5,2,22,106695419.26758283,106695419.41606283,0.14847999811172485
facebook/opt-125m,64,1024,prefill,prefill,prefill_gemm,14.0,,5,3,22,106695419.41606283,106695419.56454283,0.14847999811172485
facebook/opt-125m,64,1024,prefill,prefill,prefill_gemm,14.0,,5,4,22,106695419.56454283,106695419.71302283,0.14847999811172485
facebook/opt-125m,64,1024,prefill,prefill,prefill_gemm,14.0,,5,5,22,106695419.71302283,106695419.86150283,0.14847999811172485
facebook/opt-125m,64,1024,prefill,prefill,prefill_gemm,14.0,,6,0,22,106695419.86150283,106695420.00998282,0.14847999811172485
facebook/opt-125m,64,1024,prefill,prefill,prefill_gemm,14.0,,6,1,22,106695420.00998282,106695420.15846282,0.14847999811172485
facebook/opt-125m,64,1024,prefill,prefill,prefill_gemm,14.0,,6,2,22,106695420.15846282,106695420.30694282,0.14847999811172485
facebook/opt-125m,64,1024,prefill,prefill,prefill_gemm,14.0,,6,3,22,106695420.30694282,106695420.45542282,0.14847999811172485
facebook/opt-125m,64,1024,prefill,prefill,prefill_gemm,14.0,,6,4,22,106695420.45542282,106695420.60390282,0.14847999811172485
facebook/opt-125m,64,1024,prefill,prefill,prefill_gemm,14.0,,6,5,22,106695420.60390282,106695420.75238281,0.14847999811172485
facebook/opt-125m,64,1024,prefill,prefill,prefill_gemm,14.0,,7,0,22,106695420.75238281,106695420.90086281,0.14847999811172485
facebook/opt-125m,64,1024,prefill,prefill,prefill_gemm,14.0,,7,1,22,106695420.90086281,106695421.04934281,0.14847999811172485
facebook/opt-125m,64,1024,prefill,prefill,prefill_gemm,14.0,,7,2,22,106695421.04934281,106695421.19782281,0.14847999811172485
facebook/opt-125m,64,1024,prefill,prefill,prefill_gemm,14.0,,7,3,22,106695421.19782281,106695421.3463028,0.14847999811172485
facebook/opt-125m,64,1024,prefill,prefill,prefill_gemm,14.0,,7,4,22,106695421.3463028,106695421.4947828,0.14847999811172485
facebook/opt-125m,64,1024,prefill,prefill,prefill_gemm,14.0,,7,5,22,106695421.4947828,106695421.6432628,0.14847999811172485
facebook/opt-125m,64,1024,prefill,prefill,prefill_gemm,14.0,,8,0,22,106695421.6432628,106695421.7917428,0.14847999811172485
facebook/opt-125m,64,1024,prefill,prefill,prefill_gemm,14.0,,8,1,22,106695421.7917428,106695421.9402228,0.14847999811172485
facebook/opt-125m,64,1024,prefill,prefill,prefill_gemm,14.0,,8,2,22,106695421.9402228,106695422.0887028,0.14847999811172485
facebook/opt-125m,64,1024,prefill,prefill,prefill_gemm,14.0,,8,3,22,106695422.0887028,106695422.2371828,0.14847999811172485
facebook/opt-125m,64,1024,prefill,prefill,prefill_gemm,14.0,,8,4,22,106695422.2371828,106695422.3856628,0.14847999811172485
facebook/opt-125m,64,1024,prefill,prefill,prefill_gemm,14.0,,8,5,22,106695422.3856628,106695422.53414279,0.14847999811172485
facebook/opt-125m,64,1024,prefill,prefill,prefill_gemm,14.0,,9,0,22,106695422.53414279,106695422.68262279,0.14847999811172485
facebook/opt-125m,64,1024,prefill,prefill,prefill_gemm,14.0,,9,1,22,106695422.68262279,106695422.83110279,0.14847999811172485
facebook/opt-125m,64,1024,prefill,prefill,prefill_gemm,14.0,,9,2,22,106695422.83110279,106695422.97958279,0.14847999811172485
facebook/opt-125m,64,1024,prefill,prefill,prefill_gemm,14.0,,9,3,22,106695422.97958279,106695423.12806278,0.14847999811172485
facebook/opt-125m,64,1024,prefill,prefill,prefill_gemm,14.0,,9,4,22,106695423.12806278,106695423.27654278,0.14847999811172485
facebook/opt-125m,64,1024,prefill,prefill,prefill_gemm,14.0,,9,5,22,106695423.27654278,106695423.42502278,0.14847999811172485
facebook/opt-125m,64,1024,prefill,prefill,prefill_gemm,14.0,,10,0,22,106695423.42502278,106695423.57350278,0.14847999811172485
facebook/opt-125m,64,1024,prefill,prefill,prefill_gemm,14.0,,10,1,22,106695423.57350278,106695423.72198278,0.14847999811172485
facebook/opt-125m,64,1024,prefill,prefill,prefill_gemm,14.0,,10,2,22,106695423.72198278,106695423.87046278,0.14847999811172485
facebook/opt-125m,64,1024,prefill,prefill,prefill_gemm,14.0,,10,3,22,106695423.87046278,106695424.01894277,0.14847999811172485
facebook/opt-125m,64,1024,prefill,prefill,prefill_gemm,14.0,,10,4,22,106695424.01894277,106695424.16742277,0.14847999811172485
facebook/opt-125m,64,1024,prefill,prefill,prefill_gemm,14.0,,10,5,22,106695424.16742277,106695424.31590277,0.14847999811172485
facebook/opt-125m,64,1024,prefill,prefill,prefill_gemm,14.0,,11,0,22,106695424.31590277,106695424.46438277,0.14847999811172485
facebook/opt-125m,64,1024,prefill,prefill,prefill_gemm,14.0,,11,1,22,106695424.46438277,106695424.61286277,0.14847999811172485
facebook/opt-125m,64,1024,prefill,prefill,prefill_gemm,14.0,,11,2,22,106695424.61286277,106695424.76134276,0.14847999811172485
facebook/opt-125m,64,1024,prefill,prefill,prefill_gemm,14.0,,11,3,22,106695424.76134276,106695424.90982276,0.14847999811172485
facebook/opt-125m,64,1024,prefill,prefill,prefill_gemm,14.0,,11,4,22,106695424.90982276,106695425.05830276,0.14847999811172485
facebook/opt-125m,64,1024,prefill,prefill,prefill_gemm,14.0,,11,5,22,106695425.05830276,106695425.20678276,0.14847999811172485
facebook/opt-125m,64,1024,prefill,prefill,prefill_gemm,15.0,,0,0,22,106695425.20678276,106695425.35526276,0.14847999811172485
facebook/opt-125m,64,1024,prefill,prefill,prefill_gemm,15.0,,0,1,22,106695425.35526276,106695425.50374275,0.14847999811172485
facebook/opt-125m,64,1024,prefill,prefill,prefill_gemm,15.0,,0,2,22,106695425.50374275,106695425.65222275,0.14847999811172485
facebook/opt-125m,64,1024,prefill,prefill,prefill_gemm,15.0,,0,3,22,106695425.65222275,106695425.80070275,0.14847999811172485
facebook/opt-125m,64,1024,prefill,prefill,prefill_gemm,15.0,,0,4,22,106695425.80070275,106695425.94918275,0.14847999811172485
facebook/opt-125m,64,1024,prefill,prefill,prefill_gemm,15.0,,0,5,22,106695425.94918275,106695426.09766275,0.14847999811172485
facebook/opt-125m,64,1024,prefill,prefill,prefill_gemm,15.0,,1,0,22,106695426.09766275,106695426.24614275,0.14847999811172485
facebook/opt-125m,64,1024,prefill,prefill,prefill_gemm,15.0,,1,1,22,106695426.24614275,106695426.39462274,0.14847999811172485
facebook/opt-125m,64,1024,prefill,prefill,prefill_gemm,15.0,,1,2,23,106695426.496532,106695426.64501199,0.14847999811172485
facebook/opt-125m,64,1024,prefill,prefill,prefill_gemm,15.0,,1,3,23,106695426.64501199,106695426.79349199,0.14847999811172485
facebook/opt-125m,64,1024,prefill,prefill,prefill_gemm,15.0,,1,4,23,106695426.79349199,106695426.94197199,0.14847999811172485
facebook/opt-125m,64,1024,prefill,prefill,prefill_gemm,15.0,,1,5,23,106695426.94197199,106695427.09045199,0.14847999811172485
facebook/opt-125m,64,1024,prefill,prefill,prefill_gemm,15.0,,2,0,23,106695427.09045199,106695427.23893198,0.14847999811172485
facebook/opt-125m,64,1024,prefill,prefill,prefill_gemm,15.0,,2,1,23,106695427.23893198,106695427.38741198,0.14847999811172485
facebook/opt-125m,64,1024,prefill,prefill,prefill_gemm,15.0,,2,2,23,106695427.38741198,106695427.53589198,0.14847999811172485
facebook/opt-125m,64,1024,prefill,prefill,prefill_gemm,15.0,,2,3,23,106695427.53589198,106695427.68437198,0.14847999811172485
facebook/opt-125m,64,1024,prefill,prefill,prefill_gemm,15.0,,2,4,23,106695427.68437198,106695427.83285198,0.14847999811172485
facebook/opt-125m,64,1024,prefill,prefill,prefill_gemm,15.0,,2,5,23,106695427.83285198,106695427.98133197,0.14847999811172485
facebook/opt-125m,64,1024,prefill,prefill,prefill_gemm,15.0,,3,0,23,106695427.98133197,106695428.12981197,0.14847999811172485
facebook/opt-125m,64,1024,prefill,prefill,prefill_gemm,15.0,,3,1,23,106695428.12981197,106695428.27829197,0.14847999811172485
facebook/opt-125m,64,1024,prefill,prefill,prefill_gemm,15.0,,3,2,24,106695428.354982,106695428.503462,0.14847999811172485
facebook/opt-125m,64,1024,prefill,prefill,prefill_gemm,15.0,,3,3,24,106695428.503462,106695428.651942,0.14847999811172485
facebook/opt-125m,64,1024,prefill,prefill,prefill_gemm,15.0,,3,4,24,106695428.651942,106695428.800422,0.14847999811172485
facebook/opt-125m,64,1024,prefill,prefill,prefill_gemm,15.0,,3,5,24,106695428.800422,106695428.948902,0.14847999811172485
facebook/opt-125m,64,1024,prefill,prefill,prefill_gemm,15.0,,4,0,24,106695428.948902,106695429.097382,0.14847999811172485
facebook/opt-125m,64,1024,prefill,prefill,prefill_gemm,15.0,,4,1,24,106695429.097382,106695429.24586199,0.14847999811172485
facebook/opt-125m,64,1024,prefill,prefill,prefill_gemm,15.0,,4,2,24,106695429.24586199,106695429.39434199,0.14847999811172485
facebook/opt-125m,64,1024,prefill,prefill,prefill_gemm,15.0,,4,3,24,106695429.39434199,106695429.54282199,0.14847999811172485
facebook/opt-125m,64,1024,prefill,prefill,prefill_gemm,15.0,,4,4,24,106695429.54282199,106695429.69130199,0.14847999811172485
facebook/opt-125m,64,1024,prefill,prefill,prefill_gemm,15.0,,4,5,24,106695429.69130199,106695429.83978198,0.14847999811172485
facebook/opt-125m,64,1024,prefill,prefill,prefill_gemm,15.0,,5,0,24,106695429.83978198,106695429.98826198,0.14847999811172485
facebook/opt-125m,64,1024,prefill,prefill,prefill_gemm,15.0,,5,1,24,106695429.98826198,106695430.13674198,0.14847999811172485
facebook/opt-125m,64,1024,prefill,prefill,prefill_gemm,15.0,,5,2,24,106695430.13674198,106695430.28522198,0.14847999811172485
facebook/opt-125m,64,1024,prefill,prefill,prefill_gemm,15.0,,5,3,24,106695430.28522198,106695430.43370198,0.14847999811172485
facebook/opt-125m,64,1024,prefill,prefill,prefill_gemm,15.0,,5,4,24,106695430.43370198,106695430.58218198,0.14847999811172485
facebook/opt-125m,64,1024,prefill,prefill,prefill_gemm,15.0,,5,5,24,106695430.58218198,106695430.73066197,0.14847999811172485
facebook/opt-125m,64,1024,prefill,prefill,prefill_gemm,15.0,,6,0,24,106695430.73066197,106695430.87914197,0.14847999811172485
facebook/opt-125m,64,1024,prefill,prefill,prefill_gemm,15.0,,6,1,24,106695430.87914197,106695431.02762197,0.14847999811172485
facebook/opt-125m,64,1024,prefill,prefill,prefill_gemm,15.0,,6,2,24,106695431.02762197,106695431.17610197,0.14847999811172485
facebook/opt-125m,64,1024,prefill,prefill,prefill_gemm,15.0,,6,3,24,106695431.17610197,106695431.32458197,0.14847999811172485
facebook/opt-125m,64,1024,prefill,prefill,prefill_gemm,15.0,,6,4,24,106695431.32458197,106695431.47306196,0.14847999811172485
facebook/opt-125m,64,1024,prefill,prefill,prefill_gemm,15.0,,6,5,24,106695431.47306196,106695431.62154196,0.14847999811172485
facebook/opt-125m,64,1024,prefill,prefill,prefill_gemm,15.0,,7,0,24,106695431.62154196,106695431.77002196,0.14847999811172485
facebook/opt-125m,64,1024,prefill,prefill,prefill_gemm,15.0,,7,1,24,106695431.77002196,106695431.91850196,0.14847999811172485
facebook/opt-125m,64,1024,prefill,prefill,prefill_gemm,15.0,,7,2,24,106695431.91850196,106695432.06698196,0.14847999811172485
facebook/opt-125m,64,1024,prefill,prefill,prefill_gemm,15.0,,7,3,24,106695432.06698196,106695432.21546195,0.14847999811172485
facebook/opt-125m,64,1024,prefill,prefill,prefill_gemm,15.0,,7,4,24,106695432.21546195,106695432.36394195,0.14847999811172485
facebook/opt-125m,64,1024,prefill,prefill,prefill_gemm,15.0,,7,5,24,106695432.36394195,106695432.51242195,0.14847999811172485
facebook/opt-125m,64,1024,prefill,prefill,prefill_gemm,15.0,,8,0,24,106695432.51242195,106695432.66090195,0.14847999811172485
facebook/opt-125m,64,1024,prefill,prefill,prefill_gemm,15.0,,8,1,24,106695432.66090195,106695432.80938195,0.14847999811172485
facebook/opt-125m,64,1024,prefill,prefill,prefill_gemm,15.0,,8,2,24,106695432.80938195,106695432.95786195,0.14847999811172485
facebook/opt-125m,64,1024,prefill,prefill,prefill_gemm,15.0,,8,3,24,106695432.95786195,106695433.10634194,0.14847999811172485
facebook/opt-125m,64,1024,prefill,prefill,prefill_gemm,15.0,,8,4,24,106695433.10634194,106695433.25482194,0.14847999811172485
facebook/opt-125m,64,1024,prefill,prefill,prefill_gemm,15.0,,8,5,24,106695433.25482194,106695433.40330194,0.14847999811172485
facebook/opt-125m,64,1024,prefill,prefill,prefill_gemm,15.0,,9,0,24,106695433.40330194,106695433.55178194,0.14847999811172485
facebook/opt-125m,64,1024,prefill,prefill,prefill_gemm,15.0,,9,1,24,106695433.55178194,106695433.70026194,0.14847999811172485
facebook/opt-125m,64,1024,prefill,prefill,prefill_gemm,15.0,,9,2,24,106695433.70026194,106695433.84874193,0.14847999811172485
facebook/opt-125m,64,1024,prefill,prefill,prefill_gemm,15.0,,9,3,24,106695433.84874193,106695433.99722193,0.14847999811172485
facebook/opt-125m,64,1024,prefill,prefill,prefill_gemm,15.0,,9,4,24,106695433.99722193,106695434.14570193,0.14847999811172485
facebook/opt-125m,64,1024,prefill,prefill,prefill_gemm,15.0,,9,5,24,106695434.14570193,106695434.29418193,0.14847999811172485
facebook/opt-125m,64,1024,prefill,prefill,prefill_gemm,15.0,,10,0,24,106695434.29418193,106695434.44266193,0.14847999811172485
facebook/opt-125m,64,1024,prefill,prefill,prefill_gemm,15.0,,10,1,24,106695434.44266193,106695434.59114192,0.14847999811172485
facebook/opt-125m,64,1024,prefill,prefill,prefill_gemm,15.0,,10,2,24,106695434.59114192,106695434.73962192,0.14847999811172485
facebook/opt-125m,64,1024,prefill,prefill,prefill_gemm,15.0,,10,3,24,106695434.73962192,106695434.88810192,0.14847999811172485
facebook/opt-125m,64,1024,prefill,prefill,prefill_gemm,15.0,,10,4,24,106695434.88810192,106695435.03658192,0.14847999811172485
facebook/opt-125m,64,1024,prefill,prefill,prefill_gemm,15.0,,10,5,24,106695435.03658192,106695435.18506192,0.14847999811172485
facebook/opt-125m,64,1024,prefill,prefill,prefill_gemm,15.0,,11,0,24,106695435.18506192,106695435.33354191,0.14847999811172485
facebook/opt-125m,64,1024,prefill,prefill,prefill_gemm,15.0,,11,1,24,106695435.33354191,106695435.48202191,0.14847999811172485
facebook/opt-125m,64,1024,prefill,prefill,prefill_gemm,15.0,,11,2,24,106695435.48202191,106695435.63050191,0.14847999811172485
facebook/opt-125m,64,1024,prefill,prefill,prefill_gemm,15.0,,11,3,24,106695435.63050191,106695435.77898191,0.14847999811172485
facebook/opt-125m,64,1024,prefill,prefill,prefill_gemm,15.0,,11,4,24,106695435.77898191,106695435.9274619,0.14847999811172485
facebook/opt-125m,64,1024,prefill,prefill,prefill_gemm,15.0,,11,5,24,106695435.9274619,106695436.0759419,0.14847999811172485
facebook/opt-125m,64,1024,prefill,prefill,prefill_gemm,16.0,,0,0,24,106695436.0759419,106695436.2244219,0.14847999811172485
facebook/opt-125m,64,1024,prefill,prefill,prefill_gemm,16.0,,0,1,24,106695436.2244219,106695436.3729019,0.14847999811172485
facebook/opt-125m,64,1024,prefill,prefill,prefill_gemm,16.0,,0,2,24,106695436.3729019,106695436.5213819,0.14847999811172485
facebook/opt-125m,64,1024,prefill,prefill,prefill_gemm,16.0,,0,3,24,106695436.5213819,106695436.6698619,0.14847999811172485
facebook/opt-125m,64,1024,prefill,prefill,prefill_gemm,16.0,,0,4,24,106695436.6698619,106695436.8183419,0.14847999811172485
facebook/opt-125m,64,1024,prefill,prefill,prefill_gemm,16.0,,0,5,25,106695436.925182,106695437.073662,0.14847999811172485
facebook/opt-125m,64,1024,prefill,prefill,prefill_gemm,16.0,,1,0,25,106695437.073662,106695437.222142,0.14847999811172485
facebook/opt-125m,64,1024,prefill,prefill,prefill_gemm,16.0,,1,1,25,106695437.222142,106695437.370622,0.14847999811172485
facebook/opt-125m,64,1024,prefill,prefill,prefill_gemm,16.0,,1,2,25,106695437.370622,106695437.51910199,0.14847999811172485
facebook/opt-125m,64,1024,prefill,prefill,prefill_gemm,16.0,,1,3,25,106695437.51910199,106695437.66758199,0.14847999811172485
facebook/opt-125m,64,1024,prefill,prefill,prefill_gemm,16.0,,1,4,25,106695437.66758199,106695437.81606199,0.14847999811172485
facebook/opt-125m,64,1024,prefill,prefill,prefill_gemm,16.0,,1,5,25,106695437.81606199,106695437.96454199,0.14847999811172485
facebook/opt-125m,64,1024,prefill,prefill,prefill_gemm,16.0,,2,0,25,106695437.96454199,106695438.11302198,0.14847999811172485
facebook/opt-125m,64,1024,prefill,prefill,prefill_gemm,16.0,,2,1,25,106695438.11302198,106695438.26150198,0.14847999811172485
facebook/opt-125m,64,1024,prefill,prefill,prefill_gemm,16.0,,2,2,25,106695438.26150198,106695438.40998198,0.14847999811172485
facebook/opt-125m,64,1024,prefill,prefill,prefill_gemm,16.0,,2,3,25,106695438.40998198,106695438.55846198,0.14847999811172485
facebook/opt-125m,64,1024,prefill,prefill,prefill_gemm,16.0,,2,4,25,106695438.55846198,106695438.70694198,0.14847999811172485
facebook/opt-125m,64,1024,prefill,prefill,prefill_gemm,16.0,,2,5,26,106695438.76744,106695438.91592,0.14847999811172485
facebook/opt-125m,64,1024,prefill,prefill,prefill_gemm,16.0,,3,0,26,106695438.91592,106695439.0644,0.14847999811172485
facebook/opt-125m,64,1024,prefill,prefill,prefill_gemm,16.0,,3,1,26,106695439.0644,106695439.21288,0.14847999811172485
facebook/opt-125m,64,1024,prefill,prefill,prefill_gemm,16.0,,3,2,26,106695439.21288,106695439.36136,0.14847999811172485
facebook/opt-125m,64,1024,prefill,prefill,prefill_gemm,16.0,,3,3,26,106695439.36136,106695439.50984,0.14847999811172485
facebook/opt-125m,64,1024,prefill,prefill,prefill_gemm,16.0,,3,4,26,106695439.50984,106695439.65832,0.14847999811172485
facebook/opt-125m,64,1024,prefill,prefill,prefill_gemm,16.0,,3,5,26,106695439.65832,106695439.8068,0.14847999811172485
facebook/opt-125m,64,1024,prefill,prefill,prefill_gemm,16.0,,4,0,26,106695439.8068,106695439.95527999,0.14847999811172485
facebook/opt-125m,64,1024,prefill,prefill,prefill_gemm,16.0,,4,1,26,106695439.95527999,106695440.10375999,0.14847999811172485
facebook/opt-125m,64,1024,prefill,prefill,prefill_gemm,16.0,,4,2,26,106695440.10375999,106695440.25223999,0.14847999811172485
facebook/opt-125m,64,1024,prefill,prefill,prefill_gemm,16.0,,4,3,26,106695440.25223999,106695440.40071999,0.14847999811172485
facebook/opt-125m,64,1024,prefill,prefill,prefill_gemm,16.0,,4,4,26,106695440.40071999,106695440.54919998,0.14847999811172485
facebook/opt-125m,64,1024,prefill,prefill,prefill_gemm,16.0,,4,5,26,106695440.54919998,106695440.69767998,0.14847999811172485
facebook/opt-125m,64,1024,prefill,prefill,prefill_gemm,16.0,,5,0,26,106695440.69767998,106695440.84615998,0.14847999811172485
facebook/opt-125m,64,1024,prefill,prefill,prefill_gemm,16.0,,5,1,26,106695440.84615998,106695440.99463998,0.14847999811172485
facebook/opt-125m,64,1024,prefill,prefill,prefill_gemm,16.0,,5,2,26,106695440.99463998,106695441.14311998,0.14847999811172485
facebook/opt-125m,64,1024,prefill,prefill,prefill_gemm,16.0,,5,3,26,106695441.14311998,106695441.29159997,0.14847999811172485
facebook/opt-125m,64,1024,prefill,prefill,prefill_gemm,16.0,,5,4,27,106695441.294595,106695441.443075,0.14847999811172485
facebook/opt-125m,64,1024,prefill,prefill,prefill_gemm,16.0,,5,5,27,106695441.443075,106695441.591555,0.14847999811172485
facebook/opt-125m,64,1024,prefill,prefill,prefill_gemm,16.0,,6,0,27,106695441.591555,106695441.740035,0.14847999811172485
facebook/opt-125m,64,1024,prefill,prefill,prefill_gemm,16.0,,6,1,27,106695441.740035,106695441.888515,0.14847999811172485
facebook/opt-125m,64,1024,prefill,prefill,prefill_gemm,16.0,,6,2,27,106695441.888515,106695442.036995,0.14847999811172485
facebook/opt-125m,64,1024,prefill,prefill,prefill_gemm,16.0,,6,3,27,106695442.036995,106695442.18547499,0.14847999811172485
facebook/opt-125m,64,1024,prefill,prefill,prefill_gemm,16.0,,6,4,27,106695442.18547499,106695442.33395499,0.14847999811172485
facebook/opt-125m,64,1024,prefill,prefill,prefill_gemm,16.0,,6,5,27,106695442.33395499,106695442.48243499,0.14847999811172485
facebook/opt-125m,64,1024,prefill,prefill,prefill_gemm,16.0,,7,0,27,106695442.48243499,106695442.63091499,0.14847999811172485
facebook/opt-125m,64,1024,prefill,prefill,prefill_gemm,16.0,,7,1,27,106695442.63091499,106695442.77939498,0.14847999811172485
facebook/opt-125m,64,1024,prefill,prefill,prefill_gemm,16.0,,7,2,27,106695442.77939498,106695442.92787498,0.14847999811172485
facebook/opt-125m,64,1024,prefill,prefill,prefill_gemm,16.0,,7,3,27,106695442.92787498,106695443.07635498,0.14847999811172485
facebook/opt-125m,64,1024,prefill,prefill,prefill_gemm,16.0,,7,4,27,106695443.07635498,106695443.22483498,0.14847999811172485
facebook/opt-125m,64,1024,prefill,prefill,prefill_gemm,16.0,,7,5,27,106695443.22483498,106695443.37331498,0.14847999811172485
facebook/opt-125m,64,1024,prefill,prefill,prefill_gemm,16.0,,8,0,27,106695443.37331498,106695443.52179497,0.14847999811172485
facebook/opt-125m,64,1024,prefill,prefill,prefill_gemm,16.0,,8,1,27,106695443.52179497,106695443.67027497,0.14847999811172485
facebook/opt-125m,64,1024,prefill,prefill,prefill_gemm,16.0,,8,2,27,106695443.67027497,106695443.81875497,0.14847999811172485
facebook/opt-125m,64,1024,prefill,prefill,prefill_gemm,16.0,,8,3,27,106695443.81875497,106695443.96723497,0.14847999811172485
facebook/opt-125m,64,1024,prefill,prefill,prefill_gemm,16.0,,8,4,27,106695443.96723497,106695444.11571497,0.14847999811172485
facebook/opt-125m,64,1024,prefill,prefill,prefill_gemm,16.0,,8,5,27,106695444.11571497,106695444.26419497,0.14847999811172485
facebook/opt-125m,64,1024,prefill,prefill,prefill_gemm,16.0,,9,0,27,106695444.26419497,106695444.41267496,0.14847999811172485
facebook/opt-125m,64,1024,prefill,prefill,prefill_gemm,16.0,,9,1,27,106695444.41267496,106695444.56115496,0.14847999811172485
facebook/opt-125m,64,1024,prefill,prefill,prefill_gemm,16.0,,9,2,27,106695444.56115496,106695444.70963496,0.14847999811172485
facebook/opt-125m,64,1024,prefill,prefill,prefill_gemm,16.0,,9,3,27,106695444.70963496,106695444.85811496,0.14847999811172485
facebook/opt-125m,64,1024,prefill,prefill,prefill_gemm,16.0,,9,4,27,106695444.85811496,106695445.00659496,0.14847999811172485
facebook/opt-125m,64,1024,prefill,prefill,prefill_gemm,16.0,,9,5,27,106695445.00659496,106695445.15507495,0.14847999811172485
facebook/opt-125m,64,1024,prefill,prefill,prefill_gemm,16.0,,10,0,27,106695445.15507495,106695445.30355495,0.14847999811172485
facebook/opt-125m,64,1024,prefill,prefill,prefill_gemm,16.0,,10,1,27,106695445.30355495,106695445.45203495,0.14847999811172485
facebook/opt-125m,64,1024,prefill,prefill,prefill_gemm,16.0,,10,2,27,106695445.45203495,106695445.60051495,0.14847999811172485
facebook/opt-125m,64,1024,prefill,prefill,prefill_gemm,16.0,,10,3,27,106695445.60051495,106695445.74899495,0.14847999811172485
facebook/opt-125m,64,1024,prefill,prefill,prefill_gemm,16.0,,10,4,27,106695445.74899495,106695445.89747494,0.14847999811172485
facebook/opt-125m,64,1024,prefill,prefill,prefill_gemm,16.0,,10,5,27,106695445.89747494,106695446.04595494,0.14847999811172485
facebook/opt-125m,64,1024,prefill,prefill,prefill_gemm,16.0,,11,0,27,106695446.04595494,106695446.19443494,0.14847999811172485
facebook/opt-125m,64,1024,prefill,prefill,prefill_gemm,16.0,,11,1,27,106695446.19443494,106695446.34291494,0.14847999811172485
facebook/opt-125m,64,1024,prefill,prefill,prefill_gemm,16.0,,11,2,27,106695446.34291494,106695446.49139494,0.14847999811172485
facebook/opt-125m,64,1024,prefill,prefill,prefill_gemm,16.0,,11,3,27,106695446.49139494,106695446.63987494,0.14847999811172485
facebook/opt-125m,64,1024,prefill,prefill,prefill_gemm,16.0,,11,4,27,106695446.63987494,106695446.78835493,0.14847999811172485
facebook/opt-125m,64,1024,prefill,prefill,prefill_gemm,16.0,,11,5,27,106695446.78835493,106695446.93683493,0.14847999811172485
facebook/opt-125m,64,1024,prefill,prefill,prefill_gemm,17.0,,0,0,27,106695446.93683493,106695447.08531493,0.14847999811172485
facebook/opt-125m,64,1024,prefill,prefill,prefill_gemm,17.0,,0,1,27,106695447.08531493,106695447.23379493,0.14847999811172485
facebook/opt-125m,64,1024,prefill,prefill,prefill_gemm,17.0,,0,2,27,106695447.23379493,106695447.38227493,0.14847999811172485
facebook/opt-125m,64,1024,prefill,prefill,prefill_gemm,17.0,,0,3,27,106695447.38227493,106695447.53075492,0.14847999811172485
facebook/opt-125m,64,1024,prefill,prefill,prefill_gemm,17.0,,0,4,27,106695447.53075492,106695447.67923492,0.14847999811172485
facebook/opt-125m,64,1024,prefill,prefill,prefill_gemm,17.0,,0,5,27,106695447.67923492,106695447.82771492,0.14847999811172485
facebook/opt-125m,64,1024,prefill,prefill,prefill_gemm,17.0,,1,0,27,106695447.82771492,106695447.97619492,0.14847999811172485
facebook/opt-125m,64,1024,prefill,prefill,prefill_gemm,17.0,,1,1,27,106695447.97619492,106695448.12467492,0.14847999811172485
facebook/opt-125m,64,1024,prefill,prefill,prefill_gemm,17.0,,1,2,27,106695448.12467492,106695448.27315491,0.14847999811172485
facebook/opt-125m,64,1024,prefill,prefill,prefill_gemm,17.0,,1,3,27,106695448.27315491,106695448.42163491,0.14847999811172485
facebook/opt-125m,64,1024,prefill,prefill,prefill_gemm,17.0,,1,4,27,106695448.42163491,106695448.57011491,0.14847999811172485
facebook/opt-125m,64,1024,prefill,prefill,prefill_gemm,17.0,,1,5,27,106695448.57011491,106695448.71859491,0.14847999811172485
facebook/opt-125m,64,1024,prefill,prefill,prefill_gemm,17.0,,2,0,27,106695448.71859491,106695448.8670749,0.14847999811172485
facebook/opt-125m,64,1024,prefill,prefill,prefill_gemm,17.0,,2,1,27,106695448.8670749,106695449.0155549,0.14847999811172485
facebook/opt-125m,64,1024,prefill,prefill,prefill_gemm,17.0,,2,2,27,106695449.0155549,106695449.1640349,0.14847999811172485
facebook/opt-125m,64,1024,prefill,prefill,prefill_gemm,17.0,,2,3,27,106695449.1640349,106695449.3125149,0.14847999811172485
facebook/opt-125m,64,1024,prefill,prefill,prefill_gemm,17.0,,2,4,27,106695449.3125149,106695449.4609949,0.14847999811172485
facebook/opt-125m,64,1024,prefill,prefill,prefill_gemm,17.0,,2,5,27,106695449.4609949,106695449.6094749,0.14847999811172485
facebook/opt-125m,64,1024,prefill,prefill,prefill_gemm,17.0,,3,0,27,106695449.6094749,106695449.7579549,0.14847999811172485
facebook/opt-125m,64,1024,prefill,prefill,prefill_gemm,17.0,,3,1,27,106695449.7579549,106695449.9064349,0.14847999811172485
facebook/opt-125m,64,1024,prefill,prefill,prefill_gemm,17.0,,3,2,27,106695449.9064349,106695450.05491489,0.14847999811172485
facebook/opt-125m,64,1024,prefill,prefill,prefill_gemm,17.0,,3,3,27,106695450.05491489,106695450.20339489,0.14847999811172485
facebook/opt-125m,64,1024,prefill,prefill,prefill_gemm,17.0,,3,4,27,106695450.20339489,106695450.35187489,0.14847999811172485
facebook/opt-125m,64,1024,prefill,prefill,prefill_gemm,17.0,,3,5,27,106695450.35187489,106695450.50035489,0.14847999811172485
facebook/opt-125m,64,1024,prefill,prefill,prefill_gemm,17.0,,4,0,27,106695450.50035489,106695450.64883488,0.14847999811172485
facebook/opt-125m,64,1024,prefill,prefill,prefill_gemm,17.0,,4,1,27,106695450.64883488,106695450.79731488,0.14847999811172485
facebook/opt-125m,64,1024,prefill,prefill,prefill_gemm,17.0,,4,2,27,106695450.79731488,106695450.94579488,0.14847999811172485
facebook/opt-125m,64,1024,prefill,prefill,prefill_gemm,17.0,,4,3,27,106695450.94579488,106695451.09427488,0.14847999811172485
facebook/opt-125m,64,1024,prefill,prefill,prefill_gemm,17.0,,4,4,27,106695451.09427488,106695451.24275488,0.14847999811172485
facebook/opt-125m,64,1024,prefill,prefill,prefill_gemm,17.0,,4,5,27,106695451.24275488,106695451.39123487,0.14847999811172485
facebook/opt-125m,64,1024,prefill,prefill,prefill_gemm,17.0,,5,0,27,106695451.39123487,106695451.53971487,0.14847999811172485
facebook/opt-125m,64,1024,prefill,prefill,prefill_gemm,17.0,,5,1,27,106695451.53971487,106695451.68819487,0.14847999811172485
facebook/opt-125m,64,1024,prefill,prefill,prefill_gemm,17.0,,5,2,27,106695451.68819487,106695451.83667487,0.14847999811172485
facebook/opt-125m,64,1024,prefill,prefill,prefill_gemm,17.0,,5,3,27,106695451.83667487,106695451.98515487,0.14847999811172485
facebook/opt-125m,64,1024,prefill,prefill,prefill_gemm,17.0,,5,4,27,106695451.98515487,106695452.13363487,0.14847999811172485
facebook/opt-125m,64,1024,prefill,prefill,prefill_gemm,17.0,,5,5,27,106695452.13363487,106695452.28211486,0.14847999811172485
facebook/opt-125m,64,1024,prefill,prefill,prefill_gemm,17.0,,6,0,27,106695452.28211486,106695452.43059486,0.14847999811172485
facebook/opt-125m,64,1024,prefill,prefill,prefill_gemm,17.0,,6,1,27,106695452.43059486,106695452.57907486,0.14847999811172485
facebook/opt-125m,64,1024,prefill,prefill,prefill_gemm,17.0,,6,2,27,106695452.57907486,106695452.72755486,0.14847999811172485
facebook/opt-125m,64,1024,prefill,prefill,prefill_gemm,17.0,,6,3,27,106695452.72755486,106695452.87603486,0.14847999811172485
facebook/opt-125m,64,1024,prefill,prefill,prefill_gemm,17.0,,6,4,27,106695452.87603486,106695453.02451485,0.14847999811172485
facebook/opt-125m,64,1024,prefill,prefill,prefill_gemm,17.0,,6,5,27,106695453.02451485,106695453.17299485,0.14847999811172485
facebook/opt-125m,64,1024,prefill,prefill,prefill_gemm,17.0,,7,0,27,106695453.17299485,106695453.32147485,0.14847999811172485
facebook/opt-125m,64,1024,prefill,prefill,prefill_gemm,17.0,,7,1,27,106695453.32147485,106695453.46995485,0.14847999811172485
facebook/opt-125m,64,1024,prefill,prefill,prefill_gemm,17.0,,7,2,27,106695453.46995485,106695453.61843485,0.14847999811172485
facebook/opt-125m,64,1024,prefill,prefill,prefill_gemm,17.0,,7,3,27,106695453.61843485,106695453.76691484,0.14847999811172485
facebook/opt-125m,64,1024,prefill,prefill,prefill_gemm,17.0,,7,4,27,106695453.76691484,106695453.91539484,0.14847999811172485
facebook/opt-125m,64,1024,prefill,prefill,prefill_gemm,17.0,,7,5,27,106695453.91539484,106695454.06387484,0.14847999811172485
facebook/opt-125m,64,1024,prefill,prefill,prefill_gemm,17.0,,8,0,27,106695454.06387484,106695454.21235484,0.14847999811172485
facebook/opt-125m,64,1024,prefill,prefill,prefill_gemm,17.0,,8,1,27,106695454.21235484,106695454.36083484,0.14847999811172485
facebook/opt-125m,64,1024,prefill,prefill,prefill_gemm,17.0,,8,2,27,106695454.36083484,106695454.50931484,0.14847999811172485
facebook/opt-125m,64,1024,prefill,prefill,prefill_gemm,17.0,,8,3,27,106695454.50931484,106695454.65779483,0.14847999811172485
facebook/opt-125m,64,1024,prefill,prefill,prefill_gemm,17.0,,8,4,27,106695454.65779483,106695454.80627483,0.14847999811172485
facebook/opt-125m,64,1024,prefill,prefill,prefill_gemm,17.0,,8,5,27,106695454.80627483,106695454.95475483,0.14847999811172485
facebook/opt-125m,64,1024,prefill,prefill,prefill_gemm,17.0,,9,0,27,106695454.95475483,106695455.10323483,0.14847999811172485
facebook/opt-125m,64,1024,prefill,prefill,prefill_gemm,17.0,,9,1,27,106695455.10323483,106695455.25171483,0.14847999811172485
facebook/opt-125m,64,1024,prefill,prefill,prefill_gemm,17.0,,9,2,27,106695455.25171483,106695455.40019482,0.14847999811172485
facebook/opt-125m,64,1024,prefill,prefill,prefill_gemm,17.0,,9,3,27,106695455.40019482,106695455.54867482,0.14847999811172485
facebook/opt-125m,64,1024,prefill,prefill,prefill_gemm,17.0,,9,4,27,106695455.54867482,106695455.69715482,0.14847999811172485
facebook/opt-125m,64,1024,prefill,prefill,prefill_gemm,17.0,,9,5,27,106695455.69715482,106695455.84563482,0.14847999811172485
facebook/opt-125m,64,1024,prefill,prefill,prefill_gemm,17.0,,10,0,27,106695455.84563482,106695455.99411482,0.14847999811172485
facebook/opt-125m,64,1024,prefill,prefill,prefill_gemm,17.0,,10,1,27,106695455.99411482,106695456.14259481,0.14847999811172485
facebook/opt-125m,64,1024,prefill,prefill,prefill_gemm,17.0,,10,2,27,106695456.14259481,106695456.29107481,0.14847999811172485
facebook/opt-125m,64,1024,prefill,prefill,prefill_gemm,17.0,,10,3,27,106695456.29107481,106695456.43955481,0.14847999811172485
facebook/opt-125m,64,1024,prefill,prefill,prefill_gemm,17.0,,10,4,27,106695456.43955481,106695456.58803481,0.14847999811172485
facebook/opt-125m,64,1024,prefill,prefill,prefill_gemm,17.0,,10,5,27,106695456.58803481,106695456.7365148,0.14847999811172485
facebook/opt-125m,64,1024,prefill,prefill,prefill_gemm,17.0,,11,0,27,106695456.7365148,106695456.8849948,0.14847999811172485
facebook/opt-125m,64,1024,prefill,prefill,prefill_gemm,17.0,,11,1,27,106695456.8849948,106695457.0334748,0.14847999811172485
facebook/opt-125m,64,1024,prefill,prefill,prefill_gemm,17.0,,11,2,27,106695457.0334748,106695457.1819548,0.14847999811172485
facebook/opt-125m,64,1024,prefill,prefill,prefill_gemm,17.0,,11,3,27,106695457.1819548,106695457.3304348,0.14847999811172485
facebook/opt-125m,64,1024,prefill,prefill,prefill_gemm,17.0,,11,4,27,106695457.3304348,106695457.4789148,0.14847999811172485
facebook/opt-125m,64,1024,prefill,prefill,prefill_gemm,17.0,,11,5,27,106695457.4789148,106695457.6273948,0.14847999811172485
facebook/opt-125m,64,1024,prefill,prefill,prefill_gemm,18.0,,0,0,27,106695457.6273948,106695457.7758748,0.14847999811172485
facebook/opt-125m,64,1024,prefill,prefill,prefill_gemm,18.0,,0,1,27,106695457.7758748,106695457.92435479,0.14847999811172485
facebook/opt-125m,64,1024,prefill,prefill,prefill_gemm,18.0,,0,2,27,106695457.92435479,106695458.07283479,0.14847999811172485
facebook/opt-125m,64,1024,prefill,prefill,prefill_gemm,18.0,,0,3,27,106695458.07283479,106695458.22131479,0.14847999811172485
facebook/opt-125m,64,1024,prefill,prefill,prefill_gemm,18.0,,0,4,27,106695458.22131479,106695458.36979479,0.14847999811172485
facebook/opt-125m,64,1024,prefill,prefill,prefill_gemm,18.0,,0,5,27,106695458.36979479,106695458.51827478,0.14847999811172485
facebook/opt-125m,64,1024,prefill,prefill,prefill_gemm,18.0,,1,0,27,106695458.51827478,106695458.66675478,0.14847999811172485
facebook/opt-125m,64,1024,prefill,prefill,prefill_gemm,18.0,,1,1,27,106695458.66675478,106695458.81523478,0.14847999811172485
facebook/opt-125m,64,1024,prefill,prefill,prefill_gemm,18.0,,1,2,27,106695458.81523478,106695458.96371478,0.14847999811172485
facebook/opt-125m,64,1024,prefill,prefill,prefill_gemm,18.0,,1,3,27,106695458.96371478,106695459.11219478,0.14847999811172485
facebook/opt-125m,64,1024,prefill,prefill,prefill_gemm,18.0,,1,4,27,106695459.11219478,106695459.26067477,0.14847999811172485
facebook/opt-125m,64,1024,prefill,prefill,prefill_gemm,18.0,,1,5,27,106695459.26067477,106695459.40915477,0.14847999811172485
facebook/opt-125m,64,1024,prefill,prefill,prefill_gemm,18.0,,2,0,27,106695459.40915477,106695459.55763477,0.14847999811172485
facebook/opt-125m,64,1024,prefill,prefill,prefill_gemm,18.0,,2,1,27,106695459.55763477,106695459.70611477,0.14847999811172485
facebook/opt-125m,64,1024,prefill,prefill,prefill_gemm,18.0,,2,2,27,106695459.70611477,106695459.85459477,0.14847999811172485
facebook/opt-125m,64,1024,prefill,prefill,prefill_gemm,18.0,,2,3,27,106695459.85459477,106695460.00307477,0.14847999811172485
facebook/opt-125m,64,1024,prefill,prefill,prefill_gemm,18.0,,2,4,27,106695460.00307477,106695460.15155476,0.14847999811172485
facebook/opt-125m,64,1024,prefill,prefill,prefill_gemm,18.0,,2,5,27,106695460.15155476,106695460.30003476,0.14847999811172485
facebook/opt-125m,64,1024,prefill,prefill,prefill_gemm,18.0,,3,0,27,106695460.30003476,106695460.44851476,0.14847999811172485
facebook/opt-125m,64,1024,prefill,prefill,prefill_gemm,18.0,,3,1,27,106695460.44851476,106695460.59699476,0.14847999811172485
facebook/opt-125m,64,1024,prefill,prefill,prefill_gemm,18.0,,3,2,27,106695460.59699476,106695460.74547476,0.14847999811172485
facebook/opt-125m,64,1024,prefill,prefill,prefill_gemm,18.0,,3,3,27,106695460.74547476,106695460.89395475,0.14847999811172485
facebook/opt-125m,64,1024,prefill,prefill,prefill_gemm,18.0,,3,4,27,106695460.89395475,106695461.04243475,0.14847999811172485
facebook/opt-125m,64,1024,prefill,prefill,prefill_gemm,18.0,,3,5,27,106695461.04243475,106695461.19091475,0.14847999811172485
facebook/opt-125m,64,1024,prefill,prefill,prefill_gemm,18.0,,4,0,27,106695461.19091475,106695461.33939475,0.14847999811172485
facebook/opt-125m,64,1024,prefill,prefill,prefill_gemm,18.0,,4,1,27,106695461.33939475,106695461.48787475,0.14847999811172485
facebook/opt-125m,64,1024,prefill,prefill,prefill_gemm,18.0,,4,2,27,106695461.48787475,106695461.63635474,0.14847999811172485
facebook/opt-125m,64,1024,prefill,prefill,prefill_gemm,18.0,,4,3,27,106695461.63635474,106695461.78483474,0.14847999811172485
facebook/opt-125m,64,1024,prefill,prefill,prefill_gemm,18.0,,4,4,27,106695461.78483474,106695461.93331474,0.14847999811172485
facebook/opt-125m,64,1024,prefill,prefill,prefill_gemm,18.0,,4,5,27,106695461.93331474,106695462.08179474,0.14847999811172485
facebook/opt-125m,64,1024,prefill,prefill,prefill_gemm,18.0,,5,0,27,106695462.08179474,106695462.23027474,0.14847999811172485
facebook/opt-125m,64,1024,prefill,prefill,prefill_gemm,18.0,,5,1,27,106695462.23027474,106695462.37875473,0.14847999811172485
facebook/opt-125m,64,1024,prefill,prefill,prefill_gemm,18.0,,5,2,27,106695462.37875473,106695462.52723473,0.14847999811172485
facebook/opt-125m,64,1024,prefill,prefill,prefill_gemm,18.0,,5,3,27,106695462.52723473,106695462.67571473,0.14847999811172485
facebook/opt-125m,64,1024,prefill,prefill,prefill_gemm,18.0,,5,4,27,106695462.67571473,106695462.82419473,0.14847999811172485
facebook/opt-125m,64,1024,prefill,prefill,prefill_gemm,18.0,,5,5,27,106695462.82419473,106695462.97267473,0.14847999811172485
facebook/opt-125m,64,1024,prefill,prefill,prefill_gemm,18.0,,6,0,27,106695462.97267473,106695463.12115473,0.14847999811172485
facebook/opt-125m,64,1024,prefill,prefill,prefill_gemm,18.0,,6,1,27,106695463.12115473,106695463.26963472,0.14847999811172485
facebook/opt-125m,64,1024,prefill,prefill,prefill_gemm,18.0,,6,2,27,106695463.26963472,106695463.41811472,0.14847999811172485
facebook/opt-125m,64,1024,prefill,prefill,prefill_gemm,18.0,,6,3,27,106695463.41811472,106695463.56659472,0.14847999811172485
facebook/opt-125m,64,1024,prefill,prefill,prefill_gemm,18.0,,6,4,27,106695463.56659472,106695463.71507472,0.14847999811172485
facebook/opt-125m,64,1024,prefill,prefill,prefill_gemm,18.0,,6,5,27,106695463.71507472,106695463.86355472,0.14847999811172485
facebook/opt-125m,64,1024,prefill,prefill,prefill_gemm,18.0,,7,0,27,106695463.86355472,106695464.01203471,0.14847999811172485
facebook/opt-125m,64,1024,prefill,prefill,prefill_gemm,18.0,,7,1,27,106695464.01203471,106695464.16051471,0.14847999811172485
facebook/opt-125m,64,1024,prefill,prefill,prefill_gemm,18.0,,7,2,27,106695464.16051471,106695464.30899471,0.14847999811172485
facebook/opt-125m,64,1024,prefill,prefill,prefill_gemm,18.0,,7,3,27,106695464.30899471,106695464.45747471,0.14847999811172485
facebook/opt-125m,64,1024,prefill,prefill,prefill_gemm,18.0,,7,4,27,106695464.45747471,106695464.6059547,0.14847999811172485
facebook/opt-125m,64,1024,prefill,prefill,prefill_gemm,18.0,,7,5,27,106695464.6059547,106695464.7544347,0.14847999811172485
facebook/opt-125m,64,1024,prefill,prefill,prefill_gemm,18.0,,8,0,27,106695464.7544347,106695464.9029147,0.14847999811172485
facebook/opt-125m,64,1024,prefill,prefill,prefill_gemm,18.0,,8,1,27,106695464.9029147,106695465.0513947,0.14847999811172485
facebook/opt-125m,64,1024,prefill,prefill,prefill_gemm,18.0,,8,2,27,106695465.0513947,106695465.1998747,0.14847999811172485
facebook/opt-125m,64,1024,prefill,prefill,prefill_gemm,18.0,,8,3,27,106695465.1998747,106695465.3483547,0.14847999811172485
facebook/opt-125m,64,1024,prefill,prefill,prefill_gemm,18.0,,8,4,27,106695465.3483547,106695465.4968347,0.14847999811172485
facebook/opt-125m,64,1024,prefill,prefill,prefill_gemm,18.0,,8,5,27,106695465.4968347,106695465.6453147,0.14847999811172485
facebook/opt-125m,64,1024,prefill,prefill,prefill_gemm,18.0,,9,0,27,106695465.6453147,106695465.79379469,0.14847999811172485
facebook/opt-125m,64,1024,prefill,prefill,prefill_gemm,18.0,,9,1,27,106695465.79379469,106695465.94227469,0.14847999811172485
facebook/opt-125m,64,1024,prefill,prefill,prefill_gemm,18.0,,9,2,27,106695465.94227469,106695466.09075469,0.14847999811172485
facebook/opt-125m,64,1024,prefill,prefill,prefill_gemm,18.0,,9,3,27,106695466.09075469,106695466.23923469,0.14847999811172485
facebook/opt-125m,64,1024,prefill,prefill,prefill_gemm,18.0,,9,4,27,106695466.23923469,106695466.38771468,0.14847999811172485
facebook/opt-125m,64,1024,prefill,prefill,prefill_gemm,18.0,,9,5,27,106695466.38771468,106695466.53619468,0.14847999811172485
facebook/opt-125m,64,1024,prefill,prefill,prefill_gemm,18.0,,10,0,27,106695466.53619468,106695466.68467468,0.14847999811172485
facebook/opt-125m,64,1024,prefill,prefill,prefill_gemm,18.0,,10,1,27,106695466.68467468,106695466.83315468,0.14847999811172485
facebook/opt-125m,64,1024,prefill,prefill,prefill_gemm,18.0,,10,2,27,106695466.83315468,106695466.98163468,0.14847999811172485
facebook/opt-125m,64,1024,prefill,prefill,prefill_gemm,18.0,,10,3,27,106695466.98163468,106695467.13011467,0.14847999811172485
facebook/opt-125m,64,1024,prefill,prefill,prefill_gemm,18.0,,10,4,27,106695467.13011467,106695467.27859467,0.14847999811172485
facebook/opt-125m,64,1024,prefill,prefill,prefill_gemm,18.0,,10,5,27,106695467.27859467,106695467.42707467,0.14847999811172485
facebook/opt-125m,64,1024,prefill,prefill,prefill_gemm,18.0,,11,0,27,106695467.42707467,106695467.57555467,0.14847999811172485
facebook/opt-125m,64,1024,prefill,prefill,prefill_gemm,18.0,,11,1,27,106695467.57555467,106695467.72403467,0.14847999811172485
facebook/opt-125m,64,1024,prefill,prefill,prefill_gemm,18.0,,11,2,27,106695467.72403467,106695467.87251467,0.14847999811172485
facebook/opt-125m,64,1024,prefill,prefill,prefill_gemm,18.0,,11,3,27,106695467.87251467,106695468.02099466,0.14847999811172485
facebook/opt-125m,64,1024,prefill,prefill,prefill_gemm,18.0,,11,4,27,106695468.02099466,106695468.16947466,0.14847999811172485
facebook/opt-125m,64,1024,prefill,prefill,prefill_gemm,18.0,,11,5,27,106695468.16947466,106695468.31795466,0.14847999811172485
facebook/opt-125m,64,1024,prefill,prefill,prefill_gemm,19.0,,0,0,27,106695468.31795466,106695468.46643466,0.14847999811172485
facebook/opt-125m,64,1024,prefill,prefill,prefill_gemm,19.0,,0,1,27,106695468.46643466,106695468.61491466,0.14847999811172485
facebook/opt-125m,64,1024,prefill,prefill,prefill_gemm,19.0,,0,2,27,106695468.61491466,106695468.76339465,0.14847999811172485
facebook/opt-125m,64,1024,prefill,prefill,prefill_gemm,19.0,,0,3,27,106695468.76339465,106695468.91187465,0.14847999811172485
facebook/opt-125m,64,1024,prefill,prefill,prefill_gemm,19.0,,0,4,27,106695468.91187465,106695469.06035465,0.14847999811172485
facebook/opt-125m,64,1024,prefill,prefill,prefill_gemm,19.0,,0,5,27,106695469.06035465,106695469.20883465,0.14847999811172485
facebook/opt-125m,64,1024,prefill,prefill,prefill_gemm,19.0,,1,0,27,106695469.20883465,106695469.35731465,0.14847999811172485
facebook/opt-125m,64,1024,prefill,prefill,prefill_gemm,19.0,,1,1,27,106695469.35731465,106695469.50579464,0.14847999811172485
facebook/opt-125m,64,1024,prefill,prefill,prefill_gemm,19.0,,1,2,27,106695469.50579464,106695469.65427464,0.14847999811172485
facebook/opt-125m,64,1024,prefill,prefill,prefill_gemm,19.0,,1,3,27,106695469.65427464,106695469.80275464,0.14847999811172485
facebook/opt-125m,64,1024,prefill,prefill,prefill_gemm,19.0,,1,4,27,106695469.80275464,106695469.95123464,0.14847999811172485
facebook/opt-125m,64,1024,prefill,prefill,prefill_gemm,19.0,,1,5,27,106695469.95123464,106695470.09971464,0.14847999811172485
facebook/opt-125m,64,1024,prefill,prefill,prefill_gemm,19.0,,2,0,27,106695470.09971464,106695470.24819463,0.14847999811172485
facebook/opt-125m,64,1024,prefill,prefill,prefill_gemm,19.0,,2,1,27,106695470.24819463,106695470.39667463,0.14847999811172485
facebook/opt-125m,64,1024,prefill,prefill,prefill_gemm,19.0,,2,2,27,106695470.39667463,106695470.54515463,0.14847999811172485
facebook/opt-125m,64,1024,prefill,prefill,prefill_gemm,19.0,,2,3,27,106695470.54515463,106695470.69363463,0.14847999811172485
facebook/opt-125m,64,1024,prefill,prefill,prefill_gemm,19.0,,2,4,27,106695470.69363463,106695470.84211463,0.14847999811172485
facebook/opt-125m,64,1024,prefill,prefill,prefill_gemm,19.0,,2,5,27,106695470.84211463,106695470.99059463,0.14847999811172485
facebook/opt-125m,64,1024,prefill,prefill,prefill_gemm,19.0,,3,0,27,106695470.99059463,106695471.13907462,0.14847999811172485
facebook/opt-125m,64,1024,prefill,prefill,prefill_gemm,19.0,,3,1,27,106695471.13907462,106695471.28755462,0.14847999811172485
facebook/opt-125m,64,1024,prefill,prefill,prefill_gemm,19.0,,3,2,27,106695471.28755462,106695471.43603462,0.14847999811172485
facebook/opt-125m,64,1024,prefill,prefill,prefill_gemm,19.0,,3,3,27,106695471.43603462,106695471.58451462,0.14847999811172485
facebook/opt-125m,64,1024,prefill,prefill,prefill_gemm,19.0,,3,4,27,106695471.58451462,106695471.73299462,0.14847999811172485
facebook/opt-125m,64,1024,prefill,prefill,prefill_gemm,19.0,,3,5,27,106695471.73299462,106695471.88147461,0.14847999811172485
facebook/opt-125m,64,1024,prefill,prefill,prefill_gemm,19.0,,4,0,27,106695471.88147461,106695472.02995461,0.14847999811172485
facebook/opt-125m,64,1024,prefill,prefill,prefill_gemm,19.0,,4,1,27,106695472.02995461,106695472.17843461,0.14847999811172485
facebook/opt-125m,64,1024,prefill,prefill,prefill_gemm,19.0,,4,2,27,106695472.17843461,106695472.32691461,0.14847999811172485
facebook/opt-125m,64,1024,prefill,prefill,prefill_gemm,19.0,,4,3,27,106695472.32691461,106695472.4753946,0.14847999811172485
facebook/opt-125m,64,1024,prefill,prefill,prefill_gemm,19.0,,4,4,27,106695472.4753946,106695472.6238746,0.14847999811172485
facebook/opt-125m,64,1024,prefill,prefill,prefill_gemm,19.0,,4,5,27,106695472.6238746,106695472.7723546,0.14847999811172485
facebook/opt-125m,64,1024,prefill,prefill,prefill_gemm,19.0,,5,0,27,106695472.7723546,106695472.9208346,0.14847999811172485
facebook/opt-125m,64,1024,prefill,prefill,prefill_gemm,19.0,,5,1,27,106695472.9208346,106695473.0693146,0.14847999811172485
facebook/opt-125m,64,1024,prefill,prefill,prefill_gemm,19.0,,5,2,27,106695473.0693146,106695473.2177946,0.14847999811172485
facebook/opt-125m,64,1024,prefill,prefill,prefill_gemm,19.0,,5,3,27,106695473.2177946,106695473.3662746,0.14847999811172485
facebook/opt-125m,64,1024,prefill,prefill,prefill_gemm,19.0,,5,4,27,106695473.3662746,106695473.5147546,0.14847999811172485
facebook/opt-125m,64,1024,prefill,prefill,prefill_gemm,19.0,,5,5,27,106695473.5147546,106695473.66323459,0.14847999811172485
facebook/opt-125m,64,1024,prefill,prefill,prefill_gemm,19.0,,6,0,27,106695473.66323459,106695473.81171459,0.14847999811172485
facebook/opt-125m,64,1024,prefill,prefill,prefill_gemm,19.0,,6,1,27,106695473.81171459,106695473.96019459,0.14847999811172485
facebook/opt-125m,64,1024,prefill,prefill,prefill_gemm,19.0,,6,2,27,106695473.96019459,106695474.10867459,0.14847999811172485
facebook/opt-125m,64,1024,prefill,prefill,prefill_gemm,19.0,,6,3,27,106695474.10867459,106695474.25715458,0.14847999811172485
facebook/opt-125m,64,1024,prefill,prefill,prefill_gemm,19.0,,6,4,27,106695474.25715458,106695474.40563458,0.14847999811172485
facebook/opt-125m,64,1024,prefill,prefill,prefill_gemm,19.0,,6,5,27,106695474.40563458,106695474.55411458,0.14847999811172485
facebook/opt-125m,64,1024,prefill,prefill,prefill_gemm,19.0,,7,0,27,106695474.55411458,106695474.70259458,0.14847999811172485
facebook/opt-125m,64,1024,prefill,prefill,prefill_gemm,19.0,,7,1,27,106695474.70259458,106695474.85107458,0.14847999811172485
facebook/opt-125m,64,1024,prefill,prefill,prefill_gemm,19.0,,7,2,27,106695474.85107458,106695474.99955457,0.14847999811172485
facebook/opt-125m,64,1024,prefill,prefill,prefill_gemm,19.0,,7,3,27,106695474.99955457,106695475.14803457,0.14847999811172485
facebook/opt-125m,64,1024,prefill,prefill,prefill_gemm,19.0,,7,4,27,106695475.14803457,106695475.29651457,0.14847999811172485
facebook/opt-125m,64,1024,prefill,prefill,prefill_gemm,19.0,,7,5,27,106695475.29651457,106695475.44499457,0.14847999811172485
facebook/opt-125m,64,1024,prefill,prefill,prefill_gemm,19.0,,8,0,27,106695475.44499457,106695475.59347457,0.14847999811172485
facebook/opt-125m,64,1024,prefill,prefill,prefill_gemm,19.0,,8,1,27,106695475.59347457,106695475.74195457,0.14847999811172485
facebook/opt-125m,64,1024,prefill,prefill,prefill_gemm,19.0,,8,2,27,106695475.74195457,106695475.89043456,0.14847999811172485
facebook/opt-125m,64,1024,prefill,prefill,prefill_gemm,19.0,,8,3,27,106695475.89043456,106695476.03891456,0.14847999811172485
facebook/opt-125m,64,1024,prefill,prefill,prefill_gemm,19.0,,8,4,27,106695476.03891456,106695476.18739456,0.14847999811172485
facebook/opt-125m,64,1024,prefill,prefill,prefill_gemm,19.0,,8,5,27,106695476.18739456,106695476.33587456,0.14847999811172485
facebook/opt-125m,64,1024,prefill,prefill,prefill_gemm,19.0,,9,0,27,106695476.33587456,106695476.48435456,0.14847999811172485
facebook/opt-125m,64,1024,prefill,prefill,prefill_gemm,19.0,,9,1,27,106695476.48435456,106695476.63283455,0.14847999811172485
facebook/opt-125m,64,1024,prefill,prefill,prefill_gemm,19.0,,9,2,27,106695476.63283455,106695476.78131455,0.14847999811172485
facebook/opt-125m,64,1024,prefill,prefill,prefill_gemm,19.0,,9,3,27,106695476.78131455,106695476.92979455,0.14847999811172485
facebook/opt-125m,64,1024,prefill,prefill,prefill_gemm,19.0,,9,4,27,106695476.92979455,106695477.07827455,0.14847999811172485
facebook/opt-125m,64,1024,prefill,prefill,prefill_gemm,19.0,,9,5,27,106695477.07827455,106695477.22675455,0.14847999811172485
facebook/opt-125m,64,1024,prefill,prefill,prefill_gemm,19.0,,10,0,27,106695477.22675455,106695477.37523454,0.14847999811172485
facebook/opt-125m,64,1024,prefill,prefill,prefill_gemm,19.0,,10,1,27,106695477.37523454,106695477.52371454,0.14847999811172485
facebook/opt-125m,64,1024,prefill,prefill,prefill_gemm,19.0,,10,2,27,106695477.52371454,106695477.67219454,0.14847999811172485
facebook/opt-125m,64,1024,prefill,prefill,prefill_gemm,19.0,,10,3,27,106695477.67219454,106695477.82067454,0.14847999811172485
facebook/opt-125m,64,1024,prefill,prefill,prefill_gemm,19.0,,10,4,27,106695477.82067454,106695477.96915454,0.14847999811172485
facebook/opt-125m,64,1024,prefill,prefill,prefill_gemm,19.0,,10,5,27,106695477.96915454,106695478.11763453,0.14847999811172485
facebook/opt-125m,64,1024,prefill,prefill,prefill_gemm,19.0,,11,0,27,106695478.11763453,106695478.26611453,0.14847999811172485
facebook/opt-125m,64,1024,prefill,prefill,prefill_gemm,19.0,,11,1,27,106695478.26611453,106695478.41459453,0.14847999811172485
facebook/opt-125m,64,1024,prefill,prefill,prefill_gemm,19.0,,11,2,27,106695478.41459453,106695478.56307453,0.14847999811172485
facebook/opt-125m,64,1024,prefill,prefill,prefill_gemm,19.0,,11,3,27,106695478.56307453,106695478.71155453,0.14847999811172485
facebook/opt-125m,64,1024,prefill,prefill,prefill_gemm,19.0,,11,4,27,106695478.71155453,106695478.86003453,0.14847999811172485
facebook/opt-125m,64,1024,prefill,prefill,prefill_gemm,19.0,,11,5,27,106695478.86003453,106695479.00851452,0.14847999811172485
facebook/opt-125m,64,1024,prefill,prefill,prefill_gemm,20.0,,0,0,27,106695479.00851452,106695479.15699452,0.14847999811172485
facebook/opt-125m,64,1024,prefill,prefill,prefill_gemm,20.0,,0,1,27,106695479.15699452,106695479.30547452,0.14847999811172485
facebook/opt-125m,64,1024,prefill,prefill,prefill_gemm,20.0,,0,2,27,106695479.30547452,106695479.45395452,0.14847999811172485
facebook/opt-125m,64,1024,prefill,prefill,prefill_gemm,20.0,,0,3,27,106695479.45395452,106695479.60243452,0.14847999811172485
facebook/opt-125m,64,1024,prefill,prefill,prefill_gemm,20.0,,0,4,27,106695479.60243452,106695479.75091451,0.14847999811172485
facebook/opt-125m,64,1024,prefill,prefill,prefill_gemm,20.0,,0,5,27,106695479.75091451,106695479.89939451,0.14847999811172485
facebook/opt-125m,64,1024,prefill,prefill,prefill_gemm,20.0,,1,0,27,106695479.89939451,106695480.04787451,0.14847999811172485
facebook/opt-125m,64,1024,prefill,prefill,prefill_gemm,20.0,,1,1,27,106695480.04787451,106695480.19635451,0.14847999811172485
facebook/opt-125m,64,1024,prefill,prefill,prefill_gemm,20.0,,1,2,27,106695480.19635451,106695480.3448345,0.14847999811172485
facebook/opt-125m,64,1024,prefill,prefill,prefill_gemm,20.0,,1,3,27,106695480.3448345,106695480.4933145,0.14847999811172485
facebook/opt-125m,64,1024,prefill,prefill,prefill_gemm,20.0,,1,4,27,106695480.4933145,106695480.6417945,0.14847999811172485
facebook/opt-125m,64,1024,prefill,prefill,prefill_gemm,20.0,,1,5,27,106695480.6417945,106695480.7902745,0.14847999811172485
facebook/opt-125m,64,1024,prefill,prefill,prefill_gemm,20.0,,2,0,27,106695480.7902745,106695480.9387545,0.14847999811172485
facebook/opt-125m,64,1024,prefill,prefill,prefill_gemm,20.0,,2,1,27,106695480.9387545,106695481.0872345,0.14847999811172485
facebook/opt-125m,64,1024,prefill,prefill,prefill_gemm,20.0,,2,2,27,106695481.0872345,106695481.2357145,0.14847999811172485
facebook/opt-125m,64,1024,prefill,prefill,prefill_gemm,20.0,,2,3,27,106695481.2357145,106695481.3841945,0.14847999811172485
facebook/opt-125m,64,1024,prefill,prefill,prefill_gemm,20.0,,2,4,27,106695481.3841945,106695481.53267449,0.14847999811172485
facebook/opt-125m,64,1024,prefill,prefill,prefill_gemm,20.0,,2,5,27,106695481.53267449,106695481.68115449,0.14847999811172485
facebook/opt-125m,64,1024,prefill,prefill,prefill_gemm,20.0,,3,0,27,106695481.68115449,106695481.82963449,0.14847999811172485
facebook/opt-125m,64,1024,prefill,prefill,prefill_gemm,20.0,,3,1,27,106695481.82963449,106695481.97811449,0.14847999811172485
facebook/opt-125m,64,1024,prefill,prefill,prefill_gemm,20.0,,3,2,27,106695481.97811449,106695482.12659448,0.14847999811172485
facebook/opt-125m,64,1024,prefill,prefill,prefill_gemm,20.0,,3,3,27,106695482.12659448,106695482.27507448,0.14847999811172485
facebook/opt-125m,64,1024,prefill,prefill,prefill_gemm,20.0,,3,4,27,106695482.27507448,106695482.42355448,0.14847999811172485
facebook/opt-125m,64,1024,prefill,prefill,prefill_gemm,20.0,,3,5,27,106695482.42355448,106695482.57203448,0.14847999811172485
facebook/opt-125m,64,1024,prefill,prefill,prefill_gemm,20.0,,4,0,27,106695482.57203448,106695482.72051448,0.14847999811172485
facebook/opt-125m,64,1024,prefill,prefill,prefill_gemm,20.0,,4,1,27,106695482.72051448,106695482.86899447,0.14847999811172485
facebook/opt-125m,64,1024,prefill,prefill,prefill_gemm,20.0,,4,2,27,106695482.86899447,106695483.01747447,0.14847999811172485
facebook/opt-125m,64,1024,prefill,prefill,prefill_gemm,20.0,,4,3,27,106695483.01747447,106695483.16595447,0.14847999811172485
facebook/opt-125m,64,1024,prefill,prefill,prefill_gemm,20.0,,4,4,27,106695483.16595447,106695483.31443447,0.14847999811172485
facebook/opt-125m,64,1024,prefill,prefill,prefill_gemm,20.0,,4,5,27,106695483.31443447,106695483.46291447,0.14847999811172485
facebook/opt-125m,64,1024,prefill,prefill,prefill_gemm,20.0,,5,0,27,106695483.46291447,106695483.61139446,0.14847999811172485
facebook/opt-125m,64,1024,prefill,prefill,prefill_gemm,20.0,,5,1,27,106695483.61139446,106695483.75987446,0.14847999811172485
facebook/opt-125m,64,1024,prefill,prefill,prefill_gemm,20.0,,5,2,27,106695483.75987446,106695483.90835446,0.14847999811172485
facebook/opt-125m,64,1024,prefill,prefill,prefill_gemm,20.0,,5,3,27,106695483.90835446,106695484.05683446,0.14847999811172485
facebook/opt-125m,64,1024,prefill,prefill,prefill_gemm,20.0,,5,4,27,106695484.05683446,106695484.20531446,0.14847999811172485
facebook/opt-125m,64,1024,prefill,prefill,prefill_gemm,20.0,,5,5,27,106695484.20531446,106695484.35379446,0.14847999811172485
facebook/opt-125m,64,1024,prefill,prefill,prefill_gemm,20.0,,6,0,27,106695484.35379446,106695484.50227445,0.14847999811172485
facebook/opt-125m,64,1024,prefill,prefill,prefill_gemm,20.0,,6,1,27,106695484.50227445,106695484.65075445,0.14847999811172485
facebook/opt-125m,64,1024,prefill,prefill,prefill_gemm,20.0,,6,2,27,106695484.65075445,106695484.79923445,0.14847999811172485
facebook/opt-125m,64,1024,prefill,prefill,prefill_gemm,20.0,,6,3,27,106695484.79923445,106695484.94771445,0.14847999811172485
facebook/opt-125m,64,1024,prefill,prefill,prefill_gemm,20.0,,6,4,27,106695484.94771445,106695485.09619445,0.14847999811172485
facebook/opt-125m,64,1024,prefill,prefill,prefill_gemm,20.0,,6,5,27,106695485.09619445,106695485.24467444,0.14847999811172485
facebook/opt-125m,64,1024,prefill,prefill,prefill_gemm,20.0,,7,0,27,106695485.24467444,106695485.39315444,0.14847999811172485
facebook/opt-125m,64,1024,prefill,prefill,prefill_gemm,20.0,,7,1,27,106695485.39315444,106695485.54163444,0.14847999811172485
facebook/opt-125m,64,1024,prefill,prefill,prefill_gemm,20.0,,7,2,27,106695485.54163444,106695485.69011444,0.14847999811172485
facebook/opt-125m,64,1024,prefill,prefill,prefill_gemm,20.0,,7,3,27,106695485.69011444,106695485.83859444,0.14847999811172485
facebook/opt-125m,64,1024,prefill,prefill,prefill_gemm,20.0,,7,4,27,106695485.83859444,106695485.98707443,0.14847999811172485
facebook/opt-125m,64,1024,prefill,prefill,prefill_gemm,20.0,,7,5,27,106695485.98707443,106695486.13555443,0.14847999811172485
facebook/opt-125m,64,1024,prefill,prefill,prefill_gemm,20.0,,8,0,27,106695486.13555443,106695486.28403443,0.14847999811172485
facebook/opt-125m,64,1024,prefill,prefill,prefill_gemm,20.0,,8,1,27,106695486.28403443,106695486.43251443,0.14847999811172485
facebook/opt-125m,64,1024,prefill,prefill,prefill_gemm,20.0,,8,2,27,106695486.43251443,106695486.58099443,0.14847999811172485
facebook/opt-125m,64,1024,prefill,prefill,prefill_gemm,20.0,,8,3,27,106695486.58099443,106695486.72947443,0.14847999811172485
facebook/opt-125m,64,1024,prefill,prefill,prefill_gemm,20.0,,8,4,27,106695486.72947443,106695486.87795442,0.14847999811172485
facebook/opt-125m,64,1024,prefill,prefill,prefill_gemm,20.0,,8,5,27,106695486.87795442,106695487.02643442,0.14847999811172485
facebook/opt-125m,64,1024,prefill,prefill,prefill_gemm,20.0,,9,0,27,106695487.02643442,106695487.17491442,0.14847999811172485
facebook/opt-125m,64,1024,prefill,prefill,prefill_gemm,20.0,,9,1,27,106695487.17491442,106695487.32339442,0.14847999811172485
facebook/opt-125m,64,1024,prefill,prefill,prefill_gemm,20.0,,9,2,27,106695487.32339442,106695487.47187442,0.14847999811172485
facebook/opt-125m,64,1024,prefill,prefill,prefill_gemm,20.0,,9,3,27,106695487.47187442,106695487.62035441,0.14847999811172485
facebook/opt-125m,64,1024,prefill,prefill,prefill_gemm,20.0,,9,4,27,106695487.62035441,106695487.76883441,0.14847999811172485
facebook/opt-125m,64,1024,prefill,prefill,prefill_gemm,20.0,,9,5,27,106695487.76883441,106695487.91731441,0.14847999811172485
facebook/opt-125m,64,1024,prefill,prefill,prefill_gemm,20.0,,10,0,27,106695487.91731441,106695488.06579441,0.14847999811172485
facebook/opt-125m,64,1024,prefill,prefill,prefill_gemm,20.0,,10,1,27,106695488.06579441,106695488.2142744,0.14847999811172485
facebook/opt-125m,64,1024,prefill,prefill,prefill_gemm,20.0,,10,2,27,106695488.2142744,106695488.3627544,0.14847999811172485
facebook/opt-125m,64,1024,prefill,prefill,prefill_gemm,20.0,,10,3,27,106695488.3627544,106695488.5112344,0.14847999811172485
facebook/opt-125m,64,1024,prefill,prefill,prefill_gemm,20.0,,10,4,27,106695488.5112344,106695488.6597144,0.14847999811172485
facebook/opt-125m,64,1024,prefill,prefill,prefill_gemm,20.0,,10,5,27,106695488.6597144,106695488.8081944,0.14847999811172485
facebook/opt-125m,64,1024,prefill,prefill,prefill_gemm,20.0,,11,0,27,106695488.8081944,106695488.9566744,0.14847999811172485
facebook/opt-125m,64,1024,prefill,prefill,prefill_gemm,20.0,,11,1,27,106695488.9566744,106695489.1051544,0.14847999811172485
facebook/opt-125m,64,1024,prefill,prefill,prefill_gemm,20.0,,11,2,27,106695489.1051544,106695489.2536344,0.14847999811172485
facebook/opt-125m,64,1024,prefill,prefill,prefill_gemm,20.0,,11,3,27,106695489.2536344,106695489.40211439,0.14847999811172485
facebook/opt-125m,64,1024,prefill,prefill,prefill_gemm,20.0,,11,4,27,106695489.40211439,106695489.55059439,0.14847999811172485
facebook/opt-125m,64,1024,prefill,prefill,prefill_gemm,20.0,,11,5,27,106695489.55059439,106695489.69907439,0.14847999811172485
facebook/opt-125m,64,1024,prefill,prefill,prefill_gemm,21.0,,0,0,27,106695489.69907439,106695489.84755439,0.14847999811172485
facebook/opt-125m,64,1024,prefill,prefill,prefill_gemm,21.0,,0,1,27,106695489.84755439,106695489.99603438,0.14847999811172485
facebook/opt-125m,64,1024,prefill,prefill,prefill_gemm,21.0,,0,2,27,106695489.99603438,106695490.14451438,0.14847999811172485
facebook/opt-125m,64,1024,prefill,prefill,prefill_gemm,21.0,,0,3,27,106695490.14451438,106695490.29299438,0.14847999811172485
facebook/opt-125m,64,1024,prefill,prefill,prefill_gemm,21.0,,0,4,27,106695490.29299438,106695490.44147438,0.14847999811172485
facebook/opt-125m,64,1024,prefill,prefill,prefill_gemm,21.0,,0,5,27,106695490.44147438,106695490.58995438,0.14847999811172485
facebook/opt-125m,64,1024,prefill,prefill,prefill_gemm,21.0,,1,0,27,106695490.58995438,106695490.73843437,0.14847999811172485
facebook/opt-125m,64,1024,prefill,prefill,prefill_gemm,21.0,,1,1,27,106695490.73843437,106695490.88691437,0.14847999811172485
facebook/opt-125m,64,1024,prefill,prefill,prefill_gemm,21.0,,1,2,27,106695490.88691437,106695491.03539437,0.14847999811172485
facebook/opt-125m,64,1024,prefill,prefill,prefill_gemm,21.0,,1,3,27,106695491.03539437,106695491.18387437,0.14847999811172485
facebook/opt-125m,64,1024,prefill,prefill,prefill_gemm,21.0,,1,4,27,106695491.18387437,106695491.33235437,0.14847999811172485
facebook/opt-125m,64,1024,prefill,prefill,prefill_gemm,21.0,,1,5,27,106695491.33235437,106695491.48083436,0.14847999811172485
facebook/opt-125m,64,1024,prefill,prefill,prefill_gemm,21.0,,2,0,27,106695491.48083436,106695491.62931436,0.14847999811172485
facebook/opt-125m,64,1024,prefill,prefill,prefill_gemm,21.0,,2,1,27,106695491.62931436,106695491.77779436,0.14847999811172485
facebook/opt-125m,64,1024,prefill,prefill,prefill_gemm,21.0,,2,2,27,106695491.77779436,106695491.92627436,0.14847999811172485
facebook/opt-125m,64,1024,prefill,prefill,prefill_gemm,21.0,,2,3,27,106695491.92627436,106695492.07475436,0.14847999811172485
facebook/opt-125m,64,1024,prefill,prefill,prefill_gemm,21.0,,2,4,27,106695492.07475436,106695492.22323436,0.14847999811172485
facebook/opt-125m,64,1024,prefill,prefill,prefill_gemm,21.0,,2,5,27,106695492.22323436,106695492.37171435,0.14847999811172485
facebook/opt-125m,64,1024,prefill,prefill,prefill_gemm,21.0,,3,0,27,106695492.37171435,106695492.52019435,0.14847999811172485
facebook/opt-125m,64,1024,prefill,prefill,prefill_gemm,21.0,,3,1,27,106695492.52019435,106695492.66867435,0.14847999811172485
facebook/opt-125m,64,1024,prefill,prefill,prefill_gemm,21.0,,3,2,27,106695492.66867435,106695492.81715435,0.14847999811172485
facebook/opt-125m,64,1024,prefill,prefill,prefill_gemm,21.0,,3,3,27,106695492.81715435,106695492.96563435,0.14847999811172485
facebook/opt-125m,64,1024,prefill,prefill,prefill_gemm,21.0,,3,4,27,106695492.96563435,106695493.11411434,0.14847999811172485
facebook/opt-125m,64,1024,prefill,prefill,prefill_gemm,21.0,,3,5,27,106695493.11411434,106695493.26259434,0.14847999811172485
facebook/opt-125m,64,1024,prefill,prefill,prefill_gemm,21.0,,4,0,27,106695493.26259434,106695493.41107434,0.14847999811172485
facebook/opt-125m,64,1024,prefill,prefill,prefill_gemm,21.0,,4,1,27,106695493.41107434,106695493.55955434,0.14847999811172485
facebook/opt-125m,64,1024,prefill,prefill,prefill_gemm,21.0,,4,2,27,106695493.55955434,106695493.70803434,0.14847999811172485
facebook/opt-125m,64,1024,prefill,prefill,prefill_gemm,21.0,,4,3,27,106695493.70803434,106695493.85651433,0.14847999811172485
facebook/opt-125m,64,1024,prefill,prefill,prefill_gemm,21.0,,4,4,27,106695493.85651433,106695494.00499433,0.14847999811172485
facebook/opt-125m,64,1024,prefill,prefill,prefill_gemm,21.0,,4,5,27,106695494.00499433,106695494.15347433,0.14847999811172485
facebook/opt-125m,64,1024,prefill,prefill,prefill_gemm,21.0,,5,0,27,106695494.15347433,106695494.30195433,0.14847999811172485
facebook/opt-125m,64,1024,prefill,prefill,prefill_gemm,21.0,,5,1,27,106695494.30195433,106695494.45043433,0.14847999811172485
facebook/opt-125m,64,1024,prefill,prefill,prefill_gemm,21.0,,5,2,27,106695494.45043433,106695494.59891433,0.14847999811172485
facebook/opt-125m,64,1024,prefill,prefill,prefill_gemm,21.0,,5,3,27,106695494.59891433,106695494.74739432,0.14847999811172485
facebook/opt-125m,64,1024,prefill,prefill,prefill_gemm,21.0,,5,4,27,106695494.74739432,106695494.89587432,0.14847999811172485
facebook/opt-125m,64,1024,prefill,prefill,prefill_gemm,21.0,,5,5,27,106695494.89587432,106695495.04435432,0.14847999811172485
facebook/opt-125m,64,1024,prefill,prefill,prefill_gemm,21.0,,6,0,27,106695495.04435432,106695495.19283432,0.14847999811172485
facebook/opt-125m,64,1024,prefill,prefill,prefill_gemm,21.0,,6,1,27,106695495.19283432,106695495.34131432,0.14847999811172485
facebook/opt-125m,64,1024,prefill,prefill,prefill_gemm,21.0,,6,2,27,106695495.34131432,106695495.48979431,0.14847999811172485
facebook/opt-125m,64,1024,prefill,prefill,prefill_gemm,21.0,,6,3,27,106695495.48979431,106695495.63827431,0.14847999811172485
facebook/opt-125m,64,1024,prefill,prefill,prefill_gemm,21.0,,6,4,27,106695495.63827431,106695495.78675431,0.14847999811172485
facebook/opt-125m,64,1024,prefill,prefill,prefill_gemm,21.0,,6,5,27,106695495.78675431,106695495.93523431,0.14847999811172485
facebook/opt-125m,64,1024,prefill,prefill,prefill_gemm,21.0,,7,0,27,106695495.93523431,106695496.0837143,0.14847999811172485
facebook/opt-125m,64,1024,prefill,prefill,prefill_gemm,21.0,,7,1,27,106695496.0837143,106695496.2321943,0.14847999811172485
facebook/opt-125m,64,1024,prefill,prefill,prefill_gemm,21.0,,7,2,27,106695496.2321943,106695496.3806743,0.14847999811172485
facebook/opt-125m,64,1024,prefill,prefill,prefill_gemm,21.0,,7,3,27,106695496.3806743,106695496.5291543,0.14847999811172485
facebook/opt-125m,64,1024,prefill,prefill,prefill_gemm,21.0,,7,4,27,106695496.5291543,106695496.6776343,0.14847999811172485
facebook/opt-125m,64,1024,prefill,prefill,prefill_gemm,21.0,,7,5,27,106695496.6776343,106695496.8261143,0.14847999811172485
facebook/opt-125m,64,1024,prefill,prefill,prefill_gemm,21.0,,8,0,27,106695496.8261143,106695496.9745943,0.14847999811172485
facebook/opt-125m,64,1024,prefill,prefill,prefill_gemm,21.0,,8,1,27,106695496.9745943,106695497.1230743,0.14847999811172485
facebook/opt-125m,64,1024,prefill,prefill,prefill_gemm,21.0,,8,2,27,106695497.1230743,106695497.27155429,0.14847999811172485
facebook/opt-125m,64,1024,prefill,prefill,prefill_gemm,21.0,,8,3,27,106695497.27155429,106695497.42003429,0.14847999811172485
facebook/opt-125m,64,1024,prefill,prefill,prefill_gemm,21.0,,8,4,27,106695497.42003429,106695497.56851429,0.14847999811172485
facebook/opt-125m,64,1024,prefill,prefill,prefill_gemm,21.0,,8,5,28,106695497.671068,106695497.819548,0.14847999811172485
facebook/opt-125m,64,1024,prefill,prefill,prefill_gemm,21.0,,9,0,28,106695497.819548,106695497.968028,0.14847999811172485
facebook/opt-125m,64,1024,prefill,prefill,prefill_gemm,21.0,,9,1,28,106695497.968028,106695498.11650799,0.14847999811172485
facebook/opt-125m,64,1024,prefill,prefill,prefill_gemm,21.0,,9,2,28,106695498.11650799,106695498.26498799,0.14847999811172485
facebook/opt-125m,64,1024,prefill,prefill,prefill_gemm,21.0,,9,3,28,106695498.26498799,106695498.41346799,0.14847999811172485
facebook/opt-125m,64,1024,prefill,prefill,prefill_gemm,21.0,,9,4,28,106695498.41346799,106695498.56194799,0.14847999811172485
facebook/opt-125m,64,1024,prefill,prefill,prefill_gemm,21.0,,9,5,28,106695498.56194799,106695498.71042798,0.14847999811172485
facebook/opt-125m,64,1024,prefill,prefill,prefill_gemm,21.0,,10,0,28,106695498.71042798,106695498.85890798,0.14847999811172485
facebook/opt-125m,64,1024,prefill,prefill,prefill_gemm,21.0,,10,1,28,106695498.85890798,106695499.00738798,0.14847999811172485
facebook/opt-125m,64,1024,prefill,prefill,prefill_gemm,21.0,,10,2,28,106695499.00738798,106695499.15586798,0.14847999811172485
facebook/opt-125m,64,1024,prefill,prefill,prefill_gemm,21.0,,10,3,28,106695499.15586798,106695499.30434798,0.14847999811172485
facebook/opt-125m,64,1024,prefill,prefill,prefill_gemm,21.0,,10,4,28,106695499.30434798,106695499.45282798,0.14847999811172485
facebook/opt-125m,64,1024,prefill,prefill,prefill_gemm,21.0,,10,5,28,106695499.45282798,106695499.60130797,0.14847999811172485
facebook/opt-125m,64,1024,prefill,prefill,prefill_gemm,21.0,,11,0,28,106695499.60130797,106695499.74978797,0.14847999811172485
facebook/opt-125m,64,1024,prefill,prefill,prefill_gemm,21.0,,11,1,28,106695499.74978797,106695499.89826797,0.14847999811172485
facebook/opt-125m,64,1024,prefill,prefill,prefill_gemm,21.0,,11,2,28,106695499.89826797,106695500.04674797,0.14847999811172485
facebook/opt-125m,64,1024,prefill,prefill,prefill_gemm,21.0,,11,3,28,106695500.04674797,106695500.19522797,0.14847999811172485
facebook/opt-125m,64,1024,prefill,prefill,prefill_gemm,21.0,,11,4,28,106695500.19522797,106695500.34370796,0.14847999811172485
facebook/opt-125m,64,1024,prefill,prefill,prefill_gemm,21.0,,11,5,28,106695500.34370796,106695500.49218796,0.14847999811172485
facebook/opt-125m,64,1024,prefill,prefill,prefill_gemm,22.0,,0,0,28,106695500.49218796,106695500.64066796,0.14847999811172485
facebook/opt-125m,64,1024,prefill,prefill,prefill_gemm,22.0,,0,1,28,106695500.64066796,106695500.78914796,0.14847999811172485
facebook/opt-125m,64,1024,prefill,prefill,prefill_gemm,22.0,,0,2,28,106695500.78914796,106695500.93762796,0.14847999811172485
facebook/opt-125m,64,1024,prefill,prefill,prefill_gemm,22.0,,0,3,28,106695500.93762796,106695501.08610795,0.14847999811172485
facebook/opt-125m,64,1024,prefill,prefill,prefill_gemm,22.0,,0,4,28,106695501.08610795,106695501.23458795,0.14847999811172485
facebook/opt-125m,64,1024,prefill,prefill,prefill_gemm,22.0,,0,5,28,106695501.23458795,106695501.38306795,0.14847999811172485
facebook/opt-125m,64,1024,prefill,prefill,prefill_gemm,22.0,,1,0,28,106695501.38306795,106695501.53154795,0.14847999811172485
facebook/opt-125m,64,1024,prefill,prefill,prefill_gemm,22.0,,1,1,28,106695501.53154795,106695501.68002795,0.14847999811172485
facebook/opt-125m,64,1024,prefill,prefill,prefill_gemm,22.0,,1,2,28,106695501.68002795,106695501.82850794,0.14847999811172485
facebook/opt-125m,64,1024,prefill,prefill,prefill_gemm,22.0,,1,3,28,106695501.82850794,106695501.97698794,0.14847999811172485
facebook/opt-125m,64,1024,prefill,prefill,prefill_gemm,22.0,,1,4,28,106695501.97698794,106695502.12546794,0.14847999811172485
facebook/opt-125m,64,1024,prefill,prefill,prefill_gemm,22.0,,1,5,28,106695502.12546794,106695502.27394794,0.14847999811172485
facebook/opt-125m,64,1024,prefill,prefill,prefill_gemm,22.0,,2,0,28,106695502.27394794,106695502.42242794,0.14847999811172485
facebook/opt-125m,64,1024,prefill,prefill,prefill_gemm,22.0,,2,1,28,106695502.42242794,106695502.57090794,0.14847999811172485
facebook/opt-125m,64,1024,prefill,prefill,prefill_gemm,22.0,,2,2,28,106695502.57090794,106695502.71938793,0.14847999811172485
facebook/opt-125m,64,1024,prefill,prefill,prefill_gemm,22.0,,2,3,28,106695502.71938793,106695502.86786793,0.14847999811172485
facebook/opt-125m,64,1024,prefill,prefill,prefill_gemm,22.0,,2,4,28,106695502.86786793,106695503.01634793,0.14847999811172485
facebook/opt-125m,64,1024,prefill,prefill,prefill_gemm,22.0,,2,5,28,106695503.01634793,106695503.16482793,0.14847999811172485
facebook/opt-125m,64,1024,prefill,prefill,prefill_gemm,22.0,,3,0,28,106695503.16482793,106695503.31330793,0.14847999811172485
facebook/opt-125m,64,1024,prefill,prefill,prefill_gemm,22.0,,3,1,28,106695503.31330793,106695503.46178792,0.14847999811172485
facebook/opt-125m,64,1024,prefill,prefill,prefill_gemm,22.0,,3,2,28,106695503.46178792,106695503.61026792,0.14847999811172485
facebook/opt-125m,64,1024,prefill,prefill,prefill_gemm,22.0,,3,3,28,106695503.61026792,106695503.75874792,0.14847999811172485
facebook/opt-125m,64,1024,prefill,prefill,prefill_gemm,22.0,,3,4,28,106695503.75874792,106695503.90722792,0.14847999811172485
facebook/opt-125m,64,1024,prefill,prefill,prefill_gemm,22.0,,3,5,28,106695503.90722792,106695504.05570792,0.14847999811172485
facebook/opt-125m,64,1024,prefill,prefill,prefill_gemm,22.0,,4,0,28,106695504.05570792,106695504.20418791,0.14847999811172485
facebook/opt-125m,64,1024,prefill,prefill,prefill_gemm,22.0,,4,1,28,106695504.20418791,106695504.35266791,0.14847999811172485
facebook/opt-125m,64,1024,prefill,prefill,prefill_gemm,22.0,,4,2,28,106695504.35266791,106695504.50114791,0.14847999811172485
facebook/opt-125m,64,1024,prefill,prefill,prefill_gemm,22.0,,4,3,28,106695504.50114791,106695504.64962791,0.14847999811172485
facebook/opt-125m,64,1024,prefill,prefill,prefill_gemm,22.0,,4,4,28,106695504.64962791,106695504.7981079,0.14847999811172485
facebook/opt-125m,64,1024,prefill,prefill,prefill_gemm,22.0,,4,5,28,106695504.7981079,106695504.9465879,0.14847999811172485
facebook/opt-125m,64,1024,prefill,prefill,prefill_gemm,22.0,,5,0,28,106695504.9465879,106695505.0950679,0.14847999811172485
facebook/opt-125m,64,1024,prefill,prefill,prefill_gemm,22.0,,5,1,28,106695505.0950679,106695505.2435479,0.14847999811172485
facebook/opt-125m,64,1024,prefill,prefill,prefill_gemm,22.0,,5,2,28,106695505.2435479,106695505.3920279,0.14847999811172485
facebook/opt-125m,64,1024,prefill,prefill,prefill_gemm,22.0,,5,3,28,106695505.3920279,106695505.5405079,0.14847999811172485
facebook/opt-125m,64,1024,prefill,prefill,prefill_gemm,22.0,,5,4,28,106695505.5405079,106695505.6889879,0.14847999811172485
facebook/opt-125m,64,1024,prefill,prefill,prefill_gemm,22.0,,5,5,28,106695505.6889879,106695505.8374679,0.14847999811172485
facebook/opt-125m,64,1024,prefill,prefill,prefill_gemm,22.0,,6,0,28,106695505.8374679,106695505.98594789,0.14847999811172485
facebook/opt-125m,64,1024,prefill,prefill,prefill_gemm,22.0,,6,1,28,106695505.98594789,106695506.13442789,0.14847999811172485
facebook/opt-125m,64,1024,prefill,prefill,prefill_gemm,22.0,,6,2,28,106695506.13442789,106695506.28290789,0.14847999811172485
facebook/opt-125m,64,1024,prefill,prefill,prefill_gemm,22.0,,6,3,28,106695506.28290789,106695506.43138789,0.14847999811172485
facebook/opt-125m,64,1024,prefill,prefill,prefill_gemm,22.0,,6,4,28,106695506.43138789,106695506.57986788,0.14847999811172485
facebook/opt-125m,64,1024,prefill,prefill,prefill_gemm,22.0,,6,5,28,106695506.57986788,106695506.72834788,0.14847999811172485
facebook/opt-125m,64,1024,prefill,prefill,prefill_gemm,22.0,,7,0,28,106695506.72834788,106695506.87682788,0.14847999811172485
facebook/opt-125m,64,1024,prefill,prefill,prefill_gemm,22.0,,7,1,28,106695506.87682788,106695507.02530788,0.14847999811172485
facebook/opt-125m,64,1024,prefill,prefill,prefill_gemm,22.0,,7,2,28,106695507.02530788,106695507.17378788,0.14847999811172485
facebook/opt-125m,64,1024,prefill,prefill,prefill_gemm,22.0,,7,3,28,106695507.17378788,106695507.32226788,0.14847999811172485
facebook/opt-125m,64,1024,prefill,prefill,prefill_gemm,22.0,,7,4,28,106695507.32226788,106695507.47074787,0.14847999811172485
facebook/opt-125m,64,1024,prefill,prefill,prefill_gemm,22.0,,7,5,28,106695507.47074787,106695507.61922787,0.14847999811172485
facebook/opt-125m,64,1024,prefill,prefill,prefill_gemm,22.0,,8,0,28,106695507.61922787,106695507.76770787,0.14847999811172485
facebook/opt-125m,64,1024,prefill,prefill,prefill_gemm,22.0,,8,1,28,106695507.76770787,106695507.91618787,0.14847999811172485
facebook/opt-125m,64,1024,prefill,prefill,prefill_gemm,22.0,,8,2,28,106695507.91618787,106695508.06466787,0.14847999811172485
facebook/opt-125m,64,1024,prefill,prefill,prefill_gemm,22.0,,8,3,28,106695508.06466787,106695508.21314786,0.14847999811172485
facebook/opt-125m,64,1024,prefill,prefill,prefill_gemm,22.0,,8,4,28,106695508.21314786,106695508.36162786,0.14847999811172485
facebook/opt-125m,64,1024,prefill,prefill,prefill_gemm,22.0,,8,5,28,106695508.36162786,106695508.51010786,0.14847999811172485
facebook/opt-125m,64,1024,prefill,prefill,prefill_gemm,22.0,,9,0,28,106695508.51010786,106695508.65858786,0.14847999811172485
facebook/opt-125m,64,1024,prefill,prefill,prefill_gemm,22.0,,9,1,28,106695508.65858786,106695508.80706786,0.14847999811172485
facebook/opt-125m,64,1024,prefill,prefill,prefill_gemm,22.0,,9,2,28,106695508.80706786,106695508.95554785,0.14847999811172485
facebook/opt-125m,64,1024,prefill,prefill,prefill_gemm,22.0,,9,3,28,106695508.95554785,106695509.10402785,0.14847999811172485
facebook/opt-125m,64,1024,prefill,prefill,prefill_gemm,22.0,,9,4,28,106695509.10402785,106695509.25250785,0.14847999811172485
facebook/opt-125m,64,1024,prefill,prefill,prefill_gemm,22.0,,9,5,28,106695509.25250785,106695509.40098785,0.14847999811172485
facebook/opt-125m,64,1024,prefill,prefill,prefill_gemm,22.0,,10,0,28,106695509.40098785,106695509.54946785,0.14847999811172485
facebook/opt-125m,64,1024,prefill,prefill,prefill_gemm,22.0,,10,1,28,106695509.54946785,106695509.69794784,0.14847999811172485
facebook/opt-125m,64,1024,prefill,prefill,prefill_gemm,22.0,,10,2,28,106695509.69794784,106695509.84642784,0.14847999811172485
facebook/opt-125m,64,1024,prefill,prefill,prefill_gemm,22.0,,10,3,28,106695509.84642784,106695509.99490784,0.14847999811172485
facebook/opt-125m,64,1024,prefill,prefill,prefill_gemm,22.0,,10,4,28,106695509.99490784,106695510.14338784,0.14847999811172485
facebook/opt-125m,64,1024,prefill,prefill,prefill_gemm,22.0,,10,5,28,106695510.14338784,106695510.29186784,0.14847999811172485
facebook/opt-125m,64,1024,prefill,prefill,prefill_gemm,22.0,,11,0,28,106695510.29186784,106695510.44034784,0.14847999811172485
facebook/opt-125m,64,1024,prefill,prefill,prefill_gemm,22.0,,11,1,28,106695510.44034784,106695510.58882783,0.14847999811172485
facebook/opt-125m,64,1024,prefill,prefill,prefill_gemm,22.0,,11,2,28,106695510.58882783,106695510.73730783,0.14847999811172485
facebook/opt-125m,64,1024,prefill,prefill,prefill_gemm,22.0,,11,3,28,106695510.73730783,106695510.88578783,0.14847999811172485
facebook/opt-125m,64,1024,prefill,prefill,prefill_gemm,22.0,,11,4,28,106695510.88578783,106695511.03426783,0.14847999811172485
facebook/opt-125m,64,1024,prefill,prefill,prefill_gemm,22.0,,11,5,28,106695511.03426783,106695511.18274783,0.14847999811172485
facebook/opt-125m,64,1024,prefill,prefill,prefill_gemm,23.0,,0,0,28,106695511.18274783,106695511.33122782,0.14847999811172485
facebook/opt-125m,64,1024,prefill,prefill,prefill_gemm,23.0,,0,1,28,106695511.33122782,106695511.47970782,0.14847999811172485
facebook/opt-125m,64,1024,prefill,prefill,prefill_gemm,23.0,,0,2,28,106695511.47970782,106695511.62818782,0.14847999811172485
facebook/opt-125m,64,1024,prefill,prefill,prefill_gemm,23.0,,0,3,28,106695511.62818782,106695511.77666782,0.14847999811172485
facebook/opt-125m,64,1024,prefill,prefill,prefill_gemm,23.0,,0,4,28,106695511.77666782,106695511.92514782,0.14847999811172485
facebook/opt-125m,64,1024,prefill,prefill,prefill_gemm,23.0,,0,5,28,106695511.92514782,106695512.07362781,0.14847999811172485
facebook/opt-125m,64,1024,prefill,prefill,prefill_gemm,23.0,,1,0,28,106695512.07362781,106695512.22210781,0.14847999811172485
facebook/opt-125m,64,1024,prefill,prefill,prefill_gemm,23.0,,1,1,28,106695512.22210781,106695512.37058781,0.14847999811172485
facebook/opt-125m,64,1024,prefill,prefill,prefill_gemm,23.0,,1,2,28,106695512.37058781,106695512.51906781,0.14847999811172485
facebook/opt-125m,64,1024,prefill,prefill,prefill_gemm,23.0,,1,3,28,106695512.51906781,106695512.6675478,0.14847999811172485
facebook/opt-125m,64,1024,prefill,prefill,prefill_gemm,23.0,,1,4,28,106695512.6675478,106695512.8160278,0.14847999811172485
facebook/opt-125m,64,1024,prefill,prefill,prefill_gemm,23.0,,1,5,28,106695512.8160278,106695512.9645078,0.14847999811172485
facebook/opt-125m,64,1024,prefill,prefill,prefill_gemm,23.0,,2,0,28,106695512.9645078,106695513.1129878,0.14847999811172485
facebook/opt-125m,64,1024,prefill,prefill,prefill_gemm,23.0,,2,1,28,106695513.1129878,106695513.2614678,0.14847999811172485
facebook/opt-125m,64,1024,prefill,prefill,prefill_gemm,23.0,,2,2,28,106695513.2614678,106695513.4099478,0.14847999811172485
facebook/opt-125m,64,1024,prefill,prefill,prefill_gemm,23.0,,2,3,28,106695513.4099478,106695513.5584278,0.14847999811172485
facebook/opt-125m,64,1024,prefill,prefill,prefill_gemm,23.0,,2,4,28,106695513.5584278,106695513.7069078,0.14847999811172485
facebook/opt-125m,64,1024,prefill,prefill,prefill_gemm,23.0,,2,5,28,106695513.7069078,106695513.85538779,0.14847999811172485
facebook/opt-125m,64,1024,prefill,prefill,prefill_gemm,23.0,,3,0,28,106695513.85538779,106695514.00386779,0.14847999811172485
facebook/opt-125m,64,1024,prefill,prefill,prefill_gemm,23.0,,3,1,28,106695514.00386779,106695514.15234779,0.14847999811172485
facebook/opt-125m,64,1024,prefill,prefill,prefill_gemm,23.0,,3,2,28,106695514.15234779,106695514.30082779,0.14847999811172485
facebook/opt-125m,64,1024,prefill,prefill,prefill_gemm,23.0,,3,3,28,106695514.30082779,106695514.44930778,0.14847999811172485
facebook/opt-125m,64,1024,prefill,prefill,prefill_gemm,23.0,,3,4,28,106695514.44930778,106695514.59778778,0.14847999811172485
facebook/opt-125m,64,1024,prefill,prefill,prefill_gemm,23.0,,3,5,28,106695514.59778778,106695514.74626778,0.14847999811172485
facebook/opt-125m,64,1024,prefill,prefill,prefill_gemm,23.0,,4,0,28,106695514.74626778,106695514.89474778,0.14847999811172485
facebook/opt-125m,64,1024,prefill,prefill,prefill_gemm,23.0,,4,1,28,106695514.89474778,106695515.04322778,0.14847999811172485
facebook/opt-125m,64,1024,prefill,prefill,prefill_gemm,23.0,,4,2,28,106695515.04322778,106695515.19170777,0.14847999811172485
facebook/opt-125m,64,1024,prefill,prefill,prefill_gemm,23.0,,4,3,28,106695515.19170777,106695515.34018777,0.14847999811172485
facebook/opt-125m,64,1024,prefill,prefill,prefill_gemm,23.0,,4,4,28,106695515.34018777,106695515.48866777,0.14847999811172485
facebook/opt-125m,64,1024,prefill,prefill,prefill_gemm,23.0,,4,5,28,106695515.48866777,106695515.63714777,0.14847999811172485
facebook/opt-125m,64,1024,prefill,prefill,prefill_gemm,23.0,,5,0,28,106695515.63714777,106695515.78562777,0.14847999811172485
facebook/opt-125m,64,1024,prefill,prefill,prefill_gemm,23.0,,5,1,28,106695515.78562777,106695515.93410777,0.14847999811172485
facebook/opt-125m,64,1024,prefill,prefill,prefill_gemm,23.0,,5,2,28,106695515.93410777,106695516.08258776,0.14847999811172485
facebook/opt-125m,64,1024,prefill,prefill,prefill_gemm,23.0,,5,3,28,106695516.08258776,106695516.23106776,0.14847999811172485
facebook/opt-125m,64,1024,prefill,prefill,prefill_gemm,23.0,,5,4,28,106695516.23106776,106695516.37954776,0.14847999811172485
facebook/opt-125m,64,1024,prefill,prefill,prefill_gemm,23.0,,5,5,28,106695516.37954776,106695516.52802776,0.14847999811172485
facebook/opt-125m,64,1024,prefill,prefill,prefill_gemm,23.0,,6,0,28,106695516.52802776,106695516.67650776,0.14847999811172485
facebook/opt-125m,64,1024,prefill,prefill,prefill_gemm,23.0,,6,1,28,106695516.67650776,106695516.82498775,0.14847999811172485
facebook/opt-125m,64,1024,prefill,prefill,prefill_gemm,23.0,,6,2,28,106695516.82498775,106695516.97346775,0.14847999811172485
facebook/opt-125m,64,1024,prefill,prefill,prefill_gemm,23.0,,6,3,28,106695516.97346775,106695517.12194775,0.14847999811172485
facebook/opt-125m,64,1024,prefill,prefill,prefill_gemm,23.0,,6,4,28,106695517.12194775,106695517.27042775,0.14847999811172485
facebook/opt-125m,64,1024,prefill,prefill,prefill_gemm,23.0,,6,5,28,106695517.27042775,106695517.41890775,0.14847999811172485
facebook/opt-125m,64,1024,prefill,prefill,prefill_gemm,23.0,,7,0,28,106695517.41890775,106695517.56738774,0.14847999811172485
facebook/opt-125m,64,1024,prefill,prefill,prefill_gemm,23.0,,7,1,28,106695517.56738774,106695517.71586774,0.14847999811172485
facebook/opt-125m,64,1024,prefill,prefill,prefill_gemm,23.0,,7,2,28,106695517.71586774,106695517.86434774,0.14847999811172485
facebook/opt-125m,64,1024,prefill,prefill,prefill_gemm,23.0,,7,3,28,106695517.86434774,106695518.01282774,0.14847999811172485
facebook/opt-125m,64,1024,prefill,prefill,prefill_gemm,23.0,,7,4,28,106695518.01282774,106695518.16130774,0.14847999811172485
facebook/opt-125m,64,1024,prefill,prefill,prefill_gemm,23.0,,7,5,28,106695518.16130774,106695518.30978774,0.14847999811172485
facebook/opt-125m,64,1024,prefill,prefill,prefill_gemm,23.0,,8,0,28,106695518.30978774,106695518.45826773,0.14847999811172485
facebook/opt-125m,64,1024,prefill,prefill,prefill_gemm,23.0,,8,1,28,106695518.45826773,106695518.60674773,0.14847999811172485
facebook/opt-125m,64,1024,prefill,prefill,prefill_gemm,23.0,,8,2,28,106695518.60674773,106695518.75522773,0.14847999811172485
facebook/opt-125m,64,1024,prefill,prefill,prefill_gemm,23.0,,8,3,28,106695518.75522773,106695518.90370773,0.14847999811172485
facebook/opt-125m,64,1024,prefill,prefill,prefill_gemm,23.0,,8,4,28,106695518.90370773,106695519.05218773,0.14847999811172485
facebook/opt-125m,64,1024,prefill,prefill,prefill_gemm,23.0,,8,5,28,106695519.05218773,106695519.20066772,0.14847999811172485
facebook/opt-125m,64,1024,prefill,prefill,prefill_gemm,23.0,,9,0,28,106695519.20066772,106695519.34914772,0.14847999811172485
facebook/opt-125m,64,1024,prefill,prefill,prefill_gemm,23.0,,9,1,28,106695519.34914772,106695519.49762772,0.14847999811172485
facebook/opt-125m,64,1024,prefill,prefill,prefill_gemm,23.0,,9,2,28,106695519.49762772,106695519.64610772,0.14847999811172485
facebook/opt-125m,64,1024,prefill,prefill,prefill_gemm,23.0,,9,3,28,106695519.64610772,106695519.79458772,0.14847999811172485
facebook/opt-125m,64,1024,prefill,prefill,prefill_gemm,23.0,,9,4,28,106695519.79458772,106695519.94306771,0.14847999811172485
facebook/opt-125m,64,1024,prefill,prefill,prefill_gemm,23.0,,9,5,28,106695519.94306771,106695520.09154771,0.14847999811172485
facebook/opt-125m,64,1024,prefill,prefill,prefill_gemm,23.0,,10,0,28,106695520.09154771,106695520.24002771,0.14847999811172485
facebook/opt-125m,64,1024,prefill,prefill,prefill_gemm,23.0,,10,1,28,106695520.24002771,106695520.38850771,0.14847999811172485
facebook/opt-125m,64,1024,prefill,prefill,prefill_gemm,23.0,,10,2,28,106695520.38850771,106695520.5369877,0.14847999811172485
facebook/opt-125m,64,1024,prefill,prefill,prefill_gemm,23.0,,10,3,28,106695520.5369877,106695520.6854677,0.14847999811172485
facebook/opt-125m,64,1024,prefill,prefill,prefill_gemm,23.0,,10,4,28,106695520.6854677,106695520.8339477,0.14847999811172485
facebook/opt-125m,64,1024,prefill,prefill,prefill_gemm,23.0,,10,5,28,106695520.8339477,106695520.9824277,0.14847999811172485
facebook/opt-125m,64,1024,prefill,prefill,prefill_gemm,23.0,,11,0,28,106695520.9824277,106695521.1309077,0.14847999811172485
facebook/opt-125m,64,1024,prefill,prefill,prefill_gemm,23.0,,11,1,28,106695521.1309077,106695521.2793877,0.14847999811172485
facebook/opt-125m,64,1024,prefill,prefill,prefill_gemm,23.0,,11,2,28,106695521.2793877,106695521.4278677,0.14847999811172485
facebook/opt-125m,64,1024,prefill,prefill,prefill_gemm,23.0,,11,3,28,106695521.4278677,106695521.5763477,0.14847999811172485
facebook/opt-125m,64,1024,prefill,prefill,prefill_gemm,23.0,,11,4,28,106695521.5763477,106695521.72482769,0.14847999811172485
facebook/opt-125m,64,1024,prefill,prefill,prefill_gemm,23.0,,11,5,28,106695521.72482769,106695521.87330769,0.14847999811172485
facebook/opt-125m,64,1024,prefill,prefill,prefill_gemm,24.0,,0,0,28,106695521.87330769,106695522.02178769,0.14847999811172485
facebook/opt-125m,64,1024,prefill,prefill,prefill_gemm,24.0,,0,1,28,106695522.02178769,106695522.17026769,0.14847999811172485
facebook/opt-125m,64,1024,prefill,prefill,prefill_gemm,24.0,,0,2,28,106695522.17026769,106695522.31874768,0.14847999811172485
facebook/opt-125m,64,1024,prefill,prefill,prefill_gemm,24.0,,0,3,28,106695522.31874768,106695522.46722768,0.14847999811172485
facebook/opt-125m,64,1024,prefill,prefill,prefill_gemm,24.0,,0,4,28,106695522.46722768,106695522.61570768,0.14847999811172485
facebook/opt-125m,64,1024,prefill,prefill,prefill_gemm,24.0,,0,5,28,106695522.61570768,106695522.76418768,0.14847999811172485
facebook/opt-125m,64,1024,prefill,prefill,prefill_gemm,24.0,,1,0,28,106695522.76418768,106695522.91266768,0.14847999811172485
facebook/opt-125m,64,1024,prefill,prefill,prefill_gemm,24.0,,1,1,28,106695522.91266768,106695523.06114767,0.14847999811172485
facebook/opt-125m,64,1024,prefill,prefill,prefill_gemm,24.0,,1,2,28,106695523.06114767,106695523.20962767,0.14847999811172485
facebook/opt-125m,64,1024,prefill,prefill,prefill_gemm,24.0,,1,3,28,106695523.20962767,106695523.35810767,0.14847999811172485
facebook/opt-125m,64,1024,prefill,prefill,prefill_gemm,24.0,,1,4,28,106695523.35810767,106695523.50658767,0.14847999811172485
facebook/opt-125m,64,1024,prefill,prefill,prefill_gemm,24.0,,1,5,28,106695523.50658767,106695523.65506767,0.14847999811172485
facebook/opt-125m,64,1024,prefill,prefill,prefill_gemm,24.0,,2,0,28,106695523.65506767,106695523.80354767,0.14847999811172485
facebook/opt-125m,64,1024,prefill,prefill,prefill_gemm,24.0,,2,1,28,106695523.80354767,106695523.95202766,0.14847999811172485
facebook/opt-125m,64,1024,prefill,prefill,prefill_gemm,24.0,,2,2,28,106695523.95202766,106695524.10050766,0.14847999811172485
facebook/opt-125m,64,1024,prefill,prefill,prefill_gemm,24.0,,2,3,28,106695524.10050766,106695524.24898766,0.14847999811172485
facebook/opt-125m,64,1024,prefill,prefill,prefill_gemm,24.0,,2,4,28,106695524.24898766,106695524.39746766,0.14847999811172485
facebook/opt-125m,64,1024,prefill,prefill,prefill_gemm,24.0,,2,5,28,106695524.39746766,106695524.54594766,0.14847999811172485
facebook/opt-125m,64,1024,prefill,prefill,prefill_gemm,24.0,,3,0,28,106695524.54594766,106695524.69442765,0.14847999811172485
facebook/opt-125m,64,1024,prefill,prefill,prefill_gemm,24.0,,3,1,28,106695524.69442765,106695524.84290765,0.14847999811172485
facebook/opt-125m,64,1024,prefill,prefill,prefill_gemm,24.0,,3,2,28,106695524.84290765,106695524.99138765,0.14847999811172485
facebook/opt-125m,64,1024,prefill,prefill,prefill_gemm,24.0,,3,3,28,106695524.99138765,106695525.13986765,0.14847999811172485
facebook/opt-125m,64,1024,prefill,prefill,prefill_gemm,24.0,,3,4,28,106695525.13986765,106695525.28834765,0.14847999811172485
facebook/opt-125m,64,1024,prefill,prefill,prefill_gemm,24.0,,3,5,28,106695525.28834765,106695525.43682764,0.14847999811172485
facebook/opt-125m,64,1024,prefill,prefill,prefill_gemm,24.0,,4,0,28,106695525.43682764,106695525.58530764,0.14847999811172485
facebook/opt-125m,64,1024,prefill,prefill,prefill_gemm,24.0,,4,1,28,106695525.58530764,106695525.73378764,0.14847999811172485
facebook/opt-125m,64,1024,prefill,prefill,prefill_gemm,24.0,,4,2,28,106695525.73378764,106695525.88226764,0.14847999811172485
facebook/opt-125m,64,1024,prefill,prefill,prefill_gemm,24.0,,4,3,28,106695525.88226764,106695526.03074764,0.14847999811172485
facebook/opt-125m,64,1024,prefill,prefill,prefill_gemm,24.0,,4,4,28,106695526.03074764,106695526.17922764,0.14847999811172485
facebook/opt-125m,64,1024,prefill,prefill,prefill_gemm,24.0,,4,5,28,106695526.17922764,106695526.32770763,0.14847999811172485
facebook/opt-125m,64,1024,prefill,prefill,prefill_gemm,24.0,,5,0,28,106695526.32770763,106695526.47618763,0.14847999811172485
facebook/opt-125m,64,1024,prefill,prefill,prefill_gemm,24.0,,5,1,28,106695526.47618763,106695526.62466763,0.14847999811172485
facebook/opt-125m,64,1024,prefill,prefill,prefill_gemm,24.0,,5,2,28,106695526.62466763,106695526.77314763,0.14847999811172485
facebook/opt-125m,64,1024,prefill,prefill,prefill_gemm,24.0,,5,3,28,106695526.77314763,106695526.92162763,0.14847999811172485
facebook/opt-125m,64,1024,prefill,prefill,prefill_gemm,24.0,,5,4,28,106695526.92162763,106695527.07010762,0.14847999811172485
facebook/opt-125m,64,1024,prefill,prefill,prefill_gemm,24.0,,5,5,28,106695527.07010762,106695527.21858762,0.14847999811172485
facebook/opt-125m,64,1024,prefill,prefill,prefill_gemm,24.0,,6,0,28,106695527.21858762,106695527.36706762,0.14847999811172485
facebook/opt-125m,64,1024,prefill,prefill,prefill_gemm,24.0,,6,1,28,106695527.36706762,106695527.51554762,0.14847999811172485
facebook/opt-125m,64,1024,prefill,prefill,prefill_gemm,24.0,,6,2,28,106695527.51554762,106695527.66402762,0.14847999811172485
facebook/opt-125m,64,1024,prefill,prefill,prefill_gemm,24.0,,6,3,28,106695527.66402762,106695527.81250761,0.14847999811172485
facebook/opt-125m,64,1024,prefill,prefill,prefill_gemm,24.0,,6,4,28,106695527.81250761,106695527.96098761,0.14847999811172485
facebook/opt-125m,64,1024,prefill,prefill,prefill_gemm,24.0,,6,5,28,106695527.96098761,106695528.10946761,0.14847999811172485
facebook/opt-125m,64,1024,prefill,prefill,prefill_gemm,24.0,,7,0,28,106695528.10946761,106695528.25794761,0.14847999811172485
facebook/opt-125m,64,1024,prefill,prefill,prefill_gemm,24.0,,7,1,28,106695528.25794761,106695528.4064276,0.14847999811172485
facebook/opt-125m,64,1024,prefill,prefill,prefill_gemm,24.0,,7,2,28,106695528.4064276,106695528.5549076,0.14847999811172485
facebook/opt-125m,64,1024,prefill,prefill,prefill_gemm,24.0,,7,3,28,106695528.5549076,106695528.7033876,0.14847999811172485
facebook/opt-125m,64,1024,prefill,prefill,prefill_gemm,24.0,,7,4,28,106695528.7033876,106695528.8518676,0.14847999811172485
facebook/opt-125m,64,1024,prefill,prefill,prefill_gemm,24.0,,7,5,28,106695528.8518676,106695529.0003476,0.14847999811172485
facebook/opt-125m,64,1024,prefill,prefill,prefill_gemm,24.0,,8,0,28,106695529.0003476,106695529.1488276,0.14847999811172485
facebook/opt-125m,64,1024,prefill,prefill,prefill_gemm,24.0,,8,1,28,106695529.1488276,106695529.2973076,0.14847999811172485
facebook/opt-125m,64,1024,prefill,prefill,prefill_gemm,24.0,,8,2,28,106695529.2973076,106695529.4457876,0.14847999811172485
facebook/opt-125m,64,1024,prefill,prefill,prefill_gemm,24.0,,8,3,28,106695529.4457876,106695529.59426759,0.14847999811172485
facebook/opt-125m,64,1024,prefill,prefill,prefill_gemm,24.0,,8,4,28,106695529.59426759,106695529.74274759,0.14847999811172485
facebook/opt-125m,64,1024,prefill,prefill,prefill_gemm,24.0,,8,5,28,106695529.74274759,106695529.89122759,0.14847999811172485
facebook/opt-125m,64,1024,prefill,prefill,prefill_gemm,24.0,,9,0,28,106695529.89122759,106695530.03970759,0.14847999811172485
facebook/opt-125m,64,1024,prefill,prefill,prefill_gemm,24.0,,9,1,28,106695530.03970759,106695530.18818758,0.14847999811172485
facebook/opt-125m,64,1024,prefill,prefill,prefill_gemm,24.0,,9,2,28,106695530.18818758,106695530.33666758,0.14847999811172485
facebook/opt-125m,64,1024,prefill,prefill,prefill_gemm,24.0,,9,3,28,106695530.33666758,106695530.48514758,0.14847999811172485
facebook/opt-125m,64,1024,prefill,prefill,prefill_gemm,24.0,,9,4,28,106695530.48514758,106695530.63362758,0.14847999811172485
facebook/opt-125m,64,1024,prefill,prefill,prefill_gemm,24.0,,9,5,28,106695530.63362758,106695530.78210758,0.14847999811172485
facebook/opt-125m,64,1024,prefill,prefill,prefill_gemm,24.0,,10,0,28,106695530.78210758,106695530.93058757,0.14847999811172485
facebook/opt-125m,64,1024,prefill,prefill,prefill_gemm,24.0,,10,1,28,106695530.93058757,106695531.07906757,0.14847999811172485
facebook/opt-125m,64,1024,prefill,prefill,prefill_gemm,24.0,,10,2,28,106695531.07906757,106695531.22754757,0.14847999811172485
facebook/opt-125m,64,1024,prefill,prefill,prefill_gemm,24.0,,10,3,28,106695531.22754757,106695531.37602757,0.14847999811172485
facebook/opt-125m,64,1024,prefill,prefill,prefill_gemm,24.0,,10,4,28,106695531.37602757,106695531.52450757,0.14847999811172485
facebook/opt-125m,64,1024,prefill,prefill,prefill_gemm,24.0,,10,5,28,106695531.52450757,106695531.67298757,0.14847999811172485
facebook/opt-125m,64,1024,prefill,prefill,prefill_gemm,24.0,,11,0,28,106695531.67298757,106695531.82146756,0.14847999811172485
facebook/opt-125m,64,1024,prefill,prefill,prefill_gemm,24.0,,11,1,28,106695531.82146756,106695531.96994756,0.14847999811172485
facebook/opt-125m,64,1024,prefill,prefill,prefill_gemm,24.0,,11,2,28,106695531.96994756,106695532.11842756,0.14847999811172485
facebook/opt-125m,64,1024,prefill,prefill,prefill_gemm,24.0,,11,3,28,106695532.11842756,106695532.26690756,0.14847999811172485
facebook/opt-125m,64,1024,prefill,prefill,prefill_gemm,24.0,,11,4,28,106695532.26690756,106695532.41538756,0.14847999811172485
facebook/opt-125m,64,1024,prefill,prefill,prefill_gemm,24.0,,11,5,28,106695532.41538756,106695532.56386755,0.14847999811172485
facebook/opt-125m,64,1024,prefill,prefill,prefill_gemm,25.0,,0,0,28,106695532.56386755,106695532.71234755,0.14847999811172485
facebook/opt-125m,64,1024,prefill,prefill,prefill_gemm,25.0,,0,1,28,106695532.71234755,106695532.86082755,0.14847999811172485
facebook/opt-125m,64,1024,prefill,prefill,prefill_gemm,25.0,,0,2,28,106695532.86082755,106695533.00930755,0.14847999811172485
facebook/opt-125m,64,1024,prefill,prefill,prefill_gemm,25.0,,0,3,28,106695533.00930755,106695533.15778755,0.14847999811172485
facebook/opt-125m,64,1024,prefill,prefill,prefill_gemm,25.0,,0,4,28,106695533.15778755,106695533.30626754,0.14847999811172485
facebook/opt-125m,64,1024,prefill,prefill,prefill_gemm,25.0,,0,5,28,106695533.30626754,106695533.45474754,0.14847999811172485
facebook/opt-125m,64,1024,prefill,prefill,prefill_gemm,25.0,,1,0,28,106695533.45474754,106695533.60322754,0.14847999811172485
facebook/opt-125m,64,1024,prefill,prefill,prefill_gemm,25.0,,1,1,28,106695533.60322754,106695533.75170754,0.14847999811172485
facebook/opt-125m,64,1024,prefill,prefill,prefill_gemm,25.0,,1,2,28,106695533.75170754,106695533.90018754,0.14847999811172485
facebook/opt-125m,64,1024,prefill,prefill,prefill_gemm,25.0,,1,3,28,106695533.90018754,106695534.04866754,0.14847999811172485
facebook/opt-125m,64,1024,prefill,prefill,prefill_gemm,25.0,,1,4,28,106695534.04866754,106695534.19714753,0.14847999811172485
facebook/opt-125m,64,1024,prefill,prefill,prefill_gemm,25.0,,1,5,28,106695534.19714753,106695534.34562753,0.14847999811172485
facebook/opt-125m,64,1024,prefill,prefill,prefill_gemm,25.0,,2,0,28,106695534.34562753,106695534.49410753,0.14847999811172485
facebook/opt-125m,64,1024,prefill,prefill,prefill_gemm,25.0,,2,1,28,106695534.49410753,106695534.64258753,0.14847999811172485
facebook/opt-125m,64,1024,prefill,prefill,prefill_gemm,25.0,,2,2,28,106695534.64258753,106695534.79106753,0.14847999811172485
facebook/opt-125m,64,1024,prefill,prefill,prefill_gemm,25.0,,2,3,28,106695534.79106753,106695534.93954752,0.14847999811172485
facebook/opt-125m,64,1024,prefill,prefill,prefill_gemm,25.0,,2,4,28,106695534.93954752,106695535.08802752,0.14847999811172485
facebook/opt-125m,64,1024,prefill,prefill,prefill_gemm,25.0,,2,5,28,106695535.08802752,106695535.23650752,0.14847999811172485
facebook/opt-125m,64,1024,prefill,prefill,prefill_gemm,25.0,,3,0,28,106695535.23650752,106695535.38498752,0.14847999811172485
facebook/opt-125m,64,1024,prefill,prefill,prefill_gemm,25.0,,3,1,28,106695535.38498752,106695535.53346752,0.14847999811172485
facebook/opt-125m,64,1024,prefill,prefill,prefill_gemm,25.0,,3,2,28,106695535.53346752,106695535.68194751,0.14847999811172485
facebook/opt-125m,64,1024,prefill,prefill,prefill_gemm,25.0,,3,3,28,106695535.68194751,106695535.83042751,0.14847999811172485
facebook/opt-125m,64,1024,prefill,prefill,prefill_gemm,25.0,,3,4,28,106695535.83042751,106695535.97890751,0.14847999811172485
facebook/opt-125m,64,1024,prefill,prefill,prefill_gemm,25.0,,3,5,28,106695535.97890751,106695536.12738751,0.14847999811172485
facebook/opt-125m,64,1024,prefill,prefill,prefill_gemm,25.0,,4,0,28,106695536.12738751,106695536.2758675,0.14847999811172485
facebook/opt-125m,64,1024,prefill,prefill,prefill_gemm,25.0,,4,1,28,106695536.2758675,106695536.4243475,0.14847999811172485
facebook/opt-125m,64,1024,prefill,prefill,prefill_gemm,25.0,,4,2,28,106695536.4243475,106695536.5728275,0.14847999811172485
facebook/opt-125m,64,1024,prefill,prefill,prefill_gemm,25.0,,4,3,28,106695536.5728275,106695536.7213075,0.14847999811172485
facebook/opt-125m,64,1024,prefill,prefill,prefill_gemm,25.0,,4,4,28,106695536.7213075,106695536.8697875,0.14847999811172485
facebook/opt-125m,64,1024,prefill,prefill,prefill_gemm,25.0,,4,5,28,106695536.8697875,106695537.0182675,0.14847999811172485
facebook/opt-125m,64,1024,prefill,prefill,prefill_gemm,25.0,,5,0,28,106695537.0182675,106695537.1667475,0.14847999811172485
facebook/opt-125m,64,1024,prefill,prefill,prefill_gemm,25.0,,5,1,28,106695537.1667475,106695537.3152275,0.14847999811172485
facebook/opt-125m,64,1024,prefill,prefill,prefill_gemm,25.0,,5,2,28,106695537.3152275,106695537.46370749,0.14847999811172485
facebook/opt-125m,64,1024,prefill,prefill,prefill_gemm,25.0,,5,3,28,106695537.46370749,106695537.61218749,0.14847999811172485
facebook/opt-125m,64,1024,prefill,prefill,prefill_gemm,25.0,,5,4,28,106695537.61218749,106695537.76066749,0.14847999811172485
facebook/opt-125m,64,1024,prefill,prefill,prefill_gemm,25.0,,5,5,28,106695537.76066749,106695537.90914749,0.14847999811172485
facebook/opt-125m,64,1024,prefill,prefill,prefill_gemm,25.0,,6,0,28,106695537.90914749,106695538.05762748,0.14847999811172485
facebook/opt-125m,64,1024,prefill,prefill,prefill_gemm,25.0,,6,1,28,106695538.05762748,106695538.20610748,0.14847999811172485
facebook/opt-125m,64,1024,prefill,prefill,prefill_gemm,25.0,,6,2,28,106695538.20610748,106695538.35458748,0.14847999811172485
facebook/opt-125m,64,1024,prefill,prefill,prefill_gemm,25.0,,6,3,28,106695538.35458748,106695538.50306748,0.14847999811172485
facebook/opt-125m,64,1024,prefill,prefill,prefill_gemm,25.0,,6,4,28,106695538.50306748,106695538.65154748,0.14847999811172485
facebook/opt-125m,64,1024,prefill,prefill,prefill_gemm,25.0,,6,5,28,106695538.65154748,106695538.80002747,0.14847999811172485
facebook/opt-125m,64,1024,prefill,prefill,prefill_gemm,25.0,,7,0,28,106695538.80002747,106695538.94850747,0.14847999811172485
facebook/opt-125m,64,1024,prefill,prefill,prefill_gemm,25.0,,7,1,28,106695538.94850747,106695539.09698747,0.14847999811172485
facebook/opt-125m,64,1024,prefill,prefill,prefill_gemm,25.0,,7,2,28,106695539.09698747,106695539.24546747,0.14847999811172485
facebook/opt-125m,64,1024,prefill,prefill,prefill_gemm,25.0,,7,3,28,106695539.24546747,106695539.39394747,0.14847999811172485
facebook/opt-125m,64,1024,prefill,prefill,prefill_gemm,25.0,,7,4,28,106695539.39394747,106695539.54242747,0.14847999811172485
facebook/opt-125m,64,1024,prefill,prefill,prefill_gemm,25.0,,7,5,28,106695539.54242747,106695539.69090746,0.14847999811172485
facebook/opt-125m,64,1024,prefill,prefill,prefill_gemm,25.0,,8,0,28,106695539.69090746,106695539.83938746,0.14847999811172485
facebook/opt-125m,64,1024,prefill,prefill,prefill_gemm,25.0,,8,1,28,106695539.83938746,106695539.98786746,0.14847999811172485
facebook/opt-125m,64,1024,prefill,prefill,prefill_gemm,25.0,,8,2,28,106695539.98786746,106695540.13634746,0.14847999811172485
facebook/opt-125m,64,1024,prefill,prefill,prefill_gemm,25.0,,8,3,28,106695540.13634746,106695540.28482746,0.14847999811172485
facebook/opt-125m,64,1024,prefill,prefill,prefill_gemm,25.0,,8,4,28,106695540.28482746,106695540.43330745,0.14847999811172485
facebook/opt-125m,64,1024,prefill,prefill,prefill_gemm,25.0,,8,5,28,106695540.43330745,106695540.58178745,0.14847999811172485
facebook/opt-125m,64,1024,prefill,prefill,prefill_gemm,25.0,,9,0,28,106695540.58178745,106695540.73026745,0.14847999811172485
facebook/opt-125m,64,1024,prefill,prefill,prefill_gemm,25.0,,9,1,28,106695540.73026745,106695540.87874745,0.14847999811172485
facebook/opt-125m,64,1024,prefill,prefill,prefill_gemm,25.0,,9,2,28,106695540.87874745,106695541.02722745,0.14847999811172485
facebook/opt-125m,64,1024,prefill,prefill,prefill_gemm,25.0,,9,3,28,106695541.02722745,106695541.17570744,0.14847999811172485
facebook/opt-125m,64,1024,prefill,prefill,prefill_gemm,25.0,,9,4,28,106695541.17570744,106695541.32418744,0.14847999811172485
facebook/opt-125m,64,1024,prefill,prefill,prefill_gemm,25.0,,9,5,28,106695541.32418744,106695541.47266744,0.14847999811172485
facebook/opt-125m,64,1024,prefill,prefill,prefill_gemm,25.0,,10,0,28,106695541.47266744,106695541.62114744,0.14847999811172485
facebook/opt-125m,64,1024,prefill,prefill,prefill_gemm,25.0,,10,1,28,106695541.62114744,106695541.76962744,0.14847999811172485
facebook/opt-125m,64,1024,prefill,prefill,prefill_gemm,25.0,,10,2,28,106695541.76962744,106695541.91810744,0.14847999811172485
facebook/opt-125m,64,1024,prefill,prefill,prefill_gemm,25.0,,10,3,28,106695541.91810744,106695542.06658743,0.14847999811172485
facebook/opt-125m,64,1024,prefill,prefill,prefill_gemm,25.0,,10,4,28,106695542.06658743,106695542.21506743,0.14847999811172485
facebook/opt-125m,64,1024,prefill,prefill,prefill_gemm,25.0,,10,5,28,106695542.21506743,106695542.36354743,0.14847999811172485
facebook/opt-125m,64,1024,prefill,prefill,prefill_gemm,25.0,,11,0,28,106695542.36354743,106695542.51202743,0.14847999811172485
facebook/opt-125m,64,1024,prefill,prefill,prefill_gemm,25.0,,11,1,28,106695542.51202743,106695542.66050743,0.14847999811172485
facebook/opt-125m,64,1024,prefill,prefill,prefill_gemm,25.0,,11,2,28,106695542.66050743,106695542.80898742,0.14847999811172485
facebook/opt-125m,64,1024,prefill,prefill,prefill_gemm,25.0,,11,3,28,106695542.80898742,106695542.95746742,0.14847999811172485
facebook/opt-125m,64,1024,prefill,prefill,prefill_gemm,25.0,,11,4,28,106695542.95746742,106695543.10594742,0.14847999811172485
facebook/opt-125m,64,1024,prefill,prefill,prefill_gemm,25.0,,11,5,28,106695543.10594742,106695543.25442742,0.14847999811172485
facebook/opt-125m,64,1024,prefill,prefill,prefill_gemm,26.0,,0,0,28,106695543.25442742,106695543.40290742,0.14847999811172485
facebook/opt-125m,64,1024,prefill,prefill,prefill_gemm,26.0,,0,1,28,106695543.40290742,106695543.55138741,0.14847999811172485
facebook/opt-125m,64,1024,prefill,prefill,prefill_gemm,26.0,,0,2,28,106695543.55138741,106695543.69986741,0.14847999811172485
facebook/opt-125m,64,1024,prefill,prefill,prefill_gemm,26.0,,0,3,28,106695543.69986741,106695543.84834741,0.14847999811172485
facebook/opt-125m,64,1024,prefill,prefill,prefill_gemm,26.0,,0,4,28,106695543.84834741,106695543.99682741,0.14847999811172485
facebook/opt-125m,64,1024,prefill,prefill,prefill_gemm,26.0,,0,5,28,106695543.99682741,106695544.1453074,0.14847999811172485
facebook/opt-125m,64,1024,prefill,prefill,prefill_gemm,26.0,,1,0,28,106695544.1453074,106695544.2937874,0.14847999811172485
facebook/opt-125m,64,1024,prefill,prefill,prefill_gemm,26.0,,1,1,28,106695544.2937874,106695544.4422674,0.14847999811172485
facebook/opt-125m,64,1024,prefill,prefill,prefill_gemm,26.0,,1,2,28,106695544.4422674,106695544.5907474,0.14847999811172485
facebook/opt-125m,64,1024,prefill,prefill,prefill_gemm,26.0,,1,3,28,106695544.5907474,106695544.7392274,0.14847999811172485
facebook/opt-125m,64,1024,prefill,prefill,prefill_gemm,26.0,,1,4,28,106695544.7392274,106695544.8877074,0.14847999811172485
facebook/opt-125m,64,1024,prefill,prefill,prefill_gemm,26.0,,1,5,28,106695544.8877074,106695545.0361874,0.14847999811172485
facebook/opt-125m,64,1024,prefill,prefill,prefill_gemm,26.0,,2,0,28,106695545.0361874,106695545.1846674,0.14847999811172485
facebook/opt-125m,64,1024,prefill,prefill,prefill_gemm,26.0,,2,1,28,106695545.1846674,106695545.33314739,0.14847999811172485
facebook/opt-125m,64,1024,prefill,prefill,prefill_gemm,26.0,,2,2,28,106695545.33314739,106695545.48162739,0.14847999811172485
facebook/opt-125m,64,1024,prefill,prefill,prefill_gemm,26.0,,2,3,28,106695545.48162739,106695545.63010739,0.14847999811172485
facebook/opt-125m,64,1024,prefill,prefill,prefill_gemm,26.0,,2,4,28,106695545.63010739,106695545.77858739,0.14847999811172485
facebook/opt-125m,64,1024,prefill,prefill,prefill_gemm,26.0,,2,5,28,106695545.77858739,106695545.92706738,0.14847999811172485
facebook/opt-125m,64,1024,prefill,prefill,prefill_gemm,26.0,,3,0,28,106695545.92706738,106695546.07554738,0.14847999811172485
facebook/opt-125m,64,1024,prefill,prefill,prefill_gemm,26.0,,3,1,28,106695546.07554738,106695546.22402738,0.14847999811172485
facebook/opt-125m,64,1024,prefill,prefill,prefill_gemm,26.0,,3,2,28,106695546.22402738,106695546.37250738,0.14847999811172485
facebook/opt-125m,64,1024,prefill,prefill,prefill_gemm,26.0,,3,3,28,106695546.37250738,106695546.52098738,0.14847999811172485
facebook/opt-125m,64,1024,prefill,prefill,prefill_gemm,26.0,,3,4,28,106695546.52098738,106695546.66946737,0.14847999811172485
facebook/opt-125m,64,1024,prefill,prefill,prefill_gemm,26.0,,3,5,28,106695546.66946737,106695546.81794737,0.14847999811172485
facebook/opt-125m,64,1024,prefill,prefill,prefill_gemm,26.0,,4,0,28,106695546.81794737,106695546.96642737,0.14847999811172485
facebook/opt-125m,64,1024,prefill,prefill,prefill_gemm,26.0,,4,1,28,106695546.96642737,106695547.11490737,0.14847999811172485
facebook/opt-125m,64,1024,prefill,prefill,prefill_gemm,26.0,,4,2,28,106695547.11490737,106695547.26338737,0.14847999811172485
facebook/opt-125m,64,1024,prefill,prefill,prefill_gemm,26.0,,4,3,28,106695547.26338737,106695547.41186737,0.14847999811172485
facebook/opt-125m,64,1024,prefill,prefill,prefill_gemm,26.0,,4,4,28,106695547.41186737,106695547.56034736,0.14847999811172485
facebook/opt-125m,64,1024,prefill,prefill,prefill_gemm,26.0,,4,5,28,106695547.56034736,106695547.70882736,0.14847999811172485
facebook/opt-125m,64,1024,prefill,prefill,prefill_gemm,26.0,,5,0,28,106695547.70882736,106695547.85730736,0.14847999811172485
facebook/opt-125m,64,1024,prefill,prefill,prefill_gemm,26.0,,5,1,28,106695547.85730736,106695548.00578736,0.14847999811172485
facebook/opt-125m,64,1024,prefill,prefill,prefill_gemm,26.0,,5,2,28,106695548.00578736,106695548.15426736,0.14847999811172485
facebook/opt-125m,64,1024,prefill,prefill,prefill_gemm,26.0,,5,3,28,106695548.15426736,106695548.30274735,0.14847999811172485
facebook/opt-125m,64,1024,prefill,prefill,prefill_gemm,26.0,,5,4,28,106695548.30274735,106695548.45122735,0.14847999811172485
facebook/opt-125m,64,1024,prefill,prefill,prefill_gemm,26.0,,5,5,28,106695548.45122735,106695548.59970735,0.14847999811172485
facebook/opt-125m,64,1024,prefill,prefill,prefill_gemm,26.0,,6,0,28,106695548.59970735,106695548.74818735,0.14847999811172485
facebook/opt-125m,64,1024,prefill,prefill,prefill_gemm,26.0,,6,1,28,106695548.74818735,106695548.89666735,0.14847999811172485
facebook/opt-125m,64,1024,prefill,prefill,prefill_gemm,26.0,,6,2,28,106695548.89666735,106695549.04514734,0.14847999811172485
facebook/opt-125m,64,1024,prefill,prefill,prefill_gemm,26.0,,6,3,28,106695549.04514734,106695549.19362734,0.14847999811172485
facebook/opt-125m,64,1024,prefill,prefill,prefill_gemm,26.0,,6,4,28,106695549.19362734,106695549.34210734,0.14847999811172485
facebook/opt-125m,64,1024,prefill,prefill,prefill_gemm,26.0,,6,5,28,106695549.34210734,106695549.49058734,0.14847999811172485
facebook/opt-125m,64,1024,prefill,prefill,prefill_gemm,26.0,,7,0,28,106695549.49058734,106695549.63906734,0.14847999811172485
facebook/opt-125m,64,1024,prefill,prefill,prefill_gemm,26.0,,7,1,28,106695549.63906734,106695549.78754734,0.14847999811172485
facebook/opt-125m,64,1024,prefill,prefill,prefill_gemm,26.0,,7,2,28,106695549.78754734,106695549.93602733,0.14847999811172485
facebook/opt-125m,64,1024,prefill,prefill,prefill_gemm,26.0,,7,3,28,106695549.93602733,106695550.08450733,0.14847999811172485
facebook/opt-125m,64,1024,prefill,prefill,prefill_gemm,26.0,,7,4,28,106695550.08450733,106695550.23298733,0.14847999811172485
facebook/opt-125m,64,1024,prefill,prefill,prefill_gemm,26.0,,7,5,28,106695550.23298733,106695550.38146733,0.14847999811172485
facebook/opt-125m,64,1024,prefill,prefill,prefill_gemm,26.0,,8,0,28,106695550.38146733,106695550.52994733,0.14847999811172485
facebook/opt-125m,64,1024,prefill,prefill,prefill_gemm,26.0,,8,1,28,106695550.52994733,106695550.67842732,0.14847999811172485
facebook/opt-125m,64,1024,prefill,prefill,prefill_gemm,26.0,,8,2,28,106695550.67842732,106695550.82690732,0.14847999811172485
facebook/opt-125m,64,1024,prefill,prefill,prefill_gemm,26.0,,8,3,28,106695550.82690732,106695550.97538732,0.14847999811172485
facebook/opt-125m,64,1024,prefill,prefill,prefill_gemm,26.0,,8,4,28,106695550.97538732,106695551.12386732,0.14847999811172485
facebook/opt-125m,64,1024,prefill,prefill,prefill_gemm,26.0,,8,5,28,106695551.12386732,106695551.27234732,0.14847999811172485
facebook/opt-125m,64,1024,prefill,prefill,prefill_gemm,26.0,,9,0,28,106695551.27234732,106695551.42082731,0.14847999811172485
facebook/opt-125m,64,1024,prefill,prefill,prefill_gemm,26.0,,9,1,28,106695551.42082731,106695551.56930731,0.14847999811172485
facebook/opt-125m,64,1024,prefill,prefill,prefill_gemm,26.0,,9,2,28,106695551.56930731,106695551.71778731,0.14847999811172485
facebook/opt-125m,64,1024,prefill,prefill,prefill_gemm,26.0,,9,3,28,106695551.71778731,106695551.86626731,0.14847999811172485
facebook/opt-125m,64,1024,prefill,prefill,prefill_gemm,26.0,,9,4,28,106695551.86626731,106695552.0147473,0.14847999811172485
facebook/opt-125m,64,1024,prefill,prefill,prefill_gemm,26.0,,9,5,28,106695552.0147473,106695552.1632273,0.14847999811172485
facebook/opt-125m,64,1024,prefill,prefill,prefill_gemm,26.0,,10,0,28,106695552.1632273,106695552.3117073,0.14847999811172485
facebook/opt-125m,64,1024,prefill,prefill,prefill_gemm,26.0,,10,1,28,106695552.3117073,106695552.4601873,0.14847999811172485
facebook/opt-125m,64,1024,prefill,prefill,prefill_gemm,26.0,,10,2,28,106695552.4601873,106695552.6086673,0.14847999811172485
facebook/opt-125m,64,1024,prefill,prefill,prefill_gemm,26.0,,10,3,28,106695552.6086673,106695552.7571473,0.14847999811172485
facebook/opt-125m,64,1024,prefill,prefill,prefill_gemm,26.0,,10,4,28,106695552.7571473,106695552.9056273,0.14847999811172485
facebook/opt-125m,64,1024,prefill,prefill,prefill_gemm,26.0,,10,5,28,106695552.9056273,106695553.0541073,0.14847999811172485
facebook/opt-125m,64,1024,prefill,prefill,prefill_gemm,26.0,,11,0,28,106695553.0541073,106695553.20258729,0.14847999811172485
facebook/opt-125m,64,1024,prefill,prefill,prefill_gemm,26.0,,11,1,28,106695553.20258729,106695553.35106729,0.14847999811172485
facebook/opt-125m,64,1024,prefill,prefill,prefill_gemm,26.0,,11,2,28,106695553.35106729,106695553.49954729,0.14847999811172485
facebook/opt-125m,64,1024,prefill,prefill,prefill_gemm,26.0,,11,3,28,106695553.49954729,106695553.64802729,0.14847999811172485
facebook/opt-125m,64,1024,prefill,prefill,prefill_gemm,26.0,,11,4,28,106695553.64802729,106695553.79650728,0.14847999811172485
facebook/opt-125m,64,1024,prefill,prefill,prefill_gemm,26.0,,11,5,28,106695553.79650728,106695553.94498728,0.14847999811172485
facebook/opt-125m,64,1024,prefill,prefill,prefill_gemm,27.0,,0,0,28,106695553.94498728,106695554.09346728,0.14847999811172485
facebook/opt-125m,64,1024,prefill,prefill,prefill_gemm,27.0,,0,1,28,106695554.09346728,106695554.24194728,0.14847999811172485
facebook/opt-125m,64,1024,prefill,prefill,prefill_gemm,27.0,,0,2,28,106695554.24194728,106695554.39042728,0.14847999811172485
facebook/opt-125m,64,1024,prefill,prefill,prefill_gemm,27.0,,0,3,28,106695554.39042728,106695554.53890727,0.14847999811172485
facebook/opt-125m,64,1024,prefill,prefill,prefill_gemm,27.0,,0,4,28,106695554.53890727,106695554.68738727,0.14847999811172485
facebook/opt-125m,64,1024,prefill,prefill,prefill_gemm,27.0,,0,5,28,106695554.68738727,106695554.83586727,0.14847999811172485
facebook/opt-125m,64,1024,prefill,prefill,prefill_gemm,27.0,,1,0,28,106695554.83586727,106695554.98434727,0.14847999811172485
facebook/opt-125m,64,1024,prefill,prefill,prefill_gemm,27.0,,1,1,28,106695554.98434727,106695555.13282727,0.14847999811172485
facebook/opt-125m,64,1024,prefill,prefill,prefill_gemm,27.0,,1,2,29,106695555.274854,106695555.423334,0.14847999811172485
facebook/opt-125m,64,1024,prefill,prefill,prefill_gemm,27.0,,1,3,29,106695555.423334,106695555.571814,0.14847999811172485
facebook/opt-125m,64,1024,prefill,prefill,prefill_gemm,27.0,,1,4,29,106695555.571814,106695555.720294,0.14847999811172485
facebook/opt-125m,64,1024,prefill,prefill,prefill_gemm,27.0,,1,5,29,106695555.720294,106695555.868774,0.14847999811172485
facebook/opt-125m,64,1024,prefill,prefill,prefill_gemm,27.0,,2,0,29,106695555.868774,106695556.017254,0.14847999811172485
facebook/opt-125m,64,1024,prefill,prefill,prefill_gemm,27.0,,2,1,29,106695556.017254,106695556.165734,0.14847999811172485
facebook/opt-125m,64,1024,prefill,prefill,prefill_gemm,27.0,,2,2,29,106695556.165734,106695556.31421399,0.14847999811172485
facebook/opt-125m,64,1024,prefill,prefill,prefill_gemm,27.0,,2,3,29,106695556.31421399,106695556.46269399,0.14847999811172485
facebook/opt-125m,64,1024,prefill,prefill,prefill_gemm,27.0,,2,4,29,106695556.46269399,106695556.61117399,0.14847999811172485
facebook/opt-125m,64,1024,prefill,prefill,prefill_gemm,27.0,,2,5,29,106695556.61117399,106695556.75965399,0.14847999811172485
facebook/opt-125m,64,1024,prefill,prefill,prefill_gemm,27.0,,3,0,29,106695556.75965399,106695556.90813398,0.14847999811172485
facebook/opt-125m,64,1024,prefill,prefill,prefill_gemm,27.0,,3,1,29,106695556.90813398,106695557.05661398,0.14847999811172485
facebook/opt-125m,64,1024,prefill,prefill,prefill_gemm,27.0,,3,2,29,106695557.05661398,106695557.20509398,0.14847999811172485
facebook/opt-125m,64,1024,prefill,prefill,prefill_gemm,27.0,,3,3,29,106695557.20509398,106695557.35357398,0.14847999811172485
facebook/opt-125m,64,1024,prefill,prefill,prefill_gemm,27.0,,3,4,29,106695557.35357398,106695557.50205398,0.14847999811172485
facebook/opt-125m,64,1024,prefill,prefill,prefill_gemm,27.0,,3,5,29,106695557.50205398,106695557.65053397,0.14847999811172485
facebook/opt-125m,64,1024,prefill,prefill,prefill_gemm,27.0,,4,0,29,106695557.65053397,106695557.79901397,0.14847999811172485
facebook/opt-125m,64,1024,prefill,prefill,prefill_gemm,27.0,,4,1,29,106695557.79901397,106695557.94749397,0.14847999811172485
facebook/opt-125m,64,1024,prefill,prefill,prefill_gemm,27.0,,4,2,29,106695557.94749397,106695558.09597397,0.14847999811172485
facebook/opt-125m,64,1024,prefill,prefill,prefill_gemm,27.0,,4,3,29,106695558.09597397,106695558.24445397,0.14847999811172485
facebook/opt-125m,64,1024,prefill,prefill,prefill_gemm,27.0,,4,4,29,106695558.24445397,106695558.39293396,0.14847999811172485
facebook/opt-125m,64,1024,prefill,prefill,prefill_gemm,27.0,,4,5,29,106695558.39293396,106695558.54141396,0.14847999811172485
facebook/opt-125m,64,1024,prefill,prefill,prefill_gemm,27.0,,5,0,29,106695558.54141396,106695558.68989396,0.14847999811172485
facebook/opt-125m,64,1024,prefill,prefill,prefill_gemm,27.0,,5,1,29,106695558.68989396,106695558.83837396,0.14847999811172485
facebook/opt-125m,64,1024,prefill,prefill,prefill_gemm,27.0,,5,2,29,106695558.83837396,106695558.98685396,0.14847999811172485
facebook/opt-125m,64,1024,prefill,prefill,prefill_gemm,27.0,,5,3,29,106695558.98685396,106695559.13533396,0.14847999811172485
facebook/opt-125m,64,1024,prefill,prefill,prefill_gemm,27.0,,5,4,29,106695559.13533396,106695559.28381395,0.14847999811172485
facebook/opt-125m,64,1024,prefill,prefill,prefill_gemm,27.0,,5,5,29,106695559.28381395,106695559.43229395,0.14847999811172485
facebook/opt-125m,64,1024,prefill,prefill,prefill_gemm,27.0,,6,0,29,106695559.43229395,106695559.58077395,0.14847999811172485
facebook/opt-125m,64,1024,prefill,prefill,prefill_gemm,27.0,,6,1,29,106695559.58077395,106695559.72925395,0.14847999811172485
facebook/opt-125m,64,1024,prefill,prefill,prefill_gemm,27.0,,6,2,29,106695559.72925395,106695559.87773395,0.14847999811172485
facebook/opt-125m,64,1024,prefill,prefill,prefill_gemm,27.0,,6,3,29,106695559.87773395,106695560.02621394,0.14847999811172485
facebook/opt-125m,64,1024,prefill,prefill,prefill_gemm,27.0,,6,4,29,106695560.02621394,106695560.17469394,0.14847999811172485
facebook/opt-125m,64,1024,prefill,prefill,prefill_gemm,27.0,,6,5,29,106695560.17469394,106695560.32317394,0.14847999811172485
facebook/opt-125m,64,1024,prefill,prefill,prefill_gemm,27.0,,7,0,29,106695560.32317394,106695560.47165394,0.14847999811172485
facebook/opt-125m,64,1024,prefill,prefill,prefill_gemm,27.0,,7,1,29,106695560.47165394,106695560.62013394,0.14847999811172485
facebook/opt-125m,64,1024,prefill,prefill,prefill_gemm,27.0,,7,2,29,106695560.62013394,106695560.76861393,0.14847999811172485
facebook/opt-125m,64,1024,prefill,prefill,prefill_gemm,27.0,,7,3,29,106695560.76861393,106695560.91709393,0.14847999811172485
facebook/opt-125m,64,1024,prefill,prefill,prefill_gemm,27.0,,7,4,29,106695560.91709393,106695561.06557393,0.14847999811172485
facebook/opt-125m,64,1024,prefill,prefill,prefill_gemm,27.0,,7,5,29,106695561.06557393,106695561.21405393,0.14847999811172485
facebook/opt-125m,64,1024,prefill,prefill,prefill_gemm,27.0,,8,0,29,106695561.21405393,106695561.36253393,0.14847999811172485
facebook/opt-125m,64,1024,prefill,prefill,prefill_gemm,27.0,,8,1,29,106695561.36253393,106695561.51101393,0.14847999811172485
facebook/opt-125m,64,1024,prefill,prefill,prefill_gemm,27.0,,8,2,29,106695561.51101393,106695561.65949392,0.14847999811172485
facebook/opt-125m,64,1024,prefill,prefill,prefill_gemm,27.0,,8,3,29,106695561.65949392,106695561.80797392,0.14847999811172485
facebook/opt-125m,64,1024,prefill,prefill,prefill_gemm,27.0,,8,4,29,106695561.80797392,106695561.95645392,0.14847999811172485
facebook/opt-125m,64,1024,prefill,prefill,prefill_gemm,27.0,,8,5,29,106695561.95645392,106695562.10493392,0.14847999811172485
facebook/opt-125m,64,1024,prefill,prefill,prefill_gemm,27.0,,9,0,29,106695562.10493392,106695562.25341392,0.14847999811172485
facebook/opt-125m,64,1024,prefill,prefill,prefill_gemm,27.0,,9,1,29,106695562.25341392,106695562.40189391,0.14847999811172485
facebook/opt-125m,64,1024,prefill,prefill,prefill_gemm,27.0,,9,2,29,106695562.40189391,106695562.55037391,0.14847999811172485
facebook/opt-125m,64,1024,prefill,prefill,prefill_gemm,27.0,,9,3,29,106695562.55037391,106695562.69885391,0.14847999811172485
facebook/opt-125m,64,1024,prefill,prefill,prefill_gemm,27.0,,9,4,29,106695562.69885391,106695562.84733391,0.14847999811172485
facebook/opt-125m,64,1024,prefill,prefill,prefill_gemm,27.0,,9,5,29,106695562.84733391,106695562.9958139,0.14847999811172485
facebook/opt-125m,64,1024,prefill,prefill,prefill_gemm,27.0,,10,0,29,106695562.9958139,106695563.1442939,0.14847999811172485
facebook/opt-125m,64,1024,prefill,prefill,prefill_gemm,27.0,,10,1,29,106695563.1442939,106695563.2927739,0.14847999811172485
facebook/opt-125m,64,1024,prefill,prefill,prefill_gemm,27.0,,10,2,29,106695563.2927739,106695563.4412539,0.14847999811172485
facebook/opt-125m,64,1024,prefill,prefill,prefill_gemm,27.0,,10,3,29,106695563.4412539,106695563.5897339,0.14847999811172485
facebook/opt-125m,64,1024,prefill,prefill,prefill_gemm,27.0,,10,4,29,106695563.5897339,106695563.7382139,0.14847999811172485
facebook/opt-125m,64,1024,prefill,prefill,prefill_gemm,27.0,,10,5,29,106695563.7382139,106695563.8866939,0.14847999811172485
facebook/opt-125m,64,1024,prefill,prefill,prefill_gemm,27.0,,11,0,29,106695563.8866939,106695564.0351739,0.14847999811172485
facebook/opt-125m,64,1024,prefill,prefill,prefill_gemm,27.0,,11,1,29,106695564.0351739,106695564.18365389,0.14847999811172485
facebook/opt-125m,64,1024,prefill,prefill,prefill_gemm,27.0,,11,2,29,106695564.18365389,106695564.33213389,0.14847999811172485
facebook/opt-125m,64,1024,prefill,prefill,prefill_gemm,27.0,,11,3,29,106695564.33213389,106695564.48061389,0.14847999811172485
facebook/opt-125m,64,1024,prefill,prefill,prefill_gemm,27.0,,11,4,29,106695564.48061389,106695564.62909389,0.14847999811172485
facebook/opt-125m,64,1024,prefill,prefill,prefill_gemm,27.0,,11,5,29,106695564.62909389,106695564.77757388,0.14847999811172485
facebook/opt-125m,64,1024,prefill,prefill,prefill_gemm,28.0,,0,0,29,106695564.77757388,106695564.92605388,0.14847999811172485
facebook/opt-125m,64,1024,prefill,prefill,prefill_gemm,28.0,,0,1,29,106695564.92605388,106695565.07453388,0.14847999811172485
facebook/opt-125m,64,1024,prefill,prefill,prefill_gemm,28.0,,0,2,29,106695565.07453388,106695565.22301388,0.14847999811172485
facebook/opt-125m,64,1024,prefill,prefill,prefill_gemm,28.0,,0,3,29,106695565.22301388,106695565.37149388,0.14847999811172485
facebook/opt-125m,64,1024,prefill,prefill,prefill_gemm,28.0,,0,4,29,106695565.37149388,106695565.51997387,0.14847999811172485
facebook/opt-125m,64,1024,prefill,prefill,prefill_gemm,28.0,,0,5,29,106695565.51997387,106695565.66845387,0.14847999811172485
facebook/opt-125m,64,1024,prefill,prefill,prefill_gemm,28.0,,1,0,29,106695565.66845387,106695565.81693387,0.14847999811172485
facebook/opt-125m,64,1024,prefill,prefill,prefill_gemm,28.0,,1,1,29,106695565.81693387,106695565.96541387,0.14847999811172485
facebook/opt-125m,64,1024,prefill,prefill,prefill_gemm,28.0,,1,2,29,106695565.96541387,106695566.11389387,0.14847999811172485
facebook/opt-125m,64,1024,prefill,prefill,prefill_gemm,28.0,,1,3,29,106695566.11389387,106695566.26237386,0.14847999811172485
facebook/opt-125m,64,1024,prefill,prefill,prefill_gemm,28.0,,1,4,29,106695566.26237386,106695566.41085386,0.14847999811172485
facebook/opt-125m,64,1024,prefill,prefill,prefill_gemm,28.0,,1,5,29,106695566.41085386,106695566.55933386,0.14847999811172485
facebook/opt-125m,64,1024,prefill,prefill,prefill_gemm,28.0,,2,0,29,106695566.55933386,106695566.70781386,0.14847999811172485
facebook/opt-125m,64,1024,prefill,prefill,prefill_gemm,28.0,,2,1,29,106695566.70781386,106695566.85629386,0.14847999811172485
facebook/opt-125m,64,1024,prefill,prefill,prefill_gemm,28.0,,2,2,29,106695566.85629386,106695567.00477386,0.14847999811172485
facebook/opt-125m,64,1024,prefill,prefill,prefill_gemm,28.0,,2,3,29,106695567.00477386,106695567.15325385,0.14847999811172485
facebook/opt-125m,64,1024,prefill,prefill,prefill_gemm,28.0,,2,4,29,106695567.15325385,106695567.30173385,0.14847999811172485
facebook/opt-125m,64,1024,prefill,prefill,prefill_gemm,28.0,,2,5,29,106695567.30173385,106695567.45021385,0.14847999811172485
facebook/opt-125m,64,1024,prefill,prefill,prefill_gemm,28.0,,3,0,29,106695567.45021385,106695567.59869385,0.14847999811172485
facebook/opt-125m,64,1024,prefill,prefill,prefill_gemm,28.0,,3,1,29,106695567.59869385,106695567.74717385,0.14847999811172485
facebook/opt-125m,64,1024,prefill,prefill,prefill_gemm,28.0,,3,2,29,106695567.74717385,106695567.89565384,0.14847999811172485
facebook/opt-125m,64,1024,prefill,prefill,prefill_gemm,28.0,,3,3,29,106695567.89565384,106695568.04413384,0.14847999811172485
facebook/opt-125m,64,1024,prefill,prefill,prefill_gemm,28.0,,3,4,29,106695568.04413384,106695568.19261384,0.14847999811172485
facebook/opt-125m,64,1024,prefill,prefill,prefill_gemm,28.0,,3,5,29,106695568.19261384,106695568.34109384,0.14847999811172485
facebook/opt-125m,64,1024,prefill,prefill,prefill_gemm,28.0,,4,0,29,106695568.34109384,106695568.48957384,0.14847999811172485
facebook/opt-125m,64,1024,prefill,prefill,prefill_gemm,28.0,,4,1,29,106695568.48957384,106695568.63805383,0.14847999811172485
facebook/opt-125m,64,1024,prefill,prefill,prefill_gemm,28.0,,4,2,29,106695568.63805383,106695568.78653383,0.14847999811172485
facebook/opt-125m,64,1024,prefill,prefill,prefill_gemm,28.0,,4,3,29,106695568.78653383,106695568.93501383,0.14847999811172485
facebook/opt-125m,64,1024,prefill,prefill,prefill_gemm,28.0,,4,4,29,106695568.93501383,106695569.08349383,0.14847999811172485
facebook/opt-125m,64,1024,prefill,prefill,prefill_gemm,28.0,,4,5,29,106695569.08349383,106695569.23197383,0.14847999811172485
facebook/opt-125m,64,1024,prefill,prefill,prefill_gemm,28.0,,5,0,29,106695569.23197383,106695569.38045382,0.14847999811172485
facebook/opt-125m,64,1024,prefill,prefill,prefill_gemm,28.0,,5,1,29,106695569.38045382,106695569.52893382,0.14847999811172485
facebook/opt-125m,64,1024,prefill,prefill,prefill_gemm,28.0,,5,2,29,106695569.52893382,106695569.67741382,0.14847999811172485
facebook/opt-125m,64,1024,prefill,prefill,prefill_gemm,28.0,,5,3,29,106695569.67741382,106695569.82589382,0.14847999811172485
facebook/opt-125m,64,1024,prefill,prefill,prefill_gemm,28.0,,5,4,29,106695569.82589382,106695569.97437382,0.14847999811172485
facebook/opt-125m,64,1024,prefill,prefill,prefill_gemm,28.0,,5,5,29,106695569.97437382,106695570.12285382,0.14847999811172485
facebook/opt-125m,64,1024,prefill,prefill,prefill_gemm,28.0,,6,0,29,106695570.12285382,106695570.27133381,0.14847999811172485
facebook/opt-125m,64,1024,prefill,prefill,prefill_gemm,28.0,,6,1,29,106695570.27133381,106695570.41981381,0.14847999811172485
facebook/opt-125m,64,1024,prefill,prefill,prefill_gemm,28.0,,6,2,29,106695570.41981381,106695570.56829381,0.14847999811172485
facebook/opt-125m,64,1024,prefill,prefill,prefill_gemm,28.0,,6,3,29,106695570.56829381,106695570.71677381,0.14847999811172485
facebook/opt-125m,64,1024,prefill,prefill,prefill_gemm,28.0,,6,4,29,106695570.71677381,106695570.8652538,0.14847999811172485
facebook/opt-125m,64,1024,prefill,prefill,prefill_gemm,28.0,,6,5,29,106695570.8652538,106695571.0137338,0.14847999811172485
facebook/opt-125m,64,1024,prefill,prefill,prefill_gemm,28.0,,7,0,29,106695571.0137338,106695571.1622138,0.14847999811172485
facebook/opt-125m,64,1024,prefill,prefill,prefill_gemm,28.0,,7,1,29,106695571.1622138,106695571.3106938,0.14847999811172485
facebook/opt-125m,64,1024,prefill,prefill,prefill_gemm,28.0,,7,2,29,106695571.3106938,106695571.4591738,0.14847999811172485
facebook/opt-125m,64,1024,prefill,prefill,prefill_gemm,28.0,,7,3,29,106695571.4591738,106695571.6076538,0.14847999811172485
facebook/opt-125m,64,1024,prefill,prefill,prefill_gemm,28.0,,7,4,29,106695571.6076538,106695571.7561338,0.14847999811172485
facebook/opt-125m,64,1024,prefill,prefill,prefill_gemm,28.0,,7,5,29,106695571.7561338,106695571.9046138,0.14847999811172485
facebook/opt-125m,64,1024,prefill,prefill,prefill_gemm,28.0,,8,0,29,106695571.9046138,106695572.05309379,0.14847999811172485
facebook/opt-125m,64,1024,prefill,prefill,prefill_gemm,28.0,,8,1,29,106695572.05309379,106695572.20157379,0.14847999811172485
facebook/opt-125m,64,1024,prefill,prefill,prefill_gemm,28.0,,8,2,29,106695572.20157379,106695572.35005379,0.14847999811172485
facebook/opt-125m,64,1024,prefill,prefill,prefill_gemm,28.0,,8,3,29,106695572.35005379,106695572.49853379,0.14847999811172485
facebook/opt-125m,64,1024,prefill,prefill,prefill_gemm,28.0,,8,4,29,106695572.49853379,106695572.64701378,0.14847999811172485
facebook/opt-125m,64,1024,prefill,prefill,prefill_gemm,28.0,,8,5,29,106695572.64701378,106695572.79549378,0.14847999811172485
facebook/opt-125m,64,1024,prefill,prefill,prefill_gemm,28.0,,9,0,29,106695572.79549378,106695572.94397378,0.14847999811172485
facebook/opt-125m,64,1024,prefill,prefill,prefill_gemm,28.0,,9,1,29,106695572.94397378,106695573.09245378,0.14847999811172485
facebook/opt-125m,64,1024,prefill,prefill,prefill_gemm,28.0,,9,2,29,106695573.09245378,106695573.24093378,0.14847999811172485
facebook/opt-125m,64,1024,prefill,prefill,prefill_gemm,28.0,,9,3,29,106695573.24093378,106695573.38941377,0.14847999811172485
facebook/opt-125m,64,1024,prefill,prefill,prefill_gemm,28.0,,9,4,29,106695573.38941377,106695573.53789377,0.14847999811172485
facebook/opt-125m,64,1024,prefill,prefill,prefill_gemm,28.0,,9,5,29,106695573.53789377,106695573.68637377,0.14847999811172485
facebook/opt-125m,64,1024,prefill,prefill,prefill_gemm,28.0,,10,0,29,106695573.68637377,106695573.83485377,0.14847999811172485
facebook/opt-125m,64,1024,prefill,prefill,prefill_gemm,28.0,,10,1,29,106695573.83485377,106695573.98333377,0.14847999811172485
facebook/opt-125m,64,1024,prefill,prefill,prefill_gemm,28.0,,10,2,29,106695573.98333377,106695574.13181376,0.14847999811172485
facebook/opt-125m,64,1024,prefill,prefill,prefill_gemm,28.0,,10,3,29,106695574.13181376,106695574.28029376,0.14847999811172485
facebook/opt-125m,64,1024,prefill,prefill,prefill_gemm,28.0,,10,4,29,106695574.28029376,106695574.42877376,0.14847999811172485
facebook/opt-125m,64,1024,prefill,prefill,prefill_gemm,28.0,,10,5,29,106695574.42877376,106695574.57725376,0.14847999811172485
facebook/opt-125m,64,1024,prefill,prefill,prefill_gemm,28.0,,11,0,29,106695574.57725376,106695574.72573376,0.14847999811172485
facebook/opt-125m,64,1024,prefill,prefill,prefill_gemm,28.0,,11,1,29,106695574.72573376,106695574.87421376,0.14847999811172485
facebook/opt-125m,64,1024,prefill,prefill,prefill_gemm,28.0,,11,2,29,106695574.87421376,106695575.02269375,0.14847999811172485
facebook/opt-125m,64,1024,prefill,prefill,prefill_gemm,28.0,,11,3,29,106695575.02269375,106695575.17117375,0.14847999811172485
facebook/opt-125m,64,1024,prefill,prefill,prefill_gemm,28.0,,11,4,29,106695575.17117375,106695575.31965375,0.14847999811172485
facebook/opt-125m,64,1024,prefill,prefill,prefill_gemm,28.0,,11,5,29,106695575.31965375,106695575.46813375,0.14847999811172485
facebook/opt-125m,64,1024,prefill,prefill,prefill_gemm,29.0,,0,0,29,106695575.46813375,106695575.61661375,0.14847999811172485
facebook/opt-125m,64,1024,prefill,prefill,prefill_gemm,29.0,,0,1,29,106695575.61661375,106695575.76509374,0.14847999811172485
facebook/opt-125m,64,1024,prefill,prefill,prefill_gemm,29.0,,0,2,29,106695575.76509374,106695575.91357374,0.14847999811172485
facebook/opt-125m,64,1024,prefill,prefill,prefill_gemm,29.0,,0,3,29,106695575.91357374,106695576.06205374,0.14847999811172485
facebook/opt-125m,64,1024,prefill,prefill,prefill_gemm,29.0,,0,4,29,106695576.06205374,106695576.21053374,0.14847999811172485
facebook/opt-125m,64,1024,prefill,prefill,prefill_gemm,29.0,,0,5,29,106695576.21053374,106695576.35901374,0.14847999811172485
facebook/opt-125m,64,1024,prefill,prefill,prefill_gemm,29.0,,1,0,29,106695576.35901374,106695576.50749373,0.14847999811172485
facebook/opt-125m,64,1024,prefill,prefill,prefill_gemm,29.0,,1,1,29,106695576.50749373,106695576.65597373,0.14847999811172485
facebook/opt-125m,64,1024,prefill,prefill,prefill_gemm,29.0,,1,2,29,106695576.65597373,106695576.80445373,0.14847999811172485
facebook/opt-125m,64,1024,prefill,prefill,prefill_gemm,29.0,,1,3,29,106695576.80445373,106695576.95293373,0.14847999811172485
facebook/opt-125m,64,1024,prefill,prefill,prefill_gemm,29.0,,1,4,29,106695576.95293373,106695577.10141373,0.14847999811172485
facebook/opt-125m,64,1024,prefill,prefill,prefill_gemm,29.0,,1,5,29,106695577.10141373,106695577.24989372,0.14847999811172485
facebook/opt-125m,64,1024,prefill,prefill,prefill_gemm,29.0,,2,0,29,106695577.24989372,106695577.39837372,0.14847999811172485
facebook/opt-125m,64,1024,prefill,prefill,prefill_gemm,29.0,,2,1,29,106695577.39837372,106695577.54685372,0.14847999811172485
facebook/opt-125m,64,1024,prefill,prefill,prefill_gemm,29.0,,2,2,29,106695577.54685372,106695577.69533372,0.14847999811172485
facebook/opt-125m,64,1024,prefill,prefill,prefill_gemm,29.0,,2,3,29,106695577.69533372,106695577.84381372,0.14847999811172485
facebook/opt-125m,64,1024,prefill,prefill,prefill_gemm,29.0,,2,4,29,106695577.84381372,106695577.99229372,0.14847999811172485
facebook/opt-125m,64,1024,prefill,prefill,prefill_gemm,29.0,,2,5,29,106695577.99229372,106695578.14077371,0.14847999811172485
facebook/opt-125m,64,1024,prefill,prefill,prefill_gemm,29.0,,3,0,29,106695578.14077371,106695578.28925371,0.14847999811172485
facebook/opt-125m,64,1024,prefill,prefill,prefill_gemm,29.0,,3,1,29,106695578.28925371,106695578.43773371,0.14847999811172485
facebook/opt-125m,64,1024,prefill,prefill,prefill_gemm,29.0,,3,2,29,106695578.43773371,106695578.58621371,0.14847999811172485
facebook/opt-125m,64,1024,prefill,prefill,prefill_gemm,29.0,,3,3,29,106695578.58621371,106695578.7346937,0.14847999811172485
facebook/opt-125m,64,1024,prefill,prefill,prefill_gemm,29.0,,3,4,29,106695578.7346937,106695578.8831737,0.14847999811172485
facebook/opt-125m,64,1024,prefill,prefill,prefill_gemm,29.0,,3,5,29,106695578.8831737,106695579.0316537,0.14847999811172485
facebook/opt-125m,64,1024,prefill,prefill,prefill_gemm,29.0,,4,0,29,106695579.0316537,106695579.1801337,0.14847999811172485
facebook/opt-125m,64,1024,prefill,prefill,prefill_gemm,29.0,,4,1,29,106695579.1801337,106695579.3286137,0.14847999811172485
facebook/opt-125m,64,1024,prefill,prefill,prefill_gemm,29.0,,4,2,29,106695579.3286137,106695579.4770937,0.14847999811172485
facebook/opt-125m,64,1024,prefill,prefill,prefill_gemm,29.0,,4,3,29,106695579.4770937,106695579.6255737,0.14847999811172485
facebook/opt-125m,64,1024,prefill,prefill,prefill_gemm,29.0,,4,4,29,106695579.6255737,106695579.7740537,0.14847999811172485
facebook/opt-125m,64,1024,prefill,prefill,prefill_gemm,29.0,,4,5,29,106695579.7740537,106695579.92253369,0.14847999811172485
facebook/opt-125m,64,1024,prefill,prefill,prefill_gemm,29.0,,5,0,29,106695579.92253369,106695580.07101369,0.14847999811172485
facebook/opt-125m,64,1024,prefill,prefill,prefill_gemm,29.0,,5,1,29,106695580.07101369,106695580.21949369,0.14847999811172485
facebook/opt-125m,64,1024,prefill,prefill,prefill_gemm,29.0,,5,2,29,106695580.21949369,106695580.36797369,0.14847999811172485
facebook/opt-125m,64,1024,prefill,prefill,prefill_gemm,29.0,,5,3,29,106695580.36797369,106695580.51645368,0.14847999811172485
facebook/opt-125m,64,1024,prefill,prefill,prefill_gemm,29.0,,5,4,29,106695580.51645368,106695580.66493368,0.14847999811172485
facebook/opt-125m,64,1024,prefill,prefill,prefill_gemm,29.0,,5,5,29,106695580.66493368,106695580.81341368,0.14847999811172485
facebook/opt-125m,64,1024,prefill,prefill,prefill_gemm,29.0,,6,0,29,106695580.81341368,106695580.96189368,0.14847999811172485
facebook/opt-125m,64,1024,prefill,prefill,prefill_gemm,29.0,,6,1,29,106695580.96189368,106695581.11037368,0.14847999811172485
facebook/opt-125m,64,1024,prefill,prefill,prefill_gemm,29.0,,6,2,29,106695581.11037368,106695581.25885367,0.14847999811172485
facebook/opt-125m,64,1024,prefill,prefill,prefill_gemm,29.0,,6,3,29,106695581.25885367,106695581.40733367,0.14847999811172485
facebook/opt-125m,64,1024,prefill,prefill,prefill_gemm,29.0,,6,4,29,106695581.40733367,106695581.55581367,0.14847999811172485
facebook/opt-125m,64,1024,prefill,prefill,prefill_gemm,29.0,,6,5,29,106695581.55581367,106695581.70429367,0.14847999811172485
facebook/opt-125m,64,1024,prefill,prefill,prefill_gemm,29.0,,7,0,29,106695581.70429367,106695581.85277367,0.14847999811172485
facebook/opt-125m,64,1024,prefill,prefill,prefill_gemm,29.0,,7,1,29,106695581.85277367,106695582.00125366,0.14847999811172485
facebook/opt-125m,64,1024,prefill,prefill,prefill_gemm,29.0,,7,2,29,106695582.00125366,106695582.14973366,0.14847999811172485
facebook/opt-125m,64,1024,prefill,prefill,prefill_gemm,29.0,,7,3,29,106695582.14973366,106695582.29821366,0.14847999811172485
facebook/opt-125m,64,1024,prefill,prefill,prefill_gemm,29.0,,7,4,29,106695582.29821366,106695582.44669366,0.14847999811172485
facebook/opt-125m,64,1024,prefill,prefill,prefill_gemm,29.0,,7,5,29,106695582.44669366,106695582.59517366,0.14847999811172485
facebook/opt-125m,64,1024,prefill,prefill,prefill_gemm,29.0,,8,0,29,106695582.59517366,106695582.74365366,0.14847999811172485
facebook/opt-125m,64,1024,prefill,prefill,prefill_gemm,29.0,,8,1,29,106695582.74365366,106695582.89213365,0.14847999811172485
facebook/opt-125m,64,1024,prefill,prefill,prefill_gemm,29.0,,8,2,29,106695582.89213365,106695583.04061365,0.14847999811172485
facebook/opt-125m,64,1024,prefill,prefill,prefill_gemm,29.0,,8,3,29,106695583.04061365,106695583.18909365,0.14847999811172485
facebook/opt-125m,64,1024,prefill,prefill,prefill_gemm,29.0,,8,4,29,106695583.18909365,106695583.33757365,0.14847999811172485
facebook/opt-125m,64,1024,prefill,prefill,prefill_gemm,29.0,,8,5,29,106695583.33757365,106695583.48605365,0.14847999811172485
facebook/opt-125m,64,1024,prefill,prefill,prefill_gemm,29.0,,9,0,29,106695583.48605365,106695583.63453364,0.14847999811172485
facebook/opt-125m,64,1024,prefill,prefill,prefill_gemm,29.0,,9,1,29,106695583.63453364,106695583.78301364,0.14847999811172485
facebook/opt-125m,64,1024,prefill,prefill,prefill_gemm,29.0,,9,2,29,106695583.78301364,106695583.93149364,0.14847999811172485
facebook/opt-125m,64,1024,prefill,prefill,prefill_gemm,29.0,,9,3,29,106695583.93149364,106695584.07997364,0.14847999811172485
facebook/opt-125m,64,1024,prefill,prefill,prefill_gemm,29.0,,9,4,29,106695584.07997364,106695584.22845364,0.14847999811172485
facebook/opt-125m,64,1024,prefill,prefill,prefill_gemm,29.0,,9,5,29,106695584.22845364,106695584.37693363,0.14847999811172485
facebook/opt-125m,64,1024,prefill,prefill,prefill_gemm,29.0,,10,0,29,106695584.37693363,106695584.52541363,0.14847999811172485
facebook/opt-125m,64,1024,prefill,prefill,prefill_gemm,29.0,,10,1,29,106695584.52541363,106695584.67389363,0.14847999811172485
facebook/opt-125m,64,1024,prefill,prefill,prefill_gemm,29.0,,10,2,29,106695584.67389363,106695584.82237363,0.14847999811172485
facebook/opt-125m,64,1024,prefill,prefill,prefill_gemm,29.0,,10,3,29,106695584.82237363,106695584.97085363,0.14847999811172485
facebook/opt-125m,64,1024,prefill,prefill,prefill_gemm,29.0,,10,4,29,106695584.97085363,106695585.11933362,0.14847999811172485
facebook/opt-125m,64,1024,prefill,prefill,prefill_gemm,29.0,,10,5,29,106695585.11933362,106695585.26781362,0.14847999811172485
facebook/opt-125m,64,1024,prefill,prefill,prefill_gemm,29.0,,11,0,29,106695585.26781362,106695585.41629362,0.14847999811172485
facebook/opt-125m,64,1024,prefill,prefill,prefill_gemm,29.0,,11,1,29,106695585.41629362,106695585.56477362,0.14847999811172485
facebook/opt-125m,64,1024,prefill,prefill,prefill_gemm,29.0,,11,2,29,106695585.56477362,106695585.71325362,0.14847999811172485
facebook/opt-125m,64,1024,prefill,prefill,prefill_gemm,29.0,,11,3,29,106695585.71325362,106695585.86173362,0.14847999811172485
facebook/opt-125m,64,1024,prefill,prefill,prefill_gemm,29.0,,11,4,29,106695585.86173362,106695586.01021361,0.14847999811172485
facebook/opt-125m,64,1024,prefill,prefill,prefill_gemm,29.0,,11,5,29,106695586.01021361,106695586.15869361,0.14847999811172485
facebook/opt-125m,64,1024,prefill,prefill,prefill_gemm,30.0,,0,0,29,106695586.15869361,106695586.30717361,0.14847999811172485
facebook/opt-125m,64,1024,prefill,prefill,prefill_gemm,30.0,,0,1,29,106695586.30717361,106695586.45565361,0.14847999811172485
facebook/opt-125m,64,1024,prefill,prefill,prefill_gemm,30.0,,0,2,29,106695586.45565361,106695586.6041336,0.14847999811172485
facebook/opt-125m,64,1024,prefill,prefill,prefill_gemm,30.0,,0,3,29,106695586.6041336,106695586.7526136,0.14847999811172485
facebook/opt-125m,64,1024,prefill,prefill,prefill_gemm,30.0,,0,4,29,106695586.7526136,106695586.9010936,0.14847999811172485
facebook/opt-125m,64,1024,prefill,prefill,prefill_gemm,30.0,,0,5,29,106695586.9010936,106695587.0495736,0.14847999811172485
facebook/opt-125m,64,1024,prefill,prefill,prefill_gemm,30.0,,1,0,29,106695587.0495736,106695587.1980536,0.14847999811172485
facebook/opt-125m,64,1024,prefill,prefill,prefill_gemm,30.0,,1,1,29,106695587.1980536,106695587.3465336,0.14847999811172485
facebook/opt-125m,64,1024,prefill,prefill,prefill_gemm,30.0,,1,2,29,106695587.3465336,106695587.4950136,0.14847999811172485
facebook/opt-125m,64,1024,prefill,prefill,prefill_gemm,30.0,,1,3,29,106695587.4950136,106695587.6434936,0.14847999811172485
facebook/opt-125m,64,1024,prefill,prefill,prefill_gemm,30.0,,1,4,29,106695587.6434936,106695587.79197359,0.14847999811172485
facebook/opt-125m,64,1024,prefill,prefill,prefill_gemm,30.0,,1,5,29,106695587.79197359,106695587.94045359,0.14847999811172485
facebook/opt-125m,64,1024,prefill,prefill,prefill_gemm,30.0,,2,0,29,106695587.94045359,106695588.08893359,0.14847999811172485
facebook/opt-125m,64,1024,prefill,prefill,prefill_gemm,30.0,,2,1,29,106695588.08893359,106695588.23741359,0.14847999811172485
facebook/opt-125m,64,1024,prefill,prefill,prefill_gemm,30.0,,2,2,29,106695588.23741359,106695588.38589358,0.14847999811172485
facebook/opt-125m,64,1024,prefill,prefill,prefill_gemm,30.0,,2,3,29,106695588.38589358,106695588.53437358,0.14847999811172485
facebook/opt-125m,64,1024,prefill,prefill,prefill_gemm,30.0,,2,4,29,106695588.53437358,106695588.68285358,0.14847999811172485
facebook/opt-125m,64,1024,prefill,prefill,prefill_gemm,30.0,,2,5,29,106695588.68285358,106695588.83133358,0.14847999811172485
facebook/opt-125m,64,1024,prefill,prefill,prefill_gemm,30.0,,3,0,29,106695588.83133358,106695588.97981358,0.14847999811172485
facebook/opt-125m,64,1024,prefill,prefill,prefill_gemm,30.0,,3,1,29,106695588.97981358,106695589.12829357,0.14847999811172485
facebook/opt-125m,64,1024,prefill,prefill,prefill_gemm,30.0,,3,2,29,106695589.12829357,106695589.27677357,0.14847999811172485
facebook/opt-125m,64,1024,prefill,prefill,prefill_gemm,30.0,,3,3,29,106695589.27677357,106695589.42525357,0.14847999811172485
facebook/opt-125m,64,1024,prefill,prefill,prefill_gemm,30.0,,3,4,29,106695589.42525357,106695589.57373357,0.14847999811172485
facebook/opt-125m,64,1024,prefill,prefill,prefill_gemm,30.0,,3,5,29,106695589.57373357,106695589.72221357,0.14847999811172485
facebook/opt-125m,64,1024,prefill,prefill,prefill_gemm,30.0,,4,0,29,106695589.72221357,106695589.87069356,0.14847999811172485
facebook/opt-125m,64,1024,prefill,prefill,prefill_gemm,30.0,,4,1,29,106695589.87069356,106695590.01917356,0.14847999811172485
facebook/opt-125m,64,1024,prefill,prefill,prefill_gemm,30.0,,4,2,29,106695590.01917356,106695590.16765356,0.14847999811172485
facebook/opt-125m,64,1024,prefill,prefill,prefill_gemm,30.0,,4,3,29,106695590.16765356,106695590.31613356,0.14847999811172485
facebook/opt-125m,64,1024,prefill,prefill,prefill_gemm,30.0,,4,4,29,106695590.31613356,106695590.46461356,0.14847999811172485
facebook/opt-125m,64,1024,prefill,prefill,prefill_gemm,30.0,,4,5,29,106695590.46461356,106695590.61309355,0.14847999811172485
facebook/opt-125m,64,1024,prefill,prefill,prefill_gemm,30.0,,5,0,29,106695590.61309355,106695590.76157355,0.14847999811172485
facebook/opt-125m,64,1024,prefill,prefill,prefill_gemm,30.0,,5,1,29,106695590.76157355,106695590.91005355,0.14847999811172485
facebook/opt-125m,64,1024,prefill,prefill,prefill_gemm,30.0,,5,2,29,106695590.91005355,106695591.05853355,0.14847999811172485
facebook/opt-125m,64,1024,prefill,prefill,prefill_gemm,30.0,,5,3,29,106695591.05853355,106695591.20701355,0.14847999811172485
facebook/opt-125m,64,1024,prefill,prefill,prefill_gemm,30.0,,5,4,29,106695591.20701355,106695591.35549355,0.14847999811172485
facebook/opt-125m,64,1024,prefill,prefill,prefill_gemm,30.0,,5,5,29,106695591.35549355,106695591.50397354,0.14847999811172485
facebook/opt-125m,64,1024,prefill,prefill,prefill_gemm,30.0,,6,0,29,106695591.50397354,106695591.65245354,0.14847999811172485
facebook/opt-125m,64,1024,prefill,prefill,prefill_gemm,30.0,,6,1,29,106695591.65245354,106695591.80093354,0.14847999811172485
facebook/opt-125m,64,1024,prefill,prefill,prefill_gemm,30.0,,6,2,29,106695591.80093354,106695591.94941354,0.14847999811172485
facebook/opt-125m,64,1024,prefill,prefill,prefill_gemm,30.0,,6,3,29,106695591.94941354,106695592.09789354,0.14847999811172485
facebook/opt-125m,64,1024,prefill,prefill,prefill_gemm,30.0,,6,4,29,106695592.09789354,106695592.24637353,0.14847999811172485
facebook/opt-125m,64,1024,prefill,prefill,prefill_gemm,30.0,,6,5,29,106695592.24637353,106695592.39485353,0.14847999811172485
facebook/opt-125m,64,1024,prefill,prefill,prefill_gemm,30.0,,7,0,29,106695592.39485353,106695592.54333353,0.14847999811172485
facebook/opt-125m,64,1024,prefill,prefill,prefill_gemm,30.0,,7,1,29,106695592.54333353,106695592.69181353,0.14847999811172485
facebook/opt-125m,64,1024,prefill,prefill,prefill_gemm,30.0,,7,2,29,106695592.69181353,106695592.84029353,0.14847999811172485
facebook/opt-125m,64,1024,prefill,prefill,prefill_gemm,30.0,,7,3,29,106695592.84029353,106695592.98877352,0.14847999811172485
facebook/opt-125m,64,1024,prefill,prefill,prefill_gemm,30.0,,7,4,29,106695592.98877352,106695593.13725352,0.14847999811172485
facebook/opt-125m,64,1024,prefill,prefill,prefill_gemm,30.0,,7,5,29,106695593.13725352,106695593.28573352,0.14847999811172485
facebook/opt-125m,64,1024,prefill,prefill,prefill_gemm,30.0,,8,0,29,106695593.28573352,106695593.43421352,0.14847999811172485
facebook/opt-125m,64,1024,prefill,prefill,prefill_gemm,30.0,,8,1,29,106695593.43421352,106695593.58269352,0.14847999811172485
facebook/opt-125m,64,1024,prefill,prefill,prefill_gemm,30.0,,8,2,29,106695593.58269352,106695593.73117352,0.14847999811172485
facebook/opt-125m,64,1024,prefill,prefill,prefill_gemm,30.0,,8,3,29,106695593.73117352,106695593.87965351,0.14847999811172485
facebook/opt-125m,64,1024,prefill,prefill,prefill_gemm,30.0,,8,4,29,106695593.87965351,106695594.02813351,0.14847999811172485
facebook/opt-125m,64,1024,prefill,prefill,prefill_gemm,30.0,,8,5,29,106695594.02813351,106695594.17661351,0.14847999811172485
facebook/opt-125m,64,1024,prefill,prefill,prefill_gemm,30.0,,9,0,29,106695594.17661351,106695594.32509351,0.14847999811172485
facebook/opt-125m,64,1024,prefill,prefill,prefill_gemm,30.0,,9,1,29,106695594.32509351,106695594.4735735,0.14847999811172485
facebook/opt-125m,64,1024,prefill,prefill,prefill_gemm,30.0,,9,2,29,106695594.4735735,106695594.6220535,0.14847999811172485
facebook/opt-125m,64,1024,prefill,prefill,prefill_gemm,30.0,,9,3,29,106695594.6220535,106695594.7705335,0.14847999811172485
facebook/opt-125m,64,1024,prefill,prefill,prefill_gemm,30.0,,9,4,29,106695594.7705335,106695594.9190135,0.14847999811172485
facebook/opt-125m,64,1024,prefill,prefill,prefill_gemm,30.0,,9,5,29,106695594.9190135,106695595.0674935,0.14847999811172485
facebook/opt-125m,64,1024,prefill,prefill,prefill_gemm,30.0,,10,0,29,106695595.0674935,106695595.2159735,0.14847999811172485
facebook/opt-125m,64,1024,prefill,prefill,prefill_gemm,30.0,,10,1,29,106695595.2159735,106695595.3644535,0.14847999811172485
facebook/opt-125m,64,1024,prefill,prefill,prefill_gemm,30.0,,10,2,29,106695595.3644535,106695595.5129335,0.14847999811172485
facebook/opt-125m,64,1024,prefill,prefill,prefill_gemm,30.0,,10,3,29,106695595.5129335,106695595.66141349,0.14847999811172485
facebook/opt-125m,64,1024,prefill,prefill,prefill_gemm,30.0,,10,4,29,106695595.66141349,106695595.80989349,0.14847999811172485
facebook/opt-125m,64,1024,prefill,prefill,prefill_gemm,30.0,,10,5,29,106695595.80989349,106695595.95837349,0.14847999811172485
facebook/opt-125m,64,1024,prefill,prefill,prefill_gemm,30.0,,11,0,29,106695595.95837349,106695596.10685349,0.14847999811172485
facebook/opt-125m,64,1024,prefill,prefill,prefill_gemm,30.0,,11,1,29,106695596.10685349,106695596.25533348,0.14847999811172485
facebook/opt-125m,64,1024,prefill,prefill,prefill_gemm,30.0,,11,2,29,106695596.25533348,106695596.40381348,0.14847999811172485
facebook/opt-125m,64,1024,prefill,prefill,prefill_gemm,30.0,,11,3,29,106695596.40381348,106695596.55229348,0.14847999811172485
facebook/opt-125m,64,1024,prefill,prefill,prefill_gemm,30.0,,11,4,29,106695596.55229348,106695596.70077348,0.14847999811172485
facebook/opt-125m,64,1024,prefill,prefill,prefill_gemm,30.0,,11,5,29,106695596.70077348,106695596.84925348,0.14847999811172485
facebook/opt-125m,64,1024,prefill,prefill,prefill_gemm,31.0,,0,0,29,106695596.84925348,106695596.99773347,0.14847999811172485
facebook/opt-125m,64,1024,prefill,prefill,prefill_gemm,31.0,,0,1,29,106695596.99773347,106695597.14621347,0.14847999811172485
facebook/opt-125m,64,1024,prefill,prefill,prefill_gemm,31.0,,0,2,29,106695597.14621347,106695597.29469347,0.14847999811172485
facebook/opt-125m,64,1024,prefill,prefill,prefill_gemm,31.0,,0,3,29,106695597.29469347,106695597.44317347,0.14847999811172485
facebook/opt-125m,64,1024,prefill,prefill,prefill_gemm,31.0,,0,4,29,106695597.44317347,106695597.59165347,0.14847999811172485
facebook/opt-125m,64,1024,prefill,prefill,prefill_gemm,31.0,,0,5,29,106695597.59165347,106695597.74013346,0.14847999811172485
facebook/opt-125m,64,1024,prefill,prefill,prefill_gemm,31.0,,1,0,29,106695597.74013346,106695597.88861346,0.14847999811172485
facebook/opt-125m,64,1024,prefill,prefill,prefill_gemm,31.0,,1,1,29,106695597.88861346,106695598.03709346,0.14847999811172485
facebook/opt-125m,64,1024,prefill,prefill,prefill_gemm,31.0,,1,2,29,106695598.03709346,106695598.18557346,0.14847999811172485
facebook/opt-125m,64,1024,prefill,prefill,prefill_gemm,31.0,,1,3,29,106695598.18557346,106695598.33405346,0.14847999811172485
facebook/opt-125m,64,1024,prefill,prefill,prefill_gemm,31.0,,1,4,29,106695598.33405346,106695598.48253345,0.14847999811172485
facebook/opt-125m,64,1024,prefill,prefill,prefill_gemm,31.0,,1,5,29,106695598.48253345,106695598.63101345,0.14847999811172485
facebook/opt-125m,64,1024,prefill,prefill,prefill_gemm,31.0,,2,0,29,106695598.63101345,106695598.77949345,0.14847999811172485
facebook/opt-125m,64,1024,prefill,prefill,prefill_gemm,31.0,,2,1,29,106695598.77949345,106695598.92797345,0.14847999811172485
facebook/opt-125m,64,1024,prefill,prefill,prefill_gemm,31.0,,2,2,29,106695598.92797345,106695599.07645345,0.14847999811172485
facebook/opt-125m,64,1024,prefill,prefill,prefill_gemm,31.0,,2,3,29,106695599.07645345,106695599.22493345,0.14847999811172485
facebook/opt-125m,64,1024,prefill,prefill,prefill_gemm,31.0,,2,4,29,106695599.22493345,106695599.37341344,0.14847999811172485
facebook/opt-125m,64,1024,prefill,prefill,prefill_gemm,31.0,,2,5,29,106695599.37341344,106695599.52189344,0.14847999811172485
facebook/opt-125m,64,1024,prefill,prefill,prefill_gemm,31.0,,3,0,29,106695599.52189344,106695599.67037344,0.14847999811172485
facebook/opt-125m,64,1024,prefill,prefill,prefill_gemm,31.0,,3,1,29,106695599.67037344,106695599.81885344,0.14847999811172485
facebook/opt-125m,64,1024,prefill,prefill,prefill_gemm,31.0,,3,2,29,106695599.81885344,106695599.96733344,0.14847999811172485
facebook/opt-125m,64,1024,prefill,prefill,prefill_gemm,31.0,,3,3,29,106695599.96733344,106695600.11581343,0.14847999811172485
facebook/opt-125m,64,1024,prefill,prefill,prefill_gemm,31.0,,3,4,29,106695600.11581343,106695600.26429343,0.14847999811172485
facebook/opt-125m,64,1024,prefill,prefill,prefill_gemm,31.0,,3,5,29,106695600.26429343,106695600.41277343,0.14847999811172485
facebook/opt-125m,64,1024,prefill,prefill,prefill_gemm,31.0,,4,0,29,106695600.41277343,106695600.56125343,0.14847999811172485
facebook/opt-125m,64,1024,prefill,prefill,prefill_gemm,31.0,,4,1,29,106695600.56125343,106695600.70973343,0.14847999811172485
facebook/opt-125m,64,1024,prefill,prefill,prefill_gemm,31.0,,4,2,29,106695600.70973343,106695600.85821342,0.14847999811172485
facebook/opt-125m,64,1024,prefill,prefill,prefill_gemm,31.0,,4,3,29,106695600.85821342,106695601.00669342,0.14847999811172485
facebook/opt-125m,64,1024,prefill,prefill,prefill_gemm,31.0,,4,4,29,106695601.00669342,106695601.15517342,0.14847999811172485
facebook/opt-125m,64,1024,prefill,prefill,prefill_gemm,31.0,,4,5,29,106695601.15517342,106695601.30365342,0.14847999811172485
facebook/opt-125m,64,1024,prefill,prefill,prefill_gemm,31.0,,5,0,29,106695601.30365342,106695601.45213342,0.14847999811172485
facebook/opt-125m,64,1024,prefill,prefill,prefill_gemm,31.0,,5,1,29,106695601.45213342,106695601.60061342,0.14847999811172485
facebook/opt-125m,64,1024,prefill,prefill,prefill_gemm,31.0,,5,2,29,106695601.60061342,106695601.74909341,0.14847999811172485
facebook/opt-125m,64,1024,prefill,prefill,prefill_gemm,31.0,,5,3,29,106695601.74909341,106695601.89757341,0.14847999811172485
facebook/opt-125m,64,1024,prefill,prefill,prefill_gemm,31.0,,5,4,29,106695601.89757341,106695602.04605341,0.14847999811172485
facebook/opt-125m,64,1024,prefill,prefill,prefill_gemm,31.0,,5,5,29,106695602.04605341,106695602.19453341,0.14847999811172485
facebook/opt-125m,64,1024,prefill,prefill,prefill_gemm,31.0,,6,0,29,106695602.19453341,106695602.3430134,0.14847999811172485
facebook/opt-125m,64,1024,prefill,prefill,prefill_gemm,31.0,,6,1,29,106695602.3430134,106695602.4914934,0.14847999811172485
facebook/opt-125m,64,1024,prefill,prefill,prefill_gemm,31.0,,6,2,29,106695602.4914934,106695602.6399734,0.14847999811172485
facebook/opt-125m,64,1024,prefill,prefill,prefill_gemm,31.0,,6,3,29,106695602.6399734,106695602.7884534,0.14847999811172485
facebook/opt-125m,64,1024,prefill,prefill,prefill_gemm,31.0,,6,4,29,106695602.7884534,106695602.9369334,0.14847999811172485
facebook/opt-125m,64,1024,prefill,prefill,prefill_gemm,31.0,,6,5,29,106695602.9369334,106695603.0854134,0.14847999811172485
facebook/opt-125m,64,1024,prefill,prefill,prefill_gemm,31.0,,7,0,29,106695603.0854134,106695603.2338934,0.14847999811172485
facebook/opt-125m,64,1024,prefill,prefill,prefill_gemm,31.0,,7,1,29,106695603.2338934,106695603.3823734,0.14847999811172485
facebook/opt-125m,64,1024,prefill,prefill,prefill_gemm,31.0,,7,2,29,106695603.3823734,106695603.53085339,0.14847999811172485
facebook/opt-125m,64,1024,prefill,prefill,prefill_gemm,31.0,,7,3,29,106695603.53085339,106695603.67933339,0.14847999811172485
facebook/opt-125m,64,1024,prefill,prefill,prefill_gemm,31.0,,7,4,29,106695603.67933339,106695603.82781339,0.14847999811172485
facebook/opt-125m,64,1024,prefill,prefill,prefill_gemm,31.0,,7,5,29,106695603.82781339,106695603.97629339,0.14847999811172485
facebook/opt-125m,64,1024,prefill,prefill,prefill_gemm,31.0,,8,0,29,106695603.97629339,106695604.12477338,0.14847999811172485
facebook/opt-125m,64,1024,prefill,prefill,prefill_gemm,31.0,,8,1,29,106695604.12477338,106695604.27325338,0.14847999811172485
facebook/opt-125m,64,1024,prefill,prefill,prefill_gemm,31.0,,8,2,29,106695604.27325338,106695604.42173338,0.14847999811172485
facebook/opt-125m,64,1024,prefill,prefill,prefill_gemm,31.0,,8,3,29,106695604.42173338,106695604.57021338,0.14847999811172485
facebook/opt-125m,64,1024,prefill,prefill,prefill_gemm,31.0,,8,4,29,106695604.57021338,106695604.71869338,0.14847999811172485
facebook/opt-125m,64,1024,prefill,prefill,prefill_gemm,31.0,,8,5,29,106695604.71869338,106695604.86717337,0.14847999811172485
facebook/opt-125m,64,1024,prefill,prefill,prefill_gemm,31.0,,9,0,29,106695604.86717337,106695605.01565337,0.14847999811172485
facebook/opt-125m,64,1024,prefill,prefill,prefill_gemm,31.0,,9,1,29,106695605.01565337,106695605.16413337,0.14847999811172485
facebook/opt-125m,64,1024,prefill,prefill,prefill_gemm,31.0,,9,2,29,106695605.16413337,106695605.31261337,0.14847999811172485
facebook/opt-125m,64,1024,prefill,prefill,prefill_gemm,31.0,,9,3,29,106695605.31261337,106695605.46109337,0.14847999811172485
facebook/opt-125m,64,1024,prefill,prefill,prefill_gemm,31.0,,9,4,29,106695605.46109337,106695605.60957336,0.14847999811172485
facebook/opt-125m,64,1024,prefill,prefill,prefill_gemm,31.0,,9,5,29,106695605.60957336,106695605.75805336,0.14847999811172485
facebook/opt-125m,64,1024,prefill,prefill,prefill_gemm,31.0,,10,0,29,106695605.75805336,106695605.90653336,0.14847999811172485
facebook/opt-125m,64,1024,prefill,prefill,prefill_gemm,31.0,,10,1,29,106695605.90653336,106695606.05501336,0.14847999811172485
facebook/opt-125m,64,1024,prefill,prefill,prefill_gemm,31.0,,10,2,29,106695606.05501336,106695606.20349336,0.14847999811172485
facebook/opt-125m,64,1024,prefill,prefill,prefill_gemm,31.0,,10,3,29,106695606.20349336,106695606.35197335,0.14847999811172485
facebook/opt-125m,64,1024,prefill,prefill,prefill_gemm,31.0,,10,4,29,106695606.35197335,106695606.50045335,0.14847999811172485
facebook/opt-125m,64,1024,prefill,prefill,prefill_gemm,31.0,,10,5,29,106695606.50045335,106695606.64893335,0.14847999811172485
facebook/opt-125m,64,1024,prefill,prefill,prefill_gemm,31.0,,11,0,29,106695606.64893335,106695606.79741335,0.14847999811172485
facebook/opt-125m,64,1024,prefill,prefill,prefill_gemm,31.0,,11,1,29,106695606.79741335,106695606.94589335,0.14847999811172485
facebook/opt-125m,64,1024,prefill,prefill,prefill_gemm,31.0,,11,2,30,106695606.966666,106695607.115146,0.14847999811172485
facebook/opt-125m,64,1024,prefill,prefill,prefill_gemm,31.0,,11,3,30,106695607.115146,106695607.263626,0.14847999811172485
facebook/opt-125m,64,1024,prefill,prefill,prefill_gemm,31.0,,11,4,30,106695607.263626,106695607.41210599,0.14847999811172485
facebook/opt-125m,64,1024,prefill,prefill,prefill_gemm,31.0,,11,5,30,106695607.41210599,106695607.56058599,0.14847999811172485
facebook/opt-125m,64,1024,prefill,prefill,prefill_gemm,32.0,,0,0,30,106695607.56058599,106695607.70906599,0.14847999811172485
facebook/opt-125m,64,1024,prefill,prefill,prefill_gemm,32.0,,0,1,30,106695607.70906599,106695607.85754599,0.14847999811172485
facebook/opt-125m,64,1024,prefill,prefill,prefill_gemm,32.0,,0,2,30,106695607.85754599,106695608.00602598,0.14847999811172485
facebook/opt-125m,64,1024,prefill,prefill,prefill_gemm,32.0,,0,3,30,106695608.00602598,106695608.15450598,0.14847999811172485
facebook/opt-125m,64,1024,prefill,prefill,prefill_gemm,32.0,,0,4,30,106695608.15450598,106695608.30298598,0.14847999811172485
facebook/opt-125m,64,1024,prefill,prefill,prefill_gemm,32.0,,0,5,30,106695608.30298598,106695608.45146598,0.14847999811172485
facebook/opt-125m,64,1024,prefill,prefill,prefill_gemm,32.0,,1,0,30,106695608.45146598,106695608.59994598,0.14847999811172485
facebook/opt-125m,64,1024,prefill,prefill,prefill_gemm,32.0,,1,1,30,106695608.59994598,106695608.74842598,0.14847999811172485
facebook/opt-125m,64,1024,prefill,prefill,prefill_gemm,32.0,,1,2,30,106695608.74842598,106695608.89690597,0.14847999811172485
facebook/opt-125m,64,1024,prefill,prefill,prefill_gemm,32.0,,1,3,30,106695608.89690597,106695609.04538597,0.14847999811172485
facebook/opt-125m,64,1024,prefill,prefill,prefill_gemm,32.0,,1,4,30,106695609.04538597,106695609.19386597,0.14847999811172485
facebook/opt-125m,64,1024,prefill,prefill,prefill_gemm,32.0,,1,5,30,106695609.19386597,106695609.34234597,0.14847999811172485
facebook/opt-125m,64,1024,prefill,prefill,prefill_gemm,32.0,,2,0,30,106695609.34234597,106695609.49082597,0.14847999811172485
facebook/opt-125m,64,1024,prefill,prefill,prefill_gemm,32.0,,2,1,30,106695609.49082597,106695609.63930596,0.14847999811172485
facebook/opt-125m,64,1024,prefill,prefill,prefill_gemm,32.0,,2,2,30,106695609.63930596,106695609.78778596,0.14847999811172485
facebook/opt-125m,64,1024,prefill,prefill,prefill_gemm,32.0,,2,3,30,106695609.78778596,106695609.93626596,0.14847999811172485
facebook/opt-125m,64,1024,prefill,prefill,prefill_gemm,32.0,,2,4,30,106695609.93626596,106695610.08474596,0.14847999811172485
facebook/opt-125m,64,1024,prefill,prefill,prefill_gemm,32.0,,2,5,30,106695610.08474596,106695610.23322596,0.14847999811172485
facebook/opt-125m,64,1024,prefill,prefill,prefill_gemm,32.0,,3,0,30,106695610.23322596,106695610.38170595,0.14847999811172485
facebook/opt-125m,64,1024,prefill,prefill,prefill_gemm,32.0,,3,1,30,106695610.38170595,106695610.53018595,0.14847999811172485
facebook/opt-125m,64,1024,prefill,prefill,prefill_gemm,32.0,,3,2,30,106695610.53018595,106695610.67866595,0.14847999811172485
facebook/opt-125m,64,1024,prefill,prefill,prefill_gemm,32.0,,3,3,30,106695610.67866595,106695610.82714595,0.14847999811172485
facebook/opt-125m,64,1024,prefill,prefill,prefill_gemm,32.0,,3,4,30,106695610.82714595,106695610.97562595,0.14847999811172485
facebook/opt-125m,64,1024,prefill,prefill,prefill_gemm,32.0,,3,5,30,106695610.97562595,106695611.12410595,0.14847999811172485
facebook/opt-125m,64,1024,prefill,prefill,prefill_gemm,32.0,,4,0,30,106695611.12410595,106695611.27258594,0.14847999811172485
facebook/opt-125m,64,1024,prefill,prefill,prefill_gemm,32.0,,4,1,30,106695611.27258594,106695611.42106594,0.14847999811172485
facebook/opt-125m,64,1024,prefill,prefill,prefill_gemm,32.0,,4,2,30,106695611.42106594,106695611.56954594,0.14847999811172485
facebook/opt-125m,64,1024,prefill,prefill,prefill_gemm,32.0,,4,3,30,106695611.56954594,106695611.71802594,0.14847999811172485
facebook/opt-125m,64,1024,prefill,prefill,prefill_gemm,32.0,,4,4,30,106695611.71802594,106695611.86650594,0.14847999811172485
facebook/opt-125m,64,1024,prefill,prefill,prefill_gemm,32.0,,4,5,30,106695611.86650594,106695612.01498593,0.14847999811172485
facebook/opt-125m,64,1024,prefill,prefill,prefill_gemm,32.0,,5,0,30,106695612.01498593,106695612.16346593,0.14847999811172485
facebook/opt-125m,64,1024,prefill,prefill,prefill_gemm,32.0,,5,1,30,106695612.16346593,106695612.31194593,0.14847999811172485
facebook/opt-125m,64,1024,prefill,prefill,prefill_gemm,32.0,,5,2,30,106695612.31194593,106695612.46042593,0.14847999811172485
facebook/opt-125m,64,1024,prefill,prefill,prefill_gemm,32.0,,5,3,30,106695612.46042593,106695612.60890593,0.14847999811172485
facebook/opt-125m,64,1024,prefill,prefill,prefill_gemm,32.0,,5,4,30,106695612.60890593,106695612.75738592,0.14847999811172485
facebook/opt-125m,64,1024,prefill,prefill,prefill_gemm,32.0,,5,5,30,106695612.75738592,106695612.90586592,0.14847999811172485
facebook/opt-125m,64,1024,prefill,prefill,prefill_gemm,32.0,,6,0,30,106695612.90586592,106695613.05434592,0.14847999811172485
facebook/opt-125m,64,1024,prefill,prefill,prefill_gemm,32.0,,6,1,30,106695613.05434592,106695613.20282592,0.14847999811172485
facebook/opt-125m,64,1024,prefill,prefill,prefill_gemm,32.0,,6,2,30,106695613.20282592,106695613.35130592,0.14847999811172485
facebook/opt-125m,64,1024,prefill,prefill,prefill_gemm,32.0,,6,3,30,106695613.35130592,106695613.49978592,0.14847999811172485
facebook/opt-125m,64,1024,prefill,prefill,prefill_gemm,32.0,,6,4,30,106695613.49978592,106695613.64826591,0.14847999811172485
facebook/opt-125m,64,1024,prefill,prefill,prefill_gemm,32.0,,6,5,30,106695613.64826591,106695613.79674591,0.14847999811172485
facebook/opt-125m,64,1024,prefill,prefill,prefill_gemm,32.0,,7,0,30,106695613.79674591,106695613.94522591,0.14847999811172485
facebook/opt-125m,64,1024,prefill,prefill,prefill_gemm,32.0,,7,1,30,106695613.94522591,106695614.09370591,0.14847999811172485
facebook/opt-125m,64,1024,prefill,prefill,prefill_gemm,32.0,,7,2,30,106695614.09370591,106695614.2421859,0.14847999811172485
facebook/opt-125m,64,1024,prefill,prefill,prefill_gemm,32.0,,7,3,30,106695614.2421859,106695614.3906659,0.14847999811172485
facebook/opt-125m,64,1024,prefill,prefill,prefill_gemm,32.0,,7,4,30,106695614.3906659,106695614.5391459,0.14847999811172485
facebook/opt-125m,64,1024,prefill,prefill,prefill_gemm,32.0,,7,5,30,106695614.5391459,106695614.6876259,0.14847999811172485
facebook/opt-125m,64,1024,prefill,prefill,prefill_gemm,32.0,,8,0,30,106695614.6876259,106695614.8361059,0.14847999811172485
facebook/opt-125m,64,1024,prefill,prefill,prefill_gemm,32.0,,8,1,30,106695614.8361059,106695614.9845859,0.14847999811172485
facebook/opt-125m,64,1024,prefill,prefill,prefill_gemm,32.0,,8,2,30,106695614.9845859,106695615.1330659,0.14847999811172485
facebook/opt-125m,64,1024,prefill,prefill,prefill_gemm,32.0,,8,3,30,106695615.1330659,106695615.28154589,0.14847999811172485
facebook/opt-125m,64,1024,prefill,prefill,prefill_gemm,32.0,,8,4,30,106695615.28154589,106695615.43002589,0.14847999811172485
facebook/opt-125m,64,1024,prefill,prefill,prefill_gemm,32.0,,8,5,30,106695615.43002589,106695615.57850589,0.14847999811172485
facebook/opt-125m,64,1024,prefill,prefill,prefill_gemm,32.0,,9,0,30,106695615.57850589,106695615.72698589,0.14847999811172485
facebook/opt-125m,64,1024,prefill,prefill,prefill_gemm,32.0,,9,1,30,106695615.72698589,106695615.87546588,0.14847999811172485
facebook/opt-125m,64,1024,prefill,prefill,prefill_gemm,32.0,,9,2,30,106695615.87546588,106695616.02394588,0.14847999811172485
facebook/opt-125m,64,1024,prefill,prefill,prefill_gemm,32.0,,9,3,30,106695616.02394588,106695616.17242588,0.14847999811172485
facebook/opt-125m,64,1024,prefill,prefill,prefill_gemm,32.0,,9,4,30,106695616.17242588,106695616.32090588,0.14847999811172485
facebook/opt-125m,64,1024,prefill,prefill,prefill_gemm,32.0,,9,5,30,106695616.32090588,106695616.46938588,0.14847999811172485
facebook/opt-125m,64,1024,prefill,prefill,prefill_gemm,32.0,,10,0,30,106695616.46938588,106695616.61786588,0.14847999811172485
facebook/opt-125m,64,1024,prefill,prefill,prefill_gemm,32.0,,10,1,30,106695616.61786588,106695616.76634587,0.14847999811172485
facebook/opt-125m,64,1024,prefill,prefill,prefill_gemm,32.0,,10,2,30,106695616.76634587,106695616.91482587,0.14847999811172485
facebook/opt-125m,64,1024,prefill,prefill,prefill_gemm,32.0,,10,3,30,106695616.91482587,106695617.06330587,0.14847999811172485
facebook/opt-125m,64,1024,prefill,prefill,prefill_gemm,32.0,,10,4,30,106695617.06330587,106695617.21178587,0.14847999811172485
facebook/opt-125m,64,1024,prefill,prefill,prefill_gemm,32.0,,10,5,30,106695617.21178587,106695617.36026587,0.14847999811172485
facebook/opt-125m,64,1024,prefill,prefill,prefill_gemm,32.0,,11,0,30,106695617.36026587,106695617.50874586,0.14847999811172485
facebook/opt-125m,64,1024,prefill,prefill,prefill_gemm,32.0,,11,1,30,106695617.50874586,106695617.65722586,0.14847999811172485
facebook/opt-125m,64,1024,prefill,prefill,prefill_gemm,32.0,,11,2,30,106695617.65722586,106695617.80570586,0.14847999811172485
facebook/opt-125m,64,1024,prefill,prefill,prefill_gemm,32.0,,11,3,30,106695617.80570586,106695617.95418586,0.14847999811172485
facebook/opt-125m,64,1024,prefill,prefill,prefill_gemm,32.0,,11,4,30,106695617.95418586,106695618.10266586,0.14847999811172485
facebook/opt-125m,64,1024,prefill,prefill,prefill_gemm,32.0,,11,5,30,106695618.10266586,106695618.25114585,0.14847999811172485
facebook/opt-125m,64,1024,prefill,prefill,prefill_gemm,33.0,,0,0,30,106695618.25114585,106695618.39962585,0.14847999811172485
facebook/opt-125m,64,1024,prefill,prefill,prefill_gemm,33.0,,0,1,30,106695618.39962585,106695618.54810585,0.14847999811172485
facebook/opt-125m,64,1024,prefill,prefill,prefill_gemm,33.0,,0,2,30,106695618.54810585,106695618.69658585,0.14847999811172485
facebook/opt-125m,64,1024,prefill,prefill,prefill_gemm,33.0,,0,3,30,106695618.69658585,106695618.84506585,0.14847999811172485
facebook/opt-125m,64,1024,prefill,prefill,prefill_gemm,33.0,,0,4,30,106695618.84506585,106695618.99354585,0.14847999811172485
facebook/opt-125m,64,1024,prefill,prefill,prefill_gemm,33.0,,0,5,30,106695618.99354585,106695619.14202584,0.14847999811172485
facebook/opt-125m,64,1024,prefill,prefill,prefill_gemm,33.0,,1,0,30,106695619.14202584,106695619.29050584,0.14847999811172485
facebook/opt-125m,64,1024,prefill,prefill,prefill_gemm,33.0,,1,1,30,106695619.29050584,106695619.43898584,0.14847999811172485
facebook/opt-125m,64,1024,prefill,prefill,prefill_gemm,33.0,,1,2,30,106695619.43898584,106695619.58746584,0.14847999811172485
facebook/opt-125m,64,1024,prefill,prefill,prefill_gemm,33.0,,1,3,30,106695619.58746584,106695619.73594584,0.14847999811172485
facebook/opt-125m,64,1024,prefill,prefill,prefill_gemm,33.0,,1,4,30,106695619.73594584,106695619.88442583,0.14847999811172485
facebook/opt-125m,64,1024,prefill,prefill,prefill_gemm,33.0,,1,5,30,106695619.88442583,106695620.03290583,0.14847999811172485
facebook/opt-125m,64,1024,prefill,prefill,prefill_gemm,33.0,,2,0,30,106695620.03290583,106695620.18138583,0.14847999811172485
facebook/opt-125m,64,1024,prefill,prefill,prefill_gemm,33.0,,2,1,30,106695620.18138583,106695620.32986583,0.14847999811172485
facebook/opt-125m,64,1024,prefill,prefill,prefill_gemm,33.0,,2,2,30,106695620.32986583,106695620.47834583,0.14847999811172485
facebook/opt-125m,64,1024,prefill,prefill,prefill_gemm,33.0,,2,3,30,106695620.47834583,106695620.62682582,0.14847999811172485
facebook/opt-125m,64,1024,prefill,prefill,prefill_gemm,33.0,,2,4,30,106695620.62682582,106695620.77530582,0.14847999811172485
facebook/opt-125m,64,1024,prefill,prefill,prefill_gemm,33.0,,2,5,30,106695620.77530582,106695620.92378582,0.14847999811172485
facebook/opt-125m,64,1024,prefill,prefill,prefill_gemm,33.0,,3,0,30,106695620.92378582,106695621.07226582,0.14847999811172485
facebook/opt-125m,64,1024,prefill,prefill,prefill_gemm,33.0,,3,1,30,106695621.07226582,106695621.22074582,0.14847999811172485
facebook/opt-125m,64,1024,prefill,prefill,prefill_gemm,33.0,,3,2,30,106695621.22074582,106695621.36922581,0.14847999811172485
facebook/opt-125m,64,1024,prefill,prefill,prefill_gemm,33.0,,3,3,30,106695621.36922581,106695621.51770581,0.14847999811172485
facebook/opt-125m,64,1024,prefill,prefill,prefill_gemm,33.0,,3,4,30,106695621.51770581,106695621.66618581,0.14847999811172485
facebook/opt-125m,64,1024,prefill,prefill,prefill_gemm,33.0,,3,5,30,106695621.66618581,106695621.81466581,0.14847999811172485
facebook/opt-125m,64,1024,prefill,prefill,prefill_gemm,33.0,,4,0,30,106695621.81466581,106695621.9631458,0.14847999811172485
facebook/opt-125m,64,1024,prefill,prefill,prefill_gemm,33.0,,4,1,30,106695621.9631458,106695622.1116258,0.14847999811172485
facebook/opt-125m,64,1024,prefill,prefill,prefill_gemm,33.0,,4,2,30,106695622.1116258,106695622.2601058,0.14847999811172485
facebook/opt-125m,64,1024,prefill,prefill,prefill_gemm,33.0,,4,3,30,106695622.2601058,106695622.4085858,0.14847999811172485
facebook/opt-125m,64,1024,prefill,prefill,prefill_gemm,33.0,,4,4,30,106695622.4085858,106695622.5570658,0.14847999811172485
facebook/opt-125m,64,1024,prefill,prefill,prefill_gemm,33.0,,4,5,30,106695622.5570658,106695622.7055458,0.14847999811172485
facebook/opt-125m,64,1024,prefill,prefill,prefill_gemm,33.0,,5,0,30,106695622.7055458,106695622.8540258,0.14847999811172485
facebook/opt-125m,64,1024,prefill,prefill,prefill_gemm,33.0,,5,1,30,106695622.8540258,106695623.0025058,0.14847999811172485
facebook/opt-125m,64,1024,prefill,prefill,prefill_gemm,33.0,,5,2,30,106695623.0025058,106695623.15098579,0.14847999811172485
facebook/opt-125m,64,1024,prefill,prefill,prefill_gemm,33.0,,5,3,30,106695623.15098579,106695623.29946579,0.14847999811172485
facebook/opt-125m,64,1024,prefill,prefill,prefill_gemm,33.0,,5,4,30,106695623.29946579,106695623.44794579,0.14847999811172485
facebook/opt-125m,64,1024,prefill,prefill,prefill_gemm,33.0,,5,5,30,106695623.44794579,106695623.59642579,0.14847999811172485
facebook/opt-125m,64,1024,prefill,prefill,prefill_gemm,33.0,,6,0,30,106695623.59642579,106695623.74490578,0.14847999811172485
facebook/opt-125m,64,1024,prefill,prefill,prefill_gemm,33.0,,6,1,30,106695623.74490578,106695623.89338578,0.14847999811172485
facebook/opt-125m,64,1024,prefill,prefill,prefill_gemm,33.0,,6,2,30,106695623.89338578,106695624.04186578,0.14847999811172485
facebook/opt-125m,64,1024,prefill,prefill,prefill_gemm,33.0,,6,3,30,106695624.04186578,106695624.19034578,0.14847999811172485
facebook/opt-125m,64,1024,prefill,prefill,prefill_gemm,33.0,,6,4,30,106695624.19034578,106695624.33882578,0.14847999811172485
facebook/opt-125m,64,1024,prefill,prefill,prefill_gemm,33.0,,6,5,30,106695624.33882578,106695624.48730578,0.14847999811172485
facebook/opt-125m,64,1024,prefill,prefill,prefill_gemm,33.0,,7,0,30,106695624.48730578,106695624.63578577,0.14847999811172485
facebook/opt-125m,64,1024,prefill,prefill,prefill_gemm,33.0,,7,1,30,106695624.63578577,106695624.78426577,0.14847999811172485
facebook/opt-125m,64,1024,prefill,prefill,prefill_gemm,33.0,,7,2,30,106695624.78426577,106695624.93274577,0.14847999811172485
facebook/opt-125m,64,1024,prefill,prefill,prefill_gemm,33.0,,7,3,30,106695624.93274577,106695625.08122577,0.14847999811172485
facebook/opt-125m,64,1024,prefill,prefill,prefill_gemm,33.0,,7,4,30,106695625.08122577,106695625.22970577,0.14847999811172485
facebook/opt-125m,64,1024,prefill,prefill,prefill_gemm,33.0,,7,5,30,106695625.22970577,106695625.37818576,0.14847999811172485
facebook/opt-125m,64,1024,prefill,prefill,prefill_gemm,33.0,,8,0,30,106695625.37818576,106695625.52666576,0.14847999811172485
facebook/opt-125m,64,1024,prefill,prefill,prefill_gemm,33.0,,8,1,30,106695625.52666576,106695625.67514576,0.14847999811172485
facebook/opt-125m,64,1024,prefill,prefill,prefill_gemm,33.0,,8,2,30,106695625.67514576,106695625.82362576,0.14847999811172485
facebook/opt-125m,64,1024,prefill,prefill,prefill_gemm,33.0,,8,3,30,106695625.82362576,106695625.97210576,0.14847999811172485
facebook/opt-125m,64,1024,prefill,prefill,prefill_gemm,33.0,,8,4,30,106695625.97210576,106695626.12058575,0.14847999811172485
facebook/opt-125m,64,1024,prefill,prefill,prefill_gemm,33.0,,8,5,30,106695626.12058575,106695626.26906575,0.14847999811172485
facebook/opt-125m,64,1024,prefill,prefill,prefill_gemm,33.0,,9,0,30,106695626.26906575,106695626.41754575,0.14847999811172485
facebook/opt-125m,64,1024,prefill,prefill,prefill_gemm,33.0,,9,1,30,106695626.41754575,106695626.56602575,0.14847999811172485
facebook/opt-125m,64,1024,prefill,prefill,prefill_gemm,33.0,,9,2,30,106695626.56602575,106695626.71450575,0.14847999811172485
facebook/opt-125m,64,1024,prefill,prefill,prefill_gemm,33.0,,9,3,30,106695626.71450575,106695626.86298575,0.14847999811172485
facebook/opt-125m,64,1024,prefill,prefill,prefill_gemm,33.0,,9,4,30,106695626.86298575,106695627.01146574,0.14847999811172485
facebook/opt-125m,64,1024,prefill,prefill,prefill_gemm,33.0,,9,5,30,106695627.01146574,106695627.15994574,0.14847999811172485
facebook/opt-125m,64,1024,prefill,prefill,prefill_gemm,33.0,,10,0,30,106695627.15994574,106695627.30842574,0.14847999811172485
facebook/opt-125m,64,1024,prefill,prefill,prefill_gemm,33.0,,10,1,30,106695627.30842574,106695627.45690574,0.14847999811172485
facebook/opt-125m,64,1024,prefill,prefill,prefill_gemm,33.0,,10,2,30,106695627.45690574,106695627.60538574,0.14847999811172485
facebook/opt-125m,64,1024,prefill,prefill,prefill_gemm,33.0,,10,3,30,106695627.60538574,106695627.75386573,0.14847999811172485
facebook/opt-125m,64,1024,prefill,prefill,prefill_gemm,33.0,,10,4,30,106695627.75386573,106695627.90234573,0.14847999811172485
facebook/opt-125m,64,1024,prefill,prefill,prefill_gemm,33.0,,10,5,30,106695627.90234573,106695628.05082573,0.14847999811172485
facebook/opt-125m,64,1024,prefill,prefill,prefill_gemm,33.0,,11,0,30,106695628.05082573,106695628.19930573,0.14847999811172485
facebook/opt-125m,64,1024,prefill,prefill,prefill_gemm,33.0,,11,1,30,106695628.19930573,106695628.34778573,0.14847999811172485
facebook/opt-125m,64,1024,prefill,prefill,prefill_gemm,33.0,,11,2,30,106695628.34778573,106695628.49626572,0.14847999811172485
facebook/opt-125m,64,1024,prefill,prefill,prefill_gemm,33.0,,11,3,30,106695628.49626572,106695628.64474572,0.14847999811172485
facebook/opt-125m,64,1024,prefill,prefill,prefill_gemm,33.0,,11,4,30,106695628.64474572,106695628.79322572,0.14847999811172485
facebook/opt-125m,64,1024,prefill,prefill,prefill_gemm,33.0,,11,5,30,106695628.79322572,106695628.94170572,0.14847999811172485
facebook/opt-125m,64,1024,prefill,prefill,prefill_gemm,34.0,,0,0,30,106695628.94170572,106695629.09018572,0.14847999811172485
facebook/opt-125m,64,1024,prefill,prefill,prefill_gemm,34.0,,0,1,30,106695629.09018572,106695629.23866571,0.14847999811172485
facebook/opt-125m,64,1024,prefill,prefill,prefill_gemm,34.0,,0,2,30,106695629.23866571,106695629.38714571,0.14847999811172485
facebook/opt-125m,64,1024,prefill,prefill,prefill_gemm,34.0,,0,3,30,106695629.38714571,106695629.53562571,0.14847999811172485
facebook/opt-125m,64,1024,prefill,prefill,prefill_gemm,34.0,,0,4,30,106695629.53562571,106695629.68410571,0.14847999811172485
facebook/opt-125m,64,1024,prefill,prefill,prefill_gemm,34.0,,0,5,30,106695629.68410571,106695629.8325857,0.14847999811172485
facebook/opt-125m,64,1024,prefill,prefill,prefill_gemm,34.0,,1,0,30,106695629.8325857,106695629.9810657,0.14847999811172485
facebook/opt-125m,64,1024,prefill,prefill,prefill_gemm,34.0,,1,1,30,106695629.9810657,106695630.1295457,0.14847999811172485
facebook/opt-125m,64,1024,prefill,prefill,prefill_gemm,34.0,,1,2,30,106695630.1295457,106695630.2780257,0.14847999811172485
facebook/opt-125m,64,1024,prefill,prefill,prefill_gemm,34.0,,1,3,30,106695630.2780257,106695630.4265057,0.14847999811172485
facebook/opt-125m,64,1024,prefill,prefill,prefill_gemm,34.0,,1,4,30,106695630.4265057,106695630.5749857,0.14847999811172485
facebook/opt-125m,64,1024,prefill,prefill,prefill_gemm,34.0,,1,5,30,106695630.5749857,106695630.7234657,0.14847999811172485
facebook/opt-125m,64,1024,prefill,prefill,prefill_gemm,34.0,,2,0,30,106695630.7234657,106695630.8719457,0.14847999811172485
facebook/opt-125m,64,1024,prefill,prefill,prefill_gemm,34.0,,2,1,30,106695630.8719457,106695631.02042569,0.14847999811172485
facebook/opt-125m,64,1024,prefill,prefill,prefill_gemm,34.0,,2,2,30,106695631.02042569,106695631.16890569,0.14847999811172485
facebook/opt-125m,64,1024,prefill,prefill,prefill_gemm,34.0,,2,3,30,106695631.16890569,106695631.31738569,0.14847999811172485
facebook/opt-125m,64,1024,prefill,prefill,prefill_gemm,34.0,,2,4,30,106695631.31738569,106695631.46586569,0.14847999811172485
facebook/opt-125m,64,1024,prefill,prefill,prefill_gemm,34.0,,2,5,30,106695631.46586569,106695631.61434568,0.14847999811172485
facebook/opt-125m,64,1024,prefill,prefill,prefill_gemm,34.0,,3,0,30,106695631.61434568,106695631.76282568,0.14847999811172485
facebook/opt-125m,64,1024,prefill,prefill,prefill_gemm,34.0,,3,1,30,106695631.76282568,106695631.91130568,0.14847999811172485
facebook/opt-125m,64,1024,prefill,prefill,prefill_gemm,34.0,,3,2,30,106695631.91130568,106695632.05978568,0.14847999811172485
facebook/opt-125m,64,1024,prefill,prefill,prefill_gemm,34.0,,3,3,30,106695632.05978568,106695632.20826568,0.14847999811172485
facebook/opt-125m,64,1024,prefill,prefill,prefill_gemm,34.0,,3,4,30,106695632.20826568,106695632.35674568,0.14847999811172485
facebook/opt-125m,64,1024,prefill,prefill,prefill_gemm,34.0,,3,5,30,106695632.35674568,106695632.50522567,0.14847999811172485
facebook/opt-125m,64,1024,prefill,prefill,prefill_gemm,34.0,,4,0,30,106695632.50522567,106695632.65370567,0.14847999811172485
facebook/opt-125m,64,1024,prefill,prefill,prefill_gemm,34.0,,4,1,30,106695632.65370567,106695632.80218567,0.14847999811172485
facebook/opt-125m,64,1024,prefill,prefill,prefill_gemm,34.0,,4,2,30,106695632.80218567,106695632.95066567,0.14847999811172485
facebook/opt-125m,64,1024,prefill,prefill,prefill_gemm,34.0,,4,3,30,106695632.95066567,106695633.09914567,0.14847999811172485
facebook/opt-125m,64,1024,prefill,prefill,prefill_gemm,34.0,,4,4,30,106695633.09914567,106695633.24762566,0.14847999811172485
facebook/opt-125m,64,1024,prefill,prefill,prefill_gemm,34.0,,4,5,30,106695633.24762566,106695633.39610566,0.14847999811172485
facebook/opt-125m,64,1024,prefill,prefill,prefill_gemm,34.0,,5,0,30,106695633.39610566,106695633.54458566,0.14847999811172485
facebook/opt-125m,64,1024,prefill,prefill,prefill_gemm,34.0,,5,1,30,106695633.54458566,106695633.69306566,0.14847999811172485
facebook/opt-125m,64,1024,prefill,prefill,prefill_gemm,34.0,,5,2,30,106695633.69306566,106695633.84154566,0.14847999811172485
facebook/opt-125m,64,1024,prefill,prefill,prefill_gemm,34.0,,5,3,30,106695633.84154566,106695633.99002565,0.14847999811172485
facebook/opt-125m,64,1024,prefill,prefill,prefill_gemm,34.0,,5,4,30,106695633.99002565,106695634.13850565,0.14847999811172485
facebook/opt-125m,64,1024,prefill,prefill,prefill_gemm,34.0,,5,5,30,106695634.13850565,106695634.28698565,0.14847999811172485
facebook/opt-125m,64,1024,prefill,prefill,prefill_gemm,34.0,,6,0,30,106695634.28698565,106695634.43546565,0.14847999811172485
facebook/opt-125m,64,1024,prefill,prefill,prefill_gemm,34.0,,6,1,30,106695634.43546565,106695634.58394565,0.14847999811172485
facebook/opt-125m,64,1024,prefill,prefill,prefill_gemm,34.0,,6,2,30,106695634.58394565,106695634.73242564,0.14847999811172485
facebook/opt-125m,64,1024,prefill,prefill,prefill_gemm,34.0,,6,3,30,106695634.73242564,106695634.88090564,0.14847999811172485
facebook/opt-125m,64,1024,prefill,prefill,prefill_gemm,34.0,,6,4,30,106695634.88090564,106695635.02938564,0.14847999811172485
facebook/opt-125m,64,1024,prefill,prefill,prefill_gemm,34.0,,6,5,30,106695635.02938564,106695635.17786564,0.14847999811172485
facebook/opt-125m,64,1024,prefill,prefill,prefill_gemm,34.0,,7,0,30,106695635.17786564,106695635.32634564,0.14847999811172485
facebook/opt-125m,64,1024,prefill,prefill,prefill_gemm,34.0,,7,1,30,106695635.32634564,106695635.47482564,0.14847999811172485
facebook/opt-125m,64,1024,prefill,prefill,prefill_gemm,34.0,,7,2,30,106695635.47482564,106695635.62330563,0.14847999811172485
facebook/opt-125m,64,1024,prefill,prefill,prefill_gemm,34.0,,7,3,30,106695635.62330563,106695635.77178563,0.14847999811172485
facebook/opt-125m,64,1024,prefill,prefill,prefill_gemm,34.0,,7,4,30,106695635.77178563,106695635.92026563,0.14847999811172485
facebook/opt-125m,64,1024,prefill,prefill,prefill_gemm,34.0,,7,5,30,106695635.92026563,106695636.06874563,0.14847999811172485
facebook/opt-125m,64,1024,prefill,prefill,prefill_gemm,34.0,,8,0,30,106695636.06874563,106695636.21722563,0.14847999811172485
facebook/opt-125m,64,1024,prefill,prefill,prefill_gemm,34.0,,8,1,30,106695636.21722563,106695636.36570562,0.14847999811172485
facebook/opt-125m,64,1024,prefill,prefill,prefill_gemm,34.0,,8,2,30,106695636.36570562,106695636.51418562,0.14847999811172485
facebook/opt-125m,64,1024,prefill,prefill,prefill_gemm,34.0,,8,3,30,106695636.51418562,106695636.66266562,0.14847999811172485
facebook/opt-125m,64,1024,prefill,prefill,prefill_gemm,34.0,,8,4,30,106695636.66266562,106695636.81114562,0.14847999811172485
facebook/opt-125m,64,1024,prefill,prefill,prefill_gemm,34.0,,8,5,30,106695636.81114562,106695636.95962562,0.14847999811172485
facebook/opt-125m,64,1024,prefill,prefill,prefill_gemm,34.0,,9,0,30,106695636.95962562,106695637.10810561,0.14847999811172485
facebook/opt-125m,64,1024,prefill,prefill,prefill_gemm,34.0,,9,1,30,106695637.10810561,106695637.25658561,0.14847999811172485
facebook/opt-125m,64,1024,prefill,prefill,prefill_gemm,34.0,,9,2,30,106695637.25658561,106695637.40506561,0.14847999811172485
facebook/opt-125m,64,1024,prefill,prefill,prefill_gemm,34.0,,9,3,30,106695637.40506561,106695637.55354561,0.14847999811172485
facebook/opt-125m,64,1024,prefill,prefill,prefill_gemm,34.0,,9,4,30,106695637.55354561,106695637.7020256,0.14847999811172485
facebook/opt-125m,64,1024,prefill,prefill,prefill_gemm,34.0,,9,5,30,106695637.7020256,106695637.8505056,0.14847999811172485
facebook/opt-125m,64,1024,prefill,prefill,prefill_gemm,34.0,,10,0,30,106695637.8505056,106695637.9989856,0.14847999811172485
facebook/opt-125m,64,1024,prefill,prefill,prefill_gemm,34.0,,10,1,30,106695637.9989856,106695638.1474656,0.14847999811172485
facebook/opt-125m,64,1024,prefill,prefill,prefill_gemm,34.0,,10,2,30,106695638.1474656,106695638.2959456,0.14847999811172485
facebook/opt-125m,64,1024,prefill,prefill,prefill_gemm,34.0,,10,3,30,106695638.2959456,106695638.4444256,0.14847999811172485
facebook/opt-125m,64,1024,prefill,prefill,prefill_gemm,34.0,,10,4,30,106695638.4444256,106695638.5929056,0.14847999811172485
facebook/opt-125m,64,1024,prefill,prefill,prefill_gemm,34.0,,10,5,30,106695638.5929056,106695638.7413856,0.14847999811172485
facebook/opt-125m,64,1024,prefill,prefill,prefill_gemm,34.0,,11,0,30,106695638.7413856,106695638.88986559,0.14847999811172485
facebook/opt-125m,64,1024,prefill,prefill,prefill_gemm,34.0,,11,1,30,106695638.88986559,106695639.03834559,0.14847999811172485
facebook/opt-125m,64,1024,prefill,prefill,prefill_gemm,34.0,,11,2,30,106695639.03834559,106695639.18682559,0.14847999811172485
facebook/opt-125m,64,1024,prefill,prefill,prefill_gemm,34.0,,11,3,30,106695639.18682559,106695639.33530559,0.14847999811172485
facebook/opt-125m,64,1024,prefill,prefill,prefill_gemm,34.0,,11,4,30,106695639.33530559,106695639.48378558,0.14847999811172485
facebook/opt-125m,64,1024,prefill,prefill,prefill_gemm,34.0,,11,5,30,106695639.48378558,106695639.63226558,0.14847999811172485
facebook/opt-125m,64,1024,prefill,prefill,prefill_gemm,35.0,,0,0,30,106695639.63226558,106695639.78074558,0.14847999811172485
facebook/opt-125m,64,1024,prefill,prefill,prefill_gemm,35.0,,0,1,30,106695639.78074558,106695639.92922558,0.14847999811172485
facebook/opt-125m,64,1024,prefill,prefill,prefill_gemm,35.0,,0,2,30,106695639.92922558,106695640.07770558,0.14847999811172485
facebook/opt-125m,64,1024,prefill,prefill,prefill_gemm,35.0,,0,3,30,106695640.07770558,106695640.22618558,0.14847999811172485
facebook/opt-125m,64,1024,prefill,prefill,prefill_gemm,35.0,,0,4,30,106695640.22618558,106695640.37466557,0.14847999811172485
facebook/opt-125m,64,1024,prefill,prefill,prefill_gemm,35.0,,0,5,30,106695640.37466557,106695640.52314557,0.14847999811172485
facebook/opt-125m,64,1024,prefill,prefill,prefill_gemm,35.0,,1,0,30,106695640.52314557,106695640.67162557,0.14847999811172485
facebook/opt-125m,64,1024,prefill,prefill,prefill_gemm,35.0,,1,1,30,106695640.67162557,106695640.82010557,0.14847999811172485
facebook/opt-125m,64,1024,prefill,prefill,prefill_gemm,35.0,,1,2,30,106695640.82010557,106695640.96858557,0.14847999811172485
facebook/opt-125m,64,1024,prefill,prefill,prefill_gemm,35.0,,1,3,30,106695640.96858557,106695641.11706556,0.14847999811172485
facebook/opt-125m,64,1024,prefill,prefill,prefill_gemm,35.0,,1,4,30,106695641.11706556,106695641.26554556,0.14847999811172485
facebook/opt-125m,64,1024,prefill,prefill,prefill_gemm,35.0,,1,5,30,106695641.26554556,106695641.41402556,0.14847999811172485
facebook/opt-125m,64,1024,prefill,prefill,prefill_gemm,35.0,,2,0,30,106695641.41402556,106695641.56250556,0.14847999811172485
facebook/opt-125m,64,1024,prefill,prefill,prefill_gemm,35.0,,2,1,30,106695641.56250556,106695641.71098556,0.14847999811172485
facebook/opt-125m,64,1024,prefill,prefill,prefill_gemm,35.0,,2,2,30,106695641.71098556,106695641.85946555,0.14847999811172485
facebook/opt-125m,64,1024,prefill,prefill,prefill_gemm,35.0,,2,3,30,106695641.85946555,106695642.00794555,0.14847999811172485
facebook/opt-125m,64,1024,prefill,prefill,prefill_gemm,35.0,,2,4,30,106695642.00794555,106695642.15642555,0.14847999811172485
facebook/opt-125m,64,1024,prefill,prefill,prefill_gemm,35.0,,2,5,30,106695642.15642555,106695642.30490555,0.14847999811172485
facebook/opt-125m,64,1024,prefill,prefill,prefill_gemm,35.0,,3,0,30,106695642.30490555,106695642.45338555,0.14847999811172485
facebook/opt-125m,64,1024,prefill,prefill,prefill_gemm,35.0,,3,1,30,106695642.45338555,106695642.60186554,0.14847999811172485
facebook/opt-125m,64,1024,prefill,prefill,prefill_gemm,35.0,,3,2,30,106695642.60186554,106695642.75034554,0.14847999811172485
facebook/opt-125m,64,1024,prefill,prefill,prefill_gemm,35.0,,3,3,30,106695642.75034554,106695642.89882554,0.14847999811172485
facebook/opt-125m,64,1024,prefill,prefill,prefill_gemm,35.0,,3,4,30,106695642.89882554,106695643.04730554,0.14847999811172485
facebook/opt-125m,64,1024,prefill,prefill,prefill_gemm,35.0,,3,5,30,106695643.04730554,106695643.19578554,0.14847999811172485
facebook/opt-125m,64,1024,prefill,prefill,prefill_gemm,35.0,,4,0,30,106695643.19578554,106695643.34426554,0.14847999811172485
facebook/opt-125m,64,1024,prefill,prefill,prefill_gemm,35.0,,4,1,30,106695643.34426554,106695643.49274553,0.14847999811172485
facebook/opt-125m,64,1024,prefill,prefill,prefill_gemm,35.0,,4,2,30,106695643.49274553,106695643.64122553,0.14847999811172485
facebook/opt-125m,64,1024,prefill,prefill,prefill_gemm,35.0,,4,3,30,106695643.64122553,106695643.78970553,0.14847999811172485
facebook/opt-125m,64,1024,prefill,prefill,prefill_gemm,35.0,,4,4,30,106695643.78970553,106695643.93818553,0.14847999811172485
facebook/opt-125m,64,1024,prefill,prefill,prefill_gemm,35.0,,4,5,30,106695643.93818553,106695644.08666553,0.14847999811172485
facebook/opt-125m,64,1024,prefill,prefill,prefill_gemm,35.0,,5,0,30,106695644.08666553,106695644.23514552,0.14847999811172485
facebook/opt-125m,64,1024,prefill,prefill,prefill_gemm,35.0,,5,1,30,106695644.23514552,106695644.38362552,0.14847999811172485
facebook/opt-125m,64,1024,prefill,prefill,prefill_gemm,35.0,,5,2,30,106695644.38362552,106695644.53210552,0.14847999811172485
facebook/opt-125m,64,1024,prefill,prefill,prefill_gemm,35.0,,5,3,30,106695644.53210552,106695644.68058552,0.14847999811172485
facebook/opt-125m,64,1024,prefill,prefill,prefill_gemm,35.0,,5,4,30,106695644.68058552,106695644.82906552,0.14847999811172485
facebook/opt-125m,64,1024,prefill,prefill,prefill_gemm,35.0,,5,5,30,106695644.82906552,106695644.97754551,0.14847999811172485
facebook/opt-125m,64,1024,prefill,prefill,prefill_gemm,35.0,,6,0,30,106695644.97754551,106695645.12602551,0.14847999811172485
facebook/opt-125m,64,1024,prefill,prefill,prefill_gemm,35.0,,6,1,30,106695645.12602551,106695645.27450551,0.14847999811172485
facebook/opt-125m,64,1024,prefill,prefill,prefill_gemm,35.0,,6,2,30,106695645.27450551,106695645.42298551,0.14847999811172485
facebook/opt-125m,64,1024,prefill,prefill,prefill_gemm,35.0,,6,3,30,106695645.42298551,106695645.5714655,0.14847999811172485
facebook/opt-125m,64,1024,prefill,prefill,prefill_gemm,35.0,,6,4,30,106695645.5714655,106695645.7199455,0.14847999811172485
facebook/opt-125m,64,1024,prefill,prefill,prefill_gemm,35.0,,6,5,30,106695645.7199455,106695645.8684255,0.14847999811172485
facebook/opt-125m,64,1024,prefill,prefill,prefill_gemm,35.0,,7,0,30,106695645.8684255,106695646.0169055,0.14847999811172485
facebook/opt-125m,64,1024,prefill,prefill,prefill_gemm,35.0,,7,1,30,106695646.0169055,106695646.1653855,0.14847999811172485
facebook/opt-125m,64,1024,prefill,prefill,prefill_gemm,35.0,,7,2,30,106695646.1653855,106695646.3138655,0.14847999811172485
facebook/opt-125m,64,1024,prefill,prefill,prefill_gemm,35.0,,7,3,30,106695646.3138655,106695646.4623455,0.14847999811172485
facebook/opt-125m,64,1024,prefill,prefill,prefill_gemm,35.0,,7,4,30,106695646.4623455,106695646.6108255,0.14847999811172485
facebook/opt-125m,64,1024,prefill,prefill,prefill_gemm,35.0,,7,5,30,106695646.6108255,106695646.75930549,0.14847999811172485
facebook/opt-125m,64,1024,prefill,prefill,prefill_gemm,35.0,,8,0,30,106695646.75930549,106695646.90778549,0.14847999811172485
facebook/opt-125m,64,1024,prefill,prefill,prefill_gemm,35.0,,8,1,30,106695646.90778549,106695647.05626549,0.14847999811172485
facebook/opt-125m,64,1024,prefill,prefill,prefill_gemm,35.0,,8,2,30,106695647.05626549,106695647.20474549,0.14847999811172485
facebook/opt-125m,64,1024,prefill,prefill,prefill_gemm,35.0,,8,3,30,106695647.20474549,106695647.35322548,0.14847999811172485
facebook/opt-125m,64,1024,prefill,prefill,prefill_gemm,35.0,,8,4,30,106695647.35322548,106695647.50170548,0.14847999811172485
facebook/opt-125m,64,1024,prefill,prefill,prefill_gemm,35.0,,8,5,30,106695647.50170548,106695647.65018548,0.14847999811172485
facebook/opt-125m,64,1024,prefill,prefill,prefill_gemm,35.0,,9,0,30,106695647.65018548,106695647.79866548,0.14847999811172485
facebook/opt-125m,64,1024,prefill,prefill,prefill_gemm,35.0,,9,1,30,106695647.79866548,106695647.94714548,0.14847999811172485
facebook/opt-125m,64,1024,prefill,prefill,prefill_gemm,35.0,,9,2,30,106695647.94714548,106695648.09562548,0.14847999811172485
facebook/opt-125m,64,1024,prefill,prefill,prefill_gemm,35.0,,9,3,30,106695648.09562548,106695648.24410547,0.14847999811172485
facebook/opt-125m,64,1024,prefill,prefill,prefill_gemm,35.0,,9,4,30,106695648.24410547,106695648.39258547,0.14847999811172485
facebook/opt-125m,64,1024,prefill,prefill,prefill_gemm,35.0,,9,5,30,106695648.39258547,106695648.54106547,0.14847999811172485
facebook/opt-125m,64,1024,prefill,prefill,prefill_gemm,35.0,,10,0,30,106695648.54106547,106695648.68954547,0.14847999811172485
facebook/opt-125m,64,1024,prefill,prefill,prefill_gemm,35.0,,10,1,30,106695648.68954547,106695648.83802547,0.14847999811172485
facebook/opt-125m,64,1024,prefill,prefill,prefill_gemm,35.0,,10,2,30,106695648.83802547,106695648.98650546,0.14847999811172485
facebook/opt-125m,64,1024,prefill,prefill,prefill_gemm,35.0,,10,3,30,106695648.98650546,106695649.13498546,0.14847999811172485
facebook/opt-125m,64,1024,prefill,prefill,prefill_gemm,35.0,,10,4,30,106695649.13498546,106695649.28346546,0.14847999811172485
facebook/opt-125m,64,1024,prefill,prefill,prefill_gemm,35.0,,10,5,30,106695649.28346546,106695649.43194546,0.14847999811172485
facebook/opt-125m,64,1024,prefill,prefill,prefill_gemm,35.0,,11,0,30,106695649.43194546,106695649.58042546,0.14847999811172485
facebook/opt-125m,64,1024,prefill,prefill,prefill_gemm,35.0,,11,1,30,106695649.58042546,106695649.72890545,0.14847999811172485
facebook/opt-125m,64,1024,prefill,prefill,prefill_gemm,35.0,,11,2,30,106695649.72890545,106695649.87738545,0.14847999811172485
facebook/opt-125m,64,1024,prefill,prefill,prefill_gemm,35.0,,11,3,30,106695649.87738545,106695650.02586545,0.14847999811172485
facebook/opt-125m,64,1024,prefill,prefill,prefill_gemm,35.0,,11,4,30,106695650.02586545,106695650.17434545,0.14847999811172485
facebook/opt-125m,64,1024,prefill,prefill,prefill_gemm,35.0,,11,5,30,106695650.17434545,106695650.32282545,0.14847999811172485
facebook/opt-125m,64,1024,prefill,prefill,prefill_gemm,36.0,,0,0,30,106695650.32282545,106695650.47130544,0.14847999811172485
facebook/opt-125m,64,1024,prefill,prefill,prefill_gemm,36.0,,0,1,30,106695650.47130544,106695650.61978544,0.14847999811172485
facebook/opt-125m,64,1024,prefill,prefill,prefill_gemm,36.0,,0,2,30,106695650.61978544,106695650.76826544,0.14847999811172485
facebook/opt-125m,64,1024,prefill,prefill,prefill_gemm,36.0,,0,3,30,106695650.76826544,106695650.91674544,0.14847999811172485
facebook/opt-125m,64,1024,prefill,prefill,prefill_gemm,36.0,,0,4,30,106695650.91674544,106695651.06522544,0.14847999811172485
facebook/opt-125m,64,1024,prefill,prefill,prefill_gemm,36.0,,0,5,30,106695651.06522544,106695651.21370544,0.14847999811172485
facebook/opt-125m,64,1024,prefill,prefill,prefill_gemm,36.0,,1,0,30,106695651.21370544,106695651.36218543,0.14847999811172485
facebook/opt-125m,64,1024,prefill,prefill,prefill_gemm,36.0,,1,1,30,106695651.36218543,106695651.51066543,0.14847999811172485
facebook/opt-125m,64,1024,prefill,prefill,prefill_gemm,36.0,,1,2,30,106695651.51066543,106695651.65914543,0.14847999811172485
facebook/opt-125m,64,1024,prefill,prefill,prefill_gemm,36.0,,1,3,30,106695651.65914543,106695651.80762543,0.14847999811172485
facebook/opt-125m,64,1024,prefill,prefill,prefill_gemm,36.0,,1,4,30,106695651.80762543,106695651.95610543,0.14847999811172485
facebook/opt-125m,64,1024,prefill,prefill,prefill_gemm,36.0,,1,5,30,106695651.95610543,106695652.10458542,0.14847999811172485
facebook/opt-125m,64,1024,prefill,prefill,prefill_gemm,36.0,,2,0,30,106695652.10458542,106695652.25306542,0.14847999811172485
facebook/opt-125m,64,1024,prefill,prefill,prefill_gemm,36.0,,2,1,30,106695652.25306542,106695652.40154542,0.14847999811172485
facebook/opt-125m,64,1024,prefill,prefill,prefill_gemm,36.0,,2,2,30,106695652.40154542,106695652.55002542,0.14847999811172485
facebook/opt-125m,64,1024,prefill,prefill,prefill_gemm,36.0,,2,3,30,106695652.55002542,106695652.69850542,0.14847999811172485
facebook/opt-125m,64,1024,prefill,prefill,prefill_gemm,36.0,,2,4,30,106695652.69850542,106695652.84698541,0.14847999811172485
facebook/opt-125m,64,1024,prefill,prefill,prefill_gemm,36.0,,2,5,30,106695652.84698541,106695652.99546541,0.14847999811172485
facebook/opt-125m,64,1024,prefill,prefill,prefill_gemm,36.0,,3,0,30,106695652.99546541,106695653.14394541,0.14847999811172485
facebook/opt-125m,64,1024,prefill,prefill,prefill_gemm,36.0,,3,1,30,106695653.14394541,106695653.29242541,0.14847999811172485
facebook/opt-125m,64,1024,prefill,prefill,prefill_gemm,36.0,,3,2,30,106695653.29242541,106695653.4409054,0.14847999811172485
facebook/opt-125m,64,1024,prefill,prefill,prefill_gemm,36.0,,3,3,30,106695653.4409054,106695653.5893854,0.14847999811172485
facebook/opt-125m,64,1024,prefill,prefill,prefill_gemm,36.0,,3,4,30,106695653.5893854,106695653.7378654,0.14847999811172485
facebook/opt-125m,64,1024,prefill,prefill,prefill_gemm,36.0,,3,5,30,106695653.7378654,106695653.8863454,0.14847999811172485
facebook/opt-125m,64,1024,prefill,prefill,prefill_gemm,36.0,,4,0,30,106695653.8863454,106695654.0348254,0.14847999811172485
facebook/opt-125m,64,1024,prefill,prefill,prefill_gemm,36.0,,4,1,30,106695654.0348254,106695654.1833054,0.14847999811172485
facebook/opt-125m,64,1024,prefill,prefill,prefill_gemm,36.0,,4,2,30,106695654.1833054,106695654.3317854,0.14847999811172485
facebook/opt-125m,64,1024,prefill,prefill,prefill_gemm,36.0,,4,3,30,106695654.3317854,106695654.4802654,0.14847999811172485
facebook/opt-125m,64,1024,prefill,prefill,prefill_gemm,36.0,,4,4,30,106695654.4802654,106695654.62874539,0.14847999811172485
facebook/opt-125m,64,1024,prefill,prefill,prefill_gemm,36.0,,4,5,30,106695654.62874539,106695654.77722539,0.14847999811172485
facebook/opt-125m,64,1024,prefill,prefill,prefill_gemm,36.0,,5,0,30,106695654.77722539,106695654.92570539,0.14847999811172485
facebook/opt-125m,64,1024,prefill,prefill,prefill_gemm,36.0,,5,1,30,106695654.92570539,106695655.07418539,0.14847999811172485
facebook/opt-125m,64,1024,prefill,prefill,prefill_gemm,36.0,,5,2,30,106695655.07418539,106695655.22266538,0.14847999811172485
facebook/opt-125m,64,1024,prefill,prefill,prefill_gemm,36.0,,5,3,30,106695655.22266538,106695655.37114538,0.14847999811172485
facebook/opt-125m,64,1024,prefill,prefill,prefill_gemm,36.0,,5,4,30,106695655.37114538,106695655.51962538,0.14847999811172485
facebook/opt-125m,64,1024,prefill,prefill,prefill_gemm,36.0,,5,5,30,106695655.51962538,106695655.66810538,0.14847999811172485
facebook/opt-125m,64,1024,prefill,prefill,prefill_gemm,36.0,,6,0,30,106695655.66810538,106695655.81658538,0.14847999811172485
facebook/opt-125m,64,1024,prefill,prefill,prefill_gemm,36.0,,6,1,30,106695655.81658538,106695655.96506537,0.14847999811172485
facebook/opt-125m,64,1024,prefill,prefill,prefill_gemm,36.0,,6,2,30,106695655.96506537,106695656.11354537,0.14847999811172485
facebook/opt-125m,64,1024,prefill,prefill,prefill_gemm,36.0,,6,3,30,106695656.11354537,106695656.26202537,0.14847999811172485
facebook/opt-125m,64,1024,prefill,prefill,prefill_gemm,36.0,,6,4,30,106695656.26202537,106695656.41050537,0.14847999811172485
facebook/opt-125m,64,1024,prefill,prefill,prefill_gemm,36.0,,6,5,30,106695656.41050537,106695656.55898537,0.14847999811172485
facebook/opt-125m,64,1024,prefill,prefill,prefill_gemm,36.0,,7,0,30,106695656.55898537,106695656.70746537,0.14847999811172485
facebook/opt-125m,64,1024,prefill,prefill,prefill_gemm,36.0,,7,1,30,106695656.70746537,106695656.85594536,0.14847999811172485
facebook/opt-125m,64,1024,prefill,prefill,prefill_gemm,36.0,,7,2,30,106695656.85594536,106695657.00442536,0.14847999811172485
facebook/opt-125m,64,1024,prefill,prefill,prefill_gemm,36.0,,7,3,30,106695657.00442536,106695657.15290536,0.14847999811172485
facebook/opt-125m,64,1024,prefill,prefill,prefill_gemm,36.0,,7,4,30,106695657.15290536,106695657.30138536,0.14847999811172485
facebook/opt-125m,64,1024,prefill,prefill,prefill_gemm,36.0,,7,5,30,106695657.30138536,106695657.44986536,0.14847999811172485
facebook/opt-125m,64,1024,prefill,prefill,prefill_gemm,36.0,,8,0,30,106695657.44986536,106695657.59834535,0.14847999811172485
facebook/opt-125m,64,1024,prefill,prefill,prefill_gemm,36.0,,8,1,30,106695657.59834535,106695657.74682535,0.14847999811172485
facebook/opt-125m,64,1024,prefill,prefill,prefill_gemm,36.0,,8,2,30,106695657.74682535,106695657.89530535,0.14847999811172485
facebook/opt-125m,64,1024,prefill,prefill,prefill_gemm,36.0,,8,3,30,106695657.89530535,106695658.04378535,0.14847999811172485
facebook/opt-125m,64,1024,prefill,prefill,prefill_gemm,36.0,,8,4,30,106695658.04378535,106695658.19226535,0.14847999811172485
facebook/opt-125m,64,1024,prefill,prefill,prefill_gemm,36.0,,8,5,30,106695658.19226535,106695658.34074534,0.14847999811172485
facebook/opt-125m,64,1024,prefill,prefill,prefill_gemm,36.0,,9,0,30,106695658.34074534,106695658.48922534,0.14847999811172485
facebook/opt-125m,64,1024,prefill,prefill,prefill_gemm,36.0,,9,1,30,106695658.48922534,106695658.63770534,0.14847999811172485
facebook/opt-125m,64,1024,prefill,prefill,prefill_gemm,36.0,,9,2,30,106695658.63770534,106695658.78618534,0.14847999811172485
facebook/opt-125m,64,1024,prefill,prefill,prefill_gemm,36.0,,9,3,30,106695658.78618534,106695658.93466534,0.14847999811172485
facebook/opt-125m,64,1024,prefill,prefill,prefill_gemm,36.0,,9,4,30,106695658.93466534,106695659.08314534,0.14847999811172485
facebook/opt-125m,64,1024,prefill,prefill,prefill_gemm,36.0,,9,5,30,106695659.08314534,106695659.23162533,0.14847999811172485
facebook/opt-125m,64,1024,prefill,prefill,prefill_gemm,36.0,,10,0,30,106695659.23162533,106695659.38010533,0.14847999811172485
facebook/opt-125m,64,1024,prefill,prefill,prefill_gemm,36.0,,10,1,30,106695659.38010533,106695659.52858533,0.14847999811172485
facebook/opt-125m,64,1024,prefill,prefill,prefill_gemm,36.0,,10,2,30,106695659.52858533,106695659.67706533,0.14847999811172485
facebook/opt-125m,64,1024,prefill,prefill,prefill_gemm,36.0,,10,3,30,106695659.67706533,106695659.82554533,0.14847999811172485
facebook/opt-125m,64,1024,prefill,prefill,prefill_gemm,36.0,,10,4,30,106695659.82554533,106695659.97402532,0.14847999811172485
facebook/opt-125m,64,1024,prefill,prefill,prefill_gemm,36.0,,10,5,30,106695659.97402532,106695660.12250532,0.14847999811172485
facebook/opt-125m,64,1024,prefill,prefill,prefill_gemm,36.0,,11,0,30,106695660.12250532,106695660.27098532,0.14847999811172485
facebook/opt-125m,64,1024,prefill,prefill,prefill_gemm,36.0,,11,1,30,106695660.27098532,106695660.41946532,0.14847999811172485
facebook/opt-125m,64,1024,prefill,prefill,prefill_gemm,36.0,,11,2,30,106695660.41946532,106695660.56794532,0.14847999811172485
facebook/opt-125m,64,1024,prefill,prefill,prefill_gemm,36.0,,11,3,30,106695660.56794532,106695660.71642531,0.14847999811172485
facebook/opt-125m,64,1024,prefill,prefill,prefill_gemm,36.0,,11,4,30,106695660.71642531,106695660.86490531,0.14847999811172485
facebook/opt-125m,64,1024,prefill,prefill,prefill_gemm,36.0,,11,5,30,106695660.86490531,106695661.01338531,0.14847999811172485
facebook/opt-125m,64,1024,prefill,prefill,prefill_gemm,37.0,,0,0,30,106695661.01338531,106695661.16186531,0.14847999811172485
facebook/opt-125m,64,1024,prefill,prefill,prefill_gemm,37.0,,0,1,30,106695661.16186531,106695661.3103453,0.14847999811172485
facebook/opt-125m,64,1024,prefill,prefill,prefill_gemm,37.0,,0,2,30,106695661.3103453,106695661.4588253,0.14847999811172485
facebook/opt-125m,64,1024,prefill,prefill,prefill_gemm,37.0,,0,3,30,106695661.4588253,106695661.6073053,0.14847999811172485
facebook/opt-125m,64,1024,prefill,prefill,prefill_gemm,37.0,,0,4,30,106695661.6073053,106695661.7557853,0.14847999811172485
facebook/opt-125m,64,1024,prefill,prefill,prefill_gemm,37.0,,0,5,30,106695661.7557853,106695661.9042653,0.14847999811172485
facebook/opt-125m,64,1024,prefill,prefill,prefill_gemm,37.0,,1,0,30,106695661.9042653,106695662.0527453,0.14847999811172485
facebook/opt-125m,64,1024,prefill,prefill,prefill_gemm,37.0,,1,1,30,106695662.0527453,106695662.2012253,0.14847999811172485
facebook/opt-125m,64,1024,prefill,prefill,prefill_gemm,37.0,,1,2,30,106695662.2012253,106695662.3497053,0.14847999811172485
facebook/opt-125m,64,1024,prefill,prefill,prefill_gemm,37.0,,1,3,30,106695662.3497053,106695662.49818529,0.14847999811172485
facebook/opt-125m,64,1024,prefill,prefill,prefill_gemm,37.0,,1,4,30,106695662.49818529,106695662.64666529,0.14847999811172485
facebook/opt-125m,64,1024,prefill,prefill,prefill_gemm,37.0,,1,5,30,106695662.64666529,106695662.79514529,0.14847999811172485
facebook/opt-125m,64,1024,prefill,prefill,prefill_gemm,37.0,,2,0,30,106695662.79514529,106695662.94362529,0.14847999811172485
facebook/opt-125m,64,1024,prefill,prefill,prefill_gemm,37.0,,2,1,30,106695662.94362529,106695663.09210528,0.14847999811172485
facebook/opt-125m,64,1024,prefill,prefill,prefill_gemm,37.0,,2,2,30,106695663.09210528,106695663.24058528,0.14847999811172485
facebook/opt-125m,64,1024,prefill,prefill,prefill_gemm,37.0,,2,3,30,106695663.24058528,106695663.38906528,0.14847999811172485
facebook/opt-125m,64,1024,prefill,prefill,prefill_gemm,37.0,,2,4,30,106695663.38906528,106695663.53754528,0.14847999811172485
facebook/opt-125m,64,1024,prefill,prefill,prefill_gemm,37.0,,2,5,30,106695663.53754528,106695663.68602528,0.14847999811172485
facebook/opt-125m,64,1024,prefill,prefill,prefill_gemm,37.0,,3,0,30,106695663.68602528,106695663.83450527,0.14847999811172485
facebook/opt-125m,64,1024,prefill,prefill,prefill_gemm,37.0,,3,1,30,106695663.83450527,106695663.98298527,0.14847999811172485
facebook/opt-125m,64,1024,prefill,prefill,prefill_gemm,37.0,,3,2,30,106695663.98298527,106695664.13146527,0.14847999811172485
facebook/opt-125m,64,1024,prefill,prefill,prefill_gemm,37.0,,3,3,30,106695664.13146527,106695664.27994527,0.14847999811172485
facebook/opt-125m,64,1024,prefill,prefill,prefill_gemm,37.0,,3,4,30,106695664.27994527,106695664.42842527,0.14847999811172485
facebook/opt-125m,64,1024,prefill,prefill,prefill_gemm,37.0,,3,5,30,106695664.42842527,106695664.57690527,0.14847999811172485
facebook/opt-125m,64,1024,prefill,prefill,prefill_gemm,37.0,,4,0,30,106695664.57690527,106695664.72538526,0.14847999811172485
facebook/opt-125m,64,1024,prefill,prefill,prefill_gemm,37.0,,4,1,30,106695664.72538526,106695664.87386526,0.14847999811172485
facebook/opt-125m,64,1024,prefill,prefill,prefill_gemm,37.0,,4,2,30,106695664.87386526,106695665.02234526,0.14847999811172485
facebook/opt-125m,64,1024,prefill,prefill,prefill_gemm,37.0,,4,3,30,106695665.02234526,106695665.17082526,0.14847999811172485
facebook/opt-125m,64,1024,prefill,prefill,prefill_gemm,37.0,,4,4,30,106695665.17082526,106695665.31930526,0.14847999811172485
facebook/opt-125m,64,1024,prefill,prefill,prefill_gemm,37.0,,4,5,30,106695665.31930526,106695665.46778525,0.14847999811172485
facebook/opt-125m,64,1024,prefill,prefill,prefill_gemm,37.0,,5,0,30,106695665.46778525,106695665.61626525,0.14847999811172485
facebook/opt-125m,64,1024,prefill,prefill,prefill_gemm,37.0,,5,1,30,106695665.61626525,106695665.76474525,0.14847999811172485
facebook/opt-125m,64,1024,prefill,prefill,prefill_gemm,37.0,,5,2,30,106695665.76474525,106695665.91322525,0.14847999811172485
facebook/opt-125m,64,1024,prefill,prefill,prefill_gemm,37.0,,5,3,30,106695665.91322525,106695666.06170525,0.14847999811172485
facebook/opt-125m,64,1024,prefill,prefill,prefill_gemm,37.0,,5,4,30,106695666.06170525,106695666.21018524,0.14847999811172485
facebook/opt-125m,64,1024,prefill,prefill,prefill_gemm,37.0,,5,5,30,106695666.21018524,106695666.35866524,0.14847999811172485
facebook/opt-125m,64,1024,prefill,prefill,prefill_gemm,37.0,,6,0,30,106695666.35866524,106695666.50714524,0.14847999811172485
facebook/opt-125m,64,1024,prefill,prefill,prefill_gemm,37.0,,6,1,30,106695666.50714524,106695666.65562524,0.14847999811172485
facebook/opt-125m,64,1024,prefill,prefill,prefill_gemm,37.0,,6,2,30,106695666.65562524,106695666.80410524,0.14847999811172485
facebook/opt-125m,64,1024,prefill,prefill,prefill_gemm,37.0,,6,3,30,106695666.80410524,106695666.95258524,0.14847999811172485
facebook/opt-125m,64,1024,prefill,prefill,prefill_gemm,37.0,,6,4,30,106695666.95258524,106695667.10106523,0.14847999811172485
facebook/opt-125m,64,1024,prefill,prefill,prefill_gemm,37.0,,6,5,30,106695667.10106523,106695667.24954523,0.14847999811172485
facebook/opt-125m,64,1024,prefill,prefill,prefill_gemm,37.0,,7,0,31,106695667.263575,106695667.412055,0.14847999811172485
facebook/opt-125m,64,1024,prefill,prefill,prefill_gemm,37.0,,7,1,31,106695667.412055,106695667.560535,0.14847999811172485
facebook/opt-125m,64,1024,prefill,prefill,prefill_gemm,37.0,,7,2,31,106695667.560535,106695667.709015,0.14847999811172485
facebook/opt-125m,64,1024,prefill,prefill,prefill_gemm,37.0,,7,3,31,106695667.709015,106695667.857495,0.14847999811172485
facebook/opt-125m,64,1024,prefill,prefill,prefill_gemm,37.0,,7,4,31,106695667.857495,106695668.005975,0.14847999811172485
facebook/opt-125m,64,1024,prefill,prefill,prefill_gemm,37.0,,7,5,31,106695668.005975,106695668.15445499,0.14847999811172485
facebook/opt-125m,64,1024,prefill,prefill,prefill_gemm,37.0,,8,0,31,106695668.15445499,106695668.30293499,0.14847999811172485
facebook/opt-125m,64,1024,prefill,prefill,prefill_gemm,37.0,,8,1,31,106695668.30293499,106695668.45141499,0.14847999811172485
facebook/opt-125m,64,1024,prefill,prefill,prefill_gemm,37.0,,8,2,31,106695668.45141499,106695668.59989499,0.14847999811172485
facebook/opt-125m,64,1024,prefill,prefill,prefill_gemm,37.0,,8,3,31,106695668.59989499,106695668.74837498,0.14847999811172485
facebook/opt-125m,64,1024,prefill,prefill,prefill_gemm,37.0,,8,4,31,106695668.74837498,106695668.89685498,0.14847999811172485
facebook/opt-125m,64,1024,prefill,prefill,prefill_gemm,37.0,,8,5,31,106695668.89685498,106695669.04533498,0.14847999811172485
facebook/opt-125m,64,1024,prefill,prefill,prefill_gemm,37.0,,9,0,31,106695669.04533498,106695669.19381498,0.14847999811172485
facebook/opt-125m,64,1024,prefill,prefill,prefill_gemm,37.0,,9,1,31,106695669.19381498,106695669.34229498,0.14847999811172485
facebook/opt-125m,64,1024,prefill,prefill,prefill_gemm,37.0,,9,2,31,106695669.34229498,106695669.49077497,0.14847999811172485
facebook/opt-125m,64,1024,prefill,prefill,prefill_gemm,37.0,,9,3,31,106695669.49077497,106695669.63925497,0.14847999811172485
facebook/opt-125m,64,1024,prefill,prefill,prefill_gemm,37.0,,9,4,31,106695669.63925497,106695669.78773497,0.14847999811172485
facebook/opt-125m,64,1024,prefill,prefill,prefill_gemm,37.0,,9,5,31,106695669.78773497,106695669.93621497,0.14847999811172485
facebook/opt-125m,64,1024,prefill,prefill,prefill_gemm,37.0,,10,0,31,106695669.93621497,106695670.08469497,0.14847999811172485
facebook/opt-125m,64,1024,prefill,prefill,prefill_gemm,37.0,,10,1,31,106695670.08469497,106695670.23317496,0.14847999811172485
facebook/opt-125m,64,1024,prefill,prefill,prefill_gemm,37.0,,10,2,31,106695670.23317496,106695670.38165496,0.14847999811172485
facebook/opt-125m,64,1024,prefill,prefill,prefill_gemm,37.0,,10,3,31,106695670.38165496,106695670.53013496,0.14847999811172485
facebook/opt-125m,64,1024,prefill,prefill,prefill_gemm,37.0,,10,4,31,106695670.53013496,106695670.67861496,0.14847999811172485
facebook/opt-125m,64,1024,prefill,prefill,prefill_gemm,37.0,,10,5,31,106695670.67861496,106695670.82709496,0.14847999811172485
facebook/opt-125m,64,1024,prefill,prefill,prefill_gemm,37.0,,11,0,31,106695670.82709496,106695670.97557496,0.14847999811172485
facebook/opt-125m,64,1024,prefill,prefill,prefill_gemm,37.0,,11,1,31,106695670.97557496,106695671.12405495,0.14847999811172485
facebook/opt-125m,64,1024,prefill,prefill,prefill_gemm,37.0,,11,2,31,106695671.12405495,106695671.27253495,0.14847999811172485
facebook/opt-125m,64,1024,prefill,prefill,prefill_gemm,37.0,,11,3,31,106695671.27253495,106695671.42101495,0.14847999811172485
facebook/opt-125m,64,1024,prefill,prefill,prefill_gemm,37.0,,11,4,31,106695671.42101495,106695671.56949495,0.14847999811172485
facebook/opt-125m,64,1024,prefill,prefill,prefill_gemm,37.0,,11,5,31,106695671.56949495,106695671.71797495,0.14847999811172485
facebook/opt-125m,64,1024,prefill,prefill,prefill_gemm,38.0,,0,0,31,106695671.71797495,106695671.86645494,0.14847999811172485
facebook/opt-125m,64,1024,prefill,prefill,prefill_gemm,38.0,,0,1,31,106695671.86645494,106695672.01493494,0.14847999811172485
facebook/opt-125m,64,1024,prefill,prefill,prefill_gemm,38.0,,0,2,31,106695672.01493494,106695672.16341494,0.14847999811172485
facebook/opt-125m,64,1024,prefill,prefill,prefill_gemm,38.0,,0,3,31,106695672.16341494,106695672.31189494,0.14847999811172485
facebook/opt-125m,64,1024,prefill,prefill,prefill_gemm,38.0,,0,4,31,106695672.31189494,106695672.46037494,0.14847999811172485
facebook/opt-125m,64,1024,prefill,prefill,prefill_gemm,38.0,,0,5,31,106695672.46037494,106695672.60885493,0.14847999811172485
facebook/opt-125m,64,1024,prefill,prefill,prefill_gemm,38.0,,1,0,31,106695672.60885493,106695672.75733493,0.14847999811172485
facebook/opt-125m,64,1024,prefill,prefill,prefill_gemm,38.0,,1,1,31,106695672.75733493,106695672.90581493,0.14847999811172485
facebook/opt-125m,64,1024,prefill,prefill,prefill_gemm,38.0,,1,2,31,106695672.90581493,106695673.05429493,0.14847999811172485
facebook/opt-125m,64,1024,prefill,prefill,prefill_gemm,38.0,,1,3,31,106695673.05429493,106695673.20277493,0.14847999811172485
facebook/opt-125m,64,1024,prefill,prefill,prefill_gemm,38.0,,1,4,31,106695673.20277493,106695673.35125493,0.14847999811172485
facebook/opt-125m,64,1024,prefill,prefill,prefill_gemm,38.0,,1,5,31,106695673.35125493,106695673.49973492,0.14847999811172485
facebook/opt-125m,64,1024,prefill,prefill,prefill_gemm,38.0,,2,0,31,106695673.49973492,106695673.64821492,0.14847999811172485
facebook/opt-125m,64,1024,prefill,prefill,prefill_gemm,38.0,,2,1,31,106695673.64821492,106695673.79669492,0.14847999811172485
facebook/opt-125m,64,1024,prefill,prefill,prefill_gemm,38.0,,2,2,31,106695673.79669492,106695673.94517492,0.14847999811172485
facebook/opt-125m,64,1024,prefill,prefill,prefill_gemm,38.0,,2,3,31,106695673.94517492,106695674.09365492,0.14847999811172485
facebook/opt-125m,64,1024,prefill,prefill,prefill_gemm,38.0,,2,4,31,106695674.09365492,106695674.24213491,0.14847999811172485
facebook/opt-125m,64,1024,prefill,prefill,prefill_gemm,38.0,,2,5,31,106695674.24213491,106695674.39061491,0.14847999811172485
facebook/opt-125m,64,1024,prefill,prefill,prefill_gemm,38.0,,3,0,31,106695674.39061491,106695674.53909491,0.14847999811172485
facebook/opt-125m,64,1024,prefill,prefill,prefill_gemm,38.0,,3,1,31,106695674.53909491,106695674.68757491,0.14847999811172485
facebook/opt-125m,64,1024,prefill,prefill,prefill_gemm,38.0,,3,2,31,106695674.68757491,106695674.8360549,0.14847999811172485
facebook/opt-125m,64,1024,prefill,prefill,prefill_gemm,38.0,,3,3,31,106695674.8360549,106695674.9845349,0.14847999811172485
facebook/opt-125m,64,1024,prefill,prefill,prefill_gemm,38.0,,3,4,31,106695674.9845349,106695675.1330149,0.14847999811172485
facebook/opt-125m,64,1024,prefill,prefill,prefill_gemm,38.0,,3,5,31,106695675.1330149,106695675.2814949,0.14847999811172485
facebook/opt-125m,64,1024,prefill,prefill,prefill_gemm,38.0,,4,0,31,106695675.2814949,106695675.4299749,0.14847999811172485
facebook/opt-125m,64,1024,prefill,prefill,prefill_gemm,38.0,,4,1,31,106695675.4299749,106695675.5784549,0.14847999811172485
facebook/opt-125m,64,1024,prefill,prefill,prefill_gemm,38.0,,4,2,31,106695675.5784549,106695675.7269349,0.14847999811172485
facebook/opt-125m,64,1024,prefill,prefill,prefill_gemm,38.0,,4,3,31,106695675.7269349,106695675.8754149,0.14847999811172485
facebook/opt-125m,64,1024,prefill,prefill,prefill_gemm,38.0,,4,4,31,106695675.8754149,106695676.02389489,0.14847999811172485
facebook/opt-125m,64,1024,prefill,prefill,prefill_gemm,38.0,,4,5,31,106695676.02389489,106695676.17237489,0.14847999811172485
facebook/opt-125m,64,1024,prefill,prefill,prefill_gemm,38.0,,5,0,31,106695676.17237489,106695676.32085489,0.14847999811172485
facebook/opt-125m,64,1024,prefill,prefill,prefill_gemm,38.0,,5,1,31,106695676.32085489,106695676.46933489,0.14847999811172485
facebook/opt-125m,64,1024,prefill,prefill,prefill_gemm,38.0,,5,2,31,106695676.46933489,106695676.61781488,0.14847999811172485
facebook/opt-125m,64,1024,prefill,prefill,prefill_gemm,38.0,,5,3,31,106695676.61781488,106695676.76629488,0.14847999811172485
facebook/opt-125m,64,1024,prefill,prefill,prefill_gemm,38.0,,5,4,31,106695676.76629488,106695676.91477488,0.14847999811172485
facebook/opt-125m,64,1024,prefill,prefill,prefill_gemm,38.0,,5,5,31,106695676.91477488,106695677.06325488,0.14847999811172485
facebook/opt-125m,64,1024,prefill,prefill,prefill_gemm,38.0,,6,0,31,106695677.06325488,106695677.21173488,0.14847999811172485
facebook/opt-125m,64,1024,prefill,prefill,prefill_gemm,38.0,,6,1,31,106695677.21173488,106695677.36021487,0.14847999811172485
facebook/opt-125m,64,1024,prefill,prefill,prefill_gemm,38.0,,6,2,31,106695677.36021487,106695677.50869487,0.14847999811172485
facebook/opt-125m,64,1024,prefill,prefill,prefill_gemm,38.0,,6,3,31,106695677.50869487,106695677.65717487,0.14847999811172485
facebook/opt-125m,64,1024,prefill,prefill,prefill_gemm,38.0,,6,4,31,106695677.65717487,106695677.80565487,0.14847999811172485
facebook/opt-125m,64,1024,prefill,prefill,prefill_gemm,38.0,,6,5,31,106695677.80565487,106695677.95413487,0.14847999811172485
facebook/opt-125m,64,1024,prefill,prefill,prefill_gemm,38.0,,7,0,31,106695677.95413487,106695678.10261486,0.14847999811172485
facebook/opt-125m,64,1024,prefill,prefill,prefill_gemm,38.0,,7,1,31,106695678.10261486,106695678.25109486,0.14847999811172485
facebook/opt-125m,64,1024,prefill,prefill,prefill_gemm,38.0,,7,2,31,106695678.25109486,106695678.39957486,0.14847999811172485
facebook/opt-125m,64,1024,prefill,prefill,prefill_gemm,38.0,,7,3,31,106695678.39957486,106695678.54805486,0.14847999811172485
facebook/opt-125m,64,1024,prefill,prefill,prefill_gemm,38.0,,7,4,31,106695678.54805486,106695678.69653486,0.14847999811172485
facebook/opt-125m,64,1024,prefill,prefill,prefill_gemm,38.0,,7,5,31,106695678.69653486,106695678.84501486,0.14847999811172485
facebook/opt-125m,64,1024,prefill,prefill,prefill_gemm,38.0,,8,0,31,106695678.84501486,106695678.99349485,0.14847999811172485
facebook/opt-125m,64,1024,prefill,prefill,prefill_gemm,38.0,,8,1,31,106695678.99349485,106695679.14197485,0.14847999811172485
facebook/opt-125m,64,1024,prefill,prefill,prefill_gemm,38.0,,8,2,31,106695679.14197485,106695679.29045485,0.14847999811172485
facebook/opt-125m,64,1024,prefill,prefill,prefill_gemm,38.0,,8,3,31,106695679.29045485,106695679.43893485,0.14847999811172485
facebook/opt-125m,64,1024,prefill,prefill,prefill_gemm,38.0,,8,4,31,106695679.43893485,106695679.58741485,0.14847999811172485
facebook/opt-125m,64,1024,prefill,prefill,prefill_gemm,38.0,,8,5,31,106695679.58741485,106695679.73589484,0.14847999811172485
facebook/opt-125m,64,1024,prefill,prefill,prefill_gemm,38.0,,9,0,31,106695679.73589484,106695679.88437484,0.14847999811172485
facebook/opt-125m,64,1024,prefill,prefill,prefill_gemm,38.0,,9,1,31,106695679.88437484,106695680.03285484,0.14847999811172485
facebook/opt-125m,64,1024,prefill,prefill,prefill_gemm,38.0,,9,2,31,106695680.03285484,106695680.18133484,0.14847999811172485
facebook/opt-125m,64,1024,prefill,prefill,prefill_gemm,38.0,,9,3,31,106695680.18133484,106695680.32981484,0.14847999811172485
facebook/opt-125m,64,1024,prefill,prefill,prefill_gemm,38.0,,9,4,31,106695680.32981484,106695680.47829483,0.14847999811172485
facebook/opt-125m,64,1024,prefill,prefill,prefill_gemm,38.0,,9,5,31,106695680.47829483,106695680.62677483,0.14847999811172485
facebook/opt-125m,64,1024,prefill,prefill,prefill_gemm,38.0,,10,0,31,106695680.62677483,106695680.77525483,0.14847999811172485
facebook/opt-125m,64,1024,prefill,prefill,prefill_gemm,38.0,,10,1,31,106695680.77525483,106695680.92373483,0.14847999811172485
facebook/opt-125m,64,1024,prefill,prefill,prefill_gemm,38.0,,10,2,31,106695680.92373483,106695681.07221483,0.14847999811172485
facebook/opt-125m,64,1024,prefill,prefill,prefill_gemm,38.0,,10,3,31,106695681.07221483,106695681.22069483,0.14847999811172485
facebook/opt-125m,64,1024,prefill,prefill,prefill_gemm,38.0,,10,4,31,106695681.22069483,106695681.36917482,0.14847999811172485
facebook/opt-125m,64,1024,prefill,prefill,prefill_gemm,38.0,,10,5,31,106695681.36917482,106695681.51765482,0.14847999811172485
facebook/opt-125m,64,1024,prefill,prefill,prefill_gemm,38.0,,11,0,31,106695681.51765482,106695681.66613482,0.14847999811172485
facebook/opt-125m,64,1024,prefill,prefill,prefill_gemm,38.0,,11,1,31,106695681.66613482,106695681.81461482,0.14847999811172485
facebook/opt-125m,64,1024,prefill,prefill,prefill_gemm,38.0,,11,2,31,106695681.81461482,106695681.96309482,0.14847999811172485
facebook/opt-125m,64,1024,prefill,prefill,prefill_gemm,38.0,,11,3,31,106695681.96309482,106695682.11157481,0.14847999811172485
facebook/opt-125m,64,1024,prefill,prefill,prefill_gemm,38.0,,11,4,31,106695682.11157481,106695682.26005481,0.14847999811172485
facebook/opt-125m,64,1024,prefill,prefill,prefill_gemm,38.0,,11,5,31,106695682.26005481,106695682.40853481,0.14847999811172485
facebook/opt-125m,64,1024,prefill,prefill,prefill_gemm,39.0,,0,0,31,106695682.40853481,106695682.55701481,0.14847999811172485
facebook/opt-125m,64,1024,prefill,prefill,prefill_gemm,39.0,,0,1,31,106695682.55701481,106695682.7054948,0.14847999811172485
facebook/opt-125m,64,1024,prefill,prefill,prefill_gemm,39.0,,0,2,31,106695682.7054948,106695682.8539748,0.14847999811172485
facebook/opt-125m,64,1024,prefill,prefill,prefill_gemm,39.0,,0,3,31,106695682.8539748,106695683.0024548,0.14847999811172485
facebook/opt-125m,64,1024,prefill,prefill,prefill_gemm,39.0,,0,4,31,106695683.0024548,106695683.1509348,0.14847999811172485
facebook/opt-125m,64,1024,prefill,prefill,prefill_gemm,39.0,,0,5,31,106695683.1509348,106695683.2994148,0.14847999811172485
facebook/opt-125m,64,1024,prefill,prefill,prefill_gemm,39.0,,1,0,31,106695683.2994148,106695683.4478948,0.14847999811172485
facebook/opt-125m,64,1024,prefill,prefill,prefill_gemm,39.0,,1,1,31,106695683.4478948,106695683.5963748,0.14847999811172485
facebook/opt-125m,64,1024,prefill,prefill,prefill_gemm,39.0,,1,2,31,106695683.5963748,106695683.7448548,0.14847999811172485
facebook/opt-125m,64,1024,prefill,prefill,prefill_gemm,39.0,,1,3,31,106695683.7448548,106695683.89333479,0.14847999811172485
facebook/opt-125m,64,1024,prefill,prefill,prefill_gemm,39.0,,1,4,31,106695683.89333479,106695684.04181479,0.14847999811172485
facebook/opt-125m,64,1024,prefill,prefill,prefill_gemm,39.0,,1,5,31,106695684.04181479,106695684.19029479,0.14847999811172485
facebook/opt-125m,64,1024,prefill,prefill,prefill_gemm,39.0,,2,0,31,106695684.19029479,106695684.33877479,0.14847999811172485
facebook/opt-125m,64,1024,prefill,prefill,prefill_gemm,39.0,,2,1,31,106695684.33877479,106695684.48725478,0.14847999811172485
facebook/opt-125m,64,1024,prefill,prefill,prefill_gemm,39.0,,2,2,31,106695684.48725478,106695684.63573478,0.14847999811172485
facebook/opt-125m,64,1024,prefill,prefill,prefill_gemm,39.0,,2,3,31,106695684.63573478,106695684.78421478,0.14847999811172485
facebook/opt-125m,64,1024,prefill,prefill,prefill_gemm,39.0,,2,4,31,106695684.78421478,106695684.93269478,0.14847999811172485
facebook/opt-125m,64,1024,prefill,prefill,prefill_gemm,39.0,,2,5,31,106695684.93269478,106695685.08117478,0.14847999811172485
facebook/opt-125m,64,1024,prefill,prefill,prefill_gemm,39.0,,3,0,31,106695685.08117478,106695685.22965477,0.14847999811172485
facebook/opt-125m,64,1024,prefill,prefill,prefill_gemm,39.0,,3,1,31,106695685.22965477,106695685.37813477,0.14847999811172485
facebook/opt-125m,64,1024,prefill,prefill,prefill_gemm,39.0,,3,2,31,106695685.37813477,106695685.52661477,0.14847999811172485
facebook/opt-125m,64,1024,prefill,prefill,prefill_gemm,39.0,,3,3,31,106695685.52661477,106695685.67509477,0.14847999811172485
facebook/opt-125m,64,1024,prefill,prefill,prefill_gemm,39.0,,3,4,31,106695685.67509477,106695685.82357477,0.14847999811172485
facebook/opt-125m,64,1024,prefill,prefill,prefill_gemm,39.0,,3,5,31,106695685.82357477,106695685.97205476,0.14847999811172485
facebook/opt-125m,64,1024,prefill,prefill,prefill_gemm,39.0,,4,0,31,106695685.97205476,106695686.12053476,0.14847999811172485
facebook/opt-125m,64,1024,prefill,prefill,prefill_gemm,39.0,,4,1,31,106695686.12053476,106695686.26901476,0.14847999811172485
facebook/opt-125m,64,1024,prefill,prefill,prefill_gemm,39.0,,4,2,31,106695686.26901476,106695686.41749476,0.14847999811172485
facebook/opt-125m,64,1024,prefill,prefill,prefill_gemm,39.0,,4,3,31,106695686.41749476,106695686.56597476,0.14847999811172485
facebook/opt-125m,64,1024,prefill,prefill,prefill_gemm,39.0,,4,4,31,106695686.56597476,106695686.71445476,0.14847999811172485
facebook/opt-125m,64,1024,prefill,prefill,prefill_gemm,39.0,,4,5,31,106695686.71445476,106695686.86293475,0.14847999811172485
facebook/opt-125m,64,1024,prefill,prefill,prefill_gemm,39.0,,5,0,31,106695686.86293475,106695687.01141475,0.14847999811172485
facebook/opt-125m,64,1024,prefill,prefill,prefill_gemm,39.0,,5,1,31,106695687.01141475,106695687.15989475,0.14847999811172485
facebook/opt-125m,64,1024,prefill,prefill,prefill_gemm,39.0,,5,2,31,106695687.15989475,106695687.30837475,0.14847999811172485
facebook/opt-125m,64,1024,prefill,prefill,prefill_gemm,39.0,,5,3,31,106695687.30837475,106695687.45685475,0.14847999811172485
facebook/opt-125m,64,1024,prefill,prefill,prefill_gemm,39.0,,5,4,31,106695687.45685475,106695687.60533474,0.14847999811172485
facebook/opt-125m,64,1024,prefill,prefill,prefill_gemm,39.0,,5,5,31,106695687.60533474,106695687.75381474,0.14847999811172485
facebook/opt-125m,64,1024,prefill,prefill,prefill_gemm,39.0,,6,0,31,106695687.75381474,106695687.90229474,0.14847999811172485
facebook/opt-125m,64,1024,prefill,prefill,prefill_gemm,39.0,,6,1,31,106695687.90229474,106695688.05077474,0.14847999811172485
facebook/opt-125m,64,1024,prefill,prefill,prefill_gemm,39.0,,6,2,31,106695688.05077474,106695688.19925474,0.14847999811172485
facebook/opt-125m,64,1024,prefill,prefill,prefill_gemm,39.0,,6,3,31,106695688.19925474,106695688.34773473,0.14847999811172485
facebook/opt-125m,64,1024,prefill,prefill,prefill_gemm,39.0,,6,4,31,106695688.34773473,106695688.49621473,0.14847999811172485
facebook/opt-125m,64,1024,prefill,prefill,prefill_gemm,39.0,,6,5,31,106695688.49621473,106695688.64469473,0.14847999811172485
facebook/opt-125m,64,1024,prefill,prefill,prefill_gemm,39.0,,7,0,31,106695688.64469473,106695688.79317473,0.14847999811172485
facebook/opt-125m,64,1024,prefill,prefill,prefill_gemm,39.0,,7,1,31,106695688.79317473,106695688.94165473,0.14847999811172485
facebook/opt-125m,64,1024,prefill,prefill,prefill_gemm,39.0,,7,2,31,106695688.94165473,106695689.09013472,0.14847999811172485
facebook/opt-125m,64,1024,prefill,prefill,prefill_gemm,39.0,,7,3,31,106695689.09013472,106695689.23861472,0.14847999811172485
facebook/opt-125m,64,1024,prefill,prefill,prefill_gemm,39.0,,7,4,31,106695689.23861472,106695689.38709472,0.14847999811172485
facebook/opt-125m,64,1024,prefill,prefill,prefill_gemm,39.0,,7,5,31,106695689.38709472,106695689.53557472,0.14847999811172485
facebook/opt-125m,64,1024,prefill,prefill,prefill_gemm,39.0,,8,0,31,106695689.53557472,106695689.68405472,0.14847999811172485
facebook/opt-125m,64,1024,prefill,prefill,prefill_gemm,39.0,,8,1,31,106695689.68405472,106695689.83253472,0.14847999811172485
facebook/opt-125m,64,1024,prefill,prefill,prefill_gemm,39.0,,8,2,31,106695689.83253472,106695689.98101471,0.14847999811172485
facebook/opt-125m,64,1024,prefill,prefill,prefill_gemm,39.0,,8,3,31,106695689.98101471,106695690.12949471,0.14847999811172485
facebook/opt-125m,64,1024,prefill,prefill,prefill_gemm,39.0,,8,4,31,106695690.12949471,106695690.27797471,0.14847999811172485
facebook/opt-125m,64,1024,prefill,prefill,prefill_gemm,39.0,,8,5,31,106695690.27797471,106695690.42645471,0.14847999811172485
facebook/opt-125m,64,1024,prefill,prefill,prefill_gemm,39.0,,9,0,31,106695690.42645471,106695690.5749347,0.14847999811172485
facebook/opt-125m,64,1024,prefill,prefill,prefill_gemm,39.0,,9,1,31,106695690.5749347,106695690.7234147,0.14847999811172485
facebook/opt-125m,64,1024,prefill,prefill,prefill_gemm,39.0,,9,2,31,106695690.7234147,106695690.8718947,0.14847999811172485
facebook/opt-125m,64,1024,prefill,prefill,prefill_gemm,39.0,,9,3,31,106695690.8718947,106695691.0203747,0.14847999811172485
facebook/opt-125m,64,1024,prefill,prefill,prefill_gemm,39.0,,9,4,31,106695691.0203747,106695691.1688547,0.14847999811172485
facebook/opt-125m,64,1024,prefill,prefill,prefill_gemm,39.0,,9,5,31,106695691.1688547,106695691.3173347,0.14847999811172485
facebook/opt-125m,64,1024,prefill,prefill,prefill_gemm,39.0,,10,0,31,106695691.3173347,106695691.4658147,0.14847999811172485
facebook/opt-125m,64,1024,prefill,prefill,prefill_gemm,39.0,,10,1,31,106695691.4658147,106695691.6142947,0.14847999811172485
facebook/opt-125m,64,1024,prefill,prefill,prefill_gemm,39.0,,10,2,31,106695691.6142947,106695691.76277469,0.14847999811172485
facebook/opt-125m,64,1024,prefill,prefill,prefill_gemm,39.0,,10,3,31,106695691.76277469,106695691.91125469,0.14847999811172485
facebook/opt-125m,64,1024,prefill,prefill,prefill_gemm,39.0,,10,4,31,106695691.91125469,106695692.05973469,0.14847999811172485
facebook/opt-125m,64,1024,prefill,prefill,prefill_gemm,39.0,,10,5,31,106695692.05973469,106695692.20821469,0.14847999811172485
facebook/opt-125m,64,1024,prefill,prefill,prefill_gemm,39.0,,11,0,31,106695692.20821469,106695692.35669468,0.14847999811172485
facebook/opt-125m,64,1024,prefill,prefill,prefill_gemm,39.0,,11,1,31,106695692.35669468,106695692.50517468,0.14847999811172485
facebook/opt-125m,64,1024,prefill,prefill,prefill_gemm,39.0,,11,2,31,106695692.50517468,106695692.65365468,0.14847999811172485
facebook/opt-125m,64,1024,prefill,prefill,prefill_gemm,39.0,,11,3,31,106695692.65365468,106695692.80213468,0.14847999811172485
facebook/opt-125m,64,1024,prefill,prefill,prefill_gemm,39.0,,11,4,31,106695692.80213468,106695692.95061468,0.14847999811172485
facebook/opt-125m,64,1024,prefill,prefill,prefill_gemm,39.0,,11,5,31,106695692.95061468,106695693.09909467,0.14847999811172485
facebook/opt-125m,64,1024,prefill,prefill,prefill_gemm,40.0,,0,0,31,106695693.09909467,106695693.24757467,0.14847999811172485
facebook/opt-125m,64,1024,prefill,prefill,prefill_gemm,40.0,,0,1,31,106695693.24757467,106695693.39605467,0.14847999811172485
facebook/opt-125m,64,1024,prefill,prefill,prefill_gemm,40.0,,0,2,31,106695693.39605467,106695693.54453467,0.14847999811172485
facebook/opt-125m,64,1024,prefill,prefill,prefill_gemm,40.0,,0,3,31,106695693.54453467,106695693.69301467,0.14847999811172485
facebook/opt-125m,64,1024,prefill,prefill,prefill_gemm,40.0,,0,4,31,106695693.69301467,106695693.84149466,0.14847999811172485
facebook/opt-125m,64,1024,prefill,prefill,prefill_gemm,40.0,,0,5,31,106695693.84149466,106695693.98997466,0.14847999811172485
facebook/opt-125m,64,1024,prefill,prefill,prefill_gemm,40.0,,1,0,31,106695693.98997466,106695694.13845466,0.14847999811172485
facebook/opt-125m,64,1024,prefill,prefill,prefill_gemm,40.0,,1,1,31,106695694.13845466,106695694.28693466,0.14847999811172485
facebook/opt-125m,64,1024,prefill,prefill,prefill_gemm,40.0,,1,2,31,106695694.28693466,106695694.43541466,0.14847999811172485
facebook/opt-125m,64,1024,prefill,prefill,prefill_gemm,40.0,,1,3,31,106695694.43541466,106695694.58389466,0.14847999811172485
facebook/opt-125m,64,1024,prefill,prefill,prefill_gemm,40.0,,1,4,31,106695694.58389466,106695694.73237465,0.14847999811172485
facebook/opt-125m,64,1024,prefill,prefill,prefill_gemm,40.0,,1,5,31,106695694.73237465,106695694.88085465,0.14847999811172485
facebook/opt-125m,64,1024,prefill,prefill,prefill_gemm,40.0,,2,0,31,106695694.88085465,106695695.02933465,0.14847999811172485
facebook/opt-125m,64,1024,prefill,prefill,prefill_gemm,40.0,,2,1,31,106695695.02933465,106695695.17781465,0.14847999811172485
facebook/opt-125m,64,1024,prefill,prefill,prefill_gemm,40.0,,2,2,31,106695695.17781465,106695695.32629465,0.14847999811172485
facebook/opt-125m,64,1024,prefill,prefill,prefill_gemm,40.0,,2,3,31,106695695.32629465,106695695.47477464,0.14847999811172485
facebook/opt-125m,64,1024,prefill,prefill,prefill_gemm,40.0,,2,4,31,106695695.47477464,106695695.62325464,0.14847999811172485
facebook/opt-125m,64,1024,prefill,prefill,prefill_gemm,40.0,,2,5,31,106695695.62325464,106695695.77173464,0.14847999811172485
facebook/opt-125m,64,1024,prefill,prefill,prefill_gemm,40.0,,3,0,31,106695695.77173464,106695695.92021464,0.14847999811172485
facebook/opt-125m,64,1024,prefill,prefill,prefill_gemm,40.0,,3,1,31,106695695.92021464,106695696.06869464,0.14847999811172485
facebook/opt-125m,64,1024,prefill,prefill,prefill_gemm,40.0,,3,2,31,106695696.06869464,106695696.21717463,0.14847999811172485
facebook/opt-125m,64,1024,prefill,prefill,prefill_gemm,40.0,,3,3,31,106695696.21717463,106695696.36565463,0.14847999811172485
facebook/opt-125m,64,1024,prefill,prefill,prefill_gemm,40.0,,3,4,31,106695696.36565463,106695696.51413463,0.14847999811172485
facebook/opt-125m,64,1024,prefill,prefill,prefill_gemm,40.0,,3,5,31,106695696.51413463,106695696.66261463,0.14847999811172485
facebook/opt-125m,64,1024,prefill,prefill,prefill_gemm,40.0,,4,0,31,106695696.66261463,106695696.81109463,0.14847999811172485
facebook/opt-125m,64,1024,prefill,prefill,prefill_gemm,40.0,,4,1,31,106695696.81109463,106695696.95957462,0.14847999811172485
facebook/opt-125m,64,1024,prefill,prefill,prefill_gemm,40.0,,4,2,31,106695696.95957462,106695697.10805462,0.14847999811172485
facebook/opt-125m,64,1024,prefill,prefill,prefill_gemm,40.0,,4,3,31,106695697.10805462,106695697.25653462,0.14847999811172485
facebook/opt-125m,64,1024,prefill,prefill,prefill_gemm,40.0,,4,4,31,106695697.25653462,106695697.40501462,0.14847999811172485
facebook/opt-125m,64,1024,prefill,prefill,prefill_gemm,40.0,,4,5,31,106695697.40501462,106695697.55349462,0.14847999811172485
facebook/opt-125m,64,1024,prefill,prefill,prefill_gemm,40.0,,5,0,31,106695697.55349462,106695697.70197462,0.14847999811172485
facebook/opt-125m,64,1024,prefill,prefill,prefill_gemm,40.0,,5,1,31,106695697.70197462,106695697.85045461,0.14847999811172485
facebook/opt-125m,64,1024,prefill,prefill,prefill_gemm,40.0,,5,2,31,106695697.85045461,106695697.99893461,0.14847999811172485
facebook/opt-125m,64,1024,prefill,prefill,prefill_gemm,40.0,,5,3,31,106695697.99893461,106695698.14741461,0.14847999811172485
facebook/opt-125m,64,1024,prefill,prefill,prefill_gemm,40.0,,5,4,31,106695698.14741461,106695698.29589461,0.14847999811172485
facebook/opt-125m,64,1024,prefill,prefill,prefill_gemm,40.0,,5,5,31,106695698.29589461,106695698.4443746,0.14847999811172485
facebook/opt-125m,64,1024,prefill,prefill,prefill_gemm,40.0,,6,0,31,106695698.4443746,106695698.5928546,0.14847999811172485
facebook/opt-125m,64,1024,prefill,prefill,prefill_gemm,40.0,,6,1,31,106695698.5928546,106695698.7413346,0.14847999811172485
facebook/opt-125m,64,1024,prefill,prefill,prefill_gemm,40.0,,6,2,31,106695698.7413346,106695698.8898146,0.14847999811172485
facebook/opt-125m,64,1024,prefill,prefill,prefill_gemm,40.0,,6,3,31,106695698.8898146,106695699.0382946,0.14847999811172485
facebook/opt-125m,64,1024,prefill,prefill,prefill_gemm,40.0,,6,4,31,106695699.0382946,106695699.1867746,0.14847999811172485
facebook/opt-125m,64,1024,prefill,prefill,prefill_gemm,40.0,,6,5,31,106695699.1867746,106695699.3352546,0.14847999811172485
facebook/opt-125m,64,1024,prefill,prefill,prefill_gemm,40.0,,7,0,31,106695699.3352546,106695699.4837346,0.14847999811172485
facebook/opt-125m,64,1024,prefill,prefill,prefill_gemm,40.0,,7,1,31,106695699.4837346,106695699.63221459,0.14847999811172485
facebook/opt-125m,64,1024,prefill,prefill,prefill_gemm,40.0,,7,2,31,106695699.63221459,106695699.78069459,0.14847999811172485
facebook/opt-125m,64,1024,prefill,prefill,prefill_gemm,40.0,,7,3,31,106695699.78069459,106695699.92917459,0.14847999811172485
facebook/opt-125m,64,1024,prefill,prefill,prefill_gemm,40.0,,7,4,31,106695699.92917459,106695700.07765459,0.14847999811172485
facebook/opt-125m,64,1024,prefill,prefill,prefill_gemm,40.0,,7,5,31,106695700.07765459,106695700.22613458,0.14847999811172485
facebook/opt-125m,64,1024,prefill,prefill,prefill_gemm,40.0,,8,0,31,106695700.22613458,106695700.37461458,0.14847999811172485
facebook/opt-125m,64,1024,prefill,prefill,prefill_gemm,40.0,,8,1,31,106695700.37461458,106695700.52309458,0.14847999811172485
facebook/opt-125m,64,1024,prefill,prefill,prefill_gemm,40.0,,8,2,31,106695700.52309458,106695700.67157458,0.14847999811172485
facebook/opt-125m,64,1024,prefill,prefill,prefill_gemm,40.0,,8,3,31,106695700.67157458,106695700.82005458,0.14847999811172485
facebook/opt-125m,64,1024,prefill,prefill,prefill_gemm,40.0,,8,4,31,106695700.82005458,106695700.96853457,0.14847999811172485
facebook/opt-125m,64,1024,prefill,prefill,prefill_gemm,40.0,,8,5,31,106695700.96853457,106695701.11701457,0.14847999811172485
facebook/opt-125m,64,1024,prefill,prefill,prefill_gemm,40.0,,9,0,31,106695701.11701457,106695701.26549457,0.14847999811172485
facebook/opt-125m,64,1024,prefill,prefill,prefill_gemm,40.0,,9,1,31,106695701.26549457,106695701.41397457,0.14847999811172485
facebook/opt-125m,64,1024,prefill,prefill,prefill_gemm,40.0,,9,2,31,106695701.41397457,106695701.56245457,0.14847999811172485
facebook/opt-125m,64,1024,prefill,prefill,prefill_gemm,40.0,,9,3,31,106695701.56245457,106695701.71093456,0.14847999811172485
facebook/opt-125m,64,1024,prefill,prefill,prefill_gemm,40.0,,9,4,31,106695701.71093456,106695701.85941456,0.14847999811172485
facebook/opt-125m,64,1024,prefill,prefill,prefill_gemm,40.0,,9,5,31,106695701.85941456,106695702.00789456,0.14847999811172485
facebook/opt-125m,64,1024,prefill,prefill,prefill_gemm,40.0,,10,0,31,106695702.00789456,106695702.15637456,0.14847999811172485
facebook/opt-125m,64,1024,prefill,prefill,prefill_gemm,40.0,,10,1,31,106695702.15637456,106695702.30485456,0.14847999811172485
facebook/opt-125m,64,1024,prefill,prefill,prefill_gemm,40.0,,10,2,31,106695702.30485456,106695702.45333456,0.14847999811172485
facebook/opt-125m,64,1024,prefill,prefill,prefill_gemm,40.0,,10,3,31,106695702.45333456,106695702.60181455,0.14847999811172485
facebook/opt-125m,64,1024,prefill,prefill,prefill_gemm,40.0,,10,4,31,106695702.60181455,106695702.75029455,0.14847999811172485
facebook/opt-125m,64,1024,prefill,prefill,prefill_gemm,40.0,,10,5,31,106695702.75029455,106695702.89877455,0.14847999811172485
facebook/opt-125m,64,1024,prefill,prefill,prefill_gemm,40.0,,11,0,31,106695702.89877455,106695703.04725455,0.14847999811172485
facebook/opt-125m,64,1024,prefill,prefill,prefill_gemm,40.0,,11,1,31,106695703.04725455,106695703.19573455,0.14847999811172485
facebook/opt-125m,64,1024,prefill,prefill,prefill_gemm,40.0,,11,2,31,106695703.19573455,106695703.34421454,0.14847999811172485
facebook/opt-125m,64,1024,prefill,prefill,prefill_gemm,40.0,,11,3,31,106695703.34421454,106695703.49269454,0.14847999811172485
facebook/opt-125m,64,1024,prefill,prefill,prefill_gemm,40.0,,11,4,31,106695703.49269454,106695703.64117454,0.14847999811172485
facebook/opt-125m,64,1024,prefill,prefill,prefill_gemm,40.0,,11,5,31,106695703.64117454,106695703.78965454,0.14847999811172485
facebook/opt-125m,64,1024,prefill,prefill,prefill_gemm,41.0,,0,0,31,106695703.78965454,106695703.93813454,0.14847999811172485
facebook/opt-125m,64,1024,prefill,prefill,prefill_gemm,41.0,,0,1,31,106695703.93813454,106695704.08661453,0.14847999811172485
facebook/opt-125m,64,1024,prefill,prefill,prefill_gemm,41.0,,0,2,31,106695704.08661453,106695704.23509453,0.14847999811172485
facebook/opt-125m,64,1024,prefill,prefill,prefill_gemm,41.0,,0,3,31,106695704.23509453,106695704.38357453,0.14847999811172485
facebook/opt-125m,64,1024,prefill,prefill,prefill_gemm,41.0,,0,4,31,106695704.38357453,106695704.53205453,0.14847999811172485
facebook/opt-125m,64,1024,prefill,prefill,prefill_gemm,41.0,,0,5,31,106695704.53205453,106695704.68053453,0.14847999811172485
facebook/opt-125m,64,1024,prefill,prefill,prefill_gemm,41.0,,1,0,31,106695704.68053453,106695704.82901452,0.14847999811172485
facebook/opt-125m,64,1024,prefill,prefill,prefill_gemm,41.0,,1,1,31,106695704.82901452,106695704.97749452,0.14847999811172485
facebook/opt-125m,64,1024,prefill,prefill,prefill_gemm,41.0,,1,2,31,106695704.97749452,106695705.12597452,0.14847999811172485
facebook/opt-125m,64,1024,prefill,prefill,prefill_gemm,41.0,,1,3,31,106695705.12597452,106695705.27445452,0.14847999811172485
facebook/opt-125m,64,1024,prefill,prefill,prefill_gemm,41.0,,1,4,31,106695705.27445452,106695705.42293452,0.14847999811172485
facebook/opt-125m,64,1024,prefill,prefill,prefill_gemm,41.0,,1,5,31,106695705.42293452,106695705.57141452,0.14847999811172485
facebook/opt-125m,64,1024,prefill,prefill,prefill_gemm,41.0,,2,0,31,106695705.57141452,106695705.71989451,0.14847999811172485
facebook/opt-125m,64,1024,prefill,prefill,prefill_gemm,41.0,,2,1,31,106695705.71989451,106695705.86837451,0.14847999811172485
facebook/opt-125m,64,1024,prefill,prefill,prefill_gemm,41.0,,2,2,31,106695705.86837451,106695706.01685451,0.14847999811172485
facebook/opt-125m,64,1024,prefill,prefill,prefill_gemm,41.0,,2,3,31,106695706.01685451,106695706.16533451,0.14847999811172485
facebook/opt-125m,64,1024,prefill,prefill,prefill_gemm,41.0,,2,4,31,106695706.16533451,106695706.3138145,0.14847999811172485
facebook/opt-125m,64,1024,prefill,prefill,prefill_gemm,41.0,,2,5,31,106695706.3138145,106695706.4622945,0.14847999811172485
facebook/opt-125m,64,1024,prefill,prefill,prefill_gemm,41.0,,3,0,31,106695706.4622945,106695706.6107745,0.14847999811172485
facebook/opt-125m,64,1024,prefill,prefill,prefill_gemm,41.0,,3,1,31,106695706.6107745,106695706.7592545,0.14847999811172485
facebook/opt-125m,64,1024,prefill,prefill,prefill_gemm,41.0,,3,2,31,106695706.7592545,106695706.9077345,0.14847999811172485
facebook/opt-125m,64,1024,prefill,prefill,prefill_gemm,41.0,,3,3,31,106695706.9077345,106695707.0562145,0.14847999811172485
facebook/opt-125m,64,1024,prefill,prefill,prefill_gemm,41.0,,3,4,31,106695707.0562145,106695707.2046945,0.14847999811172485
facebook/opt-125m,64,1024,prefill,prefill,prefill_gemm,41.0,,3,5,31,106695707.2046945,106695707.3531745,0.14847999811172485
facebook/opt-125m,64,1024,prefill,prefill,prefill_gemm,41.0,,4,0,31,106695707.3531745,106695707.50165449,0.14847999811172485
facebook/opt-125m,64,1024,prefill,prefill,prefill_gemm,41.0,,4,1,31,106695707.50165449,106695707.65013449,0.14847999811172485
facebook/opt-125m,64,1024,prefill,prefill,prefill_gemm,41.0,,4,2,31,106695707.65013449,106695707.79861449,0.14847999811172485
facebook/opt-125m,64,1024,prefill,prefill,prefill_gemm,41.0,,4,3,31,106695707.79861449,106695707.94709449,0.14847999811172485
facebook/opt-125m,64,1024,prefill,prefill,prefill_gemm,41.0,,4,4,31,106695707.94709449,106695708.09557448,0.14847999811172485
facebook/opt-125m,64,1024,prefill,prefill,prefill_gemm,41.0,,4,5,31,106695708.09557448,106695708.24405448,0.14847999811172485
facebook/opt-125m,64,1024,prefill,prefill,prefill_gemm,41.0,,5,0,31,106695708.24405448,106695708.39253448,0.14847999811172485
facebook/opt-125m,64,1024,prefill,prefill,prefill_gemm,41.0,,5,1,31,106695708.39253448,106695708.54101448,0.14847999811172485
facebook/opt-125m,64,1024,prefill,prefill,prefill_gemm,41.0,,5,2,31,106695708.54101448,106695708.68949448,0.14847999811172485
facebook/opt-125m,64,1024,prefill,prefill,prefill_gemm,41.0,,5,3,31,106695708.68949448,106695708.83797447,0.14847999811172485
facebook/opt-125m,64,1024,prefill,prefill,prefill_gemm,41.0,,5,4,31,106695708.83797447,106695708.98645447,0.14847999811172485
facebook/opt-125m,64,1024,prefill,prefill,prefill_gemm,41.0,,5,5,31,106695708.98645447,106695709.13493447,0.14847999811172485
facebook/opt-125m,64,1024,prefill,prefill,prefill_gemm,41.0,,6,0,31,106695709.13493447,106695709.28341447,0.14847999811172485
facebook/opt-125m,64,1024,prefill,prefill,prefill_gemm,41.0,,6,1,31,106695709.28341447,106695709.43189447,0.14847999811172485
facebook/opt-125m,64,1024,prefill,prefill,prefill_gemm,41.0,,6,2,31,106695709.43189447,106695709.58037446,0.14847999811172485
facebook/opt-125m,64,1024,prefill,prefill,prefill_gemm,41.0,,6,3,31,106695709.58037446,106695709.72885446,0.14847999811172485
facebook/opt-125m,64,1024,prefill,prefill,prefill_gemm,41.0,,6,4,31,106695709.72885446,106695709.87733446,0.14847999811172485
facebook/opt-125m,64,1024,prefill,prefill,prefill_gemm,41.0,,6,5,31,106695709.87733446,106695710.02581446,0.14847999811172485
facebook/opt-125m,64,1024,prefill,prefill,prefill_gemm,41.0,,7,0,31,106695710.02581446,106695710.17429446,0.14847999811172485
facebook/opt-125m,64,1024,prefill,prefill,prefill_gemm,41.0,,7,1,31,106695710.17429446,106695710.32277445,0.14847999811172485
facebook/opt-125m,64,1024,prefill,prefill,prefill_gemm,41.0,,7,2,31,106695710.32277445,106695710.47125445,0.14847999811172485
facebook/opt-125m,64,1024,prefill,prefill,prefill_gemm,41.0,,7,3,31,106695710.47125445,106695710.61973445,0.14847999811172485
facebook/opt-125m,64,1024,prefill,prefill,prefill_gemm,41.0,,7,4,31,106695710.61973445,106695710.76821445,0.14847999811172485
facebook/opt-125m,64,1024,prefill,prefill,prefill_gemm,41.0,,7,5,31,106695710.76821445,106695710.91669445,0.14847999811172485
facebook/opt-125m,64,1024,prefill,prefill,prefill_gemm,41.0,,8,0,31,106695710.91669445,106695711.06517445,0.14847999811172485
facebook/opt-125m,64,1024,prefill,prefill,prefill_gemm,41.0,,8,1,31,106695711.06517445,106695711.21365444,0.14847999811172485
facebook/opt-125m,64,1024,prefill,prefill,prefill_gemm,41.0,,8,2,31,106695711.21365444,106695711.36213444,0.14847999811172485
facebook/opt-125m,64,1024,prefill,prefill,prefill_gemm,41.0,,8,3,31,106695711.36213444,106695711.51061444,0.14847999811172485
facebook/opt-125m,64,1024,prefill,prefill,prefill_gemm,41.0,,8,4,31,106695711.51061444,106695711.65909444,0.14847999811172485
facebook/opt-125m,64,1024,prefill,prefill,prefill_gemm,41.0,,8,5,31,106695711.65909444,106695711.80757444,0.14847999811172485
facebook/opt-125m,64,1024,prefill,prefill,prefill_gemm,41.0,,9,0,31,106695711.80757444,106695711.95605443,0.14847999811172485
facebook/opt-125m,64,1024,prefill,prefill,prefill_gemm,41.0,,9,1,31,106695711.95605443,106695712.10453443,0.14847999811172485
facebook/opt-125m,64,1024,prefill,prefill,prefill_gemm,41.0,,9,2,31,106695712.10453443,106695712.25301443,0.14847999811172485
facebook/opt-125m,64,1024,prefill,prefill,prefill_gemm,41.0,,9,3,31,106695712.25301443,106695712.40149443,0.14847999811172485
facebook/opt-125m,64,1024,prefill,prefill,prefill_gemm,41.0,,9,4,31,106695712.40149443,106695712.54997443,0.14847999811172485
facebook/opt-125m,64,1024,prefill,prefill,prefill_gemm,41.0,,9,5,31,106695712.54997443,106695712.69845442,0.14847999811172485
facebook/opt-125m,64,1024,prefill,prefill,prefill_gemm,41.0,,10,0,31,106695712.69845442,106695712.84693442,0.14847999811172485
facebook/opt-125m,64,1024,prefill,prefill,prefill_gemm,41.0,,10,1,31,106695712.84693442,106695712.99541442,0.14847999811172485
facebook/opt-125m,64,1024,prefill,prefill,prefill_gemm,41.0,,10,2,31,106695712.99541442,106695713.14389442,0.14847999811172485
facebook/opt-125m,64,1024,prefill,prefill,prefill_gemm,41.0,,10,3,31,106695713.14389442,106695713.29237442,0.14847999811172485
facebook/opt-125m,64,1024,prefill,prefill,prefill_gemm,41.0,,10,4,31,106695713.29237442,106695713.44085442,0.14847999811172485
facebook/opt-125m,64,1024,prefill,prefill,prefill_gemm,41.0,,10,5,31,106695713.44085442,106695713.58933441,0.14847999811172485
facebook/opt-125m,64,1024,prefill,prefill,prefill_gemm,41.0,,11,0,31,106695713.58933441,106695713.73781441,0.14847999811172485
facebook/opt-125m,64,1024,prefill,prefill,prefill_gemm,41.0,,11,1,31,106695713.73781441,106695713.88629441,0.14847999811172485
facebook/opt-125m,64,1024,prefill,prefill,prefill_gemm,41.0,,11,2,31,106695713.88629441,106695714.03477441,0.14847999811172485
facebook/opt-125m,64,1024,prefill,prefill,prefill_gemm,41.0,,11,3,31,106695714.03477441,106695714.1832544,0.14847999811172485
facebook/opt-125m,64,1024,prefill,prefill,prefill_gemm,41.0,,11,4,31,106695714.1832544,106695714.3317344,0.14847999811172485
facebook/opt-125m,64,1024,prefill,prefill,prefill_gemm,41.0,,11,5,31,106695714.3317344,106695714.4802144,0.14847999811172485
facebook/opt-125m,64,1024,prefill,prefill,prefill_gemm,42.0,,0,0,31,106695714.4802144,106695714.6286944,0.14847999811172485
facebook/opt-125m,64,1024,prefill,prefill,prefill_gemm,42.0,,0,1,31,106695714.6286944,106695714.7771744,0.14847999811172485
facebook/opt-125m,64,1024,prefill,prefill,prefill_gemm,42.0,,0,2,31,106695714.7771744,106695714.9256544,0.14847999811172485
facebook/opt-125m,64,1024,prefill,prefill,prefill_gemm,42.0,,0,3,31,106695714.9256544,106695715.0741344,0.14847999811172485
facebook/opt-125m,64,1024,prefill,prefill,prefill_gemm,42.0,,0,4,31,106695715.0741344,106695715.2226144,0.14847999811172485
facebook/opt-125m,64,1024,prefill,prefill,prefill_gemm,42.0,,0,5,31,106695715.2226144,106695715.37109439,0.14847999811172485
facebook/opt-125m,64,1024,prefill,prefill,prefill_gemm,42.0,,1,0,31,106695715.37109439,106695715.51957439,0.14847999811172485
facebook/opt-125m,64,1024,prefill,prefill,prefill_gemm,42.0,,1,1,31,106695715.51957439,106695715.66805439,0.14847999811172485
facebook/opt-125m,64,1024,prefill,prefill,prefill_gemm,42.0,,1,2,31,106695715.66805439,106695715.81653439,0.14847999811172485
facebook/opt-125m,64,1024,prefill,prefill,prefill_gemm,42.0,,1,3,31,106695715.81653439,106695715.96501438,0.14847999811172485
facebook/opt-125m,64,1024,prefill,prefill,prefill_gemm,42.0,,1,4,31,106695715.96501438,106695716.11349438,0.14847999811172485
facebook/opt-125m,64,1024,prefill,prefill,prefill_gemm,42.0,,1,5,31,106695716.11349438,106695716.26197438,0.14847999811172485
facebook/opt-125m,64,1024,prefill,prefill,prefill_gemm,42.0,,2,0,31,106695716.26197438,106695716.41045438,0.14847999811172485
facebook/opt-125m,64,1024,prefill,prefill,prefill_gemm,42.0,,2,1,31,106695716.41045438,106695716.55893438,0.14847999811172485
facebook/opt-125m,64,1024,prefill,prefill,prefill_gemm,42.0,,2,2,31,106695716.55893438,106695716.70741437,0.14847999811172485
facebook/opt-125m,64,1024,prefill,prefill,prefill_gemm,42.0,,2,3,31,106695716.70741437,106695716.85589437,0.14847999811172485
facebook/opt-125m,64,1024,prefill,prefill,prefill_gemm,42.0,,2,4,31,106695716.85589437,106695717.00437437,0.14847999811172485
facebook/opt-125m,64,1024,prefill,prefill,prefill_gemm,42.0,,2,5,31,106695717.00437437,106695717.15285437,0.14847999811172485
facebook/opt-125m,64,1024,prefill,prefill,prefill_gemm,42.0,,3,0,31,106695717.15285437,106695717.30133437,0.14847999811172485
facebook/opt-125m,64,1024,prefill,prefill,prefill_gemm,42.0,,3,1,31,106695717.30133437,106695717.44981436,0.14847999811172485
facebook/opt-125m,64,1024,prefill,prefill,prefill_gemm,42.0,,3,2,31,106695717.44981436,106695717.59829436,0.14847999811172485
facebook/opt-125m,64,1024,prefill,prefill,prefill_gemm,42.0,,3,3,31,106695717.59829436,106695717.74677436,0.14847999811172485
facebook/opt-125m,64,1024,prefill,prefill,prefill_gemm,42.0,,3,4,31,106695717.74677436,106695717.89525436,0.14847999811172485
facebook/opt-125m,64,1024,prefill,prefill,prefill_gemm,42.0,,3,5,31,106695717.89525436,106695718.04373436,0.14847999811172485
facebook/opt-125m,64,1024,prefill,prefill,prefill_gemm,42.0,,4,0,31,106695718.04373436,106695718.19221435,0.14847999811172485
facebook/opt-125m,64,1024,prefill,prefill,prefill_gemm,42.0,,4,1,31,106695718.19221435,106695718.34069435,0.14847999811172485
facebook/opt-125m,64,1024,prefill,prefill,prefill_gemm,42.0,,4,2,31,106695718.34069435,106695718.48917435,0.14847999811172485
facebook/opt-125m,64,1024,prefill,prefill,prefill_gemm,42.0,,4,3,31,106695718.48917435,106695718.63765435,0.14847999811172485
facebook/opt-125m,64,1024,prefill,prefill,prefill_gemm,42.0,,4,4,31,106695718.63765435,106695718.78613435,0.14847999811172485
facebook/opt-125m,64,1024,prefill,prefill,prefill_gemm,42.0,,4,5,31,106695718.78613435,106695718.93461435,0.14847999811172485
facebook/opt-125m,64,1024,prefill,prefill,prefill_gemm,42.0,,5,0,31,106695718.93461435,106695719.08309434,0.14847999811172485
facebook/opt-125m,64,1024,prefill,prefill,prefill_gemm,42.0,,5,1,31,106695719.08309434,106695719.23157434,0.14847999811172485
facebook/opt-125m,64,1024,prefill,prefill,prefill_gemm,42.0,,5,2,31,106695719.23157434,106695719.38005434,0.14847999811172485
facebook/opt-125m,64,1024,prefill,prefill,prefill_gemm,42.0,,5,3,31,106695719.38005434,106695719.52853434,0.14847999811172485
facebook/opt-125m,64,1024,prefill,prefill,prefill_gemm,42.0,,5,4,31,106695719.52853434,106695719.67701434,0.14847999811172485
facebook/opt-125m,64,1024,prefill,prefill,prefill_gemm,42.0,,5,5,31,106695719.67701434,106695719.82549433,0.14847999811172485
facebook/opt-125m,64,1024,prefill,prefill,prefill_gemm,42.0,,6,0,31,106695719.82549433,106695719.97397433,0.14847999811172485
facebook/opt-125m,64,1024,prefill,prefill,prefill_gemm,42.0,,6,1,31,106695719.97397433,106695720.12245433,0.14847999811172485
facebook/opt-125m,64,1024,prefill,prefill,prefill_gemm,42.0,,6,2,31,106695720.12245433,106695720.27093433,0.14847999811172485
facebook/opt-125m,64,1024,prefill,prefill,prefill_gemm,42.0,,6,3,31,106695720.27093433,106695720.41941433,0.14847999811172485
facebook/opt-125m,64,1024,prefill,prefill,prefill_gemm,42.0,,6,4,31,106695720.41941433,106695720.56789432,0.14847999811172485
facebook/opt-125m,64,1024,prefill,prefill,prefill_gemm,42.0,,6,5,31,106695720.56789432,106695720.71637432,0.14847999811172485
facebook/opt-125m,64,1024,prefill,prefill,prefill_gemm,42.0,,7,0,31,106695720.71637432,106695720.86485432,0.14847999811172485
facebook/opt-125m,64,1024,prefill,prefill,prefill_gemm,42.0,,7,1,31,106695720.86485432,106695721.01333432,0.14847999811172485
facebook/opt-125m,64,1024,prefill,prefill,prefill_gemm,42.0,,7,2,31,106695721.01333432,106695721.16181432,0.14847999811172485
facebook/opt-125m,64,1024,prefill,prefill,prefill_gemm,42.0,,7,3,31,106695721.16181432,106695721.31029432,0.14847999811172485
facebook/opt-125m,64,1024,prefill,prefill,prefill_gemm,42.0,,7,4,31,106695721.31029432,106695721.45877431,0.14847999811172485
facebook/opt-125m,64,1024,prefill,prefill,prefill_gemm,42.0,,7,5,31,106695721.45877431,106695721.60725431,0.14847999811172485
facebook/opt-125m,64,1024,prefill,prefill,prefill_gemm,42.0,,8,0,31,106695721.60725431,106695721.75573431,0.14847999811172485
facebook/opt-125m,64,1024,prefill,prefill,prefill_gemm,42.0,,8,1,32,106695721.819518,106695721.967998,0.14847999811172485
facebook/opt-125m,64,1024,prefill,prefill,prefill_gemm,42.0,,8,2,32,106695721.967998,106695722.116478,0.14847999811172485
facebook/opt-125m,64,1024,prefill,prefill,prefill_gemm,42.0,,8,3,32,106695722.116478,106695722.264958,0.14847999811172485
facebook/opt-125m,64,1024,prefill,prefill,prefill_gemm,42.0,,8,4,32,106695722.264958,106695722.41343799,0.14847999811172485
facebook/opt-125m,64,1024,prefill,prefill,prefill_gemm,42.0,,8,5,32,106695722.41343799,106695722.56191799,0.14847999811172485
facebook/opt-125m,64,1024,prefill,prefill,prefill_gemm,42.0,,9,0,32,106695722.56191799,106695722.71039799,0.14847999811172485
facebook/opt-125m,64,1024,prefill,prefill,prefill_gemm,42.0,,9,1,32,106695722.71039799,106695722.85887799,0.14847999811172485
facebook/opt-125m,64,1024,prefill,prefill,prefill_gemm,42.0,,9,2,32,106695722.85887799,106695723.00735798,0.14847999811172485
facebook/opt-125m,64,1024,prefill,prefill,prefill_gemm,42.0,,9,3,32,106695723.00735798,106695723.15583798,0.14847999811172485
facebook/opt-125m,64,1024,prefill,prefill,prefill_gemm,42.0,,9,4,32,106695723.15583798,106695723.30431798,0.14847999811172485
facebook/opt-125m,64,1024,prefill,prefill,prefill_gemm,42.0,,9,5,32,106695723.30431798,106695723.45279798,0.14847999811172485
facebook/opt-125m,64,1024,prefill,prefill,prefill_gemm,42.0,,10,0,32,106695723.45279798,106695723.60127798,0.14847999811172485
facebook/opt-125m,64,1024,prefill,prefill,prefill_gemm,42.0,,10,1,32,106695723.60127798,106695723.74975798,0.14847999811172485
facebook/opt-125m,64,1024,prefill,prefill,prefill_gemm,42.0,,10,2,32,106695723.74975798,106695723.89823797,0.14847999811172485
facebook/opt-125m,64,1024,prefill,prefill,prefill_gemm,42.0,,10,3,32,106695723.89823797,106695724.04671797,0.14847999811172485
facebook/opt-125m,64,1024,prefill,prefill,prefill_gemm,42.0,,10,4,32,106695724.04671797,106695724.19519797,0.14847999811172485
facebook/opt-125m,64,1024,prefill,prefill,prefill_gemm,42.0,,10,5,32,106695724.19519797,106695724.34367797,0.14847999811172485
facebook/opt-125m,64,1024,prefill,prefill,prefill_gemm,42.0,,11,0,32,106695724.34367797,106695724.49215797,0.14847999811172485
facebook/opt-125m,64,1024,prefill,prefill,prefill_gemm,42.0,,11,1,32,106695724.49215797,106695724.64063796,0.14847999811172485
facebook/opt-125m,64,1024,prefill,prefill,prefill_gemm,42.0,,11,2,32,106695724.64063796,106695724.78911796,0.14847999811172485
facebook/opt-125m,64,1024,prefill,prefill,prefill_gemm,42.0,,11,3,32,106695724.78911796,106695724.93759796,0.14847999811172485
facebook/opt-125m,64,1024,prefill,prefill,prefill_gemm,42.0,,11,4,32,106695724.93759796,106695725.08607796,0.14847999811172485
facebook/opt-125m,64,1024,prefill,prefill,prefill_gemm,42.0,,11,5,32,106695725.08607796,106695725.23455796,0.14847999811172485
facebook/opt-125m,64,1024,prefill,prefill,prefill_gemm,43.0,,0,0,32,106695725.23455796,106695725.38303795,0.14847999811172485
facebook/opt-125m,64,1024,prefill,prefill,prefill_gemm,43.0,,0,1,32,106695725.38303795,106695725.53151795,0.14847999811172485
facebook/opt-125m,64,1024,prefill,prefill,prefill_gemm,43.0,,0,2,32,106695725.53151795,106695725.67999795,0.14847999811172485
facebook/opt-125m,64,1024,prefill,prefill,prefill_gemm,43.0,,0,3,32,106695725.67999795,106695725.82847795,0.14847999811172485
facebook/opt-125m,64,1024,prefill,prefill,prefill_gemm,43.0,,0,4,32,106695725.82847795,106695725.97695795,0.14847999811172485
facebook/opt-125m,64,1024,prefill,prefill,prefill_gemm,43.0,,0,5,32,106695725.97695795,106695726.12543795,0.14847999811172485
facebook/opt-125m,64,1024,prefill,prefill,prefill_gemm,43.0,,1,0,32,106695726.12543795,106695726.27391794,0.14847999811172485
facebook/opt-125m,64,1024,prefill,prefill,prefill_gemm,43.0,,1,1,32,106695726.27391794,106695726.42239794,0.14847999811172485
facebook/opt-125m,64,1024,prefill,prefill,prefill_gemm,43.0,,1,2,32,106695726.42239794,106695726.57087794,0.14847999811172485
facebook/opt-125m,64,1024,prefill,prefill,prefill_gemm,43.0,,1,3,32,106695726.57087794,106695726.71935794,0.14847999811172485
facebook/opt-125m,64,1024,prefill,prefill,prefill_gemm,43.0,,1,4,32,106695726.71935794,106695726.86783794,0.14847999811172485
facebook/opt-125m,64,1024,prefill,prefill,prefill_gemm,43.0,,1,5,32,106695726.86783794,106695727.01631793,0.14847999811172485
facebook/opt-125m,64,1024,prefill,prefill,prefill_gemm,43.0,,2,0,32,106695727.01631793,106695727.16479793,0.14847999811172485
facebook/opt-125m,64,1024,prefill,prefill,prefill_gemm,43.0,,2,1,32,106695727.16479793,106695727.31327793,0.14847999811172485
facebook/opt-125m,64,1024,prefill,prefill,prefill_gemm,43.0,,2,2,32,106695727.31327793,106695727.46175793,0.14847999811172485
facebook/opt-125m,64,1024,prefill,prefill,prefill_gemm,43.0,,2,3,32,106695727.46175793,106695727.61023793,0.14847999811172485
facebook/opt-125m,64,1024,prefill,prefill,prefill_gemm,43.0,,2,4,32,106695727.61023793,106695727.75871792,0.14847999811172485
facebook/opt-125m,64,1024,prefill,prefill,prefill_gemm,43.0,,2,5,32,106695727.75871792,106695727.90719792,0.14847999811172485
facebook/opt-125m,64,1024,prefill,prefill,prefill_gemm,43.0,,3,0,32,106695727.90719792,106695728.05567792,0.14847999811172485
facebook/opt-125m,64,1024,prefill,prefill,prefill_gemm,43.0,,3,1,32,106695728.05567792,106695728.20415792,0.14847999811172485
facebook/opt-125m,64,1024,prefill,prefill,prefill_gemm,43.0,,3,2,32,106695728.20415792,106695728.35263792,0.14847999811172485
facebook/opt-125m,64,1024,prefill,prefill,prefill_gemm,43.0,,3,3,32,106695728.35263792,106695728.50111791,0.14847999811172485
facebook/opt-125m,64,1024,prefill,prefill,prefill_gemm,43.0,,3,4,32,106695728.50111791,106695728.64959791,0.14847999811172485
facebook/opt-125m,64,1024,prefill,prefill,prefill_gemm,43.0,,3,5,32,106695728.64959791,106695728.79807791,0.14847999811172485
facebook/opt-125m,64,1024,prefill,prefill,prefill_gemm,43.0,,4,0,32,106695728.79807791,106695728.94655791,0.14847999811172485
facebook/opt-125m,64,1024,prefill,prefill,prefill_gemm,43.0,,4,1,32,106695728.94655791,106695729.0950379,0.14847999811172485
facebook/opt-125m,64,1024,prefill,prefill,prefill_gemm,43.0,,4,2,32,106695729.0950379,106695729.2435179,0.14847999811172485
facebook/opt-125m,64,1024,prefill,prefill,prefill_gemm,43.0,,4,3,32,106695729.2435179,106695729.3919979,0.14847999811172485
facebook/opt-125m,64,1024,prefill,prefill,prefill_gemm,43.0,,4,4,32,106695729.3919979,106695729.5404779,0.14847999811172485
facebook/opt-125m,64,1024,prefill,prefill,prefill_gemm,43.0,,4,5,32,106695729.5404779,106695729.6889579,0.14847999811172485
facebook/opt-125m,64,1024,prefill,prefill,prefill_gemm,43.0,,5,0,32,106695729.6889579,106695729.8374379,0.14847999811172485
facebook/opt-125m,64,1024,prefill,prefill,prefill_gemm,43.0,,5,1,32,106695729.8374379,106695729.9859179,0.14847999811172485
facebook/opt-125m,64,1024,prefill,prefill,prefill_gemm,43.0,,5,2,32,106695729.9859179,106695730.1343979,0.14847999811172485
facebook/opt-125m,64,1024,prefill,prefill,prefill_gemm,43.0,,5,3,32,106695730.1343979,106695730.28287789,0.14847999811172485
facebook/opt-125m,64,1024,prefill,prefill,prefill_gemm,43.0,,5,4,32,106695730.28287789,106695730.43135789,0.14847999811172485
facebook/opt-125m,64,1024,prefill,prefill,prefill_gemm,43.0,,5,5,32,106695730.43135789,106695730.57983789,0.14847999811172485
facebook/opt-125m,64,1024,prefill,prefill,prefill_gemm,43.0,,6,0,32,106695730.57983789,106695730.72831789,0.14847999811172485
facebook/opt-125m,64,1024,prefill,prefill,prefill_gemm,43.0,,6,1,32,106695730.72831789,106695730.87679788,0.14847999811172485
facebook/opt-125m,64,1024,prefill,prefill,prefill_gemm,43.0,,6,2,32,106695730.87679788,106695731.02527788,0.14847999811172485
facebook/opt-125m,64,1024,prefill,prefill,prefill_gemm,43.0,,6,3,32,106695731.02527788,106695731.17375788,0.14847999811172485
facebook/opt-125m,64,1024,prefill,prefill,prefill_gemm,43.0,,6,4,32,106695731.17375788,106695731.32223788,0.14847999811172485
facebook/opt-125m,64,1024,prefill,prefill,prefill_gemm,43.0,,6,5,32,106695731.32223788,106695731.47071788,0.14847999811172485
facebook/opt-125m,64,1024,prefill,prefill,prefill_gemm,43.0,,7,0,32,106695731.47071788,106695731.61919788,0.14847999811172485
facebook/opt-125m,64,1024,prefill,prefill,prefill_gemm,43.0,,7,1,32,106695731.61919788,106695731.76767787,0.14847999811172485
facebook/opt-125m,64,1024,prefill,prefill,prefill_gemm,43.0,,7,2,32,106695731.76767787,106695731.91615787,0.14847999811172485
facebook/opt-125m,64,1024,prefill,prefill,prefill_gemm,43.0,,7,3,32,106695731.91615787,106695732.06463787,0.14847999811172485
facebook/opt-125m,64,1024,prefill,prefill,prefill_gemm,43.0,,7,4,32,106695732.06463787,106695732.21311787,0.14847999811172485
facebook/opt-125m,64,1024,prefill,prefill,prefill_gemm,43.0,,7,5,32,106695732.21311787,106695732.36159787,0.14847999811172485
facebook/opt-125m,64,1024,prefill,prefill,prefill_gemm,43.0,,8,0,32,106695732.36159787,106695732.51007786,0.14847999811172485
facebook/opt-125m,64,1024,prefill,prefill,prefill_gemm,43.0,,8,1,32,106695732.51007786,106695732.65855786,0.14847999811172485
facebook/opt-125m,64,1024,prefill,prefill,prefill_gemm,43.0,,8,2,32,106695732.65855786,106695732.80703786,0.14847999811172485
facebook/opt-125m,64,1024,prefill,prefill,prefill_gemm,43.0,,8,3,32,106695732.80703786,106695732.95551786,0.14847999811172485
facebook/opt-125m,64,1024,prefill,prefill,prefill_gemm,43.0,,8,4,32,106695732.95551786,106695733.10399786,0.14847999811172485
facebook/opt-125m,64,1024,prefill,prefill,prefill_gemm,43.0,,8,5,32,106695733.10399786,106695733.25247785,0.14847999811172485
facebook/opt-125m,64,1024,prefill,prefill,prefill_gemm,43.0,,9,0,32,106695733.25247785,106695733.40095785,0.14847999811172485
facebook/opt-125m,64,1024,prefill,prefill,prefill_gemm,43.0,,9,1,32,106695733.40095785,106695733.54943785,0.14847999811172485
facebook/opt-125m,64,1024,prefill,prefill,prefill_gemm,43.0,,9,2,32,106695733.54943785,106695733.69791785,0.14847999811172485
facebook/opt-125m,64,1024,prefill,prefill,prefill_gemm,43.0,,9,3,32,106695733.69791785,106695733.84639785,0.14847999811172485
facebook/opt-125m,64,1024,prefill,prefill,prefill_gemm,43.0,,9,4,32,106695733.84639785,106695733.99487785,0.14847999811172485
facebook/opt-125m,64,1024,prefill,prefill,prefill_gemm,43.0,,9,5,32,106695733.99487785,106695734.14335784,0.14847999811172485
facebook/opt-125m,64,1024,prefill,prefill,prefill_gemm,43.0,,10,0,32,106695734.14335784,106695734.29183784,0.14847999811172485
facebook/opt-125m,64,1024,prefill,prefill,prefill_gemm,43.0,,10,1,32,106695734.29183784,106695734.44031784,0.14847999811172485
facebook/opt-125m,64,1024,prefill,prefill,prefill_gemm,43.0,,10,2,32,106695734.44031784,106695734.58879784,0.14847999811172485
facebook/opt-125m,64,1024,prefill,prefill,prefill_gemm,43.0,,10,3,32,106695734.58879784,106695734.73727784,0.14847999811172485
facebook/opt-125m,64,1024,prefill,prefill,prefill_gemm,43.0,,10,4,32,106695734.73727784,106695734.88575783,0.14847999811172485
facebook/opt-125m,64,1024,prefill,prefill,prefill_gemm,43.0,,10,5,32,106695734.88575783,106695735.03423783,0.14847999811172485
facebook/opt-125m,64,1024,prefill,prefill,prefill_gemm,43.0,,11,0,32,106695735.03423783,106695735.18271783,0.14847999811172485
facebook/opt-125m,64,1024,prefill,prefill,prefill_gemm,43.0,,11,1,32,106695735.18271783,106695735.33119783,0.14847999811172485
facebook/opt-125m,64,1024,prefill,prefill,prefill_gemm,43.0,,11,2,32,106695735.33119783,106695735.47967783,0.14847999811172485
facebook/opt-125m,64,1024,prefill,prefill,prefill_gemm,43.0,,11,3,32,106695735.47967783,106695735.62815782,0.14847999811172485
facebook/opt-125m,64,1024,prefill,prefill,prefill_gemm,43.0,,11,4,32,106695735.62815782,106695735.77663782,0.14847999811172485
facebook/opt-125m,64,1024,prefill,prefill,prefill_gemm,43.0,,11,5,32,106695735.77663782,106695735.92511782,0.14847999811172485
facebook/opt-125m,64,1024,prefill,prefill,prefill_gemm,44.0,,0,0,32,106695735.92511782,106695736.07359782,0.14847999811172485
facebook/opt-125m,64,1024,prefill,prefill,prefill_gemm,44.0,,0,1,32,106695736.07359782,106695736.22207782,0.14847999811172485
facebook/opt-125m,64,1024,prefill,prefill,prefill_gemm,44.0,,0,2,32,106695736.22207782,106695736.37055781,0.14847999811172485
facebook/opt-125m,64,1024,prefill,prefill,prefill_gemm,44.0,,0,3,32,106695736.37055781,106695736.51903781,0.14847999811172485
facebook/opt-125m,64,1024,prefill,prefill,prefill_gemm,44.0,,0,4,32,106695736.51903781,106695736.66751781,0.14847999811172485
facebook/opt-125m,64,1024,prefill,prefill,prefill_gemm,44.0,,0,5,32,106695736.66751781,106695736.81599781,0.14847999811172485
facebook/opt-125m,64,1024,prefill,prefill,prefill_gemm,44.0,,1,0,32,106695736.81599781,106695736.9644778,0.14847999811172485
facebook/opt-125m,64,1024,prefill,prefill,prefill_gemm,44.0,,1,1,32,106695736.9644778,106695737.1129578,0.14847999811172485
facebook/opt-125m,64,1024,prefill,prefill,prefill_gemm,44.0,,1,2,32,106695737.1129578,106695737.2614378,0.14847999811172485
facebook/opt-125m,64,1024,prefill,prefill,prefill_gemm,44.0,,1,3,32,106695737.2614378,106695737.4099178,0.14847999811172485
facebook/opt-125m,64,1024,prefill,prefill,prefill_gemm,44.0,,1,4,32,106695737.4099178,106695737.5583978,0.14847999811172485
facebook/opt-125m,64,1024,prefill,prefill,prefill_gemm,44.0,,1,5,32,106695737.5583978,106695737.7068778,0.14847999811172485
facebook/opt-125m,64,1024,prefill,prefill,prefill_gemm,44.0,,2,0,32,106695737.7068778,106695737.8553578,0.14847999811172485
facebook/opt-125m,64,1024,prefill,prefill,prefill_gemm,44.0,,2,1,32,106695737.8553578,106695738.0038378,0.14847999811172485
facebook/opt-125m,64,1024,prefill,prefill,prefill_gemm,44.0,,2,2,32,106695738.0038378,106695738.15231779,0.14847999811172485
facebook/opt-125m,64,1024,prefill,prefill,prefill_gemm,44.0,,2,3,32,106695738.15231779,106695738.30079779,0.14847999811172485
facebook/opt-125m,64,1024,prefill,prefill,prefill_gemm,44.0,,2,4,32,106695738.30079779,106695738.44927779,0.14847999811172485
facebook/opt-125m,64,1024,prefill,prefill,prefill_gemm,44.0,,2,5,32,106695738.44927779,106695738.59775779,0.14847999811172485
facebook/opt-125m,64,1024,prefill,prefill,prefill_gemm,44.0,,3,0,32,106695738.59775779,106695738.74623778,0.14847999811172485
facebook/opt-125m,64,1024,prefill,prefill,prefill_gemm,44.0,,3,1,32,106695738.74623778,106695738.89471778,0.14847999811172485
facebook/opt-125m,64,1024,prefill,prefill,prefill_gemm,44.0,,3,2,32,106695738.89471778,106695739.04319778,0.14847999811172485
facebook/opt-125m,64,1024,prefill,prefill,prefill_gemm,44.0,,3,3,32,106695739.04319778,106695739.19167778,0.14847999811172485
facebook/opt-125m,64,1024,prefill,prefill,prefill_gemm,44.0,,3,4,32,106695739.19167778,106695739.34015778,0.14847999811172485
facebook/opt-125m,64,1024,prefill,prefill,prefill_gemm,44.0,,3,5,32,106695739.34015778,106695739.48863778,0.14847999811172485
facebook/opt-125m,64,1024,prefill,prefill,prefill_gemm,44.0,,4,0,32,106695739.48863778,106695739.63711777,0.14847999811172485
facebook/opt-125m,64,1024,prefill,prefill,prefill_gemm,44.0,,4,1,32,106695739.63711777,106695739.78559777,0.14847999811172485
facebook/opt-125m,64,1024,prefill,prefill,prefill_gemm,44.0,,4,2,32,106695739.78559777,106695739.93407777,0.14847999811172485
facebook/opt-125m,64,1024,prefill,prefill,prefill_gemm,44.0,,4,3,32,106695739.93407777,106695740.08255777,0.14847999811172485
facebook/opt-125m,64,1024,prefill,prefill,prefill_gemm,44.0,,4,4,32,106695740.08255777,106695740.23103777,0.14847999811172485
facebook/opt-125m,64,1024,prefill,prefill,prefill_gemm,44.0,,4,5,32,106695740.23103777,106695740.37951776,0.14847999811172485
facebook/opt-125m,64,1024,prefill,prefill,prefill_gemm,44.0,,5,0,32,106695740.37951776,106695740.52799776,0.14847999811172485
facebook/opt-125m,64,1024,prefill,prefill,prefill_gemm,44.0,,5,1,32,106695740.52799776,106695740.67647776,0.14847999811172485
facebook/opt-125m,64,1024,prefill,prefill,prefill_gemm,44.0,,5,2,32,106695740.67647776,106695740.82495776,0.14847999811172485
facebook/opt-125m,64,1024,prefill,prefill,prefill_gemm,44.0,,5,3,32,106695740.82495776,106695740.97343776,0.14847999811172485
facebook/opt-125m,64,1024,prefill,prefill,prefill_gemm,44.0,,5,4,32,106695740.97343776,106695741.12191775,0.14847999811172485
facebook/opt-125m,64,1024,prefill,prefill,prefill_gemm,44.0,,5,5,32,106695741.12191775,106695741.27039775,0.14847999811172485
facebook/opt-125m,64,1024,prefill,prefill,prefill_gemm,44.0,,6,0,32,106695741.27039775,106695741.41887775,0.14847999811172485
facebook/opt-125m,64,1024,prefill,prefill,prefill_gemm,44.0,,6,1,32,106695741.41887775,106695741.56735775,0.14847999811172485
facebook/opt-125m,64,1024,prefill,prefill,prefill_gemm,44.0,,6,2,32,106695741.56735775,106695741.71583775,0.14847999811172485
facebook/opt-125m,64,1024,prefill,prefill,prefill_gemm,44.0,,6,3,32,106695741.71583775,106695741.86431774,0.14847999811172485
facebook/opt-125m,64,1024,prefill,prefill,prefill_gemm,44.0,,6,4,32,106695741.86431774,106695742.01279774,0.14847999811172485
facebook/opt-125m,64,1024,prefill,prefill,prefill_gemm,44.0,,6,5,32,106695742.01279774,106695742.16127774,0.14847999811172485
facebook/opt-125m,64,1024,prefill,prefill,prefill_gemm,44.0,,7,0,32,106695742.16127774,106695742.30975774,0.14847999811172485
facebook/opt-125m,64,1024,prefill,prefill,prefill_gemm,44.0,,7,1,32,106695742.30975774,106695742.45823774,0.14847999811172485
facebook/opt-125m,64,1024,prefill,prefill,prefill_gemm,44.0,,7,2,32,106695742.45823774,106695742.60671774,0.14847999811172485
facebook/opt-125m,64,1024,prefill,prefill,prefill_gemm,44.0,,7,3,32,106695742.60671774,106695742.75519773,0.14847999811172485
facebook/opt-125m,64,1024,prefill,prefill,prefill_gemm,44.0,,7,4,32,106695742.75519773,106695742.90367773,0.14847999811172485
facebook/opt-125m,64,1024,prefill,prefill,prefill_gemm,44.0,,7,5,32,106695742.90367773,106695743.05215773,0.14847999811172485
facebook/opt-125m,64,1024,prefill,prefill,prefill_gemm,44.0,,8,0,32,106695743.05215773,106695743.20063773,0.14847999811172485
facebook/opt-125m,64,1024,prefill,prefill,prefill_gemm,44.0,,8,1,32,106695743.20063773,106695743.34911773,0.14847999811172485
facebook/opt-125m,64,1024,prefill,prefill,prefill_gemm,44.0,,8,2,32,106695743.34911773,106695743.49759772,0.14847999811172485
facebook/opt-125m,64,1024,prefill,prefill,prefill_gemm,44.0,,8,3,32,106695743.49759772,106695743.64607772,0.14847999811172485
facebook/opt-125m,64,1024,prefill,prefill,prefill_gemm,44.0,,8,4,32,106695743.64607772,106695743.79455772,0.14847999811172485
facebook/opt-125m,64,1024,prefill,prefill,prefill_gemm,44.0,,8,5,32,106695743.79455772,106695743.94303772,0.14847999811172485
facebook/opt-125m,64,1024,prefill,prefill,prefill_gemm,44.0,,9,0,32,106695743.94303772,106695744.09151772,0.14847999811172485
facebook/opt-125m,64,1024,prefill,prefill,prefill_gemm,44.0,,9,1,32,106695744.09151772,106695744.23999771,0.14847999811172485
facebook/opt-125m,64,1024,prefill,prefill,prefill_gemm,44.0,,9,2,32,106695744.23999771,106695744.38847771,0.14847999811172485
facebook/opt-125m,64,1024,prefill,prefill,prefill_gemm,44.0,,9,3,32,106695744.38847771,106695744.53695771,0.14847999811172485
facebook/opt-125m,64,1024,prefill,prefill,prefill_gemm,44.0,,9,4,32,106695744.53695771,106695744.68543771,0.14847999811172485
facebook/opt-125m,64,1024,prefill,prefill,prefill_gemm,44.0,,9,5,32,106695744.68543771,106695744.8339177,0.14847999811172485
facebook/opt-125m,64,1024,prefill,prefill,prefill_gemm,44.0,,10,0,32,106695744.8339177,106695744.9823977,0.14847999811172485
facebook/opt-125m,64,1024,prefill,prefill,prefill_gemm,44.0,,10,1,32,106695744.9823977,106695745.1308777,0.14847999811172485
facebook/opt-125m,64,1024,prefill,prefill,prefill_gemm,44.0,,10,2,32,106695745.1308777,106695745.2793577,0.14847999811172485
facebook/opt-125m,64,1024,prefill,prefill,prefill_gemm,44.0,,10,3,32,106695745.2793577,106695745.4278377,0.14847999811172485
facebook/opt-125m,64,1024,prefill,prefill,prefill_gemm,44.0,,10,4,32,106695745.4278377,106695745.5763177,0.14847999811172485
facebook/opt-125m,64,1024,prefill,prefill,prefill_gemm,44.0,,10,5,32,106695745.5763177,106695745.7247977,0.14847999811172485
facebook/opt-125m,64,1024,prefill,prefill,prefill_gemm,44.0,,11,0,32,106695745.7247977,106695745.8732777,0.14847999811172485
facebook/opt-125m,64,1024,prefill,prefill,prefill_gemm,44.0,,11,1,32,106695745.8732777,106695746.02175769,0.14847999811172485
facebook/opt-125m,64,1024,prefill,prefill,prefill_gemm,44.0,,11,2,32,106695746.02175769,106695746.17023769,0.14847999811172485
facebook/opt-125m,64,1024,prefill,prefill,prefill_gemm,44.0,,11,3,32,106695746.17023769,106695746.31871769,0.14847999811172485
facebook/opt-125m,64,1024,prefill,prefill,prefill_gemm,44.0,,11,4,32,106695746.31871769,106695746.46719769,0.14847999811172485
facebook/opt-125m,64,1024,prefill,prefill,prefill_gemm,44.0,,11,5,32,106695746.46719769,106695746.61567768,0.14847999811172485
facebook/opt-125m,64,1024,prefill,prefill,prefill_gemm,45.0,,0,0,32,106695746.61567768,106695746.76415768,0.14847999811172485
facebook/opt-125m,64,1024,prefill,prefill,prefill_gemm,45.0,,0,1,32,106695746.76415768,106695746.91263768,0.14847999811172485
facebook/opt-125m,64,1024,prefill,prefill,prefill_gemm,45.0,,0,2,32,106695746.91263768,106695747.06111768,0.14847999811172485
facebook/opt-125m,64,1024,prefill,prefill,prefill_gemm,45.0,,0,3,32,106695747.06111768,106695747.20959768,0.14847999811172485
facebook/opt-125m,64,1024,prefill,prefill,prefill_gemm,45.0,,0,4,32,106695747.20959768,106695747.35807768,0.14847999811172485
facebook/opt-125m,64,1024,prefill,prefill,prefill_gemm,45.0,,0,5,32,106695747.35807768,106695747.50655767,0.14847999811172485
facebook/opt-125m,64,1024,prefill,prefill,prefill_gemm,45.0,,1,0,32,106695747.50655767,106695747.65503767,0.14847999811172485
facebook/opt-125m,64,1024,prefill,prefill,prefill_gemm,45.0,,1,1,32,106695747.65503767,106695747.80351767,0.14847999811172485
facebook/opt-125m,64,1024,prefill,prefill,prefill_gemm,45.0,,1,2,32,106695747.80351767,106695747.95199767,0.14847999811172485
facebook/opt-125m,64,1024,prefill,prefill,prefill_gemm,45.0,,1,3,32,106695747.95199767,106695748.10047767,0.14847999811172485
facebook/opt-125m,64,1024,prefill,prefill,prefill_gemm,45.0,,1,4,32,106695748.10047767,106695748.24895766,0.14847999811172485
facebook/opt-125m,64,1024,prefill,prefill,prefill_gemm,45.0,,1,5,32,106695748.24895766,106695748.39743766,0.14847999811172485
facebook/opt-125m,64,1024,prefill,prefill,prefill_gemm,45.0,,2,0,32,106695748.39743766,106695748.54591766,0.14847999811172485
facebook/opt-125m,64,1024,prefill,prefill,prefill_gemm,45.0,,2,1,32,106695748.54591766,106695748.69439766,0.14847999811172485
facebook/opt-125m,64,1024,prefill,prefill,prefill_gemm,45.0,,2,2,32,106695748.69439766,106695748.84287766,0.14847999811172485
facebook/opt-125m,64,1024,prefill,prefill,prefill_gemm,45.0,,2,3,32,106695748.84287766,106695748.99135765,0.14847999811172485
facebook/opt-125m,64,1024,prefill,prefill,prefill_gemm,45.0,,2,4,32,106695748.99135765,106695749.13983765,0.14847999811172485
facebook/opt-125m,64,1024,prefill,prefill,prefill_gemm,45.0,,2,5,32,106695749.13983765,106695749.28831765,0.14847999811172485
facebook/opt-125m,64,1024,prefill,prefill,prefill_gemm,45.0,,3,0,32,106695749.28831765,106695749.43679765,0.14847999811172485
facebook/opt-125m,64,1024,prefill,prefill,prefill_gemm,45.0,,3,1,32,106695749.43679765,106695749.58527765,0.14847999811172485
facebook/opt-125m,64,1024,prefill,prefill,prefill_gemm,45.0,,3,2,32,106695749.58527765,106695749.73375764,0.14847999811172485
facebook/opt-125m,64,1024,prefill,prefill,prefill_gemm,45.0,,3,3,32,106695749.73375764,106695749.88223764,0.14847999811172485
facebook/opt-125m,64,1024,prefill,prefill,prefill_gemm,45.0,,3,4,32,106695749.88223764,106695750.03071764,0.14847999811172485
facebook/opt-125m,64,1024,prefill,prefill,prefill_gemm,45.0,,3,5,32,106695750.03071764,106695750.17919764,0.14847999811172485
facebook/opt-125m,64,1024,prefill,prefill,prefill_gemm,45.0,,4,0,32,106695750.17919764,106695750.32767764,0.14847999811172485
facebook/opt-125m,64,1024,prefill,prefill,prefill_gemm,45.0,,4,1,32,106695750.32767764,106695750.47615764,0.14847999811172485
facebook/opt-125m,64,1024,prefill,prefill,prefill_gemm,45.0,,4,2,32,106695750.47615764,106695750.62463763,0.14847999811172485
facebook/opt-125m,64,1024,prefill,prefill,prefill_gemm,45.0,,4,3,32,106695750.62463763,106695750.77311763,0.14847999811172485
facebook/opt-125m,64,1024,prefill,prefill,prefill_gemm,45.0,,4,4,32,106695750.77311763,106695750.92159763,0.14847999811172485
facebook/opt-125m,64,1024,prefill,prefill,prefill_gemm,45.0,,4,5,32,106695750.92159763,106695751.07007763,0.14847999811172485
facebook/opt-125m,64,1024,prefill,prefill,prefill_gemm,45.0,,5,0,32,106695751.07007763,106695751.21855763,0.14847999811172485
facebook/opt-125m,64,1024,prefill,prefill,prefill_gemm,45.0,,5,1,32,106695751.21855763,106695751.36703762,0.14847999811172485
facebook/opt-125m,64,1024,prefill,prefill,prefill_gemm,45.0,,5,2,32,106695751.36703762,106695751.51551762,0.14847999811172485
facebook/opt-125m,64,1024,prefill,prefill,prefill_gemm,45.0,,5,3,32,106695751.51551762,106695751.66399762,0.14847999811172485
facebook/opt-125m,64,1024,prefill,prefill,prefill_gemm,45.0,,5,4,32,106695751.66399762,106695751.81247762,0.14847999811172485
facebook/opt-125m,64,1024,prefill,prefill,prefill_gemm,45.0,,5,5,32,106695751.81247762,106695751.96095762,0.14847999811172485
facebook/opt-125m,64,1024,prefill,prefill,prefill_gemm,45.0,,6,0,32,106695751.96095762,106695752.10943761,0.14847999811172485
facebook/opt-125m,64,1024,prefill,prefill,prefill_gemm,45.0,,6,1,32,106695752.10943761,106695752.25791761,0.14847999811172485
facebook/opt-125m,64,1024,prefill,prefill,prefill_gemm,45.0,,6,2,32,106695752.25791761,106695752.40639761,0.14847999811172485
facebook/opt-125m,64,1024,prefill,prefill,prefill_gemm,45.0,,6,3,32,106695752.40639761,106695752.55487761,0.14847999811172485
facebook/opt-125m,64,1024,prefill,prefill,prefill_gemm,45.0,,6,4,32,106695752.55487761,106695752.7033576,0.14847999811172485
facebook/opt-125m,64,1024,prefill,prefill,prefill_gemm,45.0,,6,5,32,106695752.7033576,106695752.8518376,0.14847999811172485
facebook/opt-125m,64,1024,prefill,prefill,prefill_gemm,45.0,,7,0,32,106695752.8518376,106695753.0003176,0.14847999811172485
facebook/opt-125m,64,1024,prefill,prefill,prefill_gemm,45.0,,7,1,32,106695753.0003176,106695753.1487976,0.14847999811172485
facebook/opt-125m,64,1024,prefill,prefill,prefill_gemm,45.0,,7,2,32,106695753.1487976,106695753.2972776,0.14847999811172485
facebook/opt-125m,64,1024,prefill,prefill,prefill_gemm,45.0,,7,3,32,106695753.2972776,106695753.4457576,0.14847999811172485
facebook/opt-125m,64,1024,prefill,prefill,prefill_gemm,45.0,,7,4,32,106695753.4457576,106695753.5942376,0.14847999811172485
facebook/opt-125m,64,1024,prefill,prefill,prefill_gemm,45.0,,7,5,32,106695753.5942376,106695753.7427176,0.14847999811172485
facebook/opt-125m,64,1024,prefill,prefill,prefill_gemm,45.0,,8,0,32,106695753.7427176,106695753.89119759,0.14847999811172485
facebook/opt-125m,64,1024,prefill,prefill,prefill_gemm,45.0,,8,1,32,106695753.89119759,106695754.03967759,0.14847999811172485
facebook/opt-125m,64,1024,prefill,prefill,prefill_gemm,45.0,,8,2,32,106695754.03967759,106695754.18815759,0.14847999811172485
facebook/opt-125m,64,1024,prefill,prefill,prefill_gemm,45.0,,8,3,32,106695754.18815759,106695754.33663759,0.14847999811172485
facebook/opt-125m,64,1024,prefill,prefill,prefill_gemm,45.0,,8,4,32,106695754.33663759,106695754.48511758,0.14847999811172485
facebook/opt-125m,64,1024,prefill,prefill,prefill_gemm,45.0,,8,5,32,106695754.48511758,106695754.63359758,0.14847999811172485
facebook/opt-125m,64,1024,prefill,prefill,prefill_gemm,45.0,,9,0,32,106695754.63359758,106695754.78207758,0.14847999811172485
facebook/opt-125m,64,1024,prefill,prefill,prefill_gemm,45.0,,9,1,32,106695754.78207758,106695754.93055758,0.14847999811172485
facebook/opt-125m,64,1024,prefill,prefill,prefill_gemm,45.0,,9,2,32,106695754.93055758,106695755.07903758,0.14847999811172485
facebook/opt-125m,64,1024,prefill,prefill,prefill_gemm,45.0,,9,3,32,106695755.07903758,106695755.22751758,0.14847999811172485
facebook/opt-125m,64,1024,prefill,prefill,prefill_gemm,45.0,,9,4,32,106695755.22751758,106695755.37599757,0.14847999811172485
facebook/opt-125m,64,1024,prefill,prefill,prefill_gemm,45.0,,9,5,32,106695755.37599757,106695755.52447757,0.14847999811172485
facebook/opt-125m,64,1024,prefill,prefill,prefill_gemm,45.0,,10,0,32,106695755.52447757,106695755.67295757,0.14847999811172485
facebook/opt-125m,64,1024,prefill,prefill,prefill_gemm,45.0,,10,1,32,106695755.67295757,106695755.82143757,0.14847999811172485
facebook/opt-125m,64,1024,prefill,prefill,prefill_gemm,45.0,,10,2,32,106695755.82143757,106695755.96991757,0.14847999811172485
facebook/opt-125m,64,1024,prefill,prefill,prefill_gemm,45.0,,10,3,32,106695755.96991757,106695756.11839756,0.14847999811172485
facebook/opt-125m,64,1024,prefill,prefill,prefill_gemm,45.0,,10,4,32,106695756.11839756,106695756.26687756,0.14847999811172485
facebook/opt-125m,64,1024,prefill,prefill,prefill_gemm,45.0,,10,5,32,106695756.26687756,106695756.41535756,0.14847999811172485
facebook/opt-125m,64,1024,prefill,prefill,prefill_gemm,45.0,,11,0,32,106695756.41535756,106695756.56383756,0.14847999811172485
facebook/opt-125m,64,1024,prefill,prefill,prefill_gemm,45.0,,11,1,32,106695756.56383756,106695756.71231756,0.14847999811172485
facebook/opt-125m,64,1024,prefill,prefill,prefill_gemm,45.0,,11,2,32,106695756.71231756,106695756.86079755,0.14847999811172485
facebook/opt-125m,64,1024,prefill,prefill,prefill_gemm,45.0,,11,3,32,106695756.86079755,106695757.00927755,0.14847999811172485
facebook/opt-125m,64,1024,prefill,prefill,prefill_gemm,45.0,,11,4,32,106695757.00927755,106695757.15775755,0.14847999811172485
facebook/opt-125m,64,1024,prefill,prefill,prefill_gemm,45.0,,11,5,32,106695757.15775755,106695757.30623755,0.14847999811172485
facebook/opt-125m,64,1024,prefill,prefill,prefill_gemm,46.0,,0,0,32,106695757.30623755,106695757.45471755,0.14847999811172485
facebook/opt-125m,64,1024,prefill,prefill,prefill_gemm,46.0,,0,1,32,106695757.45471755,106695757.60319754,0.14847999811172485
facebook/opt-125m,64,1024,prefill,prefill,prefill_gemm,46.0,,0,2,32,106695757.60319754,106695757.75167754,0.14847999811172485
facebook/opt-125m,64,1024,prefill,prefill,prefill_gemm,46.0,,0,3,32,106695757.75167754,106695757.90015754,0.14847999811172485
facebook/opt-125m,64,1024,prefill,prefill,prefill_gemm,46.0,,0,4,32,106695757.90015754,106695758.04863754,0.14847999811172485
facebook/opt-125m,64,1024,prefill,prefill,prefill_gemm,46.0,,0,5,32,106695758.04863754,106695758.19711754,0.14847999811172485
facebook/opt-125m,64,1024,prefill,prefill,prefill_gemm,46.0,,1,0,32,106695758.19711754,106695758.34559754,0.14847999811172485
facebook/opt-125m,64,1024,prefill,prefill,prefill_gemm,46.0,,1,1,32,106695758.34559754,106695758.49407753,0.14847999811172485
facebook/opt-125m,64,1024,prefill,prefill,prefill_gemm,46.0,,1,2,32,106695758.49407753,106695758.64255753,0.14847999811172485
facebook/opt-125m,64,1024,prefill,prefill,prefill_gemm,46.0,,1,3,32,106695758.64255753,106695758.79103753,0.14847999811172485
facebook/opt-125m,64,1024,prefill,prefill,prefill_gemm,46.0,,1,4,32,106695758.79103753,106695758.93951753,0.14847999811172485
facebook/opt-125m,64,1024,prefill,prefill,prefill_gemm,46.0,,1,5,32,106695758.93951753,106695759.08799753,0.14847999811172485
facebook/opt-125m,64,1024,prefill,prefill,prefill_gemm,46.0,,2,0,32,106695759.08799753,106695759.23647752,0.14847999811172485
facebook/opt-125m,64,1024,prefill,prefill,prefill_gemm,46.0,,2,1,32,106695759.23647752,106695759.38495752,0.14847999811172485
facebook/opt-125m,64,1024,prefill,prefill,prefill_gemm,46.0,,2,2,32,106695759.38495752,106695759.53343752,0.14847999811172485
facebook/opt-125m,64,1024,prefill,prefill,prefill_gemm,46.0,,2,3,32,106695759.53343752,106695759.68191752,0.14847999811172485
facebook/opt-125m,64,1024,prefill,prefill,prefill_gemm,46.0,,2,4,32,106695759.68191752,106695759.83039752,0.14847999811172485
facebook/opt-125m,64,1024,prefill,prefill,prefill_gemm,46.0,,2,5,32,106695759.83039752,106695759.97887751,0.14847999811172485
facebook/opt-125m,64,1024,prefill,prefill,prefill_gemm,46.0,,3,0,32,106695759.97887751,106695760.12735751,0.14847999811172485
facebook/opt-125m,64,1024,prefill,prefill,prefill_gemm,46.0,,3,1,32,106695760.12735751,106695760.27583751,0.14847999811172485
facebook/opt-125m,64,1024,prefill,prefill,prefill_gemm,46.0,,3,2,32,106695760.27583751,106695760.42431751,0.14847999811172485
facebook/opt-125m,64,1024,prefill,prefill,prefill_gemm,46.0,,3,3,32,106695760.42431751,106695760.5727975,0.14847999811172485
facebook/opt-125m,64,1024,prefill,prefill,prefill_gemm,46.0,,3,4,32,106695760.5727975,106695760.7212775,0.14847999811172485
facebook/opt-125m,64,1024,prefill,prefill,prefill_gemm,46.0,,3,5,32,106695760.7212775,106695760.8697575,0.14847999811172485
facebook/opt-125m,64,1024,prefill,prefill,prefill_gemm,46.0,,4,0,32,106695760.8697575,106695761.0182375,0.14847999811172485
facebook/opt-125m,64,1024,prefill,prefill,prefill_gemm,46.0,,4,1,32,106695761.0182375,106695761.1667175,0.14847999811172485
facebook/opt-125m,64,1024,prefill,prefill,prefill_gemm,46.0,,4,2,32,106695761.1667175,106695761.3151975,0.14847999811172485
facebook/opt-125m,64,1024,prefill,prefill,prefill_gemm,46.0,,4,3,32,106695761.3151975,106695761.4636775,0.14847999811172485
facebook/opt-125m,64,1024,prefill,prefill,prefill_gemm,46.0,,4,4,32,106695761.4636775,106695761.6121575,0.14847999811172485
facebook/opt-125m,64,1024,prefill,prefill,prefill_gemm,46.0,,4,5,32,106695761.6121575,106695761.76063749,0.14847999811172485
facebook/opt-125m,64,1024,prefill,prefill,prefill_gemm,46.0,,5,0,32,106695761.76063749,106695761.90911749,0.14847999811172485
facebook/opt-125m,64,1024,prefill,prefill,prefill_gemm,46.0,,5,1,32,106695761.90911749,106695762.05759749,0.14847999811172485
facebook/opt-125m,64,1024,prefill,prefill,prefill_gemm,46.0,,5,2,32,106695762.05759749,106695762.20607749,0.14847999811172485
facebook/opt-125m,64,1024,prefill,prefill,prefill_gemm,46.0,,5,3,32,106695762.20607749,106695762.35455748,0.14847999811172485
facebook/opt-125m,64,1024,prefill,prefill,prefill_gemm,46.0,,5,4,32,106695762.35455748,106695762.50303748,0.14847999811172485
facebook/opt-125m,64,1024,prefill,prefill,prefill_gemm,46.0,,5,5,32,106695762.50303748,106695762.65151748,0.14847999811172485
facebook/opt-125m,64,1024,prefill,prefill,prefill_gemm,46.0,,6,0,32,106695762.65151748,106695762.79999748,0.14847999811172485
facebook/opt-125m,64,1024,prefill,prefill,prefill_gemm,46.0,,6,1,32,106695762.79999748,106695762.94847748,0.14847999811172485
facebook/opt-125m,64,1024,prefill,prefill,prefill_gemm,46.0,,6,2,32,106695762.94847748,106695763.09695747,0.14847999811172485
facebook/opt-125m,64,1024,prefill,prefill,prefill_gemm,46.0,,6,3,32,106695763.09695747,106695763.24543747,0.14847999811172485
facebook/opt-125m,64,1024,prefill,prefill,prefill_gemm,46.0,,6,4,32,106695763.24543747,106695763.39391747,0.14847999811172485
facebook/opt-125m,64,1024,prefill,prefill,prefill_gemm,46.0,,6,5,32,106695763.39391747,106695763.54239747,0.14847999811172485
facebook/opt-125m,64,1024,prefill,prefill,prefill_gemm,46.0,,7,0,32,106695763.54239747,106695763.69087747,0.14847999811172485
facebook/opt-125m,64,1024,prefill,prefill,prefill_gemm,46.0,,7,1,32,106695763.69087747,106695763.83935747,0.14847999811172485
facebook/opt-125m,64,1024,prefill,prefill,prefill_gemm,46.0,,7,2,32,106695763.83935747,106695763.98783746,0.14847999811172485
facebook/opt-125m,64,1024,prefill,prefill,prefill_gemm,46.0,,7,3,32,106695763.98783746,106695764.13631746,0.14847999811172485
facebook/opt-125m,64,1024,prefill,prefill,prefill_gemm,46.0,,7,4,32,106695764.13631746,106695764.28479746,0.14847999811172485
facebook/opt-125m,64,1024,prefill,prefill,prefill_gemm,46.0,,7,5,32,106695764.28479746,106695764.43327746,0.14847999811172485
facebook/opt-125m,64,1024,prefill,prefill,prefill_gemm,46.0,,8,0,32,106695764.43327746,106695764.58175746,0.14847999811172485
facebook/opt-125m,64,1024,prefill,prefill,prefill_gemm,46.0,,8,1,32,106695764.58175746,106695764.73023745,0.14847999811172485
facebook/opt-125m,64,1024,prefill,prefill,prefill_gemm,46.0,,8,2,32,106695764.73023745,106695764.87871745,0.14847999811172485
facebook/opt-125m,64,1024,prefill,prefill,prefill_gemm,46.0,,8,3,32,106695764.87871745,106695765.02719745,0.14847999811172485
facebook/opt-125m,64,1024,prefill,prefill,prefill_gemm,46.0,,8,4,32,106695765.02719745,106695765.17567745,0.14847999811172485
facebook/opt-125m,64,1024,prefill,prefill,prefill_gemm,46.0,,8,5,32,106695765.17567745,106695765.32415745,0.14847999811172485
facebook/opt-125m,64,1024,prefill,prefill,prefill_gemm,46.0,,9,0,32,106695765.32415745,106695765.47263744,0.14847999811172485
facebook/opt-125m,64,1024,prefill,prefill,prefill_gemm,46.0,,9,1,32,106695765.47263744,106695765.62111744,0.14847999811172485
facebook/opt-125m,64,1024,prefill,prefill,prefill_gemm,46.0,,9,2,32,106695765.62111744,106695765.76959744,0.14847999811172485
facebook/opt-125m,64,1024,prefill,prefill,prefill_gemm,46.0,,9,3,32,106695765.76959744,106695765.91807744,0.14847999811172485
facebook/opt-125m,64,1024,prefill,prefill,prefill_gemm,46.0,,9,4,32,106695765.91807744,106695766.06655744,0.14847999811172485
facebook/opt-125m,64,1024,prefill,prefill,prefill_gemm,46.0,,9,5,32,106695766.06655744,106695766.21503744,0.14847999811172485
facebook/opt-125m,64,1024,prefill,prefill,prefill_gemm,46.0,,10,0,32,106695766.21503744,106695766.36351743,0.14847999811172485
facebook/opt-125m,64,1024,prefill,prefill,prefill_gemm,46.0,,10,1,32,106695766.36351743,106695766.51199743,0.14847999811172485
facebook/opt-125m,64,1024,prefill,prefill,prefill_gemm,46.0,,10,2,32,106695766.51199743,106695766.66047743,0.14847999811172485
facebook/opt-125m,64,1024,prefill,prefill,prefill_gemm,46.0,,10,3,32,106695766.66047743,106695766.80895743,0.14847999811172485
facebook/opt-125m,64,1024,prefill,prefill,prefill_gemm,46.0,,10,4,32,106695766.80895743,106695766.95743743,0.14847999811172485
facebook/opt-125m,64,1024,prefill,prefill,prefill_gemm,46.0,,10,5,32,106695766.95743743,106695767.10591742,0.14847999811172485
facebook/opt-125m,64,1024,prefill,prefill,prefill_gemm,46.0,,11,0,32,106695767.10591742,106695767.25439742,0.14847999811172485
facebook/opt-125m,64,1024,prefill,prefill,prefill_gemm,46.0,,11,1,32,106695767.25439742,106695767.40287742,0.14847999811172485
facebook/opt-125m,64,1024,prefill,prefill,prefill_gemm,46.0,,11,2,32,106695767.40287742,106695767.55135742,0.14847999811172485
facebook/opt-125m,64,1024,prefill,prefill,prefill_gemm,46.0,,11,3,32,106695767.55135742,106695767.69983742,0.14847999811172485
facebook/opt-125m,64,1024,prefill,prefill,prefill_gemm,46.0,,11,4,32,106695767.69983742,106695767.84831741,0.14847999811172485
facebook/opt-125m,64,1024,prefill,prefill,prefill_gemm,46.0,,11,5,32,106695767.84831741,106695767.99679741,0.14847999811172485
facebook/opt-125m,64,1024,prefill,prefill,prefill_gemm,47.0,,0,0,32,106695767.99679741,106695768.14527741,0.14847999811172485
facebook/opt-125m,64,1024,prefill,prefill,prefill_gemm,47.0,,0,1,32,106695768.14527741,106695768.29375741,0.14847999811172485
facebook/opt-125m,64,1024,prefill,prefill,prefill_gemm,47.0,,0,2,32,106695768.29375741,106695768.4422374,0.14847999811172485
facebook/opt-125m,64,1024,prefill,prefill,prefill_gemm,47.0,,0,3,32,106695768.4422374,106695768.5907174,0.14847999811172485
facebook/opt-125m,64,1024,prefill,prefill,prefill_gemm,47.0,,0,4,32,106695768.5907174,106695768.7391974,0.14847999811172485
facebook/opt-125m,64,1024,prefill,prefill,prefill_gemm,47.0,,0,5,32,106695768.7391974,106695768.8876774,0.14847999811172485
facebook/opt-125m,64,1024,prefill,prefill,prefill_gemm,47.0,,1,0,32,106695768.8876774,106695769.0361574,0.14847999811172485
facebook/opt-125m,64,1024,prefill,prefill,prefill_gemm,47.0,,1,1,32,106695769.0361574,106695769.1846374,0.14847999811172485
facebook/opt-125m,64,1024,prefill,prefill,prefill_gemm,47.0,,1,2,32,106695769.1846374,106695769.3331174,0.14847999811172485
facebook/opt-125m,64,1024,prefill,prefill,prefill_gemm,47.0,,1,3,32,106695769.3331174,106695769.4815974,0.14847999811172485
facebook/opt-125m,64,1024,prefill,prefill,prefill_gemm,47.0,,1,4,32,106695769.4815974,106695769.63007739,0.14847999811172485
facebook/opt-125m,64,1024,prefill,prefill,prefill_gemm,47.0,,1,5,32,106695769.63007739,106695769.77855739,0.14847999811172485
facebook/opt-125m,64,1024,prefill,prefill,prefill_gemm,47.0,,2,0,32,106695769.77855739,106695769.92703739,0.14847999811172485
facebook/opt-125m,64,1024,prefill,prefill,prefill_gemm,47.0,,2,1,32,106695769.92703739,106695770.07551739,0.14847999811172485
facebook/opt-125m,64,1024,prefill,prefill,prefill_gemm,47.0,,2,2,32,106695770.07551739,106695770.22399738,0.14847999811172485
facebook/opt-125m,64,1024,prefill,prefill,prefill_gemm,47.0,,2,3,32,106695770.22399738,106695770.37247738,0.14847999811172485
facebook/opt-125m,64,1024,prefill,prefill,prefill_gemm,47.0,,2,4,32,106695770.37247738,106695770.52095738,0.14847999811172485
facebook/opt-125m,64,1024,prefill,prefill,prefill_gemm,47.0,,2,5,32,106695770.52095738,106695770.66943738,0.14847999811172485
facebook/opt-125m,64,1024,prefill,prefill,prefill_gemm,47.0,,3,0,32,106695770.66943738,106695770.81791738,0.14847999811172485
facebook/opt-125m,64,1024,prefill,prefill,prefill_gemm,47.0,,3,1,32,106695770.81791738,106695770.96639737,0.14847999811172485
facebook/opt-125m,64,1024,prefill,prefill,prefill_gemm,47.0,,3,2,32,106695770.96639737,106695771.11487737,0.14847999811172485
facebook/opt-125m,64,1024,prefill,prefill,prefill_gemm,47.0,,3,3,32,106695771.11487737,106695771.26335737,0.14847999811172485
facebook/opt-125m,64,1024,prefill,prefill,prefill_gemm,47.0,,3,4,32,106695771.26335737,106695771.41183737,0.14847999811172485
facebook/opt-125m,64,1024,prefill,prefill,prefill_gemm,47.0,,3,5,32,106695771.41183737,106695771.56031737,0.14847999811172485
facebook/opt-125m,64,1024,prefill,prefill,prefill_gemm,47.0,,4,0,32,106695771.56031737,106695771.70879737,0.14847999811172485
facebook/opt-125m,64,1024,prefill,prefill,prefill_gemm,47.0,,4,1,32,106695771.70879737,106695771.85727736,0.14847999811172485
facebook/opt-125m,64,1024,prefill,prefill,prefill_gemm,47.0,,4,2,32,106695771.85727736,106695772.00575736,0.14847999811172485
facebook/opt-125m,64,1024,prefill,prefill,prefill_gemm,47.0,,4,3,32,106695772.00575736,106695772.15423736,0.14847999811172485
facebook/opt-125m,64,1024,prefill,prefill,prefill_gemm,47.0,,4,4,32,106695772.15423736,106695772.30271736,0.14847999811172485
facebook/opt-125m,64,1024,prefill,prefill,prefill_gemm,47.0,,4,5,32,106695772.30271736,106695772.45119736,0.14847999811172485
facebook/opt-125m,64,1024,prefill,prefill,prefill_gemm,47.0,,5,0,32,106695772.45119736,106695772.59967735,0.14847999811172485
facebook/opt-125m,64,1024,prefill,prefill,prefill_gemm,47.0,,5,1,32,106695772.59967735,106695772.74815735,0.14847999811172485
facebook/opt-125m,64,1024,prefill,prefill,prefill_gemm,47.0,,5,2,32,106695772.74815735,106695772.89663735,0.14847999811172485
facebook/opt-125m,64,1024,prefill,prefill,prefill_gemm,47.0,,5,3,32,106695772.89663735,106695773.04511735,0.14847999811172485
facebook/opt-125m,64,1024,prefill,prefill,prefill_gemm,47.0,,5,4,32,106695773.04511735,106695773.19359735,0.14847999811172485
facebook/opt-125m,64,1024,prefill,prefill,prefill_gemm,47.0,,5,5,33,106695773.307426,106695773.455906,0.14847999811172485
facebook/opt-125m,64,1024,prefill,prefill,prefill_gemm,47.0,,6,0,33,106695773.455906,106695773.604386,0.14847999811172485
facebook/opt-125m,64,1024,prefill,prefill,prefill_gemm,47.0,,6,1,33,106695773.604386,106695773.752866,0.14847999811172485
facebook/opt-125m,64,1024,prefill,prefill,prefill_gemm,47.0,,6,2,33,106695773.752866,106695773.901346,0.14847999811172485
facebook/opt-125m,64,1024,prefill,prefill,prefill_gemm,47.0,,6,3,33,106695773.901346,106695774.049826,0.14847999811172485
facebook/opt-125m,64,1024,prefill,prefill,prefill_gemm,47.0,,6,4,33,106695774.049826,106695774.198306,0.14847999811172485
facebook/opt-125m,64,1024,prefill,prefill,prefill_gemm,47.0,,6,5,33,106695774.198306,106695774.34678599,0.14847999811172485
facebook/opt-125m,64,1024,prefill,prefill,prefill_gemm,47.0,,7,0,33,106695774.34678599,106695774.49526599,0.14847999811172485
facebook/opt-125m,64,1024,prefill,prefill,prefill_gemm,47.0,,7,1,33,106695774.49526599,106695774.64374599,0.14847999811172485
facebook/opt-125m,64,1024,prefill,prefill,prefill_gemm,47.0,,7,2,33,106695774.64374599,106695774.79222599,0.14847999811172485
facebook/opt-125m,64,1024,prefill,prefill,prefill_gemm,47.0,,7,3,33,106695774.79222599,106695774.94070598,0.14847999811172485
facebook/opt-125m,64,1024,prefill,prefill,prefill_gemm,47.0,,7,4,33,106695774.94070598,106695775.08918598,0.14847999811172485
facebook/opt-125m,64,1024,prefill,prefill,prefill_gemm,47.0,,7,5,33,106695775.08918598,106695775.23766598,0.14847999811172485
facebook/opt-125m,64,1024,prefill,prefill,prefill_gemm,47.0,,8,0,33,106695775.23766598,106695775.38614598,0.14847999811172485
facebook/opt-125m,64,1024,prefill,prefill,prefill_gemm,47.0,,8,1,33,106695775.38614598,106695775.53462598,0.14847999811172485
facebook/opt-125m,64,1024,prefill,prefill,prefill_gemm,47.0,,8,2,33,106695775.53462598,106695775.68310598,0.14847999811172485
facebook/opt-125m,64,1024,prefill,prefill,prefill_gemm,47.0,,8,3,33,106695775.68310598,106695775.83158597,0.14847999811172485
facebook/opt-125m,64,1024,prefill,prefill,prefill_gemm,47.0,,8,4,33,106695775.83158597,106695775.98006597,0.14847999811172485
facebook/opt-125m,64,1024,prefill,prefill,prefill_gemm,47.0,,8,5,33,106695775.98006597,106695776.12854597,0.14847999811172485
facebook/opt-125m,64,1024,prefill,prefill,prefill_gemm,47.0,,9,0,33,106695776.12854597,106695776.27702597,0.14847999811172485
facebook/opt-125m,64,1024,prefill,prefill,prefill_gemm,47.0,,9,1,33,106695776.27702597,106695776.42550597,0.14847999811172485
facebook/opt-125m,64,1024,prefill,prefill,prefill_gemm,47.0,,9,2,33,106695776.42550597,106695776.57398596,0.14847999811172485
facebook/opt-125m,64,1024,prefill,prefill,prefill_gemm,47.0,,9,3,33,106695776.57398596,106695776.72246596,0.14847999811172485
facebook/opt-125m,64,1024,prefill,prefill,prefill_gemm,47.0,,9,4,33,106695776.72246596,106695776.87094596,0.14847999811172485
facebook/opt-125m,64,1024,prefill,prefill,prefill_gemm,47.0,,9,5,33,106695776.87094596,106695777.01942596,0.14847999811172485
facebook/opt-125m,64,1024,prefill,prefill,prefill_gemm,47.0,,10,0,33,106695777.01942596,106695777.16790596,0.14847999811172485
facebook/opt-125m,64,1024,prefill,prefill,prefill_gemm,47.0,,10,1,33,106695777.16790596,106695777.31638595,0.14847999811172485
facebook/opt-125m,64,1024,prefill,prefill,prefill_gemm,47.0,,10,2,33,106695777.31638595,106695777.46486595,0.14847999811172485
facebook/opt-125m,64,1024,prefill,prefill,prefill_gemm,47.0,,10,3,33,106695777.46486595,106695777.61334595,0.14847999811172485
facebook/opt-125m,64,1024,prefill,prefill,prefill_gemm,47.0,,10,4,33,106695777.61334595,106695777.76182595,0.14847999811172485
facebook/opt-125m,64,1024,prefill,prefill,prefill_gemm,47.0,,10,5,33,106695777.76182595,106695777.91030595,0.14847999811172485
facebook/opt-125m,64,1024,prefill,prefill,prefill_gemm,47.0,,11,0,33,106695777.91030595,106695778.05878595,0.14847999811172485
facebook/opt-125m,64,1024,prefill,prefill,prefill_gemm,47.0,,11,1,33,106695778.05878595,106695778.20726594,0.14847999811172485
facebook/opt-125m,64,1024,prefill,prefill,prefill_gemm,47.0,,11,2,33,106695778.20726594,106695778.35574594,0.14847999811172485
facebook/opt-125m,64,1024,prefill,prefill,prefill_gemm,47.0,,11,3,33,106695778.35574594,106695778.50422594,0.14847999811172485
facebook/opt-125m,64,1024,prefill,prefill,prefill_gemm,47.0,,11,4,33,106695778.50422594,106695778.65270594,0.14847999811172485
facebook/opt-125m,64,1024,prefill,prefill,prefill_gemm,47.0,,11,5,33,106695778.65270594,106695778.80118594,0.14847999811172485
facebook/opt-125m,64,1024,prefill,prefill,prefill_gemm,48.0,,0,0,33,106695778.80118594,106695778.94966593,0.14847999811172485
facebook/opt-125m,64,1024,prefill,prefill,prefill_gemm,48.0,,0,1,33,106695778.94966593,106695779.09814593,0.14847999811172485
facebook/opt-125m,64,1024,prefill,prefill,prefill_gemm,48.0,,0,2,33,106695779.09814593,106695779.24662593,0.14847999811172485
facebook/opt-125m,64,1024,prefill,prefill,prefill_gemm,48.0,,0,3,33,106695779.24662593,106695779.39510593,0.14847999811172485
facebook/opt-125m,64,1024,prefill,prefill,prefill_gemm,48.0,,0,4,33,106695779.39510593,106695779.54358593,0.14847999811172485
facebook/opt-125m,64,1024,prefill,prefill,prefill_gemm,48.0,,0,5,33,106695779.54358593,106695779.69206592,0.14847999811172485
facebook/opt-125m,64,1024,prefill,prefill,prefill_gemm,48.0,,1,0,33,106695779.69206592,106695779.84054592,0.14847999811172485
facebook/opt-125m,64,1024,prefill,prefill,prefill_gemm,48.0,,1,1,33,106695779.84054592,106695779.98902592,0.14847999811172485
facebook/opt-125m,64,1024,prefill,prefill,prefill_gemm,48.0,,1,2,33,106695779.98902592,106695780.13750592,0.14847999811172485
facebook/opt-125m,64,1024,prefill,prefill,prefill_gemm,48.0,,1,3,33,106695780.13750592,106695780.28598592,0.14847999811172485
facebook/opt-125m,64,1024,prefill,prefill,prefill_gemm,48.0,,1,4,33,106695780.28598592,106695780.43446591,0.14847999811172485
facebook/opt-125m,64,1024,prefill,prefill,prefill_gemm,48.0,,1,5,33,106695780.43446591,106695780.58294591,0.14847999811172485
facebook/opt-125m,64,1024,prefill,prefill,prefill_gemm,48.0,,2,0,33,106695780.58294591,106695780.73142591,0.14847999811172485
facebook/opt-125m,64,1024,prefill,prefill,prefill_gemm,48.0,,2,1,33,106695780.73142591,106695780.87990591,0.14847999811172485
facebook/opt-125m,64,1024,prefill,prefill,prefill_gemm,48.0,,2,2,33,106695780.87990591,106695781.0283859,0.14847999811172485
facebook/opt-125m,64,1024,prefill,prefill,prefill_gemm,48.0,,2,3,33,106695781.0283859,106695781.1768659,0.14847999811172485
facebook/opt-125m,64,1024,prefill,prefill,prefill_gemm,48.0,,2,4,33,106695781.1768659,106695781.3253459,0.14847999811172485
facebook/opt-125m,64,1024,prefill,prefill,prefill_gemm,48.0,,2,5,33,106695781.3253459,106695781.4738259,0.14847999811172485
facebook/opt-125m,64,1024,prefill,prefill,prefill_gemm,48.0,,3,0,33,106695781.4738259,106695781.6223059,0.14847999811172485
facebook/opt-125m,64,1024,prefill,prefill,prefill_gemm,48.0,,3,1,33,106695781.6223059,106695781.7707859,0.14847999811172485
facebook/opt-125m,64,1024,prefill,prefill,prefill_gemm,48.0,,3,2,33,106695781.7707859,106695781.9192659,0.14847999811172485
facebook/opt-125m,64,1024,prefill,prefill,prefill_gemm,48.0,,3,3,33,106695781.9192659,106695782.0677459,0.14847999811172485
facebook/opt-125m,64,1024,prefill,prefill,prefill_gemm,48.0,,3,4,33,106695782.0677459,106695782.21622589,0.14847999811172485
facebook/opt-125m,64,1024,prefill,prefill,prefill_gemm,48.0,,3,5,33,106695782.21622589,106695782.36470589,0.14847999811172485
facebook/opt-125m,64,1024,prefill,prefill,prefill_gemm,48.0,,4,0,33,106695782.36470589,106695782.51318589,0.14847999811172485
facebook/opt-125m,64,1024,prefill,prefill,prefill_gemm,48.0,,4,1,33,106695782.51318589,106695782.66166589,0.14847999811172485
facebook/opt-125m,64,1024,prefill,prefill,prefill_gemm,48.0,,4,2,33,106695782.66166589,106695782.81014588,0.14847999811172485
facebook/opt-125m,64,1024,prefill,prefill,prefill_gemm,48.0,,4,3,33,106695782.81014588,106695782.95862588,0.14847999811172485
facebook/opt-125m,64,1024,prefill,prefill,prefill_gemm,48.0,,4,4,33,106695782.95862588,106695783.10710588,0.14847999811172485
facebook/opt-125m,64,1024,prefill,prefill,prefill_gemm,48.0,,4,5,33,106695783.10710588,106695783.25558588,0.14847999811172485
facebook/opt-125m,64,1024,prefill,prefill,prefill_gemm,48.0,,5,0,33,106695783.25558588,106695783.40406588,0.14847999811172485
facebook/opt-125m,64,1024,prefill,prefill,prefill_gemm,48.0,,5,1,33,106695783.40406588,106695783.55254588,0.14847999811172485
facebook/opt-125m,64,1024,prefill,prefill,prefill_gemm,48.0,,5,2,33,106695783.55254588,106695783.70102587,0.14847999811172485
facebook/opt-125m,64,1024,prefill,prefill,prefill_gemm,48.0,,5,3,33,106695783.70102587,106695783.84950587,0.14847999811172485
facebook/opt-125m,64,1024,prefill,prefill,prefill_gemm,48.0,,5,4,33,106695783.84950587,106695783.99798587,0.14847999811172485
facebook/opt-125m,64,1024,prefill,prefill,prefill_gemm,48.0,,5,5,33,106695783.99798587,106695784.14646587,0.14847999811172485
facebook/opt-125m,64,1024,prefill,prefill,prefill_gemm,48.0,,6,0,33,106695784.14646587,106695784.29494587,0.14847999811172485
facebook/opt-125m,64,1024,prefill,prefill,prefill_gemm,48.0,,6,1,33,106695784.29494587,106695784.44342586,0.14847999811172485
facebook/opt-125m,64,1024,prefill,prefill,prefill_gemm,48.0,,6,2,33,106695784.44342586,106695784.59190586,0.14847999811172485
facebook/opt-125m,64,1024,prefill,prefill,prefill_gemm,48.0,,6,3,33,106695784.59190586,106695784.74038586,0.14847999811172485
facebook/opt-125m,64,1024,prefill,prefill,prefill_gemm,48.0,,6,4,33,106695784.74038586,106695784.88886586,0.14847999811172485
facebook/opt-125m,64,1024,prefill,prefill,prefill_gemm,48.0,,6,5,33,106695784.88886586,106695785.03734586,0.14847999811172485
facebook/opt-125m,64,1024,prefill,prefill,prefill_gemm,48.0,,7,0,33,106695785.03734586,106695785.18582585,0.14847999811172485
facebook/opt-125m,64,1024,prefill,prefill,prefill_gemm,48.0,,7,1,33,106695785.18582585,106695785.33430585,0.14847999811172485
facebook/opt-125m,64,1024,prefill,prefill,prefill_gemm,48.0,,7,2,33,106695785.33430585,106695785.48278585,0.14847999811172485
facebook/opt-125m,64,1024,prefill,prefill,prefill_gemm,48.0,,7,3,33,106695785.48278585,106695785.63126585,0.14847999811172485
facebook/opt-125m,64,1024,prefill,prefill,prefill_gemm,48.0,,7,4,33,106695785.63126585,106695785.77974585,0.14847999811172485
facebook/opt-125m,64,1024,prefill,prefill,prefill_gemm,48.0,,7,5,33,106695785.77974585,106695785.92822585,0.14847999811172485
facebook/opt-125m,64,1024,prefill,prefill,prefill_gemm,48.0,,8,0,33,106695785.92822585,106695786.07670584,0.14847999811172485
facebook/opt-125m,64,1024,prefill,prefill,prefill_gemm,48.0,,8,1,33,106695786.07670584,106695786.22518584,0.14847999811172485
facebook/opt-125m,64,1024,prefill,prefill,prefill_gemm,48.0,,8,2,33,106695786.22518584,106695786.37366584,0.14847999811172485
facebook/opt-125m,64,1024,prefill,prefill,prefill_gemm,48.0,,8,3,33,106695786.37366584,106695786.52214584,0.14847999811172485
facebook/opt-125m,64,1024,prefill,prefill,prefill_gemm,48.0,,8,4,33,106695786.52214584,106695786.67062584,0.14847999811172485
facebook/opt-125m,64,1024,prefill,prefill,prefill_gemm,48.0,,8,5,33,106695786.67062584,106695786.81910583,0.14847999811172485
facebook/opt-125m,64,1024,prefill,prefill,prefill_gemm,48.0,,9,0,33,106695786.81910583,106695786.96758583,0.14847999811172485
facebook/opt-125m,64,1024,prefill,prefill,prefill_gemm,48.0,,9,1,33,106695786.96758583,106695787.11606583,0.14847999811172485
facebook/opt-125m,64,1024,prefill,prefill,prefill_gemm,48.0,,9,2,33,106695787.11606583,106695787.26454583,0.14847999811172485
facebook/opt-125m,64,1024,prefill,prefill,prefill_gemm,48.0,,9,3,33,106695787.26454583,106695787.41302583,0.14847999811172485
facebook/opt-125m,64,1024,prefill,prefill,prefill_gemm,48.0,,9,4,33,106695787.41302583,106695787.56150582,0.14847999811172485
facebook/opt-125m,64,1024,prefill,prefill,prefill_gemm,48.0,,9,5,33,106695787.56150582,106695787.70998582,0.14847999811172485
facebook/opt-125m,64,1024,prefill,prefill,prefill_gemm,48.0,,10,0,33,106695787.70998582,106695787.85846582,0.14847999811172485
facebook/opt-125m,64,1024,prefill,prefill,prefill_gemm,48.0,,10,1,33,106695787.85846582,106695788.00694582,0.14847999811172485
facebook/opt-125m,64,1024,prefill,prefill,prefill_gemm,48.0,,10,2,33,106695788.00694582,106695788.15542582,0.14847999811172485
facebook/opt-125m,64,1024,prefill,prefill,prefill_gemm,48.0,,10,3,33,106695788.15542582,106695788.30390581,0.14847999811172485
facebook/opt-125m,64,1024,prefill,prefill,prefill_gemm,48.0,,10,4,33,106695788.30390581,106695788.45238581,0.14847999811172485
facebook/opt-125m,64,1024,prefill,prefill,prefill_gemm,48.0,,10,5,33,106695788.45238581,106695788.60086581,0.14847999811172485
facebook/opt-125m,64,1024,prefill,prefill,prefill_gemm,48.0,,11,0,33,106695788.60086581,106695788.74934581,0.14847999811172485
facebook/opt-125m,64,1024,prefill,prefill,prefill_gemm,48.0,,11,1,33,106695788.74934581,106695788.8978258,0.14847999811172485
facebook/opt-125m,64,1024,prefill,prefill,prefill_gemm,48.0,,11,2,33,106695788.8978258,106695789.0463058,0.14847999811172485
facebook/opt-125m,64,1024,prefill,prefill,prefill_gemm,48.0,,11,3,33,106695789.0463058,106695789.1947858,0.14847999811172485
facebook/opt-125m,64,1024,prefill,prefill,prefill_gemm,48.0,,11,4,33,106695789.1947858,106695789.3432658,0.14847999811172485
facebook/opt-125m,64,1024,prefill,prefill,prefill_gemm,48.0,,11,5,33,106695789.3432658,106695789.4917458,0.14847999811172485
facebook/opt-125m,64,1024,prefill,prefill,prefill_gemm,49.0,,0,0,33,106695789.4917458,106695789.6402258,0.14847999811172485
facebook/opt-125m,64,1024,prefill,prefill,prefill_gemm,49.0,,0,1,33,106695789.6402258,106695789.7887058,0.14847999811172485
facebook/opt-125m,64,1024,prefill,prefill,prefill_gemm,49.0,,0,2,33,106695789.7887058,106695789.9371858,0.14847999811172485
facebook/opt-125m,64,1024,prefill,prefill,prefill_gemm,49.0,,0,3,33,106695789.9371858,106695790.08566579,0.14847999811172485
facebook/opt-125m,64,1024,prefill,prefill,prefill_gemm,49.0,,0,4,33,106695790.08566579,106695790.23414579,0.14847999811172485
facebook/opt-125m,64,1024,prefill,prefill,prefill_gemm,49.0,,0,5,33,106695790.23414579,106695790.38262579,0.14847999811172485
facebook/opt-125m,64,1024,prefill,prefill,prefill_gemm,49.0,,1,0,33,106695790.38262579,106695790.53110579,0.14847999811172485
facebook/opt-125m,64,1024,prefill,prefill,prefill_gemm,49.0,,1,1,33,106695790.53110579,106695790.67958578,0.14847999811172485
facebook/opt-125m,64,1024,prefill,prefill,prefill_gemm,49.0,,1,2,33,106695790.67958578,106695790.82806578,0.14847999811172485
facebook/opt-125m,64,1024,prefill,prefill,prefill_gemm,49.0,,1,3,33,106695790.82806578,106695790.97654578,0.14847999811172485
facebook/opt-125m,64,1024,prefill,prefill,prefill_gemm,49.0,,1,4,33,106695790.97654578,106695791.12502578,0.14847999811172485
facebook/opt-125m,64,1024,prefill,prefill,prefill_gemm,49.0,,1,5,33,106695791.12502578,106695791.27350578,0.14847999811172485
facebook/opt-125m,64,1024,prefill,prefill,prefill_gemm,49.0,,2,0,33,106695791.27350578,106695791.42198578,0.14847999811172485
facebook/opt-125m,64,1024,prefill,prefill,prefill_gemm,49.0,,2,1,33,106695791.42198578,106695791.57046577,0.14847999811172485
facebook/opt-125m,64,1024,prefill,prefill,prefill_gemm,49.0,,2,2,33,106695791.57046577,106695791.71894577,0.14847999811172485
facebook/opt-125m,64,1024,prefill,prefill,prefill_gemm,49.0,,2,3,33,106695791.71894577,106695791.86742577,0.14847999811172485
facebook/opt-125m,64,1024,prefill,prefill,prefill_gemm,49.0,,2,4,33,106695791.86742577,106695792.01590577,0.14847999811172485
facebook/opt-125m,64,1024,prefill,prefill,prefill_gemm,49.0,,2,5,33,106695792.01590577,106695792.16438577,0.14847999811172485
facebook/opt-125m,64,1024,prefill,prefill,prefill_gemm,49.0,,3,0,33,106695792.16438577,106695792.31286576,0.14847999811172485
facebook/opt-125m,64,1024,prefill,prefill,prefill_gemm,49.0,,3,1,33,106695792.31286576,106695792.46134576,0.14847999811172485
facebook/opt-125m,64,1024,prefill,prefill,prefill_gemm,49.0,,3,2,33,106695792.46134576,106695792.60982576,0.14847999811172485
facebook/opt-125m,64,1024,prefill,prefill,prefill_gemm,49.0,,3,3,33,106695792.60982576,106695792.75830576,0.14847999811172485
facebook/opt-125m,64,1024,prefill,prefill,prefill_gemm,49.0,,3,4,33,106695792.75830576,106695792.90678576,0.14847999811172485
facebook/opt-125m,64,1024,prefill,prefill,prefill_gemm,49.0,,3,5,33,106695792.90678576,106695793.05526575,0.14847999811172485
facebook/opt-125m,64,1024,prefill,prefill,prefill_gemm,49.0,,4,0,33,106695793.05526575,106695793.20374575,0.14847999811172485
facebook/opt-125m,64,1024,prefill,prefill,prefill_gemm,49.0,,4,1,33,106695793.20374575,106695793.35222575,0.14847999811172485
facebook/opt-125m,64,1024,prefill,prefill,prefill_gemm,49.0,,4,2,33,106695793.35222575,106695793.50070575,0.14847999811172485
facebook/opt-125m,64,1024,prefill,prefill,prefill_gemm,49.0,,4,3,33,106695793.50070575,106695793.64918575,0.14847999811172485
facebook/opt-125m,64,1024,prefill,prefill,prefill_gemm,49.0,,4,4,33,106695793.64918575,106695793.79766575,0.14847999811172485
facebook/opt-125m,64,1024,prefill,prefill,prefill_gemm,49.0,,4,5,33,106695793.79766575,106695793.94614574,0.14847999811172485
facebook/opt-125m,64,1024,prefill,prefill,prefill_gemm,49.0,,5,0,33,106695793.94614574,106695794.09462574,0.14847999811172485
facebook/opt-125m,64,1024,prefill,prefill,prefill_gemm,49.0,,5,1,33,106695794.09462574,106695794.24310574,0.14847999811172485
facebook/opt-125m,64,1024,prefill,prefill,prefill_gemm,49.0,,5,2,33,106695794.24310574,106695794.39158574,0.14847999811172485
facebook/opt-125m,64,1024,prefill,prefill,prefill_gemm,49.0,,5,3,33,106695794.39158574,106695794.54006574,0.14847999811172485
facebook/opt-125m,64,1024,prefill,prefill,prefill_gemm,49.0,,5,4,33,106695794.54006574,106695794.68854573,0.14847999811172485
facebook/opt-125m,64,1024,prefill,prefill,prefill_gemm,49.0,,5,5,33,106695794.68854573,106695794.83702573,0.14847999811172485
facebook/opt-125m,64,1024,prefill,prefill,prefill_gemm,49.0,,6,0,33,106695794.83702573,106695794.98550573,0.14847999811172485
facebook/opt-125m,64,1024,prefill,prefill,prefill_gemm,49.0,,6,1,33,106695794.98550573,106695795.13398573,0.14847999811172485
facebook/opt-125m,64,1024,prefill,prefill,prefill_gemm,49.0,,6,2,33,106695795.13398573,106695795.28246573,0.14847999811172485
facebook/opt-125m,64,1024,prefill,prefill,prefill_gemm,49.0,,6,3,33,106695795.28246573,106695795.43094572,0.14847999811172485
facebook/opt-125m,64,1024,prefill,prefill,prefill_gemm,49.0,,6,4,33,106695795.43094572,106695795.57942572,0.14847999811172485
facebook/opt-125m,64,1024,prefill,prefill,prefill_gemm,49.0,,6,5,33,106695795.57942572,106695795.72790572,0.14847999811172485
facebook/opt-125m,64,1024,prefill,prefill,prefill_gemm,49.0,,7,0,33,106695795.72790572,106695795.87638572,0.14847999811172485
facebook/opt-125m,64,1024,prefill,prefill,prefill_gemm,49.0,,7,1,33,106695795.87638572,106695796.02486572,0.14847999811172485
facebook/opt-125m,64,1024,prefill,prefill,prefill_gemm,49.0,,7,2,33,106695796.02486572,106695796.17334571,0.14847999811172485
facebook/opt-125m,64,1024,prefill,prefill,prefill_gemm,49.0,,7,3,33,106695796.17334571,106695796.32182571,0.14847999811172485
facebook/opt-125m,64,1024,prefill,prefill,prefill_gemm,49.0,,7,4,33,106695796.32182571,106695796.47030571,0.14847999811172485
facebook/opt-125m,64,1024,prefill,prefill,prefill_gemm,49.0,,7,5,33,106695796.47030571,106695796.61878571,0.14847999811172485
facebook/opt-125m,64,1024,prefill,prefill,prefill_gemm,49.0,,8,0,33,106695796.61878571,106695796.7672657,0.14847999811172485
facebook/opt-125m,64,1024,prefill,prefill,prefill_gemm,49.0,,8,1,33,106695796.7672657,106695796.9157457,0.14847999811172485
facebook/opt-125m,64,1024,prefill,prefill,prefill_gemm,49.0,,8,2,33,106695796.9157457,106695797.0642257,0.14847999811172485
facebook/opt-125m,64,1024,prefill,prefill,prefill_gemm,49.0,,8,3,33,106695797.0642257,106695797.2127057,0.14847999811172485
facebook/opt-125m,64,1024,prefill,prefill,prefill_gemm,49.0,,8,4,33,106695797.2127057,106695797.3611857,0.14847999811172485
facebook/opt-125m,64,1024,prefill,prefill,prefill_gemm,49.0,,8,5,33,106695797.3611857,106695797.5096657,0.14847999811172485
facebook/opt-125m,64,1024,prefill,prefill,prefill_gemm,49.0,,9,0,33,106695797.5096657,106695797.6581457,0.14847999811172485
facebook/opt-125m,64,1024,prefill,prefill,prefill_gemm,49.0,,9,1,33,106695797.6581457,106695797.8066257,0.14847999811172485
facebook/opt-125m,64,1024,prefill,prefill,prefill_gemm,49.0,,9,2,33,106695797.8066257,106695797.95510569,0.14847999811172485
facebook/opt-125m,64,1024,prefill,prefill,prefill_gemm,49.0,,9,3,33,106695797.95510569,106695798.10358569,0.14847999811172485
facebook/opt-125m,64,1024,prefill,prefill,prefill_gemm,49.0,,9,4,33,106695798.10358569,106695798.25206569,0.14847999811172485
facebook/opt-125m,64,1024,prefill,prefill,prefill_gemm,49.0,,9,5,33,106695798.25206569,106695798.40054569,0.14847999811172485
facebook/opt-125m,64,1024,prefill,prefill,prefill_gemm,49.0,,10,0,33,106695798.40054569,106695798.54902568,0.14847999811172485
facebook/opt-125m,64,1024,prefill,prefill,prefill_gemm,49.0,,10,1,33,106695798.54902568,106695798.69750568,0.14847999811172485
facebook/opt-125m,64,1024,prefill,prefill,prefill_gemm,49.0,,10,2,33,106695798.69750568,106695798.84598568,0.14847999811172485
facebook/opt-125m,64,1024,prefill,prefill,prefill_gemm,49.0,,10,3,33,106695798.84598568,106695798.99446568,0.14847999811172485
facebook/opt-125m,64,1024,prefill,prefill,prefill_gemm,49.0,,10,4,33,106695798.99446568,106695799.14294568,0.14847999811172485
facebook/opt-125m,64,1024,prefill,prefill,prefill_gemm,49.0,,10,5,33,106695799.14294568,106695799.29142568,0.14847999811172485
facebook/opt-125m,64,1024,prefill,prefill,prefill_gemm,49.0,,11,0,33,106695799.29142568,106695799.43990567,0.14847999811172485
facebook/opt-125m,64,1024,prefill,prefill,prefill_gemm,49.0,,11,1,33,106695799.43990567,106695799.58838567,0.14847999811172485
facebook/opt-125m,64,1024,prefill,prefill,prefill_gemm,49.0,,11,2,33,106695799.58838567,106695799.73686567,0.14847999811172485
facebook/opt-125m,64,1024,prefill,prefill,prefill_gemm,49.0,,11,3,33,106695799.73686567,106695799.88534567,0.14847999811172485
facebook/opt-125m,64,1024,prefill,prefill,prefill_gemm,49.0,,11,4,33,106695799.88534567,106695800.03382567,0.14847999811172485
facebook/opt-125m,64,1024,prefill,prefill,prefill_gemm,49.0,,11,5,33,106695800.03382567,106695800.18230566,0.14847999811172485
facebook/opt-125m,64,1024,prefill,prefill,prefill_gemm,50.0,,0,0,33,106695800.18230566,106695800.33078566,0.14847999811172485
facebook/opt-125m,64,1024,prefill,prefill,prefill_gemm,50.0,,0,1,33,106695800.33078566,106695800.47926566,0.14847999811172485
facebook/opt-125m,64,1024,prefill,prefill,prefill_gemm,50.0,,0,2,33,106695800.47926566,106695800.62774566,0.14847999811172485
facebook/opt-125m,64,1024,prefill,prefill,prefill_gemm,50.0,,0,3,33,106695800.62774566,106695800.77622566,0.14847999811172485
facebook/opt-125m,64,1024,prefill,prefill,prefill_gemm,50.0,,0,4,33,106695800.77622566,106695800.92470565,0.14847999811172485
facebook/opt-125m,64,1024,prefill,prefill,prefill_gemm,50.0,,0,5,33,106695800.92470565,106695801.07318565,0.14847999811172485
facebook/opt-125m,64,1024,prefill,prefill,prefill_gemm,50.0,,1,0,33,106695801.07318565,106695801.22166565,0.14847999811172485
facebook/opt-125m,64,1024,prefill,prefill,prefill_gemm,50.0,,1,1,33,106695801.22166565,106695801.37014565,0.14847999811172485
facebook/opt-125m,64,1024,prefill,prefill,prefill_gemm,50.0,,1,2,33,106695801.37014565,106695801.51862565,0.14847999811172485
facebook/opt-125m,64,1024,prefill,prefill,prefill_gemm,50.0,,1,3,33,106695801.51862565,106695801.66710564,0.14847999811172485
facebook/opt-125m,64,1024,prefill,prefill,prefill_gemm,50.0,,1,4,33,106695801.66710564,106695801.81558564,0.14847999811172485
facebook/opt-125m,64,1024,prefill,prefill,prefill_gemm,50.0,,1,5,33,106695801.81558564,106695801.96406564,0.14847999811172485
facebook/opt-125m,64,1024,prefill,prefill,prefill_gemm,50.0,,2,0,33,106695801.96406564,106695802.11254564,0.14847999811172485
facebook/opt-125m,64,1024,prefill,prefill,prefill_gemm,50.0,,2,1,33,106695802.11254564,106695802.26102564,0.14847999811172485
facebook/opt-125m,64,1024,prefill,prefill,prefill_gemm,50.0,,2,2,33,106695802.26102564,106695802.40950564,0.14847999811172485
facebook/opt-125m,64,1024,prefill,prefill,prefill_gemm,50.0,,2,3,33,106695802.40950564,106695802.55798563,0.14847999811172485
facebook/opt-125m,64,1024,prefill,prefill,prefill_gemm,50.0,,2,4,33,106695802.55798563,106695802.70646563,0.14847999811172485
facebook/opt-125m,64,1024,prefill,prefill,prefill_gemm,50.0,,2,5,33,106695802.70646563,106695802.85494563,0.14847999811172485
facebook/opt-125m,64,1024,prefill,prefill,prefill_gemm,50.0,,3,0,33,106695802.85494563,106695803.00342563,0.14847999811172485
facebook/opt-125m,64,1024,prefill,prefill,prefill_gemm,50.0,,3,1,33,106695803.00342563,106695803.15190563,0.14847999811172485
facebook/opt-125m,64,1024,prefill,prefill,prefill_gemm,50.0,,3,2,33,106695803.15190563,106695803.30038562,0.14847999811172485
facebook/opt-125m,64,1024,prefill,prefill,prefill_gemm,50.0,,3,3,33,106695803.30038562,106695803.44886562,0.14847999811172485
facebook/opt-125m,64,1024,prefill,prefill,prefill_gemm,50.0,,3,4,33,106695803.44886562,106695803.59734562,0.14847999811172485
facebook/opt-125m,64,1024,prefill,prefill,prefill_gemm,50.0,,3,5,33,106695803.59734562,106695803.74582562,0.14847999811172485
facebook/opt-125m,64,1024,prefill,prefill,prefill_gemm,50.0,,4,0,33,106695803.74582562,106695803.89430562,0.14847999811172485
facebook/opt-125m,64,1024,prefill,prefill,prefill_gemm,50.0,,4,1,33,106695803.89430562,106695804.04278561,0.14847999811172485
facebook/opt-125m,64,1024,prefill,prefill,prefill_gemm,50.0,,4,2,33,106695804.04278561,106695804.19126561,0.14847999811172485
facebook/opt-125m,64,1024,prefill,prefill,prefill_gemm,50.0,,4,3,33,106695804.19126561,106695804.33974561,0.14847999811172485
facebook/opt-125m,64,1024,prefill,prefill,prefill_gemm,50.0,,4,4,33,106695804.33974561,106695804.48822561,0.14847999811172485
facebook/opt-125m,64,1024,prefill,prefill,prefill_gemm,50.0,,4,5,33,106695804.48822561,106695804.6367056,0.14847999811172485
facebook/opt-125m,64,1024,prefill,prefill,prefill_gemm,50.0,,5,0,33,106695804.6367056,106695804.7851856,0.14847999811172485
facebook/opt-125m,64,1024,prefill,prefill,prefill_gemm,50.0,,5,1,33,106695804.7851856,106695804.9336656,0.14847999811172485
facebook/opt-125m,64,1024,prefill,prefill,prefill_gemm,50.0,,5,2,33,106695804.9336656,106695805.0821456,0.14847999811172485
facebook/opt-125m,64,1024,prefill,prefill,prefill_gemm,50.0,,5,3,33,106695805.0821456,106695805.2306256,0.14847999811172485
facebook/opt-125m,64,1024,prefill,prefill,prefill_gemm,50.0,,5,4,33,106695805.2306256,106695805.3791056,0.14847999811172485
facebook/opt-125m,64,1024,prefill,prefill,prefill_gemm,50.0,,5,5,33,106695805.3791056,106695805.5275856,0.14847999811172485
facebook/opt-125m,64,1024,prefill,prefill,prefill_gemm,50.0,,6,0,33,106695805.5275856,106695805.6760656,0.14847999811172485
facebook/opt-125m,64,1024,prefill,prefill,prefill_gemm,50.0,,6,1,33,106695805.6760656,106695805.82454559,0.14847999811172485
facebook/opt-125m,64,1024,prefill,prefill,prefill_gemm,50.0,,6,2,33,106695805.82454559,106695805.97302559,0.14847999811172485
facebook/opt-125m,64,1024,prefill,prefill,prefill_gemm,50.0,,6,3,33,106695805.97302559,106695806.12150559,0.14847999811172485
facebook/opt-125m,64,1024,prefill,prefill,prefill_gemm,50.0,,6,4,33,106695806.12150559,106695806.26998559,0.14847999811172485
facebook/opt-125m,64,1024,prefill,prefill,prefill_gemm,50.0,,6,5,33,106695806.26998559,106695806.41846558,0.14847999811172485
facebook/opt-125m,64,1024,prefill,prefill,prefill_gemm,50.0,,7,0,33,106695806.41846558,106695806.56694558,0.14847999811172485
facebook/opt-125m,64,1024,prefill,prefill,prefill_gemm,50.0,,7,1,33,106695806.56694558,106695806.71542558,0.14847999811172485
facebook/opt-125m,64,1024,prefill,prefill,prefill_gemm,50.0,,7,2,33,106695806.71542558,106695806.86390558,0.14847999811172485
facebook/opt-125m,64,1024,prefill,prefill,prefill_gemm,50.0,,7,3,33,106695806.86390558,106695807.01238558,0.14847999811172485
facebook/opt-125m,64,1024,prefill,prefill,prefill_gemm,50.0,,7,4,33,106695807.01238558,106695807.16086558,0.14847999811172485
facebook/opt-125m,64,1024,prefill,prefill,prefill_gemm,50.0,,7,5,33,106695807.16086558,106695807.30934557,0.14847999811172485
facebook/opt-125m,64,1024,prefill,prefill,prefill_gemm,50.0,,8,0,33,106695807.30934557,106695807.45782557,0.14847999811172485
facebook/opt-125m,64,1024,prefill,prefill,prefill_gemm,50.0,,8,1,33,106695807.45782557,106695807.60630557,0.14847999811172485
facebook/opt-125m,64,1024,prefill,prefill,prefill_gemm,50.0,,8,2,33,106695807.60630557,106695807.75478557,0.14847999811172485
facebook/opt-125m,64,1024,prefill,prefill,prefill_gemm,50.0,,8,3,33,106695807.75478557,106695807.90326557,0.14847999811172485
facebook/opt-125m,64,1024,prefill,prefill,prefill_gemm,50.0,,8,4,33,106695807.90326557,106695808.05174556,0.14847999811172485
facebook/opt-125m,64,1024,prefill,prefill,prefill_gemm,50.0,,8,5,33,106695808.05174556,106695808.20022556,0.14847999811172485
facebook/opt-125m,64,1024,prefill,prefill,prefill_gemm,50.0,,9,0,33,106695808.20022556,106695808.34870556,0.14847999811172485
facebook/opt-125m,64,1024,prefill,prefill,prefill_gemm,50.0,,9,1,33,106695808.34870556,106695808.49718556,0.14847999811172485
facebook/opt-125m,64,1024,prefill,prefill,prefill_gemm,50.0,,9,2,33,106695808.49718556,106695808.64566556,0.14847999811172485
facebook/opt-125m,64,1024,prefill,prefill,prefill_gemm,50.0,,9,3,33,106695808.64566556,106695808.79414555,0.14847999811172485
facebook/opt-125m,64,1024,prefill,prefill,prefill_gemm,50.0,,9,4,33,106695808.79414555,106695808.94262555,0.14847999811172485
facebook/opt-125m,64,1024,prefill,prefill,prefill_gemm,50.0,,9,5,33,106695808.94262555,106695809.09110555,0.14847999811172485
facebook/opt-125m,64,1024,prefill,prefill,prefill_gemm,50.0,,10,0,33,106695809.09110555,106695809.23958555,0.14847999811172485
facebook/opt-125m,64,1024,prefill,prefill,prefill_gemm,50.0,,10,1,33,106695809.23958555,106695809.38806555,0.14847999811172485
facebook/opt-125m,64,1024,prefill,prefill,prefill_gemm,50.0,,10,2,33,106695809.38806555,106695809.53654554,0.14847999811172485
facebook/opt-125m,64,1024,prefill,prefill,prefill_gemm,50.0,,10,3,33,106695809.53654554,106695809.68502554,0.14847999811172485
facebook/opt-125m,64,1024,prefill,prefill,prefill_gemm,50.0,,10,4,33,106695809.68502554,106695809.83350554,0.14847999811172485
facebook/opt-125m,64,1024,prefill,prefill,prefill_gemm,50.0,,10,5,33,106695809.83350554,106695809.98198554,0.14847999811172485
facebook/opt-125m,64,1024,prefill,prefill,prefill_gemm,50.0,,11,0,33,106695809.98198554,106695810.13046554,0.14847999811172485
facebook/opt-125m,64,1024,prefill,prefill,prefill_gemm,50.0,,11,1,33,106695810.13046554,106695810.27894554,0.14847999811172485
facebook/opt-125m,64,1024,prefill,prefill,prefill_gemm,50.0,,11,2,33,106695810.27894554,106695810.42742553,0.14847999811172485
facebook/opt-125m,64,1024,prefill,prefill,prefill_gemm,50.0,,11,3,33,106695810.42742553,106695810.57590553,0.14847999811172485
facebook/opt-125m,64,1024,prefill,prefill,prefill_gemm,50.0,,11,4,33,106695810.57590553,106695810.72438553,0.14847999811172485
facebook/opt-125m,64,1024,prefill,prefill,prefill_gemm,50.0,,11,5,33,106695810.72438553,106695810.87286553,0.14847999811172485
facebook/opt-125m,64,1024,prefill,prefill,prefill_gemm,51.0,,0,0,33,106695810.87286553,106695811.02134553,0.14847999811172485
facebook/opt-125m,64,1024,prefill,prefill,prefill_gemm,51.0,,0,1,33,106695811.02134553,106695811.16982552,0.14847999811172485
facebook/opt-125m,64,1024,prefill,prefill,prefill_gemm,51.0,,0,2,33,106695811.16982552,106695811.31830552,0.14847999811172485
facebook/opt-125m,64,1024,prefill,prefill,prefill_gemm,51.0,,0,3,33,106695811.31830552,106695811.46678552,0.14847999811172485
facebook/opt-125m,64,1024,prefill,prefill,prefill_gemm,51.0,,0,4,33,106695811.46678552,106695811.61526552,0.14847999811172485
facebook/opt-125m,64,1024,prefill,prefill,prefill_gemm,51.0,,0,5,33,106695811.61526552,106695811.76374552,0.14847999811172485
facebook/opt-125m,64,1024,prefill,prefill,prefill_gemm,51.0,,1,0,33,106695811.76374552,106695811.91222551,0.14847999811172485
facebook/opt-125m,64,1024,prefill,prefill,prefill_gemm,51.0,,1,1,33,106695811.91222551,106695812.06070551,0.14847999811172485
facebook/opt-125m,64,1024,prefill,prefill,prefill_gemm,51.0,,1,2,33,106695812.06070551,106695812.20918551,0.14847999811172485
facebook/opt-125m,64,1024,prefill,prefill,prefill_gemm,51.0,,1,3,33,106695812.20918551,106695812.35766551,0.14847999811172485
facebook/opt-125m,64,1024,prefill,prefill,prefill_gemm,51.0,,1,4,33,106695812.35766551,106695812.5061455,0.14847999811172485
facebook/opt-125m,64,1024,prefill,prefill,prefill_gemm,51.0,,1,5,33,106695812.5061455,106695812.6546255,0.14847999811172485
facebook/opt-125m,64,1024,prefill,prefill,prefill_gemm,51.0,,2,0,33,106695812.6546255,106695812.8031055,0.14847999811172485
facebook/opt-125m,64,1024,prefill,prefill,prefill_gemm,51.0,,2,1,33,106695812.8031055,106695812.9515855,0.14847999811172485
facebook/opt-125m,64,1024,prefill,prefill,prefill_gemm,51.0,,2,2,33,106695812.9515855,106695813.1000655,0.14847999811172485
facebook/opt-125m,64,1024,prefill,prefill,prefill_gemm,51.0,,2,3,33,106695813.1000655,106695813.2485455,0.14847999811172485
facebook/opt-125m,64,1024,prefill,prefill,prefill_gemm,51.0,,2,4,33,106695813.2485455,106695813.3970255,0.14847999811172485
facebook/opt-125m,64,1024,prefill,prefill,prefill_gemm,51.0,,2,5,33,106695813.3970255,106695813.5455055,0.14847999811172485
facebook/opt-125m,64,1024,prefill,prefill,prefill_gemm,51.0,,3,0,33,106695813.5455055,106695813.69398549,0.14847999811172485
facebook/opt-125m,64,1024,prefill,prefill,prefill_gemm,51.0,,3,1,33,106695813.69398549,106695813.84246549,0.14847999811172485
facebook/opt-125m,64,1024,prefill,prefill,prefill_gemm,51.0,,3,2,33,106695813.84246549,106695813.99094549,0.14847999811172485
facebook/opt-125m,64,1024,prefill,prefill,prefill_gemm,51.0,,3,3,33,106695813.99094549,106695814.13942549,0.14847999811172485
facebook/opt-125m,64,1024,prefill,prefill,prefill_gemm,51.0,,3,4,33,106695814.13942549,106695814.28790548,0.14847999811172485
facebook/opt-125m,64,1024,prefill,prefill,prefill_gemm,51.0,,3,5,33,106695814.28790548,106695814.43638548,0.14847999811172485
facebook/opt-125m,64,1024,prefill,prefill,prefill_gemm,51.0,,4,0,33,106695814.43638548,106695814.58486548,0.14847999811172485
facebook/opt-125m,64,1024,prefill,prefill,prefill_gemm,51.0,,4,1,33,106695814.58486548,106695814.73334548,0.14847999811172485
facebook/opt-125m,64,1024,prefill,prefill,prefill_gemm,51.0,,4,2,33,106695814.73334548,106695814.88182548,0.14847999811172485
facebook/opt-125m,64,1024,prefill,prefill,prefill_gemm,51.0,,4,3,33,106695814.88182548,106695815.03030547,0.14847999811172485
facebook/opt-125m,64,1024,prefill,prefill,prefill_gemm,51.0,,4,4,33,106695815.03030547,106695815.17878547,0.14847999811172485
facebook/opt-125m,64,1024,prefill,prefill,prefill_gemm,51.0,,4,5,33,106695815.17878547,106695815.32726547,0.14847999811172485
facebook/opt-125m,64,1024,prefill,prefill,prefill_gemm,51.0,,5,0,33,106695815.32726547,106695815.47574547,0.14847999811172485
facebook/opt-125m,64,1024,prefill,prefill,prefill_gemm,51.0,,5,1,33,106695815.47574547,106695815.62422547,0.14847999811172485
facebook/opt-125m,64,1024,prefill,prefill,prefill_gemm,51.0,,5,2,33,106695815.62422547,106695815.77270547,0.14847999811172485
facebook/opt-125m,64,1024,prefill,prefill,prefill_gemm,51.0,,5,3,33,106695815.77270547,106695815.92118546,0.14847999811172485
facebook/opt-125m,64,1024,prefill,prefill,prefill_gemm,51.0,,5,4,33,106695815.92118546,106695816.06966546,0.14847999811172485
facebook/opt-125m,64,1024,prefill,prefill,prefill_gemm,51.0,,5,5,33,106695816.06966546,106695816.21814546,0.14847999811172485
facebook/opt-125m,64,1024,prefill,prefill,prefill_gemm,51.0,,6,0,33,106695816.21814546,106695816.36662546,0.14847999811172485
facebook/opt-125m,64,1024,prefill,prefill,prefill_gemm,51.0,,6,1,33,106695816.36662546,106695816.51510546,0.14847999811172485
facebook/opt-125m,64,1024,prefill,prefill,prefill_gemm,51.0,,6,2,33,106695816.51510546,106695816.66358545,0.14847999811172485
facebook/opt-125m,64,1024,prefill,prefill,prefill_gemm,51.0,,6,3,33,106695816.66358545,106695816.81206545,0.14847999811172485
facebook/opt-125m,64,1024,prefill,prefill,prefill_gemm,51.0,,6,4,33,106695816.81206545,106695816.96054545,0.14847999811172485
facebook/opt-125m,64,1024,prefill,prefill,prefill_gemm,51.0,,6,5,33,106695816.96054545,106695817.10902545,0.14847999811172485
facebook/opt-125m,64,1024,prefill,prefill,prefill_gemm,51.0,,7,0,33,106695817.10902545,106695817.25750545,0.14847999811172485
facebook/opt-125m,64,1024,prefill,prefill,prefill_gemm,51.0,,7,1,33,106695817.25750545,106695817.40598544,0.14847999811172485
facebook/opt-125m,64,1024,prefill,prefill,prefill_gemm,51.0,,7,2,33,106695817.40598544,106695817.55446544,0.14847999811172485
facebook/opt-125m,64,1024,prefill,prefill,prefill_gemm,51.0,,7,3,33,106695817.55446544,106695817.70294544,0.14847999811172485
facebook/opt-125m,64,1024,prefill,prefill,prefill_gemm,51.0,,7,4,33,106695817.70294544,106695817.85142544,0.14847999811172485
facebook/opt-125m,64,1024,prefill,prefill,prefill_gemm,51.0,,7,5,33,106695817.85142544,106695817.99990544,0.14847999811172485
facebook/opt-125m,64,1024,prefill,prefill,prefill_gemm,51.0,,8,0,33,106695817.99990544,106695818.14838544,0.14847999811172485
facebook/opt-125m,64,1024,prefill,prefill,prefill_gemm,51.0,,8,1,33,106695818.14838544,106695818.29686543,0.14847999811172485
facebook/opt-125m,64,1024,prefill,prefill,prefill_gemm,51.0,,8,2,33,106695818.29686543,106695818.44534543,0.14847999811172485
facebook/opt-125m,64,1024,prefill,prefill,prefill_gemm,51.0,,8,3,33,106695818.44534543,106695818.59382543,0.14847999811172485
facebook/opt-125m,64,1024,prefill,prefill,prefill_gemm,51.0,,8,4,33,106695818.59382543,106695818.74230543,0.14847999811172485
facebook/opt-125m,64,1024,prefill,prefill,prefill_gemm,51.0,,8,5,33,106695818.74230543,106695818.89078543,0.14847999811172485
facebook/opt-125m,64,1024,prefill,prefill,prefill_gemm,51.0,,9,0,33,106695818.89078543,106695819.03926542,0.14847999811172485
facebook/opt-125m,64,1024,prefill,prefill,prefill_gemm,51.0,,9,1,33,106695819.03926542,106695819.18774542,0.14847999811172485
facebook/opt-125m,64,1024,prefill,prefill,prefill_gemm,51.0,,9,2,33,106695819.18774542,106695819.33622542,0.14847999811172485
facebook/opt-125m,64,1024,prefill,prefill,prefill_gemm,51.0,,9,3,33,106695819.33622542,106695819.48470542,0.14847999811172485
facebook/opt-125m,64,1024,prefill,prefill,prefill_gemm,51.0,,9,4,33,106695819.48470542,106695819.63318542,0.14847999811172485
facebook/opt-125m,64,1024,prefill,prefill,prefill_gemm,51.0,,9,5,33,106695819.63318542,106695819.78166541,0.14847999811172485
facebook/opt-125m,64,1024,prefill,prefill,prefill_gemm,51.0,,10,0,33,106695819.78166541,106695819.93014541,0.14847999811172485
facebook/opt-125m,64,1024,prefill,prefill,prefill_gemm,51.0,,10,1,33,106695819.93014541,106695820.07862541,0.14847999811172485
facebook/opt-125m,64,1024,prefill,prefill,prefill_gemm,51.0,,10,2,33,106695820.07862541,106695820.22710541,0.14847999811172485
facebook/opt-125m,64,1024,prefill,prefill,prefill_gemm,51.0,,10,3,33,106695820.22710541,106695820.3755854,0.14847999811172485
facebook/opt-125m,64,1024,prefill,prefill,prefill_gemm,51.0,,10,4,33,106695820.3755854,106695820.5240654,0.14847999811172485
facebook/opt-125m,64,1024,prefill,prefill,prefill_gemm,51.0,,10,5,33,106695820.5240654,106695820.6725454,0.14847999811172485
facebook/opt-125m,64,1024,prefill,prefill,prefill_gemm,51.0,,11,0,33,106695820.6725454,106695820.8210254,0.14847999811172485
facebook/opt-125m,64,1024,prefill,prefill,prefill_gemm,51.0,,11,1,33,106695820.8210254,106695820.9695054,0.14847999811172485
facebook/opt-125m,64,1024,prefill,prefill,prefill_gemm,51.0,,11,2,33,106695820.9695054,106695821.1179854,0.14847999811172485
facebook/opt-125m,64,1024,prefill,prefill,prefill_gemm,51.0,,11,3,33,106695821.1179854,106695821.2664654,0.14847999811172485
facebook/opt-125m,64,1024,prefill,prefill,prefill_gemm,51.0,,11,4,33,106695821.2664654,106695821.4149454,0.14847999811172485
facebook/opt-125m,64,1024,prefill,prefill,prefill_gemm,51.0,,11,5,33,106695821.4149454,106695821.56342539,0.14847999811172485
facebook/opt-125m,64,1024,prefill,prefill,prefill_gemm,52.0,,0,0,33,106695821.56342539,106695821.71190539,0.14847999811172485
facebook/opt-125m,64,1024,prefill,prefill,prefill_gemm,52.0,,0,1,33,106695821.71190539,106695821.86038539,0.14847999811172485
facebook/opt-125m,64,1024,prefill,prefill,prefill_gemm,52.0,,0,2,33,106695821.86038539,106695822.00886539,0.14847999811172485
facebook/opt-125m,64,1024,prefill,prefill,prefill_gemm,52.0,,0,3,33,106695822.00886539,106695822.15734538,0.14847999811172485
facebook/opt-125m,64,1024,prefill,prefill,prefill_gemm,52.0,,0,4,33,106695822.15734538,106695822.30582538,0.14847999811172485
facebook/opt-125m,64,1024,prefill,prefill,prefill_gemm,52.0,,0,5,33,106695822.30582538,106695822.45430538,0.14847999811172485
facebook/opt-125m,64,1024,prefill,prefill,prefill_gemm,52.0,,1,0,33,106695822.45430538,106695822.60278538,0.14847999811172485
facebook/opt-125m,64,1024,prefill,prefill,prefill_gemm,52.0,,1,1,33,106695822.60278538,106695822.75126538,0.14847999811172485
facebook/opt-125m,64,1024,prefill,prefill,prefill_gemm,52.0,,1,2,33,106695822.75126538,106695822.89974537,0.14847999811172485
facebook/opt-125m,64,1024,prefill,prefill,prefill_gemm,52.0,,1,3,33,106695822.89974537,106695823.04822537,0.14847999811172485
facebook/opt-125m,64,1024,prefill,prefill,prefill_gemm,52.0,,1,4,33,106695823.04822537,106695823.19670537,0.14847999811172485
facebook/opt-125m,64,1024,prefill,prefill,prefill_gemm,52.0,,1,5,33,106695823.19670537,106695823.34518537,0.14847999811172485
facebook/opt-125m,64,1024,prefill,prefill,prefill_gemm,52.0,,2,0,33,106695823.34518537,106695823.49366537,0.14847999811172485
facebook/opt-125m,64,1024,prefill,prefill,prefill_gemm,52.0,,2,1,33,106695823.49366537,106695823.64214537,0.14847999811172485
facebook/opt-125m,64,1024,prefill,prefill,prefill_gemm,52.0,,2,2,33,106695823.64214537,106695823.79062536,0.14847999811172485
facebook/opt-125m,64,1024,prefill,prefill,prefill_gemm,52.0,,2,3,33,106695823.79062536,106695823.93910536,0.14847999811172485
facebook/opt-125m,64,1024,prefill,prefill,prefill_gemm,52.0,,2,4,33,106695823.93910536,106695824.08758536,0.14847999811172485
facebook/opt-125m,64,1024,prefill,prefill,prefill_gemm,52.0,,2,5,33,106695824.08758536,106695824.23606536,0.14847999811172485
facebook/opt-125m,64,1024,prefill,prefill,prefill_gemm,52.0,,3,0,33,106695824.23606536,106695824.38454536,0.14847999811172485
facebook/opt-125m,64,1024,prefill,prefill,prefill_gemm,52.0,,3,1,33,106695824.38454536,106695824.53302535,0.14847999811172485
facebook/opt-125m,64,1024,prefill,prefill,prefill_gemm,52.0,,3,2,33,106695824.53302535,106695824.68150535,0.14847999811172485
facebook/opt-125m,64,1024,prefill,prefill,prefill_gemm,52.0,,3,3,33,106695824.68150535,106695824.82998535,0.14847999811172485
facebook/opt-125m,64,1024,prefill,prefill,prefill_gemm,52.0,,3,4,33,106695824.82998535,106695824.97846535,0.14847999811172485
facebook/opt-125m,64,1024,prefill,prefill,prefill_gemm,52.0,,3,5,33,106695824.97846535,106695825.12694535,0.14847999811172485
facebook/opt-125m,64,1024,prefill,prefill,prefill_gemm,52.0,,4,0,33,106695825.12694535,106695825.27542534,0.14847999811172485
facebook/opt-125m,64,1024,prefill,prefill,prefill_gemm,52.0,,4,1,33,106695825.27542534,106695825.42390534,0.14847999811172485
facebook/opt-125m,64,1024,prefill,prefill,prefill_gemm,52.0,,4,2,33,106695825.42390534,106695825.57238534,0.14847999811172485
facebook/opt-125m,64,1024,prefill,prefill,prefill_gemm,52.0,,4,3,33,106695825.57238534,106695825.72086534,0.14847999811172485
facebook/opt-125m,64,1024,prefill,prefill,prefill_gemm,52.0,,4,4,33,106695825.72086534,106695825.86934534,0.14847999811172485
facebook/opt-125m,64,1024,prefill,prefill,prefill_gemm,52.0,,4,5,33,106695825.86934534,106695826.01782534,0.14847999811172485
facebook/opt-125m,64,1024,prefill,prefill,prefill_gemm,52.0,,5,0,33,106695826.01782534,106695826.16630533,0.14847999811172485
facebook/opt-125m,64,1024,prefill,prefill,prefill_gemm,52.0,,5,1,33,106695826.16630533,106695826.31478533,0.14847999811172485
facebook/opt-125m,64,1024,prefill,prefill,prefill_gemm,52.0,,5,2,33,106695826.31478533,106695826.46326533,0.14847999811172485
facebook/opt-125m,64,1024,prefill,prefill,prefill_gemm,52.0,,5,3,33,106695826.46326533,106695826.61174533,0.14847999811172485
facebook/opt-125m,64,1024,prefill,prefill,prefill_gemm,52.0,,5,4,33,106695826.61174533,106695826.76022533,0.14847999811172485
facebook/opt-125m,64,1024,prefill,prefill,prefill_gemm,52.0,,5,5,33,106695826.76022533,106695826.90870532,0.14847999811172485
facebook/opt-125m,64,1024,prefill,prefill,prefill_gemm,52.0,,6,0,33,106695826.90870532,106695827.05718532,0.14847999811172485
facebook/opt-125m,64,1024,prefill,prefill,prefill_gemm,52.0,,6,1,33,106695827.05718532,106695827.20566532,0.14847999811172485
facebook/opt-125m,64,1024,prefill,prefill,prefill_gemm,52.0,,6,2,33,106695827.20566532,106695827.35414532,0.14847999811172485
facebook/opt-125m,64,1024,prefill,prefill,prefill_gemm,52.0,,6,3,33,106695827.35414532,106695827.50262532,0.14847999811172485
facebook/opt-125m,64,1024,prefill,prefill,prefill_gemm,52.0,,6,4,33,106695827.50262532,106695827.65110531,0.14847999811172485
facebook/opt-125m,64,1024,prefill,prefill,prefill_gemm,52.0,,6,5,33,106695827.65110531,106695827.79958531,0.14847999811172485
facebook/opt-125m,64,1024,prefill,prefill,prefill_gemm,52.0,,7,0,33,106695827.79958531,106695827.94806531,0.14847999811172485
facebook/opt-125m,64,1024,prefill,prefill,prefill_gemm,52.0,,7,1,33,106695827.94806531,106695828.09654531,0.14847999811172485
facebook/opt-125m,64,1024,prefill,prefill,prefill_gemm,52.0,,7,2,33,106695828.09654531,106695828.2450253,0.14847999811172485
facebook/opt-125m,64,1024,prefill,prefill,prefill_gemm,52.0,,7,3,33,106695828.2450253,106695828.3935053,0.14847999811172485
facebook/opt-125m,64,1024,prefill,prefill,prefill_gemm,52.0,,7,4,33,106695828.3935053,106695828.5419853,0.14847999811172485
facebook/opt-125m,64,1024,prefill,prefill,prefill_gemm,52.0,,7,5,33,106695828.5419853,106695828.6904653,0.14847999811172485
facebook/opt-125m,64,1024,prefill,prefill,prefill_gemm,52.0,,8,0,33,106695828.6904653,106695828.8389453,0.14847999811172485
facebook/opt-125m,64,1024,prefill,prefill,prefill_gemm,52.0,,8,1,33,106695828.8389453,106695828.9874253,0.14847999811172485
facebook/opt-125m,64,1024,prefill,prefill,prefill_gemm,52.0,,8,2,33,106695828.9874253,106695829.1359053,0.14847999811172485
facebook/opt-125m,64,1024,prefill,prefill,prefill_gemm,52.0,,8,3,33,106695829.1359053,106695829.2843853,0.14847999811172485
facebook/opt-125m,64,1024,prefill,prefill,prefill_gemm,52.0,,8,4,33,106695829.2843853,106695829.43286529,0.14847999811172485
facebook/opt-125m,64,1024,prefill,prefill,prefill_gemm,52.0,,8,5,33,106695829.43286529,106695829.58134529,0.14847999811172485
facebook/opt-125m,64,1024,prefill,prefill,prefill_gemm,52.0,,9,0,33,106695829.58134529,106695829.72982529,0.14847999811172485
facebook/opt-125m,64,1024,prefill,prefill,prefill_gemm,52.0,,9,1,33,106695829.72982529,106695829.87830529,0.14847999811172485
facebook/opt-125m,64,1024,prefill,prefill,prefill_gemm,52.0,,9,2,33,106695829.87830529,106695830.02678528,0.14847999811172485
facebook/opt-125m,64,1024,prefill,prefill,prefill_gemm,52.0,,9,3,34,106695830.040939,106695830.189419,0.14847999811172485
facebook/opt-125m,64,1024,prefill,prefill,prefill_gemm,52.0,,9,4,34,106695830.189419,106695830.337899,0.14847999811172485
facebook/opt-125m,64,1024,prefill,prefill,prefill_gemm,52.0,,9,5,34,106695830.337899,106695830.486379,0.14847999811172485
facebook/opt-125m,64,1024,prefill,prefill,prefill_gemm,52.0,,10,0,34,106695830.486379,106695830.634859,0.14847999811172485
facebook/opt-125m,64,1024,prefill,prefill,prefill_gemm,52.0,,10,1,34,106695830.634859,106695830.783339,0.14847999811172485
facebook/opt-125m,64,1024,prefill,prefill,prefill_gemm,52.0,,10,2,34,106695830.783339,106695830.93181899,0.14847999811172485
facebook/opt-125m,64,1024,prefill,prefill,prefill_gemm,52.0,,10,3,34,106695830.93181899,106695831.08029899,0.14847999811172485
facebook/opt-125m,64,1024,prefill,prefill,prefill_gemm,52.0,,10,4,34,106695831.08029899,106695831.22877899,0.14847999811172485
facebook/opt-125m,64,1024,prefill,prefill,prefill_gemm,52.0,,10,5,34,106695831.22877899,106695831.37725899,0.14847999811172485
facebook/opt-125m,64,1024,prefill,prefill,prefill_gemm,52.0,,11,0,34,106695831.37725899,106695831.52573898,0.14847999811172485
facebook/opt-125m,64,1024,prefill,prefill,prefill_gemm,52.0,,11,1,34,106695831.52573898,106695831.67421898,0.14847999811172485
facebook/opt-125m,64,1024,prefill,prefill,prefill_gemm,52.0,,11,2,34,106695831.67421898,106695831.82269898,0.14847999811172485
facebook/opt-125m,64,1024,prefill,prefill,prefill_gemm,52.0,,11,3,34,106695831.82269898,106695831.97117898,0.14847999811172485
facebook/opt-125m,64,1024,prefill,prefill,prefill_gemm,52.0,,11,4,34,106695831.97117898,106695832.11965898,0.14847999811172485
facebook/opt-125m,64,1024,prefill,prefill,prefill_gemm,52.0,,11,5,34,106695832.11965898,106695832.26813897,0.14847999811172485
facebook/opt-125m,64,1024,prefill,prefill,prefill_gemm,53.0,,0,0,34,106695832.26813897,106695832.41661897,0.14847999811172485
facebook/opt-125m,64,1024,prefill,prefill,prefill_gemm,53.0,,0,1,34,106695832.41661897,106695832.56509897,0.14847999811172485
facebook/opt-125m,64,1024,prefill,prefill,prefill_gemm,53.0,,0,2,34,106695832.56509897,106695832.71357897,0.14847999811172485
facebook/opt-125m,64,1024,prefill,prefill,prefill_gemm,53.0,,0,3,34,106695832.71357897,106695832.86205897,0.14847999811172485
facebook/opt-125m,64,1024,prefill,prefill,prefill_gemm,53.0,,0,4,34,106695832.86205897,106695833.01053897,0.14847999811172485
facebook/opt-125m,64,1024,prefill,prefill,prefill_gemm,53.0,,0,5,34,106695833.01053897,106695833.15901896,0.14847999811172485
facebook/opt-125m,64,1024,prefill,prefill,prefill_gemm,53.0,,1,0,34,106695833.15901896,106695833.30749896,0.14847999811172485
facebook/opt-125m,64,1024,prefill,prefill,prefill_gemm,53.0,,1,1,34,106695833.30749896,106695833.45597896,0.14847999811172485
facebook/opt-125m,64,1024,prefill,prefill,prefill_gemm,53.0,,1,2,34,106695833.45597896,106695833.60445896,0.14847999811172485
facebook/opt-125m,64,1024,prefill,prefill,prefill_gemm,53.0,,1,3,34,106695833.60445896,106695833.75293896,0.14847999811172485
facebook/opt-125m,64,1024,prefill,prefill,prefill_gemm,53.0,,1,4,34,106695833.75293896,106695833.90141895,0.14847999811172485
facebook/opt-125m,64,1024,prefill,prefill,prefill_gemm,53.0,,1,5,34,106695833.90141895,106695834.04989895,0.14847999811172485
facebook/opt-125m,64,1024,prefill,prefill,prefill_gemm,53.0,,2,0,34,106695834.04989895,106695834.19837895,0.14847999811172485
facebook/opt-125m,64,1024,prefill,prefill,prefill_gemm,53.0,,2,1,34,106695834.19837895,106695834.34685895,0.14847999811172485
facebook/opt-125m,64,1024,prefill,prefill,prefill_gemm,53.0,,2,2,34,106695834.34685895,106695834.49533895,0.14847999811172485
facebook/opt-125m,64,1024,prefill,prefill,prefill_gemm,53.0,,2,3,34,106695834.49533895,106695834.64381894,0.14847999811172485
facebook/opt-125m,64,1024,prefill,prefill,prefill_gemm,53.0,,2,4,34,106695834.64381894,106695834.79229894,0.14847999811172485
facebook/opt-125m,64,1024,prefill,prefill,prefill_gemm,53.0,,2,5,34,106695834.79229894,106695834.94077894,0.14847999811172485
facebook/opt-125m,64,1024,prefill,prefill,prefill_gemm,53.0,,3,0,34,106695834.94077894,106695835.08925894,0.14847999811172485
facebook/opt-125m,64,1024,prefill,prefill,prefill_gemm,53.0,,3,1,34,106695835.08925894,106695835.23773894,0.14847999811172485
facebook/opt-125m,64,1024,prefill,prefill,prefill_gemm,53.0,,3,2,34,106695835.23773894,106695835.38621894,0.14847999811172485
facebook/opt-125m,64,1024,prefill,prefill,prefill_gemm,53.0,,3,3,34,106695835.38621894,106695835.53469893,0.14847999811172485
facebook/opt-125m,64,1024,prefill,prefill,prefill_gemm,53.0,,3,4,34,106695835.53469893,106695835.68317893,0.14847999811172485
facebook/opt-125m,64,1024,prefill,prefill,prefill_gemm,53.0,,3,5,34,106695835.68317893,106695835.83165893,0.14847999811172485
facebook/opt-125m,64,1024,prefill,prefill,prefill_gemm,53.0,,4,0,34,106695835.83165893,106695835.98013893,0.14847999811172485
facebook/opt-125m,64,1024,prefill,prefill,prefill_gemm,53.0,,4,1,34,106695835.98013893,106695836.12861893,0.14847999811172485
facebook/opt-125m,64,1024,prefill,prefill,prefill_gemm,53.0,,4,2,34,106695836.12861893,106695836.27709892,0.14847999811172485
facebook/opt-125m,64,1024,prefill,prefill,prefill_gemm,53.0,,4,3,34,106695836.27709892,106695836.42557892,0.14847999811172485
facebook/opt-125m,64,1024,prefill,prefill,prefill_gemm,53.0,,4,4,34,106695836.42557892,106695836.57405892,0.14847999811172485
facebook/opt-125m,64,1024,prefill,prefill,prefill_gemm,53.0,,4,5,34,106695836.57405892,106695836.72253892,0.14847999811172485
facebook/opt-125m,64,1024,prefill,prefill,prefill_gemm,53.0,,5,0,34,106695836.72253892,106695836.87101892,0.14847999811172485
facebook/opt-125m,64,1024,prefill,prefill,prefill_gemm,53.0,,5,1,34,106695836.87101892,106695837.01949891,0.14847999811172485
facebook/opt-125m,64,1024,prefill,prefill,prefill_gemm,53.0,,5,2,34,106695837.01949891,106695837.16797891,0.14847999811172485
facebook/opt-125m,64,1024,prefill,prefill,prefill_gemm,53.0,,5,3,34,106695837.16797891,106695837.31645891,0.14847999811172485
facebook/opt-125m,64,1024,prefill,prefill,prefill_gemm,53.0,,5,4,34,106695837.31645891,106695837.46493891,0.14847999811172485
facebook/opt-125m,64,1024,prefill,prefill,prefill_gemm,53.0,,5,5,34,106695837.46493891,106695837.6134189,0.14847999811172485
facebook/opt-125m,64,1024,prefill,prefill,prefill_gemm,53.0,,6,0,34,106695837.6134189,106695837.7618989,0.14847999811172485
facebook/opt-125m,64,1024,prefill,prefill,prefill_gemm,53.0,,6,1,34,106695837.7618989,106695837.9103789,0.14847999811172485
facebook/opt-125m,64,1024,prefill,prefill,prefill_gemm,53.0,,6,2,34,106695837.9103789,106695838.0588589,0.14847999811172485
facebook/opt-125m,64,1024,prefill,prefill,prefill_gemm,53.0,,6,3,34,106695838.0588589,106695838.2073389,0.14847999811172485
facebook/opt-125m,64,1024,prefill,prefill,prefill_gemm,53.0,,6,4,34,106695838.2073389,106695838.3558189,0.14847999811172485
facebook/opt-125m,64,1024,prefill,prefill,prefill_gemm,53.0,,6,5,34,106695838.3558189,106695838.5042989,0.14847999811172485
facebook/opt-125m,64,1024,prefill,prefill,prefill_gemm,53.0,,7,0,34,106695838.5042989,106695838.6527789,0.14847999811172485
facebook/opt-125m,64,1024,prefill,prefill,prefill_gemm,53.0,,7,1,34,106695838.6527789,106695838.80125889,0.14847999811172485
facebook/opt-125m,64,1024,prefill,prefill,prefill_gemm,53.0,,7,2,34,106695838.80125889,106695838.94973889,0.14847999811172485
facebook/opt-125m,64,1024,prefill,prefill,prefill_gemm,53.0,,7,3,34,106695838.94973889,106695839.09821889,0.14847999811172485
facebook/opt-125m,64,1024,prefill,prefill,prefill_gemm,53.0,,7,4,34,106695839.09821889,106695839.24669889,0.14847999811172485
facebook/opt-125m,64,1024,prefill,prefill,prefill_gemm,53.0,,7,5,34,106695839.24669889,106695839.39517888,0.14847999811172485
facebook/opt-125m,64,1024,prefill,prefill,prefill_gemm,53.0,,8,0,34,106695839.39517888,106695839.54365888,0.14847999811172485
facebook/opt-125m,64,1024,prefill,prefill,prefill_gemm,53.0,,8,1,34,106695839.54365888,106695839.69213888,0.14847999811172485
facebook/opt-125m,64,1024,prefill,prefill,prefill_gemm,53.0,,8,2,34,106695839.69213888,106695839.84061888,0.14847999811172485
facebook/opt-125m,64,1024,prefill,prefill,prefill_gemm,53.0,,8,3,34,106695839.84061888,106695839.98909888,0.14847999811172485
facebook/opt-125m,64,1024,prefill,prefill,prefill_gemm,53.0,,8,4,34,106695839.98909888,106695840.13757887,0.14847999811172485
facebook/opt-125m,64,1024,prefill,prefill,prefill_gemm,53.0,,8,5,34,106695840.13757887,106695840.28605887,0.14847999811172485
facebook/opt-125m,64,1024,prefill,prefill,prefill_gemm,53.0,,9,0,34,106695840.28605887,106695840.43453887,0.14847999811172485
facebook/opt-125m,64,1024,prefill,prefill,prefill_gemm,53.0,,9,1,34,106695840.43453887,106695840.58301887,0.14847999811172485
facebook/opt-125m,64,1024,prefill,prefill,prefill_gemm,53.0,,9,2,34,106695840.58301887,106695840.73149887,0.14847999811172485
facebook/opt-125m,64,1024,prefill,prefill,prefill_gemm,53.0,,9,3,34,106695840.73149887,106695840.87997887,0.14847999811172485
facebook/opt-125m,64,1024,prefill,prefill,prefill_gemm,53.0,,9,4,34,106695840.87997887,106695841.02845886,0.14847999811172485
facebook/opt-125m,64,1024,prefill,prefill,prefill_gemm,53.0,,9,5,34,106695841.02845886,106695841.17693886,0.14847999811172485
facebook/opt-125m,64,1024,prefill,prefill,prefill_gemm,53.0,,10,0,34,106695841.17693886,106695841.32541886,0.14847999811172485
facebook/opt-125m,64,1024,prefill,prefill,prefill_gemm,53.0,,10,1,34,106695841.32541886,106695841.47389886,0.14847999811172485
facebook/opt-125m,64,1024,prefill,prefill,prefill_gemm,53.0,,10,2,34,106695841.47389886,106695841.62237886,0.14847999811172485
facebook/opt-125m,64,1024,prefill,prefill,prefill_gemm,53.0,,10,3,34,106695841.62237886,106695841.77085885,0.14847999811172485
facebook/opt-125m,64,1024,prefill,prefill,prefill_gemm,53.0,,10,4,34,106695841.77085885,106695841.91933885,0.14847999811172485
facebook/opt-125m,64,1024,prefill,prefill,prefill_gemm,53.0,,10,5,34,106695841.91933885,106695842.06781885,0.14847999811172485
facebook/opt-125m,64,1024,prefill,prefill,prefill_gemm,53.0,,11,0,34,106695842.06781885,106695842.21629885,0.14847999811172485
facebook/opt-125m,64,1024,prefill,prefill,prefill_gemm,53.0,,11,1,34,106695842.21629885,106695842.36477885,0.14847999811172485
facebook/opt-125m,64,1024,prefill,prefill,prefill_gemm,53.0,,11,2,34,106695842.36477885,106695842.51325884,0.14847999811172485
facebook/opt-125m,64,1024,prefill,prefill,prefill_gemm,53.0,,11,3,34,106695842.51325884,106695842.66173884,0.14847999811172485
facebook/opt-125m,64,1024,prefill,prefill,prefill_gemm,53.0,,11,4,34,106695842.66173884,106695842.81021884,0.14847999811172485
facebook/opt-125m,64,1024,prefill,prefill,prefill_gemm,53.0,,11,5,34,106695842.81021884,106695842.95869884,0.14847999811172485
facebook/opt-125m,64,1024,prefill,prefill,prefill_gemm,54.0,,0,0,34,106695842.95869884,106695843.10717884,0.14847999811172485
facebook/opt-125m,64,1024,prefill,prefill,prefill_gemm,54.0,,0,1,34,106695843.10717884,106695843.25565884,0.14847999811172485
facebook/opt-125m,64,1024,prefill,prefill,prefill_gemm,54.0,,0,2,34,106695843.25565884,106695843.40413883,0.14847999811172485
facebook/opt-125m,64,1024,prefill,prefill,prefill_gemm,54.0,,0,3,34,106695843.40413883,106695843.55261883,0.14847999811172485
facebook/opt-125m,64,1024,prefill,prefill,prefill_gemm,54.0,,0,4,34,106695843.55261883,106695843.70109883,0.14847999811172485
facebook/opt-125m,64,1024,prefill,prefill,prefill_gemm,54.0,,0,5,34,106695843.70109883,106695843.84957883,0.14847999811172485
facebook/opt-125m,64,1024,prefill,prefill,prefill_gemm,54.0,,1,0,34,106695843.84957883,106695843.99805883,0.14847999811172485
facebook/opt-125m,64,1024,prefill,prefill,prefill_gemm,54.0,,1,1,34,106695843.99805883,106695844.14653882,0.14847999811172485
facebook/opt-125m,64,1024,prefill,prefill,prefill_gemm,54.0,,1,2,34,106695844.14653882,106695844.29501882,0.14847999811172485
facebook/opt-125m,64,1024,prefill,prefill,prefill_gemm,54.0,,1,3,34,106695844.29501882,106695844.44349882,0.14847999811172485
facebook/opt-125m,64,1024,prefill,prefill,prefill_gemm,54.0,,1,4,34,106695844.44349882,106695844.59197882,0.14847999811172485
facebook/opt-125m,64,1024,prefill,prefill,prefill_gemm,54.0,,1,5,34,106695844.59197882,106695844.74045882,0.14847999811172485
facebook/opt-125m,64,1024,prefill,prefill,prefill_gemm,54.0,,2,0,34,106695844.74045882,106695844.88893881,0.14847999811172485
facebook/opt-125m,64,1024,prefill,prefill,prefill_gemm,54.0,,2,1,34,106695844.88893881,106695845.03741881,0.14847999811172485
facebook/opt-125m,64,1024,prefill,prefill,prefill_gemm,54.0,,2,2,34,106695845.03741881,106695845.18589881,0.14847999811172485
facebook/opt-125m,64,1024,prefill,prefill,prefill_gemm,54.0,,2,3,34,106695845.18589881,106695845.33437881,0.14847999811172485
facebook/opt-125m,64,1024,prefill,prefill,prefill_gemm,54.0,,2,4,34,106695845.33437881,106695845.4828588,0.14847999811172485
facebook/opt-125m,64,1024,prefill,prefill,prefill_gemm,54.0,,2,5,34,106695845.4828588,106695845.6313388,0.14847999811172485
facebook/opt-125m,64,1024,prefill,prefill,prefill_gemm,54.0,,3,0,34,106695845.6313388,106695845.7798188,0.14847999811172485
facebook/opt-125m,64,1024,prefill,prefill,prefill_gemm,54.0,,3,1,34,106695845.7798188,106695845.9282988,0.14847999811172485
facebook/opt-125m,64,1024,prefill,prefill,prefill_gemm,54.0,,3,2,34,106695845.9282988,106695846.0767788,0.14847999811172485
facebook/opt-125m,64,1024,prefill,prefill,prefill_gemm,54.0,,3,3,34,106695846.0767788,106695846.2252588,0.14847999811172485
facebook/opt-125m,64,1024,prefill,prefill,prefill_gemm,54.0,,3,4,34,106695846.2252588,106695846.3737388,0.14847999811172485
facebook/opt-125m,64,1024,prefill,prefill,prefill_gemm,54.0,,3,5,34,106695846.3737388,106695846.5222188,0.14847999811172485
facebook/opt-125m,64,1024,prefill,prefill,prefill_gemm,54.0,,4,0,34,106695846.5222188,106695846.67069879,0.14847999811172485
facebook/opt-125m,64,1024,prefill,prefill,prefill_gemm,54.0,,4,1,34,106695846.67069879,106695846.81917879,0.14847999811172485
facebook/opt-125m,64,1024,prefill,prefill,prefill_gemm,54.0,,4,2,34,106695846.81917879,106695846.96765879,0.14847999811172485
facebook/opt-125m,64,1024,prefill,prefill,prefill_gemm,54.0,,4,3,34,106695846.96765879,106695847.11613879,0.14847999811172485
facebook/opt-125m,64,1024,prefill,prefill,prefill_gemm,54.0,,4,4,34,106695847.11613879,106695847.26461878,0.14847999811172485
facebook/opt-125m,64,1024,prefill,prefill,prefill_gemm,54.0,,4,5,34,106695847.26461878,106695847.41309878,0.14847999811172485
facebook/opt-125m,64,1024,prefill,prefill,prefill_gemm,54.0,,5,0,34,106695847.41309878,106695847.56157878,0.14847999811172485
facebook/opt-125m,64,1024,prefill,prefill,prefill_gemm,54.0,,5,1,34,106695847.56157878,106695847.71005878,0.14847999811172485
facebook/opt-125m,64,1024,prefill,prefill,prefill_gemm,54.0,,5,2,34,106695847.71005878,106695847.85853878,0.14847999811172485
facebook/opt-125m,64,1024,prefill,prefill,prefill_gemm,54.0,,5,3,34,106695847.85853878,106695848.00701877,0.14847999811172485
facebook/opt-125m,64,1024,prefill,prefill,prefill_gemm,54.0,,5,4,34,106695848.00701877,106695848.15549877,0.14847999811172485
facebook/opt-125m,64,1024,prefill,prefill,prefill_gemm,54.0,,5,5,34,106695848.15549877,106695848.30397877,0.14847999811172485
facebook/opt-125m,64,1024,prefill,prefill,prefill_gemm,54.0,,6,0,34,106695848.30397877,106695848.45245877,0.14847999811172485
facebook/opt-125m,64,1024,prefill,prefill,prefill_gemm,54.0,,6,1,34,106695848.45245877,106695848.60093877,0.14847999811172485
facebook/opt-125m,64,1024,prefill,prefill,prefill_gemm,54.0,,6,2,34,106695848.60093877,106695848.74941877,0.14847999811172485
facebook/opt-125m,64,1024,prefill,prefill,prefill_gemm,54.0,,6,3,34,106695848.74941877,106695848.89789876,0.14847999811172485
facebook/opt-125m,64,1024,prefill,prefill,prefill_gemm,54.0,,6,4,34,106695848.89789876,106695849.04637876,0.14847999811172485
facebook/opt-125m,64,1024,prefill,prefill,prefill_gemm,54.0,,6,5,34,106695849.04637876,106695849.19485876,0.14847999811172485
facebook/opt-125m,64,1024,prefill,prefill,prefill_gemm,54.0,,7,0,34,106695849.19485876,106695849.34333876,0.14847999811172485
facebook/opt-125m,64,1024,prefill,prefill,prefill_gemm,54.0,,7,1,34,106695849.34333876,106695849.49181876,0.14847999811172485
facebook/opt-125m,64,1024,prefill,prefill,prefill_gemm,54.0,,7,2,34,106695849.49181876,106695849.64029875,0.14847999811172485
facebook/opt-125m,64,1024,prefill,prefill,prefill_gemm,54.0,,7,3,34,106695849.64029875,106695849.78877875,0.14847999811172485
facebook/opt-125m,64,1024,prefill,prefill,prefill_gemm,54.0,,7,4,34,106695849.78877875,106695849.93725875,0.14847999811172485
facebook/opt-125m,64,1024,prefill,prefill,prefill_gemm,54.0,,7,5,34,106695849.93725875,106695850.08573875,0.14847999811172485
facebook/opt-125m,64,1024,prefill,prefill,prefill_gemm,54.0,,8,0,34,106695850.08573875,106695850.23421875,0.14847999811172485
facebook/opt-125m,64,1024,prefill,prefill,prefill_gemm,54.0,,8,1,34,106695850.23421875,106695850.38269874,0.14847999811172485
facebook/opt-125m,64,1024,prefill,prefill,prefill_gemm,54.0,,8,2,34,106695850.38269874,106695850.53117874,0.14847999811172485
facebook/opt-125m,64,1024,prefill,prefill,prefill_gemm,54.0,,8,3,34,106695850.53117874,106695850.67965874,0.14847999811172485
facebook/opt-125m,64,1024,prefill,prefill,prefill_gemm,54.0,,8,4,34,106695850.67965874,106695850.82813874,0.14847999811172485
facebook/opt-125m,64,1024,prefill,prefill,prefill_gemm,54.0,,8,5,34,106695850.82813874,106695850.97661874,0.14847999811172485
facebook/opt-125m,64,1024,prefill,prefill,prefill_gemm,54.0,,9,0,34,106695850.97661874,106695851.12509874,0.14847999811172485
facebook/opt-125m,64,1024,prefill,prefill,prefill_gemm,54.0,,9,1,34,106695851.12509874,106695851.27357873,0.14847999811172485
facebook/opt-125m,64,1024,prefill,prefill,prefill_gemm,54.0,,9,2,34,106695851.27357873,106695851.42205873,0.14847999811172485
facebook/opt-125m,64,1024,prefill,prefill,prefill_gemm,54.0,,9,3,34,106695851.42205873,106695851.57053873,0.14847999811172485
facebook/opt-125m,64,1024,prefill,prefill,prefill_gemm,54.0,,9,4,34,106695851.57053873,106695851.71901873,0.14847999811172485
facebook/opt-125m,64,1024,prefill,prefill,prefill_gemm,54.0,,9,5,34,106695851.71901873,106695851.86749873,0.14847999811172485
facebook/opt-125m,64,1024,prefill,prefill,prefill_gemm,54.0,,10,0,34,106695851.86749873,106695852.01597872,0.14847999811172485
facebook/opt-125m,64,1024,prefill,prefill,prefill_gemm,54.0,,10,1,34,106695852.01597872,106695852.16445872,0.14847999811172485
facebook/opt-125m,64,1024,prefill,prefill,prefill_gemm,54.0,,10,2,34,106695852.16445872,106695852.31293872,0.14847999811172485
facebook/opt-125m,64,1024,prefill,prefill,prefill_gemm,54.0,,10,3,34,106695852.31293872,106695852.46141872,0.14847999811172485
facebook/opt-125m,64,1024,prefill,prefill,prefill_gemm,54.0,,10,4,34,106695852.46141872,106695852.60989872,0.14847999811172485
facebook/opt-125m,64,1024,prefill,prefill,prefill_gemm,54.0,,10,5,34,106695852.60989872,106695852.75837871,0.14847999811172485
facebook/opt-125m,64,1024,prefill,prefill,prefill_gemm,54.0,,11,0,34,106695852.75837871,106695852.90685871,0.14847999811172485
facebook/opt-125m,64,1024,prefill,prefill,prefill_gemm,54.0,,11,1,34,106695852.90685871,106695853.05533871,0.14847999811172485
facebook/opt-125m,64,1024,prefill,prefill,prefill_gemm,54.0,,11,2,34,106695853.05533871,106695853.20381871,0.14847999811172485
facebook/opt-125m,64,1024,prefill,prefill,prefill_gemm,54.0,,11,3,34,106695853.20381871,106695853.3522987,0.14847999811172485
facebook/opt-125m,64,1024,prefill,prefill,prefill_gemm,54.0,,11,4,34,106695853.3522987,106695853.5007787,0.14847999811172485
facebook/opt-125m,64,1024,prefill,prefill,prefill_gemm,54.0,,11,5,34,106695853.5007787,106695853.6492587,0.14847999811172485
facebook/opt-125m,64,1024,prefill,prefill,prefill_gemm,55.0,,0,0,34,106695853.6492587,106695853.7977387,0.14847999811172485
facebook/opt-125m,64,1024,prefill,prefill,prefill_gemm,55.0,,0,1,34,106695853.7977387,106695853.9462187,0.14847999811172485
facebook/opt-125m,64,1024,prefill,prefill,prefill_gemm,55.0,,0,2,34,106695853.9462187,106695854.0946987,0.14847999811172485
facebook/opt-125m,64,1024,prefill,prefill,prefill_gemm,55.0,,0,3,34,106695854.0946987,106695854.2431787,0.14847999811172485
facebook/opt-125m,64,1024,prefill,prefill,prefill_gemm,55.0,,0,4,34,106695854.2431787,106695854.3916587,0.14847999811172485
facebook/opt-125m,64,1024,prefill,prefill,prefill_gemm,55.0,,0,5,34,106695854.3916587,106695854.54013869,0.14847999811172485
facebook/opt-125m,64,1024,prefill,prefill,prefill_gemm,55.0,,1,0,34,106695854.54013869,106695854.68861869,0.14847999811172485
facebook/opt-125m,64,1024,prefill,prefill,prefill_gemm,55.0,,1,1,34,106695854.68861869,106695854.83709869,0.14847999811172485
facebook/opt-125m,64,1024,prefill,prefill,prefill_gemm,55.0,,1,2,34,106695854.83709869,106695854.98557869,0.14847999811172485
facebook/opt-125m,64,1024,prefill,prefill,prefill_gemm,55.0,,1,3,34,106695854.98557869,106695855.13405868,0.14847999811172485
facebook/opt-125m,64,1024,prefill,prefill,prefill_gemm,55.0,,1,4,34,106695855.13405868,106695855.28253868,0.14847999811172485
facebook/opt-125m,64,1024,prefill,prefill,prefill_gemm,55.0,,1,5,34,106695855.28253868,106695855.43101868,0.14847999811172485
facebook/opt-125m,64,1024,prefill,prefill,prefill_gemm,55.0,,2,0,34,106695855.43101868,106695855.57949868,0.14847999811172485
facebook/opt-125m,64,1024,prefill,prefill,prefill_gemm,55.0,,2,1,34,106695855.57949868,106695855.72797868,0.14847999811172485
facebook/opt-125m,64,1024,prefill,prefill,prefill_gemm,55.0,,2,2,34,106695855.72797868,106695855.87645867,0.14847999811172485
facebook/opt-125m,64,1024,prefill,prefill,prefill_gemm,55.0,,2,3,34,106695855.87645867,106695856.02493867,0.14847999811172485
facebook/opt-125m,64,1024,prefill,prefill,prefill_gemm,55.0,,2,4,34,106695856.02493867,106695856.17341867,0.14847999811172485
facebook/opt-125m,64,1024,prefill,prefill,prefill_gemm,55.0,,2,5,34,106695856.17341867,106695856.32189867,0.14847999811172485
facebook/opt-125m,64,1024,prefill,prefill,prefill_gemm,55.0,,3,0,34,106695856.32189867,106695856.47037867,0.14847999811172485
facebook/opt-125m,64,1024,prefill,prefill,prefill_gemm,55.0,,3,1,34,106695856.47037867,106695856.61885867,0.14847999811172485
facebook/opt-125m,64,1024,prefill,prefill,prefill_gemm,55.0,,3,2,34,106695856.61885867,106695856.76733866,0.14847999811172485
facebook/opt-125m,64,1024,prefill,prefill,prefill_gemm,55.0,,3,3,34,106695856.76733866,106695856.91581866,0.14847999811172485
facebook/opt-125m,64,1024,prefill,prefill,prefill_gemm,55.0,,3,4,34,106695856.91581866,106695857.06429866,0.14847999811172485
facebook/opt-125m,64,1024,prefill,prefill,prefill_gemm,55.0,,3,5,34,106695857.06429866,106695857.21277866,0.14847999811172485
facebook/opt-125m,64,1024,prefill,prefill,prefill_gemm,55.0,,4,0,34,106695857.21277866,106695857.36125866,0.14847999811172485
facebook/opt-125m,64,1024,prefill,prefill,prefill_gemm,55.0,,4,1,34,106695857.36125866,106695857.50973865,0.14847999811172485
facebook/opt-125m,64,1024,prefill,prefill,prefill_gemm,55.0,,4,2,34,106695857.50973865,106695857.65821865,0.14847999811172485
facebook/opt-125m,64,1024,prefill,prefill,prefill_gemm,55.0,,4,3,34,106695857.65821865,106695857.80669865,0.14847999811172485
facebook/opt-125m,64,1024,prefill,prefill,prefill_gemm,55.0,,4,4,34,106695857.80669865,106695857.95517865,0.14847999811172485
facebook/opt-125m,64,1024,prefill,prefill,prefill_gemm,55.0,,4,5,34,106695857.95517865,106695858.10365865,0.14847999811172485
facebook/opt-125m,64,1024,prefill,prefill,prefill_gemm,55.0,,5,0,34,106695858.10365865,106695858.25213864,0.14847999811172485
facebook/opt-125m,64,1024,prefill,prefill,prefill_gemm,55.0,,5,1,34,106695858.25213864,106695858.40061864,0.14847999811172485
facebook/opt-125m,64,1024,prefill,prefill,prefill_gemm,55.0,,5,2,34,106695858.40061864,106695858.54909864,0.14847999811172485
facebook/opt-125m,64,1024,prefill,prefill,prefill_gemm,55.0,,5,3,34,106695858.54909864,106695858.69757864,0.14847999811172485
facebook/opt-125m,64,1024,prefill,prefill,prefill_gemm,55.0,,5,4,34,106695858.69757864,106695858.84605864,0.14847999811172485
facebook/opt-125m,64,1024,prefill,prefill,prefill_gemm,55.0,,5,5,34,106695858.84605864,106695858.99453864,0.14847999811172485
facebook/opt-125m,64,1024,prefill,prefill,prefill_gemm,55.0,,6,0,34,106695858.99453864,106695859.14301863,0.14847999811172485
facebook/opt-125m,64,1024,prefill,prefill,prefill_gemm,55.0,,6,1,34,106695859.14301863,106695859.29149863,0.14847999811172485
facebook/opt-125m,64,1024,prefill,prefill,prefill_gemm,55.0,,6,2,34,106695859.29149863,106695859.43997863,0.14847999811172485
facebook/opt-125m,64,1024,prefill,prefill,prefill_gemm,55.0,,6,3,34,106695859.43997863,106695859.58845863,0.14847999811172485
facebook/opt-125m,64,1024,prefill,prefill,prefill_gemm,55.0,,6,4,34,106695859.58845863,106695859.73693863,0.14847999811172485
facebook/opt-125m,64,1024,prefill,prefill,prefill_gemm,55.0,,6,5,34,106695859.73693863,106695859.88541862,0.14847999811172485
facebook/opt-125m,64,1024,prefill,prefill,prefill_gemm,55.0,,7,0,34,106695859.88541862,106695860.03389862,0.14847999811172485
facebook/opt-125m,64,1024,prefill,prefill,prefill_gemm,55.0,,7,1,34,106695860.03389862,106695860.18237862,0.14847999811172485
facebook/opt-125m,64,1024,prefill,prefill,prefill_gemm,55.0,,7,2,34,106695860.18237862,106695860.33085862,0.14847999811172485
facebook/opt-125m,64,1024,prefill,prefill,prefill_gemm,55.0,,7,3,34,106695860.33085862,106695860.47933862,0.14847999811172485
facebook/opt-125m,64,1024,prefill,prefill,prefill_gemm,55.0,,7,4,34,106695860.47933862,106695860.62781861,0.14847999811172485
facebook/opt-125m,64,1024,prefill,prefill,prefill_gemm,55.0,,7,5,34,106695860.62781861,106695860.77629861,0.14847999811172485
facebook/opt-125m,64,1024,prefill,prefill,prefill_gemm,55.0,,8,0,34,106695860.77629861,106695860.92477861,0.14847999811172485
facebook/opt-125m,64,1024,prefill,prefill,prefill_gemm,55.0,,8,1,34,106695860.92477861,106695861.07325861,0.14847999811172485
facebook/opt-125m,64,1024,prefill,prefill,prefill_gemm,55.0,,8,2,34,106695861.07325861,106695861.2217386,0.14847999811172485
facebook/opt-125m,64,1024,prefill,prefill,prefill_gemm,55.0,,8,3,34,106695861.2217386,106695861.3702186,0.14847999811172485
facebook/opt-125m,64,1024,prefill,prefill,prefill_gemm,55.0,,8,4,34,106695861.3702186,106695861.5186986,0.14847999811172485
facebook/opt-125m,64,1024,prefill,prefill,prefill_gemm,55.0,,8,5,34,106695861.5186986,106695861.6671786,0.14847999811172485
facebook/opt-125m,64,1024,prefill,prefill,prefill_gemm,55.0,,9,0,34,106695861.6671786,106695861.8156586,0.14847999811172485
facebook/opt-125m,64,1024,prefill,prefill,prefill_gemm,55.0,,9,1,34,106695861.8156586,106695861.9641386,0.14847999811172485
facebook/opt-125m,64,1024,prefill,prefill,prefill_gemm,55.0,,9,2,34,106695861.9641386,106695862.1126186,0.14847999811172485
facebook/opt-125m,64,1024,prefill,prefill,prefill_gemm,55.0,,9,3,34,106695862.1126186,106695862.2610986,0.14847999811172485
facebook/opt-125m,64,1024,prefill,prefill,prefill_gemm,55.0,,9,4,34,106695862.2610986,106695862.40957859,0.14847999811172485
facebook/opt-125m,64,1024,prefill,prefill,prefill_gemm,55.0,,9,5,34,106695862.40957859,106695862.55805859,0.14847999811172485
facebook/opt-125m,64,1024,prefill,prefill,prefill_gemm,55.0,,10,0,34,106695862.55805859,106695862.70653859,0.14847999811172485
facebook/opt-125m,64,1024,prefill,prefill,prefill_gemm,55.0,,10,1,34,106695862.70653859,106695862.85501859,0.14847999811172485
facebook/opt-125m,64,1024,prefill,prefill,prefill_gemm,55.0,,10,2,34,106695862.85501859,106695863.00349858,0.14847999811172485
facebook/opt-125m,64,1024,prefill,prefill,prefill_gemm,55.0,,10,3,34,106695863.00349858,106695863.15197858,0.14847999811172485
facebook/opt-125m,64,1024,prefill,prefill,prefill_gemm,55.0,,10,4,34,106695863.15197858,106695863.30045858,0.14847999811172485
facebook/opt-125m,64,1024,prefill,prefill,prefill_gemm,55.0,,10,5,34,106695863.30045858,106695863.44893858,0.14847999811172485
facebook/opt-125m,64,1024,prefill,prefill,prefill_gemm,55.0,,11,0,34,106695863.44893858,106695863.59741858,0.14847999811172485
facebook/opt-125m,64,1024,prefill,prefill,prefill_gemm,55.0,,11,1,34,106695863.59741858,106695863.74589857,0.14847999811172485
facebook/opt-125m,64,1024,prefill,prefill,prefill_gemm,55.0,,11,2,34,106695863.74589857,106695863.89437857,0.14847999811172485
facebook/opt-125m,64,1024,prefill,prefill,prefill_gemm,55.0,,11,3,34,106695863.89437857,106695864.04285857,0.14847999811172485
facebook/opt-125m,64,1024,prefill,prefill,prefill_gemm,55.0,,11,4,34,106695864.04285857,106695864.19133857,0.14847999811172485
facebook/opt-125m,64,1024,prefill,prefill,prefill_gemm,55.0,,11,5,34,106695864.19133857,106695864.33981857,0.14847999811172485
facebook/opt-125m,64,1024,prefill,prefill,prefill_gemm,56.0,,0,0,34,106695864.33981857,106695864.48829857,0.14847999811172485
facebook/opt-125m,64,1024,prefill,prefill,prefill_gemm,56.0,,0,1,34,106695864.48829857,106695864.63677856,0.14847999811172485
facebook/opt-125m,64,1024,prefill,prefill,prefill_gemm,56.0,,0,2,34,106695864.63677856,106695864.78525856,0.14847999811172485
facebook/opt-125m,64,1024,prefill,prefill,prefill_gemm,56.0,,0,3,34,106695864.78525856,106695864.93373856,0.14847999811172485
facebook/opt-125m,64,1024,prefill,prefill,prefill_gemm,56.0,,0,4,34,106695864.93373856,106695865.08221856,0.14847999811172485
facebook/opt-125m,64,1024,prefill,prefill,prefill_gemm,56.0,,0,5,34,106695865.08221856,106695865.23069856,0.14847999811172485
facebook/opt-125m,64,1024,prefill,prefill,prefill_gemm,56.0,,1,0,34,106695865.23069856,106695865.37917855,0.14847999811172485
facebook/opt-125m,64,1024,prefill,prefill,prefill_gemm,56.0,,1,1,34,106695865.37917855,106695865.52765855,0.14847999811172485
facebook/opt-125m,64,1024,prefill,prefill,prefill_gemm,56.0,,1,2,34,106695865.52765855,106695865.67613855,0.14847999811172485
facebook/opt-125m,64,1024,prefill,prefill,prefill_gemm,56.0,,1,3,34,106695865.67613855,106695865.82461855,0.14847999811172485
facebook/opt-125m,64,1024,prefill,prefill,prefill_gemm,56.0,,1,4,34,106695865.82461855,106695865.97309855,0.14847999811172485
facebook/opt-125m,64,1024,prefill,prefill,prefill_gemm,56.0,,1,5,34,106695865.97309855,106695866.12157854,0.14847999811172485
facebook/opt-125m,64,1024,prefill,prefill,prefill_gemm,56.0,,2,0,34,106695866.12157854,106695866.27005854,0.14847999811172485
facebook/opt-125m,64,1024,prefill,prefill,prefill_gemm,56.0,,2,1,34,106695866.27005854,106695866.41853854,0.14847999811172485
facebook/opt-125m,64,1024,prefill,prefill,prefill_gemm,56.0,,2,2,34,106695866.41853854,106695866.56701854,0.14847999811172485
facebook/opt-125m,64,1024,prefill,prefill,prefill_gemm,56.0,,2,3,34,106695866.56701854,106695866.71549854,0.14847999811172485
facebook/opt-125m,64,1024,prefill,prefill,prefill_gemm,56.0,,2,4,34,106695866.71549854,106695866.86397853,0.14847999811172485
facebook/opt-125m,64,1024,prefill,prefill,prefill_gemm,56.0,,2,5,34,106695866.86397853,106695867.01245853,0.14847999811172485
facebook/opt-125m,64,1024,prefill,prefill,prefill_gemm,56.0,,3,0,34,106695867.01245853,106695867.16093853,0.14847999811172485
facebook/opt-125m,64,1024,prefill,prefill,prefill_gemm,56.0,,3,1,34,106695867.16093853,106695867.30941853,0.14847999811172485
facebook/opt-125m,64,1024,prefill,prefill,prefill_gemm,56.0,,3,2,34,106695867.30941853,106695867.45789853,0.14847999811172485
facebook/opt-125m,64,1024,prefill,prefill,prefill_gemm,56.0,,3,3,34,106695867.45789853,106695867.60637853,0.14847999811172485
facebook/opt-125m,64,1024,prefill,prefill,prefill_gemm,56.0,,3,4,34,106695867.60637853,106695867.75485852,0.14847999811172485
facebook/opt-125m,64,1024,prefill,prefill,prefill_gemm,56.0,,3,5,34,106695867.75485852,106695867.90333852,0.14847999811172485
facebook/opt-125m,64,1024,prefill,prefill,prefill_gemm,56.0,,4,0,34,106695867.90333852,106695868.05181852,0.14847999811172485
facebook/opt-125m,64,1024,prefill,prefill,prefill_gemm,56.0,,4,1,34,106695868.05181852,106695868.20029852,0.14847999811172485
facebook/opt-125m,64,1024,prefill,prefill,prefill_gemm,56.0,,4,2,34,106695868.20029852,106695868.34877852,0.14847999811172485
facebook/opt-125m,64,1024,prefill,prefill,prefill_gemm,56.0,,4,3,34,106695868.34877852,106695868.49725851,0.14847999811172485
facebook/opt-125m,64,1024,prefill,prefill,prefill_gemm,56.0,,4,4,34,106695868.49725851,106695868.64573851,0.14847999811172485
facebook/opt-125m,64,1024,prefill,prefill,prefill_gemm,56.0,,4,5,34,106695868.64573851,106695868.79421851,0.14847999811172485
facebook/opt-125m,64,1024,prefill,prefill,prefill_gemm,56.0,,5,0,34,106695868.79421851,106695868.94269851,0.14847999811172485
facebook/opt-125m,64,1024,prefill,prefill,prefill_gemm,56.0,,5,1,34,106695868.94269851,106695869.0911785,0.14847999811172485
facebook/opt-125m,64,1024,prefill,prefill,prefill_gemm,56.0,,5,2,34,106695869.0911785,106695869.2396585,0.14847999811172485
facebook/opt-125m,64,1024,prefill,prefill,prefill_gemm,56.0,,5,3,34,106695869.2396585,106695869.3881385,0.14847999811172485
facebook/opt-125m,64,1024,prefill,prefill,prefill_gemm,56.0,,5,4,34,106695869.3881385,106695869.5366185,0.14847999811172485
facebook/opt-125m,64,1024,prefill,prefill,prefill_gemm,56.0,,5,5,34,106695869.5366185,106695869.6850985,0.14847999811172485
facebook/opt-125m,64,1024,prefill,prefill,prefill_gemm,56.0,,6,0,34,106695869.6850985,106695869.8335785,0.14847999811172485
facebook/opt-125m,64,1024,prefill,prefill,prefill_gemm,56.0,,6,1,34,106695869.8335785,106695869.9820585,0.14847999811172485
facebook/opt-125m,64,1024,prefill,prefill,prefill_gemm,56.0,,6,2,34,106695869.9820585,106695870.1305385,0.14847999811172485
facebook/opt-125m,64,1024,prefill,prefill,prefill_gemm,56.0,,6,3,34,106695870.1305385,106695870.27901849,0.14847999811172485
facebook/opt-125m,64,1024,prefill,prefill,prefill_gemm,56.0,,6,4,34,106695870.27901849,106695870.42749849,0.14847999811172485
facebook/opt-125m,64,1024,prefill,prefill,prefill_gemm,56.0,,6,5,34,106695870.42749849,106695870.57597849,0.14847999811172485
facebook/opt-125m,64,1024,prefill,prefill,prefill_gemm,56.0,,7,0,34,106695870.57597849,106695870.72445849,0.14847999811172485
facebook/opt-125m,64,1024,prefill,prefill,prefill_gemm,56.0,,7,1,34,106695870.72445849,106695870.87293848,0.14847999811172485
facebook/opt-125m,64,1024,prefill,prefill,prefill_gemm,56.0,,7,2,34,106695870.87293848,106695871.02141848,0.14847999811172485
facebook/opt-125m,64,1024,prefill,prefill,prefill_gemm,56.0,,7,3,34,106695871.02141848,106695871.16989848,0.14847999811172485
facebook/opt-125m,64,1024,prefill,prefill,prefill_gemm,56.0,,7,4,34,106695871.16989848,106695871.31837848,0.14847999811172485
facebook/opt-125m,64,1024,prefill,prefill,prefill_gemm,56.0,,7,5,34,106695871.31837848,106695871.46685848,0.14847999811172485
facebook/opt-125m,64,1024,prefill,prefill,prefill_gemm,56.0,,8,0,34,106695871.46685848,106695871.61533847,0.14847999811172485
facebook/opt-125m,64,1024,prefill,prefill,prefill_gemm,56.0,,8,1,34,106695871.61533847,106695871.76381847,0.14847999811172485
facebook/opt-125m,64,1024,prefill,prefill,prefill_gemm,56.0,,8,2,34,106695871.76381847,106695871.91229847,0.14847999811172485
facebook/opt-125m,64,1024,prefill,prefill,prefill_gemm,56.0,,8,3,34,106695871.91229847,106695872.06077847,0.14847999811172485
facebook/opt-125m,64,1024,prefill,prefill,prefill_gemm,56.0,,8,4,34,106695872.06077847,106695872.20925847,0.14847999811172485
facebook/opt-125m,64,1024,prefill,prefill,prefill_gemm,56.0,,8,5,34,106695872.20925847,106695872.35773847,0.14847999811172485
facebook/opt-125m,64,1024,prefill,prefill,prefill_gemm,56.0,,9,0,34,106695872.35773847,106695872.50621846,0.14847999811172485
facebook/opt-125m,64,1024,prefill,prefill,prefill_gemm,56.0,,9,1,34,106695872.50621846,106695872.65469846,0.14847999811172485
facebook/opt-125m,64,1024,prefill,prefill,prefill_gemm,56.0,,9,2,34,106695872.65469846,106695872.80317846,0.14847999811172485
facebook/opt-125m,64,1024,prefill,prefill,prefill_gemm,56.0,,9,3,34,106695872.80317846,106695872.95165846,0.14847999811172485
facebook/opt-125m,64,1024,prefill,prefill,prefill_gemm,56.0,,9,4,34,106695872.95165846,106695873.10013846,0.14847999811172485
facebook/opt-125m,64,1024,prefill,prefill,prefill_gemm,56.0,,9,5,34,106695873.10013846,106695873.24861845,0.14847999811172485
facebook/opt-125m,64,1024,prefill,prefill,prefill_gemm,56.0,,10,0,34,106695873.24861845,106695873.39709845,0.14847999811172485
facebook/opt-125m,64,1024,prefill,prefill,prefill_gemm,56.0,,10,1,34,106695873.39709845,106695873.54557845,0.14847999811172485
facebook/opt-125m,64,1024,prefill,prefill,prefill_gemm,56.0,,10,2,34,106695873.54557845,106695873.69405845,0.14847999811172485
facebook/opt-125m,64,1024,prefill,prefill,prefill_gemm,56.0,,10,3,34,106695873.69405845,106695873.84253845,0.14847999811172485
facebook/opt-125m,64,1024,prefill,prefill,prefill_gemm,56.0,,10,4,34,106695873.84253845,106695873.99101844,0.14847999811172485
facebook/opt-125m,64,1024,prefill,prefill,prefill_gemm,56.0,,10,5,34,106695873.99101844,106695874.13949844,0.14847999811172485
facebook/opt-125m,64,1024,prefill,prefill,prefill_gemm,56.0,,11,0,34,106695874.13949844,106695874.28797844,0.14847999811172485
facebook/opt-125m,64,1024,prefill,prefill,prefill_gemm,56.0,,11,1,34,106695874.28797844,106695874.43645844,0.14847999811172485
facebook/opt-125m,64,1024,prefill,prefill,prefill_gemm,56.0,,11,2,34,106695874.43645844,106695874.58493844,0.14847999811172485
facebook/opt-125m,64,1024,prefill,prefill,prefill_gemm,56.0,,11,3,34,106695874.58493844,106695874.73341843,0.14847999811172485
facebook/opt-125m,64,1024,prefill,prefill,prefill_gemm,56.0,,11,4,34,106695874.73341843,106695874.88189843,0.14847999811172485
facebook/opt-125m,64,1024,prefill,prefill,prefill_gemm,56.0,,11,5,34,106695874.88189843,106695875.03037843,0.14847999811172485
facebook/opt-125m,64,1024,prefill,prefill,prefill_gemm,57.0,,0,0,34,106695875.03037843,106695875.17885843,0.14847999811172485
facebook/opt-125m,64,1024,prefill,prefill,prefill_gemm,57.0,,0,1,34,106695875.17885843,106695875.32733843,0.14847999811172485
facebook/opt-125m,64,1024,prefill,prefill,prefill_gemm,57.0,,0,2,34,106695875.32733843,106695875.47581843,0.14847999811172485
facebook/opt-125m,64,1024,prefill,prefill,prefill_gemm,57.0,,0,3,34,106695875.47581843,106695875.62429842,0.14847999811172485
facebook/opt-125m,64,1024,prefill,prefill,prefill_gemm,57.0,,0,4,34,106695875.62429842,106695875.77277842,0.14847999811172485
facebook/opt-125m,64,1024,prefill,prefill,prefill_gemm,57.0,,0,5,34,106695875.77277842,106695875.92125842,0.14847999811172485
facebook/opt-125m,64,1024,prefill,prefill,prefill_gemm,57.0,,1,0,34,106695875.92125842,106695876.06973842,0.14847999811172485
facebook/opt-125m,64,1024,prefill,prefill,prefill_gemm,57.0,,1,1,34,106695876.06973842,106695876.21821842,0.14847999811172485
facebook/opt-125m,64,1024,prefill,prefill,prefill_gemm,57.0,,1,2,34,106695876.21821842,106695876.36669841,0.14847999811172485
facebook/opt-125m,64,1024,prefill,prefill,prefill_gemm,57.0,,1,3,34,106695876.36669841,106695876.51517841,0.14847999811172485
facebook/opt-125m,64,1024,prefill,prefill,prefill_gemm,57.0,,1,4,34,106695876.51517841,106695876.66365841,0.14847999811172485
facebook/opt-125m,64,1024,prefill,prefill,prefill_gemm,57.0,,1,5,34,106695876.66365841,106695876.81213841,0.14847999811172485
facebook/opt-125m,64,1024,prefill,prefill,prefill_gemm,57.0,,2,0,34,106695876.81213841,106695876.9606184,0.14847999811172485
facebook/opt-125m,64,1024,prefill,prefill,prefill_gemm,57.0,,2,1,34,106695876.9606184,106695877.1090984,0.14847999811172485
facebook/opt-125m,64,1024,prefill,prefill,prefill_gemm,57.0,,2,2,34,106695877.1090984,106695877.2575784,0.14847999811172485
facebook/opt-125m,64,1024,prefill,prefill,prefill_gemm,57.0,,2,3,34,106695877.2575784,106695877.4060584,0.14847999811172485
facebook/opt-125m,64,1024,prefill,prefill,prefill_gemm,57.0,,2,4,34,106695877.4060584,106695877.5545384,0.14847999811172485
facebook/opt-125m,64,1024,prefill,prefill,prefill_gemm,57.0,,2,5,34,106695877.5545384,106695877.7030184,0.14847999811172485
facebook/opt-125m,64,1024,prefill,prefill,prefill_gemm,57.0,,3,0,34,106695877.7030184,106695877.8514984,0.14847999811172485
facebook/opt-125m,64,1024,prefill,prefill,prefill_gemm,57.0,,3,1,34,106695877.8514984,106695877.9999784,0.14847999811172485
facebook/opt-125m,64,1024,prefill,prefill,prefill_gemm,57.0,,3,2,34,106695877.9999784,106695878.14845839,0.14847999811172485
facebook/opt-125m,64,1024,prefill,prefill,prefill_gemm,57.0,,3,3,34,106695878.14845839,106695878.29693839,0.14847999811172485
facebook/opt-125m,64,1024,prefill,prefill,prefill_gemm,57.0,,3,4,34,106695878.29693839,106695878.44541839,0.14847999811172485
facebook/opt-125m,64,1024,prefill,prefill,prefill_gemm,57.0,,3,5,34,106695878.44541839,106695878.59389839,0.14847999811172485
facebook/opt-125m,64,1024,prefill,prefill,prefill_gemm,57.0,,4,0,34,106695878.59389839,106695878.74237838,0.14847999811172485
facebook/opt-125m,64,1024,prefill,prefill,prefill_gemm,57.0,,4,1,34,106695878.74237838,106695878.89085838,0.14847999811172485
facebook/opt-125m,64,1024,prefill,prefill,prefill_gemm,57.0,,4,2,34,106695878.89085838,106695879.03933838,0.14847999811172485
facebook/opt-125m,64,1024,prefill,prefill,prefill_gemm,57.0,,4,3,34,106695879.03933838,106695879.18781838,0.14847999811172485
facebook/opt-125m,64,1024,prefill,prefill,prefill_gemm,57.0,,4,4,34,106695879.18781838,106695879.33629838,0.14847999811172485
facebook/opt-125m,64,1024,prefill,prefill,prefill_gemm,57.0,,4,5,34,106695879.33629838,106695879.48477837,0.14847999811172485
facebook/opt-125m,64,1024,prefill,prefill,prefill_gemm,57.0,,5,0,34,106695879.48477837,106695879.63325837,0.14847999811172485
facebook/opt-125m,64,1024,prefill,prefill,prefill_gemm,57.0,,5,1,34,106695879.63325837,106695879.78173837,0.14847999811172485
facebook/opt-125m,64,1024,prefill,prefill,prefill_gemm,57.0,,5,2,34,106695879.78173837,106695879.93021837,0.14847999811172485
facebook/opt-125m,64,1024,prefill,prefill,prefill_gemm,57.0,,5,3,34,106695879.93021837,106695880.07869837,0.14847999811172485
facebook/opt-125m,64,1024,prefill,prefill,prefill_gemm,57.0,,5,4,34,106695880.07869837,106695880.22717836,0.14847999811172485
facebook/opt-125m,64,1024,prefill,prefill,prefill_gemm,57.0,,5,5,34,106695880.22717836,106695880.37565836,0.14847999811172485
facebook/opt-125m,64,1024,prefill,prefill,prefill_gemm,57.0,,6,0,34,106695880.37565836,106695880.52413836,0.14847999811172485
facebook/opt-125m,64,1024,prefill,prefill,prefill_gemm,57.0,,6,1,34,106695880.52413836,106695880.67261836,0.14847999811172485
facebook/opt-125m,64,1024,prefill,prefill,prefill_gemm,57.0,,6,2,34,106695880.67261836,106695880.82109836,0.14847999811172485
facebook/opt-125m,64,1024,prefill,prefill,prefill_gemm,57.0,,6,3,34,106695880.82109836,106695880.96957836,0.14847999811172485
facebook/opt-125m,64,1024,prefill,prefill,prefill_gemm,57.0,,6,4,34,106695880.96957836,106695881.11805835,0.14847999811172485
facebook/opt-125m,64,1024,prefill,prefill,prefill_gemm,57.0,,6,5,34,106695881.11805835,106695881.26653835,0.14847999811172485
facebook/opt-125m,64,1024,prefill,prefill,prefill_gemm,57.0,,7,0,34,106695881.26653835,106695881.41501835,0.14847999811172485
facebook/opt-125m,64,1024,prefill,prefill,prefill_gemm,57.0,,7,1,34,106695881.41501835,106695881.56349835,0.14847999811172485
facebook/opt-125m,64,1024,prefill,prefill,prefill_gemm,57.0,,7,2,34,106695881.56349835,106695881.71197835,0.14847999811172485
facebook/opt-125m,64,1024,prefill,prefill,prefill_gemm,57.0,,7,3,34,106695881.71197835,106695881.86045834,0.14847999811172485
facebook/opt-125m,64,1024,prefill,prefill,prefill_gemm,57.0,,7,4,34,106695881.86045834,106695882.00893834,0.14847999811172485
facebook/opt-125m,64,1024,prefill,prefill,prefill_gemm,57.0,,7,5,34,106695882.00893834,106695882.15741834,0.14847999811172485
facebook/opt-125m,64,1024,prefill,prefill,prefill_gemm,57.0,,8,0,34,106695882.15741834,106695882.30589834,0.14847999811172485
facebook/opt-125m,64,1024,prefill,prefill,prefill_gemm,57.0,,8,1,34,106695882.30589834,106695882.45437834,0.14847999811172485
facebook/opt-125m,64,1024,prefill,prefill,prefill_gemm,57.0,,8,2,34,106695882.45437834,106695882.60285833,0.14847999811172485
facebook/opt-125m,64,1024,prefill,prefill,prefill_gemm,57.0,,8,3,34,106695882.60285833,106695882.75133833,0.14847999811172485
facebook/opt-125m,64,1024,prefill,prefill,prefill_gemm,57.0,,8,4,34,106695882.75133833,106695882.89981833,0.14847999811172485
facebook/opt-125m,64,1024,prefill,prefill,prefill_gemm,57.0,,8,5,34,106695882.89981833,106695883.04829833,0.14847999811172485
facebook/opt-125m,64,1024,prefill,prefill,prefill_gemm,57.0,,9,0,34,106695883.04829833,106695883.19677833,0.14847999811172485
facebook/opt-125m,64,1024,prefill,prefill,prefill_gemm,57.0,,9,1,34,106695883.19677833,106695883.34525833,0.14847999811172485
facebook/opt-125m,64,1024,prefill,prefill,prefill_gemm,57.0,,9,2,34,106695883.34525833,106695883.49373832,0.14847999811172485
facebook/opt-125m,64,1024,prefill,prefill,prefill_gemm,57.0,,9,3,34,106695883.49373832,106695883.64221832,0.14847999811172485
facebook/opt-125m,64,1024,prefill,prefill,prefill_gemm,57.0,,9,4,34,106695883.64221832,106695883.79069832,0.14847999811172485
facebook/opt-125m,64,1024,prefill,prefill,prefill_gemm,57.0,,9,5,34,106695883.79069832,106695883.93917832,0.14847999811172485
facebook/opt-125m,64,1024,prefill,prefill,prefill_gemm,57.0,,10,0,34,106695883.93917832,106695884.08765832,0.14847999811172485
facebook/opt-125m,64,1024,prefill,prefill,prefill_gemm,57.0,,10,1,34,106695884.08765832,106695884.23613831,0.14847999811172485
facebook/opt-125m,64,1024,prefill,prefill,prefill_gemm,57.0,,10,2,34,106695884.23613831,106695884.38461831,0.14847999811172485
facebook/opt-125m,64,1024,prefill,prefill,prefill_gemm,57.0,,10,3,34,106695884.38461831,106695884.53309831,0.14847999811172485
facebook/opt-125m,64,1024,prefill,prefill,prefill_gemm,57.0,,10,4,34,106695884.53309831,106695884.68157831,0.14847999811172485
facebook/opt-125m,64,1024,prefill,prefill,prefill_gemm,57.0,,10,5,34,106695884.68157831,106695884.8300583,0.14847999811172485
facebook/opt-125m,64,1024,prefill,prefill,prefill_gemm,57.0,,11,0,34,106695884.8300583,106695884.9785383,0.14847999811172485
facebook/opt-125m,64,1024,prefill,prefill,prefill_gemm,57.0,,11,1,34,106695884.9785383,106695885.1270183,0.14847999811172485
facebook/opt-125m,64,1024,prefill,prefill,prefill_gemm,57.0,,11,2,34,106695885.1270183,106695885.2754983,0.14847999811172485
facebook/opt-125m,64,1024,prefill,prefill,prefill_gemm,57.0,,11,3,34,106695885.2754983,106695885.4239783,0.14847999811172485
facebook/opt-125m,64,1024,prefill,prefill,prefill_gemm,57.0,,11,4,34,106695885.4239783,106695885.5724583,0.14847999811172485
facebook/opt-125m,64,1024,prefill,prefill,prefill_gemm,57.0,,11,5,34,106695885.5724583,106695885.7209383,0.14847999811172485
facebook/opt-125m,64,1024,prefill,prefill,prefill_gemm,58.0,,0,0,35,106695885.787635,106695885.936115,0.14847999811172485
facebook/opt-125m,64,1024,prefill,prefill,prefill_gemm,58.0,,0,1,35,106695885.936115,106695886.084595,0.14847999811172485
facebook/opt-125m,64,1024,prefill,prefill,prefill_gemm,58.0,,0,2,35,106695886.084595,106695886.233075,0.14847999811172485
facebook/opt-125m,64,1024,prefill,prefill,prefill_gemm,58.0,,0,3,35,106695886.233075,106695886.38155499,0.14847999811172485
facebook/opt-125m,64,1024,prefill,prefill,prefill_gemm,58.0,,0,4,35,106695886.38155499,106695886.53003499,0.14847999811172485
facebook/opt-125m,64,1024,prefill,prefill,prefill_gemm,58.0,,0,5,35,106695886.53003499,106695886.67851499,0.14847999811172485
facebook/opt-125m,64,1024,prefill,prefill,prefill_gemm,58.0,,1,0,35,106695886.67851499,106695886.82699499,0.14847999811172485
facebook/opt-125m,64,1024,prefill,prefill,prefill_gemm,58.0,,1,1,35,106695886.82699499,106695886.97547498,0.14847999811172485
facebook/opt-125m,64,1024,prefill,prefill,prefill_gemm,58.0,,1,2,35,106695886.97547498,106695887.12395498,0.14847999811172485
facebook/opt-125m,64,1024,prefill,prefill,prefill_gemm,58.0,,1,3,35,106695887.12395498,106695887.27243498,0.14847999811172485
facebook/opt-125m,64,1024,prefill,prefill,prefill_gemm,58.0,,1,4,35,106695887.27243498,106695887.42091498,0.14847999811172485
facebook/opt-125m,64,1024,prefill,prefill,prefill_gemm,58.0,,1,5,35,106695887.42091498,106695887.56939498,0.14847999811172485
facebook/opt-125m,64,1024,prefill,prefill,prefill_gemm,58.0,,2,0,35,106695887.56939498,106695887.71787497,0.14847999811172485
facebook/opt-125m,64,1024,prefill,prefill,prefill_gemm,58.0,,2,1,35,106695887.71787497,106695887.86635497,0.14847999811172485
facebook/opt-125m,64,1024,prefill,prefill,prefill_gemm,58.0,,2,2,35,106695887.86635497,106695888.01483497,0.14847999811172485
facebook/opt-125m,64,1024,prefill,prefill,prefill_gemm,58.0,,2,3,35,106695888.01483497,106695888.16331497,0.14847999811172485
facebook/opt-125m,64,1024,prefill,prefill,prefill_gemm,58.0,,2,4,35,106695888.16331497,106695888.31179497,0.14847999811172485
facebook/opt-125m,64,1024,prefill,prefill,prefill_gemm,58.0,,2,5,35,106695888.31179497,106695888.46027496,0.14847999811172485
facebook/opt-125m,64,1024,prefill,prefill,prefill_gemm,58.0,,3,0,35,106695888.46027496,106695888.60875496,0.14847999811172485
facebook/opt-125m,64,1024,prefill,prefill,prefill_gemm,58.0,,3,1,35,106695888.60875496,106695888.75723496,0.14847999811172485
facebook/opt-125m,64,1024,prefill,prefill,prefill_gemm,58.0,,3,2,35,106695888.75723496,106695888.90571496,0.14847999811172485
facebook/opt-125m,64,1024,prefill,prefill,prefill_gemm,58.0,,3,3,35,106695888.90571496,106695889.05419496,0.14847999811172485
facebook/opt-125m,64,1024,prefill,prefill,prefill_gemm,58.0,,3,4,35,106695889.05419496,106695889.20267496,0.14847999811172485
facebook/opt-125m,64,1024,prefill,prefill,prefill_gemm,58.0,,3,5,35,106695889.20267496,106695889.35115495,0.14847999811172485
facebook/opt-125m,64,1024,prefill,prefill,prefill_gemm,58.0,,4,0,35,106695889.35115495,106695889.49963495,0.14847999811172485
facebook/opt-125m,64,1024,prefill,prefill,prefill_gemm,58.0,,4,1,35,106695889.49963495,106695889.64811495,0.14847999811172485
facebook/opt-125m,64,1024,prefill,prefill,prefill_gemm,58.0,,4,2,35,106695889.64811495,106695889.79659495,0.14847999811172485
facebook/opt-125m,64,1024,prefill,prefill,prefill_gemm,58.0,,4,3,35,106695889.79659495,106695889.94507495,0.14847999811172485
facebook/opt-125m,64,1024,prefill,prefill,prefill_gemm,58.0,,4,4,35,106695889.94507495,106695890.09355494,0.14847999811172485
facebook/opt-125m,64,1024,prefill,prefill,prefill_gemm,58.0,,4,5,35,106695890.09355494,106695890.24203494,0.14847999811172485
facebook/opt-125m,64,1024,prefill,prefill,prefill_gemm,58.0,,5,0,35,106695890.24203494,106695890.39051494,0.14847999811172485
facebook/opt-125m,64,1024,prefill,prefill,prefill_gemm,58.0,,5,1,35,106695890.39051494,106695890.53899494,0.14847999811172485
facebook/opt-125m,64,1024,prefill,prefill,prefill_gemm,58.0,,5,2,35,106695890.53899494,106695890.68747494,0.14847999811172485
facebook/opt-125m,64,1024,prefill,prefill,prefill_gemm,58.0,,5,3,35,106695890.68747494,106695890.83595493,0.14847999811172485
facebook/opt-125m,64,1024,prefill,prefill,prefill_gemm,58.0,,5,4,35,106695890.83595493,106695890.98443493,0.14847999811172485
facebook/opt-125m,64,1024,prefill,prefill,prefill_gemm,58.0,,5,5,35,106695890.98443493,106695891.13291493,0.14847999811172485
facebook/opt-125m,64,1024,prefill,prefill,prefill_gemm,58.0,,6,0,35,106695891.13291493,106695891.28139493,0.14847999811172485
facebook/opt-125m,64,1024,prefill,prefill,prefill_gemm,58.0,,6,1,35,106695891.28139493,106695891.42987493,0.14847999811172485
facebook/opt-125m,64,1024,prefill,prefill,prefill_gemm,58.0,,6,2,35,106695891.42987493,106695891.57835492,0.14847999811172485
facebook/opt-125m,64,1024,prefill,prefill,prefill_gemm,58.0,,6,3,35,106695891.57835492,106695891.72683492,0.14847999811172485
facebook/opt-125m,64,1024,prefill,prefill,prefill_gemm,58.0,,6,4,35,106695891.72683492,106695891.87531492,0.14847999811172485
facebook/opt-125m,64,1024,prefill,prefill,prefill_gemm,58.0,,6,5,35,106695891.87531492,106695892.02379492,0.14847999811172485
facebook/opt-125m,64,1024,prefill,prefill,prefill_gemm,58.0,,7,0,35,106695892.02379492,106695892.17227492,0.14847999811172485
facebook/opt-125m,64,1024,prefill,prefill,prefill_gemm,58.0,,7,1,35,106695892.17227492,106695892.32075492,0.14847999811172485
facebook/opt-125m,64,1024,prefill,prefill,prefill_gemm,58.0,,7,2,35,106695892.32075492,106695892.46923491,0.14847999811172485
facebook/opt-125m,64,1024,prefill,prefill,prefill_gemm,58.0,,7,3,35,106695892.46923491,106695892.61771491,0.14847999811172485
facebook/opt-125m,64,1024,prefill,prefill,prefill_gemm,58.0,,7,4,35,106695892.61771491,106695892.76619491,0.14847999811172485
facebook/opt-125m,64,1024,prefill,prefill,prefill_gemm,58.0,,7,5,35,106695892.76619491,106695892.91467491,0.14847999811172485
facebook/opt-125m,64,1024,prefill,prefill,prefill_gemm,58.0,,8,0,35,106695892.91467491,106695893.0631549,0.14847999811172485
facebook/opt-125m,64,1024,prefill,prefill,prefill_gemm,58.0,,8,1,35,106695893.0631549,106695893.2116349,0.14847999811172485
facebook/opt-125m,64,1024,prefill,prefill,prefill_gemm,58.0,,8,2,35,106695893.2116349,106695893.3601149,0.14847999811172485
facebook/opt-125m,64,1024,prefill,prefill,prefill_gemm,58.0,,8,3,35,106695893.3601149,106695893.5085949,0.14847999811172485
facebook/opt-125m,64,1024,prefill,prefill,prefill_gemm,58.0,,8,4,35,106695893.5085949,106695893.6570749,0.14847999811172485
facebook/opt-125m,64,1024,prefill,prefill,prefill_gemm,58.0,,8,5,35,106695893.6570749,106695893.8055549,0.14847999811172485
facebook/opt-125m,64,1024,prefill,prefill,prefill_gemm,58.0,,9,0,35,106695893.8055549,106695893.9540349,0.14847999811172485
facebook/opt-125m,64,1024,prefill,prefill,prefill_gemm,58.0,,9,1,35,106695893.9540349,106695894.1025149,0.14847999811172485
facebook/opt-125m,64,1024,prefill,prefill,prefill_gemm,58.0,,9,2,35,106695894.1025149,106695894.25099489,0.14847999811172485
facebook/opt-125m,64,1024,prefill,prefill,prefill_gemm,58.0,,9,3,35,106695894.25099489,106695894.39947489,0.14847999811172485
facebook/opt-125m,64,1024,prefill,prefill,prefill_gemm,58.0,,9,4,35,106695894.39947489,106695894.54795489,0.14847999811172485
facebook/opt-125m,64,1024,prefill,prefill,prefill_gemm,58.0,,9,5,35,106695894.54795489,106695894.69643489,0.14847999811172485
facebook/opt-125m,64,1024,prefill,prefill,prefill_gemm,58.0,,10,0,35,106695894.69643489,106695894.84491488,0.14847999811172485
facebook/opt-125m,64,1024,prefill,prefill,prefill_gemm,58.0,,10,1,35,106695894.84491488,106695894.99339488,0.14847999811172485
facebook/opt-125m,64,1024,prefill,prefill,prefill_gemm,58.0,,10,2,35,106695894.99339488,106695895.14187488,0.14847999811172485
facebook/opt-125m,64,1024,prefill,prefill,prefill_gemm,58.0,,10,3,35,106695895.14187488,106695895.29035488,0.14847999811172485
facebook/opt-125m,64,1024,prefill,prefill,prefill_gemm,58.0,,10,4,35,106695895.29035488,106695895.43883488,0.14847999811172485
facebook/opt-125m,64,1024,prefill,prefill,prefill_gemm,58.0,,10,5,35,106695895.43883488,106695895.58731487,0.14847999811172485
facebook/opt-125m,64,1024,prefill,prefill,prefill_gemm,58.0,,11,0,35,106695895.58731487,106695895.73579487,0.14847999811172485
facebook/opt-125m,64,1024,prefill,prefill,prefill_gemm,58.0,,11,1,35,106695895.73579487,106695895.88427487,0.14847999811172485
facebook/opt-125m,64,1024,prefill,prefill,prefill_gemm,58.0,,11,2,35,106695895.88427487,106695896.03275487,0.14847999811172485
facebook/opt-125m,64,1024,prefill,prefill,prefill_gemm,58.0,,11,3,35,106695896.03275487,106695896.18123487,0.14847999811172485
facebook/opt-125m,64,1024,prefill,prefill,prefill_gemm,58.0,,11,4,35,106695896.18123487,106695896.32971486,0.14847999811172485
facebook/opt-125m,64,1024,prefill,prefill,prefill_gemm,58.0,,11,5,35,106695896.32971486,106695896.47819486,0.14847999811172485
facebook/opt-125m,64,1024,prefill,prefill,prefill_gemm,59.0,,0,0,35,106695896.47819486,106695896.62667486,0.14847999811172485
facebook/opt-125m,64,1024,prefill,prefill,prefill_gemm,59.0,,0,1,35,106695896.62667486,106695896.77515486,0.14847999811172485
facebook/opt-125m,64,1024,prefill,prefill,prefill_gemm,59.0,,0,2,35,106695896.77515486,106695896.92363486,0.14847999811172485
facebook/opt-125m,64,1024,prefill,prefill,prefill_gemm,59.0,,0,3,35,106695896.92363486,106695897.07211486,0.14847999811172485
facebook/opt-125m,64,1024,prefill,prefill,prefill_gemm,59.0,,0,4,35,106695897.07211486,106695897.22059485,0.14847999811172485
facebook/opt-125m,64,1024,prefill,prefill,prefill_gemm,59.0,,0,5,35,106695897.22059485,106695897.36907485,0.14847999811172485
facebook/opt-125m,64,1024,prefill,prefill,prefill_gemm,59.0,,1,0,35,106695897.36907485,106695897.51755485,0.14847999811172485
facebook/opt-125m,64,1024,prefill,prefill,prefill_gemm,59.0,,1,1,35,106695897.51755485,106695897.66603485,0.14847999811172485
facebook/opt-125m,64,1024,prefill,prefill,prefill_gemm,59.0,,1,2,35,106695897.66603485,106695897.81451485,0.14847999811172485
facebook/opt-125m,64,1024,prefill,prefill,prefill_gemm,59.0,,1,3,35,106695897.81451485,106695897.96299484,0.14847999811172485
facebook/opt-125m,64,1024,prefill,prefill,prefill_gemm,59.0,,1,4,35,106695897.96299484,106695898.11147484,0.14847999811172485
facebook/opt-125m,64,1024,prefill,prefill,prefill_gemm,59.0,,1,5,35,106695898.11147484,106695898.25995484,0.14847999811172485
facebook/opt-125m,64,1024,prefill,prefill,prefill_gemm,59.0,,2,0,35,106695898.25995484,106695898.40843484,0.14847999811172485
facebook/opt-125m,64,1024,prefill,prefill,prefill_gemm,59.0,,2,1,35,106695898.40843484,106695898.55691484,0.14847999811172485
facebook/opt-125m,64,1024,prefill,prefill,prefill_gemm,59.0,,2,2,35,106695898.55691484,106695898.70539483,0.14847999811172485
facebook/opt-125m,64,1024,prefill,prefill,prefill_gemm,59.0,,2,3,35,106695898.70539483,106695898.85387483,0.14847999811172485
facebook/opt-125m,64,1024,prefill,prefill,prefill_gemm,59.0,,2,4,35,106695898.85387483,106695899.00235483,0.14847999811172485
facebook/opt-125m,64,1024,prefill,prefill,prefill_gemm,59.0,,2,5,35,106695899.00235483,106695899.15083483,0.14847999811172485
facebook/opt-125m,64,1024,prefill,prefill,prefill_gemm,59.0,,3,0,35,106695899.15083483,106695899.29931483,0.14847999811172485
facebook/opt-125m,64,1024,prefill,prefill,prefill_gemm,59.0,,3,1,35,106695899.29931483,106695899.44779482,0.14847999811172485
facebook/opt-125m,64,1024,prefill,prefill,prefill_gemm,59.0,,3,2,35,106695899.44779482,106695899.59627482,0.14847999811172485
facebook/opt-125m,64,1024,prefill,prefill,prefill_gemm,59.0,,3,3,35,106695899.59627482,106695899.74475482,0.14847999811172485
facebook/opt-125m,64,1024,prefill,prefill,prefill_gemm,59.0,,3,4,35,106695899.74475482,106695899.89323482,0.14847999811172485
facebook/opt-125m,64,1024,prefill,prefill,prefill_gemm,59.0,,3,5,35,106695899.89323482,106695900.04171482,0.14847999811172485
facebook/opt-125m,64,1024,prefill,prefill,prefill_gemm,59.0,,4,0,35,106695900.04171482,106695900.19019482,0.14847999811172485
facebook/opt-125m,64,1024,prefill,prefill,prefill_gemm,59.0,,4,1,35,106695900.19019482,106695900.33867481,0.14847999811172485
facebook/opt-125m,64,1024,prefill,prefill,prefill_gemm,59.0,,4,2,35,106695900.33867481,106695900.48715481,0.14847999811172485
facebook/opt-125m,64,1024,prefill,prefill,prefill_gemm,59.0,,4,3,35,106695900.48715481,106695900.63563481,0.14847999811172485
facebook/opt-125m,64,1024,prefill,prefill,prefill_gemm,59.0,,4,4,35,106695900.63563481,106695900.78411481,0.14847999811172485
facebook/opt-125m,64,1024,prefill,prefill,prefill_gemm,59.0,,4,5,35,106695900.78411481,106695900.9325948,0.14847999811172485
facebook/opt-125m,64,1024,prefill,prefill,prefill_gemm,59.0,,5,0,35,106695900.9325948,106695901.0810748,0.14847999811172485
facebook/opt-125m,64,1024,prefill,prefill,prefill_gemm,59.0,,5,1,35,106695901.0810748,106695901.2295548,0.14847999811172485
facebook/opt-125m,64,1024,prefill,prefill,prefill_gemm,59.0,,5,2,35,106695901.2295548,106695901.3780348,0.14847999811172485
facebook/opt-125m,64,1024,prefill,prefill,prefill_gemm,59.0,,5,3,35,106695901.3780348,106695901.5265148,0.14847999811172485
facebook/opt-125m,64,1024,prefill,prefill,prefill_gemm,59.0,,5,4,35,106695901.5265148,106695901.6749948,0.14847999811172485
facebook/opt-125m,64,1024,prefill,prefill,prefill_gemm,59.0,,5,5,35,106695901.6749948,106695901.8234748,0.14847999811172485
facebook/opt-125m,64,1024,prefill,prefill,prefill_gemm,59.0,,6,0,35,106695901.8234748,106695901.9719548,0.14847999811172485
facebook/opt-125m,64,1024,prefill,prefill,prefill_gemm,59.0,,6,1,35,106695901.9719548,106695902.12043479,0.14847999811172485
facebook/opt-125m,64,1024,prefill,prefill,prefill_gemm,59.0,,6,2,35,106695902.12043479,106695902.26891479,0.14847999811172485
facebook/opt-125m,64,1024,prefill,prefill,prefill_gemm,59.0,,6,3,35,106695902.26891479,106695902.41739479,0.14847999811172485
facebook/opt-125m,64,1024,prefill,prefill,prefill_gemm,59.0,,6,4,35,106695902.41739479,106695902.56587479,0.14847999811172485
facebook/opt-125m,64,1024,prefill,prefill,prefill_gemm,59.0,,6,5,35,106695902.56587479,106695902.71435478,0.14847999811172485
facebook/opt-125m,64,1024,prefill,prefill,prefill_gemm,59.0,,7,0,35,106695902.71435478,106695902.86283478,0.14847999811172485
facebook/opt-125m,64,1024,prefill,prefill,prefill_gemm,59.0,,7,1,35,106695902.86283478,106695903.01131478,0.14847999811172485
facebook/opt-125m,64,1024,prefill,prefill,prefill_gemm,59.0,,7,2,35,106695903.01131478,106695903.15979478,0.14847999811172485
facebook/opt-125m,64,1024,prefill,prefill,prefill_gemm,59.0,,7,3,35,106695903.15979478,106695903.30827478,0.14847999811172485
facebook/opt-125m,64,1024,prefill,prefill,prefill_gemm,59.0,,7,4,35,106695903.30827478,106695903.45675477,0.14847999811172485
facebook/opt-125m,64,1024,prefill,prefill,prefill_gemm,59.0,,7,5,35,106695903.45675477,106695903.60523477,0.14847999811172485
facebook/opt-125m,64,1024,prefill,prefill,prefill_gemm,59.0,,8,0,35,106695903.60523477,106695903.75371477,0.14847999811172485
facebook/opt-125m,64,1024,prefill,prefill,prefill_gemm,59.0,,8,1,35,106695903.75371477,106695903.90219477,0.14847999811172485
facebook/opt-125m,64,1024,prefill,prefill,prefill_gemm,59.0,,8,2,35,106695903.90219477,106695904.05067477,0.14847999811172485
facebook/opt-125m,64,1024,prefill,prefill,prefill_gemm,59.0,,8,3,35,106695904.05067477,106695904.19915476,0.14847999811172485
facebook/opt-125m,64,1024,prefill,prefill,prefill_gemm,59.0,,8,4,35,106695904.19915476,106695904.34763476,0.14847999811172485
facebook/opt-125m,64,1024,prefill,prefill,prefill_gemm,59.0,,8,5,35,106695904.34763476,106695904.49611476,0.14847999811172485
facebook/opt-125m,64,1024,prefill,prefill,prefill_gemm,59.0,,9,0,35,106695904.49611476,106695904.64459476,0.14847999811172485
facebook/opt-125m,64,1024,prefill,prefill,prefill_gemm,59.0,,9,1,35,106695904.64459476,106695904.79307476,0.14847999811172485
facebook/opt-125m,64,1024,prefill,prefill,prefill_gemm,59.0,,9,2,35,106695904.79307476,106695904.94155475,0.14847999811172485
facebook/opt-125m,64,1024,prefill,prefill,prefill_gemm,59.0,,9,3,35,106695904.94155475,106695905.09003475,0.14847999811172485
facebook/opt-125m,64,1024,prefill,prefill,prefill_gemm,59.0,,9,4,35,106695905.09003475,106695905.23851475,0.14847999811172485
facebook/opt-125m,64,1024,prefill,prefill,prefill_gemm,59.0,,9,5,35,106695905.23851475,106695905.38699475,0.14847999811172485
facebook/opt-125m,64,1024,prefill,prefill,prefill_gemm,59.0,,10,0,35,106695905.38699475,106695905.53547475,0.14847999811172485
facebook/opt-125m,64,1024,prefill,prefill,prefill_gemm,59.0,,10,1,35,106695905.53547475,106695905.68395475,0.14847999811172485
facebook/opt-125m,64,1024,prefill,prefill,prefill_gemm,59.0,,10,2,35,106695905.68395475,106695905.83243474,0.14847999811172485
facebook/opt-125m,64,1024,prefill,prefill,prefill_gemm,59.0,,10,3,35,106695905.83243474,106695905.98091474,0.14847999811172485
facebook/opt-125m,64,1024,prefill,prefill,prefill_gemm,59.0,,10,4,35,106695905.98091474,106695906.12939474,0.14847999811172485
facebook/opt-125m,64,1024,prefill,prefill,prefill_gemm,59.0,,10,5,35,106695906.12939474,106695906.27787474,0.14847999811172485
facebook/opt-125m,64,1024,prefill,prefill,prefill_gemm,59.0,,11,0,35,106695906.27787474,106695906.42635474,0.14847999811172485
facebook/opt-125m,64,1024,prefill,prefill,prefill_gemm,59.0,,11,1,35,106695906.42635474,106695906.57483473,0.14847999811172485
facebook/opt-125m,64,1024,prefill,prefill,prefill_gemm,59.0,,11,2,35,106695906.57483473,106695906.72331473,0.14847999811172485
facebook/opt-125m,64,1024,prefill,prefill,prefill_gemm,59.0,,11,3,35,106695906.72331473,106695906.87179473,0.14847999811172485
facebook/opt-125m,64,1024,prefill,prefill,prefill_gemm,59.0,,11,4,35,106695906.87179473,106695907.02027473,0.14847999811172485
facebook/opt-125m,64,1024,prefill,prefill,prefill_gemm,59.0,,11,5,35,106695907.02027473,106695907.16875473,0.14847999811172485
facebook/opt-125m,64,1024,prefill,prefill,prefill_gemm,60.0,,0,0,35,106695907.16875473,106695907.31723472,0.14847999811172485
facebook/opt-125m,64,1024,prefill,prefill,prefill_gemm,60.0,,0,1,35,106695907.31723472,106695907.46571472,0.14847999811172485
facebook/opt-125m,64,1024,prefill,prefill,prefill_gemm,60.0,,0,2,35,106695907.46571472,106695907.61419472,0.14847999811172485
facebook/opt-125m,64,1024,prefill,prefill,prefill_gemm,60.0,,0,3,35,106695907.61419472,106695907.76267472,0.14847999811172485
facebook/opt-125m,64,1024,prefill,prefill,prefill_gemm,60.0,,0,4,35,106695907.76267472,106695907.91115472,0.14847999811172485
facebook/opt-125m,64,1024,prefill,prefill,prefill_gemm,60.0,,0,5,35,106695907.91115472,106695908.05963472,0.14847999811172485
facebook/opt-125m,64,1024,prefill,prefill,prefill_gemm,60.0,,1,0,35,106695908.05963472,106695908.20811471,0.14847999811172485
facebook/opt-125m,64,1024,prefill,prefill,prefill_gemm,60.0,,1,1,35,106695908.20811471,106695908.35659471,0.14847999811172485
facebook/opt-125m,64,1024,prefill,prefill,prefill_gemm,60.0,,1,2,35,106695908.35659471,106695908.50507471,0.14847999811172485
facebook/opt-125m,64,1024,prefill,prefill,prefill_gemm,60.0,,1,3,35,106695908.50507471,106695908.65355471,0.14847999811172485
facebook/opt-125m,64,1024,prefill,prefill,prefill_gemm,60.0,,1,4,35,106695908.65355471,106695908.8020347,0.14847999811172485
facebook/opt-125m,64,1024,prefill,prefill,prefill_gemm,60.0,,1,5,35,106695908.8020347,106695908.9505147,0.14847999811172485
facebook/opt-125m,64,1024,prefill,prefill,prefill_gemm,60.0,,2,0,35,106695908.9505147,106695909.0989947,0.14847999811172485
facebook/opt-125m,64,1024,prefill,prefill,prefill_gemm,60.0,,2,1,35,106695909.0989947,106695909.2474747,0.14847999811172485
facebook/opt-125m,64,1024,prefill,prefill,prefill_gemm,60.0,,2,2,35,106695909.2474747,106695909.3959547,0.14847999811172485
facebook/opt-125m,64,1024,prefill,prefill,prefill_gemm,60.0,,2,3,35,106695909.3959547,106695909.5444347,0.14847999811172485
facebook/opt-125m,64,1024,prefill,prefill,prefill_gemm,60.0,,2,4,35,106695909.5444347,106695909.6929147,0.14847999811172485
facebook/opt-125m,64,1024,prefill,prefill,prefill_gemm,60.0,,2,5,35,106695909.6929147,106695909.8413947,0.14847999811172485
facebook/opt-125m,64,1024,prefill,prefill,prefill_gemm,60.0,,3,0,35,106695909.8413947,106695909.98987469,0.14847999811172485
facebook/opt-125m,64,1024,prefill,prefill,prefill_gemm,60.0,,3,1,35,106695909.98987469,106695910.13835469,0.14847999811172485
facebook/opt-125m,64,1024,prefill,prefill,prefill_gemm,60.0,,3,2,35,106695910.13835469,106695910.28683469,0.14847999811172485
facebook/opt-125m,64,1024,prefill,prefill,prefill_gemm,60.0,,3,3,35,106695910.28683469,106695910.43531469,0.14847999811172485
facebook/opt-125m,64,1024,prefill,prefill,prefill_gemm,60.0,,3,4,35,106695910.43531469,106695910.58379468,0.14847999811172485
facebook/opt-125m,64,1024,prefill,prefill,prefill_gemm,60.0,,3,5,35,106695910.58379468,106695910.73227468,0.14847999811172485
facebook/opt-125m,64,1024,prefill,prefill,prefill_gemm,60.0,,4,0,35,106695910.73227468,106695910.88075468,0.14847999811172485
facebook/opt-125m,64,1024,prefill,prefill,prefill_gemm,60.0,,4,1,35,106695910.88075468,106695911.02923468,0.14847999811172485
facebook/opt-125m,64,1024,prefill,prefill,prefill_gemm,60.0,,4,2,35,106695911.02923468,106695911.17771468,0.14847999811172485
facebook/opt-125m,64,1024,prefill,prefill,prefill_gemm,60.0,,4,3,35,106695911.17771468,106695911.32619467,0.14847999811172485
facebook/opt-125m,64,1024,prefill,prefill,prefill_gemm,60.0,,4,4,35,106695911.32619467,106695911.47467467,0.14847999811172485
facebook/opt-125m,64,1024,prefill,prefill,prefill_gemm,60.0,,4,5,35,106695911.47467467,106695911.62315467,0.14847999811172485
facebook/opt-125m,64,1024,prefill,prefill,prefill_gemm,60.0,,5,0,35,106695911.62315467,106695911.77163467,0.14847999811172485
facebook/opt-125m,64,1024,prefill,prefill,prefill_gemm,60.0,,5,1,35,106695911.77163467,106695911.92011467,0.14847999811172485
facebook/opt-125m,64,1024,prefill,prefill,prefill_gemm,60.0,,5,2,35,106695911.92011467,106695912.06859466,0.14847999811172485
facebook/opt-125m,64,1024,prefill,prefill,prefill_gemm,60.0,,5,3,35,106695912.06859466,106695912.21707466,0.14847999811172485
facebook/opt-125m,64,1024,prefill,prefill,prefill_gemm,60.0,,5,4,35,106695912.21707466,106695912.36555466,0.14847999811172485
facebook/opt-125m,64,1024,prefill,prefill,prefill_gemm,60.0,,5,5,35,106695912.36555466,106695912.51403466,0.14847999811172485
facebook/opt-125m,64,1024,prefill,prefill,prefill_gemm,60.0,,6,0,35,106695912.51403466,106695912.66251466,0.14847999811172485
facebook/opt-125m,64,1024,prefill,prefill,prefill_gemm,60.0,,6,1,35,106695912.66251466,106695912.81099465,0.14847999811172485
facebook/opt-125m,64,1024,prefill,prefill,prefill_gemm,60.0,,6,2,35,106695912.81099465,106695912.95947465,0.14847999811172485
facebook/opt-125m,64,1024,prefill,prefill,prefill_gemm,60.0,,6,3,35,106695912.95947465,106695913.10795465,0.14847999811172485
facebook/opt-125m,64,1024,prefill,prefill,prefill_gemm,60.0,,6,4,35,106695913.10795465,106695913.25643465,0.14847999811172485
facebook/opt-125m,64,1024,prefill,prefill,prefill_gemm,60.0,,6,5,35,106695913.25643465,106695913.40491465,0.14847999811172485
facebook/opt-125m,64,1024,prefill,prefill,prefill_gemm,60.0,,7,0,35,106695913.40491465,106695913.55339465,0.14847999811172485
facebook/opt-125m,64,1024,prefill,prefill,prefill_gemm,60.0,,7,1,35,106695913.55339465,106695913.70187464,0.14847999811172485
facebook/opt-125m,64,1024,prefill,prefill,prefill_gemm,60.0,,7,2,35,106695913.70187464,106695913.85035464,0.14847999811172485
facebook/opt-125m,64,1024,prefill,prefill,prefill_gemm,60.0,,7,3,35,106695913.85035464,106695913.99883464,0.14847999811172485
facebook/opt-125m,64,1024,prefill,prefill,prefill_gemm,60.0,,7,4,35,106695913.99883464,106695914.14731464,0.14847999811172485
facebook/opt-125m,64,1024,prefill,prefill,prefill_gemm,60.0,,7,5,35,106695914.14731464,106695914.29579464,0.14847999811172485
facebook/opt-125m,64,1024,prefill,prefill,prefill_gemm,60.0,,8,0,35,106695914.29579464,106695914.44427463,0.14847999811172485
facebook/opt-125m,64,1024,prefill,prefill,prefill_gemm,60.0,,8,1,35,106695914.44427463,106695914.59275463,0.14847999811172485
facebook/opt-125m,64,1024,prefill,prefill,prefill_gemm,60.0,,8,2,35,106695914.59275463,106695914.74123463,0.14847999811172485
facebook/opt-125m,64,1024,prefill,prefill,prefill_gemm,60.0,,8,3,35,106695914.74123463,106695914.88971463,0.14847999811172485
facebook/opt-125m,64,1024,prefill,prefill,prefill_gemm,60.0,,8,4,35,106695914.88971463,106695915.03819463,0.14847999811172485
facebook/opt-125m,64,1024,prefill,prefill,prefill_gemm,60.0,,8,5,35,106695915.03819463,106695915.18667462,0.14847999811172485
facebook/opt-125m,64,1024,prefill,prefill,prefill_gemm,60.0,,9,0,35,106695915.18667462,106695915.33515462,0.14847999811172485
facebook/opt-125m,64,1024,prefill,prefill,prefill_gemm,60.0,,9,1,35,106695915.33515462,106695915.48363462,0.14847999811172485
facebook/opt-125m,64,1024,prefill,prefill,prefill_gemm,60.0,,9,2,35,106695915.48363462,106695915.63211462,0.14847999811172485
facebook/opt-125m,64,1024,prefill,prefill,prefill_gemm,60.0,,9,3,35,106695915.63211462,106695915.78059462,0.14847999811172485
facebook/opt-125m,64,1024,prefill,prefill,prefill_gemm,60.0,,9,4,35,106695915.78059462,106695915.92907462,0.14847999811172485
facebook/opt-125m,64,1024,prefill,prefill,prefill_gemm,60.0,,9,5,35,106695915.92907462,106695916.07755461,0.14847999811172485
facebook/opt-125m,64,1024,prefill,prefill,prefill_gemm,60.0,,10,0,35,106695916.07755461,106695916.22603461,0.14847999811172485
facebook/opt-125m,64,1024,prefill,prefill,prefill_gemm,60.0,,10,1,35,106695916.22603461,106695916.37451461,0.14847999811172485
facebook/opt-125m,64,1024,prefill,prefill,prefill_gemm,60.0,,10,2,35,106695916.37451461,106695916.52299461,0.14847999811172485
facebook/opt-125m,64,1024,prefill,prefill,prefill_gemm,60.0,,10,3,35,106695916.52299461,106695916.6714746,0.14847999811172485
facebook/opt-125m,64,1024,prefill,prefill,prefill_gemm,60.0,,10,4,35,106695916.6714746,106695916.8199546,0.14847999811172485
facebook/opt-125m,64,1024,prefill,prefill,prefill_gemm,60.0,,10,5,35,106695916.8199546,106695916.9684346,0.14847999811172485
facebook/opt-125m,64,1024,prefill,prefill,prefill_gemm,60.0,,11,0,35,106695916.9684346,106695917.1169146,0.14847999811172485
facebook/opt-125m,64,1024,prefill,prefill,prefill_gemm,60.0,,11,1,35,106695917.1169146,106695917.2653946,0.14847999811172485
facebook/opt-125m,64,1024,prefill,prefill,prefill_gemm,60.0,,11,2,35,106695917.2653946,106695917.4138746,0.14847999811172485
facebook/opt-125m,64,1024,prefill,prefill,prefill_gemm,60.0,,11,3,35,106695917.4138746,106695917.5623546,0.14847999811172485
facebook/opt-125m,64,1024,prefill,prefill,prefill_gemm,60.0,,11,4,35,106695917.5623546,106695917.7108346,0.14847999811172485
facebook/opt-125m,64,1024,prefill,prefill,prefill_gemm,60.0,,11,5,35,106695917.7108346,106695917.85931459,0.14847999811172485
facebook/opt-125m,64,1024,prefill,prefill,prefill_gemm,61.0,,0,0,35,106695917.85931459,106695918.00779459,0.14847999811172485
facebook/opt-125m,64,1024,prefill,prefill,prefill_gemm,61.0,,0,1,35,106695918.00779459,106695918.15627459,0.14847999811172485
facebook/opt-125m,64,1024,prefill,prefill,prefill_gemm,61.0,,0,2,35,106695918.15627459,106695918.30475459,0.14847999811172485
facebook/opt-125m,64,1024,prefill,prefill,prefill_gemm,61.0,,0,3,35,106695918.30475459,106695918.45323458,0.14847999811172485
facebook/opt-125m,64,1024,prefill,prefill,prefill_gemm,61.0,,0,4,35,106695918.45323458,106695918.60171458,0.14847999811172485
facebook/opt-125m,64,1024,prefill,prefill,prefill_gemm,61.0,,0,5,35,106695918.60171458,106695918.75019458,0.14847999811172485
facebook/opt-125m,64,1024,prefill,prefill,prefill_gemm,61.0,,1,0,35,106695918.75019458,106695918.89867458,0.14847999811172485
facebook/opt-125m,64,1024,prefill,prefill,prefill_gemm,61.0,,1,1,35,106695918.89867458,106695919.04715458,0.14847999811172485
facebook/opt-125m,64,1024,prefill,prefill,prefill_gemm,61.0,,1,2,35,106695919.04715458,106695919.19563457,0.14847999811172485
facebook/opt-125m,64,1024,prefill,prefill,prefill_gemm,61.0,,1,3,35,106695919.19563457,106695919.34411457,0.14847999811172485
facebook/opt-125m,64,1024,prefill,prefill,prefill_gemm,61.0,,1,4,35,106695919.34411457,106695919.49259457,0.14847999811172485
facebook/opt-125m,64,1024,prefill,prefill,prefill_gemm,61.0,,1,5,35,106695919.49259457,106695919.64107457,0.14847999811172485
facebook/opt-125m,64,1024,prefill,prefill,prefill_gemm,61.0,,2,0,35,106695919.64107457,106695919.78955457,0.14847999811172485
facebook/opt-125m,64,1024,prefill,prefill,prefill_gemm,61.0,,2,1,35,106695919.78955457,106695919.93803456,0.14847999811172485
facebook/opt-125m,64,1024,prefill,prefill,prefill_gemm,61.0,,2,2,35,106695919.93803456,106695920.08651456,0.14847999811172485
facebook/opt-125m,64,1024,prefill,prefill,prefill_gemm,61.0,,2,3,35,106695920.08651456,106695920.23499456,0.14847999811172485
facebook/opt-125m,64,1024,prefill,prefill,prefill_gemm,61.0,,2,4,35,106695920.23499456,106695920.38347456,0.14847999811172485
facebook/opt-125m,64,1024,prefill,prefill,prefill_gemm,61.0,,2,5,35,106695920.38347456,106695920.53195456,0.14847999811172485
facebook/opt-125m,64,1024,prefill,prefill,prefill_gemm,61.0,,3,0,35,106695920.53195456,106695920.68043455,0.14847999811172485
facebook/opt-125m,64,1024,prefill,prefill,prefill_gemm,61.0,,3,1,35,106695920.68043455,106695920.82891455,0.14847999811172485
facebook/opt-125m,64,1024,prefill,prefill,prefill_gemm,61.0,,3,2,35,106695920.82891455,106695920.97739455,0.14847999811172485
facebook/opt-125m,64,1024,prefill,prefill,prefill_gemm,61.0,,3,3,35,106695920.97739455,106695921.12587455,0.14847999811172485
facebook/opt-125m,64,1024,prefill,prefill,prefill_gemm,61.0,,3,4,35,106695921.12587455,106695921.27435455,0.14847999811172485
facebook/opt-125m,64,1024,prefill,prefill,prefill_gemm,61.0,,3,5,35,106695921.27435455,106695921.42283455,0.14847999811172485
facebook/opt-125m,64,1024,prefill,prefill,prefill_gemm,61.0,,4,0,35,106695921.42283455,106695921.57131454,0.14847999811172485
facebook/opt-125m,64,1024,prefill,prefill,prefill_gemm,61.0,,4,1,35,106695921.57131454,106695921.71979454,0.14847999811172485
facebook/opt-125m,64,1024,prefill,prefill,prefill_gemm,61.0,,4,2,35,106695921.71979454,106695921.86827454,0.14847999811172485
facebook/opt-125m,64,1024,prefill,prefill,prefill_gemm,61.0,,4,3,35,106695921.86827454,106695922.01675454,0.14847999811172485
facebook/opt-125m,64,1024,prefill,prefill,prefill_gemm,61.0,,4,4,35,106695922.01675454,106695922.16523454,0.14847999811172485
facebook/opt-125m,64,1024,prefill,prefill,prefill_gemm,61.0,,4,5,35,106695922.16523454,106695922.31371453,0.14847999811172485
facebook/opt-125m,64,1024,prefill,prefill,prefill_gemm,61.0,,5,0,35,106695922.31371453,106695922.46219453,0.14847999811172485
facebook/opt-125m,64,1024,prefill,prefill,prefill_gemm,61.0,,5,1,35,106695922.46219453,106695922.61067453,0.14847999811172485
facebook/opt-125m,64,1024,prefill,prefill,prefill_gemm,61.0,,5,2,35,106695922.61067453,106695922.75915453,0.14847999811172485
facebook/opt-125m,64,1024,prefill,prefill,prefill_gemm,61.0,,5,3,35,106695922.75915453,106695922.90763453,0.14847999811172485
facebook/opt-125m,64,1024,prefill,prefill,prefill_gemm,61.0,,5,4,35,106695922.90763453,106695923.05611452,0.14847999811172485
facebook/opt-125m,64,1024,prefill,prefill,prefill_gemm,61.0,,5,5,35,106695923.05611452,106695923.20459452,0.14847999811172485
facebook/opt-125m,64,1024,prefill,prefill,prefill_gemm,61.0,,6,0,35,106695923.20459452,106695923.35307452,0.14847999811172485
facebook/opt-125m,64,1024,prefill,prefill,prefill_gemm,61.0,,6,1,35,106695923.35307452,106695923.50155452,0.14847999811172485
facebook/opt-125m,64,1024,prefill,prefill,prefill_gemm,61.0,,6,2,35,106695923.50155452,106695923.65003452,0.14847999811172485
facebook/opt-125m,64,1024,prefill,prefill,prefill_gemm,61.0,,6,3,35,106695923.65003452,106695923.79851452,0.14847999811172485
facebook/opt-125m,64,1024,prefill,prefill,prefill_gemm,61.0,,6,4,35,106695923.79851452,106695923.94699451,0.14847999811172485
facebook/opt-125m,64,1024,prefill,prefill,prefill_gemm,61.0,,6,5,35,106695923.94699451,106695924.09547451,0.14847999811172485
facebook/opt-125m,64,1024,prefill,prefill,prefill_gemm,61.0,,7,0,35,106695924.09547451,106695924.24395451,0.14847999811172485
facebook/opt-125m,64,1024,prefill,prefill,prefill_gemm,61.0,,7,1,35,106695924.24395451,106695924.39243451,0.14847999811172485
facebook/opt-125m,64,1024,prefill,prefill,prefill_gemm,61.0,,7,2,35,106695924.39243451,106695924.5409145,0.14847999811172485
facebook/opt-125m,64,1024,prefill,prefill,prefill_gemm,61.0,,7,3,35,106695924.5409145,106695924.6893945,0.14847999811172485
facebook/opt-125m,64,1024,prefill,prefill,prefill_gemm,61.0,,7,4,35,106695924.6893945,106695924.8378745,0.14847999811172485
facebook/opt-125m,64,1024,prefill,prefill,prefill_gemm,61.0,,7,5,35,106695924.8378745,106695924.9863545,0.14847999811172485
facebook/opt-125m,64,1024,prefill,prefill,prefill_gemm,61.0,,8,0,35,106695924.9863545,106695925.1348345,0.14847999811172485
facebook/opt-125m,64,1024,prefill,prefill,prefill_gemm,61.0,,8,1,35,106695925.1348345,106695925.2833145,0.14847999811172485
facebook/opt-125m,64,1024,prefill,prefill,prefill_gemm,61.0,,8,2,35,106695925.2833145,106695925.4317945,0.14847999811172485
facebook/opt-125m,64,1024,prefill,prefill,prefill_gemm,61.0,,8,3,35,106695925.4317945,106695925.58027449,0.14847999811172485
facebook/opt-125m,64,1024,prefill,prefill,prefill_gemm,61.0,,8,4,35,106695925.58027449,106695925.72875449,0.14847999811172485
facebook/opt-125m,64,1024,prefill,prefill,prefill_gemm,61.0,,8,5,35,106695925.72875449,106695925.87723449,0.14847999811172485
facebook/opt-125m,64,1024,prefill,prefill,prefill_gemm,61.0,,9,0,35,106695925.87723449,106695926.02571449,0.14847999811172485
facebook/opt-125m,64,1024,prefill,prefill,prefill_gemm,61.0,,9,1,35,106695926.02571449,106695926.17419448,0.14847999811172485
facebook/opt-125m,64,1024,prefill,prefill,prefill_gemm,61.0,,9,2,35,106695926.17419448,106695926.32267448,0.14847999811172485
facebook/opt-125m,64,1024,prefill,prefill,prefill_gemm,61.0,,9,3,35,106695926.32267448,106695926.47115448,0.14847999811172485
facebook/opt-125m,64,1024,prefill,prefill,prefill_gemm,61.0,,9,4,35,106695926.47115448,106695926.61963448,0.14847999811172485
facebook/opt-125m,64,1024,prefill,prefill,prefill_gemm,61.0,,9,5,35,106695926.61963448,106695926.76811448,0.14847999811172485
facebook/opt-125m,64,1024,prefill,prefill,prefill_gemm,61.0,,10,0,35,106695926.76811448,106695926.91659448,0.14847999811172485
facebook/opt-125m,64,1024,prefill,prefill,prefill_gemm,61.0,,10,1,35,106695926.91659448,106695927.06507447,0.14847999811172485
facebook/opt-125m,64,1024,prefill,prefill,prefill_gemm,61.0,,10,2,35,106695927.06507447,106695927.21355447,0.14847999811172485
facebook/opt-125m,64,1024,prefill,prefill,prefill_gemm,61.0,,10,3,35,106695927.21355447,106695927.36203447,0.14847999811172485
facebook/opt-125m,64,1024,prefill,prefill,prefill_gemm,61.0,,10,4,35,106695927.36203447,106695927.51051447,0.14847999811172485
facebook/opt-125m,64,1024,prefill,prefill,prefill_gemm,61.0,,10,5,35,106695927.51051447,106695927.65899447,0.14847999811172485
facebook/opt-125m,64,1024,prefill,prefill,prefill_gemm,61.0,,11,0,35,106695927.65899447,106695927.80747446,0.14847999811172485
facebook/opt-125m,64,1024,prefill,prefill,prefill_gemm,61.0,,11,1,35,106695927.80747446,106695927.95595446,0.14847999811172485
facebook/opt-125m,64,1024,prefill,prefill,prefill_gemm,61.0,,11,2,35,106695927.95595446,106695928.10443446,0.14847999811172485
facebook/opt-125m,64,1024,prefill,prefill,prefill_gemm,61.0,,11,3,35,106695928.10443446,106695928.25291446,0.14847999811172485
facebook/opt-125m,64,1024,prefill,prefill,prefill_gemm,61.0,,11,4,35,106695928.25291446,106695928.40139446,0.14847999811172485
facebook/opt-125m,64,1024,prefill,prefill,prefill_gemm,61.0,,11,5,35,106695928.40139446,106695928.54987445,0.14847999811172485
facebook/opt-125m,64,1024,prefill,prefill,prefill_gemm,62.0,,0,0,35,106695928.54987445,106695928.69835445,0.14847999811172485
facebook/opt-125m,64,1024,prefill,prefill,prefill_gemm,62.0,,0,1,35,106695928.69835445,106695928.84683445,0.14847999811172485
facebook/opt-125m,64,1024,prefill,prefill,prefill_gemm,62.0,,0,2,35,106695928.84683445,106695928.99531445,0.14847999811172485
facebook/opt-125m,64,1024,prefill,prefill,prefill_gemm,62.0,,0,3,35,106695928.99531445,106695929.14379445,0.14847999811172485
facebook/opt-125m,64,1024,prefill,prefill,prefill_gemm,62.0,,0,4,35,106695929.14379445,106695929.29227445,0.14847999811172485
facebook/opt-125m,64,1024,prefill,prefill,prefill_gemm,62.0,,0,5,35,106695929.29227445,106695929.44075444,0.14847999811172485
facebook/opt-125m,64,1024,prefill,prefill,prefill_gemm,62.0,,1,0,35,106695929.44075444,106695929.58923444,0.14847999811172485
facebook/opt-125m,64,1024,prefill,prefill,prefill_gemm,62.0,,1,1,35,106695929.58923444,106695929.73771444,0.14847999811172485
facebook/opt-125m,64,1024,prefill,prefill,prefill_gemm,62.0,,1,2,35,106695929.73771444,106695929.88619444,0.14847999811172485
facebook/opt-125m,64,1024,prefill,prefill,prefill_gemm,62.0,,1,3,35,106695929.88619444,106695930.03467444,0.14847999811172485
facebook/opt-125m,64,1024,prefill,prefill,prefill_gemm,62.0,,1,4,35,106695930.03467444,106695930.18315443,0.14847999811172485
facebook/opt-125m,64,1024,prefill,prefill,prefill_gemm,62.0,,1,5,35,106695930.18315443,106695930.33163443,0.14847999811172485
facebook/opt-125m,64,1024,prefill,prefill,prefill_gemm,62.0,,2,0,35,106695930.33163443,106695930.48011443,0.14847999811172485
facebook/opt-125m,64,1024,prefill,prefill,prefill_gemm,62.0,,2,1,35,106695930.48011443,106695930.62859443,0.14847999811172485
facebook/opt-125m,64,1024,prefill,prefill,prefill_gemm,62.0,,2,2,35,106695930.62859443,106695930.77707443,0.14847999811172485
facebook/opt-125m,64,1024,prefill,prefill,prefill_gemm,62.0,,2,3,35,106695930.77707443,106695930.92555442,0.14847999811172485
facebook/opt-125m,64,1024,prefill,prefill,prefill_gemm,62.0,,2,4,35,106695930.92555442,106695931.07403442,0.14847999811172485
facebook/opt-125m,64,1024,prefill,prefill,prefill_gemm,62.0,,2,5,35,106695931.07403442,106695931.22251442,0.14847999811172485
facebook/opt-125m,64,1024,prefill,prefill,prefill_gemm,62.0,,3,0,35,106695931.22251442,106695931.37099442,0.14847999811172485
facebook/opt-125m,64,1024,prefill,prefill,prefill_gemm,62.0,,3,1,35,106695931.37099442,106695931.51947442,0.14847999811172485
facebook/opt-125m,64,1024,prefill,prefill,prefill_gemm,62.0,,3,2,35,106695931.51947442,106695931.66795442,0.14847999811172485
facebook/opt-125m,64,1024,prefill,prefill,prefill_gemm,62.0,,3,3,35,106695931.66795442,106695931.81643441,0.14847999811172485
facebook/opt-125m,64,1024,prefill,prefill,prefill_gemm,62.0,,3,4,35,106695931.81643441,106695931.96491441,0.14847999811172485
facebook/opt-125m,64,1024,prefill,prefill,prefill_gemm,62.0,,3,5,35,106695931.96491441,106695932.11339441,0.14847999811172485
facebook/opt-125m,64,1024,prefill,prefill,prefill_gemm,62.0,,4,0,35,106695932.11339441,106695932.26187441,0.14847999811172485
facebook/opt-125m,64,1024,prefill,prefill,prefill_gemm,62.0,,4,1,35,106695932.26187441,106695932.4103544,0.14847999811172485
facebook/opt-125m,64,1024,prefill,prefill,prefill_gemm,62.0,,4,2,35,106695932.4103544,106695932.5588344,0.14847999811172485
facebook/opt-125m,64,1024,prefill,prefill,prefill_gemm,62.0,,4,3,35,106695932.5588344,106695932.7073144,0.14847999811172485
facebook/opt-125m,64,1024,prefill,prefill,prefill_gemm,62.0,,4,4,35,106695932.7073144,106695932.8557944,0.14847999811172485
facebook/opt-125m,64,1024,prefill,prefill,prefill_gemm,62.0,,4,5,35,106695932.8557944,106695933.0042744,0.14847999811172485
facebook/opt-125m,64,1024,prefill,prefill,prefill_gemm,62.0,,5,0,35,106695933.0042744,106695933.1527544,0.14847999811172485
facebook/opt-125m,64,1024,prefill,prefill,prefill_gemm,62.0,,5,1,35,106695933.1527544,106695933.3012344,0.14847999811172485
facebook/opt-125m,64,1024,prefill,prefill,prefill_gemm,62.0,,5,2,36,106695933.302227,106695933.450707,0.14847999811172485
facebook/opt-125m,64,1024,prefill,prefill,prefill_gemm,62.0,,5,3,36,106695933.450707,106695933.599187,0.14847999811172485
facebook/opt-125m,64,1024,prefill,prefill,prefill_gemm,62.0,,5,4,36,106695933.599187,106695933.747667,0.14847999811172485
facebook/opt-125m,64,1024,prefill,prefill,prefill_gemm,62.0,,5,5,36,106695933.747667,106695933.896147,0.14847999811172485
facebook/opt-125m,64,1024,prefill,prefill,prefill_gemm,62.0,,6,0,36,106695933.896147,106695934.044627,0.14847999811172485
facebook/opt-125m,64,1024,prefill,prefill,prefill_gemm,62.0,,6,1,36,106695934.044627,106695934.193107,0.14847999811172485
facebook/opt-125m,64,1024,prefill,prefill,prefill_gemm,62.0,,6,2,36,106695934.193107,106695934.34158699,0.14847999811172485
facebook/opt-125m,64,1024,prefill,prefill,prefill_gemm,62.0,,6,3,36,106695934.34158699,106695934.49006699,0.14847999811172485
facebook/opt-125m,64,1024,prefill,prefill,prefill_gemm,62.0,,6,4,36,106695934.49006699,106695934.63854699,0.14847999811172485
facebook/opt-125m,64,1024,prefill,prefill,prefill_gemm,62.0,,6,5,36,106695934.63854699,106695934.78702699,0.14847999811172485
facebook/opt-125m,64,1024,prefill,prefill,prefill_gemm,62.0,,7,0,36,106695934.78702699,106695934.93550698,0.14847999811172485
facebook/opt-125m,64,1024,prefill,prefill,prefill_gemm,62.0,,7,1,36,106695934.93550698,106695935.08398698,0.14847999811172485
facebook/opt-125m,64,1024,prefill,prefill,prefill_gemm,62.0,,7,2,36,106695935.08398698,106695935.23246698,0.14847999811172485
facebook/opt-125m,64,1024,prefill,prefill,prefill_gemm,62.0,,7,3,36,106695935.23246698,106695935.38094698,0.14847999811172485
facebook/opt-125m,64,1024,prefill,prefill,prefill_gemm,62.0,,7,4,36,106695935.38094698,106695935.52942698,0.14847999811172485
facebook/opt-125m,64,1024,prefill,prefill,prefill_gemm,62.0,,7,5,36,106695935.52942698,106695935.67790698,0.14847999811172485
facebook/opt-125m,64,1024,prefill,prefill,prefill_gemm,62.0,,8,0,36,106695935.67790698,106695935.82638697,0.14847999811172485
facebook/opt-125m,64,1024,prefill,prefill,prefill_gemm,62.0,,8,1,36,106695935.82638697,106695935.97486697,0.14847999811172485
facebook/opt-125m,64,1024,prefill,prefill,prefill_gemm,62.0,,8,2,36,106695935.97486697,106695936.12334697,0.14847999811172485
facebook/opt-125m,64,1024,prefill,prefill,prefill_gemm,62.0,,8,3,36,106695936.12334697,106695936.27182697,0.14847999811172485
facebook/opt-125m,64,1024,prefill,prefill,prefill_gemm,62.0,,8,4,36,106695936.27182697,106695936.42030697,0.14847999811172485
facebook/opt-125m,64,1024,prefill,prefill,prefill_gemm,62.0,,8,5,36,106695936.42030697,106695936.56878696,0.14847999811172485
facebook/opt-125m,64,1024,prefill,prefill,prefill_gemm,62.0,,9,0,36,106695936.56878696,106695936.71726696,0.14847999811172485
facebook/opt-125m,64,1024,prefill,prefill,prefill_gemm,62.0,,9,1,36,106695936.71726696,106695936.86574696,0.14847999811172485
facebook/opt-125m,64,1024,prefill,prefill,prefill_gemm,62.0,,9,2,36,106695936.86574696,106695937.01422696,0.14847999811172485
facebook/opt-125m,64,1024,prefill,prefill,prefill_gemm,62.0,,9,3,36,106695937.01422696,106695937.16270696,0.14847999811172485
facebook/opt-125m,64,1024,prefill,prefill,prefill_gemm,62.0,,9,4,36,106695937.16270696,106695937.31118695,0.14847999811172485
facebook/opt-125m,64,1024,prefill,prefill,prefill_gemm,62.0,,9,5,36,106695937.31118695,106695937.45966695,0.14847999811172485
facebook/opt-125m,64,1024,prefill,prefill,prefill_gemm,62.0,,10,0,36,106695937.45966695,106695937.60814695,0.14847999811172485
facebook/opt-125m,64,1024,prefill,prefill,prefill_gemm,62.0,,10,1,36,106695937.60814695,106695937.75662695,0.14847999811172485
facebook/opt-125m,64,1024,prefill,prefill,prefill_gemm,62.0,,10,2,36,106695937.75662695,106695937.90510695,0.14847999811172485
facebook/opt-125m,64,1024,prefill,prefill,prefill_gemm,62.0,,10,3,36,106695937.90510695,106695938.05358694,0.14847999811172485
facebook/opt-125m,64,1024,prefill,prefill,prefill_gemm,62.0,,10,4,36,106695938.05358694,106695938.20206694,0.14847999811172485
facebook/opt-125m,64,1024,prefill,prefill,prefill_gemm,62.0,,10,5,36,106695938.20206694,106695938.35054694,0.14847999811172485
facebook/opt-125m,64,1024,prefill,prefill,prefill_gemm,62.0,,11,0,36,106695938.35054694,106695938.49902694,0.14847999811172485
facebook/opt-125m,64,1024,prefill,prefill,prefill_gemm,62.0,,11,1,36,106695938.49902694,106695938.64750694,0.14847999811172485
facebook/opt-125m,64,1024,prefill,prefill,prefill_gemm,62.0,,11,2,36,106695938.64750694,106695938.79598694,0.14847999811172485
facebook/opt-125m,64,1024,prefill,prefill,prefill_gemm,62.0,,11,3,36,106695938.79598694,106695938.94446693,0.14847999811172485
facebook/opt-125m,64,1024,prefill,prefill,prefill_gemm,62.0,,11,4,36,106695938.94446693,106695939.09294693,0.14847999811172485
facebook/opt-125m,64,1024,prefill,prefill,prefill_gemm,62.0,,11,5,36,106695939.09294693,106695939.24142693,0.14847999811172485
facebook/opt-125m,64,1024,prefill,prefill,prefill_gemm,63.0,,0,0,36,106695939.24142693,106695939.38990693,0.14847999811172485
facebook/opt-125m,64,1024,prefill,prefill,prefill_gemm,63.0,,0,1,36,106695939.38990693,106695939.53838693,0.14847999811172485
facebook/opt-125m,64,1024,prefill,prefill,prefill_gemm,63.0,,0,2,36,106695939.53838693,106695939.68686692,0.14847999811172485
facebook/opt-125m,64,1024,prefill,prefill,prefill_gemm,63.0,,0,3,36,106695939.68686692,106695939.83534692,0.14847999811172485
facebook/opt-125m,64,1024,prefill,prefill,prefill_gemm,63.0,,0,4,36,106695939.83534692,106695939.98382692,0.14847999811172485
facebook/opt-125m,64,1024,prefill,prefill,prefill_gemm,63.0,,0,5,36,106695939.98382692,106695940.13230692,0.14847999811172485
facebook/opt-125m,64,1024,prefill,prefill,prefill_gemm,63.0,,1,0,36,106695940.13230692,106695940.28078692,0.14847999811172485
facebook/opt-125m,64,1024,prefill,prefill,prefill_gemm,63.0,,1,1,36,106695940.28078692,106695940.42926691,0.14847999811172485
facebook/opt-125m,64,1024,prefill,prefill,prefill_gemm,63.0,,1,2,36,106695940.42926691,106695940.57774691,0.14847999811172485
facebook/opt-125m,64,1024,prefill,prefill,prefill_gemm,63.0,,1,3,36,106695940.57774691,106695940.72622691,0.14847999811172485
facebook/opt-125m,64,1024,prefill,prefill,prefill_gemm,63.0,,1,4,36,106695940.72622691,106695940.87470691,0.14847999811172485
facebook/opt-125m,64,1024,prefill,prefill,prefill_gemm,63.0,,1,5,36,106695940.87470691,106695941.0231869,0.14847999811172485
facebook/opt-125m,64,1024,prefill,prefill,prefill_gemm,63.0,,2,0,36,106695941.0231869,106695941.1716669,0.14847999811172485
facebook/opt-125m,64,1024,prefill,prefill,prefill_gemm,63.0,,2,1,36,106695941.1716669,106695941.3201469,0.14847999811172485
facebook/opt-125m,64,1024,prefill,prefill,prefill_gemm,63.0,,2,2,36,106695941.3201469,106695941.4686269,0.14847999811172485
facebook/opt-125m,64,1024,prefill,prefill,prefill_gemm,63.0,,2,3,36,106695941.4686269,106695941.6171069,0.14847999811172485
facebook/opt-125m,64,1024,prefill,prefill,prefill_gemm,63.0,,2,4,36,106695941.6171069,106695941.7655869,0.14847999811172485
facebook/opt-125m,64,1024,prefill,prefill,prefill_gemm,63.0,,2,5,36,106695941.7655869,106695941.9140669,0.14847999811172485
facebook/opt-125m,64,1024,prefill,prefill,prefill_gemm,63.0,,3,0,36,106695941.9140669,106695942.0625469,0.14847999811172485
facebook/opt-125m,64,1024,prefill,prefill,prefill_gemm,63.0,,3,1,36,106695942.0625469,106695942.21102689,0.14847999811172485
facebook/opt-125m,64,1024,prefill,prefill,prefill_gemm,63.0,,3,2,36,106695942.21102689,106695942.35950689,0.14847999811172485
facebook/opt-125m,64,1024,prefill,prefill,prefill_gemm,63.0,,3,3,36,106695942.35950689,106695942.50798689,0.14847999811172485
facebook/opt-125m,64,1024,prefill,prefill,prefill_gemm,63.0,,3,4,36,106695942.50798689,106695942.65646689,0.14847999811172485
facebook/opt-125m,64,1024,prefill,prefill,prefill_gemm,63.0,,3,5,36,106695942.65646689,106695942.80494688,0.14847999811172485
facebook/opt-125m,64,1024,prefill,prefill,prefill_gemm,63.0,,4,0,36,106695942.80494688,106695942.95342688,0.14847999811172485
facebook/opt-125m,64,1024,prefill,prefill,prefill_gemm,63.0,,4,1,36,106695942.95342688,106695943.10190688,0.14847999811172485
facebook/opt-125m,64,1024,prefill,prefill,prefill_gemm,63.0,,4,2,36,106695943.10190688,106695943.25038688,0.14847999811172485
facebook/opt-125m,64,1024,prefill,prefill,prefill_gemm,63.0,,4,3,36,106695943.25038688,106695943.39886688,0.14847999811172485
facebook/opt-125m,64,1024,prefill,prefill,prefill_gemm,63.0,,4,4,36,106695943.39886688,106695943.54734688,0.14847999811172485
facebook/opt-125m,64,1024,prefill,prefill,prefill_gemm,63.0,,4,5,36,106695943.54734688,106695943.69582687,0.14847999811172485
facebook/opt-125m,64,1024,prefill,prefill,prefill_gemm,63.0,,5,0,36,106695943.69582687,106695943.84430687,0.14847999811172485
facebook/opt-125m,64,1024,prefill,prefill,prefill_gemm,63.0,,5,1,36,106695943.84430687,106695943.99278687,0.14847999811172485
facebook/opt-125m,64,1024,prefill,prefill,prefill_gemm,63.0,,5,2,36,106695943.99278687,106695944.14126687,0.14847999811172485
facebook/opt-125m,64,1024,prefill,prefill,prefill_gemm,63.0,,5,3,36,106695944.14126687,106695944.28974687,0.14847999811172485
facebook/opt-125m,64,1024,prefill,prefill,prefill_gemm,63.0,,5,4,36,106695944.28974687,106695944.43822686,0.14847999811172485
facebook/opt-125m,64,1024,prefill,prefill,prefill_gemm,63.0,,5,5,36,106695944.43822686,106695944.58670686,0.14847999811172485
facebook/opt-125m,64,1024,prefill,prefill,prefill_gemm,63.0,,6,0,36,106695944.58670686,106695944.73518686,0.14847999811172485
facebook/opt-125m,64,1024,prefill,prefill,prefill_gemm,63.0,,6,1,36,106695944.73518686,106695944.88366686,0.14847999811172485
facebook/opt-125m,64,1024,prefill,prefill,prefill_gemm,63.0,,6,2,36,106695944.88366686,106695945.03214686,0.14847999811172485
facebook/opt-125m,64,1024,prefill,prefill,prefill_gemm,63.0,,6,3,36,106695945.03214686,106695945.18062685,0.14847999811172485
facebook/opt-125m,64,1024,prefill,prefill,prefill_gemm,63.0,,6,4,36,106695945.18062685,106695945.32910685,0.14847999811172485
facebook/opt-125m,64,1024,prefill,prefill,prefill_gemm,63.0,,6,5,36,106695945.32910685,106695945.47758685,0.14847999811172485
facebook/opt-125m,64,1024,prefill,prefill,prefill_gemm,63.0,,7,0,36,106695945.47758685,106695945.62606685,0.14847999811172485
facebook/opt-125m,64,1024,prefill,prefill,prefill_gemm,63.0,,7,1,36,106695945.62606685,106695945.77454685,0.14847999811172485
facebook/opt-125m,64,1024,prefill,prefill,prefill_gemm,63.0,,7,2,36,106695945.77454685,106695945.92302684,0.14847999811172485
facebook/opt-125m,64,1024,prefill,prefill,prefill_gemm,63.0,,7,3,36,106695945.92302684,106695946.07150684,0.14847999811172485
facebook/opt-125m,64,1024,prefill,prefill,prefill_gemm,63.0,,7,4,36,106695946.07150684,106695946.21998684,0.14847999811172485
facebook/opt-125m,64,1024,prefill,prefill,prefill_gemm,63.0,,7,5,36,106695946.21998684,106695946.36846684,0.14847999811172485
facebook/opt-125m,64,1024,prefill,prefill,prefill_gemm,63.0,,8,0,36,106695946.36846684,106695946.51694684,0.14847999811172485
facebook/opt-125m,64,1024,prefill,prefill,prefill_gemm,63.0,,8,1,36,106695946.51694684,106695946.66542684,0.14847999811172485
facebook/opt-125m,64,1024,prefill,prefill,prefill_gemm,63.0,,8,2,36,106695946.66542684,106695946.81390683,0.14847999811172485
facebook/opt-125m,64,1024,prefill,prefill,prefill_gemm,63.0,,8,3,36,106695946.81390683,106695946.96238683,0.14847999811172485
facebook/opt-125m,64,1024,prefill,prefill,prefill_gemm,63.0,,8,4,36,106695946.96238683,106695947.11086683,0.14847999811172485
facebook/opt-125m,64,1024,prefill,prefill,prefill_gemm,63.0,,8,5,36,106695947.11086683,106695947.25934683,0.14847999811172485
facebook/opt-125m,64,1024,prefill,prefill,prefill_gemm,63.0,,9,0,36,106695947.25934683,106695947.40782683,0.14847999811172485
facebook/opt-125m,64,1024,prefill,prefill,prefill_gemm,63.0,,9,1,36,106695947.40782683,106695947.55630682,0.14847999811172485
facebook/opt-125m,64,1024,prefill,prefill,prefill_gemm,63.0,,9,2,36,106695947.55630682,106695947.70478682,0.14847999811172485
facebook/opt-125m,64,1024,prefill,prefill,prefill_gemm,63.0,,9,3,36,106695947.70478682,106695947.85326682,0.14847999811172485
facebook/opt-125m,64,1024,prefill,prefill,prefill_gemm,63.0,,9,4,36,106695947.85326682,106695948.00174682,0.14847999811172485
facebook/opt-125m,64,1024,prefill,prefill,prefill_gemm,63.0,,9,5,36,106695948.00174682,106695948.15022682,0.14847999811172485
facebook/opt-125m,64,1024,prefill,prefill,prefill_gemm,63.0,,10,0,36,106695948.15022682,106695948.29870681,0.14847999811172485
facebook/opt-125m,64,1024,prefill,prefill,prefill_gemm,63.0,,10,1,36,106695948.29870681,106695948.44718681,0.14847999811172485
facebook/opt-125m,64,1024,prefill,prefill,prefill_gemm,63.0,,10,2,36,106695948.44718681,106695948.59566681,0.14847999811172485
facebook/opt-125m,64,1024,prefill,prefill,prefill_gemm,63.0,,10,3,36,106695948.59566681,106695948.74414681,0.14847999811172485
facebook/opt-125m,64,1024,prefill,prefill,prefill_gemm,63.0,,10,4,36,106695948.74414681,106695948.8926268,0.14847999811172485
facebook/opt-125m,64,1024,prefill,prefill,prefill_gemm,63.0,,10,5,36,106695948.8926268,106695949.0411068,0.14847999811172485
facebook/opt-125m,64,1024,prefill,prefill,prefill_gemm,63.0,,11,0,36,106695949.0411068,106695949.1895868,0.14847999811172485
facebook/opt-125m,64,1024,prefill,prefill,prefill_gemm,63.0,,11,1,36,106695949.1895868,106695949.3380668,0.14847999811172485
facebook/opt-125m,64,1024,prefill,prefill,prefill_gemm,63.0,,11,2,36,106695949.3380668,106695949.4865468,0.14847999811172485
facebook/opt-125m,64,1024,prefill,prefill,prefill_gemm,63.0,,11,3,36,106695949.4865468,106695949.6350268,0.14847999811172485
facebook/opt-125m,64,1024,prefill,prefill,prefill_gemm,63.0,,11,4,36,106695949.6350268,106695949.7835068,0.14847999811172485
facebook/opt-125m,64,1024,prefill,prefill,prefill_gemm,63.0,,11,5,36,106695949.7835068,106695949.9319868,0.14847999811172485
facebook/opt-125m,64,1024,decode,vram,decode_gemv,,0.0,0,0,36,106695949.9319868,106695950.0447548,0.1127680093050003
facebook/opt-125m,64,1024,decode,vram,decode_gemv,,0.0,0,1,36,106695950.0447548,106695950.15752281,0.1127680093050003
facebook/opt-125m,64,1024,decode,vram,decode_gemv,,0.0,0,2,36,106695950.15752281,106695950.27029082,0.1127680093050003
facebook/opt-125m,64,1024,decode,vram,decode_gemv,,0.0,0,3,36,106695950.27029082,106695950.38305883,0.1127680093050003
facebook/opt-125m,64,1024,decode,vram,decode_gemv,,0.0,0,4,36,106695950.38305883,106695950.49582684,0.1127680093050003
facebook/opt-125m,64,1024,decode,vram,decode_gemv,,0.0,0,5,36,106695950.49582684,106695950.60859485,0.1127680093050003
facebook/opt-125m,64,1024,decode,vram,attention_fetch_compute,,0.0,0,0,36,106695950.60859485,106695952.55624285,1.9476480036973953
facebook/opt-125m,64,1024,decode,vram,reduction_overhead,,0.0,0,0,36,106695952.55624285,106695953.31690845,0.7606655955314636
facebook/opt-125m,64,1024,decode,vram,decode_gemv,,0.0,1,0,36,106695953.31690845,106695953.42967646,0.1127680093050003
facebook/opt-125m,64,1024,decode,vram,decode_gemv,,0.0,1,1,36,106695953.42967646,106695953.54244447,0.1127680093050003
facebook/opt-125m,64,1024,decode,vram,decode_gemv,,0.0,1,2,36,106695953.54244447,106695953.65521248,0.1127680093050003
facebook/opt-125m,64,1024,decode,vram,decode_gemv,,0.0,1,3,36,106695953.65521248,106695953.76798049,0.1127680093050003
facebook/opt-125m,64,1024,decode,vram,decode_gemv,,0.0,1,4,36,106695953.76798049,106695953.8807485,0.1127680093050003
facebook/opt-125m,64,1024,decode,vram,decode_gemv,,0.0,1,5,36,106695953.8807485,106695953.9935165,0.1127680093050003
facebook/opt-125m,64,1024,decode,vram,attention_fetch_compute,,0.0,1,0,36,106695953.9935165,106695955.94116451,1.9476480036973953
facebook/opt-125m,64,1024,decode,vram,reduction_overhead,,0.0,1,0,36,106695955.94116451,106695956.7018301,0.7606655955314636
facebook/opt-125m,64,1024,decode,vram,decode_gemv,,0.0,2,0,36,106695956.7018301,106695956.81459811,0.1127680093050003
facebook/opt-125m,64,1024,decode,vram,decode_gemv,,0.0,2,1,36,106695956.81459811,106695956.92736612,0.1127680093050003
facebook/opt-125m,64,1024,decode,vram,decode_gemv,,0.0,2,2,36,106695956.92736612,106695957.04013413,0.1127680093050003
facebook/opt-125m,64,1024,decode,vram,decode_gemv,,0.0,2,3,36,106695957.04013413,106695957.15290214,0.1127680093050003
facebook/opt-125m,64,1024,decode,vram,decode_gemv,,0.0,2,4,36,106695957.15290214,106695957.26567015,0.1127680093050003
facebook/opt-125m,64,1024,decode,vram,decode_gemv,,0.0,2,5,36,106695957.26567015,106695957.37843816,0.1127680093050003
facebook/opt-125m,64,1024,decode,vram,attention_fetch_compute,,0.0,2,0,36,106695957.37843816,106695959.32608616,1.9476480036973953
facebook/opt-125m,64,1024,decode,vram,reduction_overhead,,0.0,2,0,36,106695959.32608616,106695960.08675176,0.7606655955314636
facebook/opt-125m,64,1024,decode,vram,decode_gemv,,0.0,3,0,36,106695960.08675176,106695960.19951977,0.1127680093050003
facebook/opt-125m,64,1024,decode,vram,decode_gemv,,0.0,3,1,36,106695960.19951977,106695960.31228778,0.1127680093050003
facebook/opt-125m,64,1024,decode,vram,decode_gemv,,0.0,3,2,36,106695960.31228778,106695960.42505579,0.1127680093050003
facebook/opt-125m,64,1024,decode,vram,decode_gemv,,0.0,3,3,36,106695960.42505579,106695960.5378238,0.1127680093050003
facebook/opt-125m,64,1024,decode,vram,decode_gemv,,0.0,3,4,36,106695960.5378238,106695960.6505918,0.1127680093050003
facebook/opt-125m,64,1024,decode,vram,decode_gemv,,0.0,3,5,36,106695960.6505918,106695960.76335981,0.1127680093050003
facebook/opt-125m,64,1024,decode,vram,attention_fetch_compute,,0.0,3,0,36,106695960.76335981,106695962.71100782,1.9476480036973953
facebook/opt-125m,64,1024,decode,vram,reduction_overhead,,0.0,3,0,36,106695962.71100782,106695963.47167341,0.7606655955314636
facebook/opt-125m,64,1024,decode,vram,decode_gemv,,0.0,4,0,36,106695963.47167341,106695963.58444142,0.1127680093050003
facebook/opt-125m,64,1024,decode,vram,decode_gemv,,0.0,4,1,36,106695963.58444142,106695963.69720943,0.1127680093050003
facebook/opt-125m,64,1024,decode,vram,decode_gemv,,0.0,4,2,36,106695963.69720943,106695963.80997744,0.1127680093050003
facebook/opt-125m,64,1024,decode,vram,decode_gemv,,0.0,4,3,36,106695963.80997744,106695963.92274545,0.1127680093050003
facebook/opt-125m,64,1024,decode,vram,decode_gemv,,0.0,4,4,36,106695963.92274545,106695964.03551346,0.1127680093050003
facebook/opt-125m,64,1024,decode,vram,decode_gemv,,0.0,4,5,36,106695964.03551346,106695964.14828147,0.1127680093050003
facebook/opt-125m,64,1024,decode,vram,attention_fetch_compute,,0.0,4,0,36,106695964.14828147,106695966.09592947,1.9476480036973953
facebook/opt-125m,64,1024,decode,vram,reduction_overhead,,0.0,4,0,36,106695966.09592947,106695966.85659507,0.7606655955314636
facebook/opt-125m,64,1024,decode,vram,decode_gemv,,0.0,5,0,36,106695966.85659507,106695966.96936308,0.1127680093050003
facebook/opt-125m,64,1024,decode,vram,decode_gemv,,0.0,5,1,36,106695966.96936308,106695967.08213109,0.1127680093050003
facebook/opt-125m,64,1024,decode,vram,decode_gemv,,0.0,5,2,36,106695967.08213109,106695967.1948991,0.1127680093050003
facebook/opt-125m,64,1024,decode,vram,decode_gemv,,0.0,5,3,36,106695967.1948991,106695967.3076671,0.1127680093050003
facebook/opt-125m,64,1024,decode,vram,decode_gemv,,0.0,5,4,36,106695967.3076671,106695967.42043512,0.1127680093050003
facebook/opt-125m,64,1024,decode,vram,decode_gemv,,0.0,5,5,36,106695967.42043512,106695967.53320312,0.1127680093050003
facebook/opt-125m,64,1024,decode,vram,attention_fetch_compute,,0.0,5,0,36,106695967.53320312,106695969.48085113,1.9476480036973953
facebook/opt-125m,64,1024,decode,vram,reduction_overhead,,0.0,5,0,36,106695969.48085113,106695970.24151672,0.7606655955314636
facebook/opt-125m,64,1024,decode,vram,decode_gemv,,0.0,6,0,36,106695970.24151672,106695970.35428473,0.1127680093050003
facebook/opt-125m,64,1024,decode,vram,decode_gemv,,0.0,6,1,36,106695970.35428473,106695970.46705274,0.1127680093050003
facebook/opt-125m,64,1024,decode,vram,decode_gemv,,0.0,6,2,36,106695970.46705274,106695970.57982075,0.1127680093050003
facebook/opt-125m,64,1024,decode,vram,decode_gemv,,0.0,6,3,36,106695970.57982075,106695970.69258876,0.1127680093050003
facebook/opt-125m,64,1024,decode,vram,decode_gemv,,0.0,6,4,36,106695970.69258876,106695970.80535677,0.1127680093050003
facebook/opt-125m,64,1024,decode,vram,decode_gemv,,0.0,6,5,36,106695970.80535677,106695970.91812478,0.1127680093050003
facebook/opt-125m,64,1024,decode,vram,attention_fetch_compute,,0.0,6,0,36,106695970.91812478,106695972.86577278,1.9476480036973953
facebook/opt-125m,64,1024,decode,vram,reduction_overhead,,0.0,6,0,36,106695972.86577278,106695973.62643838,0.7606655955314636
facebook/opt-125m,64,1024,decode,vram,decode_gemv,,0.0,7,0,36,106695973.62643838,106695973.73920639,0.1127680093050003
facebook/opt-125m,64,1024,decode,vram,decode_gemv,,0.0,7,1,36,106695973.73920639,106695973.8519744,0.1127680093050003
facebook/opt-125m,64,1024,decode,vram,decode_gemv,,0.0,7,2,36,106695973.8519744,106695973.9647424,0.1127680093050003
facebook/opt-125m,64,1024,decode,vram,decode_gemv,,0.0,7,3,36,106695973.9647424,106695974.07751042,0.1127680093050003
facebook/opt-125m,64,1024,decode,vram,decode_gemv,,0.0,7,4,36,106695974.07751042,106695974.19027843,0.1127680093050003
facebook/opt-125m,64,1024,decode,vram,decode_gemv,,0.0,7,5,36,106695974.19027843,106695974.30304644,0.1127680093050003
facebook/opt-125m,64,1024,decode,vram,attention_fetch_compute,,0.0,7,0,36,106695974.30304644,106695976.25069444,1.9476480036973953
facebook/opt-125m,64,1024,decode,vram,reduction_overhead,,0.0,7,0,36,106695976.25069444,106695977.01136003,0.7606655955314636
facebook/opt-125m,64,1024,decode,vram,decode_gemv,,0.0,8,0,36,106695977.01136003,106695977.12412804,0.1127680093050003
facebook/opt-125m,64,1024,decode,vram,decode_gemv,,0.0,8,1,36,106695977.12412804,106695977.23689605,0.1127680093050003
facebook/opt-125m,64,1024,decode,vram,decode_gemv,,0.0,8,2,36,106695977.23689605,106695977.34966406,0.1127680093050003
facebook/opt-125m,64,1024,decode,vram,decode_gemv,,0.0,8,3,36,106695977.34966406,106695977.46243207,0.1127680093050003
facebook/opt-125m,64,1024,decode,vram,decode_gemv,,0.0,8,4,36,106695977.46243207,106695977.57520008,0.1127680093050003
facebook/opt-125m,64,1024,decode,vram,decode_gemv,,0.0,8,5,36,106695977.57520008,106695977.68796809,0.1127680093050003
facebook/opt-125m,64,1024,decode,vram,attention_fetch_compute,,0.0,8,0,36,106695977.68796809,106695979.6356161,1.9476480036973953
facebook/opt-125m,64,1024,decode,vram,reduction_overhead,,0.0,8,0,36,106695979.6356161,106695980.39628169,0.7606655955314636
facebook/opt-125m,64,1024,decode,vram,decode_gemv,,0.0,9,0,36,106695980.39628169,106695980.5090497,0.1127680093050003
facebook/opt-125m,64,1024,decode,vram,decode_gemv,,0.0,9,1,36,106695980.5090497,106695980.62181771,0.1127680093050003
facebook/opt-125m,64,1024,decode,vram,decode_gemv,,0.0,9,2,36,106695980.62181771,106695980.73458572,0.1127680093050003
facebook/opt-125m,64,1024,decode,vram,decode_gemv,,0.0,9,3,36,106695980.73458572,106695980.84735373,0.1127680093050003
facebook/opt-125m,64,1024,decode,vram,decode_gemv,,0.0,9,4,36,106695980.84735373,106695980.96012174,0.1127680093050003
facebook/opt-125m,64,1024,decode,vram,decode_gemv,,0.0,9,5,36,106695980.96012174,106695981.07288975,0.1127680093050003
facebook/opt-125m,64,1024,decode,vram,attention_fetch_compute,,0.0,9,0,36,106695981.07288975,106695983.02053775,1.9476480036973953
facebook/opt-125m,64,1024,decode,vram,reduction_overhead,,0.0,9,0,36,106695983.02053775,106695983.78120334,0.7606655955314636
facebook/opt-125m,64,1024,decode,vram,decode_gemv,,0.0,10,0,36,106695983.78120334,106695983.89397135,0.1127680093050003
facebook/opt-125m,64,1024,decode,vram,decode_gemv,,0.0,10,1,36,106695983.89397135,106695984.00673936,0.1127680093050003
facebook/opt-125m,64,1024,decode,vram,decode_gemv,,0.0,10,2,36,106695984.00673936,106695984.11950737,0.1127680093050003
facebook/opt-125m,64,1024,decode,vram,decode_gemv,,0.0,10,3,36,106695984.11950737,106695984.23227538,0.1127680093050003
facebook/opt-125m,64,1024,decode,vram,decode_gemv,,0.0,10,4,36,106695984.23227538,106695984.34504339,0.1127680093050003
facebook/opt-125m,64,1024,decode,vram,decode_gemv,,0.0,10,5,36,106695984.34504339,106695984.4578114,0.1127680093050003
facebook/opt-125m,64,1024,decode,vram,attention_fetch_compute,,0.0,10,0,37,106695985.831272,106695987.77892001,1.9476480036973953
facebook/opt-125m,64,1024,decode,vram,reduction_overhead,,0.0,10,0,37,106695987.77892001,106695988.5395856,0.7606655955314636
facebook/opt-125m,64,1024,decode,vram,decode_gemv,,0.0,11,0,37,106695988.5395856,106695988.65235361,0.1127680093050003
facebook/opt-125m,64,1024,decode,vram,decode_gemv,,0.0,11,1,37,106695988.65235361,106695988.76512162,0.1127680093050003
facebook/opt-125m,64,1024,decode,vram,decode_gemv,,0.0,11,2,37,106695988.76512162,106695988.87788963,0.1127680093050003
facebook/opt-125m,64,1024,decode,vram,decode_gemv,,0.0,11,3,37,106695988.87788963,106695988.99065764,0.1127680093050003
facebook/opt-125m,64,1024,decode,vram,decode_gemv,,0.0,11,4,37,106695988.99065764,106695989.10342565,0.1127680093050003
facebook/opt-125m,64,1024,decode,vram,decode_gemv,,0.0,11,5,37,106695989.10342565,106695989.21619366,0.1127680093050003
facebook/opt-125m,64,1024,decode,vram,attention_fetch_compute,,0.0,11,0,37,106695989.21619366,106695991.16384166,1.9476480036973953
facebook/opt-125m,64,1024,decode,vram,reduction_overhead,,0.0,11,0,37,106695991.16384166,106695991.92450726,0.7606655955314636
facebook/opt-125m,64,1024,decode,pcie_async,decode_gemv,,0.0,0,0,36,106695949.9319868,106695950.0447548,0.1127680093050003
facebook/opt-125m,64,1024,decode,pcie_async,decode_gemv,,0.0,0,1,36,106695950.0447548,106695950.15752281,0.1127680093050003
facebook/opt-125m,64,1024,decode,pcie_async,decode_gemv,,0.0,0,2,36,106695950.15752281,106695950.27029082,0.1127680093050003
facebook/opt-125m,64,1024,decode,pcie_async,decode_gemv,,0.0,0,3,36,106695950.27029082,106695950.38305883,0.1127680093050003
facebook/opt-125m,64,1024,decode,pcie_async,decode_gemv,,0.0,0,4,36,106695950.38305883,106695950.49582684,0.1127680093050003
facebook/opt-125m,64,1024,decode,pcie_async,decode_gemv,,0.0,0,5,36,106695950.49582684,106695950.60859485,0.1127680093050003
facebook/opt-125m,64,1024,decode,pcie_async,pcie_exposed_transfer,,0.0,0,0,36,106695950.60859485,106695950.94057614,0.33198128640651703
facebook/opt-125m,64,1024,decode,pcie_async,pcie_exposed_transfer,,0.0,0,1,36,106695950.94057614,106695951.27255742,0.33198128640651703
facebook/opt-125m,64,1024,decode,pcie_async,pcie_exposed_transfer,,0.0,0,2,36,106695951.27255742,106695951.60453871,0.33198128640651703
facebook/opt-125m,64,1024,decode,pcie_async,pcie_exposed_transfer,,0.0,0,3,36,106695951.60453871,106695951.93652,0.33198128640651703
facebook/opt-125m,64,1024,decode,pcie_async,pcie_exposed_transfer,,0.0,0,4,36,106695951.93652,106695952.26850128,0.33198128640651703
facebook/opt-125m,64,1024,decode,pcie_async,pcie_exposed_transfer,,0.0,0,5,36,106695952.26850128,106695952.60048257,0.33198128640651703
facebook/opt-125m,64,1024,decode,pcie_async,pcie_exposed_transfer,,0.0,0,6,36,106695952.60048257,106695952.93246385,0.33198128640651703
facebook/opt-125m,64,1024,decode,pcie_async,pcie_exposed_transfer,,0.0,0,7,36,106695952.93246385,106695953.26444514,0.33198128640651703
facebook/opt-125m,64,1024,decode,pcie_async,pcie_exposed_transfer,,0.0,0,8,36,106695953.26444514,106695953.59642643,0.33198128640651703
facebook/opt-125m,64,1024,decode,pcie_async,pcie_exposed_transfer,,0.0,0,9,36,106695953.59642643,106695953.92840771,0.33198128640651703
facebook/opt-125m,64,1024,decode,pcie_async,pcie_exposed_transfer,,0.0,0,10,36,106695953.92840771,106695954.260389,0.33198128640651703
facebook/opt-125m,64,1024,decode,pcie_async,pcie_exposed_transfer,,0.0,0,11,36,106695954.260389,106695954.59237029,0.33198128640651703
facebook/opt-125m,64,1024,decode,pcie_async,pcie_exposed_transfer,,0.0,0,12,36,106695954.59237029,106695954.92435157,0.33198128640651703
facebook/opt-125m,64,1024,decode,pcie_async,pcie_exposed_transfer,,0.0,0,13,36,106695954.92435157,106695955.25633286,0.33198128640651703
facebook/opt-125m,64,1024,decode,pcie_async,pcie_exposed_transfer,,0.0,0,14,36,106695955.25633286,106695955.58831415,0.33198128640651703
facebook/opt-125m,64,1024,decode,pcie_async,pcie_exposed_transfer,,0.0,0,15,36,106695955.58831415,106695955.92029543,0.33198128640651703
facebook/opt-125m,64,1024,decode,pcie_async,attention_fetch_compute,,0.0,0,0,36,106695955.92029543,106695957.86794344,1.9476480036973953
facebook/opt-125m,64,1024,decode,pcie_async,reduction_overhead,,0.0,0,0,36,106695957.86794344,106695958.62860903,0.7606655955314636
facebook/opt-125m,64,1024,decode,pcie_async,decode_gemv,,0.0,1,0,36,106695958.62860903,106695958.74137704,0.1127680093050003
facebook/opt-125m,64,1024,decode,pcie_async,decode_gemv,,0.0,1,1,36,106695958.74137704,106695958.85414505,0.1127680093050003
facebook/opt-125m,64,1024,decode,pcie_async,decode_gemv,,0.0,1,2,36,106695958.85414505,106695958.96691306,0.1127680093050003
facebook/opt-125m,64,1024,decode,pcie_async,decode_gemv,,0.0,1,3,36,106695958.96691306,106695959.07968107,0.1127680093050003
facebook/opt-125m,64,1024,decode,pcie_async,decode_gemv,,0.0,1,4,36,106695959.07968107,106695959.19244908,0.1127680093050003
facebook/opt-125m,64,1024,decode,pcie_async,decode_gemv,,0.0,1,5,36,106695959.19244908,106695959.30521709,0.1127680093050003
facebook/opt-125m,64,1024,decode,pcie_async,pcie_exposed_transfer,,0.0,1,0,36,106695959.30521709,106695959.63719837,0.33198128640651703
facebook/opt-125m,64,1024,decode,pcie_async,pcie_exposed_transfer,,0.0,1,1,36,106695959.63719837,106695959.96917966,0.33198128640651703
facebook/opt-125m,64,1024,decode,pcie_async,pcie_exposed_transfer,,0.0,1,2,36,106695959.96917966,106695960.30116095,0.33198128640651703
facebook/opt-125m,64,1024,decode,pcie_async,pcie_exposed_transfer,,0.0,1,3,36,106695960.30116095,106695960.63314223,0.33198128640651703
facebook/opt-125m,64,1024,decode,pcie_async,pcie_exposed_transfer,,0.0,1,4,36,106695960.63314223,106695960.96512352,0.33198128640651703
facebook/opt-125m,64,1024,decode,pcie_async,pcie_exposed_transfer,,0.0,1,5,36,106695960.96512352,106695961.2971048,0.33198128640651703
facebook/opt-125m,64,1024,decode,pcie_async,pcie_exposed_transfer,,0.0,1,6,36,106695961.2971048,106695961.62908609,0.33198128640651703
facebook/opt-125m,64,1024,decode,pcie_async,pcie_exposed_transfer,,0.0,1,7,36,106695961.62908609,106695961.96106738,0.33198128640651703
facebook/opt-125m,64,1024,decode,pcie_async,pcie_exposed_transfer,,0.0,1,8,36,106695961.96106738,106695962.29304866,0.33198128640651703
facebook/opt-125m,64,1024,decode,pcie_async,pcie_exposed_transfer,,0.0,1,9,36,106695962.29304866,106695962.62502995,0.33198128640651703
facebook/opt-125m,64,1024,decode,pcie_async,pcie_exposed_transfer,,0.0,1,10,36,106695962.62502995,106695962.95701124,0.33198128640651703
facebook/opt-125m,64,1024,decode,pcie_async,pcie_exposed_transfer,,0.0,1,11,36,106695962.95701124,106695963.28899252,0.33198128640651703
facebook/opt-125m,64,1024,decode,pcie_async,pcie_exposed_transfer,,0.0,1,12,36,106695963.28899252,106695963.62097381,0.33198128640651703
facebook/opt-125m,64,1024,decode,pcie_async,pcie_exposed_transfer,,0.0,1,13,36,106695963.62097381,106695963.9529551,0.33198128640651703
facebook/opt-125m,64,1024,decode,pcie_async,pcie_exposed_transfer,,0.0,1,14,36,106695963.9529551,106695964.28493638,0.33198128640651703
facebook/opt-125m,64,1024,decode,pcie_async,pcie_exposed_transfer,,0.0,1,15,36,106695964.28493638,106695964.61691767,0.33198128640651703
facebook/opt-125m,64,1024,decode,pcie_async,attention_fetch_compute,,0.0,1,0,36,106695964.61691767,106695966.56456567,1.9476480036973953
facebook/opt-125m,64,1024,decode,pcie_async,reduction_overhead,,0.0,1,0,36,106695966.56456567,106695967.32523127,0.7606655955314636
facebook/opt-125m,64,1024,decode,pcie_async,decode_gemv,,0.0,2,0,36,106695967.32523127,106695967.43799928,0.1127680093050003
facebook/opt-125m,64,1024,decode,pcie_async,decode_gemv,,0.0,2,1,36,106695967.43799928,106695967.55076729,0.1127680093050003
facebook/opt-125m,64,1024,decode,pcie_async,decode_gemv,,0.0,2,2,36,106695967.55076729,106695967.6635353,0.1127680093050003
facebook/opt-125m,64,1024,decode,pcie_async,decode_gemv,,0.0,2,3,36,106695967.6635353,106695967.7763033,0.1127680093050003
facebook/opt-125m,64,1024,decode,pcie_async,decode_gemv,,0.0,2,4,36,106695967.7763033,106695967.88907132,0.1127680093050003
facebook/opt-125m,64,1024,decode,pcie_async,decode_gemv,,0.0,2,5,36,106695967.88907132,106695968.00183932,0.1127680093050003
facebook/opt-125m,64,1024,decode,pcie_async,pcie_exposed_transfer,,0.0,2,0,36,106695968.00183932,106695968.33382061,0.33198128640651703
facebook/opt-125m,64,1024,decode,pcie_async,pcie_exposed_transfer,,0.0,2,1,36,106695968.33382061,106695968.6658019,0.33198128640651703
facebook/opt-125m,64,1024,decode,pcie_async,pcie_exposed_transfer,,0.0,2,2,36,106695968.6658019,106695968.99778318,0.33198128640651703
facebook/opt-125m,64,1024,decode,pcie_async,pcie_exposed_transfer,,0.0,2,3,36,106695968.99778318,106695969.32976447,0.33198128640651703
facebook/opt-125m,64,1024,decode,pcie_async,pcie_exposed_transfer,,0.0,2,4,36,106695969.32976447,106695969.66174576,0.33198128640651703
facebook/opt-125m,64,1024,decode,pcie_async,pcie_exposed_transfer,,0.0,2,5,36,106695969.66174576,106695969.99372704,0.33198128640651703
facebook/opt-125m,64,1024,decode,pcie_async,pcie_exposed_transfer,,0.0,2,6,36,106695969.99372704,106695970.32570833,0.33198128640651703
facebook/opt-125m,64,1024,decode,pcie_async,pcie_exposed_transfer,,0.0,2,7,36,106695970.32570833,106695970.65768962,0.33198128640651703
facebook/opt-125m,64,1024,decode,pcie_async,pcie_exposed_transfer,,0.0,2,8,36,106695970.65768962,106695970.9896709,0.33198128640651703
facebook/opt-125m,64,1024,decode,pcie_async,pcie_exposed_transfer,,0.0,2,9,36,106695970.9896709,106695971.32165219,0.33198128640651703
facebook/opt-125m,64,1024,decode,pcie_async,pcie_exposed_transfer,,0.0,2,10,36,106695971.32165219,106695971.65363348,0.33198128640651703
facebook/opt-125m,64,1024,decode,pcie_async,pcie_exposed_transfer,,0.0,2,11,36,106695971.65363348,106695971.98561476,0.33198128640651703
facebook/opt-125m,64,1024,decode,pcie_async,pcie_exposed_transfer,,0.0,2,12,36,106695971.98561476,106695972.31759605,0.33198128640651703
facebook/opt-125m,64,1024,decode,pcie_async,pcie_exposed_transfer,,0.0,2,13,36,106695972.31759605,106695972.64957733,0.33198128640651703
facebook/opt-125m,64,1024,decode,pcie_async,pcie_exposed_transfer,,0.0,2,14,36,106695972.64957733,106695972.98155862,0.33198128640651703
facebook/opt-125m,64,1024,decode,pcie_async,pcie_exposed_transfer,,0.0,2,15,36,106695972.98155862,106695973.3135399,0.33198128640651703
facebook/opt-125m,64,1024,decode,pcie_async,attention_fetch_compute,,0.0,2,0,36,106695973.3135399,106695975.26118791,1.9476480036973953
facebook/opt-125m,64,1024,decode,pcie_async,reduction_overhead,,0.0,2,0,36,106695975.26118791,106695976.0218535,0.7606655955314636
facebook/opt-125m,64,1024,decode,pcie_async,decode_gemv,,0.0,3,0,36,106695976.0218535,106695976.13462152,0.1127680093050003
facebook/opt-125m,64,1024,decode,pcie_async,decode_gemv,,0.0,3,1,36,106695976.13462152,106695976.24738953,0.1127680093050003
facebook/opt-125m,64,1024,decode,pcie_async,decode_gemv,,0.0,3,2,36,106695976.24738953,106695976.36015753,0.1127680093050003
facebook/opt-125m,64,1024,decode,pcie_async,decode_gemv,,0.0,3,3,36,106695976.36015753,106695976.47292554,0.1127680093050003
facebook/opt-125m,64,1024,decode,pcie_async,decode_gemv,,0.0,3,4,36,106695976.47292554,106695976.58569355,0.1127680093050003
facebook/opt-125m,64,1024,decode,pcie_async,decode_gemv,,0.0,3,5,36,106695976.58569355,106695976.69846156,0.1127680093050003
facebook/opt-125m,64,1024,decode,pcie_async,pcie_exposed_transfer,,0.0,3,0,36,106695976.69846156,106695977.03044285,0.33198128640651703
facebook/opt-125m,64,1024,decode,pcie_async,pcie_exposed_transfer,,0.0,3,1,36,106695977.03044285,106695977.36242414,0.33198128640651703
facebook/opt-125m,64,1024,decode,pcie_async,pcie_exposed_transfer,,0.0,3,2,36,106695977.36242414,106695977.69440542,0.33198128640651703
facebook/opt-125m,64,1024,decode,pcie_async,pcie_exposed_transfer,,0.0,3,3,36,106695977.69440542,106695978.02638671,0.33198128640651703
facebook/opt-125m,64,1024,decode,pcie_async,pcie_exposed_transfer,,0.0,3,4,36,106695978.02638671,106695978.358368,0.33198128640651703
facebook/opt-125m,64,1024,decode,pcie_async,pcie_exposed_transfer,,0.0,3,5,36,106695978.358368,106695978.69034928,0.33198128640651703
facebook/opt-125m,64,1024,decode,pcie_async,pcie_exposed_transfer,,0.0,3,6,36,106695978.69034928,106695979.02233057,0.33198128640651703
facebook/opt-125m,64,1024,decode,pcie_async,pcie_exposed_transfer,,0.0,3,7,36,106695979.02233057,106695979.35431185,0.33198128640651703
facebook/opt-125m,64,1024,decode,pcie_async,pcie_exposed_transfer,,0.0,3,8,36,106695979.35431185,106695979.68629314,0.33198128640651703
facebook/opt-125m,64,1024,decode,pcie_async,pcie_exposed_transfer,,0.0,3,9,36,106695979.68629314,106695980.01827443,0.33198128640651703
facebook/opt-125m,64,1024,decode,pcie_async,pcie_exposed_transfer,,0.0,3,10,36,106695980.01827443,106695980.35025571,0.33198128640651703
facebook/opt-125m,64,1024,decode,pcie_async,pcie_exposed_transfer,,0.0,3,11,36,106695980.35025571,106695980.682237,0.33198128640651703
facebook/opt-125m,64,1024,decode,pcie_async,pcie_exposed_transfer,,0.0,3,12,36,106695980.682237,106695981.01421829,0.33198128640651703
facebook/opt-125m,64,1024,decode,pcie_async,pcie_exposed_transfer,,0.0,3,13,36,106695981.01421829,106695981.34619957,0.33198128640651703
facebook/opt-125m,64,1024,decode,pcie_async,pcie_exposed_transfer,,0.0,3,14,36,106695981.34619957,106695981.67818086,0.33198128640651703
facebook/opt-125m,64,1024,decode,pcie_async,pcie_exposed_transfer,,0.0,3,15,36,106695981.67818086,106695982.01016214,0.33198128640651703
facebook/opt-125m,64,1024,decode,pcie_async,attention_fetch_compute,,0.0,3,0,36,106695982.01016214,106695983.95781015,1.9476480036973953
facebook/opt-125m,64,1024,decode,pcie_async,reduction_overhead,,0.0,3,0,36,106695983.95781015,106695984.71847574,0.7606655955314636
facebook/opt-125m,64,1024,decode,pcie_async,decode_gemv,,0.0,4,0,36,106695984.71847574,106695984.83124375,0.1127680093050003
facebook/opt-125m,64,1024,decode,pcie_async,decode_gemv,,0.0,4,1,36,106695984.83124375,106695984.94401176,0.1127680093050003
facebook/opt-125m,64,1024,decode,pcie_async,decode_gemv,,0.0,4,2,36,106695984.94401176,106695985.05677977,0.1127680093050003
facebook/opt-125m,64,1024,decode,pcie_async,decode_gemv,,0.0,4,3,36,106695985.05677977,106695985.16954778,0.1127680093050003
facebook/opt-125m,64,1024,decode,pcie_async,decode_gemv,,0.0,4,4,36,106695985.16954778,106695985.28231579,0.1127680093050003
facebook/opt-125m,64,1024,decode,pcie_async,decode_gemv,,0.0,4,5,36,106695985.28231579,106695985.3950838,0.1127680093050003
facebook/opt-125m,64,1024,decode,pcie_async,pcie_exposed_transfer,,0.0,4,0,36,106695985.3950838,106695985.72706509,0.33198128640651703
facebook/opt-125m,64,1024,decode,pcie_async,pcie_exposed_transfer,,0.0,4,1,37,106695985.831272,106695986.16325329,0.33198128640651703
facebook/opt-125m,64,1024,decode,pcie_async,pcie_exposed_transfer,,0.0,4,2,37,106695986.16325329,106695986.49523458,0.33198128640651703
facebook/opt-125m,64,1024,decode,pcie_async,pcie_exposed_transfer,,0.0,4,3,37,106695986.49523458,106695986.82721587,0.33198128640651703
facebook/opt-125m,64,1024,decode,pcie_async,pcie_exposed_transfer,,0.0,4,4,37,106695986.82721587,106695987.15919715,0.33198128640651703
facebook/opt-125m,64,1024,decode,pcie_async,pcie_exposed_transfer,,0.0,4,5,37,106695987.15919715,106695987.49117844,0.33198128640651703
facebook/opt-125m,64,1024,decode,pcie_async,pcie_exposed_transfer,,0.0,4,6,37,106695987.49117844,106695987.82315972,0.33198128640651703
facebook/opt-125m,64,1024,decode,pcie_async,pcie_exposed_transfer,,0.0,4,7,37,106695987.82315972,106695988.15514101,0.33198128640651703
facebook/opt-125m,64,1024,decode,pcie_async,pcie_exposed_transfer,,0.0,4,8,37,106695988.15514101,106695988.4871223,0.33198128640651703
facebook/opt-125m,64,1024,decode,pcie_async,pcie_exposed_transfer,,0.0,4,9,37,106695988.4871223,106695988.81910358,0.33198128640651703
facebook/opt-125m,64,1024,decode,pcie_async,pcie_exposed_transfer,,0.0,4,10,37,106695988.81910358,106695989.15108487,0.33198128640651703
facebook/opt-125m,64,1024,decode,pcie_async,pcie_exposed_transfer,,0.0,4,11,37,106695989.15108487,106695989.48306616,0.33198128640651703
facebook/opt-125m,64,1024,decode,pcie_async,pcie_exposed_transfer,,0.0,4,12,37,106695989.48306616,106695989.81504744,0.33198128640651703
facebook/opt-125m,64,1024,decode,pcie_async,pcie_exposed_transfer,,0.0,4,13,37,106695989.81504744,106695990.14702873,0.33198128640651703
facebook/opt-125m,64,1024,decode,pcie_async,pcie_exposed_transfer,,0.0,4,14,37,106695990.14702873,106695990.47901002,0.33198128640651703
facebook/opt-125m,64,1024,decode,pcie_async,pcie_exposed_transfer,,0.0,4,15,37,106695990.47901002,106695990.8109913,0.33198128640651703
facebook/opt-125m,64,1024,decode,pcie_async,attention_fetch_compute,,0.0,4,0,37,106695990.8109913,106695992.7586393,1.9476480036973953
facebook/opt-125m,64,1024,decode,pcie_async,reduction_overhead,,0.0,4,0,37,106695992.7586393,106695993.5193049,0.7606655955314636
facebook/opt-125m,64,1024,decode,pcie_async,decode_gemv,,0.0,5,0,37,106695993.5193049,106695993.63207291,0.1127680093050003
facebook/opt-125m,64,1024,decode,pcie_async,decode_gemv,,0.0,5,1,37,106695993.63207291,106695993.74484092,0.1127680093050003
facebook/opt-125m,64,1024,decode,pcie_async,decode_gemv,,0.0,5,2,37,106695993.74484092,106695993.85760893,0.1127680093050003
facebook/opt-125m,64,1024,decode,pcie_async,decode_gemv,,0.0,5,3,37,106695993.85760893,106695993.97037694,0.1127680093050003
facebook/opt-125m,64,1024,decode,pcie_async,decode_gemv,,0.0,5,4,37,106695993.97037694,106695994.08314495,0.1127680093050003
facebook/opt-125m,64,1024,decode,pcie_async,decode_gemv,,0.0,5,5,37,106695994.08314495,106695994.19591296,0.1127680093050003
facebook/opt-125m,64,1024,decode,pcie_async,pcie_exposed_transfer,,0.0,5,0,37,106695994.19591296,106695994.52789424,0.33198128640651703
facebook/opt-125m,64,1024,decode,pcie_async,pcie_exposed_transfer,,0.0,5,1,37,106695994.52789424,106695994.85987553,0.33198128640651703
facebook/opt-125m,64,1024,decode,pcie_async,pcie_exposed_transfer,,0.0,5,2,37,106695994.85987553,106695995.19185682,0.33198128640651703
facebook/opt-125m,64,1024,decode,pcie_async,pcie_exposed_transfer,,0.0,5,3,37,106695995.19185682,106695995.5238381,0.33198128640651703
facebook/opt-125m,64,1024,decode,pcie_async,pcie_exposed_transfer,,0.0,5,4,37,106695995.5238381,106695995.85581939,0.33198128640651703
facebook/opt-125m,64,1024,decode,pcie_async,pcie_exposed_transfer,,0.0,5,5,37,106695995.85581939,106695996.18780068,0.33198128640651703
facebook/opt-125m,64,1024,decode,pcie_async,pcie_exposed_transfer,,0.0,5,6,37,106695996.18780068,106695996.51978196,0.33198128640651703
facebook/opt-125m,64,1024,decode,pcie_async,pcie_exposed_transfer,,0.0,5,7,37,106695996.51978196,106695996.85176325,0.33198128640651703
facebook/opt-125m,64,1024,decode,pcie_async,pcie_exposed_transfer,,0.0,5,8,37,106695996.85176325,106695997.18374453,0.33198128640651703
facebook/opt-125m,64,1024,decode,pcie_async,pcie_exposed_transfer,,0.0,5,9,37,106695997.18374453,106695997.51572582,0.33198128640651703
facebook/opt-125m,64,1024,decode,pcie_async,pcie_exposed_transfer,,0.0,5,10,37,106695997.51572582,106695997.84770711,0.33198128640651703
facebook/opt-125m,64,1024,decode,pcie_async,pcie_exposed_transfer,,0.0,5,11,37,106695997.84770711,106695998.1796884,0.33198128640651703
facebook/opt-125m,64,1024,decode,pcie_async,pcie_exposed_transfer,,0.0,5,12,37,106695998.1796884,106695998.51166968,0.33198128640651703
facebook/opt-125m,64,1024,decode,pcie_async,pcie_exposed_transfer,,0.0,5,13,37,106695998.51166968,106695998.84365097,0.33198128640651703
facebook/opt-125m,64,1024,decode,pcie_async,pcie_exposed_transfer,,0.0,5,14,37,106695998.84365097,106695999.17563225,0.33198128640651703
facebook/opt-125m,64,1024,decode,pcie_async,pcie_exposed_transfer,,0.0,5,15,37,106695999.17563225,106695999.50761354,0.33198128640651703
facebook/opt-125m,64,1024,decode,pcie_async,attention_fetch_compute,,0.0,5,0,37,106695999.50761354,106696001.45526154,1.9476480036973953
facebook/opt-125m,64,1024,decode,pcie_async,reduction_overhead,,0.0,5,0,37,106696001.45526154,106696002.21592714,0.7606655955314636
facebook/opt-125m,64,1024,decode,pcie_async,decode_gemv,,0.0,6,0,37,106696002.21592714,106696002.32869515,0.1127680093050003
facebook/opt-125m,64,1024,decode,pcie_async,decode_gemv,,0.0,6,1,37,106696002.32869515,106696002.44146316,0.1127680093050003
facebook/opt-125m,64,1024,decode,pcie_async,decode_gemv,,0.0,6,2,37,106696002.44146316,106696002.55423117,0.1127680093050003
facebook/opt-125m,64,1024,decode,pcie_async,decode_gemv,,0.0,6,3,37,106696002.55423117,106696002.66699918,0.1127680093050003
facebook/opt-125m,64,1024,decode,pcie_async,decode_gemv,,0.0,6,4,37,106696002.66699918,106696002.77976719,0.1127680093050003
facebook/opt-125m,64,1024,decode,pcie_async,decode_gemv,,0.0,6,5,37,106696002.77976719,106696002.8925352,0.1127680093050003
facebook/opt-125m,64,1024,decode,pcie_async,pcie_exposed_transfer,,0.0,6,0,37,106696002.8925352,106696003.22451648,0.33198128640651703
facebook/opt-125m,64,1024,decode,pcie_async,pcie_exposed_transfer,,0.0,6,1,37,106696003.22451648,106696003.55649777,0.33198128640651703
facebook/opt-125m,64,1024,decode,pcie_async,pcie_exposed_transfer,,0.0,6,2,37,106696003.55649777,106696003.88847905,0.33198128640651703
facebook/opt-125m,64,1024,decode,pcie_async,pcie_exposed_transfer,,0.0,6,3,37,106696003.88847905,106696004.22046034,0.33198128640651703
facebook/opt-125m,64,1024,decode,pcie_async,pcie_exposed_transfer,,0.0,6,4,37,106696004.22046034,106696004.55244163,0.33198128640651703
facebook/opt-125m,64,1024,decode,pcie_async,pcie_exposed_transfer,,0.0,6,5,37,106696004.55244163,106696004.88442291,0.33198128640651703
facebook/opt-125m,64,1024,decode,pcie_async,pcie_exposed_transfer,,0.0,6,6,37,106696004.88442291,106696005.2164042,0.33198128640651703
facebook/opt-125m,64,1024,decode,pcie_async,pcie_exposed_transfer,,0.0,6,7,37,106696005.2164042,106696005.54838549,0.33198128640651703
facebook/opt-125m,64,1024,decode,pcie_async,pcie_exposed_transfer,,0.0,6,8,37,106696005.54838549,106696005.88036677,0.33198128640651703
facebook/opt-125m,64,1024,decode,pcie_async,pcie_exposed_transfer,,0.0,6,9,37,106696005.88036677,106696006.21234806,0.33198128640651703
facebook/opt-125m,64,1024,decode,pcie_async,pcie_exposed_transfer,,0.0,6,10,37,106696006.21234806,106696006.54432935,0.33198128640651703
facebook/opt-125m,64,1024,decode,pcie_async,pcie_exposed_transfer,,0.0,6,11,37,106696006.54432935,106696006.87631063,0.33198128640651703
facebook/opt-125m,64,1024,decode,pcie_async,pcie_exposed_transfer,,0.0,6,12,37,106696006.87631063,106696007.20829192,0.33198128640651703
facebook/opt-125m,64,1024,decode,pcie_async,pcie_exposed_transfer,,0.0,6,13,37,106696007.20829192,106696007.5402732,0.33198128640651703
facebook/opt-125m,64,1024,decode,pcie_async,pcie_exposed_transfer,,0.0,6,14,37,106696007.5402732,106696007.87225449,0.33198128640651703
facebook/opt-125m,64,1024,decode,pcie_async,pcie_exposed_transfer,,0.0,6,15,37,106696007.87225449,106696008.20423578,0.33198128640651703
facebook/opt-125m,64,1024,decode,pcie_async,attention_fetch_compute,,0.0,6,0,37,106696008.20423578,106696010.15188378,1.9476480036973953
facebook/opt-125m,64,1024,decode,pcie_async,reduction_overhead,,0.0,6,0,37,106696010.15188378,106696010.91254938,0.7606655955314636
facebook/opt-125m,64,1024,decode,pcie_async,decode_gemv,,0.0,7,0,37,106696010.91254938,106696011.02531739,0.1127680093050003
facebook/opt-125m,64,1024,decode,pcie_async,decode_gemv,,0.0,7,1,37,106696011.02531739,106696011.1380854,0.1127680093050003
facebook/opt-125m,64,1024,decode,pcie_async,decode_gemv,,0.0,7,2,37,106696011.1380854,106696011.2508534,0.1127680093050003
facebook/opt-125m,64,1024,decode,pcie_async,decode_gemv,,0.0,7,3,37,106696011.2508534,106696011.36362141,0.1127680093050003
facebook/opt-125m,64,1024,decode,pcie_async,decode_gemv,,0.0,7,4,37,106696011.36362141,106696011.47638942,0.1127680093050003
facebook/opt-125m,64,1024,decode,pcie_async,decode_gemv,,0.0,7,5,37,106696011.47638942,106696011.58915743,0.1127680093050003
facebook/opt-125m,64,1024,decode,pcie_async,pcie_exposed_transfer,,0.0,7,0,37,106696011.58915743,106696011.92113872,0.33198128640651703
facebook/opt-125m,64,1024,decode,pcie_async,pcie_exposed_transfer,,0.0,7,1,37,106696011.92113872,106696012.25312,0.33198128640651703
facebook/opt-125m,64,1024,decode,pcie_async,pcie_exposed_transfer,,0.0,7,2,37,106696012.25312,106696012.58510129,0.33198128640651703
facebook/opt-125m,64,1024,decode,pcie_async,pcie_exposed_transfer,,0.0,7,3,37,106696012.58510129,106696012.91708258,0.33198128640651703
facebook/opt-125m,64,1024,decode,pcie_async,pcie_exposed_transfer,,0.0,7,4,37,106696012.91708258,106696013.24906386,0.33198128640651703
facebook/opt-125m,64,1024,decode,pcie_async,pcie_exposed_transfer,,0.0,7,5,37,106696013.24906386,106696013.58104515,0.33198128640651703
facebook/opt-125m,64,1024,decode,pcie_async,pcie_exposed_transfer,,0.0,7,6,37,106696013.58104515,106696013.91302644,0.33198128640651703
facebook/opt-125m,64,1024,decode,pcie_async,pcie_exposed_transfer,,0.0,7,7,37,106696013.91302644,106696014.24500772,0.33198128640651703
facebook/opt-125m,64,1024,decode,pcie_async,pcie_exposed_transfer,,0.0,7,8,37,106696014.24500772,106696014.57698901,0.33198128640651703
facebook/opt-125m,64,1024,decode,pcie_async,pcie_exposed_transfer,,0.0,7,9,37,106696014.57698901,106696014.9089703,0.33198128640651703
facebook/opt-125m,64,1024,decode,pcie_async,pcie_exposed_transfer,,0.0,7,10,37,106696014.9089703,106696015.24095158,0.33198128640651703
facebook/opt-125m,64,1024,decode,pcie_async,pcie_exposed_transfer,,0.0,7,11,37,106696015.24095158,106696015.57293287,0.33198128640651703
facebook/opt-125m,64,1024,decode,pcie_async,pcie_exposed_transfer,,0.0,7,12,37,106696015.57293287,106696015.90491416,0.33198128640651703
facebook/opt-125m,64,1024,decode,pcie_async,pcie_exposed_transfer,,0.0,7,13,37,106696015.90491416,106696016.23689544,0.33198128640651703
facebook/opt-125m,64,1024,decode,pcie_async,pcie_exposed_transfer,,0.0,7,14,37,106696016.23689544,106696016.56887673,0.33198128640651703
facebook/opt-125m,64,1024,decode,pcie_async,pcie_exposed_transfer,,0.0,7,15,37,106696016.56887673,106696016.90085801,0.33198128640651703
facebook/opt-125m,64,1024,decode,pcie_async,attention_fetch_compute,,0.0,7,0,37,106696016.90085801,106696018.84850602,1.9476480036973953
facebook/opt-125m,64,1024,decode,pcie_async,reduction_overhead,,0.0,7,0,37,106696018.84850602,106696019.60917161,0.7606655955314636
facebook/opt-125m,64,1024,decode,pcie_async,decode_gemv,,0.0,8,0,37,106696019.60917161,106696019.72193962,0.1127680093050003
facebook/opt-125m,64,1024,decode,pcie_async,decode_gemv,,0.0,8,1,37,106696019.72193962,106696019.83470763,0.1127680093050003
facebook/opt-125m,64,1024,decode,pcie_async,decode_gemv,,0.0,8,2,37,106696019.83470763,106696019.94747564,0.1127680093050003
facebook/opt-125m,64,1024,decode,pcie_async,decode_gemv,,0.0,8,3,37,106696019.94747564,106696020.06024365,0.1127680093050003
facebook/opt-125m,64,1024,decode,pcie_async,decode_gemv,,0.0,8,4,37,106696020.06024365,106696020.17301166,0.1127680093050003
facebook/opt-125m,64,1024,decode,pcie_async,decode_gemv,,0.0,8,5,37,106696020.17301166,106696020.28577967,0.1127680093050003
facebook/opt-125m,64,1024,decode,pcie_async,pcie_exposed_transfer,,0.0,8,0,37,106696020.28577967,106696020.61776096,0.33198128640651703
facebook/opt-125m,64,1024,decode,pcie_async,pcie_exposed_transfer,,0.0,8,1,37,106696020.61776096,106696020.94974224,0.33198128640651703
facebook/opt-125m,64,1024,decode,pcie_async,pcie_exposed_transfer,,0.0,8,2,37,106696020.94974224,106696021.28172353,0.33198128640651703
facebook/opt-125m,64,1024,decode,pcie_async,pcie_exposed_transfer,,0.0,8,3,37,106696021.28172353,106696021.61370482,0.33198128640651703
facebook/opt-125m,64,1024,decode,pcie_async,pcie_exposed_transfer,,0.0,8,4,37,106696021.61370482,106696021.9456861,0.33198128640651703
facebook/opt-125m,64,1024,decode,pcie_async,pcie_exposed_transfer,,0.0,8,5,37,106696021.9456861,106696022.27766739,0.33198128640651703
facebook/opt-125m,64,1024,decode,pcie_async,pcie_exposed_transfer,,0.0,8,6,37,106696022.27766739,106696022.60964867,0.33198128640651703
facebook/opt-125m,64,1024,decode,pcie_async,pcie_exposed_transfer,,0.0,8,7,37,106696022.60964867,106696022.94162996,0.33198128640651703
facebook/opt-125m,64,1024,decode,pcie_async,pcie_exposed_transfer,,0.0,8,8,37,106696022.94162996,106696023.27361125,0.33198128640651703
facebook/opt-125m,64,1024,decode,pcie_async,pcie_exposed_transfer,,0.0,8,9,37,106696023.27361125,106696023.60559253,0.33198128640651703
facebook/opt-125m,64,1024,decode,pcie_async,pcie_exposed_transfer,,0.0,8,10,37,106696023.60559253,106696023.93757382,0.33198128640651703
facebook/opt-125m,64,1024,decode,pcie_async,pcie_exposed_transfer,,0.0,8,11,37,106696023.93757382,106696024.2695551,0.33198128640651703
facebook/opt-125m,64,1024,decode,pcie_async,pcie_exposed_transfer,,0.0,8,12,37,106696024.2695551,106696024.6015364,0.33198128640651703
facebook/opt-125m,64,1024,decode,pcie_async,pcie_exposed_transfer,,0.0,8,13,37,106696024.6015364,106696024.93351768,0.33198128640651703
facebook/opt-125m,64,1024,decode,pcie_async,pcie_exposed_transfer,,0.0,8,14,37,106696024.93351768,106696025.26549897,0.33198128640651703
facebook/opt-125m,64,1024,decode,pcie_async,pcie_exposed_transfer,,0.0,8,15,37,106696025.26549897,106696025.59748025,0.33198128640651703
facebook/opt-125m,64,1024,decode,pcie_async,attention_fetch_compute,,0.0,8,0,37,106696025.59748025,106696027.54512826,1.9476480036973953
facebook/opt-125m,64,1024,decode,pcie_async,reduction_overhead,,0.0,8,0,37,106696027.54512826,106696028.30579385,0.7606655955314636
facebook/opt-125m,64,1024,decode,pcie_async,decode_gemv,,0.0,9,0,37,106696028.30579385,106696028.41856186,0.1127680093050003
facebook/opt-125m,64,1024,decode,pcie_async,decode_gemv,,0.0,9,1,37,106696028.41856186,106696028.53132987,0.1127680093050003
facebook/opt-125m,64,1024,decode,pcie_async,decode_gemv,,0.0,9,2,37,106696028.53132987,106696028.64409788,0.1127680093050003
facebook/opt-125m,64,1024,decode,pcie_async,decode_gemv,,0.0,9,3,37,106696028.64409788,106696028.75686589,0.1127680093050003
facebook/opt-125m,64,1024,decode,pcie_async,decode_gemv,,0.0,9,4,37,106696028.75686589,106696028.8696339,0.1127680093050003
facebook/opt-125m,64,1024,decode,pcie_async,decode_gemv,,0.0,9,5,37,106696028.8696339,106696028.9824019,0.1127680093050003
facebook/opt-125m,64,1024,decode,pcie_async,pcie_exposed_transfer,,0.0,9,0,37,106696028.9824019,106696029.3143832,0.33198128640651703
facebook/opt-125m,64,1024,decode,pcie_async,pcie_exposed_transfer,,0.0,9,1,37,106696029.3143832,106696029.64636448,0.33198128640651703
facebook/opt-125m,64,1024,decode,pcie_async,pcie_exposed_transfer,,0.0,9,2,37,106696029.64636448,106696029.97834577,0.33198128640651703
facebook/opt-125m,64,1024,decode,pcie_async,pcie_exposed_transfer,,0.0,9,3,37,106696029.97834577,106696030.31032705,0.33198128640651703
facebook/opt-125m,64,1024,decode,pcie_async,pcie_exposed_transfer,,0.0,9,4,37,106696030.31032705,106696030.64230834,0.33198128640651703
facebook/opt-125m,64,1024,decode,pcie_async,pcie_exposed_transfer,,0.0,9,5,37,106696030.64230834,106696030.97428963,0.33198128640651703
facebook/opt-125m,64,1024,decode,pcie_async,pcie_exposed_transfer,,0.0,9,6,37,106696030.97428963,106696031.30627091,0.33198128640651703
facebook/opt-125m,64,1024,decode,pcie_async,pcie_exposed_transfer,,0.0,9,7,37,106696031.30627091,106696031.6382522,0.33198128640651703
facebook/opt-125m,64,1024,decode,pcie_async,pcie_exposed_transfer,,0.0,9,8,37,106696031.6382522,106696031.97023349,0.33198128640651703
facebook/opt-125m,64,1024,decode,pcie_async,pcie_exposed_transfer,,0.0,9,9,37,106696031.97023349,106696032.30221477,0.33198128640651703
facebook/opt-125m,64,1024,decode,pcie_async,pcie_exposed_transfer,,0.0,9,10,37,106696032.30221477,106696032.63419606,0.33198128640651703
facebook/opt-125m,64,1024,decode,pcie_async,pcie_exposed_transfer,,0.0,9,11,37,106696032.63419606,106696032.96617734,0.33198128640651703
facebook/opt-125m,64,1024,decode,pcie_async,pcie_exposed_transfer,,0.0,9,12,38,106696033.254344,106696033.58632529,0.33198128640651703
facebook/opt-125m,64,1024,decode,pcie_async,pcie_exposed_transfer,,0.0,9,13,38,106696033.58632529,106696033.91830657,0.33198128640651703
facebook/opt-125m,64,1024,decode,pcie_async,pcie_exposed_transfer,,0.0,9,14,38,106696033.91830657,106696034.25028786,0.33198128640651703
facebook/opt-125m,64,1024,decode,pcie_async,pcie_exposed_transfer,,0.0,9,15,38,106696034.25028786,106696034.58226915,0.33198128640651703
facebook/opt-125m,64,1024,decode,pcie_async,attention_fetch_compute,,0.0,9,0,38,106696034.58226915,106696036.52991715,1.9476480036973953
facebook/opt-125m,64,1024,decode,pcie_async,reduction_overhead,,0.0,9,0,38,106696036.52991715,106696037.29058275,0.7606655955314636
facebook/opt-125m,64,1024,decode,pcie_async,decode_gemv,,0.0,10,0,38,106696037.29058275,106696037.40335076,0.1127680093050003
facebook/opt-125m,64,1024,decode,pcie_async,decode_gemv,,0.0,10,1,38,106696037.40335076,106696037.51611876,0.1127680093050003
facebook/opt-125m,64,1024,decode,pcie_async,decode_gemv,,0.0,10,2,38,106696037.51611876,106696037.62888677,0.1127680093050003
facebook/opt-125m,64,1024,decode,pcie_async,decode_gemv,,0.0,10,3,38,106696037.62888677,106696037.74165478,0.1127680093050003
facebook/opt-125m,64,1024,decode,pcie_async,decode_gemv,,0.0,10,4,38,106696037.74165478,106696037.8544228,0.1127680093050003
facebook/opt-125m,64,1024,decode,pcie_async,decode_gemv,,0.0,10,5,38,106696037.8544228,106696037.9671908,0.1127680093050003
facebook/opt-125m,64,1024,decode,pcie_async,pcie_exposed_transfer,,0.0,10,0,38,106696037.9671908,106696038.29917209,0.33198128640651703
facebook/opt-125m,64,1024,decode,pcie_async,pcie_exposed_transfer,,0.0,10,1,38,106696038.29917209,106696038.63115337,0.33198128640651703
facebook/opt-125m,64,1024,decode,pcie_async,pcie_exposed_transfer,,0.0,10,2,38,106696038.63115337,106696038.96313466,0.33198128640651703
facebook/opt-125m,64,1024,decode,pcie_async,pcie_exposed_transfer,,0.0,10,3,38,106696038.96313466,106696039.29511595,0.33198128640651703
facebook/opt-125m,64,1024,decode,pcie_async,pcie_exposed_transfer,,0.0,10,4,38,106696039.29511595,106696039.62709723,0.33198128640651703
facebook/opt-125m,64,1024,decode,pcie_async,pcie_exposed_transfer,,0.0,10,5,38,106696039.62709723,106696039.95907852,0.33198128640651703
facebook/opt-125m,64,1024,decode,pcie_async,pcie_exposed_transfer,,0.0,10,6,38,106696039.95907852,106696040.2910598,0.33198128640651703
facebook/opt-125m,64,1024,decode,pcie_async,pcie_exposed_transfer,,0.0,10,7,38,106696040.2910598,106696040.6230411,0.33198128640651703
facebook/opt-125m,64,1024,decode,pcie_async,pcie_exposed_transfer,,0.0,10,8,38,106696040.6230411,106696040.95502238,0.33198128640651703
facebook/opt-125m,64,1024,decode,pcie_async,pcie_exposed_transfer,,0.0,10,9,38,106696040.95502238,106696041.28700367,0.33198128640651703
facebook/opt-125m,64,1024,decode,pcie_async,pcie_exposed_transfer,,0.0,10,10,38,106696041.28700367,106696041.61898495,0.33198128640651703
facebook/opt-125m,64,1024,decode,pcie_async,pcie_exposed_transfer,,0.0,10,11,38,106696041.61898495,106696041.95096624,0.33198128640651703
facebook/opt-125m,64,1024,decode,pcie_async,pcie_exposed_transfer,,0.0,10,12,38,106696041.95096624,106696042.28294753,0.33198128640651703
facebook/opt-125m,64,1024,decode,pcie_async,pcie_exposed_transfer,,0.0,10,13,38,106696042.28294753,106696042.61492881,0.33198128640651703
facebook/opt-125m,64,1024,decode,pcie_async,pcie_exposed_transfer,,0.0,10,14,38,106696042.61492881,106696042.9469101,0.33198128640651703
facebook/opt-125m,64,1024,decode,pcie_async,pcie_exposed_transfer,,0.0,10,15,38,106696042.9469101,106696043.27889138,0.33198128640651703
facebook/opt-125m,64,1024,decode,pcie_async,attention_fetch_compute,,0.0,10,0,38,106696043.27889138,106696045.22653939,1.9476480036973953
facebook/opt-125m,64,1024,decode,pcie_async,reduction_overhead,,0.0,10,0,38,106696045.22653939,106696045.98720498,0.7606655955314636
facebook/opt-125m,64,1024,decode,pcie_async,decode_gemv,,0.0,11,0,38,106696045.98720498,106696046.099973,0.1127680093050003
facebook/opt-125m,64,1024,decode,pcie_async,decode_gemv,,0.0,11,1,38,106696046.099973,106696046.212741,0.1127680093050003
facebook/opt-125m,64,1024,decode,pcie_async,decode_gemv,,0.0,11,2,38,106696046.212741,106696046.32550901,0.1127680093050003
facebook/opt-125m,64,1024,decode,pcie_async,decode_gemv,,0.0,11,3,38,106696046.32550901,106696046.43827702,0.1127680093050003
facebook/opt-125m,64,1024,decode,pcie_async,decode_gemv,,0.0,11,4,38,106696046.43827702,106696046.55104503,0.1127680093050003
facebook/opt-125m,64,1024,decode,pcie_async,decode_gemv,,0.0,11,5,38,106696046.55104503,106696046.66381304,0.1127680093050003
facebook/opt-125m,64,1024,decode,pcie_async,pcie_exposed_transfer,,0.0,11,0,38,106696046.66381304,106696046.99579433,0.33198128640651703
facebook/opt-125m,64,1024,decode,pcie_async,pcie_exposed_transfer,,0.0,11,1,38,106696046.99579433,106696047.32777561,0.33198128640651703
facebook/opt-125m,64,1024,decode,pcie_async,pcie_exposed_transfer,,0.0,11,2,38,106696047.32777561,106696047.6597569,0.33198128640651703
facebook/opt-125m,64,1024,decode,pcie_async,pcie_exposed_transfer,,0.0,11,3,38,106696047.6597569,106696047.99173819,0.33198128640651703
facebook/opt-125m,64,1024,decode,pcie_async,pcie_exposed_transfer,,0.0,11,4,38,106696047.99173819,106696048.32371947,0.33198128640651703
facebook/opt-125m,64,1024,decode,pcie_async,pcie_exposed_transfer,,0.0,11,5,38,106696048.32371947,106696048.65570076,0.33198128640651703
facebook/opt-125m,64,1024,decode,pcie_async,pcie_exposed_transfer,,0.0,11,6,38,106696048.65570076,106696048.98768204,0.33198128640651703
facebook/opt-125m,64,1024,decode,pcie_async,pcie_exposed_transfer,,0.0,11,7,38,106696048.98768204,106696049.31966333,0.33198128640651703
facebook/opt-125m,64,1024,decode,pcie_async,pcie_exposed_transfer,,0.0,11,8,38,106696049.31966333,106696049.65164462,0.33198128640651703
facebook/opt-125m,64,1024,decode,pcie_async,pcie_exposed_transfer,,0.0,11,9,38,106696049.65164462,106696049.9836259,0.33198128640651703
facebook/opt-125m,64,1024,decode,pcie_async,pcie_exposed_transfer,,0.0,11,10,38,106696049.9836259,106696050.31560719,0.33198128640651703
facebook/opt-125m,64,1024,decode,pcie_async,pcie_exposed_transfer,,0.0,11,11,38,106696050.31560719,106696050.64758848,0.33198128640651703
facebook/opt-125m,64,1024,decode,pcie_async,pcie_exposed_transfer,,0.0,11,12,38,106696050.64758848,106696050.97956976,0.33198128640651703
facebook/opt-125m,64,1024,decode,pcie_async,pcie_exposed_transfer,,0.0,11,13,38,106696050.97956976,106696051.31155105,0.33198128640651703
facebook/opt-125m,64,1024,decode,pcie_async,pcie_exposed_transfer,,0.0,11,14,38,106696051.31155105,106696051.64353234,0.33198128640651703
facebook/opt-125m,64,1024,decode,pcie_async,pcie_exposed_transfer,,0.0,11,15,38,106696051.64353234,106696051.97551362,0.33198128640651703
facebook/opt-125m,64,1024,decode,pcie_async,attention_fetch_compute,,0.0,11,0,38,106696051.97551362,106696053.92316163,1.9476480036973953
facebook/opt-125m,64,1024,decode,pcie_async,reduction_overhead,,0.0,11,0,38,106696053.92316163,106696054.68382722,0.7606655955314636
