model_id,chunk_tokens,op_type,op_name,sm_ai_partition,timed_iteration,duration_us,baseline_vram_bytes,peak_vram_bytes,dynamic_workspace_bytes,output_bytes,max_input_tokens,telemetry_ts,telemetry_tier,telemetry_provider,telemetry_status,gpu_util,gpu_mem_used_mb,sm_clock_mhz,mem_clock_mhz,power_w,pt_step_ms,pt_mem_alloc_mb,pt_mem_reserved_mb,pt_workspace_mb,nvml_available,sampling_error,acu_pct,gbu_pct,smu_pct,microscopic_telemetry_status,microscopic_error,point_id,public_status,failure_kind,failure_cause,raw_output_path
facebook/opt-350m,64,gemm,q_proj,8,0,107.68000036478043,35801088,35932160,131072,131072,1024,2026-04-15T16:19:59Z,baseline_nvml_pt,nvidia-smi,ok,0.0,67.0,1695.0,7601.0,60.08,0.10768000036478043,34.642578125,34.642578125,0.5,True,,69.57433744136378,70.9052586384313,61.12232067049419,estimated,,prefill-facebook-opt-350m-chunk-64-sm-8,success,,,/mnt/data/dheeraj/dicertation/inference-profile/runs/revised-rerun-20260415-171945-g1-opt350m/raw/points/prefill/prefill-facebook-opt-350m-chunk-64-sm-8.csv
facebook/opt-350m,64,gemm,k_proj,8,0,82.94399827718735,35801088,35932160,131072,131072,1024,2026-04-15T16:19:59Z,baseline_nvml_pt,nvidia-smi,ok,0.0,67.0,1695.0,7601.0,60.08,0.10768000036478043,34.642578125,34.642578125,0.5,True,,69.57433744136378,70.9052586384313,61.12232067049419,estimated,,prefill-facebook-opt-350m-chunk-64-sm-8,success,,,/mnt/data/dheeraj/dicertation/inference-profile/runs/revised-rerun-20260415-171945-g1-opt350m/raw/points/prefill/prefill-facebook-opt-350m-chunk-64-sm-8.csv
facebook/opt-350m,64,gemm,v_proj,8,0,75.6480023264885,35801088,35932160,131072,131072,1024,2026-04-15T16:19:59Z,baseline_nvml_pt,nvidia-smi,ok,0.0,67.0,1695.0,7601.0,60.08,0.10768000036478043,34.642578125,34.642578125,0.5,True,,69.57433744136378,70.9052586384313,61.12232067049419,estimated,,prefill-facebook-opt-350m-chunk-64-sm-8,success,,,/mnt/data/dheeraj/dicertation/inference-profile/runs/revised-rerun-20260415-171945-g1-opt350m/raw/points/prefill/prefill-facebook-opt-350m-chunk-64-sm-8.csv
facebook/opt-350m,64,gemm,out_proj,8,0,75.77600330114365,35801088,35932160,131072,131072,1024,2026-04-15T16:19:59Z,baseline_nvml_pt,nvidia-smi,ok,0.0,67.0,1695.0,7601.0,60.08,0.10768000036478043,34.642578125,34.642578125,0.5,True,,69.57433744136378,70.9052586384313,61.12232067049419,estimated,,prefill-facebook-opt-350m-chunk-64-sm-8,success,,,/mnt/data/dheeraj/dicertation/inference-profile/runs/revised-rerun-20260415-171945-g1-opt350m/raw/points/prefill/prefill-facebook-opt-350m-chunk-64-sm-8.csv
facebook/opt-350m,64,gemm,fc1,8,0,66.56000018119812,35801088,36325376,524288,524288,1024,2026-04-15T16:19:59Z,baseline_nvml_pt,nvidia-smi,ok,0.0,67.0,1695.0,7601.0,60.08,0.10768000036478043,34.642578125,34.642578125,0.5,True,,69.57433744136378,70.9052586384313,61.12232067049419,estimated,,prefill-facebook-opt-350m-chunk-64-sm-8,success,,,/mnt/data/dheeraj/dicertation/inference-profile/runs/revised-rerun-20260415-171945-g1-opt350m/raw/points/prefill/prefill-facebook-opt-350m-chunk-64-sm-8.csv
facebook/opt-350m,64,gemm,fc2,8,0,71.80800288915634,35801088,35932160,131072,131072,1024,2026-04-15T16:19:59Z,baseline_nvml_pt,nvidia-smi,ok,0.0,67.0,1695.0,7601.0,60.08,0.10768000036478043,34.642578125,34.642578125,0.5,True,,69.57433744136378,70.9052586384313,61.12232067049419,estimated,,prefill-facebook-opt-350m-chunk-64-sm-8,success,,,/mnt/data/dheeraj/dicertation/inference-profile/runs/revised-rerun-20260415-171945-g1-opt350m/raw/points/prefill/prefill-facebook-opt-350m-chunk-64-sm-8.csv
facebook/opt-350m,64,attention,attention,8,0,55.296000093221664,35801088,35937280,136192,131072,1024,2026-04-15T16:19:59Z,baseline_nvml_pt,nvidia-smi,ok,0.0,67.0,1695.0,7601.0,60.08,0.10768000036478043,34.642578125,34.642578125,0.5,True,,69.57433744136378,70.9052586384313,61.12232067049419,estimated,,prefill-facebook-opt-350m-chunk-64-sm-8,success,,,/mnt/data/dheeraj/dicertation/inference-profile/runs/revised-rerun-20260415-171945-g1-opt350m/raw/points/prefill/prefill-facebook-opt-350m-chunk-64-sm-8.csv
facebook/opt-350m,64,gemm,q_proj,8,1,73.72800260782242,35801088,35932160,131072,131072,1024,2026-04-15T16:19:59Z,baseline_nvml_pt,nvidia-smi,ok,0.0,67.0,1695.0,7601.0,60.08,0.10768000036478043,34.642578125,34.642578125,0.5,True,,69.57433744136378,70.9052586384313,61.12232067049419,estimated,,prefill-facebook-opt-350m-chunk-64-sm-8,success,,,/mnt/data/dheeraj/dicertation/inference-profile/runs/revised-rerun-20260415-171945-g1-opt350m/raw/points/prefill/prefill-facebook-opt-350m-chunk-64-sm-8.csv
facebook/opt-350m,64,gemm,k_proj,8,1,71.48800045251846,35801088,35932160,131072,131072,1024,2026-04-15T16:19:59Z,baseline_nvml_pt,nvidia-smi,ok,0.0,67.0,1695.0,7601.0,60.08,0.10768000036478043,34.642578125,34.642578125,0.5,True,,69.57433744136378,70.9052586384313,61.12232067049419,estimated,,prefill-facebook-opt-350m-chunk-64-sm-8,success,,,/mnt/data/dheeraj/dicertation/inference-profile/runs/revised-rerun-20260415-171945-g1-opt350m/raw/points/prefill/prefill-facebook-opt-350m-chunk-64-sm-8.csv
facebook/opt-350m,64,gemm,v_proj,8,1,66.56000018119812,35801088,35932160,131072,131072,1024,2026-04-15T16:19:59Z,baseline_nvml_pt,nvidia-smi,ok,0.0,67.0,1695.0,7601.0,60.08,0.10768000036478043,34.642578125,34.642578125,0.5,True,,69.57433744136378,70.9052586384313,61.12232067049419,estimated,,prefill-facebook-opt-350m-chunk-64-sm-8,success,,,/mnt/data/dheeraj/dicertation/inference-profile/runs/revised-rerun-20260415-171945-g1-opt350m/raw/points/prefill/prefill-facebook-opt-350m-chunk-64-sm-8.csv
facebook/opt-350m,64,gemm,out_proj,8,1,65.5359998345375,35801088,35932160,131072,131072,1024,2026-04-15T16:19:59Z,baseline_nvml_pt,nvidia-smi,ok,0.0,67.0,1695.0,7601.0,60.08,0.10768000036478043,34.642578125,34.642578125,0.5,True,,69.57433744136378,70.9052586384313,61.12232067049419,estimated,,prefill-facebook-opt-350m-chunk-64-sm-8,success,,,/mnt/data/dheeraj/dicertation/inference-profile/runs/revised-rerun-20260415-171945-g1-opt350m/raw/points/prefill/prefill-facebook-opt-350m-chunk-64-sm-8.csv
facebook/opt-350m,64,gemm,fc1,8,1,66.75200164318085,35801088,36325376,524288,524288,1024,2026-04-15T16:19:59Z,baseline_nvml_pt,nvidia-smi,ok,0.0,67.0,1695.0,7601.0,60.08,0.10768000036478043,34.642578125,34.642578125,0.5,True,,69.57433744136378,70.9052586384313,61.12232067049419,estimated,,prefill-facebook-opt-350m-chunk-64-sm-8,success,,,/mnt/data/dheeraj/dicertation/inference-profile/runs/revised-rerun-20260415-171945-g1-opt350m/raw/points/prefill/prefill-facebook-opt-350m-chunk-64-sm-8.csv
facebook/opt-350m,64,gemm,fc2,8,1,66.81600213050842,35801088,35932160,131072,131072,1024,2026-04-15T16:19:59Z,baseline_nvml_pt,nvidia-smi,ok,0.0,67.0,1695.0,7601.0,60.08,0.10768000036478043,34.642578125,34.642578125,0.5,True,,69.57433744136378,70.9052586384313,61.12232067049419,estimated,,prefill-facebook-opt-350m-chunk-64-sm-8,success,,,/mnt/data/dheeraj/dicertation/inference-profile/runs/revised-rerun-20260415-171945-g1-opt350m/raw/points/prefill/prefill-facebook-opt-350m-chunk-64-sm-8.csv
facebook/opt-350m,64,attention,attention,8,1,54.27199974656105,35801088,35937280,136192,131072,1024,2026-04-15T16:19:59Z,baseline_nvml_pt,nvidia-smi,ok,0.0,67.0,1695.0,7601.0,60.08,0.10768000036478043,34.642578125,34.642578125,0.5,True,,69.57433744136378,70.9052586384313,61.12232067049419,estimated,,prefill-facebook-opt-350m-chunk-64-sm-8,success,,,/mnt/data/dheeraj/dicertation/inference-profile/runs/revised-rerun-20260415-171945-g1-opt350m/raw/points/prefill/prefill-facebook-opt-350m-chunk-64-sm-8.csv
facebook/opt-350m,64,gemm,q_proj,8,2,78.68800312280655,35801088,35932160,131072,131072,1024,2026-04-15T16:19:59Z,baseline_nvml_pt,nvidia-smi,ok,0.0,67.0,1695.0,7601.0,60.08,0.10768000036478043,34.642578125,34.642578125,0.5,True,,69.57433744136378,70.9052586384313,61.12232067049419,estimated,,prefill-facebook-opt-350m-chunk-64-sm-8,success,,,/mnt/data/dheeraj/dicertation/inference-profile/runs/revised-rerun-20260415-171945-g1-opt350m/raw/points/prefill/prefill-facebook-opt-350m-chunk-64-sm-8.csv
facebook/opt-350m,64,gemm,k_proj,8,2,69.63200122117996,35801088,35932160,131072,131072,1024,2026-04-15T16:19:59Z,baseline_nvml_pt,nvidia-smi,ok,0.0,67.0,1695.0,7601.0,60.08,0.10768000036478043,34.642578125,34.642578125,0.5,True,,69.57433744136378,70.9052586384313,61.12232067049419,estimated,,prefill-facebook-opt-350m-chunk-64-sm-8,success,,,/mnt/data/dheeraj/dicertation/inference-profile/runs/revised-rerun-20260415-171945-g1-opt350m/raw/points/prefill/prefill-facebook-opt-350m-chunk-64-sm-8.csv
facebook/opt-350m,64,gemm,v_proj,8,2,69.5360004901886,35801088,35932160,131072,131072,1024,2026-04-15T16:19:59Z,baseline_nvml_pt,nvidia-smi,ok,0.0,67.0,1695.0,7601.0,60.08,0.10768000036478043,34.642578125,34.642578125,0.5,True,,69.57433744136378,70.9052586384313,61.12232067049419,estimated,,prefill-facebook-opt-350m-chunk-64-sm-8,success,,,/mnt/data/dheeraj/dicertation/inference-profile/runs/revised-rerun-20260415-171945-g1-opt350m/raw/points/prefill/prefill-facebook-opt-350m-chunk-64-sm-8.csv
facebook/opt-350m,64,gemm,out_proj,8,2,69.88800317049026,35801088,35932160,131072,131072,1024,2026-04-15T16:19:59Z,baseline_nvml_pt,nvidia-smi,ok,0.0,67.0,1695.0,7601.0,60.08,0.10768000036478043,34.642578125,34.642578125,0.5,True,,69.57433744136378,70.9052586384313,61.12232067049419,estimated,,prefill-facebook-opt-350m-chunk-64-sm-8,success,,,/mnt/data/dheeraj/dicertation/inference-profile/runs/revised-rerun-20260415-171945-g1-opt350m/raw/points/prefill/prefill-facebook-opt-350m-chunk-64-sm-8.csv
facebook/opt-350m,64,gemm,fc1,8,2,60.19200012087822,35801088,36325376,524288,524288,1024,2026-04-15T16:19:59Z,baseline_nvml_pt,nvidia-smi,ok,0.0,67.0,1695.0,7601.0,60.08,0.10768000036478043,34.642578125,34.642578125,0.5,True,,69.57433744136378,70.9052586384313,61.12232067049419,estimated,,prefill-facebook-opt-350m-chunk-64-sm-8,success,,,/mnt/data/dheeraj/dicertation/inference-profile/runs/revised-rerun-20260415-171945-g1-opt350m/raw/points/prefill/prefill-facebook-opt-350m-chunk-64-sm-8.csv
facebook/opt-350m,64,gemm,fc2,8,2,65.50399959087372,35801088,35932160,131072,131072,1024,2026-04-15T16:19:59Z,baseline_nvml_pt,nvidia-smi,ok,0.0,67.0,1695.0,7601.0,60.08,0.10768000036478043,34.642578125,34.642578125,0.5,True,,69.57433744136378,70.9052586384313,61.12232067049419,estimated,,prefill-facebook-opt-350m-chunk-64-sm-8,success,,,/mnt/data/dheeraj/dicertation/inference-profile/runs/revised-rerun-20260415-171945-g1-opt350m/raw/points/prefill/prefill-facebook-opt-350m-chunk-64-sm-8.csv
facebook/opt-350m,64,attention,attention,8,2,56.32000043988228,35801088,35937280,136192,131072,1024,2026-04-15T16:19:59Z,baseline_nvml_pt,nvidia-smi,ok,0.0,67.0,1695.0,7601.0,60.08,0.10768000036478043,34.642578125,34.642578125,0.5,True,,69.57433744136378,70.9052586384313,61.12232067049419,estimated,,prefill-facebook-opt-350m-chunk-64-sm-8,success,,,/mnt/data/dheeraj/dicertation/inference-profile/runs/revised-rerun-20260415-171945-g1-opt350m/raw/points/prefill/prefill-facebook-opt-350m-chunk-64-sm-8.csv
facebook/opt-350m,64,gemm,q_proj,8,3,71.68000191450119,35801088,35932160,131072,131072,1024,2026-04-15T16:19:59Z,baseline_nvml_pt,nvidia-smi,ok,0.0,67.0,1695.0,7601.0,60.08,0.10768000036478043,34.642578125,34.642578125,0.5,True,,69.57433744136378,70.9052586384313,61.12232067049419,estimated,,prefill-facebook-opt-350m-chunk-64-sm-8,success,,,/mnt/data/dheeraj/dicertation/inference-profile/runs/revised-rerun-20260415-171945-g1-opt350m/raw/points/prefill/prefill-facebook-opt-350m-chunk-64-sm-8.csv
facebook/opt-350m,64,gemm,k_proj,8,3,66.75200164318085,35801088,35932160,131072,131072,1024,2026-04-15T16:19:59Z,baseline_nvml_pt,nvidia-smi,ok,0.0,67.0,1695.0,7601.0,60.08,0.10768000036478043,34.642578125,34.642578125,0.5,True,,69.57433744136378,70.9052586384313,61.12232067049419,estimated,,prefill-facebook-opt-350m-chunk-64-sm-8,success,,,/mnt/data/dheeraj/dicertation/inference-profile/runs/revised-rerun-20260415-171945-g1-opt350m/raw/points/prefill/prefill-facebook-opt-350m-chunk-64-sm-8.csv
facebook/opt-350m,64,gemm,v_proj,8,3,67.58400052785873,35801088,35932160,131072,131072,1024,2026-04-15T16:19:59Z,baseline_nvml_pt,nvidia-smi,ok,0.0,67.0,1695.0,7601.0,60.08,0.10768000036478043,34.642578125,34.642578125,0.5,True,,69.57433744136378,70.9052586384313,61.12232067049419,estimated,,prefill-facebook-opt-350m-chunk-64-sm-8,success,,,/mnt/data/dheeraj/dicertation/inference-profile/runs/revised-rerun-20260415-171945-g1-opt350m/raw/points/prefill/prefill-facebook-opt-350m-chunk-64-sm-8.csv
facebook/opt-350m,64,gemm,out_proj,8,3,69.63200122117996,35801088,35932160,131072,131072,1024,2026-04-15T16:19:59Z,baseline_nvml_pt,nvidia-smi,ok,0.0,67.0,1695.0,7601.0,60.08,0.10768000036478043,34.642578125,34.642578125,0.5,True,,69.57433744136378,70.9052586384313,61.12232067049419,estimated,,prefill-facebook-opt-350m-chunk-64-sm-8,success,,,/mnt/data/dheeraj/dicertation/inference-profile/runs/revised-rerun-20260415-171945-g1-opt350m/raw/points/prefill/prefill-facebook-opt-350m-chunk-64-sm-8.csv
facebook/opt-350m,64,gemm,fc1,8,3,59.39200147986412,35801088,36325376,524288,524288,1024,2026-04-15T16:19:59Z,baseline_nvml_pt,nvidia-smi,ok,0.0,67.0,1695.0,7601.0,60.08,0.10768000036478043,34.642578125,34.642578125,0.5,True,,69.57433744136378,70.9052586384313,61.12232067049419,estimated,,prefill-facebook-opt-350m-chunk-64-sm-8,success,,,/mnt/data/dheeraj/dicertation/inference-profile/runs/revised-rerun-20260415-171945-g1-opt350m/raw/points/prefill/prefill-facebook-opt-350m-chunk-64-sm-8.csv
facebook/opt-350m,64,gemm,fc2,8,3,65.37599861621857,35801088,35932160,131072,131072,1024,2026-04-15T16:19:59Z,baseline_nvml_pt,nvidia-smi,ok,0.0,67.0,1695.0,7601.0,60.08,0.10768000036478043,34.642578125,34.642578125,0.5,True,,69.57433744136378,70.9052586384313,61.12232067049419,estimated,,prefill-facebook-opt-350m-chunk-64-sm-8,success,,,/mnt/data/dheeraj/dicertation/inference-profile/runs/revised-rerun-20260415-171945-g1-opt350m/raw/points/prefill/prefill-facebook-opt-350m-chunk-64-sm-8.csv
facebook/opt-350m,64,attention,attention,8,3,70.49600034952164,35801088,35937280,136192,131072,1024,2026-04-15T16:19:59Z,baseline_nvml_pt,nvidia-smi,ok,0.0,67.0,1695.0,7601.0,60.08,0.10768000036478043,34.642578125,34.642578125,0.5,True,,69.57433744136378,70.9052586384313,61.12232067049419,estimated,,prefill-facebook-opt-350m-chunk-64-sm-8,success,,,/mnt/data/dheeraj/dicertation/inference-profile/runs/revised-rerun-20260415-171945-g1-opt350m/raw/points/prefill/prefill-facebook-opt-350m-chunk-64-sm-8.csv
facebook/opt-350m,64,gemm,q_proj,8,4,71.68000191450119,35801088,35932160,131072,131072,1024,2026-04-15T16:19:59Z,baseline_nvml_pt,nvidia-smi,ok,0.0,67.0,1695.0,7601.0,60.08,0.10768000036478043,34.642578125,34.642578125,0.5,True,,69.57433744136378,70.9052586384313,61.12232067049419,estimated,,prefill-facebook-opt-350m-chunk-64-sm-8,success,,,/mnt/data/dheeraj/dicertation/inference-profile/runs/revised-rerun-20260415-171945-g1-opt350m/raw/points/prefill/prefill-facebook-opt-350m-chunk-64-sm-8.csv
facebook/opt-350m,64,gemm,k_proj,8,4,67.45599955320358,35801088,35932160,131072,131072,1024,2026-04-15T16:19:59Z,baseline_nvml_pt,nvidia-smi,ok,0.0,67.0,1695.0,7601.0,60.08,0.10768000036478043,34.642578125,34.642578125,0.5,True,,69.57433744136378,70.9052586384313,61.12232067049419,estimated,,prefill-facebook-opt-350m-chunk-64-sm-8,success,,,/mnt/data/dheeraj/dicertation/inference-profile/runs/revised-rerun-20260415-171945-g1-opt350m/raw/points/prefill/prefill-facebook-opt-350m-chunk-64-sm-8.csv
facebook/opt-350m,64,gemm,v_proj,8,4,65.8240020275116,35801088,35932160,131072,131072,1024,2026-04-15T16:19:59Z,baseline_nvml_pt,nvidia-smi,ok,0.0,67.0,1695.0,7601.0,60.08,0.10768000036478043,34.642578125,34.642578125,0.5,True,,69.57433744136378,70.9052586384313,61.12232067049419,estimated,,prefill-facebook-opt-350m-chunk-64-sm-8,success,,,/mnt/data/dheeraj/dicertation/inference-profile/runs/revised-rerun-20260415-171945-g1-opt350m/raw/points/prefill/prefill-facebook-opt-350m-chunk-64-sm-8.csv
facebook/opt-350m,64,gemm,out_proj,8,4,66.75200164318085,35801088,35932160,131072,131072,1024,2026-04-15T16:19:59Z,baseline_nvml_pt,nvidia-smi,ok,0.0,67.0,1695.0,7601.0,60.08,0.10768000036478043,34.642578125,34.642578125,0.5,True,,69.57433744136378,70.9052586384313,61.12232067049419,estimated,,prefill-facebook-opt-350m-chunk-64-sm-8,success,,,/mnt/data/dheeraj/dicertation/inference-profile/runs/revised-rerun-20260415-171945-g1-opt350m/raw/points/prefill/prefill-facebook-opt-350m-chunk-64-sm-8.csv
facebook/opt-350m,64,gemm,fc1,8,4,58.27200040221214,35801088,36325376,524288,524288,1024,2026-04-15T16:19:59Z,baseline_nvml_pt,nvidia-smi,ok,0.0,67.0,1695.0,7601.0,60.08,0.10768000036478043,34.642578125,34.642578125,0.5,True,,69.57433744136378,70.9052586384313,61.12232067049419,estimated,,prefill-facebook-opt-350m-chunk-64-sm-8,success,,,/mnt/data/dheeraj/dicertation/inference-profile/runs/revised-rerun-20260415-171945-g1-opt350m/raw/points/prefill/prefill-facebook-opt-350m-chunk-64-sm-8.csv
facebook/opt-350m,64,gemm,fc2,8,4,64.51199948787689,35801088,35932160,131072,131072,1024,2026-04-15T16:19:59Z,baseline_nvml_pt,nvidia-smi,ok,0.0,67.0,1695.0,7601.0,60.08,0.10768000036478043,34.642578125,34.642578125,0.5,True,,69.57433744136378,70.9052586384313,61.12232067049419,estimated,,prefill-facebook-opt-350m-chunk-64-sm-8,success,,,/mnt/data/dheeraj/dicertation/inference-profile/runs/revised-rerun-20260415-171945-g1-opt350m/raw/points/prefill/prefill-facebook-opt-350m-chunk-64-sm-8.csv
facebook/opt-350m,64,attention,attention,8,4,53.247999399900436,35801088,35937280,136192,131072,1024,2026-04-15T16:19:59Z,baseline_nvml_pt,nvidia-smi,ok,0.0,67.0,1695.0,7601.0,60.08,0.10768000036478043,34.642578125,34.642578125,0.5,True,,69.57433744136378,70.9052586384313,61.12232067049419,estimated,,prefill-facebook-opt-350m-chunk-64-sm-8,success,,,/mnt/data/dheeraj/dicertation/inference-profile/runs/revised-rerun-20260415-171945-g1-opt350m/raw/points/prefill/prefill-facebook-opt-350m-chunk-64-sm-8.csv
facebook/opt-350m,64,gemm,q_proj,16,0,151.296004652977,35801088,35932160,131072,131072,1024,2026-04-15T16:20:03Z,baseline_nvml_pt,nvidia-smi,ok,6.0,67.0,1695.0,8001.0,60.87,0.151296004652977,34.642578125,34.642578125,0.5,True,,75.73915215135804,64.66559587824936,67.91368963388244,estimated,,prefill-facebook-opt-350m-chunk-64-sm-16,success,,,/mnt/data/dheeraj/dicertation/inference-profile/runs/revised-rerun-20260415-171945-g1-opt350m/raw/points/prefill/prefill-facebook-opt-350m-chunk-64-sm-16.csv
facebook/opt-350m,64,gemm,k_proj,16,0,106.49599879980087,35801088,35932160,131072,131072,1024,2026-04-15T16:20:03Z,baseline_nvml_pt,nvidia-smi,ok,6.0,67.0,1695.0,8001.0,60.87,0.151296004652977,34.642578125,34.642578125,0.5,True,,75.73915215135804,64.66559587824936,67.91368963388244,estimated,,prefill-facebook-opt-350m-chunk-64-sm-16,success,,,/mnt/data/dheeraj/dicertation/inference-profile/runs/revised-rerun-20260415-171945-g1-opt350m/raw/points/prefill/prefill-facebook-opt-350m-chunk-64-sm-16.csv
facebook/opt-350m,64,gemm,v_proj,16,0,79.8719972372055,35801088,35932160,131072,131072,1024,2026-04-15T16:20:03Z,baseline_nvml_pt,nvidia-smi,ok,6.0,67.0,1695.0,8001.0,60.87,0.151296004652977,34.642578125,34.642578125,0.5,True,,75.73915215135804,64.66559587824936,67.91368963388244,estimated,,prefill-facebook-opt-350m-chunk-64-sm-16,success,,,/mnt/data/dheeraj/dicertation/inference-profile/runs/revised-rerun-20260415-171945-g1-opt350m/raw/points/prefill/prefill-facebook-opt-350m-chunk-64-sm-16.csv
facebook/opt-350m,64,gemm,out_proj,16,0,104.44799810647964,35801088,35932160,131072,131072,1024,2026-04-15T16:20:03Z,baseline_nvml_pt,nvidia-smi,ok,6.0,67.0,1695.0,8001.0,60.87,0.151296004652977,34.642578125,34.642578125,0.5,True,,75.73915215135804,64.66559587824936,67.91368963388244,estimated,,prefill-facebook-opt-350m-chunk-64-sm-16,success,,,/mnt/data/dheeraj/dicertation/inference-profile/runs/revised-rerun-20260415-171945-g1-opt350m/raw/points/prefill/prefill-facebook-opt-350m-chunk-64-sm-16.csv
facebook/opt-350m,64,gemm,fc1,16,0,74.8480036854744,35801088,36325376,524288,524288,1024,2026-04-15T16:20:03Z,baseline_nvml_pt,nvidia-smi,ok,6.0,67.0,1695.0,8001.0,60.87,0.151296004652977,34.642578125,34.642578125,0.5,True,,75.73915215135804,64.66559587824936,67.91368963388244,estimated,,prefill-facebook-opt-350m-chunk-64-sm-16,success,,,/mnt/data/dheeraj/dicertation/inference-profile/runs/revised-rerun-20260415-171945-g1-opt350m/raw/points/prefill/prefill-facebook-opt-350m-chunk-64-sm-16.csv
facebook/opt-350m,64,gemm,fc2,16,0,73.72800260782242,35801088,35932160,131072,131072,1024,2026-04-15T16:20:03Z,baseline_nvml_pt,nvidia-smi,ok,6.0,67.0,1695.0,8001.0,60.87,0.151296004652977,34.642578125,34.642578125,0.5,True,,75.73915215135804,64.66559587824936,67.91368963388244,estimated,,prefill-facebook-opt-350m-chunk-64-sm-16,success,,,/mnt/data/dheeraj/dicertation/inference-profile/runs/revised-rerun-20260415-171945-g1-opt350m/raw/points/prefill/prefill-facebook-opt-350m-chunk-64-sm-16.csv
facebook/opt-350m,64,attention,attention,16,0,72.7040022611618,35801088,35937280,136192,131072,1024,2026-04-15T16:20:03Z,baseline_nvml_pt,nvidia-smi,ok,6.0,67.0,1695.0,8001.0,60.87,0.151296004652977,34.642578125,34.642578125,0.5,True,,75.73915215135804,64.66559587824936,67.91368963388244,estimated,,prefill-facebook-opt-350m-chunk-64-sm-16,success,,,/mnt/data/dheeraj/dicertation/inference-profile/runs/revised-rerun-20260415-171945-g1-opt350m/raw/points/prefill/prefill-facebook-opt-350m-chunk-64-sm-16.csv
facebook/opt-350m,64,gemm,q_proj,16,1,77.82399654388428,35801088,35932160,131072,131072,1024,2026-04-15T16:20:03Z,baseline_nvml_pt,nvidia-smi,ok,6.0,67.0,1695.0,8001.0,60.87,0.151296004652977,34.642578125,34.642578125,0.5,True,,75.73915215135804,64.66559587824936,67.91368963388244,estimated,,prefill-facebook-opt-350m-chunk-64-sm-16,success,,,/mnt/data/dheeraj/dicertation/inference-profile/runs/revised-rerun-20260415-171945-g1-opt350m/raw/points/prefill/prefill-facebook-opt-350m-chunk-64-sm-16.csv
facebook/opt-350m,64,gemm,k_proj,16,1,72.7040022611618,35801088,35932160,131072,131072,1024,2026-04-15T16:20:03Z,baseline_nvml_pt,nvidia-smi,ok,6.0,67.0,1695.0,8001.0,60.87,0.151296004652977,34.642578125,34.642578125,0.5,True,,75.73915215135804,64.66559587824936,67.91368963388244,estimated,,prefill-facebook-opt-350m-chunk-64-sm-16,success,,,/mnt/data/dheeraj/dicertation/inference-profile/runs/revised-rerun-20260415-171945-g1-opt350m/raw/points/prefill/prefill-facebook-opt-350m-chunk-64-sm-16.csv
facebook/opt-350m,64,gemm,v_proj,16,1,78.84799689054489,35801088,35932160,131072,131072,1024,2026-04-15T16:20:03Z,baseline_nvml_pt,nvidia-smi,ok,6.0,67.0,1695.0,8001.0,60.87,0.151296004652977,34.642578125,34.642578125,0.5,True,,75.73915215135804,64.66559587824936,67.91368963388244,estimated,,prefill-facebook-opt-350m-chunk-64-sm-16,success,,,/mnt/data/dheeraj/dicertation/inference-profile/runs/revised-rerun-20260415-171945-g1-opt350m/raw/points/prefill/prefill-facebook-opt-350m-chunk-64-sm-16.csv
facebook/opt-350m,64,gemm,out_proj,16,1,68.86400282382965,35801088,35932160,131072,131072,1024,2026-04-15T16:20:03Z,baseline_nvml_pt,nvidia-smi,ok,6.0,67.0,1695.0,8001.0,60.87,0.151296004652977,34.642578125,34.642578125,0.5,True,,75.73915215135804,64.66559587824936,67.91368963388244,estimated,,prefill-facebook-opt-350m-chunk-64-sm-16,success,,,/mnt/data/dheeraj/dicertation/inference-profile/runs/revised-rerun-20260415-171945-g1-opt350m/raw/points/prefill/prefill-facebook-opt-350m-chunk-64-sm-16.csv
facebook/opt-350m,64,gemm,fc1,16,1,60.416001826524734,35801088,36325376,524288,524288,1024,2026-04-15T16:20:03Z,baseline_nvml_pt,nvidia-smi,ok,6.0,67.0,1695.0,8001.0,60.87,0.151296004652977,34.642578125,34.642578125,0.5,True,,75.73915215135804,64.66559587824936,67.91368963388244,estimated,,prefill-facebook-opt-350m-chunk-64-sm-16,success,,,/mnt/data/dheeraj/dicertation/inference-profile/runs/revised-rerun-20260415-171945-g1-opt350m/raw/points/prefill/prefill-facebook-opt-350m-chunk-64-sm-16.csv
facebook/opt-350m,64,gemm,fc2,16,1,67.80800223350525,35801088,35932160,131072,131072,1024,2026-04-15T16:20:03Z,baseline_nvml_pt,nvidia-smi,ok,6.0,67.0,1695.0,8001.0,60.87,0.151296004652977,34.642578125,34.642578125,0.5,True,,75.73915215135804,64.66559587824936,67.91368963388244,estimated,,prefill-facebook-opt-350m-chunk-64-sm-16,success,,,/mnt/data/dheeraj/dicertation/inference-profile/runs/revised-rerun-20260415-171945-g1-opt350m/raw/points/prefill/prefill-facebook-opt-350m-chunk-64-sm-16.csv
facebook/opt-350m,64,attention,attention,16,1,56.32000043988228,35801088,35937280,136192,131072,1024,2026-04-15T16:20:03Z,baseline_nvml_pt,nvidia-smi,ok,6.0,67.0,1695.0,8001.0,60.87,0.151296004652977,34.642578125,34.642578125,0.5,True,,75.73915215135804,64.66559587824936,67.91368963388244,estimated,,prefill-facebook-opt-350m-chunk-64-sm-16,success,,,/mnt/data/dheeraj/dicertation/inference-profile/runs/revised-rerun-20260415-171945-g1-opt350m/raw/points/prefill/prefill-facebook-opt-350m-chunk-64-sm-16.csv
facebook/opt-350m,64,gemm,q_proj,16,2,92.16000139713287,35801088,35932160,131072,131072,1024,2026-04-15T16:20:03Z,baseline_nvml_pt,nvidia-smi,ok,6.0,67.0,1695.0,8001.0,60.87,0.151296004652977,34.642578125,34.642578125,0.5,True,,75.73915215135804,64.66559587824936,67.91368963388244,estimated,,prefill-facebook-opt-350m-chunk-64-sm-16,success,,,/mnt/data/dheeraj/dicertation/inference-profile/runs/revised-rerun-20260415-171945-g1-opt350m/raw/points/prefill/prefill-facebook-opt-350m-chunk-64-sm-16.csv
facebook/opt-350m,64,gemm,k_proj,16,2,71.9040036201477,35801088,35932160,131072,131072,1024,2026-04-15T16:20:03Z,baseline_nvml_pt,nvidia-smi,ok,6.0,67.0,1695.0,8001.0,60.87,0.151296004652977,34.642578125,34.642578125,0.5,True,,75.73915215135804,64.66559587824936,67.91368963388244,estimated,,prefill-facebook-opt-350m-chunk-64-sm-16,success,,,/mnt/data/dheeraj/dicertation/inference-profile/runs/revised-rerun-20260415-171945-g1-opt350m/raw/points/prefill/prefill-facebook-opt-350m-chunk-64-sm-16.csv
facebook/opt-350m,64,gemm,v_proj,16,2,72.9919970035553,35801088,35932160,131072,131072,1024,2026-04-15T16:20:03Z,baseline_nvml_pt,nvidia-smi,ok,6.0,67.0,1695.0,8001.0,60.87,0.151296004652977,34.642578125,34.642578125,0.5,True,,75.73915215135804,64.66559587824936,67.91368963388244,estimated,,prefill-facebook-opt-350m-chunk-64-sm-16,success,,,/mnt/data/dheeraj/dicertation/inference-profile/runs/revised-rerun-20260415-171945-g1-opt350m/raw/points/prefill/prefill-facebook-opt-350m-chunk-64-sm-16.csv
facebook/opt-350m,64,gemm,out_proj,16,2,68.60800087451935,35801088,35932160,131072,131072,1024,2026-04-15T16:20:03Z,baseline_nvml_pt,nvidia-smi,ok,6.0,67.0,1695.0,8001.0,60.87,0.151296004652977,34.642578125,34.642578125,0.5,True,,75.73915215135804,64.66559587824936,67.91368963388244,estimated,,prefill-facebook-opt-350m-chunk-64-sm-16,success,,,/mnt/data/dheeraj/dicertation/inference-profile/runs/revised-rerun-20260415-171945-g1-opt350m/raw/points/prefill/prefill-facebook-opt-350m-chunk-64-sm-16.csv
facebook/opt-350m,64,gemm,fc1,16,2,62.431998550891876,35801088,36325376,524288,524288,1024,2026-04-15T16:20:03Z,baseline_nvml_pt,nvidia-smi,ok,6.0,67.0,1695.0,8001.0,60.87,0.151296004652977,34.642578125,34.642578125,0.5,True,,75.73915215135804,64.66559587824936,67.91368963388244,estimated,,prefill-facebook-opt-350m-chunk-64-sm-16,success,,,/mnt/data/dheeraj/dicertation/inference-profile/runs/revised-rerun-20260415-171945-g1-opt350m/raw/points/prefill/prefill-facebook-opt-350m-chunk-64-sm-16.csv
facebook/opt-350m,64,gemm,fc2,16,2,71.68000191450119,35801088,35932160,131072,131072,1024,2026-04-15T16:20:03Z,baseline_nvml_pt,nvidia-smi,ok,6.0,67.0,1695.0,8001.0,60.87,0.151296004652977,34.642578125,34.642578125,0.5,True,,75.73915215135804,64.66559587824936,67.91368963388244,estimated,,prefill-facebook-opt-350m-chunk-64-sm-16,success,,,/mnt/data/dheeraj/dicertation/inference-profile/runs/revised-rerun-20260415-171945-g1-opt350m/raw/points/prefill/prefill-facebook-opt-350m-chunk-64-sm-16.csv
facebook/opt-350m,64,attention,attention,16,2,65.8240020275116,35801088,35937280,136192,131072,1024,2026-04-15T16:20:03Z,baseline_nvml_pt,nvidia-smi,ok,6.0,67.0,1695.0,8001.0,60.87,0.151296004652977,34.642578125,34.642578125,0.5,True,,75.73915215135804,64.66559587824936,67.91368963388244,estimated,,prefill-facebook-opt-350m-chunk-64-sm-16,success,,,/mnt/data/dheeraj/dicertation/inference-profile/runs/revised-rerun-20260415-171945-g1-opt350m/raw/points/prefill/prefill-facebook-opt-350m-chunk-64-sm-16.csv
facebook/opt-350m,64,gemm,q_proj,16,3,71.68000191450119,35801088,35932160,131072,131072,1024,2026-04-15T16:20:03Z,baseline_nvml_pt,nvidia-smi,ok,6.0,67.0,1695.0,8001.0,60.87,0.151296004652977,34.642578125,34.642578125,0.5,True,,75.73915215135804,64.66559587824936,67.91368963388244,estimated,,prefill-facebook-opt-350m-chunk-64-sm-16,success,,,/mnt/data/dheeraj/dicertation/inference-profile/runs/revised-rerun-20260415-171945-g1-opt350m/raw/points/prefill/prefill-facebook-opt-350m-chunk-64-sm-16.csv
facebook/opt-350m,64,gemm,k_proj,16,3,69.63200122117996,35801088,35932160,131072,131072,1024,2026-04-15T16:20:03Z,baseline_nvml_pt,nvidia-smi,ok,6.0,67.0,1695.0,8001.0,60.87,0.151296004652977,34.642578125,34.642578125,0.5,True,,75.73915215135804,64.66559587824936,67.91368963388244,estimated,,prefill-facebook-opt-350m-chunk-64-sm-16,success,,,/mnt/data/dheeraj/dicertation/inference-profile/runs/revised-rerun-20260415-171945-g1-opt350m/raw/points/prefill/prefill-facebook-opt-350m-chunk-64-sm-16.csv
facebook/opt-350m,64,gemm,v_proj,16,3,72.41600006818771,35801088,35932160,131072,131072,1024,2026-04-15T16:20:03Z,baseline_nvml_pt,nvidia-smi,ok,6.0,67.0,1695.0,8001.0,60.87,0.151296004652977,34.642578125,34.642578125,0.5,True,,75.73915215135804,64.66559587824936,67.91368963388244,estimated,,prefill-facebook-opt-350m-chunk-64-sm-16,success,,,/mnt/data/dheeraj/dicertation/inference-profile/runs/revised-rerun-20260415-171945-g1-opt350m/raw/points/prefill/prefill-facebook-opt-350m-chunk-64-sm-16.csv
facebook/opt-350m,64,gemm,out_proj,16,3,69.63200122117996,35801088,35932160,131072,131072,1024,2026-04-15T16:20:03Z,baseline_nvml_pt,nvidia-smi,ok,6.0,67.0,1695.0,8001.0,60.87,0.151296004652977,34.642578125,34.642578125,0.5,True,,75.73915215135804,64.66559587824936,67.91368963388244,estimated,,prefill-facebook-opt-350m-chunk-64-sm-16,success,,,/mnt/data/dheeraj/dicertation/inference-profile/runs/revised-rerun-20260415-171945-g1-opt350m/raw/points/prefill/prefill-facebook-opt-350m-chunk-64-sm-16.csv
facebook/opt-350m,64,gemm,fc1,16,3,69.63200122117996,35801088,36325376,524288,524288,1024,2026-04-15T16:20:03Z,baseline_nvml_pt,nvidia-smi,ok,6.0,67.0,1695.0,8001.0,60.87,0.151296004652977,34.642578125,34.642578125,0.5,True,,75.73915215135804,64.66559587824936,67.91368963388244,estimated,,prefill-facebook-opt-350m-chunk-64-sm-16,success,,,/mnt/data/dheeraj/dicertation/inference-profile/runs/revised-rerun-20260415-171945-g1-opt350m/raw/points/prefill/prefill-facebook-opt-350m-chunk-64-sm-16.csv
facebook/opt-350m,64,gemm,fc2,16,3,67.4239993095398,35801088,35932160,131072,131072,1024,2026-04-15T16:20:03Z,baseline_nvml_pt,nvidia-smi,ok,6.0,67.0,1695.0,8001.0,60.87,0.151296004652977,34.642578125,34.642578125,0.5,True,,75.73915215135804,64.66559587824936,67.91368963388244,estimated,,prefill-facebook-opt-350m-chunk-64-sm-16,success,,,/mnt/data/dheeraj/dicertation/inference-profile/runs/revised-rerun-20260415-171945-g1-opt350m/raw/points/prefill/prefill-facebook-opt-350m-chunk-64-sm-16.csv
facebook/opt-350m,64,attention,attention,16,3,56.32000043988228,35801088,35937280,136192,131072,1024,2026-04-15T16:20:03Z,baseline_nvml_pt,nvidia-smi,ok,6.0,67.0,1695.0,8001.0,60.87,0.151296004652977,34.642578125,34.642578125,0.5,True,,75.73915215135804,64.66559587824936,67.91368963388244,estimated,,prefill-facebook-opt-350m-chunk-64-sm-16,success,,,/mnt/data/dheeraj/dicertation/inference-profile/runs/revised-rerun-20260415-171945-g1-opt350m/raw/points/prefill/prefill-facebook-opt-350m-chunk-64-sm-16.csv
facebook/opt-350m,64,gemm,q_proj,16,4,70.65600156784058,35801088,35932160,131072,131072,1024,2026-04-15T16:20:03Z,baseline_nvml_pt,nvidia-smi,ok,6.0,67.0,1695.0,8001.0,60.87,0.151296004652977,34.642578125,34.642578125,0.5,True,,75.73915215135804,64.66559587824936,67.91368963388244,estimated,,prefill-facebook-opt-350m-chunk-64-sm-16,success,,,/mnt/data/dheeraj/dicertation/inference-profile/runs/revised-rerun-20260415-171945-g1-opt350m/raw/points/prefill/prefill-facebook-opt-350m-chunk-64-sm-16.csv
facebook/opt-350m,64,gemm,k_proj,16,4,69.63200122117996,35801088,35932160,131072,131072,1024,2026-04-15T16:20:03Z,baseline_nvml_pt,nvidia-smi,ok,6.0,67.0,1695.0,8001.0,60.87,0.151296004652977,34.642578125,34.642578125,0.5,True,,75.73915215135804,64.66559587824936,67.91368963388244,estimated,,prefill-facebook-opt-350m-chunk-64-sm-16,success,,,/mnt/data/dheeraj/dicertation/inference-profile/runs/revised-rerun-20260415-171945-g1-opt350m/raw/points/prefill/prefill-facebook-opt-350m-chunk-64-sm-16.csv
facebook/opt-350m,64,gemm,v_proj,16,4,67.32799857854843,35801088,35932160,131072,131072,1024,2026-04-15T16:20:03Z,baseline_nvml_pt,nvidia-smi,ok,6.0,67.0,1695.0,8001.0,60.87,0.151296004652977,34.642578125,34.642578125,0.5,True,,75.73915215135804,64.66559587824936,67.91368963388244,estimated,,prefill-facebook-opt-350m-chunk-64-sm-16,success,,,/mnt/data/dheeraj/dicertation/inference-profile/runs/revised-rerun-20260415-171945-g1-opt350m/raw/points/prefill/prefill-facebook-opt-350m-chunk-64-sm-16.csv
facebook/opt-350m,64,gemm,out_proj,16,4,66.39999896287918,35801088,35932160,131072,131072,1024,2026-04-15T16:20:03Z,baseline_nvml_pt,nvidia-smi,ok,6.0,67.0,1695.0,8001.0,60.87,0.151296004652977,34.642578125,34.642578125,0.5,True,,75.73915215135804,64.66559587824936,67.91368963388244,estimated,,prefill-facebook-opt-350m-chunk-64-sm-16,success,,,/mnt/data/dheeraj/dicertation/inference-profile/runs/revised-rerun-20260415-171945-g1-opt350m/raw/points/prefill/prefill-facebook-opt-350m-chunk-64-sm-16.csv
facebook/opt-350m,64,gemm,fc1,16,4,58.079998940229416,35801088,36325376,524288,524288,1024,2026-04-15T16:20:03Z,baseline_nvml_pt,nvidia-smi,ok,6.0,67.0,1695.0,8001.0,60.87,0.151296004652977,34.642578125,34.642578125,0.5,True,,75.73915215135804,64.66559587824936,67.91368963388244,estimated,,prefill-facebook-opt-350m-chunk-64-sm-16,success,,,/mnt/data/dheeraj/dicertation/inference-profile/runs/revised-rerun-20260415-171945-g1-opt350m/raw/points/prefill/prefill-facebook-opt-350m-chunk-64-sm-16.csv
facebook/opt-350m,64,gemm,fc2,16,4,66.75200164318085,35801088,35932160,131072,131072,1024,2026-04-15T16:20:03Z,baseline_nvml_pt,nvidia-smi,ok,6.0,67.0,1695.0,8001.0,60.87,0.151296004652977,34.642578125,34.642578125,0.5,True,,75.73915215135804,64.66559587824936,67.91368963388244,estimated,,prefill-facebook-opt-350m-chunk-64-sm-16,success,,,/mnt/data/dheeraj/dicertation/inference-profile/runs/revised-rerun-20260415-171945-g1-opt350m/raw/points/prefill/prefill-facebook-opt-350m-chunk-64-sm-16.csv
facebook/opt-350m,64,attention,attention,16,4,55.03999814391136,35801088,35937280,136192,131072,1024,2026-04-15T16:20:03Z,baseline_nvml_pt,nvidia-smi,ok,6.0,67.0,1695.0,8001.0,60.87,0.151296004652977,34.642578125,34.642578125,0.5,True,,75.73915215135804,64.66559587824936,67.91368963388244,estimated,,prefill-facebook-opt-350m-chunk-64-sm-16,success,,,/mnt/data/dheeraj/dicertation/inference-profile/runs/revised-rerun-20260415-171945-g1-opt350m/raw/points/prefill/prefill-facebook-opt-350m-chunk-64-sm-16.csv
facebook/opt-350m,64,gemm,q_proj,24,0,108.5439994931221,35801088,35932160,131072,131072,1024,2026-04-15T16:20:07Z,baseline_nvml_pt,nvidia-smi,ok,1.0,67.0,1695.0,7601.0,54.17,0.1085439994931221,34.642578125,34.642578125,0.5,True,,81.9039668613523,58.4259331180674,74.70505859727068,estimated,,prefill-facebook-opt-350m-chunk-64-sm-24,success,,,/mnt/data/dheeraj/dicertation/inference-profile/runs/revised-rerun-20260415-171945-g1-opt350m/raw/points/prefill/prefill-facebook-opt-350m-chunk-64-sm-24.csv
facebook/opt-350m,64,gemm,k_proj,24,0,82.04799890518188,35801088,35932160,131072,131072,1024,2026-04-15T16:20:07Z,baseline_nvml_pt,nvidia-smi,ok,1.0,67.0,1695.0,7601.0,54.17,0.1085439994931221,34.642578125,34.642578125,0.5,True,,81.9039668613523,58.4259331180674,74.70505859727068,estimated,,prefill-facebook-opt-350m-chunk-64-sm-24,success,,,/mnt/data/dheeraj/dicertation/inference-profile/runs/revised-rerun-20260415-171945-g1-opt350m/raw/points/prefill/prefill-facebook-opt-350m-chunk-64-sm-24.csv
facebook/opt-350m,64,gemm,v_proj,24,0,76.7040029168129,35801088,35932160,131072,131072,1024,2026-04-15T16:20:07Z,baseline_nvml_pt,nvidia-smi,ok,1.0,67.0,1695.0,7601.0,54.17,0.1085439994931221,34.642578125,34.642578125,0.5,True,,81.9039668613523,58.4259331180674,74.70505859727068,estimated,,prefill-facebook-opt-350m-chunk-64-sm-24,success,,,/mnt/data/dheeraj/dicertation/inference-profile/runs/revised-rerun-20260415-171945-g1-opt350m/raw/points/prefill/prefill-facebook-opt-350m-chunk-64-sm-24.csv
facebook/opt-350m,64,gemm,out_proj,24,0,77.82399654388428,35801088,35932160,131072,131072,1024,2026-04-15T16:20:07Z,baseline_nvml_pt,nvidia-smi,ok,1.0,67.0,1695.0,7601.0,54.17,0.1085439994931221,34.642578125,34.642578125,0.5,True,,81.9039668613523,58.4259331180674,74.70505859727068,estimated,,prefill-facebook-opt-350m-chunk-64-sm-24,success,,,/mnt/data/dheeraj/dicertation/inference-profile/runs/revised-rerun-20260415-171945-g1-opt350m/raw/points/prefill/prefill-facebook-opt-350m-chunk-64-sm-24.csv
facebook/opt-350m,64,gemm,fc1,24,0,66.56000018119812,35801088,36325376,524288,524288,1024,2026-04-15T16:20:07Z,baseline_nvml_pt,nvidia-smi,ok,1.0,67.0,1695.0,7601.0,54.17,0.1085439994931221,34.642578125,34.642578125,0.5,True,,81.9039668613523,58.4259331180674,74.70505859727068,estimated,,prefill-facebook-opt-350m-chunk-64-sm-24,success,,,/mnt/data/dheeraj/dicertation/inference-profile/runs/revised-rerun-20260415-171945-g1-opt350m/raw/points/prefill/prefill-facebook-opt-350m-chunk-64-sm-24.csv
facebook/opt-350m,64,gemm,fc2,24,0,77.82399654388428,35801088,35932160,131072,131072,1024,2026-04-15T16:20:07Z,baseline_nvml_pt,nvidia-smi,ok,1.0,67.0,1695.0,7601.0,54.17,0.1085439994931221,34.642578125,34.642578125,0.5,True,,81.9039668613523,58.4259331180674,74.70505859727068,estimated,,prefill-facebook-opt-350m-chunk-64-sm-24,success,,,/mnt/data/dheeraj/dicertation/inference-profile/runs/revised-rerun-20260415-171945-g1-opt350m/raw/points/prefill/prefill-facebook-opt-350m-chunk-64-sm-24.csv
facebook/opt-350m,64,attention,attention,24,0,56.32000043988228,35801088,35937280,136192,131072,1024,2026-04-15T16:20:07Z,baseline_nvml_pt,nvidia-smi,ok,1.0,67.0,1695.0,7601.0,54.17,0.1085439994931221,34.642578125,34.642578125,0.5,True,,81.9039668613523,58.4259331180674,74.70505859727068,estimated,,prefill-facebook-opt-350m-chunk-64-sm-24,success,,,/mnt/data/dheeraj/dicertation/inference-profile/runs/revised-rerun-20260415-171945-g1-opt350m/raw/points/prefill/prefill-facebook-opt-350m-chunk-64-sm-24.csv
facebook/opt-350m,64,gemm,q_proj,24,1,73.85600358247757,35801088,35932160,131072,131072,1024,2026-04-15T16:20:07Z,baseline_nvml_pt,nvidia-smi,ok,1.0,67.0,1695.0,7601.0,54.17,0.1085439994931221,34.642578125,34.642578125,0.5,True,,81.9039668613523,58.4259331180674,74.70505859727068,estimated,,prefill-facebook-opt-350m-chunk-64-sm-24,success,,,/mnt/data/dheeraj/dicertation/inference-profile/runs/revised-rerun-20260415-171945-g1-opt350m/raw/points/prefill/prefill-facebook-opt-350m-chunk-64-sm-24.csv
facebook/opt-350m,64,gemm,k_proj,24,1,70.8480030298233,35801088,35932160,131072,131072,1024,2026-04-15T16:20:07Z,baseline_nvml_pt,nvidia-smi,ok,1.0,67.0,1695.0,7601.0,54.17,0.1085439994931221,34.642578125,34.642578125,0.5,True,,81.9039668613523,58.4259331180674,74.70505859727068,estimated,,prefill-facebook-opt-350m-chunk-64-sm-24,success,,,/mnt/data/dheeraj/dicertation/inference-profile/runs/revised-rerun-20260415-171945-g1-opt350m/raw/points/prefill/prefill-facebook-opt-350m-chunk-64-sm-24.csv
facebook/opt-350m,64,gemm,v_proj,24,1,70.39999961853027,35801088,35932160,131072,131072,1024,2026-04-15T16:20:07Z,baseline_nvml_pt,nvidia-smi,ok,1.0,67.0,1695.0,7601.0,54.17,0.1085439994931221,34.642578125,34.642578125,0.5,True,,81.9039668613523,58.4259331180674,74.70505859727068,estimated,,prefill-facebook-opt-350m-chunk-64-sm-24,success,,,/mnt/data/dheeraj/dicertation/inference-profile/runs/revised-rerun-20260415-171945-g1-opt350m/raw/points/prefill/prefill-facebook-opt-350m-chunk-64-sm-24.csv
facebook/opt-350m,64,gemm,out_proj,24,1,67.58400052785873,35801088,35932160,131072,131072,1024,2026-04-15T16:20:07Z,baseline_nvml_pt,nvidia-smi,ok,1.0,67.0,1695.0,7601.0,54.17,0.1085439994931221,34.642578125,34.642578125,0.5,True,,81.9039668613523,58.4259331180674,74.70505859727068,estimated,,prefill-facebook-opt-350m-chunk-64-sm-24,success,,,/mnt/data/dheeraj/dicertation/inference-profile/runs/revised-rerun-20260415-171945-g1-opt350m/raw/points/prefill/prefill-facebook-opt-350m-chunk-64-sm-24.csv
facebook/opt-350m,64,gemm,fc1,24,1,66.56000018119812,35801088,36325376,524288,524288,1024,2026-04-15T16:20:07Z,baseline_nvml_pt,nvidia-smi,ok,1.0,67.0,1695.0,7601.0,54.17,0.1085439994931221,34.642578125,34.642578125,0.5,True,,81.9039668613523,58.4259331180674,74.70505859727068,estimated,,prefill-facebook-opt-350m-chunk-64-sm-24,success,,,/mnt/data/dheeraj/dicertation/inference-profile/runs/revised-rerun-20260415-171945-g1-opt350m/raw/points/prefill/prefill-facebook-opt-350m-chunk-64-sm-24.csv
facebook/opt-350m,64,gemm,fc2,24,1,67.58400052785873,35801088,35932160,131072,131072,1024,2026-04-15T16:20:07Z,baseline_nvml_pt,nvidia-smi,ok,1.0,67.0,1695.0,7601.0,54.17,0.1085439994931221,34.642578125,34.642578125,0.5,True,,81.9039668613523,58.4259331180674,74.70505859727068,estimated,,prefill-facebook-opt-350m-chunk-64-sm-24,success,,,/mnt/data/dheeraj/dicertation/inference-profile/runs/revised-rerun-20260415-171945-g1-opt350m/raw/points/prefill/prefill-facebook-opt-350m-chunk-64-sm-24.csv
facebook/opt-350m,64,attention,attention,24,1,55.296000093221664,35801088,35937280,136192,131072,1024,2026-04-15T16:20:07Z,baseline_nvml_pt,nvidia-smi,ok,1.0,67.0,1695.0,7601.0,54.17,0.1085439994931221,34.642578125,34.642578125,0.5,True,,81.9039668613523,58.4259331180674,74.70505859727068,estimated,,prefill-facebook-opt-350m-chunk-64-sm-24,success,,,/mnt/data/dheeraj/dicertation/inference-profile/runs/revised-rerun-20260415-171945-g1-opt350m/raw/points/prefill/prefill-facebook-opt-350m-chunk-64-sm-24.csv
facebook/opt-350m,64,gemm,q_proj,24,2,78.84799689054489,35801088,35932160,131072,131072,1024,2026-04-15T16:20:07Z,baseline_nvml_pt,nvidia-smi,ok,1.0,67.0,1695.0,7601.0,54.17,0.1085439994931221,34.642578125,34.642578125,0.5,True,,81.9039668613523,58.4259331180674,74.70505859727068,estimated,,prefill-facebook-opt-350m-chunk-64-sm-24,success,,,/mnt/data/dheeraj/dicertation/inference-profile/runs/revised-rerun-20260415-171945-g1-opt350m/raw/points/prefill/prefill-facebook-opt-350m-chunk-64-sm-24.csv
facebook/opt-350m,64,gemm,k_proj,24,2,69.47200000286102,35801088,35932160,131072,131072,1024,2026-04-15T16:20:07Z,baseline_nvml_pt,nvidia-smi,ok,1.0,67.0,1695.0,7601.0,54.17,0.1085439994931221,34.642578125,34.642578125,0.5,True,,81.9039668613523,58.4259331180674,74.70505859727068,estimated,,prefill-facebook-opt-350m-chunk-64-sm-24,success,,,/mnt/data/dheeraj/dicertation/inference-profile/runs/revised-rerun-20260415-171945-g1-opt350m/raw/points/prefill/prefill-facebook-opt-350m-chunk-64-sm-24.csv
facebook/opt-350m,64,gemm,v_proj,24,2,77.82399654388428,35801088,35932160,131072,131072,1024,2026-04-15T16:20:07Z,baseline_nvml_pt,nvidia-smi,ok,1.0,67.0,1695.0,7601.0,54.17,0.1085439994931221,34.642578125,34.642578125,0.5,True,,81.9039668613523,58.4259331180674,74.70505859727068,estimated,,prefill-facebook-opt-350m-chunk-64-sm-24,success,,,/mnt/data/dheeraj/dicertation/inference-profile/runs/revised-rerun-20260415-171945-g1-opt350m/raw/points/prefill/prefill-facebook-opt-350m-chunk-64-sm-24.csv
facebook/opt-350m,64,gemm,out_proj,24,2,76.80000364780426,35801088,35932160,131072,131072,1024,2026-04-15T16:20:07Z,baseline_nvml_pt,nvidia-smi,ok,1.0,67.0,1695.0,7601.0,54.17,0.1085439994931221,34.642578125,34.642578125,0.5,True,,81.9039668613523,58.4259331180674,74.70505859727068,estimated,,prefill-facebook-opt-350m-chunk-64-sm-24,success,,,/mnt/data/dheeraj/dicertation/inference-profile/runs/revised-rerun-20260415-171945-g1-opt350m/raw/points/prefill/prefill-facebook-opt-350m-chunk-64-sm-24.csv
facebook/opt-350m,64,gemm,fc1,24,2,60.28800085186958,35801088,36325376,524288,524288,1024,2026-04-15T16:20:07Z,baseline_nvml_pt,nvidia-smi,ok,1.0,67.0,1695.0,7601.0,54.17,0.1085439994931221,34.642578125,34.642578125,0.5,True,,81.9039668613523,58.4259331180674,74.70505859727068,estimated,,prefill-facebook-opt-350m-chunk-64-sm-24,success,,,/mnt/data/dheeraj/dicertation/inference-profile/runs/revised-rerun-20260415-171945-g1-opt350m/raw/points/prefill/prefill-facebook-opt-350m-chunk-64-sm-24.csv
facebook/opt-350m,64,gemm,fc2,24,2,65.5359998345375,35801088,35932160,131072,131072,1024,2026-04-15T16:20:07Z,baseline_nvml_pt,nvidia-smi,ok,1.0,67.0,1695.0,7601.0,54.17,0.1085439994931221,34.642578125,34.642578125,0.5,True,,81.9039668613523,58.4259331180674,74.70505859727068,estimated,,prefill-facebook-opt-350m-chunk-64-sm-24,success,,,/mnt/data/dheeraj/dicertation/inference-profile/runs/revised-rerun-20260415-171945-g1-opt350m/raw/points/prefill/prefill-facebook-opt-350m-chunk-64-sm-24.csv
facebook/opt-350m,64,attention,attention,24,2,55.296000093221664,35801088,35937280,136192,131072,1024,2026-04-15T16:20:07Z,baseline_nvml_pt,nvidia-smi,ok,1.0,67.0,1695.0,7601.0,54.17,0.1085439994931221,34.642578125,34.642578125,0.5,True,,81.9039668613523,58.4259331180674,74.70505859727068,estimated,,prefill-facebook-opt-350m-chunk-64-sm-24,success,,,/mnt/data/dheeraj/dicertation/inference-profile/runs/revised-rerun-20260415-171945-g1-opt350m/raw/points/prefill/prefill-facebook-opt-350m-chunk-64-sm-24.csv
facebook/opt-350m,64,gemm,q_proj,24,3,73.72800260782242,35801088,35932160,131072,131072,1024,2026-04-15T16:20:07Z,baseline_nvml_pt,nvidia-smi,ok,1.0,67.0,1695.0,7601.0,54.17,0.1085439994931221,34.642578125,34.642578125,0.5,True,,81.9039668613523,58.4259331180674,74.70505859727068,estimated,,prefill-facebook-opt-350m-chunk-64-sm-24,success,,,/mnt/data/dheeraj/dicertation/inference-profile/runs/revised-rerun-20260415-171945-g1-opt350m/raw/points/prefill/prefill-facebook-opt-350m-chunk-64-sm-24.csv
facebook/opt-350m,64,gemm,k_proj,24,3,70.65600156784058,35801088,35932160,131072,131072,1024,2026-04-15T16:20:07Z,baseline_nvml_pt,nvidia-smi,ok,1.0,67.0,1695.0,7601.0,54.17,0.1085439994931221,34.642578125,34.642578125,0.5,True,,81.9039668613523,58.4259331180674,74.70505859727068,estimated,,prefill-facebook-opt-350m-chunk-64-sm-24,success,,,/mnt/data/dheeraj/dicertation/inference-profile/runs/revised-rerun-20260415-171945-g1-opt350m/raw/points/prefill/prefill-facebook-opt-350m-chunk-64-sm-24.csv
facebook/opt-350m,64,gemm,v_proj,24,3,69.63200122117996,35801088,35932160,131072,131072,1024,2026-04-15T16:20:07Z,baseline_nvml_pt,nvidia-smi,ok,1.0,67.0,1695.0,7601.0,54.17,0.1085439994931221,34.642578125,34.642578125,0.5,True,,81.9039668613523,58.4259331180674,74.70505859727068,estimated,,prefill-facebook-opt-350m-chunk-64-sm-24,success,,,/mnt/data/dheeraj/dicertation/inference-profile/runs/revised-rerun-20260415-171945-g1-opt350m/raw/points/prefill/prefill-facebook-opt-350m-chunk-64-sm-24.csv
facebook/opt-350m,64,gemm,out_proj,24,3,70.65600156784058,35801088,35932160,131072,131072,1024,2026-04-15T16:20:07Z,baseline_nvml_pt,nvidia-smi,ok,1.0,67.0,1695.0,7601.0,54.17,0.1085439994931221,34.642578125,34.642578125,0.5,True,,81.9039668613523,58.4259331180674,74.70505859727068,estimated,,prefill-facebook-opt-350m-chunk-64-sm-24,success,,,/mnt/data/dheeraj/dicertation/inference-profile/runs/revised-rerun-20260415-171945-g1-opt350m/raw/points/prefill/prefill-facebook-opt-350m-chunk-64-sm-24.csv
facebook/opt-350m,64,gemm,fc1,24,3,60.416001826524734,35801088,36325376,524288,524288,1024,2026-04-15T16:20:07Z,baseline_nvml_pt,nvidia-smi,ok,1.0,67.0,1695.0,7601.0,54.17,0.1085439994931221,34.642578125,34.642578125,0.5,True,,81.9039668613523,58.4259331180674,74.70505859727068,estimated,,prefill-facebook-opt-350m-chunk-64-sm-24,success,,,/mnt/data/dheeraj/dicertation/inference-profile/runs/revised-rerun-20260415-171945-g1-opt350m/raw/points/prefill/prefill-facebook-opt-350m-chunk-64-sm-24.csv
facebook/opt-350m,64,gemm,fc2,24,3,65.60000032186508,35801088,35932160,131072,131072,1024,2026-04-15T16:20:07Z,baseline_nvml_pt,nvidia-smi,ok,1.0,67.0,1695.0,7601.0,54.17,0.1085439994931221,34.642578125,34.642578125,0.5,True,,81.9039668613523,58.4259331180674,74.70505859727068,estimated,,prefill-facebook-opt-350m-chunk-64-sm-24,success,,,/mnt/data/dheeraj/dicertation/inference-profile/runs/revised-rerun-20260415-171945-g1-opt350m/raw/points/prefill/prefill-facebook-opt-350m-chunk-64-sm-24.csv
facebook/opt-350m,64,attention,attention,24,3,52.25599929690361,35801088,35937280,136192,131072,1024,2026-04-15T16:20:07Z,baseline_nvml_pt,nvidia-smi,ok,1.0,67.0,1695.0,7601.0,54.17,0.1085439994931221,34.642578125,34.642578125,0.5,True,,81.9039668613523,58.4259331180674,74.70505859727068,estimated,,prefill-facebook-opt-350m-chunk-64-sm-24,success,,,/mnt/data/dheeraj/dicertation/inference-profile/runs/revised-rerun-20260415-171945-g1-opt350m/raw/points/prefill/prefill-facebook-opt-350m-chunk-64-sm-24.csv
facebook/opt-350m,64,gemm,q_proj,24,4,75.99999755620956,35801088,35932160,131072,131072,1024,2026-04-15T16:20:07Z,baseline_nvml_pt,nvidia-smi,ok,1.0,67.0,1695.0,7601.0,54.17,0.1085439994931221,34.642578125,34.642578125,0.5,True,,81.9039668613523,58.4259331180674,74.70505859727068,estimated,,prefill-facebook-opt-350m-chunk-64-sm-24,success,,,/mnt/data/dheeraj/dicertation/inference-profile/runs/revised-rerun-20260415-171945-g1-opt350m/raw/points/prefill/prefill-facebook-opt-350m-chunk-64-sm-24.csv
facebook/opt-350m,64,gemm,k_proj,24,4,68.60800087451935,35801088,35932160,131072,131072,1024,2026-04-15T16:20:07Z,baseline_nvml_pt,nvidia-smi,ok,1.0,67.0,1695.0,7601.0,54.17,0.1085439994931221,34.642578125,34.642578125,0.5,True,,81.9039668613523,58.4259331180674,74.70505859727068,estimated,,prefill-facebook-opt-350m-chunk-64-sm-24,success,,,/mnt/data/dheeraj/dicertation/inference-profile/runs/revised-rerun-20260415-171945-g1-opt350m/raw/points/prefill/prefill-facebook-opt-350m-chunk-64-sm-24.csv
facebook/opt-350m,64,gemm,v_proj,24,4,66.56000018119812,35801088,35932160,131072,131072,1024,2026-04-15T16:20:07Z,baseline_nvml_pt,nvidia-smi,ok,1.0,67.0,1695.0,7601.0,54.17,0.1085439994931221,34.642578125,34.642578125,0.5,True,,81.9039668613523,58.4259331180674,74.70505859727068,estimated,,prefill-facebook-opt-350m-chunk-64-sm-24,success,,,/mnt/data/dheeraj/dicertation/inference-profile/runs/revised-rerun-20260415-171945-g1-opt350m/raw/points/prefill/prefill-facebook-opt-350m-chunk-64-sm-24.csv
facebook/opt-350m,64,gemm,out_proj,24,4,67.29599833488464,35801088,35932160,131072,131072,1024,2026-04-15T16:20:07Z,baseline_nvml_pt,nvidia-smi,ok,1.0,67.0,1695.0,7601.0,54.17,0.1085439994931221,34.642578125,34.642578125,0.5,True,,81.9039668613523,58.4259331180674,74.70505859727068,estimated,,prefill-facebook-opt-350m-chunk-64-sm-24,success,,,/mnt/data/dheeraj/dicertation/inference-profile/runs/revised-rerun-20260415-171945-g1-opt350m/raw/points/prefill/prefill-facebook-opt-350m-chunk-64-sm-24.csv
facebook/opt-350m,64,gemm,fc1,24,4,58.46399813890457,35801088,36325376,524288,524288,1024,2026-04-15T16:20:07Z,baseline_nvml_pt,nvidia-smi,ok,1.0,67.0,1695.0,7601.0,54.17,0.1085439994931221,34.642578125,34.642578125,0.5,True,,81.9039668613523,58.4259331180674,74.70505859727068,estimated,,prefill-facebook-opt-350m-chunk-64-sm-24,success,,,/mnt/data/dheeraj/dicertation/inference-profile/runs/revised-rerun-20260415-171945-g1-opt350m/raw/points/prefill/prefill-facebook-opt-350m-chunk-64-sm-24.csv
facebook/opt-350m,64,gemm,fc2,24,4,64.51199948787689,35801088,35932160,131072,131072,1024,2026-04-15T16:20:07Z,baseline_nvml_pt,nvidia-smi,ok,1.0,67.0,1695.0,7601.0,54.17,0.1085439994931221,34.642578125,34.642578125,0.5,True,,81.9039668613523,58.4259331180674,74.70505859727068,estimated,,prefill-facebook-opt-350m-chunk-64-sm-24,success,,,/mnt/data/dheeraj/dicertation/inference-profile/runs/revised-rerun-20260415-171945-g1-opt350m/raw/points/prefill/prefill-facebook-opt-350m-chunk-64-sm-24.csv
facebook/opt-350m,64,attention,attention,24,4,53.247999399900436,35801088,35937280,136192,131072,1024,2026-04-15T16:20:07Z,baseline_nvml_pt,nvidia-smi,ok,1.0,67.0,1695.0,7601.0,54.17,0.1085439994931221,34.642578125,34.642578125,0.5,True,,81.9039668613523,58.4259331180674,74.70505859727068,estimated,,prefill-facebook-opt-350m-chunk-64-sm-24,success,,,/mnt/data/dheeraj/dicertation/inference-profile/runs/revised-rerun-20260415-171945-g1-opt350m/raw/points/prefill/prefill-facebook-opt-350m-chunk-64-sm-24.csv
facebook/opt-350m,64,gemm,q_proj,32,0,99.13600236177444,35801088,35932160,131072,131072,1024,2026-04-15T16:20:11Z,baseline_nvml_pt,nvidia-smi,ok,0.0,67.0,1695.0,7601.0,57.47,0.09913600236177444,34.642578125,34.642578125,0.5,True,,88.06878157134656,52.18627035788545,81.49642756065893,estimated,,prefill-facebook-opt-350m-chunk-64-sm-32,success,,,/mnt/data/dheeraj/dicertation/inference-profile/runs/revised-rerun-20260415-171945-g1-opt350m/raw/points/prefill/prefill-facebook-opt-350m-chunk-64-sm-32.csv
facebook/opt-350m,64,gemm,k_proj,32,0,88.22400122880936,35801088,35932160,131072,131072,1024,2026-04-15T16:20:11Z,baseline_nvml_pt,nvidia-smi,ok,0.0,67.0,1695.0,7601.0,57.47,0.09913600236177444,34.642578125,34.642578125,0.5,True,,88.06878157134656,52.18627035788545,81.49642756065893,estimated,,prefill-facebook-opt-350m-chunk-64-sm-32,success,,,/mnt/data/dheeraj/dicertation/inference-profile/runs/revised-rerun-20260415-171945-g1-opt350m/raw/points/prefill/prefill-facebook-opt-350m-chunk-64-sm-32.csv
facebook/opt-350m,64,gemm,v_proj,32,0,75.77600330114365,35801088,35932160,131072,131072,1024,2026-04-15T16:20:11Z,baseline_nvml_pt,nvidia-smi,ok,0.0,67.0,1695.0,7601.0,57.47,0.09913600236177444,34.642578125,34.642578125,0.5,True,,88.06878157134656,52.18627035788545,81.49642756065893,estimated,,prefill-facebook-opt-350m-chunk-64-sm-32,success,,,/mnt/data/dheeraj/dicertation/inference-profile/runs/revised-rerun-20260415-171945-g1-opt350m/raw/points/prefill/prefill-facebook-opt-350m-chunk-64-sm-32.csv
facebook/opt-350m,64,gemm,out_proj,32,0,76.99199765920639,35801088,35932160,131072,131072,1024,2026-04-15T16:20:11Z,baseline_nvml_pt,nvidia-smi,ok,0.0,67.0,1695.0,7601.0,57.47,0.09913600236177444,34.642578125,34.642578125,0.5,True,,88.06878157134656,52.18627035788545,81.49642756065893,estimated,,prefill-facebook-opt-350m-chunk-64-sm-32,success,,,/mnt/data/dheeraj/dicertation/inference-profile/runs/revised-rerun-20260415-171945-g1-opt350m/raw/points/prefill/prefill-facebook-opt-350m-chunk-64-sm-32.csv
facebook/opt-350m,64,gemm,fc1,32,0,65.63200056552887,35801088,36325376,524288,524288,1024,2026-04-15T16:20:11Z,baseline_nvml_pt,nvidia-smi,ok,0.0,67.0,1695.0,7601.0,57.47,0.09913600236177444,34.642578125,34.642578125,0.5,True,,88.06878157134656,52.18627035788545,81.49642756065893,estimated,,prefill-facebook-opt-350m-chunk-64-sm-32,success,,,/mnt/data/dheeraj/dicertation/inference-profile/runs/revised-rerun-20260415-171945-g1-opt350m/raw/points/prefill/prefill-facebook-opt-350m-chunk-64-sm-32.csv
facebook/opt-350m,64,gemm,fc2,32,0,70.65600156784058,35801088,35932160,131072,131072,1024,2026-04-15T16:20:11Z,baseline_nvml_pt,nvidia-smi,ok,0.0,67.0,1695.0,7601.0,57.47,0.09913600236177444,34.642578125,34.642578125,0.5,True,,88.06878157134656,52.18627035788545,81.49642756065893,estimated,,prefill-facebook-opt-350m-chunk-64-sm-32,success,,,/mnt/data/dheeraj/dicertation/inference-profile/runs/revised-rerun-20260415-171945-g1-opt350m/raw/points/prefill/prefill-facebook-opt-350m-chunk-64-sm-32.csv
facebook/opt-350m,64,attention,attention,32,0,55.296000093221664,35801088,35937280,136192,131072,1024,2026-04-15T16:20:11Z,baseline_nvml_pt,nvidia-smi,ok,0.0,67.0,1695.0,7601.0,57.47,0.09913600236177444,34.642578125,34.642578125,0.5,True,,88.06878157134656,52.18627035788545,81.49642756065893,estimated,,prefill-facebook-opt-350m-chunk-64-sm-32,success,,,/mnt/data/dheeraj/dicertation/inference-profile/runs/revised-rerun-20260415-171945-g1-opt350m/raw/points/prefill/prefill-facebook-opt-350m-chunk-64-sm-32.csv
facebook/opt-350m,64,gemm,q_proj,32,1,72.7040022611618,35801088,35932160,131072,131072,1024,2026-04-15T16:20:11Z,baseline_nvml_pt,nvidia-smi,ok,0.0,67.0,1695.0,7601.0,57.47,0.09913600236177444,34.642578125,34.642578125,0.5,True,,88.06878157134656,52.18627035788545,81.49642756065893,estimated,,prefill-facebook-opt-350m-chunk-64-sm-32,success,,,/mnt/data/dheeraj/dicertation/inference-profile/runs/revised-rerun-20260415-171945-g1-opt350m/raw/points/prefill/prefill-facebook-opt-350m-chunk-64-sm-32.csv
facebook/opt-350m,64,gemm,k_proj,32,1,69.63200122117996,35801088,35932160,131072,131072,1024,2026-04-15T16:20:11Z,baseline_nvml_pt,nvidia-smi,ok,0.0,67.0,1695.0,7601.0,57.47,0.09913600236177444,34.642578125,34.642578125,0.5,True,,88.06878157134656,52.18627035788545,81.49642756065893,estimated,,prefill-facebook-opt-350m-chunk-64-sm-32,success,,,/mnt/data/dheeraj/dicertation/inference-profile/runs/revised-rerun-20260415-171945-g1-opt350m/raw/points/prefill/prefill-facebook-opt-350m-chunk-64-sm-32.csv
facebook/opt-350m,64,gemm,v_proj,32,1,66.56000018119812,35801088,35932160,131072,131072,1024,2026-04-15T16:20:11Z,baseline_nvml_pt,nvidia-smi,ok,0.0,67.0,1695.0,7601.0,57.47,0.09913600236177444,34.642578125,34.642578125,0.5,True,,88.06878157134656,52.18627035788545,81.49642756065893,estimated,,prefill-facebook-opt-350m-chunk-64-sm-32,success,,,/mnt/data/dheeraj/dicertation/inference-profile/runs/revised-rerun-20260415-171945-g1-opt350m/raw/points/prefill/prefill-facebook-opt-350m-chunk-64-sm-32.csv
facebook/opt-350m,64,gemm,out_proj,32,1,66.56000018119812,35801088,35932160,131072,131072,1024,2026-04-15T16:20:11Z,baseline_nvml_pt,nvidia-smi,ok,0.0,67.0,1695.0,7601.0,57.47,0.09913600236177444,34.642578125,34.642578125,0.5,True,,88.06878157134656,52.18627035788545,81.49642756065893,estimated,,prefill-facebook-opt-350m-chunk-64-sm-32,success,,,/mnt/data/dheeraj/dicertation/inference-profile/runs/revised-rerun-20260415-171945-g1-opt350m/raw/points/prefill/prefill-facebook-opt-350m-chunk-64-sm-32.csv
facebook/opt-350m,64,gemm,fc1,32,1,59.58399921655655,35801088,36325376,524288,524288,1024,2026-04-15T16:20:11Z,baseline_nvml_pt,nvidia-smi,ok,0.0,67.0,1695.0,7601.0,57.47,0.09913600236177444,34.642578125,34.642578125,0.5,True,,88.06878157134656,52.18627035788545,81.49642756065893,estimated,,prefill-facebook-opt-350m-chunk-64-sm-32,success,,,/mnt/data/dheeraj/dicertation/inference-profile/runs/revised-rerun-20260415-171945-g1-opt350m/raw/points/prefill/prefill-facebook-opt-350m-chunk-64-sm-32.csv
facebook/opt-350m,64,gemm,fc2,32,1,65.43999910354614,35801088,35932160,131072,131072,1024,2026-04-15T16:20:11Z,baseline_nvml_pt,nvidia-smi,ok,0.0,67.0,1695.0,7601.0,57.47,0.09913600236177444,34.642578125,34.642578125,0.5,True,,88.06878157134656,52.18627035788545,81.49642756065893,estimated,,prefill-facebook-opt-350m-chunk-64-sm-32,success,,,/mnt/data/dheeraj/dicertation/inference-profile/runs/revised-rerun-20260415-171945-g1-opt350m/raw/points/prefill/prefill-facebook-opt-350m-chunk-64-sm-32.csv
facebook/opt-350m,64,attention,attention,32,1,53.119998425245285,35801088,35937280,136192,131072,1024,2026-04-15T16:20:11Z,baseline_nvml_pt,nvidia-smi,ok,0.0,67.0,1695.0,7601.0,57.47,0.09913600236177444,34.642578125,34.642578125,0.5,True,,88.06878157134656,52.18627035788545,81.49642756065893,estimated,,prefill-facebook-opt-350m-chunk-64-sm-32,success,,,/mnt/data/dheeraj/dicertation/inference-profile/runs/revised-rerun-20260415-171945-g1-opt350m/raw/points/prefill/prefill-facebook-opt-350m-chunk-64-sm-32.csv
facebook/opt-350m,64,gemm,q_proj,32,2,77.7600035071373,35801088,35932160,131072,131072,1024,2026-04-15T16:20:11Z,baseline_nvml_pt,nvidia-smi,ok,0.0,67.0,1695.0,7601.0,57.47,0.09913600236177444,34.642578125,34.642578125,0.5,True,,88.06878157134656,52.18627035788545,81.49642756065893,estimated,,prefill-facebook-opt-350m-chunk-64-sm-32,success,,,/mnt/data/dheeraj/dicertation/inference-profile/runs/revised-rerun-20260415-171945-g1-opt350m/raw/points/prefill/prefill-facebook-opt-350m-chunk-64-sm-32.csv
facebook/opt-350m,64,gemm,k_proj,32,2,68.60800087451935,35801088,35932160,131072,131072,1024,2026-04-15T16:20:11Z,baseline_nvml_pt,nvidia-smi,ok,0.0,67.0,1695.0,7601.0,57.47,0.09913600236177444,34.642578125,34.642578125,0.5,True,,88.06878157134656,52.18627035788545,81.49642756065893,estimated,,prefill-facebook-opt-350m-chunk-64-sm-32,success,,,/mnt/data/dheeraj/dicertation/inference-profile/runs/revised-rerun-20260415-171945-g1-opt350m/raw/points/prefill/prefill-facebook-opt-350m-chunk-64-sm-32.csv
facebook/opt-350m,64,gemm,v_proj,32,2,68.60800087451935,35801088,35932160,131072,131072,1024,2026-04-15T16:20:11Z,baseline_nvml_pt,nvidia-smi,ok,0.0,67.0,1695.0,7601.0,57.47,0.09913600236177444,34.642578125,34.642578125,0.5,True,,88.06878157134656,52.18627035788545,81.49642756065893,estimated,,prefill-facebook-opt-350m-chunk-64-sm-32,success,,,/mnt/data/dheeraj/dicertation/inference-profile/runs/revised-rerun-20260415-171945-g1-opt350m/raw/points/prefill/prefill-facebook-opt-350m-chunk-64-sm-32.csv
facebook/opt-350m,64,gemm,out_proj,32,2,67.58400052785873,35801088,35932160,131072,131072,1024,2026-04-15T16:20:11Z,baseline_nvml_pt,nvidia-smi,ok,0.0,67.0,1695.0,7601.0,57.47,0.09913600236177444,34.642578125,34.642578125,0.5,True,,88.06878157134656,52.18627035788545,81.49642756065893,estimated,,prefill-facebook-opt-350m-chunk-64-sm-32,success,,,/mnt/data/dheeraj/dicertation/inference-profile/runs/revised-rerun-20260415-171945-g1-opt350m/raw/points/prefill/prefill-facebook-opt-350m-chunk-64-sm-32.csv
facebook/opt-350m,64,gemm,fc1,32,2,58.49599838256836,35801088,36325376,524288,524288,1024,2026-04-15T16:20:11Z,baseline_nvml_pt,nvidia-smi,ok,0.0,67.0,1695.0,7601.0,57.47,0.09913600236177444,34.642578125,34.642578125,0.5,True,,88.06878157134656,52.18627035788545,81.49642756065893,estimated,,prefill-facebook-opt-350m-chunk-64-sm-32,success,,,/mnt/data/dheeraj/dicertation/inference-profile/runs/revised-rerun-20260415-171945-g1-opt350m/raw/points/prefill/prefill-facebook-opt-350m-chunk-64-sm-32.csv
facebook/opt-350m,64,gemm,fc2,32,2,64.64000046253204,35801088,35932160,131072,131072,1024,2026-04-15T16:20:11Z,baseline_nvml_pt,nvidia-smi,ok,0.0,67.0,1695.0,7601.0,57.47,0.09913600236177444,34.642578125,34.642578125,0.5,True,,88.06878157134656,52.18627035788545,81.49642756065893,estimated,,prefill-facebook-opt-350m-chunk-64-sm-32,success,,,/mnt/data/dheeraj/dicertation/inference-profile/runs/revised-rerun-20260415-171945-g1-opt350m/raw/points/prefill/prefill-facebook-opt-350m-chunk-64-sm-32.csv
facebook/opt-350m,64,attention,attention,32,2,53.247999399900436,35801088,35937280,136192,131072,1024,2026-04-15T16:20:11Z,baseline_nvml_pt,nvidia-smi,ok,0.0,67.0,1695.0,7601.0,57.47,0.09913600236177444,34.642578125,34.642578125,0.5,True,,88.06878157134656,52.18627035788545,81.49642756065893,estimated,,prefill-facebook-opt-350m-chunk-64-sm-32,success,,,/mnt/data/dheeraj/dicertation/inference-profile/runs/revised-rerun-20260415-171945-g1-opt350m/raw/points/prefill/prefill-facebook-opt-350m-chunk-64-sm-32.csv
facebook/opt-350m,64,gemm,q_proj,32,3,73.60000163316727,35801088,35932160,131072,131072,1024,2026-04-15T16:20:11Z,baseline_nvml_pt,nvidia-smi,ok,0.0,67.0,1695.0,7601.0,57.47,0.09913600236177444,34.642578125,34.642578125,0.5,True,,88.06878157134656,52.18627035788545,81.49642756065893,estimated,,prefill-facebook-opt-350m-chunk-64-sm-32,success,,,/mnt/data/dheeraj/dicertation/inference-profile/runs/revised-rerun-20260415-171945-g1-opt350m/raw/points/prefill/prefill-facebook-opt-350m-chunk-64-sm-32.csv
facebook/opt-350m,64,gemm,k_proj,32,3,69.63200122117996,35801088,35932160,131072,131072,1024,2026-04-15T16:20:11Z,baseline_nvml_pt,nvidia-smi,ok,0.0,67.0,1695.0,7601.0,57.47,0.09913600236177444,34.642578125,34.642578125,0.5,True,,88.06878157134656,52.18627035788545,81.49642756065893,estimated,,prefill-facebook-opt-350m-chunk-64-sm-32,success,,,/mnt/data/dheeraj/dicertation/inference-profile/runs/revised-rerun-20260415-171945-g1-opt350m/raw/points/prefill/prefill-facebook-opt-350m-chunk-64-sm-32.csv
facebook/opt-350m,64,gemm,v_proj,32,3,68.57600063085556,35801088,35932160,131072,131072,1024,2026-04-15T16:20:11Z,baseline_nvml_pt,nvidia-smi,ok,0.0,67.0,1695.0,7601.0,57.47,0.09913600236177444,34.642578125,34.642578125,0.5,True,,88.06878157134656,52.18627035788545,81.49642756065893,estimated,,prefill-facebook-opt-350m-chunk-64-sm-32,success,,,/mnt/data/dheeraj/dicertation/inference-profile/runs/revised-rerun-20260415-171945-g1-opt350m/raw/points/prefill/prefill-facebook-opt-350m-chunk-64-sm-32.csv
facebook/opt-350m,64,gemm,out_proj,32,3,69.50400024652481,35801088,35932160,131072,131072,1024,2026-04-15T16:20:11Z,baseline_nvml_pt,nvidia-smi,ok,0.0,67.0,1695.0,7601.0,57.47,0.09913600236177444,34.642578125,34.642578125,0.5,True,,88.06878157134656,52.18627035788545,81.49642756065893,estimated,,prefill-facebook-opt-350m-chunk-64-sm-32,success,,,/mnt/data/dheeraj/dicertation/inference-profile/runs/revised-rerun-20260415-171945-g1-opt350m/raw/points/prefill/prefill-facebook-opt-350m-chunk-64-sm-32.csv
facebook/opt-350m,64,gemm,fc1,32,3,59.42400172352791,35801088,36325376,524288,524288,1024,2026-04-15T16:20:11Z,baseline_nvml_pt,nvidia-smi,ok,0.0,67.0,1695.0,7601.0,57.47,0.09913600236177444,34.642578125,34.642578125,0.5,True,,88.06878157134656,52.18627035788545,81.49642756065893,estimated,,prefill-facebook-opt-350m-chunk-64-sm-32,success,,,/mnt/data/dheeraj/dicertation/inference-profile/runs/revised-rerun-20260415-171945-g1-opt350m/raw/points/prefill/prefill-facebook-opt-350m-chunk-64-sm-32.csv
facebook/opt-350m,64,gemm,fc2,32,3,63.519999384880066,35801088,35932160,131072,131072,1024,2026-04-15T16:20:11Z,baseline_nvml_pt,nvidia-smi,ok,0.0,67.0,1695.0,7601.0,57.47,0.09913600236177444,34.642578125,34.642578125,0.5,True,,88.06878157134656,52.18627035788545,81.49642756065893,estimated,,prefill-facebook-opt-350m-chunk-64-sm-32,success,,,/mnt/data/dheeraj/dicertation/inference-profile/runs/revised-rerun-20260415-171945-g1-opt350m/raw/points/prefill/prefill-facebook-opt-350m-chunk-64-sm-32.csv
facebook/opt-350m,64,attention,attention,32,3,53.247999399900436,35801088,35937280,136192,131072,1024,2026-04-15T16:20:11Z,baseline_nvml_pt,nvidia-smi,ok,0.0,67.0,1695.0,7601.0,57.47,0.09913600236177444,34.642578125,34.642578125,0.5,True,,88.06878157134656,52.18627035788545,81.49642756065893,estimated,,prefill-facebook-opt-350m-chunk-64-sm-32,success,,,/mnt/data/dheeraj/dicertation/inference-profile/runs/revised-rerun-20260415-171945-g1-opt350m/raw/points/prefill/prefill-facebook-opt-350m-chunk-64-sm-32.csv
facebook/opt-350m,64,gemm,q_proj,32,4,70.65600156784058,35801088,35932160,131072,131072,1024,2026-04-15T16:20:11Z,baseline_nvml_pt,nvidia-smi,ok,0.0,67.0,1695.0,7601.0,57.47,0.09913600236177444,34.642578125,34.642578125,0.5,True,,88.06878157134656,52.18627035788545,81.49642756065893,estimated,,prefill-facebook-opt-350m-chunk-64-sm-32,success,,,/mnt/data/dheeraj/dicertation/inference-profile/runs/revised-rerun-20260415-171945-g1-opt350m/raw/points/prefill/prefill-facebook-opt-350m-chunk-64-sm-32.csv
facebook/opt-350m,64,gemm,k_proj,32,4,66.78400188684464,35801088,35932160,131072,131072,1024,2026-04-15T16:20:11Z,baseline_nvml_pt,nvidia-smi,ok,0.0,67.0,1695.0,7601.0,57.47,0.09913600236177444,34.642578125,34.642578125,0.5,True,,88.06878157134656,52.18627035788545,81.49642756065893,estimated,,prefill-facebook-opt-350m-chunk-64-sm-32,success,,,/mnt/data/dheeraj/dicertation/inference-profile/runs/revised-rerun-20260415-171945-g1-opt350m/raw/points/prefill/prefill-facebook-opt-350m-chunk-64-sm-32.csv
facebook/opt-350m,64,gemm,v_proj,32,4,65.2799978852272,35801088,35932160,131072,131072,1024,2026-04-15T16:20:11Z,baseline_nvml_pt,nvidia-smi,ok,0.0,67.0,1695.0,7601.0,57.47,0.09913600236177444,34.642578125,34.642578125,0.5,True,,88.06878157134656,52.18627035788545,81.49642756065893,estimated,,prefill-facebook-opt-350m-chunk-64-sm-32,success,,,/mnt/data/dheeraj/dicertation/inference-profile/runs/revised-rerun-20260415-171945-g1-opt350m/raw/points/prefill/prefill-facebook-opt-350m-chunk-64-sm-32.csv
facebook/opt-350m,64,gemm,out_proj,32,4,72.7040022611618,35801088,35932160,131072,131072,1024,2026-04-15T16:20:11Z,baseline_nvml_pt,nvidia-smi,ok,0.0,67.0,1695.0,7601.0,57.47,0.09913600236177444,34.642578125,34.642578125,0.5,True,,88.06878157134656,52.18627035788545,81.49642756065893,estimated,,prefill-facebook-opt-350m-chunk-64-sm-32,success,,,/mnt/data/dheeraj/dicertation/inference-profile/runs/revised-rerun-20260415-171945-g1-opt350m/raw/points/prefill/prefill-facebook-opt-350m-chunk-64-sm-32.csv
facebook/opt-350m,64,gemm,fc1,32,4,58.62399935722351,35801088,36325376,524288,524288,1024,2026-04-15T16:20:11Z,baseline_nvml_pt,nvidia-smi,ok,0.0,67.0,1695.0,7601.0,57.47,0.09913600236177444,34.642578125,34.642578125,0.5,True,,88.06878157134656,52.18627035788545,81.49642756065893,estimated,,prefill-facebook-opt-350m-chunk-64-sm-32,success,,,/mnt/data/dheeraj/dicertation/inference-profile/runs/revised-rerun-20260415-171945-g1-opt350m/raw/points/prefill/prefill-facebook-opt-350m-chunk-64-sm-32.csv
facebook/opt-350m,64,gemm,fc2,32,4,63.48799914121628,35801088,35932160,131072,131072,1024,2026-04-15T16:20:11Z,baseline_nvml_pt,nvidia-smi,ok,0.0,67.0,1695.0,7601.0,57.47,0.09913600236177444,34.642578125,34.642578125,0.5,True,,88.06878157134656,52.18627035788545,81.49642756065893,estimated,,prefill-facebook-opt-350m-chunk-64-sm-32,success,,,/mnt/data/dheeraj/dicertation/inference-profile/runs/revised-rerun-20260415-171945-g1-opt350m/raw/points/prefill/prefill-facebook-opt-350m-chunk-64-sm-32.csv
facebook/opt-350m,64,attention,attention,32,4,52.22399905323982,35801088,35937280,136192,131072,1024,2026-04-15T16:20:11Z,baseline_nvml_pt,nvidia-smi,ok,0.0,67.0,1695.0,7601.0,57.47,0.09913600236177444,34.642578125,34.642578125,0.5,True,,88.06878157134656,52.18627035788545,81.49642756065893,estimated,,prefill-facebook-opt-350m-chunk-64-sm-32,success,,,/mnt/data/dheeraj/dicertation/inference-profile/runs/revised-rerun-20260415-171945-g1-opt350m/raw/points/prefill/prefill-facebook-opt-350m-chunk-64-sm-32.csv
facebook/opt-350m,128,gemm,q_proj,8,0,75.77600330114365,36849664,37111808,262144,262144,1024,2026-04-15T16:20:15Z,baseline_nvml_pt,nvidia-smi,ok,6.0,67.0,1695.0,7601.0,61.1,0.08383999764919281,36.142578125,36.142578125,1.0,True,,73.14292180170473,67.4570115179084,63.496427560658915,estimated,,prefill-facebook-opt-350m-chunk-128-sm-8,success,,,/mnt/data/dheeraj/dicertation/inference-profile/runs/revised-rerun-20260415-171945-g1-opt350m/raw/points/prefill/prefill-facebook-opt-350m-chunk-128-sm-8.csv
facebook/opt-350m,128,gemm,k_proj,8,0,80.6720033288002,36849664,37111808,262144,262144,1024,2026-04-15T16:20:15Z,baseline_nvml_pt,nvidia-smi,ok,6.0,67.0,1695.0,7601.0,61.1,0.08383999764919281,36.142578125,36.142578125,1.0,True,,73.14292180170473,67.4570115179084,63.496427560658915,estimated,,prefill-facebook-opt-350m-chunk-128-sm-8,success,,,/mnt/data/dheeraj/dicertation/inference-profile/runs/revised-rerun-20260415-171945-g1-opt350m/raw/points/prefill/prefill-facebook-opt-350m-chunk-128-sm-8.csv
facebook/opt-350m,128,gemm,v_proj,8,0,65.66400080919266,36849664,37111808,262144,262144,1024,2026-04-15T16:20:15Z,baseline_nvml_pt,nvidia-smi,ok,6.0,67.0,1695.0,7601.0,61.1,0.08383999764919281,36.142578125,36.142578125,1.0,True,,73.14292180170473,67.4570115179084,63.496427560658915,estimated,,prefill-facebook-opt-350m-chunk-128-sm-8,success,,,/mnt/data/dheeraj/dicertation/inference-profile/runs/revised-rerun-20260415-171945-g1-opt350m/raw/points/prefill/prefill-facebook-opt-350m-chunk-128-sm-8.csv
facebook/opt-350m,128,gemm,out_proj,8,0,66.56000018119812,36849664,37111808,262144,262144,1024,2026-04-15T16:20:15Z,baseline_nvml_pt,nvidia-smi,ok,6.0,67.0,1695.0,7601.0,61.1,0.08383999764919281,36.142578125,36.142578125,1.0,True,,73.14292180170473,67.4570115179084,63.496427560658915,estimated,,prefill-facebook-opt-350m-chunk-128-sm-8,success,,,/mnt/data/dheeraj/dicertation/inference-profile/runs/revised-rerun-20260415-171945-g1-opt350m/raw/points/prefill/prefill-facebook-opt-350m-chunk-128-sm-8.csv
facebook/opt-350m,128,gemm,fc1,8,0,74.62400197982788,36849664,37898240,1048576,1048576,1024,2026-04-15T16:20:15Z,baseline_nvml_pt,nvidia-smi,ok,6.0,67.0,1695.0,7601.0,61.1,0.08383999764919281,36.142578125,36.142578125,1.0,True,,73.14292180170473,67.4570115179084,63.496427560658915,estimated,,prefill-facebook-opt-350m-chunk-128-sm-8,success,,,/mnt/data/dheeraj/dicertation/inference-profile/runs/revised-rerun-20260415-171945-g1-opt350m/raw/points/prefill/prefill-facebook-opt-350m-chunk-128-sm-8.csv
facebook/opt-350m,128,gemm,fc2,8,0,66.56000018119812,36849664,37111808,262144,262144,1024,2026-04-15T16:20:15Z,baseline_nvml_pt,nvidia-smi,ok,6.0,67.0,1695.0,7601.0,61.1,0.08383999764919281,36.142578125,36.142578125,1.0,True,,73.14292180170473,67.4570115179084,63.496427560658915,estimated,,prefill-facebook-opt-350m-chunk-128-sm-8,success,,,/mnt/data/dheeraj/dicertation/inference-profile/runs/revised-rerun-20260415-171945-g1-opt350m/raw/points/prefill/prefill-facebook-opt-350m-chunk-128-sm-8.csv
facebook/opt-350m,128,attention,attention,8,0,55.424001067876816,36849664,37121024,271360,262144,1024,2026-04-15T16:20:15Z,baseline_nvml_pt,nvidia-smi,ok,6.0,67.0,1695.0,7601.0,61.1,0.08383999764919281,36.142578125,36.142578125,1.0,True,,73.14292180170473,67.4570115179084,63.496427560658915,estimated,,prefill-facebook-opt-350m-chunk-128-sm-8,success,,,/mnt/data/dheeraj/dicertation/inference-profile/runs/revised-rerun-20260415-171945-g1-opt350m/raw/points/prefill/prefill-facebook-opt-350m-chunk-128-sm-8.csv
facebook/opt-350m,128,gemm,q_proj,8,1,63.45599889755249,36849664,37111808,262144,262144,1024,2026-04-15T16:20:15Z,baseline_nvml_pt,nvidia-smi,ok,6.0,67.0,1695.0,7601.0,61.1,0.08383999764919281,36.142578125,36.142578125,1.0,True,,73.14292180170473,67.4570115179084,63.496427560658915,estimated,,prefill-facebook-opt-350m-chunk-128-sm-8,success,,,/mnt/data/dheeraj/dicertation/inference-profile/runs/revised-rerun-20260415-171945-g1-opt350m/raw/points/prefill/prefill-facebook-opt-350m-chunk-128-sm-8.csv
facebook/opt-350m,128,gemm,k_proj,8,1,61.43999844789505,36849664,37111808,262144,262144,1024,2026-04-15T16:20:15Z,baseline_nvml_pt,nvidia-smi,ok,6.0,67.0,1695.0,7601.0,61.1,0.08383999764919281,36.142578125,36.142578125,1.0,True,,73.14292180170473,67.4570115179084,63.496427560658915,estimated,,prefill-facebook-opt-350m-chunk-128-sm-8,success,,,/mnt/data/dheeraj/dicertation/inference-profile/runs/revised-rerun-20260415-171945-g1-opt350m/raw/points/prefill/prefill-facebook-opt-350m-chunk-128-sm-8.csv
facebook/opt-350m,128,gemm,v_proj,8,1,58.36800113320351,36849664,37111808,262144,262144,1024,2026-04-15T16:20:15Z,baseline_nvml_pt,nvidia-smi,ok,6.0,67.0,1695.0,7601.0,61.1,0.08383999764919281,36.142578125,36.142578125,1.0,True,,73.14292180170473,67.4570115179084,63.496427560658915,estimated,,prefill-facebook-opt-350m-chunk-128-sm-8,success,,,/mnt/data/dheeraj/dicertation/inference-profile/runs/revised-rerun-20260415-171945-g1-opt350m/raw/points/prefill/prefill-facebook-opt-350m-chunk-128-sm-8.csv
facebook/opt-350m,128,gemm,out_proj,8,1,56.57599866390228,36849664,37111808,262144,262144,1024,2026-04-15T16:20:15Z,baseline_nvml_pt,nvidia-smi,ok,6.0,67.0,1695.0,7601.0,61.1,0.08383999764919281,36.142578125,36.142578125,1.0,True,,73.14292180170473,67.4570115179084,63.496427560658915,estimated,,prefill-facebook-opt-350m-chunk-128-sm-8,success,,,/mnt/data/dheeraj/dicertation/inference-profile/runs/revised-rerun-20260415-171945-g1-opt350m/raw/points/prefill/prefill-facebook-opt-350m-chunk-128-sm-8.csv
facebook/opt-350m,128,gemm,fc1,8,1,67.77600198984146,36849664,37898240,1048576,1048576,1024,2026-04-15T16:20:15Z,baseline_nvml_pt,nvidia-smi,ok,6.0,67.0,1695.0,7601.0,61.1,0.08383999764919281,36.142578125,36.142578125,1.0,True,,73.14292180170473,67.4570115179084,63.496427560658915,estimated,,prefill-facebook-opt-350m-chunk-128-sm-8,success,,,/mnt/data/dheeraj/dicertation/inference-profile/runs/revised-rerun-20260415-171945-g1-opt350m/raw/points/prefill/prefill-facebook-opt-350m-chunk-128-sm-8.csv
facebook/opt-350m,128,gemm,fc2,8,1,65.40799885988235,36849664,37111808,262144,262144,1024,2026-04-15T16:20:15Z,baseline_nvml_pt,nvidia-smi,ok,6.0,67.0,1695.0,7601.0,61.1,0.08383999764919281,36.142578125,36.142578125,1.0,True,,73.14292180170473,67.4570115179084,63.496427560658915,estimated,,prefill-facebook-opt-350m-chunk-128-sm-8,success,,,/mnt/data/dheeraj/dicertation/inference-profile/runs/revised-rerun-20260415-171945-g1-opt350m/raw/points/prefill/prefill-facebook-opt-350m-chunk-128-sm-8.csv
facebook/opt-350m,128,attention,attention,8,1,54.27199974656105,36849664,37121024,271360,262144,1024,2026-04-15T16:20:15Z,baseline_nvml_pt,nvidia-smi,ok,6.0,67.0,1695.0,7601.0,61.1,0.08383999764919281,36.142578125,36.142578125,1.0,True,,73.14292180170473,67.4570115179084,63.496427560658915,estimated,,prefill-facebook-opt-350m-chunk-128-sm-8,success,,,/mnt/data/dheeraj/dicertation/inference-profile/runs/revised-rerun-20260415-171945-g1-opt350m/raw/points/prefill/prefill-facebook-opt-350m-chunk-128-sm-8.csv
facebook/opt-350m,128,gemm,q_proj,8,2,65.47199934720993,36849664,37111808,262144,262144,1024,2026-04-15T16:20:15Z,baseline_nvml_pt,nvidia-smi,ok,6.0,67.0,1695.0,7601.0,61.1,0.08383999764919281,36.142578125,36.142578125,1.0,True,,73.14292180170473,67.4570115179084,63.496427560658915,estimated,,prefill-facebook-opt-350m-chunk-128-sm-8,success,,,/mnt/data/dheeraj/dicertation/inference-profile/runs/revised-rerun-20260415-171945-g1-opt350m/raw/points/prefill/prefill-facebook-opt-350m-chunk-128-sm-8.csv
facebook/opt-350m,128,gemm,k_proj,8,2,57.34400078654289,36849664,37111808,262144,262144,1024,2026-04-15T16:20:15Z,baseline_nvml_pt,nvidia-smi,ok,6.0,67.0,1695.0,7601.0,61.1,0.08383999764919281,36.142578125,36.142578125,1.0,True,,73.14292180170473,67.4570115179084,63.496427560658915,estimated,,prefill-facebook-opt-350m-chunk-128-sm-8,success,,,/mnt/data/dheeraj/dicertation/inference-profile/runs/revised-rerun-20260415-171945-g1-opt350m/raw/points/prefill/prefill-facebook-opt-350m-chunk-128-sm-8.csv
facebook/opt-350m,128,gemm,v_proj,8,2,58.36800113320351,36849664,37111808,262144,262144,1024,2026-04-15T16:20:15Z,baseline_nvml_pt,nvidia-smi,ok,6.0,67.0,1695.0,7601.0,61.1,0.08383999764919281,36.142578125,36.142578125,1.0,True,,73.14292180170473,67.4570115179084,63.496427560658915,estimated,,prefill-facebook-opt-350m-chunk-128-sm-8,success,,,/mnt/data/dheeraj/dicertation/inference-profile/runs/revised-rerun-20260415-171945-g1-opt350m/raw/points/prefill/prefill-facebook-opt-350m-chunk-128-sm-8.csv
facebook/opt-350m,128,gemm,out_proj,8,2,56.32000043988228,36849664,37111808,262144,262144,1024,2026-04-15T16:20:15Z,baseline_nvml_pt,nvidia-smi,ok,6.0,67.0,1695.0,7601.0,61.1,0.08383999764919281,36.142578125,36.142578125,1.0,True,,73.14292180170473,67.4570115179084,63.496427560658915,estimated,,prefill-facebook-opt-350m-chunk-128-sm-8,success,,,/mnt/data/dheeraj/dicertation/inference-profile/runs/revised-rerun-20260415-171945-g1-opt350m/raw/points/prefill/prefill-facebook-opt-350m-chunk-128-sm-8.csv
facebook/opt-350m,128,gemm,fc1,8,2,61.43999844789505,36849664,37898240,1048576,1048576,1024,2026-04-15T16:20:15Z,baseline_nvml_pt,nvidia-smi,ok,6.0,67.0,1695.0,7601.0,61.1,0.08383999764919281,36.142578125,36.142578125,1.0,True,,73.14292180170473,67.4570115179084,63.496427560658915,estimated,,prefill-facebook-opt-350m-chunk-128-sm-8,success,,,/mnt/data/dheeraj/dicertation/inference-profile/runs/revised-rerun-20260415-171945-g1-opt350m/raw/points/prefill/prefill-facebook-opt-350m-chunk-128-sm-8.csv
facebook/opt-350m,128,gemm,fc2,8,2,64.51199948787689,36849664,37111808,262144,262144,1024,2026-04-15T16:20:15Z,baseline_nvml_pt,nvidia-smi,ok,6.0,67.0,1695.0,7601.0,61.1,0.08383999764919281,36.142578125,36.142578125,1.0,True,,73.14292180170473,67.4570115179084,63.496427560658915,estimated,,prefill-facebook-opt-350m-chunk-128-sm-8,success,,,/mnt/data/dheeraj/dicertation/inference-profile/runs/revised-rerun-20260415-171945-g1-opt350m/raw/points/prefill/prefill-facebook-opt-350m-chunk-128-sm-8.csv
facebook/opt-350m,128,attention,attention,8,2,54.016001522541046,36849664,37121024,271360,262144,1024,2026-04-15T16:20:15Z,baseline_nvml_pt,nvidia-smi,ok,6.0,67.0,1695.0,7601.0,61.1,0.08383999764919281,36.142578125,36.142578125,1.0,True,,73.14292180170473,67.4570115179084,63.496427560658915,estimated,,prefill-facebook-opt-350m-chunk-128-sm-8,success,,,/mnt/data/dheeraj/dicertation/inference-profile/runs/revised-rerun-20260415-171945-g1-opt350m/raw/points/prefill/prefill-facebook-opt-350m-chunk-128-sm-8.csv
facebook/opt-350m,128,gemm,q_proj,8,3,61.43999844789505,36849664,37111808,262144,262144,1024,2026-04-15T16:20:15Z,baseline_nvml_pt,nvidia-smi,ok,6.0,67.0,1695.0,7601.0,61.1,0.08383999764919281,36.142578125,36.142578125,1.0,True,,73.14292180170473,67.4570115179084,63.496427560658915,estimated,,prefill-facebook-opt-350m-chunk-128-sm-8,success,,,/mnt/data/dheeraj/dicertation/inference-profile/runs/revised-rerun-20260415-171945-g1-opt350m/raw/points/prefill/prefill-facebook-opt-350m-chunk-128-sm-8.csv
facebook/opt-350m,128,gemm,k_proj,8,3,62.463998794555664,36849664,37111808,262144,262144,1024,2026-04-15T16:20:15Z,baseline_nvml_pt,nvidia-smi,ok,6.0,67.0,1695.0,7601.0,61.1,0.08383999764919281,36.142578125,36.142578125,1.0,True,,73.14292180170473,67.4570115179084,63.496427560658915,estimated,,prefill-facebook-opt-350m-chunk-128-sm-8,success,,,/mnt/data/dheeraj/dicertation/inference-profile/runs/revised-rerun-20260415-171945-g1-opt350m/raw/points/prefill/prefill-facebook-opt-350m-chunk-128-sm-8.csv
facebook/opt-350m,128,gemm,v_proj,8,3,58.400001376867294,36849664,37111808,262144,262144,1024,2026-04-15T16:20:15Z,baseline_nvml_pt,nvidia-smi,ok,6.0,67.0,1695.0,7601.0,61.1,0.08383999764919281,36.142578125,36.142578125,1.0,True,,73.14292180170473,67.4570115179084,63.496427560658915,estimated,,prefill-facebook-opt-350m-chunk-128-sm-8,success,,,/mnt/data/dheeraj/dicertation/inference-profile/runs/revised-rerun-20260415-171945-g1-opt350m/raw/points/prefill/prefill-facebook-opt-350m-chunk-128-sm-8.csv
facebook/opt-350m,128,gemm,out_proj,8,3,57.34400078654289,36849664,37111808,262144,262144,1024,2026-04-15T16:20:15Z,baseline_nvml_pt,nvidia-smi,ok,6.0,67.0,1695.0,7601.0,61.1,0.08383999764919281,36.142578125,36.142578125,1.0,True,,73.14292180170473,67.4570115179084,63.496427560658915,estimated,,prefill-facebook-opt-350m-chunk-128-sm-8,success,,,/mnt/data/dheeraj/dicertation/inference-profile/runs/revised-rerun-20260415-171945-g1-opt350m/raw/points/prefill/prefill-facebook-opt-350m-chunk-128-sm-8.csv
facebook/opt-350m,128,gemm,fc1,8,3,61.43999844789505,36849664,37898240,1048576,1048576,1024,2026-04-15T16:20:15Z,baseline_nvml_pt,nvidia-smi,ok,6.0,67.0,1695.0,7601.0,61.1,0.08383999764919281,36.142578125,36.142578125,1.0,True,,73.14292180170473,67.4570115179084,63.496427560658915,estimated,,prefill-facebook-opt-350m-chunk-128-sm-8,success,,,/mnt/data/dheeraj/dicertation/inference-profile/runs/revised-rerun-20260415-171945-g1-opt350m/raw/points/prefill/prefill-facebook-opt-350m-chunk-128-sm-8.csv
facebook/opt-350m,128,gemm,fc2,8,3,62.463998794555664,36849664,37111808,262144,262144,1024,2026-04-15T16:20:15Z,baseline_nvml_pt,nvidia-smi,ok,6.0,67.0,1695.0,7601.0,61.1,0.08383999764919281,36.142578125,36.142578125,1.0,True,,73.14292180170473,67.4570115179084,63.496427560658915,estimated,,prefill-facebook-opt-350m-chunk-128-sm-8,success,,,/mnt/data/dheeraj/dicertation/inference-profile/runs/revised-rerun-20260415-171945-g1-opt350m/raw/points/prefill/prefill-facebook-opt-350m-chunk-128-sm-8.csv
facebook/opt-350m,128,attention,attention,8,3,50.40000006556511,36849664,37121024,271360,262144,1024,2026-04-15T16:20:15Z,baseline_nvml_pt,nvidia-smi,ok,6.0,67.0,1695.0,7601.0,61.1,0.08383999764919281,36.142578125,36.142578125,1.0,True,,73.14292180170473,67.4570115179084,63.496427560658915,estimated,,prefill-facebook-opt-350m-chunk-128-sm-8,success,,,/mnt/data/dheeraj/dicertation/inference-profile/runs/revised-rerun-20260415-171945-g1-opt350m/raw/points/prefill/prefill-facebook-opt-350m-chunk-128-sm-8.csv
facebook/opt-350m,128,gemm,q_proj,8,4,58.36800113320351,36849664,37111808,262144,262144,1024,2026-04-15T16:20:15Z,baseline_nvml_pt,nvidia-smi,ok,6.0,67.0,1695.0,7601.0,61.1,0.08383999764919281,36.142578125,36.142578125,1.0,True,,73.14292180170473,67.4570115179084,63.496427560658915,estimated,,prefill-facebook-opt-350m-chunk-128-sm-8,success,,,/mnt/data/dheeraj/dicertation/inference-profile/runs/revised-rerun-20260415-171945-g1-opt350m/raw/points/prefill/prefill-facebook-opt-350m-chunk-128-sm-8.csv
facebook/opt-350m,128,gemm,k_proj,8,4,58.27200040221214,36849664,37111808,262144,262144,1024,2026-04-15T16:20:15Z,baseline_nvml_pt,nvidia-smi,ok,6.0,67.0,1695.0,7601.0,61.1,0.08383999764919281,36.142578125,36.142578125,1.0,True,,73.14292180170473,67.4570115179084,63.496427560658915,estimated,,prefill-facebook-opt-350m-chunk-128-sm-8,success,,,/mnt/data/dheeraj/dicertation/inference-profile/runs/revised-rerun-20260415-171945-g1-opt350m/raw/points/prefill/prefill-facebook-opt-350m-chunk-128-sm-8.csv
facebook/opt-350m,128,gemm,v_proj,8,4,55.296000093221664,36849664,37111808,262144,262144,1024,2026-04-15T16:20:15Z,baseline_nvml_pt,nvidia-smi,ok,6.0,67.0,1695.0,7601.0,61.1,0.08383999764919281,36.142578125,36.142578125,1.0,True,,73.14292180170473,67.4570115179084,63.496427560658915,estimated,,prefill-facebook-opt-350m-chunk-128-sm-8,success,,,/mnt/data/dheeraj/dicertation/inference-profile/runs/revised-rerun-20260415-171945-g1-opt350m/raw/points/prefill/prefill-facebook-opt-350m-chunk-128-sm-8.csv
facebook/opt-350m,128,gemm,out_proj,8,4,54.43200096487999,36849664,37111808,262144,262144,1024,2026-04-15T16:20:15Z,baseline_nvml_pt,nvidia-smi,ok,6.0,67.0,1695.0,7601.0,61.1,0.08383999764919281,36.142578125,36.142578125,1.0,True,,73.14292180170473,67.4570115179084,63.496427560658915,estimated,,prefill-facebook-opt-350m-chunk-128-sm-8,success,,,/mnt/data/dheeraj/dicertation/inference-profile/runs/revised-rerun-20260415-171945-g1-opt350m/raw/points/prefill/prefill-facebook-opt-350m-chunk-128-sm-8.csv
facebook/opt-350m,128,gemm,fc1,8,4,60.416001826524734,36849664,37898240,1048576,1048576,1024,2026-04-15T16:20:15Z,baseline_nvml_pt,nvidia-smi,ok,6.0,67.0,1695.0,7601.0,61.1,0.08383999764919281,36.142578125,36.142578125,1.0,True,,73.14292180170473,67.4570115179084,63.496427560658915,estimated,,prefill-facebook-opt-350m-chunk-128-sm-8,success,,,/mnt/data/dheeraj/dicertation/inference-profile/runs/revised-rerun-20260415-171945-g1-opt350m/raw/points/prefill/prefill-facebook-opt-350m-chunk-128-sm-8.csv
facebook/opt-350m,128,gemm,fc2,8,4,83.83999764919281,36849664,37111808,262144,262144,1024,2026-04-15T16:20:15Z,baseline_nvml_pt,nvidia-smi,ok,6.0,67.0,1695.0,7601.0,61.1,0.08383999764919281,36.142578125,36.142578125,1.0,True,,73.14292180170473,67.4570115179084,63.496427560658915,estimated,,prefill-facebook-opt-350m-chunk-128-sm-8,success,,,/mnt/data/dheeraj/dicertation/inference-profile/runs/revised-rerun-20260415-171945-g1-opt350m/raw/points/prefill/prefill-facebook-opt-350m-chunk-128-sm-8.csv
facebook/opt-350m,128,attention,attention,8,4,53.247999399900436,36849664,37121024,271360,262144,1024,2026-04-15T16:20:15Z,baseline_nvml_pt,nvidia-smi,ok,6.0,67.0,1695.0,7601.0,61.1,0.08383999764919281,36.142578125,36.142578125,1.0,True,,73.14292180170473,67.4570115179084,63.496427560658915,estimated,,prefill-facebook-opt-350m-chunk-128-sm-8,success,,,/mnt/data/dheeraj/dicertation/inference-profile/runs/revised-rerun-20260415-171945-g1-opt350m/raw/points/prefill/prefill-facebook-opt-350m-chunk-128-sm-8.csv
facebook/opt-350m,128,gemm,q_proj,16,0,77.82399654388428,36849664,37111808,262144,262144,1024,2026-04-15T16:20:20Z,baseline_nvml_pt,nvidia-smi,ok,0.0,67.0,1695.0,7601.0,61.23,3.1191039085388184,36.142578125,36.142578125,1.0,True,,79.62394018919754,61.520794504332464,70.55158617850992,estimated,,prefill-facebook-opt-350m-chunk-128-sm-16,success,,,/mnt/data/dheeraj/dicertation/inference-profile/runs/revised-rerun-20260415-171945-g1-opt350m/raw/points/prefill/prefill-facebook-opt-350m-chunk-128-sm-16.csv
facebook/opt-350m,128,gemm,k_proj,16,0,75.80800354480743,36849664,37111808,262144,262144,1024,2026-04-15T16:20:20Z,baseline_nvml_pt,nvidia-smi,ok,0.0,67.0,1695.0,7601.0,61.23,3.1191039085388184,36.142578125,36.142578125,1.0,True,,79.62394018919754,61.520794504332464,70.55158617850992,estimated,,prefill-facebook-opt-350m-chunk-128-sm-16,success,,,/mnt/data/dheeraj/dicertation/inference-profile/runs/revised-rerun-20260415-171945-g1-opt350m/raw/points/prefill/prefill-facebook-opt-350m-chunk-128-sm-16.csv
facebook/opt-350m,128,gemm,v_proj,16,0,64.57599997520447,36849664,37111808,262144,262144,1024,2026-04-15T16:20:20Z,baseline_nvml_pt,nvidia-smi,ok,0.0,67.0,1695.0,7601.0,61.23,3.1191039085388184,36.142578125,36.142578125,1.0,True,,79.62394018919754,61.520794504332464,70.55158617850992,estimated,,prefill-facebook-opt-350m-chunk-128-sm-16,success,,,/mnt/data/dheeraj/dicertation/inference-profile/runs/revised-rerun-20260415-171945-g1-opt350m/raw/points/prefill/prefill-facebook-opt-350m-chunk-128-sm-16.csv
facebook/opt-350m,128,gemm,out_proj,16,0,66.56000018119812,36849664,37111808,262144,262144,1024,2026-04-15T16:20:20Z,baseline_nvml_pt,nvidia-smi,ok,0.0,67.0,1695.0,7601.0,61.23,3.1191039085388184,36.142578125,36.142578125,1.0,True,,79.62394018919754,61.520794504332464,70.55158617850992,estimated,,prefill-facebook-opt-350m-chunk-128-sm-16,success,,,/mnt/data/dheeraj/dicertation/inference-profile/runs/revised-rerun-20260415-171945-g1-opt350m/raw/points/prefill/prefill-facebook-opt-350m-chunk-128-sm-16.csv
facebook/opt-350m,128,gemm,fc1,16,0,3119.1039085388184,36849664,37898240,1048576,1048576,1024,2026-04-15T16:20:20Z,baseline_nvml_pt,nvidia-smi,ok,0.0,67.0,1695.0,7601.0,61.23,3.1191039085388184,36.142578125,36.142578125,1.0,True,,79.62394018919754,61.520794504332464,70.55158617850992,estimated,,prefill-facebook-opt-350m-chunk-128-sm-16,success,,,/mnt/data/dheeraj/dicertation/inference-profile/runs/revised-rerun-20260415-171945-g1-opt350m/raw/points/prefill/prefill-facebook-opt-350m-chunk-128-sm-16.csv
facebook/opt-350m,128,gemm,fc2,16,0,78.84799689054489,36849664,37111808,262144,262144,1024,2026-04-15T16:20:20Z,baseline_nvml_pt,nvidia-smi,ok,0.0,67.0,1695.0,7601.0,61.23,3.1191039085388184,36.142578125,36.142578125,1.0,True,,79.62394018919754,61.520794504332464,70.55158617850992,estimated,,prefill-facebook-opt-350m-chunk-128-sm-16,success,,,/mnt/data/dheeraj/dicertation/inference-profile/runs/revised-rerun-20260415-171945-g1-opt350m/raw/points/prefill/prefill-facebook-opt-350m-chunk-128-sm-16.csv
facebook/opt-350m,128,attention,attention,16,0,66.56000018119812,36849664,37121024,271360,262144,1024,2026-04-15T16:20:20Z,baseline_nvml_pt,nvidia-smi,ok,0.0,67.0,1695.0,7601.0,61.23,3.1191039085388184,36.142578125,36.142578125,1.0,True,,79.62394018919754,61.520794504332464,70.55158617850992,estimated,,prefill-facebook-opt-350m-chunk-128-sm-16,success,,,/mnt/data/dheeraj/dicertation/inference-profile/runs/revised-rerun-20260415-171945-g1-opt350m/raw/points/prefill/prefill-facebook-opt-350m-chunk-128-sm-16.csv
facebook/opt-350m,128,gemm,q_proj,16,1,134.94400680065155,36849664,37111808,262144,262144,1024,2026-04-15T16:20:20Z,baseline_nvml_pt,nvidia-smi,ok,0.0,67.0,1695.0,7601.0,61.23,3.1191039085388184,36.142578125,36.142578125,1.0,True,,79.62394018919754,61.520794504332464,70.55158617850992,estimated,,prefill-facebook-opt-350m-chunk-128-sm-16,success,,,/mnt/data/dheeraj/dicertation/inference-profile/runs/revised-rerun-20260415-171945-g1-opt350m/raw/points/prefill/prefill-facebook-opt-350m-chunk-128-sm-16.csv
facebook/opt-350m,128,gemm,k_proj,16,1,129.02399897575378,36849664,37111808,262144,262144,1024,2026-04-15T16:20:20Z,baseline_nvml_pt,nvidia-smi,ok,0.0,67.0,1695.0,7601.0,61.23,3.1191039085388184,36.142578125,36.142578125,1.0,True,,79.62394018919754,61.520794504332464,70.55158617850992,estimated,,prefill-facebook-opt-350m-chunk-128-sm-16,success,,,/mnt/data/dheeraj/dicertation/inference-profile/runs/revised-rerun-20260415-171945-g1-opt350m/raw/points/prefill/prefill-facebook-opt-350m-chunk-128-sm-16.csv
facebook/opt-350m,128,gemm,v_proj,16,1,59.39200147986412,36849664,37111808,262144,262144,1024,2026-04-15T16:20:20Z,baseline_nvml_pt,nvidia-smi,ok,0.0,67.0,1695.0,7601.0,61.23,3.1191039085388184,36.142578125,36.142578125,1.0,True,,79.62394018919754,61.520794504332464,70.55158617850992,estimated,,prefill-facebook-opt-350m-chunk-128-sm-16,success,,,/mnt/data/dheeraj/dicertation/inference-profile/runs/revised-rerun-20260415-171945-g1-opt350m/raw/points/prefill/prefill-facebook-opt-350m-chunk-128-sm-16.csv
facebook/opt-350m,128,gemm,out_proj,16,1,58.36800113320351,36849664,37111808,262144,262144,1024,2026-04-15T16:20:20Z,baseline_nvml_pt,nvidia-smi,ok,0.0,67.0,1695.0,7601.0,61.23,3.1191039085388184,36.142578125,36.142578125,1.0,True,,79.62394018919754,61.520794504332464,70.55158617850992,estimated,,prefill-facebook-opt-350m-chunk-128-sm-16,success,,,/mnt/data/dheeraj/dicertation/inference-profile/runs/revised-rerun-20260415-171945-g1-opt350m/raw/points/prefill/prefill-facebook-opt-350m-chunk-128-sm-16.csv
facebook/opt-350m,128,gemm,fc1,16,1,65.5359998345375,36849664,37898240,1048576,1048576,1024,2026-04-15T16:20:20Z,baseline_nvml_pt,nvidia-smi,ok,0.0,67.0,1695.0,7601.0,61.23,3.1191039085388184,36.142578125,36.142578125,1.0,True,,79.62394018919754,61.520794504332464,70.55158617850992,estimated,,prefill-facebook-opt-350m-chunk-128-sm-16,success,,,/mnt/data/dheeraj/dicertation/inference-profile/runs/revised-rerun-20260415-171945-g1-opt350m/raw/points/prefill/prefill-facebook-opt-350m-chunk-128-sm-16.csv
facebook/opt-350m,128,gemm,fc2,16,1,64.51199948787689,36849664,37111808,262144,262144,1024,2026-04-15T16:20:20Z,baseline_nvml_pt,nvidia-smi,ok,0.0,67.0,1695.0,7601.0,61.23,3.1191039085388184,36.142578125,36.142578125,1.0,True,,79.62394018919754,61.520794504332464,70.55158617850992,estimated,,prefill-facebook-opt-350m-chunk-128-sm-16,success,,,/mnt/data/dheeraj/dicertation/inference-profile/runs/revised-rerun-20260415-171945-g1-opt350m/raw/points/prefill/prefill-facebook-opt-350m-chunk-128-sm-16.csv
facebook/opt-350m,128,attention,attention,16,1,54.27199974656105,36849664,37121024,271360,262144,1024,2026-04-15T16:20:20Z,baseline_nvml_pt,nvidia-smi,ok,0.0,67.0,1695.0,7601.0,61.23,3.1191039085388184,36.142578125,36.142578125,1.0,True,,79.62394018919754,61.520794504332464,70.55158617850992,estimated,,prefill-facebook-opt-350m-chunk-128-sm-16,success,,,/mnt/data/dheeraj/dicertation/inference-profile/runs/revised-rerun-20260415-171945-g1-opt350m/raw/points/prefill/prefill-facebook-opt-350m-chunk-128-sm-16.csv
facebook/opt-350m,128,gemm,q_proj,16,2,69.63200122117996,36849664,37111808,262144,262144,1024,2026-04-15T16:20:20Z,baseline_nvml_pt,nvidia-smi,ok,0.0,67.0,1695.0,7601.0,61.23,3.1191039085388184,36.142578125,36.142578125,1.0,True,,79.62394018919754,61.520794504332464,70.55158617850992,estimated,,prefill-facebook-opt-350m-chunk-128-sm-16,success,,,/mnt/data/dheeraj/dicertation/inference-profile/runs/revised-rerun-20260415-171945-g1-opt350m/raw/points/prefill/prefill-facebook-opt-350m-chunk-128-sm-16.csv
facebook/opt-350m,128,gemm,k_proj,16,2,59.39200147986412,36849664,37111808,262144,262144,1024,2026-04-15T16:20:20Z,baseline_nvml_pt,nvidia-smi,ok,0.0,67.0,1695.0,7601.0,61.23,3.1191039085388184,36.142578125,36.142578125,1.0,True,,79.62394018919754,61.520794504332464,70.55158617850992,estimated,,prefill-facebook-opt-350m-chunk-128-sm-16,success,,,/mnt/data/dheeraj/dicertation/inference-profile/runs/revised-rerun-20260415-171945-g1-opt350m/raw/points/prefill/prefill-facebook-opt-350m-chunk-128-sm-16.csv
facebook/opt-350m,128,gemm,v_proj,16,2,59.58399921655655,36849664,37111808,262144,262144,1024,2026-04-15T16:20:20Z,baseline_nvml_pt,nvidia-smi,ok,0.0,67.0,1695.0,7601.0,61.23,3.1191039085388184,36.142578125,36.142578125,1.0,True,,79.62394018919754,61.520794504332464,70.55158617850992,estimated,,prefill-facebook-opt-350m-chunk-128-sm-16,success,,,/mnt/data/dheeraj/dicertation/inference-profile/runs/revised-rerun-20260415-171945-g1-opt350m/raw/points/prefill/prefill-facebook-opt-350m-chunk-128-sm-16.csv
facebook/opt-350m,128,gemm,out_proj,16,2,60.416001826524734,36849664,37111808,262144,262144,1024,2026-04-15T16:20:20Z,baseline_nvml_pt,nvidia-smi,ok,0.0,67.0,1695.0,7601.0,61.23,3.1191039085388184,36.142578125,36.142578125,1.0,True,,79.62394018919754,61.520794504332464,70.55158617850992,estimated,,prefill-facebook-opt-350m-chunk-128-sm-16,success,,,/mnt/data/dheeraj/dicertation/inference-profile/runs/revised-rerun-20260415-171945-g1-opt350m/raw/points/prefill/prefill-facebook-opt-350m-chunk-128-sm-16.csv
facebook/opt-350m,128,gemm,fc1,16,2,62.463998794555664,36849664,37898240,1048576,1048576,1024,2026-04-15T16:20:20Z,baseline_nvml_pt,nvidia-smi,ok,0.0,67.0,1695.0,7601.0,61.23,3.1191039085388184,36.142578125,36.142578125,1.0,True,,79.62394018919754,61.520794504332464,70.55158617850992,estimated,,prefill-facebook-opt-350m-chunk-128-sm-16,success,,,/mnt/data/dheeraj/dicertation/inference-profile/runs/revised-rerun-20260415-171945-g1-opt350m/raw/points/prefill/prefill-facebook-opt-350m-chunk-128-sm-16.csv
facebook/opt-350m,128,gemm,fc2,16,2,62.463998794555664,36849664,37111808,262144,262144,1024,2026-04-15T16:20:20Z,baseline_nvml_pt,nvidia-smi,ok,0.0,67.0,1695.0,7601.0,61.23,3.1191039085388184,36.142578125,36.142578125,1.0,True,,79.62394018919754,61.520794504332464,70.55158617850992,estimated,,prefill-facebook-opt-350m-chunk-128-sm-16,success,,,/mnt/data/dheeraj/dicertation/inference-profile/runs/revised-rerun-20260415-171945-g1-opt350m/raw/points/prefill/prefill-facebook-opt-350m-chunk-128-sm-16.csv
facebook/opt-350m,128,attention,attention,16,2,53.0879981815815,36849664,37121024,271360,262144,1024,2026-04-15T16:20:20Z,baseline_nvml_pt,nvidia-smi,ok,0.0,67.0,1695.0,7601.0,61.23,3.1191039085388184,36.142578125,36.142578125,1.0,True,,79.62394018919754,61.520794504332464,70.55158617850992,estimated,,prefill-facebook-opt-350m-chunk-128-sm-16,success,,,/mnt/data/dheeraj/dicertation/inference-profile/runs/revised-rerun-20260415-171945-g1-opt350m/raw/points/prefill/prefill-facebook-opt-350m-chunk-128-sm-16.csv
facebook/opt-350m,128,gemm,q_proj,16,3,62.39999830722809,36849664,37111808,262144,262144,1024,2026-04-15T16:20:20Z,baseline_nvml_pt,nvidia-smi,ok,0.0,67.0,1695.0,7601.0,61.23,3.1191039085388184,36.142578125,36.142578125,1.0,True,,79.62394018919754,61.520794504332464,70.55158617850992,estimated,,prefill-facebook-opt-350m-chunk-128-sm-16,success,,,/mnt/data/dheeraj/dicertation/inference-profile/runs/revised-rerun-20260415-171945-g1-opt350m/raw/points/prefill/prefill-facebook-opt-350m-chunk-128-sm-16.csv
facebook/opt-350m,128,gemm,k_proj,16,3,60.416001826524734,36849664,37111808,262144,262144,1024,2026-04-15T16:20:20Z,baseline_nvml_pt,nvidia-smi,ok,0.0,67.0,1695.0,7601.0,61.23,3.1191039085388184,36.142578125,36.142578125,1.0,True,,79.62394018919754,61.520794504332464,70.55158617850992,estimated,,prefill-facebook-opt-350m-chunk-128-sm-16,success,,,/mnt/data/dheeraj/dicertation/inference-profile/runs/revised-rerun-20260415-171945-g1-opt350m/raw/points/prefill/prefill-facebook-opt-350m-chunk-128-sm-16.csv
facebook/opt-350m,128,gemm,v_proj,16,3,58.36800113320351,36849664,37111808,262144,262144,1024,2026-04-15T16:20:20Z,baseline_nvml_pt,nvidia-smi,ok,0.0,67.0,1695.0,7601.0,61.23,3.1191039085388184,36.142578125,36.142578125,1.0,True,,79.62394018919754,61.520794504332464,70.55158617850992,estimated,,prefill-facebook-opt-350m-chunk-128-sm-16,success,,,/mnt/data/dheeraj/dicertation/inference-profile/runs/revised-rerun-20260415-171945-g1-opt350m/raw/points/prefill/prefill-facebook-opt-350m-chunk-128-sm-16.csv
facebook/opt-350m,128,gemm,out_proj,16,3,67.58400052785873,36849664,37111808,262144,262144,1024,2026-04-15T16:20:20Z,baseline_nvml_pt,nvidia-smi,ok,0.0,67.0,1695.0,7601.0,61.23,3.1191039085388184,36.142578125,36.142578125,1.0,True,,79.62394018919754,61.520794504332464,70.55158617850992,estimated,,prefill-facebook-opt-350m-chunk-128-sm-16,success,,,/mnt/data/dheeraj/dicertation/inference-profile/runs/revised-rerun-20260415-171945-g1-opt350m/raw/points/prefill/prefill-facebook-opt-350m-chunk-128-sm-16.csv
facebook/opt-350m,128,gemm,fc1,16,3,62.591999769210815,36849664,37898240,1048576,1048576,1024,2026-04-15T16:20:20Z,baseline_nvml_pt,nvidia-smi,ok,0.0,67.0,1695.0,7601.0,61.23,3.1191039085388184,36.142578125,36.142578125,1.0,True,,79.62394018919754,61.520794504332464,70.55158617850992,estimated,,prefill-facebook-opt-350m-chunk-128-sm-16,success,,,/mnt/data/dheeraj/dicertation/inference-profile/runs/revised-rerun-20260415-171945-g1-opt350m/raw/points/prefill/prefill-facebook-opt-350m-chunk-128-sm-16.csv
facebook/opt-350m,128,gemm,fc2,16,3,62.463998794555664,36849664,37111808,262144,262144,1024,2026-04-15T16:20:20Z,baseline_nvml_pt,nvidia-smi,ok,0.0,67.0,1695.0,7601.0,61.23,3.1191039085388184,36.142578125,36.142578125,1.0,True,,79.62394018919754,61.520794504332464,70.55158617850992,estimated,,prefill-facebook-opt-350m-chunk-128-sm-16,success,,,/mnt/data/dheeraj/dicertation/inference-profile/runs/revised-rerun-20260415-171945-g1-opt350m/raw/points/prefill/prefill-facebook-opt-350m-chunk-128-sm-16.csv
facebook/opt-350m,128,attention,attention,16,3,54.207999259233475,36849664,37121024,271360,262144,1024,2026-04-15T16:20:20Z,baseline_nvml_pt,nvidia-smi,ok,0.0,67.0,1695.0,7601.0,61.23,3.1191039085388184,36.142578125,36.142578125,1.0,True,,79.62394018919754,61.520794504332464,70.55158617850992,estimated,,prefill-facebook-opt-350m-chunk-128-sm-16,success,,,/mnt/data/dheeraj/dicertation/inference-profile/runs/revised-rerun-20260415-171945-g1-opt350m/raw/points/prefill/prefill-facebook-opt-350m-chunk-128-sm-16.csv
facebook/opt-350m,128,gemm,q_proj,16,4,60.47999858856201,36849664,37111808,262144,262144,1024,2026-04-15T16:20:20Z,baseline_nvml_pt,nvidia-smi,ok,0.0,67.0,1695.0,7601.0,61.23,3.1191039085388184,36.142578125,36.142578125,1.0,True,,79.62394018919754,61.520794504332464,70.55158617850992,estimated,,prefill-facebook-opt-350m-chunk-128-sm-16,success,,,/mnt/data/dheeraj/dicertation/inference-profile/runs/revised-rerun-20260415-171945-g1-opt350m/raw/points/prefill/prefill-facebook-opt-350m-chunk-128-sm-16.csv
facebook/opt-350m,128,gemm,k_proj,16,4,58.36800113320351,36849664,37111808,262144,262144,1024,2026-04-15T16:20:20Z,baseline_nvml_pt,nvidia-smi,ok,0.0,67.0,1695.0,7601.0,61.23,3.1191039085388184,36.142578125,36.142578125,1.0,True,,79.62394018919754,61.520794504332464,70.55158617850992,estimated,,prefill-facebook-opt-350m-chunk-128-sm-16,success,,,/mnt/data/dheeraj/dicertation/inference-profile/runs/revised-rerun-20260415-171945-g1-opt350m/raw/points/prefill/prefill-facebook-opt-350m-chunk-128-sm-16.csv
facebook/opt-350m,128,gemm,v_proj,16,4,57.28000029921532,36849664,37111808,262144,262144,1024,2026-04-15T16:20:20Z,baseline_nvml_pt,nvidia-smi,ok,0.0,67.0,1695.0,7601.0,61.23,3.1191039085388184,36.142578125,36.142578125,1.0,True,,79.62394018919754,61.520794504332464,70.55158617850992,estimated,,prefill-facebook-opt-350m-chunk-128-sm-16,success,,,/mnt/data/dheeraj/dicertation/inference-profile/runs/revised-rerun-20260415-171945-g1-opt350m/raw/points/prefill/prefill-facebook-opt-350m-chunk-128-sm-16.csv
facebook/opt-350m,128,gemm,out_proj,16,4,55.48800155520439,36849664,37111808,262144,262144,1024,2026-04-15T16:20:20Z,baseline_nvml_pt,nvidia-smi,ok,0.0,67.0,1695.0,7601.0,61.23,3.1191039085388184,36.142578125,36.142578125,1.0,True,,79.62394018919754,61.520794504332464,70.55158617850992,estimated,,prefill-facebook-opt-350m-chunk-128-sm-16,success,,,/mnt/data/dheeraj/dicertation/inference-profile/runs/revised-rerun-20260415-171945-g1-opt350m/raw/points/prefill/prefill-facebook-opt-350m-chunk-128-sm-16.csv
facebook/opt-350m,128,gemm,fc1,16,4,63.391998410224915,36849664,37898240,1048576,1048576,1024,2026-04-15T16:20:20Z,baseline_nvml_pt,nvidia-smi,ok,0.0,67.0,1695.0,7601.0,61.23,3.1191039085388184,36.142578125,36.142578125,1.0,True,,79.62394018919754,61.520794504332464,70.55158617850992,estimated,,prefill-facebook-opt-350m-chunk-128-sm-16,success,,,/mnt/data/dheeraj/dicertation/inference-profile/runs/revised-rerun-20260415-171945-g1-opt350m/raw/points/prefill/prefill-facebook-opt-350m-chunk-128-sm-16.csv
facebook/opt-350m,128,gemm,fc2,16,4,64.51199948787689,36849664,37111808,262144,262144,1024,2026-04-15T16:20:20Z,baseline_nvml_pt,nvidia-smi,ok,0.0,67.0,1695.0,7601.0,61.23,3.1191039085388184,36.142578125,36.142578125,1.0,True,,79.62394018919754,61.520794504332464,70.55158617850992,estimated,,prefill-facebook-opt-350m-chunk-128-sm-16,success,,,/mnt/data/dheeraj/dicertation/inference-profile/runs/revised-rerun-20260415-171945-g1-opt350m/raw/points/prefill/prefill-facebook-opt-350m-chunk-128-sm-16.csv
facebook/opt-350m,128,attention,attention,16,4,53.247999399900436,36849664,37121024,271360,262144,1024,2026-04-15T16:20:20Z,baseline_nvml_pt,nvidia-smi,ok,0.0,67.0,1695.0,7601.0,61.23,3.1191039085388184,36.142578125,36.142578125,1.0,True,,79.62394018919754,61.520794504332464,70.55158617850992,estimated,,prefill-facebook-opt-350m-chunk-128-sm-16,success,,,/mnt/data/dheeraj/dicertation/inference-profile/runs/revised-rerun-20260415-171945-g1-opt350m/raw/points/prefill/prefill-facebook-opt-350m-chunk-128-sm-16.csv
facebook/opt-350m,128,gemm,q_proj,24,0,72.7040022611618,36849664,37111808,262144,262144,1024,2026-04-15T16:20:25Z,baseline_nvml_pt,nvidia-smi,ok,0.0,67.0,1695.0,8001.0,61.52,0.0727040022611618,36.142578125,36.142578125,1.0,True,,86.10495857669036,55.584577490756516,77.6067447963609,estimated,,prefill-facebook-opt-350m-chunk-128-sm-24,success,,,/mnt/data/dheeraj/dicertation/inference-profile/runs/revised-rerun-20260415-171945-g1-opt350m/raw/points/prefill/prefill-facebook-opt-350m-chunk-128-sm-24.csv
facebook/opt-350m,128,gemm,k_proj,24,0,72.54400104284286,36849664,37111808,262144,262144,1024,2026-04-15T16:20:25Z,baseline_nvml_pt,nvidia-smi,ok,0.0,67.0,1695.0,8001.0,61.52,0.0727040022611618,36.142578125,36.142578125,1.0,True,,86.10495857669036,55.584577490756516,77.6067447963609,estimated,,prefill-facebook-opt-350m-chunk-128-sm-24,success,,,/mnt/data/dheeraj/dicertation/inference-profile/runs/revised-rerun-20260415-171945-g1-opt350m/raw/points/prefill/prefill-facebook-opt-350m-chunk-128-sm-24.csv
facebook/opt-350m,128,gemm,v_proj,24,0,65.47199934720993,36849664,37111808,262144,262144,1024,2026-04-15T16:20:25Z,baseline_nvml_pt,nvidia-smi,ok,0.0,67.0,1695.0,8001.0,61.52,0.0727040022611618,36.142578125,36.142578125,1.0,True,,86.10495857669036,55.584577490756516,77.6067447963609,estimated,,prefill-facebook-opt-350m-chunk-128-sm-24,success,,,/mnt/data/dheeraj/dicertation/inference-profile/runs/revised-rerun-20260415-171945-g1-opt350m/raw/points/prefill/prefill-facebook-opt-350m-chunk-128-sm-24.csv
facebook/opt-350m,128,gemm,out_proj,24,0,67.77600198984146,36849664,37111808,262144,262144,1024,2026-04-15T16:20:25Z,baseline_nvml_pt,nvidia-smi,ok,0.0,67.0,1695.0,8001.0,61.52,0.0727040022611618,36.142578125,36.142578125,1.0,True,,86.10495857669036,55.584577490756516,77.6067447963609,estimated,,prefill-facebook-opt-350m-chunk-128-sm-24,success,,,/mnt/data/dheeraj/dicertation/inference-profile/runs/revised-rerun-20260415-171945-g1-opt350m/raw/points/prefill/prefill-facebook-opt-350m-chunk-128-sm-24.csv
facebook/opt-350m,128,gemm,fc1,24,0,66.56000018119812,36849664,37898240,1048576,1048576,1024,2026-04-15T16:20:25Z,baseline_nvml_pt,nvidia-smi,ok,0.0,67.0,1695.0,8001.0,61.52,0.0727040022611618,36.142578125,36.142578125,1.0,True,,86.10495857669036,55.584577490756516,77.6067447963609,estimated,,prefill-facebook-opt-350m-chunk-128-sm-24,success,,,/mnt/data/dheeraj/dicertation/inference-profile/runs/revised-rerun-20260415-171945-g1-opt350m/raw/points/prefill/prefill-facebook-opt-350m-chunk-128-sm-24.csv
facebook/opt-350m,128,gemm,fc2,24,0,65.5359998345375,36849664,37111808,262144,262144,1024,2026-04-15T16:20:25Z,baseline_nvml_pt,nvidia-smi,ok,0.0,67.0,1695.0,8001.0,61.52,0.0727040022611618,36.142578125,36.142578125,1.0,True,,86.10495857669036,55.584577490756516,77.6067447963609,estimated,,prefill-facebook-opt-350m-chunk-128-sm-24,success,,,/mnt/data/dheeraj/dicertation/inference-profile/runs/revised-rerun-20260415-171945-g1-opt350m/raw/points/prefill/prefill-facebook-opt-350m-chunk-128-sm-24.csv
facebook/opt-350m,128,attention,attention,24,0,63.48799914121628,36849664,37121024,271360,262144,1024,2026-04-15T16:20:25Z,baseline_nvml_pt,nvidia-smi,ok,0.0,67.0,1695.0,8001.0,61.52,0.0727040022611618,36.142578125,36.142578125,1.0,True,,86.10495857669036,55.584577490756516,77.6067447963609,estimated,,prefill-facebook-opt-350m-chunk-128-sm-24,success,,,/mnt/data/dheeraj/dicertation/inference-profile/runs/revised-rerun-20260415-171945-g1-opt350m/raw/points/prefill/prefill-facebook-opt-350m-chunk-128-sm-24.csv
facebook/opt-350m,128,gemm,q_proj,24,1,65.5359998345375,36849664,37111808,262144,262144,1024,2026-04-15T16:20:25Z,baseline_nvml_pt,nvidia-smi,ok,0.0,67.0,1695.0,8001.0,61.52,0.0727040022611618,36.142578125,36.142578125,1.0,True,,86.10495857669036,55.584577490756516,77.6067447963609,estimated,,prefill-facebook-opt-350m-chunk-128-sm-24,success,,,/mnt/data/dheeraj/dicertation/inference-profile/runs/revised-rerun-20260415-171945-g1-opt350m/raw/points/prefill/prefill-facebook-opt-350m-chunk-128-sm-24.csv
facebook/opt-350m,128,gemm,k_proj,24,1,60.35200133919716,36849664,37111808,262144,262144,1024,2026-04-15T16:20:25Z,baseline_nvml_pt,nvidia-smi,ok,0.0,67.0,1695.0,8001.0,61.52,0.0727040022611618,36.142578125,36.142578125,1.0,True,,86.10495857669036,55.584577490756516,77.6067447963609,estimated,,prefill-facebook-opt-350m-chunk-128-sm-24,success,,,/mnt/data/dheeraj/dicertation/inference-profile/runs/revised-rerun-20260415-171945-g1-opt350m/raw/points/prefill/prefill-facebook-opt-350m-chunk-128-sm-24.csv
facebook/opt-350m,128,gemm,v_proj,24,1,57.34400078654289,36849664,37111808,262144,262144,1024,2026-04-15T16:20:25Z,baseline_nvml_pt,nvidia-smi,ok,0.0,67.0,1695.0,8001.0,61.52,0.0727040022611618,36.142578125,36.142578125,1.0,True,,86.10495857669036,55.584577490756516,77.6067447963609,estimated,,prefill-facebook-opt-350m-chunk-128-sm-24,success,,,/mnt/data/dheeraj/dicertation/inference-profile/runs/revised-rerun-20260415-171945-g1-opt350m/raw/points/prefill/prefill-facebook-opt-350m-chunk-128-sm-24.csv
facebook/opt-350m,128,gemm,out_proj,24,1,59.39200147986412,36849664,37111808,262144,262144,1024,2026-04-15T16:20:25Z,baseline_nvml_pt,nvidia-smi,ok,0.0,67.0,1695.0,8001.0,61.52,0.0727040022611618,36.142578125,36.142578125,1.0,True,,86.10495857669036,55.584577490756516,77.6067447963609,estimated,,prefill-facebook-opt-350m-chunk-128-sm-24,success,,,/mnt/data/dheeraj/dicertation/inference-profile/runs/revised-rerun-20260415-171945-g1-opt350m/raw/points/prefill/prefill-facebook-opt-350m-chunk-128-sm-24.csv
facebook/opt-350m,128,gemm,fc1,24,1,62.65600025653839,36849664,37898240,1048576,1048576,1024,2026-04-15T16:20:25Z,baseline_nvml_pt,nvidia-smi,ok,0.0,67.0,1695.0,8001.0,61.52,0.0727040022611618,36.142578125,36.142578125,1.0,True,,86.10495857669036,55.584577490756516,77.6067447963609,estimated,,prefill-facebook-opt-350m-chunk-128-sm-24,success,,,/mnt/data/dheeraj/dicertation/inference-profile/runs/revised-rerun-20260415-171945-g1-opt350m/raw/points/prefill/prefill-facebook-opt-350m-chunk-128-sm-24.csv
facebook/opt-350m,128,gemm,fc2,24,1,64.51199948787689,36849664,37111808,262144,262144,1024,2026-04-15T16:20:25Z,baseline_nvml_pt,nvidia-smi,ok,0.0,67.0,1695.0,8001.0,61.52,0.0727040022611618,36.142578125,36.142578125,1.0,True,,86.10495857669036,55.584577490756516,77.6067447963609,estimated,,prefill-facebook-opt-350m-chunk-128-sm-24,success,,,/mnt/data/dheeraj/dicertation/inference-profile/runs/revised-rerun-20260415-171945-g1-opt350m/raw/points/prefill/prefill-facebook-opt-350m-chunk-128-sm-24.csv
facebook/opt-350m,128,attention,attention,24,1,54.27199974656105,36849664,37121024,271360,262144,1024,2026-04-15T16:20:25Z,baseline_nvml_pt,nvidia-smi,ok,0.0,67.0,1695.0,8001.0,61.52,0.0727040022611618,36.142578125,36.142578125,1.0,True,,86.10495857669036,55.584577490756516,77.6067447963609,estimated,,prefill-facebook-opt-350m-chunk-128-sm-24,success,,,/mnt/data/dheeraj/dicertation/inference-profile/runs/revised-rerun-20260415-171945-g1-opt350m/raw/points/prefill/prefill-facebook-opt-350m-chunk-128-sm-24.csv
facebook/opt-350m,128,gemm,q_proj,24,2,67.58400052785873,36849664,37111808,262144,262144,1024,2026-04-15T16:20:25Z,baseline_nvml_pt,nvidia-smi,ok,0.0,67.0,1695.0,8001.0,61.52,0.0727040022611618,36.142578125,36.142578125,1.0,True,,86.10495857669036,55.584577490756516,77.6067447963609,estimated,,prefill-facebook-opt-350m-chunk-128-sm-24,success,,,/mnt/data/dheeraj/dicertation/inference-profile/runs/revised-rerun-20260415-171945-g1-opt350m/raw/points/prefill/prefill-facebook-opt-350m-chunk-128-sm-24.csv
facebook/opt-350m,128,gemm,k_proj,24,2,58.36800113320351,36849664,37111808,262144,262144,1024,2026-04-15T16:20:25Z,baseline_nvml_pt,nvidia-smi,ok,0.0,67.0,1695.0,8001.0,61.52,0.0727040022611618,36.142578125,36.142578125,1.0,True,,86.10495857669036,55.584577490756516,77.6067447963609,estimated,,prefill-facebook-opt-350m-chunk-128-sm-24,success,,,/mnt/data/dheeraj/dicertation/inference-profile/runs/revised-rerun-20260415-171945-g1-opt350m/raw/points/prefill/prefill-facebook-opt-350m-chunk-128-sm-24.csv
facebook/opt-350m,128,gemm,v_proj,24,2,60.416001826524734,36849664,37111808,262144,262144,1024,2026-04-15T16:20:25Z,baseline_nvml_pt,nvidia-smi,ok,0.0,67.0,1695.0,8001.0,61.52,0.0727040022611618,36.142578125,36.142578125,1.0,True,,86.10495857669036,55.584577490756516,77.6067447963609,estimated,,prefill-facebook-opt-350m-chunk-128-sm-24,success,,,/mnt/data/dheeraj/dicertation/inference-profile/runs/revised-rerun-20260415-171945-g1-opt350m/raw/points/prefill/prefill-facebook-opt-350m-chunk-128-sm-24.csv
facebook/opt-350m,128,gemm,out_proj,24,2,59.39200147986412,36849664,37111808,262144,262144,1024,2026-04-15T16:20:25Z,baseline_nvml_pt,nvidia-smi,ok,0.0,67.0,1695.0,8001.0,61.52,0.0727040022611618,36.142578125,36.142578125,1.0,True,,86.10495857669036,55.584577490756516,77.6067447963609,estimated,,prefill-facebook-opt-350m-chunk-128-sm-24,success,,,/mnt/data/dheeraj/dicertation/inference-profile/runs/revised-rerun-20260415-171945-g1-opt350m/raw/points/prefill/prefill-facebook-opt-350m-chunk-128-sm-24.csv
facebook/opt-350m,128,gemm,fc1,24,2,61.503998935222626,36849664,37898240,1048576,1048576,1024,2026-04-15T16:20:25Z,baseline_nvml_pt,nvidia-smi,ok,0.0,67.0,1695.0,8001.0,61.52,0.0727040022611618,36.142578125,36.142578125,1.0,True,,86.10495857669036,55.584577490756516,77.6067447963609,estimated,,prefill-facebook-opt-350m-chunk-128-sm-24,success,,,/mnt/data/dheeraj/dicertation/inference-profile/runs/revised-rerun-20260415-171945-g1-opt350m/raw/points/prefill/prefill-facebook-opt-350m-chunk-128-sm-24.csv
facebook/opt-350m,128,gemm,fc2,24,2,62.24000081419945,36849664,37111808,262144,262144,1024,2026-04-15T16:20:25Z,baseline_nvml_pt,nvidia-smi,ok,0.0,67.0,1695.0,8001.0,61.52,0.0727040022611618,36.142578125,36.142578125,1.0,True,,86.10495857669036,55.584577490756516,77.6067447963609,estimated,,prefill-facebook-opt-350m-chunk-128-sm-24,success,,,/mnt/data/dheeraj/dicertation/inference-profile/runs/revised-rerun-20260415-171945-g1-opt350m/raw/points/prefill/prefill-facebook-opt-350m-chunk-128-sm-24.csv
facebook/opt-350m,128,attention,attention,24,2,55.296000093221664,36849664,37121024,271360,262144,1024,2026-04-15T16:20:25Z,baseline_nvml_pt,nvidia-smi,ok,0.0,67.0,1695.0,8001.0,61.52,0.0727040022611618,36.142578125,36.142578125,1.0,True,,86.10495857669036,55.584577490756516,77.6067447963609,estimated,,prefill-facebook-opt-350m-chunk-128-sm-24,success,,,/mnt/data/dheeraj/dicertation/inference-profile/runs/revised-rerun-20260415-171945-g1-opt350m/raw/points/prefill/prefill-facebook-opt-350m-chunk-128-sm-24.csv
facebook/opt-350m,128,gemm,q_proj,24,3,61.43999844789505,36849664,37111808,262144,262144,1024,2026-04-15T16:20:25Z,baseline_nvml_pt,nvidia-smi,ok,0.0,67.0,1695.0,8001.0,61.52,0.0727040022611618,36.142578125,36.142578125,1.0,True,,86.10495857669036,55.584577490756516,77.6067447963609,estimated,,prefill-facebook-opt-350m-chunk-128-sm-24,success,,,/mnt/data/dheeraj/dicertation/inference-profile/runs/revised-rerun-20260415-171945-g1-opt350m/raw/points/prefill/prefill-facebook-opt-350m-chunk-128-sm-24.csv
facebook/opt-350m,128,gemm,k_proj,24,3,60.35200133919716,36849664,37111808,262144,262144,1024,2026-04-15T16:20:25Z,baseline_nvml_pt,nvidia-smi,ok,0.0,67.0,1695.0,8001.0,61.52,0.0727040022611618,36.142578125,36.142578125,1.0,True,,86.10495857669036,55.584577490756516,77.6067447963609,estimated,,prefill-facebook-opt-350m-chunk-128-sm-24,success,,,/mnt/data/dheeraj/dicertation/inference-profile/runs/revised-rerun-20260415-171945-g1-opt350m/raw/points/prefill/prefill-facebook-opt-350m-chunk-128-sm-24.csv
facebook/opt-350m,128,gemm,v_proj,24,3,58.36800113320351,36849664,37111808,262144,262144,1024,2026-04-15T16:20:25Z,baseline_nvml_pt,nvidia-smi,ok,0.0,67.0,1695.0,8001.0,61.52,0.0727040022611618,36.142578125,36.142578125,1.0,True,,86.10495857669036,55.584577490756516,77.6067447963609,estimated,,prefill-facebook-opt-350m-chunk-128-sm-24,success,,,/mnt/data/dheeraj/dicertation/inference-profile/runs/revised-rerun-20260415-171945-g1-opt350m/raw/points/prefill/prefill-facebook-opt-350m-chunk-128-sm-24.csv
facebook/opt-350m,128,gemm,out_proj,24,3,61.43999844789505,36849664,37111808,262144,262144,1024,2026-04-15T16:20:25Z,baseline_nvml_pt,nvidia-smi,ok,0.0,67.0,1695.0,8001.0,61.52,0.0727040022611618,36.142578125,36.142578125,1.0,True,,86.10495857669036,55.584577490756516,77.6067447963609,estimated,,prefill-facebook-opt-350m-chunk-128-sm-24,success,,,/mnt/data/dheeraj/dicertation/inference-profile/runs/revised-rerun-20260415-171945-g1-opt350m/raw/points/prefill/prefill-facebook-opt-350m-chunk-128-sm-24.csv
facebook/opt-350m,128,gemm,fc1,24,3,59.51999872922897,36849664,37898240,1048576,1048576,1024,2026-04-15T16:20:25Z,baseline_nvml_pt,nvidia-smi,ok,0.0,67.0,1695.0,8001.0,61.52,0.0727040022611618,36.142578125,36.142578125,1.0,True,,86.10495857669036,55.584577490756516,77.6067447963609,estimated,,prefill-facebook-opt-350m-chunk-128-sm-24,success,,,/mnt/data/dheeraj/dicertation/inference-profile/runs/revised-rerun-20260415-171945-g1-opt350m/raw/points/prefill/prefill-facebook-opt-350m-chunk-128-sm-24.csv
facebook/opt-350m,128,gemm,fc2,24,3,62.463998794555664,36849664,37111808,262144,262144,1024,2026-04-15T16:20:25Z,baseline_nvml_pt,nvidia-smi,ok,0.0,67.0,1695.0,8001.0,61.52,0.0727040022611618,36.142578125,36.142578125,1.0,True,,86.10495857669036,55.584577490756516,77.6067447963609,estimated,,prefill-facebook-opt-350m-chunk-128-sm-24,success,,,/mnt/data/dheeraj/dicertation/inference-profile/runs/revised-rerun-20260415-171945-g1-opt350m/raw/points/prefill/prefill-facebook-opt-350m-chunk-128-sm-24.csv
facebook/opt-350m,128,attention,attention,24,3,55.296000093221664,36849664,37121024,271360,262144,1024,2026-04-15T16:20:25Z,baseline_nvml_pt,nvidia-smi,ok,0.0,67.0,1695.0,8001.0,61.52,0.0727040022611618,36.142578125,36.142578125,1.0,True,,86.10495857669036,55.584577490756516,77.6067447963609,estimated,,prefill-facebook-opt-350m-chunk-128-sm-24,success,,,/mnt/data/dheeraj/dicertation/inference-profile/runs/revised-rerun-20260415-171945-g1-opt350m/raw/points/prefill/prefill-facebook-opt-350m-chunk-128-sm-24.csv
facebook/opt-350m,128,gemm,q_proj,24,4,60.416001826524734,36849664,37111808,262144,262144,1024,2026-04-15T16:20:25Z,baseline_nvml_pt,nvidia-smi,ok,0.0,67.0,1695.0,8001.0,61.52,0.0727040022611618,36.142578125,36.142578125,1.0,True,,86.10495857669036,55.584577490756516,77.6067447963609,estimated,,prefill-facebook-opt-350m-chunk-128-sm-24,success,,,/mnt/data/dheeraj/dicertation/inference-profile/runs/revised-rerun-20260415-171945-g1-opt350m/raw/points/prefill/prefill-facebook-opt-350m-chunk-128-sm-24.csv
facebook/opt-350m,128,gemm,k_proj,24,4,58.36800113320351,36849664,37111808,262144,262144,1024,2026-04-15T16:20:25Z,baseline_nvml_pt,nvidia-smi,ok,0.0,67.0,1695.0,8001.0,61.52,0.0727040022611618,36.142578125,36.142578125,1.0,True,,86.10495857669036,55.584577490756516,77.6067447963609,estimated,,prefill-facebook-opt-350m-chunk-128-sm-24,success,,,/mnt/data/dheeraj/dicertation/inference-profile/runs/revised-rerun-20260415-171945-g1-opt350m/raw/points/prefill/prefill-facebook-opt-350m-chunk-128-sm-24.csv
facebook/opt-350m,128,gemm,v_proj,24,4,57.11999908089638,36849664,37111808,262144,262144,1024,2026-04-15T16:20:25Z,baseline_nvml_pt,nvidia-smi,ok,0.0,67.0,1695.0,8001.0,61.52,0.0727040022611618,36.142578125,36.142578125,1.0,True,,86.10495857669036,55.584577490756516,77.6067447963609,estimated,,prefill-facebook-opt-350m-chunk-128-sm-24,success,,,/mnt/data/dheeraj/dicertation/inference-profile/runs/revised-rerun-20260415-171945-g1-opt350m/raw/points/prefill/prefill-facebook-opt-350m-chunk-128-sm-24.csv
facebook/opt-350m,128,gemm,out_proj,24,4,57.34400078654289,36849664,37111808,262144,262144,1024,2026-04-15T16:20:25Z,baseline_nvml_pt,nvidia-smi,ok,0.0,67.0,1695.0,8001.0,61.52,0.0727040022611618,36.142578125,36.142578125,1.0,True,,86.10495857669036,55.584577490756516,77.6067447963609,estimated,,prefill-facebook-opt-350m-chunk-128-sm-24,success,,,/mnt/data/dheeraj/dicertation/inference-profile/runs/revised-rerun-20260415-171945-g1-opt350m/raw/points/prefill/prefill-facebook-opt-350m-chunk-128-sm-24.csv
facebook/opt-350m,128,gemm,fc1,24,4,60.416001826524734,36849664,37898240,1048576,1048576,1024,2026-04-15T16:20:25Z,baseline_nvml_pt,nvidia-smi,ok,0.0,67.0,1695.0,8001.0,61.52,0.0727040022611618,36.142578125,36.142578125,1.0,True,,86.10495857669036,55.584577490756516,77.6067447963609,estimated,,prefill-facebook-opt-350m-chunk-128-sm-24,success,,,/mnt/data/dheeraj/dicertation/inference-profile/runs/revised-rerun-20260415-171945-g1-opt350m/raw/points/prefill/prefill-facebook-opt-350m-chunk-128-sm-24.csv
facebook/opt-350m,128,gemm,fc2,24,4,64.51199948787689,36849664,37111808,262144,262144,1024,2026-04-15T16:20:25Z,baseline_nvml_pt,nvidia-smi,ok,0.0,67.0,1695.0,8001.0,61.52,0.0727040022611618,36.142578125,36.142578125,1.0,True,,86.10495857669036,55.584577490756516,77.6067447963609,estimated,,prefill-facebook-opt-350m-chunk-128-sm-24,success,,,/mnt/data/dheeraj/dicertation/inference-profile/runs/revised-rerun-20260415-171945-g1-opt350m/raw/points/prefill/prefill-facebook-opt-350m-chunk-128-sm-24.csv
facebook/opt-350m,128,attention,attention,24,4,59.39200147986412,36849664,37121024,271360,262144,1024,2026-04-15T16:20:25Z,baseline_nvml_pt,nvidia-smi,ok,0.0,67.0,1695.0,8001.0,61.52,0.0727040022611618,36.142578125,36.142578125,1.0,True,,86.10495857669036,55.584577490756516,77.6067447963609,estimated,,prefill-facebook-opt-350m-chunk-128-sm-24,success,,,/mnt/data/dheeraj/dicertation/inference-profile/runs/revised-rerun-20260415-171945-g1-opt350m/raw/points/prefill/prefill-facebook-opt-350m-chunk-128-sm-24.csv
facebook/opt-350m,128,gemm,q_proj,32,0,77.79199630022049,36849664,37111808,262144,262144,1024,2026-04-15T16:20:29Z,baseline_nvml_pt,nvidia-smi,ok,2.0,67.0,1695.0,7601.0,55.64,0.07779199630022049,36.142578125,36.142578125,1.0,True,,92.58597696418319,49.64836047718058,84.66190341421188,estimated,,prefill-facebook-opt-350m-chunk-128-sm-32,success,,,/mnt/data/dheeraj/dicertation/inference-profile/runs/revised-rerun-20260415-171945-g1-opt350m/raw/points/prefill/prefill-facebook-opt-350m-chunk-128-sm-32.csv
facebook/opt-350m,128,gemm,k_proj,32,0,73.56800138950348,36849664,37111808,262144,262144,1024,2026-04-15T16:20:29Z,baseline_nvml_pt,nvidia-smi,ok,2.0,67.0,1695.0,7601.0,55.64,0.07779199630022049,36.142578125,36.142578125,1.0,True,,92.58597696418319,49.64836047718058,84.66190341421188,estimated,,prefill-facebook-opt-350m-chunk-128-sm-32,success,,,/mnt/data/dheeraj/dicertation/inference-profile/runs/revised-rerun-20260415-171945-g1-opt350m/raw/points/prefill/prefill-facebook-opt-350m-chunk-128-sm-32.csv
facebook/opt-350m,128,gemm,v_proj,32,0,66.56000018119812,36849664,37111808,262144,262144,1024,2026-04-15T16:20:29Z,baseline_nvml_pt,nvidia-smi,ok,2.0,67.0,1695.0,7601.0,55.64,0.07779199630022049,36.142578125,36.142578125,1.0,True,,92.58597696418319,49.64836047718058,84.66190341421188,estimated,,prefill-facebook-opt-350m-chunk-128-sm-32,success,,,/mnt/data/dheeraj/dicertation/inference-profile/runs/revised-rerun-20260415-171945-g1-opt350m/raw/points/prefill/prefill-facebook-opt-350m-chunk-128-sm-32.csv
facebook/opt-350m,128,gemm,out_proj,32,0,72.48000055551529,36849664,37111808,262144,262144,1024,2026-04-15T16:20:29Z,baseline_nvml_pt,nvidia-smi,ok,2.0,67.0,1695.0,7601.0,55.64,0.07779199630022049,36.142578125,36.142578125,1.0,True,,92.58597696418319,49.64836047718058,84.66190341421188,estimated,,prefill-facebook-opt-350m-chunk-128-sm-32,success,,,/mnt/data/dheeraj/dicertation/inference-profile/runs/revised-rerun-20260415-171945-g1-opt350m/raw/points/prefill/prefill-facebook-opt-350m-chunk-128-sm-32.csv
facebook/opt-350m,128,gemm,fc1,32,0,67.58400052785873,36849664,37898240,1048576,1048576,1024,2026-04-15T16:20:29Z,baseline_nvml_pt,nvidia-smi,ok,2.0,67.0,1695.0,7601.0,55.64,0.07779199630022049,36.142578125,36.142578125,1.0,True,,92.58597696418319,49.64836047718058,84.66190341421188,estimated,,prefill-facebook-opt-350m-chunk-128-sm-32,success,,,/mnt/data/dheeraj/dicertation/inference-profile/runs/revised-rerun-20260415-171945-g1-opt350m/raw/points/prefill/prefill-facebook-opt-350m-chunk-128-sm-32.csv
facebook/opt-350m,128,gemm,fc2,32,0,67.58400052785873,36849664,37111808,262144,262144,1024,2026-04-15T16:20:29Z,baseline_nvml_pt,nvidia-smi,ok,2.0,67.0,1695.0,7601.0,55.64,0.07779199630022049,36.142578125,36.142578125,1.0,True,,92.58597696418319,49.64836047718058,84.66190341421188,estimated,,prefill-facebook-opt-350m-chunk-128-sm-32,success,,,/mnt/data/dheeraj/dicertation/inference-profile/runs/revised-rerun-20260415-171945-g1-opt350m/raw/points/prefill/prefill-facebook-opt-350m-chunk-128-sm-32.csv
facebook/opt-350m,128,attention,attention,32,0,56.32000043988228,36849664,37121024,271360,262144,1024,2026-04-15T16:20:29Z,baseline_nvml_pt,nvidia-smi,ok,2.0,67.0,1695.0,7601.0,55.64,0.07779199630022049,36.142578125,36.142578125,1.0,True,,92.58597696418319,49.64836047718058,84.66190341421188,estimated,,prefill-facebook-opt-350m-chunk-128-sm-32,success,,,/mnt/data/dheeraj/dicertation/inference-profile/runs/revised-rerun-20260415-171945-g1-opt350m/raw/points/prefill/prefill-facebook-opt-350m-chunk-128-sm-32.csv
facebook/opt-350m,128,gemm,q_proj,32,1,67.58400052785873,36849664,37111808,262144,262144,1024,2026-04-15T16:20:29Z,baseline_nvml_pt,nvidia-smi,ok,2.0,67.0,1695.0,7601.0,55.64,0.07779199630022049,36.142578125,36.142578125,1.0,True,,92.58597696418319,49.64836047718058,84.66190341421188,estimated,,prefill-facebook-opt-350m-chunk-128-sm-32,success,,,/mnt/data/dheeraj/dicertation/inference-profile/runs/revised-rerun-20260415-171945-g1-opt350m/raw/points/prefill/prefill-facebook-opt-350m-chunk-128-sm-32.csv
facebook/opt-350m,128,gemm,k_proj,32,1,61.664000153541565,36849664,37111808,262144,262144,1024,2026-04-15T16:20:29Z,baseline_nvml_pt,nvidia-smi,ok,2.0,67.0,1695.0,7601.0,55.64,0.07779199630022049,36.142578125,36.142578125,1.0,True,,92.58597696418319,49.64836047718058,84.66190341421188,estimated,,prefill-facebook-opt-350m-chunk-128-sm-32,success,,,/mnt/data/dheeraj/dicertation/inference-profile/runs/revised-rerun-20260415-171945-g1-opt350m/raw/points/prefill/prefill-facebook-opt-350m-chunk-128-sm-32.csv
facebook/opt-350m,128,gemm,v_proj,32,1,68.60800087451935,36849664,37111808,262144,262144,1024,2026-04-15T16:20:29Z,baseline_nvml_pt,nvidia-smi,ok,2.0,67.0,1695.0,7601.0,55.64,0.07779199630022049,36.142578125,36.142578125,1.0,True,,92.58597696418319,49.64836047718058,84.66190341421188,estimated,,prefill-facebook-opt-350m-chunk-128-sm-32,success,,,/mnt/data/dheeraj/dicertation/inference-profile/runs/revised-rerun-20260415-171945-g1-opt350m/raw/points/prefill/prefill-facebook-opt-350m-chunk-128-sm-32.csv
facebook/opt-350m,128,gemm,out_proj,32,1,61.43999844789505,36849664,37111808,262144,262144,1024,2026-04-15T16:20:29Z,baseline_nvml_pt,nvidia-smi,ok,2.0,67.0,1695.0,7601.0,55.64,0.07779199630022049,36.142578125,36.142578125,1.0,True,,92.58597696418319,49.64836047718058,84.66190341421188,estimated,,prefill-facebook-opt-350m-chunk-128-sm-32,success,,,/mnt/data/dheeraj/dicertation/inference-profile/runs/revised-rerun-20260415-171945-g1-opt350m/raw/points/prefill/prefill-facebook-opt-350m-chunk-128-sm-32.csv
facebook/opt-350m,128,gemm,fc1,32,1,64.51199948787689,36849664,37898240,1048576,1048576,1024,2026-04-15T16:20:29Z,baseline_nvml_pt,nvidia-smi,ok,2.0,67.0,1695.0,7601.0,55.64,0.07779199630022049,36.142578125,36.142578125,1.0,True,,92.58597696418319,49.64836047718058,84.66190341421188,estimated,,prefill-facebook-opt-350m-chunk-128-sm-32,success,,,/mnt/data/dheeraj/dicertation/inference-profile/runs/revised-rerun-20260415-171945-g1-opt350m/raw/points/prefill/prefill-facebook-opt-350m-chunk-128-sm-32.csv
facebook/opt-350m,128,gemm,fc2,32,1,65.5359998345375,36849664,37111808,262144,262144,1024,2026-04-15T16:20:29Z,baseline_nvml_pt,nvidia-smi,ok,2.0,67.0,1695.0,7601.0,55.64,0.07779199630022049,36.142578125,36.142578125,1.0,True,,92.58597696418319,49.64836047718058,84.66190341421188,estimated,,prefill-facebook-opt-350m-chunk-128-sm-32,success,,,/mnt/data/dheeraj/dicertation/inference-profile/runs/revised-rerun-20260415-171945-g1-opt350m/raw/points/prefill/prefill-facebook-opt-350m-chunk-128-sm-32.csv
facebook/opt-350m,128,attention,attention,32,1,55.03999814391136,36849664,37121024,271360,262144,1024,2026-04-15T16:20:29Z,baseline_nvml_pt,nvidia-smi,ok,2.0,67.0,1695.0,7601.0,55.64,0.07779199630022049,36.142578125,36.142578125,1.0,True,,92.58597696418319,49.64836047718058,84.66190341421188,estimated,,prefill-facebook-opt-350m-chunk-128-sm-32,success,,,/mnt/data/dheeraj/dicertation/inference-profile/runs/revised-rerun-20260415-171945-g1-opt350m/raw/points/prefill/prefill-facebook-opt-350m-chunk-128-sm-32.csv
facebook/opt-350m,128,gemm,q_proj,32,2,69.72800195217133,36849664,37111808,262144,262144,1024,2026-04-15T16:20:29Z,baseline_nvml_pt,nvidia-smi,ok,2.0,67.0,1695.0,7601.0,55.64,0.07779199630022049,36.142578125,36.142578125,1.0,True,,92.58597696418319,49.64836047718058,84.66190341421188,estimated,,prefill-facebook-opt-350m-chunk-128-sm-32,success,,,/mnt/data/dheeraj/dicertation/inference-profile/runs/revised-rerun-20260415-171945-g1-opt350m/raw/points/prefill/prefill-facebook-opt-350m-chunk-128-sm-32.csv
facebook/opt-350m,128,gemm,k_proj,32,2,63.48799914121628,36849664,37111808,262144,262144,1024,2026-04-15T16:20:29Z,baseline_nvml_pt,nvidia-smi,ok,2.0,67.0,1695.0,7601.0,55.64,0.07779199630022049,36.142578125,36.142578125,1.0,True,,92.58597696418319,49.64836047718058,84.66190341421188,estimated,,prefill-facebook-opt-350m-chunk-128-sm-32,success,,,/mnt/data/dheeraj/dicertation/inference-profile/runs/revised-rerun-20260415-171945-g1-opt350m/raw/points/prefill/prefill-facebook-opt-350m-chunk-128-sm-32.csv
facebook/opt-350m,128,gemm,v_proj,32,2,62.463998794555664,36849664,37111808,262144,262144,1024,2026-04-15T16:20:29Z,baseline_nvml_pt,nvidia-smi,ok,2.0,67.0,1695.0,7601.0,55.64,0.07779199630022049,36.142578125,36.142578125,1.0,True,,92.58597696418319,49.64836047718058,84.66190341421188,estimated,,prefill-facebook-opt-350m-chunk-128-sm-32,success,,,/mnt/data/dheeraj/dicertation/inference-profile/runs/revised-rerun-20260415-171945-g1-opt350m/raw/points/prefill/prefill-facebook-opt-350m-chunk-128-sm-32.csv
facebook/opt-350m,128,gemm,out_proj,32,2,60.416001826524734,36849664,37111808,262144,262144,1024,2026-04-15T16:20:29Z,baseline_nvml_pt,nvidia-smi,ok,2.0,67.0,1695.0,7601.0,55.64,0.07779199630022049,36.142578125,36.142578125,1.0,True,,92.58597696418319,49.64836047718058,84.66190341421188,estimated,,prefill-facebook-opt-350m-chunk-128-sm-32,success,,,/mnt/data/dheeraj/dicertation/inference-profile/runs/revised-rerun-20260415-171945-g1-opt350m/raw/points/prefill/prefill-facebook-opt-350m-chunk-128-sm-32.csv
facebook/opt-350m,128,gemm,fc1,32,2,63.48799914121628,36849664,37898240,1048576,1048576,1024,2026-04-15T16:20:29Z,baseline_nvml_pt,nvidia-smi,ok,2.0,67.0,1695.0,7601.0,55.64,0.07779199630022049,36.142578125,36.142578125,1.0,True,,92.58597696418319,49.64836047718058,84.66190341421188,estimated,,prefill-facebook-opt-350m-chunk-128-sm-32,success,,,/mnt/data/dheeraj/dicertation/inference-profile/runs/revised-rerun-20260415-171945-g1-opt350m/raw/points/prefill/prefill-facebook-opt-350m-chunk-128-sm-32.csv
facebook/opt-350m,128,gemm,fc2,32,2,67.4239993095398,36849664,37111808,262144,262144,1024,2026-04-15T16:20:29Z,baseline_nvml_pt,nvidia-smi,ok,2.0,67.0,1695.0,7601.0,55.64,0.07779199630022049,36.142578125,36.142578125,1.0,True,,92.58597696418319,49.64836047718058,84.66190341421188,estimated,,prefill-facebook-opt-350m-chunk-128-sm-32,success,,,/mnt/data/dheeraj/dicertation/inference-profile/runs/revised-rerun-20260415-171945-g1-opt350m/raw/points/prefill/prefill-facebook-opt-350m-chunk-128-sm-32.csv
facebook/opt-350m,128,attention,attention,32,2,54.27199974656105,36849664,37121024,271360,262144,1024,2026-04-15T16:20:29Z,baseline_nvml_pt,nvidia-smi,ok,2.0,67.0,1695.0,7601.0,55.64,0.07779199630022049,36.142578125,36.142578125,1.0,True,,92.58597696418319,49.64836047718058,84.66190341421188,estimated,,prefill-facebook-opt-350m-chunk-128-sm-32,success,,,/mnt/data/dheeraj/dicertation/inference-profile/runs/revised-rerun-20260415-171945-g1-opt350m/raw/points/prefill/prefill-facebook-opt-350m-chunk-128-sm-32.csv
facebook/opt-350m,128,gemm,q_proj,32,3,63.61600011587143,36849664,37111808,262144,262144,1024,2026-04-15T16:20:29Z,baseline_nvml_pt,nvidia-smi,ok,2.0,67.0,1695.0,7601.0,55.64,0.07779199630022049,36.142578125,36.142578125,1.0,True,,92.58597696418319,49.64836047718058,84.66190341421188,estimated,,prefill-facebook-opt-350m-chunk-128-sm-32,success,,,/mnt/data/dheeraj/dicertation/inference-profile/runs/revised-rerun-20260415-171945-g1-opt350m/raw/points/prefill/prefill-facebook-opt-350m-chunk-128-sm-32.csv
facebook/opt-350m,128,gemm,k_proj,32,3,69.63200122117996,36849664,37111808,262144,262144,1024,2026-04-15T16:20:29Z,baseline_nvml_pt,nvidia-smi,ok,2.0,67.0,1695.0,7601.0,55.64,0.07779199630022049,36.142578125,36.142578125,1.0,True,,92.58597696418319,49.64836047718058,84.66190341421188,estimated,,prefill-facebook-opt-350m-chunk-128-sm-32,success,,,/mnt/data/dheeraj/dicertation/inference-profile/runs/revised-rerun-20260415-171945-g1-opt350m/raw/points/prefill/prefill-facebook-opt-350m-chunk-128-sm-32.csv
facebook/opt-350m,128,gemm,v_proj,32,3,62.463998794555664,36849664,37111808,262144,262144,1024,2026-04-15T16:20:29Z,baseline_nvml_pt,nvidia-smi,ok,2.0,67.0,1695.0,7601.0,55.64,0.07779199630022049,36.142578125,36.142578125,1.0,True,,92.58597696418319,49.64836047718058,84.66190341421188,estimated,,prefill-facebook-opt-350m-chunk-128-sm-32,success,,,/mnt/data/dheeraj/dicertation/inference-profile/runs/revised-rerun-20260415-171945-g1-opt350m/raw/points/prefill/prefill-facebook-opt-350m-chunk-128-sm-32.csv
facebook/opt-350m,128,gemm,out_proj,32,3,62.463998794555664,36849664,37111808,262144,262144,1024,2026-04-15T16:20:29Z,baseline_nvml_pt,nvidia-smi,ok,2.0,67.0,1695.0,7601.0,55.64,0.07779199630022049,36.142578125,36.142578125,1.0,True,,92.58597696418319,49.64836047718058,84.66190341421188,estimated,,prefill-facebook-opt-350m-chunk-128-sm-32,success,,,/mnt/data/dheeraj/dicertation/inference-profile/runs/revised-rerun-20260415-171945-g1-opt350m/raw/points/prefill/prefill-facebook-opt-350m-chunk-128-sm-32.csv
facebook/opt-350m,128,gemm,fc1,32,3,65.47199934720993,36849664,37898240,1048576,1048576,1024,2026-04-15T16:20:29Z,baseline_nvml_pt,nvidia-smi,ok,2.0,67.0,1695.0,7601.0,55.64,0.07779199630022049,36.142578125,36.142578125,1.0,True,,92.58597696418319,49.64836047718058,84.66190341421188,estimated,,prefill-facebook-opt-350m-chunk-128-sm-32,success,,,/mnt/data/dheeraj/dicertation/inference-profile/runs/revised-rerun-20260415-171945-g1-opt350m/raw/points/prefill/prefill-facebook-opt-350m-chunk-128-sm-32.csv
facebook/opt-350m,128,gemm,fc2,32,3,64.51199948787689,36849664,37111808,262144,262144,1024,2026-04-15T16:20:29Z,baseline_nvml_pt,nvidia-smi,ok,2.0,67.0,1695.0,7601.0,55.64,0.07779199630022049,36.142578125,36.142578125,1.0,True,,92.58597696418319,49.64836047718058,84.66190341421188,estimated,,prefill-facebook-opt-350m-chunk-128-sm-32,success,,,/mnt/data/dheeraj/dicertation/inference-profile/runs/revised-rerun-20260415-171945-g1-opt350m/raw/points/prefill/prefill-facebook-opt-350m-chunk-128-sm-32.csv
facebook/opt-350m,128,attention,attention,32,3,53.247999399900436,36849664,37121024,271360,262144,1024,2026-04-15T16:20:29Z,baseline_nvml_pt,nvidia-smi,ok,2.0,67.0,1695.0,7601.0,55.64,0.07779199630022049,36.142578125,36.142578125,1.0,True,,92.58597696418319,49.64836047718058,84.66190341421188,estimated,,prefill-facebook-opt-350m-chunk-128-sm-32,success,,,/mnt/data/dheeraj/dicertation/inference-profile/runs/revised-rerun-20260415-171945-g1-opt350m/raw/points/prefill/prefill-facebook-opt-350m-chunk-128-sm-32.csv
facebook/opt-350m,128,gemm,q_proj,32,4,61.43999844789505,36849664,37111808,262144,262144,1024,2026-04-15T16:20:29Z,baseline_nvml_pt,nvidia-smi,ok,2.0,67.0,1695.0,7601.0,55.64,0.07779199630022049,36.142578125,36.142578125,1.0,True,,92.58597696418319,49.64836047718058,84.66190341421188,estimated,,prefill-facebook-opt-350m-chunk-128-sm-32,success,,,/mnt/data/dheeraj/dicertation/inference-profile/runs/revised-rerun-20260415-171945-g1-opt350m/raw/points/prefill/prefill-facebook-opt-350m-chunk-128-sm-32.csv
facebook/opt-350m,128,gemm,k_proj,32,4,60.47999858856201,36849664,37111808,262144,262144,1024,2026-04-15T16:20:29Z,baseline_nvml_pt,nvidia-smi,ok,2.0,67.0,1695.0,7601.0,55.64,0.07779199630022049,36.142578125,36.142578125,1.0,True,,92.58597696418319,49.64836047718058,84.66190341421188,estimated,,prefill-facebook-opt-350m-chunk-128-sm-32,success,,,/mnt/data/dheeraj/dicertation/inference-profile/runs/revised-rerun-20260415-171945-g1-opt350m/raw/points/prefill/prefill-facebook-opt-350m-chunk-128-sm-32.csv
facebook/opt-350m,128,gemm,v_proj,32,4,62.3680017888546,36849664,37111808,262144,262144,1024,2026-04-15T16:20:29Z,baseline_nvml_pt,nvidia-smi,ok,2.0,67.0,1695.0,7601.0,55.64,0.07779199630022049,36.142578125,36.142578125,1.0,True,,92.58597696418319,49.64836047718058,84.66190341421188,estimated,,prefill-facebook-opt-350m-chunk-128-sm-32,success,,,/mnt/data/dheeraj/dicertation/inference-profile/runs/revised-rerun-20260415-171945-g1-opt350m/raw/points/prefill/prefill-facebook-opt-350m-chunk-128-sm-32.csv
facebook/opt-350m,128,gemm,out_proj,32,4,59.39200147986412,36849664,37111808,262144,262144,1024,2026-04-15T16:20:29Z,baseline_nvml_pt,nvidia-smi,ok,2.0,67.0,1695.0,7601.0,55.64,0.07779199630022049,36.142578125,36.142578125,1.0,True,,92.58597696418319,49.64836047718058,84.66190341421188,estimated,,prefill-facebook-opt-350m-chunk-128-sm-32,success,,,/mnt/data/dheeraj/dicertation/inference-profile/runs/revised-rerun-20260415-171945-g1-opt350m/raw/points/prefill/prefill-facebook-opt-350m-chunk-128-sm-32.csv
facebook/opt-350m,128,gemm,fc1,32,4,63.48799914121628,36849664,37898240,1048576,1048576,1024,2026-04-15T16:20:29Z,baseline_nvml_pt,nvidia-smi,ok,2.0,67.0,1695.0,7601.0,55.64,0.07779199630022049,36.142578125,36.142578125,1.0,True,,92.58597696418319,49.64836047718058,84.66190341421188,estimated,,prefill-facebook-opt-350m-chunk-128-sm-32,success,,,/mnt/data/dheeraj/dicertation/inference-profile/runs/revised-rerun-20260415-171945-g1-opt350m/raw/points/prefill/prefill-facebook-opt-350m-chunk-128-sm-32.csv
facebook/opt-350m,128,gemm,fc2,32,4,66.56000018119812,36849664,37111808,262144,262144,1024,2026-04-15T16:20:29Z,baseline_nvml_pt,nvidia-smi,ok,2.0,67.0,1695.0,7601.0,55.64,0.07779199630022049,36.142578125,36.142578125,1.0,True,,92.58597696418319,49.64836047718058,84.66190341421188,estimated,,prefill-facebook-opt-350m-chunk-128-sm-32,success,,,/mnt/data/dheeraj/dicertation/inference-profile/runs/revised-rerun-20260415-171945-g1-opt350m/raw/points/prefill/prefill-facebook-opt-350m-chunk-128-sm-32.csv
facebook/opt-350m,128,attention,attention,32,4,53.247999399900436,36849664,37121024,271360,262144,1024,2026-04-15T16:20:29Z,baseline_nvml_pt,nvidia-smi,ok,2.0,67.0,1695.0,7601.0,55.64,0.07779199630022049,36.142578125,36.142578125,1.0,True,,92.58597696418319,49.64836047718058,84.66190341421188,estimated,,prefill-facebook-opt-350m-chunk-128-sm-32,success,,,/mnt/data/dheeraj/dicertation/inference-profile/runs/revised-rerun-20260415-171945-g1-opt350m/raw/points/prefill/prefill-facebook-opt-350m-chunk-128-sm-32.csv
facebook/opt-350m,256,gemm,q_proj,8,0,76.9599974155426,38946816,39471104,524288,524288,1024,2026-04-15T16:20:32Z,baseline_nvml_pt,nvidia-smi,ok,0.0,67.0,1695.0,7601.0,57.9,0.0888959988951683,39.142578125,39.142578125,2.0,True,,76.71150616204568,64.0087643973855,65.87053445082364,estimated,,prefill-facebook-opt-350m-chunk-256-sm-8,success,,,/mnt/data/dheeraj/dicertation/inference-profile/runs/revised-rerun-20260415-171945-g1-opt350m/raw/points/prefill/prefill-facebook-opt-350m-chunk-256-sm-8.csv
facebook/opt-350m,256,gemm,k_proj,8,0,73.69600236415863,38946816,39471104,524288,524288,1024,2026-04-15T16:20:32Z,baseline_nvml_pt,nvidia-smi,ok,0.0,67.0,1695.0,7601.0,57.9,0.0888959988951683,39.142578125,39.142578125,2.0,True,,76.71150616204568,64.0087643973855,65.87053445082364,estimated,,prefill-facebook-opt-350m-chunk-256-sm-8,success,,,/mnt/data/dheeraj/dicertation/inference-profile/runs/revised-rerun-20260415-171945-g1-opt350m/raw/points/prefill/prefill-facebook-opt-350m-chunk-256-sm-8.csv
facebook/opt-350m,256,gemm,v_proj,8,0,65.5359998345375,38946816,39471104,524288,524288,1024,2026-04-15T16:20:32Z,baseline_nvml_pt,nvidia-smi,ok,0.0,67.0,1695.0,7601.0,57.9,0.0888959988951683,39.142578125,39.142578125,2.0,True,,76.71150616204568,64.0087643973855,65.87053445082364,estimated,,prefill-facebook-opt-350m-chunk-256-sm-8,success,,,/mnt/data/dheeraj/dicertation/inference-profile/runs/revised-rerun-20260415-171945-g1-opt350m/raw/points/prefill/prefill-facebook-opt-350m-chunk-256-sm-8.csv
facebook/opt-350m,256,gemm,out_proj,8,0,69.63200122117996,38946816,39471104,524288,524288,1024,2026-04-15T16:20:32Z,baseline_nvml_pt,nvidia-smi,ok,0.0,67.0,1695.0,7601.0,57.9,0.0888959988951683,39.142578125,39.142578125,2.0,True,,76.71150616204568,64.0087643973855,65.87053445082364,estimated,,prefill-facebook-opt-350m-chunk-256-sm-8,success,,,/mnt/data/dheeraj/dicertation/inference-profile/runs/revised-rerun-20260415-171945-g1-opt350m/raw/points/prefill/prefill-facebook-opt-350m-chunk-256-sm-8.csv
facebook/opt-350m,256,gemm,fc1,8,0,85.91999858617783,38946816,41043968,2097152,2097152,1024,2026-04-15T16:20:32Z,baseline_nvml_pt,nvidia-smi,ok,0.0,67.0,1695.0,7601.0,57.9,0.0888959988951683,39.142578125,39.142578125,2.0,True,,76.71150616204568,64.0087643973855,65.87053445082364,estimated,,prefill-facebook-opt-350m-chunk-256-sm-8,success,,,/mnt/data/dheeraj/dicertation/inference-profile/runs/revised-rerun-20260415-171945-g1-opt350m/raw/points/prefill/prefill-facebook-opt-350m-chunk-256-sm-8.csv
facebook/opt-350m,256,gemm,fc2,8,0,88.8959988951683,38946816,39471104,524288,524288,1024,2026-04-15T16:20:32Z,baseline_nvml_pt,nvidia-smi,ok,0.0,67.0,1695.0,7601.0,57.9,0.0888959988951683,39.142578125,39.142578125,2.0,True,,76.71150616204568,64.0087643973855,65.87053445082364,estimated,,prefill-facebook-opt-350m-chunk-256-sm-8,success,,,/mnt/data/dheeraj/dicertation/inference-profile/runs/revised-rerun-20260415-171945-g1-opt350m/raw/points/prefill/prefill-facebook-opt-350m-chunk-256-sm-8.csv
facebook/opt-350m,256,attention,attention,8,0,55.456001311540604,38946816,39488512,541696,524288,1024,2026-04-15T16:20:32Z,baseline_nvml_pt,nvidia-smi,ok,0.0,67.0,1695.0,7601.0,57.9,0.0888959988951683,39.142578125,39.142578125,2.0,True,,76.71150616204568,64.0087643973855,65.87053445082364,estimated,,prefill-facebook-opt-350m-chunk-256-sm-8,success,,,/mnt/data/dheeraj/dicertation/inference-profile/runs/revised-rerun-20260415-171945-g1-opt350m/raw/points/prefill/prefill-facebook-opt-350m-chunk-256-sm-8.csv
facebook/opt-350m,256,gemm,q_proj,8,1,64.51199948787689,38946816,39471104,524288,524288,1024,2026-04-15T16:20:32Z,baseline_nvml_pt,nvidia-smi,ok,0.0,67.0,1695.0,7601.0,57.9,0.0888959988951683,39.142578125,39.142578125,2.0,True,,76.71150616204568,64.0087643973855,65.87053445082364,estimated,,prefill-facebook-opt-350m-chunk-256-sm-8,success,,,/mnt/data/dheeraj/dicertation/inference-profile/runs/revised-rerun-20260415-171945-g1-opt350m/raw/points/prefill/prefill-facebook-opt-350m-chunk-256-sm-8.csv
facebook/opt-350m,256,gemm,k_proj,8,1,60.32000109553337,38946816,39471104,524288,524288,1024,2026-04-15T16:20:32Z,baseline_nvml_pt,nvidia-smi,ok,0.0,67.0,1695.0,7601.0,57.9,0.0888959988951683,39.142578125,39.142578125,2.0,True,,76.71150616204568,64.0087643973855,65.87053445082364,estimated,,prefill-facebook-opt-350m-chunk-256-sm-8,success,,,/mnt/data/dheeraj/dicertation/inference-profile/runs/revised-rerun-20260415-171945-g1-opt350m/raw/points/prefill/prefill-facebook-opt-350m-chunk-256-sm-8.csv
facebook/opt-350m,256,gemm,v_proj,8,1,58.36800113320351,38946816,39471104,524288,524288,1024,2026-04-15T16:20:32Z,baseline_nvml_pt,nvidia-smi,ok,0.0,67.0,1695.0,7601.0,57.9,0.0888959988951683,39.142578125,39.142578125,2.0,True,,76.71150616204568,64.0087643973855,65.87053445082364,estimated,,prefill-facebook-opt-350m-chunk-256-sm-8,success,,,/mnt/data/dheeraj/dicertation/inference-profile/runs/revised-rerun-20260415-171945-g1-opt350m/raw/points/prefill/prefill-facebook-opt-350m-chunk-256-sm-8.csv
facebook/opt-350m,256,gemm,out_proj,8,1,67.58400052785873,38946816,39471104,524288,524288,1024,2026-04-15T16:20:32Z,baseline_nvml_pt,nvidia-smi,ok,0.0,67.0,1695.0,7601.0,57.9,0.0888959988951683,39.142578125,39.142578125,2.0,True,,76.71150616204568,64.0087643973855,65.87053445082364,estimated,,prefill-facebook-opt-350m-chunk-256-sm-8,success,,,/mnt/data/dheeraj/dicertation/inference-profile/runs/revised-rerun-20260415-171945-g1-opt350m/raw/points/prefill/prefill-facebook-opt-350m-chunk-256-sm-8.csv
facebook/opt-350m,256,gemm,fc1,8,1,82.94399827718735,38946816,41043968,2097152,2097152,1024,2026-04-15T16:20:32Z,baseline_nvml_pt,nvidia-smi,ok,0.0,67.0,1695.0,7601.0,57.9,0.0888959988951683,39.142578125,39.142578125,2.0,True,,76.71150616204568,64.0087643973855,65.87053445082364,estimated,,prefill-facebook-opt-350m-chunk-256-sm-8,success,,,/mnt/data/dheeraj/dicertation/inference-profile/runs/revised-rerun-20260415-171945-g1-opt350m/raw/points/prefill/prefill-facebook-opt-350m-chunk-256-sm-8.csv
facebook/opt-350m,256,gemm,fc2,8,1,87.93599903583527,38946816,39471104,524288,524288,1024,2026-04-15T16:20:32Z,baseline_nvml_pt,nvidia-smi,ok,0.0,67.0,1695.0,7601.0,57.9,0.0888959988951683,39.142578125,39.142578125,2.0,True,,76.71150616204568,64.0087643973855,65.87053445082364,estimated,,prefill-facebook-opt-350m-chunk-256-sm-8,success,,,/mnt/data/dheeraj/dicertation/inference-profile/runs/revised-rerun-20260415-171945-g1-opt350m/raw/points/prefill/prefill-facebook-opt-350m-chunk-256-sm-8.csv
facebook/opt-350m,256,attention,attention,8,1,55.1999993622303,38946816,39488512,541696,524288,1024,2026-04-15T16:20:32Z,baseline_nvml_pt,nvidia-smi,ok,0.0,67.0,1695.0,7601.0,57.9,0.0888959988951683,39.142578125,39.142578125,2.0,True,,76.71150616204568,64.0087643973855,65.87053445082364,estimated,,prefill-facebook-opt-350m-chunk-256-sm-8,success,,,/mnt/data/dheeraj/dicertation/inference-profile/runs/revised-rerun-20260415-171945-g1-opt350m/raw/points/prefill/prefill-facebook-opt-350m-chunk-256-sm-8.csv
facebook/opt-350m,256,gemm,q_proj,8,2,68.89600306749344,38946816,39471104,524288,524288,1024,2026-04-15T16:20:32Z,baseline_nvml_pt,nvidia-smi,ok,0.0,67.0,1695.0,7601.0,57.9,0.0888959988951683,39.142578125,39.142578125,2.0,True,,76.71150616204568,64.0087643973855,65.87053445082364,estimated,,prefill-facebook-opt-350m-chunk-256-sm-8,success,,,/mnt/data/dheeraj/dicertation/inference-profile/runs/revised-rerun-20260415-171945-g1-opt350m/raw/points/prefill/prefill-facebook-opt-350m-chunk-256-sm-8.csv
facebook/opt-350m,256,gemm,k_proj,8,2,60.416001826524734,38946816,39471104,524288,524288,1024,2026-04-15T16:20:32Z,baseline_nvml_pt,nvidia-smi,ok,0.0,67.0,1695.0,7601.0,57.9,0.0888959988951683,39.142578125,39.142578125,2.0,True,,76.71150616204568,64.0087643973855,65.87053445082364,estimated,,prefill-facebook-opt-350m-chunk-256-sm-8,success,,,/mnt/data/dheeraj/dicertation/inference-profile/runs/revised-rerun-20260415-171945-g1-opt350m/raw/points/prefill/prefill-facebook-opt-350m-chunk-256-sm-8.csv
facebook/opt-350m,256,gemm,v_proj,8,2,62.463998794555664,38946816,39471104,524288,524288,1024,2026-04-15T16:20:32Z,baseline_nvml_pt,nvidia-smi,ok,0.0,67.0,1695.0,7601.0,57.9,0.0888959988951683,39.142578125,39.142578125,2.0,True,,76.71150616204568,64.0087643973855,65.87053445082364,estimated,,prefill-facebook-opt-350m-chunk-256-sm-8,success,,,/mnt/data/dheeraj/dicertation/inference-profile/runs/revised-rerun-20260415-171945-g1-opt350m/raw/points/prefill/prefill-facebook-opt-350m-chunk-256-sm-8.csv
facebook/opt-350m,256,gemm,out_proj,8,2,59.39200147986412,38946816,39471104,524288,524288,1024,2026-04-15T16:20:32Z,baseline_nvml_pt,nvidia-smi,ok,0.0,67.0,1695.0,7601.0,57.9,0.0888959988951683,39.142578125,39.142578125,2.0,True,,76.71150616204568,64.0087643973855,65.87053445082364,estimated,,prefill-facebook-opt-350m-chunk-256-sm-8,success,,,/mnt/data/dheeraj/dicertation/inference-profile/runs/revised-rerun-20260415-171945-g1-opt350m/raw/points/prefill/prefill-facebook-opt-350m-chunk-256-sm-8.csv
facebook/opt-350m,256,gemm,fc1,8,2,82.91199803352356,38946816,41043968,2097152,2097152,1024,2026-04-15T16:20:32Z,baseline_nvml_pt,nvidia-smi,ok,0.0,67.0,1695.0,7601.0,57.9,0.0888959988951683,39.142578125,39.142578125,2.0,True,,76.71150616204568,64.0087643973855,65.87053445082364,estimated,,prefill-facebook-opt-350m-chunk-256-sm-8,success,,,/mnt/data/dheeraj/dicertation/inference-profile/runs/revised-rerun-20260415-171945-g1-opt350m/raw/points/prefill/prefill-facebook-opt-350m-chunk-256-sm-8.csv
facebook/opt-350m,256,gemm,fc2,8,2,87.0399996638298,38946816,39471104,524288,524288,1024,2026-04-15T16:20:32Z,baseline_nvml_pt,nvidia-smi,ok,0.0,67.0,1695.0,7601.0,57.9,0.0888959988951683,39.142578125,39.142578125,2.0,True,,76.71150616204568,64.0087643973855,65.87053445082364,estimated,,prefill-facebook-opt-350m-chunk-256-sm-8,success,,,/mnt/data/dheeraj/dicertation/inference-profile/runs/revised-rerun-20260415-171945-g1-opt350m/raw/points/prefill/prefill-facebook-opt-350m-chunk-256-sm-8.csv
facebook/opt-350m,256,attention,attention,8,2,55.296000093221664,38946816,39488512,541696,524288,1024,2026-04-15T16:20:32Z,baseline_nvml_pt,nvidia-smi,ok,0.0,67.0,1695.0,7601.0,57.9,0.0888959988951683,39.142578125,39.142578125,2.0,True,,76.71150616204568,64.0087643973855,65.87053445082364,estimated,,prefill-facebook-opt-350m-chunk-256-sm-8,success,,,/mnt/data/dheeraj/dicertation/inference-profile/runs/revised-rerun-20260415-171945-g1-opt350m/raw/points/prefill/prefill-facebook-opt-350m-chunk-256-sm-8.csv
facebook/opt-350m,256,gemm,q_proj,8,3,62.431998550891876,38946816,39471104,524288,524288,1024,2026-04-15T16:20:32Z,baseline_nvml_pt,nvidia-smi,ok,0.0,67.0,1695.0,7601.0,57.9,0.0888959988951683,39.142578125,39.142578125,2.0,True,,76.71150616204568,64.0087643973855,65.87053445082364,estimated,,prefill-facebook-opt-350m-chunk-256-sm-8,success,,,/mnt/data/dheeraj/dicertation/inference-profile/runs/revised-rerun-20260415-171945-g1-opt350m/raw/points/prefill/prefill-facebook-opt-350m-chunk-256-sm-8.csv
facebook/opt-350m,256,gemm,k_proj,8,3,59.647999703884125,38946816,39471104,524288,524288,1024,2026-04-15T16:20:32Z,baseline_nvml_pt,nvidia-smi,ok,0.0,67.0,1695.0,7601.0,57.9,0.0888959988951683,39.142578125,39.142578125,2.0,True,,76.71150616204568,64.0087643973855,65.87053445082364,estimated,,prefill-facebook-opt-350m-chunk-256-sm-8,success,,,/mnt/data/dheeraj/dicertation/inference-profile/runs/revised-rerun-20260415-171945-g1-opt350m/raw/points/prefill/prefill-facebook-opt-350m-chunk-256-sm-8.csv
facebook/opt-350m,256,gemm,v_proj,8,3,60.256000608205795,38946816,39471104,524288,524288,1024,2026-04-15T16:20:32Z,baseline_nvml_pt,nvidia-smi,ok,0.0,67.0,1695.0,7601.0,57.9,0.0888959988951683,39.142578125,39.142578125,2.0,True,,76.71150616204568,64.0087643973855,65.87053445082364,estimated,,prefill-facebook-opt-350m-chunk-256-sm-8,success,,,/mnt/data/dheeraj/dicertation/inference-profile/runs/revised-rerun-20260415-171945-g1-opt350m/raw/points/prefill/prefill-facebook-opt-350m-chunk-256-sm-8.csv
facebook/opt-350m,256,gemm,out_proj,8,3,61.216000467538834,38946816,39471104,524288,524288,1024,2026-04-15T16:20:32Z,baseline_nvml_pt,nvidia-smi,ok,0.0,67.0,1695.0,7601.0,57.9,0.0888959988951683,39.142578125,39.142578125,2.0,True,,76.71150616204568,64.0087643973855,65.87053445082364,estimated,,prefill-facebook-opt-350m-chunk-256-sm-8,success,,,/mnt/data/dheeraj/dicertation/inference-profile/runs/revised-rerun-20260415-171945-g1-opt350m/raw/points/prefill/prefill-facebook-opt-350m-chunk-256-sm-8.csv
facebook/opt-350m,256,gemm,fc1,8,3,81.91999793052673,38946816,41043968,2097152,2097152,1024,2026-04-15T16:20:32Z,baseline_nvml_pt,nvidia-smi,ok,0.0,67.0,1695.0,7601.0,57.9,0.0888959988951683,39.142578125,39.142578125,2.0,True,,76.71150616204568,64.0087643973855,65.87053445082364,estimated,,prefill-facebook-opt-350m-chunk-256-sm-8,success,,,/mnt/data/dheeraj/dicertation/inference-profile/runs/revised-rerun-20260415-171945-g1-opt350m/raw/points/prefill/prefill-facebook-opt-350m-chunk-256-sm-8.csv
facebook/opt-350m,256,gemm,fc2,8,3,88.06400001049042,38946816,39471104,524288,524288,1024,2026-04-15T16:20:32Z,baseline_nvml_pt,nvidia-smi,ok,0.0,67.0,1695.0,7601.0,57.9,0.0888959988951683,39.142578125,39.142578125,2.0,True,,76.71150616204568,64.0087643973855,65.87053445082364,estimated,,prefill-facebook-opt-350m-chunk-256-sm-8,success,,,/mnt/data/dheeraj/dicertation/inference-profile/runs/revised-rerun-20260415-171945-g1-opt350m/raw/points/prefill/prefill-facebook-opt-350m-chunk-256-sm-8.csv
facebook/opt-350m,256,attention,attention,8,3,54.23999950289726,38946816,39488512,541696,524288,1024,2026-04-15T16:20:32Z,baseline_nvml_pt,nvidia-smi,ok,0.0,67.0,1695.0,7601.0,57.9,0.0888959988951683,39.142578125,39.142578125,2.0,True,,76.71150616204568,64.0087643973855,65.87053445082364,estimated,,prefill-facebook-opt-350m-chunk-256-sm-8,success,,,/mnt/data/dheeraj/dicertation/inference-profile/runs/revised-rerun-20260415-171945-g1-opt350m/raw/points/prefill/prefill-facebook-opt-350m-chunk-256-sm-8.csv
facebook/opt-350m,256,gemm,q_proj,8,4,61.37600168585777,38946816,39471104,524288,524288,1024,2026-04-15T16:20:32Z,baseline_nvml_pt,nvidia-smi,ok,0.0,67.0,1695.0,7601.0,57.9,0.0888959988951683,39.142578125,39.142578125,2.0,True,,76.71150616204568,64.0087643973855,65.87053445082364,estimated,,prefill-facebook-opt-350m-chunk-256-sm-8,success,,,/mnt/data/dheeraj/dicertation/inference-profile/runs/revised-rerun-20260415-171945-g1-opt350m/raw/points/prefill/prefill-facebook-opt-350m-chunk-256-sm-8.csv
facebook/opt-350m,256,gemm,k_proj,8,4,59.39200147986412,38946816,39471104,524288,524288,1024,2026-04-15T16:20:32Z,baseline_nvml_pt,nvidia-smi,ok,0.0,67.0,1695.0,7601.0,57.9,0.0888959988951683,39.142578125,39.142578125,2.0,True,,76.71150616204568,64.0087643973855,65.87053445082364,estimated,,prefill-facebook-opt-350m-chunk-256-sm-8,success,,,/mnt/data/dheeraj/dicertation/inference-profile/runs/revised-rerun-20260415-171945-g1-opt350m/raw/points/prefill/prefill-facebook-opt-350m-chunk-256-sm-8.csv
facebook/opt-350m,256,gemm,v_proj,8,4,59.42400172352791,38946816,39471104,524288,524288,1024,2026-04-15T16:20:32Z,baseline_nvml_pt,nvidia-smi,ok,0.0,67.0,1695.0,7601.0,57.9,0.0888959988951683,39.142578125,39.142578125,2.0,True,,76.71150616204568,64.0087643973855,65.87053445082364,estimated,,prefill-facebook-opt-350m-chunk-256-sm-8,success,,,/mnt/data/dheeraj/dicertation/inference-profile/runs/revised-rerun-20260415-171945-g1-opt350m/raw/points/prefill/prefill-facebook-opt-350m-chunk-256-sm-8.csv
facebook/opt-350m,256,gemm,out_proj,8,4,56.32000043988228,38946816,39471104,524288,524288,1024,2026-04-15T16:20:32Z,baseline_nvml_pt,nvidia-smi,ok,0.0,67.0,1695.0,7601.0,57.9,0.0888959988951683,39.142578125,39.142578125,2.0,True,,76.71150616204568,64.0087643973855,65.87053445082364,estimated,,prefill-facebook-opt-350m-chunk-256-sm-8,success,,,/mnt/data/dheeraj/dicertation/inference-profile/runs/revised-rerun-20260415-171945-g1-opt350m/raw/points/prefill/prefill-facebook-opt-350m-chunk-256-sm-8.csv
facebook/opt-350m,256,gemm,fc1,8,4,81.727996468544,38946816,41043968,2097152,2097152,1024,2026-04-15T16:20:32Z,baseline_nvml_pt,nvidia-smi,ok,0.0,67.0,1695.0,7601.0,57.9,0.0888959988951683,39.142578125,39.142578125,2.0,True,,76.71150616204568,64.0087643973855,65.87053445082364,estimated,,prefill-facebook-opt-350m-chunk-256-sm-8,success,,,/mnt/data/dheeraj/dicertation/inference-profile/runs/revised-rerun-20260415-171945-g1-opt350m/raw/points/prefill/prefill-facebook-opt-350m-chunk-256-sm-8.csv
facebook/opt-350m,256,gemm,fc2,8,4,86.01599931716919,38946816,39471104,524288,524288,1024,2026-04-15T16:20:32Z,baseline_nvml_pt,nvidia-smi,ok,0.0,67.0,1695.0,7601.0,57.9,0.0888959988951683,39.142578125,39.142578125,2.0,True,,76.71150616204568,64.0087643973855,65.87053445082364,estimated,,prefill-facebook-opt-350m-chunk-256-sm-8,success,,,/mnt/data/dheeraj/dicertation/inference-profile/runs/revised-rerun-20260415-171945-g1-opt350m/raw/points/prefill/prefill-facebook-opt-350m-chunk-256-sm-8.csv
facebook/opt-350m,256,attention,attention,8,4,54.4000007212162,38946816,39488512,541696,524288,1024,2026-04-15T16:20:32Z,baseline_nvml_pt,nvidia-smi,ok,0.0,67.0,1695.0,7601.0,57.9,0.0888959988951683,39.142578125,39.142578125,2.0,True,,76.71150616204568,64.0087643973855,65.87053445082364,estimated,,prefill-facebook-opt-350m-chunk-256-sm-8,success,,,/mnt/data/dheeraj/dicertation/inference-profile/runs/revised-rerun-20260415-171945-g1-opt350m/raw/points/prefill/prefill-facebook-opt-350m-chunk-256-sm-8.csv
facebook/opt-350m,256,gemm,q_proj,16,0,85.75999736785889,38946816,39471104,524288,524288,1024,2026-04-15T16:20:37Z,baseline_nvml_pt,nvidia-smi,ok,2.0,67.0,1695.0,7601.0,53.93,0.09811200201511383,39.142578125,39.142578125,2.0,True,,83.50872822703707,58.37599313041558,73.1894827231374,estimated,,prefill-facebook-opt-350m-chunk-256-sm-16,success,,,/mnt/data/dheeraj/dicertation/inference-profile/runs/revised-rerun-20260415-171945-g1-opt350m/raw/points/prefill/prefill-facebook-opt-350m-chunk-256-sm-16.csv
facebook/opt-350m,256,gemm,k_proj,16,0,72.9919970035553,38946816,39471104,524288,524288,1024,2026-04-15T16:20:37Z,baseline_nvml_pt,nvidia-smi,ok,2.0,67.0,1695.0,7601.0,53.93,0.09811200201511383,39.142578125,39.142578125,2.0,True,,83.50872822703707,58.37599313041558,73.1894827231374,estimated,,prefill-facebook-opt-350m-chunk-256-sm-16,success,,,/mnt/data/dheeraj/dicertation/inference-profile/runs/revised-rerun-20260415-171945-g1-opt350m/raw/points/prefill/prefill-facebook-opt-350m-chunk-256-sm-16.csv
facebook/opt-350m,256,gemm,v_proj,16,0,67.4239993095398,38946816,39471104,524288,524288,1024,2026-04-15T16:20:37Z,baseline_nvml_pt,nvidia-smi,ok,2.0,67.0,1695.0,7601.0,53.93,0.09811200201511383,39.142578125,39.142578125,2.0,True,,83.50872822703707,58.37599313041558,73.1894827231374,estimated,,prefill-facebook-opt-350m-chunk-256-sm-16,success,,,/mnt/data/dheeraj/dicertation/inference-profile/runs/revised-rerun-20260415-171945-g1-opt350m/raw/points/prefill/prefill-facebook-opt-350m-chunk-256-sm-16.csv
facebook/opt-350m,256,gemm,out_proj,16,0,68.60800087451935,38946816,39471104,524288,524288,1024,2026-04-15T16:20:37Z,baseline_nvml_pt,nvidia-smi,ok,2.0,67.0,1695.0,7601.0,53.93,0.09811200201511383,39.142578125,39.142578125,2.0,True,,83.50872822703707,58.37599313041558,73.1894827231374,estimated,,prefill-facebook-opt-350m-chunk-256-sm-16,success,,,/mnt/data/dheeraj/dicertation/inference-profile/runs/revised-rerun-20260415-171945-g1-opt350m/raw/points/prefill/prefill-facebook-opt-350m-chunk-256-sm-16.csv
facebook/opt-350m,256,gemm,fc1,16,0,98.11200201511383,38946816,41043968,2097152,2097152,1024,2026-04-15T16:20:37Z,baseline_nvml_pt,nvidia-smi,ok,2.0,67.0,1695.0,7601.0,53.93,0.09811200201511383,39.142578125,39.142578125,2.0,True,,83.50872822703707,58.37599313041558,73.1894827231374,estimated,,prefill-facebook-opt-350m-chunk-256-sm-16,success,,,/mnt/data/dheeraj/dicertation/inference-profile/runs/revised-rerun-20260415-171945-g1-opt350m/raw/points/prefill/prefill-facebook-opt-350m-chunk-256-sm-16.csv
facebook/opt-350m,256,gemm,fc2,16,0,93.18400174379349,38946816,39471104,524288,524288,1024,2026-04-15T16:20:37Z,baseline_nvml_pt,nvidia-smi,ok,2.0,67.0,1695.0,7601.0,53.93,0.09811200201511383,39.142578125,39.142578125,2.0,True,,83.50872822703707,58.37599313041558,73.1894827231374,estimated,,prefill-facebook-opt-350m-chunk-256-sm-16,success,,,/mnt/data/dheeraj/dicertation/inference-profile/runs/revised-rerun-20260415-171945-g1-opt350m/raw/points/prefill/prefill-facebook-opt-350m-chunk-256-sm-16.csv
facebook/opt-350m,256,attention,attention,16,0,57.34400078654289,38946816,39488512,541696,524288,1024,2026-04-15T16:20:37Z,baseline_nvml_pt,nvidia-smi,ok,2.0,67.0,1695.0,7601.0,53.93,0.09811200201511383,39.142578125,39.142578125,2.0,True,,83.50872822703707,58.37599313041558,73.1894827231374,estimated,,prefill-facebook-opt-350m-chunk-256-sm-16,success,,,/mnt/data/dheeraj/dicertation/inference-profile/runs/revised-rerun-20260415-171945-g1-opt350m/raw/points/prefill/prefill-facebook-opt-350m-chunk-256-sm-16.csv
facebook/opt-350m,256,gemm,q_proj,16,1,66.56000018119812,38946816,39471104,524288,524288,1024,2026-04-15T16:20:37Z,baseline_nvml_pt,nvidia-smi,ok,2.0,67.0,1695.0,7601.0,53.93,0.09811200201511383,39.142578125,39.142578125,2.0,True,,83.50872822703707,58.37599313041558,73.1894827231374,estimated,,prefill-facebook-opt-350m-chunk-256-sm-16,success,,,/mnt/data/dheeraj/dicertation/inference-profile/runs/revised-rerun-20260415-171945-g1-opt350m/raw/points/prefill/prefill-facebook-opt-350m-chunk-256-sm-16.csv
facebook/opt-350m,256,gemm,k_proj,16,1,62.65600025653839,38946816,39471104,524288,524288,1024,2026-04-15T16:20:37Z,baseline_nvml_pt,nvidia-smi,ok,2.0,67.0,1695.0,7601.0,53.93,0.09811200201511383,39.142578125,39.142578125,2.0,True,,83.50872822703707,58.37599313041558,73.1894827231374,estimated,,prefill-facebook-opt-350m-chunk-256-sm-16,success,,,/mnt/data/dheeraj/dicertation/inference-profile/runs/revised-rerun-20260415-171945-g1-opt350m/raw/points/prefill/prefill-facebook-opt-350m-chunk-256-sm-16.csv
facebook/opt-350m,256,gemm,v_proj,16,1,60.416001826524734,38946816,39471104,524288,524288,1024,2026-04-15T16:20:37Z,baseline_nvml_pt,nvidia-smi,ok,2.0,67.0,1695.0,7601.0,53.93,0.09811200201511383,39.142578125,39.142578125,2.0,True,,83.50872822703707,58.37599313041558,73.1894827231374,estimated,,prefill-facebook-opt-350m-chunk-256-sm-16,success,,,/mnt/data/dheeraj/dicertation/inference-profile/runs/revised-rerun-20260415-171945-g1-opt350m/raw/points/prefill/prefill-facebook-opt-350m-chunk-256-sm-16.csv
facebook/opt-350m,256,gemm,out_proj,16,1,59.39200147986412,38946816,39471104,524288,524288,1024,2026-04-15T16:20:37Z,baseline_nvml_pt,nvidia-smi,ok,2.0,67.0,1695.0,7601.0,53.93,0.09811200201511383,39.142578125,39.142578125,2.0,True,,83.50872822703707,58.37599313041558,73.1894827231374,estimated,,prefill-facebook-opt-350m-chunk-256-sm-16,success,,,/mnt/data/dheeraj/dicertation/inference-profile/runs/revised-rerun-20260415-171945-g1-opt350m/raw/points/prefill/prefill-facebook-opt-350m-chunk-256-sm-16.csv
facebook/opt-350m,256,gemm,fc1,16,1,85.82399785518646,38946816,41043968,2097152,2097152,1024,2026-04-15T16:20:37Z,baseline_nvml_pt,nvidia-smi,ok,2.0,67.0,1695.0,7601.0,53.93,0.09811200201511383,39.142578125,39.142578125,2.0,True,,83.50872822703707,58.37599313041558,73.1894827231374,estimated,,prefill-facebook-opt-350m-chunk-256-sm-16,success,,,/mnt/data/dheeraj/dicertation/inference-profile/runs/revised-rerun-20260415-171945-g1-opt350m/raw/points/prefill/prefill-facebook-opt-350m-chunk-256-sm-16.csv
facebook/opt-350m,256,gemm,fc2,16,1,90.11200070381165,38946816,39471104,524288,524288,1024,2026-04-15T16:20:37Z,baseline_nvml_pt,nvidia-smi,ok,2.0,67.0,1695.0,7601.0,53.93,0.09811200201511383,39.142578125,39.142578125,2.0,True,,83.50872822703707,58.37599313041558,73.1894827231374,estimated,,prefill-facebook-opt-350m-chunk-256-sm-16,success,,,/mnt/data/dheeraj/dicertation/inference-profile/runs/revised-rerun-20260415-171945-g1-opt350m/raw/points/prefill/prefill-facebook-opt-350m-chunk-256-sm-16.csv
facebook/opt-350m,256,attention,attention,16,1,56.15999922156334,38946816,39488512,541696,524288,1024,2026-04-15T16:20:37Z,baseline_nvml_pt,nvidia-smi,ok,2.0,67.0,1695.0,7601.0,53.93,0.09811200201511383,39.142578125,39.142578125,2.0,True,,83.50872822703707,58.37599313041558,73.1894827231374,estimated,,prefill-facebook-opt-350m-chunk-256-sm-16,success,,,/mnt/data/dheeraj/dicertation/inference-profile/runs/revised-rerun-20260415-171945-g1-opt350m/raw/points/prefill/prefill-facebook-opt-350m-chunk-256-sm-16.csv
facebook/opt-350m,256,gemm,q_proj,16,2,68.86400282382965,38946816,39471104,524288,524288,1024,2026-04-15T16:20:37Z,baseline_nvml_pt,nvidia-smi,ok,2.0,67.0,1695.0,7601.0,53.93,0.09811200201511383,39.142578125,39.142578125,2.0,True,,83.50872822703707,58.37599313041558,73.1894827231374,estimated,,prefill-facebook-opt-350m-chunk-256-sm-16,success,,,/mnt/data/dheeraj/dicertation/inference-profile/runs/revised-rerun-20260415-171945-g1-opt350m/raw/points/prefill/prefill-facebook-opt-350m-chunk-256-sm-16.csv
facebook/opt-350m,256,gemm,k_proj,16,2,61.344001442193985,38946816,39471104,524288,524288,1024,2026-04-15T16:20:37Z,baseline_nvml_pt,nvidia-smi,ok,2.0,67.0,1695.0,7601.0,53.93,0.09811200201511383,39.142578125,39.142578125,2.0,True,,83.50872822703707,58.37599313041558,73.1894827231374,estimated,,prefill-facebook-opt-350m-chunk-256-sm-16,success,,,/mnt/data/dheeraj/dicertation/inference-profile/runs/revised-rerun-20260415-171945-g1-opt350m/raw/points/prefill/prefill-facebook-opt-350m-chunk-256-sm-16.csv
facebook/opt-350m,256,gemm,v_proj,16,2,61.43999844789505,38946816,39471104,524288,524288,1024,2026-04-15T16:20:37Z,baseline_nvml_pt,nvidia-smi,ok,2.0,67.0,1695.0,7601.0,53.93,0.09811200201511383,39.142578125,39.142578125,2.0,True,,83.50872822703707,58.37599313041558,73.1894827231374,estimated,,prefill-facebook-opt-350m-chunk-256-sm-16,success,,,/mnt/data/dheeraj/dicertation/inference-profile/runs/revised-rerun-20260415-171945-g1-opt350m/raw/points/prefill/prefill-facebook-opt-350m-chunk-256-sm-16.csv
facebook/opt-350m,256,gemm,out_proj,16,2,61.43999844789505,38946816,39471104,524288,524288,1024,2026-04-15T16:20:37Z,baseline_nvml_pt,nvidia-smi,ok,2.0,67.0,1695.0,7601.0,53.93,0.09811200201511383,39.142578125,39.142578125,2.0,True,,83.50872822703707,58.37599313041558,73.1894827231374,estimated,,prefill-facebook-opt-350m-chunk-256-sm-16,success,,,/mnt/data/dheeraj/dicertation/inference-profile/runs/revised-rerun-20260415-171945-g1-opt350m/raw/points/prefill/prefill-facebook-opt-350m-chunk-256-sm-16.csv
facebook/opt-350m,256,gemm,fc1,16,2,83.90399813652039,38946816,41043968,2097152,2097152,1024,2026-04-15T16:20:37Z,baseline_nvml_pt,nvidia-smi,ok,2.0,67.0,1695.0,7601.0,53.93,0.09811200201511383,39.142578125,39.142578125,2.0,True,,83.50872822703707,58.37599313041558,73.1894827231374,estimated,,prefill-facebook-opt-350m-chunk-256-sm-16,success,,,/mnt/data/dheeraj/dicertation/inference-profile/runs/revised-rerun-20260415-171945-g1-opt350m/raw/points/prefill/prefill-facebook-opt-350m-chunk-256-sm-16.csv
facebook/opt-350m,256,gemm,fc2,16,2,89.08800035715103,38946816,39471104,524288,524288,1024,2026-04-15T16:20:37Z,baseline_nvml_pt,nvidia-smi,ok,2.0,67.0,1695.0,7601.0,53.93,0.09811200201511383,39.142578125,39.142578125,2.0,True,,83.50872822703707,58.37599313041558,73.1894827231374,estimated,,prefill-facebook-opt-350m-chunk-256-sm-16,success,,,/mnt/data/dheeraj/dicertation/inference-profile/runs/revised-rerun-20260415-171945-g1-opt350m/raw/points/prefill/prefill-facebook-opt-350m-chunk-256-sm-16.csv
facebook/opt-350m,256,attention,attention,16,2,62.463998794555664,38946816,39488512,541696,524288,1024,2026-04-15T16:20:37Z,baseline_nvml_pt,nvidia-smi,ok,2.0,67.0,1695.0,7601.0,53.93,0.09811200201511383,39.142578125,39.142578125,2.0,True,,83.50872822703707,58.37599313041558,73.1894827231374,estimated,,prefill-facebook-opt-350m-chunk-256-sm-16,success,,,/mnt/data/dheeraj/dicertation/inference-profile/runs/revised-rerun-20260415-171945-g1-opt350m/raw/points/prefill/prefill-facebook-opt-350m-chunk-256-sm-16.csv
facebook/opt-350m,256,gemm,q_proj,16,3,64.51199948787689,38946816,39471104,524288,524288,1024,2026-04-15T16:20:37Z,baseline_nvml_pt,nvidia-smi,ok,2.0,67.0,1695.0,7601.0,53.93,0.09811200201511383,39.142578125,39.142578125,2.0,True,,83.50872822703707,58.37599313041558,73.1894827231374,estimated,,prefill-facebook-opt-350m-chunk-256-sm-16,success,,,/mnt/data/dheeraj/dicertation/inference-profile/runs/revised-rerun-20260415-171945-g1-opt350m/raw/points/prefill/prefill-facebook-opt-350m-chunk-256-sm-16.csv
facebook/opt-350m,256,gemm,k_proj,16,3,61.47199869155884,38946816,39471104,524288,524288,1024,2026-04-15T16:20:37Z,baseline_nvml_pt,nvidia-smi,ok,2.0,67.0,1695.0,7601.0,53.93,0.09811200201511383,39.142578125,39.142578125,2.0,True,,83.50872822703707,58.37599313041558,73.1894827231374,estimated,,prefill-facebook-opt-350m-chunk-256-sm-16,success,,,/mnt/data/dheeraj/dicertation/inference-profile/runs/revised-rerun-20260415-171945-g1-opt350m/raw/points/prefill/prefill-facebook-opt-350m-chunk-256-sm-16.csv
facebook/opt-350m,256,gemm,v_proj,16,3,60.416001826524734,38946816,39471104,524288,524288,1024,2026-04-15T16:20:37Z,baseline_nvml_pt,nvidia-smi,ok,2.0,67.0,1695.0,7601.0,53.93,0.09811200201511383,39.142578125,39.142578125,2.0,True,,83.50872822703707,58.37599313041558,73.1894827231374,estimated,,prefill-facebook-opt-350m-chunk-256-sm-16,success,,,/mnt/data/dheeraj/dicertation/inference-profile/runs/revised-rerun-20260415-171945-g1-opt350m/raw/points/prefill/prefill-facebook-opt-350m-chunk-256-sm-16.csv
facebook/opt-350m,256,gemm,out_proj,16,3,62.463998794555664,38946816,39471104,524288,524288,1024,2026-04-15T16:20:37Z,baseline_nvml_pt,nvidia-smi,ok,2.0,67.0,1695.0,7601.0,53.93,0.09811200201511383,39.142578125,39.142578125,2.0,True,,83.50872822703707,58.37599313041558,73.1894827231374,estimated,,prefill-facebook-opt-350m-chunk-256-sm-16,success,,,/mnt/data/dheeraj/dicertation/inference-profile/runs/revised-rerun-20260415-171945-g1-opt350m/raw/points/prefill/prefill-facebook-opt-350m-chunk-256-sm-16.csv
facebook/opt-350m,256,gemm,fc1,16,3,81.98399841785431,38946816,41043968,2097152,2097152,1024,2026-04-15T16:20:37Z,baseline_nvml_pt,nvidia-smi,ok,2.0,67.0,1695.0,7601.0,53.93,0.09811200201511383,39.142578125,39.142578125,2.0,True,,83.50872822703707,58.37599313041558,73.1894827231374,estimated,,prefill-facebook-opt-350m-chunk-256-sm-16,success,,,/mnt/data/dheeraj/dicertation/inference-profile/runs/revised-rerun-20260415-171945-g1-opt350m/raw/points/prefill/prefill-facebook-opt-350m-chunk-256-sm-16.csv
facebook/opt-350m,256,gemm,fc2,16,3,87.90399879217148,38946816,39471104,524288,524288,1024,2026-04-15T16:20:37Z,baseline_nvml_pt,nvidia-smi,ok,2.0,67.0,1695.0,7601.0,53.93,0.09811200201511383,39.142578125,39.142578125,2.0,True,,83.50872822703707,58.37599313041558,73.1894827231374,estimated,,prefill-facebook-opt-350m-chunk-256-sm-16,success,,,/mnt/data/dheeraj/dicertation/inference-profile/runs/revised-rerun-20260415-171945-g1-opt350m/raw/points/prefill/prefill-facebook-opt-350m-chunk-256-sm-16.csv
facebook/opt-350m,256,attention,attention,16,3,55.296000093221664,38946816,39488512,541696,524288,1024,2026-04-15T16:20:37Z,baseline_nvml_pt,nvidia-smi,ok,2.0,67.0,1695.0,7601.0,53.93,0.09811200201511383,39.142578125,39.142578125,2.0,True,,83.50872822703707,58.37599313041558,73.1894827231374,estimated,,prefill-facebook-opt-350m-chunk-256-sm-16,success,,,/mnt/data/dheeraj/dicertation/inference-profile/runs/revised-rerun-20260415-171945-g1-opt350m/raw/points/prefill/prefill-facebook-opt-350m-chunk-256-sm-16.csv
facebook/opt-350m,256,gemm,q_proj,16,4,62.6240000128746,38946816,39471104,524288,524288,1024,2026-04-15T16:20:37Z,baseline_nvml_pt,nvidia-smi,ok,2.0,67.0,1695.0,7601.0,53.93,0.09811200201511383,39.142578125,39.142578125,2.0,True,,83.50872822703707,58.37599313041558,73.1894827231374,estimated,,prefill-facebook-opt-350m-chunk-256-sm-16,success,,,/mnt/data/dheeraj/dicertation/inference-profile/runs/revised-rerun-20260415-171945-g1-opt350m/raw/points/prefill/prefill-facebook-opt-350m-chunk-256-sm-16.csv
facebook/opt-350m,256,gemm,k_proj,16,4,59.39200147986412,38946816,39471104,524288,524288,1024,2026-04-15T16:20:37Z,baseline_nvml_pt,nvidia-smi,ok,2.0,67.0,1695.0,7601.0,53.93,0.09811200201511383,39.142578125,39.142578125,2.0,True,,83.50872822703707,58.37599313041558,73.1894827231374,estimated,,prefill-facebook-opt-350m-chunk-256-sm-16,success,,,/mnt/data/dheeraj/dicertation/inference-profile/runs/revised-rerun-20260415-171945-g1-opt350m/raw/points/prefill/prefill-facebook-opt-350m-chunk-256-sm-16.csv
facebook/opt-350m,256,gemm,v_proj,16,4,58.36800113320351,38946816,39471104,524288,524288,1024,2026-04-15T16:20:37Z,baseline_nvml_pt,nvidia-smi,ok,2.0,67.0,1695.0,7601.0,53.93,0.09811200201511383,39.142578125,39.142578125,2.0,True,,83.50872822703707,58.37599313041558,73.1894827231374,estimated,,prefill-facebook-opt-350m-chunk-256-sm-16,success,,,/mnt/data/dheeraj/dicertation/inference-profile/runs/revised-rerun-20260415-171945-g1-opt350m/raw/points/prefill/prefill-facebook-opt-350m-chunk-256-sm-16.csv
facebook/opt-350m,256,gemm,out_proj,16,4,60.416001826524734,38946816,39471104,524288,524288,1024,2026-04-15T16:20:37Z,baseline_nvml_pt,nvidia-smi,ok,2.0,67.0,1695.0,7601.0,53.93,0.09811200201511383,39.142578125,39.142578125,2.0,True,,83.50872822703707,58.37599313041558,73.1894827231374,estimated,,prefill-facebook-opt-350m-chunk-256-sm-16,success,,,/mnt/data/dheeraj/dicertation/inference-profile/runs/revised-rerun-20260415-171945-g1-opt350m/raw/points/prefill/prefill-facebook-opt-350m-chunk-256-sm-16.csv
facebook/opt-350m,256,gemm,fc1,16,4,81.91999793052673,38946816,41043968,2097152,2097152,1024,2026-04-15T16:20:37Z,baseline_nvml_pt,nvidia-smi,ok,2.0,67.0,1695.0,7601.0,53.93,0.09811200201511383,39.142578125,39.142578125,2.0,True,,83.50872822703707,58.37599313041558,73.1894827231374,estimated,,prefill-facebook-opt-350m-chunk-256-sm-16,success,,,/mnt/data/dheeraj/dicertation/inference-profile/runs/revised-rerun-20260415-171945-g1-opt350m/raw/points/prefill/prefill-facebook-opt-350m-chunk-256-sm-16.csv
facebook/opt-350m,256,gemm,fc2,16,4,86.20800077915192,38946816,39471104,524288,524288,1024,2026-04-15T16:20:37Z,baseline_nvml_pt,nvidia-smi,ok,2.0,67.0,1695.0,7601.0,53.93,0.09811200201511383,39.142578125,39.142578125,2.0,True,,83.50872822703707,58.37599313041558,73.1894827231374,estimated,,prefill-facebook-opt-350m-chunk-256-sm-16,success,,,/mnt/data/dheeraj/dicertation/inference-profile/runs/revised-rerun-20260415-171945-g1-opt350m/raw/points/prefill/prefill-facebook-opt-350m-chunk-256-sm-16.csv
facebook/opt-350m,256,attention,attention,16,4,55.296000093221664,38946816,39488512,541696,524288,1024,2026-04-15T16:20:37Z,baseline_nvml_pt,nvidia-smi,ok,2.0,67.0,1695.0,7601.0,53.93,0.09811200201511383,39.142578125,39.142578125,2.0,True,,83.50872822703707,58.37599313041558,73.1894827231374,estimated,,prefill-facebook-opt-350m-chunk-256-sm-16,success,,,/mnt/data/dheeraj/dicertation/inference-profile/runs/revised-rerun-20260415-171945-g1-opt350m/raw/points/prefill/prefill-facebook-opt-350m-chunk-256-sm-16.csv
facebook/opt-350m,256,gemm,q_proj,24,0,76.92799717187881,38946816,39471104,524288,524288,1024,2026-04-15T16:20:42Z,baseline_nvml_pt,nvidia-smi,ok,0.0,67.0,1695.0,7601.0,61.4,0.10121600329875946,39.142578125,39.142578125,2.0,True,,90.30595029202844,52.74322186344564,80.50843099545114,estimated,,prefill-facebook-opt-350m-chunk-256-sm-24,success,,,/mnt/data/dheeraj/dicertation/inference-profile/runs/revised-rerun-20260415-171945-g1-opt350m/raw/points/prefill/prefill-facebook-opt-350m-chunk-256-sm-24.csv
facebook/opt-350m,256,gemm,k_proj,24,0,73.72800260782242,38946816,39471104,524288,524288,1024,2026-04-15T16:20:42Z,baseline_nvml_pt,nvidia-smi,ok,0.0,67.0,1695.0,7601.0,61.4,0.10121600329875946,39.142578125,39.142578125,2.0,True,,90.30595029202844,52.74322186344564,80.50843099545114,estimated,,prefill-facebook-opt-350m-chunk-256-sm-24,success,,,/mnt/data/dheeraj/dicertation/inference-profile/runs/revised-rerun-20260415-171945-g1-opt350m/raw/points/prefill/prefill-facebook-opt-350m-chunk-256-sm-24.csv
facebook/opt-350m,256,gemm,v_proj,24,0,65.5359998345375,38946816,39471104,524288,524288,1024,2026-04-15T16:20:42Z,baseline_nvml_pt,nvidia-smi,ok,0.0,67.0,1695.0,7601.0,61.4,0.10121600329875946,39.142578125,39.142578125,2.0,True,,90.30595029202844,52.74322186344564,80.50843099545114,estimated,,prefill-facebook-opt-350m-chunk-256-sm-24,success,,,/mnt/data/dheeraj/dicertation/inference-profile/runs/revised-rerun-20260415-171945-g1-opt350m/raw/points/prefill/prefill-facebook-opt-350m-chunk-256-sm-24.csv
facebook/opt-350m,256,gemm,out_proj,24,0,67.58400052785873,38946816,39471104,524288,524288,1024,2026-04-15T16:20:42Z,baseline_nvml_pt,nvidia-smi,ok,0.0,67.0,1695.0,7601.0,61.4,0.10121600329875946,39.142578125,39.142578125,2.0,True,,90.30595029202844,52.74322186344564,80.50843099545114,estimated,,prefill-facebook-opt-350m-chunk-256-sm-24,success,,,/mnt/data/dheeraj/dicertation/inference-profile/runs/revised-rerun-20260415-171945-g1-opt350m/raw/points/prefill/prefill-facebook-opt-350m-chunk-256-sm-24.csv
facebook/opt-350m,256,gemm,fc1,24,0,94.94400024414062,38946816,41043968,2097152,2097152,1024,2026-04-15T16:20:42Z,baseline_nvml_pt,nvidia-smi,ok,0.0,67.0,1695.0,7601.0,61.4,0.10121600329875946,39.142578125,39.142578125,2.0,True,,90.30595029202844,52.74322186344564,80.50843099545114,estimated,,prefill-facebook-opt-350m-chunk-256-sm-24,success,,,/mnt/data/dheeraj/dicertation/inference-profile/runs/revised-rerun-20260415-171945-g1-opt350m/raw/points/prefill/prefill-facebook-opt-350m-chunk-256-sm-24.csv
facebook/opt-350m,256,gemm,fc2,24,0,91.13600105047226,38946816,39471104,524288,524288,1024,2026-04-15T16:20:42Z,baseline_nvml_pt,nvidia-smi,ok,0.0,67.0,1695.0,7601.0,61.4,0.10121600329875946,39.142578125,39.142578125,2.0,True,,90.30595029202844,52.74322186344564,80.50843099545114,estimated,,prefill-facebook-opt-350m-chunk-256-sm-24,success,,,/mnt/data/dheeraj/dicertation/inference-profile/runs/revised-rerun-20260415-171945-g1-opt350m/raw/points/prefill/prefill-facebook-opt-350m-chunk-256-sm-24.csv
facebook/opt-350m,256,attention,attention,24,0,57.440001517534256,38946816,39488512,541696,524288,1024,2026-04-15T16:20:42Z,baseline_nvml_pt,nvidia-smi,ok,0.0,67.0,1695.0,7601.0,61.4,0.10121600329875946,39.142578125,39.142578125,2.0,True,,90.30595029202844,52.74322186344564,80.50843099545114,estimated,,prefill-facebook-opt-350m-chunk-256-sm-24,success,,,/mnt/data/dheeraj/dicertation/inference-profile/runs/revised-rerun-20260415-171945-g1-opt350m/raw/points/prefill/prefill-facebook-opt-350m-chunk-256-sm-24.csv
facebook/opt-350m,256,gemm,q_proj,24,1,72.60800153017044,38946816,39471104,524288,524288,1024,2026-04-15T16:20:42Z,baseline_nvml_pt,nvidia-smi,ok,0.0,67.0,1695.0,7601.0,61.4,0.10121600329875946,39.142578125,39.142578125,2.0,True,,90.30595029202844,52.74322186344564,80.50843099545114,estimated,,prefill-facebook-opt-350m-chunk-256-sm-24,success,,,/mnt/data/dheeraj/dicertation/inference-profile/runs/revised-rerun-20260415-171945-g1-opt350m/raw/points/prefill/prefill-facebook-opt-350m-chunk-256-sm-24.csv
facebook/opt-350m,256,gemm,k_proj,24,1,60.416001826524734,38946816,39471104,524288,524288,1024,2026-04-15T16:20:42Z,baseline_nvml_pt,nvidia-smi,ok,0.0,67.0,1695.0,7601.0,61.4,0.10121600329875946,39.142578125,39.142578125,2.0,True,,90.30595029202844,52.74322186344564,80.50843099545114,estimated,,prefill-facebook-opt-350m-chunk-256-sm-24,success,,,/mnt/data/dheeraj/dicertation/inference-profile/runs/revised-rerun-20260415-171945-g1-opt350m/raw/points/prefill/prefill-facebook-opt-350m-chunk-256-sm-24.csv
facebook/opt-350m,256,gemm,v_proj,24,1,58.36800113320351,38946816,39471104,524288,524288,1024,2026-04-15T16:20:42Z,baseline_nvml_pt,nvidia-smi,ok,0.0,67.0,1695.0,7601.0,61.4,0.10121600329875946,39.142578125,39.142578125,2.0,True,,90.30595029202844,52.74322186344564,80.50843099545114,estimated,,prefill-facebook-opt-350m-chunk-256-sm-24,success,,,/mnt/data/dheeraj/dicertation/inference-profile/runs/revised-rerun-20260415-171945-g1-opt350m/raw/points/prefill/prefill-facebook-opt-350m-chunk-256-sm-24.csv
facebook/opt-350m,256,gemm,out_proj,24,1,56.60799890756607,38946816,39471104,524288,524288,1024,2026-04-15T16:20:42Z,baseline_nvml_pt,nvidia-smi,ok,0.0,67.0,1695.0,7601.0,61.4,0.10121600329875946,39.142578125,39.142578125,2.0,True,,90.30595029202844,52.74322186344564,80.50843099545114,estimated,,prefill-facebook-opt-350m-chunk-256-sm-24,success,,,/mnt/data/dheeraj/dicertation/inference-profile/runs/revised-rerun-20260415-171945-g1-opt350m/raw/points/prefill/prefill-facebook-opt-350m-chunk-256-sm-24.csv
facebook/opt-350m,256,gemm,fc1,24,1,83.96799862384796,38946816,41043968,2097152,2097152,1024,2026-04-15T16:20:42Z,baseline_nvml_pt,nvidia-smi,ok,0.0,67.0,1695.0,7601.0,61.4,0.10121600329875946,39.142578125,39.142578125,2.0,True,,90.30595029202844,52.74322186344564,80.50843099545114,estimated,,prefill-facebook-opt-350m-chunk-256-sm-24,success,,,/mnt/data/dheeraj/dicertation/inference-profile/runs/revised-rerun-20260415-171945-g1-opt350m/raw/points/prefill/prefill-facebook-opt-350m-chunk-256-sm-24.csv
facebook/opt-350m,256,gemm,fc2,24,1,101.21600329875946,38946816,39471104,524288,524288,1024,2026-04-15T16:20:42Z,baseline_nvml_pt,nvidia-smi,ok,0.0,67.0,1695.0,7601.0,61.4,0.10121600329875946,39.142578125,39.142578125,2.0,True,,90.30595029202844,52.74322186344564,80.50843099545114,estimated,,prefill-facebook-opt-350m-chunk-256-sm-24,success,,,/mnt/data/dheeraj/dicertation/inference-profile/runs/revised-rerun-20260415-171945-g1-opt350m/raw/points/prefill/prefill-facebook-opt-350m-chunk-256-sm-24.csv
facebook/opt-350m,256,attention,attention,24,1,54.27199974656105,38946816,39488512,541696,524288,1024,2026-04-15T16:20:42Z,baseline_nvml_pt,nvidia-smi,ok,0.0,67.0,1695.0,7601.0,61.4,0.10121600329875946,39.142578125,39.142578125,2.0,True,,90.30595029202844,52.74322186344564,80.50843099545114,estimated,,prefill-facebook-opt-350m-chunk-256-sm-24,success,,,/mnt/data/dheeraj/dicertation/inference-profile/runs/revised-rerun-20260415-171945-g1-opt350m/raw/points/prefill/prefill-facebook-opt-350m-chunk-256-sm-24.csv
facebook/opt-350m,256,gemm,q_proj,24,2,68.60800087451935,38946816,39471104,524288,524288,1024,2026-04-15T16:20:42Z,baseline_nvml_pt,nvidia-smi,ok,0.0,67.0,1695.0,7601.0,61.4,0.10121600329875946,39.142578125,39.142578125,2.0,True,,90.30595029202844,52.74322186344564,80.50843099545114,estimated,,prefill-facebook-opt-350m-chunk-256-sm-24,success,,,/mnt/data/dheeraj/dicertation/inference-profile/runs/revised-rerun-20260415-171945-g1-opt350m/raw/points/prefill/prefill-facebook-opt-350m-chunk-256-sm-24.csv
facebook/opt-350m,256,gemm,k_proj,24,2,59.647999703884125,38946816,39471104,524288,524288,1024,2026-04-15T16:20:42Z,baseline_nvml_pt,nvidia-smi,ok,0.0,67.0,1695.0,7601.0,61.4,0.10121600329875946,39.142578125,39.142578125,2.0,True,,90.30595029202844,52.74322186344564,80.50843099545114,estimated,,prefill-facebook-opt-350m-chunk-256-sm-24,success,,,/mnt/data/dheeraj/dicertation/inference-profile/runs/revised-rerun-20260415-171945-g1-opt350m/raw/points/prefill/prefill-facebook-opt-350m-chunk-256-sm-24.csv
facebook/opt-350m,256,gemm,v_proj,24,2,60.32000109553337,38946816,39471104,524288,524288,1024,2026-04-15T16:20:42Z,baseline_nvml_pt,nvidia-smi,ok,0.0,67.0,1695.0,7601.0,61.4,0.10121600329875946,39.142578125,39.142578125,2.0,True,,90.30595029202844,52.74322186344564,80.50843099545114,estimated,,prefill-facebook-opt-350m-chunk-256-sm-24,success,,,/mnt/data/dheeraj/dicertation/inference-profile/runs/revised-rerun-20260415-171945-g1-opt350m/raw/points/prefill/prefill-facebook-opt-350m-chunk-256-sm-24.csv
facebook/opt-350m,256,gemm,out_proj,24,2,68.41599941253662,38946816,39471104,524288,524288,1024,2026-04-15T16:20:42Z,baseline_nvml_pt,nvidia-smi,ok,0.0,67.0,1695.0,7601.0,61.4,0.10121600329875946,39.142578125,39.142578125,2.0,True,,90.30595029202844,52.74322186344564,80.50843099545114,estimated,,prefill-facebook-opt-350m-chunk-256-sm-24,success,,,/mnt/data/dheeraj/dicertation/inference-profile/runs/revised-rerun-20260415-171945-g1-opt350m/raw/points/prefill/prefill-facebook-opt-350m-chunk-256-sm-24.csv
facebook/opt-350m,256,gemm,fc1,24,2,82.94399827718735,38946816,41043968,2097152,2097152,1024,2026-04-15T16:20:42Z,baseline_nvml_pt,nvidia-smi,ok,0.0,67.0,1695.0,7601.0,61.4,0.10121600329875946,39.142578125,39.142578125,2.0,True,,90.30595029202844,52.74322186344564,80.50843099545114,estimated,,prefill-facebook-opt-350m-chunk-256-sm-24,success,,,/mnt/data/dheeraj/dicertation/inference-profile/runs/revised-rerun-20260415-171945-g1-opt350m/raw/points/prefill/prefill-facebook-opt-350m-chunk-256-sm-24.csv
facebook/opt-350m,256,gemm,fc2,24,2,86.87999844551086,38946816,39471104,524288,524288,1024,2026-04-15T16:20:42Z,baseline_nvml_pt,nvidia-smi,ok,0.0,67.0,1695.0,7601.0,61.4,0.10121600329875946,39.142578125,39.142578125,2.0,True,,90.30595029202844,52.74322186344564,80.50843099545114,estimated,,prefill-facebook-opt-350m-chunk-256-sm-24,success,,,/mnt/data/dheeraj/dicertation/inference-profile/runs/revised-rerun-20260415-171945-g1-opt350m/raw/points/prefill/prefill-facebook-opt-350m-chunk-256-sm-24.csv
facebook/opt-350m,256,attention,attention,24,2,53.3440001308918,38946816,39488512,541696,524288,1024,2026-04-15T16:20:42Z,baseline_nvml_pt,nvidia-smi,ok,0.0,67.0,1695.0,7601.0,61.4,0.10121600329875946,39.142578125,39.142578125,2.0,True,,90.30595029202844,52.74322186344564,80.50843099545114,estimated,,prefill-facebook-opt-350m-chunk-256-sm-24,success,,,/mnt/data/dheeraj/dicertation/inference-profile/runs/revised-rerun-20260415-171945-g1-opt350m/raw/points/prefill/prefill-facebook-opt-350m-chunk-256-sm-24.csv
facebook/opt-350m,256,gemm,q_proj,24,3,61.69600039720535,38946816,39471104,524288,524288,1024,2026-04-15T16:20:42Z,baseline_nvml_pt,nvidia-smi,ok,0.0,67.0,1695.0,7601.0,61.4,0.10121600329875946,39.142578125,39.142578125,2.0,True,,90.30595029202844,52.74322186344564,80.50843099545114,estimated,,prefill-facebook-opt-350m-chunk-256-sm-24,success,,,/mnt/data/dheeraj/dicertation/inference-profile/runs/revised-rerun-20260415-171945-g1-opt350m/raw/points/prefill/prefill-facebook-opt-350m-chunk-256-sm-24.csv
facebook/opt-350m,256,gemm,k_proj,24,3,60.38400158286095,38946816,39471104,524288,524288,1024,2026-04-15T16:20:42Z,baseline_nvml_pt,nvidia-smi,ok,0.0,67.0,1695.0,7601.0,61.4,0.10121600329875946,39.142578125,39.142578125,2.0,True,,90.30595029202844,52.74322186344564,80.50843099545114,estimated,,prefill-facebook-opt-350m-chunk-256-sm-24,success,,,/mnt/data/dheeraj/dicertation/inference-profile/runs/revised-rerun-20260415-171945-g1-opt350m/raw/points/prefill/prefill-facebook-opt-350m-chunk-256-sm-24.csv
facebook/opt-350m,256,gemm,v_proj,24,3,58.36800113320351,38946816,39471104,524288,524288,1024,2026-04-15T16:20:42Z,baseline_nvml_pt,nvidia-smi,ok,0.0,67.0,1695.0,7601.0,61.4,0.10121600329875946,39.142578125,39.142578125,2.0,True,,90.30595029202844,52.74322186344564,80.50843099545114,estimated,,prefill-facebook-opt-350m-chunk-256-sm-24,success,,,/mnt/data/dheeraj/dicertation/inference-profile/runs/revised-rerun-20260415-171945-g1-opt350m/raw/points/prefill/prefill-facebook-opt-350m-chunk-256-sm-24.csv
facebook/opt-350m,256,gemm,out_proj,24,3,60.416001826524734,38946816,39471104,524288,524288,1024,2026-04-15T16:20:42Z,baseline_nvml_pt,nvidia-smi,ok,0.0,67.0,1695.0,7601.0,61.4,0.10121600329875946,39.142578125,39.142578125,2.0,True,,90.30595029202844,52.74322186344564,80.50843099545114,estimated,,prefill-facebook-opt-350m-chunk-256-sm-24,success,,,/mnt/data/dheeraj/dicertation/inference-profile/runs/revised-rerun-20260415-171945-g1-opt350m/raw/points/prefill/prefill-facebook-opt-350m-chunk-256-sm-24.csv
facebook/opt-350m,256,gemm,fc1,24,3,81.7599967122078,38946816,41043968,2097152,2097152,1024,2026-04-15T16:20:42Z,baseline_nvml_pt,nvidia-smi,ok,0.0,67.0,1695.0,7601.0,61.4,0.10121600329875946,39.142578125,39.142578125,2.0,True,,90.30595029202844,52.74322186344564,80.50843099545114,estimated,,prefill-facebook-opt-350m-chunk-256-sm-24,success,,,/mnt/data/dheeraj/dicertation/inference-profile/runs/revised-rerun-20260415-171945-g1-opt350m/raw/points/prefill/prefill-facebook-opt-350m-chunk-256-sm-24.csv
facebook/opt-350m,256,gemm,fc2,24,3,86.01599931716919,38946816,39471104,524288,524288,1024,2026-04-15T16:20:42Z,baseline_nvml_pt,nvidia-smi,ok,0.0,67.0,1695.0,7601.0,61.4,0.10121600329875946,39.142578125,39.142578125,2.0,True,,90.30595029202844,52.74322186344564,80.50843099545114,estimated,,prefill-facebook-opt-350m-chunk-256-sm-24,success,,,/mnt/data/dheeraj/dicertation/inference-profile/runs/revised-rerun-20260415-171945-g1-opt350m/raw/points/prefill/prefill-facebook-opt-350m-chunk-256-sm-24.csv
facebook/opt-350m,256,attention,attention,24,3,53.247999399900436,38946816,39488512,541696,524288,1024,2026-04-15T16:20:42Z,baseline_nvml_pt,nvidia-smi,ok,0.0,67.0,1695.0,7601.0,61.4,0.10121600329875946,39.142578125,39.142578125,2.0,True,,90.30595029202844,52.74322186344564,80.50843099545114,estimated,,prefill-facebook-opt-350m-chunk-256-sm-24,success,,,/mnt/data/dheeraj/dicertation/inference-profile/runs/revised-rerun-20260415-171945-g1-opt350m/raw/points/prefill/prefill-facebook-opt-350m-chunk-256-sm-24.csv
facebook/opt-350m,256,gemm,q_proj,24,4,62.30400130152702,38946816,39471104,524288,524288,1024,2026-04-15T16:20:42Z,baseline_nvml_pt,nvidia-smi,ok,0.0,67.0,1695.0,7601.0,61.4,0.10121600329875946,39.142578125,39.142578125,2.0,True,,90.30595029202844,52.74322186344564,80.50843099545114,estimated,,prefill-facebook-opt-350m-chunk-256-sm-24,success,,,/mnt/data/dheeraj/dicertation/inference-profile/runs/revised-rerun-20260415-171945-g1-opt350m/raw/points/prefill/prefill-facebook-opt-350m-chunk-256-sm-24.csv
facebook/opt-350m,256,gemm,k_proj,24,4,57.440001517534256,38946816,39471104,524288,524288,1024,2026-04-15T16:20:42Z,baseline_nvml_pt,nvidia-smi,ok,0.0,67.0,1695.0,7601.0,61.4,0.10121600329875946,39.142578125,39.142578125,2.0,True,,90.30595029202844,52.74322186344564,80.50843099545114,estimated,,prefill-facebook-opt-350m-chunk-256-sm-24,success,,,/mnt/data/dheeraj/dicertation/inference-profile/runs/revised-rerun-20260415-171945-g1-opt350m/raw/points/prefill/prefill-facebook-opt-350m-chunk-256-sm-24.csv
facebook/opt-350m,256,gemm,v_proj,24,4,56.063998490571976,38946816,39471104,524288,524288,1024,2026-04-15T16:20:42Z,baseline_nvml_pt,nvidia-smi,ok,0.0,67.0,1695.0,7601.0,61.4,0.10121600329875946,39.142578125,39.142578125,2.0,True,,90.30595029202844,52.74322186344564,80.50843099545114,estimated,,prefill-facebook-opt-350m-chunk-256-sm-24,success,,,/mnt/data/dheeraj/dicertation/inference-profile/runs/revised-rerun-20260415-171945-g1-opt350m/raw/points/prefill/prefill-facebook-opt-350m-chunk-256-sm-24.csv
facebook/opt-350m,256,gemm,out_proj,24,4,68.54400038719177,38946816,39471104,524288,524288,1024,2026-04-15T16:20:42Z,baseline_nvml_pt,nvidia-smi,ok,0.0,67.0,1695.0,7601.0,61.4,0.10121600329875946,39.142578125,39.142578125,2.0,True,,90.30595029202844,52.74322186344564,80.50843099545114,estimated,,prefill-facebook-opt-350m-chunk-256-sm-24,success,,,/mnt/data/dheeraj/dicertation/inference-profile/runs/revised-rerun-20260415-171945-g1-opt350m/raw/points/prefill/prefill-facebook-opt-350m-chunk-256-sm-24.csv
facebook/opt-350m,256,gemm,fc1,24,4,81.91999793052673,38946816,41043968,2097152,2097152,1024,2026-04-15T16:20:42Z,baseline_nvml_pt,nvidia-smi,ok,0.0,67.0,1695.0,7601.0,61.4,0.10121600329875946,39.142578125,39.142578125,2.0,True,,90.30595029202844,52.74322186344564,80.50843099545114,estimated,,prefill-facebook-opt-350m-chunk-256-sm-24,success,,,/mnt/data/dheeraj/dicertation/inference-profile/runs/revised-rerun-20260415-171945-g1-opt350m/raw/points/prefill/prefill-facebook-opt-350m-chunk-256-sm-24.csv
facebook/opt-350m,256,gemm,fc2,24,4,84.99199897050858,38946816,39471104,524288,524288,1024,2026-04-15T16:20:42Z,baseline_nvml_pt,nvidia-smi,ok,0.0,67.0,1695.0,7601.0,61.4,0.10121600329875946,39.142578125,39.142578125,2.0,True,,90.30595029202844,52.74322186344564,80.50843099545114,estimated,,prefill-facebook-opt-350m-chunk-256-sm-24,success,,,/mnt/data/dheeraj/dicertation/inference-profile/runs/revised-rerun-20260415-171945-g1-opt350m/raw/points/prefill/prefill-facebook-opt-350m-chunk-256-sm-24.csv
facebook/opt-350m,256,attention,attention,24,4,53.247999399900436,38946816,39488512,541696,524288,1024,2026-04-15T16:20:42Z,baseline_nvml_pt,nvidia-smi,ok,0.0,67.0,1695.0,7601.0,61.4,0.10121600329875946,39.142578125,39.142578125,2.0,True,,90.30595029202844,52.74322186344564,80.50843099545114,estimated,,prefill-facebook-opt-350m-chunk-256-sm-24,success,,,/mnt/data/dheeraj/dicertation/inference-profile/runs/revised-rerun-20260415-171945-g1-opt350m/raw/points/prefill/prefill-facebook-opt-350m-chunk-256-sm-24.csv
facebook/opt-350m,256,gemm,q_proj,32,0,79.8719972372055,38946816,39471104,524288,524288,1024,2026-04-15T16:20:45Z,baseline_nvml_pt,nvidia-smi,ok,0.0,67.0,1695.0,7601.0,53.89,0.09011200070381165,39.142578125,39.142578125,2.0,True,,97.10317235701984,47.11045059647573,87.82737926776487,estimated,,prefill-facebook-opt-350m-chunk-256-sm-32,success,,,/mnt/data/dheeraj/dicertation/inference-profile/runs/revised-rerun-20260415-171945-g1-opt350m/raw/points/prefill/prefill-facebook-opt-350m-chunk-256-sm-32.csv
facebook/opt-350m,256,gemm,k_proj,32,0,73.66400212049484,38946816,39471104,524288,524288,1024,2026-04-15T16:20:45Z,baseline_nvml_pt,nvidia-smi,ok,0.0,67.0,1695.0,7601.0,53.89,0.09011200070381165,39.142578125,39.142578125,2.0,True,,97.10317235701984,47.11045059647573,87.82737926776487,estimated,,prefill-facebook-opt-350m-chunk-256-sm-32,success,,,/mnt/data/dheeraj/dicertation/inference-profile/runs/revised-rerun-20260415-171945-g1-opt350m/raw/points/prefill/prefill-facebook-opt-350m-chunk-256-sm-32.csv
facebook/opt-350m,256,gemm,v_proj,32,0,66.3359984755516,38946816,39471104,524288,524288,1024,2026-04-15T16:20:45Z,baseline_nvml_pt,nvidia-smi,ok,0.0,67.0,1695.0,7601.0,53.89,0.09011200070381165,39.142578125,39.142578125,2.0,True,,97.10317235701984,47.11045059647573,87.82737926776487,estimated,,prefill-facebook-opt-350m-chunk-256-sm-32,success,,,/mnt/data/dheeraj/dicertation/inference-profile/runs/revised-rerun-20260415-171945-g1-opt350m/raw/points/prefill/prefill-facebook-opt-350m-chunk-256-sm-32.csv
facebook/opt-350m,256,gemm,out_proj,32,0,74.97599720954895,38946816,39471104,524288,524288,1024,2026-04-15T16:20:45Z,baseline_nvml_pt,nvidia-smi,ok,0.0,67.0,1695.0,7601.0,53.89,0.09011200070381165,39.142578125,39.142578125,2.0,True,,97.10317235701984,47.11045059647573,87.82737926776487,estimated,,prefill-facebook-opt-350m-chunk-256-sm-32,success,,,/mnt/data/dheeraj/dicertation/inference-profile/runs/revised-rerun-20260415-171945-g1-opt350m/raw/points/prefill/prefill-facebook-opt-350m-chunk-256-sm-32.csv
facebook/opt-350m,256,gemm,fc1,32,0,88.128000497818,38946816,41043968,2097152,2097152,1024,2026-04-15T16:20:45Z,baseline_nvml_pt,nvidia-smi,ok,0.0,67.0,1695.0,7601.0,53.89,0.09011200070381165,39.142578125,39.142578125,2.0,True,,97.10317235701984,47.11045059647573,87.82737926776487,estimated,,prefill-facebook-opt-350m-chunk-256-sm-32,success,,,/mnt/data/dheeraj/dicertation/inference-profile/runs/revised-rerun-20260415-171945-g1-opt350m/raw/points/prefill/prefill-facebook-opt-350m-chunk-256-sm-32.csv
facebook/opt-350m,256,gemm,fc2,32,0,90.11200070381165,38946816,39471104,524288,524288,1024,2026-04-15T16:20:45Z,baseline_nvml_pt,nvidia-smi,ok,0.0,67.0,1695.0,7601.0,53.89,0.09011200070381165,39.142578125,39.142578125,2.0,True,,97.10317235701984,47.11045059647573,87.82737926776487,estimated,,prefill-facebook-opt-350m-chunk-256-sm-32,success,,,/mnt/data/dheeraj/dicertation/inference-profile/runs/revised-rerun-20260415-171945-g1-opt350m/raw/points/prefill/prefill-facebook-opt-350m-chunk-256-sm-32.csv
facebook/opt-350m,256,attention,attention,32,0,56.32000043988228,38946816,39488512,541696,524288,1024,2026-04-15T16:20:45Z,baseline_nvml_pt,nvidia-smi,ok,0.0,67.0,1695.0,7601.0,53.89,0.09011200070381165,39.142578125,39.142578125,2.0,True,,97.10317235701984,47.11045059647573,87.82737926776487,estimated,,prefill-facebook-opt-350m-chunk-256-sm-32,success,,,/mnt/data/dheeraj/dicertation/inference-profile/runs/revised-rerun-20260415-171945-g1-opt350m/raw/points/prefill/prefill-facebook-opt-350m-chunk-256-sm-32.csv
facebook/opt-350m,256,gemm,q_proj,32,1,65.5680000782013,38946816,39471104,524288,524288,1024,2026-04-15T16:20:45Z,baseline_nvml_pt,nvidia-smi,ok,0.0,67.0,1695.0,7601.0,53.89,0.09011200070381165,39.142578125,39.142578125,2.0,True,,97.10317235701984,47.11045059647573,87.82737926776487,estimated,,prefill-facebook-opt-350m-chunk-256-sm-32,success,,,/mnt/data/dheeraj/dicertation/inference-profile/runs/revised-rerun-20260415-171945-g1-opt350m/raw/points/prefill/prefill-facebook-opt-350m-chunk-256-sm-32.csv
facebook/opt-350m,256,gemm,k_proj,32,1,60.256000608205795,38946816,39471104,524288,524288,1024,2026-04-15T16:20:45Z,baseline_nvml_pt,nvidia-smi,ok,0.0,67.0,1695.0,7601.0,53.89,0.09011200070381165,39.142578125,39.142578125,2.0,True,,97.10317235701984,47.11045059647573,87.82737926776487,estimated,,prefill-facebook-opt-350m-chunk-256-sm-32,success,,,/mnt/data/dheeraj/dicertation/inference-profile/runs/revised-rerun-20260415-171945-g1-opt350m/raw/points/prefill/prefill-facebook-opt-350m-chunk-256-sm-32.csv
facebook/opt-350m,256,gemm,v_proj,32,1,57.34400078654289,38946816,39471104,524288,524288,1024,2026-04-15T16:20:45Z,baseline_nvml_pt,nvidia-smi,ok,0.0,67.0,1695.0,7601.0,53.89,0.09011200070381165,39.142578125,39.142578125,2.0,True,,97.10317235701984,47.11045059647573,87.82737926776487,estimated,,prefill-facebook-opt-350m-chunk-256-sm-32,success,,,/mnt/data/dheeraj/dicertation/inference-profile/runs/revised-rerun-20260415-171945-g1-opt350m/raw/points/prefill/prefill-facebook-opt-350m-chunk-256-sm-32.csv
facebook/opt-350m,256,gemm,out_proj,32,1,59.39200147986412,38946816,39471104,524288,524288,1024,2026-04-15T16:20:45Z,baseline_nvml_pt,nvidia-smi,ok,0.0,67.0,1695.0,7601.0,53.89,0.09011200070381165,39.142578125,39.142578125,2.0,True,,97.10317235701984,47.11045059647573,87.82737926776487,estimated,,prefill-facebook-opt-350m-chunk-256-sm-32,success,,,/mnt/data/dheeraj/dicertation/inference-profile/runs/revised-rerun-20260415-171945-g1-opt350m/raw/points/prefill/prefill-facebook-opt-350m-chunk-256-sm-32.csv
facebook/opt-350m,256,gemm,fc1,32,1,81.88799768686295,38946816,41043968,2097152,2097152,1024,2026-04-15T16:20:45Z,baseline_nvml_pt,nvidia-smi,ok,0.0,67.0,1695.0,7601.0,53.89,0.09011200070381165,39.142578125,39.142578125,2.0,True,,97.10317235701984,47.11045059647573,87.82737926776487,estimated,,prefill-facebook-opt-350m-chunk-256-sm-32,success,,,/mnt/data/dheeraj/dicertation/inference-profile/runs/revised-rerun-20260415-171945-g1-opt350m/raw/points/prefill/prefill-facebook-opt-350m-chunk-256-sm-32.csv
facebook/opt-350m,256,gemm,fc2,32,1,88.06400001049042,38946816,39471104,524288,524288,1024,2026-04-15T16:20:45Z,baseline_nvml_pt,nvidia-smi,ok,0.0,67.0,1695.0,7601.0,53.89,0.09011200070381165,39.142578125,39.142578125,2.0,True,,97.10317235701984,47.11045059647573,87.82737926776487,estimated,,prefill-facebook-opt-350m-chunk-256-sm-32,success,,,/mnt/data/dheeraj/dicertation/inference-profile/runs/revised-rerun-20260415-171945-g1-opt350m/raw/points/prefill/prefill-facebook-opt-350m-chunk-256-sm-32.csv
facebook/opt-350m,256,attention,attention,32,1,59.55199897289276,38946816,39488512,541696,524288,1024,2026-04-15T16:20:45Z,baseline_nvml_pt,nvidia-smi,ok,0.0,67.0,1695.0,7601.0,53.89,0.09011200070381165,39.142578125,39.142578125,2.0,True,,97.10317235701984,47.11045059647573,87.82737926776487,estimated,,prefill-facebook-opt-350m-chunk-256-sm-32,success,,,/mnt/data/dheeraj/dicertation/inference-profile/runs/revised-rerun-20260415-171945-g1-opt350m/raw/points/prefill/prefill-facebook-opt-350m-chunk-256-sm-32.csv
facebook/opt-350m,256,gemm,q_proj,32,2,71.68000191450119,38946816,39471104,524288,524288,1024,2026-04-15T16:20:45Z,baseline_nvml_pt,nvidia-smi,ok,0.0,67.0,1695.0,7601.0,53.89,0.09011200070381165,39.142578125,39.142578125,2.0,True,,97.10317235701984,47.11045059647573,87.82737926776487,estimated,,prefill-facebook-opt-350m-chunk-256-sm-32,success,,,/mnt/data/dheeraj/dicertation/inference-profile/runs/revised-rerun-20260415-171945-g1-opt350m/raw/points/prefill/prefill-facebook-opt-350m-chunk-256-sm-32.csv
facebook/opt-350m,256,gemm,k_proj,32,2,60.416001826524734,38946816,39471104,524288,524288,1024,2026-04-15T16:20:45Z,baseline_nvml_pt,nvidia-smi,ok,0.0,67.0,1695.0,7601.0,53.89,0.09011200070381165,39.142578125,39.142578125,2.0,True,,97.10317235701984,47.11045059647573,87.82737926776487,estimated,,prefill-facebook-opt-350m-chunk-256-sm-32,success,,,/mnt/data/dheeraj/dicertation/inference-profile/runs/revised-rerun-20260415-171945-g1-opt350m/raw/points/prefill/prefill-facebook-opt-350m-chunk-256-sm-32.csv
facebook/opt-350m,256,gemm,v_proj,32,2,60.416001826524734,38946816,39471104,524288,524288,1024,2026-04-15T16:20:45Z,baseline_nvml_pt,nvidia-smi,ok,0.0,67.0,1695.0,7601.0,53.89,0.09011200070381165,39.142578125,39.142578125,2.0,True,,97.10317235701984,47.11045059647573,87.82737926776487,estimated,,prefill-facebook-opt-350m-chunk-256-sm-32,success,,,/mnt/data/dheeraj/dicertation/inference-profile/runs/revised-rerun-20260415-171945-g1-opt350m/raw/points/prefill/prefill-facebook-opt-350m-chunk-256-sm-32.csv
facebook/opt-350m,256,gemm,out_proj,32,2,59.39200147986412,38946816,39471104,524288,524288,1024,2026-04-15T16:20:45Z,baseline_nvml_pt,nvidia-smi,ok,0.0,67.0,1695.0,7601.0,53.89,0.09011200070381165,39.142578125,39.142578125,2.0,True,,97.10317235701984,47.11045059647573,87.82737926776487,estimated,,prefill-facebook-opt-350m-chunk-256-sm-32,success,,,/mnt/data/dheeraj/dicertation/inference-profile/runs/revised-rerun-20260415-171945-g1-opt350m/raw/points/prefill/prefill-facebook-opt-350m-chunk-256-sm-32.csv
facebook/opt-350m,256,gemm,fc1,32,2,83.96799862384796,38946816,41043968,2097152,2097152,1024,2026-04-15T16:20:45Z,baseline_nvml_pt,nvidia-smi,ok,0.0,67.0,1695.0,7601.0,53.89,0.09011200070381165,39.142578125,39.142578125,2.0,True,,97.10317235701984,47.11045059647573,87.82737926776487,estimated,,prefill-facebook-opt-350m-chunk-256-sm-32,success,,,/mnt/data/dheeraj/dicertation/inference-profile/runs/revised-rerun-20260415-171945-g1-opt350m/raw/points/prefill/prefill-facebook-opt-350m-chunk-256-sm-32.csv
facebook/opt-350m,256,gemm,fc2,32,2,87.20000088214874,38946816,39471104,524288,524288,1024,2026-04-15T16:20:45Z,baseline_nvml_pt,nvidia-smi,ok,0.0,67.0,1695.0,7601.0,53.89,0.09011200070381165,39.142578125,39.142578125,2.0,True,,97.10317235701984,47.11045059647573,87.82737926776487,estimated,,prefill-facebook-opt-350m-chunk-256-sm-32,success,,,/mnt/data/dheeraj/dicertation/inference-profile/runs/revised-rerun-20260415-171945-g1-opt350m/raw/points/prefill/prefill-facebook-opt-350m-chunk-256-sm-32.csv
facebook/opt-350m,256,attention,attention,32,2,54.27199974656105,38946816,39488512,541696,524288,1024,2026-04-15T16:20:45Z,baseline_nvml_pt,nvidia-smi,ok,0.0,67.0,1695.0,7601.0,53.89,0.09011200070381165,39.142578125,39.142578125,2.0,True,,97.10317235701984,47.11045059647573,87.82737926776487,estimated,,prefill-facebook-opt-350m-chunk-256-sm-32,success,,,/mnt/data/dheeraj/dicertation/inference-profile/runs/revised-rerun-20260415-171945-g1-opt350m/raw/points/prefill/prefill-facebook-opt-350m-chunk-256-sm-32.csv
facebook/opt-350m,256,gemm,q_proj,32,3,62.463998794555664,38946816,39471104,524288,524288,1024,2026-04-15T16:20:45Z,baseline_nvml_pt,nvidia-smi,ok,0.0,67.0,1695.0,7601.0,53.89,0.09011200070381165,39.142578125,39.142578125,2.0,True,,97.10317235701984,47.11045059647573,87.82737926776487,estimated,,prefill-facebook-opt-350m-chunk-256-sm-32,success,,,/mnt/data/dheeraj/dicertation/inference-profile/runs/revised-rerun-20260415-171945-g1-opt350m/raw/points/prefill/prefill-facebook-opt-350m-chunk-256-sm-32.csv
facebook/opt-350m,256,gemm,k_proj,32,3,60.256000608205795,38946816,39471104,524288,524288,1024,2026-04-15T16:20:45Z,baseline_nvml_pt,nvidia-smi,ok,0.0,67.0,1695.0,7601.0,53.89,0.09011200070381165,39.142578125,39.142578125,2.0,True,,97.10317235701984,47.11045059647573,87.82737926776487,estimated,,prefill-facebook-opt-350m-chunk-256-sm-32,success,,,/mnt/data/dheeraj/dicertation/inference-profile/runs/revised-rerun-20260415-171945-g1-opt350m/raw/points/prefill/prefill-facebook-opt-350m-chunk-256-sm-32.csv
facebook/opt-350m,256,gemm,v_proj,32,3,58.36800113320351,38946816,39471104,524288,524288,1024,2026-04-15T16:20:45Z,baseline_nvml_pt,nvidia-smi,ok,0.0,67.0,1695.0,7601.0,53.89,0.09011200070381165,39.142578125,39.142578125,2.0,True,,97.10317235701984,47.11045059647573,87.82737926776487,estimated,,prefill-facebook-opt-350m-chunk-256-sm-32,success,,,/mnt/data/dheeraj/dicertation/inference-profile/runs/revised-rerun-20260415-171945-g1-opt350m/raw/points/prefill/prefill-facebook-opt-350m-chunk-256-sm-32.csv
facebook/opt-350m,256,gemm,out_proj,32,3,59.39200147986412,38946816,39471104,524288,524288,1024,2026-04-15T16:20:45Z,baseline_nvml_pt,nvidia-smi,ok,0.0,67.0,1695.0,7601.0,53.89,0.09011200070381165,39.142578125,39.142578125,2.0,True,,97.10317235701984,47.11045059647573,87.82737926776487,estimated,,prefill-facebook-opt-350m-chunk-256-sm-32,success,,,/mnt/data/dheeraj/dicertation/inference-profile/runs/revised-rerun-20260415-171945-g1-opt350m/raw/points/prefill/prefill-facebook-opt-350m-chunk-256-sm-32.csv
facebook/opt-350m,256,gemm,fc1,32,3,82.94399827718735,38946816,41043968,2097152,2097152,1024,2026-04-15T16:20:45Z,baseline_nvml_pt,nvidia-smi,ok,0.0,67.0,1695.0,7601.0,53.89,0.09011200070381165,39.142578125,39.142578125,2.0,True,,97.10317235701984,47.11045059647573,87.82737926776487,estimated,,prefill-facebook-opt-350m-chunk-256-sm-32,success,,,/mnt/data/dheeraj/dicertation/inference-profile/runs/revised-rerun-20260415-171945-g1-opt350m/raw/points/prefill/prefill-facebook-opt-350m-chunk-256-sm-32.csv
facebook/opt-350m,256,gemm,fc2,32,3,87.0399996638298,38946816,39471104,524288,524288,1024,2026-04-15T16:20:45Z,baseline_nvml_pt,nvidia-smi,ok,0.0,67.0,1695.0,7601.0,53.89,0.09011200070381165,39.142578125,39.142578125,2.0,True,,97.10317235701984,47.11045059647573,87.82737926776487,estimated,,prefill-facebook-opt-350m-chunk-256-sm-32,success,,,/mnt/data/dheeraj/dicertation/inference-profile/runs/revised-rerun-20260415-171945-g1-opt350m/raw/points/prefill/prefill-facebook-opt-350m-chunk-256-sm-32.csv
facebook/opt-350m,256,attention,attention,32,3,52.22399905323982,38946816,39488512,541696,524288,1024,2026-04-15T16:20:45Z,baseline_nvml_pt,nvidia-smi,ok,0.0,67.0,1695.0,7601.0,53.89,0.09011200070381165,39.142578125,39.142578125,2.0,True,,97.10317235701984,47.11045059647573,87.82737926776487,estimated,,prefill-facebook-opt-350m-chunk-256-sm-32,success,,,/mnt/data/dheeraj/dicertation/inference-profile/runs/revised-rerun-20260415-171945-g1-opt350m/raw/points/prefill/prefill-facebook-opt-350m-chunk-256-sm-32.csv
facebook/opt-350m,256,gemm,q_proj,32,4,62.463998794555664,38946816,39471104,524288,524288,1024,2026-04-15T16:20:45Z,baseline_nvml_pt,nvidia-smi,ok,0.0,67.0,1695.0,7601.0,53.89,0.09011200070381165,39.142578125,39.142578125,2.0,True,,97.10317235701984,47.11045059647573,87.82737926776487,estimated,,prefill-facebook-opt-350m-chunk-256-sm-32,success,,,/mnt/data/dheeraj/dicertation/inference-profile/runs/revised-rerun-20260415-171945-g1-opt350m/raw/points/prefill/prefill-facebook-opt-350m-chunk-256-sm-32.csv
facebook/opt-350m,256,gemm,k_proj,32,4,57.34400078654289,38946816,39471104,524288,524288,1024,2026-04-15T16:20:45Z,baseline_nvml_pt,nvidia-smi,ok,0.0,67.0,1695.0,7601.0,53.89,0.09011200070381165,39.142578125,39.142578125,2.0,True,,97.10317235701984,47.11045059647573,87.82737926776487,estimated,,prefill-facebook-opt-350m-chunk-256-sm-32,success,,,/mnt/data/dheeraj/dicertation/inference-profile/runs/revised-rerun-20260415-171945-g1-opt350m/raw/points/prefill/prefill-facebook-opt-350m-chunk-256-sm-32.csv
facebook/opt-350m,256,gemm,v_proj,32,4,56.32000043988228,38946816,39471104,524288,524288,1024,2026-04-15T16:20:45Z,baseline_nvml_pt,nvidia-smi,ok,0.0,67.0,1695.0,7601.0,53.89,0.09011200070381165,39.142578125,39.142578125,2.0,True,,97.10317235701984,47.11045059647573,87.82737926776487,estimated,,prefill-facebook-opt-350m-chunk-256-sm-32,success,,,/mnt/data/dheeraj/dicertation/inference-profile/runs/revised-rerun-20260415-171945-g1-opt350m/raw/points/prefill/prefill-facebook-opt-350m-chunk-256-sm-32.csv
facebook/opt-350m,256,gemm,out_proj,32,4,57.34400078654289,38946816,39471104,524288,524288,1024,2026-04-15T16:20:45Z,baseline_nvml_pt,nvidia-smi,ok,0.0,67.0,1695.0,7601.0,53.89,0.09011200070381165,39.142578125,39.142578125,2.0,True,,97.10317235701984,47.11045059647573,87.82737926776487,estimated,,prefill-facebook-opt-350m-chunk-256-sm-32,success,,,/mnt/data/dheeraj/dicertation/inference-profile/runs/revised-rerun-20260415-171945-g1-opt350m/raw/points/prefill/prefill-facebook-opt-350m-chunk-256-sm-32.csv
facebook/opt-350m,256,gemm,fc1,32,4,81.91999793052673,38946816,41043968,2097152,2097152,1024,2026-04-15T16:20:45Z,baseline_nvml_pt,nvidia-smi,ok,0.0,67.0,1695.0,7601.0,53.89,0.09011200070381165,39.142578125,39.142578125,2.0,True,,97.10317235701984,47.11045059647573,87.82737926776487,estimated,,prefill-facebook-opt-350m-chunk-256-sm-32,success,,,/mnt/data/dheeraj/dicertation/inference-profile/runs/revised-rerun-20260415-171945-g1-opt350m/raw/points/prefill/prefill-facebook-opt-350m-chunk-256-sm-32.csv
facebook/opt-350m,256,gemm,fc2,32,4,86.01599931716919,38946816,39471104,524288,524288,1024,2026-04-15T16:20:45Z,baseline_nvml_pt,nvidia-smi,ok,0.0,67.0,1695.0,7601.0,53.89,0.09011200070381165,39.142578125,39.142578125,2.0,True,,97.10317235701984,47.11045059647573,87.82737926776487,estimated,,prefill-facebook-opt-350m-chunk-256-sm-32,success,,,/mnt/data/dheeraj/dicertation/inference-profile/runs/revised-rerun-20260415-171945-g1-opt350m/raw/points/prefill/prefill-facebook-opt-350m-chunk-256-sm-32.csv
facebook/opt-350m,256,attention,attention,32,4,53.247999399900436,38946816,39488512,541696,524288,1024,2026-04-15T16:20:45Z,baseline_nvml_pt,nvidia-smi,ok,0.0,67.0,1695.0,7601.0,53.89,0.09011200070381165,39.142578125,39.142578125,2.0,True,,97.10317235701984,47.11045059647573,87.82737926776487,estimated,,prefill-facebook-opt-350m-chunk-256-sm-32,success,,,/mnt/data/dheeraj/dicertation/inference-profile/runs/revised-rerun-20260415-171945-g1-opt350m/raw/points/prefill/prefill-facebook-opt-350m-chunk-256-sm-32.csv
facebook/opt-350m,512,gemm,q_proj,8,0,84.99199897050858,43141120,44189696,1048576,1048576,1024,2026-04-15T16:20:49Z,baseline_nvml_pt,nvidia-smi,ok,0.0,67.0,1695.0,7601.0,62.71,0.11379200220108032,45.142578125,45.142578125,4.0,True,,80.28009052238662,60.560517276862605,68.2446413409884,estimated,,prefill-facebook-opt-350m-chunk-512-sm-8,success,,,/mnt/data/dheeraj/dicertation/inference-profile/runs/revised-rerun-20260415-171945-g1-opt350m/raw/points/prefill/prefill-facebook-opt-350m-chunk-512-sm-8.csv
facebook/opt-350m,512,gemm,k_proj,8,0,80.99199831485748,43141120,44189696,1048576,1048576,1024,2026-04-15T16:20:49Z,baseline_nvml_pt,nvidia-smi,ok,0.0,67.0,1695.0,7601.0,62.71,0.11379200220108032,45.142578125,45.142578125,4.0,True,,80.28009052238662,60.560517276862605,68.2446413409884,estimated,,prefill-facebook-opt-350m-chunk-512-sm-8,success,,,/mnt/data/dheeraj/dicertation/inference-profile/runs/revised-rerun-20260415-171945-g1-opt350m/raw/points/prefill/prefill-facebook-opt-350m-chunk-512-sm-8.csv
facebook/opt-350m,512,gemm,v_proj,8,0,74.5600014925003,43141120,44189696,1048576,1048576,1024,2026-04-15T16:20:49Z,baseline_nvml_pt,nvidia-smi,ok,0.0,67.0,1695.0,7601.0,62.71,0.11379200220108032,45.142578125,45.142578125,4.0,True,,80.28009052238662,60.560517276862605,68.2446413409884,estimated,,prefill-facebook-opt-350m-chunk-512-sm-8,success,,,/mnt/data/dheeraj/dicertation/inference-profile/runs/revised-rerun-20260415-171945-g1-opt350m/raw/points/prefill/prefill-facebook-opt-350m-chunk-512-sm-8.csv
facebook/opt-350m,512,gemm,out_proj,8,0,76.80000364780426,43141120,44189696,1048576,1048576,1024,2026-04-15T16:20:49Z,baseline_nvml_pt,nvidia-smi,ok,0.0,67.0,1695.0,7601.0,62.71,0.11379200220108032,45.142578125,45.142578125,4.0,True,,80.28009052238662,60.560517276862605,68.2446413409884,estimated,,prefill-facebook-opt-350m-chunk-512-sm-8,success,,,/mnt/data/dheeraj/dicertation/inference-profile/runs/revised-rerun-20260415-171945-g1-opt350m/raw/points/prefill/prefill-facebook-opt-350m-chunk-512-sm-8.csv
facebook/opt-350m,512,gemm,fc1,8,0,96.25600278377533,43141120,47335424,4194304,4194304,1024,2026-04-15T16:20:49Z,baseline_nvml_pt,nvidia-smi,ok,0.0,67.0,1695.0,7601.0,62.71,0.11379200220108032,45.142578125,45.142578125,4.0,True,,80.28009052238662,60.560517276862605,68.2446413409884,estimated,,prefill-facebook-opt-350m-chunk-512-sm-8,success,,,/mnt/data/dheeraj/dicertation/inference-profile/runs/revised-rerun-20260415-171945-g1-opt350m/raw/points/prefill/prefill-facebook-opt-350m-chunk-512-sm-8.csv
facebook/opt-350m,512,gemm,fc2,8,0,113.79200220108032,43141120,44189696,1048576,1048576,1024,2026-04-15T16:20:49Z,baseline_nvml_pt,nvidia-smi,ok,0.0,67.0,1695.0,7601.0,62.71,0.11379200220108032,45.142578125,45.142578125,4.0,True,,80.28009052238662,60.560517276862605,68.2446413409884,estimated,,prefill-facebook-opt-350m-chunk-512-sm-8,success,,,/mnt/data/dheeraj/dicertation/inference-profile/runs/revised-rerun-20260415-171945-g1-opt350m/raw/points/prefill/prefill-facebook-opt-350m-chunk-512-sm-8.csv
facebook/opt-350m,512,attention,attention,8,0,56.543998420238495,43141120,44223488,1082368,1048576,1024,2026-04-15T16:20:49Z,baseline_nvml_pt,nvidia-smi,ok,0.0,67.0,1695.0,7601.0,62.71,0.11379200220108032,45.142578125,45.142578125,4.0,True,,80.28009052238662,60.560517276862605,68.2446413409884,estimated,,prefill-facebook-opt-350m-chunk-512-sm-8,success,,,/mnt/data/dheeraj/dicertation/inference-profile/runs/revised-rerun-20260415-171945-g1-opt350m/raw/points/prefill/prefill-facebook-opt-350m-chunk-512-sm-8.csv
facebook/opt-350m,512,gemm,q_proj,8,1,73.72800260782242,43141120,44189696,1048576,1048576,1024,2026-04-15T16:20:49Z,baseline_nvml_pt,nvidia-smi,ok,0.0,67.0,1695.0,7601.0,62.71,0.11379200220108032,45.142578125,45.142578125,4.0,True,,80.28009052238662,60.560517276862605,68.2446413409884,estimated,,prefill-facebook-opt-350m-chunk-512-sm-8,success,,,/mnt/data/dheeraj/dicertation/inference-profile/runs/revised-rerun-20260415-171945-g1-opt350m/raw/points/prefill/prefill-facebook-opt-350m-chunk-512-sm-8.csv
facebook/opt-350m,512,gemm,k_proj,8,1,70.65600156784058,43141120,44189696,1048576,1048576,1024,2026-04-15T16:20:49Z,baseline_nvml_pt,nvidia-smi,ok,0.0,67.0,1695.0,7601.0,62.71,0.11379200220108032,45.142578125,45.142578125,4.0,True,,80.28009052238662,60.560517276862605,68.2446413409884,estimated,,prefill-facebook-opt-350m-chunk-512-sm-8,success,,,/mnt/data/dheeraj/dicertation/inference-profile/runs/revised-rerun-20260415-171945-g1-opt350m/raw/points/prefill/prefill-facebook-opt-350m-chunk-512-sm-8.csv
facebook/opt-350m,512,gemm,v_proj,8,1,70.65600156784058,43141120,44189696,1048576,1048576,1024,2026-04-15T16:20:49Z,baseline_nvml_pt,nvidia-smi,ok,0.0,67.0,1695.0,7601.0,62.71,0.11379200220108032,45.142578125,45.142578125,4.0,True,,80.28009052238662,60.560517276862605,68.2446413409884,estimated,,prefill-facebook-opt-350m-chunk-512-sm-8,success,,,/mnt/data/dheeraj/dicertation/inference-profile/runs/revised-rerun-20260415-171945-g1-opt350m/raw/points/prefill/prefill-facebook-opt-350m-chunk-512-sm-8.csv
facebook/opt-350m,512,gemm,out_proj,8,1,68.51200014352798,43141120,44189696,1048576,1048576,1024,2026-04-15T16:20:49Z,baseline_nvml_pt,nvidia-smi,ok,0.0,67.0,1695.0,7601.0,62.71,0.11379200220108032,45.142578125,45.142578125,4.0,True,,80.28009052238662,60.560517276862605,68.2446413409884,estimated,,prefill-facebook-opt-350m-chunk-512-sm-8,success,,,/mnt/data/dheeraj/dicertation/inference-profile/runs/revised-rerun-20260415-171945-g1-opt350m/raw/points/prefill/prefill-facebook-opt-350m-chunk-512-sm-8.csv
facebook/opt-350m,512,gemm,fc1,8,1,91.13600105047226,43141120,47335424,4194304,4194304,1024,2026-04-15T16:20:49Z,baseline_nvml_pt,nvidia-smi,ok,0.0,67.0,1695.0,7601.0,62.71,0.11379200220108032,45.142578125,45.142578125,4.0,True,,80.28009052238662,60.560517276862605,68.2446413409884,estimated,,prefill-facebook-opt-350m-chunk-512-sm-8,success,,,/mnt/data/dheeraj/dicertation/inference-profile/runs/revised-rerun-20260415-171945-g1-opt350m/raw/points/prefill/prefill-facebook-opt-350m-chunk-512-sm-8.csv
facebook/opt-350m,512,gemm,fc2,8,1,112.76800185441971,43141120,44189696,1048576,1048576,1024,2026-04-15T16:20:49Z,baseline_nvml_pt,nvidia-smi,ok,0.0,67.0,1695.0,7601.0,62.71,0.11379200220108032,45.142578125,45.142578125,4.0,True,,80.28009052238662,60.560517276862605,68.2446413409884,estimated,,prefill-facebook-opt-350m-chunk-512-sm-8,success,,,/mnt/data/dheeraj/dicertation/inference-profile/runs/revised-rerun-20260415-171945-g1-opt350m/raw/points/prefill/prefill-facebook-opt-350m-chunk-512-sm-8.csv
facebook/opt-350m,512,attention,attention,8,1,54.55999821424484,43141120,44223488,1082368,1048576,1024,2026-04-15T16:20:49Z,baseline_nvml_pt,nvidia-smi,ok,0.0,67.0,1695.0,7601.0,62.71,0.11379200220108032,45.142578125,45.142578125,4.0,True,,80.28009052238662,60.560517276862605,68.2446413409884,estimated,,prefill-facebook-opt-350m-chunk-512-sm-8,success,,,/mnt/data/dheeraj/dicertation/inference-profile/runs/revised-rerun-20260415-171945-g1-opt350m/raw/points/prefill/prefill-facebook-opt-350m-chunk-512-sm-8.csv
facebook/opt-350m,512,gemm,q_proj,8,2,77.88799703121185,43141120,44189696,1048576,1048576,1024,2026-04-15T16:20:49Z,baseline_nvml_pt,nvidia-smi,ok,0.0,67.0,1695.0,7601.0,62.71,0.11379200220108032,45.142578125,45.142578125,4.0,True,,80.28009052238662,60.560517276862605,68.2446413409884,estimated,,prefill-facebook-opt-350m-chunk-512-sm-8,success,,,/mnt/data/dheeraj/dicertation/inference-profile/runs/revised-rerun-20260415-171945-g1-opt350m/raw/points/prefill/prefill-facebook-opt-350m-chunk-512-sm-8.csv
facebook/opt-350m,512,gemm,k_proj,8,2,70.65600156784058,43141120,44189696,1048576,1048576,1024,2026-04-15T16:20:49Z,baseline_nvml_pt,nvidia-smi,ok,0.0,67.0,1695.0,7601.0,62.71,0.11379200220108032,45.142578125,45.142578125,4.0,True,,80.28009052238662,60.560517276862605,68.2446413409884,estimated,,prefill-facebook-opt-350m-chunk-512-sm-8,success,,,/mnt/data/dheeraj/dicertation/inference-profile/runs/revised-rerun-20260415-171945-g1-opt350m/raw/points/prefill/prefill-facebook-opt-350m-chunk-512-sm-8.csv
facebook/opt-350m,512,gemm,v_proj,8,2,70.65600156784058,43141120,44189696,1048576,1048576,1024,2026-04-15T16:20:49Z,baseline_nvml_pt,nvidia-smi,ok,0.0,67.0,1695.0,7601.0,62.71,0.11379200220108032,45.142578125,45.142578125,4.0,True,,80.28009052238662,60.560517276862605,68.2446413409884,estimated,,prefill-facebook-opt-350m-chunk-512-sm-8,success,,,/mnt/data/dheeraj/dicertation/inference-profile/runs/revised-rerun-20260415-171945-g1-opt350m/raw/points/prefill/prefill-facebook-opt-350m-chunk-512-sm-8.csv
facebook/opt-350m,512,gemm,out_proj,8,2,69.63200122117996,43141120,44189696,1048576,1048576,1024,2026-04-15T16:20:49Z,baseline_nvml_pt,nvidia-smi,ok,0.0,67.0,1695.0,7601.0,62.71,0.11379200220108032,45.142578125,45.142578125,4.0,True,,80.28009052238662,60.560517276862605,68.2446413409884,estimated,,prefill-facebook-opt-350m-chunk-512-sm-8,success,,,/mnt/data/dheeraj/dicertation/inference-profile/runs/revised-rerun-20260415-171945-g1-opt350m/raw/points/prefill/prefill-facebook-opt-350m-chunk-512-sm-8.csv
facebook/opt-350m,512,gemm,fc1,8,2,91.13600105047226,43141120,47335424,4194304,4194304,1024,2026-04-15T16:20:49Z,baseline_nvml_pt,nvidia-smi,ok,0.0,67.0,1695.0,7601.0,62.71,0.11379200220108032,45.142578125,45.142578125,4.0,True,,80.28009052238662,60.560517276862605,68.2446413409884,estimated,,prefill-facebook-opt-350m-chunk-512-sm-8,success,,,/mnt/data/dheeraj/dicertation/inference-profile/runs/revised-rerun-20260415-171945-g1-opt350m/raw/points/prefill/prefill-facebook-opt-350m-chunk-512-sm-8.csv
facebook/opt-350m,512,gemm,fc2,8,2,113.66400122642517,43141120,44189696,1048576,1048576,1024,2026-04-15T16:20:49Z,baseline_nvml_pt,nvidia-smi,ok,0.0,67.0,1695.0,7601.0,62.71,0.11379200220108032,45.142578125,45.142578125,4.0,True,,80.28009052238662,60.560517276862605,68.2446413409884,estimated,,prefill-facebook-opt-350m-chunk-512-sm-8,success,,,/mnt/data/dheeraj/dicertation/inference-profile/runs/revised-rerun-20260415-171945-g1-opt350m/raw/points/prefill/prefill-facebook-opt-350m-chunk-512-sm-8.csv
facebook/opt-350m,512,attention,attention,8,2,55.296000093221664,43141120,44223488,1082368,1048576,1024,2026-04-15T16:20:49Z,baseline_nvml_pt,nvidia-smi,ok,0.0,67.0,1695.0,7601.0,62.71,0.11379200220108032,45.142578125,45.142578125,4.0,True,,80.28009052238662,60.560517276862605,68.2446413409884,estimated,,prefill-facebook-opt-350m-chunk-512-sm-8,success,,,/mnt/data/dheeraj/dicertation/inference-profile/runs/revised-rerun-20260415-171945-g1-opt350m/raw/points/prefill/prefill-facebook-opt-350m-chunk-512-sm-8.csv
facebook/opt-350m,512,gemm,q_proj,8,3,70.65600156784058,43141120,44189696,1048576,1048576,1024,2026-04-15T16:20:49Z,baseline_nvml_pt,nvidia-smi,ok,0.0,67.0,1695.0,7601.0,62.71,0.11379200220108032,45.142578125,45.142578125,4.0,True,,80.28009052238662,60.560517276862605,68.2446413409884,estimated,,prefill-facebook-opt-350m-chunk-512-sm-8,success,,,/mnt/data/dheeraj/dicertation/inference-profile/runs/revised-rerun-20260415-171945-g1-opt350m/raw/points/prefill/prefill-facebook-opt-350m-chunk-512-sm-8.csv
facebook/opt-350m,512,gemm,k_proj,8,3,69.88800317049026,43141120,44189696,1048576,1048576,1024,2026-04-15T16:20:49Z,baseline_nvml_pt,nvidia-smi,ok,0.0,67.0,1695.0,7601.0,62.71,0.11379200220108032,45.142578125,45.142578125,4.0,True,,80.28009052238662,60.560517276862605,68.2446413409884,estimated,,prefill-facebook-opt-350m-chunk-512-sm-8,success,,,/mnt/data/dheeraj/dicertation/inference-profile/runs/revised-rerun-20260415-171945-g1-opt350m/raw/points/prefill/prefill-facebook-opt-350m-chunk-512-sm-8.csv
facebook/opt-350m,512,gemm,v_proj,8,3,68.67200136184692,43141120,44189696,1048576,1048576,1024,2026-04-15T16:20:49Z,baseline_nvml_pt,nvidia-smi,ok,0.0,67.0,1695.0,7601.0,62.71,0.11379200220108032,45.142578125,45.142578125,4.0,True,,80.28009052238662,60.560517276862605,68.2446413409884,estimated,,prefill-facebook-opt-350m-chunk-512-sm-8,success,,,/mnt/data/dheeraj/dicertation/inference-profile/runs/revised-rerun-20260415-171945-g1-opt350m/raw/points/prefill/prefill-facebook-opt-350m-chunk-512-sm-8.csv
facebook/opt-350m,512,gemm,out_proj,8,3,69.63200122117996,43141120,44189696,1048576,1048576,1024,2026-04-15T16:20:49Z,baseline_nvml_pt,nvidia-smi,ok,0.0,67.0,1695.0,7601.0,62.71,0.11379200220108032,45.142578125,45.142578125,4.0,True,,80.28009052238662,60.560517276862605,68.2446413409884,estimated,,prefill-facebook-opt-350m-chunk-512-sm-8,success,,,/mnt/data/dheeraj/dicertation/inference-profile/runs/revised-rerun-20260415-171945-g1-opt350m/raw/points/prefill/prefill-facebook-opt-350m-chunk-512-sm-8.csv
facebook/opt-350m,512,gemm,fc1,8,3,92.16000139713287,43141120,47335424,4194304,4194304,1024,2026-04-15T16:20:49Z,baseline_nvml_pt,nvidia-smi,ok,0.0,67.0,1695.0,7601.0,62.71,0.11379200220108032,45.142578125,45.142578125,4.0,True,,80.28009052238662,60.560517276862605,68.2446413409884,estimated,,prefill-facebook-opt-350m-chunk-512-sm-8,success,,,/mnt/data/dheeraj/dicertation/inference-profile/runs/revised-rerun-20260415-171945-g1-opt350m/raw/points/prefill/prefill-facebook-opt-350m-chunk-512-sm-8.csv
facebook/opt-350m,512,gemm,fc2,8,3,111.61600053310394,43141120,44189696,1048576,1048576,1024,2026-04-15T16:20:49Z,baseline_nvml_pt,nvidia-smi,ok,0.0,67.0,1695.0,7601.0,62.71,0.11379200220108032,45.142578125,45.142578125,4.0,True,,80.28009052238662,60.560517276862605,68.2446413409884,estimated,,prefill-facebook-opt-350m-chunk-512-sm-8,success,,,/mnt/data/dheeraj/dicertation/inference-profile/runs/revised-rerun-20260415-171945-g1-opt350m/raw/points/prefill/prefill-facebook-opt-350m-chunk-512-sm-8.csv
facebook/opt-350m,512,attention,attention,8,3,53.15199866890907,43141120,44223488,1082368,1048576,1024,2026-04-15T16:20:49Z,baseline_nvml_pt,nvidia-smi,ok,0.0,67.0,1695.0,7601.0,62.71,0.11379200220108032,45.142578125,45.142578125,4.0,True,,80.28009052238662,60.560517276862605,68.2446413409884,estimated,,prefill-facebook-opt-350m-chunk-512-sm-8,success,,,/mnt/data/dheeraj/dicertation/inference-profile/runs/revised-rerun-20260415-171945-g1-opt350m/raw/points/prefill/prefill-facebook-opt-350m-chunk-512-sm-8.csv
facebook/opt-350m,512,gemm,q_proj,8,4,78.11199873685837,43141120,44189696,1048576,1048576,1024,2026-04-15T16:20:49Z,baseline_nvml_pt,nvidia-smi,ok,0.0,67.0,1695.0,7601.0,62.71,0.11379200220108032,45.142578125,45.142578125,4.0,True,,80.28009052238662,60.560517276862605,68.2446413409884,estimated,,prefill-facebook-opt-350m-chunk-512-sm-8,success,,,/mnt/data/dheeraj/dicertation/inference-profile/runs/revised-rerun-20260415-171945-g1-opt350m/raw/points/prefill/prefill-facebook-opt-350m-chunk-512-sm-8.csv
facebook/opt-350m,512,gemm,k_proj,8,4,69.63200122117996,43141120,44189696,1048576,1048576,1024,2026-04-15T16:20:49Z,baseline_nvml_pt,nvidia-smi,ok,0.0,67.0,1695.0,7601.0,62.71,0.11379200220108032,45.142578125,45.142578125,4.0,True,,80.28009052238662,60.560517276862605,68.2446413409884,estimated,,prefill-facebook-opt-350m-chunk-512-sm-8,success,,,/mnt/data/dheeraj/dicertation/inference-profile/runs/revised-rerun-20260415-171945-g1-opt350m/raw/points/prefill/prefill-facebook-opt-350m-chunk-512-sm-8.csv
facebook/opt-350m,512,gemm,v_proj,8,4,67.45599955320358,43141120,44189696,1048576,1048576,1024,2026-04-15T16:20:49Z,baseline_nvml_pt,nvidia-smi,ok,0.0,67.0,1695.0,7601.0,62.71,0.11379200220108032,45.142578125,45.142578125,4.0,True,,80.28009052238662,60.560517276862605,68.2446413409884,estimated,,prefill-facebook-opt-350m-chunk-512-sm-8,success,,,/mnt/data/dheeraj/dicertation/inference-profile/runs/revised-rerun-20260415-171945-g1-opt350m/raw/points/prefill/prefill-facebook-opt-350m-chunk-512-sm-8.csv
facebook/opt-350m,512,gemm,out_proj,8,4,65.5359998345375,43141120,44189696,1048576,1048576,1024,2026-04-15T16:20:49Z,baseline_nvml_pt,nvidia-smi,ok,0.0,67.0,1695.0,7601.0,62.71,0.11379200220108032,45.142578125,45.142578125,4.0,True,,80.28009052238662,60.560517276862605,68.2446413409884,estimated,,prefill-facebook-opt-350m-chunk-512-sm-8,success,,,/mnt/data/dheeraj/dicertation/inference-profile/runs/revised-rerun-20260415-171945-g1-opt350m/raw/points/prefill/prefill-facebook-opt-350m-chunk-512-sm-8.csv
facebook/opt-350m,512,gemm,fc1,8,4,91.13600105047226,43141120,47335424,4194304,4194304,1024,2026-04-15T16:20:49Z,baseline_nvml_pt,nvidia-smi,ok,0.0,67.0,1695.0,7601.0,62.71,0.11379200220108032,45.142578125,45.142578125,4.0,True,,80.28009052238662,60.560517276862605,68.2446413409884,estimated,,prefill-facebook-opt-350m-chunk-512-sm-8,success,,,/mnt/data/dheeraj/dicertation/inference-profile/runs/revised-rerun-20260415-171945-g1-opt350m/raw/points/prefill/prefill-facebook-opt-350m-chunk-512-sm-8.csv
facebook/opt-350m,512,gemm,fc2,8,4,112.60800063610077,43141120,44189696,1048576,1048576,1024,2026-04-15T16:20:49Z,baseline_nvml_pt,nvidia-smi,ok,0.0,67.0,1695.0,7601.0,62.71,0.11379200220108032,45.142578125,45.142578125,4.0,True,,80.28009052238662,60.560517276862605,68.2446413409884,estimated,,prefill-facebook-opt-350m-chunk-512-sm-8,success,,,/mnt/data/dheeraj/dicertation/inference-profile/runs/revised-rerun-20260415-171945-g1-opt350m/raw/points/prefill/prefill-facebook-opt-350m-chunk-512-sm-8.csv
facebook/opt-350m,512,attention,attention,8,4,54.27199974656105,43141120,44223488,1082368,1048576,1024,2026-04-15T16:20:49Z,baseline_nvml_pt,nvidia-smi,ok,0.0,67.0,1695.0,7601.0,62.71,0.11379200220108032,45.142578125,45.142578125,4.0,True,,80.28009052238662,60.560517276862605,68.2446413409884,estimated,,prefill-facebook-opt-350m-chunk-512-sm-8,success,,,/mnt/data/dheeraj/dicertation/inference-profile/runs/revised-rerun-20260415-171945-g1-opt350m/raw/points/prefill/prefill-facebook-opt-350m-chunk-512-sm-8.csv
facebook/opt-350m,512,gemm,q_proj,16,0,145.4080045223236,43141120,44189696,1048576,1048576,1024,2026-04-15T16:20:53Z,baseline_nvml_pt,nvidia-smi,ok,0.0,67.0,1695.0,7601.0,58.6,0.1454080045223236,45.142578125,45.142578125,4.0,True,,87.39351626487657,55.231191756498696,75.82737926776488,estimated,,prefill-facebook-opt-350m-chunk-512-sm-16,success,,,/mnt/data/dheeraj/dicertation/inference-profile/runs/revised-rerun-20260415-171945-g1-opt350m/raw/points/prefill/prefill-facebook-opt-350m-chunk-512-sm-16.csv
facebook/opt-350m,512,gemm,k_proj,16,0,99.20000284910202,43141120,44189696,1048576,1048576,1024,2026-04-15T16:20:53Z,baseline_nvml_pt,nvidia-smi,ok,0.0,67.0,1695.0,7601.0,58.6,0.1454080045223236,45.142578125,45.142578125,4.0,True,,87.39351626487657,55.231191756498696,75.82737926776488,estimated,,prefill-facebook-opt-350m-chunk-512-sm-16,success,,,/mnt/data/dheeraj/dicertation/inference-profile/runs/revised-rerun-20260415-171945-g1-opt350m/raw/points/prefill/prefill-facebook-opt-350m-chunk-512-sm-16.csv
facebook/opt-350m,512,gemm,v_proj,16,0,79.71200346946716,43141120,44189696,1048576,1048576,1024,2026-04-15T16:20:53Z,baseline_nvml_pt,nvidia-smi,ok,0.0,67.0,1695.0,7601.0,58.6,0.1454080045223236,45.142578125,45.142578125,4.0,True,,87.39351626487657,55.231191756498696,75.82737926776488,estimated,,prefill-facebook-opt-350m-chunk-512-sm-16,success,,,/mnt/data/dheeraj/dicertation/inference-profile/runs/revised-rerun-20260415-171945-g1-opt350m/raw/points/prefill/prefill-facebook-opt-350m-chunk-512-sm-16.csv
facebook/opt-350m,512,gemm,out_proj,16,0,79.8719972372055,43141120,44189696,1048576,1048576,1024,2026-04-15T16:20:53Z,baseline_nvml_pt,nvidia-smi,ok,0.0,67.0,1695.0,7601.0,58.6,0.1454080045223236,45.142578125,45.142578125,4.0,True,,87.39351626487657,55.231191756498696,75.82737926776488,estimated,,prefill-facebook-opt-350m-chunk-512-sm-16,success,,,/mnt/data/dheeraj/dicertation/inference-profile/runs/revised-rerun-20260415-171945-g1-opt350m/raw/points/prefill/prefill-facebook-opt-350m-chunk-512-sm-16.csv
facebook/opt-350m,512,gemm,fc1,16,0,107.32799768447876,43141120,47335424,4194304,4194304,1024,2026-04-15T16:20:53Z,baseline_nvml_pt,nvidia-smi,ok,0.0,67.0,1695.0,7601.0,58.6,0.1454080045223236,45.142578125,45.142578125,4.0,True,,87.39351626487657,55.231191756498696,75.82737926776488,estimated,,prefill-facebook-opt-350m-chunk-512-sm-16,success,,,/mnt/data/dheeraj/dicertation/inference-profile/runs/revised-rerun-20260415-171945-g1-opt350m/raw/points/prefill/prefill-facebook-opt-350m-chunk-512-sm-16.csv
facebook/opt-350m,512,gemm,fc2,16,0,116.73600226640701,43141120,44189696,1048576,1048576,1024,2026-04-15T16:20:53Z,baseline_nvml_pt,nvidia-smi,ok,0.0,67.0,1695.0,7601.0,58.6,0.1454080045223236,45.142578125,45.142578125,4.0,True,,87.39351626487657,55.231191756498696,75.82737926776488,estimated,,prefill-facebook-opt-350m-chunk-512-sm-16,success,,,/mnt/data/dheeraj/dicertation/inference-profile/runs/revised-rerun-20260415-171945-g1-opt350m/raw/points/prefill/prefill-facebook-opt-350m-chunk-512-sm-16.csv
facebook/opt-350m,512,attention,attention,16,0,60.67200005054474,43141120,44223488,1082368,1048576,1024,2026-04-15T16:20:53Z,baseline_nvml_pt,nvidia-smi,ok,0.0,67.0,1695.0,7601.0,58.6,0.1454080045223236,45.142578125,45.142578125,4.0,True,,87.39351626487657,55.231191756498696,75.82737926776488,estimated,,prefill-facebook-opt-350m-chunk-512-sm-16,success,,,/mnt/data/dheeraj/dicertation/inference-profile/runs/revised-rerun-20260415-171945-g1-opt350m/raw/points/prefill/prefill-facebook-opt-350m-chunk-512-sm-16.csv
facebook/opt-350m,512,gemm,q_proj,16,1,77.82399654388428,43141120,44189696,1048576,1048576,1024,2026-04-15T16:20:53Z,baseline_nvml_pt,nvidia-smi,ok,0.0,67.0,1695.0,7601.0,58.6,0.1454080045223236,45.142578125,45.142578125,4.0,True,,87.39351626487657,55.231191756498696,75.82737926776488,estimated,,prefill-facebook-opt-350m-chunk-512-sm-16,success,,,/mnt/data/dheeraj/dicertation/inference-profile/runs/revised-rerun-20260415-171945-g1-opt350m/raw/points/prefill/prefill-facebook-opt-350m-chunk-512-sm-16.csv
facebook/opt-350m,512,gemm,k_proj,16,1,71.6480016708374,43141120,44189696,1048576,1048576,1024,2026-04-15T16:20:53Z,baseline_nvml_pt,nvidia-smi,ok,0.0,67.0,1695.0,7601.0,58.6,0.1454080045223236,45.142578125,45.142578125,4.0,True,,87.39351626487657,55.231191756498696,75.82737926776488,estimated,,prefill-facebook-opt-350m-chunk-512-sm-16,success,,,/mnt/data/dheeraj/dicertation/inference-profile/runs/revised-rerun-20260415-171945-g1-opt350m/raw/points/prefill/prefill-facebook-opt-350m-chunk-512-sm-16.csv
facebook/opt-350m,512,gemm,v_proj,16,1,70.39999961853027,43141120,44189696,1048576,1048576,1024,2026-04-15T16:20:53Z,baseline_nvml_pt,nvidia-smi,ok,0.0,67.0,1695.0,7601.0,58.6,0.1454080045223236,45.142578125,45.142578125,4.0,True,,87.39351626487657,55.231191756498696,75.82737926776488,estimated,,prefill-facebook-opt-350m-chunk-512-sm-16,success,,,/mnt/data/dheeraj/dicertation/inference-profile/runs/revised-rerun-20260415-171945-g1-opt350m/raw/points/prefill/prefill-facebook-opt-350m-chunk-512-sm-16.csv
facebook/opt-350m,512,gemm,out_proj,16,1,70.72000205516815,43141120,44189696,1048576,1048576,1024,2026-04-15T16:20:53Z,baseline_nvml_pt,nvidia-smi,ok,0.0,67.0,1695.0,7601.0,58.6,0.1454080045223236,45.142578125,45.142578125,4.0,True,,87.39351626487657,55.231191756498696,75.82737926776488,estimated,,prefill-facebook-opt-350m-chunk-512-sm-16,success,,,/mnt/data/dheeraj/dicertation/inference-profile/runs/revised-rerun-20260415-171945-g1-opt350m/raw/points/prefill/prefill-facebook-opt-350m-chunk-512-sm-16.csv
facebook/opt-350m,512,gemm,fc1,16,1,95.23200243711472,43141120,47335424,4194304,4194304,1024,2026-04-15T16:20:53Z,baseline_nvml_pt,nvidia-smi,ok,0.0,67.0,1695.0,7601.0,58.6,0.1454080045223236,45.142578125,45.142578125,4.0,True,,87.39351626487657,55.231191756498696,75.82737926776488,estimated,,prefill-facebook-opt-350m-chunk-512-sm-16,success,,,/mnt/data/dheeraj/dicertation/inference-profile/runs/revised-rerun-20260415-171945-g1-opt350m/raw/points/prefill/prefill-facebook-opt-350m-chunk-512-sm-16.csv
facebook/opt-350m,512,gemm,fc2,16,1,114.68800157308578,43141120,44189696,1048576,1048576,1024,2026-04-15T16:20:53Z,baseline_nvml_pt,nvidia-smi,ok,0.0,67.0,1695.0,7601.0,58.6,0.1454080045223236,45.142578125,45.142578125,4.0,True,,87.39351626487657,55.231191756498696,75.82737926776488,estimated,,prefill-facebook-opt-350m-chunk-512-sm-16,success,,,/mnt/data/dheeraj/dicertation/inference-profile/runs/revised-rerun-20260415-171945-g1-opt350m/raw/points/prefill/prefill-facebook-opt-350m-chunk-512-sm-16.csv
facebook/opt-350m,512,attention,attention,16,1,57.56799876689911,43141120,44223488,1082368,1048576,1024,2026-04-15T16:20:53Z,baseline_nvml_pt,nvidia-smi,ok,0.0,67.0,1695.0,7601.0,58.6,0.1454080045223236,45.142578125,45.142578125,4.0,True,,87.39351626487657,55.231191756498696,75.82737926776488,estimated,,prefill-facebook-opt-350m-chunk-512-sm-16,success,,,/mnt/data/dheeraj/dicertation/inference-profile/runs/revised-rerun-20260415-171945-g1-opt350m/raw/points/prefill/prefill-facebook-opt-350m-chunk-512-sm-16.csv
facebook/opt-350m,512,gemm,q_proj,16,2,82.94399827718735,43141120,44189696,1048576,1048576,1024,2026-04-15T16:20:53Z,baseline_nvml_pt,nvidia-smi,ok,0.0,67.0,1695.0,7601.0,58.6,0.1454080045223236,45.142578125,45.142578125,4.0,True,,87.39351626487657,55.231191756498696,75.82737926776488,estimated,,prefill-facebook-opt-350m-chunk-512-sm-16,success,,,/mnt/data/dheeraj/dicertation/inference-profile/runs/revised-rerun-20260415-171945-g1-opt350m/raw/points/prefill/prefill-facebook-opt-350m-chunk-512-sm-16.csv
facebook/opt-350m,512,gemm,k_proj,16,2,72.7040022611618,43141120,44189696,1048576,1048576,1024,2026-04-15T16:20:53Z,baseline_nvml_pt,nvidia-smi,ok,0.0,67.0,1695.0,7601.0,58.6,0.1454080045223236,45.142578125,45.142578125,4.0,True,,87.39351626487657,55.231191756498696,75.82737926776488,estimated,,prefill-facebook-opt-350m-chunk-512-sm-16,success,,,/mnt/data/dheeraj/dicertation/inference-profile/runs/revised-rerun-20260415-171945-g1-opt350m/raw/points/prefill/prefill-facebook-opt-350m-chunk-512-sm-16.csv
facebook/opt-350m,512,gemm,v_proj,16,2,72.83200323581696,43141120,44189696,1048576,1048576,1024,2026-04-15T16:20:53Z,baseline_nvml_pt,nvidia-smi,ok,0.0,67.0,1695.0,7601.0,58.6,0.1454080045223236,45.142578125,45.142578125,4.0,True,,87.39351626487657,55.231191756498696,75.82737926776488,estimated,,prefill-facebook-opt-350m-chunk-512-sm-16,success,,,/mnt/data/dheeraj/dicertation/inference-profile/runs/revised-rerun-20260415-171945-g1-opt350m/raw/points/prefill/prefill-facebook-opt-350m-chunk-512-sm-16.csv
facebook/opt-350m,512,gemm,out_proj,16,2,70.65600156784058,43141120,44189696,1048576,1048576,1024,2026-04-15T16:20:53Z,baseline_nvml_pt,nvidia-smi,ok,0.0,67.0,1695.0,7601.0,58.6,0.1454080045223236,45.142578125,45.142578125,4.0,True,,87.39351626487657,55.231191756498696,75.82737926776488,estimated,,prefill-facebook-opt-350m-chunk-512-sm-16,success,,,/mnt/data/dheeraj/dicertation/inference-profile/runs/revised-rerun-20260415-171945-g1-opt350m/raw/points/prefill/prefill-facebook-opt-350m-chunk-512-sm-16.csv
facebook/opt-350m,512,gemm,fc1,16,2,101.3759970664978,43141120,47335424,4194304,4194304,1024,2026-04-15T16:20:53Z,baseline_nvml_pt,nvidia-smi,ok,0.0,67.0,1695.0,7601.0,58.6,0.1454080045223236,45.142578125,45.142578125,4.0,True,,87.39351626487657,55.231191756498696,75.82737926776488,estimated,,prefill-facebook-opt-350m-chunk-512-sm-16,success,,,/mnt/data/dheeraj/dicertation/inference-profile/runs/revised-rerun-20260415-171945-g1-opt350m/raw/points/prefill/prefill-facebook-opt-350m-chunk-512-sm-16.csv
facebook/opt-350m,512,gemm,fc2,16,2,114.59200084209442,43141120,44189696,1048576,1048576,1024,2026-04-15T16:20:53Z,baseline_nvml_pt,nvidia-smi,ok,0.0,67.0,1695.0,7601.0,58.6,0.1454080045223236,45.142578125,45.142578125,4.0,True,,87.39351626487657,55.231191756498696,75.82737926776488,estimated,,prefill-facebook-opt-350m-chunk-512-sm-16,success,,,/mnt/data/dheeraj/dicertation/inference-profile/runs/revised-rerun-20260415-171945-g1-opt350m/raw/points/prefill/prefill-facebook-opt-350m-chunk-512-sm-16.csv
facebook/opt-350m,512,attention,attention,16,2,57.34400078654289,43141120,44223488,1082368,1048576,1024,2026-04-15T16:20:53Z,baseline_nvml_pt,nvidia-smi,ok,0.0,67.0,1695.0,7601.0,58.6,0.1454080045223236,45.142578125,45.142578125,4.0,True,,87.39351626487657,55.231191756498696,75.82737926776488,estimated,,prefill-facebook-opt-350m-chunk-512-sm-16,success,,,/mnt/data/dheeraj/dicertation/inference-profile/runs/revised-rerun-20260415-171945-g1-opt350m/raw/points/prefill/prefill-facebook-opt-350m-chunk-512-sm-16.csv
facebook/opt-350m,512,gemm,q_proj,16,3,73.72800260782242,43141120,44189696,1048576,1048576,1024,2026-04-15T16:20:53Z,baseline_nvml_pt,nvidia-smi,ok,0.0,67.0,1695.0,7601.0,58.6,0.1454080045223236,45.142578125,45.142578125,4.0,True,,87.39351626487657,55.231191756498696,75.82737926776488,estimated,,prefill-facebook-opt-350m-chunk-512-sm-16,success,,,/mnt/data/dheeraj/dicertation/inference-profile/runs/revised-rerun-20260415-171945-g1-opt350m/raw/points/prefill/prefill-facebook-opt-350m-chunk-512-sm-16.csv
facebook/opt-350m,512,gemm,k_proj,16,3,70.81600278615952,43141120,44189696,1048576,1048576,1024,2026-04-15T16:20:53Z,baseline_nvml_pt,nvidia-smi,ok,0.0,67.0,1695.0,7601.0,58.6,0.1454080045223236,45.142578125,45.142578125,4.0,True,,87.39351626487657,55.231191756498696,75.82737926776488,estimated,,prefill-facebook-opt-350m-chunk-512-sm-16,success,,,/mnt/data/dheeraj/dicertation/inference-profile/runs/revised-rerun-20260415-171945-g1-opt350m/raw/points/prefill/prefill-facebook-opt-350m-chunk-512-sm-16.csv
facebook/opt-350m,512,gemm,v_proj,16,3,69.76000219583511,43141120,44189696,1048576,1048576,1024,2026-04-15T16:20:53Z,baseline_nvml_pt,nvidia-smi,ok,0.0,67.0,1695.0,7601.0,58.6,0.1454080045223236,45.142578125,45.142578125,4.0,True,,87.39351626487657,55.231191756498696,75.82737926776488,estimated,,prefill-facebook-opt-350m-chunk-512-sm-16,success,,,/mnt/data/dheeraj/dicertation/inference-profile/runs/revised-rerun-20260415-171945-g1-opt350m/raw/points/prefill/prefill-facebook-opt-350m-chunk-512-sm-16.csv
facebook/opt-350m,512,gemm,out_proj,16,3,79.8719972372055,43141120,44189696,1048576,1048576,1024,2026-04-15T16:20:53Z,baseline_nvml_pt,nvidia-smi,ok,0.0,67.0,1695.0,7601.0,58.6,0.1454080045223236,45.142578125,45.142578125,4.0,True,,87.39351626487657,55.231191756498696,75.82737926776488,estimated,,prefill-facebook-opt-350m-chunk-512-sm-16,success,,,/mnt/data/dheeraj/dicertation/inference-profile/runs/revised-rerun-20260415-171945-g1-opt350m/raw/points/prefill/prefill-facebook-opt-350m-chunk-512-sm-16.csv
facebook/opt-350m,512,gemm,fc1,16,3,94.01600062847137,43141120,47335424,4194304,4194304,1024,2026-04-15T16:20:53Z,baseline_nvml_pt,nvidia-smi,ok,0.0,67.0,1695.0,7601.0,58.6,0.1454080045223236,45.142578125,45.142578125,4.0,True,,87.39351626487657,55.231191756498696,75.82737926776488,estimated,,prefill-facebook-opt-350m-chunk-512-sm-16,success,,,/mnt/data/dheeraj/dicertation/inference-profile/runs/revised-rerun-20260415-171945-g1-opt350m/raw/points/prefill/prefill-facebook-opt-350m-chunk-512-sm-16.csv
facebook/opt-350m,512,gemm,fc2,16,3,112.44799941778183,43141120,44189696,1048576,1048576,1024,2026-04-15T16:20:53Z,baseline_nvml_pt,nvidia-smi,ok,0.0,67.0,1695.0,7601.0,58.6,0.1454080045223236,45.142578125,45.142578125,4.0,True,,87.39351626487657,55.231191756498696,75.82737926776488,estimated,,prefill-facebook-opt-350m-chunk-512-sm-16,success,,,/mnt/data/dheeraj/dicertation/inference-profile/runs/revised-rerun-20260415-171945-g1-opt350m/raw/points/prefill/prefill-facebook-opt-350m-chunk-512-sm-16.csv
facebook/opt-350m,512,attention,attention,16,3,56.19199946522713,43141120,44223488,1082368,1048576,1024,2026-04-15T16:20:53Z,baseline_nvml_pt,nvidia-smi,ok,0.0,67.0,1695.0,7601.0,58.6,0.1454080045223236,45.142578125,45.142578125,4.0,True,,87.39351626487657,55.231191756498696,75.82737926776488,estimated,,prefill-facebook-opt-350m-chunk-512-sm-16,success,,,/mnt/data/dheeraj/dicertation/inference-profile/runs/revised-rerun-20260415-171945-g1-opt350m/raw/points/prefill/prefill-facebook-opt-350m-chunk-512-sm-16.csv
facebook/opt-350m,512,gemm,q_proj,16,4,72.7040022611618,43141120,44189696,1048576,1048576,1024,2026-04-15T16:20:53Z,baseline_nvml_pt,nvidia-smi,ok,0.0,67.0,1695.0,7601.0,58.6,0.1454080045223236,45.142578125,45.142578125,4.0,True,,87.39351626487657,55.231191756498696,75.82737926776488,estimated,,prefill-facebook-opt-350m-chunk-512-sm-16,success,,,/mnt/data/dheeraj/dicertation/inference-profile/runs/revised-rerun-20260415-171945-g1-opt350m/raw/points/prefill/prefill-facebook-opt-350m-chunk-512-sm-16.csv
facebook/opt-350m,512,gemm,k_proj,16,4,69.63200122117996,43141120,44189696,1048576,1048576,1024,2026-04-15T16:20:53Z,baseline_nvml_pt,nvidia-smi,ok,0.0,67.0,1695.0,7601.0,58.6,0.1454080045223236,45.142578125,45.142578125,4.0,True,,87.39351626487657,55.231191756498696,75.82737926776488,estimated,,prefill-facebook-opt-350m-chunk-512-sm-16,success,,,/mnt/data/dheeraj/dicertation/inference-profile/runs/revised-rerun-20260415-171945-g1-opt350m/raw/points/prefill/prefill-facebook-opt-350m-chunk-512-sm-16.csv
facebook/opt-350m,512,gemm,v_proj,16,4,68.60800087451935,43141120,44189696,1048576,1048576,1024,2026-04-15T16:20:53Z,baseline_nvml_pt,nvidia-smi,ok,0.0,67.0,1695.0,7601.0,58.6,0.1454080045223236,45.142578125,45.142578125,4.0,True,,87.39351626487657,55.231191756498696,75.82737926776488,estimated,,prefill-facebook-opt-350m-chunk-512-sm-16,success,,,/mnt/data/dheeraj/dicertation/inference-profile/runs/revised-rerun-20260415-171945-g1-opt350m/raw/points/prefill/prefill-facebook-opt-350m-chunk-512-sm-16.csv
facebook/opt-350m,512,gemm,out_proj,16,4,74.87999647855759,43141120,44189696,1048576,1048576,1024,2026-04-15T16:20:53Z,baseline_nvml_pt,nvidia-smi,ok,0.0,67.0,1695.0,7601.0,58.6,0.1454080045223236,45.142578125,45.142578125,4.0,True,,87.39351626487657,55.231191756498696,75.82737926776488,estimated,,prefill-facebook-opt-350m-chunk-512-sm-16,success,,,/mnt/data/dheeraj/dicertation/inference-profile/runs/revised-rerun-20260415-171945-g1-opt350m/raw/points/prefill/prefill-facebook-opt-350m-chunk-512-sm-16.csv
facebook/opt-350m,512,gemm,fc1,16,4,94.2080020904541,43141120,47335424,4194304,4194304,1024,2026-04-15T16:20:53Z,baseline_nvml_pt,nvidia-smi,ok,0.0,67.0,1695.0,7601.0,58.6,0.1454080045223236,45.142578125,45.142578125,4.0,True,,87.39351626487657,55.231191756498696,75.82737926776488,estimated,,prefill-facebook-opt-350m-chunk-512-sm-16,success,,,/mnt/data/dheeraj/dicertation/inference-profile/runs/revised-rerun-20260415-171945-g1-opt350m/raw/points/prefill/prefill-facebook-opt-350m-chunk-512-sm-16.csv
facebook/opt-350m,512,gemm,fc2,16,4,112.83200234174728,43141120,44189696,1048576,1048576,1024,2026-04-15T16:20:53Z,baseline_nvml_pt,nvidia-smi,ok,0.0,67.0,1695.0,7601.0,58.6,0.1454080045223236,45.142578125,45.142578125,4.0,True,,87.39351626487657,55.231191756498696,75.82737926776488,estimated,,prefill-facebook-opt-350m-chunk-512-sm-16,success,,,/mnt/data/dheeraj/dicertation/inference-profile/runs/revised-rerun-20260415-171945-g1-opt350m/raw/points/prefill/prefill-facebook-opt-350m-chunk-512-sm-16.csv
facebook/opt-350m,512,attention,attention,16,4,56.15999922156334,43141120,44223488,1082368,1048576,1024,2026-04-15T16:20:53Z,baseline_nvml_pt,nvidia-smi,ok,0.0,67.0,1695.0,7601.0,58.6,0.1454080045223236,45.142578125,45.142578125,4.0,True,,87.39351626487657,55.231191756498696,75.82737926776488,estimated,,prefill-facebook-opt-350m-chunk-512-sm-16,success,,,/mnt/data/dheeraj/dicertation/inference-profile/runs/revised-rerun-20260415-171945-g1-opt350m/raw/points/prefill/prefill-facebook-opt-350m-chunk-512-sm-16.csv
facebook/opt-350m,512,gemm,q_proj,24,0,101.3759970664978,43141120,44189696,1048576,1048576,1024,2026-04-15T16:20:58Z,baseline_nvml_pt,nvidia-smi,ok,0.0,67.0,1695.0,7601.0,61.74,0.24246400594711304,45.142578125,45.142578125,4.0,True,,94.50694200736652,49.90186623613478,83.41011719454137,estimated,,prefill-facebook-opt-350m-chunk-512-sm-24,success,,,/mnt/data/dheeraj/dicertation/inference-profile/runs/revised-rerun-20260415-171945-g1-opt350m/raw/points/prefill/prefill-facebook-opt-350m-chunk-512-sm-24.csv
facebook/opt-350m,512,gemm,k_proj,24,0,82.94399827718735,43141120,44189696,1048576,1048576,1024,2026-04-15T16:20:58Z,baseline_nvml_pt,nvidia-smi,ok,0.0,67.0,1695.0,7601.0,61.74,0.24246400594711304,45.142578125,45.142578125,4.0,True,,94.50694200736652,49.90186623613478,83.41011719454137,estimated,,prefill-facebook-opt-350m-chunk-512-sm-24,success,,,/mnt/data/dheeraj/dicertation/inference-profile/runs/revised-rerun-20260415-171945-g1-opt350m/raw/points/prefill/prefill-facebook-opt-350m-chunk-512-sm-24.csv
facebook/opt-350m,512,gemm,v_proj,24,0,76.80000364780426,43141120,44189696,1048576,1048576,1024,2026-04-15T16:20:58Z,baseline_nvml_pt,nvidia-smi,ok,0.0,67.0,1695.0,7601.0,61.74,0.24246400594711304,45.142578125,45.142578125,4.0,True,,94.50694200736652,49.90186623613478,83.41011719454137,estimated,,prefill-facebook-opt-350m-chunk-512-sm-24,success,,,/mnt/data/dheeraj/dicertation/inference-profile/runs/revised-rerun-20260415-171945-g1-opt350m/raw/points/prefill/prefill-facebook-opt-350m-chunk-512-sm-24.csv
facebook/opt-350m,512,gemm,out_proj,24,0,76.86399668455124,43141120,44189696,1048576,1048576,1024,2026-04-15T16:20:58Z,baseline_nvml_pt,nvidia-smi,ok,0.0,67.0,1695.0,7601.0,61.74,0.24246400594711304,45.142578125,45.142578125,4.0,True,,94.50694200736652,49.90186623613478,83.41011719454137,estimated,,prefill-facebook-opt-350m-chunk-512-sm-24,success,,,/mnt/data/dheeraj/dicertation/inference-profile/runs/revised-rerun-20260415-171945-g1-opt350m/raw/points/prefill/prefill-facebook-opt-350m-chunk-512-sm-24.csv
facebook/opt-350m,512,gemm,fc1,24,0,97.28000313043594,43141120,47335424,4194304,4194304,1024,2026-04-15T16:20:58Z,baseline_nvml_pt,nvidia-smi,ok,0.0,67.0,1695.0,7601.0,61.74,0.24246400594711304,45.142578125,45.142578125,4.0,True,,94.50694200736652,49.90186623613478,83.41011719454137,estimated,,prefill-facebook-opt-350m-chunk-512-sm-24,success,,,/mnt/data/dheeraj/dicertation/inference-profile/runs/revised-rerun-20260415-171945-g1-opt350m/raw/points/prefill/prefill-facebook-opt-350m-chunk-512-sm-24.csv
facebook/opt-350m,512,gemm,fc2,24,0,115.7120019197464,43141120,44189696,1048576,1048576,1024,2026-04-15T16:20:58Z,baseline_nvml_pt,nvidia-smi,ok,0.0,67.0,1695.0,7601.0,61.74,0.24246400594711304,45.142578125,45.142578125,4.0,True,,94.50694200736652,49.90186623613478,83.41011719454137,estimated,,prefill-facebook-opt-350m-chunk-512-sm-24,success,,,/mnt/data/dheeraj/dicertation/inference-profile/runs/revised-rerun-20260415-171945-g1-opt350m/raw/points/prefill/prefill-facebook-opt-350m-chunk-512-sm-24.csv
facebook/opt-350m,512,attention,attention,24,0,57.34400078654289,43141120,44223488,1082368,1048576,1024,2026-04-15T16:20:58Z,baseline_nvml_pt,nvidia-smi,ok,0.0,67.0,1695.0,7601.0,61.74,0.24246400594711304,45.142578125,45.142578125,4.0,True,,94.50694200736652,49.90186623613478,83.41011719454137,estimated,,prefill-facebook-opt-350m-chunk-512-sm-24,success,,,/mnt/data/dheeraj/dicertation/inference-profile/runs/revised-rerun-20260415-171945-g1-opt350m/raw/points/prefill/prefill-facebook-opt-350m-chunk-512-sm-24.csv
facebook/opt-350m,512,gemm,q_proj,24,1,74.52800124883652,43141120,44189696,1048576,1048576,1024,2026-04-15T16:20:58Z,baseline_nvml_pt,nvidia-smi,ok,0.0,67.0,1695.0,7601.0,61.74,0.24246400594711304,45.142578125,45.142578125,4.0,True,,94.50694200736652,49.90186623613478,83.41011719454137,estimated,,prefill-facebook-opt-350m-chunk-512-sm-24,success,,,/mnt/data/dheeraj/dicertation/inference-profile/runs/revised-rerun-20260415-171945-g1-opt350m/raw/points/prefill/prefill-facebook-opt-350m-chunk-512-sm-24.csv
facebook/opt-350m,512,gemm,k_proj,24,1,78.11199873685837,43141120,44189696,1048576,1048576,1024,2026-04-15T16:20:58Z,baseline_nvml_pt,nvidia-smi,ok,0.0,67.0,1695.0,7601.0,61.74,0.24246400594711304,45.142578125,45.142578125,4.0,True,,94.50694200736652,49.90186623613478,83.41011719454137,estimated,,prefill-facebook-opt-350m-chunk-512-sm-24,success,,,/mnt/data/dheeraj/dicertation/inference-profile/runs/revised-rerun-20260415-171945-g1-opt350m/raw/points/prefill/prefill-facebook-opt-350m-chunk-512-sm-24.csv
facebook/opt-350m,512,gemm,v_proj,24,1,70.65600156784058,43141120,44189696,1048576,1048576,1024,2026-04-15T16:20:58Z,baseline_nvml_pt,nvidia-smi,ok,0.0,67.0,1695.0,7601.0,61.74,0.24246400594711304,45.142578125,45.142578125,4.0,True,,94.50694200736652,49.90186623613478,83.41011719454137,estimated,,prefill-facebook-opt-350m-chunk-512-sm-24,success,,,/mnt/data/dheeraj/dicertation/inference-profile/runs/revised-rerun-20260415-171945-g1-opt350m/raw/points/prefill/prefill-facebook-opt-350m-chunk-512-sm-24.csv
facebook/opt-350m,512,gemm,out_proj,24,1,68.7360018491745,43141120,44189696,1048576,1048576,1024,2026-04-15T16:20:58Z,baseline_nvml_pt,nvidia-smi,ok,0.0,67.0,1695.0,7601.0,61.74,0.24246400594711304,45.142578125,45.142578125,4.0,True,,94.50694200736652,49.90186623613478,83.41011719454137,estimated,,prefill-facebook-opt-350m-chunk-512-sm-24,success,,,/mnt/data/dheeraj/dicertation/inference-profile/runs/revised-rerun-20260415-171945-g1-opt350m/raw/points/prefill/prefill-facebook-opt-350m-chunk-512-sm-24.csv
facebook/opt-350m,512,gemm,fc1,24,1,91.96799993515015,43141120,47335424,4194304,4194304,1024,2026-04-15T16:20:58Z,baseline_nvml_pt,nvidia-smi,ok,0.0,67.0,1695.0,7601.0,61.74,0.24246400594711304,45.142578125,45.142578125,4.0,True,,94.50694200736652,49.90186623613478,83.41011719454137,estimated,,prefill-facebook-opt-350m-chunk-512-sm-24,success,,,/mnt/data/dheeraj/dicertation/inference-profile/runs/revised-rerun-20260415-171945-g1-opt350m/raw/points/prefill/prefill-facebook-opt-350m-chunk-512-sm-24.csv
facebook/opt-350m,512,gemm,fc2,24,1,116.48000031709671,43141120,44189696,1048576,1048576,1024,2026-04-15T16:20:58Z,baseline_nvml_pt,nvidia-smi,ok,0.0,67.0,1695.0,7601.0,61.74,0.24246400594711304,45.142578125,45.142578125,4.0,True,,94.50694200736652,49.90186623613478,83.41011719454137,estimated,,prefill-facebook-opt-350m-chunk-512-sm-24,success,,,/mnt/data/dheeraj/dicertation/inference-profile/runs/revised-rerun-20260415-171945-g1-opt350m/raw/points/prefill/prefill-facebook-opt-350m-chunk-512-sm-24.csv
facebook/opt-350m,512,attention,attention,24,1,55.00800162553787,43141120,44223488,1082368,1048576,1024,2026-04-15T16:20:58Z,baseline_nvml_pt,nvidia-smi,ok,0.0,67.0,1695.0,7601.0,61.74,0.24246400594711304,45.142578125,45.142578125,4.0,True,,94.50694200736652,49.90186623613478,83.41011719454137,estimated,,prefill-facebook-opt-350m-chunk-512-sm-24,success,,,/mnt/data/dheeraj/dicertation/inference-profile/runs/revised-rerun-20260415-171945-g1-opt350m/raw/points/prefill/prefill-facebook-opt-350m-chunk-512-sm-24.csv
facebook/opt-350m,512,gemm,q_proj,24,2,87.0399996638298,43141120,44189696,1048576,1048576,1024,2026-04-15T16:20:58Z,baseline_nvml_pt,nvidia-smi,ok,0.0,67.0,1695.0,7601.0,61.74,0.24246400594711304,45.142578125,45.142578125,4.0,True,,94.50694200736652,49.90186623613478,83.41011719454137,estimated,,prefill-facebook-opt-350m-chunk-512-sm-24,success,,,/mnt/data/dheeraj/dicertation/inference-profile/runs/revised-rerun-20260415-171945-g1-opt350m/raw/points/prefill/prefill-facebook-opt-350m-chunk-512-sm-24.csv
facebook/opt-350m,512,gemm,k_proj,24,2,69.63200122117996,43141120,44189696,1048576,1048576,1024,2026-04-15T16:20:58Z,baseline_nvml_pt,nvidia-smi,ok,0.0,67.0,1695.0,7601.0,61.74,0.24246400594711304,45.142578125,45.142578125,4.0,True,,94.50694200736652,49.90186623613478,83.41011719454137,estimated,,prefill-facebook-opt-350m-chunk-512-sm-24,success,,,/mnt/data/dheeraj/dicertation/inference-profile/runs/revised-rerun-20260415-171945-g1-opt350m/raw/points/prefill/prefill-facebook-opt-350m-chunk-512-sm-24.csv
facebook/opt-350m,512,gemm,v_proj,24,2,69.76000219583511,43141120,44189696,1048576,1048576,1024,2026-04-15T16:20:58Z,baseline_nvml_pt,nvidia-smi,ok,0.0,67.0,1695.0,7601.0,61.74,0.24246400594711304,45.142578125,45.142578125,4.0,True,,94.50694200736652,49.90186623613478,83.41011719454137,estimated,,prefill-facebook-opt-350m-chunk-512-sm-24,success,,,/mnt/data/dheeraj/dicertation/inference-profile/runs/revised-rerun-20260415-171945-g1-opt350m/raw/points/prefill/prefill-facebook-opt-350m-chunk-512-sm-24.csv
facebook/opt-350m,512,gemm,out_proj,24,2,69.63200122117996,43141120,44189696,1048576,1048576,1024,2026-04-15T16:20:58Z,baseline_nvml_pt,nvidia-smi,ok,0.0,67.0,1695.0,7601.0,61.74,0.24246400594711304,45.142578125,45.142578125,4.0,True,,94.50694200736652,49.90186623613478,83.41011719454137,estimated,,prefill-facebook-opt-350m-chunk-512-sm-24,success,,,/mnt/data/dheeraj/dicertation/inference-profile/runs/revised-rerun-20260415-171945-g1-opt350m/raw/points/prefill/prefill-facebook-opt-350m-chunk-512-sm-24.csv
facebook/opt-350m,512,gemm,fc1,24,2,93.18400174379349,43141120,47335424,4194304,4194304,1024,2026-04-15T16:20:58Z,baseline_nvml_pt,nvidia-smi,ok,0.0,67.0,1695.0,7601.0,61.74,0.24246400594711304,45.142578125,45.142578125,4.0,True,,94.50694200736652,49.90186623613478,83.41011719454137,estimated,,prefill-facebook-opt-350m-chunk-512-sm-24,success,,,/mnt/data/dheeraj/dicertation/inference-profile/runs/revised-rerun-20260415-171945-g1-opt350m/raw/points/prefill/prefill-facebook-opt-350m-chunk-512-sm-24.csv
facebook/opt-350m,512,gemm,fc2,24,2,111.84000223875046,43141120,44189696,1048576,1048576,1024,2026-04-15T16:20:58Z,baseline_nvml_pt,nvidia-smi,ok,0.0,67.0,1695.0,7601.0,61.74,0.24246400594711304,45.142578125,45.142578125,4.0,True,,94.50694200736652,49.90186623613478,83.41011719454137,estimated,,prefill-facebook-opt-350m-chunk-512-sm-24,success,,,/mnt/data/dheeraj/dicertation/inference-profile/runs/revised-rerun-20260415-171945-g1-opt350m/raw/points/prefill/prefill-facebook-opt-350m-chunk-512-sm-24.csv
facebook/opt-350m,512,attention,attention,24,2,56.19199946522713,43141120,44223488,1082368,1048576,1024,2026-04-15T16:20:58Z,baseline_nvml_pt,nvidia-smi,ok,0.0,67.0,1695.0,7601.0,61.74,0.24246400594711304,45.142578125,45.142578125,4.0,True,,94.50694200736652,49.90186623613478,83.41011719454137,estimated,,prefill-facebook-opt-350m-chunk-512-sm-24,success,,,/mnt/data/dheeraj/dicertation/inference-profile/runs/revised-rerun-20260415-171945-g1-opt350m/raw/points/prefill/prefill-facebook-opt-350m-chunk-512-sm-24.csv
facebook/opt-350m,512,gemm,q_proj,24,3,78.84799689054489,43141120,44189696,1048576,1048576,1024,2026-04-15T16:20:58Z,baseline_nvml_pt,nvidia-smi,ok,0.0,67.0,1695.0,7601.0,61.74,0.24246400594711304,45.142578125,45.142578125,4.0,True,,94.50694200736652,49.90186623613478,83.41011719454137,estimated,,prefill-facebook-opt-350m-chunk-512-sm-24,success,,,/mnt/data/dheeraj/dicertation/inference-profile/runs/revised-rerun-20260415-171945-g1-opt350m/raw/points/prefill/prefill-facebook-opt-350m-chunk-512-sm-24.csv
facebook/opt-350m,512,gemm,k_proj,24,3,70.49600034952164,43141120,44189696,1048576,1048576,1024,2026-04-15T16:20:58Z,baseline_nvml_pt,nvidia-smi,ok,0.0,67.0,1695.0,7601.0,61.74,0.24246400594711304,45.142578125,45.142578125,4.0,True,,94.50694200736652,49.90186623613478,83.41011719454137,estimated,,prefill-facebook-opt-350m-chunk-512-sm-24,success,,,/mnt/data/dheeraj/dicertation/inference-profile/runs/revised-rerun-20260415-171945-g1-opt350m/raw/points/prefill/prefill-facebook-opt-350m-chunk-512-sm-24.csv
facebook/opt-350m,512,gemm,v_proj,24,3,69.63200122117996,43141120,44189696,1048576,1048576,1024,2026-04-15T16:20:58Z,baseline_nvml_pt,nvidia-smi,ok,0.0,67.0,1695.0,7601.0,61.74,0.24246400594711304,45.142578125,45.142578125,4.0,True,,94.50694200736652,49.90186623613478,83.41011719454137,estimated,,prefill-facebook-opt-350m-chunk-512-sm-24,success,,,/mnt/data/dheeraj/dicertation/inference-profile/runs/revised-rerun-20260415-171945-g1-opt350m/raw/points/prefill/prefill-facebook-opt-350m-chunk-512-sm-24.csv
facebook/opt-350m,512,gemm,out_proj,24,3,70.94399631023407,43141120,44189696,1048576,1048576,1024,2026-04-15T16:20:58Z,baseline_nvml_pt,nvidia-smi,ok,0.0,67.0,1695.0,7601.0,61.74,0.24246400594711304,45.142578125,45.142578125,4.0,True,,94.50694200736652,49.90186623613478,83.41011719454137,estimated,,prefill-facebook-opt-350m-chunk-512-sm-24,success,,,/mnt/data/dheeraj/dicertation/inference-profile/runs/revised-rerun-20260415-171945-g1-opt350m/raw/points/prefill/prefill-facebook-opt-350m-chunk-512-sm-24.csv
facebook/opt-350m,512,gemm,fc1,24,3,91.13600105047226,43141120,47335424,4194304,4194304,1024,2026-04-15T16:20:58Z,baseline_nvml_pt,nvidia-smi,ok,0.0,67.0,1695.0,7601.0,61.74,0.24246400594711304,45.142578125,45.142578125,4.0,True,,94.50694200736652,49.90186623613478,83.41011719454137,estimated,,prefill-facebook-opt-350m-chunk-512-sm-24,success,,,/mnt/data/dheeraj/dicertation/inference-profile/runs/revised-rerun-20260415-171945-g1-opt350m/raw/points/prefill/prefill-facebook-opt-350m-chunk-512-sm-24.csv
facebook/opt-350m,512,gemm,fc2,24,3,111.68000102043152,43141120,44189696,1048576,1048576,1024,2026-04-15T16:20:58Z,baseline_nvml_pt,nvidia-smi,ok,0.0,67.0,1695.0,7601.0,61.74,0.24246400594711304,45.142578125,45.142578125,4.0,True,,94.50694200736652,49.90186623613478,83.41011719454137,estimated,,prefill-facebook-opt-350m-chunk-512-sm-24,success,,,/mnt/data/dheeraj/dicertation/inference-profile/runs/revised-rerun-20260415-171945-g1-opt350m/raw/points/prefill/prefill-facebook-opt-350m-chunk-512-sm-24.csv
facebook/opt-350m,512,attention,attention,24,3,54.27199974656105,43141120,44223488,1082368,1048576,1024,2026-04-15T16:20:58Z,baseline_nvml_pt,nvidia-smi,ok,0.0,67.0,1695.0,7601.0,61.74,0.24246400594711304,45.142578125,45.142578125,4.0,True,,94.50694200736652,49.90186623613478,83.41011719454137,estimated,,prefill-facebook-opt-350m-chunk-512-sm-24,success,,,/mnt/data/dheeraj/dicertation/inference-profile/runs/revised-rerun-20260415-171945-g1-opt350m/raw/points/prefill/prefill-facebook-opt-350m-chunk-512-sm-24.csv
facebook/opt-350m,512,gemm,q_proj,24,4,242.46400594711304,43141120,44189696,1048576,1048576,1024,2026-04-15T16:20:58Z,baseline_nvml_pt,nvidia-smi,ok,0.0,67.0,1695.0,7601.0,61.74,0.24246400594711304,45.142578125,45.142578125,4.0,True,,94.50694200736652,49.90186623613478,83.41011719454137,estimated,,prefill-facebook-opt-350m-chunk-512-sm-24,success,,,/mnt/data/dheeraj/dicertation/inference-profile/runs/revised-rerun-20260415-171945-g1-opt350m/raw/points/prefill/prefill-facebook-opt-350m-chunk-512-sm-24.csv
facebook/opt-350m,512,gemm,k_proj,24,4,70.75200229883194,43141120,44189696,1048576,1048576,1024,2026-04-15T16:20:58Z,baseline_nvml_pt,nvidia-smi,ok,0.0,67.0,1695.0,7601.0,61.74,0.24246400594711304,45.142578125,45.142578125,4.0,True,,94.50694200736652,49.90186623613478,83.41011719454137,estimated,,prefill-facebook-opt-350m-chunk-512-sm-24,success,,,/mnt/data/dheeraj/dicertation/inference-profile/runs/revised-rerun-20260415-171945-g1-opt350m/raw/points/prefill/prefill-facebook-opt-350m-chunk-512-sm-24.csv
facebook/opt-350m,512,gemm,v_proj,24,4,68.86400282382965,43141120,44189696,1048576,1048576,1024,2026-04-15T16:20:58Z,baseline_nvml_pt,nvidia-smi,ok,0.0,67.0,1695.0,7601.0,61.74,0.24246400594711304,45.142578125,45.142578125,4.0,True,,94.50694200736652,49.90186623613478,83.41011719454137,estimated,,prefill-facebook-opt-350m-chunk-512-sm-24,success,,,/mnt/data/dheeraj/dicertation/inference-profile/runs/revised-rerun-20260415-171945-g1-opt350m/raw/points/prefill/prefill-facebook-opt-350m-chunk-512-sm-24.csv
facebook/opt-350m,512,gemm,out_proj,24,4,70.65600156784058,43141120,44189696,1048576,1048576,1024,2026-04-15T16:20:58Z,baseline_nvml_pt,nvidia-smi,ok,0.0,67.0,1695.0,7601.0,61.74,0.24246400594711304,45.142578125,45.142578125,4.0,True,,94.50694200736652,49.90186623613478,83.41011719454137,estimated,,prefill-facebook-opt-350m-chunk-512-sm-24,success,,,/mnt/data/dheeraj/dicertation/inference-profile/runs/revised-rerun-20260415-171945-g1-opt350m/raw/points/prefill/prefill-facebook-opt-350m-chunk-512-sm-24.csv
facebook/opt-350m,512,gemm,fc1,24,4,92.19200164079666,43141120,47335424,4194304,4194304,1024,2026-04-15T16:20:58Z,baseline_nvml_pt,nvidia-smi,ok,0.0,67.0,1695.0,7601.0,61.74,0.24246400594711304,45.142578125,45.142578125,4.0,True,,94.50694200736652,49.90186623613478,83.41011719454137,estimated,,prefill-facebook-opt-350m-chunk-512-sm-24,success,,,/mnt/data/dheeraj/dicertation/inference-profile/runs/revised-rerun-20260415-171945-g1-opt350m/raw/points/prefill/prefill-facebook-opt-350m-chunk-512-sm-24.csv
facebook/opt-350m,512,gemm,fc2,24,4,111.90400272607803,43141120,44189696,1048576,1048576,1024,2026-04-15T16:20:58Z,baseline_nvml_pt,nvidia-smi,ok,0.0,67.0,1695.0,7601.0,61.74,0.24246400594711304,45.142578125,45.142578125,4.0,True,,94.50694200736652,49.90186623613478,83.41011719454137,estimated,,prefill-facebook-opt-350m-chunk-512-sm-24,success,,,/mnt/data/dheeraj/dicertation/inference-profile/runs/revised-rerun-20260415-171945-g1-opt350m/raw/points/prefill/prefill-facebook-opt-350m-chunk-512-sm-24.csv
facebook/opt-350m,512,attention,attention,24,4,56.60799890756607,43141120,44223488,1082368,1048576,1024,2026-04-15T16:20:58Z,baseline_nvml_pt,nvidia-smi,ok,0.0,67.0,1695.0,7601.0,61.74,0.24246400594711304,45.142578125,45.142578125,4.0,True,,94.50694200736652,49.90186623613478,83.41011719454137,estimated,,prefill-facebook-opt-350m-chunk-512-sm-24,success,,,/mnt/data/dheeraj/dicertation/inference-profile/runs/revised-rerun-20260415-171945-g1-opt350m/raw/points/prefill/prefill-facebook-opt-350m-chunk-512-sm-24.csv
facebook/opt-350m,512,gemm,q_proj,32,0,84.03199911117554,43141120,44189696,1048576,1048576,1024,2026-04-15T16:21:01Z,baseline_nvml_pt,nvidia-smi,ok,0.0,67.0,1695.0,7601.0,62.98,0.1157120019197464,45.142578125,45.142578125,4.0,True,,100.0,44.57254071577088,90.99285512131785,estimated,,prefill-facebook-opt-350m-chunk-512-sm-32,success,,,/mnt/data/dheeraj/dicertation/inference-profile/runs/revised-rerun-20260415-171945-g1-opt350m/raw/points/prefill/prefill-facebook-opt-350m-chunk-512-sm-32.csv
facebook/opt-350m,512,gemm,k_proj,32,0,82.78399705886841,43141120,44189696,1048576,1048576,1024,2026-04-15T16:21:01Z,baseline_nvml_pt,nvidia-smi,ok,0.0,67.0,1695.0,7601.0,62.98,0.1157120019197464,45.142578125,45.142578125,4.0,True,,100.0,44.57254071577088,90.99285512131785,estimated,,prefill-facebook-opt-350m-chunk-512-sm-32,success,,,/mnt/data/dheeraj/dicertation/inference-profile/runs/revised-rerun-20260415-171945-g1-opt350m/raw/points/prefill/prefill-facebook-opt-350m-chunk-512-sm-32.csv
facebook/opt-350m,512,gemm,v_proj,32,0,76.80000364780426,43141120,44189696,1048576,1048576,1024,2026-04-15T16:21:01Z,baseline_nvml_pt,nvidia-smi,ok,0.0,67.0,1695.0,7601.0,62.98,0.1157120019197464,45.142578125,45.142578125,4.0,True,,100.0,44.57254071577088,90.99285512131785,estimated,,prefill-facebook-opt-350m-chunk-512-sm-32,success,,,/mnt/data/dheeraj/dicertation/inference-profile/runs/revised-rerun-20260415-171945-g1-opt350m/raw/points/prefill/prefill-facebook-opt-350m-chunk-512-sm-32.csv
facebook/opt-350m,512,gemm,out_proj,32,0,77.82399654388428,43141120,44189696,1048576,1048576,1024,2026-04-15T16:21:01Z,baseline_nvml_pt,nvidia-smi,ok,0.0,67.0,1695.0,7601.0,62.98,0.1157120019197464,45.142578125,45.142578125,4.0,True,,100.0,44.57254071577088,90.99285512131785,estimated,,prefill-facebook-opt-350m-chunk-512-sm-32,success,,,/mnt/data/dheeraj/dicertation/inference-profile/runs/revised-rerun-20260415-171945-g1-opt350m/raw/points/prefill/prefill-facebook-opt-350m-chunk-512-sm-32.csv
facebook/opt-350m,512,gemm,fc1,32,0,96.25600278377533,43141120,47335424,4194304,4194304,1024,2026-04-15T16:21:01Z,baseline_nvml_pt,nvidia-smi,ok,0.0,67.0,1695.0,7601.0,62.98,0.1157120019197464,45.142578125,45.142578125,4.0,True,,100.0,44.57254071577088,90.99285512131785,estimated,,prefill-facebook-opt-350m-chunk-512-sm-32,success,,,/mnt/data/dheeraj/dicertation/inference-profile/runs/revised-rerun-20260415-171945-g1-opt350m/raw/points/prefill/prefill-facebook-opt-350m-chunk-512-sm-32.csv
facebook/opt-350m,512,gemm,fc2,32,0,115.7120019197464,43141120,44189696,1048576,1048576,1024,2026-04-15T16:21:01Z,baseline_nvml_pt,nvidia-smi,ok,0.0,67.0,1695.0,7601.0,62.98,0.1157120019197464,45.142578125,45.142578125,4.0,True,,100.0,44.57254071577088,90.99285512131785,estimated,,prefill-facebook-opt-350m-chunk-512-sm-32,success,,,/mnt/data/dheeraj/dicertation/inference-profile/runs/revised-rerun-20260415-171945-g1-opt350m/raw/points/prefill/prefill-facebook-opt-350m-chunk-512-sm-32.csv
facebook/opt-350m,512,attention,attention,32,0,56.32000043988228,43141120,44223488,1082368,1048576,1024,2026-04-15T16:21:01Z,baseline_nvml_pt,nvidia-smi,ok,0.0,67.0,1695.0,7601.0,62.98,0.1157120019197464,45.142578125,45.142578125,4.0,True,,100.0,44.57254071577088,90.99285512131785,estimated,,prefill-facebook-opt-350m-chunk-512-sm-32,success,,,/mnt/data/dheeraj/dicertation/inference-profile/runs/revised-rerun-20260415-171945-g1-opt350m/raw/points/prefill/prefill-facebook-opt-350m-chunk-512-sm-32.csv
facebook/opt-350m,512,gemm,q_proj,32,1,80.89599758386612,43141120,44189696,1048576,1048576,1024,2026-04-15T16:21:01Z,baseline_nvml_pt,nvidia-smi,ok,0.0,67.0,1695.0,7601.0,62.98,0.1157120019197464,45.142578125,45.142578125,4.0,True,,100.0,44.57254071577088,90.99285512131785,estimated,,prefill-facebook-opt-350m-chunk-512-sm-32,success,,,/mnt/data/dheeraj/dicertation/inference-profile/runs/revised-rerun-20260415-171945-g1-opt350m/raw/points/prefill/prefill-facebook-opt-350m-chunk-512-sm-32.csv
facebook/opt-350m,512,gemm,k_proj,32,1,70.72000205516815,43141120,44189696,1048576,1048576,1024,2026-04-15T16:21:01Z,baseline_nvml_pt,nvidia-smi,ok,0.0,67.0,1695.0,7601.0,62.98,0.1157120019197464,45.142578125,45.142578125,4.0,True,,100.0,44.57254071577088,90.99285512131785,estimated,,prefill-facebook-opt-350m-chunk-512-sm-32,success,,,/mnt/data/dheeraj/dicertation/inference-profile/runs/revised-rerun-20260415-171945-g1-opt350m/raw/points/prefill/prefill-facebook-opt-350m-chunk-512-sm-32.csv
facebook/opt-350m,512,gemm,v_proj,32,1,67.71200150251389,43141120,44189696,1048576,1048576,1024,2026-04-15T16:21:01Z,baseline_nvml_pt,nvidia-smi,ok,0.0,67.0,1695.0,7601.0,62.98,0.1157120019197464,45.142578125,45.142578125,4.0,True,,100.0,44.57254071577088,90.99285512131785,estimated,,prefill-facebook-opt-350m-chunk-512-sm-32,success,,,/mnt/data/dheeraj/dicertation/inference-profile/runs/revised-rerun-20260415-171945-g1-opt350m/raw/points/prefill/prefill-facebook-opt-350m-chunk-512-sm-32.csv
facebook/opt-350m,512,gemm,out_proj,32,1,69.60000097751617,43141120,44189696,1048576,1048576,1024,2026-04-15T16:21:01Z,baseline_nvml_pt,nvidia-smi,ok,0.0,67.0,1695.0,7601.0,62.98,0.1157120019197464,45.142578125,45.142578125,4.0,True,,100.0,44.57254071577088,90.99285512131785,estimated,,prefill-facebook-opt-350m-chunk-512-sm-32,success,,,/mnt/data/dheeraj/dicertation/inference-profile/runs/revised-rerun-20260415-171945-g1-opt350m/raw/points/prefill/prefill-facebook-opt-350m-chunk-512-sm-32.csv
facebook/opt-350m,512,gemm,fc1,32,1,92.16000139713287,43141120,47335424,4194304,4194304,1024,2026-04-15T16:21:01Z,baseline_nvml_pt,nvidia-smi,ok,0.0,67.0,1695.0,7601.0,62.98,0.1157120019197464,45.142578125,45.142578125,4.0,True,,100.0,44.57254071577088,90.99285512131785,estimated,,prefill-facebook-opt-350m-chunk-512-sm-32,success,,,/mnt/data/dheeraj/dicertation/inference-profile/runs/revised-rerun-20260415-171945-g1-opt350m/raw/points/prefill/prefill-facebook-opt-350m-chunk-512-sm-32.csv
facebook/opt-350m,512,gemm,fc2,32,1,113.92000317573547,43141120,44189696,1048576,1048576,1024,2026-04-15T16:21:01Z,baseline_nvml_pt,nvidia-smi,ok,0.0,67.0,1695.0,7601.0,62.98,0.1157120019197464,45.142578125,45.142578125,4.0,True,,100.0,44.57254071577088,90.99285512131785,estimated,,prefill-facebook-opt-350m-chunk-512-sm-32,success,,,/mnt/data/dheeraj/dicertation/inference-profile/runs/revised-rerun-20260415-171945-g1-opt350m/raw/points/prefill/prefill-facebook-opt-350m-chunk-512-sm-32.csv
facebook/opt-350m,512,attention,attention,32,1,54.27199974656105,43141120,44223488,1082368,1048576,1024,2026-04-15T16:21:01Z,baseline_nvml_pt,nvidia-smi,ok,0.0,67.0,1695.0,7601.0,62.98,0.1157120019197464,45.142578125,45.142578125,4.0,True,,100.0,44.57254071577088,90.99285512131785,estimated,,prefill-facebook-opt-350m-chunk-512-sm-32,success,,,/mnt/data/dheeraj/dicertation/inference-profile/runs/revised-rerun-20260415-171945-g1-opt350m/raw/points/prefill/prefill-facebook-opt-350m-chunk-512-sm-32.csv
facebook/opt-350m,512,gemm,q_proj,32,2,78.015998005867,43141120,44189696,1048576,1048576,1024,2026-04-15T16:21:01Z,baseline_nvml_pt,nvidia-smi,ok,0.0,67.0,1695.0,7601.0,62.98,0.1157120019197464,45.142578125,45.142578125,4.0,True,,100.0,44.57254071577088,90.99285512131785,estimated,,prefill-facebook-opt-350m-chunk-512-sm-32,success,,,/mnt/data/dheeraj/dicertation/inference-profile/runs/revised-rerun-20260415-171945-g1-opt350m/raw/points/prefill/prefill-facebook-opt-350m-chunk-512-sm-32.csv
facebook/opt-350m,512,gemm,k_proj,32,2,69.60000097751617,43141120,44189696,1048576,1048576,1024,2026-04-15T16:21:01Z,baseline_nvml_pt,nvidia-smi,ok,0.0,67.0,1695.0,7601.0,62.98,0.1157120019197464,45.142578125,45.142578125,4.0,True,,100.0,44.57254071577088,90.99285512131785,estimated,,prefill-facebook-opt-350m-chunk-512-sm-32,success,,,/mnt/data/dheeraj/dicertation/inference-profile/runs/revised-rerun-20260415-171945-g1-opt350m/raw/points/prefill/prefill-facebook-opt-350m-chunk-512-sm-32.csv
facebook/opt-350m,512,gemm,v_proj,32,2,69.85600292682648,43141120,44189696,1048576,1048576,1024,2026-04-15T16:21:01Z,baseline_nvml_pt,nvidia-smi,ok,0.0,67.0,1695.0,7601.0,62.98,0.1157120019197464,45.142578125,45.142578125,4.0,True,,100.0,44.57254071577088,90.99285512131785,estimated,,prefill-facebook-opt-350m-chunk-512-sm-32,success,,,/mnt/data/dheeraj/dicertation/inference-profile/runs/revised-rerun-20260415-171945-g1-opt350m/raw/points/prefill/prefill-facebook-opt-350m-chunk-512-sm-32.csv
facebook/opt-350m,512,gemm,out_proj,32,2,70.72000205516815,43141120,44189696,1048576,1048576,1024,2026-04-15T16:21:01Z,baseline_nvml_pt,nvidia-smi,ok,0.0,67.0,1695.0,7601.0,62.98,0.1157120019197464,45.142578125,45.142578125,4.0,True,,100.0,44.57254071577088,90.99285512131785,estimated,,prefill-facebook-opt-350m-chunk-512-sm-32,success,,,/mnt/data/dheeraj/dicertation/inference-profile/runs/revised-rerun-20260415-171945-g1-opt350m/raw/points/prefill/prefill-facebook-opt-350m-chunk-512-sm-32.csv
facebook/opt-350m,512,gemm,fc1,32,2,92.16000139713287,43141120,47335424,4194304,4194304,1024,2026-04-15T16:21:01Z,baseline_nvml_pt,nvidia-smi,ok,0.0,67.0,1695.0,7601.0,62.98,0.1157120019197464,45.142578125,45.142578125,4.0,True,,100.0,44.57254071577088,90.99285512131785,estimated,,prefill-facebook-opt-350m-chunk-512-sm-32,success,,,/mnt/data/dheeraj/dicertation/inference-profile/runs/revised-rerun-20260415-171945-g1-opt350m/raw/points/prefill/prefill-facebook-opt-350m-chunk-512-sm-32.csv
facebook/opt-350m,512,gemm,fc2,32,2,111.61600053310394,43141120,44189696,1048576,1048576,1024,2026-04-15T16:21:01Z,baseline_nvml_pt,nvidia-smi,ok,0.0,67.0,1695.0,7601.0,62.98,0.1157120019197464,45.142578125,45.142578125,4.0,True,,100.0,44.57254071577088,90.99285512131785,estimated,,prefill-facebook-opt-350m-chunk-512-sm-32,success,,,/mnt/data/dheeraj/dicertation/inference-profile/runs/revised-rerun-20260415-171945-g1-opt350m/raw/points/prefill/prefill-facebook-opt-350m-chunk-512-sm-32.csv
facebook/opt-350m,512,attention,attention,32,2,55.296000093221664,43141120,44223488,1082368,1048576,1024,2026-04-15T16:21:01Z,baseline_nvml_pt,nvidia-smi,ok,0.0,67.0,1695.0,7601.0,62.98,0.1157120019197464,45.142578125,45.142578125,4.0,True,,100.0,44.57254071577088,90.99285512131785,estimated,,prefill-facebook-opt-350m-chunk-512-sm-32,success,,,/mnt/data/dheeraj/dicertation/inference-profile/runs/revised-rerun-20260415-171945-g1-opt350m/raw/points/prefill/prefill-facebook-opt-350m-chunk-512-sm-32.csv
facebook/opt-350m,512,gemm,q_proj,32,3,72.7040022611618,43141120,44189696,1048576,1048576,1024,2026-04-15T16:21:01Z,baseline_nvml_pt,nvidia-smi,ok,0.0,67.0,1695.0,7601.0,62.98,0.1157120019197464,45.142578125,45.142578125,4.0,True,,100.0,44.57254071577088,90.99285512131785,estimated,,prefill-facebook-opt-350m-chunk-512-sm-32,success,,,/mnt/data/dheeraj/dicertation/inference-profile/runs/revised-rerun-20260415-171945-g1-opt350m/raw/points/prefill/prefill-facebook-opt-350m-chunk-512-sm-32.csv
facebook/opt-350m,512,gemm,k_proj,32,3,70.65600156784058,43141120,44189696,1048576,1048576,1024,2026-04-15T16:21:01Z,baseline_nvml_pt,nvidia-smi,ok,0.0,67.0,1695.0,7601.0,62.98,0.1157120019197464,45.142578125,45.142578125,4.0,True,,100.0,44.57254071577088,90.99285512131785,estimated,,prefill-facebook-opt-350m-chunk-512-sm-32,success,,,/mnt/data/dheeraj/dicertation/inference-profile/runs/revised-rerun-20260415-171945-g1-opt350m/raw/points/prefill/prefill-facebook-opt-350m-chunk-512-sm-32.csv
facebook/opt-350m,512,gemm,v_proj,32,3,70.72000205516815,43141120,44189696,1048576,1048576,1024,2026-04-15T16:21:01Z,baseline_nvml_pt,nvidia-smi,ok,0.0,67.0,1695.0,7601.0,62.98,0.1157120019197464,45.142578125,45.142578125,4.0,True,,100.0,44.57254071577088,90.99285512131785,estimated,,prefill-facebook-opt-350m-chunk-512-sm-32,success,,,/mnt/data/dheeraj/dicertation/inference-profile/runs/revised-rerun-20260415-171945-g1-opt350m/raw/points/prefill/prefill-facebook-opt-350m-chunk-512-sm-32.csv
facebook/opt-350m,512,gemm,out_proj,32,3,70.75200229883194,43141120,44189696,1048576,1048576,1024,2026-04-15T16:21:01Z,baseline_nvml_pt,nvidia-smi,ok,0.0,67.0,1695.0,7601.0,62.98,0.1157120019197464,45.142578125,45.142578125,4.0,True,,100.0,44.57254071577088,90.99285512131785,estimated,,prefill-facebook-opt-350m-chunk-512-sm-32,success,,,/mnt/data/dheeraj/dicertation/inference-profile/runs/revised-rerun-20260415-171945-g1-opt350m/raw/points/prefill/prefill-facebook-opt-350m-chunk-512-sm-32.csv
facebook/opt-350m,512,gemm,fc1,32,3,92.16000139713287,43141120,47335424,4194304,4194304,1024,2026-04-15T16:21:01Z,baseline_nvml_pt,nvidia-smi,ok,0.0,67.0,1695.0,7601.0,62.98,0.1157120019197464,45.142578125,45.142578125,4.0,True,,100.0,44.57254071577088,90.99285512131785,estimated,,prefill-facebook-opt-350m-chunk-512-sm-32,success,,,/mnt/data/dheeraj/dicertation/inference-profile/runs/revised-rerun-20260415-171945-g1-opt350m/raw/points/prefill/prefill-facebook-opt-350m-chunk-512-sm-32.csv
facebook/opt-350m,512,gemm,fc2,32,3,112.64000087976456,43141120,44189696,1048576,1048576,1024,2026-04-15T16:21:01Z,baseline_nvml_pt,nvidia-smi,ok,0.0,67.0,1695.0,7601.0,62.98,0.1157120019197464,45.142578125,45.142578125,4.0,True,,100.0,44.57254071577088,90.99285512131785,estimated,,prefill-facebook-opt-350m-chunk-512-sm-32,success,,,/mnt/data/dheeraj/dicertation/inference-profile/runs/revised-rerun-20260415-171945-g1-opt350m/raw/points/prefill/prefill-facebook-opt-350m-chunk-512-sm-32.csv
facebook/opt-350m,512,attention,attention,32,3,55.296000093221664,43141120,44223488,1082368,1048576,1024,2026-04-15T16:21:01Z,baseline_nvml_pt,nvidia-smi,ok,0.0,67.0,1695.0,7601.0,62.98,0.1157120019197464,45.142578125,45.142578125,4.0,True,,100.0,44.57254071577088,90.99285512131785,estimated,,prefill-facebook-opt-350m-chunk-512-sm-32,success,,,/mnt/data/dheeraj/dicertation/inference-profile/runs/revised-rerun-20260415-171945-g1-opt350m/raw/points/prefill/prefill-facebook-opt-350m-chunk-512-sm-32.csv
facebook/opt-350m,512,gemm,q_proj,32,4,71.87200337648392,43141120,44189696,1048576,1048576,1024,2026-04-15T16:21:01Z,baseline_nvml_pt,nvidia-smi,ok,0.0,67.0,1695.0,7601.0,62.98,0.1157120019197464,45.142578125,45.142578125,4.0,True,,100.0,44.57254071577088,90.99285512131785,estimated,,prefill-facebook-opt-350m-chunk-512-sm-32,success,,,/mnt/data/dheeraj/dicertation/inference-profile/runs/revised-rerun-20260415-171945-g1-opt350m/raw/points/prefill/prefill-facebook-opt-350m-chunk-512-sm-32.csv
facebook/opt-350m,512,gemm,k_proj,32,4,69.66400146484375,43141120,44189696,1048576,1048576,1024,2026-04-15T16:21:01Z,baseline_nvml_pt,nvidia-smi,ok,0.0,67.0,1695.0,7601.0,62.98,0.1157120019197464,45.142578125,45.142578125,4.0,True,,100.0,44.57254071577088,90.99285512131785,estimated,,prefill-facebook-opt-350m-chunk-512-sm-32,success,,,/mnt/data/dheeraj/dicertation/inference-profile/runs/revised-rerun-20260415-171945-g1-opt350m/raw/points/prefill/prefill-facebook-opt-350m-chunk-512-sm-32.csv
facebook/opt-350m,512,gemm,v_proj,32,4,69.63200122117996,43141120,44189696,1048576,1048576,1024,2026-04-15T16:21:01Z,baseline_nvml_pt,nvidia-smi,ok,0.0,67.0,1695.0,7601.0,62.98,0.1157120019197464,45.142578125,45.142578125,4.0,True,,100.0,44.57254071577088,90.99285512131785,estimated,,prefill-facebook-opt-350m-chunk-512-sm-32,success,,,/mnt/data/dheeraj/dicertation/inference-profile/runs/revised-rerun-20260415-171945-g1-opt350m/raw/points/prefill/prefill-facebook-opt-350m-chunk-512-sm-32.csv
facebook/opt-350m,512,gemm,out_proj,32,4,67.58400052785873,43141120,44189696,1048576,1048576,1024,2026-04-15T16:21:01Z,baseline_nvml_pt,nvidia-smi,ok,0.0,67.0,1695.0,7601.0,62.98,0.1157120019197464,45.142578125,45.142578125,4.0,True,,100.0,44.57254071577088,90.99285512131785,estimated,,prefill-facebook-opt-350m-chunk-512-sm-32,success,,,/mnt/data/dheeraj/dicertation/inference-profile/runs/revised-rerun-20260415-171945-g1-opt350m/raw/points/prefill/prefill-facebook-opt-350m-chunk-512-sm-32.csv
facebook/opt-350m,512,gemm,fc1,32,4,91.13600105047226,43141120,47335424,4194304,4194304,1024,2026-04-15T16:21:01Z,baseline_nvml_pt,nvidia-smi,ok,0.0,67.0,1695.0,7601.0,62.98,0.1157120019197464,45.142578125,45.142578125,4.0,True,,100.0,44.57254071577088,90.99285512131785,estimated,,prefill-facebook-opt-350m-chunk-512-sm-32,success,,,/mnt/data/dheeraj/dicertation/inference-profile/runs/revised-rerun-20260415-171945-g1-opt350m/raw/points/prefill/prefill-facebook-opt-350m-chunk-512-sm-32.csv
facebook/opt-350m,512,gemm,fc2,32,4,113.66400122642517,43141120,44189696,1048576,1048576,1024,2026-04-15T16:21:01Z,baseline_nvml_pt,nvidia-smi,ok,0.0,67.0,1695.0,7601.0,62.98,0.1157120019197464,45.142578125,45.142578125,4.0,True,,100.0,44.57254071577088,90.99285512131785,estimated,,prefill-facebook-opt-350m-chunk-512-sm-32,success,,,/mnt/data/dheeraj/dicertation/inference-profile/runs/revised-rerun-20260415-171945-g1-opt350m/raw/points/prefill/prefill-facebook-opt-350m-chunk-512-sm-32.csv
facebook/opt-350m,512,attention,attention,32,4,56.32000043988228,43141120,44223488,1082368,1048576,1024,2026-04-15T16:21:01Z,baseline_nvml_pt,nvidia-smi,ok,0.0,67.0,1695.0,7601.0,62.98,0.1157120019197464,45.142578125,45.142578125,4.0,True,,100.0,44.57254071577088,90.99285512131785,estimated,,prefill-facebook-opt-350m-chunk-512-sm-32,success,,,/mnt/data/dheeraj/dicertation/inference-profile/runs/revised-rerun-20260415-171945-g1-opt350m/raw/points/prefill/prefill-facebook-opt-350m-chunk-512-sm-32.csv
facebook/opt-350m,1024,gemm,q_proj,8,0,86.7839977145195,51529728,53626880,2097152,2097152,1024,2026-04-15T16:21:05Z,baseline_nvml_pt,nvidia-smi,ok,4.0,67.0,1695.0,8001.0,63.95,0.1658879965543747,57.142578125,57.142578125,8.0,True,,83.84867488272758,57.112270156339704,70.61874823115313,estimated,,prefill-facebook-opt-350m-chunk-1024-sm-8,success,,,/mnt/data/dheeraj/dicertation/inference-profile/runs/revised-rerun-20260415-171945-g1-opt350m/raw/points/prefill/prefill-facebook-opt-350m-chunk-1024-sm-8.csv
facebook/opt-350m,1024,gemm,k_proj,8,0,81.91999793052673,51529728,53626880,2097152,2097152,1024,2026-04-15T16:21:05Z,baseline_nvml_pt,nvidia-smi,ok,4.0,67.0,1695.0,8001.0,63.95,0.1658879965543747,57.142578125,57.142578125,8.0,True,,83.84867488272758,57.112270156339704,70.61874823115313,estimated,,prefill-facebook-opt-350m-chunk-1024-sm-8,success,,,/mnt/data/dheeraj/dicertation/inference-profile/runs/revised-rerun-20260415-171945-g1-opt350m/raw/points/prefill/prefill-facebook-opt-350m-chunk-1024-sm-8.csv
facebook/opt-350m,1024,gemm,v_proj,8,0,75.77600330114365,51529728,53626880,2097152,2097152,1024,2026-04-15T16:21:05Z,baseline_nvml_pt,nvidia-smi,ok,4.0,67.0,1695.0,8001.0,63.95,0.1658879965543747,57.142578125,57.142578125,8.0,True,,83.84867488272758,57.112270156339704,70.61874823115313,estimated,,prefill-facebook-opt-350m-chunk-1024-sm-8,success,,,/mnt/data/dheeraj/dicertation/inference-profile/runs/revised-rerun-20260415-171945-g1-opt350m/raw/points/prefill/prefill-facebook-opt-350m-chunk-1024-sm-8.csv
facebook/opt-350m,1024,gemm,out_proj,8,0,73.72800260782242,51529728,53626880,2097152,2097152,1024,2026-04-15T16:21:05Z,baseline_nvml_pt,nvidia-smi,ok,4.0,67.0,1695.0,8001.0,63.95,0.1658879965543747,57.142578125,57.142578125,8.0,True,,83.84867488272758,57.112270156339704,70.61874823115313,estimated,,prefill-facebook-opt-350m-chunk-1024-sm-8,success,,,/mnt/data/dheeraj/dicertation/inference-profile/runs/revised-rerun-20260415-171945-g1-opt350m/raw/points/prefill/prefill-facebook-opt-350m-chunk-1024-sm-8.csv
facebook/opt-350m,1024,gemm,fc1,8,0,165.8879965543747,51529728,59918336,8388608,8388608,1024,2026-04-15T16:21:05Z,baseline_nvml_pt,nvidia-smi,ok,4.0,67.0,1695.0,8001.0,63.95,0.1658879965543747,57.142578125,57.142578125,8.0,True,,83.84867488272758,57.112270156339704,70.61874823115313,estimated,,prefill-facebook-opt-350m-chunk-1024-sm-8,success,,,/mnt/data/dheeraj/dicertation/inference-profile/runs/revised-rerun-20260415-171945-g1-opt350m/raw/points/prefill/prefill-facebook-opt-350m-chunk-1024-sm-8.csv
facebook/opt-350m,1024,gemm,fc2,8,0,143.36000382900238,51529728,53626880,2097152,2097152,1024,2026-04-15T16:21:05Z,baseline_nvml_pt,nvidia-smi,ok,4.0,67.0,1695.0,8001.0,63.95,0.1658879965543747,57.142578125,57.142578125,8.0,True,,83.84867488272758,57.112270156339704,70.61874823115313,estimated,,prefill-facebook-opt-350m-chunk-1024-sm-8,success,,,/mnt/data/dheeraj/dicertation/inference-profile/runs/revised-rerun-20260415-171945-g1-opt350m/raw/points/prefill/prefill-facebook-opt-350m-chunk-1024-sm-8.csv
facebook/opt-350m,1024,attention,attention,8,0,94.2080020904541,51529728,53693440,2163712,2097152,1024,2026-04-15T16:21:05Z,baseline_nvml_pt,nvidia-smi,ok,4.0,67.0,1695.0,8001.0,63.95,0.1658879965543747,57.142578125,57.142578125,8.0,True,,83.84867488272758,57.112270156339704,70.61874823115313,estimated,,prefill-facebook-opt-350m-chunk-1024-sm-8,success,,,/mnt/data/dheeraj/dicertation/inference-profile/runs/revised-rerun-20260415-171945-g1-opt350m/raw/points/prefill/prefill-facebook-opt-350m-chunk-1024-sm-8.csv
facebook/opt-350m,1024,gemm,q_proj,8,1,77.82399654388428,51529728,53626880,2097152,2097152,1024,2026-04-15T16:21:05Z,baseline_nvml_pt,nvidia-smi,ok,4.0,67.0,1695.0,8001.0,63.95,0.1658879965543747,57.142578125,57.142578125,8.0,True,,83.84867488272758,57.112270156339704,70.61874823115313,estimated,,prefill-facebook-opt-350m-chunk-1024-sm-8,success,,,/mnt/data/dheeraj/dicertation/inference-profile/runs/revised-rerun-20260415-171945-g1-opt350m/raw/points/prefill/prefill-facebook-opt-350m-chunk-1024-sm-8.csv
facebook/opt-350m,1024,gemm,k_proj,8,1,73.5040009021759,51529728,53626880,2097152,2097152,1024,2026-04-15T16:21:05Z,baseline_nvml_pt,nvidia-smi,ok,4.0,67.0,1695.0,8001.0,63.95,0.1658879965543747,57.142578125,57.142578125,8.0,True,,83.84867488272758,57.112270156339704,70.61874823115313,estimated,,prefill-facebook-opt-350m-chunk-1024-sm-8,success,,,/mnt/data/dheeraj/dicertation/inference-profile/runs/revised-rerun-20260415-171945-g1-opt350m/raw/points/prefill/prefill-facebook-opt-350m-chunk-1024-sm-8.csv
facebook/opt-350m,1024,gemm,v_proj,8,1,71.68000191450119,51529728,53626880,2097152,2097152,1024,2026-04-15T16:21:05Z,baseline_nvml_pt,nvidia-smi,ok,4.0,67.0,1695.0,8001.0,63.95,0.1658879965543747,57.142578125,57.142578125,8.0,True,,83.84867488272758,57.112270156339704,70.61874823115313,estimated,,prefill-facebook-opt-350m-chunk-1024-sm-8,success,,,/mnt/data/dheeraj/dicertation/inference-profile/runs/revised-rerun-20260415-171945-g1-opt350m/raw/points/prefill/prefill-facebook-opt-350m-chunk-1024-sm-8.csv
facebook/opt-350m,1024,gemm,out_proj,8,1,72.4480003118515,51529728,53626880,2097152,2097152,1024,2026-04-15T16:21:05Z,baseline_nvml_pt,nvidia-smi,ok,4.0,67.0,1695.0,8001.0,63.95,0.1658879965543747,57.142578125,57.142578125,8.0,True,,83.84867488272758,57.112270156339704,70.61874823115313,estimated,,prefill-facebook-opt-350m-chunk-1024-sm-8,success,,,/mnt/data/dheeraj/dicertation/inference-profile/runs/revised-rerun-20260415-171945-g1-opt350m/raw/points/prefill/prefill-facebook-opt-350m-chunk-1024-sm-8.csv
facebook/opt-350m,1024,gemm,fc1,8,1,160.76800227165222,51529728,59918336,8388608,8388608,1024,2026-04-15T16:21:05Z,baseline_nvml_pt,nvidia-smi,ok,4.0,67.0,1695.0,8001.0,63.95,0.1658879965543747,57.142578125,57.142578125,8.0,True,,83.84867488272758,57.112270156339704,70.61874823115313,estimated,,prefill-facebook-opt-350m-chunk-1024-sm-8,success,,,/mnt/data/dheeraj/dicertation/inference-profile/runs/revised-rerun-20260415-171945-g1-opt350m/raw/points/prefill/prefill-facebook-opt-350m-chunk-1024-sm-8.csv
facebook/opt-350m,1024,gemm,fc2,8,1,140.28799533843994,51529728,53626880,2097152,2097152,1024,2026-04-15T16:21:05Z,baseline_nvml_pt,nvidia-smi,ok,4.0,67.0,1695.0,8001.0,63.95,0.1658879965543747,57.142578125,57.142578125,8.0,True,,83.84867488272758,57.112270156339704,70.61874823115313,estimated,,prefill-facebook-opt-350m-chunk-1024-sm-8,success,,,/mnt/data/dheeraj/dicertation/inference-profile/runs/revised-rerun-20260415-171945-g1-opt350m/raw/points/prefill/prefill-facebook-opt-350m-chunk-1024-sm-8.csv
facebook/opt-350m,1024,attention,attention,8,1,93.18400174379349,51529728,53693440,2163712,2097152,1024,2026-04-15T16:21:05Z,baseline_nvml_pt,nvidia-smi,ok,4.0,67.0,1695.0,8001.0,63.95,0.1658879965543747,57.142578125,57.142578125,8.0,True,,83.84867488272758,57.112270156339704,70.61874823115313,estimated,,prefill-facebook-opt-350m-chunk-1024-sm-8,success,,,/mnt/data/dheeraj/dicertation/inference-profile/runs/revised-rerun-20260415-171945-g1-opt350m/raw/points/prefill/prefill-facebook-opt-350m-chunk-1024-sm-8.csv
facebook/opt-350m,1024,gemm,q_proj,8,2,79.8719972372055,51529728,53626880,2097152,2097152,1024,2026-04-15T16:21:05Z,baseline_nvml_pt,nvidia-smi,ok,4.0,67.0,1695.0,8001.0,63.95,0.1658879965543747,57.142578125,57.142578125,8.0,True,,83.84867488272758,57.112270156339704,70.61874823115313,estimated,,prefill-facebook-opt-350m-chunk-1024-sm-8,success,,,/mnt/data/dheeraj/dicertation/inference-profile/runs/revised-rerun-20260415-171945-g1-opt350m/raw/points/prefill/prefill-facebook-opt-350m-chunk-1024-sm-8.csv
facebook/opt-350m,1024,gemm,k_proj,8,2,72.7040022611618,51529728,53626880,2097152,2097152,1024,2026-04-15T16:21:05Z,baseline_nvml_pt,nvidia-smi,ok,4.0,67.0,1695.0,8001.0,63.95,0.1658879965543747,57.142578125,57.142578125,8.0,True,,83.84867488272758,57.112270156339704,70.61874823115313,estimated,,prefill-facebook-opt-350m-chunk-1024-sm-8,success,,,/mnt/data/dheeraj/dicertation/inference-profile/runs/revised-rerun-20260415-171945-g1-opt350m/raw/points/prefill/prefill-facebook-opt-350m-chunk-1024-sm-8.csv
facebook/opt-350m,1024,gemm,v_proj,8,2,74.46400076150894,51529728,53626880,2097152,2097152,1024,2026-04-15T16:21:05Z,baseline_nvml_pt,nvidia-smi,ok,4.0,67.0,1695.0,8001.0,63.95,0.1658879965543747,57.142578125,57.142578125,8.0,True,,83.84867488272758,57.112270156339704,70.61874823115313,estimated,,prefill-facebook-opt-350m-chunk-1024-sm-8,success,,,/mnt/data/dheeraj/dicertation/inference-profile/runs/revised-rerun-20260415-171945-g1-opt350m/raw/points/prefill/prefill-facebook-opt-350m-chunk-1024-sm-8.csv
facebook/opt-350m,1024,gemm,out_proj,8,2,72.7040022611618,51529728,53626880,2097152,2097152,1024,2026-04-15T16:21:05Z,baseline_nvml_pt,nvidia-smi,ok,4.0,67.0,1695.0,8001.0,63.95,0.1658879965543747,57.142578125,57.142578125,8.0,True,,83.84867488272758,57.112270156339704,70.61874823115313,estimated,,prefill-facebook-opt-350m-chunk-1024-sm-8,success,,,/mnt/data/dheeraj/dicertation/inference-profile/runs/revised-rerun-20260415-171945-g1-opt350m/raw/points/prefill/prefill-facebook-opt-350m-chunk-1024-sm-8.csv
facebook/opt-350m,1024,gemm,fc1,8,2,160.76800227165222,51529728,59918336,8388608,8388608,1024,2026-04-15T16:21:05Z,baseline_nvml_pt,nvidia-smi,ok,4.0,67.0,1695.0,8001.0,63.95,0.1658879965543747,57.142578125,57.142578125,8.0,True,,83.84867488272758,57.112270156339704,70.61874823115313,estimated,,prefill-facebook-opt-350m-chunk-1024-sm-8,success,,,/mnt/data/dheeraj/dicertation/inference-profile/runs/revised-rerun-20260415-171945-g1-opt350m/raw/points/prefill/prefill-facebook-opt-350m-chunk-1024-sm-8.csv
facebook/opt-350m,1024,gemm,fc2,8,2,140.28799533843994,51529728,53626880,2097152,2097152,1024,2026-04-15T16:21:05Z,baseline_nvml_pt,nvidia-smi,ok,4.0,67.0,1695.0,8001.0,63.95,0.1658879965543747,57.142578125,57.142578125,8.0,True,,83.84867488272758,57.112270156339704,70.61874823115313,estimated,,prefill-facebook-opt-350m-chunk-1024-sm-8,success,,,/mnt/data/dheeraj/dicertation/inference-profile/runs/revised-rerun-20260415-171945-g1-opt350m/raw/points/prefill/prefill-facebook-opt-350m-chunk-1024-sm-8.csv
facebook/opt-350m,1024,attention,attention,8,2,93.18400174379349,51529728,53693440,2163712,2097152,1024,2026-04-15T16:21:05Z,baseline_nvml_pt,nvidia-smi,ok,4.0,67.0,1695.0,8001.0,63.95,0.1658879965543747,57.142578125,57.142578125,8.0,True,,83.84867488272758,57.112270156339704,70.61874823115313,estimated,,prefill-facebook-opt-350m-chunk-1024-sm-8,success,,,/mnt/data/dheeraj/dicertation/inference-profile/runs/revised-rerun-20260415-171945-g1-opt350m/raw/points/prefill/prefill-facebook-opt-350m-chunk-1024-sm-8.csv
facebook/opt-350m,1024,gemm,q_proj,8,3,75.77600330114365,51529728,53626880,2097152,2097152,1024,2026-04-15T16:21:05Z,baseline_nvml_pt,nvidia-smi,ok,4.0,67.0,1695.0,8001.0,63.95,0.1658879965543747,57.142578125,57.142578125,8.0,True,,83.84867488272758,57.112270156339704,70.61874823115313,estimated,,prefill-facebook-opt-350m-chunk-1024-sm-8,success,,,/mnt/data/dheeraj/dicertation/inference-profile/runs/revised-rerun-20260415-171945-g1-opt350m/raw/points/prefill/prefill-facebook-opt-350m-chunk-1024-sm-8.csv
facebook/opt-350m,1024,gemm,k_proj,8,3,73.72800260782242,51529728,53626880,2097152,2097152,1024,2026-04-15T16:21:05Z,baseline_nvml_pt,nvidia-smi,ok,4.0,67.0,1695.0,8001.0,63.95,0.1658879965543747,57.142578125,57.142578125,8.0,True,,83.84867488272758,57.112270156339704,70.61874823115313,estimated,,prefill-facebook-opt-350m-chunk-1024-sm-8,success,,,/mnt/data/dheeraj/dicertation/inference-profile/runs/revised-rerun-20260415-171945-g1-opt350m/raw/points/prefill/prefill-facebook-opt-350m-chunk-1024-sm-8.csv
facebook/opt-350m,1024,gemm,v_proj,8,3,74.49600100517273,51529728,53626880,2097152,2097152,1024,2026-04-15T16:21:05Z,baseline_nvml_pt,nvidia-smi,ok,4.0,67.0,1695.0,8001.0,63.95,0.1658879965543747,57.142578125,57.142578125,8.0,True,,83.84867488272758,57.112270156339704,70.61874823115313,estimated,,prefill-facebook-opt-350m-chunk-1024-sm-8,success,,,/mnt/data/dheeraj/dicertation/inference-profile/runs/revised-rerun-20260415-171945-g1-opt350m/raw/points/prefill/prefill-facebook-opt-350m-chunk-1024-sm-8.csv
facebook/opt-350m,1024,gemm,out_proj,8,3,72.7040022611618,51529728,53626880,2097152,2097152,1024,2026-04-15T16:21:05Z,baseline_nvml_pt,nvidia-smi,ok,4.0,67.0,1695.0,8001.0,63.95,0.1658879965543747,57.142578125,57.142578125,8.0,True,,83.84867488272758,57.112270156339704,70.61874823115313,estimated,,prefill-facebook-opt-350m-chunk-1024-sm-8,success,,,/mnt/data/dheeraj/dicertation/inference-profile/runs/revised-rerun-20260415-171945-g1-opt350m/raw/points/prefill/prefill-facebook-opt-350m-chunk-1024-sm-8.csv
facebook/opt-350m,1024,gemm,fc1,8,3,160.76800227165222,51529728,59918336,8388608,8388608,1024,2026-04-15T16:21:05Z,baseline_nvml_pt,nvidia-smi,ok,4.0,67.0,1695.0,8001.0,63.95,0.1658879965543747,57.142578125,57.142578125,8.0,True,,83.84867488272758,57.112270156339704,70.61874823115313,estimated,,prefill-facebook-opt-350m-chunk-1024-sm-8,success,,,/mnt/data/dheeraj/dicertation/inference-profile/runs/revised-rerun-20260415-171945-g1-opt350m/raw/points/prefill/prefill-facebook-opt-350m-chunk-1024-sm-8.csv
facebook/opt-350m,1024,gemm,fc2,8,3,139.26400244235992,51529728,53626880,2097152,2097152,1024,2026-04-15T16:21:05Z,baseline_nvml_pt,nvidia-smi,ok,4.0,67.0,1695.0,8001.0,63.95,0.1658879965543747,57.142578125,57.142578125,8.0,True,,83.84867488272758,57.112270156339704,70.61874823115313,estimated,,prefill-facebook-opt-350m-chunk-1024-sm-8,success,,,/mnt/data/dheeraj/dicertation/inference-profile/runs/revised-rerun-20260415-171945-g1-opt350m/raw/points/prefill/prefill-facebook-opt-350m-chunk-1024-sm-8.csv
facebook/opt-350m,1024,attention,attention,8,3,93.18400174379349,51529728,53693440,2163712,2097152,1024,2026-04-15T16:21:05Z,baseline_nvml_pt,nvidia-smi,ok,4.0,67.0,1695.0,8001.0,63.95,0.1658879965543747,57.142578125,57.142578125,8.0,True,,83.84867488272758,57.112270156339704,70.61874823115313,estimated,,prefill-facebook-opt-350m-chunk-1024-sm-8,success,,,/mnt/data/dheeraj/dicertation/inference-profile/runs/revised-rerun-20260415-171945-g1-opt350m/raw/points/prefill/prefill-facebook-opt-350m-chunk-1024-sm-8.csv
facebook/opt-350m,1024,gemm,q_proj,8,4,75.77600330114365,51529728,53626880,2097152,2097152,1024,2026-04-15T16:21:05Z,baseline_nvml_pt,nvidia-smi,ok,4.0,67.0,1695.0,8001.0,63.95,0.1658879965543747,57.142578125,57.142578125,8.0,True,,83.84867488272758,57.112270156339704,70.61874823115313,estimated,,prefill-facebook-opt-350m-chunk-1024-sm-8,success,,,/mnt/data/dheeraj/dicertation/inference-profile/runs/revised-rerun-20260415-171945-g1-opt350m/raw/points/prefill/prefill-facebook-opt-350m-chunk-1024-sm-8.csv
facebook/opt-350m,1024,gemm,k_proj,8,4,72.7040022611618,51529728,53626880,2097152,2097152,1024,2026-04-15T16:21:05Z,baseline_nvml_pt,nvidia-smi,ok,4.0,67.0,1695.0,8001.0,63.95,0.1658879965543747,57.142578125,57.142578125,8.0,True,,83.84867488272758,57.112270156339704,70.61874823115313,estimated,,prefill-facebook-opt-350m-chunk-1024-sm-8,success,,,/mnt/data/dheeraj/dicertation/inference-profile/runs/revised-rerun-20260415-171945-g1-opt350m/raw/points/prefill/prefill-facebook-opt-350m-chunk-1024-sm-8.csv
facebook/opt-350m,1024,gemm,v_proj,8,4,71.68000191450119,51529728,53626880,2097152,2097152,1024,2026-04-15T16:21:05Z,baseline_nvml_pt,nvidia-smi,ok,4.0,67.0,1695.0,8001.0,63.95,0.1658879965543747,57.142578125,57.142578125,8.0,True,,83.84867488272758,57.112270156339704,70.61874823115313,estimated,,prefill-facebook-opt-350m-chunk-1024-sm-8,success,,,/mnt/data/dheeraj/dicertation/inference-profile/runs/revised-rerun-20260415-171945-g1-opt350m/raw/points/prefill/prefill-facebook-opt-350m-chunk-1024-sm-8.csv
facebook/opt-350m,1024,gemm,out_proj,8,4,70.65600156784058,51529728,53626880,2097152,2097152,1024,2026-04-15T16:21:05Z,baseline_nvml_pt,nvidia-smi,ok,4.0,67.0,1695.0,8001.0,63.95,0.1658879965543747,57.142578125,57.142578125,8.0,True,,83.84867488272758,57.112270156339704,70.61874823115313,estimated,,prefill-facebook-opt-350m-chunk-1024-sm-8,success,,,/mnt/data/dheeraj/dicertation/inference-profile/runs/revised-rerun-20260415-171945-g1-opt350m/raw/points/prefill/prefill-facebook-opt-350m-chunk-1024-sm-8.csv
facebook/opt-350m,1024,gemm,fc1,8,4,159.743994474411,51529728,59918336,8388608,8388608,1024,2026-04-15T16:21:05Z,baseline_nvml_pt,nvidia-smi,ok,4.0,67.0,1695.0,8001.0,63.95,0.1658879965543747,57.142578125,57.142578125,8.0,True,,83.84867488272758,57.112270156339704,70.61874823115313,estimated,,prefill-facebook-opt-350m-chunk-1024-sm-8,success,,,/mnt/data/dheeraj/dicertation/inference-profile/runs/revised-rerun-20260415-171945-g1-opt350m/raw/points/prefill/prefill-facebook-opt-350m-chunk-1024-sm-8.csv
facebook/opt-350m,1024,gemm,fc2,8,4,139.26400244235992,51529728,53626880,2097152,2097152,1024,2026-04-15T16:21:05Z,baseline_nvml_pt,nvidia-smi,ok,4.0,67.0,1695.0,8001.0,63.95,0.1658879965543747,57.142578125,57.142578125,8.0,True,,83.84867488272758,57.112270156339704,70.61874823115313,estimated,,prefill-facebook-opt-350m-chunk-1024-sm-8,success,,,/mnt/data/dheeraj/dicertation/inference-profile/runs/revised-rerun-20260415-171945-g1-opt350m/raw/points/prefill/prefill-facebook-opt-350m-chunk-1024-sm-8.csv
facebook/opt-350m,1024,attention,attention,8,4,92.96000003814697,51529728,53693440,2163712,2097152,1024,2026-04-15T16:21:05Z,baseline_nvml_pt,nvidia-smi,ok,4.0,67.0,1695.0,8001.0,63.95,0.1658879965543747,57.142578125,57.142578125,8.0,True,,83.84867488272758,57.112270156339704,70.61874823115313,estimated,,prefill-facebook-opt-350m-chunk-1024-sm-8,success,,,/mnt/data/dheeraj/dicertation/inference-profile/runs/revised-rerun-20260415-171945-g1-opt350m/raw/points/prefill/prefill-facebook-opt-350m-chunk-1024-sm-8.csv
facebook/opt-350m,1024,gemm,q_proj,16,0,84.99199897050858,51529728,53626880,2097152,2097152,1024,2026-04-15T16:21:09Z,baseline_nvml_pt,nvidia-smi,ok,0.0,67.0,1695.0,7601.0,60.97,0.3030399978160858,57.142578125,57.142578125,8.0,True,,91.2783043027161,52.08639038258182,78.46527581239238,estimated,,prefill-facebook-opt-350m-chunk-1024-sm-16,success,,,/mnt/data/dheeraj/dicertation/inference-profile/runs/revised-rerun-20260415-171945-g1-opt350m/raw/points/prefill/prefill-facebook-opt-350m-chunk-1024-sm-16.csv
facebook/opt-350m,1024,gemm,k_proj,16,0,90.11200070381165,51529728,53626880,2097152,2097152,1024,2026-04-15T16:21:09Z,baseline_nvml_pt,nvidia-smi,ok,0.0,67.0,1695.0,7601.0,60.97,0.3030399978160858,57.142578125,57.142578125,8.0,True,,91.2783043027161,52.08639038258182,78.46527581239238,estimated,,prefill-facebook-opt-350m-chunk-1024-sm-16,success,,,/mnt/data/dheeraj/dicertation/inference-profile/runs/revised-rerun-20260415-171945-g1-opt350m/raw/points/prefill/prefill-facebook-opt-350m-chunk-1024-sm-16.csv
facebook/opt-350m,1024,gemm,v_proj,16,0,75.77600330114365,51529728,53626880,2097152,2097152,1024,2026-04-15T16:21:09Z,baseline_nvml_pt,nvidia-smi,ok,0.0,67.0,1695.0,7601.0,60.97,0.3030399978160858,57.142578125,57.142578125,8.0,True,,91.2783043027161,52.08639038258182,78.46527581239238,estimated,,prefill-facebook-opt-350m-chunk-1024-sm-16,success,,,/mnt/data/dheeraj/dicertation/inference-profile/runs/revised-rerun-20260415-171945-g1-opt350m/raw/points/prefill/prefill-facebook-opt-350m-chunk-1024-sm-16.csv
facebook/opt-350m,1024,gemm,out_proj,16,0,72.7040022611618,51529728,53626880,2097152,2097152,1024,2026-04-15T16:21:09Z,baseline_nvml_pt,nvidia-smi,ok,0.0,67.0,1695.0,7601.0,60.97,0.3030399978160858,57.142578125,57.142578125,8.0,True,,91.2783043027161,52.08639038258182,78.46527581239238,estimated,,prefill-facebook-opt-350m-chunk-1024-sm-16,success,,,/mnt/data/dheeraj/dicertation/inference-profile/runs/revised-rerun-20260415-171945-g1-opt350m/raw/points/prefill/prefill-facebook-opt-350m-chunk-1024-sm-16.csv
facebook/opt-350m,1024,gemm,fc1,16,0,169.98399794101715,51529728,59918336,8388608,8388608,1024,2026-04-15T16:21:09Z,baseline_nvml_pt,nvidia-smi,ok,0.0,67.0,1695.0,7601.0,60.97,0.3030399978160858,57.142578125,57.142578125,8.0,True,,91.2783043027161,52.08639038258182,78.46527581239238,estimated,,prefill-facebook-opt-350m-chunk-1024-sm-16,success,,,/mnt/data/dheeraj/dicertation/inference-profile/runs/revised-rerun-20260415-171945-g1-opt350m/raw/points/prefill/prefill-facebook-opt-350m-chunk-1024-sm-16.csv
facebook/opt-350m,1024,gemm,fc2,16,0,142.56000518798828,51529728,53626880,2097152,2097152,1024,2026-04-15T16:21:09Z,baseline_nvml_pt,nvidia-smi,ok,0.0,67.0,1695.0,7601.0,60.97,0.3030399978160858,57.142578125,57.142578125,8.0,True,,91.2783043027161,52.08639038258182,78.46527581239238,estimated,,prefill-facebook-opt-350m-chunk-1024-sm-16,success,,,/mnt/data/dheeraj/dicertation/inference-profile/runs/revised-rerun-20260415-171945-g1-opt350m/raw/points/prefill/prefill-facebook-opt-350m-chunk-1024-sm-16.csv
facebook/opt-350m,1024,attention,attention,16,0,93.18400174379349,51529728,53693440,2163712,2097152,1024,2026-04-15T16:21:09Z,baseline_nvml_pt,nvidia-smi,ok,0.0,67.0,1695.0,7601.0,60.97,0.3030399978160858,57.142578125,57.142578125,8.0,True,,91.2783043027161,52.08639038258182,78.46527581239238,estimated,,prefill-facebook-opt-350m-chunk-1024-sm-16,success,,,/mnt/data/dheeraj/dicertation/inference-profile/runs/revised-rerun-20260415-171945-g1-opt350m/raw/points/prefill/prefill-facebook-opt-350m-chunk-1024-sm-16.csv
facebook/opt-350m,1024,gemm,q_proj,16,1,77.7600035071373,51529728,53626880,2097152,2097152,1024,2026-04-15T16:21:09Z,baseline_nvml_pt,nvidia-smi,ok,0.0,67.0,1695.0,7601.0,60.97,0.3030399978160858,57.142578125,57.142578125,8.0,True,,91.2783043027161,52.08639038258182,78.46527581239238,estimated,,prefill-facebook-opt-350m-chunk-1024-sm-16,success,,,/mnt/data/dheeraj/dicertation/inference-profile/runs/revised-rerun-20260415-171945-g1-opt350m/raw/points/prefill/prefill-facebook-opt-350m-chunk-1024-sm-16.csv
facebook/opt-350m,1024,gemm,k_proj,16,1,73.53600114583969,51529728,53626880,2097152,2097152,1024,2026-04-15T16:21:09Z,baseline_nvml_pt,nvidia-smi,ok,0.0,67.0,1695.0,7601.0,60.97,0.3030399978160858,57.142578125,57.142578125,8.0,True,,91.2783043027161,52.08639038258182,78.46527581239238,estimated,,prefill-facebook-opt-350m-chunk-1024-sm-16,success,,,/mnt/data/dheeraj/dicertation/inference-profile/runs/revised-rerun-20260415-171945-g1-opt350m/raw/points/prefill/prefill-facebook-opt-350m-chunk-1024-sm-16.csv
facebook/opt-350m,1024,gemm,v_proj,16,1,71.68000191450119,51529728,53626880,2097152,2097152,1024,2026-04-15T16:21:09Z,baseline_nvml_pt,nvidia-smi,ok,0.0,67.0,1695.0,7601.0,60.97,0.3030399978160858,57.142578125,57.142578125,8.0,True,,91.2783043027161,52.08639038258182,78.46527581239238,estimated,,prefill-facebook-opt-350m-chunk-1024-sm-16,success,,,/mnt/data/dheeraj/dicertation/inference-profile/runs/revised-rerun-20260415-171945-g1-opt350m/raw/points/prefill/prefill-facebook-opt-350m-chunk-1024-sm-16.csv
facebook/opt-350m,1024,gemm,out_proj,16,1,77.7600035071373,51529728,53626880,2097152,2097152,1024,2026-04-15T16:21:09Z,baseline_nvml_pt,nvidia-smi,ok,0.0,67.0,1695.0,7601.0,60.97,0.3030399978160858,57.142578125,57.142578125,8.0,True,,91.2783043027161,52.08639038258182,78.46527581239238,estimated,,prefill-facebook-opt-350m-chunk-1024-sm-16,success,,,/mnt/data/dheeraj/dicertation/inference-profile/runs/revised-rerun-20260415-171945-g1-opt350m/raw/points/prefill/prefill-facebook-opt-350m-chunk-1024-sm-16.csv
facebook/opt-350m,1024,gemm,fc1,16,1,161.79199516773224,51529728,59918336,8388608,8388608,1024,2026-04-15T16:21:09Z,baseline_nvml_pt,nvidia-smi,ok,0.0,67.0,1695.0,7601.0,60.97,0.3030399978160858,57.142578125,57.142578125,8.0,True,,91.2783043027161,52.08639038258182,78.46527581239238,estimated,,prefill-facebook-opt-350m-chunk-1024-sm-16,success,,,/mnt/data/dheeraj/dicertation/inference-profile/runs/revised-rerun-20260415-171945-g1-opt350m/raw/points/prefill/prefill-facebook-opt-350m-chunk-1024-sm-16.csv
facebook/opt-350m,1024,gemm,fc2,16,1,303.0399978160858,51529728,53626880,2097152,2097152,1024,2026-04-15T16:21:09Z,baseline_nvml_pt,nvidia-smi,ok,0.0,67.0,1695.0,7601.0,60.97,0.3030399978160858,57.142578125,57.142578125,8.0,True,,91.2783043027161,52.08639038258182,78.46527581239238,estimated,,prefill-facebook-opt-350m-chunk-1024-sm-16,success,,,/mnt/data/dheeraj/dicertation/inference-profile/runs/revised-rerun-20260415-171945-g1-opt350m/raw/points/prefill/prefill-facebook-opt-350m-chunk-1024-sm-16.csv
facebook/opt-350m,1024,attention,attention,16,1,94.2080020904541,51529728,53693440,2163712,2097152,1024,2026-04-15T16:21:09Z,baseline_nvml_pt,nvidia-smi,ok,0.0,67.0,1695.0,7601.0,60.97,0.3030399978160858,57.142578125,57.142578125,8.0,True,,91.2783043027161,52.08639038258182,78.46527581239238,estimated,,prefill-facebook-opt-350m-chunk-1024-sm-16,success,,,/mnt/data/dheeraj/dicertation/inference-profile/runs/revised-rerun-20260415-171945-g1-opt350m/raw/points/prefill/prefill-facebook-opt-350m-chunk-1024-sm-16.csv
facebook/opt-350m,1024,gemm,q_proj,16,2,79.6160027384758,51529728,53626880,2097152,2097152,1024,2026-04-15T16:21:09Z,baseline_nvml_pt,nvidia-smi,ok,0.0,67.0,1695.0,7601.0,60.97,0.3030399978160858,57.142578125,57.142578125,8.0,True,,91.2783043027161,52.08639038258182,78.46527581239238,estimated,,prefill-facebook-opt-350m-chunk-1024-sm-16,success,,,/mnt/data/dheeraj/dicertation/inference-profile/runs/revised-rerun-20260415-171945-g1-opt350m/raw/points/prefill/prefill-facebook-opt-350m-chunk-1024-sm-16.csv
facebook/opt-350m,1024,gemm,k_proj,16,2,72.7040022611618,51529728,53626880,2097152,2097152,1024,2026-04-15T16:21:09Z,baseline_nvml_pt,nvidia-smi,ok,0.0,67.0,1695.0,7601.0,60.97,0.3030399978160858,57.142578125,57.142578125,8.0,True,,91.2783043027161,52.08639038258182,78.46527581239238,estimated,,prefill-facebook-opt-350m-chunk-1024-sm-16,success,,,/mnt/data/dheeraj/dicertation/inference-profile/runs/revised-rerun-20260415-171945-g1-opt350m/raw/points/prefill/prefill-facebook-opt-350m-chunk-1024-sm-16.csv
facebook/opt-350m,1024,gemm,v_proj,16,2,72.7040022611618,51529728,53626880,2097152,2097152,1024,2026-04-15T16:21:09Z,baseline_nvml_pt,nvidia-smi,ok,0.0,67.0,1695.0,7601.0,60.97,0.3030399978160858,57.142578125,57.142578125,8.0,True,,91.2783043027161,52.08639038258182,78.46527581239238,estimated,,prefill-facebook-opt-350m-chunk-1024-sm-16,success,,,/mnt/data/dheeraj/dicertation/inference-profile/runs/revised-rerun-20260415-171945-g1-opt350m/raw/points/prefill/prefill-facebook-opt-350m-chunk-1024-sm-16.csv
facebook/opt-350m,1024,gemm,out_proj,16,2,72.7040022611618,51529728,53626880,2097152,2097152,1024,2026-04-15T16:21:09Z,baseline_nvml_pt,nvidia-smi,ok,0.0,67.0,1695.0,7601.0,60.97,0.3030399978160858,57.142578125,57.142578125,8.0,True,,91.2783043027161,52.08639038258182,78.46527581239238,estimated,,prefill-facebook-opt-350m-chunk-1024-sm-16,success,,,/mnt/data/dheeraj/dicertation/inference-profile/runs/revised-rerun-20260415-171945-g1-opt350m/raw/points/prefill/prefill-facebook-opt-350m-chunk-1024-sm-16.csv
facebook/opt-350m,1024,gemm,fc1,16,2,159.743994474411,51529728,59918336,8388608,8388608,1024,2026-04-15T16:21:09Z,baseline_nvml_pt,nvidia-smi,ok,0.0,67.0,1695.0,7601.0,60.97,0.3030399978160858,57.142578125,57.142578125,8.0,True,,91.2783043027161,52.08639038258182,78.46527581239238,estimated,,prefill-facebook-opt-350m-chunk-1024-sm-16,success,,,/mnt/data/dheeraj/dicertation/inference-profile/runs/revised-rerun-20260415-171945-g1-opt350m/raw/points/prefill/prefill-facebook-opt-350m-chunk-1024-sm-16.csv
facebook/opt-350m,1024,gemm,fc2,16,2,141.31200313568115,51529728,53626880,2097152,2097152,1024,2026-04-15T16:21:09Z,baseline_nvml_pt,nvidia-smi,ok,0.0,67.0,1695.0,7601.0,60.97,0.3030399978160858,57.142578125,57.142578125,8.0,True,,91.2783043027161,52.08639038258182,78.46527581239238,estimated,,prefill-facebook-opt-350m-chunk-1024-sm-16,success,,,/mnt/data/dheeraj/dicertation/inference-profile/runs/revised-rerun-20260415-171945-g1-opt350m/raw/points/prefill/prefill-facebook-opt-350m-chunk-1024-sm-16.csv
facebook/opt-350m,1024,attention,attention,16,2,93.18400174379349,51529728,53693440,2163712,2097152,1024,2026-04-15T16:21:09Z,baseline_nvml_pt,nvidia-smi,ok,0.0,67.0,1695.0,7601.0,60.97,0.3030399978160858,57.142578125,57.142578125,8.0,True,,91.2783043027161,52.08639038258182,78.46527581239238,estimated,,prefill-facebook-opt-350m-chunk-1024-sm-16,success,,,/mnt/data/dheeraj/dicertation/inference-profile/runs/revised-rerun-20260415-171945-g1-opt350m/raw/points/prefill/prefill-facebook-opt-350m-chunk-1024-sm-16.csv
facebook/opt-350m,1024,gemm,q_proj,16,3,74.75200295448303,51529728,53626880,2097152,2097152,1024,2026-04-15T16:21:09Z,baseline_nvml_pt,nvidia-smi,ok,0.0,67.0,1695.0,7601.0,60.97,0.3030399978160858,57.142578125,57.142578125,8.0,True,,91.2783043027161,52.08639038258182,78.46527581239238,estimated,,prefill-facebook-opt-350m-chunk-1024-sm-16,success,,,/mnt/data/dheeraj/dicertation/inference-profile/runs/revised-rerun-20260415-171945-g1-opt350m/raw/points/prefill/prefill-facebook-opt-350m-chunk-1024-sm-16.csv
facebook/opt-350m,1024,gemm,k_proj,16,3,74.52800124883652,51529728,53626880,2097152,2097152,1024,2026-04-15T16:21:09Z,baseline_nvml_pt,nvidia-smi,ok,0.0,67.0,1695.0,7601.0,60.97,0.3030399978160858,57.142578125,57.142578125,8.0,True,,91.2783043027161,52.08639038258182,78.46527581239238,estimated,,prefill-facebook-opt-350m-chunk-1024-sm-16,success,,,/mnt/data/dheeraj/dicertation/inference-profile/runs/revised-rerun-20260415-171945-g1-opt350m/raw/points/prefill/prefill-facebook-opt-350m-chunk-1024-sm-16.csv
facebook/opt-350m,1024,gemm,v_proj,16,3,71.68000191450119,51529728,53626880,2097152,2097152,1024,2026-04-15T16:21:09Z,baseline_nvml_pt,nvidia-smi,ok,0.0,67.0,1695.0,7601.0,60.97,0.3030399978160858,57.142578125,57.142578125,8.0,True,,91.2783043027161,52.08639038258182,78.46527581239238,estimated,,prefill-facebook-opt-350m-chunk-1024-sm-16,success,,,/mnt/data/dheeraj/dicertation/inference-profile/runs/revised-rerun-20260415-171945-g1-opt350m/raw/points/prefill/prefill-facebook-opt-350m-chunk-1024-sm-16.csv
facebook/opt-350m,1024,gemm,out_proj,16,3,72.7040022611618,51529728,53626880,2097152,2097152,1024,2026-04-15T16:21:09Z,baseline_nvml_pt,nvidia-smi,ok,0.0,67.0,1695.0,7601.0,60.97,0.3030399978160858,57.142578125,57.142578125,8.0,True,,91.2783043027161,52.08639038258182,78.46527581239238,estimated,,prefill-facebook-opt-350m-chunk-1024-sm-16,success,,,/mnt/data/dheeraj/dicertation/inference-profile/runs/revised-rerun-20260415-171945-g1-opt350m/raw/points/prefill/prefill-facebook-opt-350m-chunk-1024-sm-16.csv
facebook/opt-350m,1024,gemm,fc1,16,3,160.76800227165222,51529728,59918336,8388608,8388608,1024,2026-04-15T16:21:09Z,baseline_nvml_pt,nvidia-smi,ok,0.0,67.0,1695.0,7601.0,60.97,0.3030399978160858,57.142578125,57.142578125,8.0,True,,91.2783043027161,52.08639038258182,78.46527581239238,estimated,,prefill-facebook-opt-350m-chunk-1024-sm-16,success,,,/mnt/data/dheeraj/dicertation/inference-profile/runs/revised-rerun-20260415-171945-g1-opt350m/raw/points/prefill/prefill-facebook-opt-350m-chunk-1024-sm-16.csv
facebook/opt-350m,1024,gemm,fc2,16,3,139.13600146770477,51529728,53626880,2097152,2097152,1024,2026-04-15T16:21:09Z,baseline_nvml_pt,nvidia-smi,ok,0.0,67.0,1695.0,7601.0,60.97,0.3030399978160858,57.142578125,57.142578125,8.0,True,,91.2783043027161,52.08639038258182,78.46527581239238,estimated,,prefill-facebook-opt-350m-chunk-1024-sm-16,success,,,/mnt/data/dheeraj/dicertation/inference-profile/runs/revised-rerun-20260415-171945-g1-opt350m/raw/points/prefill/prefill-facebook-opt-350m-chunk-1024-sm-16.csv
facebook/opt-350m,1024,attention,attention,16,3,93.02400052547455,51529728,53693440,2163712,2097152,1024,2026-04-15T16:21:09Z,baseline_nvml_pt,nvidia-smi,ok,0.0,67.0,1695.0,7601.0,60.97,0.3030399978160858,57.142578125,57.142578125,8.0,True,,91.2783043027161,52.08639038258182,78.46527581239238,estimated,,prefill-facebook-opt-350m-chunk-1024-sm-16,success,,,/mnt/data/dheeraj/dicertation/inference-profile/runs/revised-rerun-20260415-171945-g1-opt350m/raw/points/prefill/prefill-facebook-opt-350m-chunk-1024-sm-16.csv
facebook/opt-350m,1024,gemm,q_proj,16,4,74.75200295448303,51529728,53626880,2097152,2097152,1024,2026-04-15T16:21:09Z,baseline_nvml_pt,nvidia-smi,ok,0.0,67.0,1695.0,7601.0,60.97,0.3030399978160858,57.142578125,57.142578125,8.0,True,,91.2783043027161,52.08639038258182,78.46527581239238,estimated,,prefill-facebook-opt-350m-chunk-1024-sm-16,success,,,/mnt/data/dheeraj/dicertation/inference-profile/runs/revised-rerun-20260415-171945-g1-opt350m/raw/points/prefill/prefill-facebook-opt-350m-chunk-1024-sm-16.csv
facebook/opt-350m,1024,gemm,k_proj,16,4,71.6480016708374,51529728,53626880,2097152,2097152,1024,2026-04-15T16:21:09Z,baseline_nvml_pt,nvidia-smi,ok,0.0,67.0,1695.0,7601.0,60.97,0.3030399978160858,57.142578125,57.142578125,8.0,True,,91.2783043027161,52.08639038258182,78.46527581239238,estimated,,prefill-facebook-opt-350m-chunk-1024-sm-16,success,,,/mnt/data/dheeraj/dicertation/inference-profile/runs/revised-rerun-20260415-171945-g1-opt350m/raw/points/prefill/prefill-facebook-opt-350m-chunk-1024-sm-16.csv
facebook/opt-350m,1024,gemm,v_proj,16,4,70.65600156784058,51529728,53626880,2097152,2097152,1024,2026-04-15T16:21:09Z,baseline_nvml_pt,nvidia-smi,ok,0.0,67.0,1695.0,7601.0,60.97,0.3030399978160858,57.142578125,57.142578125,8.0,True,,91.2783043027161,52.08639038258182,78.46527581239238,estimated,,prefill-facebook-opt-350m-chunk-1024-sm-16,success,,,/mnt/data/dheeraj/dicertation/inference-profile/runs/revised-rerun-20260415-171945-g1-opt350m/raw/points/prefill/prefill-facebook-opt-350m-chunk-1024-sm-16.csv
facebook/opt-350m,1024,gemm,out_proj,16,4,71.68000191450119,51529728,53626880,2097152,2097152,1024,2026-04-15T16:21:09Z,baseline_nvml_pt,nvidia-smi,ok,0.0,67.0,1695.0,7601.0,60.97,0.3030399978160858,57.142578125,57.142578125,8.0,True,,91.2783043027161,52.08639038258182,78.46527581239238,estimated,,prefill-facebook-opt-350m-chunk-1024-sm-16,success,,,/mnt/data/dheeraj/dicertation/inference-profile/runs/revised-rerun-20260415-171945-g1-opt350m/raw/points/prefill/prefill-facebook-opt-350m-chunk-1024-sm-16.csv
facebook/opt-350m,1024,gemm,fc1,16,4,159.4880074262619,51529728,59918336,8388608,8388608,1024,2026-04-15T16:21:09Z,baseline_nvml_pt,nvidia-smi,ok,0.0,67.0,1695.0,7601.0,60.97,0.3030399978160858,57.142578125,57.142578125,8.0,True,,91.2783043027161,52.08639038258182,78.46527581239238,estimated,,prefill-facebook-opt-350m-chunk-1024-sm-16,success,,,/mnt/data/dheeraj/dicertation/inference-profile/runs/revised-rerun-20260415-171945-g1-opt350m/raw/points/prefill/prefill-facebook-opt-350m-chunk-1024-sm-16.csv
facebook/opt-350m,1024,gemm,fc2,16,4,139.26400244235992,51529728,53626880,2097152,2097152,1024,2026-04-15T16:21:09Z,baseline_nvml_pt,nvidia-smi,ok,0.0,67.0,1695.0,7601.0,60.97,0.3030399978160858,57.142578125,57.142578125,8.0,True,,91.2783043027161,52.08639038258182,78.46527581239238,estimated,,prefill-facebook-opt-350m-chunk-1024-sm-16,success,,,/mnt/data/dheeraj/dicertation/inference-profile/runs/revised-rerun-20260415-171945-g1-opt350m/raw/points/prefill/prefill-facebook-opt-350m-chunk-1024-sm-16.csv
facebook/opt-350m,1024,attention,attention,16,4,93.1520015001297,51529728,53693440,2163712,2097152,1024,2026-04-15T16:21:09Z,baseline_nvml_pt,nvidia-smi,ok,0.0,67.0,1695.0,7601.0,60.97,0.3030399978160858,57.142578125,57.142578125,8.0,True,,91.2783043027161,52.08639038258182,78.46527581239238,estimated,,prefill-facebook-opt-350m-chunk-1024-sm-16,success,,,/mnt/data/dheeraj/dicertation/inference-profile/runs/revised-rerun-20260415-171945-g1-opt350m/raw/points/prefill/prefill-facebook-opt-350m-chunk-1024-sm-16.csv
facebook/opt-350m,1024,gemm,q_proj,24,0,84.25600081682205,51529728,53626880,2097152,2097152,1024,2026-04-15T16:21:14Z,baseline_nvml_pt,nvidia-smi,ok,0.0,67.0,1695.0,7601.0,63.19,0.16486400365829468,57.142578125,57.142578125,8.0,True,,98.70793372270461,47.06051060882392,86.31180339363162,estimated,,prefill-facebook-opt-350m-chunk-1024-sm-24,success,,,/mnt/data/dheeraj/dicertation/inference-profile/runs/revised-rerun-20260415-171945-g1-opt350m/raw/points/prefill/prefill-facebook-opt-350m-chunk-1024-sm-24.csv
facebook/opt-350m,1024,gemm,k_proj,24,0,80.89599758386612,51529728,53626880,2097152,2097152,1024,2026-04-15T16:21:14Z,baseline_nvml_pt,nvidia-smi,ok,0.0,67.0,1695.0,7601.0,63.19,0.16486400365829468,57.142578125,57.142578125,8.0,True,,98.70793372270461,47.06051060882392,86.31180339363162,estimated,,prefill-facebook-opt-350m-chunk-1024-sm-24,success,,,/mnt/data/dheeraj/dicertation/inference-profile/runs/revised-rerun-20260415-171945-g1-opt350m/raw/points/prefill/prefill-facebook-opt-350m-chunk-1024-sm-24.csv
facebook/opt-350m,1024,gemm,v_proj,24,0,75.77600330114365,51529728,53626880,2097152,2097152,1024,2026-04-15T16:21:14Z,baseline_nvml_pt,nvidia-smi,ok,0.0,67.0,1695.0,7601.0,63.19,0.16486400365829468,57.142578125,57.142578125,8.0,True,,98.70793372270461,47.06051060882392,86.31180339363162,estimated,,prefill-facebook-opt-350m-chunk-1024-sm-24,success,,,/mnt/data/dheeraj/dicertation/inference-profile/runs/revised-rerun-20260415-171945-g1-opt350m/raw/points/prefill/prefill-facebook-opt-350m-chunk-1024-sm-24.csv
facebook/opt-350m,1024,gemm,out_proj,24,0,71.68000191450119,51529728,53626880,2097152,2097152,1024,2026-04-15T16:21:14Z,baseline_nvml_pt,nvidia-smi,ok,0.0,67.0,1695.0,7601.0,63.19,0.16486400365829468,57.142578125,57.142578125,8.0,True,,98.70793372270461,47.06051060882392,86.31180339363162,estimated,,prefill-facebook-opt-350m-chunk-1024-sm-24,success,,,/mnt/data/dheeraj/dicertation/inference-profile/runs/revised-rerun-20260415-171945-g1-opt350m/raw/points/prefill/prefill-facebook-opt-350m-chunk-1024-sm-24.csv
facebook/opt-350m,1024,gemm,fc1,24,0,164.86400365829468,51529728,59918336,8388608,8388608,1024,2026-04-15T16:21:14Z,baseline_nvml_pt,nvidia-smi,ok,0.0,67.0,1695.0,7601.0,63.19,0.16486400365829468,57.142578125,57.142578125,8.0,True,,98.70793372270461,47.06051060882392,86.31180339363162,estimated,,prefill-facebook-opt-350m-chunk-1024-sm-24,success,,,/mnt/data/dheeraj/dicertation/inference-profile/runs/revised-rerun-20260415-171945-g1-opt350m/raw/points/prefill/prefill-facebook-opt-350m-chunk-1024-sm-24.csv
facebook/opt-350m,1024,gemm,fc2,24,0,141.27999544143677,51529728,53626880,2097152,2097152,1024,2026-04-15T16:21:14Z,baseline_nvml_pt,nvidia-smi,ok,0.0,67.0,1695.0,7601.0,63.19,0.16486400365829468,57.142578125,57.142578125,8.0,True,,98.70793372270461,47.06051060882392,86.31180339363162,estimated,,prefill-facebook-opt-350m-chunk-1024-sm-24,success,,,/mnt/data/dheeraj/dicertation/inference-profile/runs/revised-rerun-20260415-171945-g1-opt350m/raw/points/prefill/prefill-facebook-opt-350m-chunk-1024-sm-24.csv
facebook/opt-350m,1024,attention,attention,24,0,93.18400174379349,51529728,53693440,2163712,2097152,1024,2026-04-15T16:21:14Z,baseline_nvml_pt,nvidia-smi,ok,0.0,67.0,1695.0,7601.0,63.19,0.16486400365829468,57.142578125,57.142578125,8.0,True,,98.70793372270461,47.06051060882392,86.31180339363162,estimated,,prefill-facebook-opt-350m-chunk-1024-sm-24,success,,,/mnt/data/dheeraj/dicertation/inference-profile/runs/revised-rerun-20260415-171945-g1-opt350m/raw/points/prefill/prefill-facebook-opt-350m-chunk-1024-sm-24.csv
facebook/opt-350m,1024,gemm,q_proj,24,1,77.82399654388428,51529728,53626880,2097152,2097152,1024,2026-04-15T16:21:14Z,baseline_nvml_pt,nvidia-smi,ok,0.0,67.0,1695.0,7601.0,63.19,0.16486400365829468,57.142578125,57.142578125,8.0,True,,98.70793372270461,47.06051060882392,86.31180339363162,estimated,,prefill-facebook-opt-350m-chunk-1024-sm-24,success,,,/mnt/data/dheeraj/dicertation/inference-profile/runs/revised-rerun-20260415-171945-g1-opt350m/raw/points/prefill/prefill-facebook-opt-350m-chunk-1024-sm-24.csv
facebook/opt-350m,1024,gemm,k_proj,24,1,72.57600128650665,51529728,53626880,2097152,2097152,1024,2026-04-15T16:21:14Z,baseline_nvml_pt,nvidia-smi,ok,0.0,67.0,1695.0,7601.0,63.19,0.16486400365829468,57.142578125,57.142578125,8.0,True,,98.70793372270461,47.06051060882392,86.31180339363162,estimated,,prefill-facebook-opt-350m-chunk-1024-sm-24,success,,,/mnt/data/dheeraj/dicertation/inference-profile/runs/revised-rerun-20260415-171945-g1-opt350m/raw/points/prefill/prefill-facebook-opt-350m-chunk-1024-sm-24.csv
facebook/opt-350m,1024,gemm,v_proj,24,1,71.68000191450119,51529728,53626880,2097152,2097152,1024,2026-04-15T16:21:14Z,baseline_nvml_pt,nvidia-smi,ok,0.0,67.0,1695.0,7601.0,63.19,0.16486400365829468,57.142578125,57.142578125,8.0,True,,98.70793372270461,47.06051060882392,86.31180339363162,estimated,,prefill-facebook-opt-350m-chunk-1024-sm-24,success,,,/mnt/data/dheeraj/dicertation/inference-profile/runs/revised-rerun-20260415-171945-g1-opt350m/raw/points/prefill/prefill-facebook-opt-350m-chunk-1024-sm-24.csv
facebook/opt-350m,1024,gemm,out_proj,24,1,72.7040022611618,51529728,53626880,2097152,2097152,1024,2026-04-15T16:21:14Z,baseline_nvml_pt,nvidia-smi,ok,0.0,67.0,1695.0,7601.0,63.19,0.16486400365829468,57.142578125,57.142578125,8.0,True,,98.70793372270461,47.06051060882392,86.31180339363162,estimated,,prefill-facebook-opt-350m-chunk-1024-sm-24,success,,,/mnt/data/dheeraj/dicertation/inference-profile/runs/revised-rerun-20260415-171945-g1-opt350m/raw/points/prefill/prefill-facebook-opt-350m-chunk-1024-sm-24.csv
facebook/opt-350m,1024,gemm,fc1,24,1,161.79199516773224,51529728,59918336,8388608,8388608,1024,2026-04-15T16:21:14Z,baseline_nvml_pt,nvidia-smi,ok,0.0,67.0,1695.0,7601.0,63.19,0.16486400365829468,57.142578125,57.142578125,8.0,True,,98.70793372270461,47.06051060882392,86.31180339363162,estimated,,prefill-facebook-opt-350m-chunk-1024-sm-24,success,,,/mnt/data/dheeraj/dicertation/inference-profile/runs/revised-rerun-20260415-171945-g1-opt350m/raw/points/prefill/prefill-facebook-opt-350m-chunk-1024-sm-24.csv
facebook/opt-350m,1024,gemm,fc2,24,1,139.26400244235992,51529728,53626880,2097152,2097152,1024,2026-04-15T16:21:14Z,baseline_nvml_pt,nvidia-smi,ok,0.0,67.0,1695.0,7601.0,63.19,0.16486400365829468,57.142578125,57.142578125,8.0,True,,98.70793372270461,47.06051060882392,86.31180339363162,estimated,,prefill-facebook-opt-350m-chunk-1024-sm-24,success,,,/mnt/data/dheeraj/dicertation/inference-profile/runs/revised-rerun-20260415-171945-g1-opt350m/raw/points/prefill/prefill-facebook-opt-350m-chunk-1024-sm-24.csv
facebook/opt-350m,1024,attention,attention,24,1,93.18400174379349,51529728,53693440,2163712,2097152,1024,2026-04-15T16:21:14Z,baseline_nvml_pt,nvidia-smi,ok,0.0,67.0,1695.0,7601.0,63.19,0.16486400365829468,57.142578125,57.142578125,8.0,True,,98.70793372270461,47.06051060882392,86.31180339363162,estimated,,prefill-facebook-opt-350m-chunk-1024-sm-24,success,,,/mnt/data/dheeraj/dicertation/inference-profile/runs/revised-rerun-20260415-171945-g1-opt350m/raw/points/prefill/prefill-facebook-opt-350m-chunk-1024-sm-24.csv
facebook/opt-350m,1024,gemm,q_proj,24,2,79.8719972372055,51529728,53626880,2097152,2097152,1024,2026-04-15T16:21:14Z,baseline_nvml_pt,nvidia-smi,ok,0.0,67.0,1695.0,7601.0,63.19,0.16486400365829468,57.142578125,57.142578125,8.0,True,,98.70793372270461,47.06051060882392,86.31180339363162,estimated,,prefill-facebook-opt-350m-chunk-1024-sm-24,success,,,/mnt/data/dheeraj/dicertation/inference-profile/runs/revised-rerun-20260415-171945-g1-opt350m/raw/points/prefill/prefill-facebook-opt-350m-chunk-1024-sm-24.csv
facebook/opt-350m,1024,gemm,k_proj,24,2,73.66400212049484,51529728,53626880,2097152,2097152,1024,2026-04-15T16:21:14Z,baseline_nvml_pt,nvidia-smi,ok,0.0,67.0,1695.0,7601.0,63.19,0.16486400365829468,57.142578125,57.142578125,8.0,True,,98.70793372270461,47.06051060882392,86.31180339363162,estimated,,prefill-facebook-opt-350m-chunk-1024-sm-24,success,,,/mnt/data/dheeraj/dicertation/inference-profile/runs/revised-rerun-20260415-171945-g1-opt350m/raw/points/prefill/prefill-facebook-opt-350m-chunk-1024-sm-24.csv
facebook/opt-350m,1024,gemm,v_proj,24,2,72.7040022611618,51529728,53626880,2097152,2097152,1024,2026-04-15T16:21:14Z,baseline_nvml_pt,nvidia-smi,ok,0.0,67.0,1695.0,7601.0,63.19,0.16486400365829468,57.142578125,57.142578125,8.0,True,,98.70793372270461,47.06051060882392,86.31180339363162,estimated,,prefill-facebook-opt-350m-chunk-1024-sm-24,success,,,/mnt/data/dheeraj/dicertation/inference-profile/runs/revised-rerun-20260415-171945-g1-opt350m/raw/points/prefill/prefill-facebook-opt-350m-chunk-1024-sm-24.csv
facebook/opt-350m,1024,gemm,out_proj,24,2,72.4480003118515,51529728,53626880,2097152,2097152,1024,2026-04-15T16:21:14Z,baseline_nvml_pt,nvidia-smi,ok,0.0,67.0,1695.0,7601.0,63.19,0.16486400365829468,57.142578125,57.142578125,8.0,True,,98.70793372270461,47.06051060882392,86.31180339363162,estimated,,prefill-facebook-opt-350m-chunk-1024-sm-24,success,,,/mnt/data/dheeraj/dicertation/inference-profile/runs/revised-rerun-20260415-171945-g1-opt350m/raw/points/prefill/prefill-facebook-opt-350m-chunk-1024-sm-24.csv
facebook/opt-350m,1024,gemm,fc1,24,2,158.720001578331,51529728,59918336,8388608,8388608,1024,2026-04-15T16:21:14Z,baseline_nvml_pt,nvidia-smi,ok,0.0,67.0,1695.0,7601.0,63.19,0.16486400365829468,57.142578125,57.142578125,8.0,True,,98.70793372270461,47.06051060882392,86.31180339363162,estimated,,prefill-facebook-opt-350m-chunk-1024-sm-24,success,,,/mnt/data/dheeraj/dicertation/inference-profile/runs/revised-rerun-20260415-171945-g1-opt350m/raw/points/prefill/prefill-facebook-opt-350m-chunk-1024-sm-24.csv
facebook/opt-350m,1024,gemm,fc2,24,2,140.28799533843994,51529728,53626880,2097152,2097152,1024,2026-04-15T16:21:14Z,baseline_nvml_pt,nvidia-smi,ok,0.0,67.0,1695.0,7601.0,63.19,0.16486400365829468,57.142578125,57.142578125,8.0,True,,98.70793372270461,47.06051060882392,86.31180339363162,estimated,,prefill-facebook-opt-350m-chunk-1024-sm-24,success,,,/mnt/data/dheeraj/dicertation/inference-profile/runs/revised-rerun-20260415-171945-g1-opt350m/raw/points/prefill/prefill-facebook-opt-350m-chunk-1024-sm-24.csv
facebook/opt-350m,1024,attention,attention,24,2,92.16000139713287,51529728,53693440,2163712,2097152,1024,2026-04-15T16:21:14Z,baseline_nvml_pt,nvidia-smi,ok,0.0,67.0,1695.0,7601.0,63.19,0.16486400365829468,57.142578125,57.142578125,8.0,True,,98.70793372270461,47.06051060882392,86.31180339363162,estimated,,prefill-facebook-opt-350m-chunk-1024-sm-24,success,,,/mnt/data/dheeraj/dicertation/inference-profile/runs/revised-rerun-20260415-171945-g1-opt350m/raw/points/prefill/prefill-facebook-opt-350m-chunk-1024-sm-24.csv
facebook/opt-350m,1024,gemm,q_proj,24,3,75.74400305747986,51529728,53626880,2097152,2097152,1024,2026-04-15T16:21:14Z,baseline_nvml_pt,nvidia-smi,ok,0.0,67.0,1695.0,7601.0,63.19,0.16486400365829468,57.142578125,57.142578125,8.0,True,,98.70793372270461,47.06051060882392,86.31180339363162,estimated,,prefill-facebook-opt-350m-chunk-1024-sm-24,success,,,/mnt/data/dheeraj/dicertation/inference-profile/runs/revised-rerun-20260415-171945-g1-opt350m/raw/points/prefill/prefill-facebook-opt-350m-chunk-1024-sm-24.csv
facebook/opt-350m,1024,gemm,k_proj,24,3,78.84799689054489,51529728,53626880,2097152,2097152,1024,2026-04-15T16:21:14Z,baseline_nvml_pt,nvidia-smi,ok,0.0,67.0,1695.0,7601.0,63.19,0.16486400365829468,57.142578125,57.142578125,8.0,True,,98.70793372270461,47.06051060882392,86.31180339363162,estimated,,prefill-facebook-opt-350m-chunk-1024-sm-24,success,,,/mnt/data/dheeraj/dicertation/inference-profile/runs/revised-rerun-20260415-171945-g1-opt350m/raw/points/prefill/prefill-facebook-opt-350m-chunk-1024-sm-24.csv
facebook/opt-350m,1024,gemm,v_proj,24,3,73.44000041484833,51529728,53626880,2097152,2097152,1024,2026-04-15T16:21:14Z,baseline_nvml_pt,nvidia-smi,ok,0.0,67.0,1695.0,7601.0,63.19,0.16486400365829468,57.142578125,57.142578125,8.0,True,,98.70793372270461,47.06051060882392,86.31180339363162,estimated,,prefill-facebook-opt-350m-chunk-1024-sm-24,success,,,/mnt/data/dheeraj/dicertation/inference-profile/runs/revised-rerun-20260415-171945-g1-opt350m/raw/points/prefill/prefill-facebook-opt-350m-chunk-1024-sm-24.csv
facebook/opt-350m,1024,gemm,out_proj,24,3,72.7040022611618,51529728,53626880,2097152,2097152,1024,2026-04-15T16:21:14Z,baseline_nvml_pt,nvidia-smi,ok,0.0,67.0,1695.0,7601.0,63.19,0.16486400365829468,57.142578125,57.142578125,8.0,True,,98.70793372270461,47.06051060882392,86.31180339363162,estimated,,prefill-facebook-opt-350m-chunk-1024-sm-24,success,,,/mnt/data/dheeraj/dicertation/inference-profile/runs/revised-rerun-20260415-171945-g1-opt350m/raw/points/prefill/prefill-facebook-opt-350m-chunk-1024-sm-24.csv
facebook/opt-350m,1024,gemm,fc1,24,3,161.79199516773224,51529728,59918336,8388608,8388608,1024,2026-04-15T16:21:14Z,baseline_nvml_pt,nvidia-smi,ok,0.0,67.0,1695.0,7601.0,63.19,0.16486400365829468,57.142578125,57.142578125,8.0,True,,98.70793372270461,47.06051060882392,86.31180339363162,estimated,,prefill-facebook-opt-350m-chunk-1024-sm-24,success,,,/mnt/data/dheeraj/dicertation/inference-profile/runs/revised-rerun-20260415-171945-g1-opt350m/raw/points/prefill/prefill-facebook-opt-350m-chunk-1024-sm-24.csv
facebook/opt-350m,1024,gemm,fc2,24,3,138.17599415779114,51529728,53626880,2097152,2097152,1024,2026-04-15T16:21:14Z,baseline_nvml_pt,nvidia-smi,ok,0.0,67.0,1695.0,7601.0,63.19,0.16486400365829468,57.142578125,57.142578125,8.0,True,,98.70793372270461,47.06051060882392,86.31180339363162,estimated,,prefill-facebook-opt-350m-chunk-1024-sm-24,success,,,/mnt/data/dheeraj/dicertation/inference-profile/runs/revised-rerun-20260415-171945-g1-opt350m/raw/points/prefill/prefill-facebook-opt-350m-chunk-1024-sm-24.csv
facebook/opt-350m,1024,attention,attention,24,3,91.13600105047226,51529728,53693440,2163712,2097152,1024,2026-04-15T16:21:14Z,baseline_nvml_pt,nvidia-smi,ok,0.0,67.0,1695.0,7601.0,63.19,0.16486400365829468,57.142578125,57.142578125,8.0,True,,98.70793372270461,47.06051060882392,86.31180339363162,estimated,,prefill-facebook-opt-350m-chunk-1024-sm-24,success,,,/mnt/data/dheeraj/dicertation/inference-profile/runs/revised-rerun-20260415-171945-g1-opt350m/raw/points/prefill/prefill-facebook-opt-350m-chunk-1024-sm-24.csv
facebook/opt-350m,1024,gemm,q_proj,24,4,74.75200295448303,51529728,53626880,2097152,2097152,1024,2026-04-15T16:21:14Z,baseline_nvml_pt,nvidia-smi,ok,0.0,67.0,1695.0,7601.0,63.19,0.16486400365829468,57.142578125,57.142578125,8.0,True,,98.70793372270461,47.06051060882392,86.31180339363162,estimated,,prefill-facebook-opt-350m-chunk-1024-sm-24,success,,,/mnt/data/dheeraj/dicertation/inference-profile/runs/revised-rerun-20260415-171945-g1-opt350m/raw/points/prefill/prefill-facebook-opt-350m-chunk-1024-sm-24.csv
facebook/opt-350m,1024,gemm,k_proj,24,4,71.68000191450119,51529728,53626880,2097152,2097152,1024,2026-04-15T16:21:14Z,baseline_nvml_pt,nvidia-smi,ok,0.0,67.0,1695.0,7601.0,63.19,0.16486400365829468,57.142578125,57.142578125,8.0,True,,98.70793372270461,47.06051060882392,86.31180339363162,estimated,,prefill-facebook-opt-350m-chunk-1024-sm-24,success,,,/mnt/data/dheeraj/dicertation/inference-profile/runs/revised-rerun-20260415-171945-g1-opt350m/raw/points/prefill/prefill-facebook-opt-350m-chunk-1024-sm-24.csv
facebook/opt-350m,1024,gemm,v_proj,24,4,69.63200122117996,51529728,53626880,2097152,2097152,1024,2026-04-15T16:21:14Z,baseline_nvml_pt,nvidia-smi,ok,0.0,67.0,1695.0,7601.0,63.19,0.16486400365829468,57.142578125,57.142578125,8.0,True,,98.70793372270461,47.06051060882392,86.31180339363162,estimated,,prefill-facebook-opt-350m-chunk-1024-sm-24,success,,,/mnt/data/dheeraj/dicertation/inference-profile/runs/revised-rerun-20260415-171945-g1-opt350m/raw/points/prefill/prefill-facebook-opt-350m-chunk-1024-sm-24.csv
facebook/opt-350m,1024,gemm,out_proj,24,4,69.63200122117996,51529728,53626880,2097152,2097152,1024,2026-04-15T16:21:14Z,baseline_nvml_pt,nvidia-smi,ok,0.0,67.0,1695.0,7601.0,63.19,0.16486400365829468,57.142578125,57.142578125,8.0,True,,98.70793372270461,47.06051060882392,86.31180339363162,estimated,,prefill-facebook-opt-350m-chunk-1024-sm-24,success,,,/mnt/data/dheeraj/dicertation/inference-profile/runs/revised-rerun-20260415-171945-g1-opt350m/raw/points/prefill/prefill-facebook-opt-350m-chunk-1024-sm-24.csv
facebook/opt-350m,1024,gemm,fc1,24,4,161.5999937057495,51529728,59918336,8388608,8388608,1024,2026-04-15T16:21:14Z,baseline_nvml_pt,nvidia-smi,ok,0.0,67.0,1695.0,7601.0,63.19,0.16486400365829468,57.142578125,57.142578125,8.0,True,,98.70793372270461,47.06051060882392,86.31180339363162,estimated,,prefill-facebook-opt-350m-chunk-1024-sm-24,success,,,/mnt/data/dheeraj/dicertation/inference-profile/runs/revised-rerun-20260415-171945-g1-opt350m/raw/points/prefill/prefill-facebook-opt-350m-chunk-1024-sm-24.csv
facebook/opt-350m,1024,gemm,fc2,24,4,139.26400244235992,51529728,53626880,2097152,2097152,1024,2026-04-15T16:21:14Z,baseline_nvml_pt,nvidia-smi,ok,0.0,67.0,1695.0,7601.0,63.19,0.16486400365829468,57.142578125,57.142578125,8.0,True,,98.70793372270461,47.06051060882392,86.31180339363162,estimated,,prefill-facebook-opt-350m-chunk-1024-sm-24,success,,,/mnt/data/dheeraj/dicertation/inference-profile/runs/revised-rerun-20260415-171945-g1-opt350m/raw/points/prefill/prefill-facebook-opt-350m-chunk-1024-sm-24.csv
facebook/opt-350m,1024,attention,attention,24,4,93.05600076913834,51529728,53693440,2163712,2097152,1024,2026-04-15T16:21:14Z,baseline_nvml_pt,nvidia-smi,ok,0.0,67.0,1695.0,7601.0,63.19,0.16486400365829468,57.142578125,57.142578125,8.0,True,,98.70793372270461,47.06051060882392,86.31180339363162,estimated,,prefill-facebook-opt-350m-chunk-1024-sm-24,success,,,/mnt/data/dheeraj/dicertation/inference-profile/runs/revised-rerun-20260415-171945-g1-opt350m/raw/points/prefill/prefill-facebook-opt-350m-chunk-1024-sm-24.csv
facebook/opt-350m,1024,gemm,q_proj,32,0,86.81599795818329,51529728,53626880,2097152,2097152,1024,2026-04-15T16:21:19Z,baseline_nvml_pt,nvidia-smi,ok,2.0,67.0,1695.0,7601.0,63.88,0.16681599617004395,57.142578125,57.142578125,8.0,True,,100.0,42.034630835066025,94.15833097487084,estimated,,prefill-facebook-opt-350m-chunk-1024-sm-32,success,,,/mnt/data/dheeraj/dicertation/inference-profile/runs/revised-rerun-20260415-171945-g1-opt350m/raw/points/prefill/prefill-facebook-opt-350m-chunk-1024-sm-32.csv
facebook/opt-350m,1024,gemm,k_proj,32,0,80.86399734020233,51529728,53626880,2097152,2097152,1024,2026-04-15T16:21:19Z,baseline_nvml_pt,nvidia-smi,ok,2.0,67.0,1695.0,7601.0,63.88,0.16681599617004395,57.142578125,57.142578125,8.0,True,,100.0,42.034630835066025,94.15833097487084,estimated,,prefill-facebook-opt-350m-chunk-1024-sm-32,success,,,/mnt/data/dheeraj/dicertation/inference-profile/runs/revised-rerun-20260415-171945-g1-opt350m/raw/points/prefill/prefill-facebook-opt-350m-chunk-1024-sm-32.csv
facebook/opt-350m,1024,gemm,v_proj,32,0,75.77600330114365,51529728,53626880,2097152,2097152,1024,2026-04-15T16:21:19Z,baseline_nvml_pt,nvidia-smi,ok,2.0,67.0,1695.0,7601.0,63.88,0.16681599617004395,57.142578125,57.142578125,8.0,True,,100.0,42.034630835066025,94.15833097487084,estimated,,prefill-facebook-opt-350m-chunk-1024-sm-32,success,,,/mnt/data/dheeraj/dicertation/inference-profile/runs/revised-rerun-20260415-171945-g1-opt350m/raw/points/prefill/prefill-facebook-opt-350m-chunk-1024-sm-32.csv
facebook/opt-350m,1024,gemm,out_proj,32,0,80.64000308513641,51529728,53626880,2097152,2097152,1024,2026-04-15T16:21:19Z,baseline_nvml_pt,nvidia-smi,ok,2.0,67.0,1695.0,7601.0,63.88,0.16681599617004395,57.142578125,57.142578125,8.0,True,,100.0,42.034630835066025,94.15833097487084,estimated,,prefill-facebook-opt-350m-chunk-1024-sm-32,success,,,/mnt/data/dheeraj/dicertation/inference-profile/runs/revised-rerun-20260415-171945-g1-opt350m/raw/points/prefill/prefill-facebook-opt-350m-chunk-1024-sm-32.csv
facebook/opt-350m,1024,gemm,fc1,32,0,166.81599617004395,51529728,59918336,8388608,8388608,1024,2026-04-15T16:21:19Z,baseline_nvml_pt,nvidia-smi,ok,2.0,67.0,1695.0,7601.0,63.88,0.16681599617004395,57.142578125,57.142578125,8.0,True,,100.0,42.034630835066025,94.15833097487084,estimated,,prefill-facebook-opt-350m-chunk-1024-sm-32,success,,,/mnt/data/dheeraj/dicertation/inference-profile/runs/revised-rerun-20260415-171945-g1-opt350m/raw/points/prefill/prefill-facebook-opt-350m-chunk-1024-sm-32.csv
facebook/opt-350m,1024,gemm,fc2,32,0,141.31200313568115,51529728,53626880,2097152,2097152,1024,2026-04-15T16:21:19Z,baseline_nvml_pt,nvidia-smi,ok,2.0,67.0,1695.0,7601.0,63.88,0.16681599617004395,57.142578125,57.142578125,8.0,True,,100.0,42.034630835066025,94.15833097487084,estimated,,prefill-facebook-opt-350m-chunk-1024-sm-32,success,,,/mnt/data/dheeraj/dicertation/inference-profile/runs/revised-rerun-20260415-171945-g1-opt350m/raw/points/prefill/prefill-facebook-opt-350m-chunk-1024-sm-32.csv
facebook/opt-350m,1024,attention,attention,32,0,94.2080020904541,51529728,53693440,2163712,2097152,1024,2026-04-15T16:21:19Z,baseline_nvml_pt,nvidia-smi,ok,2.0,67.0,1695.0,7601.0,63.88,0.16681599617004395,57.142578125,57.142578125,8.0,True,,100.0,42.034630835066025,94.15833097487084,estimated,,prefill-facebook-opt-350m-chunk-1024-sm-32,success,,,/mnt/data/dheeraj/dicertation/inference-profile/runs/revised-rerun-20260415-171945-g1-opt350m/raw/points/prefill/prefill-facebook-opt-350m-chunk-1024-sm-32.csv
facebook/opt-350m,1024,gemm,q_proj,32,1,77.82399654388428,51529728,53626880,2097152,2097152,1024,2026-04-15T16:21:19Z,baseline_nvml_pt,nvidia-smi,ok,2.0,67.0,1695.0,7601.0,63.88,0.16681599617004395,57.142578125,57.142578125,8.0,True,,100.0,42.034630835066025,94.15833097487084,estimated,,prefill-facebook-opt-350m-chunk-1024-sm-32,success,,,/mnt/data/dheeraj/dicertation/inference-profile/runs/revised-rerun-20260415-171945-g1-opt350m/raw/points/prefill/prefill-facebook-opt-350m-chunk-1024-sm-32.csv
facebook/opt-350m,1024,gemm,k_proj,32,1,73.72800260782242,51529728,53626880,2097152,2097152,1024,2026-04-15T16:21:19Z,baseline_nvml_pt,nvidia-smi,ok,2.0,67.0,1695.0,7601.0,63.88,0.16681599617004395,57.142578125,57.142578125,8.0,True,,100.0,42.034630835066025,94.15833097487084,estimated,,prefill-facebook-opt-350m-chunk-1024-sm-32,success,,,/mnt/data/dheeraj/dicertation/inference-profile/runs/revised-rerun-20260415-171945-g1-opt350m/raw/points/prefill/prefill-facebook-opt-350m-chunk-1024-sm-32.csv
facebook/opt-350m,1024,gemm,v_proj,32,1,90.11200070381165,51529728,53626880,2097152,2097152,1024,2026-04-15T16:21:19Z,baseline_nvml_pt,nvidia-smi,ok,2.0,67.0,1695.0,7601.0,63.88,0.16681599617004395,57.142578125,57.142578125,8.0,True,,100.0,42.034630835066025,94.15833097487084,estimated,,prefill-facebook-opt-350m-chunk-1024-sm-32,success,,,/mnt/data/dheeraj/dicertation/inference-profile/runs/revised-rerun-20260415-171945-g1-opt350m/raw/points/prefill/prefill-facebook-opt-350m-chunk-1024-sm-32.csv
facebook/opt-350m,1024,gemm,out_proj,32,1,73.66400212049484,51529728,53626880,2097152,2097152,1024,2026-04-15T16:21:19Z,baseline_nvml_pt,nvidia-smi,ok,2.0,67.0,1695.0,7601.0,63.88,0.16681599617004395,57.142578125,57.142578125,8.0,True,,100.0,42.034630835066025,94.15833097487084,estimated,,prefill-facebook-opt-350m-chunk-1024-sm-32,success,,,/mnt/data/dheeraj/dicertation/inference-profile/runs/revised-rerun-20260415-171945-g1-opt350m/raw/points/prefill/prefill-facebook-opt-350m-chunk-1024-sm-32.csv
facebook/opt-350m,1024,gemm,fc1,32,1,160.76800227165222,51529728,59918336,8388608,8388608,1024,2026-04-15T16:21:19Z,baseline_nvml_pt,nvidia-smi,ok,2.0,67.0,1695.0,7601.0,63.88,0.16681599617004395,57.142578125,57.142578125,8.0,True,,100.0,42.034630835066025,94.15833097487084,estimated,,prefill-facebook-opt-350m-chunk-1024-sm-32,success,,,/mnt/data/dheeraj/dicertation/inference-profile/runs/revised-rerun-20260415-171945-g1-opt350m/raw/points/prefill/prefill-facebook-opt-350m-chunk-1024-sm-32.csv
facebook/opt-350m,1024,gemm,fc2,32,1,140.28799533843994,51529728,53626880,2097152,2097152,1024,2026-04-15T16:21:19Z,baseline_nvml_pt,nvidia-smi,ok,2.0,67.0,1695.0,7601.0,63.88,0.16681599617004395,57.142578125,57.142578125,8.0,True,,100.0,42.034630835066025,94.15833097487084,estimated,,prefill-facebook-opt-350m-chunk-1024-sm-32,success,,,/mnt/data/dheeraj/dicertation/inference-profile/runs/revised-rerun-20260415-171945-g1-opt350m/raw/points/prefill/prefill-facebook-opt-350m-chunk-1024-sm-32.csv
facebook/opt-350m,1024,attention,attention,32,1,92.92799979448318,51529728,53693440,2163712,2097152,1024,2026-04-15T16:21:19Z,baseline_nvml_pt,nvidia-smi,ok,2.0,67.0,1695.0,7601.0,63.88,0.16681599617004395,57.142578125,57.142578125,8.0,True,,100.0,42.034630835066025,94.15833097487084,estimated,,prefill-facebook-opt-350m-chunk-1024-sm-32,success,,,/mnt/data/dheeraj/dicertation/inference-profile/runs/revised-rerun-20260415-171945-g1-opt350m/raw/points/prefill/prefill-facebook-opt-350m-chunk-1024-sm-32.csv
facebook/opt-350m,1024,gemm,q_proj,32,2,80.73599636554718,51529728,53626880,2097152,2097152,1024,2026-04-15T16:21:19Z,baseline_nvml_pt,nvidia-smi,ok,2.0,67.0,1695.0,7601.0,63.88,0.16681599617004395,57.142578125,57.142578125,8.0,True,,100.0,42.034630835066025,94.15833097487084,estimated,,prefill-facebook-opt-350m-chunk-1024-sm-32,success,,,/mnt/data/dheeraj/dicertation/inference-profile/runs/revised-rerun-20260415-171945-g1-opt350m/raw/points/prefill/prefill-facebook-opt-350m-chunk-1024-sm-32.csv
facebook/opt-350m,1024,gemm,k_proj,32,2,74.5920017361641,51529728,53626880,2097152,2097152,1024,2026-04-15T16:21:19Z,baseline_nvml_pt,nvidia-smi,ok,2.0,67.0,1695.0,7601.0,63.88,0.16681599617004395,57.142578125,57.142578125,8.0,True,,100.0,42.034630835066025,94.15833097487084,estimated,,prefill-facebook-opt-350m-chunk-1024-sm-32,success,,,/mnt/data/dheeraj/dicertation/inference-profile/runs/revised-rerun-20260415-171945-g1-opt350m/raw/points/prefill/prefill-facebook-opt-350m-chunk-1024-sm-32.csv
facebook/opt-350m,1024,gemm,v_proj,32,2,73.72800260782242,51529728,53626880,2097152,2097152,1024,2026-04-15T16:21:19Z,baseline_nvml_pt,nvidia-smi,ok,2.0,67.0,1695.0,7601.0,63.88,0.16681599617004395,57.142578125,57.142578125,8.0,True,,100.0,42.034630835066025,94.15833097487084,estimated,,prefill-facebook-opt-350m-chunk-1024-sm-32,success,,,/mnt/data/dheeraj/dicertation/inference-profile/runs/revised-rerun-20260415-171945-g1-opt350m/raw/points/prefill/prefill-facebook-opt-350m-chunk-1024-sm-32.csv
facebook/opt-350m,1024,gemm,out_proj,32,2,71.42399996519089,51529728,53626880,2097152,2097152,1024,2026-04-15T16:21:19Z,baseline_nvml_pt,nvidia-smi,ok,2.0,67.0,1695.0,7601.0,63.88,0.16681599617004395,57.142578125,57.142578125,8.0,True,,100.0,42.034630835066025,94.15833097487084,estimated,,prefill-facebook-opt-350m-chunk-1024-sm-32,success,,,/mnt/data/dheeraj/dicertation/inference-profile/runs/revised-rerun-20260415-171945-g1-opt350m/raw/points/prefill/prefill-facebook-opt-350m-chunk-1024-sm-32.csv
facebook/opt-350m,1024,gemm,fc1,32,2,160.76800227165222,51529728,59918336,8388608,8388608,1024,2026-04-15T16:21:19Z,baseline_nvml_pt,nvidia-smi,ok,2.0,67.0,1695.0,7601.0,63.88,0.16681599617004395,57.142578125,57.142578125,8.0,True,,100.0,42.034630835066025,94.15833097487084,estimated,,prefill-facebook-opt-350m-chunk-1024-sm-32,success,,,/mnt/data/dheeraj/dicertation/inference-profile/runs/revised-rerun-20260415-171945-g1-opt350m/raw/points/prefill/prefill-facebook-opt-350m-chunk-1024-sm-32.csv
facebook/opt-350m,1024,gemm,fc2,32,2,140.25600254535675,51529728,53626880,2097152,2097152,1024,2026-04-15T16:21:19Z,baseline_nvml_pt,nvidia-smi,ok,2.0,67.0,1695.0,7601.0,63.88,0.16681599617004395,57.142578125,57.142578125,8.0,True,,100.0,42.034630835066025,94.15833097487084,estimated,,prefill-facebook-opt-350m-chunk-1024-sm-32,success,,,/mnt/data/dheeraj/dicertation/inference-profile/runs/revised-rerun-20260415-171945-g1-opt350m/raw/points/prefill/prefill-facebook-opt-350m-chunk-1024-sm-32.csv
facebook/opt-350m,1024,attention,attention,32,2,93.05600076913834,51529728,53693440,2163712,2097152,1024,2026-04-15T16:21:19Z,baseline_nvml_pt,nvidia-smi,ok,2.0,67.0,1695.0,7601.0,63.88,0.16681599617004395,57.142578125,57.142578125,8.0,True,,100.0,42.034630835066025,94.15833097487084,estimated,,prefill-facebook-opt-350m-chunk-1024-sm-32,success,,,/mnt/data/dheeraj/dicertation/inference-profile/runs/revised-rerun-20260415-171945-g1-opt350m/raw/points/prefill/prefill-facebook-opt-350m-chunk-1024-sm-32.csv
facebook/opt-350m,1024,gemm,q_proj,32,3,75.68000257015228,51529728,53626880,2097152,2097152,1024,2026-04-15T16:21:19Z,baseline_nvml_pt,nvidia-smi,ok,2.0,67.0,1695.0,7601.0,63.88,0.16681599617004395,57.142578125,57.142578125,8.0,True,,100.0,42.034630835066025,94.15833097487084,estimated,,prefill-facebook-opt-350m-chunk-1024-sm-32,success,,,/mnt/data/dheeraj/dicertation/inference-profile/runs/revised-rerun-20260415-171945-g1-opt350m/raw/points/prefill/prefill-facebook-opt-350m-chunk-1024-sm-32.csv
facebook/opt-350m,1024,gemm,k_proj,32,3,73.72800260782242,51529728,53626880,2097152,2097152,1024,2026-04-15T16:21:19Z,baseline_nvml_pt,nvidia-smi,ok,2.0,67.0,1695.0,7601.0,63.88,0.16681599617004395,57.142578125,57.142578125,8.0,True,,100.0,42.034630835066025,94.15833097487084,estimated,,prefill-facebook-opt-350m-chunk-1024-sm-32,success,,,/mnt/data/dheeraj/dicertation/inference-profile/runs/revised-rerun-20260415-171945-g1-opt350m/raw/points/prefill/prefill-facebook-opt-350m-chunk-1024-sm-32.csv
facebook/opt-350m,1024,gemm,v_proj,32,3,71.68000191450119,51529728,53626880,2097152,2097152,1024,2026-04-15T16:21:19Z,baseline_nvml_pt,nvidia-smi,ok,2.0,67.0,1695.0,7601.0,63.88,0.16681599617004395,57.142578125,57.142578125,8.0,True,,100.0,42.034630835066025,94.15833097487084,estimated,,prefill-facebook-opt-350m-chunk-1024-sm-32,success,,,/mnt/data/dheeraj/dicertation/inference-profile/runs/revised-rerun-20260415-171945-g1-opt350m/raw/points/prefill/prefill-facebook-opt-350m-chunk-1024-sm-32.csv
facebook/opt-350m,1024,gemm,out_proj,32,3,79.8719972372055,51529728,53626880,2097152,2097152,1024,2026-04-15T16:21:19Z,baseline_nvml_pt,nvidia-smi,ok,2.0,67.0,1695.0,7601.0,63.88,0.16681599617004395,57.142578125,57.142578125,8.0,True,,100.0,42.034630835066025,94.15833097487084,estimated,,prefill-facebook-opt-350m-chunk-1024-sm-32,success,,,/mnt/data/dheeraj/dicertation/inference-profile/runs/revised-rerun-20260415-171945-g1-opt350m/raw/points/prefill/prefill-facebook-opt-350m-chunk-1024-sm-32.csv
facebook/opt-350m,1024,gemm,fc1,32,3,160.76800227165222,51529728,59918336,8388608,8388608,1024,2026-04-15T16:21:19Z,baseline_nvml_pt,nvidia-smi,ok,2.0,67.0,1695.0,7601.0,63.88,0.16681599617004395,57.142578125,57.142578125,8.0,True,,100.0,42.034630835066025,94.15833097487084,estimated,,prefill-facebook-opt-350m-chunk-1024-sm-32,success,,,/mnt/data/dheeraj/dicertation/inference-profile/runs/revised-rerun-20260415-171945-g1-opt350m/raw/points/prefill/prefill-facebook-opt-350m-chunk-1024-sm-32.csv
facebook/opt-350m,1024,gemm,fc2,32,3,139.26400244235992,51529728,53626880,2097152,2097152,1024,2026-04-15T16:21:19Z,baseline_nvml_pt,nvidia-smi,ok,2.0,67.0,1695.0,7601.0,63.88,0.16681599617004395,57.142578125,57.142578125,8.0,True,,100.0,42.034630835066025,94.15833097487084,estimated,,prefill-facebook-opt-350m-chunk-1024-sm-32,success,,,/mnt/data/dheeraj/dicertation/inference-profile/runs/revised-rerun-20260415-171945-g1-opt350m/raw/points/prefill/prefill-facebook-opt-350m-chunk-1024-sm-32.csv
facebook/opt-350m,1024,attention,attention,32,3,92.32000261545181,51529728,53693440,2163712,2097152,1024,2026-04-15T16:21:19Z,baseline_nvml_pt,nvidia-smi,ok,2.0,67.0,1695.0,7601.0,63.88,0.16681599617004395,57.142578125,57.142578125,8.0,True,,100.0,42.034630835066025,94.15833097487084,estimated,,prefill-facebook-opt-350m-chunk-1024-sm-32,success,,,/mnt/data/dheeraj/dicertation/inference-profile/runs/revised-rerun-20260415-171945-g1-opt350m/raw/points/prefill/prefill-facebook-opt-350m-chunk-1024-sm-32.csv
facebook/opt-350m,1024,gemm,q_proj,32,4,74.8480036854744,51529728,53626880,2097152,2097152,1024,2026-04-15T16:21:19Z,baseline_nvml_pt,nvidia-smi,ok,2.0,67.0,1695.0,7601.0,63.88,0.16681599617004395,57.142578125,57.142578125,8.0,True,,100.0,42.034630835066025,94.15833097487084,estimated,,prefill-facebook-opt-350m-chunk-1024-sm-32,success,,,/mnt/data/dheeraj/dicertation/inference-profile/runs/revised-rerun-20260415-171945-g1-opt350m/raw/points/prefill/prefill-facebook-opt-350m-chunk-1024-sm-32.csv
facebook/opt-350m,1024,gemm,k_proj,32,4,71.68000191450119,51529728,53626880,2097152,2097152,1024,2026-04-15T16:21:19Z,baseline_nvml_pt,nvidia-smi,ok,2.0,67.0,1695.0,7601.0,63.88,0.16681599617004395,57.142578125,57.142578125,8.0,True,,100.0,42.034630835066025,94.15833097487084,estimated,,prefill-facebook-opt-350m-chunk-1024-sm-32,success,,,/mnt/data/dheeraj/dicertation/inference-profile/runs/revised-rerun-20260415-171945-g1-opt350m/raw/points/prefill/prefill-facebook-opt-350m-chunk-1024-sm-32.csv
facebook/opt-350m,1024,gemm,v_proj,32,4,70.65600156784058,51529728,53626880,2097152,2097152,1024,2026-04-15T16:21:19Z,baseline_nvml_pt,nvidia-smi,ok,2.0,67.0,1695.0,7601.0,63.88,0.16681599617004395,57.142578125,57.142578125,8.0,True,,100.0,42.034630835066025,94.15833097487084,estimated,,prefill-facebook-opt-350m-chunk-1024-sm-32,success,,,/mnt/data/dheeraj/dicertation/inference-profile/runs/revised-rerun-20260415-171945-g1-opt350m/raw/points/prefill/prefill-facebook-opt-350m-chunk-1024-sm-32.csv
facebook/opt-350m,1024,gemm,out_proj,32,4,71.68000191450119,51529728,53626880,2097152,2097152,1024,2026-04-15T16:21:19Z,baseline_nvml_pt,nvidia-smi,ok,2.0,67.0,1695.0,7601.0,63.88,0.16681599617004395,57.142578125,57.142578125,8.0,True,,100.0,42.034630835066025,94.15833097487084,estimated,,prefill-facebook-opt-350m-chunk-1024-sm-32,success,,,/mnt/data/dheeraj/dicertation/inference-profile/runs/revised-rerun-20260415-171945-g1-opt350m/raw/points/prefill/prefill-facebook-opt-350m-chunk-1024-sm-32.csv
facebook/opt-350m,1024,gemm,fc1,32,4,160.47999262809753,51529728,59918336,8388608,8388608,1024,2026-04-15T16:21:19Z,baseline_nvml_pt,nvidia-smi,ok,2.0,67.0,1695.0,7601.0,63.88,0.16681599617004395,57.142578125,57.142578125,8.0,True,,100.0,42.034630835066025,94.15833097487084,estimated,,prefill-facebook-opt-350m-chunk-1024-sm-32,success,,,/mnt/data/dheeraj/dicertation/inference-profile/runs/revised-rerun-20260415-171945-g1-opt350m/raw/points/prefill/prefill-facebook-opt-350m-chunk-1024-sm-32.csv
facebook/opt-350m,1024,gemm,fc2,32,4,138.2399946451187,51529728,53626880,2097152,2097152,1024,2026-04-15T16:21:19Z,baseline_nvml_pt,nvidia-smi,ok,2.0,67.0,1695.0,7601.0,63.88,0.16681599617004395,57.142578125,57.142578125,8.0,True,,100.0,42.034630835066025,94.15833097487084,estimated,,prefill-facebook-opt-350m-chunk-1024-sm-32,success,,,/mnt/data/dheeraj/dicertation/inference-profile/runs/revised-rerun-20260415-171945-g1-opt350m/raw/points/prefill/prefill-facebook-opt-350m-chunk-1024-sm-32.csv
facebook/opt-350m,1024,attention,attention,32,4,93.1520015001297,51529728,53693440,2163712,2097152,1024,2026-04-15T16:21:19Z,baseline_nvml_pt,nvidia-smi,ok,2.0,67.0,1695.0,7601.0,63.88,0.16681599617004395,57.142578125,57.142578125,8.0,True,,100.0,42.034630835066025,94.15833097487084,estimated,,prefill-facebook-opt-350m-chunk-1024-sm-32,success,,,/mnt/data/dheeraj/dicertation/inference-profile/runs/revised-rerun-20260415-171945-g1-opt350m/raw/points/prefill/prefill-facebook-opt-350m-chunk-1024-sm-32.csv
