model_id,chunk_tokens,op_type,op_name,sm_ai_partition,timed_iteration,duration_us,baseline_vram_bytes,peak_vram_bytes,dynamic_workspace_bytes,output_bytes,max_input_tokens,telemetry_ts,telemetry_tier,telemetry_provider,telemetry_status,gpu_util,gpu_mem_used_mb,sm_clock_mhz,mem_clock_mhz,power_w,pt_step_ms,pt_mem_alloc_mb,pt_mem_reserved_mb,pt_workspace_mb,nvml_available,sampling_error,acu_pct,gbu_pct,smu_pct,microscopic_telemetry_status,microscopic_error,point_id,public_status,failure_kind,failure_cause,raw_output_path
facebook/opt-2.7b,64,gemm,q_proj,8,0,92.0960009098053,169784320,170112000,327680,327680,1024,2026-04-15T13:55:09Z,baseline_nvml_pt,nvidia-smi,ok,0.0,39.0,1695.0,8001.0,59.94,3.3720319271087646,163.4189453125,163.4189453125,1.5,True,,71.10000000000001,70.0,62.1,estimated,,prefill-facebook-opt-2-7b-chunk-64-sm-8,success,,,/mnt/data/dheeraj/dicertation/inference-profile/runs/revised-rerun-20260415-145452-g4-opt27b-c64-256/raw/points/prefill/prefill-facebook-opt-2-7b-chunk-64-sm-8.csv
facebook/opt-2.7b,64,gemm,k_proj,8,0,77.82399654388428,169784320,170112000,327680,327680,1024,2026-04-15T13:55:09Z,baseline_nvml_pt,nvidia-smi,ok,0.0,39.0,1695.0,8001.0,59.94,3.3720319271087646,163.4189453125,163.4189453125,1.5,True,,71.10000000000001,70.0,62.1,estimated,,prefill-facebook-opt-2-7b-chunk-64-sm-8,success,,,/mnt/data/dheeraj/dicertation/inference-profile/runs/revised-rerun-20260415-145452-g4-opt27b-c64-256/raw/points/prefill/prefill-facebook-opt-2-7b-chunk-64-sm-8.csv
facebook/opt-2.7b,64,gemm,v_proj,8,0,73.72800260782242,169784320,170112000,327680,327680,1024,2026-04-15T13:55:09Z,baseline_nvml_pt,nvidia-smi,ok,0.0,39.0,1695.0,8001.0,59.94,3.3720319271087646,163.4189453125,163.4189453125,1.5,True,,71.10000000000001,70.0,62.1,estimated,,prefill-facebook-opt-2-7b-chunk-64-sm-8,success,,,/mnt/data/dheeraj/dicertation/inference-profile/runs/revised-rerun-20260415-145452-g4-opt27b-c64-256/raw/points/prefill/prefill-facebook-opt-2-7b-chunk-64-sm-8.csv
facebook/opt-2.7b,64,gemm,out_proj,8,0,75.68000257015228,169784320,170112000,327680,327680,1024,2026-04-15T13:55:09Z,baseline_nvml_pt,nvidia-smi,ok,0.0,39.0,1695.0,8001.0,59.94,3.3720319271087646,163.4189453125,163.4189453125,1.5,True,,71.10000000000001,70.0,62.1,estimated,,prefill-facebook-opt-2-7b-chunk-64-sm-8,success,,,/mnt/data/dheeraj/dicertation/inference-profile/runs/revised-rerun-20260415-145452-g4-opt27b-c64-256/raw/points/prefill/prefill-facebook-opt-2-7b-chunk-64-sm-8.csv
facebook/opt-2.7b,64,gemm,fc1,8,0,129.02399897575378,169784320,171357184,1572864,1310720,1024,2026-04-15T13:55:09Z,baseline_nvml_pt,nvidia-smi,ok,0.0,39.0,1695.0,8001.0,59.94,3.3720319271087646,163.4189453125,163.4189453125,1.5,True,,71.10000000000001,70.0,62.1,estimated,,prefill-facebook-opt-2-7b-chunk-64-sm-8,success,,,/mnt/data/dheeraj/dicertation/inference-profile/runs/revised-rerun-20260415-145452-g4-opt27b-c64-256/raw/points/prefill/prefill-facebook-opt-2-7b-chunk-64-sm-8.csv
facebook/opt-2.7b,64,gemm,fc2,8,0,133.12000036239624,169784320,170112000,327680,327680,1024,2026-04-15T13:55:09Z,baseline_nvml_pt,nvidia-smi,ok,0.0,39.0,1695.0,8001.0,59.94,3.3720319271087646,163.4189453125,163.4189453125,1.5,True,,71.10000000000001,70.0,62.1,estimated,,prefill-facebook-opt-2-7b-chunk-64-sm-8,success,,,/mnt/data/dheeraj/dicertation/inference-profile/runs/revised-rerun-20260415-145452-g4-opt27b-c64-256/raw/points/prefill/prefill-facebook-opt-2-7b-chunk-64-sm-8.csv
facebook/opt-2.7b,64,attention,attention,8,0,62.463998794555664,169784320,170121216,336896,327680,1024,2026-04-15T13:55:09Z,baseline_nvml_pt,nvidia-smi,ok,0.0,39.0,1695.0,8001.0,59.94,3.3720319271087646,163.4189453125,163.4189453125,1.5,True,,71.10000000000001,70.0,62.1,estimated,,prefill-facebook-opt-2-7b-chunk-64-sm-8,success,,,/mnt/data/dheeraj/dicertation/inference-profile/runs/revised-rerun-20260415-145452-g4-opt27b-c64-256/raw/points/prefill/prefill-facebook-opt-2-7b-chunk-64-sm-8.csv
facebook/opt-2.7b,64,gemm,q_proj,8,1,72.64000177383423,169784320,170112000,327680,327680,1024,2026-04-15T13:55:09Z,baseline_nvml_pt,nvidia-smi,ok,0.0,39.0,1695.0,8001.0,59.94,3.3720319271087646,163.4189453125,163.4189453125,1.5,True,,71.10000000000001,70.0,62.1,estimated,,prefill-facebook-opt-2-7b-chunk-64-sm-8,success,,,/mnt/data/dheeraj/dicertation/inference-profile/runs/revised-rerun-20260415-145452-g4-opt27b-c64-256/raw/points/prefill/prefill-facebook-opt-2-7b-chunk-64-sm-8.csv
facebook/opt-2.7b,64,gemm,k_proj,8,1,66.65600091218948,169784320,170112000,327680,327680,1024,2026-04-15T13:55:09Z,baseline_nvml_pt,nvidia-smi,ok,0.0,39.0,1695.0,8001.0,59.94,3.3720319271087646,163.4189453125,163.4189453125,1.5,True,,71.10000000000001,70.0,62.1,estimated,,prefill-facebook-opt-2-7b-chunk-64-sm-8,success,,,/mnt/data/dheeraj/dicertation/inference-profile/runs/revised-rerun-20260415-145452-g4-opt27b-c64-256/raw/points/prefill/prefill-facebook-opt-2-7b-chunk-64-sm-8.csv
facebook/opt-2.7b,64,gemm,v_proj,8,1,64.51199948787689,169784320,170112000,327680,327680,1024,2026-04-15T13:55:09Z,baseline_nvml_pt,nvidia-smi,ok,0.0,39.0,1695.0,8001.0,59.94,3.3720319271087646,163.4189453125,163.4189453125,1.5,True,,71.10000000000001,70.0,62.1,estimated,,prefill-facebook-opt-2-7b-chunk-64-sm-8,success,,,/mnt/data/dheeraj/dicertation/inference-profile/runs/revised-rerun-20260415-145452-g4-opt27b-c64-256/raw/points/prefill/prefill-facebook-opt-2-7b-chunk-64-sm-8.csv
facebook/opt-2.7b,64,gemm,out_proj,8,1,66.56000018119812,169784320,170112000,327680,327680,1024,2026-04-15T13:55:09Z,baseline_nvml_pt,nvidia-smi,ok,0.0,39.0,1695.0,8001.0,59.94,3.3720319271087646,163.4189453125,163.4189453125,1.5,True,,71.10000000000001,70.0,62.1,estimated,,prefill-facebook-opt-2-7b-chunk-64-sm-8,success,,,/mnt/data/dheeraj/dicertation/inference-profile/runs/revised-rerun-20260415-145452-g4-opt27b-c64-256/raw/points/prefill/prefill-facebook-opt-2-7b-chunk-64-sm-8.csv
facebook/opt-2.7b,64,gemm,fc1,8,1,125.95200538635254,169784320,171357184,1572864,1310720,1024,2026-04-15T13:55:09Z,baseline_nvml_pt,nvidia-smi,ok,0.0,39.0,1695.0,8001.0,59.94,3.3720319271087646,163.4189453125,163.4189453125,1.5,True,,71.10000000000001,70.0,62.1,estimated,,prefill-facebook-opt-2-7b-chunk-64-sm-8,success,,,/mnt/data/dheeraj/dicertation/inference-profile/runs/revised-rerun-20260415-145452-g4-opt27b-c64-256/raw/points/prefill/prefill-facebook-opt-2-7b-chunk-64-sm-8.csv
facebook/opt-2.7b,64,gemm,fc2,8,1,132.09599256515503,169784320,170112000,327680,327680,1024,2026-04-15T13:55:09Z,baseline_nvml_pt,nvidia-smi,ok,0.0,39.0,1695.0,8001.0,59.94,3.3720319271087646,163.4189453125,163.4189453125,1.5,True,,71.10000000000001,70.0,62.1,estimated,,prefill-facebook-opt-2-7b-chunk-64-sm-8,success,,,/mnt/data/dheeraj/dicertation/inference-profile/runs/revised-rerun-20260415-145452-g4-opt27b-c64-256/raw/points/prefill/prefill-facebook-opt-2-7b-chunk-64-sm-8.csv
facebook/opt-2.7b,64,attention,attention,8,1,70.65600156784058,169784320,170121216,336896,327680,1024,2026-04-15T13:55:09Z,baseline_nvml_pt,nvidia-smi,ok,0.0,39.0,1695.0,8001.0,59.94,3.3720319271087646,163.4189453125,163.4189453125,1.5,True,,71.10000000000001,70.0,62.1,estimated,,prefill-facebook-opt-2-7b-chunk-64-sm-8,success,,,/mnt/data/dheeraj/dicertation/inference-profile/runs/revised-rerun-20260415-145452-g4-opt27b-c64-256/raw/points/prefill/prefill-facebook-opt-2-7b-chunk-64-sm-8.csv
facebook/opt-2.7b,64,gemm,q_proj,8,2,72.7040022611618,169784320,170112000,327680,327680,1024,2026-04-15T13:55:09Z,baseline_nvml_pt,nvidia-smi,ok,0.0,39.0,1695.0,8001.0,59.94,3.3720319271087646,163.4189453125,163.4189453125,1.5,True,,71.10000000000001,70.0,62.1,estimated,,prefill-facebook-opt-2-7b-chunk-64-sm-8,success,,,/mnt/data/dheeraj/dicertation/inference-profile/runs/revised-rerun-20260415-145452-g4-opt27b-c64-256/raw/points/prefill/prefill-facebook-opt-2-7b-chunk-64-sm-8.csv
facebook/opt-2.7b,64,gemm,k_proj,8,2,72.7040022611618,169784320,170112000,327680,327680,1024,2026-04-15T13:55:09Z,baseline_nvml_pt,nvidia-smi,ok,0.0,39.0,1695.0,8001.0,59.94,3.3720319271087646,163.4189453125,163.4189453125,1.5,True,,71.10000000000001,70.0,62.1,estimated,,prefill-facebook-opt-2-7b-chunk-64-sm-8,success,,,/mnt/data/dheeraj/dicertation/inference-profile/runs/revised-rerun-20260415-145452-g4-opt27b-c64-256/raw/points/prefill/prefill-facebook-opt-2-7b-chunk-64-sm-8.csv
facebook/opt-2.7b,64,gemm,v_proj,8,2,66.56000018119812,169784320,170112000,327680,327680,1024,2026-04-15T13:55:09Z,baseline_nvml_pt,nvidia-smi,ok,0.0,39.0,1695.0,8001.0,59.94,3.3720319271087646,163.4189453125,163.4189453125,1.5,True,,71.10000000000001,70.0,62.1,estimated,,prefill-facebook-opt-2-7b-chunk-64-sm-8,success,,,/mnt/data/dheeraj/dicertation/inference-profile/runs/revised-rerun-20260415-145452-g4-opt27b-c64-256/raw/points/prefill/prefill-facebook-opt-2-7b-chunk-64-sm-8.csv
facebook/opt-2.7b,64,gemm,out_proj,8,2,64.60800021886826,169784320,170112000,327680,327680,1024,2026-04-15T13:55:09Z,baseline_nvml_pt,nvidia-smi,ok,0.0,39.0,1695.0,8001.0,59.94,3.3720319271087646,163.4189453125,163.4189453125,1.5,True,,71.10000000000001,70.0,62.1,estimated,,prefill-facebook-opt-2-7b-chunk-64-sm-8,success,,,/mnt/data/dheeraj/dicertation/inference-profile/runs/revised-rerun-20260415-145452-g4-opt27b-c64-256/raw/points/prefill/prefill-facebook-opt-2-7b-chunk-64-sm-8.csv
facebook/opt-2.7b,64,gemm,fc1,8,2,3372.0319271087646,169784320,171357184,1572864,1310720,1024,2026-04-15T13:55:09Z,baseline_nvml_pt,nvidia-smi,ok,0.0,39.0,1695.0,8001.0,59.94,3.3720319271087646,163.4189453125,163.4189453125,1.5,True,,71.10000000000001,70.0,62.1,estimated,,prefill-facebook-opt-2-7b-chunk-64-sm-8,success,,,/mnt/data/dheeraj/dicertation/inference-profile/runs/revised-rerun-20260415-145452-g4-opt27b-c64-256/raw/points/prefill/prefill-facebook-opt-2-7b-chunk-64-sm-8.csv
facebook/opt-2.7b,64,gemm,fc2,8,2,131.071999669075,169784320,170112000,327680,327680,1024,2026-04-15T13:55:09Z,baseline_nvml_pt,nvidia-smi,ok,0.0,39.0,1695.0,8001.0,59.94,3.3720319271087646,163.4189453125,163.4189453125,1.5,True,,71.10000000000001,70.0,62.1,estimated,,prefill-facebook-opt-2-7b-chunk-64-sm-8,success,,,/mnt/data/dheeraj/dicertation/inference-profile/runs/revised-rerun-20260415-145452-g4-opt27b-c64-256/raw/points/prefill/prefill-facebook-opt-2-7b-chunk-64-sm-8.csv
facebook/opt-2.7b,64,attention,attention,8,2,59.29600074887276,169784320,170121216,336896,327680,1024,2026-04-15T13:55:09Z,baseline_nvml_pt,nvidia-smi,ok,0.0,39.0,1695.0,8001.0,59.94,3.3720319271087646,163.4189453125,163.4189453125,1.5,True,,71.10000000000001,70.0,62.1,estimated,,prefill-facebook-opt-2-7b-chunk-64-sm-8,success,,,/mnt/data/dheeraj/dicertation/inference-profile/runs/revised-rerun-20260415-145452-g4-opt27b-c64-256/raw/points/prefill/prefill-facebook-opt-2-7b-chunk-64-sm-8.csv
facebook/opt-2.7b,64,gemm,q_proj,8,3,69.63200122117996,169784320,170112000,327680,327680,1024,2026-04-15T13:55:09Z,baseline_nvml_pt,nvidia-smi,ok,0.0,39.0,1695.0,8001.0,59.94,3.3720319271087646,163.4189453125,163.4189453125,1.5,True,,71.10000000000001,70.0,62.1,estimated,,prefill-facebook-opt-2-7b-chunk-64-sm-8,success,,,/mnt/data/dheeraj/dicertation/inference-profile/runs/revised-rerun-20260415-145452-g4-opt27b-c64-256/raw/points/prefill/prefill-facebook-opt-2-7b-chunk-64-sm-8.csv
facebook/opt-2.7b,64,gemm,k_proj,8,3,66.56000018119812,169784320,170112000,327680,327680,1024,2026-04-15T13:55:09Z,baseline_nvml_pt,nvidia-smi,ok,0.0,39.0,1695.0,8001.0,59.94,3.3720319271087646,163.4189453125,163.4189453125,1.5,True,,71.10000000000001,70.0,62.1,estimated,,prefill-facebook-opt-2-7b-chunk-64-sm-8,success,,,/mnt/data/dheeraj/dicertation/inference-profile/runs/revised-rerun-20260415-145452-g4-opt27b-c64-256/raw/points/prefill/prefill-facebook-opt-2-7b-chunk-64-sm-8.csv
facebook/opt-2.7b,64,gemm,v_proj,8,3,65.43999910354614,169784320,170112000,327680,327680,1024,2026-04-15T13:55:09Z,baseline_nvml_pt,nvidia-smi,ok,0.0,39.0,1695.0,8001.0,59.94,3.3720319271087646,163.4189453125,163.4189453125,1.5,True,,71.10000000000001,70.0,62.1,estimated,,prefill-facebook-opt-2-7b-chunk-64-sm-8,success,,,/mnt/data/dheeraj/dicertation/inference-profile/runs/revised-rerun-20260415-145452-g4-opt27b-c64-256/raw/points/prefill/prefill-facebook-opt-2-7b-chunk-64-sm-8.csv
facebook/opt-2.7b,64,gemm,out_proj,8,3,68.54400038719177,169784320,170112000,327680,327680,1024,2026-04-15T13:55:09Z,baseline_nvml_pt,nvidia-smi,ok,0.0,39.0,1695.0,8001.0,59.94,3.3720319271087646,163.4189453125,163.4189453125,1.5,True,,71.10000000000001,70.0,62.1,estimated,,prefill-facebook-opt-2-7b-chunk-64-sm-8,success,,,/mnt/data/dheeraj/dicertation/inference-profile/runs/revised-rerun-20260415-145452-g4-opt27b-c64-256/raw/points/prefill/prefill-facebook-opt-2-7b-chunk-64-sm-8.csv
facebook/opt-2.7b,64,gemm,fc1,8,3,125.95200538635254,169784320,171357184,1572864,1310720,1024,2026-04-15T13:55:09Z,baseline_nvml_pt,nvidia-smi,ok,0.0,39.0,1695.0,8001.0,59.94,3.3720319271087646,163.4189453125,163.4189453125,1.5,True,,71.10000000000001,70.0,62.1,estimated,,prefill-facebook-opt-2-7b-chunk-64-sm-8,success,,,/mnt/data/dheeraj/dicertation/inference-profile/runs/revised-rerun-20260415-145452-g4-opt27b-c64-256/raw/points/prefill/prefill-facebook-opt-2-7b-chunk-64-sm-8.csv
facebook/opt-2.7b,64,gemm,fc2,8,3,130.048006772995,169784320,170112000,327680,327680,1024,2026-04-15T13:55:09Z,baseline_nvml_pt,nvidia-smi,ok,0.0,39.0,1695.0,8001.0,59.94,3.3720319271087646,163.4189453125,163.4189453125,1.5,True,,71.10000000000001,70.0,62.1,estimated,,prefill-facebook-opt-2-7b-chunk-64-sm-8,success,,,/mnt/data/dheeraj/dicertation/inference-profile/runs/revised-rerun-20260415-145452-g4-opt27b-c64-256/raw/points/prefill/prefill-facebook-opt-2-7b-chunk-64-sm-8.csv
facebook/opt-2.7b,64,attention,attention,8,3,58.36800113320351,169784320,170121216,336896,327680,1024,2026-04-15T13:55:09Z,baseline_nvml_pt,nvidia-smi,ok,0.0,39.0,1695.0,8001.0,59.94,3.3720319271087646,163.4189453125,163.4189453125,1.5,True,,71.10000000000001,70.0,62.1,estimated,,prefill-facebook-opt-2-7b-chunk-64-sm-8,success,,,/mnt/data/dheeraj/dicertation/inference-profile/runs/revised-rerun-20260415-145452-g4-opt27b-c64-256/raw/points/prefill/prefill-facebook-opt-2-7b-chunk-64-sm-8.csv
facebook/opt-2.7b,64,gemm,q_proj,8,4,68.60800087451935,169784320,170112000,327680,327680,1024,2026-04-15T13:55:09Z,baseline_nvml_pt,nvidia-smi,ok,0.0,39.0,1695.0,8001.0,59.94,3.3720319271087646,163.4189453125,163.4189453125,1.5,True,,71.10000000000001,70.0,62.1,estimated,,prefill-facebook-opt-2-7b-chunk-64-sm-8,success,,,/mnt/data/dheeraj/dicertation/inference-profile/runs/revised-rerun-20260415-145452-g4-opt27b-c64-256/raw/points/prefill/prefill-facebook-opt-2-7b-chunk-64-sm-8.csv
facebook/opt-2.7b,64,gemm,k_proj,8,4,65.5359998345375,169784320,170112000,327680,327680,1024,2026-04-15T13:55:09Z,baseline_nvml_pt,nvidia-smi,ok,0.0,39.0,1695.0,8001.0,59.94,3.3720319271087646,163.4189453125,163.4189453125,1.5,True,,71.10000000000001,70.0,62.1,estimated,,prefill-facebook-opt-2-7b-chunk-64-sm-8,success,,,/mnt/data/dheeraj/dicertation/inference-profile/runs/revised-rerun-20260415-145452-g4-opt27b-c64-256/raw/points/prefill/prefill-facebook-opt-2-7b-chunk-64-sm-8.csv
facebook/opt-2.7b,64,gemm,v_proj,8,4,67.58400052785873,169784320,170112000,327680,327680,1024,2026-04-15T13:55:09Z,baseline_nvml_pt,nvidia-smi,ok,0.0,39.0,1695.0,8001.0,59.94,3.3720319271087646,163.4189453125,163.4189453125,1.5,True,,71.10000000000001,70.0,62.1,estimated,,prefill-facebook-opt-2-7b-chunk-64-sm-8,success,,,/mnt/data/dheeraj/dicertation/inference-profile/runs/revised-rerun-20260415-145452-g4-opt27b-c64-256/raw/points/prefill/prefill-facebook-opt-2-7b-chunk-64-sm-8.csv
facebook/opt-2.7b,64,gemm,out_proj,8,4,65.5359998345375,169784320,170112000,327680,327680,1024,2026-04-15T13:55:09Z,baseline_nvml_pt,nvidia-smi,ok,0.0,39.0,1695.0,8001.0,59.94,3.3720319271087646,163.4189453125,163.4189453125,1.5,True,,71.10000000000001,70.0,62.1,estimated,,prefill-facebook-opt-2-7b-chunk-64-sm-8,success,,,/mnt/data/dheeraj/dicertation/inference-profile/runs/revised-rerun-20260415-145452-g4-opt27b-c64-256/raw/points/prefill/prefill-facebook-opt-2-7b-chunk-64-sm-8.csv
facebook/opt-2.7b,64,gemm,fc1,8,4,125.95200538635254,169784320,171357184,1572864,1310720,1024,2026-04-15T13:55:09Z,baseline_nvml_pt,nvidia-smi,ok,0.0,39.0,1695.0,8001.0,59.94,3.3720319271087646,163.4189453125,163.4189453125,1.5,True,,71.10000000000001,70.0,62.1,estimated,,prefill-facebook-opt-2-7b-chunk-64-sm-8,success,,,/mnt/data/dheeraj/dicertation/inference-profile/runs/revised-rerun-20260415-145452-g4-opt27b-c64-256/raw/points/prefill/prefill-facebook-opt-2-7b-chunk-64-sm-8.csv
facebook/opt-2.7b,64,gemm,fc2,8,4,132.09599256515503,169784320,170112000,327680,327680,1024,2026-04-15T13:55:09Z,baseline_nvml_pt,nvidia-smi,ok,0.0,39.0,1695.0,8001.0,59.94,3.3720319271087646,163.4189453125,163.4189453125,1.5,True,,71.10000000000001,70.0,62.1,estimated,,prefill-facebook-opt-2-7b-chunk-64-sm-8,success,,,/mnt/data/dheeraj/dicertation/inference-profile/runs/revised-rerun-20260415-145452-g4-opt27b-c64-256/raw/points/prefill/prefill-facebook-opt-2-7b-chunk-64-sm-8.csv
facebook/opt-2.7b,64,attention,attention,8,4,57.34400078654289,169784320,170121216,336896,327680,1024,2026-04-15T13:55:09Z,baseline_nvml_pt,nvidia-smi,ok,0.0,39.0,1695.0,8001.0,59.94,3.3720319271087646,163.4189453125,163.4189453125,1.5,True,,71.10000000000001,70.0,62.1,estimated,,prefill-facebook-opt-2-7b-chunk-64-sm-8,success,,,/mnt/data/dheeraj/dicertation/inference-profile/runs/revised-rerun-20260415-145452-g4-opt27b-c64-256/raw/points/prefill/prefill-facebook-opt-2-7b-chunk-64-sm-8.csv
facebook/opt-2.7b,64,gemm,q_proj,16,0,6440.959930419922,169784320,170112000,327680,327680,1024,2026-04-15T13:55:16Z,baseline_nvml_pt,nvidia-smi,ok,0.0,39.0,1695.0,7601.0,60.01,6.440959930419922,163.4189453125,163.4189453125,1.5,True,,77.4,63.84000000000001,69.0,estimated,,prefill-facebook-opt-2-7b-chunk-64-sm-16,success,,,/mnt/data/dheeraj/dicertation/inference-profile/runs/revised-rerun-20260415-145452-g4-opt27b-c64-256/raw/points/prefill/prefill-facebook-opt-2-7b-chunk-64-sm-16.csv
facebook/opt-2.7b,64,gemm,k_proj,16,0,314.36800956726074,169784320,170112000,327680,327680,1024,2026-04-15T13:55:16Z,baseline_nvml_pt,nvidia-smi,ok,0.0,39.0,1695.0,7601.0,60.01,6.440959930419922,163.4189453125,163.4189453125,1.5,True,,77.4,63.84000000000001,69.0,estimated,,prefill-facebook-opt-2-7b-chunk-64-sm-16,success,,,/mnt/data/dheeraj/dicertation/inference-profile/runs/revised-rerun-20260415-145452-g4-opt27b-c64-256/raw/points/prefill/prefill-facebook-opt-2-7b-chunk-64-sm-16.csv
facebook/opt-2.7b,64,gemm,v_proj,16,0,70.65600156784058,169784320,170112000,327680,327680,1024,2026-04-15T13:55:16Z,baseline_nvml_pt,nvidia-smi,ok,0.0,39.0,1695.0,7601.0,60.01,6.440959930419922,163.4189453125,163.4189453125,1.5,True,,77.4,63.84000000000001,69.0,estimated,,prefill-facebook-opt-2-7b-chunk-64-sm-16,success,,,/mnt/data/dheeraj/dicertation/inference-profile/runs/revised-rerun-20260415-145452-g4-opt27b-c64-256/raw/points/prefill/prefill-facebook-opt-2-7b-chunk-64-sm-16.csv
facebook/opt-2.7b,64,gemm,out_proj,16,0,96.25600278377533,169784320,170112000,327680,327680,1024,2026-04-15T13:55:16Z,baseline_nvml_pt,nvidia-smi,ok,0.0,39.0,1695.0,7601.0,60.01,6.440959930419922,163.4189453125,163.4189453125,1.5,True,,77.4,63.84000000000001,69.0,estimated,,prefill-facebook-opt-2-7b-chunk-64-sm-16,success,,,/mnt/data/dheeraj/dicertation/inference-profile/runs/revised-rerun-20260415-145452-g4-opt27b-c64-256/raw/points/prefill/prefill-facebook-opt-2-7b-chunk-64-sm-16.csv
facebook/opt-2.7b,64,gemm,fc1,16,0,131.071999669075,169784320,171357184,1572864,1310720,1024,2026-04-15T13:55:16Z,baseline_nvml_pt,nvidia-smi,ok,0.0,39.0,1695.0,7601.0,60.01,6.440959930419922,163.4189453125,163.4189453125,1.5,True,,77.4,63.84000000000001,69.0,estimated,,prefill-facebook-opt-2-7b-chunk-64-sm-16,success,,,/mnt/data/dheeraj/dicertation/inference-profile/runs/revised-rerun-20260415-145452-g4-opt27b-c64-256/raw/points/prefill/prefill-facebook-opt-2-7b-chunk-64-sm-16.csv
facebook/opt-2.7b,64,gemm,fc2,16,0,133.02400708198547,169784320,170112000,327680,327680,1024,2026-04-15T13:55:16Z,baseline_nvml_pt,nvidia-smi,ok,0.0,39.0,1695.0,7601.0,60.01,6.440959930419922,163.4189453125,163.4189453125,1.5,True,,77.4,63.84000000000001,69.0,estimated,,prefill-facebook-opt-2-7b-chunk-64-sm-16,success,,,/mnt/data/dheeraj/dicertation/inference-profile/runs/revised-rerun-20260415-145452-g4-opt27b-c64-256/raw/points/prefill/prefill-facebook-opt-2-7b-chunk-64-sm-16.csv
facebook/opt-2.7b,64,attention,attention,16,0,75.77600330114365,169784320,170121216,336896,327680,1024,2026-04-15T13:55:16Z,baseline_nvml_pt,nvidia-smi,ok,0.0,39.0,1695.0,7601.0,60.01,6.440959930419922,163.4189453125,163.4189453125,1.5,True,,77.4,63.84000000000001,69.0,estimated,,prefill-facebook-opt-2-7b-chunk-64-sm-16,success,,,/mnt/data/dheeraj/dicertation/inference-profile/runs/revised-rerun-20260415-145452-g4-opt27b-c64-256/raw/points/prefill/prefill-facebook-opt-2-7b-chunk-64-sm-16.csv
facebook/opt-2.7b,64,gemm,q_proj,16,1,71.68000191450119,169784320,170112000,327680,327680,1024,2026-04-15T13:55:16Z,baseline_nvml_pt,nvidia-smi,ok,0.0,39.0,1695.0,7601.0,60.01,6.440959930419922,163.4189453125,163.4189453125,1.5,True,,77.4,63.84000000000001,69.0,estimated,,prefill-facebook-opt-2-7b-chunk-64-sm-16,success,,,/mnt/data/dheeraj/dicertation/inference-profile/runs/revised-rerun-20260415-145452-g4-opt27b-c64-256/raw/points/prefill/prefill-facebook-opt-2-7b-chunk-64-sm-16.csv
facebook/opt-2.7b,64,gemm,k_proj,16,1,65.5359998345375,169784320,170112000,327680,327680,1024,2026-04-15T13:55:16Z,baseline_nvml_pt,nvidia-smi,ok,0.0,39.0,1695.0,7601.0,60.01,6.440959930419922,163.4189453125,163.4189453125,1.5,True,,77.4,63.84000000000001,69.0,estimated,,prefill-facebook-opt-2-7b-chunk-64-sm-16,success,,,/mnt/data/dheeraj/dicertation/inference-profile/runs/revised-rerun-20260415-145452-g4-opt27b-c64-256/raw/points/prefill/prefill-facebook-opt-2-7b-chunk-64-sm-16.csv
facebook/opt-2.7b,64,gemm,v_proj,16,1,65.5359998345375,169784320,170112000,327680,327680,1024,2026-04-15T13:55:16Z,baseline_nvml_pt,nvidia-smi,ok,0.0,39.0,1695.0,7601.0,60.01,6.440959930419922,163.4189453125,163.4189453125,1.5,True,,77.4,63.84000000000001,69.0,estimated,,prefill-facebook-opt-2-7b-chunk-64-sm-16,success,,,/mnt/data/dheeraj/dicertation/inference-profile/runs/revised-rerun-20260415-145452-g4-opt27b-c64-256/raw/points/prefill/prefill-facebook-opt-2-7b-chunk-64-sm-16.csv
facebook/opt-2.7b,64,gemm,out_proj,16,1,65.5359998345375,169784320,170112000,327680,327680,1024,2026-04-15T13:55:16Z,baseline_nvml_pt,nvidia-smi,ok,0.0,39.0,1695.0,7601.0,60.01,6.440959930419922,163.4189453125,163.4189453125,1.5,True,,77.4,63.84000000000001,69.0,estimated,,prefill-facebook-opt-2-7b-chunk-64-sm-16,success,,,/mnt/data/dheeraj/dicertation/inference-profile/runs/revised-rerun-20260415-145452-g4-opt27b-c64-256/raw/points/prefill/prefill-facebook-opt-2-7b-chunk-64-sm-16.csv
facebook/opt-2.7b,64,gemm,fc1,16,1,123.96799772977829,169784320,171357184,1572864,1310720,1024,2026-04-15T13:55:16Z,baseline_nvml_pt,nvidia-smi,ok,0.0,39.0,1695.0,7601.0,60.01,6.440959930419922,163.4189453125,163.4189453125,1.5,True,,77.4,63.84000000000001,69.0,estimated,,prefill-facebook-opt-2-7b-chunk-64-sm-16,success,,,/mnt/data/dheeraj/dicertation/inference-profile/runs/revised-rerun-20260415-145452-g4-opt27b-c64-256/raw/points/prefill/prefill-facebook-opt-2-7b-chunk-64-sm-16.csv
facebook/opt-2.7b,64,gemm,fc2,16,1,134.14399325847626,169784320,170112000,327680,327680,1024,2026-04-15T13:55:16Z,baseline_nvml_pt,nvidia-smi,ok,0.0,39.0,1695.0,7601.0,60.01,6.440959930419922,163.4189453125,163.4189453125,1.5,True,,77.4,63.84000000000001,69.0,estimated,,prefill-facebook-opt-2-7b-chunk-64-sm-16,success,,,/mnt/data/dheeraj/dicertation/inference-profile/runs/revised-rerun-20260415-145452-g4-opt27b-c64-256/raw/points/prefill/prefill-facebook-opt-2-7b-chunk-64-sm-16.csv
facebook/opt-2.7b,64,attention,attention,16,1,58.36800113320351,169784320,170121216,336896,327680,1024,2026-04-15T13:55:16Z,baseline_nvml_pt,nvidia-smi,ok,0.0,39.0,1695.0,7601.0,60.01,6.440959930419922,163.4189453125,163.4189453125,1.5,True,,77.4,63.84000000000001,69.0,estimated,,prefill-facebook-opt-2-7b-chunk-64-sm-16,success,,,/mnt/data/dheeraj/dicertation/inference-profile/runs/revised-rerun-20260415-145452-g4-opt27b-c64-256/raw/points/prefill/prefill-facebook-opt-2-7b-chunk-64-sm-16.csv
facebook/opt-2.7b,64,gemm,q_proj,16,2,70.65600156784058,169784320,170112000,327680,327680,1024,2026-04-15T13:55:16Z,baseline_nvml_pt,nvidia-smi,ok,0.0,39.0,1695.0,7601.0,60.01,6.440959930419922,163.4189453125,163.4189453125,1.5,True,,77.4,63.84000000000001,69.0,estimated,,prefill-facebook-opt-2-7b-chunk-64-sm-16,success,,,/mnt/data/dheeraj/dicertation/inference-profile/runs/revised-rerun-20260415-145452-g4-opt27b-c64-256/raw/points/prefill/prefill-facebook-opt-2-7b-chunk-64-sm-16.csv
facebook/opt-2.7b,64,gemm,k_proj,16,2,74.75200295448303,169784320,170112000,327680,327680,1024,2026-04-15T13:55:16Z,baseline_nvml_pt,nvidia-smi,ok,0.0,39.0,1695.0,7601.0,60.01,6.440959930419922,163.4189453125,163.4189453125,1.5,True,,77.4,63.84000000000001,69.0,estimated,,prefill-facebook-opt-2-7b-chunk-64-sm-16,success,,,/mnt/data/dheeraj/dicertation/inference-profile/runs/revised-rerun-20260415-145452-g4-opt27b-c64-256/raw/points/prefill/prefill-facebook-opt-2-7b-chunk-64-sm-16.csv
facebook/opt-2.7b,64,gemm,v_proj,16,2,65.5359998345375,169784320,170112000,327680,327680,1024,2026-04-15T13:55:16Z,baseline_nvml_pt,nvidia-smi,ok,0.0,39.0,1695.0,7601.0,60.01,6.440959930419922,163.4189453125,163.4189453125,1.5,True,,77.4,63.84000000000001,69.0,estimated,,prefill-facebook-opt-2-7b-chunk-64-sm-16,success,,,/mnt/data/dheeraj/dicertation/inference-profile/runs/revised-rerun-20260415-145452-g4-opt27b-c64-256/raw/points/prefill/prefill-facebook-opt-2-7b-chunk-64-sm-16.csv
facebook/opt-2.7b,64,gemm,out_proj,16,2,64.51199948787689,169784320,170112000,327680,327680,1024,2026-04-15T13:55:16Z,baseline_nvml_pt,nvidia-smi,ok,0.0,39.0,1695.0,7601.0,60.01,6.440959930419922,163.4189453125,163.4189453125,1.5,True,,77.4,63.84000000000001,69.0,estimated,,prefill-facebook-opt-2-7b-chunk-64-sm-16,success,,,/mnt/data/dheeraj/dicertation/inference-profile/runs/revised-rerun-20260415-145452-g4-opt27b-c64-256/raw/points/prefill/prefill-facebook-opt-2-7b-chunk-64-sm-16.csv
facebook/opt-2.7b,64,gemm,fc1,16,2,125.95200538635254,169784320,171357184,1572864,1310720,1024,2026-04-15T13:55:16Z,baseline_nvml_pt,nvidia-smi,ok,0.0,39.0,1695.0,7601.0,60.01,6.440959930419922,163.4189453125,163.4189453125,1.5,True,,77.4,63.84000000000001,69.0,estimated,,prefill-facebook-opt-2-7b-chunk-64-sm-16,success,,,/mnt/data/dheeraj/dicertation/inference-profile/runs/revised-rerun-20260415-145452-g4-opt27b-c64-256/raw/points/prefill/prefill-facebook-opt-2-7b-chunk-64-sm-16.csv
facebook/opt-2.7b,64,gemm,fc2,16,2,130.048006772995,169784320,170112000,327680,327680,1024,2026-04-15T13:55:16Z,baseline_nvml_pt,nvidia-smi,ok,0.0,39.0,1695.0,7601.0,60.01,6.440959930419922,163.4189453125,163.4189453125,1.5,True,,77.4,63.84000000000001,69.0,estimated,,prefill-facebook-opt-2-7b-chunk-64-sm-16,success,,,/mnt/data/dheeraj/dicertation/inference-profile/runs/revised-rerun-20260415-145452-g4-opt27b-c64-256/raw/points/prefill/prefill-facebook-opt-2-7b-chunk-64-sm-16.csv
facebook/opt-2.7b,64,attention,attention,16,2,57.34400078654289,169784320,170121216,336896,327680,1024,2026-04-15T13:55:16Z,baseline_nvml_pt,nvidia-smi,ok,0.0,39.0,1695.0,7601.0,60.01,6.440959930419922,163.4189453125,163.4189453125,1.5,True,,77.4,63.84000000000001,69.0,estimated,,prefill-facebook-opt-2-7b-chunk-64-sm-16,success,,,/mnt/data/dheeraj/dicertation/inference-profile/runs/revised-rerun-20260415-145452-g4-opt27b-c64-256/raw/points/prefill/prefill-facebook-opt-2-7b-chunk-64-sm-16.csv
facebook/opt-2.7b,64,gemm,q_proj,16,3,66.56000018119812,169784320,170112000,327680,327680,1024,2026-04-15T13:55:16Z,baseline_nvml_pt,nvidia-smi,ok,0.0,39.0,1695.0,7601.0,60.01,6.440959930419922,163.4189453125,163.4189453125,1.5,True,,77.4,63.84000000000001,69.0,estimated,,prefill-facebook-opt-2-7b-chunk-64-sm-16,success,,,/mnt/data/dheeraj/dicertation/inference-profile/runs/revised-rerun-20260415-145452-g4-opt27b-c64-256/raw/points/prefill/prefill-facebook-opt-2-7b-chunk-64-sm-16.csv
facebook/opt-2.7b,64,gemm,k_proj,16,3,3482.624053955078,169784320,170112000,327680,327680,1024,2026-04-15T13:55:16Z,baseline_nvml_pt,nvidia-smi,ok,0.0,39.0,1695.0,7601.0,60.01,6.440959930419922,163.4189453125,163.4189453125,1.5,True,,77.4,63.84000000000001,69.0,estimated,,prefill-facebook-opt-2-7b-chunk-64-sm-16,success,,,/mnt/data/dheeraj/dicertation/inference-profile/runs/revised-rerun-20260415-145452-g4-opt27b-c64-256/raw/points/prefill/prefill-facebook-opt-2-7b-chunk-64-sm-16.csv
facebook/opt-2.7b,64,gemm,v_proj,16,3,68.60800087451935,169784320,170112000,327680,327680,1024,2026-04-15T13:55:16Z,baseline_nvml_pt,nvidia-smi,ok,0.0,39.0,1695.0,7601.0,60.01,6.440959930419922,163.4189453125,163.4189453125,1.5,True,,77.4,63.84000000000001,69.0,estimated,,prefill-facebook-opt-2-7b-chunk-64-sm-16,success,,,/mnt/data/dheeraj/dicertation/inference-profile/runs/revised-rerun-20260415-145452-g4-opt27b-c64-256/raw/points/prefill/prefill-facebook-opt-2-7b-chunk-64-sm-16.csv
facebook/opt-2.7b,64,gemm,out_proj,16,3,65.5359998345375,169784320,170112000,327680,327680,1024,2026-04-15T13:55:16Z,baseline_nvml_pt,nvidia-smi,ok,0.0,39.0,1695.0,7601.0,60.01,6.440959930419922,163.4189453125,163.4189453125,1.5,True,,77.4,63.84000000000001,69.0,estimated,,prefill-facebook-opt-2-7b-chunk-64-sm-16,success,,,/mnt/data/dheeraj/dicertation/inference-profile/runs/revised-rerun-20260415-145452-g4-opt27b-c64-256/raw/points/prefill/prefill-facebook-opt-2-7b-chunk-64-sm-16.csv
facebook/opt-2.7b,64,gemm,fc1,16,3,126.97599828243256,169784320,171357184,1572864,1310720,1024,2026-04-15T13:55:16Z,baseline_nvml_pt,nvidia-smi,ok,0.0,39.0,1695.0,7601.0,60.01,6.440959930419922,163.4189453125,163.4189453125,1.5,True,,77.4,63.84000000000001,69.0,estimated,,prefill-facebook-opt-2-7b-chunk-64-sm-16,success,,,/mnt/data/dheeraj/dicertation/inference-profile/runs/revised-rerun-20260415-145452-g4-opt27b-c64-256/raw/points/prefill/prefill-facebook-opt-2-7b-chunk-64-sm-16.csv
facebook/opt-2.7b,64,gemm,fc2,16,3,130.048006772995,169784320,170112000,327680,327680,1024,2026-04-15T13:55:16Z,baseline_nvml_pt,nvidia-smi,ok,0.0,39.0,1695.0,7601.0,60.01,6.440959930419922,163.4189453125,163.4189453125,1.5,True,,77.4,63.84000000000001,69.0,estimated,,prefill-facebook-opt-2-7b-chunk-64-sm-16,success,,,/mnt/data/dheeraj/dicertation/inference-profile/runs/revised-rerun-20260415-145452-g4-opt27b-c64-256/raw/points/prefill/prefill-facebook-opt-2-7b-chunk-64-sm-16.csv
facebook/opt-2.7b,64,attention,attention,16,3,56.48000165820122,169784320,170121216,336896,327680,1024,2026-04-15T13:55:16Z,baseline_nvml_pt,nvidia-smi,ok,0.0,39.0,1695.0,7601.0,60.01,6.440959930419922,163.4189453125,163.4189453125,1.5,True,,77.4,63.84000000000001,69.0,estimated,,prefill-facebook-opt-2-7b-chunk-64-sm-16,success,,,/mnt/data/dheeraj/dicertation/inference-profile/runs/revised-rerun-20260415-145452-g4-opt27b-c64-256/raw/points/prefill/prefill-facebook-opt-2-7b-chunk-64-sm-16.csv
facebook/opt-2.7b,64,gemm,q_proj,16,4,67.58400052785873,169784320,170112000,327680,327680,1024,2026-04-15T13:55:16Z,baseline_nvml_pt,nvidia-smi,ok,0.0,39.0,1695.0,7601.0,60.01,6.440959930419922,163.4189453125,163.4189453125,1.5,True,,77.4,63.84000000000001,69.0,estimated,,prefill-facebook-opt-2-7b-chunk-64-sm-16,success,,,/mnt/data/dheeraj/dicertation/inference-profile/runs/revised-rerun-20260415-145452-g4-opt27b-c64-256/raw/points/prefill/prefill-facebook-opt-2-7b-chunk-64-sm-16.csv
facebook/opt-2.7b,64,gemm,k_proj,16,4,64.51199948787689,169784320,170112000,327680,327680,1024,2026-04-15T13:55:16Z,baseline_nvml_pt,nvidia-smi,ok,0.0,39.0,1695.0,7601.0,60.01,6.440959930419922,163.4189453125,163.4189453125,1.5,True,,77.4,63.84000000000001,69.0,estimated,,prefill-facebook-opt-2-7b-chunk-64-sm-16,success,,,/mnt/data/dheeraj/dicertation/inference-profile/runs/revised-rerun-20260415-145452-g4-opt27b-c64-256/raw/points/prefill/prefill-facebook-opt-2-7b-chunk-64-sm-16.csv
facebook/opt-2.7b,64,gemm,v_proj,16,4,69.47200000286102,169784320,170112000,327680,327680,1024,2026-04-15T13:55:16Z,baseline_nvml_pt,nvidia-smi,ok,0.0,39.0,1695.0,7601.0,60.01,6.440959930419922,163.4189453125,163.4189453125,1.5,True,,77.4,63.84000000000001,69.0,estimated,,prefill-facebook-opt-2-7b-chunk-64-sm-16,success,,,/mnt/data/dheeraj/dicertation/inference-profile/runs/revised-rerun-20260415-145452-g4-opt27b-c64-256/raw/points/prefill/prefill-facebook-opt-2-7b-chunk-64-sm-16.csv
facebook/opt-2.7b,64,gemm,out_proj,16,4,63.48799914121628,169784320,170112000,327680,327680,1024,2026-04-15T13:55:16Z,baseline_nvml_pt,nvidia-smi,ok,0.0,39.0,1695.0,7601.0,60.01,6.440959930419922,163.4189453125,163.4189453125,1.5,True,,77.4,63.84000000000001,69.0,estimated,,prefill-facebook-opt-2-7b-chunk-64-sm-16,success,,,/mnt/data/dheeraj/dicertation/inference-profile/runs/revised-rerun-20260415-145452-g4-opt27b-c64-256/raw/points/prefill/prefill-facebook-opt-2-7b-chunk-64-sm-16.csv
facebook/opt-2.7b,64,gemm,fc1,16,4,124.92799758911133,169784320,171357184,1572864,1310720,1024,2026-04-15T13:55:16Z,baseline_nvml_pt,nvidia-smi,ok,0.0,39.0,1695.0,7601.0,60.01,6.440959930419922,163.4189453125,163.4189453125,1.5,True,,77.4,63.84000000000001,69.0,estimated,,prefill-facebook-opt-2-7b-chunk-64-sm-16,success,,,/mnt/data/dheeraj/dicertation/inference-profile/runs/revised-rerun-20260415-145452-g4-opt27b-c64-256/raw/points/prefill/prefill-facebook-opt-2-7b-chunk-64-sm-16.csv
facebook/opt-2.7b,64,gemm,fc2,16,4,129.02399897575378,169784320,170112000,327680,327680,1024,2026-04-15T13:55:16Z,baseline_nvml_pt,nvidia-smi,ok,0.0,39.0,1695.0,7601.0,60.01,6.440959930419922,163.4189453125,163.4189453125,1.5,True,,77.4,63.84000000000001,69.0,estimated,,prefill-facebook-opt-2-7b-chunk-64-sm-16,success,,,/mnt/data/dheeraj/dicertation/inference-profile/runs/revised-rerun-20260415-145452-g4-opt27b-c64-256/raw/points/prefill/prefill-facebook-opt-2-7b-chunk-64-sm-16.csv
facebook/opt-2.7b,64,attention,attention,16,4,57.34400078654289,169784320,170121216,336896,327680,1024,2026-04-15T13:55:16Z,baseline_nvml_pt,nvidia-smi,ok,0.0,39.0,1695.0,7601.0,60.01,6.440959930419922,163.4189453125,163.4189453125,1.5,True,,77.4,63.84000000000001,69.0,estimated,,prefill-facebook-opt-2-7b-chunk-64-sm-16,success,,,/mnt/data/dheeraj/dicertation/inference-profile/runs/revised-rerun-20260415-145452-g4-opt27b-c64-256/raw/points/prefill/prefill-facebook-opt-2-7b-chunk-64-sm-16.csv
facebook/opt-2.7b,64,gemm,q_proj,24,0,90.11200070381165,169784320,170112000,327680,327680,1024,2026-04-15T13:55:23Z,baseline_nvml_pt,nvidia-smi,ok,0.0,39.0,1695.0,7601.0,60.27,0.19251200556755066,163.4189453125,163.4189453125,1.5,True,,83.7,57.68000000000001,75.9,estimated,,prefill-facebook-opt-2-7b-chunk-64-sm-24,success,,,/mnt/data/dheeraj/dicertation/inference-profile/runs/revised-rerun-20260415-145452-g4-opt27b-c64-256/raw/points/prefill/prefill-facebook-opt-2-7b-chunk-64-sm-24.csv
facebook/opt-2.7b,64,gemm,k_proj,24,0,78.84799689054489,169784320,170112000,327680,327680,1024,2026-04-15T13:55:23Z,baseline_nvml_pt,nvidia-smi,ok,0.0,39.0,1695.0,7601.0,60.27,0.19251200556755066,163.4189453125,163.4189453125,1.5,True,,83.7,57.68000000000001,75.9,estimated,,prefill-facebook-opt-2-7b-chunk-64-sm-24,success,,,/mnt/data/dheeraj/dicertation/inference-profile/runs/revised-rerun-20260415-145452-g4-opt27b-c64-256/raw/points/prefill/prefill-facebook-opt-2-7b-chunk-64-sm-24.csv
facebook/opt-2.7b,64,gemm,v_proj,24,0,70.65600156784058,169784320,170112000,327680,327680,1024,2026-04-15T13:55:23Z,baseline_nvml_pt,nvidia-smi,ok,0.0,39.0,1695.0,7601.0,60.27,0.19251200556755066,163.4189453125,163.4189453125,1.5,True,,83.7,57.68000000000001,75.9,estimated,,prefill-facebook-opt-2-7b-chunk-64-sm-24,success,,,/mnt/data/dheeraj/dicertation/inference-profile/runs/revised-rerun-20260415-145452-g4-opt27b-c64-256/raw/points/prefill/prefill-facebook-opt-2-7b-chunk-64-sm-24.csv
facebook/opt-2.7b,64,gemm,out_proj,24,0,73.72800260782242,169784320,170112000,327680,327680,1024,2026-04-15T13:55:23Z,baseline_nvml_pt,nvidia-smi,ok,0.0,39.0,1695.0,7601.0,60.27,0.19251200556755066,163.4189453125,163.4189453125,1.5,True,,83.7,57.68000000000001,75.9,estimated,,prefill-facebook-opt-2-7b-chunk-64-sm-24,success,,,/mnt/data/dheeraj/dicertation/inference-profile/runs/revised-rerun-20260415-145452-g4-opt27b-c64-256/raw/points/prefill/prefill-facebook-opt-2-7b-chunk-64-sm-24.csv
facebook/opt-2.7b,64,gemm,fc1,24,0,192.51200556755066,169784320,171357184,1572864,1310720,1024,2026-04-15T13:55:23Z,baseline_nvml_pt,nvidia-smi,ok,0.0,39.0,1695.0,7601.0,60.27,0.19251200556755066,163.4189453125,163.4189453125,1.5,True,,83.7,57.68000000000001,75.9,estimated,,prefill-facebook-opt-2-7b-chunk-64-sm-24,success,,,/mnt/data/dheeraj/dicertation/inference-profile/runs/revised-rerun-20260415-145452-g4-opt27b-c64-256/raw/points/prefill/prefill-facebook-opt-2-7b-chunk-64-sm-24.csv
facebook/opt-2.7b,64,gemm,fc2,24,0,137.2160017490387,169784320,170112000,327680,327680,1024,2026-04-15T13:55:23Z,baseline_nvml_pt,nvidia-smi,ok,0.0,39.0,1695.0,7601.0,60.27,0.19251200556755066,163.4189453125,163.4189453125,1.5,True,,83.7,57.68000000000001,75.9,estimated,,prefill-facebook-opt-2-7b-chunk-64-sm-24,success,,,/mnt/data/dheeraj/dicertation/inference-profile/runs/revised-rerun-20260415-145452-g4-opt27b-c64-256/raw/points/prefill/prefill-facebook-opt-2-7b-chunk-64-sm-24.csv
facebook/opt-2.7b,64,attention,attention,24,0,62.3680017888546,169784320,170121216,336896,327680,1024,2026-04-15T13:55:23Z,baseline_nvml_pt,nvidia-smi,ok,0.0,39.0,1695.0,7601.0,60.27,0.19251200556755066,163.4189453125,163.4189453125,1.5,True,,83.7,57.68000000000001,75.9,estimated,,prefill-facebook-opt-2-7b-chunk-64-sm-24,success,,,/mnt/data/dheeraj/dicertation/inference-profile/runs/revised-rerun-20260415-145452-g4-opt27b-c64-256/raw/points/prefill/prefill-facebook-opt-2-7b-chunk-64-sm-24.csv
facebook/opt-2.7b,64,gemm,q_proj,24,1,71.68000191450119,169784320,170112000,327680,327680,1024,2026-04-15T13:55:23Z,baseline_nvml_pt,nvidia-smi,ok,0.0,39.0,1695.0,7601.0,60.27,0.19251200556755066,163.4189453125,163.4189453125,1.5,True,,83.7,57.68000000000001,75.9,estimated,,prefill-facebook-opt-2-7b-chunk-64-sm-24,success,,,/mnt/data/dheeraj/dicertation/inference-profile/runs/revised-rerun-20260415-145452-g4-opt27b-c64-256/raw/points/prefill/prefill-facebook-opt-2-7b-chunk-64-sm-24.csv
facebook/opt-2.7b,64,gemm,k_proj,24,1,68.60800087451935,169784320,170112000,327680,327680,1024,2026-04-15T13:55:23Z,baseline_nvml_pt,nvidia-smi,ok,0.0,39.0,1695.0,7601.0,60.27,0.19251200556755066,163.4189453125,163.4189453125,1.5,True,,83.7,57.68000000000001,75.9,estimated,,prefill-facebook-opt-2-7b-chunk-64-sm-24,success,,,/mnt/data/dheeraj/dicertation/inference-profile/runs/revised-rerun-20260415-145452-g4-opt27b-c64-256/raw/points/prefill/prefill-facebook-opt-2-7b-chunk-64-sm-24.csv
facebook/opt-2.7b,64,gemm,v_proj,24,1,65.5359998345375,169784320,170112000,327680,327680,1024,2026-04-15T13:55:23Z,baseline_nvml_pt,nvidia-smi,ok,0.0,39.0,1695.0,7601.0,60.27,0.19251200556755066,163.4189453125,163.4189453125,1.5,True,,83.7,57.68000000000001,75.9,estimated,,prefill-facebook-opt-2-7b-chunk-64-sm-24,success,,,/mnt/data/dheeraj/dicertation/inference-profile/runs/revised-rerun-20260415-145452-g4-opt27b-c64-256/raw/points/prefill/prefill-facebook-opt-2-7b-chunk-64-sm-24.csv
facebook/opt-2.7b,64,gemm,out_proj,24,1,65.60000032186508,169784320,170112000,327680,327680,1024,2026-04-15T13:55:23Z,baseline_nvml_pt,nvidia-smi,ok,0.0,39.0,1695.0,7601.0,60.27,0.19251200556755066,163.4189453125,163.4189453125,1.5,True,,83.7,57.68000000000001,75.9,estimated,,prefill-facebook-opt-2-7b-chunk-64-sm-24,success,,,/mnt/data/dheeraj/dicertation/inference-profile/runs/revised-rerun-20260415-145452-g4-opt27b-c64-256/raw/points/prefill/prefill-facebook-opt-2-7b-chunk-64-sm-24.csv
facebook/opt-2.7b,64,gemm,fc1,24,1,128.9599984884262,169784320,171357184,1572864,1310720,1024,2026-04-15T13:55:23Z,baseline_nvml_pt,nvidia-smi,ok,0.0,39.0,1695.0,7601.0,60.27,0.19251200556755066,163.4189453125,163.4189453125,1.5,True,,83.7,57.68000000000001,75.9,estimated,,prefill-facebook-opt-2-7b-chunk-64-sm-24,success,,,/mnt/data/dheeraj/dicertation/inference-profile/runs/revised-rerun-20260415-145452-g4-opt27b-c64-256/raw/points/prefill/prefill-facebook-opt-2-7b-chunk-64-sm-24.csv
facebook/opt-2.7b,64,gemm,fc2,24,1,132.09599256515503,169784320,170112000,327680,327680,1024,2026-04-15T13:55:23Z,baseline_nvml_pt,nvidia-smi,ok,0.0,39.0,1695.0,7601.0,60.27,0.19251200556755066,163.4189453125,163.4189453125,1.5,True,,83.7,57.68000000000001,75.9,estimated,,prefill-facebook-opt-2-7b-chunk-64-sm-24,success,,,/mnt/data/dheeraj/dicertation/inference-profile/runs/revised-rerun-20260415-145452-g4-opt27b-c64-256/raw/points/prefill/prefill-facebook-opt-2-7b-chunk-64-sm-24.csv
facebook/opt-2.7b,64,attention,attention,24,1,59.39200147986412,169784320,170121216,336896,327680,1024,2026-04-15T13:55:23Z,baseline_nvml_pt,nvidia-smi,ok,0.0,39.0,1695.0,7601.0,60.27,0.19251200556755066,163.4189453125,163.4189453125,1.5,True,,83.7,57.68000000000001,75.9,estimated,,prefill-facebook-opt-2-7b-chunk-64-sm-24,success,,,/mnt/data/dheeraj/dicertation/inference-profile/runs/revised-rerun-20260415-145452-g4-opt27b-c64-256/raw/points/prefill/prefill-facebook-opt-2-7b-chunk-64-sm-24.csv
facebook/opt-2.7b,64,gemm,q_proj,24,2,71.58400118350983,169784320,170112000,327680,327680,1024,2026-04-15T13:55:23Z,baseline_nvml_pt,nvidia-smi,ok,0.0,39.0,1695.0,7601.0,60.27,0.19251200556755066,163.4189453125,163.4189453125,1.5,True,,83.7,57.68000000000001,75.9,estimated,,prefill-facebook-opt-2-7b-chunk-64-sm-24,success,,,/mnt/data/dheeraj/dicertation/inference-profile/runs/revised-rerun-20260415-145452-g4-opt27b-c64-256/raw/points/prefill/prefill-facebook-opt-2-7b-chunk-64-sm-24.csv
facebook/opt-2.7b,64,gemm,k_proj,24,2,88.06400001049042,169784320,170112000,327680,327680,1024,2026-04-15T13:55:23Z,baseline_nvml_pt,nvidia-smi,ok,0.0,39.0,1695.0,7601.0,60.27,0.19251200556755066,163.4189453125,163.4189453125,1.5,True,,83.7,57.68000000000001,75.9,estimated,,prefill-facebook-opt-2-7b-chunk-64-sm-24,success,,,/mnt/data/dheeraj/dicertation/inference-profile/runs/revised-rerun-20260415-145452-g4-opt27b-c64-256/raw/points/prefill/prefill-facebook-opt-2-7b-chunk-64-sm-24.csv
facebook/opt-2.7b,64,gemm,v_proj,24,2,68.60800087451935,169784320,170112000,327680,327680,1024,2026-04-15T13:55:23Z,baseline_nvml_pt,nvidia-smi,ok,0.0,39.0,1695.0,7601.0,60.27,0.19251200556755066,163.4189453125,163.4189453125,1.5,True,,83.7,57.68000000000001,75.9,estimated,,prefill-facebook-opt-2-7b-chunk-64-sm-24,success,,,/mnt/data/dheeraj/dicertation/inference-profile/runs/revised-rerun-20260415-145452-g4-opt27b-c64-256/raw/points/prefill/prefill-facebook-opt-2-7b-chunk-64-sm-24.csv
facebook/opt-2.7b,64,gemm,out_proj,24,2,66.56000018119812,169784320,170112000,327680,327680,1024,2026-04-15T13:55:23Z,baseline_nvml_pt,nvidia-smi,ok,0.0,39.0,1695.0,7601.0,60.27,0.19251200556755066,163.4189453125,163.4189453125,1.5,True,,83.7,57.68000000000001,75.9,estimated,,prefill-facebook-opt-2-7b-chunk-64-sm-24,success,,,/mnt/data/dheeraj/dicertation/inference-profile/runs/revised-rerun-20260415-145452-g4-opt27b-c64-256/raw/points/prefill/prefill-facebook-opt-2-7b-chunk-64-sm-24.csv
facebook/opt-2.7b,64,gemm,fc1,24,2,128.00000607967377,169784320,171357184,1572864,1310720,1024,2026-04-15T13:55:23Z,baseline_nvml_pt,nvidia-smi,ok,0.0,39.0,1695.0,7601.0,60.27,0.19251200556755066,163.4189453125,163.4189453125,1.5,True,,83.7,57.68000000000001,75.9,estimated,,prefill-facebook-opt-2-7b-chunk-64-sm-24,success,,,/mnt/data/dheeraj/dicertation/inference-profile/runs/revised-rerun-20260415-145452-g4-opt27b-c64-256/raw/points/prefill/prefill-facebook-opt-2-7b-chunk-64-sm-24.csv
facebook/opt-2.7b,64,gemm,fc2,24,2,135.16800105571747,169784320,170112000,327680,327680,1024,2026-04-15T13:55:23Z,baseline_nvml_pt,nvidia-smi,ok,0.0,39.0,1695.0,7601.0,60.27,0.19251200556755066,163.4189453125,163.4189453125,1.5,True,,83.7,57.68000000000001,75.9,estimated,,prefill-facebook-opt-2-7b-chunk-64-sm-24,success,,,/mnt/data/dheeraj/dicertation/inference-profile/runs/revised-rerun-20260415-145452-g4-opt27b-c64-256/raw/points/prefill/prefill-facebook-opt-2-7b-chunk-64-sm-24.csv
facebook/opt-2.7b,64,attention,attention,24,2,61.43999844789505,169784320,170121216,336896,327680,1024,2026-04-15T13:55:23Z,baseline_nvml_pt,nvidia-smi,ok,0.0,39.0,1695.0,7601.0,60.27,0.19251200556755066,163.4189453125,163.4189453125,1.5,True,,83.7,57.68000000000001,75.9,estimated,,prefill-facebook-opt-2-7b-chunk-64-sm-24,success,,,/mnt/data/dheeraj/dicertation/inference-profile/runs/revised-rerun-20260415-145452-g4-opt27b-c64-256/raw/points/prefill/prefill-facebook-opt-2-7b-chunk-64-sm-24.csv
facebook/opt-2.7b,64,gemm,q_proj,24,3,69.63200122117996,169784320,170112000,327680,327680,1024,2026-04-15T13:55:23Z,baseline_nvml_pt,nvidia-smi,ok,0.0,39.0,1695.0,7601.0,60.27,0.19251200556755066,163.4189453125,163.4189453125,1.5,True,,83.7,57.68000000000001,75.9,estimated,,prefill-facebook-opt-2-7b-chunk-64-sm-24,success,,,/mnt/data/dheeraj/dicertation/inference-profile/runs/revised-rerun-20260415-145452-g4-opt27b-c64-256/raw/points/prefill/prefill-facebook-opt-2-7b-chunk-64-sm-24.csv
facebook/opt-2.7b,64,gemm,k_proj,24,3,67.58400052785873,169784320,170112000,327680,327680,1024,2026-04-15T13:55:23Z,baseline_nvml_pt,nvidia-smi,ok,0.0,39.0,1695.0,7601.0,60.27,0.19251200556755066,163.4189453125,163.4189453125,1.5,True,,83.7,57.68000000000001,75.9,estimated,,prefill-facebook-opt-2-7b-chunk-64-sm-24,success,,,/mnt/data/dheeraj/dicertation/inference-profile/runs/revised-rerun-20260415-145452-g4-opt27b-c64-256/raw/points/prefill/prefill-facebook-opt-2-7b-chunk-64-sm-24.csv
facebook/opt-2.7b,64,gemm,v_proj,24,3,67.61600077152252,169784320,170112000,327680,327680,1024,2026-04-15T13:55:23Z,baseline_nvml_pt,nvidia-smi,ok,0.0,39.0,1695.0,7601.0,60.27,0.19251200556755066,163.4189453125,163.4189453125,1.5,True,,83.7,57.68000000000001,75.9,estimated,,prefill-facebook-opt-2-7b-chunk-64-sm-24,success,,,/mnt/data/dheeraj/dicertation/inference-profile/runs/revised-rerun-20260415-145452-g4-opt27b-c64-256/raw/points/prefill/prefill-facebook-opt-2-7b-chunk-64-sm-24.csv
facebook/opt-2.7b,64,gemm,out_proj,24,3,65.5359998345375,169784320,170112000,327680,327680,1024,2026-04-15T13:55:23Z,baseline_nvml_pt,nvidia-smi,ok,0.0,39.0,1695.0,7601.0,60.27,0.19251200556755066,163.4189453125,163.4189453125,1.5,True,,83.7,57.68000000000001,75.9,estimated,,prefill-facebook-opt-2-7b-chunk-64-sm-24,success,,,/mnt/data/dheeraj/dicertation/inference-profile/runs/revised-rerun-20260415-145452-g4-opt27b-c64-256/raw/points/prefill/prefill-facebook-opt-2-7b-chunk-64-sm-24.csv
facebook/opt-2.7b,64,gemm,fc1,24,3,166.9120043516159,169784320,171357184,1572864,1310720,1024,2026-04-15T13:55:23Z,baseline_nvml_pt,nvidia-smi,ok,0.0,39.0,1695.0,7601.0,60.27,0.19251200556755066,163.4189453125,163.4189453125,1.5,True,,83.7,57.68000000000001,75.9,estimated,,prefill-facebook-opt-2-7b-chunk-64-sm-24,success,,,/mnt/data/dheeraj/dicertation/inference-profile/runs/revised-rerun-20260415-145452-g4-opt27b-c64-256/raw/points/prefill/prefill-facebook-opt-2-7b-chunk-64-sm-24.csv
facebook/opt-2.7b,64,gemm,fc2,24,3,166.9120043516159,169784320,170112000,327680,327680,1024,2026-04-15T13:55:23Z,baseline_nvml_pt,nvidia-smi,ok,0.0,39.0,1695.0,7601.0,60.27,0.19251200556755066,163.4189453125,163.4189453125,1.5,True,,83.7,57.68000000000001,75.9,estimated,,prefill-facebook-opt-2-7b-chunk-64-sm-24,success,,,/mnt/data/dheeraj/dicertation/inference-profile/runs/revised-rerun-20260415-145452-g4-opt27b-c64-256/raw/points/prefill/prefill-facebook-opt-2-7b-chunk-64-sm-24.csv
facebook/opt-2.7b,64,attention,attention,24,3,58.36800113320351,169784320,170121216,336896,327680,1024,2026-04-15T13:55:23Z,baseline_nvml_pt,nvidia-smi,ok,0.0,39.0,1695.0,7601.0,60.27,0.19251200556755066,163.4189453125,163.4189453125,1.5,True,,83.7,57.68000000000001,75.9,estimated,,prefill-facebook-opt-2-7b-chunk-64-sm-24,success,,,/mnt/data/dheeraj/dicertation/inference-profile/runs/revised-rerun-20260415-145452-g4-opt27b-c64-256/raw/points/prefill/prefill-facebook-opt-2-7b-chunk-64-sm-24.csv
facebook/opt-2.7b,64,gemm,q_proj,24,4,81.91999793052673,169784320,170112000,327680,327680,1024,2026-04-15T13:55:23Z,baseline_nvml_pt,nvidia-smi,ok,0.0,39.0,1695.0,7601.0,60.27,0.19251200556755066,163.4189453125,163.4189453125,1.5,True,,83.7,57.68000000000001,75.9,estimated,,prefill-facebook-opt-2-7b-chunk-64-sm-24,success,,,/mnt/data/dheeraj/dicertation/inference-profile/runs/revised-rerun-20260415-145452-g4-opt27b-c64-256/raw/points/prefill/prefill-facebook-opt-2-7b-chunk-64-sm-24.csv
facebook/opt-2.7b,64,gemm,k_proj,24,4,65.5359998345375,169784320,170112000,327680,327680,1024,2026-04-15T13:55:23Z,baseline_nvml_pt,nvidia-smi,ok,0.0,39.0,1695.0,7601.0,60.27,0.19251200556755066,163.4189453125,163.4189453125,1.5,True,,83.7,57.68000000000001,75.9,estimated,,prefill-facebook-opt-2-7b-chunk-64-sm-24,success,,,/mnt/data/dheeraj/dicertation/inference-profile/runs/revised-rerun-20260415-145452-g4-opt27b-c64-256/raw/points/prefill/prefill-facebook-opt-2-7b-chunk-64-sm-24.csv
facebook/opt-2.7b,64,gemm,v_proj,24,4,69.5360004901886,169784320,170112000,327680,327680,1024,2026-04-15T13:55:23Z,baseline_nvml_pt,nvidia-smi,ok,0.0,39.0,1695.0,7601.0,60.27,0.19251200556755066,163.4189453125,163.4189453125,1.5,True,,83.7,57.68000000000001,75.9,estimated,,prefill-facebook-opt-2-7b-chunk-64-sm-24,success,,,/mnt/data/dheeraj/dicertation/inference-profile/runs/revised-rerun-20260415-145452-g4-opt27b-c64-256/raw/points/prefill/prefill-facebook-opt-2-7b-chunk-64-sm-24.csv
facebook/opt-2.7b,64,gemm,out_proj,24,4,110.59200018644333,169784320,170112000,327680,327680,1024,2026-04-15T13:55:23Z,baseline_nvml_pt,nvidia-smi,ok,0.0,39.0,1695.0,7601.0,60.27,0.19251200556755066,163.4189453125,163.4189453125,1.5,True,,83.7,57.68000000000001,75.9,estimated,,prefill-facebook-opt-2-7b-chunk-64-sm-24,success,,,/mnt/data/dheeraj/dicertation/inference-profile/runs/revised-rerun-20260415-145452-g4-opt27b-c64-256/raw/points/prefill/prefill-facebook-opt-2-7b-chunk-64-sm-24.csv
facebook/opt-2.7b,64,gemm,fc1,24,4,124.92799758911133,169784320,171357184,1572864,1310720,1024,2026-04-15T13:55:23Z,baseline_nvml_pt,nvidia-smi,ok,0.0,39.0,1695.0,7601.0,60.27,0.19251200556755066,163.4189453125,163.4189453125,1.5,True,,83.7,57.68000000000001,75.9,estimated,,prefill-facebook-opt-2-7b-chunk-64-sm-24,success,,,/mnt/data/dheeraj/dicertation/inference-profile/runs/revised-rerun-20260415-145452-g4-opt27b-c64-256/raw/points/prefill/prefill-facebook-opt-2-7b-chunk-64-sm-24.csv
facebook/opt-2.7b,64,gemm,fc2,24,4,131.071999669075,169784320,170112000,327680,327680,1024,2026-04-15T13:55:23Z,baseline_nvml_pt,nvidia-smi,ok,0.0,39.0,1695.0,7601.0,60.27,0.19251200556755066,163.4189453125,163.4189453125,1.5,True,,83.7,57.68000000000001,75.9,estimated,,prefill-facebook-opt-2-7b-chunk-64-sm-24,success,,,/mnt/data/dheeraj/dicertation/inference-profile/runs/revised-rerun-20260415-145452-g4-opt27b-c64-256/raw/points/prefill/prefill-facebook-opt-2-7b-chunk-64-sm-24.csv
facebook/opt-2.7b,64,attention,attention,24,4,60.416001826524734,169784320,170121216,336896,327680,1024,2026-04-15T13:55:23Z,baseline_nvml_pt,nvidia-smi,ok,0.0,39.0,1695.0,7601.0,60.27,0.19251200556755066,163.4189453125,163.4189453125,1.5,True,,83.7,57.68000000000001,75.9,estimated,,prefill-facebook-opt-2-7b-chunk-64-sm-24,success,,,/mnt/data/dheeraj/dicertation/inference-profile/runs/revised-rerun-20260415-145452-g4-opt27b-c64-256/raw/points/prefill/prefill-facebook-opt-2-7b-chunk-64-sm-24.csv
facebook/opt-2.7b,64,gemm,q_proj,32,0,162.81600296497345,169784320,170112000,327680,327680,1024,2026-04-15T13:55:30Z,baseline_nvml_pt,nvidia-smi,ok,0.0,39.0,1695.0,7601.0,60.74,3.151871919631958,163.4189453125,163.4189453125,1.5,True,,90.0,51.52000000000001,82.8,estimated,,prefill-facebook-opt-2-7b-chunk-64-sm-32,success,,,/mnt/data/dheeraj/dicertation/inference-profile/runs/revised-rerun-20260415-145452-g4-opt27b-c64-256/raw/points/prefill/prefill-facebook-opt-2-7b-chunk-64-sm-32.csv
facebook/opt-2.7b,64,gemm,k_proj,32,0,92.16000139713287,169784320,170112000,327680,327680,1024,2026-04-15T13:55:30Z,baseline_nvml_pt,nvidia-smi,ok,0.0,39.0,1695.0,7601.0,60.74,3.151871919631958,163.4189453125,163.4189453125,1.5,True,,90.0,51.52000000000001,82.8,estimated,,prefill-facebook-opt-2-7b-chunk-64-sm-32,success,,,/mnt/data/dheeraj/dicertation/inference-profile/runs/revised-rerun-20260415-145452-g4-opt27b-c64-256/raw/points/prefill/prefill-facebook-opt-2-7b-chunk-64-sm-32.csv
facebook/opt-2.7b,64,gemm,v_proj,32,0,75.74400305747986,169784320,170112000,327680,327680,1024,2026-04-15T13:55:30Z,baseline_nvml_pt,nvidia-smi,ok,0.0,39.0,1695.0,7601.0,60.74,3.151871919631958,163.4189453125,163.4189453125,1.5,True,,90.0,51.52000000000001,82.8,estimated,,prefill-facebook-opt-2-7b-chunk-64-sm-32,success,,,/mnt/data/dheeraj/dicertation/inference-profile/runs/revised-rerun-20260415-145452-g4-opt27b-c64-256/raw/points/prefill/prefill-facebook-opt-2-7b-chunk-64-sm-32.csv
facebook/opt-2.7b,64,gemm,out_proj,32,0,77.82399654388428,169784320,170112000,327680,327680,1024,2026-04-15T13:55:30Z,baseline_nvml_pt,nvidia-smi,ok,0.0,39.0,1695.0,7601.0,60.74,3.151871919631958,163.4189453125,163.4189453125,1.5,True,,90.0,51.52000000000001,82.8,estimated,,prefill-facebook-opt-2-7b-chunk-64-sm-32,success,,,/mnt/data/dheeraj/dicertation/inference-profile/runs/revised-rerun-20260415-145452-g4-opt27b-c64-256/raw/points/prefill/prefill-facebook-opt-2-7b-chunk-64-sm-32.csv
facebook/opt-2.7b,64,gemm,fc1,32,0,144.3839967250824,169784320,171357184,1572864,1310720,1024,2026-04-15T13:55:30Z,baseline_nvml_pt,nvidia-smi,ok,0.0,39.0,1695.0,7601.0,60.74,3.151871919631958,163.4189453125,163.4189453125,1.5,True,,90.0,51.52000000000001,82.8,estimated,,prefill-facebook-opt-2-7b-chunk-64-sm-32,success,,,/mnt/data/dheeraj/dicertation/inference-profile/runs/revised-rerun-20260415-145452-g4-opt27b-c64-256/raw/points/prefill/prefill-facebook-opt-2-7b-chunk-64-sm-32.csv
facebook/opt-2.7b,64,gemm,fc2,32,0,152.5759994983673,169784320,170112000,327680,327680,1024,2026-04-15T13:55:30Z,baseline_nvml_pt,nvidia-smi,ok,0.0,39.0,1695.0,7601.0,60.74,3.151871919631958,163.4189453125,163.4189453125,1.5,True,,90.0,51.52000000000001,82.8,estimated,,prefill-facebook-opt-2-7b-chunk-64-sm-32,success,,,/mnt/data/dheeraj/dicertation/inference-profile/runs/revised-rerun-20260415-145452-g4-opt27b-c64-256/raw/points/prefill/prefill-facebook-opt-2-7b-chunk-64-sm-32.csv
facebook/opt-2.7b,64,attention,attention,32,0,143.36000382900238,169784320,170121216,336896,327680,1024,2026-04-15T13:55:30Z,baseline_nvml_pt,nvidia-smi,ok,0.0,39.0,1695.0,7601.0,60.74,3.151871919631958,163.4189453125,163.4189453125,1.5,True,,90.0,51.52000000000001,82.8,estimated,,prefill-facebook-opt-2-7b-chunk-64-sm-32,success,,,/mnt/data/dheeraj/dicertation/inference-profile/runs/revised-rerun-20260415-145452-g4-opt27b-c64-256/raw/points/prefill/prefill-facebook-opt-2-7b-chunk-64-sm-32.csv
facebook/opt-2.7b,64,gemm,q_proj,32,1,73.72800260782242,169784320,170112000,327680,327680,1024,2026-04-15T13:55:30Z,baseline_nvml_pt,nvidia-smi,ok,0.0,39.0,1695.0,7601.0,60.74,3.151871919631958,163.4189453125,163.4189453125,1.5,True,,90.0,51.52000000000001,82.8,estimated,,prefill-facebook-opt-2-7b-chunk-64-sm-32,success,,,/mnt/data/dheeraj/dicertation/inference-profile/runs/revised-rerun-20260415-145452-g4-opt27b-c64-256/raw/points/prefill/prefill-facebook-opt-2-7b-chunk-64-sm-32.csv
facebook/opt-2.7b,64,gemm,k_proj,32,1,67.55200028419495,169784320,170112000,327680,327680,1024,2026-04-15T13:55:30Z,baseline_nvml_pt,nvidia-smi,ok,0.0,39.0,1695.0,7601.0,60.74,3.151871919631958,163.4189453125,163.4189453125,1.5,True,,90.0,51.52000000000001,82.8,estimated,,prefill-facebook-opt-2-7b-chunk-64-sm-32,success,,,/mnt/data/dheeraj/dicertation/inference-profile/runs/revised-rerun-20260415-145452-g4-opt27b-c64-256/raw/points/prefill/prefill-facebook-opt-2-7b-chunk-64-sm-32.csv
facebook/opt-2.7b,64,gemm,v_proj,32,1,76.80000364780426,169784320,170112000,327680,327680,1024,2026-04-15T13:55:30Z,baseline_nvml_pt,nvidia-smi,ok,0.0,39.0,1695.0,7601.0,60.74,3.151871919631958,163.4189453125,163.4189453125,1.5,True,,90.0,51.52000000000001,82.8,estimated,,prefill-facebook-opt-2-7b-chunk-64-sm-32,success,,,/mnt/data/dheeraj/dicertation/inference-profile/runs/revised-rerun-20260415-145452-g4-opt27b-c64-256/raw/points/prefill/prefill-facebook-opt-2-7b-chunk-64-sm-32.csv
facebook/opt-2.7b,64,gemm,out_proj,32,1,67.58400052785873,169784320,170112000,327680,327680,1024,2026-04-15T13:55:30Z,baseline_nvml_pt,nvidia-smi,ok,0.0,39.0,1695.0,7601.0,60.74,3.151871919631958,163.4189453125,163.4189453125,1.5,True,,90.0,51.52000000000001,82.8,estimated,,prefill-facebook-opt-2-7b-chunk-64-sm-32,success,,,/mnt/data/dheeraj/dicertation/inference-profile/runs/revised-rerun-20260415-145452-g4-opt27b-c64-256/raw/points/prefill/prefill-facebook-opt-2-7b-chunk-64-sm-32.csv
facebook/opt-2.7b,64,gemm,fc1,32,1,126.97599828243256,169784320,171357184,1572864,1310720,1024,2026-04-15T13:55:30Z,baseline_nvml_pt,nvidia-smi,ok,0.0,39.0,1695.0,7601.0,60.74,3.151871919631958,163.4189453125,163.4189453125,1.5,True,,90.0,51.52000000000001,82.8,estimated,,prefill-facebook-opt-2-7b-chunk-64-sm-32,success,,,/mnt/data/dheeraj/dicertation/inference-profile/runs/revised-rerun-20260415-145452-g4-opt27b-c64-256/raw/points/prefill/prefill-facebook-opt-2-7b-chunk-64-sm-32.csv
facebook/opt-2.7b,64,gemm,fc2,32,1,134.14399325847626,169784320,170112000,327680,327680,1024,2026-04-15T13:55:30Z,baseline_nvml_pt,nvidia-smi,ok,0.0,39.0,1695.0,7601.0,60.74,3.151871919631958,163.4189453125,163.4189453125,1.5,True,,90.0,51.52000000000001,82.8,estimated,,prefill-facebook-opt-2-7b-chunk-64-sm-32,success,,,/mnt/data/dheeraj/dicertation/inference-profile/runs/revised-rerun-20260415-145452-g4-opt27b-c64-256/raw/points/prefill/prefill-facebook-opt-2-7b-chunk-64-sm-32.csv
facebook/opt-2.7b,64,attention,attention,32,1,60.416001826524734,169784320,170121216,336896,327680,1024,2026-04-15T13:55:30Z,baseline_nvml_pt,nvidia-smi,ok,0.0,39.0,1695.0,7601.0,60.74,3.151871919631958,163.4189453125,163.4189453125,1.5,True,,90.0,51.52000000000001,82.8,estimated,,prefill-facebook-opt-2-7b-chunk-64-sm-32,success,,,/mnt/data/dheeraj/dicertation/inference-profile/runs/revised-rerun-20260415-145452-g4-opt27b-c64-256/raw/points/prefill/prefill-facebook-opt-2-7b-chunk-64-sm-32.csv
facebook/opt-2.7b,64,gemm,q_proj,32,2,69.63200122117996,169784320,170112000,327680,327680,1024,2026-04-15T13:55:30Z,baseline_nvml_pt,nvidia-smi,ok,0.0,39.0,1695.0,7601.0,60.74,3.151871919631958,163.4189453125,163.4189453125,1.5,True,,90.0,51.52000000000001,82.8,estimated,,prefill-facebook-opt-2-7b-chunk-64-sm-32,success,,,/mnt/data/dheeraj/dicertation/inference-profile/runs/revised-rerun-20260415-145452-g4-opt27b-c64-256/raw/points/prefill/prefill-facebook-opt-2-7b-chunk-64-sm-32.csv
facebook/opt-2.7b,64,gemm,k_proj,32,2,76.80000364780426,169784320,170112000,327680,327680,1024,2026-04-15T13:55:30Z,baseline_nvml_pt,nvidia-smi,ok,0.0,39.0,1695.0,7601.0,60.74,3.151871919631958,163.4189453125,163.4189453125,1.5,True,,90.0,51.52000000000001,82.8,estimated,,prefill-facebook-opt-2-7b-chunk-64-sm-32,success,,,/mnt/data/dheeraj/dicertation/inference-profile/runs/revised-rerun-20260415-145452-g4-opt27b-c64-256/raw/points/prefill/prefill-facebook-opt-2-7b-chunk-64-sm-32.csv
facebook/opt-2.7b,64,gemm,v_proj,32,2,67.58400052785873,169784320,170112000,327680,327680,1024,2026-04-15T13:55:30Z,baseline_nvml_pt,nvidia-smi,ok,0.0,39.0,1695.0,7601.0,60.74,3.151871919631958,163.4189453125,163.4189453125,1.5,True,,90.0,51.52000000000001,82.8,estimated,,prefill-facebook-opt-2-7b-chunk-64-sm-32,success,,,/mnt/data/dheeraj/dicertation/inference-profile/runs/revised-rerun-20260415-145452-g4-opt27b-c64-256/raw/points/prefill/prefill-facebook-opt-2-7b-chunk-64-sm-32.csv
facebook/opt-2.7b,64,gemm,out_proj,32,2,66.56000018119812,169784320,170112000,327680,327680,1024,2026-04-15T13:55:30Z,baseline_nvml_pt,nvidia-smi,ok,0.0,39.0,1695.0,7601.0,60.74,3.151871919631958,163.4189453125,163.4189453125,1.5,True,,90.0,51.52000000000001,82.8,estimated,,prefill-facebook-opt-2-7b-chunk-64-sm-32,success,,,/mnt/data/dheeraj/dicertation/inference-profile/runs/revised-rerun-20260415-145452-g4-opt27b-c64-256/raw/points/prefill/prefill-facebook-opt-2-7b-chunk-64-sm-32.csv
facebook/opt-2.7b,64,gemm,fc1,32,2,125.95200538635254,169784320,171357184,1572864,1310720,1024,2026-04-15T13:55:30Z,baseline_nvml_pt,nvidia-smi,ok,0.0,39.0,1695.0,7601.0,60.74,3.151871919631958,163.4189453125,163.4189453125,1.5,True,,90.0,51.52000000000001,82.8,estimated,,prefill-facebook-opt-2-7b-chunk-64-sm-32,success,,,/mnt/data/dheeraj/dicertation/inference-profile/runs/revised-rerun-20260415-145452-g4-opt27b-c64-256/raw/points/prefill/prefill-facebook-opt-2-7b-chunk-64-sm-32.csv
facebook/opt-2.7b,64,gemm,fc2,32,2,3151.871919631958,169784320,170112000,327680,327680,1024,2026-04-15T13:55:30Z,baseline_nvml_pt,nvidia-smi,ok,0.0,39.0,1695.0,7601.0,60.74,3.151871919631958,163.4189453125,163.4189453125,1.5,True,,90.0,51.52000000000001,82.8,estimated,,prefill-facebook-opt-2-7b-chunk-64-sm-32,success,,,/mnt/data/dheeraj/dicertation/inference-profile/runs/revised-rerun-20260415-145452-g4-opt27b-c64-256/raw/points/prefill/prefill-facebook-opt-2-7b-chunk-64-sm-32.csv
facebook/opt-2.7b,64,attention,attention,32,2,58.36800113320351,169784320,170121216,336896,327680,1024,2026-04-15T13:55:30Z,baseline_nvml_pt,nvidia-smi,ok,0.0,39.0,1695.0,7601.0,60.74,3.151871919631958,163.4189453125,163.4189453125,1.5,True,,90.0,51.52000000000001,82.8,estimated,,prefill-facebook-opt-2-7b-chunk-64-sm-32,success,,,/mnt/data/dheeraj/dicertation/inference-profile/runs/revised-rerun-20260415-145452-g4-opt27b-c64-256/raw/points/prefill/prefill-facebook-opt-2-7b-chunk-64-sm-32.csv
facebook/opt-2.7b,64,gemm,q_proj,32,3,67.58400052785873,169784320,170112000,327680,327680,1024,2026-04-15T13:55:30Z,baseline_nvml_pt,nvidia-smi,ok,0.0,39.0,1695.0,7601.0,60.74,3.151871919631958,163.4189453125,163.4189453125,1.5,True,,90.0,51.52000000000001,82.8,estimated,,prefill-facebook-opt-2-7b-chunk-64-sm-32,success,,,/mnt/data/dheeraj/dicertation/inference-profile/runs/revised-rerun-20260415-145452-g4-opt27b-c64-256/raw/points/prefill/prefill-facebook-opt-2-7b-chunk-64-sm-32.csv
facebook/opt-2.7b,64,gemm,k_proj,32,3,74.75200295448303,169784320,170112000,327680,327680,1024,2026-04-15T13:55:30Z,baseline_nvml_pt,nvidia-smi,ok,0.0,39.0,1695.0,7601.0,60.74,3.151871919631958,163.4189453125,163.4189453125,1.5,True,,90.0,51.52000000000001,82.8,estimated,,prefill-facebook-opt-2-7b-chunk-64-sm-32,success,,,/mnt/data/dheeraj/dicertation/inference-profile/runs/revised-rerun-20260415-145452-g4-opt27b-c64-256/raw/points/prefill/prefill-facebook-opt-2-7b-chunk-64-sm-32.csv
facebook/opt-2.7b,64,gemm,v_proj,32,3,66.56000018119812,169784320,170112000,327680,327680,1024,2026-04-15T13:55:30Z,baseline_nvml_pt,nvidia-smi,ok,0.0,39.0,1695.0,7601.0,60.74,3.151871919631958,163.4189453125,163.4189453125,1.5,True,,90.0,51.52000000000001,82.8,estimated,,prefill-facebook-opt-2-7b-chunk-64-sm-32,success,,,/mnt/data/dheeraj/dicertation/inference-profile/runs/revised-rerun-20260415-145452-g4-opt27b-c64-256/raw/points/prefill/prefill-facebook-opt-2-7b-chunk-64-sm-32.csv
facebook/opt-2.7b,64,gemm,out_proj,32,3,66.56000018119812,169784320,170112000,327680,327680,1024,2026-04-15T13:55:30Z,baseline_nvml_pt,nvidia-smi,ok,0.0,39.0,1695.0,7601.0,60.74,3.151871919631958,163.4189453125,163.4189453125,1.5,True,,90.0,51.52000000000001,82.8,estimated,,prefill-facebook-opt-2-7b-chunk-64-sm-32,success,,,/mnt/data/dheeraj/dicertation/inference-profile/runs/revised-rerun-20260415-145452-g4-opt27b-c64-256/raw/points/prefill/prefill-facebook-opt-2-7b-chunk-64-sm-32.csv
facebook/opt-2.7b,64,gemm,fc1,32,3,126.97599828243256,169784320,171357184,1572864,1310720,1024,2026-04-15T13:55:30Z,baseline_nvml_pt,nvidia-smi,ok,0.0,39.0,1695.0,7601.0,60.74,3.151871919631958,163.4189453125,163.4189453125,1.5,True,,90.0,51.52000000000001,82.8,estimated,,prefill-facebook-opt-2-7b-chunk-64-sm-32,success,,,/mnt/data/dheeraj/dicertation/inference-profile/runs/revised-rerun-20260415-145452-g4-opt27b-c64-256/raw/points/prefill/prefill-facebook-opt-2-7b-chunk-64-sm-32.csv
facebook/opt-2.7b,64,gemm,fc2,32,3,130.048006772995,169784320,170112000,327680,327680,1024,2026-04-15T13:55:30Z,baseline_nvml_pt,nvidia-smi,ok,0.0,39.0,1695.0,7601.0,60.74,3.151871919631958,163.4189453125,163.4189453125,1.5,True,,90.0,51.52000000000001,82.8,estimated,,prefill-facebook-opt-2-7b-chunk-64-sm-32,success,,,/mnt/data/dheeraj/dicertation/inference-profile/runs/revised-rerun-20260415-145452-g4-opt27b-c64-256/raw/points/prefill/prefill-facebook-opt-2-7b-chunk-64-sm-32.csv
facebook/opt-2.7b,64,attention,attention,32,3,56.32000043988228,169784320,170121216,336896,327680,1024,2026-04-15T13:55:30Z,baseline_nvml_pt,nvidia-smi,ok,0.0,39.0,1695.0,7601.0,60.74,3.151871919631958,163.4189453125,163.4189453125,1.5,True,,90.0,51.52000000000001,82.8,estimated,,prefill-facebook-opt-2-7b-chunk-64-sm-32,success,,,/mnt/data/dheeraj/dicertation/inference-profile/runs/revised-rerun-20260415-145452-g4-opt27b-c64-256/raw/points/prefill/prefill-facebook-opt-2-7b-chunk-64-sm-32.csv
facebook/opt-2.7b,64,gemm,q_proj,32,4,3076.0960578918457,169784320,170112000,327680,327680,1024,2026-04-15T13:55:30Z,baseline_nvml_pt,nvidia-smi,ok,0.0,39.0,1695.0,7601.0,60.74,3.151871919631958,163.4189453125,163.4189453125,1.5,True,,90.0,51.52000000000001,82.8,estimated,,prefill-facebook-opt-2-7b-chunk-64-sm-32,success,,,/mnt/data/dheeraj/dicertation/inference-profile/runs/revised-rerun-20260415-145452-g4-opt27b-c64-256/raw/points/prefill/prefill-facebook-opt-2-7b-chunk-64-sm-32.csv
facebook/opt-2.7b,64,gemm,k_proj,32,4,65.5359998345375,169784320,170112000,327680,327680,1024,2026-04-15T13:55:30Z,baseline_nvml_pt,nvidia-smi,ok,0.0,39.0,1695.0,7601.0,60.74,3.151871919631958,163.4189453125,163.4189453125,1.5,True,,90.0,51.52000000000001,82.8,estimated,,prefill-facebook-opt-2-7b-chunk-64-sm-32,success,,,/mnt/data/dheeraj/dicertation/inference-profile/runs/revised-rerun-20260415-145452-g4-opt27b-c64-256/raw/points/prefill/prefill-facebook-opt-2-7b-chunk-64-sm-32.csv
facebook/opt-2.7b,64,gemm,v_proj,32,4,63.48799914121628,169784320,170112000,327680,327680,1024,2026-04-15T13:55:30Z,baseline_nvml_pt,nvidia-smi,ok,0.0,39.0,1695.0,7601.0,60.74,3.151871919631958,163.4189453125,163.4189453125,1.5,True,,90.0,51.52000000000001,82.8,estimated,,prefill-facebook-opt-2-7b-chunk-64-sm-32,success,,,/mnt/data/dheeraj/dicertation/inference-profile/runs/revised-rerun-20260415-145452-g4-opt27b-c64-256/raw/points/prefill/prefill-facebook-opt-2-7b-chunk-64-sm-32.csv
facebook/opt-2.7b,64,gemm,out_proj,32,4,63.48799914121628,169784320,170112000,327680,327680,1024,2026-04-15T13:55:30Z,baseline_nvml_pt,nvidia-smi,ok,0.0,39.0,1695.0,7601.0,60.74,3.151871919631958,163.4189453125,163.4189453125,1.5,True,,90.0,51.52000000000001,82.8,estimated,,prefill-facebook-opt-2-7b-chunk-64-sm-32,success,,,/mnt/data/dheeraj/dicertation/inference-profile/runs/revised-rerun-20260415-145452-g4-opt27b-c64-256/raw/points/prefill/prefill-facebook-opt-2-7b-chunk-64-sm-32.csv
facebook/opt-2.7b,64,gemm,fc1,32,4,128.09599936008453,169784320,171357184,1572864,1310720,1024,2026-04-15T13:55:30Z,baseline_nvml_pt,nvidia-smi,ok,0.0,39.0,1695.0,7601.0,60.74,3.151871919631958,163.4189453125,163.4189453125,1.5,True,,90.0,51.52000000000001,82.8,estimated,,prefill-facebook-opt-2-7b-chunk-64-sm-32,success,,,/mnt/data/dheeraj/dicertation/inference-profile/runs/revised-rerun-20260415-145452-g4-opt27b-c64-256/raw/points/prefill/prefill-facebook-opt-2-7b-chunk-64-sm-32.csv
facebook/opt-2.7b,64,gemm,fc2,32,4,130.048006772995,169784320,170112000,327680,327680,1024,2026-04-15T13:55:30Z,baseline_nvml_pt,nvidia-smi,ok,0.0,39.0,1695.0,7601.0,60.74,3.151871919631958,163.4189453125,163.4189453125,1.5,True,,90.0,51.52000000000001,82.8,estimated,,prefill-facebook-opt-2-7b-chunk-64-sm-32,success,,,/mnt/data/dheeraj/dicertation/inference-profile/runs/revised-rerun-20260415-145452-g4-opt27b-c64-256/raw/points/prefill/prefill-facebook-opt-2-7b-chunk-64-sm-32.csv
facebook/opt-2.7b,64,attention,attention,32,4,55.296000093221664,169784320,170121216,336896,327680,1024,2026-04-15T13:55:30Z,baseline_nvml_pt,nvidia-smi,ok,0.0,39.0,1695.0,7601.0,60.74,3.151871919631958,163.4189453125,163.4189453125,1.5,True,,90.0,51.52000000000001,82.8,estimated,,prefill-facebook-opt-2-7b-chunk-64-sm-32,success,,,/mnt/data/dheeraj/dicertation/inference-profile/runs/revised-rerun-20260415-145452-g4-opt27b-c64-256/raw/points/prefill/prefill-facebook-opt-2-7b-chunk-64-sm-32.csv
facebook/opt-2.7b,128,gemm,q_proj,8,0,92.16000139713287,172143616,172798976,655360,655360,1024,2026-04-15T13:55:38Z,baseline_nvml_pt,nvidia-smi,ok,0.0,39.0,1695.0,7601.0,60.4,0.1945600062608719,167.5439453125,167.5439453125,3.375,True,,75.05,66.25000000000001,64.8,estimated,,prefill-facebook-opt-2-7b-chunk-128-sm-8,success,,,/mnt/data/dheeraj/dicertation/inference-profile/runs/revised-rerun-20260415-145452-g4-opt27b-c64-256/raw/points/prefill/prefill-facebook-opt-2-7b-chunk-128-sm-8.csv
facebook/opt-2.7b,128,gemm,k_proj,8,0,88.06400001049042,172143616,172798976,655360,655360,1024,2026-04-15T13:55:38Z,baseline_nvml_pt,nvidia-smi,ok,0.0,39.0,1695.0,7601.0,60.4,0.1945600062608719,167.5439453125,167.5439453125,3.375,True,,75.05,66.25000000000001,64.8,estimated,,prefill-facebook-opt-2-7b-chunk-128-sm-8,success,,,/mnt/data/dheeraj/dicertation/inference-profile/runs/revised-rerun-20260415-145452-g4-opt27b-c64-256/raw/points/prefill/prefill-facebook-opt-2-7b-chunk-128-sm-8.csv
facebook/opt-2.7b,128,gemm,v_proj,8,0,82.94399827718735,172143616,172798976,655360,655360,1024,2026-04-15T13:55:38Z,baseline_nvml_pt,nvidia-smi,ok,0.0,39.0,1695.0,7601.0,60.4,0.1945600062608719,167.5439453125,167.5439453125,3.375,True,,75.05,66.25000000000001,64.8,estimated,,prefill-facebook-opt-2-7b-chunk-128-sm-8,success,,,/mnt/data/dheeraj/dicertation/inference-profile/runs/revised-rerun-20260415-145452-g4-opt27b-c64-256/raw/points/prefill/prefill-facebook-opt-2-7b-chunk-128-sm-8.csv
facebook/opt-2.7b,128,gemm,out_proj,8,0,82.94399827718735,172143616,172798976,655360,655360,1024,2026-04-15T13:55:38Z,baseline_nvml_pt,nvidia-smi,ok,0.0,39.0,1695.0,7601.0,60.4,0.1945600062608719,167.5439453125,167.5439453125,3.375,True,,75.05,66.25000000000001,64.8,estimated,,prefill-facebook-opt-2-7b-chunk-128-sm-8,success,,,/mnt/data/dheeraj/dicertation/inference-profile/runs/revised-rerun-20260415-145452-g4-opt27b-c64-256/raw/points/prefill/prefill-facebook-opt-2-7b-chunk-128-sm-8.csv
facebook/opt-2.7b,128,gemm,fc1,8,0,194.5600062608719,172143616,175682560,3538944,2621440,1024,2026-04-15T13:55:38Z,baseline_nvml_pt,nvidia-smi,ok,0.0,39.0,1695.0,7601.0,60.4,0.1945600062608719,167.5439453125,167.5439453125,3.375,True,,75.05,66.25000000000001,64.8,estimated,,prefill-facebook-opt-2-7b-chunk-128-sm-8,success,,,/mnt/data/dheeraj/dicertation/inference-profile/runs/revised-rerun-20260415-145452-g4-opt27b-c64-256/raw/points/prefill/prefill-facebook-opt-2-7b-chunk-128-sm-8.csv
facebook/opt-2.7b,128,gemm,fc2,8,0,167.93599724769592,172143616,172798976,655360,655360,1024,2026-04-15T13:55:38Z,baseline_nvml_pt,nvidia-smi,ok,0.0,39.0,1695.0,7601.0,60.4,0.1945600062608719,167.5439453125,167.5439453125,3.375,True,,75.05,66.25000000000001,64.8,estimated,,prefill-facebook-opt-2-7b-chunk-128-sm-8,success,,,/mnt/data/dheeraj/dicertation/inference-profile/runs/revised-rerun-20260415-145452-g4-opt27b-c64-256/raw/points/prefill/prefill-facebook-opt-2-7b-chunk-128-sm-8.csv
facebook/opt-2.7b,128,attention,attention,8,0,60.416001826524734,172143616,172816384,672768,655360,1024,2026-04-15T13:55:38Z,baseline_nvml_pt,nvidia-smi,ok,0.0,39.0,1695.0,7601.0,60.4,0.1945600062608719,167.5439453125,167.5439453125,3.375,True,,75.05,66.25000000000001,64.8,estimated,,prefill-facebook-opt-2-7b-chunk-128-sm-8,success,,,/mnt/data/dheeraj/dicertation/inference-profile/runs/revised-rerun-20260415-145452-g4-opt27b-c64-256/raw/points/prefill/prefill-facebook-opt-2-7b-chunk-128-sm-8.csv
facebook/opt-2.7b,128,gemm,q_proj,8,1,84.99199897050858,172143616,172798976,655360,655360,1024,2026-04-15T13:55:38Z,baseline_nvml_pt,nvidia-smi,ok,0.0,39.0,1695.0,7601.0,60.4,0.1945600062608719,167.5439453125,167.5439453125,3.375,True,,75.05,66.25000000000001,64.8,estimated,,prefill-facebook-opt-2-7b-chunk-128-sm-8,success,,,/mnt/data/dheeraj/dicertation/inference-profile/runs/revised-rerun-20260415-145452-g4-opt27b-c64-256/raw/points/prefill/prefill-facebook-opt-2-7b-chunk-128-sm-8.csv
facebook/opt-2.7b,128,gemm,k_proj,8,1,81.91999793052673,172143616,172798976,655360,655360,1024,2026-04-15T13:55:38Z,baseline_nvml_pt,nvidia-smi,ok,0.0,39.0,1695.0,7601.0,60.4,0.1945600062608719,167.5439453125,167.5439453125,3.375,True,,75.05,66.25000000000001,64.8,estimated,,prefill-facebook-opt-2-7b-chunk-128-sm-8,success,,,/mnt/data/dheeraj/dicertation/inference-profile/runs/revised-rerun-20260415-145452-g4-opt27b-c64-256/raw/points/prefill/prefill-facebook-opt-2-7b-chunk-128-sm-8.csv
facebook/opt-2.7b,128,gemm,v_proj,8,1,81.91999793052673,172143616,172798976,655360,655360,1024,2026-04-15T13:55:38Z,baseline_nvml_pt,nvidia-smi,ok,0.0,39.0,1695.0,7601.0,60.4,0.1945600062608719,167.5439453125,167.5439453125,3.375,True,,75.05,66.25000000000001,64.8,estimated,,prefill-facebook-opt-2-7b-chunk-128-sm-8,success,,,/mnt/data/dheeraj/dicertation/inference-profile/runs/revised-rerun-20260415-145452-g4-opt27b-c64-256/raw/points/prefill/prefill-facebook-opt-2-7b-chunk-128-sm-8.csv
facebook/opt-2.7b,128,gemm,out_proj,8,1,80.89599758386612,172143616,172798976,655360,655360,1024,2026-04-15T13:55:38Z,baseline_nvml_pt,nvidia-smi,ok,0.0,39.0,1695.0,7601.0,60.4,0.1945600062608719,167.5439453125,167.5439453125,3.375,True,,75.05,66.25000000000001,64.8,estimated,,prefill-facebook-opt-2-7b-chunk-128-sm-8,success,,,/mnt/data/dheeraj/dicertation/inference-profile/runs/revised-rerun-20260415-145452-g4-opt27b-c64-256/raw/points/prefill/prefill-facebook-opt-2-7b-chunk-128-sm-8.csv
facebook/opt-2.7b,128,gemm,fc1,8,1,190.46400487422943,172143616,175682560,3538944,2621440,1024,2026-04-15T13:55:38Z,baseline_nvml_pt,nvidia-smi,ok,0.0,39.0,1695.0,7601.0,60.4,0.1945600062608719,167.5439453125,167.5439453125,3.375,True,,75.05,66.25000000000001,64.8,estimated,,prefill-facebook-opt-2-7b-chunk-128-sm-8,success,,,/mnt/data/dheeraj/dicertation/inference-profile/runs/revised-rerun-20260415-145452-g4-opt27b-c64-256/raw/points/prefill/prefill-facebook-opt-2-7b-chunk-128-sm-8.csv
facebook/opt-2.7b,128,gemm,fc2,8,1,168.96000504493713,172143616,172798976,655360,655360,1024,2026-04-15T13:55:38Z,baseline_nvml_pt,nvidia-smi,ok,0.0,39.0,1695.0,7601.0,60.4,0.1945600062608719,167.5439453125,167.5439453125,3.375,True,,75.05,66.25000000000001,64.8,estimated,,prefill-facebook-opt-2-7b-chunk-128-sm-8,success,,,/mnt/data/dheeraj/dicertation/inference-profile/runs/revised-rerun-20260415-145452-g4-opt27b-c64-256/raw/points/prefill/prefill-facebook-opt-2-7b-chunk-128-sm-8.csv
facebook/opt-2.7b,128,attention,attention,8,1,58.36800113320351,172143616,172816384,672768,655360,1024,2026-04-15T13:55:38Z,baseline_nvml_pt,nvidia-smi,ok,0.0,39.0,1695.0,7601.0,60.4,0.1945600062608719,167.5439453125,167.5439453125,3.375,True,,75.05,66.25000000000001,64.8,estimated,,prefill-facebook-opt-2-7b-chunk-128-sm-8,success,,,/mnt/data/dheeraj/dicertation/inference-profile/runs/revised-rerun-20260415-145452-g4-opt27b-c64-256/raw/points/prefill/prefill-facebook-opt-2-7b-chunk-128-sm-8.csv
facebook/opt-2.7b,128,gemm,q_proj,8,2,83.96799862384796,172143616,172798976,655360,655360,1024,2026-04-15T13:55:38Z,baseline_nvml_pt,nvidia-smi,ok,0.0,39.0,1695.0,7601.0,60.4,0.1945600062608719,167.5439453125,167.5439453125,3.375,True,,75.05,66.25000000000001,64.8,estimated,,prefill-facebook-opt-2-7b-chunk-128-sm-8,success,,,/mnt/data/dheeraj/dicertation/inference-profile/runs/revised-rerun-20260415-145452-g4-opt27b-c64-256/raw/points/prefill/prefill-facebook-opt-2-7b-chunk-128-sm-8.csv
facebook/opt-2.7b,128,gemm,k_proj,8,2,88.06400001049042,172143616,172798976,655360,655360,1024,2026-04-15T13:55:38Z,baseline_nvml_pt,nvidia-smi,ok,0.0,39.0,1695.0,7601.0,60.4,0.1945600062608719,167.5439453125,167.5439453125,3.375,True,,75.05,66.25000000000001,64.8,estimated,,prefill-facebook-opt-2-7b-chunk-128-sm-8,success,,,/mnt/data/dheeraj/dicertation/inference-profile/runs/revised-rerun-20260415-145452-g4-opt27b-c64-256/raw/points/prefill/prefill-facebook-opt-2-7b-chunk-128-sm-8.csv
facebook/opt-2.7b,128,gemm,v_proj,8,2,79.80799674987793,172143616,172798976,655360,655360,1024,2026-04-15T13:55:38Z,baseline_nvml_pt,nvidia-smi,ok,0.0,39.0,1695.0,7601.0,60.4,0.1945600062608719,167.5439453125,167.5439453125,3.375,True,,75.05,66.25000000000001,64.8,estimated,,prefill-facebook-opt-2-7b-chunk-128-sm-8,success,,,/mnt/data/dheeraj/dicertation/inference-profile/runs/revised-rerun-20260415-145452-g4-opt27b-c64-256/raw/points/prefill/prefill-facebook-opt-2-7b-chunk-128-sm-8.csv
facebook/opt-2.7b,128,gemm,out_proj,8,2,80.89599758386612,172143616,172798976,655360,655360,1024,2026-04-15T13:55:38Z,baseline_nvml_pt,nvidia-smi,ok,0.0,39.0,1695.0,7601.0,60.4,0.1945600062608719,167.5439453125,167.5439453125,3.375,True,,75.05,66.25000000000001,64.8,estimated,,prefill-facebook-opt-2-7b-chunk-128-sm-8,success,,,/mnt/data/dheeraj/dicertation/inference-profile/runs/revised-rerun-20260415-145452-g4-opt27b-c64-256/raw/points/prefill/prefill-facebook-opt-2-7b-chunk-128-sm-8.csv
facebook/opt-2.7b,128,gemm,fc1,8,2,192.44800508022308,172143616,175682560,3538944,2621440,1024,2026-04-15T13:55:38Z,baseline_nvml_pt,nvidia-smi,ok,0.0,39.0,1695.0,7601.0,60.4,0.1945600062608719,167.5439453125,167.5439453125,3.375,True,,75.05,66.25000000000001,64.8,estimated,,prefill-facebook-opt-2-7b-chunk-128-sm-8,success,,,/mnt/data/dheeraj/dicertation/inference-profile/runs/revised-rerun-20260415-145452-g4-opt27b-c64-256/raw/points/prefill/prefill-facebook-opt-2-7b-chunk-128-sm-8.csv
facebook/opt-2.7b,128,gemm,fc2,8,2,165.8879965543747,172143616,172798976,655360,655360,1024,2026-04-15T13:55:38Z,baseline_nvml_pt,nvidia-smi,ok,0.0,39.0,1695.0,7601.0,60.4,0.1945600062608719,167.5439453125,167.5439453125,3.375,True,,75.05,66.25000000000001,64.8,estimated,,prefill-facebook-opt-2-7b-chunk-128-sm-8,success,,,/mnt/data/dheeraj/dicertation/inference-profile/runs/revised-rerun-20260415-145452-g4-opt27b-c64-256/raw/points/prefill/prefill-facebook-opt-2-7b-chunk-128-sm-8.csv
facebook/opt-2.7b,128,attention,attention,8,2,60.416001826524734,172143616,172816384,672768,655360,1024,2026-04-15T13:55:38Z,baseline_nvml_pt,nvidia-smi,ok,0.0,39.0,1695.0,7601.0,60.4,0.1945600062608719,167.5439453125,167.5439453125,3.375,True,,75.05,66.25000000000001,64.8,estimated,,prefill-facebook-opt-2-7b-chunk-128-sm-8,success,,,/mnt/data/dheeraj/dicertation/inference-profile/runs/revised-rerun-20260415-145452-g4-opt27b-c64-256/raw/points/prefill/prefill-facebook-opt-2-7b-chunk-128-sm-8.csv
facebook/opt-2.7b,128,gemm,q_proj,8,3,84.99199897050858,172143616,172798976,655360,655360,1024,2026-04-15T13:55:38Z,baseline_nvml_pt,nvidia-smi,ok,0.0,39.0,1695.0,7601.0,60.4,0.1945600062608719,167.5439453125,167.5439453125,3.375,True,,75.05,66.25000000000001,64.8,estimated,,prefill-facebook-opt-2-7b-chunk-128-sm-8,success,,,/mnt/data/dheeraj/dicertation/inference-profile/runs/revised-rerun-20260415-145452-g4-opt27b-c64-256/raw/points/prefill/prefill-facebook-opt-2-7b-chunk-128-sm-8.csv
facebook/opt-2.7b,128,gemm,k_proj,8,3,80.89599758386612,172143616,172798976,655360,655360,1024,2026-04-15T13:55:38Z,baseline_nvml_pt,nvidia-smi,ok,0.0,39.0,1695.0,7601.0,60.4,0.1945600062608719,167.5439453125,167.5439453125,3.375,True,,75.05,66.25000000000001,64.8,estimated,,prefill-facebook-opt-2-7b-chunk-128-sm-8,success,,,/mnt/data/dheeraj/dicertation/inference-profile/runs/revised-rerun-20260415-145452-g4-opt27b-c64-256/raw/points/prefill/prefill-facebook-opt-2-7b-chunk-128-sm-8.csv
facebook/opt-2.7b,128,gemm,v_proj,8,3,81.91999793052673,172143616,172798976,655360,655360,1024,2026-04-15T13:55:38Z,baseline_nvml_pt,nvidia-smi,ok,0.0,39.0,1695.0,7601.0,60.4,0.1945600062608719,167.5439453125,167.5439453125,3.375,True,,75.05,66.25000000000001,64.8,estimated,,prefill-facebook-opt-2-7b-chunk-128-sm-8,success,,,/mnt/data/dheeraj/dicertation/inference-profile/runs/revised-rerun-20260415-145452-g4-opt27b-c64-256/raw/points/prefill/prefill-facebook-opt-2-7b-chunk-128-sm-8.csv
facebook/opt-2.7b,128,gemm,out_proj,8,3,80.89599758386612,172143616,172798976,655360,655360,1024,2026-04-15T13:55:38Z,baseline_nvml_pt,nvidia-smi,ok,0.0,39.0,1695.0,7601.0,60.4,0.1945600062608719,167.5439453125,167.5439453125,3.375,True,,75.05,66.25000000000001,64.8,estimated,,prefill-facebook-opt-2-7b-chunk-128-sm-8,success,,,/mnt/data/dheeraj/dicertation/inference-profile/runs/revised-rerun-20260415-145452-g4-opt27b-c64-256/raw/points/prefill/prefill-facebook-opt-2-7b-chunk-128-sm-8.csv
facebook/opt-2.7b,128,gemm,fc1,8,3,191.48799777030945,172143616,175682560,3538944,2621440,1024,2026-04-15T13:55:38Z,baseline_nvml_pt,nvidia-smi,ok,0.0,39.0,1695.0,7601.0,60.4,0.1945600062608719,167.5439453125,167.5439453125,3.375,True,,75.05,66.25000000000001,64.8,estimated,,prefill-facebook-opt-2-7b-chunk-128-sm-8,success,,,/mnt/data/dheeraj/dicertation/inference-profile/runs/revised-rerun-20260415-145452-g4-opt27b-c64-256/raw/points/prefill/prefill-facebook-opt-2-7b-chunk-128-sm-8.csv
facebook/opt-2.7b,128,gemm,fc2,8,3,166.9120043516159,172143616,172798976,655360,655360,1024,2026-04-15T13:55:38Z,baseline_nvml_pt,nvidia-smi,ok,0.0,39.0,1695.0,7601.0,60.4,0.1945600062608719,167.5439453125,167.5439453125,3.375,True,,75.05,66.25000000000001,64.8,estimated,,prefill-facebook-opt-2-7b-chunk-128-sm-8,success,,,/mnt/data/dheeraj/dicertation/inference-profile/runs/revised-rerun-20260415-145452-g4-opt27b-c64-256/raw/points/prefill/prefill-facebook-opt-2-7b-chunk-128-sm-8.csv
facebook/opt-2.7b,128,attention,attention,8,3,56.352000683546066,172143616,172816384,672768,655360,1024,2026-04-15T13:55:38Z,baseline_nvml_pt,nvidia-smi,ok,0.0,39.0,1695.0,7601.0,60.4,0.1945600062608719,167.5439453125,167.5439453125,3.375,True,,75.05,66.25000000000001,64.8,estimated,,prefill-facebook-opt-2-7b-chunk-128-sm-8,success,,,/mnt/data/dheeraj/dicertation/inference-profile/runs/revised-rerun-20260415-145452-g4-opt27b-c64-256/raw/points/prefill/prefill-facebook-opt-2-7b-chunk-128-sm-8.csv
facebook/opt-2.7b,128,gemm,q_proj,8,4,99.2640033364296,172143616,172798976,655360,655360,1024,2026-04-15T13:55:38Z,baseline_nvml_pt,nvidia-smi,ok,0.0,39.0,1695.0,7601.0,60.4,0.1945600062608719,167.5439453125,167.5439453125,3.375,True,,75.05,66.25000000000001,64.8,estimated,,prefill-facebook-opt-2-7b-chunk-128-sm-8,success,,,/mnt/data/dheeraj/dicertation/inference-profile/runs/revised-rerun-20260415-145452-g4-opt27b-c64-256/raw/points/prefill/prefill-facebook-opt-2-7b-chunk-128-sm-8.csv
facebook/opt-2.7b,128,gemm,k_proj,8,4,82.94399827718735,172143616,172798976,655360,655360,1024,2026-04-15T13:55:38Z,baseline_nvml_pt,nvidia-smi,ok,0.0,39.0,1695.0,7601.0,60.4,0.1945600062608719,167.5439453125,167.5439453125,3.375,True,,75.05,66.25000000000001,64.8,estimated,,prefill-facebook-opt-2-7b-chunk-128-sm-8,success,,,/mnt/data/dheeraj/dicertation/inference-profile/runs/revised-rerun-20260415-145452-g4-opt27b-c64-256/raw/points/prefill/prefill-facebook-opt-2-7b-chunk-128-sm-8.csv
facebook/opt-2.7b,128,gemm,v_proj,8,4,79.8719972372055,172143616,172798976,655360,655360,1024,2026-04-15T13:55:38Z,baseline_nvml_pt,nvidia-smi,ok,0.0,39.0,1695.0,7601.0,60.4,0.1945600062608719,167.5439453125,167.5439453125,3.375,True,,75.05,66.25000000000001,64.8,estimated,,prefill-facebook-opt-2-7b-chunk-128-sm-8,success,,,/mnt/data/dheeraj/dicertation/inference-profile/runs/revised-rerun-20260415-145452-g4-opt27b-c64-256/raw/points/prefill/prefill-facebook-opt-2-7b-chunk-128-sm-8.csv
facebook/opt-2.7b,128,gemm,out_proj,8,4,78.84799689054489,172143616,172798976,655360,655360,1024,2026-04-15T13:55:38Z,baseline_nvml_pt,nvidia-smi,ok,0.0,39.0,1695.0,7601.0,60.4,0.1945600062608719,167.5439453125,167.5439453125,3.375,True,,75.05,66.25000000000001,64.8,estimated,,prefill-facebook-opt-2-7b-chunk-128-sm-8,success,,,/mnt/data/dheeraj/dicertation/inference-profile/runs/revised-rerun-20260415-145452-g4-opt27b-c64-256/raw/points/prefill/prefill-facebook-opt-2-7b-chunk-128-sm-8.csv
facebook/opt-2.7b,128,gemm,fc1,8,4,189.43999707698822,172143616,175682560,3538944,2621440,1024,2026-04-15T13:55:38Z,baseline_nvml_pt,nvidia-smi,ok,0.0,39.0,1695.0,7601.0,60.4,0.1945600062608719,167.5439453125,167.5439453125,3.375,True,,75.05,66.25000000000001,64.8,estimated,,prefill-facebook-opt-2-7b-chunk-128-sm-8,success,,,/mnt/data/dheeraj/dicertation/inference-profile/runs/revised-rerun-20260415-145452-g4-opt27b-c64-256/raw/points/prefill/prefill-facebook-opt-2-7b-chunk-128-sm-8.csv
facebook/opt-2.7b,128,gemm,fc2,8,4,165.8879965543747,172143616,172798976,655360,655360,1024,2026-04-15T13:55:38Z,baseline_nvml_pt,nvidia-smi,ok,0.0,39.0,1695.0,7601.0,60.4,0.1945600062608719,167.5439453125,167.5439453125,3.375,True,,75.05,66.25000000000001,64.8,estimated,,prefill-facebook-opt-2-7b-chunk-128-sm-8,success,,,/mnt/data/dheeraj/dicertation/inference-profile/runs/revised-rerun-20260415-145452-g4-opt27b-c64-256/raw/points/prefill/prefill-facebook-opt-2-7b-chunk-128-sm-8.csv
facebook/opt-2.7b,128,attention,attention,8,4,64.57599997520447,172143616,172816384,672768,655360,1024,2026-04-15T13:55:38Z,baseline_nvml_pt,nvidia-smi,ok,0.0,39.0,1695.0,7601.0,60.4,0.1945600062608719,167.5439453125,167.5439453125,3.375,True,,75.05,66.25000000000001,64.8,estimated,,prefill-facebook-opt-2-7b-chunk-128-sm-8,success,,,/mnt/data/dheeraj/dicertation/inference-profile/runs/revised-rerun-20260415-145452-g4-opt27b-c64-256/raw/points/prefill/prefill-facebook-opt-2-7b-chunk-128-sm-8.csv
facebook/opt-2.7b,128,gemm,q_proj,16,0,92.16000139713287,172143616,172798976,655360,655360,1024,2026-04-15T13:55:46Z,baseline_nvml_pt,nvidia-smi,ok,0.0,39.0,1695.0,7601.0,59.97,3.8942720890045166,167.5439453125,167.5439453125,3.375,True,,81.69999999999999,60.42000000000001,72.0,estimated,,prefill-facebook-opt-2-7b-chunk-128-sm-16,success,,,/mnt/data/dheeraj/dicertation/inference-profile/runs/revised-rerun-20260415-145452-g4-opt27b-c64-256/raw/points/prefill/prefill-facebook-opt-2-7b-chunk-128-sm-16.csv
facebook/opt-2.7b,128,gemm,k_proj,16,0,90.11200070381165,172143616,172798976,655360,655360,1024,2026-04-15T13:55:46Z,baseline_nvml_pt,nvidia-smi,ok,0.0,39.0,1695.0,7601.0,59.97,3.8942720890045166,167.5439453125,167.5439453125,3.375,True,,81.69999999999999,60.42000000000001,72.0,estimated,,prefill-facebook-opt-2-7b-chunk-128-sm-16,success,,,/mnt/data/dheeraj/dicertation/inference-profile/runs/revised-rerun-20260415-145452-g4-opt27b-c64-256/raw/points/prefill/prefill-facebook-opt-2-7b-chunk-128-sm-16.csv
facebook/opt-2.7b,128,gemm,v_proj,16,0,3810.3039264678955,172143616,172798976,655360,655360,1024,2026-04-15T13:55:46Z,baseline_nvml_pt,nvidia-smi,ok,0.0,39.0,1695.0,7601.0,59.97,3.8942720890045166,167.5439453125,167.5439453125,3.375,True,,81.69999999999999,60.42000000000001,72.0,estimated,,prefill-facebook-opt-2-7b-chunk-128-sm-16,success,,,/mnt/data/dheeraj/dicertation/inference-profile/runs/revised-rerun-20260415-145452-g4-opt27b-c64-256/raw/points/prefill/prefill-facebook-opt-2-7b-chunk-128-sm-16.csv
facebook/opt-2.7b,128,gemm,out_proj,16,0,82.94399827718735,172143616,172798976,655360,655360,1024,2026-04-15T13:55:46Z,baseline_nvml_pt,nvidia-smi,ok,0.0,39.0,1695.0,7601.0,59.97,3.8942720890045166,167.5439453125,167.5439453125,3.375,True,,81.69999999999999,60.42000000000001,72.0,estimated,,prefill-facebook-opt-2-7b-chunk-128-sm-16,success,,,/mnt/data/dheeraj/dicertation/inference-profile/runs/revised-rerun-20260415-145452-g4-opt27b-c64-256/raw/points/prefill/prefill-facebook-opt-2-7b-chunk-128-sm-16.csv
facebook/opt-2.7b,128,gemm,fc1,16,0,192.51200556755066,172143616,175682560,3538944,2621440,1024,2026-04-15T13:55:46Z,baseline_nvml_pt,nvidia-smi,ok,0.0,39.0,1695.0,7601.0,59.97,3.8942720890045166,167.5439453125,167.5439453125,3.375,True,,81.69999999999999,60.42000000000001,72.0,estimated,,prefill-facebook-opt-2-7b-chunk-128-sm-16,success,,,/mnt/data/dheeraj/dicertation/inference-profile/runs/revised-rerun-20260415-145452-g4-opt27b-c64-256/raw/points/prefill/prefill-facebook-opt-2-7b-chunk-128-sm-16.csv
facebook/opt-2.7b,128,gemm,fc2,16,0,167.93599724769592,172143616,172798976,655360,655360,1024,2026-04-15T13:55:46Z,baseline_nvml_pt,nvidia-smi,ok,0.0,39.0,1695.0,7601.0,59.97,3.8942720890045166,167.5439453125,167.5439453125,3.375,True,,81.69999999999999,60.42000000000001,72.0,estimated,,prefill-facebook-opt-2-7b-chunk-128-sm-16,success,,,/mnt/data/dheeraj/dicertation/inference-profile/runs/revised-rerun-20260415-145452-g4-opt27b-c64-256/raw/points/prefill/prefill-facebook-opt-2-7b-chunk-128-sm-16.csv
facebook/opt-2.7b,128,attention,attention,16,0,60.416001826524734,172143616,172816384,672768,655360,1024,2026-04-15T13:55:46Z,baseline_nvml_pt,nvidia-smi,ok,0.0,39.0,1695.0,7601.0,59.97,3.8942720890045166,167.5439453125,167.5439453125,3.375,True,,81.69999999999999,60.42000000000001,72.0,estimated,,prefill-facebook-opt-2-7b-chunk-128-sm-16,success,,,/mnt/data/dheeraj/dicertation/inference-profile/runs/revised-rerun-20260415-145452-g4-opt27b-c64-256/raw/points/prefill/prefill-facebook-opt-2-7b-chunk-128-sm-16.csv
facebook/opt-2.7b,128,gemm,q_proj,16,1,84.99199897050858,172143616,172798976,655360,655360,1024,2026-04-15T13:55:46Z,baseline_nvml_pt,nvidia-smi,ok,0.0,39.0,1695.0,7601.0,59.97,3.8942720890045166,167.5439453125,167.5439453125,3.375,True,,81.69999999999999,60.42000000000001,72.0,estimated,,prefill-facebook-opt-2-7b-chunk-128-sm-16,success,,,/mnt/data/dheeraj/dicertation/inference-profile/runs/revised-rerun-20260415-145452-g4-opt27b-c64-256/raw/points/prefill/prefill-facebook-opt-2-7b-chunk-128-sm-16.csv
facebook/opt-2.7b,128,gemm,k_proj,16,1,88.06400001049042,172143616,172798976,655360,655360,1024,2026-04-15T13:55:46Z,baseline_nvml_pt,nvidia-smi,ok,0.0,39.0,1695.0,7601.0,59.97,3.8942720890045166,167.5439453125,167.5439453125,3.375,True,,81.69999999999999,60.42000000000001,72.0,estimated,,prefill-facebook-opt-2-7b-chunk-128-sm-16,success,,,/mnt/data/dheeraj/dicertation/inference-profile/runs/revised-rerun-20260415-145452-g4-opt27b-c64-256/raw/points/prefill/prefill-facebook-opt-2-7b-chunk-128-sm-16.csv
facebook/opt-2.7b,128,gemm,v_proj,16,1,79.8719972372055,172143616,172798976,655360,655360,1024,2026-04-15T13:55:46Z,baseline_nvml_pt,nvidia-smi,ok,0.0,39.0,1695.0,7601.0,59.97,3.8942720890045166,167.5439453125,167.5439453125,3.375,True,,81.69999999999999,60.42000000000001,72.0,estimated,,prefill-facebook-opt-2-7b-chunk-128-sm-16,success,,,/mnt/data/dheeraj/dicertation/inference-profile/runs/revised-rerun-20260415-145452-g4-opt27b-c64-256/raw/points/prefill/prefill-facebook-opt-2-7b-chunk-128-sm-16.csv
facebook/opt-2.7b,128,gemm,out_proj,16,1,79.74400371313095,172143616,172798976,655360,655360,1024,2026-04-15T13:55:46Z,baseline_nvml_pt,nvidia-smi,ok,0.0,39.0,1695.0,7601.0,59.97,3.8942720890045166,167.5439453125,167.5439453125,3.375,True,,81.69999999999999,60.42000000000001,72.0,estimated,,prefill-facebook-opt-2-7b-chunk-128-sm-16,success,,,/mnt/data/dheeraj/dicertation/inference-profile/runs/revised-rerun-20260415-145452-g4-opt27b-c64-256/raw/points/prefill/prefill-facebook-opt-2-7b-chunk-128-sm-16.csv
facebook/opt-2.7b,128,gemm,fc1,16,1,190.46400487422943,172143616,175682560,3538944,2621440,1024,2026-04-15T13:55:46Z,baseline_nvml_pt,nvidia-smi,ok,0.0,39.0,1695.0,7601.0,59.97,3.8942720890045166,167.5439453125,167.5439453125,3.375,True,,81.69999999999999,60.42000000000001,72.0,estimated,,prefill-facebook-opt-2-7b-chunk-128-sm-16,success,,,/mnt/data/dheeraj/dicertation/inference-profile/runs/revised-rerun-20260415-145452-g4-opt27b-c64-256/raw/points/prefill/prefill-facebook-opt-2-7b-chunk-128-sm-16.csv
facebook/opt-2.7b,128,gemm,fc2,16,1,168.96000504493713,172143616,172798976,655360,655360,1024,2026-04-15T13:55:46Z,baseline_nvml_pt,nvidia-smi,ok,0.0,39.0,1695.0,7601.0,59.97,3.8942720890045166,167.5439453125,167.5439453125,3.375,True,,81.69999999999999,60.42000000000001,72.0,estimated,,prefill-facebook-opt-2-7b-chunk-128-sm-16,success,,,/mnt/data/dheeraj/dicertation/inference-profile/runs/revised-rerun-20260415-145452-g4-opt27b-c64-256/raw/points/prefill/prefill-facebook-opt-2-7b-chunk-128-sm-16.csv
facebook/opt-2.7b,128,attention,attention,16,1,59.36000123620033,172143616,172816384,672768,655360,1024,2026-04-15T13:55:46Z,baseline_nvml_pt,nvidia-smi,ok,0.0,39.0,1695.0,7601.0,59.97,3.8942720890045166,167.5439453125,167.5439453125,3.375,True,,81.69999999999999,60.42000000000001,72.0,estimated,,prefill-facebook-opt-2-7b-chunk-128-sm-16,success,,,/mnt/data/dheeraj/dicertation/inference-profile/runs/revised-rerun-20260415-145452-g4-opt27b-c64-256/raw/points/prefill/prefill-facebook-opt-2-7b-chunk-128-sm-16.csv
facebook/opt-2.7b,128,gemm,q_proj,16,2,87.00799942016602,172143616,172798976,655360,655360,1024,2026-04-15T13:55:46Z,baseline_nvml_pt,nvidia-smi,ok,0.0,39.0,1695.0,7601.0,59.97,3.8942720890045166,167.5439453125,167.5439453125,3.375,True,,81.69999999999999,60.42000000000001,72.0,estimated,,prefill-facebook-opt-2-7b-chunk-128-sm-16,success,,,/mnt/data/dheeraj/dicertation/inference-profile/runs/revised-rerun-20260415-145452-g4-opt27b-c64-256/raw/points/prefill/prefill-facebook-opt-2-7b-chunk-128-sm-16.csv
facebook/opt-2.7b,128,gemm,k_proj,16,2,96.25600278377533,172143616,172798976,655360,655360,1024,2026-04-15T13:55:46Z,baseline_nvml_pt,nvidia-smi,ok,0.0,39.0,1695.0,7601.0,59.97,3.8942720890045166,167.5439453125,167.5439453125,3.375,True,,81.69999999999999,60.42000000000001,72.0,estimated,,prefill-facebook-opt-2-7b-chunk-128-sm-16,success,,,/mnt/data/dheeraj/dicertation/inference-profile/runs/revised-rerun-20260415-145452-g4-opt27b-c64-256/raw/points/prefill/prefill-facebook-opt-2-7b-chunk-128-sm-16.csv
facebook/opt-2.7b,128,gemm,v_proj,16,2,79.8719972372055,172143616,172798976,655360,655360,1024,2026-04-15T13:55:46Z,baseline_nvml_pt,nvidia-smi,ok,0.0,39.0,1695.0,7601.0,59.97,3.8942720890045166,167.5439453125,167.5439453125,3.375,True,,81.69999999999999,60.42000000000001,72.0,estimated,,prefill-facebook-opt-2-7b-chunk-128-sm-16,success,,,/mnt/data/dheeraj/dicertation/inference-profile/runs/revised-rerun-20260415-145452-g4-opt27b-c64-256/raw/points/prefill/prefill-facebook-opt-2-7b-chunk-128-sm-16.csv
facebook/opt-2.7b,128,gemm,out_proj,16,2,80.89599758386612,172143616,172798976,655360,655360,1024,2026-04-15T13:55:46Z,baseline_nvml_pt,nvidia-smi,ok,0.0,39.0,1695.0,7601.0,59.97,3.8942720890045166,167.5439453125,167.5439453125,3.375,True,,81.69999999999999,60.42000000000001,72.0,estimated,,prefill-facebook-opt-2-7b-chunk-128-sm-16,success,,,/mnt/data/dheeraj/dicertation/inference-profile/runs/revised-rerun-20260415-145452-g4-opt27b-c64-256/raw/points/prefill/prefill-facebook-opt-2-7b-chunk-128-sm-16.csv
facebook/opt-2.7b,128,gemm,fc1,16,2,192.51200556755066,172143616,175682560,3538944,2621440,1024,2026-04-15T13:55:46Z,baseline_nvml_pt,nvidia-smi,ok,0.0,39.0,1695.0,7601.0,59.97,3.8942720890045166,167.5439453125,167.5439453125,3.375,True,,81.69999999999999,60.42000000000001,72.0,estimated,,prefill-facebook-opt-2-7b-chunk-128-sm-16,success,,,/mnt/data/dheeraj/dicertation/inference-profile/runs/revised-rerun-20260415-145452-g4-opt27b-c64-256/raw/points/prefill/prefill-facebook-opt-2-7b-chunk-128-sm-16.csv
facebook/opt-2.7b,128,gemm,fc2,16,2,170.9440052509308,172143616,172798976,655360,655360,1024,2026-04-15T13:55:46Z,baseline_nvml_pt,nvidia-smi,ok,0.0,39.0,1695.0,7601.0,59.97,3.8942720890045166,167.5439453125,167.5439453125,3.375,True,,81.69999999999999,60.42000000000001,72.0,estimated,,prefill-facebook-opt-2-7b-chunk-128-sm-16,success,,,/mnt/data/dheeraj/dicertation/inference-profile/runs/revised-rerun-20260415-145452-g4-opt27b-c64-256/raw/points/prefill/prefill-facebook-opt-2-7b-chunk-128-sm-16.csv
facebook/opt-2.7b,128,attention,attention,16,2,60.47999858856201,172143616,172816384,672768,655360,1024,2026-04-15T13:55:46Z,baseline_nvml_pt,nvidia-smi,ok,0.0,39.0,1695.0,7601.0,59.97,3.8942720890045166,167.5439453125,167.5439453125,3.375,True,,81.69999999999999,60.42000000000001,72.0,estimated,,prefill-facebook-opt-2-7b-chunk-128-sm-16,success,,,/mnt/data/dheeraj/dicertation/inference-profile/runs/revised-rerun-20260415-145452-g4-opt27b-c64-256/raw/points/prefill/prefill-facebook-opt-2-7b-chunk-128-sm-16.csv
facebook/opt-2.7b,128,gemm,q_proj,16,3,82.94399827718735,172143616,172798976,655360,655360,1024,2026-04-15T13:55:46Z,baseline_nvml_pt,nvidia-smi,ok,0.0,39.0,1695.0,7601.0,59.97,3.8942720890045166,167.5439453125,167.5439453125,3.375,True,,81.69999999999999,60.42000000000001,72.0,estimated,,prefill-facebook-opt-2-7b-chunk-128-sm-16,success,,,/mnt/data/dheeraj/dicertation/inference-profile/runs/revised-rerun-20260415-145452-g4-opt27b-c64-256/raw/points/prefill/prefill-facebook-opt-2-7b-chunk-128-sm-16.csv
facebook/opt-2.7b,128,gemm,k_proj,16,3,3362.816095352173,172143616,172798976,655360,655360,1024,2026-04-15T13:55:46Z,baseline_nvml_pt,nvidia-smi,ok,0.0,39.0,1695.0,7601.0,59.97,3.8942720890045166,167.5439453125,167.5439453125,3.375,True,,81.69999999999999,60.42000000000001,72.0,estimated,,prefill-facebook-opt-2-7b-chunk-128-sm-16,success,,,/mnt/data/dheeraj/dicertation/inference-profile/runs/revised-rerun-20260415-145452-g4-opt27b-c64-256/raw/points/prefill/prefill-facebook-opt-2-7b-chunk-128-sm-16.csv
facebook/opt-2.7b,128,gemm,v_proj,16,3,81.91999793052673,172143616,172798976,655360,655360,1024,2026-04-15T13:55:46Z,baseline_nvml_pt,nvidia-smi,ok,0.0,39.0,1695.0,7601.0,59.97,3.8942720890045166,167.5439453125,167.5439453125,3.375,True,,81.69999999999999,60.42000000000001,72.0,estimated,,prefill-facebook-opt-2-7b-chunk-128-sm-16,success,,,/mnt/data/dheeraj/dicertation/inference-profile/runs/revised-rerun-20260415-145452-g4-opt27b-c64-256/raw/points/prefill/prefill-facebook-opt-2-7b-chunk-128-sm-16.csv
facebook/opt-2.7b,128,gemm,out_proj,16,3,79.8719972372055,172143616,172798976,655360,655360,1024,2026-04-15T13:55:46Z,baseline_nvml_pt,nvidia-smi,ok,0.0,39.0,1695.0,7601.0,59.97,3.8942720890045166,167.5439453125,167.5439453125,3.375,True,,81.69999999999999,60.42000000000001,72.0,estimated,,prefill-facebook-opt-2-7b-chunk-128-sm-16,success,,,/mnt/data/dheeraj/dicertation/inference-profile/runs/revised-rerun-20260415-145452-g4-opt27b-c64-256/raw/points/prefill/prefill-facebook-opt-2-7b-chunk-128-sm-16.csv
facebook/opt-2.7b,128,gemm,fc1,16,3,193.53599846363068,172143616,175682560,3538944,2621440,1024,2026-04-15T13:55:46Z,baseline_nvml_pt,nvidia-smi,ok,0.0,39.0,1695.0,7601.0,59.97,3.8942720890045166,167.5439453125,167.5439453125,3.375,True,,81.69999999999999,60.42000000000001,72.0,estimated,,prefill-facebook-opt-2-7b-chunk-128-sm-16,success,,,/mnt/data/dheeraj/dicertation/inference-profile/runs/revised-rerun-20260415-145452-g4-opt27b-c64-256/raw/points/prefill/prefill-facebook-opt-2-7b-chunk-128-sm-16.csv
facebook/opt-2.7b,128,gemm,fc2,16,3,165.79200327396393,172143616,172798976,655360,655360,1024,2026-04-15T13:55:46Z,baseline_nvml_pt,nvidia-smi,ok,0.0,39.0,1695.0,7601.0,59.97,3.8942720890045166,167.5439453125,167.5439453125,3.375,True,,81.69999999999999,60.42000000000001,72.0,estimated,,prefill-facebook-opt-2-7b-chunk-128-sm-16,success,,,/mnt/data/dheeraj/dicertation/inference-profile/runs/revised-rerun-20260415-145452-g4-opt27b-c64-256/raw/points/prefill/prefill-facebook-opt-2-7b-chunk-128-sm-16.csv
facebook/opt-2.7b,128,attention,attention,16,3,57.34400078654289,172143616,172816384,672768,655360,1024,2026-04-15T13:55:46Z,baseline_nvml_pt,nvidia-smi,ok,0.0,39.0,1695.0,7601.0,59.97,3.8942720890045166,167.5439453125,167.5439453125,3.375,True,,81.69999999999999,60.42000000000001,72.0,estimated,,prefill-facebook-opt-2-7b-chunk-128-sm-16,success,,,/mnt/data/dheeraj/dicertation/inference-profile/runs/revised-rerun-20260415-145452-g4-opt27b-c64-256/raw/points/prefill/prefill-facebook-opt-2-7b-chunk-128-sm-16.csv
facebook/opt-2.7b,128,gemm,q_proj,16,4,83.83999764919281,172143616,172798976,655360,655360,1024,2026-04-15T13:55:46Z,baseline_nvml_pt,nvidia-smi,ok,0.0,39.0,1695.0,7601.0,59.97,3.8942720890045166,167.5439453125,167.5439453125,3.375,True,,81.69999999999999,60.42000000000001,72.0,estimated,,prefill-facebook-opt-2-7b-chunk-128-sm-16,success,,,/mnt/data/dheeraj/dicertation/inference-profile/runs/revised-rerun-20260415-145452-g4-opt27b-c64-256/raw/points/prefill/prefill-facebook-opt-2-7b-chunk-128-sm-16.csv
facebook/opt-2.7b,128,gemm,k_proj,16,4,79.8719972372055,172143616,172798976,655360,655360,1024,2026-04-15T13:55:46Z,baseline_nvml_pt,nvidia-smi,ok,0.0,39.0,1695.0,7601.0,59.97,3.8942720890045166,167.5439453125,167.5439453125,3.375,True,,81.69999999999999,60.42000000000001,72.0,estimated,,prefill-facebook-opt-2-7b-chunk-128-sm-16,success,,,/mnt/data/dheeraj/dicertation/inference-profile/runs/revised-rerun-20260415-145452-g4-opt27b-c64-256/raw/points/prefill/prefill-facebook-opt-2-7b-chunk-128-sm-16.csv
facebook/opt-2.7b,128,gemm,v_proj,16,4,78.84799689054489,172143616,172798976,655360,655360,1024,2026-04-15T13:55:46Z,baseline_nvml_pt,nvidia-smi,ok,0.0,39.0,1695.0,7601.0,59.97,3.8942720890045166,167.5439453125,167.5439453125,3.375,True,,81.69999999999999,60.42000000000001,72.0,estimated,,prefill-facebook-opt-2-7b-chunk-128-sm-16,success,,,/mnt/data/dheeraj/dicertation/inference-profile/runs/revised-rerun-20260415-145452-g4-opt27b-c64-256/raw/points/prefill/prefill-facebook-opt-2-7b-chunk-128-sm-16.csv
facebook/opt-2.7b,128,gemm,out_proj,16,4,77.82399654388428,172143616,172798976,655360,655360,1024,2026-04-15T13:55:46Z,baseline_nvml_pt,nvidia-smi,ok,0.0,39.0,1695.0,7601.0,59.97,3.8942720890045166,167.5439453125,167.5439453125,3.375,True,,81.69999999999999,60.42000000000001,72.0,estimated,,prefill-facebook-opt-2-7b-chunk-128-sm-16,success,,,/mnt/data/dheeraj/dicertation/inference-profile/runs/revised-rerun-20260415-145452-g4-opt27b-c64-256/raw/points/prefill/prefill-facebook-opt-2-7b-chunk-128-sm-16.csv
facebook/opt-2.7b,128,gemm,fc1,16,4,188.4160041809082,172143616,175682560,3538944,2621440,1024,2026-04-15T13:55:46Z,baseline_nvml_pt,nvidia-smi,ok,0.0,39.0,1695.0,7601.0,59.97,3.8942720890045166,167.5439453125,167.5439453125,3.375,True,,81.69999999999999,60.42000000000001,72.0,estimated,,prefill-facebook-opt-2-7b-chunk-128-sm-16,success,,,/mnt/data/dheeraj/dicertation/inference-profile/runs/revised-rerun-20260415-145452-g4-opt27b-c64-256/raw/points/prefill/prefill-facebook-opt-2-7b-chunk-128-sm-16.csv
facebook/opt-2.7b,128,gemm,fc2,16,4,3894.2720890045166,172143616,172798976,655360,655360,1024,2026-04-15T13:55:46Z,baseline_nvml_pt,nvidia-smi,ok,0.0,39.0,1695.0,7601.0,59.97,3.8942720890045166,167.5439453125,167.5439453125,3.375,True,,81.69999999999999,60.42000000000001,72.0,estimated,,prefill-facebook-opt-2-7b-chunk-128-sm-16,success,,,/mnt/data/dheeraj/dicertation/inference-profile/runs/revised-rerun-20260415-145452-g4-opt27b-c64-256/raw/points/prefill/prefill-facebook-opt-2-7b-chunk-128-sm-16.csv
facebook/opt-2.7b,128,attention,attention,16,4,57.34400078654289,172143616,172816384,672768,655360,1024,2026-04-15T13:55:46Z,baseline_nvml_pt,nvidia-smi,ok,0.0,39.0,1695.0,7601.0,59.97,3.8942720890045166,167.5439453125,167.5439453125,3.375,True,,81.69999999999999,60.42000000000001,72.0,estimated,,prefill-facebook-opt-2-7b-chunk-128-sm-16,success,,,/mnt/data/dheeraj/dicertation/inference-profile/runs/revised-rerun-20260415-145452-g4-opt27b-c64-256/raw/points/prefill/prefill-facebook-opt-2-7b-chunk-128-sm-16.csv
facebook/opt-2.7b,128,gemm,q_proj,24,0,91.13600105047226,172143616,172798976,655360,655360,1024,2026-04-15T13:55:53Z,baseline_nvml_pt,nvidia-smi,ok,0.0,39.0,1695.0,7601.0,60.64,9.088000297546387,167.5439453125,167.5439453125,3.375,True,,88.35,54.59,79.19999999999999,estimated,,prefill-facebook-opt-2-7b-chunk-128-sm-24,success,,,/mnt/data/dheeraj/dicertation/inference-profile/runs/revised-rerun-20260415-145452-g4-opt27b-c64-256/raw/points/prefill/prefill-facebook-opt-2-7b-chunk-128-sm-24.csv
facebook/opt-2.7b,128,gemm,k_proj,24,0,89.08800035715103,172143616,172798976,655360,655360,1024,2026-04-15T13:55:53Z,baseline_nvml_pt,nvidia-smi,ok,0.0,39.0,1695.0,7601.0,60.64,9.088000297546387,167.5439453125,167.5439453125,3.375,True,,88.35,54.59,79.19999999999999,estimated,,prefill-facebook-opt-2-7b-chunk-128-sm-24,success,,,/mnt/data/dheeraj/dicertation/inference-profile/runs/revised-rerun-20260415-145452-g4-opt27b-c64-256/raw/points/prefill/prefill-facebook-opt-2-7b-chunk-128-sm-24.csv
facebook/opt-2.7b,128,gemm,v_proj,24,0,81.91999793052673,172143616,172798976,655360,655360,1024,2026-04-15T13:55:53Z,baseline_nvml_pt,nvidia-smi,ok,0.0,39.0,1695.0,7601.0,60.64,9.088000297546387,167.5439453125,167.5439453125,3.375,True,,88.35,54.59,79.19999999999999,estimated,,prefill-facebook-opt-2-7b-chunk-128-sm-24,success,,,/mnt/data/dheeraj/dicertation/inference-profile/runs/revised-rerun-20260415-145452-g4-opt27b-c64-256/raw/points/prefill/prefill-facebook-opt-2-7b-chunk-128-sm-24.csv
facebook/opt-2.7b,128,gemm,out_proj,24,0,82.87999778985977,172143616,172798976,655360,655360,1024,2026-04-15T13:55:53Z,baseline_nvml_pt,nvidia-smi,ok,0.0,39.0,1695.0,7601.0,60.64,9.088000297546387,167.5439453125,167.5439453125,3.375,True,,88.35,54.59,79.19999999999999,estimated,,prefill-facebook-opt-2-7b-chunk-128-sm-24,success,,,/mnt/data/dheeraj/dicertation/inference-profile/runs/revised-rerun-20260415-145452-g4-opt27b-c64-256/raw/points/prefill/prefill-facebook-opt-2-7b-chunk-128-sm-24.csv
facebook/opt-2.7b,128,gemm,fc1,24,0,192.51200556755066,172143616,175682560,3538944,2621440,1024,2026-04-15T13:55:53Z,baseline_nvml_pt,nvidia-smi,ok,0.0,39.0,1695.0,7601.0,60.64,9.088000297546387,167.5439453125,167.5439453125,3.375,True,,88.35,54.59,79.19999999999999,estimated,,prefill-facebook-opt-2-7b-chunk-128-sm-24,success,,,/mnt/data/dheeraj/dicertation/inference-profile/runs/revised-rerun-20260415-145452-g4-opt27b-c64-256/raw/points/prefill/prefill-facebook-opt-2-7b-chunk-128-sm-24.csv
facebook/opt-2.7b,128,gemm,fc2,24,0,169.98399794101715,172143616,172798976,655360,655360,1024,2026-04-15T13:55:53Z,baseline_nvml_pt,nvidia-smi,ok,0.0,39.0,1695.0,7601.0,60.64,9.088000297546387,167.5439453125,167.5439453125,3.375,True,,88.35,54.59,79.19999999999999,estimated,,prefill-facebook-opt-2-7b-chunk-128-sm-24,success,,,/mnt/data/dheeraj/dicertation/inference-profile/runs/revised-rerun-20260415-145452-g4-opt27b-c64-256/raw/points/prefill/prefill-facebook-opt-2-7b-chunk-128-sm-24.csv
facebook/opt-2.7b,128,attention,attention,24,0,59.39200147986412,172143616,172816384,672768,655360,1024,2026-04-15T13:55:53Z,baseline_nvml_pt,nvidia-smi,ok,0.0,39.0,1695.0,7601.0,60.64,9.088000297546387,167.5439453125,167.5439453125,3.375,True,,88.35,54.59,79.19999999999999,estimated,,prefill-facebook-opt-2-7b-chunk-128-sm-24,success,,,/mnt/data/dheeraj/dicertation/inference-profile/runs/revised-rerun-20260415-145452-g4-opt27b-c64-256/raw/points/prefill/prefill-facebook-opt-2-7b-chunk-128-sm-24.csv
facebook/opt-2.7b,128,gemm,q_proj,24,1,86.01599931716919,172143616,172798976,655360,655360,1024,2026-04-15T13:55:53Z,baseline_nvml_pt,nvidia-smi,ok,0.0,39.0,1695.0,7601.0,60.64,9.088000297546387,167.5439453125,167.5439453125,3.375,True,,88.35,54.59,79.19999999999999,estimated,,prefill-facebook-opt-2-7b-chunk-128-sm-24,success,,,/mnt/data/dheeraj/dicertation/inference-profile/runs/revised-rerun-20260415-145452-g4-opt27b-c64-256/raw/points/prefill/prefill-facebook-opt-2-7b-chunk-128-sm-24.csv
facebook/opt-2.7b,128,gemm,k_proj,24,1,81.91999793052673,172143616,172798976,655360,655360,1024,2026-04-15T13:55:53Z,baseline_nvml_pt,nvidia-smi,ok,0.0,39.0,1695.0,7601.0,60.64,9.088000297546387,167.5439453125,167.5439453125,3.375,True,,88.35,54.59,79.19999999999999,estimated,,prefill-facebook-opt-2-7b-chunk-128-sm-24,success,,,/mnt/data/dheeraj/dicertation/inference-profile/runs/revised-rerun-20260415-145452-g4-opt27b-c64-256/raw/points/prefill/prefill-facebook-opt-2-7b-chunk-128-sm-24.csv
facebook/opt-2.7b,128,gemm,v_proj,24,1,78.84799689054489,172143616,172798976,655360,655360,1024,2026-04-15T13:55:53Z,baseline_nvml_pt,nvidia-smi,ok,0.0,39.0,1695.0,7601.0,60.64,9.088000297546387,167.5439453125,167.5439453125,3.375,True,,88.35,54.59,79.19999999999999,estimated,,prefill-facebook-opt-2-7b-chunk-128-sm-24,success,,,/mnt/data/dheeraj/dicertation/inference-profile/runs/revised-rerun-20260415-145452-g4-opt27b-c64-256/raw/points/prefill/prefill-facebook-opt-2-7b-chunk-128-sm-24.csv
facebook/opt-2.7b,128,gemm,out_proj,24,1,81.91999793052673,172143616,172798976,655360,655360,1024,2026-04-15T13:55:53Z,baseline_nvml_pt,nvidia-smi,ok,0.0,39.0,1695.0,7601.0,60.64,9.088000297546387,167.5439453125,167.5439453125,3.375,True,,88.35,54.59,79.19999999999999,estimated,,prefill-facebook-opt-2-7b-chunk-128-sm-24,success,,,/mnt/data/dheeraj/dicertation/inference-profile/runs/revised-rerun-20260415-145452-g4-opt27b-c64-256/raw/points/prefill/prefill-facebook-opt-2-7b-chunk-128-sm-24.csv
facebook/opt-2.7b,128,gemm,fc1,24,1,190.46400487422943,172143616,175682560,3538944,2621440,1024,2026-04-15T13:55:53Z,baseline_nvml_pt,nvidia-smi,ok,0.0,39.0,1695.0,7601.0,60.64,9.088000297546387,167.5439453125,167.5439453125,3.375,True,,88.35,54.59,79.19999999999999,estimated,,prefill-facebook-opt-2-7b-chunk-128-sm-24,success,,,/mnt/data/dheeraj/dicertation/inference-profile/runs/revised-rerun-20260415-145452-g4-opt27b-c64-256/raw/points/prefill/prefill-facebook-opt-2-7b-chunk-128-sm-24.csv
facebook/opt-2.7b,128,gemm,fc2,24,1,165.8879965543747,172143616,172798976,655360,655360,1024,2026-04-15T13:55:53Z,baseline_nvml_pt,nvidia-smi,ok,0.0,39.0,1695.0,7601.0,60.64,9.088000297546387,167.5439453125,167.5439453125,3.375,True,,88.35,54.59,79.19999999999999,estimated,,prefill-facebook-opt-2-7b-chunk-128-sm-24,success,,,/mnt/data/dheeraj/dicertation/inference-profile/runs/revised-rerun-20260415-145452-g4-opt27b-c64-256/raw/points/prefill/prefill-facebook-opt-2-7b-chunk-128-sm-24.csv
facebook/opt-2.7b,128,attention,attention,24,1,57.34400078654289,172143616,172816384,672768,655360,1024,2026-04-15T13:55:53Z,baseline_nvml_pt,nvidia-smi,ok,0.0,39.0,1695.0,7601.0,60.64,9.088000297546387,167.5439453125,167.5439453125,3.375,True,,88.35,54.59,79.19999999999999,estimated,,prefill-facebook-opt-2-7b-chunk-128-sm-24,success,,,/mnt/data/dheeraj/dicertation/inference-profile/runs/revised-rerun-20260415-145452-g4-opt27b-c64-256/raw/points/prefill/prefill-facebook-opt-2-7b-chunk-128-sm-24.csv
facebook/opt-2.7b,128,gemm,q_proj,24,2,83.96799862384796,172143616,172798976,655360,655360,1024,2026-04-15T13:55:53Z,baseline_nvml_pt,nvidia-smi,ok,0.0,39.0,1695.0,7601.0,60.64,9.088000297546387,167.5439453125,167.5439453125,3.375,True,,88.35,54.59,79.19999999999999,estimated,,prefill-facebook-opt-2-7b-chunk-128-sm-24,success,,,/mnt/data/dheeraj/dicertation/inference-profile/runs/revised-rerun-20260415-145452-g4-opt27b-c64-256/raw/points/prefill/prefill-facebook-opt-2-7b-chunk-128-sm-24.csv
facebook/opt-2.7b,128,gemm,k_proj,24,2,87.99999952316284,172143616,172798976,655360,655360,1024,2026-04-15T13:55:53Z,baseline_nvml_pt,nvidia-smi,ok,0.0,39.0,1695.0,7601.0,60.64,9.088000297546387,167.5439453125,167.5439453125,3.375,True,,88.35,54.59,79.19999999999999,estimated,,prefill-facebook-opt-2-7b-chunk-128-sm-24,success,,,/mnt/data/dheeraj/dicertation/inference-profile/runs/revised-rerun-20260415-145452-g4-opt27b-c64-256/raw/points/prefill/prefill-facebook-opt-2-7b-chunk-128-sm-24.csv
facebook/opt-2.7b,128,gemm,v_proj,24,2,80.89599758386612,172143616,172798976,655360,655360,1024,2026-04-15T13:55:53Z,baseline_nvml_pt,nvidia-smi,ok,0.0,39.0,1695.0,7601.0,60.64,9.088000297546387,167.5439453125,167.5439453125,3.375,True,,88.35,54.59,79.19999999999999,estimated,,prefill-facebook-opt-2-7b-chunk-128-sm-24,success,,,/mnt/data/dheeraj/dicertation/inference-profile/runs/revised-rerun-20260415-145452-g4-opt27b-c64-256/raw/points/prefill/prefill-facebook-opt-2-7b-chunk-128-sm-24.csv
facebook/opt-2.7b,128,gemm,out_proj,24,2,80.89599758386612,172143616,172798976,655360,655360,1024,2026-04-15T13:55:53Z,baseline_nvml_pt,nvidia-smi,ok,0.0,39.0,1695.0,7601.0,60.64,9.088000297546387,167.5439453125,167.5439453125,3.375,True,,88.35,54.59,79.19999999999999,estimated,,prefill-facebook-opt-2-7b-chunk-128-sm-24,success,,,/mnt/data/dheeraj/dicertation/inference-profile/runs/revised-rerun-20260415-145452-g4-opt27b-c64-256/raw/points/prefill/prefill-facebook-opt-2-7b-chunk-128-sm-24.csv
facebook/opt-2.7b,128,gemm,fc1,24,2,191.48799777030945,172143616,175682560,3538944,2621440,1024,2026-04-15T13:55:53Z,baseline_nvml_pt,nvidia-smi,ok,0.0,39.0,1695.0,7601.0,60.64,9.088000297546387,167.5439453125,167.5439453125,3.375,True,,88.35,54.59,79.19999999999999,estimated,,prefill-facebook-opt-2-7b-chunk-128-sm-24,success,,,/mnt/data/dheeraj/dicertation/inference-profile/runs/revised-rerun-20260415-145452-g4-opt27b-c64-256/raw/points/prefill/prefill-facebook-opt-2-7b-chunk-128-sm-24.csv
facebook/opt-2.7b,128,gemm,fc2,24,2,166.75199568271637,172143616,172798976,655360,655360,1024,2026-04-15T13:55:53Z,baseline_nvml_pt,nvidia-smi,ok,0.0,39.0,1695.0,7601.0,60.64,9.088000297546387,167.5439453125,167.5439453125,3.375,True,,88.35,54.59,79.19999999999999,estimated,,prefill-facebook-opt-2-7b-chunk-128-sm-24,success,,,/mnt/data/dheeraj/dicertation/inference-profile/runs/revised-rerun-20260415-145452-g4-opt27b-c64-256/raw/points/prefill/prefill-facebook-opt-2-7b-chunk-128-sm-24.csv
facebook/opt-2.7b,128,attention,attention,24,2,57.34400078654289,172143616,172816384,672768,655360,1024,2026-04-15T13:55:53Z,baseline_nvml_pt,nvidia-smi,ok,0.0,39.0,1695.0,7601.0,60.64,9.088000297546387,167.5439453125,167.5439453125,3.375,True,,88.35,54.59,79.19999999999999,estimated,,prefill-facebook-opt-2-7b-chunk-128-sm-24,success,,,/mnt/data/dheeraj/dicertation/inference-profile/runs/revised-rerun-20260415-145452-g4-opt27b-c64-256/raw/points/prefill/prefill-facebook-opt-2-7b-chunk-128-sm-24.csv
facebook/opt-2.7b,128,gemm,q_proj,24,3,81.91999793052673,172143616,172798976,655360,655360,1024,2026-04-15T13:55:53Z,baseline_nvml_pt,nvidia-smi,ok,0.0,39.0,1695.0,7601.0,60.64,9.088000297546387,167.5439453125,167.5439453125,3.375,True,,88.35,54.59,79.19999999999999,estimated,,prefill-facebook-opt-2-7b-chunk-128-sm-24,success,,,/mnt/data/dheeraj/dicertation/inference-profile/runs/revised-rerun-20260415-145452-g4-opt27b-c64-256/raw/points/prefill/prefill-facebook-opt-2-7b-chunk-128-sm-24.csv
facebook/opt-2.7b,128,gemm,k_proj,24,3,9088.000297546387,172143616,172798976,655360,655360,1024,2026-04-15T13:55:53Z,baseline_nvml_pt,nvidia-smi,ok,0.0,39.0,1695.0,7601.0,60.64,9.088000297546387,167.5439453125,167.5439453125,3.375,True,,88.35,54.59,79.19999999999999,estimated,,prefill-facebook-opt-2-7b-chunk-128-sm-24,success,,,/mnt/data/dheeraj/dicertation/inference-profile/runs/revised-rerun-20260415-145452-g4-opt27b-c64-256/raw/points/prefill/prefill-facebook-opt-2-7b-chunk-128-sm-24.csv
facebook/opt-2.7b,128,gemm,v_proj,24,3,80.89599758386612,172143616,172798976,655360,655360,1024,2026-04-15T13:55:53Z,baseline_nvml_pt,nvidia-smi,ok,0.0,39.0,1695.0,7601.0,60.64,9.088000297546387,167.5439453125,167.5439453125,3.375,True,,88.35,54.59,79.19999999999999,estimated,,prefill-facebook-opt-2-7b-chunk-128-sm-24,success,,,/mnt/data/dheeraj/dicertation/inference-profile/runs/revised-rerun-20260415-145452-g4-opt27b-c64-256/raw/points/prefill/prefill-facebook-opt-2-7b-chunk-128-sm-24.csv
facebook/opt-2.7b,128,gemm,out_proj,24,3,79.8719972372055,172143616,172798976,655360,655360,1024,2026-04-15T13:55:53Z,baseline_nvml_pt,nvidia-smi,ok,0.0,39.0,1695.0,7601.0,60.64,9.088000297546387,167.5439453125,167.5439453125,3.375,True,,88.35,54.59,79.19999999999999,estimated,,prefill-facebook-opt-2-7b-chunk-128-sm-24,success,,,/mnt/data/dheeraj/dicertation/inference-profile/runs/revised-rerun-20260415-145452-g4-opt27b-c64-256/raw/points/prefill/prefill-facebook-opt-2-7b-chunk-128-sm-24.csv
facebook/opt-2.7b,128,gemm,fc1,24,3,193.53599846363068,172143616,175682560,3538944,2621440,1024,2026-04-15T13:55:53Z,baseline_nvml_pt,nvidia-smi,ok,0.0,39.0,1695.0,7601.0,60.64,9.088000297546387,167.5439453125,167.5439453125,3.375,True,,88.35,54.59,79.19999999999999,estimated,,prefill-facebook-opt-2-7b-chunk-128-sm-24,success,,,/mnt/data/dheeraj/dicertation/inference-profile/runs/revised-rerun-20260415-145452-g4-opt27b-c64-256/raw/points/prefill/prefill-facebook-opt-2-7b-chunk-128-sm-24.csv
facebook/opt-2.7b,128,gemm,fc2,24,3,165.8879965543747,172143616,172798976,655360,655360,1024,2026-04-15T13:55:53Z,baseline_nvml_pt,nvidia-smi,ok,0.0,39.0,1695.0,7601.0,60.64,9.088000297546387,167.5439453125,167.5439453125,3.375,True,,88.35,54.59,79.19999999999999,estimated,,prefill-facebook-opt-2-7b-chunk-128-sm-24,success,,,/mnt/data/dheeraj/dicertation/inference-profile/runs/revised-rerun-20260415-145452-g4-opt27b-c64-256/raw/points/prefill/prefill-facebook-opt-2-7b-chunk-128-sm-24.csv
facebook/opt-2.7b,128,attention,attention,24,3,56.32000043988228,172143616,172816384,672768,655360,1024,2026-04-15T13:55:53Z,baseline_nvml_pt,nvidia-smi,ok,0.0,39.0,1695.0,7601.0,60.64,9.088000297546387,167.5439453125,167.5439453125,3.375,True,,88.35,54.59,79.19999999999999,estimated,,prefill-facebook-opt-2-7b-chunk-128-sm-24,success,,,/mnt/data/dheeraj/dicertation/inference-profile/runs/revised-rerun-20260415-145452-g4-opt27b-c64-256/raw/points/prefill/prefill-facebook-opt-2-7b-chunk-128-sm-24.csv
facebook/opt-2.7b,128,gemm,q_proj,24,4,82.94399827718735,172143616,172798976,655360,655360,1024,2026-04-15T13:55:53Z,baseline_nvml_pt,nvidia-smi,ok,0.0,39.0,1695.0,7601.0,60.64,9.088000297546387,167.5439453125,167.5439453125,3.375,True,,88.35,54.59,79.19999999999999,estimated,,prefill-facebook-opt-2-7b-chunk-128-sm-24,success,,,/mnt/data/dheeraj/dicertation/inference-profile/runs/revised-rerun-20260415-145452-g4-opt27b-c64-256/raw/points/prefill/prefill-facebook-opt-2-7b-chunk-128-sm-24.csv
facebook/opt-2.7b,128,gemm,k_proj,24,4,79.8719972372055,172143616,172798976,655360,655360,1024,2026-04-15T13:55:53Z,baseline_nvml_pt,nvidia-smi,ok,0.0,39.0,1695.0,7601.0,60.64,9.088000297546387,167.5439453125,167.5439453125,3.375,True,,88.35,54.59,79.19999999999999,estimated,,prefill-facebook-opt-2-7b-chunk-128-sm-24,success,,,/mnt/data/dheeraj/dicertation/inference-profile/runs/revised-rerun-20260415-145452-g4-opt27b-c64-256/raw/points/prefill/prefill-facebook-opt-2-7b-chunk-128-sm-24.csv
facebook/opt-2.7b,128,gemm,v_proj,24,4,78.84799689054489,172143616,172798976,655360,655360,1024,2026-04-15T13:55:53Z,baseline_nvml_pt,nvidia-smi,ok,0.0,39.0,1695.0,7601.0,60.64,9.088000297546387,167.5439453125,167.5439453125,3.375,True,,88.35,54.59,79.19999999999999,estimated,,prefill-facebook-opt-2-7b-chunk-128-sm-24,success,,,/mnt/data/dheeraj/dicertation/inference-profile/runs/revised-rerun-20260415-145452-g4-opt27b-c64-256/raw/points/prefill/prefill-facebook-opt-2-7b-chunk-128-sm-24.csv
facebook/opt-2.7b,128,gemm,out_proj,24,4,81.91999793052673,172143616,172798976,655360,655360,1024,2026-04-15T13:55:53Z,baseline_nvml_pt,nvidia-smi,ok,0.0,39.0,1695.0,7601.0,60.64,9.088000297546387,167.5439453125,167.5439453125,3.375,True,,88.35,54.59,79.19999999999999,estimated,,prefill-facebook-opt-2-7b-chunk-128-sm-24,success,,,/mnt/data/dheeraj/dicertation/inference-profile/runs/revised-rerun-20260415-145452-g4-opt27b-c64-256/raw/points/prefill/prefill-facebook-opt-2-7b-chunk-128-sm-24.csv
facebook/opt-2.7b,128,gemm,fc1,24,4,190.46400487422943,172143616,175682560,3538944,2621440,1024,2026-04-15T13:55:53Z,baseline_nvml_pt,nvidia-smi,ok,0.0,39.0,1695.0,7601.0,60.64,9.088000297546387,167.5439453125,167.5439453125,3.375,True,,88.35,54.59,79.19999999999999,estimated,,prefill-facebook-opt-2-7b-chunk-128-sm-24,success,,,/mnt/data/dheeraj/dicertation/inference-profile/runs/revised-rerun-20260415-145452-g4-opt27b-c64-256/raw/points/prefill/prefill-facebook-opt-2-7b-chunk-128-sm-24.csv
facebook/opt-2.7b,128,gemm,fc2,24,4,164.86400365829468,172143616,172798976,655360,655360,1024,2026-04-15T13:55:53Z,baseline_nvml_pt,nvidia-smi,ok,0.0,39.0,1695.0,7601.0,60.64,9.088000297546387,167.5439453125,167.5439453125,3.375,True,,88.35,54.59,79.19999999999999,estimated,,prefill-facebook-opt-2-7b-chunk-128-sm-24,success,,,/mnt/data/dheeraj/dicertation/inference-profile/runs/revised-rerun-20260415-145452-g4-opt27b-c64-256/raw/points/prefill/prefill-facebook-opt-2-7b-chunk-128-sm-24.csv
facebook/opt-2.7b,128,attention,attention,24,4,56.32000043988228,172143616,172816384,672768,655360,1024,2026-04-15T13:55:53Z,baseline_nvml_pt,nvidia-smi,ok,0.0,39.0,1695.0,7601.0,60.64,9.088000297546387,167.5439453125,167.5439453125,3.375,True,,88.35,54.59,79.19999999999999,estimated,,prefill-facebook-opt-2-7b-chunk-128-sm-24,success,,,/mnt/data/dheeraj/dicertation/inference-profile/runs/revised-rerun-20260415-145452-g4-opt27b-c64-256/raw/points/prefill/prefill-facebook-opt-2-7b-chunk-128-sm-24.csv
facebook/opt-2.7b,128,gemm,q_proj,32,0,114.68800157308578,172143616,172798976,655360,655360,1024,2026-04-15T13:56:01Z,baseline_nvml_pt,nvidia-smi,ok,0.0,39.0,1695.0,7601.0,60.41,0.20681600272655487,167.5439453125,167.5439453125,3.375,True,,95.0,48.760000000000005,86.39999999999999,estimated,,prefill-facebook-opt-2-7b-chunk-128-sm-32,success,,,/mnt/data/dheeraj/dicertation/inference-profile/runs/revised-rerun-20260415-145452-g4-opt27b-c64-256/raw/points/prefill/prefill-facebook-opt-2-7b-chunk-128-sm-32.csv
facebook/opt-2.7b,128,gemm,k_proj,32,0,97.28000313043594,172143616,172798976,655360,655360,1024,2026-04-15T13:56:01Z,baseline_nvml_pt,nvidia-smi,ok,0.0,39.0,1695.0,7601.0,60.41,0.20681600272655487,167.5439453125,167.5439453125,3.375,True,,95.0,48.760000000000005,86.39999999999999,estimated,,prefill-facebook-opt-2-7b-chunk-128-sm-32,success,,,/mnt/data/dheeraj/dicertation/inference-profile/runs/revised-rerun-20260415-145452-g4-opt27b-c64-256/raw/points/prefill/prefill-facebook-opt-2-7b-chunk-128-sm-32.csv
facebook/opt-2.7b,128,gemm,v_proj,32,0,83.96799862384796,172143616,172798976,655360,655360,1024,2026-04-15T13:56:01Z,baseline_nvml_pt,nvidia-smi,ok,0.0,39.0,1695.0,7601.0,60.41,0.20681600272655487,167.5439453125,167.5439453125,3.375,True,,95.0,48.760000000000005,86.39999999999999,estimated,,prefill-facebook-opt-2-7b-chunk-128-sm-32,success,,,/mnt/data/dheeraj/dicertation/inference-profile/runs/revised-rerun-20260415-145452-g4-opt27b-c64-256/raw/points/prefill/prefill-facebook-opt-2-7b-chunk-128-sm-32.csv
facebook/opt-2.7b,128,gemm,out_proj,32,0,82.94399827718735,172143616,172798976,655360,655360,1024,2026-04-15T13:56:01Z,baseline_nvml_pt,nvidia-smi,ok,0.0,39.0,1695.0,7601.0,60.41,0.20681600272655487,167.5439453125,167.5439453125,3.375,True,,95.0,48.760000000000005,86.39999999999999,estimated,,prefill-facebook-opt-2-7b-chunk-128-sm-32,success,,,/mnt/data/dheeraj/dicertation/inference-profile/runs/revised-rerun-20260415-145452-g4-opt27b-c64-256/raw/points/prefill/prefill-facebook-opt-2-7b-chunk-128-sm-32.csv
facebook/opt-2.7b,128,gemm,fc1,32,0,202.7519941329956,172143616,175682560,3538944,2621440,1024,2026-04-15T13:56:01Z,baseline_nvml_pt,nvidia-smi,ok,0.0,39.0,1695.0,7601.0,60.41,0.20681600272655487,167.5439453125,167.5439453125,3.375,True,,95.0,48.760000000000005,86.39999999999999,estimated,,prefill-facebook-opt-2-7b-chunk-128-sm-32,success,,,/mnt/data/dheeraj/dicertation/inference-profile/runs/revised-rerun-20260415-145452-g4-opt27b-c64-256/raw/points/prefill/prefill-facebook-opt-2-7b-chunk-128-sm-32.csv
facebook/opt-2.7b,128,gemm,fc2,32,0,169.98399794101715,172143616,172798976,655360,655360,1024,2026-04-15T13:56:01Z,baseline_nvml_pt,nvidia-smi,ok,0.0,39.0,1695.0,7601.0,60.41,0.20681600272655487,167.5439453125,167.5439453125,3.375,True,,95.0,48.760000000000005,86.39999999999999,estimated,,prefill-facebook-opt-2-7b-chunk-128-sm-32,success,,,/mnt/data/dheeraj/dicertation/inference-profile/runs/revised-rerun-20260415-145452-g4-opt27b-c64-256/raw/points/prefill/prefill-facebook-opt-2-7b-chunk-128-sm-32.csv
facebook/opt-2.7b,128,attention,attention,32,0,67.58400052785873,172143616,172816384,672768,655360,1024,2026-04-15T13:56:01Z,baseline_nvml_pt,nvidia-smi,ok,0.0,39.0,1695.0,7601.0,60.41,0.20681600272655487,167.5439453125,167.5439453125,3.375,True,,95.0,48.760000000000005,86.39999999999999,estimated,,prefill-facebook-opt-2-7b-chunk-128-sm-32,success,,,/mnt/data/dheeraj/dicertation/inference-profile/runs/revised-rerun-20260415-145452-g4-opt27b-c64-256/raw/points/prefill/prefill-facebook-opt-2-7b-chunk-128-sm-32.csv
facebook/opt-2.7b,128,gemm,q_proj,32,1,88.06400001049042,172143616,172798976,655360,655360,1024,2026-04-15T13:56:01Z,baseline_nvml_pt,nvidia-smi,ok,0.0,39.0,1695.0,7601.0,60.41,0.20681600272655487,167.5439453125,167.5439453125,3.375,True,,95.0,48.760000000000005,86.39999999999999,estimated,,prefill-facebook-opt-2-7b-chunk-128-sm-32,success,,,/mnt/data/dheeraj/dicertation/inference-profile/runs/revised-rerun-20260415-145452-g4-opt27b-c64-256/raw/points/prefill/prefill-facebook-opt-2-7b-chunk-128-sm-32.csv
facebook/opt-2.7b,128,gemm,k_proj,32,1,83.96799862384796,172143616,172798976,655360,655360,1024,2026-04-15T13:56:01Z,baseline_nvml_pt,nvidia-smi,ok,0.0,39.0,1695.0,7601.0,60.41,0.20681600272655487,167.5439453125,167.5439453125,3.375,True,,95.0,48.760000000000005,86.39999999999999,estimated,,prefill-facebook-opt-2-7b-chunk-128-sm-32,success,,,/mnt/data/dheeraj/dicertation/inference-profile/runs/revised-rerun-20260415-145452-g4-opt27b-c64-256/raw/points/prefill/prefill-facebook-opt-2-7b-chunk-128-sm-32.csv
facebook/opt-2.7b,128,gemm,v_proj,32,1,78.84799689054489,172143616,172798976,655360,655360,1024,2026-04-15T13:56:01Z,baseline_nvml_pt,nvidia-smi,ok,0.0,39.0,1695.0,7601.0,60.41,0.20681600272655487,167.5439453125,167.5439453125,3.375,True,,95.0,48.760000000000005,86.39999999999999,estimated,,prefill-facebook-opt-2-7b-chunk-128-sm-32,success,,,/mnt/data/dheeraj/dicertation/inference-profile/runs/revised-rerun-20260415-145452-g4-opt27b-c64-256/raw/points/prefill/prefill-facebook-opt-2-7b-chunk-128-sm-32.csv
facebook/opt-2.7b,128,gemm,out_proj,32,1,81.91999793052673,172143616,172798976,655360,655360,1024,2026-04-15T13:56:01Z,baseline_nvml_pt,nvidia-smi,ok,0.0,39.0,1695.0,7601.0,60.41,0.20681600272655487,167.5439453125,167.5439453125,3.375,True,,95.0,48.760000000000005,86.39999999999999,estimated,,prefill-facebook-opt-2-7b-chunk-128-sm-32,success,,,/mnt/data/dheeraj/dicertation/inference-profile/runs/revised-rerun-20260415-145452-g4-opt27b-c64-256/raw/points/prefill/prefill-facebook-opt-2-7b-chunk-128-sm-32.csv
facebook/opt-2.7b,128,gemm,fc1,32,1,193.53599846363068,172143616,175682560,3538944,2621440,1024,2026-04-15T13:56:01Z,baseline_nvml_pt,nvidia-smi,ok,0.0,39.0,1695.0,7601.0,60.41,0.20681600272655487,167.5439453125,167.5439453125,3.375,True,,95.0,48.760000000000005,86.39999999999999,estimated,,prefill-facebook-opt-2-7b-chunk-128-sm-32,success,,,/mnt/data/dheeraj/dicertation/inference-profile/runs/revised-rerun-20260415-145452-g4-opt27b-c64-256/raw/points/prefill/prefill-facebook-opt-2-7b-chunk-128-sm-32.csv
facebook/opt-2.7b,128,gemm,fc2,32,1,164.86400365829468,172143616,172798976,655360,655360,1024,2026-04-15T13:56:01Z,baseline_nvml_pt,nvidia-smi,ok,0.0,39.0,1695.0,7601.0,60.41,0.20681600272655487,167.5439453125,167.5439453125,3.375,True,,95.0,48.760000000000005,86.39999999999999,estimated,,prefill-facebook-opt-2-7b-chunk-128-sm-32,success,,,/mnt/data/dheeraj/dicertation/inference-profile/runs/revised-rerun-20260415-145452-g4-opt27b-c64-256/raw/points/prefill/prefill-facebook-opt-2-7b-chunk-128-sm-32.csv
facebook/opt-2.7b,128,attention,attention,32,1,63.48799914121628,172143616,172816384,672768,655360,1024,2026-04-15T13:56:01Z,baseline_nvml_pt,nvidia-smi,ok,0.0,39.0,1695.0,7601.0,60.41,0.20681600272655487,167.5439453125,167.5439453125,3.375,True,,95.0,48.760000000000005,86.39999999999999,estimated,,prefill-facebook-opt-2-7b-chunk-128-sm-32,success,,,/mnt/data/dheeraj/dicertation/inference-profile/runs/revised-rerun-20260415-145452-g4-opt27b-c64-256/raw/points/prefill/prefill-facebook-opt-2-7b-chunk-128-sm-32.csv
facebook/opt-2.7b,128,gemm,q_proj,32,2,85.9839990735054,172143616,172798976,655360,655360,1024,2026-04-15T13:56:01Z,baseline_nvml_pt,nvidia-smi,ok,0.0,39.0,1695.0,7601.0,60.41,0.20681600272655487,167.5439453125,167.5439453125,3.375,True,,95.0,48.760000000000005,86.39999999999999,estimated,,prefill-facebook-opt-2-7b-chunk-128-sm-32,success,,,/mnt/data/dheeraj/dicertation/inference-profile/runs/revised-rerun-20260415-145452-g4-opt27b-c64-256/raw/points/prefill/prefill-facebook-opt-2-7b-chunk-128-sm-32.csv
facebook/opt-2.7b,128,gemm,k_proj,32,2,112.5440001487732,172143616,172798976,655360,655360,1024,2026-04-15T13:56:01Z,baseline_nvml_pt,nvidia-smi,ok,0.0,39.0,1695.0,7601.0,60.41,0.20681600272655487,167.5439453125,167.5439453125,3.375,True,,95.0,48.760000000000005,86.39999999999999,estimated,,prefill-facebook-opt-2-7b-chunk-128-sm-32,success,,,/mnt/data/dheeraj/dicertation/inference-profile/runs/revised-rerun-20260415-145452-g4-opt27b-c64-256/raw/points/prefill/prefill-facebook-opt-2-7b-chunk-128-sm-32.csv
facebook/opt-2.7b,128,gemm,v_proj,32,2,92.16000139713287,172143616,172798976,655360,655360,1024,2026-04-15T13:56:01Z,baseline_nvml_pt,nvidia-smi,ok,0.0,39.0,1695.0,7601.0,60.41,0.20681600272655487,167.5439453125,167.5439453125,3.375,True,,95.0,48.760000000000005,86.39999999999999,estimated,,prefill-facebook-opt-2-7b-chunk-128-sm-32,success,,,/mnt/data/dheeraj/dicertation/inference-profile/runs/revised-rerun-20260415-145452-g4-opt27b-c64-256/raw/points/prefill/prefill-facebook-opt-2-7b-chunk-128-sm-32.csv
facebook/opt-2.7b,128,gemm,out_proj,32,2,81.91999793052673,172143616,172798976,655360,655360,1024,2026-04-15T13:56:01Z,baseline_nvml_pt,nvidia-smi,ok,0.0,39.0,1695.0,7601.0,60.41,0.20681600272655487,167.5439453125,167.5439453125,3.375,True,,95.0,48.760000000000005,86.39999999999999,estimated,,prefill-facebook-opt-2-7b-chunk-128-sm-32,success,,,/mnt/data/dheeraj/dicertation/inference-profile/runs/revised-rerun-20260415-145452-g4-opt27b-c64-256/raw/points/prefill/prefill-facebook-opt-2-7b-chunk-128-sm-32.csv
facebook/opt-2.7b,128,gemm,fc1,32,2,201.7280012369156,172143616,175682560,3538944,2621440,1024,2026-04-15T13:56:01Z,baseline_nvml_pt,nvidia-smi,ok,0.0,39.0,1695.0,7601.0,60.41,0.20681600272655487,167.5439453125,167.5439453125,3.375,True,,95.0,48.760000000000005,86.39999999999999,estimated,,prefill-facebook-opt-2-7b-chunk-128-sm-32,success,,,/mnt/data/dheeraj/dicertation/inference-profile/runs/revised-rerun-20260415-145452-g4-opt27b-c64-256/raw/points/prefill/prefill-facebook-opt-2-7b-chunk-128-sm-32.csv
facebook/opt-2.7b,128,gemm,fc2,32,2,168.89600455760956,172143616,172798976,655360,655360,1024,2026-04-15T13:56:01Z,baseline_nvml_pt,nvidia-smi,ok,0.0,39.0,1695.0,7601.0,60.41,0.20681600272655487,167.5439453125,167.5439453125,3.375,True,,95.0,48.760000000000005,86.39999999999999,estimated,,prefill-facebook-opt-2-7b-chunk-128-sm-32,success,,,/mnt/data/dheeraj/dicertation/inference-profile/runs/revised-rerun-20260415-145452-g4-opt27b-c64-256/raw/points/prefill/prefill-facebook-opt-2-7b-chunk-128-sm-32.csv
facebook/opt-2.7b,128,attention,attention,32,2,68.60800087451935,172143616,172816384,672768,655360,1024,2026-04-15T13:56:01Z,baseline_nvml_pt,nvidia-smi,ok,0.0,39.0,1695.0,7601.0,60.41,0.20681600272655487,167.5439453125,167.5439453125,3.375,True,,95.0,48.760000000000005,86.39999999999999,estimated,,prefill-facebook-opt-2-7b-chunk-128-sm-32,success,,,/mnt/data/dheeraj/dicertation/inference-profile/runs/revised-rerun-20260415-145452-g4-opt27b-c64-256/raw/points/prefill/prefill-facebook-opt-2-7b-chunk-128-sm-32.csv
facebook/opt-2.7b,128,gemm,q_proj,32,3,82.94399827718735,172143616,172798976,655360,655360,1024,2026-04-15T13:56:01Z,baseline_nvml_pt,nvidia-smi,ok,0.0,39.0,1695.0,7601.0,60.41,0.20681600272655487,167.5439453125,167.5439453125,3.375,True,,95.0,48.760000000000005,86.39999999999999,estimated,,prefill-facebook-opt-2-7b-chunk-128-sm-32,success,,,/mnt/data/dheeraj/dicertation/inference-profile/runs/revised-rerun-20260415-145452-g4-opt27b-c64-256/raw/points/prefill/prefill-facebook-opt-2-7b-chunk-128-sm-32.csv
facebook/opt-2.7b,128,gemm,k_proj,32,3,80.89599758386612,172143616,172798976,655360,655360,1024,2026-04-15T13:56:01Z,baseline_nvml_pt,nvidia-smi,ok,0.0,39.0,1695.0,7601.0,60.41,0.20681600272655487,167.5439453125,167.5439453125,3.375,True,,95.0,48.760000000000005,86.39999999999999,estimated,,prefill-facebook-opt-2-7b-chunk-128-sm-32,success,,,/mnt/data/dheeraj/dicertation/inference-profile/runs/revised-rerun-20260415-145452-g4-opt27b-c64-256/raw/points/prefill/prefill-facebook-opt-2-7b-chunk-128-sm-32.csv
facebook/opt-2.7b,128,gemm,v_proj,32,3,80.79999685287476,172143616,172798976,655360,655360,1024,2026-04-15T13:56:01Z,baseline_nvml_pt,nvidia-smi,ok,0.0,39.0,1695.0,7601.0,60.41,0.20681600272655487,167.5439453125,167.5439453125,3.375,True,,95.0,48.760000000000005,86.39999999999999,estimated,,prefill-facebook-opt-2-7b-chunk-128-sm-32,success,,,/mnt/data/dheeraj/dicertation/inference-profile/runs/revised-rerun-20260415-145452-g4-opt27b-c64-256/raw/points/prefill/prefill-facebook-opt-2-7b-chunk-128-sm-32.csv
facebook/opt-2.7b,128,gemm,out_proj,32,3,80.79999685287476,172143616,172798976,655360,655360,1024,2026-04-15T13:56:01Z,baseline_nvml_pt,nvidia-smi,ok,0.0,39.0,1695.0,7601.0,60.41,0.20681600272655487,167.5439453125,167.5439453125,3.375,True,,95.0,48.760000000000005,86.39999999999999,estimated,,prefill-facebook-opt-2-7b-chunk-128-sm-32,success,,,/mnt/data/dheeraj/dicertation/inference-profile/runs/revised-rerun-20260415-145452-g4-opt27b-c64-256/raw/points/prefill/prefill-facebook-opt-2-7b-chunk-128-sm-32.csv
facebook/opt-2.7b,128,gemm,fc1,32,3,194.5600062608719,172143616,175682560,3538944,2621440,1024,2026-04-15T13:56:01Z,baseline_nvml_pt,nvidia-smi,ok,0.0,39.0,1695.0,7601.0,60.41,0.20681600272655487,167.5439453125,167.5439453125,3.375,True,,95.0,48.760000000000005,86.39999999999999,estimated,,prefill-facebook-opt-2-7b-chunk-128-sm-32,success,,,/mnt/data/dheeraj/dicertation/inference-profile/runs/revised-rerun-20260415-145452-g4-opt27b-c64-256/raw/points/prefill/prefill-facebook-opt-2-7b-chunk-128-sm-32.csv
facebook/opt-2.7b,128,gemm,fc2,32,3,165.8879965543747,172143616,172798976,655360,655360,1024,2026-04-15T13:56:01Z,baseline_nvml_pt,nvidia-smi,ok,0.0,39.0,1695.0,7601.0,60.41,0.20681600272655487,167.5439453125,167.5439453125,3.375,True,,95.0,48.760000000000005,86.39999999999999,estimated,,prefill-facebook-opt-2-7b-chunk-128-sm-32,success,,,/mnt/data/dheeraj/dicertation/inference-profile/runs/revised-rerun-20260415-145452-g4-opt27b-c64-256/raw/points/prefill/prefill-facebook-opt-2-7b-chunk-128-sm-32.csv
facebook/opt-2.7b,128,attention,attention,32,3,69.63200122117996,172143616,172816384,672768,655360,1024,2026-04-15T13:56:01Z,baseline_nvml_pt,nvidia-smi,ok,0.0,39.0,1695.0,7601.0,60.41,0.20681600272655487,167.5439453125,167.5439453125,3.375,True,,95.0,48.760000000000005,86.39999999999999,estimated,,prefill-facebook-opt-2-7b-chunk-128-sm-32,success,,,/mnt/data/dheeraj/dicertation/inference-profile/runs/revised-rerun-20260415-145452-g4-opt27b-c64-256/raw/points/prefill/prefill-facebook-opt-2-7b-chunk-128-sm-32.csv
facebook/opt-2.7b,128,gemm,q_proj,32,4,97.28000313043594,172143616,172798976,655360,655360,1024,2026-04-15T13:56:01Z,baseline_nvml_pt,nvidia-smi,ok,0.0,39.0,1695.0,7601.0,60.41,0.20681600272655487,167.5439453125,167.5439453125,3.375,True,,95.0,48.760000000000005,86.39999999999999,estimated,,prefill-facebook-opt-2-7b-chunk-128-sm-32,success,,,/mnt/data/dheeraj/dicertation/inference-profile/runs/revised-rerun-20260415-145452-g4-opt27b-c64-256/raw/points/prefill/prefill-facebook-opt-2-7b-chunk-128-sm-32.csv
facebook/opt-2.7b,128,gemm,k_proj,32,4,82.94399827718735,172143616,172798976,655360,655360,1024,2026-04-15T13:56:01Z,baseline_nvml_pt,nvidia-smi,ok,0.0,39.0,1695.0,7601.0,60.41,0.20681600272655487,167.5439453125,167.5439453125,3.375,True,,95.0,48.760000000000005,86.39999999999999,estimated,,prefill-facebook-opt-2-7b-chunk-128-sm-32,success,,,/mnt/data/dheeraj/dicertation/inference-profile/runs/revised-rerun-20260415-145452-g4-opt27b-c64-256/raw/points/prefill/prefill-facebook-opt-2-7b-chunk-128-sm-32.csv
facebook/opt-2.7b,128,gemm,v_proj,32,4,79.8719972372055,172143616,172798976,655360,655360,1024,2026-04-15T13:56:01Z,baseline_nvml_pt,nvidia-smi,ok,0.0,39.0,1695.0,7601.0,60.41,0.20681600272655487,167.5439453125,167.5439453125,3.375,True,,95.0,48.760000000000005,86.39999999999999,estimated,,prefill-facebook-opt-2-7b-chunk-128-sm-32,success,,,/mnt/data/dheeraj/dicertation/inference-profile/runs/revised-rerun-20260415-145452-g4-opt27b-c64-256/raw/points/prefill/prefill-facebook-opt-2-7b-chunk-128-sm-32.csv
facebook/opt-2.7b,128,gemm,out_proj,32,4,79.8719972372055,172143616,172798976,655360,655360,1024,2026-04-15T13:56:01Z,baseline_nvml_pt,nvidia-smi,ok,0.0,39.0,1695.0,7601.0,60.41,0.20681600272655487,167.5439453125,167.5439453125,3.375,True,,95.0,48.760000000000005,86.39999999999999,estimated,,prefill-facebook-opt-2-7b-chunk-128-sm-32,success,,,/mnt/data/dheeraj/dicertation/inference-profile/runs/revised-rerun-20260415-145452-g4-opt27b-c64-256/raw/points/prefill/prefill-facebook-opt-2-7b-chunk-128-sm-32.csv
facebook/opt-2.7b,128,gemm,fc1,32,4,206.81600272655487,172143616,175682560,3538944,2621440,1024,2026-04-15T13:56:01Z,baseline_nvml_pt,nvidia-smi,ok,0.0,39.0,1695.0,7601.0,60.41,0.20681600272655487,167.5439453125,167.5439453125,3.375,True,,95.0,48.760000000000005,86.39999999999999,estimated,,prefill-facebook-opt-2-7b-chunk-128-sm-32,success,,,/mnt/data/dheeraj/dicertation/inference-profile/runs/revised-rerun-20260415-145452-g4-opt27b-c64-256/raw/points/prefill/prefill-facebook-opt-2-7b-chunk-128-sm-32.csv
facebook/opt-2.7b,128,gemm,fc2,32,4,163.83999586105347,172143616,172798976,655360,655360,1024,2026-04-15T13:56:01Z,baseline_nvml_pt,nvidia-smi,ok,0.0,39.0,1695.0,7601.0,60.41,0.20681600272655487,167.5439453125,167.5439453125,3.375,True,,95.0,48.760000000000005,86.39999999999999,estimated,,prefill-facebook-opt-2-7b-chunk-128-sm-32,success,,,/mnt/data/dheeraj/dicertation/inference-profile/runs/revised-rerun-20260415-145452-g4-opt27b-c64-256/raw/points/prefill/prefill-facebook-opt-2-7b-chunk-128-sm-32.csv
facebook/opt-2.7b,128,attention,attention,32,4,67.58400052785873,172143616,172816384,672768,655360,1024,2026-04-15T13:56:01Z,baseline_nvml_pt,nvidia-smi,ok,0.0,39.0,1695.0,7601.0,60.41,0.20681600272655487,167.5439453125,167.5439453125,3.375,True,,95.0,48.760000000000005,86.39999999999999,estimated,,prefill-facebook-opt-2-7b-chunk-128-sm-32,success,,,/mnt/data/dheeraj/dicertation/inference-profile/runs/revised-rerun-20260415-145452-g4-opt27b-c64-256/raw/points/prefill/prefill-facebook-opt-2-7b-chunk-128-sm-32.csv
facebook/opt-2.7b,256,gemm,q_proj,8,0,111.61600053310394,179352576,180663296,1310720,1310720,1024,2026-04-15T13:56:09Z,baseline_nvml_pt,nvidia-smi,ok,7.0,39.0,1695.0,8001.0,60.08,0.22118400037288666,176.0439453125,176.0439453125,5.0,True,,79.0,62.5,67.5,estimated,,prefill-facebook-opt-2-7b-chunk-256-sm-8,success,,,/mnt/data/dheeraj/dicertation/inference-profile/runs/revised-rerun-20260415-145452-g4-opt27b-c64-256/raw/points/prefill/prefill-facebook-opt-2-7b-chunk-256-sm-8.csv
facebook/opt-2.7b,256,gemm,k_proj,8,0,103.42399775981903,179352576,180663296,1310720,1310720,1024,2026-04-15T13:56:09Z,baseline_nvml_pt,nvidia-smi,ok,7.0,39.0,1695.0,8001.0,60.08,0.22118400037288666,176.0439453125,176.0439453125,5.0,True,,79.0,62.5,67.5,estimated,,prefill-facebook-opt-2-7b-chunk-256-sm-8,success,,,/mnt/data/dheeraj/dicertation/inference-profile/runs/revised-rerun-20260415-145452-g4-opt27b-c64-256/raw/points/prefill/prefill-facebook-opt-2-7b-chunk-256-sm-8.csv
facebook/opt-2.7b,256,gemm,v_proj,8,0,96.25600278377533,179352576,180663296,1310720,1310720,1024,2026-04-15T13:56:09Z,baseline_nvml_pt,nvidia-smi,ok,7.0,39.0,1695.0,8001.0,60.08,0.22118400037288666,176.0439453125,176.0439453125,5.0,True,,79.0,62.5,67.5,estimated,,prefill-facebook-opt-2-7b-chunk-256-sm-8,success,,,/mnt/data/dheeraj/dicertation/inference-profile/runs/revised-rerun-20260415-145452-g4-opt27b-c64-256/raw/points/prefill/prefill-facebook-opt-2-7b-chunk-256-sm-8.csv
facebook/opt-2.7b,256,gemm,out_proj,8,0,96.25600278377533,179352576,180663296,1310720,1310720,1024,2026-04-15T13:56:09Z,baseline_nvml_pt,nvidia-smi,ok,7.0,39.0,1695.0,8001.0,60.08,0.22118400037288666,176.0439453125,176.0439453125,5.0,True,,79.0,62.5,67.5,estimated,,prefill-facebook-opt-2-7b-chunk-256-sm-8,success,,,/mnt/data/dheeraj/dicertation/inference-profile/runs/revised-rerun-20260415-145452-g4-opt27b-c64-256/raw/points/prefill/prefill-facebook-opt-2-7b-chunk-256-sm-8.csv
facebook/opt-2.7b,256,gemm,fc1,8,0,212.99199759960175,179352576,184595456,5242880,5242880,1024,2026-04-15T13:56:09Z,baseline_nvml_pt,nvidia-smi,ok,7.0,39.0,1695.0,8001.0,60.08,0.22118400037288666,176.0439453125,176.0439453125,5.0,True,,79.0,62.5,67.5,estimated,,prefill-facebook-opt-2-7b-chunk-256-sm-8,success,,,/mnt/data/dheeraj/dicertation/inference-profile/runs/revised-rerun-20260415-145452-g4-opt27b-c64-256/raw/points/prefill/prefill-facebook-opt-2-7b-chunk-256-sm-8.csv
facebook/opt-2.7b,256,gemm,fc2,8,0,214.01600539684296,179352576,180663296,1310720,1310720,1024,2026-04-15T13:56:09Z,baseline_nvml_pt,nvidia-smi,ok,7.0,39.0,1695.0,8001.0,60.08,0.22118400037288666,176.0439453125,176.0439453125,5.0,True,,79.0,62.5,67.5,estimated,,prefill-facebook-opt-2-7b-chunk-256-sm-8,success,,,/mnt/data/dheeraj/dicertation/inference-profile/runs/revised-rerun-20260415-145452-g4-opt27b-c64-256/raw/points/prefill/prefill-facebook-opt-2-7b-chunk-256-sm-8.csv
facebook/opt-2.7b,256,attention,attention,8,0,59.39200147986412,179352576,180697088,1344512,1310720,1024,2026-04-15T13:56:09Z,baseline_nvml_pt,nvidia-smi,ok,7.0,39.0,1695.0,8001.0,60.08,0.22118400037288666,176.0439453125,176.0439453125,5.0,True,,79.0,62.5,67.5,estimated,,prefill-facebook-opt-2-7b-chunk-256-sm-8,success,,,/mnt/data/dheeraj/dicertation/inference-profile/runs/revised-rerun-20260415-145452-g4-opt27b-c64-256/raw/points/prefill/prefill-facebook-opt-2-7b-chunk-256-sm-8.csv
facebook/opt-2.7b,256,gemm,q_proj,8,1,101.21600329875946,179352576,180663296,1310720,1310720,1024,2026-04-15T13:56:09Z,baseline_nvml_pt,nvidia-smi,ok,7.0,39.0,1695.0,8001.0,60.08,0.22118400037288666,176.0439453125,176.0439453125,5.0,True,,79.0,62.5,67.5,estimated,,prefill-facebook-opt-2-7b-chunk-256-sm-8,success,,,/mnt/data/dheeraj/dicertation/inference-profile/runs/revised-rerun-20260415-145452-g4-opt27b-c64-256/raw/points/prefill/prefill-facebook-opt-2-7b-chunk-256-sm-8.csv
facebook/opt-2.7b,256,gemm,k_proj,8,1,96.25600278377533,179352576,180663296,1310720,1310720,1024,2026-04-15T13:56:09Z,baseline_nvml_pt,nvidia-smi,ok,7.0,39.0,1695.0,8001.0,60.08,0.22118400037288666,176.0439453125,176.0439453125,5.0,True,,79.0,62.5,67.5,estimated,,prefill-facebook-opt-2-7b-chunk-256-sm-8,success,,,/mnt/data/dheeraj/dicertation/inference-profile/runs/revised-rerun-20260415-145452-g4-opt27b-c64-256/raw/points/prefill/prefill-facebook-opt-2-7b-chunk-256-sm-8.csv
facebook/opt-2.7b,256,gemm,v_proj,8,1,92.16000139713287,179352576,180663296,1310720,1310720,1024,2026-04-15T13:56:09Z,baseline_nvml_pt,nvidia-smi,ok,7.0,39.0,1695.0,8001.0,60.08,0.22118400037288666,176.0439453125,176.0439453125,5.0,True,,79.0,62.5,67.5,estimated,,prefill-facebook-opt-2-7b-chunk-256-sm-8,success,,,/mnt/data/dheeraj/dicertation/inference-profile/runs/revised-rerun-20260415-145452-g4-opt27b-c64-256/raw/points/prefill/prefill-facebook-opt-2-7b-chunk-256-sm-8.csv
facebook/opt-2.7b,256,gemm,out_proj,8,1,95.20000219345093,179352576,180663296,1310720,1310720,1024,2026-04-15T13:56:09Z,baseline_nvml_pt,nvidia-smi,ok,7.0,39.0,1695.0,8001.0,60.08,0.22118400037288666,176.0439453125,176.0439453125,5.0,True,,79.0,62.5,67.5,estimated,,prefill-facebook-opt-2-7b-chunk-256-sm-8,success,,,/mnt/data/dheeraj/dicertation/inference-profile/runs/revised-rerun-20260415-145452-g4-opt27b-c64-256/raw/points/prefill/prefill-facebook-opt-2-7b-chunk-256-sm-8.csv
facebook/opt-2.7b,256,gemm,fc1,8,1,210.94399690628052,179352576,184595456,5242880,5242880,1024,2026-04-15T13:56:09Z,baseline_nvml_pt,nvidia-smi,ok,7.0,39.0,1695.0,8001.0,60.08,0.22118400037288666,176.0439453125,176.0439453125,5.0,True,,79.0,62.5,67.5,estimated,,prefill-facebook-opt-2-7b-chunk-256-sm-8,success,,,/mnt/data/dheeraj/dicertation/inference-profile/runs/revised-rerun-20260415-145452-g4-opt27b-c64-256/raw/points/prefill/prefill-facebook-opt-2-7b-chunk-256-sm-8.csv
facebook/opt-2.7b,256,gemm,fc2,8,1,221.18400037288666,179352576,180663296,1310720,1310720,1024,2026-04-15T13:56:09Z,baseline_nvml_pt,nvidia-smi,ok,7.0,39.0,1695.0,8001.0,60.08,0.22118400037288666,176.0439453125,176.0439453125,5.0,True,,79.0,62.5,67.5,estimated,,prefill-facebook-opt-2-7b-chunk-256-sm-8,success,,,/mnt/data/dheeraj/dicertation/inference-profile/runs/revised-rerun-20260415-145452-g4-opt27b-c64-256/raw/points/prefill/prefill-facebook-opt-2-7b-chunk-256-sm-8.csv
facebook/opt-2.7b,256,attention,attention,8,1,57.34400078654289,179352576,180697088,1344512,1310720,1024,2026-04-15T13:56:09Z,baseline_nvml_pt,nvidia-smi,ok,7.0,39.0,1695.0,8001.0,60.08,0.22118400037288666,176.0439453125,176.0439453125,5.0,True,,79.0,62.5,67.5,estimated,,prefill-facebook-opt-2-7b-chunk-256-sm-8,success,,,/mnt/data/dheeraj/dicertation/inference-profile/runs/revised-rerun-20260415-145452-g4-opt27b-c64-256/raw/points/prefill/prefill-facebook-opt-2-7b-chunk-256-sm-8.csv
facebook/opt-2.7b,256,gemm,q_proj,8,2,99.32799637317657,179352576,180663296,1310720,1310720,1024,2026-04-15T13:56:09Z,baseline_nvml_pt,nvidia-smi,ok,7.0,39.0,1695.0,8001.0,60.08,0.22118400037288666,176.0439453125,176.0439453125,5.0,True,,79.0,62.5,67.5,estimated,,prefill-facebook-opt-2-7b-chunk-256-sm-8,success,,,/mnt/data/dheeraj/dicertation/inference-profile/runs/revised-rerun-20260415-145452-g4-opt27b-c64-256/raw/points/prefill/prefill-facebook-opt-2-7b-chunk-256-sm-8.csv
facebook/opt-2.7b,256,gemm,k_proj,8,2,104.35199737548828,179352576,180663296,1310720,1310720,1024,2026-04-15T13:56:09Z,baseline_nvml_pt,nvidia-smi,ok,7.0,39.0,1695.0,8001.0,60.08,0.22118400037288666,176.0439453125,176.0439453125,5.0,True,,79.0,62.5,67.5,estimated,,prefill-facebook-opt-2-7b-chunk-256-sm-8,success,,,/mnt/data/dheeraj/dicertation/inference-profile/runs/revised-rerun-20260415-145452-g4-opt27b-c64-256/raw/points/prefill/prefill-facebook-opt-2-7b-chunk-256-sm-8.csv
facebook/opt-2.7b,256,gemm,v_proj,8,2,94.2080020904541,179352576,180663296,1310720,1310720,1024,2026-04-15T13:56:09Z,baseline_nvml_pt,nvidia-smi,ok,7.0,39.0,1695.0,8001.0,60.08,0.22118400037288666,176.0439453125,176.0439453125,5.0,True,,79.0,62.5,67.5,estimated,,prefill-facebook-opt-2-7b-chunk-256-sm-8,success,,,/mnt/data/dheeraj/dicertation/inference-profile/runs/revised-rerun-20260415-145452-g4-opt27b-c64-256/raw/points/prefill/prefill-facebook-opt-2-7b-chunk-256-sm-8.csv
facebook/opt-2.7b,256,gemm,out_proj,8,2,94.2080020904541,179352576,180663296,1310720,1310720,1024,2026-04-15T13:56:09Z,baseline_nvml_pt,nvidia-smi,ok,7.0,39.0,1695.0,8001.0,60.08,0.22118400037288666,176.0439453125,176.0439453125,5.0,True,,79.0,62.5,67.5,estimated,,prefill-facebook-opt-2-7b-chunk-256-sm-8,success,,,/mnt/data/dheeraj/dicertation/inference-profile/runs/revised-rerun-20260415-145452-g4-opt27b-c64-256/raw/points/prefill/prefill-facebook-opt-2-7b-chunk-256-sm-8.csv
facebook/opt-2.7b,256,gemm,fc1,8,2,216.06400609016418,179352576,184595456,5242880,5242880,1024,2026-04-15T13:56:09Z,baseline_nvml_pt,nvidia-smi,ok,7.0,39.0,1695.0,8001.0,60.08,0.22118400037288666,176.0439453125,176.0439453125,5.0,True,,79.0,62.5,67.5,estimated,,prefill-facebook-opt-2-7b-chunk-256-sm-8,success,,,/mnt/data/dheeraj/dicertation/inference-profile/runs/revised-rerun-20260415-145452-g4-opt27b-c64-256/raw/points/prefill/prefill-facebook-opt-2-7b-chunk-256-sm-8.csv
facebook/opt-2.7b,256,gemm,fc2,8,2,212.99199759960175,179352576,180663296,1310720,1310720,1024,2026-04-15T13:56:09Z,baseline_nvml_pt,nvidia-smi,ok,7.0,39.0,1695.0,8001.0,60.08,0.22118400037288666,176.0439453125,176.0439453125,5.0,True,,79.0,62.5,67.5,estimated,,prefill-facebook-opt-2-7b-chunk-256-sm-8,success,,,/mnt/data/dheeraj/dicertation/inference-profile/runs/revised-rerun-20260415-145452-g4-opt27b-c64-256/raw/points/prefill/prefill-facebook-opt-2-7b-chunk-256-sm-8.csv
facebook/opt-2.7b,256,attention,attention,8,2,57.34400078654289,179352576,180697088,1344512,1310720,1024,2026-04-15T13:56:09Z,baseline_nvml_pt,nvidia-smi,ok,7.0,39.0,1695.0,8001.0,60.08,0.22118400037288666,176.0439453125,176.0439453125,5.0,True,,79.0,62.5,67.5,estimated,,prefill-facebook-opt-2-7b-chunk-256-sm-8,success,,,/mnt/data/dheeraj/dicertation/inference-profile/runs/revised-rerun-20260415-145452-g4-opt27b-c64-256/raw/points/prefill/prefill-facebook-opt-2-7b-chunk-256-sm-8.csv
facebook/opt-2.7b,256,gemm,q_proj,8,3,102.39999741315842,179352576,180663296,1310720,1310720,1024,2026-04-15T13:56:09Z,baseline_nvml_pt,nvidia-smi,ok,7.0,39.0,1695.0,8001.0,60.08,0.22118400037288666,176.0439453125,176.0439453125,5.0,True,,79.0,62.5,67.5,estimated,,prefill-facebook-opt-2-7b-chunk-256-sm-8,success,,,/mnt/data/dheeraj/dicertation/inference-profile/runs/revised-rerun-20260415-145452-g4-opt27b-c64-256/raw/points/prefill/prefill-facebook-opt-2-7b-chunk-256-sm-8.csv
facebook/opt-2.7b,256,gemm,k_proj,8,3,93.18400174379349,179352576,180663296,1310720,1310720,1024,2026-04-15T13:56:09Z,baseline_nvml_pt,nvidia-smi,ok,7.0,39.0,1695.0,8001.0,60.08,0.22118400037288666,176.0439453125,176.0439453125,5.0,True,,79.0,62.5,67.5,estimated,,prefill-facebook-opt-2-7b-chunk-256-sm-8,success,,,/mnt/data/dheeraj/dicertation/inference-profile/runs/revised-rerun-20260415-145452-g4-opt27b-c64-256/raw/points/prefill/prefill-facebook-opt-2-7b-chunk-256-sm-8.csv
facebook/opt-2.7b,256,gemm,v_proj,8,3,93.18400174379349,179352576,180663296,1310720,1310720,1024,2026-04-15T13:56:09Z,baseline_nvml_pt,nvidia-smi,ok,7.0,39.0,1695.0,8001.0,60.08,0.22118400037288666,176.0439453125,176.0439453125,5.0,True,,79.0,62.5,67.5,estimated,,prefill-facebook-opt-2-7b-chunk-256-sm-8,success,,,/mnt/data/dheeraj/dicertation/inference-profile/runs/revised-rerun-20260415-145452-g4-opt27b-c64-256/raw/points/prefill/prefill-facebook-opt-2-7b-chunk-256-sm-8.csv
facebook/opt-2.7b,256,gemm,out_proj,8,3,95.23200243711472,179352576,180663296,1310720,1310720,1024,2026-04-15T13:56:09Z,baseline_nvml_pt,nvidia-smi,ok,7.0,39.0,1695.0,8001.0,60.08,0.22118400037288666,176.0439453125,176.0439453125,5.0,True,,79.0,62.5,67.5,estimated,,prefill-facebook-opt-2-7b-chunk-256-sm-8,success,,,/mnt/data/dheeraj/dicertation/inference-profile/runs/revised-rerun-20260415-145452-g4-opt27b-c64-256/raw/points/prefill/prefill-facebook-opt-2-7b-chunk-256-sm-8.csv
facebook/opt-2.7b,256,gemm,fc1,8,3,211.96800470352173,179352576,184595456,5242880,5242880,1024,2026-04-15T13:56:09Z,baseline_nvml_pt,nvidia-smi,ok,7.0,39.0,1695.0,8001.0,60.08,0.22118400037288666,176.0439453125,176.0439453125,5.0,True,,79.0,62.5,67.5,estimated,,prefill-facebook-opt-2-7b-chunk-256-sm-8,success,,,/mnt/data/dheeraj/dicertation/inference-profile/runs/revised-rerun-20260415-145452-g4-opt27b-c64-256/raw/points/prefill/prefill-facebook-opt-2-7b-chunk-256-sm-8.csv
facebook/opt-2.7b,256,gemm,fc2,8,3,213.919997215271,179352576,180663296,1310720,1310720,1024,2026-04-15T13:56:09Z,baseline_nvml_pt,nvidia-smi,ok,7.0,39.0,1695.0,8001.0,60.08,0.22118400037288666,176.0439453125,176.0439453125,5.0,True,,79.0,62.5,67.5,estimated,,prefill-facebook-opt-2-7b-chunk-256-sm-8,success,,,/mnt/data/dheeraj/dicertation/inference-profile/runs/revised-rerun-20260415-145452-g4-opt27b-c64-256/raw/points/prefill/prefill-facebook-opt-2-7b-chunk-256-sm-8.csv
facebook/opt-2.7b,256,attention,attention,8,3,57.24800005555153,179352576,180697088,1344512,1310720,1024,2026-04-15T13:56:09Z,baseline_nvml_pt,nvidia-smi,ok,7.0,39.0,1695.0,8001.0,60.08,0.22118400037288666,176.0439453125,176.0439453125,5.0,True,,79.0,62.5,67.5,estimated,,prefill-facebook-opt-2-7b-chunk-256-sm-8,success,,,/mnt/data/dheeraj/dicertation/inference-profile/runs/revised-rerun-20260415-145452-g4-opt27b-c64-256/raw/points/prefill/prefill-facebook-opt-2-7b-chunk-256-sm-8.csv
facebook/opt-2.7b,256,gemm,q_proj,8,4,96.38399630784988,179352576,180663296,1310720,1310720,1024,2026-04-15T13:56:09Z,baseline_nvml_pt,nvidia-smi,ok,7.0,39.0,1695.0,8001.0,60.08,0.22118400037288666,176.0439453125,176.0439453125,5.0,True,,79.0,62.5,67.5,estimated,,prefill-facebook-opt-2-7b-chunk-256-sm-8,success,,,/mnt/data/dheeraj/dicertation/inference-profile/runs/revised-rerun-20260415-145452-g4-opt27b-c64-256/raw/points/prefill/prefill-facebook-opt-2-7b-chunk-256-sm-8.csv
facebook/opt-2.7b,256,gemm,k_proj,8,4,96.25600278377533,179352576,180663296,1310720,1310720,1024,2026-04-15T13:56:09Z,baseline_nvml_pt,nvidia-smi,ok,7.0,39.0,1695.0,8001.0,60.08,0.22118400037288666,176.0439453125,176.0439453125,5.0,True,,79.0,62.5,67.5,estimated,,prefill-facebook-opt-2-7b-chunk-256-sm-8,success,,,/mnt/data/dheeraj/dicertation/inference-profile/runs/revised-rerun-20260415-145452-g4-opt27b-c64-256/raw/points/prefill/prefill-facebook-opt-2-7b-chunk-256-sm-8.csv
facebook/opt-2.7b,256,gemm,v_proj,8,4,93.1520015001297,179352576,180663296,1310720,1310720,1024,2026-04-15T13:56:09Z,baseline_nvml_pt,nvidia-smi,ok,7.0,39.0,1695.0,8001.0,60.08,0.22118400037288666,176.0439453125,176.0439453125,5.0,True,,79.0,62.5,67.5,estimated,,prefill-facebook-opt-2-7b-chunk-256-sm-8,success,,,/mnt/data/dheeraj/dicertation/inference-profile/runs/revised-rerun-20260415-145452-g4-opt27b-c64-256/raw/points/prefill/prefill-facebook-opt-2-7b-chunk-256-sm-8.csv
facebook/opt-2.7b,256,gemm,out_proj,8,4,91.13600105047226,179352576,180663296,1310720,1310720,1024,2026-04-15T13:56:09Z,baseline_nvml_pt,nvidia-smi,ok,7.0,39.0,1695.0,8001.0,60.08,0.22118400037288666,176.0439453125,176.0439453125,5.0,True,,79.0,62.5,67.5,estimated,,prefill-facebook-opt-2-7b-chunk-256-sm-8,success,,,/mnt/data/dheeraj/dicertation/inference-profile/runs/revised-rerun-20260415-145452-g4-opt27b-c64-256/raw/points/prefill/prefill-facebook-opt-2-7b-chunk-256-sm-8.csv
facebook/opt-2.7b,256,gemm,fc1,8,4,208.8959962129593,179352576,184595456,5242880,5242880,1024,2026-04-15T13:56:09Z,baseline_nvml_pt,nvidia-smi,ok,7.0,39.0,1695.0,8001.0,60.08,0.22118400037288666,176.0439453125,176.0439453125,5.0,True,,79.0,62.5,67.5,estimated,,prefill-facebook-opt-2-7b-chunk-256-sm-8,success,,,/mnt/data/dheeraj/dicertation/inference-profile/runs/revised-rerun-20260415-145452-g4-opt27b-c64-256/raw/points/prefill/prefill-facebook-opt-2-7b-chunk-256-sm-8.csv
facebook/opt-2.7b,256,gemm,fc2,8,4,211.96800470352173,179352576,180663296,1310720,1310720,1024,2026-04-15T13:56:09Z,baseline_nvml_pt,nvidia-smi,ok,7.0,39.0,1695.0,8001.0,60.08,0.22118400037288666,176.0439453125,176.0439453125,5.0,True,,79.0,62.5,67.5,estimated,,prefill-facebook-opt-2-7b-chunk-256-sm-8,success,,,/mnt/data/dheeraj/dicertation/inference-profile/runs/revised-rerun-20260415-145452-g4-opt27b-c64-256/raw/points/prefill/prefill-facebook-opt-2-7b-chunk-256-sm-8.csv
facebook/opt-2.7b,256,attention,attention,8,4,55.296000093221664,179352576,180697088,1344512,1310720,1024,2026-04-15T13:56:09Z,baseline_nvml_pt,nvidia-smi,ok,7.0,39.0,1695.0,8001.0,60.08,0.22118400037288666,176.0439453125,176.0439453125,5.0,True,,79.0,62.5,67.5,estimated,,prefill-facebook-opt-2-7b-chunk-256-sm-8,success,,,/mnt/data/dheeraj/dicertation/inference-profile/runs/revised-rerun-20260415-145452-g4-opt27b-c64-256/raw/points/prefill/prefill-facebook-opt-2-7b-chunk-256-sm-8.csv
facebook/opt-2.7b,256,gemm,q_proj,16,0,3472.383975982666,179352576,180663296,1310720,1310720,1024,2026-04-15T13:56:16Z,baseline_nvml_pt,nvidia-smi,ok,0.0,39.0,1695.0,7601.0,60.09,3.472383975982666,176.0439453125,176.0439453125,5.0,True,,86.0,57.00000000000001,75.0,estimated,,prefill-facebook-opt-2-7b-chunk-256-sm-16,success,,,/mnt/data/dheeraj/dicertation/inference-profile/runs/revised-rerun-20260415-145452-g4-opt27b-c64-256/raw/points/prefill/prefill-facebook-opt-2-7b-chunk-256-sm-16.csv
facebook/opt-2.7b,256,gemm,k_proj,16,0,199.68000054359436,179352576,180663296,1310720,1310720,1024,2026-04-15T13:56:16Z,baseline_nvml_pt,nvidia-smi,ok,0.0,39.0,1695.0,7601.0,60.09,3.472383975982666,176.0439453125,176.0439453125,5.0,True,,86.0,57.00000000000001,75.0,estimated,,prefill-facebook-opt-2-7b-chunk-256-sm-16,success,,,/mnt/data/dheeraj/dicertation/inference-profile/runs/revised-rerun-20260415-145452-g4-opt27b-c64-256/raw/points/prefill/prefill-facebook-opt-2-7b-chunk-256-sm-16.csv
facebook/opt-2.7b,256,gemm,v_proj,16,0,159.743994474411,179352576,180663296,1310720,1310720,1024,2026-04-15T13:56:16Z,baseline_nvml_pt,nvidia-smi,ok,0.0,39.0,1695.0,7601.0,60.09,3.472383975982666,176.0439453125,176.0439453125,5.0,True,,86.0,57.00000000000001,75.0,estimated,,prefill-facebook-opt-2-7b-chunk-256-sm-16,success,,,/mnt/data/dheeraj/dicertation/inference-profile/runs/revised-rerun-20260415-145452-g4-opt27b-c64-256/raw/points/prefill/prefill-facebook-opt-2-7b-chunk-256-sm-16.csv
facebook/opt-2.7b,256,gemm,out_proj,16,0,137.2160017490387,179352576,180663296,1310720,1310720,1024,2026-04-15T13:56:16Z,baseline_nvml_pt,nvidia-smi,ok,0.0,39.0,1695.0,7601.0,60.09,3.472383975982666,176.0439453125,176.0439453125,5.0,True,,86.0,57.00000000000001,75.0,estimated,,prefill-facebook-opt-2-7b-chunk-256-sm-16,success,,,/mnt/data/dheeraj/dicertation/inference-profile/runs/revised-rerun-20260415-145452-g4-opt27b-c64-256/raw/points/prefill/prefill-facebook-opt-2-7b-chunk-256-sm-16.csv
facebook/opt-2.7b,256,gemm,fc1,16,0,254.97600436210632,179352576,184595456,5242880,5242880,1024,2026-04-15T13:56:16Z,baseline_nvml_pt,nvidia-smi,ok,0.0,39.0,1695.0,7601.0,60.09,3.472383975982666,176.0439453125,176.0439453125,5.0,True,,86.0,57.00000000000001,75.0,estimated,,prefill-facebook-opt-2-7b-chunk-256-sm-16,success,,,/mnt/data/dheeraj/dicertation/inference-profile/runs/revised-rerun-20260415-145452-g4-opt27b-c64-256/raw/points/prefill/prefill-facebook-opt-2-7b-chunk-256-sm-16.csv
facebook/opt-2.7b,256,gemm,fc2,16,0,258.04799795150757,179352576,180663296,1310720,1310720,1024,2026-04-15T13:56:16Z,baseline_nvml_pt,nvidia-smi,ok,0.0,39.0,1695.0,7601.0,60.09,3.472383975982666,176.0439453125,176.0439453125,5.0,True,,86.0,57.00000000000001,75.0,estimated,,prefill-facebook-opt-2-7b-chunk-256-sm-16,success,,,/mnt/data/dheeraj/dicertation/inference-profile/runs/revised-rerun-20260415-145452-g4-opt27b-c64-256/raw/points/prefill/prefill-facebook-opt-2-7b-chunk-256-sm-16.csv
facebook/opt-2.7b,256,attention,attention,16,0,136.19199395179749,179352576,180697088,1344512,1310720,1024,2026-04-15T13:56:16Z,baseline_nvml_pt,nvidia-smi,ok,0.0,39.0,1695.0,7601.0,60.09,3.472383975982666,176.0439453125,176.0439453125,5.0,True,,86.0,57.00000000000001,75.0,estimated,,prefill-facebook-opt-2-7b-chunk-256-sm-16,success,,,/mnt/data/dheeraj/dicertation/inference-profile/runs/revised-rerun-20260415-145452-g4-opt27b-c64-256/raw/points/prefill/prefill-facebook-opt-2-7b-chunk-256-sm-16.csv
facebook/opt-2.7b,256,gemm,q_proj,16,1,142.33599603176117,179352576,180663296,1310720,1310720,1024,2026-04-15T13:56:16Z,baseline_nvml_pt,nvidia-smi,ok,0.0,39.0,1695.0,7601.0,60.09,3.472383975982666,176.0439453125,176.0439453125,5.0,True,,86.0,57.00000000000001,75.0,estimated,,prefill-facebook-opt-2-7b-chunk-256-sm-16,success,,,/mnt/data/dheeraj/dicertation/inference-profile/runs/revised-rerun-20260415-145452-g4-opt27b-c64-256/raw/points/prefill/prefill-facebook-opt-2-7b-chunk-256-sm-16.csv
facebook/opt-2.7b,256,gemm,k_proj,16,1,123.90399724245071,179352576,180663296,1310720,1310720,1024,2026-04-15T13:56:16Z,baseline_nvml_pt,nvidia-smi,ok,0.0,39.0,1695.0,7601.0,60.09,3.472383975982666,176.0439453125,176.0439453125,5.0,True,,86.0,57.00000000000001,75.0,estimated,,prefill-facebook-opt-2-7b-chunk-256-sm-16,success,,,/mnt/data/dheeraj/dicertation/inference-profile/runs/revised-rerun-20260415-145452-g4-opt27b-c64-256/raw/points/prefill/prefill-facebook-opt-2-7b-chunk-256-sm-16.csv
facebook/opt-2.7b,256,gemm,v_proj,16,1,116.67200177907944,179352576,180663296,1310720,1310720,1024,2026-04-15T13:56:16Z,baseline_nvml_pt,nvidia-smi,ok,0.0,39.0,1695.0,7601.0,60.09,3.472383975982666,176.0439453125,176.0439453125,5.0,True,,86.0,57.00000000000001,75.0,estimated,,prefill-facebook-opt-2-7b-chunk-256-sm-16,success,,,/mnt/data/dheeraj/dicertation/inference-profile/runs/revised-rerun-20260415-145452-g4-opt27b-c64-256/raw/points/prefill/prefill-facebook-opt-2-7b-chunk-256-sm-16.csv
facebook/opt-2.7b,256,gemm,out_proj,16,1,107.51999914646149,179352576,180663296,1310720,1310720,1024,2026-04-15T13:56:16Z,baseline_nvml_pt,nvidia-smi,ok,0.0,39.0,1695.0,7601.0,60.09,3.472383975982666,176.0439453125,176.0439453125,5.0,True,,86.0,57.00000000000001,75.0,estimated,,prefill-facebook-opt-2-7b-chunk-256-sm-16,success,,,/mnt/data/dheeraj/dicertation/inference-profile/runs/revised-rerun-20260415-145452-g4-opt27b-c64-256/raw/points/prefill/prefill-facebook-opt-2-7b-chunk-256-sm-16.csv
facebook/opt-2.7b,256,gemm,fc1,16,1,233.40800404548645,179352576,184595456,5242880,5242880,1024,2026-04-15T13:56:16Z,baseline_nvml_pt,nvidia-smi,ok,0.0,39.0,1695.0,7601.0,60.09,3.472383975982666,176.0439453125,176.0439453125,5.0,True,,86.0,57.00000000000001,75.0,estimated,,prefill-facebook-opt-2-7b-chunk-256-sm-16,success,,,/mnt/data/dheeraj/dicertation/inference-profile/runs/revised-rerun-20260415-145452-g4-opt27b-c64-256/raw/points/prefill/prefill-facebook-opt-2-7b-chunk-256-sm-16.csv
facebook/opt-2.7b,256,gemm,fc2,16,1,259.99999046325684,179352576,180663296,1310720,1310720,1024,2026-04-15T13:56:16Z,baseline_nvml_pt,nvidia-smi,ok,0.0,39.0,1695.0,7601.0,60.09,3.472383975982666,176.0439453125,176.0439453125,5.0,True,,86.0,57.00000000000001,75.0,estimated,,prefill-facebook-opt-2-7b-chunk-256-sm-16,success,,,/mnt/data/dheeraj/dicertation/inference-profile/runs/revised-rerun-20260415-145452-g4-opt27b-c64-256/raw/points/prefill/prefill-facebook-opt-2-7b-chunk-256-sm-16.csv
facebook/opt-2.7b,256,attention,attention,16,1,111.61600053310394,179352576,180697088,1344512,1310720,1024,2026-04-15T13:56:16Z,baseline_nvml_pt,nvidia-smi,ok,0.0,39.0,1695.0,7601.0,60.09,3.472383975982666,176.0439453125,176.0439453125,5.0,True,,86.0,57.00000000000001,75.0,estimated,,prefill-facebook-opt-2-7b-chunk-256-sm-16,success,,,/mnt/data/dheeraj/dicertation/inference-profile/runs/revised-rerun-20260415-145452-g4-opt27b-c64-256/raw/points/prefill/prefill-facebook-opt-2-7b-chunk-256-sm-16.csv
facebook/opt-2.7b,256,gemm,q_proj,16,2,131.071999669075,179352576,180663296,1310720,1310720,1024,2026-04-15T13:56:16Z,baseline_nvml_pt,nvidia-smi,ok,0.0,39.0,1695.0,7601.0,60.09,3.472383975982666,176.0439453125,176.0439453125,5.0,True,,86.0,57.00000000000001,75.0,estimated,,prefill-facebook-opt-2-7b-chunk-256-sm-16,success,,,/mnt/data/dheeraj/dicertation/inference-profile/runs/revised-rerun-20260415-145452-g4-opt27b-c64-256/raw/points/prefill/prefill-facebook-opt-2-7b-chunk-256-sm-16.csv
facebook/opt-2.7b,256,gemm,k_proj,16,2,3413.055896759033,179352576,180663296,1310720,1310720,1024,2026-04-15T13:56:16Z,baseline_nvml_pt,nvidia-smi,ok,0.0,39.0,1695.0,7601.0,60.09,3.472383975982666,176.0439453125,176.0439453125,5.0,True,,86.0,57.00000000000001,75.0,estimated,,prefill-facebook-opt-2-7b-chunk-256-sm-16,success,,,/mnt/data/dheeraj/dicertation/inference-profile/runs/revised-rerun-20260415-145452-g4-opt27b-c64-256/raw/points/prefill/prefill-facebook-opt-2-7b-chunk-256-sm-16.csv
facebook/opt-2.7b,256,gemm,v_proj,16,2,195.5839991569519,179352576,180663296,1310720,1310720,1024,2026-04-15T13:56:16Z,baseline_nvml_pt,nvidia-smi,ok,0.0,39.0,1695.0,7601.0,60.09,3.472383975982666,176.0439453125,176.0439453125,5.0,True,,86.0,57.00000000000001,75.0,estimated,,prefill-facebook-opt-2-7b-chunk-256-sm-16,success,,,/mnt/data/dheeraj/dicertation/inference-profile/runs/revised-rerun-20260415-145452-g4-opt27b-c64-256/raw/points/prefill/prefill-facebook-opt-2-7b-chunk-256-sm-16.csv
facebook/opt-2.7b,256,gemm,out_proj,16,2,148.47999811172485,179352576,180663296,1310720,1310720,1024,2026-04-15T13:56:16Z,baseline_nvml_pt,nvidia-smi,ok,0.0,39.0,1695.0,7601.0,60.09,3.472383975982666,176.0439453125,176.0439453125,5.0,True,,86.0,57.00000000000001,75.0,estimated,,prefill-facebook-opt-2-7b-chunk-256-sm-16,success,,,/mnt/data/dheeraj/dicertation/inference-profile/runs/revised-rerun-20260415-145452-g4-opt27b-c64-256/raw/points/prefill/prefill-facebook-opt-2-7b-chunk-256-sm-16.csv
facebook/opt-2.7b,256,gemm,fc1,16,2,272.38398790359497,179352576,184595456,5242880,5242880,1024,2026-04-15T13:56:16Z,baseline_nvml_pt,nvidia-smi,ok,0.0,39.0,1695.0,7601.0,60.09,3.472383975982666,176.0439453125,176.0439453125,5.0,True,,86.0,57.00000000000001,75.0,estimated,,prefill-facebook-opt-2-7b-chunk-256-sm-16,success,,,/mnt/data/dheeraj/dicertation/inference-profile/runs/revised-rerun-20260415-145452-g4-opt27b-c64-256/raw/points/prefill/prefill-facebook-opt-2-7b-chunk-256-sm-16.csv
facebook/opt-2.7b,256,gemm,fc2,16,2,258.04799795150757,179352576,180663296,1310720,1310720,1024,2026-04-15T13:56:16Z,baseline_nvml_pt,nvidia-smi,ok,0.0,39.0,1695.0,7601.0,60.09,3.472383975982666,176.0439453125,176.0439453125,5.0,True,,86.0,57.00000000000001,75.0,estimated,,prefill-facebook-opt-2-7b-chunk-256-sm-16,success,,,/mnt/data/dheeraj/dicertation/inference-profile/runs/revised-rerun-20260415-145452-g4-opt27b-c64-256/raw/points/prefill/prefill-facebook-opt-2-7b-chunk-256-sm-16.csv
facebook/opt-2.7b,256,attention,attention,16,2,135.1040005683899,179352576,180697088,1344512,1310720,1024,2026-04-15T13:56:16Z,baseline_nvml_pt,nvidia-smi,ok,0.0,39.0,1695.0,7601.0,60.09,3.472383975982666,176.0439453125,176.0439453125,5.0,True,,86.0,57.00000000000001,75.0,estimated,,prefill-facebook-opt-2-7b-chunk-256-sm-16,success,,,/mnt/data/dheeraj/dicertation/inference-profile/runs/revised-rerun-20260415-145452-g4-opt27b-c64-256/raw/points/prefill/prefill-facebook-opt-2-7b-chunk-256-sm-16.csv
facebook/opt-2.7b,256,gemm,q_proj,16,3,137.1839940547943,179352576,180663296,1310720,1310720,1024,2026-04-15T13:56:16Z,baseline_nvml_pt,nvidia-smi,ok,0.0,39.0,1695.0,7601.0,60.09,3.472383975982666,176.0439453125,176.0439453125,5.0,True,,86.0,57.00000000000001,75.0,estimated,,prefill-facebook-opt-2-7b-chunk-256-sm-16,success,,,/mnt/data/dheeraj/dicertation/inference-profile/runs/revised-rerun-20260415-145452-g4-opt27b-c64-256/raw/points/prefill/prefill-facebook-opt-2-7b-chunk-256-sm-16.csv
facebook/opt-2.7b,256,gemm,k_proj,16,3,118.68800222873688,179352576,180663296,1310720,1310720,1024,2026-04-15T13:56:16Z,baseline_nvml_pt,nvidia-smi,ok,0.0,39.0,1695.0,7601.0,60.09,3.472383975982666,176.0439453125,176.0439453125,5.0,True,,86.0,57.00000000000001,75.0,estimated,,prefill-facebook-opt-2-7b-chunk-256-sm-16,success,,,/mnt/data/dheeraj/dicertation/inference-profile/runs/revised-rerun-20260415-145452-g4-opt27b-c64-256/raw/points/prefill/prefill-facebook-opt-2-7b-chunk-256-sm-16.csv
facebook/opt-2.7b,256,gemm,v_proj,16,3,111.61600053310394,179352576,180663296,1310720,1310720,1024,2026-04-15T13:56:16Z,baseline_nvml_pt,nvidia-smi,ok,0.0,39.0,1695.0,7601.0,60.09,3.472383975982666,176.0439453125,176.0439453125,5.0,True,,86.0,57.00000000000001,75.0,estimated,,prefill-facebook-opt-2-7b-chunk-256-sm-16,success,,,/mnt/data/dheeraj/dicertation/inference-profile/runs/revised-rerun-20260415-145452-g4-opt27b-c64-256/raw/points/prefill/prefill-facebook-opt-2-7b-chunk-256-sm-16.csv
facebook/opt-2.7b,256,gemm,out_proj,16,3,109.56799983978271,179352576,180663296,1310720,1310720,1024,2026-04-15T13:56:16Z,baseline_nvml_pt,nvidia-smi,ok,0.0,39.0,1695.0,7601.0,60.09,3.472383975982666,176.0439453125,176.0439453125,5.0,True,,86.0,57.00000000000001,75.0,estimated,,prefill-facebook-opt-2-7b-chunk-256-sm-16,success,,,/mnt/data/dheeraj/dicertation/inference-profile/runs/revised-rerun-20260415-145452-g4-opt27b-c64-256/raw/points/prefill/prefill-facebook-opt-2-7b-chunk-256-sm-16.csv
facebook/opt-2.7b,256,gemm,fc1,16,3,230.3999960422516,179352576,184595456,5242880,5242880,1024,2026-04-15T13:56:16Z,baseline_nvml_pt,nvidia-smi,ok,0.0,39.0,1695.0,7601.0,60.09,3.472383975982666,176.0439453125,176.0439453125,5.0,True,,86.0,57.00000000000001,75.0,estimated,,prefill-facebook-opt-2-7b-chunk-256-sm-16,success,,,/mnt/data/dheeraj/dicertation/inference-profile/runs/revised-rerun-20260415-145452-g4-opt27b-c64-256/raw/points/prefill/prefill-facebook-opt-2-7b-chunk-256-sm-16.csv
facebook/opt-2.7b,256,gemm,fc2,16,3,231.4240038394928,179352576,180663296,1310720,1310720,1024,2026-04-15T13:56:16Z,baseline_nvml_pt,nvidia-smi,ok,0.0,39.0,1695.0,7601.0,60.09,3.472383975982666,176.0439453125,176.0439453125,5.0,True,,86.0,57.00000000000001,75.0,estimated,,prefill-facebook-opt-2-7b-chunk-256-sm-16,success,,,/mnt/data/dheeraj/dicertation/inference-profile/runs/revised-rerun-20260415-145452-g4-opt27b-c64-256/raw/points/prefill/prefill-facebook-opt-2-7b-chunk-256-sm-16.csv
facebook/opt-2.7b,256,attention,attention,16,3,93.1520015001297,179352576,180697088,1344512,1310720,1024,2026-04-15T13:56:16Z,baseline_nvml_pt,nvidia-smi,ok,0.0,39.0,1695.0,7601.0,60.09,3.472383975982666,176.0439453125,176.0439453125,5.0,True,,86.0,57.00000000000001,75.0,estimated,,prefill-facebook-opt-2-7b-chunk-256-sm-16,success,,,/mnt/data/dheeraj/dicertation/inference-profile/runs/revised-rerun-20260415-145452-g4-opt27b-c64-256/raw/points/prefill/prefill-facebook-opt-2-7b-chunk-256-sm-16.csv
facebook/opt-2.7b,256,gemm,q_proj,16,4,129.02399897575378,179352576,180663296,1310720,1310720,1024,2026-04-15T13:56:16Z,baseline_nvml_pt,nvidia-smi,ok,0.0,39.0,1695.0,7601.0,60.09,3.472383975982666,176.0439453125,176.0439453125,5.0,True,,86.0,57.00000000000001,75.0,estimated,,prefill-facebook-opt-2-7b-chunk-256-sm-16,success,,,/mnt/data/dheeraj/dicertation/inference-profile/runs/revised-rerun-20260415-145452-g4-opt27b-c64-256/raw/points/prefill/prefill-facebook-opt-2-7b-chunk-256-sm-16.csv
facebook/opt-2.7b,256,gemm,k_proj,16,4,105.47199845314026,179352576,180663296,1310720,1310720,1024,2026-04-15T13:56:16Z,baseline_nvml_pt,nvidia-smi,ok,0.0,39.0,1695.0,7601.0,60.09,3.472383975982666,176.0439453125,176.0439453125,5.0,True,,86.0,57.00000000000001,75.0,estimated,,prefill-facebook-opt-2-7b-chunk-256-sm-16,success,,,/mnt/data/dheeraj/dicertation/inference-profile/runs/revised-rerun-20260415-145452-g4-opt27b-c64-256/raw/points/prefill/prefill-facebook-opt-2-7b-chunk-256-sm-16.csv
facebook/opt-2.7b,256,gemm,v_proj,16,4,105.47199845314026,179352576,180663296,1310720,1310720,1024,2026-04-15T13:56:16Z,baseline_nvml_pt,nvidia-smi,ok,0.0,39.0,1695.0,7601.0,60.09,3.472383975982666,176.0439453125,176.0439453125,5.0,True,,86.0,57.00000000000001,75.0,estimated,,prefill-facebook-opt-2-7b-chunk-256-sm-16,success,,,/mnt/data/dheeraj/dicertation/inference-profile/runs/revised-rerun-20260415-145452-g4-opt27b-c64-256/raw/points/prefill/prefill-facebook-opt-2-7b-chunk-256-sm-16.csv
facebook/opt-2.7b,256,gemm,out_proj,16,4,100.35199671983719,179352576,180663296,1310720,1310720,1024,2026-04-15T13:56:16Z,baseline_nvml_pt,nvidia-smi,ok,0.0,39.0,1695.0,7601.0,60.09,3.472383975982666,176.0439453125,176.0439453125,5.0,True,,86.0,57.00000000000001,75.0,estimated,,prefill-facebook-opt-2-7b-chunk-256-sm-16,success,,,/mnt/data/dheeraj/dicertation/inference-profile/runs/revised-rerun-20260415-145452-g4-opt27b-c64-256/raw/points/prefill/prefill-facebook-opt-2-7b-chunk-256-sm-16.csv
facebook/opt-2.7b,256,gemm,fc1,16,4,225.2800017595291,179352576,184595456,5242880,5242880,1024,2026-04-15T13:56:16Z,baseline_nvml_pt,nvidia-smi,ok,0.0,39.0,1695.0,7601.0,60.09,3.472383975982666,176.0439453125,176.0439453125,5.0,True,,86.0,57.00000000000001,75.0,estimated,,prefill-facebook-opt-2-7b-chunk-256-sm-16,success,,,/mnt/data/dheeraj/dicertation/inference-profile/runs/revised-rerun-20260415-145452-g4-opt27b-c64-256/raw/points/prefill/prefill-facebook-opt-2-7b-chunk-256-sm-16.csv
facebook/opt-2.7b,256,gemm,fc2,16,4,226.30399465560913,179352576,180663296,1310720,1310720,1024,2026-04-15T13:56:16Z,baseline_nvml_pt,nvidia-smi,ok,0.0,39.0,1695.0,7601.0,60.09,3.472383975982666,176.0439453125,176.0439453125,5.0,True,,86.0,57.00000000000001,75.0,estimated,,prefill-facebook-opt-2-7b-chunk-256-sm-16,success,,,/mnt/data/dheeraj/dicertation/inference-profile/runs/revised-rerun-20260415-145452-g4-opt27b-c64-256/raw/points/prefill/prefill-facebook-opt-2-7b-chunk-256-sm-16.csv
facebook/opt-2.7b,256,attention,attention,16,4,96.19200229644775,179352576,180697088,1344512,1310720,1024,2026-04-15T13:56:16Z,baseline_nvml_pt,nvidia-smi,ok,0.0,39.0,1695.0,7601.0,60.09,3.472383975982666,176.0439453125,176.0439453125,5.0,True,,86.0,57.00000000000001,75.0,estimated,,prefill-facebook-opt-2-7b-chunk-256-sm-16,success,,,/mnt/data/dheeraj/dicertation/inference-profile/runs/revised-rerun-20260415-145452-g4-opt27b-c64-256/raw/points/prefill/prefill-facebook-opt-2-7b-chunk-256-sm-16.csv
facebook/opt-2.7b,256,gemm,q_proj,24,0,117.60000139474869,179352576,180663296,1310720,1310720,1024,2026-04-15T13:56:25Z,baseline_nvml_pt,nvidia-smi,ok,0.0,39.0,1695.0,8001.0,60.65,0.22118400037288666,176.0439453125,176.0439453125,5.0,True,,93.0,51.5,82.5,estimated,,prefill-facebook-opt-2-7b-chunk-256-sm-24,success,,,/mnt/data/dheeraj/dicertation/inference-profile/runs/revised-rerun-20260415-145452-g4-opt27b-c64-256/raw/points/prefill/prefill-facebook-opt-2-7b-chunk-256-sm-24.csv
facebook/opt-2.7b,256,gemm,k_proj,24,0,105.3759977221489,179352576,180663296,1310720,1310720,1024,2026-04-15T13:56:25Z,baseline_nvml_pt,nvidia-smi,ok,0.0,39.0,1695.0,8001.0,60.65,0.22118400037288666,176.0439453125,176.0439453125,5.0,True,,93.0,51.5,82.5,estimated,,prefill-facebook-opt-2-7b-chunk-256-sm-24,success,,,/mnt/data/dheeraj/dicertation/inference-profile/runs/revised-rerun-20260415-145452-g4-opt27b-c64-256/raw/points/prefill/prefill-facebook-opt-2-7b-chunk-256-sm-24.csv
facebook/opt-2.7b,256,gemm,v_proj,24,0,97.28000313043594,179352576,180663296,1310720,1310720,1024,2026-04-15T13:56:25Z,baseline_nvml_pt,nvidia-smi,ok,0.0,39.0,1695.0,8001.0,60.65,0.22118400037288666,176.0439453125,176.0439453125,5.0,True,,93.0,51.5,82.5,estimated,,prefill-facebook-opt-2-7b-chunk-256-sm-24,success,,,/mnt/data/dheeraj/dicertation/inference-profile/runs/revised-rerun-20260415-145452-g4-opt27b-c64-256/raw/points/prefill/prefill-facebook-opt-2-7b-chunk-256-sm-24.csv
facebook/opt-2.7b,256,gemm,out_proj,24,0,96.12800180912018,179352576,180663296,1310720,1310720,1024,2026-04-15T13:56:25Z,baseline_nvml_pt,nvidia-smi,ok,0.0,39.0,1695.0,8001.0,60.65,0.22118400037288666,176.0439453125,176.0439453125,5.0,True,,93.0,51.5,82.5,estimated,,prefill-facebook-opt-2-7b-chunk-256-sm-24,success,,,/mnt/data/dheeraj/dicertation/inference-profile/runs/revised-rerun-20260415-145452-g4-opt27b-c64-256/raw/points/prefill/prefill-facebook-opt-2-7b-chunk-256-sm-24.csv
facebook/opt-2.7b,256,gemm,fc1,24,0,219.07199919223785,179352576,184595456,5242880,5242880,1024,2026-04-15T13:56:25Z,baseline_nvml_pt,nvidia-smi,ok,0.0,39.0,1695.0,8001.0,60.65,0.22118400037288666,176.0439453125,176.0439453125,5.0,True,,93.0,51.5,82.5,estimated,,prefill-facebook-opt-2-7b-chunk-256-sm-24,success,,,/mnt/data/dheeraj/dicertation/inference-profile/runs/revised-rerun-20260415-145452-g4-opt27b-c64-256/raw/points/prefill/prefill-facebook-opt-2-7b-chunk-256-sm-24.csv
facebook/opt-2.7b,256,gemm,fc2,24,0,217.0879989862442,179352576,180663296,1310720,1310720,1024,2026-04-15T13:56:25Z,baseline_nvml_pt,nvidia-smi,ok,0.0,39.0,1695.0,8001.0,60.65,0.22118400037288666,176.0439453125,176.0439453125,5.0,True,,93.0,51.5,82.5,estimated,,prefill-facebook-opt-2-7b-chunk-256-sm-24,success,,,/mnt/data/dheeraj/dicertation/inference-profile/runs/revised-rerun-20260415-145452-g4-opt27b-c64-256/raw/points/prefill/prefill-facebook-opt-2-7b-chunk-256-sm-24.csv
facebook/opt-2.7b,256,attention,attention,24,0,60.416001826524734,179352576,180697088,1344512,1310720,1024,2026-04-15T13:56:25Z,baseline_nvml_pt,nvidia-smi,ok,0.0,39.0,1695.0,8001.0,60.65,0.22118400037288666,176.0439453125,176.0439453125,5.0,True,,93.0,51.5,82.5,estimated,,prefill-facebook-opt-2-7b-chunk-256-sm-24,success,,,/mnt/data/dheeraj/dicertation/inference-profile/runs/revised-rerun-20260415-145452-g4-opt27b-c64-256/raw/points/prefill/prefill-facebook-opt-2-7b-chunk-256-sm-24.csv
facebook/opt-2.7b,256,gemm,q_proj,24,1,101.3759970664978,179352576,180663296,1310720,1310720,1024,2026-04-15T13:56:25Z,baseline_nvml_pt,nvidia-smi,ok,0.0,39.0,1695.0,8001.0,60.65,0.22118400037288666,176.0439453125,176.0439453125,5.0,True,,93.0,51.5,82.5,estimated,,prefill-facebook-opt-2-7b-chunk-256-sm-24,success,,,/mnt/data/dheeraj/dicertation/inference-profile/runs/revised-rerun-20260415-145452-g4-opt27b-c64-256/raw/points/prefill/prefill-facebook-opt-2-7b-chunk-256-sm-24.csv
facebook/opt-2.7b,256,gemm,k_proj,24,1,96.25600278377533,179352576,180663296,1310720,1310720,1024,2026-04-15T13:56:25Z,baseline_nvml_pt,nvidia-smi,ok,0.0,39.0,1695.0,8001.0,60.65,0.22118400037288666,176.0439453125,176.0439453125,5.0,True,,93.0,51.5,82.5,estimated,,prefill-facebook-opt-2-7b-chunk-256-sm-24,success,,,/mnt/data/dheeraj/dicertation/inference-profile/runs/revised-rerun-20260415-145452-g4-opt27b-c64-256/raw/points/prefill/prefill-facebook-opt-2-7b-chunk-256-sm-24.csv
facebook/opt-2.7b,256,gemm,v_proj,24,1,94.2080020904541,179352576,180663296,1310720,1310720,1024,2026-04-15T13:56:25Z,baseline_nvml_pt,nvidia-smi,ok,0.0,39.0,1695.0,8001.0,60.65,0.22118400037288666,176.0439453125,176.0439453125,5.0,True,,93.0,51.5,82.5,estimated,,prefill-facebook-opt-2-7b-chunk-256-sm-24,success,,,/mnt/data/dheeraj/dicertation/inference-profile/runs/revised-rerun-20260415-145452-g4-opt27b-c64-256/raw/points/prefill/prefill-facebook-opt-2-7b-chunk-256-sm-24.csv
facebook/opt-2.7b,256,gemm,out_proj,24,1,95.23200243711472,179352576,180663296,1310720,1310720,1024,2026-04-15T13:56:25Z,baseline_nvml_pt,nvidia-smi,ok,0.0,39.0,1695.0,8001.0,60.65,0.22118400037288666,176.0439453125,176.0439453125,5.0,True,,93.0,51.5,82.5,estimated,,prefill-facebook-opt-2-7b-chunk-256-sm-24,success,,,/mnt/data/dheeraj/dicertation/inference-profile/runs/revised-rerun-20260415-145452-g4-opt27b-c64-256/raw/points/prefill/prefill-facebook-opt-2-7b-chunk-256-sm-24.csv
facebook/opt-2.7b,256,gemm,fc1,24,1,212.99199759960175,179352576,184595456,5242880,5242880,1024,2026-04-15T13:56:25Z,baseline_nvml_pt,nvidia-smi,ok,0.0,39.0,1695.0,8001.0,60.65,0.22118400037288666,176.0439453125,176.0439453125,5.0,True,,93.0,51.5,82.5,estimated,,prefill-facebook-opt-2-7b-chunk-256-sm-24,success,,,/mnt/data/dheeraj/dicertation/inference-profile/runs/revised-rerun-20260415-145452-g4-opt27b-c64-256/raw/points/prefill/prefill-facebook-opt-2-7b-chunk-256-sm-24.csv
facebook/opt-2.7b,256,gemm,fc2,24,1,216.92800521850586,179352576,180663296,1310720,1310720,1024,2026-04-15T13:56:25Z,baseline_nvml_pt,nvidia-smi,ok,0.0,39.0,1695.0,8001.0,60.65,0.22118400037288666,176.0439453125,176.0439453125,5.0,True,,93.0,51.5,82.5,estimated,,prefill-facebook-opt-2-7b-chunk-256-sm-24,success,,,/mnt/data/dheeraj/dicertation/inference-profile/runs/revised-rerun-20260415-145452-g4-opt27b-c64-256/raw/points/prefill/prefill-facebook-opt-2-7b-chunk-256-sm-24.csv
facebook/opt-2.7b,256,attention,attention,24,1,58.36800113320351,179352576,180697088,1344512,1310720,1024,2026-04-15T13:56:25Z,baseline_nvml_pt,nvidia-smi,ok,0.0,39.0,1695.0,8001.0,60.65,0.22118400037288666,176.0439453125,176.0439453125,5.0,True,,93.0,51.5,82.5,estimated,,prefill-facebook-opt-2-7b-chunk-256-sm-24,success,,,/mnt/data/dheeraj/dicertation/inference-profile/runs/revised-rerun-20260415-145452-g4-opt27b-c64-256/raw/points/prefill/prefill-facebook-opt-2-7b-chunk-256-sm-24.csv
facebook/opt-2.7b,256,gemm,q_proj,24,2,107.51999914646149,179352576,180663296,1310720,1310720,1024,2026-04-15T13:56:25Z,baseline_nvml_pt,nvidia-smi,ok,0.0,39.0,1695.0,8001.0,60.65,0.22118400037288666,176.0439453125,176.0439453125,5.0,True,,93.0,51.5,82.5,estimated,,prefill-facebook-opt-2-7b-chunk-256-sm-24,success,,,/mnt/data/dheeraj/dicertation/inference-profile/runs/revised-rerun-20260415-145452-g4-opt27b-c64-256/raw/points/prefill/prefill-facebook-opt-2-7b-chunk-256-sm-24.csv
facebook/opt-2.7b,256,gemm,k_proj,24,2,100.35199671983719,179352576,180663296,1310720,1310720,1024,2026-04-15T13:56:25Z,baseline_nvml_pt,nvidia-smi,ok,0.0,39.0,1695.0,8001.0,60.65,0.22118400037288666,176.0439453125,176.0439453125,5.0,True,,93.0,51.5,82.5,estimated,,prefill-facebook-opt-2-7b-chunk-256-sm-24,success,,,/mnt/data/dheeraj/dicertation/inference-profile/runs/revised-rerun-20260415-145452-g4-opt27b-c64-256/raw/points/prefill/prefill-facebook-opt-2-7b-chunk-256-sm-24.csv
facebook/opt-2.7b,256,gemm,v_proj,24,2,94.30400282144547,179352576,180663296,1310720,1310720,1024,2026-04-15T13:56:25Z,baseline_nvml_pt,nvidia-smi,ok,0.0,39.0,1695.0,8001.0,60.65,0.22118400037288666,176.0439453125,176.0439453125,5.0,True,,93.0,51.5,82.5,estimated,,prefill-facebook-opt-2-7b-chunk-256-sm-24,success,,,/mnt/data/dheeraj/dicertation/inference-profile/runs/revised-rerun-20260415-145452-g4-opt27b-c64-256/raw/points/prefill/prefill-facebook-opt-2-7b-chunk-256-sm-24.csv
facebook/opt-2.7b,256,gemm,out_proj,24,2,95.23200243711472,179352576,180663296,1310720,1310720,1024,2026-04-15T13:56:25Z,baseline_nvml_pt,nvidia-smi,ok,0.0,39.0,1695.0,8001.0,60.65,0.22118400037288666,176.0439453125,176.0439453125,5.0,True,,93.0,51.5,82.5,estimated,,prefill-facebook-opt-2-7b-chunk-256-sm-24,success,,,/mnt/data/dheeraj/dicertation/inference-profile/runs/revised-rerun-20260415-145452-g4-opt27b-c64-256/raw/points/prefill/prefill-facebook-opt-2-7b-chunk-256-sm-24.csv
facebook/opt-2.7b,256,gemm,fc1,24,2,211.96800470352173,179352576,184595456,5242880,5242880,1024,2026-04-15T13:56:25Z,baseline_nvml_pt,nvidia-smi,ok,0.0,39.0,1695.0,8001.0,60.65,0.22118400037288666,176.0439453125,176.0439453125,5.0,True,,93.0,51.5,82.5,estimated,,prefill-facebook-opt-2-7b-chunk-256-sm-24,success,,,/mnt/data/dheeraj/dicertation/inference-profile/runs/revised-rerun-20260415-145452-g4-opt27b-c64-256/raw/points/prefill/prefill-facebook-opt-2-7b-chunk-256-sm-24.csv
facebook/opt-2.7b,256,gemm,fc2,24,2,221.18400037288666,179352576,180663296,1310720,1310720,1024,2026-04-15T13:56:25Z,baseline_nvml_pt,nvidia-smi,ok,0.0,39.0,1695.0,8001.0,60.65,0.22118400037288666,176.0439453125,176.0439453125,5.0,True,,93.0,51.5,82.5,estimated,,prefill-facebook-opt-2-7b-chunk-256-sm-24,success,,,/mnt/data/dheeraj/dicertation/inference-profile/runs/revised-rerun-20260415-145452-g4-opt27b-c64-256/raw/points/prefill/prefill-facebook-opt-2-7b-chunk-256-sm-24.csv
facebook/opt-2.7b,256,attention,attention,24,2,58.400001376867294,179352576,180697088,1344512,1310720,1024,2026-04-15T13:56:25Z,baseline_nvml_pt,nvidia-smi,ok,0.0,39.0,1695.0,8001.0,60.65,0.22118400037288666,176.0439453125,176.0439453125,5.0,True,,93.0,51.5,82.5,estimated,,prefill-facebook-opt-2-7b-chunk-256-sm-24,success,,,/mnt/data/dheeraj/dicertation/inference-profile/runs/revised-rerun-20260415-145452-g4-opt27b-c64-256/raw/points/prefill/prefill-facebook-opt-2-7b-chunk-256-sm-24.csv
facebook/opt-2.7b,256,gemm,q_proj,24,3,98.30400347709656,179352576,180663296,1310720,1310720,1024,2026-04-15T13:56:25Z,baseline_nvml_pt,nvidia-smi,ok,0.0,39.0,1695.0,8001.0,60.65,0.22118400037288666,176.0439453125,176.0439453125,5.0,True,,93.0,51.5,82.5,estimated,,prefill-facebook-opt-2-7b-chunk-256-sm-24,success,,,/mnt/data/dheeraj/dicertation/inference-profile/runs/revised-rerun-20260415-145452-g4-opt27b-c64-256/raw/points/prefill/prefill-facebook-opt-2-7b-chunk-256-sm-24.csv
facebook/opt-2.7b,256,gemm,k_proj,24,3,96.25600278377533,179352576,180663296,1310720,1310720,1024,2026-04-15T13:56:25Z,baseline_nvml_pt,nvidia-smi,ok,0.0,39.0,1695.0,8001.0,60.65,0.22118400037288666,176.0439453125,176.0439453125,5.0,True,,93.0,51.5,82.5,estimated,,prefill-facebook-opt-2-7b-chunk-256-sm-24,success,,,/mnt/data/dheeraj/dicertation/inference-profile/runs/revised-rerun-20260415-145452-g4-opt27b-c64-256/raw/points/prefill/prefill-facebook-opt-2-7b-chunk-256-sm-24.csv
facebook/opt-2.7b,256,gemm,v_proj,24,3,95.23200243711472,179352576,180663296,1310720,1310720,1024,2026-04-15T13:56:25Z,baseline_nvml_pt,nvidia-smi,ok,0.0,39.0,1695.0,8001.0,60.65,0.22118400037288666,176.0439453125,176.0439453125,5.0,True,,93.0,51.5,82.5,estimated,,prefill-facebook-opt-2-7b-chunk-256-sm-24,success,,,/mnt/data/dheeraj/dicertation/inference-profile/runs/revised-rerun-20260415-145452-g4-opt27b-c64-256/raw/points/prefill/prefill-facebook-opt-2-7b-chunk-256-sm-24.csv
facebook/opt-2.7b,256,gemm,out_proj,24,3,94.2080020904541,179352576,180663296,1310720,1310720,1024,2026-04-15T13:56:25Z,baseline_nvml_pt,nvidia-smi,ok,0.0,39.0,1695.0,8001.0,60.65,0.22118400037288666,176.0439453125,176.0439453125,5.0,True,,93.0,51.5,82.5,estimated,,prefill-facebook-opt-2-7b-chunk-256-sm-24,success,,,/mnt/data/dheeraj/dicertation/inference-profile/runs/revised-rerun-20260415-145452-g4-opt27b-c64-256/raw/points/prefill/prefill-facebook-opt-2-7b-chunk-256-sm-24.csv
facebook/opt-2.7b,256,gemm,fc1,24,3,212.99199759960175,179352576,184595456,5242880,5242880,1024,2026-04-15T13:56:25Z,baseline_nvml_pt,nvidia-smi,ok,0.0,39.0,1695.0,8001.0,60.65,0.22118400037288666,176.0439453125,176.0439453125,5.0,True,,93.0,51.5,82.5,estimated,,prefill-facebook-opt-2-7b-chunk-256-sm-24,success,,,/mnt/data/dheeraj/dicertation/inference-profile/runs/revised-rerun-20260415-145452-g4-opt27b-c64-256/raw/points/prefill/prefill-facebook-opt-2-7b-chunk-256-sm-24.csv
facebook/opt-2.7b,256,gemm,fc2,24,3,212.99199759960175,179352576,180663296,1310720,1310720,1024,2026-04-15T13:56:25Z,baseline_nvml_pt,nvidia-smi,ok,0.0,39.0,1695.0,8001.0,60.65,0.22118400037288666,176.0439453125,176.0439453125,5.0,True,,93.0,51.5,82.5,estimated,,prefill-facebook-opt-2-7b-chunk-256-sm-24,success,,,/mnt/data/dheeraj/dicertation/inference-profile/runs/revised-rerun-20260415-145452-g4-opt27b-c64-256/raw/points/prefill/prefill-facebook-opt-2-7b-chunk-256-sm-24.csv
facebook/opt-2.7b,256,attention,attention,24,3,58.36800113320351,179352576,180697088,1344512,1310720,1024,2026-04-15T13:56:25Z,baseline_nvml_pt,nvidia-smi,ok,0.0,39.0,1695.0,8001.0,60.65,0.22118400037288666,176.0439453125,176.0439453125,5.0,True,,93.0,51.5,82.5,estimated,,prefill-facebook-opt-2-7b-chunk-256-sm-24,success,,,/mnt/data/dheeraj/dicertation/inference-profile/runs/revised-rerun-20260415-145452-g4-opt27b-c64-256/raw/points/prefill/prefill-facebook-opt-2-7b-chunk-256-sm-24.csv
facebook/opt-2.7b,256,gemm,q_proj,24,4,99.23200309276581,179352576,180663296,1310720,1310720,1024,2026-04-15T13:56:25Z,baseline_nvml_pt,nvidia-smi,ok,0.0,39.0,1695.0,8001.0,60.65,0.22118400037288666,176.0439453125,176.0439453125,5.0,True,,93.0,51.5,82.5,estimated,,prefill-facebook-opt-2-7b-chunk-256-sm-24,success,,,/mnt/data/dheeraj/dicertation/inference-profile/runs/revised-rerun-20260415-145452-g4-opt27b-c64-256/raw/points/prefill/prefill-facebook-opt-2-7b-chunk-256-sm-24.csv
facebook/opt-2.7b,256,gemm,k_proj,24,4,94.30400282144547,179352576,180663296,1310720,1310720,1024,2026-04-15T13:56:25Z,baseline_nvml_pt,nvidia-smi,ok,0.0,39.0,1695.0,8001.0,60.65,0.22118400037288666,176.0439453125,176.0439453125,5.0,True,,93.0,51.5,82.5,estimated,,prefill-facebook-opt-2-7b-chunk-256-sm-24,success,,,/mnt/data/dheeraj/dicertation/inference-profile/runs/revised-rerun-20260415-145452-g4-opt27b-c64-256/raw/points/prefill/prefill-facebook-opt-2-7b-chunk-256-sm-24.csv
facebook/opt-2.7b,256,gemm,v_proj,24,4,99.32799637317657,179352576,180663296,1310720,1310720,1024,2026-04-15T13:56:25Z,baseline_nvml_pt,nvidia-smi,ok,0.0,39.0,1695.0,8001.0,60.65,0.22118400037288666,176.0439453125,176.0439453125,5.0,True,,93.0,51.5,82.5,estimated,,prefill-facebook-opt-2-7b-chunk-256-sm-24,success,,,/mnt/data/dheeraj/dicertation/inference-profile/runs/revised-rerun-20260415-145452-g4-opt27b-c64-256/raw/points/prefill/prefill-facebook-opt-2-7b-chunk-256-sm-24.csv
facebook/opt-2.7b,256,gemm,out_proj,24,4,93.18400174379349,179352576,180663296,1310720,1310720,1024,2026-04-15T13:56:25Z,baseline_nvml_pt,nvidia-smi,ok,0.0,39.0,1695.0,8001.0,60.65,0.22118400037288666,176.0439453125,176.0439453125,5.0,True,,93.0,51.5,82.5,estimated,,prefill-facebook-opt-2-7b-chunk-256-sm-24,success,,,/mnt/data/dheeraj/dicertation/inference-profile/runs/revised-rerun-20260415-145452-g4-opt27b-c64-256/raw/points/prefill/prefill-facebook-opt-2-7b-chunk-256-sm-24.csv
facebook/opt-2.7b,256,gemm,fc1,24,4,210.11200547218323,179352576,184595456,5242880,5242880,1024,2026-04-15T13:56:25Z,baseline_nvml_pt,nvidia-smi,ok,0.0,39.0,1695.0,8001.0,60.65,0.22118400037288666,176.0439453125,176.0439453125,5.0,True,,93.0,51.5,82.5,estimated,,prefill-facebook-opt-2-7b-chunk-256-sm-24,success,,,/mnt/data/dheeraj/dicertation/inference-profile/runs/revised-rerun-20260415-145452-g4-opt27b-c64-256/raw/points/prefill/prefill-facebook-opt-2-7b-chunk-256-sm-24.csv
facebook/opt-2.7b,256,gemm,fc2,24,4,221.15199267864227,179352576,180663296,1310720,1310720,1024,2026-04-15T13:56:25Z,baseline_nvml_pt,nvidia-smi,ok,0.0,39.0,1695.0,8001.0,60.65,0.22118400037288666,176.0439453125,176.0439453125,5.0,True,,93.0,51.5,82.5,estimated,,prefill-facebook-opt-2-7b-chunk-256-sm-24,success,,,/mnt/data/dheeraj/dicertation/inference-profile/runs/revised-rerun-20260415-145452-g4-opt27b-c64-256/raw/points/prefill/prefill-facebook-opt-2-7b-chunk-256-sm-24.csv
facebook/opt-2.7b,256,attention,attention,24,4,58.33600088953972,179352576,180697088,1344512,1310720,1024,2026-04-15T13:56:25Z,baseline_nvml_pt,nvidia-smi,ok,0.0,39.0,1695.0,8001.0,60.65,0.22118400037288666,176.0439453125,176.0439453125,5.0,True,,93.0,51.5,82.5,estimated,,prefill-facebook-opt-2-7b-chunk-256-sm-24,success,,,/mnt/data/dheeraj/dicertation/inference-profile/runs/revised-rerun-20260415-145452-g4-opt27b-c64-256/raw/points/prefill/prefill-facebook-opt-2-7b-chunk-256-sm-24.csv
facebook/opt-2.7b,256,gemm,q_proj,32,0,109.56799983978271,179352576,180663296,1310720,1310720,1024,2026-04-15T13:56:31Z,baseline_nvml_pt,nvidia-smi,ok,0.0,39.0,1695.0,7601.0,60.99,0.25702399015426636,176.0439453125,176.0439453125,5.0,True,,100.0,46.0,89.99999999999999,estimated,,prefill-facebook-opt-2-7b-chunk-256-sm-32,success,,,/mnt/data/dheeraj/dicertation/inference-profile/runs/revised-rerun-20260415-145452-g4-opt27b-c64-256/raw/points/prefill/prefill-facebook-opt-2-7b-chunk-256-sm-32.csv
facebook/opt-2.7b,256,gemm,k_proj,32,0,108.5439994931221,179352576,180663296,1310720,1310720,1024,2026-04-15T13:56:31Z,baseline_nvml_pt,nvidia-smi,ok,0.0,39.0,1695.0,7601.0,60.99,0.25702399015426636,176.0439453125,176.0439453125,5.0,True,,100.0,46.0,89.99999999999999,estimated,,prefill-facebook-opt-2-7b-chunk-256-sm-32,success,,,/mnt/data/dheeraj/dicertation/inference-profile/runs/revised-rerun-20260415-145452-g4-opt27b-c64-256/raw/points/prefill/prefill-facebook-opt-2-7b-chunk-256-sm-32.csv
facebook/opt-2.7b,256,gemm,v_proj,32,0,98.30400347709656,179352576,180663296,1310720,1310720,1024,2026-04-15T13:56:31Z,baseline_nvml_pt,nvidia-smi,ok,0.0,39.0,1695.0,7601.0,60.99,0.25702399015426636,176.0439453125,176.0439453125,5.0,True,,100.0,46.0,89.99999999999999,estimated,,prefill-facebook-opt-2-7b-chunk-256-sm-32,success,,,/mnt/data/dheeraj/dicertation/inference-profile/runs/revised-rerun-20260415-145452-g4-opt27b-c64-256/raw/points/prefill/prefill-facebook-opt-2-7b-chunk-256-sm-32.csv
facebook/opt-2.7b,256,gemm,out_proj,32,0,95.20000219345093,179352576,180663296,1310720,1310720,1024,2026-04-15T13:56:31Z,baseline_nvml_pt,nvidia-smi,ok,0.0,39.0,1695.0,7601.0,60.99,0.25702399015426636,176.0439453125,176.0439453125,5.0,True,,100.0,46.0,89.99999999999999,estimated,,prefill-facebook-opt-2-7b-chunk-256-sm-32,success,,,/mnt/data/dheeraj/dicertation/inference-profile/runs/revised-rerun-20260415-145452-g4-opt27b-c64-256/raw/points/prefill/prefill-facebook-opt-2-7b-chunk-256-sm-32.csv
facebook/opt-2.7b,256,gemm,fc1,32,0,222.20799326896667,179352576,184595456,5242880,5242880,1024,2026-04-15T13:56:31Z,baseline_nvml_pt,nvidia-smi,ok,0.0,39.0,1695.0,7601.0,60.99,0.25702399015426636,176.0439453125,176.0439453125,5.0,True,,100.0,46.0,89.99999999999999,estimated,,prefill-facebook-opt-2-7b-chunk-256-sm-32,success,,,/mnt/data/dheeraj/dicertation/inference-profile/runs/revised-rerun-20260415-145452-g4-opt27b-c64-256/raw/points/prefill/prefill-facebook-opt-2-7b-chunk-256-sm-32.csv
facebook/opt-2.7b,256,gemm,fc2,32,0,216.06400609016418,179352576,180663296,1310720,1310720,1024,2026-04-15T13:56:31Z,baseline_nvml_pt,nvidia-smi,ok,0.0,39.0,1695.0,7601.0,60.99,0.25702399015426636,176.0439453125,176.0439453125,5.0,True,,100.0,46.0,89.99999999999999,estimated,,prefill-facebook-opt-2-7b-chunk-256-sm-32,success,,,/mnt/data/dheeraj/dicertation/inference-profile/runs/revised-rerun-20260415-145452-g4-opt27b-c64-256/raw/points/prefill/prefill-facebook-opt-2-7b-chunk-256-sm-32.csv
facebook/opt-2.7b,256,attention,attention,32,0,59.39200147986412,179352576,180697088,1344512,1310720,1024,2026-04-15T13:56:31Z,baseline_nvml_pt,nvidia-smi,ok,0.0,39.0,1695.0,7601.0,60.99,0.25702399015426636,176.0439453125,176.0439453125,5.0,True,,100.0,46.0,89.99999999999999,estimated,,prefill-facebook-opt-2-7b-chunk-256-sm-32,success,,,/mnt/data/dheeraj/dicertation/inference-profile/runs/revised-rerun-20260415-145452-g4-opt27b-c64-256/raw/points/prefill/prefill-facebook-opt-2-7b-chunk-256-sm-32.csv
facebook/opt-2.7b,256,gemm,q_proj,32,1,101.3759970664978,179352576,180663296,1310720,1310720,1024,2026-04-15T13:56:31Z,baseline_nvml_pt,nvidia-smi,ok,0.0,39.0,1695.0,7601.0,60.99,0.25702399015426636,176.0439453125,176.0439453125,5.0,True,,100.0,46.0,89.99999999999999,estimated,,prefill-facebook-opt-2-7b-chunk-256-sm-32,success,,,/mnt/data/dheeraj/dicertation/inference-profile/runs/revised-rerun-20260415-145452-g4-opt27b-c64-256/raw/points/prefill/prefill-facebook-opt-2-7b-chunk-256-sm-32.csv
facebook/opt-2.7b,256,gemm,k_proj,32,1,96.25600278377533,179352576,180663296,1310720,1310720,1024,2026-04-15T13:56:31Z,baseline_nvml_pt,nvidia-smi,ok,0.0,39.0,1695.0,7601.0,60.99,0.25702399015426636,176.0439453125,176.0439453125,5.0,True,,100.0,46.0,89.99999999999999,estimated,,prefill-facebook-opt-2-7b-chunk-256-sm-32,success,,,/mnt/data/dheeraj/dicertation/inference-profile/runs/revised-rerun-20260415-145452-g4-opt27b-c64-256/raw/points/prefill/prefill-facebook-opt-2-7b-chunk-256-sm-32.csv
facebook/opt-2.7b,256,gemm,v_proj,32,1,93.05600076913834,179352576,180663296,1310720,1310720,1024,2026-04-15T13:56:31Z,baseline_nvml_pt,nvidia-smi,ok,0.0,39.0,1695.0,7601.0,60.99,0.25702399015426636,176.0439453125,176.0439453125,5.0,True,,100.0,46.0,89.99999999999999,estimated,,prefill-facebook-opt-2-7b-chunk-256-sm-32,success,,,/mnt/data/dheeraj/dicertation/inference-profile/runs/revised-rerun-20260415-145452-g4-opt27b-c64-256/raw/points/prefill/prefill-facebook-opt-2-7b-chunk-256-sm-32.csv
facebook/opt-2.7b,256,gemm,out_proj,32,1,96.16000205278397,179352576,180663296,1310720,1310720,1024,2026-04-15T13:56:31Z,baseline_nvml_pt,nvidia-smi,ok,0.0,39.0,1695.0,7601.0,60.99,0.25702399015426636,176.0439453125,176.0439453125,5.0,True,,100.0,46.0,89.99999999999999,estimated,,prefill-facebook-opt-2-7b-chunk-256-sm-32,success,,,/mnt/data/dheeraj/dicertation/inference-profile/runs/revised-rerun-20260415-145452-g4-opt27b-c64-256/raw/points/prefill/prefill-facebook-opt-2-7b-chunk-256-sm-32.csv
facebook/opt-2.7b,256,gemm,fc1,32,1,210.94399690628052,179352576,184595456,5242880,5242880,1024,2026-04-15T13:56:31Z,baseline_nvml_pt,nvidia-smi,ok,0.0,39.0,1695.0,7601.0,60.99,0.25702399015426636,176.0439453125,176.0439453125,5.0,True,,100.0,46.0,89.99999999999999,estimated,,prefill-facebook-opt-2-7b-chunk-256-sm-32,success,,,/mnt/data/dheeraj/dicertation/inference-profile/runs/revised-rerun-20260415-145452-g4-opt27b-c64-256/raw/points/prefill/prefill-facebook-opt-2-7b-chunk-256-sm-32.csv
facebook/opt-2.7b,256,gemm,fc2,32,1,223.23200106620789,179352576,180663296,1310720,1310720,1024,2026-04-15T13:56:31Z,baseline_nvml_pt,nvidia-smi,ok,0.0,39.0,1695.0,7601.0,60.99,0.25702399015426636,176.0439453125,176.0439453125,5.0,True,,100.0,46.0,89.99999999999999,estimated,,prefill-facebook-opt-2-7b-chunk-256-sm-32,success,,,/mnt/data/dheeraj/dicertation/inference-profile/runs/revised-rerun-20260415-145452-g4-opt27b-c64-256/raw/points/prefill/prefill-facebook-opt-2-7b-chunk-256-sm-32.csv
facebook/opt-2.7b,256,attention,attention,32,1,58.36800113320351,179352576,180697088,1344512,1310720,1024,2026-04-15T13:56:31Z,baseline_nvml_pt,nvidia-smi,ok,0.0,39.0,1695.0,7601.0,60.99,0.25702399015426636,176.0439453125,176.0439453125,5.0,True,,100.0,46.0,89.99999999999999,estimated,,prefill-facebook-opt-2-7b-chunk-256-sm-32,success,,,/mnt/data/dheeraj/dicertation/inference-profile/runs/revised-rerun-20260415-145452-g4-opt27b-c64-256/raw/points/prefill/prefill-facebook-opt-2-7b-chunk-256-sm-32.csv
facebook/opt-2.7b,256,gemm,q_proj,32,2,100.25600343942642,179352576,180663296,1310720,1310720,1024,2026-04-15T13:56:31Z,baseline_nvml_pt,nvidia-smi,ok,0.0,39.0,1695.0,7601.0,60.99,0.25702399015426636,176.0439453125,176.0439453125,5.0,True,,100.0,46.0,89.99999999999999,estimated,,prefill-facebook-opt-2-7b-chunk-256-sm-32,success,,,/mnt/data/dheeraj/dicertation/inference-profile/runs/revised-rerun-20260415-145452-g4-opt27b-c64-256/raw/points/prefill/prefill-facebook-opt-2-7b-chunk-256-sm-32.csv
facebook/opt-2.7b,256,gemm,k_proj,32,2,101.3759970664978,179352576,180663296,1310720,1310720,1024,2026-04-15T13:56:31Z,baseline_nvml_pt,nvidia-smi,ok,0.0,39.0,1695.0,7601.0,60.99,0.25702399015426636,176.0439453125,176.0439453125,5.0,True,,100.0,46.0,89.99999999999999,estimated,,prefill-facebook-opt-2-7b-chunk-256-sm-32,success,,,/mnt/data/dheeraj/dicertation/inference-profile/runs/revised-rerun-20260415-145452-g4-opt27b-c64-256/raw/points/prefill/prefill-facebook-opt-2-7b-chunk-256-sm-32.csv
facebook/opt-2.7b,256,gemm,v_proj,32,2,94.2080020904541,179352576,180663296,1310720,1310720,1024,2026-04-15T13:56:31Z,baseline_nvml_pt,nvidia-smi,ok,0.0,39.0,1695.0,7601.0,60.99,0.25702399015426636,176.0439453125,176.0439453125,5.0,True,,100.0,46.0,89.99999999999999,estimated,,prefill-facebook-opt-2-7b-chunk-256-sm-32,success,,,/mnt/data/dheeraj/dicertation/inference-profile/runs/revised-rerun-20260415-145452-g4-opt27b-c64-256/raw/points/prefill/prefill-facebook-opt-2-7b-chunk-256-sm-32.csv
facebook/opt-2.7b,256,gemm,out_proj,32,2,94.2080020904541,179352576,180663296,1310720,1310720,1024,2026-04-15T13:56:31Z,baseline_nvml_pt,nvidia-smi,ok,0.0,39.0,1695.0,7601.0,60.99,0.25702399015426636,176.0439453125,176.0439453125,5.0,True,,100.0,46.0,89.99999999999999,estimated,,prefill-facebook-opt-2-7b-chunk-256-sm-32,success,,,/mnt/data/dheeraj/dicertation/inference-profile/runs/revised-rerun-20260415-145452-g4-opt27b-c64-256/raw/points/prefill/prefill-facebook-opt-2-7b-chunk-256-sm-32.csv
facebook/opt-2.7b,256,gemm,fc1,32,2,214.01600539684296,179352576,184595456,5242880,5242880,1024,2026-04-15T13:56:31Z,baseline_nvml_pt,nvidia-smi,ok,0.0,39.0,1695.0,7601.0,60.99,0.25702399015426636,176.0439453125,176.0439453125,5.0,True,,100.0,46.0,89.99999999999999,estimated,,prefill-facebook-opt-2-7b-chunk-256-sm-32,success,,,/mnt/data/dheeraj/dicertation/inference-profile/runs/revised-rerun-20260415-145452-g4-opt27b-c64-256/raw/points/prefill/prefill-facebook-opt-2-7b-chunk-256-sm-32.csv
facebook/opt-2.7b,256,gemm,fc2,32,2,211.96800470352173,179352576,180663296,1310720,1310720,1024,2026-04-15T13:56:31Z,baseline_nvml_pt,nvidia-smi,ok,0.0,39.0,1695.0,7601.0,60.99,0.25702399015426636,176.0439453125,176.0439453125,5.0,True,,100.0,46.0,89.99999999999999,estimated,,prefill-facebook-opt-2-7b-chunk-256-sm-32,success,,,/mnt/data/dheeraj/dicertation/inference-profile/runs/revised-rerun-20260415-145452-g4-opt27b-c64-256/raw/points/prefill/prefill-facebook-opt-2-7b-chunk-256-sm-32.csv
facebook/opt-2.7b,256,attention,attention,32,2,150.62400698661804,179352576,180697088,1344512,1310720,1024,2026-04-15T13:56:31Z,baseline_nvml_pt,nvidia-smi,ok,0.0,39.0,1695.0,7601.0,60.99,0.25702399015426636,176.0439453125,176.0439453125,5.0,True,,100.0,46.0,89.99999999999999,estimated,,prefill-facebook-opt-2-7b-chunk-256-sm-32,success,,,/mnt/data/dheeraj/dicertation/inference-profile/runs/revised-rerun-20260415-145452-g4-opt27b-c64-256/raw/points/prefill/prefill-facebook-opt-2-7b-chunk-256-sm-32.csv
facebook/opt-2.7b,256,gemm,q_proj,32,3,109.56799983978271,179352576,180663296,1310720,1310720,1024,2026-04-15T13:56:31Z,baseline_nvml_pt,nvidia-smi,ok,0.0,39.0,1695.0,7601.0,60.99,0.25702399015426636,176.0439453125,176.0439453125,5.0,True,,100.0,46.0,89.99999999999999,estimated,,prefill-facebook-opt-2-7b-chunk-256-sm-32,success,,,/mnt/data/dheeraj/dicertation/inference-profile/runs/revised-rerun-20260415-145452-g4-opt27b-c64-256/raw/points/prefill/prefill-facebook-opt-2-7b-chunk-256-sm-32.csv
facebook/opt-2.7b,256,gemm,k_proj,32,3,93.18400174379349,179352576,180663296,1310720,1310720,1024,2026-04-15T13:56:31Z,baseline_nvml_pt,nvidia-smi,ok,0.0,39.0,1695.0,7601.0,60.99,0.25702399015426636,176.0439453125,176.0439453125,5.0,True,,100.0,46.0,89.99999999999999,estimated,,prefill-facebook-opt-2-7b-chunk-256-sm-32,success,,,/mnt/data/dheeraj/dicertation/inference-profile/runs/revised-rerun-20260415-145452-g4-opt27b-c64-256/raw/points/prefill/prefill-facebook-opt-2-7b-chunk-256-sm-32.csv
facebook/opt-2.7b,256,gemm,v_proj,32,3,96.25600278377533,179352576,180663296,1310720,1310720,1024,2026-04-15T13:56:31Z,baseline_nvml_pt,nvidia-smi,ok,0.0,39.0,1695.0,7601.0,60.99,0.25702399015426636,176.0439453125,176.0439453125,5.0,True,,100.0,46.0,89.99999999999999,estimated,,prefill-facebook-opt-2-7b-chunk-256-sm-32,success,,,/mnt/data/dheeraj/dicertation/inference-profile/runs/revised-rerun-20260415-145452-g4-opt27b-c64-256/raw/points/prefill/prefill-facebook-opt-2-7b-chunk-256-sm-32.csv
facebook/opt-2.7b,256,gemm,out_proj,32,3,124.92799758911133,179352576,180663296,1310720,1310720,1024,2026-04-15T13:56:31Z,baseline_nvml_pt,nvidia-smi,ok,0.0,39.0,1695.0,7601.0,60.99,0.25702399015426636,176.0439453125,176.0439453125,5.0,True,,100.0,46.0,89.99999999999999,estimated,,prefill-facebook-opt-2-7b-chunk-256-sm-32,success,,,/mnt/data/dheeraj/dicertation/inference-profile/runs/revised-rerun-20260415-145452-g4-opt27b-c64-256/raw/points/prefill/prefill-facebook-opt-2-7b-chunk-256-sm-32.csv
facebook/opt-2.7b,256,gemm,fc1,32,3,214.01600539684296,179352576,184595456,5242880,5242880,1024,2026-04-15T13:56:31Z,baseline_nvml_pt,nvidia-smi,ok,0.0,39.0,1695.0,7601.0,60.99,0.25702399015426636,176.0439453125,176.0439453125,5.0,True,,100.0,46.0,89.99999999999999,estimated,,prefill-facebook-opt-2-7b-chunk-256-sm-32,success,,,/mnt/data/dheeraj/dicertation/inference-profile/runs/revised-rerun-20260415-145452-g4-opt27b-c64-256/raw/points/prefill/prefill-facebook-opt-2-7b-chunk-256-sm-32.csv
facebook/opt-2.7b,256,gemm,fc2,32,3,212.99199759960175,179352576,180663296,1310720,1310720,1024,2026-04-15T13:56:31Z,baseline_nvml_pt,nvidia-smi,ok,0.0,39.0,1695.0,7601.0,60.99,0.25702399015426636,176.0439453125,176.0439453125,5.0,True,,100.0,46.0,89.99999999999999,estimated,,prefill-facebook-opt-2-7b-chunk-256-sm-32,success,,,/mnt/data/dheeraj/dicertation/inference-profile/runs/revised-rerun-20260415-145452-g4-opt27b-c64-256/raw/points/prefill/prefill-facebook-opt-2-7b-chunk-256-sm-32.csv
facebook/opt-2.7b,256,attention,attention,32,3,57.28000029921532,179352576,180697088,1344512,1310720,1024,2026-04-15T13:56:31Z,baseline_nvml_pt,nvidia-smi,ok,0.0,39.0,1695.0,7601.0,60.99,0.25702399015426636,176.0439453125,176.0439453125,5.0,True,,100.0,46.0,89.99999999999999,estimated,,prefill-facebook-opt-2-7b-chunk-256-sm-32,success,,,/mnt/data/dheeraj/dicertation/inference-profile/runs/revised-rerun-20260415-145452-g4-opt27b-c64-256/raw/points/prefill/prefill-facebook-opt-2-7b-chunk-256-sm-32.csv
facebook/opt-2.7b,256,gemm,q_proj,32,4,257.02399015426636,179352576,180663296,1310720,1310720,1024,2026-04-15T13:56:31Z,baseline_nvml_pt,nvidia-smi,ok,0.0,39.0,1695.0,7601.0,60.99,0.25702399015426636,176.0439453125,176.0439453125,5.0,True,,100.0,46.0,89.99999999999999,estimated,,prefill-facebook-opt-2-7b-chunk-256-sm-32,success,,,/mnt/data/dheeraj/dicertation/inference-profile/runs/revised-rerun-20260415-145452-g4-opt27b-c64-256/raw/points/prefill/prefill-facebook-opt-2-7b-chunk-256-sm-32.csv
facebook/opt-2.7b,256,gemm,k_proj,32,4,97.28000313043594,179352576,180663296,1310720,1310720,1024,2026-04-15T13:56:31Z,baseline_nvml_pt,nvidia-smi,ok,0.0,39.0,1695.0,7601.0,60.99,0.25702399015426636,176.0439453125,176.0439453125,5.0,True,,100.0,46.0,89.99999999999999,estimated,,prefill-facebook-opt-2-7b-chunk-256-sm-32,success,,,/mnt/data/dheeraj/dicertation/inference-profile/runs/revised-rerun-20260415-145452-g4-opt27b-c64-256/raw/points/prefill/prefill-facebook-opt-2-7b-chunk-256-sm-32.csv
facebook/opt-2.7b,256,gemm,v_proj,32,4,94.2080020904541,179352576,180663296,1310720,1310720,1024,2026-04-15T13:56:31Z,baseline_nvml_pt,nvidia-smi,ok,0.0,39.0,1695.0,7601.0,60.99,0.25702399015426636,176.0439453125,176.0439453125,5.0,True,,100.0,46.0,89.99999999999999,estimated,,prefill-facebook-opt-2-7b-chunk-256-sm-32,success,,,/mnt/data/dheeraj/dicertation/inference-profile/runs/revised-rerun-20260415-145452-g4-opt27b-c64-256/raw/points/prefill/prefill-facebook-opt-2-7b-chunk-256-sm-32.csv
facebook/opt-2.7b,256,gemm,out_proj,32,4,94.2080020904541,179352576,180663296,1310720,1310720,1024,2026-04-15T13:56:31Z,baseline_nvml_pt,nvidia-smi,ok,0.0,39.0,1695.0,7601.0,60.99,0.25702399015426636,176.0439453125,176.0439453125,5.0,True,,100.0,46.0,89.99999999999999,estimated,,prefill-facebook-opt-2-7b-chunk-256-sm-32,success,,,/mnt/data/dheeraj/dicertation/inference-profile/runs/revised-rerun-20260415-145452-g4-opt27b-c64-256/raw/points/prefill/prefill-facebook-opt-2-7b-chunk-256-sm-32.csv
facebook/opt-2.7b,256,gemm,fc1,32,4,210.94399690628052,179352576,184595456,5242880,5242880,1024,2026-04-15T13:56:31Z,baseline_nvml_pt,nvidia-smi,ok,0.0,39.0,1695.0,7601.0,60.99,0.25702399015426636,176.0439453125,176.0439453125,5.0,True,,100.0,46.0,89.99999999999999,estimated,,prefill-facebook-opt-2-7b-chunk-256-sm-32,success,,,/mnt/data/dheeraj/dicertation/inference-profile/runs/revised-rerun-20260415-145452-g4-opt27b-c64-256/raw/points/prefill/prefill-facebook-opt-2-7b-chunk-256-sm-32.csv
facebook/opt-2.7b,256,gemm,fc2,32,4,214.01600539684296,179352576,180663296,1310720,1310720,1024,2026-04-15T13:56:31Z,baseline_nvml_pt,nvidia-smi,ok,0.0,39.0,1695.0,7601.0,60.99,0.25702399015426636,176.0439453125,176.0439453125,5.0,True,,100.0,46.0,89.99999999999999,estimated,,prefill-facebook-opt-2-7b-chunk-256-sm-32,success,,,/mnt/data/dheeraj/dicertation/inference-profile/runs/revised-rerun-20260415-145452-g4-opt27b-c64-256/raw/points/prefill/prefill-facebook-opt-2-7b-chunk-256-sm-32.csv
facebook/opt-2.7b,256,attention,attention,32,4,59.42400172352791,179352576,180697088,1344512,1310720,1024,2026-04-15T13:56:31Z,baseline_nvml_pt,nvidia-smi,ok,0.0,39.0,1695.0,7601.0,60.99,0.25702399015426636,176.0439453125,176.0439453125,5.0,True,,100.0,46.0,89.99999999999999,estimated,,prefill-facebook-opt-2-7b-chunk-256-sm-32,success,,,/mnt/data/dheeraj/dicertation/inference-profile/runs/revised-rerun-20260415-145452-g4-opt27b-c64-256/raw/points/prefill/prefill-facebook-opt-2-7b-chunk-256-sm-32.csv
