model_id,chunk_tokens,op_type,op_name,sm_ai_partition,timed_iteration,duration_us,baseline_vram_bytes,peak_vram_bytes,dynamic_workspace_bytes,output_bytes,max_input_tokens,telemetry_ts,telemetry_tier,telemetry_provider,telemetry_status,gpu_util,gpu_mem_used_mb,sm_clock_mhz,mem_clock_mhz,power_w,pt_step_ms,pt_mem_alloc_mb,pt_mem_reserved_mb,pt_workspace_mb,nvml_available,sampling_error,acu_pct,gbu_pct,smu_pct,microscopic_telemetry_status,microscopic_error,point_id,public_status,failure_kind,failure_cause,raw_output_path
facebook/opt-1.3b,64,gemm,q_proj,8,0,93.18400174379349,112365568,112627712,262144,262144,1024,2026-04-15T01:04:14Z,baseline_nvml_pt,nvidia-smi,ok,7.0,2538.0,1695.0,7601.0,71.2,0.10751999914646149,108.16015625,108.16015625,1.0,True,,79.0,62.5,67.5,estimated,,prefill-facebook-opt-1-3b-chunk-64-sm-8,success,,,/mnt/data/dheeraj/dicertation/inference-profile/runs/revised-rerun-20260415-020401-g2-opt13b-c64-256/raw/points/prefill/prefill-facebook-opt-1-3b-chunk-64-sm-8.csv
facebook/opt-1.3b,64,gemm,k_proj,8,0,77.85599678754807,112365568,112627712,262144,262144,1024,2026-04-15T01:04:14Z,baseline_nvml_pt,nvidia-smi,ok,7.0,2538.0,1695.0,7601.0,71.2,0.10751999914646149,108.16015625,108.16015625,1.0,True,,79.0,62.5,67.5,estimated,,prefill-facebook-opt-1-3b-chunk-64-sm-8,success,,,/mnt/data/dheeraj/dicertation/inference-profile/runs/revised-rerun-20260415-020401-g2-opt13b-c64-256/raw/points/prefill/prefill-facebook-opt-1-3b-chunk-64-sm-8.csv
facebook/opt-1.3b,64,gemm,v_proj,8,0,70.62400132417679,112365568,112627712,262144,262144,1024,2026-04-15T01:04:14Z,baseline_nvml_pt,nvidia-smi,ok,7.0,2538.0,1695.0,7601.0,71.2,0.10751999914646149,108.16015625,108.16015625,1.0,True,,79.0,62.5,67.5,estimated,,prefill-facebook-opt-1-3b-chunk-64-sm-8,success,,,/mnt/data/dheeraj/dicertation/inference-profile/runs/revised-rerun-20260415-020401-g2-opt13b-c64-256/raw/points/prefill/prefill-facebook-opt-1-3b-chunk-64-sm-8.csv
facebook/opt-1.3b,64,gemm,out_proj,8,0,74.65600222349167,112365568,112627712,262144,262144,1024,2026-04-15T01:04:14Z,baseline_nvml_pt,nvidia-smi,ok,7.0,2538.0,1695.0,7601.0,71.2,0.10751999914646149,108.16015625,108.16015625,1.0,True,,79.0,62.5,67.5,estimated,,prefill-facebook-opt-1-3b-chunk-64-sm-8,success,,,/mnt/data/dheeraj/dicertation/inference-profile/runs/revised-rerun-20260415-020401-g2-opt13b-c64-256/raw/points/prefill/prefill-facebook-opt-1-3b-chunk-64-sm-8.csv
facebook/opt-1.3b,64,gemm,fc1,8,0,98.30400347709656,112365568,113414144,1048576,1048576,1024,2026-04-15T01:04:14Z,baseline_nvml_pt,nvidia-smi,ok,7.0,2538.0,1695.0,7601.0,71.2,0.10751999914646149,108.16015625,108.16015625,1.0,True,,79.0,62.5,67.5,estimated,,prefill-facebook-opt-1-3b-chunk-64-sm-8,success,,,/mnt/data/dheeraj/dicertation/inference-profile/runs/revised-rerun-20260415-020401-g2-opt13b-c64-256/raw/points/prefill/prefill-facebook-opt-1-3b-chunk-64-sm-8.csv
facebook/opt-1.3b,64,gemm,fc2,8,0,107.51999914646149,112365568,112627712,262144,262144,1024,2026-04-15T01:04:14Z,baseline_nvml_pt,nvidia-smi,ok,7.0,2538.0,1695.0,7601.0,71.2,0.10751999914646149,108.16015625,108.16015625,1.0,True,,79.0,62.5,67.5,estimated,,prefill-facebook-opt-1-3b-chunk-64-sm-8,success,,,/mnt/data/dheeraj/dicertation/inference-profile/runs/revised-rerun-20260415-020401-g2-opt13b-c64-256/raw/points/prefill/prefill-facebook-opt-1-3b-chunk-64-sm-8.csv
facebook/opt-1.3b,64,attention,attention,8,0,57.34400078654289,112365568,112636928,271360,262144,1024,2026-04-15T01:04:14Z,baseline_nvml_pt,nvidia-smi,ok,7.0,2538.0,1695.0,7601.0,71.2,0.10751999914646149,108.16015625,108.16015625,1.0,True,,79.0,62.5,67.5,estimated,,prefill-facebook-opt-1-3b-chunk-64-sm-8,success,,,/mnt/data/dheeraj/dicertation/inference-profile/runs/revised-rerun-20260415-020401-g2-opt13b-c64-256/raw/points/prefill/prefill-facebook-opt-1-3b-chunk-64-sm-8.csv
facebook/opt-1.3b,64,gemm,q_proj,8,1,68.60800087451935,112365568,112627712,262144,262144,1024,2026-04-15T01:04:14Z,baseline_nvml_pt,nvidia-smi,ok,7.0,2538.0,1695.0,7601.0,71.2,0.10751999914646149,108.16015625,108.16015625,1.0,True,,79.0,62.5,67.5,estimated,,prefill-facebook-opt-1-3b-chunk-64-sm-8,success,,,/mnt/data/dheeraj/dicertation/inference-profile/runs/revised-rerun-20260415-020401-g2-opt13b-c64-256/raw/points/prefill/prefill-facebook-opt-1-3b-chunk-64-sm-8.csv
facebook/opt-1.3b,64,gemm,k_proj,8,1,76.89599692821503,112365568,112627712,262144,262144,1024,2026-04-15T01:04:14Z,baseline_nvml_pt,nvidia-smi,ok,7.0,2538.0,1695.0,7601.0,71.2,0.10751999914646149,108.16015625,108.16015625,1.0,True,,79.0,62.5,67.5,estimated,,prefill-facebook-opt-1-3b-chunk-64-sm-8,success,,,/mnt/data/dheeraj/dicertation/inference-profile/runs/revised-rerun-20260415-020401-g2-opt13b-c64-256/raw/points/prefill/prefill-facebook-opt-1-3b-chunk-64-sm-8.csv
facebook/opt-1.3b,64,gemm,v_proj,8,1,64.67200070619583,112365568,112627712,262144,262144,1024,2026-04-15T01:04:14Z,baseline_nvml_pt,nvidia-smi,ok,7.0,2538.0,1695.0,7601.0,71.2,0.10751999914646149,108.16015625,108.16015625,1.0,True,,79.0,62.5,67.5,estimated,,prefill-facebook-opt-1-3b-chunk-64-sm-8,success,,,/mnt/data/dheeraj/dicertation/inference-profile/runs/revised-rerun-20260415-020401-g2-opt13b-c64-256/raw/points/prefill/prefill-facebook-opt-1-3b-chunk-64-sm-8.csv
facebook/opt-1.3b,64,gemm,out_proj,8,1,64.70400094985962,112365568,112627712,262144,262144,1024,2026-04-15T01:04:14Z,baseline_nvml_pt,nvidia-smi,ok,7.0,2538.0,1695.0,7601.0,71.2,0.10751999914646149,108.16015625,108.16015625,1.0,True,,79.0,62.5,67.5,estimated,,prefill-facebook-opt-1-3b-chunk-64-sm-8,success,,,/mnt/data/dheeraj/dicertation/inference-profile/runs/revised-rerun-20260415-020401-g2-opt13b-c64-256/raw/points/prefill/prefill-facebook-opt-1-3b-chunk-64-sm-8.csv
facebook/opt-1.3b,64,gemm,fc1,8,1,95.23200243711472,112365568,113414144,1048576,1048576,1024,2026-04-15T01:04:14Z,baseline_nvml_pt,nvidia-smi,ok,7.0,2538.0,1695.0,7601.0,71.2,0.10751999914646149,108.16015625,108.16015625,1.0,True,,79.0,62.5,67.5,estimated,,prefill-facebook-opt-1-3b-chunk-64-sm-8,success,,,/mnt/data/dheeraj/dicertation/inference-profile/runs/revised-rerun-20260415-020401-g2-opt13b-c64-256/raw/points/prefill/prefill-facebook-opt-1-3b-chunk-64-sm-8.csv
facebook/opt-1.3b,64,gemm,fc2,8,1,99.32799637317657,112365568,112627712,262144,262144,1024,2026-04-15T01:04:14Z,baseline_nvml_pt,nvidia-smi,ok,7.0,2538.0,1695.0,7601.0,71.2,0.10751999914646149,108.16015625,108.16015625,1.0,True,,79.0,62.5,67.5,estimated,,prefill-facebook-opt-1-3b-chunk-64-sm-8,success,,,/mnt/data/dheeraj/dicertation/inference-profile/runs/revised-rerun-20260415-020401-g2-opt13b-c64-256/raw/points/prefill/prefill-facebook-opt-1-3b-chunk-64-sm-8.csv
facebook/opt-1.3b,64,attention,attention,8,1,54.27199974656105,112365568,112636928,271360,262144,1024,2026-04-15T01:04:14Z,baseline_nvml_pt,nvidia-smi,ok,7.0,2538.0,1695.0,7601.0,71.2,0.10751999914646149,108.16015625,108.16015625,1.0,True,,79.0,62.5,67.5,estimated,,prefill-facebook-opt-1-3b-chunk-64-sm-8,success,,,/mnt/data/dheeraj/dicertation/inference-profile/runs/revised-rerun-20260415-020401-g2-opt13b-c64-256/raw/points/prefill/prefill-facebook-opt-1-3b-chunk-64-sm-8.csv
facebook/opt-1.3b,64,gemm,q_proj,8,2,68.60800087451935,112365568,112627712,262144,262144,1024,2026-04-15T01:04:14Z,baseline_nvml_pt,nvidia-smi,ok,7.0,2538.0,1695.0,7601.0,71.2,0.10751999914646149,108.16015625,108.16015625,1.0,True,,79.0,62.5,67.5,estimated,,prefill-facebook-opt-1-3b-chunk-64-sm-8,success,,,/mnt/data/dheeraj/dicertation/inference-profile/runs/revised-rerun-20260415-020401-g2-opt13b-c64-256/raw/points/prefill/prefill-facebook-opt-1-3b-chunk-64-sm-8.csv
facebook/opt-1.3b,64,gemm,k_proj,8,2,71.87200337648392,112365568,112627712,262144,262144,1024,2026-04-15T01:04:14Z,baseline_nvml_pt,nvidia-smi,ok,7.0,2538.0,1695.0,7601.0,71.2,0.10751999914646149,108.16015625,108.16015625,1.0,True,,79.0,62.5,67.5,estimated,,prefill-facebook-opt-1-3b-chunk-64-sm-8,success,,,/mnt/data/dheeraj/dicertation/inference-profile/runs/revised-rerun-20260415-020401-g2-opt13b-c64-256/raw/points/prefill/prefill-facebook-opt-1-3b-chunk-64-sm-8.csv
facebook/opt-1.3b,64,gemm,v_proj,8,2,65.31199812889099,112365568,112627712,262144,262144,1024,2026-04-15T01:04:14Z,baseline_nvml_pt,nvidia-smi,ok,7.0,2538.0,1695.0,7601.0,71.2,0.10751999914646149,108.16015625,108.16015625,1.0,True,,79.0,62.5,67.5,estimated,,prefill-facebook-opt-1-3b-chunk-64-sm-8,success,,,/mnt/data/dheeraj/dicertation/inference-profile/runs/revised-rerun-20260415-020401-g2-opt13b-c64-256/raw/points/prefill/prefill-facebook-opt-1-3b-chunk-64-sm-8.csv
facebook/opt-1.3b,64,gemm,out_proj,8,2,63.519999384880066,112365568,112627712,262144,262144,1024,2026-04-15T01:04:14Z,baseline_nvml_pt,nvidia-smi,ok,7.0,2538.0,1695.0,7601.0,71.2,0.10751999914646149,108.16015625,108.16015625,1.0,True,,79.0,62.5,67.5,estimated,,prefill-facebook-opt-1-3b-chunk-64-sm-8,success,,,/mnt/data/dheeraj/dicertation/inference-profile/runs/revised-rerun-20260415-020401-g2-opt13b-c64-256/raw/points/prefill/prefill-facebook-opt-1-3b-chunk-64-sm-8.csv
facebook/opt-1.3b,64,gemm,fc1,8,2,97.28000313043594,112365568,113414144,1048576,1048576,1024,2026-04-15T01:04:14Z,baseline_nvml_pt,nvidia-smi,ok,7.0,2538.0,1695.0,7601.0,71.2,0.10751999914646149,108.16015625,108.16015625,1.0,True,,79.0,62.5,67.5,estimated,,prefill-facebook-opt-1-3b-chunk-64-sm-8,success,,,/mnt/data/dheeraj/dicertation/inference-profile/runs/revised-rerun-20260415-020401-g2-opt13b-c64-256/raw/points/prefill/prefill-facebook-opt-1-3b-chunk-64-sm-8.csv
facebook/opt-1.3b,64,gemm,fc2,8,2,98.08000177145004,112365568,112627712,262144,262144,1024,2026-04-15T01:04:14Z,baseline_nvml_pt,nvidia-smi,ok,7.0,2538.0,1695.0,7601.0,71.2,0.10751999914646149,108.16015625,108.16015625,1.0,True,,79.0,62.5,67.5,estimated,,prefill-facebook-opt-1-3b-chunk-64-sm-8,success,,,/mnt/data/dheeraj/dicertation/inference-profile/runs/revised-rerun-20260415-020401-g2-opt13b-c64-256/raw/points/prefill/prefill-facebook-opt-1-3b-chunk-64-sm-8.csv
facebook/opt-1.3b,64,attention,attention,8,2,56.32000043988228,112365568,112636928,271360,262144,1024,2026-04-15T01:04:14Z,baseline_nvml_pt,nvidia-smi,ok,7.0,2538.0,1695.0,7601.0,71.2,0.10751999914646149,108.16015625,108.16015625,1.0,True,,79.0,62.5,67.5,estimated,,prefill-facebook-opt-1-3b-chunk-64-sm-8,success,,,/mnt/data/dheeraj/dicertation/inference-profile/runs/revised-rerun-20260415-020401-g2-opt13b-c64-256/raw/points/prefill/prefill-facebook-opt-1-3b-chunk-64-sm-8.csv
facebook/opt-1.3b,64,gemm,q_proj,8,3,66.75200164318085,112365568,112627712,262144,262144,1024,2026-04-15T01:04:14Z,baseline_nvml_pt,nvidia-smi,ok,7.0,2538.0,1695.0,7601.0,71.2,0.10751999914646149,108.16015625,108.16015625,1.0,True,,79.0,62.5,67.5,estimated,,prefill-facebook-opt-1-3b-chunk-64-sm-8,success,,,/mnt/data/dheeraj/dicertation/inference-profile/runs/revised-rerun-20260415-020401-g2-opt13b-c64-256/raw/points/prefill/prefill-facebook-opt-1-3b-chunk-64-sm-8.csv
facebook/opt-1.3b,64,gemm,k_proj,8,3,64.54399973154068,112365568,112627712,262144,262144,1024,2026-04-15T01:04:14Z,baseline_nvml_pt,nvidia-smi,ok,7.0,2538.0,1695.0,7601.0,71.2,0.10751999914646149,108.16015625,108.16015625,1.0,True,,79.0,62.5,67.5,estimated,,prefill-facebook-opt-1-3b-chunk-64-sm-8,success,,,/mnt/data/dheeraj/dicertation/inference-profile/runs/revised-rerun-20260415-020401-g2-opt13b-c64-256/raw/points/prefill/prefill-facebook-opt-1-3b-chunk-64-sm-8.csv
facebook/opt-1.3b,64,gemm,v_proj,8,3,65.43999910354614,112365568,112627712,262144,262144,1024,2026-04-15T01:04:14Z,baseline_nvml_pt,nvidia-smi,ok,7.0,2538.0,1695.0,7601.0,71.2,0.10751999914646149,108.16015625,108.16015625,1.0,True,,79.0,62.5,67.5,estimated,,prefill-facebook-opt-1-3b-chunk-64-sm-8,success,,,/mnt/data/dheeraj/dicertation/inference-profile/runs/revised-rerun-20260415-020401-g2-opt13b-c64-256/raw/points/prefill/prefill-facebook-opt-1-3b-chunk-64-sm-8.csv
facebook/opt-1.3b,64,gemm,out_proj,8,3,65.5359998345375,112365568,112627712,262144,262144,1024,2026-04-15T01:04:14Z,baseline_nvml_pt,nvidia-smi,ok,7.0,2538.0,1695.0,7601.0,71.2,0.10751999914646149,108.16015625,108.16015625,1.0,True,,79.0,62.5,67.5,estimated,,prefill-facebook-opt-1-3b-chunk-64-sm-8,success,,,/mnt/data/dheeraj/dicertation/inference-profile/runs/revised-rerun-20260415-020401-g2-opt13b-c64-256/raw/points/prefill/prefill-facebook-opt-1-3b-chunk-64-sm-8.csv
facebook/opt-1.3b,64,gemm,fc1,8,3,96.25600278377533,112365568,113414144,1048576,1048576,1024,2026-04-15T01:04:14Z,baseline_nvml_pt,nvidia-smi,ok,7.0,2538.0,1695.0,7601.0,71.2,0.10751999914646149,108.16015625,108.16015625,1.0,True,,79.0,62.5,67.5,estimated,,prefill-facebook-opt-1-3b-chunk-64-sm-8,success,,,/mnt/data/dheeraj/dicertation/inference-profile/runs/revised-rerun-20260415-020401-g2-opt13b-c64-256/raw/points/prefill/prefill-facebook-opt-1-3b-chunk-64-sm-8.csv
facebook/opt-1.3b,64,gemm,fc2,8,3,97.28000313043594,112365568,112627712,262144,262144,1024,2026-04-15T01:04:14Z,baseline_nvml_pt,nvidia-smi,ok,7.0,2538.0,1695.0,7601.0,71.2,0.10751999914646149,108.16015625,108.16015625,1.0,True,,79.0,62.5,67.5,estimated,,prefill-facebook-opt-1-3b-chunk-64-sm-8,success,,,/mnt/data/dheeraj/dicertation/inference-profile/runs/revised-rerun-20260415-020401-g2-opt13b-c64-256/raw/points/prefill/prefill-facebook-opt-1-3b-chunk-64-sm-8.csv
facebook/opt-1.3b,64,attention,attention,8,3,63.48799914121628,112365568,112636928,271360,262144,1024,2026-04-15T01:04:14Z,baseline_nvml_pt,nvidia-smi,ok,7.0,2538.0,1695.0,7601.0,71.2,0.10751999914646149,108.16015625,108.16015625,1.0,True,,79.0,62.5,67.5,estimated,,prefill-facebook-opt-1-3b-chunk-64-sm-8,success,,,/mnt/data/dheeraj/dicertation/inference-profile/runs/revised-rerun-20260415-020401-g2-opt13b-c64-256/raw/points/prefill/prefill-facebook-opt-1-3b-chunk-64-sm-8.csv
facebook/opt-1.3b,64,gemm,q_proj,8,4,67.58400052785873,112365568,112627712,262144,262144,1024,2026-04-15T01:04:14Z,baseline_nvml_pt,nvidia-smi,ok,7.0,2538.0,1695.0,7601.0,71.2,0.10751999914646149,108.16015625,108.16015625,1.0,True,,79.0,62.5,67.5,estimated,,prefill-facebook-opt-1-3b-chunk-64-sm-8,success,,,/mnt/data/dheeraj/dicertation/inference-profile/runs/revised-rerun-20260415-020401-g2-opt13b-c64-256/raw/points/prefill/prefill-facebook-opt-1-3b-chunk-64-sm-8.csv
facebook/opt-1.3b,64,gemm,k_proj,8,4,65.5359998345375,112365568,112627712,262144,262144,1024,2026-04-15T01:04:14Z,baseline_nvml_pt,nvidia-smi,ok,7.0,2538.0,1695.0,7601.0,71.2,0.10751999914646149,108.16015625,108.16015625,1.0,True,,79.0,62.5,67.5,estimated,,prefill-facebook-opt-1-3b-chunk-64-sm-8,success,,,/mnt/data/dheeraj/dicertation/inference-profile/runs/revised-rerun-20260415-020401-g2-opt13b-c64-256/raw/points/prefill/prefill-facebook-opt-1-3b-chunk-64-sm-8.csv
facebook/opt-1.3b,64,gemm,v_proj,8,4,64.51199948787689,112365568,112627712,262144,262144,1024,2026-04-15T01:04:14Z,baseline_nvml_pt,nvidia-smi,ok,7.0,2538.0,1695.0,7601.0,71.2,0.10751999914646149,108.16015625,108.16015625,1.0,True,,79.0,62.5,67.5,estimated,,prefill-facebook-opt-1-3b-chunk-64-sm-8,success,,,/mnt/data/dheeraj/dicertation/inference-profile/runs/revised-rerun-20260415-020401-g2-opt13b-c64-256/raw/points/prefill/prefill-facebook-opt-1-3b-chunk-64-sm-8.csv
facebook/opt-1.3b,64,gemm,out_proj,8,4,64.51199948787689,112365568,112627712,262144,262144,1024,2026-04-15T01:04:14Z,baseline_nvml_pt,nvidia-smi,ok,7.0,2538.0,1695.0,7601.0,71.2,0.10751999914646149,108.16015625,108.16015625,1.0,True,,79.0,62.5,67.5,estimated,,prefill-facebook-opt-1-3b-chunk-64-sm-8,success,,,/mnt/data/dheeraj/dicertation/inference-profile/runs/revised-rerun-20260415-020401-g2-opt13b-c64-256/raw/points/prefill/prefill-facebook-opt-1-3b-chunk-64-sm-8.csv
facebook/opt-1.3b,64,gemm,fc1,8,4,96.00000083446503,112365568,113414144,1048576,1048576,1024,2026-04-15T01:04:14Z,baseline_nvml_pt,nvidia-smi,ok,7.0,2538.0,1695.0,7601.0,71.2,0.10751999914646149,108.16015625,108.16015625,1.0,True,,79.0,62.5,67.5,estimated,,prefill-facebook-opt-1-3b-chunk-64-sm-8,success,,,/mnt/data/dheeraj/dicertation/inference-profile/runs/revised-rerun-20260415-020401-g2-opt13b-c64-256/raw/points/prefill/prefill-facebook-opt-1-3b-chunk-64-sm-8.csv
facebook/opt-1.3b,64,gemm,fc2,8,4,96.25600278377533,112365568,112627712,262144,262144,1024,2026-04-15T01:04:14Z,baseline_nvml_pt,nvidia-smi,ok,7.0,2538.0,1695.0,7601.0,71.2,0.10751999914646149,108.16015625,108.16015625,1.0,True,,79.0,62.5,67.5,estimated,,prefill-facebook-opt-1-3b-chunk-64-sm-8,success,,,/mnt/data/dheeraj/dicertation/inference-profile/runs/revised-rerun-20260415-020401-g2-opt13b-c64-256/raw/points/prefill/prefill-facebook-opt-1-3b-chunk-64-sm-8.csv
facebook/opt-1.3b,64,attention,attention,8,4,53.247999399900436,112365568,112636928,271360,262144,1024,2026-04-15T01:04:14Z,baseline_nvml_pt,nvidia-smi,ok,7.0,2538.0,1695.0,7601.0,71.2,0.10751999914646149,108.16015625,108.16015625,1.0,True,,79.0,62.5,67.5,estimated,,prefill-facebook-opt-1-3b-chunk-64-sm-8,success,,,/mnt/data/dheeraj/dicertation/inference-profile/runs/revised-rerun-20260415-020401-g2-opt13b-c64-256/raw/points/prefill/prefill-facebook-opt-1-3b-chunk-64-sm-8.csv
facebook/opt-1.3b,64,gemm,q_proj,16,0,93.21600198745728,112365568,112627712,262144,262144,1024,2026-04-15T01:04:19Z,baseline_nvml_pt,nvidia-smi,ok,0.0,2538.0,1695.0,7601.0,71.07,0.10121600329875946,108.16015625,108.16015625,1.0,True,,86.0,57.00000000000001,75.0,estimated,,prefill-facebook-opt-1-3b-chunk-64-sm-16,success,,,/mnt/data/dheeraj/dicertation/inference-profile/runs/revised-rerun-20260415-020401-g2-opt13b-c64-256/raw/points/prefill/prefill-facebook-opt-1-3b-chunk-64-sm-16.csv
facebook/opt-1.3b,64,gemm,k_proj,16,0,78.59200239181519,112365568,112627712,262144,262144,1024,2026-04-15T01:04:19Z,baseline_nvml_pt,nvidia-smi,ok,0.0,2538.0,1695.0,7601.0,71.07,0.10121600329875946,108.16015625,108.16015625,1.0,True,,86.0,57.00000000000001,75.0,estimated,,prefill-facebook-opt-1-3b-chunk-64-sm-16,success,,,/mnt/data/dheeraj/dicertation/inference-profile/runs/revised-rerun-20260415-020401-g2-opt13b-c64-256/raw/points/prefill/prefill-facebook-opt-1-3b-chunk-64-sm-16.csv
facebook/opt-1.3b,64,gemm,v_proj,16,0,69.63200122117996,112365568,112627712,262144,262144,1024,2026-04-15T01:04:19Z,baseline_nvml_pt,nvidia-smi,ok,0.0,2538.0,1695.0,7601.0,71.07,0.10121600329875946,108.16015625,108.16015625,1.0,True,,86.0,57.00000000000001,75.0,estimated,,prefill-facebook-opt-1-3b-chunk-64-sm-16,success,,,/mnt/data/dheeraj/dicertation/inference-profile/runs/revised-rerun-20260415-020401-g2-opt13b-c64-256/raw/points/prefill/prefill-facebook-opt-1-3b-chunk-64-sm-16.csv
facebook/opt-1.3b,64,gemm,out_proj,16,0,73.85600358247757,112365568,112627712,262144,262144,1024,2026-04-15T01:04:19Z,baseline_nvml_pt,nvidia-smi,ok,0.0,2538.0,1695.0,7601.0,71.07,0.10121600329875946,108.16015625,108.16015625,1.0,True,,86.0,57.00000000000001,75.0,estimated,,prefill-facebook-opt-1-3b-chunk-64-sm-16,success,,,/mnt/data/dheeraj/dicertation/inference-profile/runs/revised-rerun-20260415-020401-g2-opt13b-c64-256/raw/points/prefill/prefill-facebook-opt-1-3b-chunk-64-sm-16.csv
facebook/opt-1.3b,64,gemm,fc1,16,0,97.28000313043594,112365568,113414144,1048576,1048576,1024,2026-04-15T01:04:19Z,baseline_nvml_pt,nvidia-smi,ok,0.0,2538.0,1695.0,7601.0,71.07,0.10121600329875946,108.16015625,108.16015625,1.0,True,,86.0,57.00000000000001,75.0,estimated,,prefill-facebook-opt-1-3b-chunk-64-sm-16,success,,,/mnt/data/dheeraj/dicertation/inference-profile/runs/revised-rerun-20260415-020401-g2-opt13b-c64-256/raw/points/prefill/prefill-facebook-opt-1-3b-chunk-64-sm-16.csv
facebook/opt-1.3b,64,gemm,fc2,16,0,99.32799637317657,112365568,112627712,262144,262144,1024,2026-04-15T01:04:19Z,baseline_nvml_pt,nvidia-smi,ok,0.0,2538.0,1695.0,7601.0,71.07,0.10121600329875946,108.16015625,108.16015625,1.0,True,,86.0,57.00000000000001,75.0,estimated,,prefill-facebook-opt-1-3b-chunk-64-sm-16,success,,,/mnt/data/dheeraj/dicertation/inference-profile/runs/revised-rerun-20260415-020401-g2-opt13b-c64-256/raw/points/prefill/prefill-facebook-opt-1-3b-chunk-64-sm-16.csv
facebook/opt-1.3b,64,attention,attention,16,0,62.463998794555664,112365568,112636928,271360,262144,1024,2026-04-15T01:04:19Z,baseline_nvml_pt,nvidia-smi,ok,0.0,2538.0,1695.0,7601.0,71.07,0.10121600329875946,108.16015625,108.16015625,1.0,True,,86.0,57.00000000000001,75.0,estimated,,prefill-facebook-opt-1-3b-chunk-64-sm-16,success,,,/mnt/data/dheeraj/dicertation/inference-profile/runs/revised-rerun-20260415-020401-g2-opt13b-c64-256/raw/points/prefill/prefill-facebook-opt-1-3b-chunk-64-sm-16.csv
facebook/opt-1.3b,64,gemm,q_proj,16,1,70.65600156784058,112365568,112627712,262144,262144,1024,2026-04-15T01:04:19Z,baseline_nvml_pt,nvidia-smi,ok,0.0,2538.0,1695.0,7601.0,71.07,0.10121600329875946,108.16015625,108.16015625,1.0,True,,86.0,57.00000000000001,75.0,estimated,,prefill-facebook-opt-1-3b-chunk-64-sm-16,success,,,/mnt/data/dheeraj/dicertation/inference-profile/runs/revised-rerun-20260415-020401-g2-opt13b-c64-256/raw/points/prefill/prefill-facebook-opt-1-3b-chunk-64-sm-16.csv
facebook/opt-1.3b,64,gemm,k_proj,16,1,67.58400052785873,112365568,112627712,262144,262144,1024,2026-04-15T01:04:19Z,baseline_nvml_pt,nvidia-smi,ok,0.0,2538.0,1695.0,7601.0,71.07,0.10121600329875946,108.16015625,108.16015625,1.0,True,,86.0,57.00000000000001,75.0,estimated,,prefill-facebook-opt-1-3b-chunk-64-sm-16,success,,,/mnt/data/dheeraj/dicertation/inference-profile/runs/revised-rerun-20260415-020401-g2-opt13b-c64-256/raw/points/prefill/prefill-facebook-opt-1-3b-chunk-64-sm-16.csv
facebook/opt-1.3b,64,gemm,v_proj,16,1,66.56000018119812,112365568,112627712,262144,262144,1024,2026-04-15T01:04:19Z,baseline_nvml_pt,nvidia-smi,ok,0.0,2538.0,1695.0,7601.0,71.07,0.10121600329875946,108.16015625,108.16015625,1.0,True,,86.0,57.00000000000001,75.0,estimated,,prefill-facebook-opt-1-3b-chunk-64-sm-16,success,,,/mnt/data/dheeraj/dicertation/inference-profile/runs/revised-rerun-20260415-020401-g2-opt13b-c64-256/raw/points/prefill/prefill-facebook-opt-1-3b-chunk-64-sm-16.csv
facebook/opt-1.3b,64,gemm,out_proj,16,1,65.60000032186508,112365568,112627712,262144,262144,1024,2026-04-15T01:04:19Z,baseline_nvml_pt,nvidia-smi,ok,0.0,2538.0,1695.0,7601.0,71.07,0.10121600329875946,108.16015625,108.16015625,1.0,True,,86.0,57.00000000000001,75.0,estimated,,prefill-facebook-opt-1-3b-chunk-64-sm-16,success,,,/mnt/data/dheeraj/dicertation/inference-profile/runs/revised-rerun-20260415-020401-g2-opt13b-c64-256/raw/points/prefill/prefill-facebook-opt-1-3b-chunk-64-sm-16.csv
facebook/opt-1.3b,64,gemm,fc1,16,1,95.23200243711472,112365568,113414144,1048576,1048576,1024,2026-04-15T01:04:19Z,baseline_nvml_pt,nvidia-smi,ok,0.0,2538.0,1695.0,7601.0,71.07,0.10121600329875946,108.16015625,108.16015625,1.0,True,,86.0,57.00000000000001,75.0,estimated,,prefill-facebook-opt-1-3b-chunk-64-sm-16,success,,,/mnt/data/dheeraj/dicertation/inference-profile/runs/revised-rerun-20260415-020401-g2-opt13b-c64-256/raw/points/prefill/prefill-facebook-opt-1-3b-chunk-64-sm-16.csv
facebook/opt-1.3b,64,gemm,fc2,16,1,98.30400347709656,112365568,112627712,262144,262144,1024,2026-04-15T01:04:19Z,baseline_nvml_pt,nvidia-smi,ok,0.0,2538.0,1695.0,7601.0,71.07,0.10121600329875946,108.16015625,108.16015625,1.0,True,,86.0,57.00000000000001,75.0,estimated,,prefill-facebook-opt-1-3b-chunk-64-sm-16,success,,,/mnt/data/dheeraj/dicertation/inference-profile/runs/revised-rerun-20260415-020401-g2-opt13b-c64-256/raw/points/prefill/prefill-facebook-opt-1-3b-chunk-64-sm-16.csv
facebook/opt-1.3b,64,attention,attention,16,1,56.32000043988228,112365568,112636928,271360,262144,1024,2026-04-15T01:04:19Z,baseline_nvml_pt,nvidia-smi,ok,0.0,2538.0,1695.0,7601.0,71.07,0.10121600329875946,108.16015625,108.16015625,1.0,True,,86.0,57.00000000000001,75.0,estimated,,prefill-facebook-opt-1-3b-chunk-64-sm-16,success,,,/mnt/data/dheeraj/dicertation/inference-profile/runs/revised-rerun-20260415-020401-g2-opt13b-c64-256/raw/points/prefill/prefill-facebook-opt-1-3b-chunk-64-sm-16.csv
facebook/opt-1.3b,64,gemm,q_proj,16,2,68.60800087451935,112365568,112627712,262144,262144,1024,2026-04-15T01:04:19Z,baseline_nvml_pt,nvidia-smi,ok,0.0,2538.0,1695.0,7601.0,71.07,0.10121600329875946,108.16015625,108.16015625,1.0,True,,86.0,57.00000000000001,75.0,estimated,,prefill-facebook-opt-1-3b-chunk-64-sm-16,success,,,/mnt/data/dheeraj/dicertation/inference-profile/runs/revised-rerun-20260415-020401-g2-opt13b-c64-256/raw/points/prefill/prefill-facebook-opt-1-3b-chunk-64-sm-16.csv
facebook/opt-1.3b,64,gemm,k_proj,16,2,74.65600222349167,112365568,112627712,262144,262144,1024,2026-04-15T01:04:19Z,baseline_nvml_pt,nvidia-smi,ok,0.0,2538.0,1695.0,7601.0,71.07,0.10121600329875946,108.16015625,108.16015625,1.0,True,,86.0,57.00000000000001,75.0,estimated,,prefill-facebook-opt-1-3b-chunk-64-sm-16,success,,,/mnt/data/dheeraj/dicertation/inference-profile/runs/revised-rerun-20260415-020401-g2-opt13b-c64-256/raw/points/prefill/prefill-facebook-opt-1-3b-chunk-64-sm-16.csv
facebook/opt-1.3b,64,gemm,v_proj,16,2,66.56000018119812,112365568,112627712,262144,262144,1024,2026-04-15T01:04:19Z,baseline_nvml_pt,nvidia-smi,ok,0.0,2538.0,1695.0,7601.0,71.07,0.10121600329875946,108.16015625,108.16015625,1.0,True,,86.0,57.00000000000001,75.0,estimated,,prefill-facebook-opt-1-3b-chunk-64-sm-16,success,,,/mnt/data/dheeraj/dicertation/inference-profile/runs/revised-rerun-20260415-020401-g2-opt13b-c64-256/raw/points/prefill/prefill-facebook-opt-1-3b-chunk-64-sm-16.csv
facebook/opt-1.3b,64,gemm,out_proj,16,2,64.70400094985962,112365568,112627712,262144,262144,1024,2026-04-15T01:04:19Z,baseline_nvml_pt,nvidia-smi,ok,0.0,2538.0,1695.0,7601.0,71.07,0.10121600329875946,108.16015625,108.16015625,1.0,True,,86.0,57.00000000000001,75.0,estimated,,prefill-facebook-opt-1-3b-chunk-64-sm-16,success,,,/mnt/data/dheeraj/dicertation/inference-profile/runs/revised-rerun-20260415-020401-g2-opt13b-c64-256/raw/points/prefill/prefill-facebook-opt-1-3b-chunk-64-sm-16.csv
facebook/opt-1.3b,64,gemm,fc1,16,2,96.25600278377533,112365568,113414144,1048576,1048576,1024,2026-04-15T01:04:19Z,baseline_nvml_pt,nvidia-smi,ok,0.0,2538.0,1695.0,7601.0,71.07,0.10121600329875946,108.16015625,108.16015625,1.0,True,,86.0,57.00000000000001,75.0,estimated,,prefill-facebook-opt-1-3b-chunk-64-sm-16,success,,,/mnt/data/dheeraj/dicertation/inference-profile/runs/revised-rerun-20260415-020401-g2-opt13b-c64-256/raw/points/prefill/prefill-facebook-opt-1-3b-chunk-64-sm-16.csv
facebook/opt-1.3b,64,gemm,fc2,16,2,99.32799637317657,112365568,112627712,262144,262144,1024,2026-04-15T01:04:19Z,baseline_nvml_pt,nvidia-smi,ok,0.0,2538.0,1695.0,7601.0,71.07,0.10121600329875946,108.16015625,108.16015625,1.0,True,,86.0,57.00000000000001,75.0,estimated,,prefill-facebook-opt-1-3b-chunk-64-sm-16,success,,,/mnt/data/dheeraj/dicertation/inference-profile/runs/revised-rerun-20260415-020401-g2-opt13b-c64-256/raw/points/prefill/prefill-facebook-opt-1-3b-chunk-64-sm-16.csv
facebook/opt-1.3b,64,attention,attention,16,2,56.41600117087364,112365568,112636928,271360,262144,1024,2026-04-15T01:04:19Z,baseline_nvml_pt,nvidia-smi,ok,0.0,2538.0,1695.0,7601.0,71.07,0.10121600329875946,108.16015625,108.16015625,1.0,True,,86.0,57.00000000000001,75.0,estimated,,prefill-facebook-opt-1-3b-chunk-64-sm-16,success,,,/mnt/data/dheeraj/dicertation/inference-profile/runs/revised-rerun-20260415-020401-g2-opt13b-c64-256/raw/points/prefill/prefill-facebook-opt-1-3b-chunk-64-sm-16.csv
facebook/opt-1.3b,64,gemm,q_proj,16,3,66.56000018119812,112365568,112627712,262144,262144,1024,2026-04-15T01:04:19Z,baseline_nvml_pt,nvidia-smi,ok,0.0,2538.0,1695.0,7601.0,71.07,0.10121600329875946,108.16015625,108.16015625,1.0,True,,86.0,57.00000000000001,75.0,estimated,,prefill-facebook-opt-1-3b-chunk-64-sm-16,success,,,/mnt/data/dheeraj/dicertation/inference-profile/runs/revised-rerun-20260415-020401-g2-opt13b-c64-256/raw/points/prefill/prefill-facebook-opt-1-3b-chunk-64-sm-16.csv
facebook/opt-1.3b,64,gemm,k_proj,16,3,66.78400188684464,112365568,112627712,262144,262144,1024,2026-04-15T01:04:19Z,baseline_nvml_pt,nvidia-smi,ok,0.0,2538.0,1695.0,7601.0,71.07,0.10121600329875946,108.16015625,108.16015625,1.0,True,,86.0,57.00000000000001,75.0,estimated,,prefill-facebook-opt-1-3b-chunk-64-sm-16,success,,,/mnt/data/dheeraj/dicertation/inference-profile/runs/revised-rerun-20260415-020401-g2-opt13b-c64-256/raw/points/prefill/prefill-facebook-opt-1-3b-chunk-64-sm-16.csv
facebook/opt-1.3b,64,gemm,v_proj,16,3,65.5359998345375,112365568,112627712,262144,262144,1024,2026-04-15T01:04:19Z,baseline_nvml_pt,nvidia-smi,ok,0.0,2538.0,1695.0,7601.0,71.07,0.10121600329875946,108.16015625,108.16015625,1.0,True,,86.0,57.00000000000001,75.0,estimated,,prefill-facebook-opt-1-3b-chunk-64-sm-16,success,,,/mnt/data/dheeraj/dicertation/inference-profile/runs/revised-rerun-20260415-020401-g2-opt13b-c64-256/raw/points/prefill/prefill-facebook-opt-1-3b-chunk-64-sm-16.csv
facebook/opt-1.3b,64,gemm,out_proj,16,3,63.680000603199005,112365568,112627712,262144,262144,1024,2026-04-15T01:04:19Z,baseline_nvml_pt,nvidia-smi,ok,0.0,2538.0,1695.0,7601.0,71.07,0.10121600329875946,108.16015625,108.16015625,1.0,True,,86.0,57.00000000000001,75.0,estimated,,prefill-facebook-opt-1-3b-chunk-64-sm-16,success,,,/mnt/data/dheeraj/dicertation/inference-profile/runs/revised-rerun-20260415-020401-g2-opt13b-c64-256/raw/points/prefill/prefill-facebook-opt-1-3b-chunk-64-sm-16.csv
facebook/opt-1.3b,64,gemm,fc1,16,3,97.15200215578079,112365568,113414144,1048576,1048576,1024,2026-04-15T01:04:19Z,baseline_nvml_pt,nvidia-smi,ok,0.0,2538.0,1695.0,7601.0,71.07,0.10121600329875946,108.16015625,108.16015625,1.0,True,,86.0,57.00000000000001,75.0,estimated,,prefill-facebook-opt-1-3b-chunk-64-sm-16,success,,,/mnt/data/dheeraj/dicertation/inference-profile/runs/revised-rerun-20260415-020401-g2-opt13b-c64-256/raw/points/prefill/prefill-facebook-opt-1-3b-chunk-64-sm-16.csv
facebook/opt-1.3b,64,gemm,fc2,16,3,97.28000313043594,112365568,112627712,262144,262144,1024,2026-04-15T01:04:19Z,baseline_nvml_pt,nvidia-smi,ok,0.0,2538.0,1695.0,7601.0,71.07,0.10121600329875946,108.16015625,108.16015625,1.0,True,,86.0,57.00000000000001,75.0,estimated,,prefill-facebook-opt-1-3b-chunk-64-sm-16,success,,,/mnt/data/dheeraj/dicertation/inference-profile/runs/revised-rerun-20260415-020401-g2-opt13b-c64-256/raw/points/prefill/prefill-facebook-opt-1-3b-chunk-64-sm-16.csv
facebook/opt-1.3b,64,attention,attention,16,3,54.27199974656105,112365568,112636928,271360,262144,1024,2026-04-15T01:04:19Z,baseline_nvml_pt,nvidia-smi,ok,0.0,2538.0,1695.0,7601.0,71.07,0.10121600329875946,108.16015625,108.16015625,1.0,True,,86.0,57.00000000000001,75.0,estimated,,prefill-facebook-opt-1-3b-chunk-64-sm-16,success,,,/mnt/data/dheeraj/dicertation/inference-profile/runs/revised-rerun-20260415-020401-g2-opt13b-c64-256/raw/points/prefill/prefill-facebook-opt-1-3b-chunk-64-sm-16.csv
facebook/opt-1.3b,64,gemm,q_proj,16,4,82.94399827718735,112365568,112627712,262144,262144,1024,2026-04-15T01:04:19Z,baseline_nvml_pt,nvidia-smi,ok,0.0,2538.0,1695.0,7601.0,71.07,0.10121600329875946,108.16015625,108.16015625,1.0,True,,86.0,57.00000000000001,75.0,estimated,,prefill-facebook-opt-1-3b-chunk-64-sm-16,success,,,/mnt/data/dheeraj/dicertation/inference-profile/runs/revised-rerun-20260415-020401-g2-opt13b-c64-256/raw/points/prefill/prefill-facebook-opt-1-3b-chunk-64-sm-16.csv
facebook/opt-1.3b,64,gemm,k_proj,16,4,65.5359998345375,112365568,112627712,262144,262144,1024,2026-04-15T01:04:19Z,baseline_nvml_pt,nvidia-smi,ok,0.0,2538.0,1695.0,7601.0,71.07,0.10121600329875946,108.16015625,108.16015625,1.0,True,,86.0,57.00000000000001,75.0,estimated,,prefill-facebook-opt-1-3b-chunk-64-sm-16,success,,,/mnt/data/dheeraj/dicertation/inference-profile/runs/revised-rerun-20260415-020401-g2-opt13b-c64-256/raw/points/prefill/prefill-facebook-opt-1-3b-chunk-64-sm-16.csv
facebook/opt-1.3b,64,gemm,v_proj,16,4,63.48799914121628,112365568,112627712,262144,262144,1024,2026-04-15T01:04:19Z,baseline_nvml_pt,nvidia-smi,ok,0.0,2538.0,1695.0,7601.0,71.07,0.10121600329875946,108.16015625,108.16015625,1.0,True,,86.0,57.00000000000001,75.0,estimated,,prefill-facebook-opt-1-3b-chunk-64-sm-16,success,,,/mnt/data/dheeraj/dicertation/inference-profile/runs/revised-rerun-20260415-020401-g2-opt13b-c64-256/raw/points/prefill/prefill-facebook-opt-1-3b-chunk-64-sm-16.csv
facebook/opt-1.3b,64,gemm,out_proj,16,4,61.72800064086914,112365568,112627712,262144,262144,1024,2026-04-15T01:04:19Z,baseline_nvml_pt,nvidia-smi,ok,0.0,2538.0,1695.0,7601.0,71.07,0.10121600329875946,108.16015625,108.16015625,1.0,True,,86.0,57.00000000000001,75.0,estimated,,prefill-facebook-opt-1-3b-chunk-64-sm-16,success,,,/mnt/data/dheeraj/dicertation/inference-profile/runs/revised-rerun-20260415-020401-g2-opt13b-c64-256/raw/points/prefill/prefill-facebook-opt-1-3b-chunk-64-sm-16.csv
facebook/opt-1.3b,64,gemm,fc1,16,4,101.21600329875946,112365568,113414144,1048576,1048576,1024,2026-04-15T01:04:19Z,baseline_nvml_pt,nvidia-smi,ok,0.0,2538.0,1695.0,7601.0,71.07,0.10121600329875946,108.16015625,108.16015625,1.0,True,,86.0,57.00000000000001,75.0,estimated,,prefill-facebook-opt-1-3b-chunk-64-sm-16,success,,,/mnt/data/dheeraj/dicertation/inference-profile/runs/revised-rerun-20260415-020401-g2-opt13b-c64-256/raw/points/prefill/prefill-facebook-opt-1-3b-chunk-64-sm-16.csv
facebook/opt-1.3b,64,gemm,fc2,16,4,99.32799637317657,112365568,112627712,262144,262144,1024,2026-04-15T01:04:19Z,baseline_nvml_pt,nvidia-smi,ok,0.0,2538.0,1695.0,7601.0,71.07,0.10121600329875946,108.16015625,108.16015625,1.0,True,,86.0,57.00000000000001,75.0,estimated,,prefill-facebook-opt-1-3b-chunk-64-sm-16,success,,,/mnt/data/dheeraj/dicertation/inference-profile/runs/revised-rerun-20260415-020401-g2-opt13b-c64-256/raw/points/prefill/prefill-facebook-opt-1-3b-chunk-64-sm-16.csv
facebook/opt-1.3b,64,attention,attention,16,4,55.03999814391136,112365568,112636928,271360,262144,1024,2026-04-15T01:04:19Z,baseline_nvml_pt,nvidia-smi,ok,0.0,2538.0,1695.0,7601.0,71.07,0.10121600329875946,108.16015625,108.16015625,1.0,True,,86.0,57.00000000000001,75.0,estimated,,prefill-facebook-opt-1-3b-chunk-64-sm-16,success,,,/mnt/data/dheeraj/dicertation/inference-profile/runs/revised-rerun-20260415-020401-g2-opt13b-c64-256/raw/points/prefill/prefill-facebook-opt-1-3b-chunk-64-sm-16.csv
facebook/opt-1.3b,64,gemm,q_proj,24,0,83.23200047016144,112365568,112627712,262144,262144,1024,2026-04-15T01:04:24Z,baseline_nvml_pt,nvidia-smi,ok,3.0,2538.0,1695.0,7601.0,71.58,0.10041599720716476,108.16015625,108.16015625,1.0,True,,93.0,51.5,82.5,estimated,,prefill-facebook-opt-1-3b-chunk-64-sm-24,success,,,/mnt/data/dheeraj/dicertation/inference-profile/runs/revised-rerun-20260415-020401-g2-opt13b-c64-256/raw/points/prefill/prefill-facebook-opt-1-3b-chunk-64-sm-24.csv
facebook/opt-1.3b,64,gemm,k_proj,24,0,75.83999633789062,112365568,112627712,262144,262144,1024,2026-04-15T01:04:24Z,baseline_nvml_pt,nvidia-smi,ok,3.0,2538.0,1695.0,7601.0,71.58,0.10041599720716476,108.16015625,108.16015625,1.0,True,,93.0,51.5,82.5,estimated,,prefill-facebook-opt-1-3b-chunk-64-sm-24,success,,,/mnt/data/dheeraj/dicertation/inference-profile/runs/revised-rerun-20260415-020401-g2-opt13b-c64-256/raw/points/prefill/prefill-facebook-opt-1-3b-chunk-64-sm-24.csv
facebook/opt-1.3b,64,gemm,v_proj,24,0,68.60800087451935,112365568,112627712,262144,262144,1024,2026-04-15T01:04:24Z,baseline_nvml_pt,nvidia-smi,ok,3.0,2538.0,1695.0,7601.0,71.58,0.10041599720716476,108.16015625,108.16015625,1.0,True,,93.0,51.5,82.5,estimated,,prefill-facebook-opt-1-3b-chunk-64-sm-24,success,,,/mnt/data/dheeraj/dicertation/inference-profile/runs/revised-rerun-20260415-020401-g2-opt13b-c64-256/raw/points/prefill/prefill-facebook-opt-1-3b-chunk-64-sm-24.csv
facebook/opt-1.3b,64,gemm,out_proj,24,0,76.80000364780426,112365568,112627712,262144,262144,1024,2026-04-15T01:04:24Z,baseline_nvml_pt,nvidia-smi,ok,3.0,2538.0,1695.0,7601.0,71.58,0.10041599720716476,108.16015625,108.16015625,1.0,True,,93.0,51.5,82.5,estimated,,prefill-facebook-opt-1-3b-chunk-64-sm-24,success,,,/mnt/data/dheeraj/dicertation/inference-profile/runs/revised-rerun-20260415-020401-g2-opt13b-c64-256/raw/points/prefill/prefill-facebook-opt-1-3b-chunk-64-sm-24.csv
facebook/opt-1.3b,64,gemm,fc1,24,0,97.28000313043594,112365568,113414144,1048576,1048576,1024,2026-04-15T01:04:24Z,baseline_nvml_pt,nvidia-smi,ok,3.0,2538.0,1695.0,7601.0,71.58,0.10041599720716476,108.16015625,108.16015625,1.0,True,,93.0,51.5,82.5,estimated,,prefill-facebook-opt-1-3b-chunk-64-sm-24,success,,,/mnt/data/dheeraj/dicertation/inference-profile/runs/revised-rerun-20260415-020401-g2-opt13b-c64-256/raw/points/prefill/prefill-facebook-opt-1-3b-chunk-64-sm-24.csv
facebook/opt-1.3b,64,gemm,fc2,24,0,100.41599720716476,112365568,112627712,262144,262144,1024,2026-04-15T01:04:24Z,baseline_nvml_pt,nvidia-smi,ok,3.0,2538.0,1695.0,7601.0,71.58,0.10041599720716476,108.16015625,108.16015625,1.0,True,,93.0,51.5,82.5,estimated,,prefill-facebook-opt-1-3b-chunk-64-sm-24,success,,,/mnt/data/dheeraj/dicertation/inference-profile/runs/revised-rerun-20260415-020401-g2-opt13b-c64-256/raw/points/prefill/prefill-facebook-opt-1-3b-chunk-64-sm-24.csv
facebook/opt-1.3b,64,attention,attention,24,0,59.26400050520897,112365568,112636928,271360,262144,1024,2026-04-15T01:04:24Z,baseline_nvml_pt,nvidia-smi,ok,3.0,2538.0,1695.0,7601.0,71.58,0.10041599720716476,108.16015625,108.16015625,1.0,True,,93.0,51.5,82.5,estimated,,prefill-facebook-opt-1-3b-chunk-64-sm-24,success,,,/mnt/data/dheeraj/dicertation/inference-profile/runs/revised-rerun-20260415-020401-g2-opt13b-c64-256/raw/points/prefill/prefill-facebook-opt-1-3b-chunk-64-sm-24.csv
facebook/opt-1.3b,64,gemm,q_proj,24,1,68.7360018491745,112365568,112627712,262144,262144,1024,2026-04-15T01:04:24Z,baseline_nvml_pt,nvidia-smi,ok,3.0,2538.0,1695.0,7601.0,71.58,0.10041599720716476,108.16015625,108.16015625,1.0,True,,93.0,51.5,82.5,estimated,,prefill-facebook-opt-1-3b-chunk-64-sm-24,success,,,/mnt/data/dheeraj/dicertation/inference-profile/runs/revised-rerun-20260415-020401-g2-opt13b-c64-256/raw/points/prefill/prefill-facebook-opt-1-3b-chunk-64-sm-24.csv
facebook/opt-1.3b,64,gemm,k_proj,24,1,67.58400052785873,112365568,112627712,262144,262144,1024,2026-04-15T01:04:24Z,baseline_nvml_pt,nvidia-smi,ok,3.0,2538.0,1695.0,7601.0,71.58,0.10041599720716476,108.16015625,108.16015625,1.0,True,,93.0,51.5,82.5,estimated,,prefill-facebook-opt-1-3b-chunk-64-sm-24,success,,,/mnt/data/dheeraj/dicertation/inference-profile/runs/revised-rerun-20260415-020401-g2-opt13b-c64-256/raw/points/prefill/prefill-facebook-opt-1-3b-chunk-64-sm-24.csv
facebook/opt-1.3b,64,gemm,v_proj,24,1,64.51199948787689,112365568,112627712,262144,262144,1024,2026-04-15T01:04:24Z,baseline_nvml_pt,nvidia-smi,ok,3.0,2538.0,1695.0,7601.0,71.58,0.10041599720716476,108.16015625,108.16015625,1.0,True,,93.0,51.5,82.5,estimated,,prefill-facebook-opt-1-3b-chunk-64-sm-24,success,,,/mnt/data/dheeraj/dicertation/inference-profile/runs/revised-rerun-20260415-020401-g2-opt13b-c64-256/raw/points/prefill/prefill-facebook-opt-1-3b-chunk-64-sm-24.csv
facebook/opt-1.3b,64,gemm,out_proj,24,1,64.7680014371872,112365568,112627712,262144,262144,1024,2026-04-15T01:04:24Z,baseline_nvml_pt,nvidia-smi,ok,3.0,2538.0,1695.0,7601.0,71.58,0.10041599720716476,108.16015625,108.16015625,1.0,True,,93.0,51.5,82.5,estimated,,prefill-facebook-opt-1-3b-chunk-64-sm-24,success,,,/mnt/data/dheeraj/dicertation/inference-profile/runs/revised-rerun-20260415-020401-g2-opt13b-c64-256/raw/points/prefill/prefill-facebook-opt-1-3b-chunk-64-sm-24.csv
facebook/opt-1.3b,64,gemm,fc1,24,1,95.23200243711472,112365568,113414144,1048576,1048576,1024,2026-04-15T01:04:24Z,baseline_nvml_pt,nvidia-smi,ok,3.0,2538.0,1695.0,7601.0,71.58,0.10041599720716476,108.16015625,108.16015625,1.0,True,,93.0,51.5,82.5,estimated,,prefill-facebook-opt-1-3b-chunk-64-sm-24,success,,,/mnt/data/dheeraj/dicertation/inference-profile/runs/revised-rerun-20260415-020401-g2-opt13b-c64-256/raw/points/prefill/prefill-facebook-opt-1-3b-chunk-64-sm-24.csv
facebook/opt-1.3b,64,gemm,fc2,24,1,100.35199671983719,112365568,112627712,262144,262144,1024,2026-04-15T01:04:24Z,baseline_nvml_pt,nvidia-smi,ok,3.0,2538.0,1695.0,7601.0,71.58,0.10041599720716476,108.16015625,108.16015625,1.0,True,,93.0,51.5,82.5,estimated,,prefill-facebook-opt-1-3b-chunk-64-sm-24,success,,,/mnt/data/dheeraj/dicertation/inference-profile/runs/revised-rerun-20260415-020401-g2-opt13b-c64-256/raw/points/prefill/prefill-facebook-opt-1-3b-chunk-64-sm-24.csv
facebook/opt-1.3b,64,attention,attention,24,1,56.32000043988228,112365568,112636928,271360,262144,1024,2026-04-15T01:04:24Z,baseline_nvml_pt,nvidia-smi,ok,3.0,2538.0,1695.0,7601.0,71.58,0.10041599720716476,108.16015625,108.16015625,1.0,True,,93.0,51.5,82.5,estimated,,prefill-facebook-opt-1-3b-chunk-64-sm-24,success,,,/mnt/data/dheeraj/dicertation/inference-profile/runs/revised-rerun-20260415-020401-g2-opt13b-c64-256/raw/points/prefill/prefill-facebook-opt-1-3b-chunk-64-sm-24.csv
facebook/opt-1.3b,64,gemm,q_proj,24,2,67.58400052785873,112365568,112627712,262144,262144,1024,2026-04-15T01:04:24Z,baseline_nvml_pt,nvidia-smi,ok,3.0,2538.0,1695.0,7601.0,71.58,0.10041599720716476,108.16015625,108.16015625,1.0,True,,93.0,51.5,82.5,estimated,,prefill-facebook-opt-1-3b-chunk-64-sm-24,success,,,/mnt/data/dheeraj/dicertation/inference-profile/runs/revised-rerun-20260415-020401-g2-opt13b-c64-256/raw/points/prefill/prefill-facebook-opt-1-3b-chunk-64-sm-24.csv
facebook/opt-1.3b,64,gemm,k_proj,24,2,72.7040022611618,112365568,112627712,262144,262144,1024,2026-04-15T01:04:24Z,baseline_nvml_pt,nvidia-smi,ok,3.0,2538.0,1695.0,7601.0,71.58,0.10041599720716476,108.16015625,108.16015625,1.0,True,,93.0,51.5,82.5,estimated,,prefill-facebook-opt-1-3b-chunk-64-sm-24,success,,,/mnt/data/dheeraj/dicertation/inference-profile/runs/revised-rerun-20260415-020401-g2-opt13b-c64-256/raw/points/prefill/prefill-facebook-opt-1-3b-chunk-64-sm-24.csv
facebook/opt-1.3b,64,gemm,v_proj,24,2,64.51199948787689,112365568,112627712,262144,262144,1024,2026-04-15T01:04:24Z,baseline_nvml_pt,nvidia-smi,ok,3.0,2538.0,1695.0,7601.0,71.58,0.10041599720716476,108.16015625,108.16015625,1.0,True,,93.0,51.5,82.5,estimated,,prefill-facebook-opt-1-3b-chunk-64-sm-24,success,,,/mnt/data/dheeraj/dicertation/inference-profile/runs/revised-rerun-20260415-020401-g2-opt13b-c64-256/raw/points/prefill/prefill-facebook-opt-1-3b-chunk-64-sm-24.csv
facebook/opt-1.3b,64,gemm,out_proj,24,2,66.56000018119812,112365568,112627712,262144,262144,1024,2026-04-15T01:04:24Z,baseline_nvml_pt,nvidia-smi,ok,3.0,2538.0,1695.0,7601.0,71.58,0.10041599720716476,108.16015625,108.16015625,1.0,True,,93.0,51.5,82.5,estimated,,prefill-facebook-opt-1-3b-chunk-64-sm-24,success,,,/mnt/data/dheeraj/dicertation/inference-profile/runs/revised-rerun-20260415-020401-g2-opt13b-c64-256/raw/points/prefill/prefill-facebook-opt-1-3b-chunk-64-sm-24.csv
facebook/opt-1.3b,64,gemm,fc1,24,2,97.28000313043594,112365568,113414144,1048576,1048576,1024,2026-04-15T01:04:24Z,baseline_nvml_pt,nvidia-smi,ok,3.0,2538.0,1695.0,7601.0,71.58,0.10041599720716476,108.16015625,108.16015625,1.0,True,,93.0,51.5,82.5,estimated,,prefill-facebook-opt-1-3b-chunk-64-sm-24,success,,,/mnt/data/dheeraj/dicertation/inference-profile/runs/revised-rerun-20260415-020401-g2-opt13b-c64-256/raw/points/prefill/prefill-facebook-opt-1-3b-chunk-64-sm-24.csv
facebook/opt-1.3b,64,gemm,fc2,24,2,97.28000313043594,112365568,112627712,262144,262144,1024,2026-04-15T01:04:24Z,baseline_nvml_pt,nvidia-smi,ok,3.0,2538.0,1695.0,7601.0,71.58,0.10041599720716476,108.16015625,108.16015625,1.0,True,,93.0,51.5,82.5,estimated,,prefill-facebook-opt-1-3b-chunk-64-sm-24,success,,,/mnt/data/dheeraj/dicertation/inference-profile/runs/revised-rerun-20260415-020401-g2-opt13b-c64-256/raw/points/prefill/prefill-facebook-opt-1-3b-chunk-64-sm-24.csv
facebook/opt-1.3b,64,attention,attention,24,2,57.11999908089638,112365568,112636928,271360,262144,1024,2026-04-15T01:04:24Z,baseline_nvml_pt,nvidia-smi,ok,3.0,2538.0,1695.0,7601.0,71.58,0.10041599720716476,108.16015625,108.16015625,1.0,True,,93.0,51.5,82.5,estimated,,prefill-facebook-opt-1-3b-chunk-64-sm-24,success,,,/mnt/data/dheeraj/dicertation/inference-profile/runs/revised-rerun-20260415-020401-g2-opt13b-c64-256/raw/points/prefill/prefill-facebook-opt-1-3b-chunk-64-sm-24.csv
facebook/opt-1.3b,64,gemm,q_proj,24,3,68.60800087451935,112365568,112627712,262144,262144,1024,2026-04-15T01:04:24Z,baseline_nvml_pt,nvidia-smi,ok,3.0,2538.0,1695.0,7601.0,71.58,0.10041599720716476,108.16015625,108.16015625,1.0,True,,93.0,51.5,82.5,estimated,,prefill-facebook-opt-1-3b-chunk-64-sm-24,success,,,/mnt/data/dheeraj/dicertation/inference-profile/runs/revised-rerun-20260415-020401-g2-opt13b-c64-256/raw/points/prefill/prefill-facebook-opt-1-3b-chunk-64-sm-24.csv
facebook/opt-1.3b,64,gemm,k_proj,24,3,65.63200056552887,112365568,112627712,262144,262144,1024,2026-04-15T01:04:24Z,baseline_nvml_pt,nvidia-smi,ok,3.0,2538.0,1695.0,7601.0,71.58,0.10041599720716476,108.16015625,108.16015625,1.0,True,,93.0,51.5,82.5,estimated,,prefill-facebook-opt-1-3b-chunk-64-sm-24,success,,,/mnt/data/dheeraj/dicertation/inference-profile/runs/revised-rerun-20260415-020401-g2-opt13b-c64-256/raw/points/prefill/prefill-facebook-opt-1-3b-chunk-64-sm-24.csv
facebook/opt-1.3b,64,gemm,v_proj,24,3,65.5359998345375,112365568,112627712,262144,262144,1024,2026-04-15T01:04:24Z,baseline_nvml_pt,nvidia-smi,ok,3.0,2538.0,1695.0,7601.0,71.58,0.10041599720716476,108.16015625,108.16015625,1.0,True,,93.0,51.5,82.5,estimated,,prefill-facebook-opt-1-3b-chunk-64-sm-24,success,,,/mnt/data/dheeraj/dicertation/inference-profile/runs/revised-rerun-20260415-020401-g2-opt13b-c64-256/raw/points/prefill/prefill-facebook-opt-1-3b-chunk-64-sm-24.csv
facebook/opt-1.3b,64,gemm,out_proj,24,3,65.5359998345375,112365568,112627712,262144,262144,1024,2026-04-15T01:04:24Z,baseline_nvml_pt,nvidia-smi,ok,3.0,2538.0,1695.0,7601.0,71.58,0.10041599720716476,108.16015625,108.16015625,1.0,True,,93.0,51.5,82.5,estimated,,prefill-facebook-opt-1-3b-chunk-64-sm-24,success,,,/mnt/data/dheeraj/dicertation/inference-profile/runs/revised-rerun-20260415-020401-g2-opt13b-c64-256/raw/points/prefill/prefill-facebook-opt-1-3b-chunk-64-sm-24.csv
facebook/opt-1.3b,64,gemm,fc1,24,3,96.25600278377533,112365568,113414144,1048576,1048576,1024,2026-04-15T01:04:24Z,baseline_nvml_pt,nvidia-smi,ok,3.0,2538.0,1695.0,7601.0,71.58,0.10041599720716476,108.16015625,108.16015625,1.0,True,,93.0,51.5,82.5,estimated,,prefill-facebook-opt-1-3b-chunk-64-sm-24,success,,,/mnt/data/dheeraj/dicertation/inference-profile/runs/revised-rerun-20260415-020401-g2-opt13b-c64-256/raw/points/prefill/prefill-facebook-opt-1-3b-chunk-64-sm-24.csv
facebook/opt-1.3b,64,gemm,fc2,24,3,97.28000313043594,112365568,112627712,262144,262144,1024,2026-04-15T01:04:24Z,baseline_nvml_pt,nvidia-smi,ok,3.0,2538.0,1695.0,7601.0,71.58,0.10041599720716476,108.16015625,108.16015625,1.0,True,,93.0,51.5,82.5,estimated,,prefill-facebook-opt-1-3b-chunk-64-sm-24,success,,,/mnt/data/dheeraj/dicertation/inference-profile/runs/revised-rerun-20260415-020401-g2-opt13b-c64-256/raw/points/prefill/prefill-facebook-opt-1-3b-chunk-64-sm-24.csv
facebook/opt-1.3b,64,attention,attention,24,3,55.26399984955788,112365568,112636928,271360,262144,1024,2026-04-15T01:04:24Z,baseline_nvml_pt,nvidia-smi,ok,3.0,2538.0,1695.0,7601.0,71.58,0.10041599720716476,108.16015625,108.16015625,1.0,True,,93.0,51.5,82.5,estimated,,prefill-facebook-opt-1-3b-chunk-64-sm-24,success,,,/mnt/data/dheeraj/dicertation/inference-profile/runs/revised-rerun-20260415-020401-g2-opt13b-c64-256/raw/points/prefill/prefill-facebook-opt-1-3b-chunk-64-sm-24.csv
facebook/opt-1.3b,64,gemm,q_proj,24,4,67.32799857854843,112365568,112627712,262144,262144,1024,2026-04-15T01:04:24Z,baseline_nvml_pt,nvidia-smi,ok,3.0,2538.0,1695.0,7601.0,71.58,0.10041599720716476,108.16015625,108.16015625,1.0,True,,93.0,51.5,82.5,estimated,,prefill-facebook-opt-1-3b-chunk-64-sm-24,success,,,/mnt/data/dheeraj/dicertation/inference-profile/runs/revised-rerun-20260415-020401-g2-opt13b-c64-256/raw/points/prefill/prefill-facebook-opt-1-3b-chunk-64-sm-24.csv
facebook/opt-1.3b,64,gemm,k_proj,24,4,64.51199948787689,112365568,112627712,262144,262144,1024,2026-04-15T01:04:24Z,baseline_nvml_pt,nvidia-smi,ok,3.0,2538.0,1695.0,7601.0,71.58,0.10041599720716476,108.16015625,108.16015625,1.0,True,,93.0,51.5,82.5,estimated,,prefill-facebook-opt-1-3b-chunk-64-sm-24,success,,,/mnt/data/dheeraj/dicertation/inference-profile/runs/revised-rerun-20260415-020401-g2-opt13b-c64-256/raw/points/prefill/prefill-facebook-opt-1-3b-chunk-64-sm-24.csv
facebook/opt-1.3b,64,gemm,v_proj,24,4,64.51199948787689,112365568,112627712,262144,262144,1024,2026-04-15T01:04:24Z,baseline_nvml_pt,nvidia-smi,ok,3.0,2538.0,1695.0,7601.0,71.58,0.10041599720716476,108.16015625,108.16015625,1.0,True,,93.0,51.5,82.5,estimated,,prefill-facebook-opt-1-3b-chunk-64-sm-24,success,,,/mnt/data/dheeraj/dicertation/inference-profile/runs/revised-rerun-20260415-020401-g2-opt13b-c64-256/raw/points/prefill/prefill-facebook-opt-1-3b-chunk-64-sm-24.csv
facebook/opt-1.3b,64,gemm,out_proj,24,4,64.41599875688553,112365568,112627712,262144,262144,1024,2026-04-15T01:04:24Z,baseline_nvml_pt,nvidia-smi,ok,3.0,2538.0,1695.0,7601.0,71.58,0.10041599720716476,108.16015625,108.16015625,1.0,True,,93.0,51.5,82.5,estimated,,prefill-facebook-opt-1-3b-chunk-64-sm-24,success,,,/mnt/data/dheeraj/dicertation/inference-profile/runs/revised-rerun-20260415-020401-g2-opt13b-c64-256/raw/points/prefill/prefill-facebook-opt-1-3b-chunk-64-sm-24.csv
facebook/opt-1.3b,64,gemm,fc1,24,4,95.23200243711472,112365568,113414144,1048576,1048576,1024,2026-04-15T01:04:24Z,baseline_nvml_pt,nvidia-smi,ok,3.0,2538.0,1695.0,7601.0,71.58,0.10041599720716476,108.16015625,108.16015625,1.0,True,,93.0,51.5,82.5,estimated,,prefill-facebook-opt-1-3b-chunk-64-sm-24,success,,,/mnt/data/dheeraj/dicertation/inference-profile/runs/revised-rerun-20260415-020401-g2-opt13b-c64-256/raw/points/prefill/prefill-facebook-opt-1-3b-chunk-64-sm-24.csv
facebook/opt-1.3b,64,gemm,fc2,24,4,98.04800152778625,112365568,112627712,262144,262144,1024,2026-04-15T01:04:24Z,baseline_nvml_pt,nvidia-smi,ok,3.0,2538.0,1695.0,7601.0,71.58,0.10041599720716476,108.16015625,108.16015625,1.0,True,,93.0,51.5,82.5,estimated,,prefill-facebook-opt-1-3b-chunk-64-sm-24,success,,,/mnt/data/dheeraj/dicertation/inference-profile/runs/revised-rerun-20260415-020401-g2-opt13b-c64-256/raw/points/prefill/prefill-facebook-opt-1-3b-chunk-64-sm-24.csv
facebook/opt-1.3b,64,attention,attention,24,4,55.32800033688545,112365568,112636928,271360,262144,1024,2026-04-15T01:04:24Z,baseline_nvml_pt,nvidia-smi,ok,3.0,2538.0,1695.0,7601.0,71.58,0.10041599720716476,108.16015625,108.16015625,1.0,True,,93.0,51.5,82.5,estimated,,prefill-facebook-opt-1-3b-chunk-64-sm-24,success,,,/mnt/data/dheeraj/dicertation/inference-profile/runs/revised-rerun-20260415-020401-g2-opt13b-c64-256/raw/points/prefill/prefill-facebook-opt-1-3b-chunk-64-sm-24.csv
facebook/opt-1.3b,64,gemm,q_proj,32,0,98.43199700117111,112365568,112627712,262144,262144,1024,2026-04-15T01:04:28Z,baseline_nvml_pt,nvidia-smi,ok,4.0,2536.0,1695.0,7601.0,71.05,0.10035199671983719,108.16015625,108.16015625,1.0,True,,100.0,46.0,89.99999999999999,estimated,,prefill-facebook-opt-1-3b-chunk-64-sm-32,success,,,/mnt/data/dheeraj/dicertation/inference-profile/runs/revised-rerun-20260415-020401-g2-opt13b-c64-256/raw/points/prefill/prefill-facebook-opt-1-3b-chunk-64-sm-32.csv
facebook/opt-1.3b,64,gemm,k_proj,32,0,79.8719972372055,112365568,112627712,262144,262144,1024,2026-04-15T01:04:28Z,baseline_nvml_pt,nvidia-smi,ok,4.0,2536.0,1695.0,7601.0,71.05,0.10035199671983719,108.16015625,108.16015625,1.0,True,,100.0,46.0,89.99999999999999,estimated,,prefill-facebook-opt-1-3b-chunk-64-sm-32,success,,,/mnt/data/dheeraj/dicertation/inference-profile/runs/revised-rerun-20260415-020401-g2-opt13b-c64-256/raw/points/prefill/prefill-facebook-opt-1-3b-chunk-64-sm-32.csv
facebook/opt-1.3b,64,gemm,v_proj,32,0,70.65600156784058,112365568,112627712,262144,262144,1024,2026-04-15T01:04:28Z,baseline_nvml_pt,nvidia-smi,ok,4.0,2536.0,1695.0,7601.0,71.05,0.10035199671983719,108.16015625,108.16015625,1.0,True,,100.0,46.0,89.99999999999999,estimated,,prefill-facebook-opt-1-3b-chunk-64-sm-32,success,,,/mnt/data/dheeraj/dicertation/inference-profile/runs/revised-rerun-20260415-020401-g2-opt13b-c64-256/raw/points/prefill/prefill-facebook-opt-1-3b-chunk-64-sm-32.csv
facebook/opt-1.3b,64,gemm,out_proj,32,0,73.95199686288834,112365568,112627712,262144,262144,1024,2026-04-15T01:04:28Z,baseline_nvml_pt,nvidia-smi,ok,4.0,2536.0,1695.0,7601.0,71.05,0.10035199671983719,108.16015625,108.16015625,1.0,True,,100.0,46.0,89.99999999999999,estimated,,prefill-facebook-opt-1-3b-chunk-64-sm-32,success,,,/mnt/data/dheeraj/dicertation/inference-profile/runs/revised-rerun-20260415-020401-g2-opt13b-c64-256/raw/points/prefill/prefill-facebook-opt-1-3b-chunk-64-sm-32.csv
facebook/opt-1.3b,64,gemm,fc1,32,0,98.30400347709656,112365568,113414144,1048576,1048576,1024,2026-04-15T01:04:28Z,baseline_nvml_pt,nvidia-smi,ok,4.0,2536.0,1695.0,7601.0,71.05,0.10035199671983719,108.16015625,108.16015625,1.0,True,,100.0,46.0,89.99999999999999,estimated,,prefill-facebook-opt-1-3b-chunk-64-sm-32,success,,,/mnt/data/dheeraj/dicertation/inference-profile/runs/revised-rerun-20260415-020401-g2-opt13b-c64-256/raw/points/prefill/prefill-facebook-opt-1-3b-chunk-64-sm-32.csv
facebook/opt-1.3b,64,gemm,fc2,32,0,100.35199671983719,112365568,112627712,262144,262144,1024,2026-04-15T01:04:28Z,baseline_nvml_pt,nvidia-smi,ok,4.0,2536.0,1695.0,7601.0,71.05,0.10035199671983719,108.16015625,108.16015625,1.0,True,,100.0,46.0,89.99999999999999,estimated,,prefill-facebook-opt-1-3b-chunk-64-sm-32,success,,,/mnt/data/dheeraj/dicertation/inference-profile/runs/revised-rerun-20260415-020401-g2-opt13b-c64-256/raw/points/prefill/prefill-facebook-opt-1-3b-chunk-64-sm-32.csv
facebook/opt-1.3b,64,attention,attention,32,0,59.39200147986412,112365568,112636928,271360,262144,1024,2026-04-15T01:04:28Z,baseline_nvml_pt,nvidia-smi,ok,4.0,2536.0,1695.0,7601.0,71.05,0.10035199671983719,108.16015625,108.16015625,1.0,True,,100.0,46.0,89.99999999999999,estimated,,prefill-facebook-opt-1-3b-chunk-64-sm-32,success,,,/mnt/data/dheeraj/dicertation/inference-profile/runs/revised-rerun-20260415-020401-g2-opt13b-c64-256/raw/points/prefill/prefill-facebook-opt-1-3b-chunk-64-sm-32.csv
facebook/opt-1.3b,64,gemm,q_proj,32,1,71.6480016708374,112365568,112627712,262144,262144,1024,2026-04-15T01:04:28Z,baseline_nvml_pt,nvidia-smi,ok,4.0,2536.0,1695.0,7601.0,71.05,0.10035199671983719,108.16015625,108.16015625,1.0,True,,100.0,46.0,89.99999999999999,estimated,,prefill-facebook-opt-1-3b-chunk-64-sm-32,success,,,/mnt/data/dheeraj/dicertation/inference-profile/runs/revised-rerun-20260415-020401-g2-opt13b-c64-256/raw/points/prefill/prefill-facebook-opt-1-3b-chunk-64-sm-32.csv
facebook/opt-1.3b,64,gemm,k_proj,32,1,67.77600198984146,112365568,112627712,262144,262144,1024,2026-04-15T01:04:28Z,baseline_nvml_pt,nvidia-smi,ok,4.0,2536.0,1695.0,7601.0,71.05,0.10035199671983719,108.16015625,108.16015625,1.0,True,,100.0,46.0,89.99999999999999,estimated,,prefill-facebook-opt-1-3b-chunk-64-sm-32,success,,,/mnt/data/dheeraj/dicertation/inference-profile/runs/revised-rerun-20260415-020401-g2-opt13b-c64-256/raw/points/prefill/prefill-facebook-opt-1-3b-chunk-64-sm-32.csv
facebook/opt-1.3b,64,gemm,v_proj,32,1,63.48799914121628,112365568,112627712,262144,262144,1024,2026-04-15T01:04:28Z,baseline_nvml_pt,nvidia-smi,ok,4.0,2536.0,1695.0,7601.0,71.05,0.10035199671983719,108.16015625,108.16015625,1.0,True,,100.0,46.0,89.99999999999999,estimated,,prefill-facebook-opt-1-3b-chunk-64-sm-32,success,,,/mnt/data/dheeraj/dicertation/inference-profile/runs/revised-rerun-20260415-020401-g2-opt13b-c64-256/raw/points/prefill/prefill-facebook-opt-1-3b-chunk-64-sm-32.csv
facebook/opt-1.3b,64,gemm,out_proj,32,1,66.49599969387054,112365568,112627712,262144,262144,1024,2026-04-15T01:04:28Z,baseline_nvml_pt,nvidia-smi,ok,4.0,2536.0,1695.0,7601.0,71.05,0.10035199671983719,108.16015625,108.16015625,1.0,True,,100.0,46.0,89.99999999999999,estimated,,prefill-facebook-opt-1-3b-chunk-64-sm-32,success,,,/mnt/data/dheeraj/dicertation/inference-profile/runs/revised-rerun-20260415-020401-g2-opt13b-c64-256/raw/points/prefill/prefill-facebook-opt-1-3b-chunk-64-sm-32.csv
facebook/opt-1.3b,64,gemm,fc1,32,1,96.19200229644775,112365568,113414144,1048576,1048576,1024,2026-04-15T01:04:28Z,baseline_nvml_pt,nvidia-smi,ok,4.0,2536.0,1695.0,7601.0,71.05,0.10035199671983719,108.16015625,108.16015625,1.0,True,,100.0,46.0,89.99999999999999,estimated,,prefill-facebook-opt-1-3b-chunk-64-sm-32,success,,,/mnt/data/dheeraj/dicertation/inference-profile/runs/revised-rerun-20260415-020401-g2-opt13b-c64-256/raw/points/prefill/prefill-facebook-opt-1-3b-chunk-64-sm-32.csv
facebook/opt-1.3b,64,gemm,fc2,32,1,97.28000313043594,112365568,112627712,262144,262144,1024,2026-04-15T01:04:28Z,baseline_nvml_pt,nvidia-smi,ok,4.0,2536.0,1695.0,7601.0,71.05,0.10035199671983719,108.16015625,108.16015625,1.0,True,,100.0,46.0,89.99999999999999,estimated,,prefill-facebook-opt-1-3b-chunk-64-sm-32,success,,,/mnt/data/dheeraj/dicertation/inference-profile/runs/revised-rerun-20260415-020401-g2-opt13b-c64-256/raw/points/prefill/prefill-facebook-opt-1-3b-chunk-64-sm-32.csv
facebook/opt-1.3b,64,attention,attention,32,1,62.463998794555664,112365568,112636928,271360,262144,1024,2026-04-15T01:04:28Z,baseline_nvml_pt,nvidia-smi,ok,4.0,2536.0,1695.0,7601.0,71.05,0.10035199671983719,108.16015625,108.16015625,1.0,True,,100.0,46.0,89.99999999999999,estimated,,prefill-facebook-opt-1-3b-chunk-64-sm-32,success,,,/mnt/data/dheeraj/dicertation/inference-profile/runs/revised-rerun-20260415-020401-g2-opt13b-c64-256/raw/points/prefill/prefill-facebook-opt-1-3b-chunk-64-sm-32.csv
facebook/opt-1.3b,64,gemm,q_proj,32,2,69.63200122117996,112365568,112627712,262144,262144,1024,2026-04-15T01:04:28Z,baseline_nvml_pt,nvidia-smi,ok,4.0,2536.0,1695.0,7601.0,71.05,0.10035199671983719,108.16015625,108.16015625,1.0,True,,100.0,46.0,89.99999999999999,estimated,,prefill-facebook-opt-1-3b-chunk-64-sm-32,success,,,/mnt/data/dheeraj/dicertation/inference-profile/runs/revised-rerun-20260415-020401-g2-opt13b-c64-256/raw/points/prefill/prefill-facebook-opt-1-3b-chunk-64-sm-32.csv
facebook/opt-1.3b,64,gemm,k_proj,32,2,78.68800312280655,112365568,112627712,262144,262144,1024,2026-04-15T01:04:28Z,baseline_nvml_pt,nvidia-smi,ok,4.0,2536.0,1695.0,7601.0,71.05,0.10035199671983719,108.16015625,108.16015625,1.0,True,,100.0,46.0,89.99999999999999,estimated,,prefill-facebook-opt-1-3b-chunk-64-sm-32,success,,,/mnt/data/dheeraj/dicertation/inference-profile/runs/revised-rerun-20260415-020401-g2-opt13b-c64-256/raw/points/prefill/prefill-facebook-opt-1-3b-chunk-64-sm-32.csv
facebook/opt-1.3b,64,gemm,v_proj,32,2,66.56000018119812,112365568,112627712,262144,262144,1024,2026-04-15T01:04:28Z,baseline_nvml_pt,nvidia-smi,ok,4.0,2536.0,1695.0,7601.0,71.05,0.10035199671983719,108.16015625,108.16015625,1.0,True,,100.0,46.0,89.99999999999999,estimated,,prefill-facebook-opt-1-3b-chunk-64-sm-32,success,,,/mnt/data/dheeraj/dicertation/inference-profile/runs/revised-rerun-20260415-020401-g2-opt13b-c64-256/raw/points/prefill/prefill-facebook-opt-1-3b-chunk-64-sm-32.csv
facebook/opt-1.3b,64,gemm,out_proj,32,2,63.64800035953522,112365568,112627712,262144,262144,1024,2026-04-15T01:04:28Z,baseline_nvml_pt,nvidia-smi,ok,4.0,2536.0,1695.0,7601.0,71.05,0.10035199671983719,108.16015625,108.16015625,1.0,True,,100.0,46.0,89.99999999999999,estimated,,prefill-facebook-opt-1-3b-chunk-64-sm-32,success,,,/mnt/data/dheeraj/dicertation/inference-profile/runs/revised-rerun-20260415-020401-g2-opt13b-c64-256/raw/points/prefill/prefill-facebook-opt-1-3b-chunk-64-sm-32.csv
facebook/opt-1.3b,64,gemm,fc1,32,2,96.25600278377533,112365568,113414144,1048576,1048576,1024,2026-04-15T01:04:28Z,baseline_nvml_pt,nvidia-smi,ok,4.0,2536.0,1695.0,7601.0,71.05,0.10035199671983719,108.16015625,108.16015625,1.0,True,,100.0,46.0,89.99999999999999,estimated,,prefill-facebook-opt-1-3b-chunk-64-sm-32,success,,,/mnt/data/dheeraj/dicertation/inference-profile/runs/revised-rerun-20260415-020401-g2-opt13b-c64-256/raw/points/prefill/prefill-facebook-opt-1-3b-chunk-64-sm-32.csv
facebook/opt-1.3b,64,gemm,fc2,32,2,100.25600343942642,112365568,112627712,262144,262144,1024,2026-04-15T01:04:28Z,baseline_nvml_pt,nvidia-smi,ok,4.0,2536.0,1695.0,7601.0,71.05,0.10035199671983719,108.16015625,108.16015625,1.0,True,,100.0,46.0,89.99999999999999,estimated,,prefill-facebook-opt-1-3b-chunk-64-sm-32,success,,,/mnt/data/dheeraj/dicertation/inference-profile/runs/revised-rerun-20260415-020401-g2-opt13b-c64-256/raw/points/prefill/prefill-facebook-opt-1-3b-chunk-64-sm-32.csv
facebook/opt-1.3b,64,attention,attention,32,2,57.0559985935688,112365568,112636928,271360,262144,1024,2026-04-15T01:04:28Z,baseline_nvml_pt,nvidia-smi,ok,4.0,2536.0,1695.0,7601.0,71.05,0.10035199671983719,108.16015625,108.16015625,1.0,True,,100.0,46.0,89.99999999999999,estimated,,prefill-facebook-opt-1-3b-chunk-64-sm-32,success,,,/mnt/data/dheeraj/dicertation/inference-profile/runs/revised-rerun-20260415-020401-g2-opt13b-c64-256/raw/points/prefill/prefill-facebook-opt-1-3b-chunk-64-sm-32.csv
facebook/opt-1.3b,64,gemm,q_proj,32,3,67.32799857854843,112365568,112627712,262144,262144,1024,2026-04-15T01:04:28Z,baseline_nvml_pt,nvidia-smi,ok,4.0,2536.0,1695.0,7601.0,71.05,0.10035199671983719,108.16015625,108.16015625,1.0,True,,100.0,46.0,89.99999999999999,estimated,,prefill-facebook-opt-1-3b-chunk-64-sm-32,success,,,/mnt/data/dheeraj/dicertation/inference-profile/runs/revised-rerun-20260415-020401-g2-opt13b-c64-256/raw/points/prefill/prefill-facebook-opt-1-3b-chunk-64-sm-32.csv
facebook/opt-1.3b,64,gemm,k_proj,32,3,72.64000177383423,112365568,112627712,262144,262144,1024,2026-04-15T01:04:28Z,baseline_nvml_pt,nvidia-smi,ok,4.0,2536.0,1695.0,7601.0,71.05,0.10035199671983719,108.16015625,108.16015625,1.0,True,,100.0,46.0,89.99999999999999,estimated,,prefill-facebook-opt-1-3b-chunk-64-sm-32,success,,,/mnt/data/dheeraj/dicertation/inference-profile/runs/revised-rerun-20260415-020401-g2-opt13b-c64-256/raw/points/prefill/prefill-facebook-opt-1-3b-chunk-64-sm-32.csv
facebook/opt-1.3b,64,gemm,v_proj,32,3,67.32799857854843,112365568,112627712,262144,262144,1024,2026-04-15T01:04:28Z,baseline_nvml_pt,nvidia-smi,ok,4.0,2536.0,1695.0,7601.0,71.05,0.10035199671983719,108.16015625,108.16015625,1.0,True,,100.0,46.0,89.99999999999999,estimated,,prefill-facebook-opt-1-3b-chunk-64-sm-32,success,,,/mnt/data/dheeraj/dicertation/inference-profile/runs/revised-rerun-20260415-020401-g2-opt13b-c64-256/raw/points/prefill/prefill-facebook-opt-1-3b-chunk-64-sm-32.csv
facebook/opt-1.3b,64,gemm,out_proj,32,3,65.34399837255478,112365568,112627712,262144,262144,1024,2026-04-15T01:04:28Z,baseline_nvml_pt,nvidia-smi,ok,4.0,2536.0,1695.0,7601.0,71.05,0.10035199671983719,108.16015625,108.16015625,1.0,True,,100.0,46.0,89.99999999999999,estimated,,prefill-facebook-opt-1-3b-chunk-64-sm-32,success,,,/mnt/data/dheeraj/dicertation/inference-profile/runs/revised-rerun-20260415-020401-g2-opt13b-c64-256/raw/points/prefill/prefill-facebook-opt-1-3b-chunk-64-sm-32.csv
facebook/opt-1.3b,64,gemm,fc1,32,3,98.30400347709656,112365568,113414144,1048576,1048576,1024,2026-04-15T01:04:28Z,baseline_nvml_pt,nvidia-smi,ok,4.0,2536.0,1695.0,7601.0,71.05,0.10035199671983719,108.16015625,108.16015625,1.0,True,,100.0,46.0,89.99999999999999,estimated,,prefill-facebook-opt-1-3b-chunk-64-sm-32,success,,,/mnt/data/dheeraj/dicertation/inference-profile/runs/revised-rerun-20260415-020401-g2-opt13b-c64-256/raw/points/prefill/prefill-facebook-opt-1-3b-chunk-64-sm-32.csv
facebook/opt-1.3b,64,gemm,fc2,32,3,97.28000313043594,112365568,112627712,262144,262144,1024,2026-04-15T01:04:28Z,baseline_nvml_pt,nvidia-smi,ok,4.0,2536.0,1695.0,7601.0,71.05,0.10035199671983719,108.16015625,108.16015625,1.0,True,,100.0,46.0,89.99999999999999,estimated,,prefill-facebook-opt-1-3b-chunk-64-sm-32,success,,,/mnt/data/dheeraj/dicertation/inference-profile/runs/revised-rerun-20260415-020401-g2-opt13b-c64-256/raw/points/prefill/prefill-facebook-opt-1-3b-chunk-64-sm-32.csv
facebook/opt-1.3b,64,attention,attention,32,3,55.1999993622303,112365568,112636928,271360,262144,1024,2026-04-15T01:04:28Z,baseline_nvml_pt,nvidia-smi,ok,4.0,2536.0,1695.0,7601.0,71.05,0.10035199671983719,108.16015625,108.16015625,1.0,True,,100.0,46.0,89.99999999999999,estimated,,prefill-facebook-opt-1-3b-chunk-64-sm-32,success,,,/mnt/data/dheeraj/dicertation/inference-profile/runs/revised-rerun-20260415-020401-g2-opt13b-c64-256/raw/points/prefill/prefill-facebook-opt-1-3b-chunk-64-sm-32.csv
facebook/opt-1.3b,64,gemm,q_proj,32,4,67.58400052785873,112365568,112627712,262144,262144,1024,2026-04-15T01:04:28Z,baseline_nvml_pt,nvidia-smi,ok,4.0,2536.0,1695.0,7601.0,71.05,0.10035199671983719,108.16015625,108.16015625,1.0,True,,100.0,46.0,89.99999999999999,estimated,,prefill-facebook-opt-1-3b-chunk-64-sm-32,success,,,/mnt/data/dheeraj/dicertation/inference-profile/runs/revised-rerun-20260415-020401-g2-opt13b-c64-256/raw/points/prefill/prefill-facebook-opt-1-3b-chunk-64-sm-32.csv
facebook/opt-1.3b,64,gemm,k_proj,32,4,65.72800129652023,112365568,112627712,262144,262144,1024,2026-04-15T01:04:28Z,baseline_nvml_pt,nvidia-smi,ok,4.0,2536.0,1695.0,7601.0,71.05,0.10035199671983719,108.16015625,108.16015625,1.0,True,,100.0,46.0,89.99999999999999,estimated,,prefill-facebook-opt-1-3b-chunk-64-sm-32,success,,,/mnt/data/dheeraj/dicertation/inference-profile/runs/revised-rerun-20260415-020401-g2-opt13b-c64-256/raw/points/prefill/prefill-facebook-opt-1-3b-chunk-64-sm-32.csv
facebook/opt-1.3b,64,gemm,v_proj,32,4,65.34399837255478,112365568,112627712,262144,262144,1024,2026-04-15T01:04:28Z,baseline_nvml_pt,nvidia-smi,ok,4.0,2536.0,1695.0,7601.0,71.05,0.10035199671983719,108.16015625,108.16015625,1.0,True,,100.0,46.0,89.99999999999999,estimated,,prefill-facebook-opt-1-3b-chunk-64-sm-32,success,,,/mnt/data/dheeraj/dicertation/inference-profile/runs/revised-rerun-20260415-020401-g2-opt13b-c64-256/raw/points/prefill/prefill-facebook-opt-1-3b-chunk-64-sm-32.csv
facebook/opt-1.3b,64,gemm,out_proj,32,4,63.4239986538887,112365568,112627712,262144,262144,1024,2026-04-15T01:04:28Z,baseline_nvml_pt,nvidia-smi,ok,4.0,2536.0,1695.0,7601.0,71.05,0.10035199671983719,108.16015625,108.16015625,1.0,True,,100.0,46.0,89.99999999999999,estimated,,prefill-facebook-opt-1-3b-chunk-64-sm-32,success,,,/mnt/data/dheeraj/dicertation/inference-profile/runs/revised-rerun-20260415-020401-g2-opt13b-c64-256/raw/points/prefill/prefill-facebook-opt-1-3b-chunk-64-sm-32.csv
facebook/opt-1.3b,64,gemm,fc1,32,4,96.25600278377533,112365568,113414144,1048576,1048576,1024,2026-04-15T01:04:28Z,baseline_nvml_pt,nvidia-smi,ok,4.0,2536.0,1695.0,7601.0,71.05,0.10035199671983719,108.16015625,108.16015625,1.0,True,,100.0,46.0,89.99999999999999,estimated,,prefill-facebook-opt-1-3b-chunk-64-sm-32,success,,,/mnt/data/dheeraj/dicertation/inference-profile/runs/revised-rerun-20260415-020401-g2-opt13b-c64-256/raw/points/prefill/prefill-facebook-opt-1-3b-chunk-64-sm-32.csv
facebook/opt-1.3b,64,gemm,fc2,32,4,97.02400118112564,112365568,112627712,262144,262144,1024,2026-04-15T01:04:28Z,baseline_nvml_pt,nvidia-smi,ok,4.0,2536.0,1695.0,7601.0,71.05,0.10035199671983719,108.16015625,108.16015625,1.0,True,,100.0,46.0,89.99999999999999,estimated,,prefill-facebook-opt-1-3b-chunk-64-sm-32,success,,,/mnt/data/dheeraj/dicertation/inference-profile/runs/revised-rerun-20260415-020401-g2-opt13b-c64-256/raw/points/prefill/prefill-facebook-opt-1-3b-chunk-64-sm-32.csv
facebook/opt-1.3b,64,attention,attention,32,4,55.296000093221664,112365568,112636928,271360,262144,1024,2026-04-15T01:04:28Z,baseline_nvml_pt,nvidia-smi,ok,4.0,2536.0,1695.0,7601.0,71.05,0.10035199671983719,108.16015625,108.16015625,1.0,True,,100.0,46.0,89.99999999999999,estimated,,prefill-facebook-opt-1-3b-chunk-64-sm-32,success,,,/mnt/data/dheeraj/dicertation/inference-profile/runs/revised-rerun-20260415-020401-g2-opt13b-c64-256/raw/points/prefill/prefill-facebook-opt-1-3b-chunk-64-sm-32.csv
facebook/opt-1.3b,128,gemm,q_proj,8,0,76.80000364780426,114462720,114987008,524288,524288,1024,2026-04-15T01:04:34Z,baseline_nvml_pt,nvidia-smi,ok,0.0,2538.0,1695.0,7601.0,71.42,0.12060800194740295,111.16015625,111.16015625,2.0,True,,79.0,62.5,67.5,estimated,,prefill-facebook-opt-1-3b-chunk-128-sm-8,success,,,/mnt/data/dheeraj/dicertation/inference-profile/runs/revised-rerun-20260415-020401-g2-opt13b-c64-256/raw/points/prefill/prefill-facebook-opt-1-3b-chunk-128-sm-8.csv
facebook/opt-1.3b,128,gemm,k_proj,8,0,73.47200065851212,114462720,114987008,524288,524288,1024,2026-04-15T01:04:34Z,baseline_nvml_pt,nvidia-smi,ok,0.0,2538.0,1695.0,7601.0,71.42,0.12060800194740295,111.16015625,111.16015625,2.0,True,,79.0,62.5,67.5,estimated,,prefill-facebook-opt-1-3b-chunk-128-sm-8,success,,,/mnt/data/dheeraj/dicertation/inference-profile/runs/revised-rerun-20260415-020401-g2-opt13b-c64-256/raw/points/prefill/prefill-facebook-opt-1-3b-chunk-128-sm-8.csv
facebook/opt-1.3b,128,gemm,v_proj,8,0,66.56000018119812,114462720,114987008,524288,524288,1024,2026-04-15T01:04:34Z,baseline_nvml_pt,nvidia-smi,ok,0.0,2538.0,1695.0,7601.0,71.42,0.12060800194740295,111.16015625,111.16015625,2.0,True,,79.0,62.5,67.5,estimated,,prefill-facebook-opt-1-3b-chunk-128-sm-8,success,,,/mnt/data/dheeraj/dicertation/inference-profile/runs/revised-rerun-20260415-020401-g2-opt13b-c64-256/raw/points/prefill/prefill-facebook-opt-1-3b-chunk-128-sm-8.csv
facebook/opt-1.3b,128,gemm,out_proj,8,0,72.7040022611618,114462720,114987008,524288,524288,1024,2026-04-15T01:04:34Z,baseline_nvml_pt,nvidia-smi,ok,0.0,2538.0,1695.0,7601.0,71.42,0.12060800194740295,111.16015625,111.16015625,2.0,True,,79.0,62.5,67.5,estimated,,prefill-facebook-opt-1-3b-chunk-128-sm-8,success,,,/mnt/data/dheeraj/dicertation/inference-profile/runs/revised-rerun-20260415-020401-g2-opt13b-c64-256/raw/points/prefill/prefill-facebook-opt-1-3b-chunk-128-sm-8.csv
facebook/opt-1.3b,128,gemm,fc1,8,0,106.49599879980087,114462720,116559872,2097152,2097152,1024,2026-04-15T01:04:34Z,baseline_nvml_pt,nvidia-smi,ok,0.0,2538.0,1695.0,7601.0,71.42,0.12060800194740295,111.16015625,111.16015625,2.0,True,,79.0,62.5,67.5,estimated,,prefill-facebook-opt-1-3b-chunk-128-sm-8,success,,,/mnt/data/dheeraj/dicertation/inference-profile/runs/revised-rerun-20260415-020401-g2-opt13b-c64-256/raw/points/prefill/prefill-facebook-opt-1-3b-chunk-128-sm-8.csv
facebook/opt-1.3b,128,gemm,fc2,8,0,120.60800194740295,114462720,114987008,524288,524288,1024,2026-04-15T01:04:34Z,baseline_nvml_pt,nvidia-smi,ok,0.0,2538.0,1695.0,7601.0,71.42,0.12060800194740295,111.16015625,111.16015625,2.0,True,,79.0,62.5,67.5,estimated,,prefill-facebook-opt-1-3b-chunk-128-sm-8,success,,,/mnt/data/dheeraj/dicertation/inference-profile/runs/revised-rerun-20260415-020401-g2-opt13b-c64-256/raw/points/prefill/prefill-facebook-opt-1-3b-chunk-128-sm-8.csv
facebook/opt-1.3b,128,attention,attention,8,0,56.32000043988228,114462720,115004416,541696,524288,1024,2026-04-15T01:04:34Z,baseline_nvml_pt,nvidia-smi,ok,0.0,2538.0,1695.0,7601.0,71.42,0.12060800194740295,111.16015625,111.16015625,2.0,True,,79.0,62.5,67.5,estimated,,prefill-facebook-opt-1-3b-chunk-128-sm-8,success,,,/mnt/data/dheeraj/dicertation/inference-profile/runs/revised-rerun-20260415-020401-g2-opt13b-c64-256/raw/points/prefill/prefill-facebook-opt-1-3b-chunk-128-sm-8.csv
facebook/opt-1.3b,128,gemm,q_proj,8,1,65.37599861621857,114462720,114987008,524288,524288,1024,2026-04-15T01:04:34Z,baseline_nvml_pt,nvidia-smi,ok,0.0,2538.0,1695.0,7601.0,71.42,0.12060800194740295,111.16015625,111.16015625,2.0,True,,79.0,62.5,67.5,estimated,,prefill-facebook-opt-1-3b-chunk-128-sm-8,success,,,/mnt/data/dheeraj/dicertation/inference-profile/runs/revised-rerun-20260415-020401-g2-opt13b-c64-256/raw/points/prefill/prefill-facebook-opt-1-3b-chunk-128-sm-8.csv
facebook/opt-1.3b,128,gemm,k_proj,8,1,71.6480016708374,114462720,114987008,524288,524288,1024,2026-04-15T01:04:34Z,baseline_nvml_pt,nvidia-smi,ok,0.0,2538.0,1695.0,7601.0,71.42,0.12060800194740295,111.16015625,111.16015625,2.0,True,,79.0,62.5,67.5,estimated,,prefill-facebook-opt-1-3b-chunk-128-sm-8,success,,,/mnt/data/dheeraj/dicertation/inference-profile/runs/revised-rerun-20260415-020401-g2-opt13b-c64-256/raw/points/prefill/prefill-facebook-opt-1-3b-chunk-128-sm-8.csv
facebook/opt-1.3b,128,gemm,v_proj,8,1,61.43999844789505,114462720,114987008,524288,524288,1024,2026-04-15T01:04:34Z,baseline_nvml_pt,nvidia-smi,ok,0.0,2538.0,1695.0,7601.0,71.42,0.12060800194740295,111.16015625,111.16015625,2.0,True,,79.0,62.5,67.5,estimated,,prefill-facebook-opt-1-3b-chunk-128-sm-8,success,,,/mnt/data/dheeraj/dicertation/inference-profile/runs/revised-rerun-20260415-020401-g2-opt13b-c64-256/raw/points/prefill/prefill-facebook-opt-1-3b-chunk-128-sm-8.csv
facebook/opt-1.3b,128,gemm,out_proj,8,1,60.416001826524734,114462720,114987008,524288,524288,1024,2026-04-15T01:04:34Z,baseline_nvml_pt,nvidia-smi,ok,0.0,2538.0,1695.0,7601.0,71.42,0.12060800194740295,111.16015625,111.16015625,2.0,True,,79.0,62.5,67.5,estimated,,prefill-facebook-opt-1-3b-chunk-128-sm-8,success,,,/mnt/data/dheeraj/dicertation/inference-profile/runs/revised-rerun-20260415-020401-g2-opt13b-c64-256/raw/points/prefill/prefill-facebook-opt-1-3b-chunk-128-sm-8.csv
facebook/opt-1.3b,128,gemm,fc1,8,1,103.42399775981903,114462720,116559872,2097152,2097152,1024,2026-04-15T01:04:34Z,baseline_nvml_pt,nvidia-smi,ok,0.0,2538.0,1695.0,7601.0,71.42,0.12060800194740295,111.16015625,111.16015625,2.0,True,,79.0,62.5,67.5,estimated,,prefill-facebook-opt-1-3b-chunk-128-sm-8,success,,,/mnt/data/dheeraj/dicertation/inference-profile/runs/revised-rerun-20260415-020401-g2-opt13b-c64-256/raw/points/prefill/prefill-facebook-opt-1-3b-chunk-128-sm-8.csv
facebook/opt-1.3b,128,gemm,fc2,8,1,113.56800049543381,114462720,114987008,524288,524288,1024,2026-04-15T01:04:34Z,baseline_nvml_pt,nvidia-smi,ok,0.0,2538.0,1695.0,7601.0,71.42,0.12060800194740295,111.16015625,111.16015625,2.0,True,,79.0,62.5,67.5,estimated,,prefill-facebook-opt-1-3b-chunk-128-sm-8,success,,,/mnt/data/dheeraj/dicertation/inference-profile/runs/revised-rerun-20260415-020401-g2-opt13b-c64-256/raw/points/prefill/prefill-facebook-opt-1-3b-chunk-128-sm-8.csv
facebook/opt-1.3b,128,attention,attention,8,1,54.11199852824211,114462720,115004416,541696,524288,1024,2026-04-15T01:04:34Z,baseline_nvml_pt,nvidia-smi,ok,0.0,2538.0,1695.0,7601.0,71.42,0.12060800194740295,111.16015625,111.16015625,2.0,True,,79.0,62.5,67.5,estimated,,prefill-facebook-opt-1-3b-chunk-128-sm-8,success,,,/mnt/data/dheeraj/dicertation/inference-profile/runs/revised-rerun-20260415-020401-g2-opt13b-c64-256/raw/points/prefill/prefill-facebook-opt-1-3b-chunk-128-sm-8.csv
facebook/opt-1.3b,128,gemm,q_proj,8,2,65.43999910354614,114462720,114987008,524288,524288,1024,2026-04-15T01:04:34Z,baseline_nvml_pt,nvidia-smi,ok,0.0,2538.0,1695.0,7601.0,71.42,0.12060800194740295,111.16015625,111.16015625,2.0,True,,79.0,62.5,67.5,estimated,,prefill-facebook-opt-1-3b-chunk-128-sm-8,success,,,/mnt/data/dheeraj/dicertation/inference-profile/runs/revised-rerun-20260415-020401-g2-opt13b-c64-256/raw/points/prefill/prefill-facebook-opt-1-3b-chunk-128-sm-8.csv
facebook/opt-1.3b,128,gemm,k_proj,8,2,67.6800012588501,114462720,114987008,524288,524288,1024,2026-04-15T01:04:34Z,baseline_nvml_pt,nvidia-smi,ok,0.0,2538.0,1695.0,7601.0,71.42,0.12060800194740295,111.16015625,111.16015625,2.0,True,,79.0,62.5,67.5,estimated,,prefill-facebook-opt-1-3b-chunk-128-sm-8,success,,,/mnt/data/dheeraj/dicertation/inference-profile/runs/revised-rerun-20260415-020401-g2-opt13b-c64-256/raw/points/prefill/prefill-facebook-opt-1-3b-chunk-128-sm-8.csv
facebook/opt-1.3b,128,gemm,v_proj,8,2,62.463998794555664,114462720,114987008,524288,524288,1024,2026-04-15T01:04:34Z,baseline_nvml_pt,nvidia-smi,ok,0.0,2538.0,1695.0,7601.0,71.42,0.12060800194740295,111.16015625,111.16015625,2.0,True,,79.0,62.5,67.5,estimated,,prefill-facebook-opt-1-3b-chunk-128-sm-8,success,,,/mnt/data/dheeraj/dicertation/inference-profile/runs/revised-rerun-20260415-020401-g2-opt13b-c64-256/raw/points/prefill/prefill-facebook-opt-1-3b-chunk-128-sm-8.csv
facebook/opt-1.3b,128,gemm,out_proj,8,2,61.24800071120262,114462720,114987008,524288,524288,1024,2026-04-15T01:04:34Z,baseline_nvml_pt,nvidia-smi,ok,0.0,2538.0,1695.0,7601.0,71.42,0.12060800194740295,111.16015625,111.16015625,2.0,True,,79.0,62.5,67.5,estimated,,prefill-facebook-opt-1-3b-chunk-128-sm-8,success,,,/mnt/data/dheeraj/dicertation/inference-profile/runs/revised-rerun-20260415-020401-g2-opt13b-c64-256/raw/points/prefill/prefill-facebook-opt-1-3b-chunk-128-sm-8.csv
facebook/opt-1.3b,128,gemm,fc1,8,2,104.44799810647964,114462720,116559872,2097152,2097152,1024,2026-04-15T01:04:34Z,baseline_nvml_pt,nvidia-smi,ok,0.0,2538.0,1695.0,7601.0,71.42,0.12060800194740295,111.16015625,111.16015625,2.0,True,,79.0,62.5,67.5,estimated,,prefill-facebook-opt-1-3b-chunk-128-sm-8,success,,,/mnt/data/dheeraj/dicertation/inference-profile/runs/revised-rerun-20260415-020401-g2-opt13b-c64-256/raw/points/prefill/prefill-facebook-opt-1-3b-chunk-128-sm-8.csv
facebook/opt-1.3b,128,gemm,fc2,8,2,111.7440015077591,114462720,114987008,524288,524288,1024,2026-04-15T01:04:34Z,baseline_nvml_pt,nvidia-smi,ok,0.0,2538.0,1695.0,7601.0,71.42,0.12060800194740295,111.16015625,111.16015625,2.0,True,,79.0,62.5,67.5,estimated,,prefill-facebook-opt-1-3b-chunk-128-sm-8,success,,,/mnt/data/dheeraj/dicertation/inference-profile/runs/revised-rerun-20260415-020401-g2-opt13b-c64-256/raw/points/prefill/prefill-facebook-opt-1-3b-chunk-128-sm-8.csv
facebook/opt-1.3b,128,attention,attention,8,2,53.18399891257286,114462720,115004416,541696,524288,1024,2026-04-15T01:04:34Z,baseline_nvml_pt,nvidia-smi,ok,0.0,2538.0,1695.0,7601.0,71.42,0.12060800194740295,111.16015625,111.16015625,2.0,True,,79.0,62.5,67.5,estimated,,prefill-facebook-opt-1-3b-chunk-128-sm-8,success,,,/mnt/data/dheeraj/dicertation/inference-profile/runs/revised-rerun-20260415-020401-g2-opt13b-c64-256/raw/points/prefill/prefill-facebook-opt-1-3b-chunk-128-sm-8.csv
facebook/opt-1.3b,128,gemm,q_proj,8,3,67.58400052785873,114462720,114987008,524288,524288,1024,2026-04-15T01:04:34Z,baseline_nvml_pt,nvidia-smi,ok,0.0,2538.0,1695.0,7601.0,71.42,0.12060800194740295,111.16015625,111.16015625,2.0,True,,79.0,62.5,67.5,estimated,,prefill-facebook-opt-1-3b-chunk-128-sm-8,success,,,/mnt/data/dheeraj/dicertation/inference-profile/runs/revised-rerun-20260415-020401-g2-opt13b-c64-256/raw/points/prefill/prefill-facebook-opt-1-3b-chunk-128-sm-8.csv
facebook/opt-1.3b,128,gemm,k_proj,8,3,62.463998794555664,114462720,114987008,524288,524288,1024,2026-04-15T01:04:34Z,baseline_nvml_pt,nvidia-smi,ok,0.0,2538.0,1695.0,7601.0,71.42,0.12060800194740295,111.16015625,111.16015625,2.0,True,,79.0,62.5,67.5,estimated,,prefill-facebook-opt-1-3b-chunk-128-sm-8,success,,,/mnt/data/dheeraj/dicertation/inference-profile/runs/revised-rerun-20260415-020401-g2-opt13b-c64-256/raw/points/prefill/prefill-facebook-opt-1-3b-chunk-128-sm-8.csv
facebook/opt-1.3b,128,gemm,v_proj,8,3,61.43999844789505,114462720,114987008,524288,524288,1024,2026-04-15T01:04:34Z,baseline_nvml_pt,nvidia-smi,ok,0.0,2538.0,1695.0,7601.0,71.42,0.12060800194740295,111.16015625,111.16015625,2.0,True,,79.0,62.5,67.5,estimated,,prefill-facebook-opt-1-3b-chunk-128-sm-8,success,,,/mnt/data/dheeraj/dicertation/inference-profile/runs/revised-rerun-20260415-020401-g2-opt13b-c64-256/raw/points/prefill/prefill-facebook-opt-1-3b-chunk-128-sm-8.csv
facebook/opt-1.3b,128,gemm,out_proj,8,3,61.43999844789505,114462720,114987008,524288,524288,1024,2026-04-15T01:04:34Z,baseline_nvml_pt,nvidia-smi,ok,0.0,2538.0,1695.0,7601.0,71.42,0.12060800194740295,111.16015625,111.16015625,2.0,True,,79.0,62.5,67.5,estimated,,prefill-facebook-opt-1-3b-chunk-128-sm-8,success,,,/mnt/data/dheeraj/dicertation/inference-profile/runs/revised-rerun-20260415-020401-g2-opt13b-c64-256/raw/points/prefill/prefill-facebook-opt-1-3b-chunk-128-sm-8.csv
facebook/opt-1.3b,128,gemm,fc1,8,3,104.44799810647964,114462720,116559872,2097152,2097152,1024,2026-04-15T01:04:34Z,baseline_nvml_pt,nvidia-smi,ok,0.0,2538.0,1695.0,7601.0,71.42,0.12060800194740295,111.16015625,111.16015625,2.0,True,,79.0,62.5,67.5,estimated,,prefill-facebook-opt-1-3b-chunk-128-sm-8,success,,,/mnt/data/dheeraj/dicertation/inference-profile/runs/revised-rerun-20260415-020401-g2-opt13b-c64-256/raw/points/prefill/prefill-facebook-opt-1-3b-chunk-128-sm-8.csv
facebook/opt-1.3b,128,gemm,fc2,8,3,112.47999966144562,114462720,114987008,524288,524288,1024,2026-04-15T01:04:34Z,baseline_nvml_pt,nvidia-smi,ok,0.0,2538.0,1695.0,7601.0,71.42,0.12060800194740295,111.16015625,111.16015625,2.0,True,,79.0,62.5,67.5,estimated,,prefill-facebook-opt-1-3b-chunk-128-sm-8,success,,,/mnt/data/dheeraj/dicertation/inference-profile/runs/revised-rerun-20260415-020401-g2-opt13b-c64-256/raw/points/prefill/prefill-facebook-opt-1-3b-chunk-128-sm-8.csv
facebook/opt-1.3b,128,attention,attention,8,3,53.119998425245285,114462720,115004416,541696,524288,1024,2026-04-15T01:04:34Z,baseline_nvml_pt,nvidia-smi,ok,0.0,2538.0,1695.0,7601.0,71.42,0.12060800194740295,111.16015625,111.16015625,2.0,True,,79.0,62.5,67.5,estimated,,prefill-facebook-opt-1-3b-chunk-128-sm-8,success,,,/mnt/data/dheeraj/dicertation/inference-profile/runs/revised-rerun-20260415-020401-g2-opt13b-c64-256/raw/points/prefill/prefill-facebook-opt-1-3b-chunk-128-sm-8.csv
facebook/opt-1.3b,128,gemm,q_proj,8,4,63.680000603199005,114462720,114987008,524288,524288,1024,2026-04-15T01:04:34Z,baseline_nvml_pt,nvidia-smi,ok,0.0,2538.0,1695.0,7601.0,71.42,0.12060800194740295,111.16015625,111.16015625,2.0,True,,79.0,62.5,67.5,estimated,,prefill-facebook-opt-1-3b-chunk-128-sm-8,success,,,/mnt/data/dheeraj/dicertation/inference-profile/runs/revised-rerun-20260415-020401-g2-opt13b-c64-256/raw/points/prefill/prefill-facebook-opt-1-3b-chunk-128-sm-8.csv
facebook/opt-1.3b,128,gemm,k_proj,8,4,59.39200147986412,114462720,114987008,524288,524288,1024,2026-04-15T01:04:34Z,baseline_nvml_pt,nvidia-smi,ok,0.0,2538.0,1695.0,7601.0,71.42,0.12060800194740295,111.16015625,111.16015625,2.0,True,,79.0,62.5,67.5,estimated,,prefill-facebook-opt-1-3b-chunk-128-sm-8,success,,,/mnt/data/dheeraj/dicertation/inference-profile/runs/revised-rerun-20260415-020401-g2-opt13b-c64-256/raw/points/prefill/prefill-facebook-opt-1-3b-chunk-128-sm-8.csv
facebook/opt-1.3b,128,gemm,v_proj,8,4,60.28800085186958,114462720,114987008,524288,524288,1024,2026-04-15T01:04:34Z,baseline_nvml_pt,nvidia-smi,ok,0.0,2538.0,1695.0,7601.0,71.42,0.12060800194740295,111.16015625,111.16015625,2.0,True,,79.0,62.5,67.5,estimated,,prefill-facebook-opt-1-3b-chunk-128-sm-8,success,,,/mnt/data/dheeraj/dicertation/inference-profile/runs/revised-rerun-20260415-020401-g2-opt13b-c64-256/raw/points/prefill/prefill-facebook-opt-1-3b-chunk-128-sm-8.csv
facebook/opt-1.3b,128,gemm,out_proj,8,4,58.14399942755699,114462720,114987008,524288,524288,1024,2026-04-15T01:04:34Z,baseline_nvml_pt,nvidia-smi,ok,0.0,2538.0,1695.0,7601.0,71.42,0.12060800194740295,111.16015625,111.16015625,2.0,True,,79.0,62.5,67.5,estimated,,prefill-facebook-opt-1-3b-chunk-128-sm-8,success,,,/mnt/data/dheeraj/dicertation/inference-profile/runs/revised-rerun-20260415-020401-g2-opt13b-c64-256/raw/points/prefill/prefill-facebook-opt-1-3b-chunk-128-sm-8.csv
facebook/opt-1.3b,128,gemm,fc1,8,4,103.32799702882767,114462720,116559872,2097152,2097152,1024,2026-04-15T01:04:34Z,baseline_nvml_pt,nvidia-smi,ok,0.0,2538.0,1695.0,7601.0,71.42,0.12060800194740295,111.16015625,111.16015625,2.0,True,,79.0,62.5,67.5,estimated,,prefill-facebook-opt-1-3b-chunk-128-sm-8,success,,,/mnt/data/dheeraj/dicertation/inference-profile/runs/revised-rerun-20260415-020401-g2-opt13b-c64-256/raw/points/prefill/prefill-facebook-opt-1-3b-chunk-128-sm-8.csv
facebook/opt-1.3b,128,gemm,fc2,8,4,112.64000087976456,114462720,114987008,524288,524288,1024,2026-04-15T01:04:34Z,baseline_nvml_pt,nvidia-smi,ok,0.0,2538.0,1695.0,7601.0,71.42,0.12060800194740295,111.16015625,111.16015625,2.0,True,,79.0,62.5,67.5,estimated,,prefill-facebook-opt-1-3b-chunk-128-sm-8,success,,,/mnt/data/dheeraj/dicertation/inference-profile/runs/revised-rerun-20260415-020401-g2-opt13b-c64-256/raw/points/prefill/prefill-facebook-opt-1-3b-chunk-128-sm-8.csv
facebook/opt-1.3b,128,attention,attention,8,4,53.247999399900436,114462720,115004416,541696,524288,1024,2026-04-15T01:04:34Z,baseline_nvml_pt,nvidia-smi,ok,0.0,2538.0,1695.0,7601.0,71.42,0.12060800194740295,111.16015625,111.16015625,2.0,True,,79.0,62.5,67.5,estimated,,prefill-facebook-opt-1-3b-chunk-128-sm-8,success,,,/mnt/data/dheeraj/dicertation/inference-profile/runs/revised-rerun-20260415-020401-g2-opt13b-c64-256/raw/points/prefill/prefill-facebook-opt-1-3b-chunk-128-sm-8.csv
facebook/opt-1.3b,128,gemm,q_proj,16,0,78.84799689054489,114462720,114987008,524288,524288,1024,2026-04-15T01:04:40Z,baseline_nvml_pt,nvidia-smi,ok,7.0,2538.0,1695.0,7601.0,71.1,0.11468800157308578,111.16015625,111.16015625,2.0,True,,86.0,57.00000000000001,75.0,estimated,,prefill-facebook-opt-1-3b-chunk-128-sm-16,success,,,/mnt/data/dheeraj/dicertation/inference-profile/runs/revised-rerun-20260415-020401-g2-opt13b-c64-256/raw/points/prefill/prefill-facebook-opt-1-3b-chunk-128-sm-16.csv
facebook/opt-1.3b,128,gemm,k_proj,16,0,73.72800260782242,114462720,114987008,524288,524288,1024,2026-04-15T01:04:40Z,baseline_nvml_pt,nvidia-smi,ok,7.0,2538.0,1695.0,7601.0,71.1,0.11468800157308578,111.16015625,111.16015625,2.0,True,,86.0,57.00000000000001,75.0,estimated,,prefill-facebook-opt-1-3b-chunk-128-sm-16,success,,,/mnt/data/dheeraj/dicertation/inference-profile/runs/revised-rerun-20260415-020401-g2-opt13b-c64-256/raw/points/prefill/prefill-facebook-opt-1-3b-chunk-128-sm-16.csv
facebook/opt-1.3b,128,gemm,v_proj,16,0,67.74400174617767,114462720,114987008,524288,524288,1024,2026-04-15T01:04:40Z,baseline_nvml_pt,nvidia-smi,ok,7.0,2538.0,1695.0,7601.0,71.1,0.11468800157308578,111.16015625,111.16015625,2.0,True,,86.0,57.00000000000001,75.0,estimated,,prefill-facebook-opt-1-3b-chunk-128-sm-16,success,,,/mnt/data/dheeraj/dicertation/inference-profile/runs/revised-rerun-20260415-020401-g2-opt13b-c64-256/raw/points/prefill/prefill-facebook-opt-1-3b-chunk-128-sm-16.csv
facebook/opt-1.3b,128,gemm,out_proj,16,0,72.95999675989151,114462720,114987008,524288,524288,1024,2026-04-15T01:04:40Z,baseline_nvml_pt,nvidia-smi,ok,7.0,2538.0,1695.0,7601.0,71.1,0.11468800157308578,111.16015625,111.16015625,2.0,True,,86.0,57.00000000000001,75.0,estimated,,prefill-facebook-opt-1-3b-chunk-128-sm-16,success,,,/mnt/data/dheeraj/dicertation/inference-profile/runs/revised-rerun-20260415-020401-g2-opt13b-c64-256/raw/points/prefill/prefill-facebook-opt-1-3b-chunk-128-sm-16.csv
facebook/opt-1.3b,128,gemm,fc1,16,0,107.45599865913391,114462720,116559872,2097152,2097152,1024,2026-04-15T01:04:40Z,baseline_nvml_pt,nvidia-smi,ok,7.0,2538.0,1695.0,7601.0,71.1,0.11468800157308578,111.16015625,111.16015625,2.0,True,,86.0,57.00000000000001,75.0,estimated,,prefill-facebook-opt-1-3b-chunk-128-sm-16,success,,,/mnt/data/dheeraj/dicertation/inference-profile/runs/revised-rerun-20260415-020401-g2-opt13b-c64-256/raw/points/prefill/prefill-facebook-opt-1-3b-chunk-128-sm-16.csv
facebook/opt-1.3b,128,gemm,fc2,16,0,114.68800157308578,114462720,114987008,524288,524288,1024,2026-04-15T01:04:40Z,baseline_nvml_pt,nvidia-smi,ok,7.0,2538.0,1695.0,7601.0,71.1,0.11468800157308578,111.16015625,111.16015625,2.0,True,,86.0,57.00000000000001,75.0,estimated,,prefill-facebook-opt-1-3b-chunk-128-sm-16,success,,,/mnt/data/dheeraj/dicertation/inference-profile/runs/revised-rerun-20260415-020401-g2-opt13b-c64-256/raw/points/prefill/prefill-facebook-opt-1-3b-chunk-128-sm-16.csv
facebook/opt-1.3b,128,attention,attention,16,0,57.34400078654289,114462720,115004416,541696,524288,1024,2026-04-15T01:04:40Z,baseline_nvml_pt,nvidia-smi,ok,7.0,2538.0,1695.0,7601.0,71.1,0.11468800157308578,111.16015625,111.16015625,2.0,True,,86.0,57.00000000000001,75.0,estimated,,prefill-facebook-opt-1-3b-chunk-128-sm-16,success,,,/mnt/data/dheeraj/dicertation/inference-profile/runs/revised-rerun-20260415-020401-g2-opt13b-c64-256/raw/points/prefill/prefill-facebook-opt-1-3b-chunk-128-sm-16.csv
facebook/opt-1.3b,128,gemm,q_proj,16,1,65.63200056552887,114462720,114987008,524288,524288,1024,2026-04-15T01:04:40Z,baseline_nvml_pt,nvidia-smi,ok,7.0,2538.0,1695.0,7601.0,71.1,0.11468800157308578,111.16015625,111.16015625,2.0,True,,86.0,57.00000000000001,75.0,estimated,,prefill-facebook-opt-1-3b-chunk-128-sm-16,success,,,/mnt/data/dheeraj/dicertation/inference-profile/runs/revised-rerun-20260415-020401-g2-opt13b-c64-256/raw/points/prefill/prefill-facebook-opt-1-3b-chunk-128-sm-16.csv
facebook/opt-1.3b,128,gemm,k_proj,16,1,64.51199948787689,114462720,114987008,524288,524288,1024,2026-04-15T01:04:40Z,baseline_nvml_pt,nvidia-smi,ok,7.0,2538.0,1695.0,7601.0,71.1,0.11468800157308578,111.16015625,111.16015625,2.0,True,,86.0,57.00000000000001,75.0,estimated,,prefill-facebook-opt-1-3b-chunk-128-sm-16,success,,,/mnt/data/dheeraj/dicertation/inference-profile/runs/revised-rerun-20260415-020401-g2-opt13b-c64-256/raw/points/prefill/prefill-facebook-opt-1-3b-chunk-128-sm-16.csv
facebook/opt-1.3b,128,gemm,v_proj,16,1,61.43999844789505,114462720,114987008,524288,524288,1024,2026-04-15T01:04:40Z,baseline_nvml_pt,nvidia-smi,ok,7.0,2538.0,1695.0,7601.0,71.1,0.11468800157308578,111.16015625,111.16015625,2.0,True,,86.0,57.00000000000001,75.0,estimated,,prefill-facebook-opt-1-3b-chunk-128-sm-16,success,,,/mnt/data/dheeraj/dicertation/inference-profile/runs/revised-rerun-20260415-020401-g2-opt13b-c64-256/raw/points/prefill/prefill-facebook-opt-1-3b-chunk-128-sm-16.csv
facebook/opt-1.3b,128,gemm,out_proj,16,1,60.47999858856201,114462720,114987008,524288,524288,1024,2026-04-15T01:04:40Z,baseline_nvml_pt,nvidia-smi,ok,7.0,2538.0,1695.0,7601.0,71.1,0.11468800157308578,111.16015625,111.16015625,2.0,True,,86.0,57.00000000000001,75.0,estimated,,prefill-facebook-opt-1-3b-chunk-128-sm-16,success,,,/mnt/data/dheeraj/dicertation/inference-profile/runs/revised-rerun-20260415-020401-g2-opt13b-c64-256/raw/points/prefill/prefill-facebook-opt-1-3b-chunk-128-sm-16.csv
facebook/opt-1.3b,128,gemm,fc1,16,1,111.61600053310394,114462720,116559872,2097152,2097152,1024,2026-04-15T01:04:40Z,baseline_nvml_pt,nvidia-smi,ok,7.0,2538.0,1695.0,7601.0,71.1,0.11468800157308578,111.16015625,111.16015625,2.0,True,,86.0,57.00000000000001,75.0,estimated,,prefill-facebook-opt-1-3b-chunk-128-sm-16,success,,,/mnt/data/dheeraj/dicertation/inference-profile/runs/revised-rerun-20260415-020401-g2-opt13b-c64-256/raw/points/prefill/prefill-facebook-opt-1-3b-chunk-128-sm-16.csv
facebook/opt-1.3b,128,gemm,fc2,16,1,114.56000059843063,114462720,114987008,524288,524288,1024,2026-04-15T01:04:40Z,baseline_nvml_pt,nvidia-smi,ok,7.0,2538.0,1695.0,7601.0,71.1,0.11468800157308578,111.16015625,111.16015625,2.0,True,,86.0,57.00000000000001,75.0,estimated,,prefill-facebook-opt-1-3b-chunk-128-sm-16,success,,,/mnt/data/dheeraj/dicertation/inference-profile/runs/revised-rerun-20260415-020401-g2-opt13b-c64-256/raw/points/prefill/prefill-facebook-opt-1-3b-chunk-128-sm-16.csv
facebook/opt-1.3b,128,attention,attention,16,1,54.496001452207565,114462720,115004416,541696,524288,1024,2026-04-15T01:04:40Z,baseline_nvml_pt,nvidia-smi,ok,7.0,2538.0,1695.0,7601.0,71.1,0.11468800157308578,111.16015625,111.16015625,2.0,True,,86.0,57.00000000000001,75.0,estimated,,prefill-facebook-opt-1-3b-chunk-128-sm-16,success,,,/mnt/data/dheeraj/dicertation/inference-profile/runs/revised-rerun-20260415-020401-g2-opt13b-c64-256/raw/points/prefill/prefill-facebook-opt-1-3b-chunk-128-sm-16.csv
facebook/opt-1.3b,128,gemm,q_proj,16,2,73.72800260782242,114462720,114987008,524288,524288,1024,2026-04-15T01:04:40Z,baseline_nvml_pt,nvidia-smi,ok,7.0,2538.0,1695.0,7601.0,71.1,0.11468800157308578,111.16015625,111.16015625,2.0,True,,86.0,57.00000000000001,75.0,estimated,,prefill-facebook-opt-1-3b-chunk-128-sm-16,success,,,/mnt/data/dheeraj/dicertation/inference-profile/runs/revised-rerun-20260415-020401-g2-opt13b-c64-256/raw/points/prefill/prefill-facebook-opt-1-3b-chunk-128-sm-16.csv
facebook/opt-1.3b,128,gemm,k_proj,16,2,70.65600156784058,114462720,114987008,524288,524288,1024,2026-04-15T01:04:40Z,baseline_nvml_pt,nvidia-smi,ok,7.0,2538.0,1695.0,7601.0,71.1,0.11468800157308578,111.16015625,111.16015625,2.0,True,,86.0,57.00000000000001,75.0,estimated,,prefill-facebook-opt-1-3b-chunk-128-sm-16,success,,,/mnt/data/dheeraj/dicertation/inference-profile/runs/revised-rerun-20260415-020401-g2-opt13b-c64-256/raw/points/prefill/prefill-facebook-opt-1-3b-chunk-128-sm-16.csv
facebook/opt-1.3b,128,gemm,v_proj,16,2,63.48799914121628,114462720,114987008,524288,524288,1024,2026-04-15T01:04:40Z,baseline_nvml_pt,nvidia-smi,ok,7.0,2538.0,1695.0,7601.0,71.1,0.11468800157308578,111.16015625,111.16015625,2.0,True,,86.0,57.00000000000001,75.0,estimated,,prefill-facebook-opt-1-3b-chunk-128-sm-16,success,,,/mnt/data/dheeraj/dicertation/inference-profile/runs/revised-rerun-20260415-020401-g2-opt13b-c64-256/raw/points/prefill/prefill-facebook-opt-1-3b-chunk-128-sm-16.csv
facebook/opt-1.3b,128,gemm,out_proj,16,2,61.43999844789505,114462720,114987008,524288,524288,1024,2026-04-15T01:04:40Z,baseline_nvml_pt,nvidia-smi,ok,7.0,2538.0,1695.0,7601.0,71.1,0.11468800157308578,111.16015625,111.16015625,2.0,True,,86.0,57.00000000000001,75.0,estimated,,prefill-facebook-opt-1-3b-chunk-128-sm-16,success,,,/mnt/data/dheeraj/dicertation/inference-profile/runs/revised-rerun-20260415-020401-g2-opt13b-c64-256/raw/points/prefill/prefill-facebook-opt-1-3b-chunk-128-sm-16.csv
facebook/opt-1.3b,128,gemm,fc1,16,2,105.47199845314026,114462720,116559872,2097152,2097152,1024,2026-04-15T01:04:40Z,baseline_nvml_pt,nvidia-smi,ok,7.0,2538.0,1695.0,7601.0,71.1,0.11468800157308578,111.16015625,111.16015625,2.0,True,,86.0,57.00000000000001,75.0,estimated,,prefill-facebook-opt-1-3b-chunk-128-sm-16,success,,,/mnt/data/dheeraj/dicertation/inference-profile/runs/revised-rerun-20260415-020401-g2-opt13b-c64-256/raw/points/prefill/prefill-facebook-opt-1-3b-chunk-128-sm-16.csv
facebook/opt-1.3b,128,gemm,fc2,16,2,113.66400122642517,114462720,114987008,524288,524288,1024,2026-04-15T01:04:40Z,baseline_nvml_pt,nvidia-smi,ok,7.0,2538.0,1695.0,7601.0,71.1,0.11468800157308578,111.16015625,111.16015625,2.0,True,,86.0,57.00000000000001,75.0,estimated,,prefill-facebook-opt-1-3b-chunk-128-sm-16,success,,,/mnt/data/dheeraj/dicertation/inference-profile/runs/revised-rerun-20260415-020401-g2-opt13b-c64-256/raw/points/prefill/prefill-facebook-opt-1-3b-chunk-128-sm-16.csv
facebook/opt-1.3b,128,attention,attention,16,2,55.424001067876816,114462720,115004416,541696,524288,1024,2026-04-15T01:04:40Z,baseline_nvml_pt,nvidia-smi,ok,7.0,2538.0,1695.0,7601.0,71.1,0.11468800157308578,111.16015625,111.16015625,2.0,True,,86.0,57.00000000000001,75.0,estimated,,prefill-facebook-opt-1-3b-chunk-128-sm-16,success,,,/mnt/data/dheeraj/dicertation/inference-profile/runs/revised-rerun-20260415-020401-g2-opt13b-c64-256/raw/points/prefill/prefill-facebook-opt-1-3b-chunk-128-sm-16.csv
facebook/opt-1.3b,128,gemm,q_proj,16,3,64.51199948787689,114462720,114987008,524288,524288,1024,2026-04-15T01:04:40Z,baseline_nvml_pt,nvidia-smi,ok,7.0,2538.0,1695.0,7601.0,71.1,0.11468800157308578,111.16015625,111.16015625,2.0,True,,86.0,57.00000000000001,75.0,estimated,,prefill-facebook-opt-1-3b-chunk-128-sm-16,success,,,/mnt/data/dheeraj/dicertation/inference-profile/runs/revised-rerun-20260415-020401-g2-opt13b-c64-256/raw/points/prefill/prefill-facebook-opt-1-3b-chunk-128-sm-16.csv
facebook/opt-1.3b,128,gemm,k_proj,16,3,60.54399907588959,114462720,114987008,524288,524288,1024,2026-04-15T01:04:40Z,baseline_nvml_pt,nvidia-smi,ok,7.0,2538.0,1695.0,7601.0,71.1,0.11468800157308578,111.16015625,111.16015625,2.0,True,,86.0,57.00000000000001,75.0,estimated,,prefill-facebook-opt-1-3b-chunk-128-sm-16,success,,,/mnt/data/dheeraj/dicertation/inference-profile/runs/revised-rerun-20260415-020401-g2-opt13b-c64-256/raw/points/prefill/prefill-facebook-opt-1-3b-chunk-128-sm-16.csv
facebook/opt-1.3b,128,gemm,v_proj,16,3,62.52799928188324,114462720,114987008,524288,524288,1024,2026-04-15T01:04:40Z,baseline_nvml_pt,nvidia-smi,ok,7.0,2538.0,1695.0,7601.0,71.1,0.11468800157308578,111.16015625,111.16015625,2.0,True,,86.0,57.00000000000001,75.0,estimated,,prefill-facebook-opt-1-3b-chunk-128-sm-16,success,,,/mnt/data/dheeraj/dicertation/inference-profile/runs/revised-rerun-20260415-020401-g2-opt13b-c64-256/raw/points/prefill/prefill-facebook-opt-1-3b-chunk-128-sm-16.csv
facebook/opt-1.3b,128,gemm,out_proj,16,3,61.59999966621399,114462720,114987008,524288,524288,1024,2026-04-15T01:04:40Z,baseline_nvml_pt,nvidia-smi,ok,7.0,2538.0,1695.0,7601.0,71.1,0.11468800157308578,111.16015625,111.16015625,2.0,True,,86.0,57.00000000000001,75.0,estimated,,prefill-facebook-opt-1-3b-chunk-128-sm-16,success,,,/mnt/data/dheeraj/dicertation/inference-profile/runs/revised-rerun-20260415-020401-g2-opt13b-c64-256/raw/points/prefill/prefill-facebook-opt-1-3b-chunk-128-sm-16.csv
facebook/opt-1.3b,128,gemm,fc1,16,3,104.38399761915207,114462720,116559872,2097152,2097152,1024,2026-04-15T01:04:40Z,baseline_nvml_pt,nvidia-smi,ok,7.0,2538.0,1695.0,7601.0,71.1,0.11468800157308578,111.16015625,111.16015625,2.0,True,,86.0,57.00000000000001,75.0,estimated,,prefill-facebook-opt-1-3b-chunk-128-sm-16,success,,,/mnt/data/dheeraj/dicertation/inference-profile/runs/revised-rerun-20260415-020401-g2-opt13b-c64-256/raw/points/prefill/prefill-facebook-opt-1-3b-chunk-128-sm-16.csv
facebook/opt-1.3b,128,gemm,fc2,16,3,112.70400136709213,114462720,114987008,524288,524288,1024,2026-04-15T01:04:40Z,baseline_nvml_pt,nvidia-smi,ok,7.0,2538.0,1695.0,7601.0,71.1,0.11468800157308578,111.16015625,111.16015625,2.0,True,,86.0,57.00000000000001,75.0,estimated,,prefill-facebook-opt-1-3b-chunk-128-sm-16,success,,,/mnt/data/dheeraj/dicertation/inference-profile/runs/revised-rerun-20260415-020401-g2-opt13b-c64-256/raw/points/prefill/prefill-facebook-opt-1-3b-chunk-128-sm-16.csv
facebook/opt-1.3b,128,attention,attention,16,3,53.21599915623665,114462720,115004416,541696,524288,1024,2026-04-15T01:04:40Z,baseline_nvml_pt,nvidia-smi,ok,7.0,2538.0,1695.0,7601.0,71.1,0.11468800157308578,111.16015625,111.16015625,2.0,True,,86.0,57.00000000000001,75.0,estimated,,prefill-facebook-opt-1-3b-chunk-128-sm-16,success,,,/mnt/data/dheeraj/dicertation/inference-profile/runs/revised-rerun-20260415-020401-g2-opt13b-c64-256/raw/points/prefill/prefill-facebook-opt-1-3b-chunk-128-sm-16.csv
facebook/opt-1.3b,128,gemm,q_proj,16,4,62.752000987529755,114462720,114987008,524288,524288,1024,2026-04-15T01:04:40Z,baseline_nvml_pt,nvidia-smi,ok,7.0,2538.0,1695.0,7601.0,71.1,0.11468800157308578,111.16015625,111.16015625,2.0,True,,86.0,57.00000000000001,75.0,estimated,,prefill-facebook-opt-1-3b-chunk-128-sm-16,success,,,/mnt/data/dheeraj/dicertation/inference-profile/runs/revised-rerun-20260415-020401-g2-opt13b-c64-256/raw/points/prefill/prefill-facebook-opt-1-3b-chunk-128-sm-16.csv
facebook/opt-1.3b,128,gemm,k_proj,16,4,61.43999844789505,114462720,114987008,524288,524288,1024,2026-04-15T01:04:40Z,baseline_nvml_pt,nvidia-smi,ok,7.0,2538.0,1695.0,7601.0,71.1,0.11468800157308578,111.16015625,111.16015625,2.0,True,,86.0,57.00000000000001,75.0,estimated,,prefill-facebook-opt-1-3b-chunk-128-sm-16,success,,,/mnt/data/dheeraj/dicertation/inference-profile/runs/revised-rerun-20260415-020401-g2-opt13b-c64-256/raw/points/prefill/prefill-facebook-opt-1-3b-chunk-128-sm-16.csv
facebook/opt-1.3b,128,gemm,v_proj,16,4,62.3680017888546,114462720,114987008,524288,524288,1024,2026-04-15T01:04:40Z,baseline_nvml_pt,nvidia-smi,ok,7.0,2538.0,1695.0,7601.0,71.1,0.11468800157308578,111.16015625,111.16015625,2.0,True,,86.0,57.00000000000001,75.0,estimated,,prefill-facebook-opt-1-3b-chunk-128-sm-16,success,,,/mnt/data/dheeraj/dicertation/inference-profile/runs/revised-rerun-20260415-020401-g2-opt13b-c64-256/raw/points/prefill/prefill-facebook-opt-1-3b-chunk-128-sm-16.csv
facebook/opt-1.3b,128,gemm,out_proj,16,4,59.39200147986412,114462720,114987008,524288,524288,1024,2026-04-15T01:04:40Z,baseline_nvml_pt,nvidia-smi,ok,7.0,2538.0,1695.0,7601.0,71.1,0.11468800157308578,111.16015625,111.16015625,2.0,True,,86.0,57.00000000000001,75.0,estimated,,prefill-facebook-opt-1-3b-chunk-128-sm-16,success,,,/mnt/data/dheeraj/dicertation/inference-profile/runs/revised-rerun-20260415-020401-g2-opt13b-c64-256/raw/points/prefill/prefill-facebook-opt-1-3b-chunk-128-sm-16.csv
facebook/opt-1.3b,128,gemm,fc1,16,4,103.20000350475311,114462720,116559872,2097152,2097152,1024,2026-04-15T01:04:40Z,baseline_nvml_pt,nvidia-smi,ok,7.0,2538.0,1695.0,7601.0,71.1,0.11468800157308578,111.16015625,111.16015625,2.0,True,,86.0,57.00000000000001,75.0,estimated,,prefill-facebook-opt-1-3b-chunk-128-sm-16,success,,,/mnt/data/dheeraj/dicertation/inference-profile/runs/revised-rerun-20260415-020401-g2-opt13b-c64-256/raw/points/prefill/prefill-facebook-opt-1-3b-chunk-128-sm-16.csv
facebook/opt-1.3b,128,gemm,fc2,16,4,112.64000087976456,114462720,114987008,524288,524288,1024,2026-04-15T01:04:40Z,baseline_nvml_pt,nvidia-smi,ok,7.0,2538.0,1695.0,7601.0,71.1,0.11468800157308578,111.16015625,111.16015625,2.0,True,,86.0,57.00000000000001,75.0,estimated,,prefill-facebook-opt-1-3b-chunk-128-sm-16,success,,,/mnt/data/dheeraj/dicertation/inference-profile/runs/revised-rerun-20260415-020401-g2-opt13b-c64-256/raw/points/prefill/prefill-facebook-opt-1-3b-chunk-128-sm-16.csv
facebook/opt-1.3b,128,attention,attention,16,4,54.1439987719059,114462720,115004416,541696,524288,1024,2026-04-15T01:04:40Z,baseline_nvml_pt,nvidia-smi,ok,7.0,2538.0,1695.0,7601.0,71.1,0.11468800157308578,111.16015625,111.16015625,2.0,True,,86.0,57.00000000000001,75.0,estimated,,prefill-facebook-opt-1-3b-chunk-128-sm-16,success,,,/mnt/data/dheeraj/dicertation/inference-profile/runs/revised-rerun-20260415-020401-g2-opt13b-c64-256/raw/points/prefill/prefill-facebook-opt-1-3b-chunk-128-sm-16.csv
facebook/opt-1.3b,128,gemm,q_proj,24,0,98.30400347709656,114462720,114987008,524288,524288,1024,2026-04-15T01:04:45Z,baseline_nvml_pt,nvidia-smi,ok,0.0,2538.0,1695.0,7601.0,70.59,0.12083200365304947,111.16015625,111.16015625,2.0,True,,93.0,51.5,82.5,estimated,,prefill-facebook-opt-1-3b-chunk-128-sm-24,success,,,/mnt/data/dheeraj/dicertation/inference-profile/runs/revised-rerun-20260415-020401-g2-opt13b-c64-256/raw/points/prefill/prefill-facebook-opt-1-3b-chunk-128-sm-24.csv
facebook/opt-1.3b,128,gemm,k_proj,24,0,83.96799862384796,114462720,114987008,524288,524288,1024,2026-04-15T01:04:45Z,baseline_nvml_pt,nvidia-smi,ok,0.0,2538.0,1695.0,7601.0,70.59,0.12083200365304947,111.16015625,111.16015625,2.0,True,,93.0,51.5,82.5,estimated,,prefill-facebook-opt-1-3b-chunk-128-sm-24,success,,,/mnt/data/dheeraj/dicertation/inference-profile/runs/revised-rerun-20260415-020401-g2-opt13b-c64-256/raw/points/prefill/prefill-facebook-opt-1-3b-chunk-128-sm-24.csv
facebook/opt-1.3b,128,gemm,v_proj,24,0,69.69600170850754,114462720,114987008,524288,524288,1024,2026-04-15T01:04:45Z,baseline_nvml_pt,nvidia-smi,ok,0.0,2538.0,1695.0,7601.0,70.59,0.12083200365304947,111.16015625,111.16015625,2.0,True,,93.0,51.5,82.5,estimated,,prefill-facebook-opt-1-3b-chunk-128-sm-24,success,,,/mnt/data/dheeraj/dicertation/inference-profile/runs/revised-rerun-20260415-020401-g2-opt13b-c64-256/raw/points/prefill/prefill-facebook-opt-1-3b-chunk-128-sm-24.csv
facebook/opt-1.3b,128,gemm,out_proj,24,0,71.80800288915634,114462720,114987008,524288,524288,1024,2026-04-15T01:04:45Z,baseline_nvml_pt,nvidia-smi,ok,0.0,2538.0,1695.0,7601.0,70.59,0.12083200365304947,111.16015625,111.16015625,2.0,True,,93.0,51.5,82.5,estimated,,prefill-facebook-opt-1-3b-chunk-128-sm-24,success,,,/mnt/data/dheeraj/dicertation/inference-profile/runs/revised-rerun-20260415-020401-g2-opt13b-c64-256/raw/points/prefill/prefill-facebook-opt-1-3b-chunk-128-sm-24.csv
facebook/opt-1.3b,128,gemm,fc1,24,0,115.55200070142746,114462720,116559872,2097152,2097152,1024,2026-04-15T01:04:45Z,baseline_nvml_pt,nvidia-smi,ok,0.0,2538.0,1695.0,7601.0,70.59,0.12083200365304947,111.16015625,111.16015625,2.0,True,,93.0,51.5,82.5,estimated,,prefill-facebook-opt-1-3b-chunk-128-sm-24,success,,,/mnt/data/dheeraj/dicertation/inference-profile/runs/revised-rerun-20260415-020401-g2-opt13b-c64-256/raw/points/prefill/prefill-facebook-opt-1-3b-chunk-128-sm-24.csv
facebook/opt-1.3b,128,gemm,fc2,24,0,117.63200163841248,114462720,114987008,524288,524288,1024,2026-04-15T01:04:45Z,baseline_nvml_pt,nvidia-smi,ok,0.0,2538.0,1695.0,7601.0,70.59,0.12083200365304947,111.16015625,111.16015625,2.0,True,,93.0,51.5,82.5,estimated,,prefill-facebook-opt-1-3b-chunk-128-sm-24,success,,,/mnt/data/dheeraj/dicertation/inference-profile/runs/revised-rerun-20260415-020401-g2-opt13b-c64-256/raw/points/prefill/prefill-facebook-opt-1-3b-chunk-128-sm-24.csv
facebook/opt-1.3b,128,attention,attention,24,0,60.416001826524734,114462720,115004416,541696,524288,1024,2026-04-15T01:04:45Z,baseline_nvml_pt,nvidia-smi,ok,0.0,2538.0,1695.0,7601.0,70.59,0.12083200365304947,111.16015625,111.16015625,2.0,True,,93.0,51.5,82.5,estimated,,prefill-facebook-opt-1-3b-chunk-128-sm-24,success,,,/mnt/data/dheeraj/dicertation/inference-profile/runs/revised-rerun-20260415-020401-g2-opt13b-c64-256/raw/points/prefill/prefill-facebook-opt-1-3b-chunk-128-sm-24.csv
facebook/opt-1.3b,128,gemm,q_proj,24,1,69.5360004901886,114462720,114987008,524288,524288,1024,2026-04-15T01:04:45Z,baseline_nvml_pt,nvidia-smi,ok,0.0,2538.0,1695.0,7601.0,70.59,0.12083200365304947,111.16015625,111.16015625,2.0,True,,93.0,51.5,82.5,estimated,,prefill-facebook-opt-1-3b-chunk-128-sm-24,success,,,/mnt/data/dheeraj/dicertation/inference-profile/runs/revised-rerun-20260415-020401-g2-opt13b-c64-256/raw/points/prefill/prefill-facebook-opt-1-3b-chunk-128-sm-24.csv
facebook/opt-1.3b,128,gemm,k_proj,24,1,68.60800087451935,114462720,114987008,524288,524288,1024,2026-04-15T01:04:45Z,baseline_nvml_pt,nvidia-smi,ok,0.0,2538.0,1695.0,7601.0,70.59,0.12083200365304947,111.16015625,111.16015625,2.0,True,,93.0,51.5,82.5,estimated,,prefill-facebook-opt-1-3b-chunk-128-sm-24,success,,,/mnt/data/dheeraj/dicertation/inference-profile/runs/revised-rerun-20260415-020401-g2-opt13b-c64-256/raw/points/prefill/prefill-facebook-opt-1-3b-chunk-128-sm-24.csv
facebook/opt-1.3b,128,gemm,v_proj,24,1,63.48799914121628,114462720,114987008,524288,524288,1024,2026-04-15T01:04:45Z,baseline_nvml_pt,nvidia-smi,ok,0.0,2538.0,1695.0,7601.0,70.59,0.12083200365304947,111.16015625,111.16015625,2.0,True,,93.0,51.5,82.5,estimated,,prefill-facebook-opt-1-3b-chunk-128-sm-24,success,,,/mnt/data/dheeraj/dicertation/inference-profile/runs/revised-rerun-20260415-020401-g2-opt13b-c64-256/raw/points/prefill/prefill-facebook-opt-1-3b-chunk-128-sm-24.csv
facebook/opt-1.3b,128,gemm,out_proj,24,1,63.45599889755249,114462720,114987008,524288,524288,1024,2026-04-15T01:04:45Z,baseline_nvml_pt,nvidia-smi,ok,0.0,2538.0,1695.0,7601.0,70.59,0.12083200365304947,111.16015625,111.16015625,2.0,True,,93.0,51.5,82.5,estimated,,prefill-facebook-opt-1-3b-chunk-128-sm-24,success,,,/mnt/data/dheeraj/dicertation/inference-profile/runs/revised-rerun-20260415-020401-g2-opt13b-c64-256/raw/points/prefill/prefill-facebook-opt-1-3b-chunk-128-sm-24.csv
facebook/opt-1.3b,128,gemm,fc1,24,1,107.32799768447876,114462720,116559872,2097152,2097152,1024,2026-04-15T01:04:45Z,baseline_nvml_pt,nvidia-smi,ok,0.0,2538.0,1695.0,7601.0,70.59,0.12083200365304947,111.16015625,111.16015625,2.0,True,,93.0,51.5,82.5,estimated,,prefill-facebook-opt-1-3b-chunk-128-sm-24,success,,,/mnt/data/dheeraj/dicertation/inference-profile/runs/revised-rerun-20260415-020401-g2-opt13b-c64-256/raw/points/prefill/prefill-facebook-opt-1-3b-chunk-128-sm-24.csv
facebook/opt-1.3b,128,gemm,fc2,24,1,114.68800157308578,114462720,114987008,524288,524288,1024,2026-04-15T01:04:45Z,baseline_nvml_pt,nvidia-smi,ok,0.0,2538.0,1695.0,7601.0,70.59,0.12083200365304947,111.16015625,111.16015625,2.0,True,,93.0,51.5,82.5,estimated,,prefill-facebook-opt-1-3b-chunk-128-sm-24,success,,,/mnt/data/dheeraj/dicertation/inference-profile/runs/revised-rerun-20260415-020401-g2-opt13b-c64-256/raw/points/prefill/prefill-facebook-opt-1-3b-chunk-128-sm-24.csv
facebook/opt-1.3b,128,attention,attention,24,1,57.08799883723259,114462720,115004416,541696,524288,1024,2026-04-15T01:04:45Z,baseline_nvml_pt,nvidia-smi,ok,0.0,2538.0,1695.0,7601.0,70.59,0.12083200365304947,111.16015625,111.16015625,2.0,True,,93.0,51.5,82.5,estimated,,prefill-facebook-opt-1-3b-chunk-128-sm-24,success,,,/mnt/data/dheeraj/dicertation/inference-profile/runs/revised-rerun-20260415-020401-g2-opt13b-c64-256/raw/points/prefill/prefill-facebook-opt-1-3b-chunk-128-sm-24.csv
facebook/opt-1.3b,128,gemm,q_proj,24,2,68.60800087451935,114462720,114987008,524288,524288,1024,2026-04-15T01:04:45Z,baseline_nvml_pt,nvidia-smi,ok,0.0,2538.0,1695.0,7601.0,70.59,0.12083200365304947,111.16015625,111.16015625,2.0,True,,93.0,51.5,82.5,estimated,,prefill-facebook-opt-1-3b-chunk-128-sm-24,success,,,/mnt/data/dheeraj/dicertation/inference-profile/runs/revised-rerun-20260415-020401-g2-opt13b-c64-256/raw/points/prefill/prefill-facebook-opt-1-3b-chunk-128-sm-24.csv
facebook/opt-1.3b,128,gemm,k_proj,24,2,80.89599758386612,114462720,114987008,524288,524288,1024,2026-04-15T01:04:45Z,baseline_nvml_pt,nvidia-smi,ok,0.0,2538.0,1695.0,7601.0,70.59,0.12083200365304947,111.16015625,111.16015625,2.0,True,,93.0,51.5,82.5,estimated,,prefill-facebook-opt-1-3b-chunk-128-sm-24,success,,,/mnt/data/dheeraj/dicertation/inference-profile/runs/revised-rerun-20260415-020401-g2-opt13b-c64-256/raw/points/prefill/prefill-facebook-opt-1-3b-chunk-128-sm-24.csv
facebook/opt-1.3b,128,gemm,v_proj,24,2,64.44799900054932,114462720,114987008,524288,524288,1024,2026-04-15T01:04:45Z,baseline_nvml_pt,nvidia-smi,ok,0.0,2538.0,1695.0,7601.0,70.59,0.12083200365304947,111.16015625,111.16015625,2.0,True,,93.0,51.5,82.5,estimated,,prefill-facebook-opt-1-3b-chunk-128-sm-24,success,,,/mnt/data/dheeraj/dicertation/inference-profile/runs/revised-rerun-20260415-020401-g2-opt13b-c64-256/raw/points/prefill/prefill-facebook-opt-1-3b-chunk-128-sm-24.csv
facebook/opt-1.3b,128,gemm,out_proj,24,2,65.5359998345375,114462720,114987008,524288,524288,1024,2026-04-15T01:04:45Z,baseline_nvml_pt,nvidia-smi,ok,0.0,2538.0,1695.0,7601.0,70.59,0.12083200365304947,111.16015625,111.16015625,2.0,True,,93.0,51.5,82.5,estimated,,prefill-facebook-opt-1-3b-chunk-128-sm-24,success,,,/mnt/data/dheeraj/dicertation/inference-profile/runs/revised-rerun-20260415-020401-g2-opt13b-c64-256/raw/points/prefill/prefill-facebook-opt-1-3b-chunk-128-sm-24.csv
facebook/opt-1.3b,128,gemm,fc1,24,2,111.61600053310394,114462720,116559872,2097152,2097152,1024,2026-04-15T01:04:45Z,baseline_nvml_pt,nvidia-smi,ok,0.0,2538.0,1695.0,7601.0,70.59,0.12083200365304947,111.16015625,111.16015625,2.0,True,,93.0,51.5,82.5,estimated,,prefill-facebook-opt-1-3b-chunk-128-sm-24,success,,,/mnt/data/dheeraj/dicertation/inference-profile/runs/revised-rerun-20260415-020401-g2-opt13b-c64-256/raw/points/prefill/prefill-facebook-opt-1-3b-chunk-128-sm-24.csv
facebook/opt-1.3b,128,gemm,fc2,24,2,113.66400122642517,114462720,114987008,524288,524288,1024,2026-04-15T01:04:45Z,baseline_nvml_pt,nvidia-smi,ok,0.0,2538.0,1695.0,7601.0,70.59,0.12083200365304947,111.16015625,111.16015625,2.0,True,,93.0,51.5,82.5,estimated,,prefill-facebook-opt-1-3b-chunk-128-sm-24,success,,,/mnt/data/dheeraj/dicertation/inference-profile/runs/revised-rerun-20260415-020401-g2-opt13b-c64-256/raw/points/prefill/prefill-facebook-opt-1-3b-chunk-128-sm-24.csv
facebook/opt-1.3b,128,attention,attention,24,2,65.72800129652023,114462720,115004416,541696,524288,1024,2026-04-15T01:04:45Z,baseline_nvml_pt,nvidia-smi,ok,0.0,2538.0,1695.0,7601.0,70.59,0.12083200365304947,111.16015625,111.16015625,2.0,True,,93.0,51.5,82.5,estimated,,prefill-facebook-opt-1-3b-chunk-128-sm-24,success,,,/mnt/data/dheeraj/dicertation/inference-profile/runs/revised-rerun-20260415-020401-g2-opt13b-c64-256/raw/points/prefill/prefill-facebook-opt-1-3b-chunk-128-sm-24.csv
facebook/opt-1.3b,128,gemm,q_proj,24,3,67.32799857854843,114462720,114987008,524288,524288,1024,2026-04-15T01:04:45Z,baseline_nvml_pt,nvidia-smi,ok,0.0,2538.0,1695.0,7601.0,70.59,0.12083200365304947,111.16015625,111.16015625,2.0,True,,93.0,51.5,82.5,estimated,,prefill-facebook-opt-1-3b-chunk-128-sm-24,success,,,/mnt/data/dheeraj/dicertation/inference-profile/runs/revised-rerun-20260415-020401-g2-opt13b-c64-256/raw/points/prefill/prefill-facebook-opt-1-3b-chunk-128-sm-24.csv
facebook/opt-1.3b,128,gemm,k_proj,24,3,64.51199948787689,114462720,114987008,524288,524288,1024,2026-04-15T01:04:45Z,baseline_nvml_pt,nvidia-smi,ok,0.0,2538.0,1695.0,7601.0,70.59,0.12083200365304947,111.16015625,111.16015625,2.0,True,,93.0,51.5,82.5,estimated,,prefill-facebook-opt-1-3b-chunk-128-sm-24,success,,,/mnt/data/dheeraj/dicertation/inference-profile/runs/revised-rerun-20260415-020401-g2-opt13b-c64-256/raw/points/prefill/prefill-facebook-opt-1-3b-chunk-128-sm-24.csv
facebook/opt-1.3b,128,gemm,v_proj,24,3,64.28799778223038,114462720,114987008,524288,524288,1024,2026-04-15T01:04:45Z,baseline_nvml_pt,nvidia-smi,ok,0.0,2538.0,1695.0,7601.0,70.59,0.12083200365304947,111.16015625,111.16015625,2.0,True,,93.0,51.5,82.5,estimated,,prefill-facebook-opt-1-3b-chunk-128-sm-24,success,,,/mnt/data/dheeraj/dicertation/inference-profile/runs/revised-rerun-20260415-020401-g2-opt13b-c64-256/raw/points/prefill/prefill-facebook-opt-1-3b-chunk-128-sm-24.csv
facebook/opt-1.3b,128,gemm,out_proj,24,3,64.64000046253204,114462720,114987008,524288,524288,1024,2026-04-15T01:04:45Z,baseline_nvml_pt,nvidia-smi,ok,0.0,2538.0,1695.0,7601.0,70.59,0.12083200365304947,111.16015625,111.16015625,2.0,True,,93.0,51.5,82.5,estimated,,prefill-facebook-opt-1-3b-chunk-128-sm-24,success,,,/mnt/data/dheeraj/dicertation/inference-profile/runs/revised-rerun-20260415-020401-g2-opt13b-c64-256/raw/points/prefill/prefill-facebook-opt-1-3b-chunk-128-sm-24.csv
facebook/opt-1.3b,128,gemm,fc1,24,3,106.27199709415436,114462720,116559872,2097152,2097152,1024,2026-04-15T01:04:45Z,baseline_nvml_pt,nvidia-smi,ok,0.0,2538.0,1695.0,7601.0,70.59,0.12083200365304947,111.16015625,111.16015625,2.0,True,,93.0,51.5,82.5,estimated,,prefill-facebook-opt-1-3b-chunk-128-sm-24,success,,,/mnt/data/dheeraj/dicertation/inference-profile/runs/revised-rerun-20260415-020401-g2-opt13b-c64-256/raw/points/prefill/prefill-facebook-opt-1-3b-chunk-128-sm-24.csv
facebook/opt-1.3b,128,gemm,fc2,24,3,120.83200365304947,114462720,114987008,524288,524288,1024,2026-04-15T01:04:45Z,baseline_nvml_pt,nvidia-smi,ok,0.0,2538.0,1695.0,7601.0,70.59,0.12083200365304947,111.16015625,111.16015625,2.0,True,,93.0,51.5,82.5,estimated,,prefill-facebook-opt-1-3b-chunk-128-sm-24,success,,,/mnt/data/dheeraj/dicertation/inference-profile/runs/revised-rerun-20260415-020401-g2-opt13b-c64-256/raw/points/prefill/prefill-facebook-opt-1-3b-chunk-128-sm-24.csv
facebook/opt-1.3b,128,attention,attention,24,3,57.34400078654289,114462720,115004416,541696,524288,1024,2026-04-15T01:04:45Z,baseline_nvml_pt,nvidia-smi,ok,0.0,2538.0,1695.0,7601.0,70.59,0.12083200365304947,111.16015625,111.16015625,2.0,True,,93.0,51.5,82.5,estimated,,prefill-facebook-opt-1-3b-chunk-128-sm-24,success,,,/mnt/data/dheeraj/dicertation/inference-profile/runs/revised-rerun-20260415-020401-g2-opt13b-c64-256/raw/points/prefill/prefill-facebook-opt-1-3b-chunk-128-sm-24.csv
facebook/opt-1.3b,128,gemm,q_proj,24,4,66.46399945020676,114462720,114987008,524288,524288,1024,2026-04-15T01:04:45Z,baseline_nvml_pt,nvidia-smi,ok,0.0,2538.0,1695.0,7601.0,70.59,0.12083200365304947,111.16015625,111.16015625,2.0,True,,93.0,51.5,82.5,estimated,,prefill-facebook-opt-1-3b-chunk-128-sm-24,success,,,/mnt/data/dheeraj/dicertation/inference-profile/runs/revised-rerun-20260415-020401-g2-opt13b-c64-256/raw/points/prefill/prefill-facebook-opt-1-3b-chunk-128-sm-24.csv
facebook/opt-1.3b,128,gemm,k_proj,24,4,62.463998794555664,114462720,114987008,524288,524288,1024,2026-04-15T01:04:45Z,baseline_nvml_pt,nvidia-smi,ok,0.0,2538.0,1695.0,7601.0,70.59,0.12083200365304947,111.16015625,111.16015625,2.0,True,,93.0,51.5,82.5,estimated,,prefill-facebook-opt-1-3b-chunk-128-sm-24,success,,,/mnt/data/dheeraj/dicertation/inference-profile/runs/revised-rerun-20260415-020401-g2-opt13b-c64-256/raw/points/prefill/prefill-facebook-opt-1-3b-chunk-128-sm-24.csv
facebook/opt-1.3b,128,gemm,v_proj,24,4,64.51199948787689,114462720,114987008,524288,524288,1024,2026-04-15T01:04:45Z,baseline_nvml_pt,nvidia-smi,ok,0.0,2538.0,1695.0,7601.0,70.59,0.12083200365304947,111.16015625,111.16015625,2.0,True,,93.0,51.5,82.5,estimated,,prefill-facebook-opt-1-3b-chunk-128-sm-24,success,,,/mnt/data/dheeraj/dicertation/inference-profile/runs/revised-rerun-20260415-020401-g2-opt13b-c64-256/raw/points/prefill/prefill-facebook-opt-1-3b-chunk-128-sm-24.csv
facebook/opt-1.3b,128,gemm,out_proj,24,4,60.447998344898224,114462720,114987008,524288,524288,1024,2026-04-15T01:04:45Z,baseline_nvml_pt,nvidia-smi,ok,0.0,2538.0,1695.0,7601.0,70.59,0.12083200365304947,111.16015625,111.16015625,2.0,True,,93.0,51.5,82.5,estimated,,prefill-facebook-opt-1-3b-chunk-128-sm-24,success,,,/mnt/data/dheeraj/dicertation/inference-profile/runs/revised-rerun-20260415-020401-g2-opt13b-c64-256/raw/points/prefill/prefill-facebook-opt-1-3b-chunk-128-sm-24.csv
facebook/opt-1.3b,128,gemm,fc1,24,4,103.42399775981903,114462720,116559872,2097152,2097152,1024,2026-04-15T01:04:45Z,baseline_nvml_pt,nvidia-smi,ok,0.0,2538.0,1695.0,7601.0,70.59,0.12083200365304947,111.16015625,111.16015625,2.0,True,,93.0,51.5,82.5,estimated,,prefill-facebook-opt-1-3b-chunk-128-sm-24,success,,,/mnt/data/dheeraj/dicertation/inference-profile/runs/revised-rerun-20260415-020401-g2-opt13b-c64-256/raw/points/prefill/prefill-facebook-opt-1-3b-chunk-128-sm-24.csv
facebook/opt-1.3b,128,gemm,fc2,24,4,112.64000087976456,114462720,114987008,524288,524288,1024,2026-04-15T01:04:45Z,baseline_nvml_pt,nvidia-smi,ok,0.0,2538.0,1695.0,7601.0,70.59,0.12083200365304947,111.16015625,111.16015625,2.0,True,,93.0,51.5,82.5,estimated,,prefill-facebook-opt-1-3b-chunk-128-sm-24,success,,,/mnt/data/dheeraj/dicertation/inference-profile/runs/revised-rerun-20260415-020401-g2-opt13b-c64-256/raw/points/prefill/prefill-facebook-opt-1-3b-chunk-128-sm-24.csv
facebook/opt-1.3b,128,attention,attention,24,4,58.36800113320351,114462720,115004416,541696,524288,1024,2026-04-15T01:04:45Z,baseline_nvml_pt,nvidia-smi,ok,0.0,2538.0,1695.0,7601.0,70.59,0.12083200365304947,111.16015625,111.16015625,2.0,True,,93.0,51.5,82.5,estimated,,prefill-facebook-opt-1-3b-chunk-128-sm-24,success,,,/mnt/data/dheeraj/dicertation/inference-profile/runs/revised-rerun-20260415-020401-g2-opt13b-c64-256/raw/points/prefill/prefill-facebook-opt-1-3b-chunk-128-sm-24.csv
facebook/opt-1.3b,128,gemm,q_proj,32,0,83.96799862384796,114462720,114987008,524288,524288,1024,2026-04-15T01:04:49Z,baseline_nvml_pt,nvidia-smi,ok,3.0,2536.0,1695.0,7601.0,70.64,0.11468800157308578,111.16015625,111.16015625,2.0,True,,100.0,46.0,89.99999999999999,estimated,,prefill-facebook-opt-1-3b-chunk-128-sm-32,success,,,/mnt/data/dheeraj/dicertation/inference-profile/runs/revised-rerun-20260415-020401-g2-opt13b-c64-256/raw/points/prefill/prefill-facebook-opt-1-3b-chunk-128-sm-32.csv
facebook/opt-1.3b,128,gemm,k_proj,32,0,73.72800260782242,114462720,114987008,524288,524288,1024,2026-04-15T01:04:49Z,baseline_nvml_pt,nvidia-smi,ok,3.0,2536.0,1695.0,7601.0,70.64,0.11468800157308578,111.16015625,111.16015625,2.0,True,,100.0,46.0,89.99999999999999,estimated,,prefill-facebook-opt-1-3b-chunk-128-sm-32,success,,,/mnt/data/dheeraj/dicertation/inference-profile/runs/revised-rerun-20260415-020401-g2-opt13b-c64-256/raw/points/prefill/prefill-facebook-opt-1-3b-chunk-128-sm-32.csv
facebook/opt-1.3b,128,gemm,v_proj,32,0,67.58400052785873,114462720,114987008,524288,524288,1024,2026-04-15T01:04:49Z,baseline_nvml_pt,nvidia-smi,ok,3.0,2536.0,1695.0,7601.0,70.64,0.11468800157308578,111.16015625,111.16015625,2.0,True,,100.0,46.0,89.99999999999999,estimated,,prefill-facebook-opt-1-3b-chunk-128-sm-32,success,,,/mnt/data/dheeraj/dicertation/inference-profile/runs/revised-rerun-20260415-020401-g2-opt13b-c64-256/raw/points/prefill/prefill-facebook-opt-1-3b-chunk-128-sm-32.csv
facebook/opt-1.3b,128,gemm,out_proj,32,0,70.88000327348709,114462720,114987008,524288,524288,1024,2026-04-15T01:04:49Z,baseline_nvml_pt,nvidia-smi,ok,3.0,2536.0,1695.0,7601.0,70.64,0.11468800157308578,111.16015625,111.16015625,2.0,True,,100.0,46.0,89.99999999999999,estimated,,prefill-facebook-opt-1-3b-chunk-128-sm-32,success,,,/mnt/data/dheeraj/dicertation/inference-profile/runs/revised-rerun-20260415-020401-g2-opt13b-c64-256/raw/points/prefill/prefill-facebook-opt-1-3b-chunk-128-sm-32.csv
facebook/opt-1.3b,128,gemm,fc1,32,0,108.47999900579453,114462720,116559872,2097152,2097152,1024,2026-04-15T01:04:49Z,baseline_nvml_pt,nvidia-smi,ok,3.0,2536.0,1695.0,7601.0,70.64,0.11468800157308578,111.16015625,111.16015625,2.0,True,,100.0,46.0,89.99999999999999,estimated,,prefill-facebook-opt-1-3b-chunk-128-sm-32,success,,,/mnt/data/dheeraj/dicertation/inference-profile/runs/revised-rerun-20260415-020401-g2-opt13b-c64-256/raw/points/prefill/prefill-facebook-opt-1-3b-chunk-128-sm-32.csv
facebook/opt-1.3b,128,gemm,fc2,32,0,114.68800157308578,114462720,114987008,524288,524288,1024,2026-04-15T01:04:49Z,baseline_nvml_pt,nvidia-smi,ok,3.0,2536.0,1695.0,7601.0,70.64,0.11468800157308578,111.16015625,111.16015625,2.0,True,,100.0,46.0,89.99999999999999,estimated,,prefill-facebook-opt-1-3b-chunk-128-sm-32,success,,,/mnt/data/dheeraj/dicertation/inference-profile/runs/revised-rerun-20260415-020401-g2-opt13b-c64-256/raw/points/prefill/prefill-facebook-opt-1-3b-chunk-128-sm-32.csv
facebook/opt-1.3b,128,attention,attention,32,0,57.34400078654289,114462720,115004416,541696,524288,1024,2026-04-15T01:04:49Z,baseline_nvml_pt,nvidia-smi,ok,3.0,2536.0,1695.0,7601.0,70.64,0.11468800157308578,111.16015625,111.16015625,2.0,True,,100.0,46.0,89.99999999999999,estimated,,prefill-facebook-opt-1-3b-chunk-128-sm-32,success,,,/mnt/data/dheeraj/dicertation/inference-profile/runs/revised-rerun-20260415-020401-g2-opt13b-c64-256/raw/points/prefill/prefill-facebook-opt-1-3b-chunk-128-sm-32.csv
facebook/opt-1.3b,128,gemm,q_proj,32,1,67.35999882221222,114462720,114987008,524288,524288,1024,2026-04-15T01:04:49Z,baseline_nvml_pt,nvidia-smi,ok,3.0,2536.0,1695.0,7601.0,70.64,0.11468800157308578,111.16015625,111.16015625,2.0,True,,100.0,46.0,89.99999999999999,estimated,,prefill-facebook-opt-1-3b-chunk-128-sm-32,success,,,/mnt/data/dheeraj/dicertation/inference-profile/runs/revised-rerun-20260415-020401-g2-opt13b-c64-256/raw/points/prefill/prefill-facebook-opt-1-3b-chunk-128-sm-32.csv
facebook/opt-1.3b,128,gemm,k_proj,32,1,64.41599875688553,114462720,114987008,524288,524288,1024,2026-04-15T01:04:49Z,baseline_nvml_pt,nvidia-smi,ok,3.0,2536.0,1695.0,7601.0,70.64,0.11468800157308578,111.16015625,111.16015625,2.0,True,,100.0,46.0,89.99999999999999,estimated,,prefill-facebook-opt-1-3b-chunk-128-sm-32,success,,,/mnt/data/dheeraj/dicertation/inference-profile/runs/revised-rerun-20260415-020401-g2-opt13b-c64-256/raw/points/prefill/prefill-facebook-opt-1-3b-chunk-128-sm-32.csv
facebook/opt-1.3b,128,gemm,v_proj,32,1,62.463998794555664,114462720,114987008,524288,524288,1024,2026-04-15T01:04:49Z,baseline_nvml_pt,nvidia-smi,ok,3.0,2536.0,1695.0,7601.0,70.64,0.11468800157308578,111.16015625,111.16015625,2.0,True,,100.0,46.0,89.99999999999999,estimated,,prefill-facebook-opt-1-3b-chunk-128-sm-32,success,,,/mnt/data/dheeraj/dicertation/inference-profile/runs/revised-rerun-20260415-020401-g2-opt13b-c64-256/raw/points/prefill/prefill-facebook-opt-1-3b-chunk-128-sm-32.csv
facebook/opt-1.3b,128,gemm,out_proj,32,1,64.44799900054932,114462720,114987008,524288,524288,1024,2026-04-15T01:04:49Z,baseline_nvml_pt,nvidia-smi,ok,3.0,2536.0,1695.0,7601.0,70.64,0.11468800157308578,111.16015625,111.16015625,2.0,True,,100.0,46.0,89.99999999999999,estimated,,prefill-facebook-opt-1-3b-chunk-128-sm-32,success,,,/mnt/data/dheeraj/dicertation/inference-profile/runs/revised-rerun-20260415-020401-g2-opt13b-c64-256/raw/points/prefill/prefill-facebook-opt-1-3b-chunk-128-sm-32.csv
facebook/opt-1.3b,128,gemm,fc1,32,1,104.60799932479858,114462720,116559872,2097152,2097152,1024,2026-04-15T01:04:49Z,baseline_nvml_pt,nvidia-smi,ok,3.0,2536.0,1695.0,7601.0,70.64,0.11468800157308578,111.16015625,111.16015625,2.0,True,,100.0,46.0,89.99999999999999,estimated,,prefill-facebook-opt-1-3b-chunk-128-sm-32,success,,,/mnt/data/dheeraj/dicertation/inference-profile/runs/revised-rerun-20260415-020401-g2-opt13b-c64-256/raw/points/prefill/prefill-facebook-opt-1-3b-chunk-128-sm-32.csv
facebook/opt-1.3b,128,gemm,fc2,32,1,114.62400108575821,114462720,114987008,524288,524288,1024,2026-04-15T01:04:49Z,baseline_nvml_pt,nvidia-smi,ok,3.0,2536.0,1695.0,7601.0,70.64,0.11468800157308578,111.16015625,111.16015625,2.0,True,,100.0,46.0,89.99999999999999,estimated,,prefill-facebook-opt-1-3b-chunk-128-sm-32,success,,,/mnt/data/dheeraj/dicertation/inference-profile/runs/revised-rerun-20260415-020401-g2-opt13b-c64-256/raw/points/prefill/prefill-facebook-opt-1-3b-chunk-128-sm-32.csv
facebook/opt-1.3b,128,attention,attention,32,1,55.07199838757515,114462720,115004416,541696,524288,1024,2026-04-15T01:04:49Z,baseline_nvml_pt,nvidia-smi,ok,3.0,2536.0,1695.0,7601.0,70.64,0.11468800157308578,111.16015625,111.16015625,2.0,True,,100.0,46.0,89.99999999999999,estimated,,prefill-facebook-opt-1-3b-chunk-128-sm-32,success,,,/mnt/data/dheeraj/dicertation/inference-profile/runs/revised-rerun-20260415-020401-g2-opt13b-c64-256/raw/points/prefill/prefill-facebook-opt-1-3b-chunk-128-sm-32.csv
facebook/opt-1.3b,128,gemm,q_proj,32,2,65.37599861621857,114462720,114987008,524288,524288,1024,2026-04-15T01:04:49Z,baseline_nvml_pt,nvidia-smi,ok,3.0,2536.0,1695.0,7601.0,70.64,0.11468800157308578,111.16015625,111.16015625,2.0,True,,100.0,46.0,89.99999999999999,estimated,,prefill-facebook-opt-1-3b-chunk-128-sm-32,success,,,/mnt/data/dheeraj/dicertation/inference-profile/runs/revised-rerun-20260415-020401-g2-opt13b-c64-256/raw/points/prefill/prefill-facebook-opt-1-3b-chunk-128-sm-32.csv
facebook/opt-1.3b,128,gemm,k_proj,32,2,69.63200122117996,114462720,114987008,524288,524288,1024,2026-04-15T01:04:49Z,baseline_nvml_pt,nvidia-smi,ok,3.0,2536.0,1695.0,7601.0,70.64,0.11468800157308578,111.16015625,111.16015625,2.0,True,,100.0,46.0,89.99999999999999,estimated,,prefill-facebook-opt-1-3b-chunk-128-sm-32,success,,,/mnt/data/dheeraj/dicertation/inference-profile/runs/revised-rerun-20260415-020401-g2-opt13b-c64-256/raw/points/prefill/prefill-facebook-opt-1-3b-chunk-128-sm-32.csv
facebook/opt-1.3b,128,gemm,v_proj,32,2,62.463998794555664,114462720,114987008,524288,524288,1024,2026-04-15T01:04:49Z,baseline_nvml_pt,nvidia-smi,ok,3.0,2536.0,1695.0,7601.0,70.64,0.11468800157308578,111.16015625,111.16015625,2.0,True,,100.0,46.0,89.99999999999999,estimated,,prefill-facebook-opt-1-3b-chunk-128-sm-32,success,,,/mnt/data/dheeraj/dicertation/inference-profile/runs/revised-rerun-20260415-020401-g2-opt13b-c64-256/raw/points/prefill/prefill-facebook-opt-1-3b-chunk-128-sm-32.csv
facebook/opt-1.3b,128,gemm,out_proj,32,2,62.431998550891876,114462720,114987008,524288,524288,1024,2026-04-15T01:04:49Z,baseline_nvml_pt,nvidia-smi,ok,3.0,2536.0,1695.0,7601.0,70.64,0.11468800157308578,111.16015625,111.16015625,2.0,True,,100.0,46.0,89.99999999999999,estimated,,prefill-facebook-opt-1-3b-chunk-128-sm-32,success,,,/mnt/data/dheeraj/dicertation/inference-profile/runs/revised-rerun-20260415-020401-g2-opt13b-c64-256/raw/points/prefill/prefill-facebook-opt-1-3b-chunk-128-sm-32.csv
facebook/opt-1.3b,128,gemm,fc1,32,2,107.51999914646149,114462720,116559872,2097152,2097152,1024,2026-04-15T01:04:49Z,baseline_nvml_pt,nvidia-smi,ok,3.0,2536.0,1695.0,7601.0,70.64,0.11468800157308578,111.16015625,111.16015625,2.0,True,,100.0,46.0,89.99999999999999,estimated,,prefill-facebook-opt-1-3b-chunk-128-sm-32,success,,,/mnt/data/dheeraj/dicertation/inference-profile/runs/revised-rerun-20260415-020401-g2-opt13b-c64-256/raw/points/prefill/prefill-facebook-opt-1-3b-chunk-128-sm-32.csv
facebook/opt-1.3b,128,gemm,fc2,32,2,112.64000087976456,114462720,114987008,524288,524288,1024,2026-04-15T01:04:49Z,baseline_nvml_pt,nvidia-smi,ok,3.0,2536.0,1695.0,7601.0,70.64,0.11468800157308578,111.16015625,111.16015625,2.0,True,,100.0,46.0,89.99999999999999,estimated,,prefill-facebook-opt-1-3b-chunk-128-sm-32,success,,,/mnt/data/dheeraj/dicertation/inference-profile/runs/revised-rerun-20260415-020401-g2-opt13b-c64-256/raw/points/prefill/prefill-facebook-opt-1-3b-chunk-128-sm-32.csv
facebook/opt-1.3b,128,attention,attention,32,2,56.19199946522713,114462720,115004416,541696,524288,1024,2026-04-15T01:04:49Z,baseline_nvml_pt,nvidia-smi,ok,3.0,2536.0,1695.0,7601.0,70.64,0.11468800157308578,111.16015625,111.16015625,2.0,True,,100.0,46.0,89.99999999999999,estimated,,prefill-facebook-opt-1-3b-chunk-128-sm-32,success,,,/mnt/data/dheeraj/dicertation/inference-profile/runs/revised-rerun-20260415-020401-g2-opt13b-c64-256/raw/points/prefill/prefill-facebook-opt-1-3b-chunk-128-sm-32.csv
facebook/opt-1.3b,128,gemm,q_proj,32,3,63.64800035953522,114462720,114987008,524288,524288,1024,2026-04-15T01:04:49Z,baseline_nvml_pt,nvidia-smi,ok,3.0,2536.0,1695.0,7601.0,70.64,0.11468800157308578,111.16015625,111.16015625,2.0,True,,100.0,46.0,89.99999999999999,estimated,,prefill-facebook-opt-1-3b-chunk-128-sm-32,success,,,/mnt/data/dheeraj/dicertation/inference-profile/runs/revised-rerun-20260415-020401-g2-opt13b-c64-256/raw/points/prefill/prefill-facebook-opt-1-3b-chunk-128-sm-32.csv
facebook/opt-1.3b,128,gemm,k_proj,32,3,62.6240000128746,114462720,114987008,524288,524288,1024,2026-04-15T01:04:49Z,baseline_nvml_pt,nvidia-smi,ok,3.0,2536.0,1695.0,7601.0,70.64,0.11468800157308578,111.16015625,111.16015625,2.0,True,,100.0,46.0,89.99999999999999,estimated,,prefill-facebook-opt-1-3b-chunk-128-sm-32,success,,,/mnt/data/dheeraj/dicertation/inference-profile/runs/revised-rerun-20260415-020401-g2-opt13b-c64-256/raw/points/prefill/prefill-facebook-opt-1-3b-chunk-128-sm-32.csv
facebook/opt-1.3b,128,gemm,v_proj,32,3,62.463998794555664,114462720,114987008,524288,524288,1024,2026-04-15T01:04:49Z,baseline_nvml_pt,nvidia-smi,ok,3.0,2536.0,1695.0,7601.0,70.64,0.11468800157308578,111.16015625,111.16015625,2.0,True,,100.0,46.0,89.99999999999999,estimated,,prefill-facebook-opt-1-3b-chunk-128-sm-32,success,,,/mnt/data/dheeraj/dicertation/inference-profile/runs/revised-rerun-20260415-020401-g2-opt13b-c64-256/raw/points/prefill/prefill-facebook-opt-1-3b-chunk-128-sm-32.csv
facebook/opt-1.3b,128,gemm,out_proj,32,3,61.535999178886414,114462720,114987008,524288,524288,1024,2026-04-15T01:04:49Z,baseline_nvml_pt,nvidia-smi,ok,3.0,2536.0,1695.0,7601.0,70.64,0.11468800157308578,111.16015625,111.16015625,2.0,True,,100.0,46.0,89.99999999999999,estimated,,prefill-facebook-opt-1-3b-chunk-128-sm-32,success,,,/mnt/data/dheeraj/dicertation/inference-profile/runs/revised-rerun-20260415-020401-g2-opt13b-c64-256/raw/points/prefill/prefill-facebook-opt-1-3b-chunk-128-sm-32.csv
facebook/opt-1.3b,128,gemm,fc1,32,3,106.49599879980087,114462720,116559872,2097152,2097152,1024,2026-04-15T01:04:49Z,baseline_nvml_pt,nvidia-smi,ok,3.0,2536.0,1695.0,7601.0,70.64,0.11468800157308578,111.16015625,111.16015625,2.0,True,,100.0,46.0,89.99999999999999,estimated,,prefill-facebook-opt-1-3b-chunk-128-sm-32,success,,,/mnt/data/dheeraj/dicertation/inference-profile/runs/revised-rerun-20260415-020401-g2-opt13b-c64-256/raw/points/prefill/prefill-facebook-opt-1-3b-chunk-128-sm-32.csv
facebook/opt-1.3b,128,gemm,fc2,32,3,111.84000223875046,114462720,114987008,524288,524288,1024,2026-04-15T01:04:49Z,baseline_nvml_pt,nvidia-smi,ok,3.0,2536.0,1695.0,7601.0,70.64,0.11468800157308578,111.16015625,111.16015625,2.0,True,,100.0,46.0,89.99999999999999,estimated,,prefill-facebook-opt-1-3b-chunk-128-sm-32,success,,,/mnt/data/dheeraj/dicertation/inference-profile/runs/revised-rerun-20260415-020401-g2-opt13b-c64-256/raw/points/prefill/prefill-facebook-opt-1-3b-chunk-128-sm-32.csv
facebook/opt-1.3b,128,attention,attention,32,3,53.247999399900436,114462720,115004416,541696,524288,1024,2026-04-15T01:04:49Z,baseline_nvml_pt,nvidia-smi,ok,3.0,2536.0,1695.0,7601.0,70.64,0.11468800157308578,111.16015625,111.16015625,2.0,True,,100.0,46.0,89.99999999999999,estimated,,prefill-facebook-opt-1-3b-chunk-128-sm-32,success,,,/mnt/data/dheeraj/dicertation/inference-profile/runs/revised-rerun-20260415-020401-g2-opt13b-c64-256/raw/points/prefill/prefill-facebook-opt-1-3b-chunk-128-sm-32.csv
facebook/opt-1.3b,128,gemm,q_proj,32,4,64.51199948787689,114462720,114987008,524288,524288,1024,2026-04-15T01:04:49Z,baseline_nvml_pt,nvidia-smi,ok,3.0,2536.0,1695.0,7601.0,70.64,0.11468800157308578,111.16015625,111.16015625,2.0,True,,100.0,46.0,89.99999999999999,estimated,,prefill-facebook-opt-1-3b-chunk-128-sm-32,success,,,/mnt/data/dheeraj/dicertation/inference-profile/runs/revised-rerun-20260415-020401-g2-opt13b-c64-256/raw/points/prefill/prefill-facebook-opt-1-3b-chunk-128-sm-32.csv
facebook/opt-1.3b,128,gemm,k_proj,32,4,61.43999844789505,114462720,114987008,524288,524288,1024,2026-04-15T01:04:49Z,baseline_nvml_pt,nvidia-smi,ok,3.0,2536.0,1695.0,7601.0,70.64,0.11468800157308578,111.16015625,111.16015625,2.0,True,,100.0,46.0,89.99999999999999,estimated,,prefill-facebook-opt-1-3b-chunk-128-sm-32,success,,,/mnt/data/dheeraj/dicertation/inference-profile/runs/revised-rerun-20260415-020401-g2-opt13b-c64-256/raw/points/prefill/prefill-facebook-opt-1-3b-chunk-128-sm-32.csv
facebook/opt-1.3b,128,gemm,v_proj,32,4,60.416001826524734,114462720,114987008,524288,524288,1024,2026-04-15T01:04:49Z,baseline_nvml_pt,nvidia-smi,ok,3.0,2536.0,1695.0,7601.0,70.64,0.11468800157308578,111.16015625,111.16015625,2.0,True,,100.0,46.0,89.99999999999999,estimated,,prefill-facebook-opt-1-3b-chunk-128-sm-32,success,,,/mnt/data/dheeraj/dicertation/inference-profile/runs/revised-rerun-20260415-020401-g2-opt13b-c64-256/raw/points/prefill/prefill-facebook-opt-1-3b-chunk-128-sm-32.csv
facebook/opt-1.3b,128,gemm,out_proj,32,4,58.36800113320351,114462720,114987008,524288,524288,1024,2026-04-15T01:04:49Z,baseline_nvml_pt,nvidia-smi,ok,3.0,2536.0,1695.0,7601.0,70.64,0.11468800157308578,111.16015625,111.16015625,2.0,True,,100.0,46.0,89.99999999999999,estimated,,prefill-facebook-opt-1-3b-chunk-128-sm-32,success,,,/mnt/data/dheeraj/dicertation/inference-profile/runs/revised-rerun-20260415-020401-g2-opt13b-c64-256/raw/points/prefill/prefill-facebook-opt-1-3b-chunk-128-sm-32.csv
facebook/opt-1.3b,128,gemm,fc1,32,4,104.44799810647964,114462720,116559872,2097152,2097152,1024,2026-04-15T01:04:49Z,baseline_nvml_pt,nvidia-smi,ok,3.0,2536.0,1695.0,7601.0,70.64,0.11468800157308578,111.16015625,111.16015625,2.0,True,,100.0,46.0,89.99999999999999,estimated,,prefill-facebook-opt-1-3b-chunk-128-sm-32,success,,,/mnt/data/dheeraj/dicertation/inference-profile/runs/revised-rerun-20260415-020401-g2-opt13b-c64-256/raw/points/prefill/prefill-facebook-opt-1-3b-chunk-128-sm-32.csv
facebook/opt-1.3b,128,gemm,fc2,32,4,112.64000087976456,114462720,114987008,524288,524288,1024,2026-04-15T01:04:49Z,baseline_nvml_pt,nvidia-smi,ok,3.0,2536.0,1695.0,7601.0,70.64,0.11468800157308578,111.16015625,111.16015625,2.0,True,,100.0,46.0,89.99999999999999,estimated,,prefill-facebook-opt-1-3b-chunk-128-sm-32,success,,,/mnt/data/dheeraj/dicertation/inference-profile/runs/revised-rerun-20260415-020401-g2-opt13b-c64-256/raw/points/prefill/prefill-facebook-opt-1-3b-chunk-128-sm-32.csv
facebook/opt-1.3b,128,attention,attention,32,4,53.247999399900436,114462720,115004416,541696,524288,1024,2026-04-15T01:04:49Z,baseline_nvml_pt,nvidia-smi,ok,3.0,2536.0,1695.0,7601.0,70.64,0.11468800157308578,111.16015625,111.16015625,2.0,True,,100.0,46.0,89.99999999999999,estimated,,prefill-facebook-opt-1-3b-chunk-128-sm-32,success,,,/mnt/data/dheeraj/dicertation/inference-profile/runs/revised-rerun-20260415-020401-g2-opt13b-c64-256/raw/points/prefill/prefill-facebook-opt-1-3b-chunk-128-sm-32.csv
facebook/opt-1.3b,256,gemm,q_proj,8,0,108.5439994931221,118657024,119705600,1048576,1048576,1024,2026-04-15T01:04:54Z,baseline_nvml_pt,nvidia-smi,ok,0.0,2538.0,1695.0,7601.0,71.53,0.19139200448989868,117.16015625,117.16015625,4.0,True,,79.0,62.5,67.5,estimated,,prefill-facebook-opt-1-3b-chunk-256-sm-8,success,,,/mnt/data/dheeraj/dicertation/inference-profile/runs/revised-rerun-20260415-020401-g2-opt13b-c64-256/raw/points/prefill/prefill-facebook-opt-1-3b-chunk-256-sm-8.csv
facebook/opt-1.3b,256,gemm,k_proj,8,0,93.18400174379349,118657024,119705600,1048576,1048576,1024,2026-04-15T01:04:54Z,baseline_nvml_pt,nvidia-smi,ok,0.0,2538.0,1695.0,7601.0,71.53,0.19139200448989868,117.16015625,117.16015625,4.0,True,,79.0,62.5,67.5,estimated,,prefill-facebook-opt-1-3b-chunk-256-sm-8,success,,,/mnt/data/dheeraj/dicertation/inference-profile/runs/revised-rerun-20260415-020401-g2-opt13b-c64-256/raw/points/prefill/prefill-facebook-opt-1-3b-chunk-256-sm-8.csv
facebook/opt-1.3b,256,gemm,v_proj,8,0,85.91999858617783,118657024,119705600,1048576,1048576,1024,2026-04-15T01:04:54Z,baseline_nvml_pt,nvidia-smi,ok,0.0,2538.0,1695.0,7601.0,71.53,0.19139200448989868,117.16015625,117.16015625,4.0,True,,79.0,62.5,67.5,estimated,,prefill-facebook-opt-1-3b-chunk-256-sm-8,success,,,/mnt/data/dheeraj/dicertation/inference-profile/runs/revised-rerun-20260415-020401-g2-opt13b-c64-256/raw/points/prefill/prefill-facebook-opt-1-3b-chunk-256-sm-8.csv
facebook/opt-1.3b,256,gemm,out_proj,8,0,83.99999886751175,118657024,119705600,1048576,1048576,1024,2026-04-15T01:04:54Z,baseline_nvml_pt,nvidia-smi,ok,0.0,2538.0,1695.0,7601.0,71.53,0.19139200448989868,117.16015625,117.16015625,4.0,True,,79.0,62.5,67.5,estimated,,prefill-facebook-opt-1-3b-chunk-256-sm-8,success,,,/mnt/data/dheeraj/dicertation/inference-profile/runs/revised-rerun-20260415-020401-g2-opt13b-c64-256/raw/points/prefill/prefill-facebook-opt-1-3b-chunk-256-sm-8.csv
facebook/opt-1.3b,256,gemm,fc1,8,0,143.36000382900238,118657024,122851328,4194304,4194304,1024,2026-04-15T01:04:54Z,baseline_nvml_pt,nvidia-smi,ok,0.0,2538.0,1695.0,7601.0,71.53,0.19139200448989868,117.16015625,117.16015625,4.0,True,,79.0,62.5,67.5,estimated,,prefill-facebook-opt-1-3b-chunk-256-sm-8,success,,,/mnt/data/dheeraj/dicertation/inference-profile/runs/revised-rerun-20260415-020401-g2-opt13b-c64-256/raw/points/prefill/prefill-facebook-opt-1-3b-chunk-256-sm-8.csv
facebook/opt-1.3b,256,gemm,fc2,8,0,175.00799894332886,118657024,119705600,1048576,1048576,1024,2026-04-15T01:04:54Z,baseline_nvml_pt,nvidia-smi,ok,0.0,2538.0,1695.0,7601.0,71.53,0.19139200448989868,117.16015625,117.16015625,4.0,True,,79.0,62.5,67.5,estimated,,prefill-facebook-opt-1-3b-chunk-256-sm-8,success,,,/mnt/data/dheeraj/dicertation/inference-profile/runs/revised-rerun-20260415-020401-g2-opt13b-c64-256/raw/points/prefill/prefill-facebook-opt-1-3b-chunk-256-sm-8.csv
facebook/opt-1.3b,256,attention,attention,8,0,67.58400052785873,118657024,119739392,1082368,1048576,1024,2026-04-15T01:04:54Z,baseline_nvml_pt,nvidia-smi,ok,0.0,2538.0,1695.0,7601.0,71.53,0.19139200448989868,117.16015625,117.16015625,4.0,True,,79.0,62.5,67.5,estimated,,prefill-facebook-opt-1-3b-chunk-256-sm-8,success,,,/mnt/data/dheeraj/dicertation/inference-profile/runs/revised-rerun-20260415-020401-g2-opt13b-c64-256/raw/points/prefill/prefill-facebook-opt-1-3b-chunk-256-sm-8.csv
facebook/opt-1.3b,256,gemm,q_proj,8,1,87.10400015115738,118657024,119705600,1048576,1048576,1024,2026-04-15T01:04:54Z,baseline_nvml_pt,nvidia-smi,ok,0.0,2538.0,1695.0,7601.0,71.53,0.19139200448989868,117.16015625,117.16015625,4.0,True,,79.0,62.5,67.5,estimated,,prefill-facebook-opt-1-3b-chunk-256-sm-8,success,,,/mnt/data/dheeraj/dicertation/inference-profile/runs/revised-rerun-20260415-020401-g2-opt13b-c64-256/raw/points/prefill/prefill-facebook-opt-1-3b-chunk-256-sm-8.csv
facebook/opt-1.3b,256,gemm,k_proj,8,1,84.73599702119827,118657024,119705600,1048576,1048576,1024,2026-04-15T01:04:54Z,baseline_nvml_pt,nvidia-smi,ok,0.0,2538.0,1695.0,7601.0,71.53,0.19139200448989868,117.16015625,117.16015625,4.0,True,,79.0,62.5,67.5,estimated,,prefill-facebook-opt-1-3b-chunk-256-sm-8,success,,,/mnt/data/dheeraj/dicertation/inference-profile/runs/revised-rerun-20260415-020401-g2-opt13b-c64-256/raw/points/prefill/prefill-facebook-opt-1-3b-chunk-256-sm-8.csv
facebook/opt-1.3b,256,gemm,v_proj,8,1,94.17600184679031,118657024,119705600,1048576,1048576,1024,2026-04-15T01:04:54Z,baseline_nvml_pt,nvidia-smi,ok,0.0,2538.0,1695.0,7601.0,71.53,0.19139200448989868,117.16015625,117.16015625,4.0,True,,79.0,62.5,67.5,estimated,,prefill-facebook-opt-1-3b-chunk-256-sm-8,success,,,/mnt/data/dheeraj/dicertation/inference-profile/runs/revised-rerun-20260415-020401-g2-opt13b-c64-256/raw/points/prefill/prefill-facebook-opt-1-3b-chunk-256-sm-8.csv
facebook/opt-1.3b,256,gemm,out_proj,8,1,83.96799862384796,118657024,119705600,1048576,1048576,1024,2026-04-15T01:04:54Z,baseline_nvml_pt,nvidia-smi,ok,0.0,2538.0,1695.0,7601.0,71.53,0.19139200448989868,117.16015625,117.16015625,4.0,True,,79.0,62.5,67.5,estimated,,prefill-facebook-opt-1-3b-chunk-256-sm-8,success,,,/mnt/data/dheeraj/dicertation/inference-profile/runs/revised-rerun-20260415-020401-g2-opt13b-c64-256/raw/points/prefill/prefill-facebook-opt-1-3b-chunk-256-sm-8.csv
facebook/opt-1.3b,256,gemm,fc1,8,1,133.12000036239624,118657024,122851328,4194304,4194304,1024,2026-04-15T01:04:54Z,baseline_nvml_pt,nvidia-smi,ok,0.0,2538.0,1695.0,7601.0,71.53,0.19139200448989868,117.16015625,117.16015625,4.0,True,,79.0,62.5,67.5,estimated,,prefill-facebook-opt-1-3b-chunk-256-sm-8,success,,,/mnt/data/dheeraj/dicertation/inference-profile/runs/revised-rerun-20260415-020401-g2-opt13b-c64-256/raw/points/prefill/prefill-facebook-opt-1-3b-chunk-256-sm-8.csv
facebook/opt-1.3b,256,gemm,fc2,8,1,174.0799993276596,118657024,119705600,1048576,1048576,1024,2026-04-15T01:04:54Z,baseline_nvml_pt,nvidia-smi,ok,0.0,2538.0,1695.0,7601.0,71.53,0.19139200448989868,117.16015625,117.16015625,4.0,True,,79.0,62.5,67.5,estimated,,prefill-facebook-opt-1-3b-chunk-256-sm-8,success,,,/mnt/data/dheeraj/dicertation/inference-profile/runs/revised-rerun-20260415-020401-g2-opt13b-c64-256/raw/points/prefill/prefill-facebook-opt-1-3b-chunk-256-sm-8.csv
facebook/opt-1.3b,256,attention,attention,8,1,58.20799991488457,118657024,119739392,1082368,1048576,1024,2026-04-15T01:04:54Z,baseline_nvml_pt,nvidia-smi,ok,0.0,2538.0,1695.0,7601.0,71.53,0.19139200448989868,117.16015625,117.16015625,4.0,True,,79.0,62.5,67.5,estimated,,prefill-facebook-opt-1-3b-chunk-256-sm-8,success,,,/mnt/data/dheeraj/dicertation/inference-profile/runs/revised-rerun-20260415-020401-g2-opt13b-c64-256/raw/points/prefill/prefill-facebook-opt-1-3b-chunk-256-sm-8.csv
facebook/opt-1.3b,256,gemm,q_proj,8,2,87.87199854850769,118657024,119705600,1048576,1048576,1024,2026-04-15T01:04:54Z,baseline_nvml_pt,nvidia-smi,ok,0.0,2538.0,1695.0,7601.0,71.53,0.19139200448989868,117.16015625,117.16015625,4.0,True,,79.0,62.5,67.5,estimated,,prefill-facebook-opt-1-3b-chunk-256-sm-8,success,,,/mnt/data/dheeraj/dicertation/inference-profile/runs/revised-rerun-20260415-020401-g2-opt13b-c64-256/raw/points/prefill/prefill-facebook-opt-1-3b-chunk-256-sm-8.csv
facebook/opt-1.3b,256,gemm,k_proj,8,2,94.11200135946274,118657024,119705600,1048576,1048576,1024,2026-04-15T01:04:54Z,baseline_nvml_pt,nvidia-smi,ok,0.0,2538.0,1695.0,7601.0,71.53,0.19139200448989868,117.16015625,117.16015625,4.0,True,,79.0,62.5,67.5,estimated,,prefill-facebook-opt-1-3b-chunk-256-sm-8,success,,,/mnt/data/dheeraj/dicertation/inference-profile/runs/revised-rerun-20260415-020401-g2-opt13b-c64-256/raw/points/prefill/prefill-facebook-opt-1-3b-chunk-256-sm-8.csv
facebook/opt-1.3b,256,gemm,v_proj,8,2,83.96799862384796,118657024,119705600,1048576,1048576,1024,2026-04-15T01:04:54Z,baseline_nvml_pt,nvidia-smi,ok,0.0,2538.0,1695.0,7601.0,71.53,0.19139200448989868,117.16015625,117.16015625,4.0,True,,79.0,62.5,67.5,estimated,,prefill-facebook-opt-1-3b-chunk-256-sm-8,success,,,/mnt/data/dheeraj/dicertation/inference-profile/runs/revised-rerun-20260415-020401-g2-opt13b-c64-256/raw/points/prefill/prefill-facebook-opt-1-3b-chunk-256-sm-8.csv
facebook/opt-1.3b,256,gemm,out_proj,8,2,83.96799862384796,118657024,119705600,1048576,1048576,1024,2026-04-15T01:04:54Z,baseline_nvml_pt,nvidia-smi,ok,0.0,2538.0,1695.0,7601.0,71.53,0.19139200448989868,117.16015625,117.16015625,4.0,True,,79.0,62.5,67.5,estimated,,prefill-facebook-opt-1-3b-chunk-256-sm-8,success,,,/mnt/data/dheeraj/dicertation/inference-profile/runs/revised-rerun-20260415-020401-g2-opt13b-c64-256/raw/points/prefill/prefill-facebook-opt-1-3b-chunk-256-sm-8.csv
facebook/opt-1.3b,256,gemm,fc1,8,2,137.2160017490387,118657024,122851328,4194304,4194304,1024,2026-04-15T01:04:54Z,baseline_nvml_pt,nvidia-smi,ok,0.0,2538.0,1695.0,7601.0,71.53,0.19139200448989868,117.16015625,117.16015625,4.0,True,,79.0,62.5,67.5,estimated,,prefill-facebook-opt-1-3b-chunk-256-sm-8,success,,,/mnt/data/dheeraj/dicertation/inference-profile/runs/revised-rerun-20260415-020401-g2-opt13b-c64-256/raw/points/prefill/prefill-facebook-opt-1-3b-chunk-256-sm-8.csv
facebook/opt-1.3b,256,gemm,fc2,8,2,173.0560064315796,118657024,119705600,1048576,1048576,1024,2026-04-15T01:04:54Z,baseline_nvml_pt,nvidia-smi,ok,0.0,2538.0,1695.0,7601.0,71.53,0.19139200448989868,117.16015625,117.16015625,4.0,True,,79.0,62.5,67.5,estimated,,prefill-facebook-opt-1-3b-chunk-256-sm-8,success,,,/mnt/data/dheeraj/dicertation/inference-profile/runs/revised-rerun-20260415-020401-g2-opt13b-c64-256/raw/points/prefill/prefill-facebook-opt-1-3b-chunk-256-sm-8.csv
facebook/opt-1.3b,256,attention,attention,8,2,59.39200147986412,118657024,119739392,1082368,1048576,1024,2026-04-15T01:04:54Z,baseline_nvml_pt,nvidia-smi,ok,0.0,2538.0,1695.0,7601.0,71.53,0.19139200448989868,117.16015625,117.16015625,4.0,True,,79.0,62.5,67.5,estimated,,prefill-facebook-opt-1-3b-chunk-256-sm-8,success,,,/mnt/data/dheeraj/dicertation/inference-profile/runs/revised-rerun-20260415-020401-g2-opt13b-c64-256/raw/points/prefill/prefill-facebook-opt-1-3b-chunk-256-sm-8.csv
facebook/opt-1.3b,256,gemm,q_proj,8,3,86.01599931716919,118657024,119705600,1048576,1048576,1024,2026-04-15T01:04:54Z,baseline_nvml_pt,nvidia-smi,ok,0.0,2538.0,1695.0,7601.0,71.53,0.19139200448989868,117.16015625,117.16015625,4.0,True,,79.0,62.5,67.5,estimated,,prefill-facebook-opt-1-3b-chunk-256-sm-8,success,,,/mnt/data/dheeraj/dicertation/inference-profile/runs/revised-rerun-20260415-020401-g2-opt13b-c64-256/raw/points/prefill/prefill-facebook-opt-1-3b-chunk-256-sm-8.csv
facebook/opt-1.3b,256,gemm,k_proj,8,3,82.94399827718735,118657024,119705600,1048576,1048576,1024,2026-04-15T01:04:54Z,baseline_nvml_pt,nvidia-smi,ok,0.0,2538.0,1695.0,7601.0,71.53,0.19139200448989868,117.16015625,117.16015625,4.0,True,,79.0,62.5,67.5,estimated,,prefill-facebook-opt-1-3b-chunk-256-sm-8,success,,,/mnt/data/dheeraj/dicertation/inference-profile/runs/revised-rerun-20260415-020401-g2-opt13b-c64-256/raw/points/prefill/prefill-facebook-opt-1-3b-chunk-256-sm-8.csv
facebook/opt-1.3b,256,gemm,v_proj,8,3,82.94399827718735,118657024,119705600,1048576,1048576,1024,2026-04-15T01:04:54Z,baseline_nvml_pt,nvidia-smi,ok,0.0,2538.0,1695.0,7601.0,71.53,0.19139200448989868,117.16015625,117.16015625,4.0,True,,79.0,62.5,67.5,estimated,,prefill-facebook-opt-1-3b-chunk-256-sm-8,success,,,/mnt/data/dheeraj/dicertation/inference-profile/runs/revised-rerun-20260415-020401-g2-opt13b-c64-256/raw/points/prefill/prefill-facebook-opt-1-3b-chunk-256-sm-8.csv
facebook/opt-1.3b,256,gemm,out_proj,8,3,83.96799862384796,118657024,119705600,1048576,1048576,1024,2026-04-15T01:04:54Z,baseline_nvml_pt,nvidia-smi,ok,0.0,2538.0,1695.0,7601.0,71.53,0.19139200448989868,117.16015625,117.16015625,4.0,True,,79.0,62.5,67.5,estimated,,prefill-facebook-opt-1-3b-chunk-256-sm-8,success,,,/mnt/data/dheeraj/dicertation/inference-profile/runs/revised-rerun-20260415-020401-g2-opt13b-c64-256/raw/points/prefill/prefill-facebook-opt-1-3b-chunk-256-sm-8.csv
facebook/opt-1.3b,256,gemm,fc1,8,3,134.91199910640717,118657024,122851328,4194304,4194304,1024,2026-04-15T01:04:54Z,baseline_nvml_pt,nvidia-smi,ok,0.0,2538.0,1695.0,7601.0,71.53,0.19139200448989868,117.16015625,117.16015625,4.0,True,,79.0,62.5,67.5,estimated,,prefill-facebook-opt-1-3b-chunk-256-sm-8,success,,,/mnt/data/dheeraj/dicertation/inference-profile/runs/revised-rerun-20260415-020401-g2-opt13b-c64-256/raw/points/prefill/prefill-facebook-opt-1-3b-chunk-256-sm-8.csv
facebook/opt-1.3b,256,gemm,fc2,8,3,173.0560064315796,118657024,119705600,1048576,1048576,1024,2026-04-15T01:04:54Z,baseline_nvml_pt,nvidia-smi,ok,0.0,2538.0,1695.0,7601.0,71.53,0.19139200448989868,117.16015625,117.16015625,4.0,True,,79.0,62.5,67.5,estimated,,prefill-facebook-opt-1-3b-chunk-256-sm-8,success,,,/mnt/data/dheeraj/dicertation/inference-profile/runs/revised-rerun-20260415-020401-g2-opt13b-c64-256/raw/points/prefill/prefill-facebook-opt-1-3b-chunk-256-sm-8.csv
facebook/opt-1.3b,256,attention,attention,8,3,56.223999708890915,118657024,119739392,1082368,1048576,1024,2026-04-15T01:04:54Z,baseline_nvml_pt,nvidia-smi,ok,0.0,2538.0,1695.0,7601.0,71.53,0.19139200448989868,117.16015625,117.16015625,4.0,True,,79.0,62.5,67.5,estimated,,prefill-facebook-opt-1-3b-chunk-256-sm-8,success,,,/mnt/data/dheeraj/dicertation/inference-profile/runs/revised-rerun-20260415-020401-g2-opt13b-c64-256/raw/points/prefill/prefill-facebook-opt-1-3b-chunk-256-sm-8.csv
facebook/opt-1.3b,256,gemm,q_proj,8,4,86.01599931716919,118657024,119705600,1048576,1048576,1024,2026-04-15T01:04:54Z,baseline_nvml_pt,nvidia-smi,ok,0.0,2538.0,1695.0,7601.0,71.53,0.19139200448989868,117.16015625,117.16015625,4.0,True,,79.0,62.5,67.5,estimated,,prefill-facebook-opt-1-3b-chunk-256-sm-8,success,,,/mnt/data/dheeraj/dicertation/inference-profile/runs/revised-rerun-20260415-020401-g2-opt13b-c64-256/raw/points/prefill/prefill-facebook-opt-1-3b-chunk-256-sm-8.csv
facebook/opt-1.3b,256,gemm,k_proj,8,4,82.94399827718735,118657024,119705600,1048576,1048576,1024,2026-04-15T01:04:54Z,baseline_nvml_pt,nvidia-smi,ok,0.0,2538.0,1695.0,7601.0,71.53,0.19139200448989868,117.16015625,117.16015625,4.0,True,,79.0,62.5,67.5,estimated,,prefill-facebook-opt-1-3b-chunk-256-sm-8,success,,,/mnt/data/dheeraj/dicertation/inference-profile/runs/revised-rerun-20260415-020401-g2-opt13b-c64-256/raw/points/prefill/prefill-facebook-opt-1-3b-chunk-256-sm-8.csv
facebook/opt-1.3b,256,gemm,v_proj,8,4,83.90399813652039,118657024,119705600,1048576,1048576,1024,2026-04-15T01:04:54Z,baseline_nvml_pt,nvidia-smi,ok,0.0,2538.0,1695.0,7601.0,71.53,0.19139200448989868,117.16015625,117.16015625,4.0,True,,79.0,62.5,67.5,estimated,,prefill-facebook-opt-1-3b-chunk-256-sm-8,success,,,/mnt/data/dheeraj/dicertation/inference-profile/runs/revised-rerun-20260415-020401-g2-opt13b-c64-256/raw/points/prefill/prefill-facebook-opt-1-3b-chunk-256-sm-8.csv
facebook/opt-1.3b,256,gemm,out_proj,8,4,80.89599758386612,118657024,119705600,1048576,1048576,1024,2026-04-15T01:04:54Z,baseline_nvml_pt,nvidia-smi,ok,0.0,2538.0,1695.0,7601.0,71.53,0.19139200448989868,117.16015625,117.16015625,4.0,True,,79.0,62.5,67.5,estimated,,prefill-facebook-opt-1-3b-chunk-256-sm-8,success,,,/mnt/data/dheeraj/dicertation/inference-profile/runs/revised-rerun-20260415-020401-g2-opt13b-c64-256/raw/points/prefill/prefill-facebook-opt-1-3b-chunk-256-sm-8.csv
facebook/opt-1.3b,256,gemm,fc1,8,4,131.071999669075,118657024,122851328,4194304,4194304,1024,2026-04-15T01:04:54Z,baseline_nvml_pt,nvidia-smi,ok,0.0,2538.0,1695.0,7601.0,71.53,0.19139200448989868,117.16015625,117.16015625,4.0,True,,79.0,62.5,67.5,estimated,,prefill-facebook-opt-1-3b-chunk-256-sm-8,success,,,/mnt/data/dheeraj/dicertation/inference-profile/runs/revised-rerun-20260415-020401-g2-opt13b-c64-256/raw/points/prefill/prefill-facebook-opt-1-3b-chunk-256-sm-8.csv
facebook/opt-1.3b,256,gemm,fc2,8,4,191.39200448989868,118657024,119705600,1048576,1048576,1024,2026-04-15T01:04:54Z,baseline_nvml_pt,nvidia-smi,ok,0.0,2538.0,1695.0,7601.0,71.53,0.19139200448989868,117.16015625,117.16015625,4.0,True,,79.0,62.5,67.5,estimated,,prefill-facebook-opt-1-3b-chunk-256-sm-8,success,,,/mnt/data/dheeraj/dicertation/inference-profile/runs/revised-rerun-20260415-020401-g2-opt13b-c64-256/raw/points/prefill/prefill-facebook-opt-1-3b-chunk-256-sm-8.csv
facebook/opt-1.3b,256,attention,attention,8,4,55.296000093221664,118657024,119739392,1082368,1048576,1024,2026-04-15T01:04:54Z,baseline_nvml_pt,nvidia-smi,ok,0.0,2538.0,1695.0,7601.0,71.53,0.19139200448989868,117.16015625,117.16015625,4.0,True,,79.0,62.5,67.5,estimated,,prefill-facebook-opt-1-3b-chunk-256-sm-8,success,,,/mnt/data/dheeraj/dicertation/inference-profile/runs/revised-rerun-20260415-020401-g2-opt13b-c64-256/raw/points/prefill/prefill-facebook-opt-1-3b-chunk-256-sm-8.csv
facebook/opt-1.3b,256,gemm,q_proj,16,0,2035.7120037078857,118657024,119705600,1048576,1048576,1024,2026-04-15T01:04:59Z,baseline_nvml_pt,nvidia-smi,ok,6.0,2538.0,1695.0,7601.0,71.12,2.0357120037078857,117.16015625,117.16015625,4.0,True,,86.0,57.00000000000001,75.0,estimated,,prefill-facebook-opt-1-3b-chunk-256-sm-16,success,,,/mnt/data/dheeraj/dicertation/inference-profile/runs/revised-rerun-20260415-020401-g2-opt13b-c64-256/raw/points/prefill/prefill-facebook-opt-1-3b-chunk-256-sm-16.csv
facebook/opt-1.3b,256,gemm,k_proj,16,0,94.2080020904541,118657024,119705600,1048576,1048576,1024,2026-04-15T01:04:59Z,baseline_nvml_pt,nvidia-smi,ok,6.0,2538.0,1695.0,7601.0,71.12,2.0357120037078857,117.16015625,117.16015625,4.0,True,,86.0,57.00000000000001,75.0,estimated,,prefill-facebook-opt-1-3b-chunk-256-sm-16,success,,,/mnt/data/dheeraj/dicertation/inference-profile/runs/revised-rerun-20260415-020401-g2-opt13b-c64-256/raw/points/prefill/prefill-facebook-opt-1-3b-chunk-256-sm-16.csv
facebook/opt-1.3b,256,gemm,v_proj,16,0,114.68800157308578,118657024,119705600,1048576,1048576,1024,2026-04-15T01:04:59Z,baseline_nvml_pt,nvidia-smi,ok,6.0,2538.0,1695.0,7601.0,71.12,2.0357120037078857,117.16015625,117.16015625,4.0,True,,86.0,57.00000000000001,75.0,estimated,,prefill-facebook-opt-1-3b-chunk-256-sm-16,success,,,/mnt/data/dheeraj/dicertation/inference-profile/runs/revised-rerun-20260415-020401-g2-opt13b-c64-256/raw/points/prefill/prefill-facebook-opt-1-3b-chunk-256-sm-16.csv
facebook/opt-1.3b,256,gemm,out_proj,16,0,94.2080020904541,118657024,119705600,1048576,1048576,1024,2026-04-15T01:04:59Z,baseline_nvml_pt,nvidia-smi,ok,6.0,2538.0,1695.0,7601.0,71.12,2.0357120037078857,117.16015625,117.16015625,4.0,True,,86.0,57.00000000000001,75.0,estimated,,prefill-facebook-opt-1-3b-chunk-256-sm-16,success,,,/mnt/data/dheeraj/dicertation/inference-profile/runs/revised-rerun-20260415-020401-g2-opt13b-c64-256/raw/points/prefill/prefill-facebook-opt-1-3b-chunk-256-sm-16.csv
facebook/opt-1.3b,256,gemm,fc1,16,0,137.2160017490387,118657024,122851328,4194304,4194304,1024,2026-04-15T01:04:59Z,baseline_nvml_pt,nvidia-smi,ok,6.0,2538.0,1695.0,7601.0,71.12,2.0357120037078857,117.16015625,117.16015625,4.0,True,,86.0,57.00000000000001,75.0,estimated,,prefill-facebook-opt-1-3b-chunk-256-sm-16,success,,,/mnt/data/dheeraj/dicertation/inference-profile/runs/revised-rerun-20260415-020401-g2-opt13b-c64-256/raw/points/prefill/prefill-facebook-opt-1-3b-chunk-256-sm-16.csv
facebook/opt-1.3b,256,gemm,fc2,16,0,174.0799993276596,118657024,119705600,1048576,1048576,1024,2026-04-15T01:04:59Z,baseline_nvml_pt,nvidia-smi,ok,6.0,2538.0,1695.0,7601.0,71.12,2.0357120037078857,117.16015625,117.16015625,4.0,True,,86.0,57.00000000000001,75.0,estimated,,prefill-facebook-opt-1-3b-chunk-256-sm-16,success,,,/mnt/data/dheeraj/dicertation/inference-profile/runs/revised-rerun-20260415-020401-g2-opt13b-c64-256/raw/points/prefill/prefill-facebook-opt-1-3b-chunk-256-sm-16.csv
facebook/opt-1.3b,256,attention,attention,16,0,62.463998794555664,118657024,119739392,1082368,1048576,1024,2026-04-15T01:04:59Z,baseline_nvml_pt,nvidia-smi,ok,6.0,2538.0,1695.0,7601.0,71.12,2.0357120037078857,117.16015625,117.16015625,4.0,True,,86.0,57.00000000000001,75.0,estimated,,prefill-facebook-opt-1-3b-chunk-256-sm-16,success,,,/mnt/data/dheeraj/dicertation/inference-profile/runs/revised-rerun-20260415-020401-g2-opt13b-c64-256/raw/points/prefill/prefill-facebook-opt-1-3b-chunk-256-sm-16.csv
facebook/opt-1.3b,256,gemm,q_proj,16,1,89.9839997291565,118657024,119705600,1048576,1048576,1024,2026-04-15T01:04:59Z,baseline_nvml_pt,nvidia-smi,ok,6.0,2538.0,1695.0,7601.0,71.12,2.0357120037078857,117.16015625,117.16015625,4.0,True,,86.0,57.00000000000001,75.0,estimated,,prefill-facebook-opt-1-3b-chunk-256-sm-16,success,,,/mnt/data/dheeraj/dicertation/inference-profile/runs/revised-rerun-20260415-020401-g2-opt13b-c64-256/raw/points/prefill/prefill-facebook-opt-1-3b-chunk-256-sm-16.csv
facebook/opt-1.3b,256,gemm,k_proj,16,1,84.99199897050858,118657024,119705600,1048576,1048576,1024,2026-04-15T01:04:59Z,baseline_nvml_pt,nvidia-smi,ok,6.0,2538.0,1695.0,7601.0,71.12,2.0357120037078857,117.16015625,117.16015625,4.0,True,,86.0,57.00000000000001,75.0,estimated,,prefill-facebook-opt-1-3b-chunk-256-sm-16,success,,,/mnt/data/dheeraj/dicertation/inference-profile/runs/revised-rerun-20260415-020401-g2-opt13b-c64-256/raw/points/prefill/prefill-facebook-opt-1-3b-chunk-256-sm-16.csv
facebook/opt-1.3b,256,gemm,v_proj,16,1,84.89599823951721,118657024,119705600,1048576,1048576,1024,2026-04-15T01:04:59Z,baseline_nvml_pt,nvidia-smi,ok,6.0,2538.0,1695.0,7601.0,71.12,2.0357120037078857,117.16015625,117.16015625,4.0,True,,86.0,57.00000000000001,75.0,estimated,,prefill-facebook-opt-1-3b-chunk-256-sm-16,success,,,/mnt/data/dheeraj/dicertation/inference-profile/runs/revised-rerun-20260415-020401-g2-opt13b-c64-256/raw/points/prefill/prefill-facebook-opt-1-3b-chunk-256-sm-16.csv
facebook/opt-1.3b,256,gemm,out_proj,16,1,83.96799862384796,118657024,119705600,1048576,1048576,1024,2026-04-15T01:04:59Z,baseline_nvml_pt,nvidia-smi,ok,6.0,2538.0,1695.0,7601.0,71.12,2.0357120037078857,117.16015625,117.16015625,4.0,True,,86.0,57.00000000000001,75.0,estimated,,prefill-facebook-opt-1-3b-chunk-256-sm-16,success,,,/mnt/data/dheeraj/dicertation/inference-profile/runs/revised-rerun-20260415-020401-g2-opt13b-c64-256/raw/points/prefill/prefill-facebook-opt-1-3b-chunk-256-sm-16.csv
facebook/opt-1.3b,256,gemm,fc1,16,1,136.19199395179749,118657024,122851328,4194304,4194304,1024,2026-04-15T01:04:59Z,baseline_nvml_pt,nvidia-smi,ok,6.0,2538.0,1695.0,7601.0,71.12,2.0357120037078857,117.16015625,117.16015625,4.0,True,,86.0,57.00000000000001,75.0,estimated,,prefill-facebook-opt-1-3b-chunk-256-sm-16,success,,,/mnt/data/dheeraj/dicertation/inference-profile/runs/revised-rerun-20260415-020401-g2-opt13b-c64-256/raw/points/prefill/prefill-facebook-opt-1-3b-chunk-256-sm-16.csv
facebook/opt-1.3b,256,gemm,fc2,16,1,194.5600062608719,118657024,119705600,1048576,1048576,1024,2026-04-15T01:04:59Z,baseline_nvml_pt,nvidia-smi,ok,6.0,2538.0,1695.0,7601.0,71.12,2.0357120037078857,117.16015625,117.16015625,4.0,True,,86.0,57.00000000000001,75.0,estimated,,prefill-facebook-opt-1-3b-chunk-256-sm-16,success,,,/mnt/data/dheeraj/dicertation/inference-profile/runs/revised-rerun-20260415-020401-g2-opt13b-c64-256/raw/points/prefill/prefill-facebook-opt-1-3b-chunk-256-sm-16.csv
facebook/opt-1.3b,256,attention,attention,16,1,61.43999844789505,118657024,119739392,1082368,1048576,1024,2026-04-15T01:04:59Z,baseline_nvml_pt,nvidia-smi,ok,6.0,2538.0,1695.0,7601.0,71.12,2.0357120037078857,117.16015625,117.16015625,4.0,True,,86.0,57.00000000000001,75.0,estimated,,prefill-facebook-opt-1-3b-chunk-256-sm-16,success,,,/mnt/data/dheeraj/dicertation/inference-profile/runs/revised-rerun-20260415-020401-g2-opt13b-c64-256/raw/points/prefill/prefill-facebook-opt-1-3b-chunk-256-sm-16.csv
facebook/opt-1.3b,256,gemm,q_proj,16,2,87.87199854850769,118657024,119705600,1048576,1048576,1024,2026-04-15T01:04:59Z,baseline_nvml_pt,nvidia-smi,ok,6.0,2538.0,1695.0,7601.0,71.12,2.0357120037078857,117.16015625,117.16015625,4.0,True,,86.0,57.00000000000001,75.0,estimated,,prefill-facebook-opt-1-3b-chunk-256-sm-16,success,,,/mnt/data/dheeraj/dicertation/inference-profile/runs/revised-rerun-20260415-020401-g2-opt13b-c64-256/raw/points/prefill/prefill-facebook-opt-1-3b-chunk-256-sm-16.csv
facebook/opt-1.3b,256,gemm,k_proj,16,2,90.87999910116196,118657024,119705600,1048576,1048576,1024,2026-04-15T01:04:59Z,baseline_nvml_pt,nvidia-smi,ok,6.0,2538.0,1695.0,7601.0,71.12,2.0357120037078857,117.16015625,117.16015625,4.0,True,,86.0,57.00000000000001,75.0,estimated,,prefill-facebook-opt-1-3b-chunk-256-sm-16,success,,,/mnt/data/dheeraj/dicertation/inference-profile/runs/revised-rerun-20260415-020401-g2-opt13b-c64-256/raw/points/prefill/prefill-facebook-opt-1-3b-chunk-256-sm-16.csv
facebook/opt-1.3b,256,gemm,v_proj,16,2,100.28800368309021,118657024,119705600,1048576,1048576,1024,2026-04-15T01:04:59Z,baseline_nvml_pt,nvidia-smi,ok,6.0,2538.0,1695.0,7601.0,71.12,2.0357120037078857,117.16015625,117.16015625,4.0,True,,86.0,57.00000000000001,75.0,estimated,,prefill-facebook-opt-1-3b-chunk-256-sm-16,success,,,/mnt/data/dheeraj/dicertation/inference-profile/runs/revised-rerun-20260415-020401-g2-opt13b-c64-256/raw/points/prefill/prefill-facebook-opt-1-3b-chunk-256-sm-16.csv
facebook/opt-1.3b,256,gemm,out_proj,16,2,84.99199897050858,118657024,119705600,1048576,1048576,1024,2026-04-15T01:04:59Z,baseline_nvml_pt,nvidia-smi,ok,6.0,2538.0,1695.0,7601.0,71.12,2.0357120037078857,117.16015625,117.16015625,4.0,True,,86.0,57.00000000000001,75.0,estimated,,prefill-facebook-opt-1-3b-chunk-256-sm-16,success,,,/mnt/data/dheeraj/dicertation/inference-profile/runs/revised-rerun-20260415-020401-g2-opt13b-c64-256/raw/points/prefill/prefill-facebook-opt-1-3b-chunk-256-sm-16.csv
facebook/opt-1.3b,256,gemm,fc1,16,2,134.14399325847626,118657024,122851328,4194304,4194304,1024,2026-04-15T01:04:59Z,baseline_nvml_pt,nvidia-smi,ok,6.0,2538.0,1695.0,7601.0,71.12,2.0357120037078857,117.16015625,117.16015625,4.0,True,,86.0,57.00000000000001,75.0,estimated,,prefill-facebook-opt-1-3b-chunk-256-sm-16,success,,,/mnt/data/dheeraj/dicertation/inference-profile/runs/revised-rerun-20260415-020401-g2-opt13b-c64-256/raw/points/prefill/prefill-facebook-opt-1-3b-chunk-256-sm-16.csv
facebook/opt-1.3b,256,gemm,fc2,16,2,173.0560064315796,118657024,119705600,1048576,1048576,1024,2026-04-15T01:04:59Z,baseline_nvml_pt,nvidia-smi,ok,6.0,2538.0,1695.0,7601.0,71.12,2.0357120037078857,117.16015625,117.16015625,4.0,True,,86.0,57.00000000000001,75.0,estimated,,prefill-facebook-opt-1-3b-chunk-256-sm-16,success,,,/mnt/data/dheeraj/dicertation/inference-profile/runs/revised-rerun-20260415-020401-g2-opt13b-c64-256/raw/points/prefill/prefill-facebook-opt-1-3b-chunk-256-sm-16.csv
facebook/opt-1.3b,256,attention,attention,16,2,60.416001826524734,118657024,119739392,1082368,1048576,1024,2026-04-15T01:04:59Z,baseline_nvml_pt,nvidia-smi,ok,6.0,2538.0,1695.0,7601.0,71.12,2.0357120037078857,117.16015625,117.16015625,4.0,True,,86.0,57.00000000000001,75.0,estimated,,prefill-facebook-opt-1-3b-chunk-256-sm-16,success,,,/mnt/data/dheeraj/dicertation/inference-profile/runs/revised-rerun-20260415-020401-g2-opt13b-c64-256/raw/points/prefill/prefill-facebook-opt-1-3b-chunk-256-sm-16.csv
facebook/opt-1.3b,256,gemm,q_proj,16,3,87.0399996638298,118657024,119705600,1048576,1048576,1024,2026-04-15T01:04:59Z,baseline_nvml_pt,nvidia-smi,ok,6.0,2538.0,1695.0,7601.0,71.12,2.0357120037078857,117.16015625,117.16015625,4.0,True,,86.0,57.00000000000001,75.0,estimated,,prefill-facebook-opt-1-3b-chunk-256-sm-16,success,,,/mnt/data/dheeraj/dicertation/inference-profile/runs/revised-rerun-20260415-020401-g2-opt13b-c64-256/raw/points/prefill/prefill-facebook-opt-1-3b-chunk-256-sm-16.csv
facebook/opt-1.3b,256,gemm,k_proj,16,3,83.96799862384796,118657024,119705600,1048576,1048576,1024,2026-04-15T01:04:59Z,baseline_nvml_pt,nvidia-smi,ok,6.0,2538.0,1695.0,7601.0,71.12,2.0357120037078857,117.16015625,117.16015625,4.0,True,,86.0,57.00000000000001,75.0,estimated,,prefill-facebook-opt-1-3b-chunk-256-sm-16,success,,,/mnt/data/dheeraj/dicertation/inference-profile/runs/revised-rerun-20260415-020401-g2-opt13b-c64-256/raw/points/prefill/prefill-facebook-opt-1-3b-chunk-256-sm-16.csv
facebook/opt-1.3b,256,gemm,v_proj,16,3,85.75999736785889,118657024,119705600,1048576,1048576,1024,2026-04-15T01:04:59Z,baseline_nvml_pt,nvidia-smi,ok,6.0,2538.0,1695.0,7601.0,71.12,2.0357120037078857,117.16015625,117.16015625,4.0,True,,86.0,57.00000000000001,75.0,estimated,,prefill-facebook-opt-1-3b-chunk-256-sm-16,success,,,/mnt/data/dheeraj/dicertation/inference-profile/runs/revised-rerun-20260415-020401-g2-opt13b-c64-256/raw/points/prefill/prefill-facebook-opt-1-3b-chunk-256-sm-16.csv
facebook/opt-1.3b,256,gemm,out_proj,16,3,83.96799862384796,118657024,119705600,1048576,1048576,1024,2026-04-15T01:04:59Z,baseline_nvml_pt,nvidia-smi,ok,6.0,2538.0,1695.0,7601.0,71.12,2.0357120037078857,117.16015625,117.16015625,4.0,True,,86.0,57.00000000000001,75.0,estimated,,prefill-facebook-opt-1-3b-chunk-256-sm-16,success,,,/mnt/data/dheeraj/dicertation/inference-profile/runs/revised-rerun-20260415-020401-g2-opt13b-c64-256/raw/points/prefill/prefill-facebook-opt-1-3b-chunk-256-sm-16.csv
facebook/opt-1.3b,256,gemm,fc1,16,3,142.04800128936768,118657024,122851328,4194304,4194304,1024,2026-04-15T01:04:59Z,baseline_nvml_pt,nvidia-smi,ok,6.0,2538.0,1695.0,7601.0,71.12,2.0357120037078857,117.16015625,117.16015625,4.0,True,,86.0,57.00000000000001,75.0,estimated,,prefill-facebook-opt-1-3b-chunk-256-sm-16,success,,,/mnt/data/dheeraj/dicertation/inference-profile/runs/revised-rerun-20260415-020401-g2-opt13b-c64-256/raw/points/prefill/prefill-facebook-opt-1-3b-chunk-256-sm-16.csv
facebook/opt-1.3b,256,gemm,fc2,16,3,174.81599748134613,118657024,119705600,1048576,1048576,1024,2026-04-15T01:04:59Z,baseline_nvml_pt,nvidia-smi,ok,6.0,2538.0,1695.0,7601.0,71.12,2.0357120037078857,117.16015625,117.16015625,4.0,True,,86.0,57.00000000000001,75.0,estimated,,prefill-facebook-opt-1-3b-chunk-256-sm-16,success,,,/mnt/data/dheeraj/dicertation/inference-profile/runs/revised-rerun-20260415-020401-g2-opt13b-c64-256/raw/points/prefill/prefill-facebook-opt-1-3b-chunk-256-sm-16.csv
facebook/opt-1.3b,256,attention,attention,16,3,57.34400078654289,118657024,119739392,1082368,1048576,1024,2026-04-15T01:04:59Z,baseline_nvml_pt,nvidia-smi,ok,6.0,2538.0,1695.0,7601.0,71.12,2.0357120037078857,117.16015625,117.16015625,4.0,True,,86.0,57.00000000000001,75.0,estimated,,prefill-facebook-opt-1-3b-chunk-256-sm-16,success,,,/mnt/data/dheeraj/dicertation/inference-profile/runs/revised-rerun-20260415-020401-g2-opt13b-c64-256/raw/points/prefill/prefill-facebook-opt-1-3b-chunk-256-sm-16.csv
facebook/opt-1.3b,256,gemm,q_proj,16,4,93.18400174379349,118657024,119705600,1048576,1048576,1024,2026-04-15T01:04:59Z,baseline_nvml_pt,nvidia-smi,ok,6.0,2538.0,1695.0,7601.0,71.12,2.0357120037078857,117.16015625,117.16015625,4.0,True,,86.0,57.00000000000001,75.0,estimated,,prefill-facebook-opt-1-3b-chunk-256-sm-16,success,,,/mnt/data/dheeraj/dicertation/inference-profile/runs/revised-rerun-20260415-020401-g2-opt13b-c64-256/raw/points/prefill/prefill-facebook-opt-1-3b-chunk-256-sm-16.csv
facebook/opt-1.3b,256,gemm,k_proj,16,4,83.96799862384796,118657024,119705600,1048576,1048576,1024,2026-04-15T01:04:59Z,baseline_nvml_pt,nvidia-smi,ok,6.0,2538.0,1695.0,7601.0,71.12,2.0357120037078857,117.16015625,117.16015625,4.0,True,,86.0,57.00000000000001,75.0,estimated,,prefill-facebook-opt-1-3b-chunk-256-sm-16,success,,,/mnt/data/dheeraj/dicertation/inference-profile/runs/revised-rerun-20260415-020401-g2-opt13b-c64-256/raw/points/prefill/prefill-facebook-opt-1-3b-chunk-256-sm-16.csv
facebook/opt-1.3b,256,gemm,v_proj,16,4,82.94399827718735,118657024,119705600,1048576,1048576,1024,2026-04-15T01:04:59Z,baseline_nvml_pt,nvidia-smi,ok,6.0,2538.0,1695.0,7601.0,71.12,2.0357120037078857,117.16015625,117.16015625,4.0,True,,86.0,57.00000000000001,75.0,estimated,,prefill-facebook-opt-1-3b-chunk-256-sm-16,success,,,/mnt/data/dheeraj/dicertation/inference-profile/runs/revised-rerun-20260415-020401-g2-opt13b-c64-256/raw/points/prefill/prefill-facebook-opt-1-3b-chunk-256-sm-16.csv
facebook/opt-1.3b,256,gemm,out_proj,16,4,81.91999793052673,118657024,119705600,1048576,1048576,1024,2026-04-15T01:04:59Z,baseline_nvml_pt,nvidia-smi,ok,6.0,2538.0,1695.0,7601.0,71.12,2.0357120037078857,117.16015625,117.16015625,4.0,True,,86.0,57.00000000000001,75.0,estimated,,prefill-facebook-opt-1-3b-chunk-256-sm-16,success,,,/mnt/data/dheeraj/dicertation/inference-profile/runs/revised-rerun-20260415-020401-g2-opt13b-c64-256/raw/points/prefill/prefill-facebook-opt-1-3b-chunk-256-sm-16.csv
facebook/opt-1.3b,256,gemm,fc1,16,4,134.14399325847626,118657024,122851328,4194304,4194304,1024,2026-04-15T01:04:59Z,baseline_nvml_pt,nvidia-smi,ok,6.0,2538.0,1695.0,7601.0,71.12,2.0357120037078857,117.16015625,117.16015625,4.0,True,,86.0,57.00000000000001,75.0,estimated,,prefill-facebook-opt-1-3b-chunk-256-sm-16,success,,,/mnt/data/dheeraj/dicertation/inference-profile/runs/revised-rerun-20260415-020401-g2-opt13b-c64-256/raw/points/prefill/prefill-facebook-opt-1-3b-chunk-256-sm-16.csv
facebook/opt-1.3b,256,gemm,fc2,16,4,173.0560064315796,118657024,119705600,1048576,1048576,1024,2026-04-15T01:04:59Z,baseline_nvml_pt,nvidia-smi,ok,6.0,2538.0,1695.0,7601.0,71.12,2.0357120037078857,117.16015625,117.16015625,4.0,True,,86.0,57.00000000000001,75.0,estimated,,prefill-facebook-opt-1-3b-chunk-256-sm-16,success,,,/mnt/data/dheeraj/dicertation/inference-profile/runs/revised-rerun-20260415-020401-g2-opt13b-c64-256/raw/points/prefill/prefill-facebook-opt-1-3b-chunk-256-sm-16.csv
facebook/opt-1.3b,256,attention,attention,16,4,56.32000043988228,118657024,119739392,1082368,1048576,1024,2026-04-15T01:04:59Z,baseline_nvml_pt,nvidia-smi,ok,6.0,2538.0,1695.0,7601.0,71.12,2.0357120037078857,117.16015625,117.16015625,4.0,True,,86.0,57.00000000000001,75.0,estimated,,prefill-facebook-opt-1-3b-chunk-256-sm-16,success,,,/mnt/data/dheeraj/dicertation/inference-profile/runs/revised-rerun-20260415-020401-g2-opt13b-c64-256/raw/points/prefill/prefill-facebook-opt-1-3b-chunk-256-sm-16.csv
facebook/opt-1.3b,256,gemm,q_proj,24,0,96.25600278377533,118657024,119705600,1048576,1048576,1024,2026-04-15T01:05:04Z,baseline_nvml_pt,nvidia-smi,ok,3.0,2538.0,1695.0,7601.0,71.0,0.2006399929523468,117.16015625,117.16015625,4.0,True,,93.0,51.5,82.5,estimated,,prefill-facebook-opt-1-3b-chunk-256-sm-24,success,,,/mnt/data/dheeraj/dicertation/inference-profile/runs/revised-rerun-20260415-020401-g2-opt13b-c64-256/raw/points/prefill/prefill-facebook-opt-1-3b-chunk-256-sm-24.csv
facebook/opt-1.3b,256,gemm,k_proj,24,0,94.2080020904541,118657024,119705600,1048576,1048576,1024,2026-04-15T01:05:04Z,baseline_nvml_pt,nvidia-smi,ok,3.0,2538.0,1695.0,7601.0,71.0,0.2006399929523468,117.16015625,117.16015625,4.0,True,,93.0,51.5,82.5,estimated,,prefill-facebook-opt-1-3b-chunk-256-sm-24,success,,,/mnt/data/dheeraj/dicertation/inference-profile/runs/revised-rerun-20260415-020401-g2-opt13b-c64-256/raw/points/prefill/prefill-facebook-opt-1-3b-chunk-256-sm-24.csv
facebook/opt-1.3b,256,gemm,v_proj,24,0,87.0399996638298,118657024,119705600,1048576,1048576,1024,2026-04-15T01:05:04Z,baseline_nvml_pt,nvidia-smi,ok,3.0,2538.0,1695.0,7601.0,71.0,0.2006399929523468,117.16015625,117.16015625,4.0,True,,93.0,51.5,82.5,estimated,,prefill-facebook-opt-1-3b-chunk-256-sm-24,success,,,/mnt/data/dheeraj/dicertation/inference-profile/runs/revised-rerun-20260415-020401-g2-opt13b-c64-256/raw/points/prefill/prefill-facebook-opt-1-3b-chunk-256-sm-24.csv
facebook/opt-1.3b,256,gemm,out_proj,24,0,87.0399996638298,118657024,119705600,1048576,1048576,1024,2026-04-15T01:05:04Z,baseline_nvml_pt,nvidia-smi,ok,3.0,2538.0,1695.0,7601.0,71.0,0.2006399929523468,117.16015625,117.16015625,4.0,True,,93.0,51.5,82.5,estimated,,prefill-facebook-opt-1-3b-chunk-256-sm-24,success,,,/mnt/data/dheeraj/dicertation/inference-profile/runs/revised-rerun-20260415-020401-g2-opt13b-c64-256/raw/points/prefill/prefill-facebook-opt-1-3b-chunk-256-sm-24.csv
facebook/opt-1.3b,256,gemm,fc1,24,0,140.47999680042267,118657024,122851328,4194304,4194304,1024,2026-04-15T01:05:04Z,baseline_nvml_pt,nvidia-smi,ok,3.0,2538.0,1695.0,7601.0,71.0,0.2006399929523468,117.16015625,117.16015625,4.0,True,,93.0,51.5,82.5,estimated,,prefill-facebook-opt-1-3b-chunk-256-sm-24,success,,,/mnt/data/dheeraj/dicertation/inference-profile/runs/revised-rerun-20260415-020401-g2-opt13b-c64-256/raw/points/prefill/prefill-facebook-opt-1-3b-chunk-256-sm-24.csv
facebook/opt-1.3b,256,gemm,fc2,24,0,176.12800002098083,118657024,119705600,1048576,1048576,1024,2026-04-15T01:05:04Z,baseline_nvml_pt,nvidia-smi,ok,3.0,2538.0,1695.0,7601.0,71.0,0.2006399929523468,117.16015625,117.16015625,4.0,True,,93.0,51.5,82.5,estimated,,prefill-facebook-opt-1-3b-chunk-256-sm-24,success,,,/mnt/data/dheeraj/dicertation/inference-profile/runs/revised-rerun-20260415-020401-g2-opt13b-c64-256/raw/points/prefill/prefill-facebook-opt-1-3b-chunk-256-sm-24.csv
facebook/opt-1.3b,256,attention,attention,24,0,66.49599969387054,118657024,119739392,1082368,1048576,1024,2026-04-15T01:05:04Z,baseline_nvml_pt,nvidia-smi,ok,3.0,2538.0,1695.0,7601.0,71.0,0.2006399929523468,117.16015625,117.16015625,4.0,True,,93.0,51.5,82.5,estimated,,prefill-facebook-opt-1-3b-chunk-256-sm-24,success,,,/mnt/data/dheeraj/dicertation/inference-profile/runs/revised-rerun-20260415-020401-g2-opt13b-c64-256/raw/points/prefill/prefill-facebook-opt-1-3b-chunk-256-sm-24.csv
facebook/opt-1.3b,256,gemm,q_proj,24,1,88.06400001049042,118657024,119705600,1048576,1048576,1024,2026-04-15T01:05:04Z,baseline_nvml_pt,nvidia-smi,ok,3.0,2538.0,1695.0,7601.0,71.0,0.2006399929523468,117.16015625,117.16015625,4.0,True,,93.0,51.5,82.5,estimated,,prefill-facebook-opt-1-3b-chunk-256-sm-24,success,,,/mnt/data/dheeraj/dicertation/inference-profile/runs/revised-rerun-20260415-020401-g2-opt13b-c64-256/raw/points/prefill/prefill-facebook-opt-1-3b-chunk-256-sm-24.csv
facebook/opt-1.3b,256,gemm,k_proj,24,1,86.01599931716919,118657024,119705600,1048576,1048576,1024,2026-04-15T01:05:04Z,baseline_nvml_pt,nvidia-smi,ok,3.0,2538.0,1695.0,7601.0,71.0,0.2006399929523468,117.16015625,117.16015625,4.0,True,,93.0,51.5,82.5,estimated,,prefill-facebook-opt-1-3b-chunk-256-sm-24,success,,,/mnt/data/dheeraj/dicertation/inference-profile/runs/revised-rerun-20260415-020401-g2-opt13b-c64-256/raw/points/prefill/prefill-facebook-opt-1-3b-chunk-256-sm-24.csv
facebook/opt-1.3b,256,gemm,v_proj,24,1,85.11999994516373,118657024,119705600,1048576,1048576,1024,2026-04-15T01:05:04Z,baseline_nvml_pt,nvidia-smi,ok,3.0,2538.0,1695.0,7601.0,71.0,0.2006399929523468,117.16015625,117.16015625,4.0,True,,93.0,51.5,82.5,estimated,,prefill-facebook-opt-1-3b-chunk-256-sm-24,success,,,/mnt/data/dheeraj/dicertation/inference-profile/runs/revised-rerun-20260415-020401-g2-opt13b-c64-256/raw/points/prefill/prefill-facebook-opt-1-3b-chunk-256-sm-24.csv
facebook/opt-1.3b,256,gemm,out_proj,24,1,84.99199897050858,118657024,119705600,1048576,1048576,1024,2026-04-15T01:05:04Z,baseline_nvml_pt,nvidia-smi,ok,3.0,2538.0,1695.0,7601.0,71.0,0.2006399929523468,117.16015625,117.16015625,4.0,True,,93.0,51.5,82.5,estimated,,prefill-facebook-opt-1-3b-chunk-256-sm-24,success,,,/mnt/data/dheeraj/dicertation/inference-profile/runs/revised-rerun-20260415-020401-g2-opt13b-c64-256/raw/points/prefill/prefill-facebook-opt-1-3b-chunk-256-sm-24.csv
facebook/opt-1.3b,256,gemm,fc1,24,1,134.14399325847626,118657024,122851328,4194304,4194304,1024,2026-04-15T01:05:04Z,baseline_nvml_pt,nvidia-smi,ok,3.0,2538.0,1695.0,7601.0,71.0,0.2006399929523468,117.16015625,117.16015625,4.0,True,,93.0,51.5,82.5,estimated,,prefill-facebook-opt-1-3b-chunk-256-sm-24,success,,,/mnt/data/dheeraj/dicertation/inference-profile/runs/revised-rerun-20260415-020401-g2-opt13b-c64-256/raw/points/prefill/prefill-facebook-opt-1-3b-chunk-256-sm-24.csv
facebook/opt-1.3b,256,gemm,fc2,24,1,200.6399929523468,118657024,119705600,1048576,1048576,1024,2026-04-15T01:05:04Z,baseline_nvml_pt,nvidia-smi,ok,3.0,2538.0,1695.0,7601.0,71.0,0.2006399929523468,117.16015625,117.16015625,4.0,True,,93.0,51.5,82.5,estimated,,prefill-facebook-opt-1-3b-chunk-256-sm-24,success,,,/mnt/data/dheeraj/dicertation/inference-profile/runs/revised-rerun-20260415-020401-g2-opt13b-c64-256/raw/points/prefill/prefill-facebook-opt-1-3b-chunk-256-sm-24.csv
facebook/opt-1.3b,256,attention,attention,24,1,63.48799914121628,118657024,119739392,1082368,1048576,1024,2026-04-15T01:05:04Z,baseline_nvml_pt,nvidia-smi,ok,3.0,2538.0,1695.0,7601.0,71.0,0.2006399929523468,117.16015625,117.16015625,4.0,True,,93.0,51.5,82.5,estimated,,prefill-facebook-opt-1-3b-chunk-256-sm-24,success,,,/mnt/data/dheeraj/dicertation/inference-profile/runs/revised-rerun-20260415-020401-g2-opt13b-c64-256/raw/points/prefill/prefill-facebook-opt-1-3b-chunk-256-sm-24.csv
facebook/opt-1.3b,256,gemm,q_proj,24,2,89.08800035715103,118657024,119705600,1048576,1048576,1024,2026-04-15T01:05:04Z,baseline_nvml_pt,nvidia-smi,ok,3.0,2538.0,1695.0,7601.0,71.0,0.2006399929523468,117.16015625,117.16015625,4.0,True,,93.0,51.5,82.5,estimated,,prefill-facebook-opt-1-3b-chunk-256-sm-24,success,,,/mnt/data/dheeraj/dicertation/inference-profile/runs/revised-rerun-20260415-020401-g2-opt13b-c64-256/raw/points/prefill/prefill-facebook-opt-1-3b-chunk-256-sm-24.csv
facebook/opt-1.3b,256,gemm,k_proj,24,2,91.13600105047226,118657024,119705600,1048576,1048576,1024,2026-04-15T01:05:04Z,baseline_nvml_pt,nvidia-smi,ok,3.0,2538.0,1695.0,7601.0,71.0,0.2006399929523468,117.16015625,117.16015625,4.0,True,,93.0,51.5,82.5,estimated,,prefill-facebook-opt-1-3b-chunk-256-sm-24,success,,,/mnt/data/dheeraj/dicertation/inference-profile/runs/revised-rerun-20260415-020401-g2-opt13b-c64-256/raw/points/prefill/prefill-facebook-opt-1-3b-chunk-256-sm-24.csv
facebook/opt-1.3b,256,gemm,v_proj,24,2,94.2080020904541,118657024,119705600,1048576,1048576,1024,2026-04-15T01:05:04Z,baseline_nvml_pt,nvidia-smi,ok,3.0,2538.0,1695.0,7601.0,71.0,0.2006399929523468,117.16015625,117.16015625,4.0,True,,93.0,51.5,82.5,estimated,,prefill-facebook-opt-1-3b-chunk-256-sm-24,success,,,/mnt/data/dheeraj/dicertation/inference-profile/runs/revised-rerun-20260415-020401-g2-opt13b-c64-256/raw/points/prefill/prefill-facebook-opt-1-3b-chunk-256-sm-24.csv
facebook/opt-1.3b,256,gemm,out_proj,24,2,84.86399799585342,118657024,119705600,1048576,1048576,1024,2026-04-15T01:05:04Z,baseline_nvml_pt,nvidia-smi,ok,3.0,2538.0,1695.0,7601.0,71.0,0.2006399929523468,117.16015625,117.16015625,4.0,True,,93.0,51.5,82.5,estimated,,prefill-facebook-opt-1-3b-chunk-256-sm-24,success,,,/mnt/data/dheeraj/dicertation/inference-profile/runs/revised-rerun-20260415-020401-g2-opt13b-c64-256/raw/points/prefill/prefill-facebook-opt-1-3b-chunk-256-sm-24.csv
facebook/opt-1.3b,256,gemm,fc1,24,2,136.19199395179749,118657024,122851328,4194304,4194304,1024,2026-04-15T01:05:04Z,baseline_nvml_pt,nvidia-smi,ok,3.0,2538.0,1695.0,7601.0,71.0,0.2006399929523468,117.16015625,117.16015625,4.0,True,,93.0,51.5,82.5,estimated,,prefill-facebook-opt-1-3b-chunk-256-sm-24,success,,,/mnt/data/dheeraj/dicertation/inference-profile/runs/revised-rerun-20260415-020401-g2-opt13b-c64-256/raw/points/prefill/prefill-facebook-opt-1-3b-chunk-256-sm-24.csv
facebook/opt-1.3b,256,gemm,fc2,24,2,174.0799993276596,118657024,119705600,1048576,1048576,1024,2026-04-15T01:05:04Z,baseline_nvml_pt,nvidia-smi,ok,3.0,2538.0,1695.0,7601.0,71.0,0.2006399929523468,117.16015625,117.16015625,4.0,True,,93.0,51.5,82.5,estimated,,prefill-facebook-opt-1-3b-chunk-256-sm-24,success,,,/mnt/data/dheeraj/dicertation/inference-profile/runs/revised-rerun-20260415-020401-g2-opt13b-c64-256/raw/points/prefill/prefill-facebook-opt-1-3b-chunk-256-sm-24.csv
facebook/opt-1.3b,256,attention,attention,24,2,63.48799914121628,118657024,119739392,1082368,1048576,1024,2026-04-15T01:05:04Z,baseline_nvml_pt,nvidia-smi,ok,3.0,2538.0,1695.0,7601.0,71.0,0.2006399929523468,117.16015625,117.16015625,4.0,True,,93.0,51.5,82.5,estimated,,prefill-facebook-opt-1-3b-chunk-256-sm-24,success,,,/mnt/data/dheeraj/dicertation/inference-profile/runs/revised-rerun-20260415-020401-g2-opt13b-c64-256/raw/points/prefill/prefill-facebook-opt-1-3b-chunk-256-sm-24.csv
facebook/opt-1.3b,256,gemm,q_proj,24,3,87.0399996638298,118657024,119705600,1048576,1048576,1024,2026-04-15T01:05:04Z,baseline_nvml_pt,nvidia-smi,ok,3.0,2538.0,1695.0,7601.0,71.0,0.2006399929523468,117.16015625,117.16015625,4.0,True,,93.0,51.5,82.5,estimated,,prefill-facebook-opt-1-3b-chunk-256-sm-24,success,,,/mnt/data/dheeraj/dicertation/inference-profile/runs/revised-rerun-20260415-020401-g2-opt13b-c64-256/raw/points/prefill/prefill-facebook-opt-1-3b-chunk-256-sm-24.csv
facebook/opt-1.3b,256,gemm,k_proj,24,3,84.99199897050858,118657024,119705600,1048576,1048576,1024,2026-04-15T01:05:04Z,baseline_nvml_pt,nvidia-smi,ok,3.0,2538.0,1695.0,7601.0,71.0,0.2006399929523468,117.16015625,117.16015625,4.0,True,,93.0,51.5,82.5,estimated,,prefill-facebook-opt-1-3b-chunk-256-sm-24,success,,,/mnt/data/dheeraj/dicertation/inference-profile/runs/revised-rerun-20260415-020401-g2-opt13b-c64-256/raw/points/prefill/prefill-facebook-opt-1-3b-chunk-256-sm-24.csv
facebook/opt-1.3b,256,gemm,v_proj,24,3,86.01599931716919,118657024,119705600,1048576,1048576,1024,2026-04-15T01:05:04Z,baseline_nvml_pt,nvidia-smi,ok,3.0,2538.0,1695.0,7601.0,71.0,0.2006399929523468,117.16015625,117.16015625,4.0,True,,93.0,51.5,82.5,estimated,,prefill-facebook-opt-1-3b-chunk-256-sm-24,success,,,/mnt/data/dheeraj/dicertation/inference-profile/runs/revised-rerun-20260415-020401-g2-opt13b-c64-256/raw/points/prefill/prefill-facebook-opt-1-3b-chunk-256-sm-24.csv
facebook/opt-1.3b,256,gemm,out_proj,24,3,84.99199897050858,118657024,119705600,1048576,1048576,1024,2026-04-15T01:05:04Z,baseline_nvml_pt,nvidia-smi,ok,3.0,2538.0,1695.0,7601.0,71.0,0.2006399929523468,117.16015625,117.16015625,4.0,True,,93.0,51.5,82.5,estimated,,prefill-facebook-opt-1-3b-chunk-256-sm-24,success,,,/mnt/data/dheeraj/dicertation/inference-profile/runs/revised-rerun-20260415-020401-g2-opt13b-c64-256/raw/points/prefill/prefill-facebook-opt-1-3b-chunk-256-sm-24.csv
facebook/opt-1.3b,256,gemm,fc1,24,3,135.16800105571747,118657024,122851328,4194304,4194304,1024,2026-04-15T01:05:04Z,baseline_nvml_pt,nvidia-smi,ok,3.0,2538.0,1695.0,7601.0,71.0,0.2006399929523468,117.16015625,117.16015625,4.0,True,,93.0,51.5,82.5,estimated,,prefill-facebook-opt-1-3b-chunk-256-sm-24,success,,,/mnt/data/dheeraj/dicertation/inference-profile/runs/revised-rerun-20260415-020401-g2-opt13b-c64-256/raw/points/prefill/prefill-facebook-opt-1-3b-chunk-256-sm-24.csv
facebook/opt-1.3b,256,gemm,fc2,24,3,173.8560050725937,118657024,119705600,1048576,1048576,1024,2026-04-15T01:05:04Z,baseline_nvml_pt,nvidia-smi,ok,3.0,2538.0,1695.0,7601.0,71.0,0.2006399929523468,117.16015625,117.16015625,4.0,True,,93.0,51.5,82.5,estimated,,prefill-facebook-opt-1-3b-chunk-256-sm-24,success,,,/mnt/data/dheeraj/dicertation/inference-profile/runs/revised-rerun-20260415-020401-g2-opt13b-c64-256/raw/points/prefill/prefill-facebook-opt-1-3b-chunk-256-sm-24.csv
facebook/opt-1.3b,256,attention,attention,24,3,58.36800113320351,118657024,119739392,1082368,1048576,1024,2026-04-15T01:05:04Z,baseline_nvml_pt,nvidia-smi,ok,3.0,2538.0,1695.0,7601.0,71.0,0.2006399929523468,117.16015625,117.16015625,4.0,True,,93.0,51.5,82.5,estimated,,prefill-facebook-opt-1-3b-chunk-256-sm-24,success,,,/mnt/data/dheeraj/dicertation/inference-profile/runs/revised-rerun-20260415-020401-g2-opt13b-c64-256/raw/points/prefill/prefill-facebook-opt-1-3b-chunk-256-sm-24.csv
facebook/opt-1.3b,256,gemm,q_proj,24,4,87.16800063848495,118657024,119705600,1048576,1048576,1024,2026-04-15T01:05:04Z,baseline_nvml_pt,nvidia-smi,ok,3.0,2538.0,1695.0,7601.0,71.0,0.2006399929523468,117.16015625,117.16015625,4.0,True,,93.0,51.5,82.5,estimated,,prefill-facebook-opt-1-3b-chunk-256-sm-24,success,,,/mnt/data/dheeraj/dicertation/inference-profile/runs/revised-rerun-20260415-020401-g2-opt13b-c64-256/raw/points/prefill/prefill-facebook-opt-1-3b-chunk-256-sm-24.csv
facebook/opt-1.3b,256,gemm,k_proj,24,4,83.96799862384796,118657024,119705600,1048576,1048576,1024,2026-04-15T01:05:04Z,baseline_nvml_pt,nvidia-smi,ok,3.0,2538.0,1695.0,7601.0,71.0,0.2006399929523468,117.16015625,117.16015625,4.0,True,,93.0,51.5,82.5,estimated,,prefill-facebook-opt-1-3b-chunk-256-sm-24,success,,,/mnt/data/dheeraj/dicertation/inference-profile/runs/revised-rerun-20260415-020401-g2-opt13b-c64-256/raw/points/prefill/prefill-facebook-opt-1-3b-chunk-256-sm-24.csv
facebook/opt-1.3b,256,gemm,v_proj,24,4,82.94399827718735,118657024,119705600,1048576,1048576,1024,2026-04-15T01:05:04Z,baseline_nvml_pt,nvidia-smi,ok,3.0,2538.0,1695.0,7601.0,71.0,0.2006399929523468,117.16015625,117.16015625,4.0,True,,93.0,51.5,82.5,estimated,,prefill-facebook-opt-1-3b-chunk-256-sm-24,success,,,/mnt/data/dheeraj/dicertation/inference-profile/runs/revised-rerun-20260415-020401-g2-opt13b-c64-256/raw/points/prefill/prefill-facebook-opt-1-3b-chunk-256-sm-24.csv
facebook/opt-1.3b,256,gemm,out_proj,24,4,92.12800115346909,118657024,119705600,1048576,1048576,1024,2026-04-15T01:05:04Z,baseline_nvml_pt,nvidia-smi,ok,3.0,2538.0,1695.0,7601.0,71.0,0.2006399929523468,117.16015625,117.16015625,4.0,True,,93.0,51.5,82.5,estimated,,prefill-facebook-opt-1-3b-chunk-256-sm-24,success,,,/mnt/data/dheeraj/dicertation/inference-profile/runs/revised-rerun-20260415-020401-g2-opt13b-c64-256/raw/points/prefill/prefill-facebook-opt-1-3b-chunk-256-sm-24.csv
facebook/opt-1.3b,256,gemm,fc1,24,4,133.12000036239624,118657024,122851328,4194304,4194304,1024,2026-04-15T01:05:04Z,baseline_nvml_pt,nvidia-smi,ok,3.0,2538.0,1695.0,7601.0,71.0,0.2006399929523468,117.16015625,117.16015625,4.0,True,,93.0,51.5,82.5,estimated,,prefill-facebook-opt-1-3b-chunk-256-sm-24,success,,,/mnt/data/dheeraj/dicertation/inference-profile/runs/revised-rerun-20260415-020401-g2-opt13b-c64-256/raw/points/prefill/prefill-facebook-opt-1-3b-chunk-256-sm-24.csv
facebook/opt-1.3b,256,gemm,fc2,24,4,172.2559928894043,118657024,119705600,1048576,1048576,1024,2026-04-15T01:05:04Z,baseline_nvml_pt,nvidia-smi,ok,3.0,2538.0,1695.0,7601.0,71.0,0.2006399929523468,117.16015625,117.16015625,4.0,True,,93.0,51.5,82.5,estimated,,prefill-facebook-opt-1-3b-chunk-256-sm-24,success,,,/mnt/data/dheeraj/dicertation/inference-profile/runs/revised-rerun-20260415-020401-g2-opt13b-c64-256/raw/points/prefill/prefill-facebook-opt-1-3b-chunk-256-sm-24.csv
facebook/opt-1.3b,256,attention,attention,24,4,59.39200147986412,118657024,119739392,1082368,1048576,1024,2026-04-15T01:05:04Z,baseline_nvml_pt,nvidia-smi,ok,3.0,2538.0,1695.0,7601.0,71.0,0.2006399929523468,117.16015625,117.16015625,4.0,True,,93.0,51.5,82.5,estimated,,prefill-facebook-opt-1-3b-chunk-256-sm-24,success,,,/mnt/data/dheeraj/dicertation/inference-profile/runs/revised-rerun-20260415-020401-g2-opt13b-c64-256/raw/points/prefill/prefill-facebook-opt-1-3b-chunk-256-sm-24.csv
facebook/opt-1.3b,256,gemm,q_proj,32,0,114.68800157308578,118657024,119705600,1048576,1048576,1024,2026-04-15T01:05:09Z,baseline_nvml_pt,nvidia-smi,ok,1.0,2538.0,1695.0,7601.0,70.98,0.1789119988679886,117.16015625,117.16015625,4.0,True,,100.0,46.0,89.99999999999999,estimated,,prefill-facebook-opt-1-3b-chunk-256-sm-32,success,,,/mnt/data/dheeraj/dicertation/inference-profile/runs/revised-rerun-20260415-020401-g2-opt13b-c64-256/raw/points/prefill/prefill-facebook-opt-1-3b-chunk-256-sm-32.csv
facebook/opt-1.3b,256,gemm,k_proj,32,0,93.18400174379349,118657024,119705600,1048576,1048576,1024,2026-04-15T01:05:09Z,baseline_nvml_pt,nvidia-smi,ok,1.0,2538.0,1695.0,7601.0,70.98,0.1789119988679886,117.16015625,117.16015625,4.0,True,,100.0,46.0,89.99999999999999,estimated,,prefill-facebook-opt-1-3b-chunk-256-sm-32,success,,,/mnt/data/dheeraj/dicertation/inference-profile/runs/revised-rerun-20260415-020401-g2-opt13b-c64-256/raw/points/prefill/prefill-facebook-opt-1-3b-chunk-256-sm-32.csv
facebook/opt-1.3b,256,gemm,v_proj,32,0,85.82399785518646,118657024,119705600,1048576,1048576,1024,2026-04-15T01:05:09Z,baseline_nvml_pt,nvidia-smi,ok,1.0,2538.0,1695.0,7601.0,70.98,0.1789119988679886,117.16015625,117.16015625,4.0,True,,100.0,46.0,89.99999999999999,estimated,,prefill-facebook-opt-1-3b-chunk-256-sm-32,success,,,/mnt/data/dheeraj/dicertation/inference-profile/runs/revised-rerun-20260415-020401-g2-opt13b-c64-256/raw/points/prefill/prefill-facebook-opt-1-3b-chunk-256-sm-32.csv
facebook/opt-1.3b,256,gemm,out_proj,32,0,84.99199897050858,118657024,119705600,1048576,1048576,1024,2026-04-15T01:05:09Z,baseline_nvml_pt,nvidia-smi,ok,1.0,2538.0,1695.0,7601.0,70.98,0.1789119988679886,117.16015625,117.16015625,4.0,True,,100.0,46.0,89.99999999999999,estimated,,prefill-facebook-opt-1-3b-chunk-256-sm-32,success,,,/mnt/data/dheeraj/dicertation/inference-profile/runs/revised-rerun-20260415-020401-g2-opt13b-c64-256/raw/points/prefill/prefill-facebook-opt-1-3b-chunk-256-sm-32.csv
facebook/opt-1.3b,256,gemm,fc1,32,0,142.33599603176117,118657024,122851328,4194304,4194304,1024,2026-04-15T01:05:09Z,baseline_nvml_pt,nvidia-smi,ok,1.0,2538.0,1695.0,7601.0,70.98,0.1789119988679886,117.16015625,117.16015625,4.0,True,,100.0,46.0,89.99999999999999,estimated,,prefill-facebook-opt-1-3b-chunk-256-sm-32,success,,,/mnt/data/dheeraj/dicertation/inference-profile/runs/revised-rerun-20260415-020401-g2-opt13b-c64-256/raw/points/prefill/prefill-facebook-opt-1-3b-chunk-256-sm-32.csv
facebook/opt-1.3b,256,gemm,fc2,32,0,175.1679927110672,118657024,119705600,1048576,1048576,1024,2026-04-15T01:05:09Z,baseline_nvml_pt,nvidia-smi,ok,1.0,2538.0,1695.0,7601.0,70.98,0.1789119988679886,117.16015625,117.16015625,4.0,True,,100.0,46.0,89.99999999999999,estimated,,prefill-facebook-opt-1-3b-chunk-256-sm-32,success,,,/mnt/data/dheeraj/dicertation/inference-profile/runs/revised-rerun-20260415-020401-g2-opt13b-c64-256/raw/points/prefill/prefill-facebook-opt-1-3b-chunk-256-sm-32.csv
facebook/opt-1.3b,256,attention,attention,32,0,59.39200147986412,118657024,119739392,1082368,1048576,1024,2026-04-15T01:05:09Z,baseline_nvml_pt,nvidia-smi,ok,1.0,2538.0,1695.0,7601.0,70.98,0.1789119988679886,117.16015625,117.16015625,4.0,True,,100.0,46.0,89.99999999999999,estimated,,prefill-facebook-opt-1-3b-chunk-256-sm-32,success,,,/mnt/data/dheeraj/dicertation/inference-profile/runs/revised-rerun-20260415-020401-g2-opt13b-c64-256/raw/points/prefill/prefill-facebook-opt-1-3b-chunk-256-sm-32.csv
facebook/opt-1.3b,256,gemm,q_proj,32,1,88.06400001049042,118657024,119705600,1048576,1048576,1024,2026-04-15T01:05:09Z,baseline_nvml_pt,nvidia-smi,ok,1.0,2538.0,1695.0,7601.0,70.98,0.1789119988679886,117.16015625,117.16015625,4.0,True,,100.0,46.0,89.99999999999999,estimated,,prefill-facebook-opt-1-3b-chunk-256-sm-32,success,,,/mnt/data/dheeraj/dicertation/inference-profile/runs/revised-rerun-20260415-020401-g2-opt13b-c64-256/raw/points/prefill/prefill-facebook-opt-1-3b-chunk-256-sm-32.csv
facebook/opt-1.3b,256,gemm,k_proj,32,1,85.85599809885025,118657024,119705600,1048576,1048576,1024,2026-04-15T01:05:09Z,baseline_nvml_pt,nvidia-smi,ok,1.0,2538.0,1695.0,7601.0,70.98,0.1789119988679886,117.16015625,117.16015625,4.0,True,,100.0,46.0,89.99999999999999,estimated,,prefill-facebook-opt-1-3b-chunk-256-sm-32,success,,,/mnt/data/dheeraj/dicertation/inference-profile/runs/revised-rerun-20260415-020401-g2-opt13b-c64-256/raw/points/prefill/prefill-facebook-opt-1-3b-chunk-256-sm-32.csv
facebook/opt-1.3b,256,gemm,v_proj,32,1,83.96799862384796,118657024,119705600,1048576,1048576,1024,2026-04-15T01:05:09Z,baseline_nvml_pt,nvidia-smi,ok,1.0,2538.0,1695.0,7601.0,70.98,0.1789119988679886,117.16015625,117.16015625,4.0,True,,100.0,46.0,89.99999999999999,estimated,,prefill-facebook-opt-1-3b-chunk-256-sm-32,success,,,/mnt/data/dheeraj/dicertation/inference-profile/runs/revised-rerun-20260415-020401-g2-opt13b-c64-256/raw/points/prefill/prefill-facebook-opt-1-3b-chunk-256-sm-32.csv
facebook/opt-1.3b,256,gemm,out_proj,32,1,82.94399827718735,118657024,119705600,1048576,1048576,1024,2026-04-15T01:05:09Z,baseline_nvml_pt,nvidia-smi,ok,1.0,2538.0,1695.0,7601.0,70.98,0.1789119988679886,117.16015625,117.16015625,4.0,True,,100.0,46.0,89.99999999999999,estimated,,prefill-facebook-opt-1-3b-chunk-256-sm-32,success,,,/mnt/data/dheeraj/dicertation/inference-profile/runs/revised-rerun-20260415-020401-g2-opt13b-c64-256/raw/points/prefill/prefill-facebook-opt-1-3b-chunk-256-sm-32.csv
facebook/opt-1.3b,256,gemm,fc1,32,1,133.85599851608276,118657024,122851328,4194304,4194304,1024,2026-04-15T01:05:09Z,baseline_nvml_pt,nvidia-smi,ok,1.0,2538.0,1695.0,7601.0,70.98,0.1789119988679886,117.16015625,117.16015625,4.0,True,,100.0,46.0,89.99999999999999,estimated,,prefill-facebook-opt-1-3b-chunk-256-sm-32,success,,,/mnt/data/dheeraj/dicertation/inference-profile/runs/revised-rerun-20260415-020401-g2-opt13b-c64-256/raw/points/prefill/prefill-facebook-opt-1-3b-chunk-256-sm-32.csv
facebook/opt-1.3b,256,gemm,fc2,32,1,175.9359985589981,118657024,119705600,1048576,1048576,1024,2026-04-15T01:05:09Z,baseline_nvml_pt,nvidia-smi,ok,1.0,2538.0,1695.0,7601.0,70.98,0.1789119988679886,117.16015625,117.16015625,4.0,True,,100.0,46.0,89.99999999999999,estimated,,prefill-facebook-opt-1-3b-chunk-256-sm-32,success,,,/mnt/data/dheeraj/dicertation/inference-profile/runs/revised-rerun-20260415-020401-g2-opt13b-c64-256/raw/points/prefill/prefill-facebook-opt-1-3b-chunk-256-sm-32.csv
facebook/opt-1.3b,256,attention,attention,32,1,54.336000233888626,118657024,119739392,1082368,1048576,1024,2026-04-15T01:05:09Z,baseline_nvml_pt,nvidia-smi,ok,1.0,2538.0,1695.0,7601.0,70.98,0.1789119988679886,117.16015625,117.16015625,4.0,True,,100.0,46.0,89.99999999999999,estimated,,prefill-facebook-opt-1-3b-chunk-256-sm-32,success,,,/mnt/data/dheeraj/dicertation/inference-profile/runs/revised-rerun-20260415-020401-g2-opt13b-c64-256/raw/points/prefill/prefill-facebook-opt-1-3b-chunk-256-sm-32.csv
facebook/opt-1.3b,256,gemm,q_proj,32,2,87.0399996638298,118657024,119705600,1048576,1048576,1024,2026-04-15T01:05:09Z,baseline_nvml_pt,nvidia-smi,ok,1.0,2538.0,1695.0,7601.0,70.98,0.1789119988679886,117.16015625,117.16015625,4.0,True,,100.0,46.0,89.99999999999999,estimated,,prefill-facebook-opt-1-3b-chunk-256-sm-32,success,,,/mnt/data/dheeraj/dicertation/inference-profile/runs/revised-rerun-20260415-020401-g2-opt13b-c64-256/raw/points/prefill/prefill-facebook-opt-1-3b-chunk-256-sm-32.csv
facebook/opt-1.3b,256,gemm,k_proj,32,2,89.08800035715103,118657024,119705600,1048576,1048576,1024,2026-04-15T01:05:09Z,baseline_nvml_pt,nvidia-smi,ok,1.0,2538.0,1695.0,7601.0,70.98,0.1789119988679886,117.16015625,117.16015625,4.0,True,,100.0,46.0,89.99999999999999,estimated,,prefill-facebook-opt-1-3b-chunk-256-sm-32,success,,,/mnt/data/dheeraj/dicertation/inference-profile/runs/revised-rerun-20260415-020401-g2-opt13b-c64-256/raw/points/prefill/prefill-facebook-opt-1-3b-chunk-256-sm-32.csv
facebook/opt-1.3b,256,gemm,v_proj,32,2,82.11199939250946,118657024,119705600,1048576,1048576,1024,2026-04-15T01:05:09Z,baseline_nvml_pt,nvidia-smi,ok,1.0,2538.0,1695.0,7601.0,70.98,0.1789119988679886,117.16015625,117.16015625,4.0,True,,100.0,46.0,89.99999999999999,estimated,,prefill-facebook-opt-1-3b-chunk-256-sm-32,success,,,/mnt/data/dheeraj/dicertation/inference-profile/runs/revised-rerun-20260415-020401-g2-opt13b-c64-256/raw/points/prefill/prefill-facebook-opt-1-3b-chunk-256-sm-32.csv
facebook/opt-1.3b,256,gemm,out_proj,32,2,82.94399827718735,118657024,119705600,1048576,1048576,1024,2026-04-15T01:05:09Z,baseline_nvml_pt,nvidia-smi,ok,1.0,2538.0,1695.0,7601.0,70.98,0.1789119988679886,117.16015625,117.16015625,4.0,True,,100.0,46.0,89.99999999999999,estimated,,prefill-facebook-opt-1-3b-chunk-256-sm-32,success,,,/mnt/data/dheeraj/dicertation/inference-profile/runs/revised-rerun-20260415-020401-g2-opt13b-c64-256/raw/points/prefill/prefill-facebook-opt-1-3b-chunk-256-sm-32.csv
facebook/opt-1.3b,256,gemm,fc1,32,2,135.16800105571747,118657024,122851328,4194304,4194304,1024,2026-04-15T01:05:09Z,baseline_nvml_pt,nvidia-smi,ok,1.0,2538.0,1695.0,7601.0,70.98,0.1789119988679886,117.16015625,117.16015625,4.0,True,,100.0,46.0,89.99999999999999,estimated,,prefill-facebook-opt-1-3b-chunk-256-sm-32,success,,,/mnt/data/dheeraj/dicertation/inference-profile/runs/revised-rerun-20260415-020401-g2-opt13b-c64-256/raw/points/prefill/prefill-facebook-opt-1-3b-chunk-256-sm-32.csv
facebook/opt-1.3b,256,gemm,fc2,32,2,172.03199863433838,118657024,119705600,1048576,1048576,1024,2026-04-15T01:05:09Z,baseline_nvml_pt,nvidia-smi,ok,1.0,2538.0,1695.0,7601.0,70.98,0.1789119988679886,117.16015625,117.16015625,4.0,True,,100.0,46.0,89.99999999999999,estimated,,prefill-facebook-opt-1-3b-chunk-256-sm-32,success,,,/mnt/data/dheeraj/dicertation/inference-profile/runs/revised-rerun-20260415-020401-g2-opt13b-c64-256/raw/points/prefill/prefill-facebook-opt-1-3b-chunk-256-sm-32.csv
facebook/opt-1.3b,256,attention,attention,32,2,56.48000165820122,118657024,119739392,1082368,1048576,1024,2026-04-15T01:05:09Z,baseline_nvml_pt,nvidia-smi,ok,1.0,2538.0,1695.0,7601.0,70.98,0.1789119988679886,117.16015625,117.16015625,4.0,True,,100.0,46.0,89.99999999999999,estimated,,prefill-facebook-opt-1-3b-chunk-256-sm-32,success,,,/mnt/data/dheeraj/dicertation/inference-profile/runs/revised-rerun-20260415-020401-g2-opt13b-c64-256/raw/points/prefill/prefill-facebook-opt-1-3b-chunk-256-sm-32.csv
facebook/opt-1.3b,256,gemm,q_proj,32,3,86.01599931716919,118657024,119705600,1048576,1048576,1024,2026-04-15T01:05:09Z,baseline_nvml_pt,nvidia-smi,ok,1.0,2538.0,1695.0,7601.0,70.98,0.1789119988679886,117.16015625,117.16015625,4.0,True,,100.0,46.0,89.99999999999999,estimated,,prefill-facebook-opt-1-3b-chunk-256-sm-32,success,,,/mnt/data/dheeraj/dicertation/inference-profile/runs/revised-rerun-20260415-020401-g2-opt13b-c64-256/raw/points/prefill/prefill-facebook-opt-1-3b-chunk-256-sm-32.csv
facebook/opt-1.3b,256,gemm,k_proj,32,3,83.96799862384796,118657024,119705600,1048576,1048576,1024,2026-04-15T01:05:09Z,baseline_nvml_pt,nvidia-smi,ok,1.0,2538.0,1695.0,7601.0,70.98,0.1789119988679886,117.16015625,117.16015625,4.0,True,,100.0,46.0,89.99999999999999,estimated,,prefill-facebook-opt-1-3b-chunk-256-sm-32,success,,,/mnt/data/dheeraj/dicertation/inference-profile/runs/revised-rerun-20260415-020401-g2-opt13b-c64-256/raw/points/prefill/prefill-facebook-opt-1-3b-chunk-256-sm-32.csv
facebook/opt-1.3b,256,gemm,v_proj,32,3,81.79199695587158,118657024,119705600,1048576,1048576,1024,2026-04-15T01:05:09Z,baseline_nvml_pt,nvidia-smi,ok,1.0,2538.0,1695.0,7601.0,70.98,0.1789119988679886,117.16015625,117.16015625,4.0,True,,100.0,46.0,89.99999999999999,estimated,,prefill-facebook-opt-1-3b-chunk-256-sm-32,success,,,/mnt/data/dheeraj/dicertation/inference-profile/runs/revised-rerun-20260415-020401-g2-opt13b-c64-256/raw/points/prefill/prefill-facebook-opt-1-3b-chunk-256-sm-32.csv
facebook/opt-1.3b,256,gemm,out_proj,32,3,84.86399799585342,118657024,119705600,1048576,1048576,1024,2026-04-15T01:05:09Z,baseline_nvml_pt,nvidia-smi,ok,1.0,2538.0,1695.0,7601.0,70.98,0.1789119988679886,117.16015625,117.16015625,4.0,True,,100.0,46.0,89.99999999999999,estimated,,prefill-facebook-opt-1-3b-chunk-256-sm-32,success,,,/mnt/data/dheeraj/dicertation/inference-profile/runs/revised-rerun-20260415-020401-g2-opt13b-c64-256/raw/points/prefill/prefill-facebook-opt-1-3b-chunk-256-sm-32.csv
facebook/opt-1.3b,256,gemm,fc1,32,3,133.12000036239624,118657024,122851328,4194304,4194304,1024,2026-04-15T01:05:09Z,baseline_nvml_pt,nvidia-smi,ok,1.0,2538.0,1695.0,7601.0,70.98,0.1789119988679886,117.16015625,117.16015625,4.0,True,,100.0,46.0,89.99999999999999,estimated,,prefill-facebook-opt-1-3b-chunk-256-sm-32,success,,,/mnt/data/dheeraj/dicertation/inference-profile/runs/revised-rerun-20260415-020401-g2-opt13b-c64-256/raw/points/prefill/prefill-facebook-opt-1-3b-chunk-256-sm-32.csv
facebook/opt-1.3b,256,gemm,fc2,32,3,171.77599668502808,118657024,119705600,1048576,1048576,1024,2026-04-15T01:05:09Z,baseline_nvml_pt,nvidia-smi,ok,1.0,2538.0,1695.0,7601.0,70.98,0.1789119988679886,117.16015625,117.16015625,4.0,True,,100.0,46.0,89.99999999999999,estimated,,prefill-facebook-opt-1-3b-chunk-256-sm-32,success,,,/mnt/data/dheeraj/dicertation/inference-profile/runs/revised-rerun-20260415-020401-g2-opt13b-c64-256/raw/points/prefill/prefill-facebook-opt-1-3b-chunk-256-sm-32.csv
facebook/opt-1.3b,256,attention,attention,32,3,55.296000093221664,118657024,119739392,1082368,1048576,1024,2026-04-15T01:05:09Z,baseline_nvml_pt,nvidia-smi,ok,1.0,2538.0,1695.0,7601.0,70.98,0.1789119988679886,117.16015625,117.16015625,4.0,True,,100.0,46.0,89.99999999999999,estimated,,prefill-facebook-opt-1-3b-chunk-256-sm-32,success,,,/mnt/data/dheeraj/dicertation/inference-profile/runs/revised-rerun-20260415-020401-g2-opt13b-c64-256/raw/points/prefill/prefill-facebook-opt-1-3b-chunk-256-sm-32.csv
facebook/opt-1.3b,256,gemm,q_proj,32,4,83.96799862384796,118657024,119705600,1048576,1048576,1024,2026-04-15T01:05:09Z,baseline_nvml_pt,nvidia-smi,ok,1.0,2538.0,1695.0,7601.0,70.98,0.1789119988679886,117.16015625,117.16015625,4.0,True,,100.0,46.0,89.99999999999999,estimated,,prefill-facebook-opt-1-3b-chunk-256-sm-32,success,,,/mnt/data/dheeraj/dicertation/inference-profile/runs/revised-rerun-20260415-020401-g2-opt13b-c64-256/raw/points/prefill/prefill-facebook-opt-1-3b-chunk-256-sm-32.csv
facebook/opt-1.3b,256,gemm,k_proj,32,4,80.89599758386612,118657024,119705600,1048576,1048576,1024,2026-04-15T01:05:09Z,baseline_nvml_pt,nvidia-smi,ok,1.0,2538.0,1695.0,7601.0,70.98,0.1789119988679886,117.16015625,117.16015625,4.0,True,,100.0,46.0,89.99999999999999,estimated,,prefill-facebook-opt-1-3b-chunk-256-sm-32,success,,,/mnt/data/dheeraj/dicertation/inference-profile/runs/revised-rerun-20260415-020401-g2-opt13b-c64-256/raw/points/prefill/prefill-facebook-opt-1-3b-chunk-256-sm-32.csv
facebook/opt-1.3b,256,gemm,v_proj,32,4,82.78399705886841,118657024,119705600,1048576,1048576,1024,2026-04-15T01:05:09Z,baseline_nvml_pt,nvidia-smi,ok,1.0,2538.0,1695.0,7601.0,70.98,0.1789119988679886,117.16015625,117.16015625,4.0,True,,100.0,46.0,89.99999999999999,estimated,,prefill-facebook-opt-1-3b-chunk-256-sm-32,success,,,/mnt/data/dheeraj/dicertation/inference-profile/runs/revised-rerun-20260415-020401-g2-opt13b-c64-256/raw/points/prefill/prefill-facebook-opt-1-3b-chunk-256-sm-32.csv
facebook/opt-1.3b,256,gemm,out_proj,32,4,80.89599758386612,118657024,119705600,1048576,1048576,1024,2026-04-15T01:05:09Z,baseline_nvml_pt,nvidia-smi,ok,1.0,2538.0,1695.0,7601.0,70.98,0.1789119988679886,117.16015625,117.16015625,4.0,True,,100.0,46.0,89.99999999999999,estimated,,prefill-facebook-opt-1-3b-chunk-256-sm-32,success,,,/mnt/data/dheeraj/dicertation/inference-profile/runs/revised-rerun-20260415-020401-g2-opt13b-c64-256/raw/points/prefill/prefill-facebook-opt-1-3b-chunk-256-sm-32.csv
facebook/opt-1.3b,256,gemm,fc1,32,4,131.84000551700592,118657024,122851328,4194304,4194304,1024,2026-04-15T01:05:09Z,baseline_nvml_pt,nvidia-smi,ok,1.0,2538.0,1695.0,7601.0,70.98,0.1789119988679886,117.16015625,117.16015625,4.0,True,,100.0,46.0,89.99999999999999,estimated,,prefill-facebook-opt-1-3b-chunk-256-sm-32,success,,,/mnt/data/dheeraj/dicertation/inference-profile/runs/revised-rerun-20260415-020401-g2-opt13b-c64-256/raw/points/prefill/prefill-facebook-opt-1-3b-chunk-256-sm-32.csv
facebook/opt-1.3b,256,gemm,fc2,32,4,178.9119988679886,118657024,119705600,1048576,1048576,1024,2026-04-15T01:05:09Z,baseline_nvml_pt,nvidia-smi,ok,1.0,2538.0,1695.0,7601.0,70.98,0.1789119988679886,117.16015625,117.16015625,4.0,True,,100.0,46.0,89.99999999999999,estimated,,prefill-facebook-opt-1-3b-chunk-256-sm-32,success,,,/mnt/data/dheeraj/dicertation/inference-profile/runs/revised-rerun-20260415-020401-g2-opt13b-c64-256/raw/points/prefill/prefill-facebook-opt-1-3b-chunk-256-sm-32.csv
facebook/opt-1.3b,256,attention,attention,32,4,54.27199974656105,118657024,119739392,1082368,1048576,1024,2026-04-15T01:05:09Z,baseline_nvml_pt,nvidia-smi,ok,1.0,2538.0,1695.0,7601.0,70.98,0.1789119988679886,117.16015625,117.16015625,4.0,True,,100.0,46.0,89.99999999999999,estimated,,prefill-facebook-opt-1-3b-chunk-256-sm-32,success,,,/mnt/data/dheeraj/dicertation/inference-profile/runs/revised-rerun-20260415-020401-g2-opt13b-c64-256/raw/points/prefill/prefill-facebook-opt-1-3b-chunk-256-sm-32.csv
